Kód ADM;Kód obce;Název obce;Kód MOMC;Název MOMC;Kód obvodu Prahy;Název obvodu Prahy;Kód èásti obce;Název èásti obce;Kód ulice;Název ulice;Typ SO;Èíslo domovní;Èíslo orientaèní;Znak èísla orientaèního;PSÈ;Souøadnice Y;Souøadnice X;Platí Od
8364672;500291;Vøesina;;;;;186686;Vøesina;315541;Malá strana;è.p.;2;;;74285;482207.89;1102173.73;2013-12-28T00:00:00
8364681;500291;Vøesina;;;;;186686;Vøesina;315541;Malá strana;è.p.;3;;;74285;482198.42;1102127.97;2013-12-28T00:00:00
8364699;500291;Vøesina;;;;;186686;Vøesina;315541;Malá strana;è.p.;4;;;74285;482186.17;1102111.42;2013-12-28T00:00:00
8364702;500291;Vøesina;;;;;186686;Vøesina;315541;Malá strana;è.p.;5;;;74285;482170.49;1102095.10;2013-12-28T00:00:00
8364711;500291;Vøesina;;;;;186686;Vøesina;315541;Malá strana;è.p.;6;;;74285;482166.28;1102072.66;2013-12-28T00:00:00
8364729;500291;Vøesina;;;;;186686;Vøesina;315541;Malá strana;è.p.;7;;;74285;482152.13;1102053.28;2013-12-28T00:00:00
8364737;500291;Vøesina;;;;;186686;Vøesina;315788;Selská;è.p.;8;;;74285;482216.77;1101976.86;2013-12-28T00:00:00
8364745;500291;Vøesina;;;;;186686;Vøesina;315541;Malá strana;è.p.;9;;;74285;482148.45;1102002.17;2013-12-28T00:00:00
8364753;500291;Vøesina;;;;;186686;Vøesina;315605;Nad Opustou;è.p.;10;;;74285;482538.05;1101236.78;2014-02-05T00:00:00
8364761;500291;Vøesina;;;;;186686;Vøesina;315621;Na kopeèku;è.p.;11;;;74285;482273.87;1102284.12;2013-12-28T00:00:00
8364770;500291;Vøesina;;;;;186686;Vøesina;315541;Malá strana;è.p.;12;;;74285;482107.76;1101918.01;2013-12-28T00:00:00
8364788;500291;Vøesina;;;;;186686;Vøesina;315541;Malá strana;è.p.;13;;;74285;482103.88;1101893.30;2013-12-28T00:00:00
8364796;500291;Vøesina;;;;;186686;Vøesina;315958;Ve Dvoøe;è.p.;14;;;74285;482062.01;1101853.90;2014-02-05T00:00:00
8364800;500291;Vøesina;;;;;186686;Vøesina;315681;Osvobození;è.p.;15;;;74285;481879.27;1101794.32;2014-02-05T00:00:00
8364818;500291;Vøesina;;;;;186686;Vøesina;315681;Osvobození;è.p.;16;;;74285;481922.14;1101769.19;2014-02-05T00:00:00
8364826;500291;Vøesina;;;;;186686;Vøesina;315681;Osvobození;è.p.;17;;;74285;481867.01;1101692.54;2014-02-05T00:00:00
8364834;500291;Vøesina;;;;;186686;Vøesina;315681;Osvobození;è.p.;19;;;74285;481871.88;1101758.75;2014-02-05T00:00:00
8364842;500291;Vøesina;;;;;186686;Vøesina;315702;Plzeòská;è.p.;20;;;74285;482055.52;1100902.64;2014-02-05T00:00:00
8364851;500291;Vøesina;;;;;186686;Vøesina;315559;Mešnická;è.p.;21;;;74285;481902.93;1101836.09;2014-02-05T00:00:00
8364869;500291;Vøesina;;;;;186686;Vøesina;315559;Mešnická;è.p.;22;;;74285;481859.76;1101916.94;2013-12-28T00:00:00
8364877;500291;Vøesina;;;;;186686;Vøesina;315893;U kaple;è.p.;23;;;74285;481891.67;1101895.07;2013-12-28T00:00:00
8364885;500291;Vøesina;;;;;186686;Vøesina;315435;Hlavní;è.p.;24;;;74285;481987.21;1101889.61;2013-12-28T00:00:00
8364893;500291;Vøesina;;;;;186686;Vøesina;315893;U kaple;è.p.;25;;;74285;481918.18;1101923.01;2013-12-28T00:00:00
8364907;500291;Vøesina;;;;;186686;Vøesina;315435;Hlavní;è.p.;26;;;74285;481991.49;1101934.72;2013-12-28T00:00:00
8364915;500291;Vøesina;;;;;186686;Vøesina;315435;Hlavní;è.p.;27;;;74285;481985.98;1101966.15;2013-12-28T00:00:00
8364923;500291;Vøesina;;;;;186686;Vøesina;315435;Hlavní;è.p.;28;;;74285;481936.51;1101962.59;2013-12-28T00:00:00
8364931;500291;Vøesina;;;;;186686;Vøesina;315435;Hlavní;è.p.;29;;;74285;481947.24;1101980.92;2013-12-28T00:00:00
8364940;500291;Vøesina;;;;;186686;Vøesina;315435;Hlavní;è.p.;30;;;74285;481939.36;1102003.88;2013-12-28T00:00:00
8364958;500291;Vøesina;;;;;186686;Vøesina;315435;Hlavní;è.p.;31;;;74285;481994.31;1102014.34;2013-12-28T00:00:00
8364966;500291;Vøesina;;;;;186686;Vøesina;315435;Hlavní;è.p.;32;;;74285;482033.11;1102009.75;2013-12-28T00:00:00
8364974;500291;Vøesina;;;;;186686;Vøesina;315435;Hlavní;è.p.;33;;;74285;482007.01;1102033.44;2013-12-28T00:00:00
8364982;500291;Vøesina;;;;;186686;Vøesina;315435;Hlavní;è.p.;34;;;74285;481964.82;1102041.27;2013-12-28T00:00:00
8364991;500291;Vøesina;;;;;186686;Vøesina;315435;Hlavní;è.p.;35;;;74285;482017.98;1102057.35;2013-12-28T00:00:00
8365008;500291;Vøesina;;;;;186686;Vøesina;315958;Ve Dvoøe;è.p.;36;;;74285;482071.34;1101830.06;2014-02-05T00:00:00
8365016;500291;Vøesina;;;;;186686;Vøesina;315991;Záhumení;è.p.;37;;;74285;481889.81;1102113.25;2013-12-28T00:00:00
8365024;500291;Vøesina;;;;;186686;Vøesina;315435;Hlavní;è.p.;38;;;74285;481982.93;1102083.47;2013-12-28T00:00:00
8365032;500291;Vøesina;;;;;186686;Vøesina;315435;Hlavní;è.p.;39;;;74285;481991.50;1102108.66;2013-12-28T00:00:00
8365041;500291;Vøesina;;;;;186686;Vøesina;315435;Hlavní;è.p.;40;;;74285;482021.23;1102124.98;2013-12-28T00:00:00
8365059;500291;Vøesina;;;;;186686;Vøesina;315435;Hlavní;è.p.;41;;;74285;482023.59;1102148.24;2013-12-28T00:00:00
8365067;500291;Vøesina;;;;;186686;Vøesina;315435;Hlavní;è.p.;42;;;74285;482090.53;1102171.36;2013-12-28T00:00:00
8365075;500291;Vøesina;;;;;186686;Vøesina;315435;Hlavní;è.p.;43;;;74285;482021.46;1102201.41;2013-12-28T00:00:00
8365083;500291;Vøesina;;;;;186686;Vøesina;315435;Hlavní;è.p.;44;;;74285;482064.19;1102203.60;2013-12-28T00:00:00
8365091;500291;Vøesina;;;;;186686;Vøesina;315435;Hlavní;è.p.;45;;;74285;482109.44;1102201.68;2013-12-28T00:00:00
8365105;500291;Vøesina;;;;;186686;Vøesina;315435;Hlavní;è.p.;46;;;74285;482081.00;1102232.64;2013-12-28T00:00:00
8365113;500291;Vøesina;;;;;186686;Vøesina;315419;Dùlní;è.p.;47;;;74285;482148.06;1102224.81;2013-12-28T00:00:00
8365130;500291;Vøesina;;;;;186686;Vøesina;315435;Hlavní;è.p.;49;;;74285;482114.03;1102256.39;2013-12-28T00:00:00
8365148;500291;Vøesina;;;;;186686;Vøesina;315435;Hlavní;è.p.;50;;;74285;482282.06;1102404.88;2013-12-28T00:00:00
8365156;500291;Vøesina;;;;;186686;Vøesina;315893;U kaple;è.p.;51;;;74285;481966.74;1101937.46;2013-12-28T00:00:00
8365164;500291;Vøesina;;;;;186686;Vøesina;315541;Malá strana;è.p.;52;;;74285;482177.70;1102186.41;2013-12-28T00:00:00
8365172;500291;Vøesina;;;;;186686;Vøesina;315541;Malá strana;è.p.;53;;;74285;482271.47;1102352.01;2013-12-28T00:00:00
8365181;500291;Vøesina;;;;;186686;Vøesina;315435;Hlavní;è.p.;54;;;74285;481981.41;1102000.84;2013-12-28T00:00:00
8365199;500291;Vøesina;;;;;186686;Vøesina;315435;Hlavní;è.p.;55;;;74285;482300.00;1102420.57;2013-12-28T00:00:00
8365202;500291;Vøesina;;;;;186686;Vøesina;315435;Hlavní;è.p.;56;;;74285;482136.84;1102236.80;2013-12-28T00:00:00
8365211;500291;Vøesina;;;;;186686;Vøesina;315621;Na kopeèku;è.p.;57;;;74285;482259.43;1102266.87;2013-12-28T00:00:00
8365229;500291;Vøesina;;;;;186686;Vøesina;315605;Nad Opustou;è.p.;58;;;74285;482372.27;1101301.81;2014-02-05T00:00:00
8365237;500291;Vøesina;;;;;186686;Vøesina;315893;U kaple;è.p.;59;;;74285;481959.10;1101894.09;2013-12-28T00:00:00
8365245;500291;Vøesina;;;;;186686;Vøesina;315559;Mešnická;è.p.;60;;;74285;481769.89;1101955.81;2014-02-05T00:00:00
8365253;500291;Vøesina;;;;;186686;Vøesina;315559;Mešnická;è.p.;61;;;74285;481752.02;1101968.26;2014-02-05T00:00:00
8365261;500291;Vøesina;;;;;186686;Vøesina;315681;Osvobození;è.p.;62;;;74285;481870.37;1101711.91;2014-02-05T00:00:00
8365270;500291;Vøesina;;;;;186686;Vøesina;315559;Mešnická;è.p.;63;;;74285;481734.48;1101985.31;2014-02-05T00:00:00
8365288;500291;Vøesina;;;;;186686;Vøesina;315559;Mešnická;è.p.;64;;;74285;481805.21;1101931.21;2014-02-05T00:00:00
8365296;500291;Vøesina;;;;;186686;Vøesina;315435;Hlavní;è.p.;65;;;74285;482044.28;1102162.29;2013-12-28T00:00:00
8365300;500291;Vøesina;;;;;186686;Vøesina;315826;Spoleèná;è.p.;66;;;74285;482320.52;1103697.57;2013-12-28T00:00:00
8365318;500291;Vøesina;;;;;186686;Vøesina;315435;Hlavní;è.p.;67;;;74285;482079.44;1102155.58;2013-12-28T00:00:00
8365326;500291;Vøesina;;;;;186686;Vøesina;315826;Spoleèná;è.p.;68;;;74285;482286.12;1103702.90;2013-12-28T00:00:00
8365334;500291;Vøesina;;;;;186686;Vøesina;315842;Strmá;è.p.;69;;;74285;482020.36;1101008.49;2014-02-05T00:00:00
8365342;500291;Vøesina;;;;;186686;Vøesina;315541;Malá strana;è.p.;70;;;74285;482095.90;1102006.34;2013-12-28T00:00:00
8365351;500291;Vøesina;;;;;186686;Vøesina;315541;Malá strana;è.p.;71;;;74285;482200.77;1102231.08;2013-12-28T00:00:00
8365369;500291;Vøesina;;;;;186686;Vøesina;315435;Hlavní;è.p.;72;;;74285;481977.85;1102064.46;2013-12-28T00:00:00
8365377;500291;Vøesina;;;;;186686;Vøesina;315541;Malá strana;è.p.;73;;;74285;482340.79;1102398.92;2013-12-28T00:00:00
8365385;500291;Vøesina;;;;;186686;Vøesina;315788;Selská;è.p.;74;;;74285;482267.04;1102113.65;2013-12-28T00:00:00
8365393;500291;Vøesina;;;;;186686;Vøesina;315435;Hlavní;è.p.;75;;;74285;482023.90;1102071.33;2013-12-28T00:00:00
8365407;500291;Vøesina;;;;;186686;Vøesina;315605;Nad Opustou;è.p.;76;;;74285;482443.72;1101289.34;2014-02-05T00:00:00
8365415;500291;Vøesina;;;;;186686;Vøesina;315559;Mešnická;è.p.;77;;;74285;481696.10;1102001.37;2014-02-05T00:00:00
8365423;500291;Vøesina;;;;;186686;Vøesina;315451;Hradèanská;è.p.;78;;;74285;481834.06;1102095.42;2013-12-28T00:00:00
8365431;500291;Vøesina;;;;;186686;Vøesina;315630;Na potùèku;è.p.;79;;;74285;482031.48;1101970.50;2013-12-28T00:00:00
8365440;500291;Vøesina;;;;;186686;Vøesina;315974;Zahrádkáøská;è.p.;80;;;74285;481957.41;1101851.13;2014-02-05T00:00:00
8365458;500291;Vøesina;;;;;186686;Vøesina;315559;Mešnická;è.p.;81;;;74285;481609.15;1102070.20;2014-02-05T00:00:00
8365466;500291;Vøesina;;;;;186686;Vøesina;315788;Selská;è.p.;82;;;74285;482164.95;1101845.03;2013-12-28T00:00:00
8365474;500291;Vøesina;;;;;186686;Vøesina;315826;Spoleèná;è.p.;83;;;74285;482266.47;1103708.58;2013-12-28T00:00:00
8365482;500291;Vøesina;;;;;186686;Vøesina;315559;Mešnická;è.p.;84;;;74285;481631.81;1102023.47;2014-02-05T00:00:00
8365491;500291;Vøesina;;;;;186686;Vøesina;315435;Hlavní;è.p.;85;;;74285;482161.92;1102297.68;2013-12-28T00:00:00
8365504;500291;Vøesina;;;;;186686;Vøesina;315541;Malá strana;è.p.;86;;;74285;482112.65;1102060.24;2013-12-28T00:00:00
8365512;500291;Vøesina;;;;;186686;Vøesina;315541;Malá strana;è.p.;87;;;74285;482152.25;1102026.25;2013-12-28T00:00:00
8365521;500291;Vøesina;;;;;186686;Vøesina;315494;Klimkovická;è.p.;88;;;74285;482283.87;1102613.30;2013-12-28T00:00:00
8365539;500291;Vøesina;;;;;186686;Vøesina;315991;Záhumení;è.p.;89;;;74285;482275.14;1102606.29;2013-12-28T00:00:00
8365547;500291;Vøesina;;;;;186686;Vøesina;315826;Spoleèná;è.p.;90;;;74285;481976.08;1103705.72;2014-02-22T00:00:00
8365555;500291;Vøesina;;;;;186686;Vøesina;315991;Záhumení;è.p.;91;;;74285;481815.03;1101962.08;2013-12-28T00:00:00
8365563;500291;Vøesina;;;;;186686;Vøesina;315991;Záhumení;è.p.;92;;;74285;481869.89;1102154.95;2013-12-28T00:00:00
8365571;500291;Vøesina;;;;;186686;Vøesina;315559;Mešnická;è.p.;93;;;74285;481705.93;1102001.40;2014-02-05T00:00:00
8365580;500291;Vøesina;;;;;186686;Vøesina;315681;Osvobození;è.p.;94;;;74285;481819.73;1101700.69;2014-02-05T00:00:00
8365598;500291;Vøesina;;;;;186686;Vøesina;315648;Na staré cestì;è.p.;95;;;74285;482335.59;1103516.58;2013-12-28T00:00:00
8365601;500291;Vøesina;;;;;186686;Vøesina;315541;Malá strana;è.p.;97;;;74285;482265.41;1102337.95;2013-12-28T00:00:00
8365610;500291;Vøesina;;;;;186686;Vøesina;315559;Mešnická;è.p.;98;;;74285;481713.75;1101996.13;2014-02-05T00:00:00
8365628;500291;Vøesina;;;;;186686;Vøesina;315541;Malá strana;è.p.;99;;;74285;482237.23;1102236.50;2013-12-28T00:00:00
8365636;500291;Vøesina;;;;;186686;Vøesina;315648;Na staré cestì;è.p.;100;;;74285;482361.80;1103605.62;2013-12-28T00:00:00
8365644;500291;Vøesina;;;;;186686;Vøesina;315451;Hradèanská;è.p.;101;;;74285;481774.13;1101993.53;2013-12-28T00:00:00
8365652;500291;Vøesina;;;;;186686;Vøesina;315443;Hluboèická;è.p.;102;;;74285;482089.69;1100671.70;2014-02-05T00:00:00
8365661;500291;Vøesina;;;;;186686;Vøesina;315788;Selská;è.p.;103;;;74285;482246.49;1102075.51;2013-12-28T00:00:00
8365679;500291;Vøesina;;;;;186686;Vøesina;315541;Malá strana;è.p.;104;;;74285;482171.38;1102112.05;2013-12-28T00:00:00
8365687;500291;Vøesina;;;;;186686;Vøesina;315605;Nad Opustou;è.p.;105;;;74285;482431.07;1101264.91;2014-02-05T00:00:00
8365695;500291;Vøesina;;;;;186686;Vøesina;315931;U parku;è.p.;106;;;74285;482194.17;1101978.21;2013-12-28T00:00:00
8365709;500291;Vøesina;;;;;186686;Vøesina;315931;U parku;è.p.;107;;;74285;482196.38;1101941.24;2013-12-28T00:00:00
8365717;500291;Vøesina;;;;;186686;Vøesina;315885;Úzká;è.p.;109;;;74285;482114.88;1101935.60;2013-12-28T00:00:00
8365733;500291;Vøesina;;;;;186686;Vøesina;315681;Osvobození;è.p.;111;;;74285;481885.91;1101722.81;2014-02-05T00:00:00
8365741;500291;Vøesina;;;;;186686;Vøesina;315559;Mešnická;è.p.;112;;;74285;481826.62;1101906.65;2014-02-05T00:00:00
8365750;500291;Vøesina;;;;;186686;Vøesina;315559;Mešnická;è.p.;113;;;74285;481795.87;1101942.18;2014-02-05T00:00:00
8365768;500291;Vøesina;;;;;186686;Vøesina;315559;Mešnická;è.p.;114;;;74285;481886.24;1101932.70;2013-12-28T00:00:00
8365776;500291;Vøesina;;;;;186686;Vøesina;315974;Zahrádkáøská;è.p.;115;;;74285;481972.58;1101853.26;2014-02-05T00:00:00
8365784;500291;Vøesina;;;;;186686;Vøesina;315575;Msgr. Tomáška;è.p.;116;;;74285;482474.09;1101458.48;2014-02-05T00:00:00
8365792;500291;Vøesina;;;;;186686;Vøesina;315991;Záhumení;è.p.;118;;;74285;481868.69;1102032.44;2013-12-28T00:00:00
8365806;500291;Vøesina;;;;;186686;Vøesina;315435;Hlavní;è.p.;119;;;74285;481959.30;1102010.24;2013-12-28T00:00:00
8365814;500291;Vøesina;;;;;186686;Vøesina;315991;Záhumení;è.p.;120;;;74285;481866.60;1102087.10;2013-12-28T00:00:00
8365822;500291;Vøesina;;;;;186686;Vøesina;315702;Plzeòská;è.p.;121;;;74285;482038.47;1100911.99;2014-02-05T00:00:00
8365831;500291;Vøesina;;;;;186686;Vøesina;315991;Záhumení;è.p.;122;;;74285;481935.00;1102180.93;2013-12-28T00:00:00
8365849;500291;Vøesina;;;;;186686;Vøesina;315435;Hlavní;è.p.;124;;;74285;482055.30;1102180.06;2013-12-28T00:00:00
8365857;500291;Vøesina;;;;;186686;Vøesina;315443;Hluboèická;è.p.;125;;;74285;482015.64;1100698.05;2014-02-05T00:00:00
8365865;500291;Vøesina;;;;;186686;Vøesina;315818;Sosnová;è.p.;126;;;74285;482054.71;1100939.66;2014-02-05T00:00:00
8365873;500291;Vøesina;;;;;186686;Vøesina;315435;Hlavní;è.p.;127;;;74285;482045.31;1102251.58;2013-12-28T00:00:00
8365881;500291;Vøesina;;;;;186686;Vøesina;315559;Mešnická;è.p.;128;;;74285;481079.57;1102116.03;2014-02-05T00:00:00
8365890;500291;Vøesina;;;;;186686;Vøesina;315681;Osvobození;è.p.;129;;;74285;481853.15;1101609.91;2014-02-05T00:00:00
8365903;500291;Vøesina;;;;;186686;Vøesina;315681;Osvobození;è.p.;130;;;74285;481855.22;1101596.59;2014-02-05T00:00:00
8365911;500291;Vøesina;;;;;186686;Vøesina;315494;Klimkovická;è.p.;132;;;74285;482340.00;1102507.88;2013-12-28T00:00:00
8365920;500291;Vøesina;;;;;186686;Vøesina;315494;Klimkovická;è.p.;133;;;74285;482340.88;1102533.68;2013-12-28T00:00:00
8365938;500291;Vøesina;;;;;186686;Vøesina;315974;Zahrádkáøská;è.p.;134;;;74285;482233.67;1101769.66;2014-02-05T00:00:00
8365946;500291;Vøesina;;;;;186686;Vøesina;315541;Malá strana;è.p.;135;;;74285;482172.75;1102176.18;2013-12-28T00:00:00
8365954;500291;Vøesina;;;;;186686;Vøesina;315435;Hlavní;è.p.;136;;;74285;482219.95;1102479.78;2013-12-28T00:00:00
8365962;500291;Vøesina;;;;;186686;Vøesina;315494;Klimkovická;è.p.;137;;;74285;482333.82;1102568.22;2013-12-28T00:00:00
8365971;500291;Vøesina;;;;;186686;Vøesina;315435;Hlavní;è.p.;138;;;74285;481947.21;1102109.25;2013-12-28T00:00:00
8365989;500291;Vøesina;;;;;186686;Vøesina;315885;Úzká;è.p.;139;;;74285;482132.22;1101922.54;2013-12-28T00:00:00
8365997;500291;Vøesina;;;;;186686;Vøesina;315524;Lázeòská;è.p.;140;;;74285;482430.57;1102500.67;2013-12-28T00:00:00
8366004;500291;Vøesina;;;;;186686;Vøesina;315559;Mešnická;è.p.;141;;;74285;481069.60;1102115.98;2014-02-05T00:00:00
8366012;500291;Vøesina;;;;;186686;Vøesina;315559;Mešnická;è.p.;142;;;74285;481676.21;1102012.88;2014-02-05T00:00:00
8366021;500291;Vøesina;;;;;186686;Vøesina;315991;Záhumení;è.p.;143;;;74285;481789.52;1102012.45;2013-12-28T00:00:00
8366039;500291;Vøesina;;;;;186686;Vøesina;315494;Klimkovická;è.p.;144;;;74285;482279.60;1102643.17;2013-12-28T00:00:00
8366047;500291;Vøesina;;;;;186686;Vøesina;315494;Klimkovická;è.p.;145;;;74285;482214.39;1103242.16;2013-12-28T00:00:00
8366055;500291;Vøesina;;;;;186686;Vøesina;315494;Klimkovická;è.p.;146;;;74285;482226.16;1103116.44;2013-12-28T00:00:00
8366063;500291;Vøesina;;;;;186686;Vøesina;315621;Na kopeèku;è.p.;147;;;74285;482337.07;1102381.81;2013-12-28T00:00:00
8366071;500291;Vøesina;;;;;186686;Vøesina;315435;Hlavní;è.p.;148;;;74285;482149.63;1102284.50;2013-12-28T00:00:00
8366080;500291;Vøesina;;;;;186686;Vøesina;315788;Selská;è.p.;149;;;74285;482234.71;1101882.31;2013-12-28T00:00:00
8366098;500291;Vøesina;;;;;186686;Vøesina;315788;Selská;è.p.;150;;;74285;482222.66;1101890.71;2013-12-28T00:00:00
8366101;500291;Vøesina;;;;;186686;Vøesina;315745;Polní;è.p.;151;;;74285;482367.78;1102348.98;2013-12-28T00:00:00
8366110;500291;Vøesina;;;;;186686;Vøesina;315737;Pohoøí;è.p.;152;;;74285;482215.82;1101001.53;2014-02-05T00:00:00
8366128;500291;Vøesina;;;;;186686;Vøesina;315494;Klimkovická;è.p.;153;;;74285;482281.49;1102629.28;2013-12-28T00:00:00
8366136;500291;Vøesina;;;;;186686;Vøesina;315494;Klimkovická;è.p.;154;;;74285;482292.72;1102546.53;2013-12-28T00:00:00
8366144;500291;Vøesina;;;;;186686;Vøesina;315745;Polní;è.p.;155;;;74285;482408.89;1102343.03;2013-12-28T00:00:00
8366152;500291;Vøesina;;;;;186686;Vøesina;315745;Polní;è.p.;156;;;74285;482330.80;1102372.57;2013-12-28T00:00:00
8366161;500291;Vøesina;;;;;186686;Vøesina;315541;Malá strana;è.p.;157;;;74285;482092.43;1101975.40;2013-12-28T00:00:00
8366179;500291;Vøesina;;;;;186686;Vøesina;315681;Osvobození;è.p.;158;;;74285;481949.27;1101152.54;2014-02-05T00:00:00
8366187;500291;Vøesina;;;;;186686;Vøesina;315621;Na kopeèku;è.p.;159;;;74285;482316.56;1102355.46;2013-12-28T00:00:00
8366195;500291;Vøesina;;;;;186686;Vøesina;315745;Polní;è.p.;160;;;74285;482387.86;1102307.43;2013-12-28T00:00:00
8366209;500291;Vøesina;;;;;186686;Vøesina;315745;Polní;è.p.;161;;;74285;482384.24;1102336.97;2013-12-28T00:00:00
8366217;500291;Vøesina;;;;;186686;Vøesina;315745;Polní;è.p.;162;;;74285;482334.09;1102344.30;2013-12-28T00:00:00
8366225;500291;Vøesina;;;;;186686;Vøesina;315745;Polní;è.p.;163;;;74285;482365.67;1102321.19;2013-12-28T00:00:00
8366233;500291;Vøesina;;;;;186686;Vøesina;315745;Polní;è.p.;164;;;74285;482407.90;1102290.47;2013-12-28T00:00:00
8366241;500291;Vøesina;;;;;186686;Vøesina;315591;Nádražní;è.p.;165;;;74285;481947.45;1101488.73;2014-02-05T00:00:00
8366250;500291;Vøesina;;;;;186686;Vøesina;315541;Malá strana;è.p.;166;;;74285;482193.68;1102216.25;2013-12-28T00:00:00
8366276;500291;Vøesina;;;;;186686;Vøesina;315991;Záhumení;è.p.;168;;;74285;482260.70;1102593.25;2013-12-28T00:00:00
8366284;500291;Vøesina;;;;;186686;Vøesina;315745;Polní;è.p.;169;;;74285;482351.63;1102330.33;2013-12-28T00:00:00
8366292;500291;Vøesina;;;;;186686;Vøesina;315974;Zahrádkáøská;è.p.;170;;;74285;482113.84;1101855.57;2014-02-05T00:00:00
8366306;500291;Vøesina;;;;;186686;Vøesina;315681;Osvobození;è.p.;171;;;74285;481871.65;1101276.65;2014-02-05T00:00:00
8366314;500291;Vøesina;;;;;186686;Vøesina;315621;Na kopeèku;è.p.;172;;;74285;482361.90;1102225.14;2013-12-28T00:00:00
8366322;500291;Vøesina;;;;;186686;Vøesina;315745;Polní;è.p.;173;;;74285;482413.04;1102315.19;2013-12-28T00:00:00
8366331;500291;Vøesina;;;;;186686;Vøesina;315621;Na kopeèku;è.p.;174;;;74285;482344.30;1102234.44;2013-12-28T00:00:00
8366349;500291;Vøesina;;;;;186686;Vøesina;315621;Na kopeèku;è.p.;175;;;74285;482312.54;1102260.26;2013-12-28T00:00:00
8366357;500291;Vøesina;;;;;186686;Vøesina;315621;Na kopeèku;è.p.;176;;;74285;482292.15;1102268.43;2013-12-28T00:00:00
8366365;500291;Vøesina;;;;;186686;Vøesina;315621;Na kopeèku;è.p.;177;;;74285;482327.13;1102246.49;2013-12-28T00:00:00
8366373;500291;Vøesina;;;;;186686;Vøesina;315397;Spojná;è.p.;178;;;74285;482243.47;1102400.81;2013-12-28T00:00:00
8366381;500291;Vøesina;;;;;186686;Vøesina;315397;Spojná;è.p.;179;;;74285;482225.49;1102409.32;2013-12-28T00:00:00
8366390;500291;Vøesina;;;;;186686;Vøesina;315397;Spojná;è.p.;180;;;74285;482205.85;1102422.78;2013-12-28T00:00:00
8366403;500291;Vøesina;;;;;186686;Vøesina;315397;Spojná;è.p.;181;;;74285;482191.76;1102432.48;2013-12-28T00:00:00
8366411;500291;Vøesina;;;;;186686;Vøesina;315397;Spojná;è.p.;182;;;74285;482177.42;1102445.45;2013-12-28T00:00:00
8366420;500291;Vøesina;;;;;186686;Vøesina;315494;Klimkovická;è.p.;183;;;74285;482297.02;1102992.87;2013-12-28T00:00:00
8366438;500291;Vøesina;;;;;186686;Vøesina;315494;Klimkovická;è.p.;184;;;74285;482270.56;1103059.82;2013-12-28T00:00:00
8366446;500291;Vøesina;;;;;186686;Vøesina;315729;Pod vodojemem;è.p.;185;;;74285;482599.65;1102484.49;2023-04-04T00:00:00
8366454;500291;Vøesina;;;;;186686;Vøesina;315885;Úzká;è.p.;186;;;74285;482124.32;1101928.36;2013-12-28T00:00:00
8366462;500291;Vøesina;;;;;186686;Vøesina;315826;Spoleèná;è.p.;187;;;74285;482007.79;1103701.31;2013-12-28T00:00:00
8366471;500291;Vøesina;;;;;186686;Vøesina;315541;Malá strana;è.p.;188;;;74285;482197.46;1102159.25;2013-12-28T00:00:00
8366489;500291;Vøesina;;;;;186686;Vøesina;315974;Zahrádkáøská;è.p.;189;;;74285;482156.39;1101803.22;2014-02-05T00:00:00
8366497;500291;Vøesina;;;;;186686;Vøesina;315681;Osvobození;è.p.;190;;;74285;481880.60;1101430.44;2014-02-05T00:00:00
8366501;500291;Vøesina;;;;;186686;Vøesina;315842;Strmá;è.p.;191;;;74285;481981.94;1100985.22;2014-02-05T00:00:00
8366519;500291;Vøesina;;;;;186686;Vøesina;315702;Plzeòská;è.p.;192;;;74285;481952.27;1100890.50;2014-02-05T00:00:00
8366527;500291;Vøesina;;;;;186686;Vøesina;315702;Plzeòská;è.p.;193;;;74285;481889.35;1100955.23;2014-02-05T00:00:00
8366535;500291;Vøesina;;;;;186686;Vøesina;315397;Spojná;è.p.;194;;;74285;482231.03;1102372.29;2013-12-28T00:00:00
8366543;500291;Vøesina;;;;;186686;Vøesina;315397;Spojná;è.p.;195;;;74285;482213.27;1102383.45;2013-12-28T00:00:00
8366551;500291;Vøesina;;;;;186686;Vøesina;315397;Spojná;è.p.;196;;;74285;482198.25;1102392.46;2013-12-28T00:00:00
8366560;500291;Vøesina;;;;;186686;Vøesina;315397;Spojná;è.p.;197;;;74285;482184.56;1102406.85;2013-12-28T00:00:00
8366578;500291;Vøesina;;;;;186686;Vøesina;315397;Spojná;è.p.;198;;;74285;482168.82;1102416.83;2013-12-28T00:00:00
8366586;500291;Vøesina;;;;;186686;Vøesina;315524;Lázeòská;è.p.;199;;;74285;482551.21;1102480.32;2013-12-28T00:00:00
8366594;500291;Vøesina;;;;;186686;Vøesina;315435;Hlavní;è.p.;200;;;74285;481985.61;1101949.75;2013-12-28T00:00:00
8366608;500291;Vøesina;;;;;186686;Vøesina;315826;Spoleèná;è.p.;201;;;74285;481918.36;1103704.82;2014-02-22T00:00:00
8366616;500291;Vøesina;;;;;186686;Vøesina;315591;Nádražní;è.p.;202;;;74285;481682.31;1101534.53;2014-02-05T00:00:00
8366624;500291;Vøesina;;;;;186686;Vøesina;315711;Pod lípou;è.p.;203;;;74285;482171.44;1101504.44;2014-02-05T00:00:00
8366632;500291;Vøesina;;;;;186686;Vøesina;315702;Plzeòská;è.p.;204;;;74285;481899.38;1100898.97;2014-02-05T00:00:00
8366641;500291;Vøesina;;;;;186686;Vøesina;315494;Klimkovická;è.p.;205;;;74285;482287.24;1102514.64;2013-12-28T00:00:00
8366659;500291;Vøesina;;;;;186686;Vøesina;315702;Plzeòská;è.p.;206;;;74285;481880.94;1100968.68;2014-02-05T00:00:00
8366667;500291;Vøesina;;;;;186686;Vøesina;315702;Plzeòská;è.p.;207;;;74285;481883.80;1100913.44;2014-02-05T00:00:00
8366675;500291;Vøesina;;;;;186686;Vøesina;315559;Mešnická;è.p.;208;;;74285;481587.34;1102033.96;2014-02-05T00:00:00
8366683;500291;Vøesina;;;;;186686;Vøesina;315826;Spoleèná;è.p.;209;;;74285;482301.80;1103703.60;2013-12-28T00:00:00
8366705;500291;Vøesina;;;;;186686;Vøesina;315974;Zahrádkáøská;è.p.;211;;;74285;482006.34;1101862.19;2014-02-05T00:00:00
8366713;500291;Vøesina;;;;;186686;Vøesina;315702;Plzeòská;è.p.;212;;;74285;481866.19;1100973.58;2014-02-05T00:00:00
8366721;500291;Vøesina;;;;;186686;Vøesina;315702;Plzeòská;è.p.;213;;;74285;481947.56;1100938.64;2014-02-05T00:00:00
8366730;500291;Vøesina;;;;;186686;Vøesina;315591;Nádražní;è.p.;214;;;74285;482051.02;1101417.06;2014-02-05T00:00:00
8366748;500291;Vøesina;;;;;186686;Vøesina;315443;Hluboèická;è.p.;215;;;74285;481850.49;1100947.87;2014-02-05T00:00:00
8366756;500291;Vøesina;;;;;186686;Vøesina;315702;Plzeòská;è.p.;216;;;74285;482233.54;1100802.21;2014-02-05T00:00:00
8366764;500291;Vøesina;;;;;186686;Vøesina;315737;Pohoøí;è.p.;217;;;74285;482020.07;1101090.28;2014-02-05T00:00:00
8366772;500291;Vøesina;;;;;186686;Vøesina;315826;Spoleèná;è.p.;218;;;74285;482052.74;1103707.49;2013-12-28T00:00:00
8366781;500291;Vøesina;;;;;186686;Vøesina;315826;Spoleèná;è.p.;219;;;74285;482069.46;1103718.61;2013-12-28T00:00:00
8366799;500291;Vøesina;;;;;186686;Vøesina;315711;Pod lípou;è.p.;220;;;74285;482179.31;1101530.78;2014-02-05T00:00:00
8366802;500291;Vøesina;;;;;186686;Vøesina;315699;Píseèná;è.p.;221;;;74285;481865.18;1101185.07;2014-02-05T00:00:00
8366811;500291;Vøesina;;;;;186686;Vøesina;315494;Klimkovická;è.p.;222;;;74285;482180.57;1103202.62;2013-12-28T00:00:00
8366829;500291;Vøesina;;;;;186686;Vøesina;315591;Nádražní;è.p.;223;;;74285;482080.94;1101391.84;2014-02-05T00:00:00
8366837;500291;Vøesina;;;;;186686;Vøesina;315982;Zahradní;è.p.;224;;;74285;481911.00;1100836.78;2014-02-05T00:00:00
8366845;500291;Vøesina;;;;;186686;Vøesina;315982;Zahradní;è.p.;225;;;74285;481853.24;1100885.75;2014-02-05T00:00:00
8366853;500291;Vøesina;;;;;186686;Vøesina;315958;Ve Dvoøe;è.p.;226;;;74285;482080.02;1101824.72;2014-02-05T00:00:00
8366861;500291;Vøesina;;;;;186686;Vøesina;315958;Ve Dvoøe;è.p.;227;;;74285;482088.70;1101817.92;2014-02-05T00:00:00
8366870;500291;Vøesina;;;;;186686;Vøesina;315958;Ve Dvoøe;è.p.;228;;;74285;482096.48;1101810.23;2014-02-05T00:00:00
8366888;500291;Vøesina;;;;;186686;Vøesina;315958;Ve Dvoøe;è.p.;229;;;74285;482105.07;1101804.45;2014-02-05T00:00:00
8366896;500291;Vøesina;;;;;186686;Vøesina;315974;Zahrádkáøská;è.p.;230;;;74285;482093.46;1101867.26;2014-02-05T00:00:00
8366900;500291;Vøesina;;;;;186686;Vøesina;315532;Lomená;è.p.;231;;;74285;482059.16;1101013.94;2014-02-05T00:00:00
8366918;500291;Vøesina;;;;;186686;Vøesina;315419;Dùlní;è.p.;232;;;74285;482133.01;1102214.61;2013-12-28T00:00:00
8366926;500291;Vøesina;;;;;186686;Vøesina;315435;Hlavní;è.p.;233;;;74285;482033.32;1102089.45;2013-12-28T00:00:00
8366934;500291;Vøesina;;;;;186686;Vøesina;315435;Hlavní;è.p.;234;;;74285;482208.82;1102350.72;2013-12-28T00:00:00
8366942;500291;Vøesina;;;;;186686;Vøesina;315583;Nade vsí;è.p.;235;;;74285;482323.22;1102620.14;2013-12-28T00:00:00
8366951;500291;Vøesina;;;;;186686;Vøesina;315893;U kaple;è.p.;236;;;74285;481904.35;1101931.51;2013-12-28T00:00:00
8366969;500291;Vøesina;;;;;186686;Vøesina;315435;Hlavní;è.p.;237;;;74285;482033.79;1102211.30;2013-12-28T00:00:00
8366977;500291;Vøesina;;;;;186686;Vøesina;315532;Lomená;è.p.;238;;;74285;482018.62;1100972.06;2014-02-05T00:00:00
8366985;500291;Vøesina;;;;;186686;Vøesina;315699;Píseèná;è.p.;239;;;74285;481853.37;1101219.44;2014-02-05T00:00:00
8366993;500291;Vøesina;;;;;186686;Vøesina;315991;Záhumení;è.p.;240;;;74285;482094.92;1102402.07;2013-12-28T00:00:00
8367001;500291;Vøesina;;;;;186686;Vøesina;315591;Nádražní;è.p.;241;;;74285;481854.19;1101554.50;2014-02-05T00:00:00
8367019;500291;Vøesina;;;;;186686;Vøesina;315443;Hluboèická;è.p.;242;;;74285;481806.03;1100908.44;2014-02-05T00:00:00
8367027;500291;Vøesina;;;;;186686;Vøesina;315699;Píseèná;è.p.;243;;;74285;481871.49;1101212.90;2014-02-05T00:00:00
8367035;500291;Vøesina;;;;;186686;Vøesina;315583;Nade vsí;è.p.;244;;;74285;482346.83;1102602.88;2013-12-28T00:00:00
8367043;500291;Vøesina;;;;;186686;Vøesina;315702;Plzeòská;è.p.;245;;;74285;481916.48;1100970.06;2014-02-05T00:00:00
8367060;500291;Vøesina;;;;;186686;Vøesina;315982;Zahradní;è.p.;247;;;74285;481861.02;1100859.93;2014-02-05T00:00:00
8367078;500291;Vøesina;;;;;186686;Vøesina;315737;Pohoøí;è.p.;248;;;74285;482168.58;1100976.31;2014-02-05T00:00:00
8367086;500291;Vøesina;;;;;186686;Vøesina;315443;Hluboèická;è.p.;249;;;74285;481860.77;1100817.09;2014-02-05T00:00:00
8367094;500291;Vøesina;;;;;186686;Vøesina;315711;Pod lípou;è.p.;250;;;74285;482254.11;1101638.74;2014-02-05T00:00:00
8367108;500291;Vøesina;;;;;186686;Vøesina;315711;Pod lípou;è.p.;251;;;74285;482216.52;1101537.47;2014-02-05T00:00:00
8367116;500291;Vøesina;;;;;186686;Vøesina;315443;Hluboèická;è.p.;252;;;74285;481872.37;1100774.50;2014-02-05T00:00:00
8367124;500291;Vøesina;;;;;186686;Vøesina;315443;Hluboèická;è.p.;253;;;74285;481895.31;1100790.20;2014-02-05T00:00:00
8367132;500291;Vøesina;;;;;186686;Vøesina;315711;Pod lípou;è.p.;254;;;74285;482243.83;1101609.43;2014-02-05T00:00:00
8367141;500291;Vøesina;;;;;186686;Vøesina;315711;Pod lípou;è.p.;255;;;74285;482234.77;1101585.19;2014-02-05T00:00:00
8367159;500291;Vøesina;;;;;186686;Vøesina;315494;Klimkovická;è.p.;256;;;74285;482248.72;1102950.98;2013-12-28T00:00:00
8367167;500291;Vøesina;;;;;186686;Vøesina;315494;Klimkovická;è.p.;257;;;74285;482313.51;1102954.95;2013-12-28T00:00:00
8367175;500291;Vøesina;;;;;186686;Vøesina;315559;Mešnická;è.p.;258;;;74285;481486.97;1102088.15;2014-02-05T00:00:00
8367183;500291;Vøesina;;;;;186686;Vøesina;315681;Osvobození;è.p.;259;;;74285;481921.74;1101228.57;2014-02-05T00:00:00
8367191;500291;Vøesina;;;;;186686;Vøesina;315605;Nad Opustou;è.p.;260;;;74285;482352.12;1101315.01;2014-02-05T00:00:00
8367205;500291;Vøesina;;;;;186686;Vøesina;315605;Nad Opustou;è.p.;261;;;74285;482391.56;1101289.63;2014-02-05T00:00:00
8367213;500291;Vøesina;;;;;186686;Vøesina;315711;Pod lípou;è.p.;262;;;74285;482226.96;1101564.30;2014-02-05T00:00:00
8367221;500291;Vøesina;;;;;186686;Vøesina;315991;Záhumení;è.p.;263;;;74285;482129.04;1102379.98;2013-12-28T00:00:00
8367230;500291;Vøesina;;;;;186686;Vøesina;315788;Selská;è.p.;264;;;74285;482226.26;1102142.68;2013-12-28T00:00:00
8367248;500291;Vøesina;;;;;186686;Vøesina;315435;Hlavní;è.p.;265;;;74285;482044.85;1102112.48;2013-12-28T00:00:00
8367256;500291;Vøesina;;;;;186686;Vøesina;315443;Hluboèická;è.p.;266;;;74285;482106.25;1100654.65;2014-02-05T00:00:00
8367264;500291;Vøesina;;;;;186686;Vøesina;315443;Hluboèická;è.p.;267;;;74285;481990.09;1100703.56;2014-02-05T00:00:00
8367272;500291;Vøesina;;;;;186686;Vøesina;315494;Klimkovická;è.p.;268;;;74285;482248.62;1103183.76;2013-12-28T00:00:00
8367281;500291;Vøesina;;;;;186686;Vøesina;315699;Píseèná;è.p.;269;;;74285;481880.91;1101179.74;2014-02-05T00:00:00
8367299;500291;Vøesina;;;;;186686;Vøesina;315443;Hluboèická;è.p.;270;;;74285;481979.65;1100794.10;2014-02-05T00:00:00
8367302;500291;Vøesina;;;;;186686;Vøesina;315591;Nádražní;è.p.;271;;;74285;482115.46;1101404.08;2014-02-05T00:00:00
8367311;500291;Vøesina;;;;;186686;Vøesina;315991;Záhumení;è.p.;272;;;74285;482244.16;1102569.04;2014-02-05T00:00:00
8367329;500291;Vøesina;;;;;186686;Vøesina;315443;Hluboèická;è.p.;273;;;74285;481805.65;1100862.68;2014-02-05T00:00:00
8367337;500291;Vøesina;;;;;186686;Vøesina;315991;Záhumení;è.p.;274;;;74285;482015.77;1102238.26;2013-12-28T00:00:00
8367345;500291;Vøesina;;;;;186686;Vøesina;315443;Hluboèická;è.p.;275;;;74285;481840.30;1100853.94;2014-02-05T00:00:00
8367353;500291;Vøesina;;;;;186686;Vøesina;315605;Nad Opustou;è.p.;276;;;74285;482258.88;1101370.02;2014-02-05T00:00:00
8367361;500291;Vøesina;;;;;186686;Vøesina;315605;Nad Opustou;è.p.;277;;;74285;482283.89;1101356.50;2014-02-05T00:00:00
8367370;500291;Vøesina;;;;;186686;Vøesina;315605;Nad Opustou;è.p.;278;;;74285;482471.16;1101240.92;2014-02-05T00:00:00
8367388;500291;Vøesina;;;;;186686;Vøesina;315575;Msgr. Tomáška;è.p.;279;;;74285;482399.80;1101360.73;2014-02-05T00:00:00
8367396;500291;Vøesina;;;;;186686;Vøesina;315559;Mešnická;è.p.;280;;;74285;481571.65;1102005.40;2014-02-05T00:00:00
8367400;500291;Vøesina;;;;;186686;Vøesina;315591;Nádražní;è.p.;281;;;74285;481922.66;1101504.43;2014-02-05T00:00:00
8367418;500291;Vøesina;;;;;186686;Vøesina;315443;Hluboèická;è.p.;282;;;74285;481938.40;1100718.50;2014-02-05T00:00:00
8367426;500291;Vøesina;;;;;186686;Vøesina;315834;Sportovní;è.p.;283;;;74285;482158.58;1101347.28;2014-02-05T00:00:00
8367434;500291;Vøesina;;;;;186686;Vøesina;315737;Pohoøí;è.p.;284;;;74285;482248.44;1100957.70;2014-02-05T00:00:00
8367442;500291;Vøesina;;;;;186686;Vøesina;315443;Hluboèická;è.p.;285;;;74285;481829.85;1100931.01;2014-02-05T00:00:00
8367451;500291;Vøesina;;;;;186686;Vøesina;315559;Mešnická;è.p.;286;;;74285;481580.42;1102072.80;2014-02-05T00:00:00
8367469;500291;Vøesina;;;;;186686;Vøesina;315567;Mlýnská;è.p.;287;;;74285;481609.80;1101496.01;2014-02-05T00:00:00
8367477;500291;Vøesina;;;;;186686;Vøesina;315443;Hluboèická;è.p.;288;;;74285;481836.60;1100811.33;2014-02-05T00:00:00
8367485;500291;Vøesina;;;;;186686;Vøesina;315737;Pohoøí;è.p.;289;;;74285;482072.01;1100996.49;2014-02-05T00:00:00
8367507;500291;Vøesina;;;;;186686;Vøesina;315443;Hluboèická;è.p.;291;;;74285;481899.34;1100748.77;2014-02-05T00:00:00
8367523;500291;Vøesina;;;;;186686;Vøesina;315451;Hradèanská;è.p.;293;;;74285;481729.97;1102023.74;2013-12-28T00:00:00
8367531;500291;Vøesina;;;;;186686;Vøesina;315681;Osvobození;è.p.;294;;;74285;481803.80;1101560.21;2014-02-05T00:00:00
8367540;500291;Vøesina;;;;;186686;Vøesina;315559;Mešnická;è.p.;295;;;74285;481563.32;1101987.48;2014-02-05T00:00:00
8367558;500291;Vøesina;;;;;186686;Vøesina;315991;Záhumení;è.p.;296;;;74285;482112.63;1102365.06;2013-12-28T00:00:00
8367566;500291;Vøesina;;;;;186686;Vøesina;315605;Nad Opustou;è.p.;297;;;74285;482409.97;1101278.32;2014-02-05T00:00:00
8367574;500291;Vøesina;;;;;186686;Vøesina;315991;Záhumení;è.p.;298;;;74285;481910.65;1102129.80;2013-12-28T00:00:00
8367582;500291;Vøesina;;;;;186686;Vøesina;315991;Záhumení;è.p.;299;;;74285;482055.15;1102403.65;2013-12-28T00:00:00
8367591;500291;Vøesina;;;;;186686;Vøesina;315788;Selská;è.p.;300;;;74285;482361.12;1102167.75;2013-12-28T00:00:00
8367604;500291;Vøesina;;;;;186686;Vøesina;315427;Hadí kopec;è.p.;301;;;74285;482142.89;1100822.42;2014-02-05T00:00:00
8367612;500291;Vøesina;;;;;186686;Vøesina;315516;Køížová;è.p.;302;;;74285;482130.76;1100811.75;2014-02-05T00:00:00
8367621;500291;Vøesina;;;;;186686;Vøesina;315516;Køížová;è.p.;303;;;74285;482115.76;1100794.91;2014-02-05T00:00:00
8367639;500291;Vøesina;;;;;186686;Vøesina;315427;Hadí kopec;è.p.;304;;;74285;482103.14;1100785.11;2014-02-05T00:00:00
8367647;500291;Vøesina;;;;;186686;Vøesina;315427;Hadí kopec;è.p.;305;;;74285;482091.26;1100772.35;2014-02-05T00:00:00
8367655;500291;Vøesina;;;;;186686;Vøesina;315516;Køížová;è.p.;306;;;74285;482118.16;1100744.17;2014-02-05T00:00:00
8367663;500291;Vøesina;;;;;186686;Vøesina;315516;Køížová;è.p.;307;;;74285;482129.52;1100755.07;2014-02-05T00:00:00
8367671;500291;Vøesina;;;;;186686;Vøesina;315516;Køížová;è.p.;308;;;74285;482142.46;1100766.86;2014-02-05T00:00:00
8367680;500291;Vøesina;;;;;186686;Vøesina;315516;Køížová;è.p.;309;;;74285;482158.77;1100783.26;2014-02-05T00:00:00
8367698;500291;Vøesina;;;;;186686;Vøesina;315702;Plzeòská;è.p.;310;;;74285;482170.93;1100795.39;2014-02-05T00:00:00
8367701;500291;Vøesina;;;;;186686;Vøesina;315702;Plzeòská;è.p.;311;;;74285;482166.55;1100827.65;2014-02-05T00:00:00
8367710;500291;Vøesina;;;;;186686;Vøesina;315702;Plzeòská;è.p.;312;;;74285;482198.32;1100814.38;2014-02-05T00:00:00
8367728;500291;Vøesina;;;;;186686;Vøesina;315702;Plzeòská;è.p.;313;;;74285;482215.41;1100810.24;2014-02-05T00:00:00
8367736;500291;Vøesina;;;;;186686;Vøesina;315796;Slepá;è.p.;314;;;74285;482238.00;1100773.11;2014-02-05T00:00:00
8367744;500291;Vøesina;;;;;186686;Vøesina;315796;Slepá;è.p.;315;;;74285;482258.51;1100761.78;2014-02-05T00:00:00
8367752;500291;Vøesina;;;;;186686;Vøesina;315702;Plzeòská;è.p.;316;;;74285;482273.25;1100754.23;2014-02-05T00:00:00
8367761;500291;Vøesina;;;;;186686;Vøesina;315702;Plzeòská;è.p.;317;;;74285;482300.30;1100751.22;2014-02-05T00:00:00
8367779;500291;Vøesina;;;;;186686;Vøesina;315796;Slepá;è.p.;318;;;74285;482241.79;1100743.47;2014-02-05T00:00:00
8367787;500291;Vøesina;;;;;186686;Vøesina;315796;Slepá;è.p.;319;;;74285;482228.46;1100731.09;2014-02-05T00:00:00
8367795;500291;Vøesina;;;;;186686;Vøesina;315796;Slepá;è.p.;320;;;74285;482215.93;1100718.92;2014-02-05T00:00:00
8367809;500291;Vøesina;;;;;186686;Vøesina;315796;Slepá;è.p.;321;;;74285;482202.24;1100706.56;2014-02-05T00:00:00
8367817;500291;Vøesina;;;;;186686;Vøesina;315796;Slepá;è.p.;322;;;74285;482187.43;1100692.97;2014-02-05T00:00:00
8367825;500291;Vøesina;;;;;186686;Vøesina;315796;Slepá;è.p.;323;;;74285;482174.13;1100709.60;2014-02-05T00:00:00
8367833;500291;Vøesina;;;;;186686;Vøesina;315796;Slepá;è.p.;324;;;74285;482187.98;1100722.07;2014-02-05T00:00:00
8367841;500291;Vøesina;;;;;186686;Vøesina;315702;Plzeòská;è.p.;325;;;74285;482019.13;1100860.81;2014-02-05T00:00:00
8367850;500291;Vøesina;;;;;186686;Vøesina;315591;Nádražní;è.p.;326;;;74285;481877.96;1101520.87;2014-02-22T00:00:00
8367868;500291;Vøesina;;;;;186686;Vøesina;315443;Hluboèická;è.p.;327;;;74285;481843.09;1100983.77;2014-02-05T00:00:00
8367876;500291;Vøesina;;;;;186686;Vøesina;315737;Pohoøí;è.p.;328;;;74285;482142.70;1100986.63;2014-02-05T00:00:00
8367884;500291;Vøesina;;;;;186686;Vøesina;315702;Plzeòská;è.p.;329;;;74285;481966.75;1100929.18;2014-02-05T00:00:00
8367892;500291;Vøesina;;;;;186686;Vøesina;315826;Spoleèná;è.p.;330;;;74285;482104.65;1103716.26;2013-12-28T00:00:00
8367906;500291;Vøesina;;;;;186686;Vøesina;688134;Hranièní;è.p.;331;;;74285;482239.37;1100674.06;2014-02-05T00:00:00
8367914;500291;Vøesina;;;;;186686;Vøesina;315583;Nade vsí;è.p.;332;;;74285;482371.99;1102586.01;2013-12-28T00:00:00
8367922;500291;Vøesina;;;;;186686;Vøesina;315711;Pod lípou;è.p.;333;;;74285;482137.50;1101427.80;2014-02-05T00:00:00
8367931;500291;Vøesina;;;;;186686;Vøesina;315711;Pod lípou;è.p.;334;;;74285;482141.69;1101435.10;2014-02-05T00:00:00
8367949;500291;Vøesina;;;;;186686;Vøesina;315443;Hluboèická;è.p.;335;;;74285;481924.94;1100766.02;2014-02-05T00:00:00
8367957;500291;Vøesina;;;;;186686;Vøesina;315494;Klimkovická;è.p.;336;;;74285;482289.20;1103263.30;2013-12-28T00:00:00
8367965;500291;Vøesina;;;;;186686;Vøesina;315494;Klimkovická;è.p.;337;;;74285;482419.74;1102930.78;2013-12-28T00:00:00
8367973;500291;Vøesina;;;;;186686;Vøesina;315923;U mostu;è.p.;338;;;74285;481648.66;1101413.88;2014-02-05T00:00:00
8367981;500291;Vøesina;;;;;186686;Vøesina;315583;Nade vsí;è.p.;339;;;74285;482394.74;1102568.70;2013-12-28T00:00:00
8367990;500291;Vøesina;;;;;186686;Vøesina;315966;Vøesová;è.p.;340;;;74285;481686.42;1100972.74;2014-02-05T00:00:00
8368007;500291;Vøesina;;;;;186686;Vøesina;315516;Køížová;è.p.;341;;;74285;482174.19;1100767.89;2014-02-05T00:00:00
8368015;500291;Vøesina;;;;;186686;Vøesina;315818;Sosnová;è.p.;342;;;74285;482001.28;1100918.36;2014-02-05T00:00:00
8368023;500291;Vøesina;;;;;186686;Vøesina;315818;Sosnová;è.p.;343;;;74285;482039.56;1100959.12;2014-02-05T00:00:00
8368031;500291;Vøesina;;;;;186686;Vøesina;315796;Slepá;è.p.;344;;;74285;482214.49;1100748.49;2014-02-05T00:00:00
8368040;500291;Vøesina;;;;;186686;Vøesina;315605;Nad Opustou;è.p.;345;;;74285;482329.75;1101328.04;2014-02-05T00:00:00
8368058;500291;Vøesina;;;;;186686;Vøesina;315443;Hluboèická;è.p.;346;;;74285;481847.18;1101095.88;2014-02-05T00:00:00
8368066;500291;Vøesina;;;;;186686;Vøesina;315541;Malá strana;è.p.;347;;;74285;482103.17;1102035.20;2013-12-28T00:00:00
8368074;500291;Vøesina;;;;;186686;Vøesina;315711;Pod lípou;è.p.;348;;;74285;482158.09;1101473.24;2014-02-05T00:00:00
8368082;500291;Vøesina;;;;;186686;Vøesina;315451;Hradèanská;è.p.;349;;;74285;481751.55;1102048.17;2013-12-28T00:00:00
8368091;500291;Vøesina;;;;;186686;Vøesina;315907;U køíže;è.p.;350;;;74285;481694.91;1102087.95;2014-02-05T00:00:00
8368104;500291;Vøesina;;;;;186686;Vøesina;315575;Msgr. Tomáška;è.p.;351;;;74285;482378.47;1101330.05;2014-02-05T00:00:00
8368112;500291;Vøesina;;;;;186686;Vøesina;315672;Na vyhlídce;è.p.;352;;;74285;482470.20;1101325.52;2014-02-05T00:00:00
8368121;500291;Vøesina;;;;;186686;Vøesina;315567;Mlýnská;è.p.;353;;;74285;481660.56;1101444.32;2014-02-05T00:00:00
8368139;500291;Vøesina;;;;;186686;Vøesina;315443;Hluboèická;è.p.;354;;;74285;481836.32;1100911.03;2014-02-05T00:00:00
8368147;500291;Vøesina;;;;;186686;Vøesina;315541;Malá strana;è.p.;355;;;74285;482187.12;1102207.20;2013-12-28T00:00:00
8368155;500291;Vøesina;;;;;186686;Vøesina;315516;Køížová;è.p.;356;;;74285;482155.64;1100751.58;2014-02-05T00:00:00
8368163;500291;Vøesina;;;;;186686;Vøesina;315842;Strmá;è.p.;357;;;74285;482009.54;1101033.45;2014-02-05T00:00:00
8368171;500291;Vøesina;;;;;186686;Vøesina;315702;Plzeòská;è.p.;358;;;74285;482080.44;1100892.61;2014-02-05T00:00:00
8368180;500291;Vøesina;;;;;186686;Vøesina;315443;Hluboèická;è.p.;359;;;74285;482117.06;1100691.33;2014-02-05T00:00:00
8368198;500291;Vøesina;;;;;186686;Vøesina;315559;Mešnická;è.p.;360;;;74285;481667.26;1102070.38;2014-02-05T00:00:00
8368201;500291;Vøesina;;;;;186686;Vøesina;315443;Hluboèická;è.p.;361;;;74285;481877.82;1100805.13;2014-02-05T00:00:00
8368210;500291;Vøesina;;;;;186686;Vøesina;315796;Slepá;è.p.;362;;;74285;482223.79;1100761.46;2014-02-05T00:00:00
8368228;500291;Vøesina;;;;;186686;Vøesina;315451;Hradèanská;è.p.;363;;;74285;481779.79;1102091.12;2013-12-28T00:00:00
8368236;500291;Vøesina;;;;;186686;Vøesina;315575;Msgr. Tomáška;è.p.;364;;;74285;482425.53;1101396.08;2014-02-05T00:00:00
8368244;500291;Vøesina;;;;;186686;Vøesina;315796;Slepá;è.p.;365;;;74285;482198.64;1100742.76;2014-02-05T00:00:00
8368252;500291;Vøesina;;;;;186686;Vøesina;315451;Hradèanská;è.p.;366;;;74285;481841.96;1102193.49;2013-12-28T00:00:00
8368261;500291;Vøesina;;;;;186686;Vøesina;315451;Hradèanská;è.p.;367;;;74285;481832.52;1102174.28;2013-12-28T00:00:00
8368279;500291;Vøesina;;;;;186686;Vøesina;315575;Msgr. Tomáška;è.p.;368;;;74285;482438.98;1101415.85;2014-02-05T00:00:00
8368287;500291;Vøesina;;;;;186686;Vøesina;315737;Pohoøí;è.p.;369;;;74285;482001.82;1101103.87;2014-02-05T00:00:00
8368295;500291;Vøesina;;;;;186686;Vøesina;315672;Na vyhlídce;è.p.;370;;;74285;482520.26;1101395.49;2014-02-05T00:00:00
8368309;500291;Vøesina;;;;;186686;Vøesina;315711;Pod lípou;è.p.;371;;;74285;482185.09;1101554.74;2014-02-05T00:00:00
8368317;500291;Vøesina;;;;;186686;Vøesina;315788;Selská;è.p.;372;;;74285;482194.87;1101817.46;2013-12-28T00:00:00
8368325;500291;Vøesina;;;;;186686;Vøesina;315443;Hluboèická;è.p.;373;;;74285;482190.20;1100661.65;2014-02-05T00:00:00
8368333;500291;Vøesina;;;;;186686;Vøesina;315737;Pohoøí;è.p.;374;;;74285;482108.25;1101004.35;2014-02-05T00:00:00
8368341;500291;Vøesina;;;;;186686;Vøesina;315851;Svaživá;è.p.;375;;;74285;481746.79;1101054.82;2014-02-05T00:00:00
8368350;500291;Vøesina;;;;;186686;Vøesina;315702;Plzeòská;è.p.;376;;;74285;482410.23;1100757.01;2014-02-05T00:00:00
8368368;500291;Vøesina;;;;;186686;Vøesina;315729;Pod vodojemem;è.p.;377;;;74285;482656.03;1102524.53;2013-12-28T00:00:00
8368376;500291;Vøesina;;;;;186686;Vøesina;315711;Pod lípou;è.p.;378;;;74285;482207.77;1101514.91;2014-02-05T00:00:00
8368384;500291;Vøesina;;;;;186686;Vøesina;315443;Hluboèická;è.p.;379;;;74285;481827.67;1100816.01;2014-02-05T00:00:00
8368392;500291;Vøesina;;;;;186686;Vøesina;315605;Nad Opustou;è.p.;380;;;74285;482496.11;1101224.22;2014-02-05T00:00:00
8368406;500291;Vøesina;;;;;186686;Vøesina;315451;Hradèanská;è.p.;381;;;74285;481764.05;1102068.70;2013-12-28T00:00:00
8368414;500291;Vøesina;;;;;186686;Vøesina;315737;Pohoøí;è.p.;382;;;74285;482123.89;1100994.61;2014-02-05T00:00:00
8368422;500291;Vøesina;;;;;186686;Vøesina;315427;Hadí kopec;è.p.;383;;;74285;482081.64;1100750.45;2014-02-05T00:00:00
8368431;500291;Vøesina;;;;;186686;Vøesina;315702;Plzeòská;è.p.;384;;;74285;482294.56;1100796.12;2014-02-05T00:00:00
8368449;500291;Vøesina;;;;;186686;Vøesina;315559;Mešnická;è.p.;385;;;74285;481518.38;1102083.81;2014-02-05T00:00:00
8368457;500291;Vøesina;;;;;186686;Vøesina;315711;Pod lípou;è.p.;386;;;74285;482198.10;1101489.44;2014-02-05T00:00:00
8368465;500291;Vøesina;;;;;186686;Vøesina;315788;Selská;è.p.;387;;;74285;482379.75;1102201.53;2013-12-28T00:00:00
8368473;500291;Vøesina;;;;;186686;Vøesina;315401;Dolní;è.p.;388;;;74285;482225.73;1101423.34;2014-02-05T00:00:00
8368481;500291;Vøesina;;;;;186686;Vøesina;315966;Vøesová;è.p.;389;;;74285;481717.50;1101003.50;2014-02-05T00:00:00
8368490;500291;Vøesina;;;;;186686;Vøesina;315737;Pohoøí;è.p.;390;;;74285;481975.03;1101060.18;2014-02-05T00:00:00
8368503;500291;Vøesina;;;;;186686;Vøesina;315443;Hluboèická;è.p.;391;;;74285;481820.89;1100726.98;2014-02-05T00:00:00
8368511;500291;Vøesina;;;;;186686;Vøesina;315702;Plzeòská;è.p.;392;;;74285;482272.80;1100817.22;2014-02-05T00:00:00
8368520;500291;Vøesina;;;;;186686;Vøesina;315672;Na vyhlídce;è.p.;393;;;74285;482507.73;1101379.13;2014-02-05T00:00:00
8368538;500291;Vøesina;;;;;186686;Vøesina;315958;Ve Dvoøe;è.p.;394;;;74285;482122.58;1101791.89;2014-02-05T00:00:00
8368546;500291;Vøesina;;;;;186686;Vøesina;315958;Ve Dvoøe;è.p.;395;;;74285;482133.27;1101784.33;2014-02-05T00:00:00
8368554;500291;Vøesina;;;;;186686;Vøesina;315401;Dolní;è.p.;396;;;74285;482248.29;1101409.59;2014-02-05T00:00:00
8368562;500291;Vøesina;;;;;186686;Vøesina;315699;Píseèná;è.p.;397;;;74285;481678.80;1101272.98;2014-02-05T00:00:00
8368571;500291;Vøesina;;;;;186686;Vøesina;315966;Vøesová;è.p.;398;;;74285;481708.08;1100985.57;2014-02-05T00:00:00
8368589;500291;Vøesina;;;;;186686;Vøesina;315869;Topolová;è.p.;399;;;74285;482343.16;1101583.98;2014-02-05T00:00:00
8368597;500291;Vøesina;;;;;186686;Vøesina;315443;Hluboèická;è.p.;400;;;74285;481904.24;1101102.17;2014-02-05T00:00:00
8368601;500291;Vøesina;;;;;186686;Vøesina;315605;Nad Opustou;è.p.;401;;;74285;482302.35;1101345.89;2014-02-05T00:00:00
8368619;500291;Vøesina;;;;;186686;Vøesina;315605;Nad Opustou;è.p.;402;;;74285;482208.53;1101399.16;2014-02-05T00:00:00
8368627;500291;Vøesina;;;;;186686;Vøesina;315575;Msgr. Tomáška;è.p.;403;;;74285;482353.75;1101342.36;2014-02-05T00:00:00
8368635;500291;Vøesina;;;;;186686;Vøesina;315605;Nad Opustou;è.p.;404;;;74285;482191.81;1101447.71;2014-02-05T00:00:00
8368643;500291;Vøesina;;;;;186686;Vøesina;315681;Osvobození;è.p.;405;;;74285;481850.31;1101758.51;2014-02-05T00:00:00
8368651;500291;Vøesina;;;;;186686;Vøesina;315605;Nad Opustou;è.p.;406;;;74285;482285.89;1101386.47;2014-02-05T00:00:00
8368660;500291;Vøesina;;;;;186686;Vøesina;315702;Plzeòská;è.p.;407;;;74285;482368.65;1100742.78;2014-02-05T00:00:00
8368678;500291;Vøesina;;;;;186686;Vøesina;315427;Hadí kopec;è.p.;408;;;74285;482048.19;1100728.38;2014-02-05T00:00:00
8368686;500291;Vøesina;;;;;186686;Vøesina;315761;Pøíèná;è.p.;409;;;74285;482383.81;1101460.62;2014-02-05T00:00:00
8368694;500291;Vøesina;;;;;186686;Vøesina;315681;Osvobození;è.p.;410;;;74285;481793.69;1101587.50;2014-02-05T00:00:00
8368708;500291;Vøesina;;;;;186686;Vøesina;315451;Hradèanská;è.p.;411;;;74285;481819.29;1102154.15;2013-12-28T00:00:00
8368716;500291;Vøesina;;;;;186686;Vøesina;315761;Pøíèná;è.p.;412;;;74285;482315.02;1101501.13;2014-02-05T00:00:00
8368724;500291;Vøesina;;;;;186686;Vøesina;315575;Msgr. Tomáška;è.p.;413;;;74285;482389.68;1101394.30;2014-02-05T00:00:00
8368732;500291;Vøesina;;;;;186686;Vøesina;315991;Záhumení;è.p.;414;;;74285;482097.10;1102352.58;2013-12-28T00:00:00
8368741;500291;Vøesina;;;;;186686;Vøesina;315702;Plzeòská;è.p.;415;;;74285;482311.51;1100784.38;2014-02-05T00:00:00
8368759;500291;Vøesina;;;;;186686;Vøesina;315443;Hluboèická;è.p.;416;;;74285;482038.56;1100688.90;2014-02-05T00:00:00
8368767;500291;Vøesina;;;;;186686;Vøesina;315672;Na vyhlídce;è.p.;417;;;74285;482550.33;1101436.90;2014-02-05T00:00:00
8368775;500291;Vøesina;;;;;186686;Vøesina;315907;U køíže;è.p.;418;;;74285;481697.50;1102120.79;2014-02-05T00:00:00
8368783;500291;Vøesina;;;;;186686;Vøesina;315991;Záhumení;è.p.;419;;;74285;482217.84;1102530.64;2013-12-28T00:00:00
8368791;500291;Vøesina;;;;;186686;Vøesina;315401;Dolní;è.p.;420;;;74285;482330.97;1101567.77;2014-02-05T00:00:00
8368805;500291;Vøesina;;;;;186686;Vøesina;315575;Msgr. Tomáška;è.p.;421;;;74285;482431.39;1101451.49;2014-02-05T00:00:00
8368813;500291;Vøesina;;;;;186686;Vøesina;315711;Pod lípou;è.p.;422;;;74285;482192.15;1101569.58;2014-02-05T00:00:00
8368821;500291;Vøesina;;;;;186686;Vøesina;315711;Pod lípou;è.p.;423;;;74285;482198.86;1101591.71;2014-02-05T00:00:00
8368830;500291;Vøesina;;;;;186686;Vøesina;315401;Dolní;è.p.;424;;;74285;482316.84;1101547.82;2014-02-05T00:00:00
8368848;500291;Vøesina;;;;;186686;Vøesina;315401;Dolní;è.p.;425;;;74285;482278.33;1101493.89;2014-02-05T00:00:00
8368856;500291;Vøesina;;;;;186686;Vøesina;315401;Dolní;è.p.;426;;;74285;482291.49;1101512.50;2014-02-05T00:00:00
8368864;500291;Vøesina;;;;;186686;Vøesina;315401;Dolní;è.p.;427;;;74285;482264.95;1101476.62;2014-02-05T00:00:00
8368872;500291;Vøesina;;;;;186686;Vøesina;315401;Dolní;è.p.;428;;;74285;482251.98;1101458.66;2014-02-05T00:00:00
8368881;500291;Vøesina;;;;;186686;Vøesina;315401;Dolní;è.p.;429;;;74285;482280.00;1101451.90;2014-02-05T00:00:00
8368899;500291;Vøesina;;;;;186686;Vøesina;315869;Topolová;è.p.;430;;;74285;482365.52;1101569.93;2014-02-05T00:00:00
8368902;500291;Vøesina;;;;;186686;Vøesina;315508;Krátká;è.p.;431;;;74285;482387.89;1101550.27;2014-02-05T00:00:00
8368911;500291;Vøesina;;;;;186686;Vøesina;315508;Krátká;è.p.;432;;;74285;482372.99;1101530.00;2014-02-05T00:00:00
8368929;500291;Vøesina;;;;;186686;Vøesina;315508;Krátká;è.p.;433;;;74285;482356.33;1101506.72;2014-02-05T00:00:00
8368937;500291;Vøesina;;;;;186686;Vøesina;315508;Krátká;è.p.;434;;;74285;482340.26;1101484.87;2014-02-05T00:00:00
8368945;500291;Vøesina;;;;;186686;Vøesina;315761;Pøíèná;è.p.;435;;;74285;482316.34;1101467.47;2014-02-05T00:00:00
8368953;500291;Vøesina;;;;;186686;Vøesina;315761;Pøíèná;è.p.;436;;;74285;482326.23;1101453.19;2014-02-05T00:00:00
8368961;500291;Vøesina;;;;;186686;Vøesina;315761;Pøíèná;è.p.;437;;;74285;482344.82;1101449.00;2014-02-05T00:00:00
8368970;500291;Vøesina;;;;;186686;Vøesina;315761;Pøíèná;è.p.;438;;;74285;482353.85;1101433.63;2014-02-05T00:00:00
8368988;500291;Vøesina;;;;;186686;Vøesina;315761;Pøíèná;è.p.;439;;;74285;482373.63;1101431.69;2014-02-05T00:00:00
8368996;500291;Vøesina;;;;;186686;Vøesina;315761;Pøíèná;è.p.;440;;;74285;482363.29;1101472.27;2014-02-05T00:00:00
8369003;500291;Vøesina;;;;;186686;Vøesina;315508;Krátká;è.p.;441;;;74285;482377.91;1101492.51;2014-02-05T00:00:00
8369011;500291;Vøesina;;;;;186686;Vøesina;315508;Krátká;è.p.;442;;;74285;482394.33;1101515.39;2014-02-05T00:00:00
8369020;500291;Vøesina;;;;;186686;Vøesina;315508;Krátká;è.p.;443;;;74285;482409.37;1101536.15;2014-02-05T00:00:00
8369038;500291;Vøesina;;;;;186686;Vøesina;315575;Msgr. Tomáška;è.p.;444;;;74285;482464.88;1101496.33;2014-02-05T00:00:00
8369046;500291;Vøesina;;;;;186686;Vøesina;315575;Msgr. Tomáška;è.p.;445;;;74285;482491.10;1101481.01;2014-02-05T00:00:00
8369054;500291;Vøesina;;;;;186686;Vøesina;315575;Msgr. Tomáška;è.p.;446;;;74285;482443.62;1101468.13;2014-02-05T00:00:00
8369062;500291;Vøesina;;;;;186686;Vøesina;315575;Msgr. Tomáška;è.p.;447;;;74285;482457.17;1101441.02;2014-02-05T00:00:00
8369071;500291;Vøesina;;;;;186686;Vøesina;315575;Msgr. Tomáška;è.p.;448;;;74285;482419.25;1101433.05;2014-02-05T00:00:00
8369089;500291;Vøesina;;;;;186686;Vøesina;315575;Msgr. Tomáška;è.p.;449;;;74285;482402.40;1101410.92;2014-02-05T00:00:00
8369097;500291;Vøesina;;;;;186686;Vøesina;315575;Msgr. Tomáška;è.p.;450;;;74285;482377.97;1101377.12;2014-02-05T00:00:00
8369101;500291;Vøesina;;;;;186686;Vøesina;315575;Msgr. Tomáška;è.p.;451;;;74285;482367.12;1101360.30;2014-02-05T00:00:00
8369119;500291;Vøesina;;;;;186686;Vøesina;315605;Nad Opustou;è.p.;452;;;74285;482322.14;1101362.25;2014-02-05T00:00:00
8369127;500291;Vøesina;;;;;186686;Vøesina;315605;Nad Opustou;è.p.;453;;;74285;482302.76;1101374.59;2014-02-05T00:00:00
8369135;500291;Vøesina;;;;;186686;Vøesina;315605;Nad Opustou;è.p.;454;;;74285;482463.88;1101277.15;2014-02-05T00:00:00
8369143;500291;Vøesina;;;;;186686;Vøesina;315605;Nad Opustou;è.p.;455;;;74285;482479.50;1101267.46;2014-02-05T00:00:00
8369151;500291;Vøesina;;;;;186686;Vøesina;315605;Nad Opustou;è.p.;456;;;74285;482496.69;1101256.21;2014-02-05T00:00:00
8369160;500291;Vøesina;;;;;186686;Vøesina;315605;Nad Opustou;è.p.;457;;;74285;482512.63;1101245.90;2014-02-05T00:00:00
8369178;500291;Vøesina;;;;;186686;Vøesina;315478;Jabloòová;è.p.;458;;;74285;482545.59;1101283.09;2014-02-05T00:00:00
8369186;500291;Vøesina;;;;;186686;Vøesina;315478;Jabloòová;è.p.;459;;;74285;482521.60;1101286.69;2014-02-05T00:00:00
8369194;500291;Vøesina;;;;;186686;Vøesina;315478;Jabloòová;è.p.;460;;;74285;482510.28;1101307.46;2014-02-05T00:00:00
8369208;500291;Vøesina;;;;;186686;Vøesina;315672;Na vyhlídce;è.p.;461;;;74285;482492.59;1101316.53;2014-02-05T00:00:00
8369216;500291;Vøesina;;;;;186686;Vøesina;315672;Na vyhlídce;è.p.;462;;;74285;482509.69;1101342.04;2014-02-05T00:00:00
8369224;500291;Vøesina;;;;;186686;Vøesina;315672;Na vyhlídce;è.p.;463;;;74285;482533.35;1101376.44;2014-02-05T00:00:00
8369232;500291;Vøesina;;;;;186686;Vøesina;315672;Na vyhlídce;è.p.;464;;;74285;482521.69;1101359.30;2014-02-05T00:00:00
8369241;500291;Vøesina;;;;;186686;Vøesina;315672;Na vyhlídce;è.p.;465;;;74285;482544.09;1101392.52;2014-02-05T00:00:00
8369259;500291;Vøesina;;;;;186686;Vøesina;315672;Na vyhlídce;è.p.;466;;;74285;482554.98;1101408.33;2014-02-05T00:00:00
8369267;500291;Vøesina;;;;;186686;Vøesina;315869;Topolová;è.p.;467;;;74285;482583.11;1101409.65;2014-02-05T00:00:00
8369275;500291;Vøesina;;;;;186686;Vøesina;315869;Topolová;è.p.;468;;;74285;482602.30;1101396.88;2014-02-05T00:00:00
8369283;500291;Vøesina;;;;;186686;Vøesina;315877;Tøešòová;è.p.;469;;;74285;482604.72;1101368.70;2014-02-05T00:00:00
8369291;500291;Vøesina;;;;;186686;Vøesina;315877;Tøešòová;è.p.;470;;;74285;482593.65;1101352.72;2014-02-05T00:00:00
8369305;500291;Vøesina;;;;;186686;Vøesina;315877;Tøešòová;è.p.;471;;;74285;482581.20;1101337.57;2014-02-05T00:00:00
8369313;500291;Vøesina;;;;;186686;Vøesina;315877;Tøešòová;è.p.;472;;;74285;482571.01;1101322.32;2014-02-05T00:00:00
8369321;500291;Vøesina;;;;;186686;Vøesina;315478;Jabloòová;è.p.;473;;;74285;482544.83;1101318.72;2014-02-05T00:00:00
8369330;500291;Vøesina;;;;;186686;Vøesina;315753;Prostorná;è.p.;474;;;74285;481825.32;1101993.25;2014-02-05T00:00:00
8369348;500291;Vøesina;;;;;186686;Vøesina;315451;Hradèanská;è.p.;475;;;74285;481809.73;1102066.45;2014-02-05T00:00:00
8369356;500291;Vøesina;;;;;186686;Vøesina;315451;Hradèanská;è.p.;476;;;74285;481820.66;1102083.19;2014-02-05T00:00:00
8369364;500291;Vøesina;;;;;186686;Vøesina;315451;Hradèanská;è.p.;477;;;74285;481844.79;1102121.00;2014-02-05T00:00:00
8369372;500291;Vøesina;;;;;186686;Vøesina;315451;Hradèanská;è.p.;478;;;74285;481807.10;1102134.81;2014-02-05T00:00:00
8369381;500291;Vøesina;;;;;186686;Vøesina;315451;Hradèanská;è.p.;479;;;74285;481794.06;1102115.05;2014-02-05T00:00:00
8369399;500291;Vøesina;;;;;186686;Vøesina;315621;Na kopeèku;è.p.;480;;;74285;482287.96;1102308.88;2014-02-05T00:00:00
8369402;500291;Vøesina;;;;;186686;Vøesina;315885;Úzká;è.p.;481;;;74285;482180.09;1101916.91;2014-02-05T00:00:00
8369411;500291;Vøesina;;;;;186686;Vøesina;315443;Hluboèická;è.p.;482;;;74285;481959.91;1100744.35;2013-12-28T00:00:00
8369429;500291;Vøesina;;;;;186686;Vøesina;315443;Hluboèická;è.p.;483;;;74285;482011.55;1100735.18;2013-12-28T00:00:00
8369437;500291;Vøesina;;;;;186686;Vøesina;315443;Hluboèická;è.p.;484;;;74285;482148.07;1100656.18;2013-12-28T00:00:00
8369445;500291;Vøesina;;;;;186686;Vøesina;315702;Plzeòská;è.p.;485;;;74285;482331.25;1100769.47;2013-12-28T00:00:00
8369453;500291;Vøesina;;;;;186686;Vøesina;315532;Lomená;è.p.;486;;;74285;482043.36;1101037.78;2013-12-28T00:00:00
8369461;500291;Vøesina;;;;;186686;Vøesina;315443;Hluboèická;è.p.;487;;;74285;481798.99;1100942.56;2013-12-28T00:00:00
8369470;500291;Vøesina;;;;;186686;Vøesina;315443;Hluboèická;è.p.;488;;;74285;481858.29;1101022.70;2013-12-28T00:00:00
8369488;500291;Vøesina;;;;;186686;Vøesina;315427;Hadí kopec;è.p.;489;;;74285;482039.01;1100766.57;2013-12-28T00:00:00
8369496;500291;Vøesina;;;;;186686;Vøesina;315702;Plzeòská;è.p.;490;;;74285;482280.25;1100809.77;2013-12-28T00:00:00
8369500;500291;Vøesina;;;;;186686;Vøesina;315877;Tøešòová;è.p.;491;;;74285;482634.81;1101367.93;2014-02-05T00:00:00
8369518;500291;Vøesina;;;;;186686;Vøesina;315877;Tøešòová;è.p.;492;;;74285;482624.53;1101353.63;2014-02-05T00:00:00
8369526;500291;Vøesina;;;;;186686;Vøesina;315877;Tøešòová;è.p.;493;;;74285;482613.97;1101337.82;2014-02-05T00:00:00
8369534;500291;Vøesina;;;;;186686;Vøesina;315877;Tøešòová;è.p.;494;;;74285;482602.85;1101321.51;2014-02-05T00:00:00
8369542;500291;Vøesina;;;;;186686;Vøesina;315877;Tøešòová;è.p.;495;;;74285;482592.28;1101306.38;2014-02-05T00:00:00
8369551;500291;Vøesina;;;;;186686;Vøesina;315877;Tøešòová;è.p.;496;;;74285;482580.15;1101285.44;2014-02-05T00:00:00
8369569;500291;Vøesina;;;;;186686;Vøesina;315940;Vìtrná;è.p.;497;;;74285;482629.29;1101254.29;2014-02-05T00:00:00
8369577;500291;Vøesina;;;;;186686;Vøesina;315940;Vìtrná;è.p.;498;;;74285;482640.18;1101271.19;2014-02-05T00:00:00
8369585;500291;Vøesina;;;;;186686;Vøesina;315940;Vìtrná;è.p.;499;;;74285;482650.49;1101286.79;2014-02-05T00:00:00
8369593;500291;Vøesina;;;;;186686;Vøesina;315940;Vìtrná;è.p.;500;;;74285;482661.95;1101301.74;2014-02-05T00:00:00
8369607;500291;Vøesina;;;;;186686;Vøesina;315940;Vìtrná;è.p.;501;;;74285;482674.30;1101316.04;2014-02-05T00:00:00
8369615;500291;Vøesina;;;;;186686;Vøesina;315869;Topolová;è.p.;502;;;74285;482685.19;1101330.97;2014-02-05T00:00:00
8369623;500291;Vøesina;;;;;186686;Vøesina;315869;Topolová;è.p.;503;;;74285;482707.49;1101315.28;2014-02-05T00:00:00
8369631;500291;Vøesina;;;;;186686;Vøesina;315940;Vìtrná;è.p.;504;;;74285;482695.68;1101300.47;2014-02-05T00:00:00
8369640;500291;Vøesina;;;;;186686;Vøesina;315940;Vìtrná;è.p.;505;;;74285;482685.43;1101282.78;2014-02-05T00:00:00
8369658;500291;Vøesina;;;;;186686;Vøesina;315940;Vìtrná;è.p.;506;;;74285;482674.12;1101267.91;2014-02-05T00:00:00
8369666;500291;Vøesina;;;;;186686;Vøesina;315940;Vìtrná;è.p.;507;;;74285;482663.40;1101252.44;2014-02-05T00:00:00
8369674;500291;Vøesina;;;;;186686;Vøesina;315940;Vìtrná;è.p.;508;;;74285;482653.90;1101233.56;2014-02-05T00:00:00
8369682;500291;Vøesina;;;;;186686;Vøesina;315656;Na svahu;è.p.;509;;;74285;482696.40;1101225.63;2014-02-05T00:00:00
8369691;500291;Vøesina;;;;;186686;Vøesina;315656;Na svahu;è.p.;510;;;74285;482723.12;1101230.68;2014-02-05T00:00:00
8369704;500291;Vøesina;;;;;186686;Vøesina;315656;Na svahu;è.p.;511;;;74285;482733.45;1101247.53;2014-02-05T00:00:00
8369712;500291;Vøesina;;;;;186686;Vøesina;315656;Na svahu;è.p.;512;;;74285;482744.09;1101261.46;2014-02-05T00:00:00
8369721;500291;Vøesina;;;;;186686;Vøesina;315869;Topolová;è.p.;513;;;74285;482753.95;1101278.14;2014-02-05T00:00:00
8369739;500291;Vøesina;;;;;186686;Vøesina;315681;Osvobození;è.p.;514;;;74285;481787.74;1101650.77;2013-12-28T00:00:00
8369747;500291;Vøesina;;;;;186686;Vøesina;315699;Píseèná;è.p.;515;;;74285;481887.94;1101177.53;2014-02-05T00:00:00
8369755;500291;Vøesina;;;;;186686;Vøesina;315427;Hadí kopec;è.p.;516;;;74285;482063.99;1100736.32;2013-12-28T00:00:00
8369763;500291;Vøesina;;;;;186686;Vøesina;315851;Svaživá;è.p.;517;;;74285;481765.17;1101024.90;2013-12-28T00:00:00
8369771;500291;Vøesina;;;;;186686;Vøesina;315443;Hluboèická;è.p.;518;;;74285;481777.35;1101078.38;2013-12-28T00:00:00
8369780;500291;Vøesina;;;;;186686;Vøesina;315699;Píseèná;è.p.;519;;;74285;481788.34;1101185.42;2013-12-28T00:00:00
8369798;500291;Vøesina;;;;;186686;Vøesina;315443;Hluboèická;è.p.;520;;;74285;482064.54;1100679.80;2013-12-28T00:00:00
8369801;500291;Vøesina;;;;;186686;Vøesina;315427;Hadí kopec;è.p.;521;;;74285;482012.05;1100796.86;2013-12-28T00:00:00
8369810;500291;Vøesina;;;;;186686;Vøesina;315800;Slezská;è.p.;522;;;74285;482049.16;1100834.86;2013-12-28T00:00:00
8369828;500291;Vøesina;;;;;186686;Vøesina;315681;Osvobození;è.p.;523;;;74285;481960.24;1101196.70;2013-12-28T00:00:00
8369836;500291;Vøesina;;;;;186686;Vøesina;315681;Osvobození;è.p.;524;;;74285;481923.89;1101273.02;2013-12-28T00:00:00
8369844;500291;Vøesina;;;;;186686;Vøesina;315966;Vøesová;è.p.;525;;;74285;481641.03;1100947.64;2013-12-28T00:00:00
8369852;500291;Vøesina;;;;;186686;Vøesina;315681;Osvobození;è.p.;526;;;74285;482328.12;1100897.00;2013-12-28T00:00:00
8369861;500291;Vøesina;;;;;186686;Vøesina;315966;Vøesová;è.p.;527;;;74285;481669.38;1101030.30;2013-12-28T00:00:00
8369879;500291;Vøesina;;;;;186686;Vøesina;315966;Vøesová;è.p.;528;;;74285;481680.90;1101048.54;2013-12-28T00:00:00
8369887;500291;Vøesina;;;;;186686;Vøesina;315966;Vøesová;è.p.;529;;;74285;481704.45;1101057.22;2013-12-28T00:00:00
8369895;500291;Vøesina;;;;;186686;Vøesina;315966;Vøesová;è.p.;530;;;74285;481713.92;1101075.42;2013-12-28T00:00:00
8369909;500291;Vøesina;;;;;186686;Vøesina;315966;Vøesová;è.p.;532;;;74285;481741.98;1101117.84;2013-12-28T00:00:00
8369917;500291;Vøesina;;;;;186686;Vøesina;315966;Vøesová;è.p.;533;;;74285;481748.57;1101139.86;2013-12-28T00:00:00
8369925;500291;Vøesina;;;;;186686;Vøesina;315966;Vøesová;è.p.;534;;;74285;481755.28;1101158.34;2013-12-28T00:00:00
8369933;500291;Vøesina;;;;;186686;Vøesina;315991;Záhumení;è.p.;536;;;74285;481961.94;1102279.47;2014-02-05T00:00:00
8369941;500291;Vøesina;;;;;186686;Vøesina;315451;Hradèanská;è.p.;537;;;74285;481795.69;1102043.54;2014-02-05T00:00:00
8369950;500291;Vøesina;;;;;186686;Vøesina;315991;Záhumení;è.p.;538;;;74285;482080.88;1102333.07;2014-02-05T00:00:00
8369968;500291;Vøesina;;;;;186686;Vøesina;315451;Hradèanská;è.p.;539;;;74285;481854.68;1102213.48;2014-02-05T00:00:00
8369976;500291;Vøesina;;;;;186686;Vøesina;315451;Hradèanská;è.p.;540;;;74285;481851.69;1102244.52;2014-02-05T00:00:00
8369984;500291;Vøesina;;;;;186686;Vøesina;315991;Záhumení;è.p.;541;;;74285;482243.73;1102549.02;2013-12-28T00:00:00
8369992;500291;Vøesina;;;;;186686;Vøesina;315991;Záhumení;è.p.;542;;;74285;481858.85;1102060.88;2014-02-05T00:00:00
8370001;500291;Vøesina;;;;;186686;Vøesina;315451;Hradèanská;è.p.;543;;;74285;481858.89;1102137.97;2014-02-05T00:00:00
8370010;500291;Vøesina;;;;;186686;Vøesina;315681;Osvobození;è.p.;544;;;74285;481869.39;1101259.64;2013-12-28T00:00:00
8370028;500291;Vøesina;;;;;186686;Vøesina;315753;Prostorná;è.p.;545;;;74285;481855.26;1102008.36;2014-02-05T00:00:00
8370036;500291;Vøesina;;;;;186686;Vøesina;315753;Prostorná;è.p.;546;;;74285;481837.66;1102020.27;2014-02-05T00:00:00
8370044;500291;Vøesina;;;;;186686;Vøesina;315753;Prostorná;è.p.;547;;;74285;481859.16;1101966.15;2014-02-05T00:00:00
8370052;500291;Vøesina;;;;;186686;Vøesina;315524;Lázeòská;è.p.;548;;;74285;482506.81;1102497.60;2014-02-05T00:00:00
8370061;500291;Vøesina;;;;;186686;Vøesina;315524;Lázeòská;è.p.;549;;;74285;482524.56;1102505.86;2014-02-05T00:00:00
8370079;500291;Vøesina;;;;;186686;Vøesina;315885;Úzká;è.p.;550;;;74285;482159.02;1101934.20;2014-02-05T00:00:00
8370087;500291;Vøesina;;;;;186686;Vøesina;315656;Na svahu;è.p.;551;;;74285;482744.14;1101211.37;2014-02-05T00:00:00
8370095;500291;Vøesina;;;;;186686;Vøesina;315656;Na svahu;è.p.;552;;;74285;482755.73;1101229.65;2014-02-05T00:00:00
8370109;500291;Vøesina;;;;;186686;Vøesina;315656;Na svahu;è.p.;553;;;74285;482766.18;1101246.94;2014-02-05T00:00:00
8370117;500291;Vøesina;;;;;186686;Vøesina;315656;Na svahu;è.p.;554;;;74285;482777.48;1101261.88;2014-02-05T00:00:00
8370125;500291;Vøesina;;;;;186686;Vøesina;315915;U lesa;è.p.;555;;;74285;482824.92;1101224.60;2014-02-05T00:00:00
8370133;500291;Vøesina;;;;;186686;Vøesina;315915;U lesa;è.p.;556;;;74285;482814.78;1101208.67;2014-02-05T00:00:00
8370141;500291;Vøesina;;;;;186686;Vøesina;315915;U lesa;è.p.;557;;;74285;482803.53;1101191.94;2014-02-05T00:00:00
8370150;500291;Vøesina;;;;;186686;Vøesina;315915;U lesa;è.p.;558;;;74285;482793.74;1101179.00;2014-02-05T00:00:00
8370168;500291;Vøesina;;;;;186686;Vøesina;315672;Na vyhlídce;è.p.;559;;;74285;482523.05;1101426.94;2014-02-05T00:00:00
8370176;500291;Vøesina;;;;;186686;Vøesina;315711;Pod lípou;è.p.;560;;;74285;482141.89;1101500.74;2014-02-05T00:00:00
8370184;500291;Vøesina;;;;;186686;Vøesina;315869;Topolová;è.p.;561;;;74285;482858.69;1101243.09;2014-02-05T00:00:00
8370192;500291;Vøesina;;;;;186686;Vøesina;315869;Topolová;è.p.;562;;;74285;482845.48;1101260.50;2014-02-05T00:00:00
8370206;500291;Vøesina;;;;;186686;Vøesina;315869;Topolová;è.p.;563;;;74285;482824.89;1101265.32;2014-02-05T00:00:00
8370214;500291;Vøesina;;;;;186686;Vøesina;315869;Topolová;è.p.;564;;;74285;482813.80;1101284.04;2014-02-05T00:00:00
8370222;500291;Vøesina;;;;;186686;Vøesina;315869;Topolová;è.p.;565;;;74285;482794.20;1101289.29;2014-02-05T00:00:00
8370231;500291;Vøesina;;;;;186686;Vøesina;315869;Topolová;è.p.;566;;;74285;482782.08;1101307.71;2014-02-05T00:00:00
8370257;500291;Vøesina;;;;;186686;Vøesina;315869;Topolová;è.p.;568;;;74285;482749.21;1101328.78;2014-02-05T00:00:00
8370265;500291;Vøesina;;;;;186686;Vøesina;315869;Topolová;è.p.;569;;;74285;482729.23;1101336.75;2014-02-05T00:00:00
8370273;500291;Vøesina;;;;;186686;Vøesina;315869;Topolová;è.p.;570;;;74285;482720.73;1101355.25;2014-02-05T00:00:00
8370281;500291;Vøesina;;;;;186686;Vøesina;315869;Topolová;è.p.;571;;;74285;482697.11;1101362.50;2014-02-05T00:00:00
8370290;500291;Vøesina;;;;;186686;Vøesina;315869;Topolová;è.p.;572;;;74285;482689.48;1101382.37;2014-02-05T00:00:00
8370303;500291;Vøesina;;;;;186686;Vøesina;315869;Topolová;è.p.;573;;;74285;482667.86;1101388.78;2014-02-05T00:00:00
8370311;500291;Vøesina;;;;;186686;Vøesina;315869;Topolová;è.p.;574;;;74285;482658.53;1101408.26;2014-02-05T00:00:00
8370320;500291;Vøesina;;;;;186686;Vøesina;315869;Topolová;è.p.;575;;;74285;482636.79;1101411.09;2014-02-05T00:00:00
8370338;500291;Vøesina;;;;;186686;Vøesina;315869;Topolová;è.p.;576;;;74285;482626.19;1101432.08;2014-02-05T00:00:00
8370346;500291;Vøesina;;;;;186686;Vøesina;315869;Topolová;è.p.;577;;;74285;482604.94;1101438.33;2014-02-05T00:00:00
8370354;500291;Vøesina;;;;;186686;Vøesina;315869;Topolová;è.p.;578;;;74285;482596.50;1101449.41;2018-10-15T00:00:00
8370362;500291;Vøesina;;;;;186686;Vøesina;315869;Topolová;è.p.;579;;;74285;482575.60;1101455.98;2018-10-15T00:00:00
8370371;500291;Vøesina;;;;;186686;Vøesina;315869;Topolová;è.p.;580;;;74285;482565.41;1101480.67;2014-02-05T00:00:00
8370389;500291;Vøesina;;;;;186686;Vøesina;315869;Topolová;è.p.;581;;;74285;482541.97;1101486.77;2014-02-05T00:00:00
8370397;500291;Vøesina;;;;;186686;Vøesina;315869;Topolová;è.p.;582;;;74285;482530.10;1101508.80;2014-02-05T00:00:00
8370401;500291;Vøesina;;;;;186686;Vøesina;315869;Topolová;è.p.;583;;;74285;482503.88;1101523.73;2014-02-22T00:00:00
8370419;500291;Vøesina;;;;;186686;Vøesina;315869;Topolová;è.p.;584;;;74285;482474.72;1101550.00;2014-02-05T00:00:00
8370427;500291;Vøesina;;;;;186686;Vøesina;315869;Topolová;è.p.;585;;;74285;482452.06;1101552.01;2014-02-05T00:00:00
8370435;500291;Vøesina;;;;;186686;Vøesina;315869;Topolová;è.p.;586;;;74285;482440.58;1101570.67;2014-02-05T00:00:00
8370443;500291;Vøesina;;;;;186686;Vøesina;315869;Topolová;è.p.;587;;;74285;482418.68;1101573.19;2014-02-05T00:00:00
8370451;500291;Vøesina;;;;;186686;Vøesina;315869;Topolová;è.p.;588;;;74285;482404.88;1101589.59;2014-02-05T00:00:00
8370460;500291;Vøesina;;;;;186686;Vøesina;315869;Topolová;è.p.;589;;;74285;482385.75;1101594.50;2014-02-05T00:00:00
8370478;500291;Vøesina;;;;;186686;Vøesina;315869;Topolová;è.p.;590;;;74285;482374.90;1101614.36;2014-02-05T00:00:00
8370486;500291;Vøesina;;;;;186686;Vøesina;315869;Topolová;è.p.;591;;;74285;482351.26;1101616.49;2014-02-05T00:00:00
8370494;500291;Vøesina;;;;;186686;Vøesina;315869;Topolová;è.p.;592;;;74285;482342.44;1101637.71;2014-02-05T00:00:00
8370508;500291;Vøesina;;;;;186686;Vøesina;315869;Topolová;è.p.;593;;;74285;482319.63;1101639.86;2014-02-05T00:00:00
8370516;500291;Vøesina;;;;;186686;Vøesina;315869;Topolová;è.p.;594;;;74285;482305.99;1101608.67;2014-02-05T00:00:00
8370524;500291;Vøesina;;;;;186686;Vøesina;315974;Zahrádkáøská;è.p.;595;;;74285;482217.07;1101790.70;2014-02-05T00:00:00
8370532;500291;Vøesina;;;;;186686;Vøesina;315605;Nad Opustou;è.p.;596;;;74285;482407.61;1101330.43;2014-02-05T00:00:00
8370541;500291;Vøesina;;;;;186686;Vøesina;315834;Sportovní;è.p.;597;;;74285;482137.74;1101379.83;2014-02-05T00:00:00
8370559;500291;Vøesina;;;;;186686;Vøesina;315966;Vøesová;è.p.;598;;;74285;481791.17;1101138.49;2013-12-28T00:00:00
8370567;500291;Vøesina;;;;;186686;Vøesina;315851;Svaživá;è.p.;599;;;74285;481778.91;1101048.04;2013-12-28T00:00:00
8370575;500291;Vøesina;;;;;186686;Vøesina;315737;Pohoøí;è.p.;600;;;74285;482296.76;1100933.48;2013-12-28T00:00:00
8370583;500291;Vøesina;;;;;186686;Vøesina;315702;Plzeòská;è.p.;601;;;74285;481884.60;1101006.51;2013-12-28T00:00:00
8370591;500291;Vøesina;;;;;186686;Vøesina;315702;Plzeòská;è.p.;602;;;74285;481904.45;1100994.52;2013-12-28T00:00:00
8370605;500291;Vøesina;;;;;186686;Vøesina;315443;Hluboèická;è.p.;603;;;74285;481990.66;1100738.50;2013-12-28T00:00:00
8370613;500291;Vøesina;;;;;186686;Vøesina;315702;Plzeòská;è.p.;604;;;74285;482074.04;1100855.07;2013-12-28T00:00:00
8370621;500291;Vøesina;;;;;186686;Vøesina;315427;Hadí kopec;è.p.;605;;;74285;482124.27;1100842.62;2013-12-28T00:00:00
8370630;500291;Vøesina;;;;;186686;Vøesina;315800;Slezská;è.p.;606;;;74285;482081.95;1100799.27;2013-12-28T00:00:00
8370648;500291;Vøesina;;;;;186686;Vøesina;315427;Hadí kopec;è.p.;607;;;74285;482101.79;1100818.25;2013-12-28T00:00:00
8370656;500291;Vøesina;;;;;186686;Vøesina;315427;Hadí kopec;è.p.;608;;;74285;482051.13;1100782.70;2013-12-28T00:00:00
8370664;500291;Vøesina;;;;;186686;Vøesina;315800;Slezská;è.p.;609;;;74285;482062.73;1100811.47;2013-12-28T00:00:00
8370672;500291;Vøesina;;;;;186686;Vøesina;315443;Hluboèická;è.p.;610;;;74285;482021.21;1100637.18;2013-12-28T00:00:00
8370681;500291;Vøesina;;;;;186686;Vøesina;315443;Hluboèická;è.p.;611;;;74285;482086.77;1100708.81;2013-12-28T00:00:00
8370699;500291;Vøesina;;;;;186686;Vøesina;315966;Vøesová;è.p.;612;;;74285;481474.51;1100878.58;2013-12-28T00:00:00
8370702;500291;Vøesina;;;;;186686;Vøesina;315966;Vøesová;è.p.;613;;;74285;481584.91;1100947.10;2013-12-28T00:00:00
8370711;500291;Vøesina;;;;;186686;Vøesina;315966;Vøesová;è.p.;614;;;74285;481603.42;1100956.45;2013-12-28T00:00:00
8370729;500291;Vøesina;;;;;186686;Vøesina;315966;Vøesová;è.p.;615;;;74285;481619.16;1100966.96;2013-12-28T00:00:00
8370737;500291;Vøesina;;;;;186686;Vøesina;315966;Vøesová;è.p.;616;;;74285;481635.12;1100978.21;2013-12-28T00:00:00
8370745;500291;Vøesina;;;;;186686;Vøesina;315613;Nad školou;è.p.;617;;;74285;481704.62;1101696.13;2013-12-28T00:00:00
8370753;500291;Vøesina;;;;;186686;Vøesina;315613;Nad školou;è.p.;618;;;74285;481727.77;1101694.30;2013-12-28T00:00:00
8370761;500291;Vøesina;;;;;186686;Vøesina;315613;Nad školou;è.p.;619;;;74285;481748.61;1101694.60;2013-12-28T00:00:00
8370770;500291;Vøesina;;;;;186686;Vøesina;315613;Nad školou;è.p.;620;;;74285;481769.44;1101692.32;2013-12-28T00:00:00
8370788;500291;Vøesina;;;;;186686;Vøesina;315451;Hradèanská;è.p.;621;;;74285;481903.42;1102204.38;2014-02-05T00:00:00
8370796;500291;Vøesina;;;;;186686;Vøesina;315451;Hradèanská;è.p.;622;;;74285;481905.22;1102227.69;2014-02-05T00:00:00
8370800;500291;Vøesina;;;;;186686;Vøesina;315451;Hradèanská;è.p.;623;;;74285;481910.35;1102258.22;2014-02-05T00:00:00
8370818;500291;Vøesina;;;;;186686;Vøesina;315991;Záhumení;è.p.;624;;;74285;481934.10;1102242.44;2014-02-05T00:00:00
8370826;500291;Vøesina;;;;;186686;Vøesina;315991;Záhumení;è.p.;625;;;74285;481947.30;1102264.35;2014-02-05T00:00:00
8370834;500291;Vøesina;;;;;186686;Vøesina;315991;Záhumení;è.p.;626;;;74285;481973.36;1102294.99;2014-02-05T00:00:00
8370842;500291;Vøesina;;;;;186686;Vøesina;315991;Záhumení;è.p.;627;;;74285;481984.93;1102312.76;2014-02-05T00:00:00
8370851;500291;Vøesina;;;;;186686;Vøesina;315451;Hradèanská;è.p.;628;;;74285;481914.23;1102220.87;2014-02-05T00:00:00
8370869;500291;Vøesina;;;;;186686;Vøesina;315991;Záhumení;è.p.;629;;;74285;482016.49;1102338.22;2014-02-05T00:00:00
8370877;500291;Vøesina;;;;;186686;Vøesina;315991;Záhumení;è.p.;630;;;74285;482025.63;1102352.31;2014-02-05T00:00:00
8370885;500291;Vøesina;;;;;186686;Vøesina;315991;Záhumení;è.p.;631;;;74285;482044.72;1102367.10;2014-02-05T00:00:00
8370893;500291;Vøesina;;;;;186686;Vøesina;315991;Záhumení;è.p.;632;;;74285;482059.26;1102382.79;2014-02-05T00:00:00
8370907;500291;Vøesina;;;;;186686;Vøesina;315991;Záhumení;è.p.;633;;;74285;482198.20;1102487.09;2014-02-05T00:00:00
8370915;500291;Vøesina;;;;;186686;Vøesina;315494;Klimkovická;è.p.;634;;;74285;482330.84;1102591.08;2014-02-05T00:00:00
8370923;500291;Vøesina;;;;;186686;Vøesina;315699;Píseèná;è.p.;635;;;74285;481828.54;1101183.65;2013-12-28T00:00:00
8370931;500291;Vøesina;;;;;186686;Vøesina;315699;Píseèná;è.p.;636;;;74285;481810.33;1101182.24;2013-12-28T00:00:00
8370940;500291;Vøesina;;;;;186686;Vøesina;315966;Vøesová;è.p.;637;;;74285;481806.84;1101153.24;2013-12-28T00:00:00
8370958;500291;Vøesina;;;;;186686;Vøesina;315478;Jabloòová;è.p.;638;;;74285;482561.16;1101271.57;2014-02-05T00:00:00
8370966;500291;Vøesina;;;;;186686;Vøesina;315966;Vøesová;è.p.;639;;;74285;481831.46;1101152.60;2013-12-28T00:00:00
8370974;500291;Vøesina;;;;;186686;Vøesina;315443;Hluboèická;è.p.;640;;;74285;481852.76;1101115.33;2013-12-28T00:00:00
8370982;500291;Vøesina;;;;;186686;Vøesina;315443;Hluboèická;è.p.;641;;;74285;481942.79;1100757.84;2013-12-28T00:00:00
8370991;500291;Vøesina;;;;;186686;Vøesina;315966;Vøesová;è.p.;642;;;74285;481566.56;1100937.34;2013-12-28T00:00:00
8371008;500291;Vøesina;;;;;186686;Vøesina;315966;Vøesová;è.p.;643;;;74285;481544.18;1100928.56;2013-12-28T00:00:00
8371016;500291;Vøesina;;;;;186686;Vøesina;315451;Hradèanská;è.p.;644;;;74285;481878.71;1102183.18;2014-02-05T00:00:00
8371024;500291;Vøesina;;;;;186686;Vøesina;315613;Nad školou;è.p.;645;;;74285;481683.88;1101696.08;2013-12-28T00:00:00
8371032;500291;Vøesina;;;;;186686;Vøesina;315541;Malá strana;è.p.;646;;;74285;482130.97;1102118.72;2014-02-05T00:00:00
8371041;500291;Vøesina;;;;;186686;Vøesina;315541;Malá strana;è.p.;647;;;74285;482112.08;1102077.70;2014-02-05T00:00:00
8371059;500291;Vøesina;;;;;186686;Vøesina;315788;Selská;è.p.;648;;;74285;482186.09;1101878.08;2014-02-05T00:00:00
8371067;500291;Vøesina;;;;;186686;Vøesina;315869;Topolová;è.p.;649;;;74285;482432.40;1101519.06;2014-02-05T00:00:00
8371075;500291;Vøesina;;;;;186686;Vøesina;315559;Mešnická;è.p.;650;;;74285;481549.64;1102030.32;2013-12-28T00:00:00
8371083;500291;Vøesina;;;;;186686;Vøesina;315745;Polní;è.p.;651;;;74285;482375.21;1102370.02;2014-02-05T00:00:00
8371091;500291;Vøesina;;;;;186686;Vøesina;315869;Topolová;è.p.;652;;;74285;482890.08;1101228.41;2014-02-05T00:00:00
8371105;500291;Vøesina;;;;;186686;Vøesina;315869;Topolová;è.p.;653;;;74285;482847.14;1101209.30;2014-02-05T00:00:00
8371113;500291;Vøesina;;;;;186686;Vøesina;315605;Nad Opustou;è.p.;654;;;74285;482230.79;1101382.31;2014-02-05T00:00:00
8371121;500291;Vøesina;;;;;186686;Vøesina;315702;Plzeòská;è.p.;655;;;74285;482056.82;1100867.43;2013-12-28T00:00:00
8371130;500291;Vøesina;;;;;186686;Vøesina;315401;Dolní;è.p.;656;;;74285;482304.55;1101531.67;2014-02-05T00:00:00
8371156;500291;Vøesina;;;;;186686;Vøesina;315753;Prostorná;è.p.;658;;;74285;481886.08;1101949.75;2014-02-05T00:00:00
8371164;500291;Vøesina;;;;;186686;Vøesina;315443;Hluboèická;è.p.;659;;;74285;481869.18;1101041.20;2013-12-28T00:00:00
8371172;500291;Vøesina;;;;;186686;Vøesina;315621;Na kopeèku;è.p.;660;;;74285;482294.75;1102241.91;2014-02-05T00:00:00
8371181;500291;Vøesina;;;;;186686;Vøesina;315486;Jižní;è.p.;661;;;74285;482393.18;1102444.16;2014-02-05T00:00:00
8371199;500291;Vøesina;;;;;186686;Vøesina;315486;Jižní;è.p.;662;;;74285;482399.29;1102437.23;2014-02-05T00:00:00
8371202;500291;Vøesina;;;;;186686;Vøesina;315486;Jižní;è.p.;663;;;74285;482405.72;1102430.30;2014-02-05T00:00:00
8371211;500291;Vøesina;;;;;186686;Vøesina;315486;Jižní;è.p.;664;;;74285;482412.32;1102423.61;2014-02-05T00:00:00
8371229;500291;Vøesina;;;;;186686;Vøesina;315486;Jižní;è.p.;665;;;74285;482424.99;1102409.31;2014-02-05T00:00:00
8371237;500291;Vøesina;;;;;186686;Vøesina;315486;Jižní;è.p.;666;;;74285;482431.56;1102402.61;2014-02-05T00:00:00
8371245;500291;Vøesina;;;;;186686;Vøesina;315486;Jižní;è.p.;667;;;74285;482443.68;1102388.35;2014-02-05T00:00:00
8371253;500291;Vøesina;;;;;186686;Vøesina;315486;Jižní;è.p.;668;;;74285;482437.49;1102395.29;2014-02-05T00:00:00
8371261;500291;Vøesina;;;;;186686;Vøesina;315486;Jižní;è.p.;669;;;74285;482450.37;1102382.16;2014-02-05T00:00:00
8371270;500291;Vøesina;;;;;186686;Vøesina;315486;Jižní;è.p.;670;;;74285;482470.45;1102419.78;2014-02-05T00:00:00
8371288;500291;Vøesina;;;;;186686;Vøesina;315486;Jižní;è.p.;671;;;74285;482461.46;1102427.15;2014-02-05T00:00:00
8371296;500291;Vøesina;;;;;186686;Vøesina;315486;Jižní;è.p.;672;;;74285;482457.67;1102433.47;2014-02-05T00:00:00
8371300;500291;Vøesina;;;;;186686;Vøesina;315486;Jižní;è.p.;673;;;74285;482460.19;1102440.75;2014-02-05T00:00:00
8371318;500291;Vøesina;;;;;186686;Vøesina;315486;Jižní;è.p.;674;;;74285;482442.96;1102448.22;2014-02-05T00:00:00
8371326;500291;Vøesina;;;;;186686;Vøesina;315486;Jižní;è.p.;675;;;74285;482436.91;1102455.11;2014-02-05T00:00:00
8371334;500291;Vøesina;;;;;186686;Vøesina;315524;Lázeòská;è.p.;678;;;74285;482365.60;1102428.43;2014-02-05T00:00:00
8371342;500291;Vøesina;;;;;186686;Vøesina;315524;Lázeòská;è.p.;679;;;74285;482378.87;1102482.10;2014-02-05T00:00:00
8371351;500291;Vøesina;;;;;186686;Vøesina;315435;Hlavní;è.p.;680;;;74285;482122.40;1102279.75;2014-02-05T00:00:00
8371369;500291;Vøesina;;;;;186686;Vøesina;315541;Malá strana;è.p.;681;;;74285;482247.12;1102153.75;2014-02-05T00:00:00
8371377;500291;Vøesina;;;;;186686;Vøesina;315788;Selská;è.p.;683;;;74285;482239.17;1102048.17;2014-02-05T00:00:00
8371385;500291;Vøesina;;;;;186686;Vøesina;315991;Záhumení;è.p.;684;;;74285;481998.24;1102324.71;2014-02-05T00:00:00
8371393;500291;Vøesina;;;;;186686;Vøesina;315940;Vìtrná;è.p.;685;;;74285;482629.18;1101224.98;2014-02-05T00:00:00
8371407;500291;Vøesina;;;;;186686;Vøesina;315940;Vìtrná;è.p.;686;;;74285;482619.41;1101221.88;2014-02-05T00:00:00
8371415;500291;Vøesina;;;;;186686;Vøesina;315940;Vìtrná;è.p.;687;;;74285;482609.83;1101218.96;2014-02-05T00:00:00
8371423;500291;Vøesina;;;;;186686;Vøesina;315940;Vìtrná;è.p.;688;;;74285;482600.34;1101215.86;2014-02-05T00:00:00
8371431;500291;Vøesina;;;;;186686;Vøesina;315940;Vìtrná;è.p.;689;;;74285;482590.30;1101213.12;2014-02-05T00:00:00
8371440;500291;Vøesina;;;;;186686;Vøesina;315940;Vìtrná;è.p.;690;;;74285;482580.45;1101209.93;2014-02-05T00:00:00
8371458;500291;Vøesina;;;;;186686;Vøesina;315940;Vìtrná;è.p.;691;;;74285;482598.64;1101245.03;2014-02-05T00:00:00
8371466;500291;Vøesina;;;;;186686;Vøesina;315681;Osvobození;è.p.;692;;;74285;481830.63;1101735.33;2013-12-28T00:00:00
8371474;500291;Vøesina;;;;;186686;Vøesina;315460;Høbitovní;è.p.;693;;;74285;481551.43;1102098.65;2013-12-28T00:00:00
8371482;500291;Vøesina;;;;;186686;Vøesina;315559;Mešnická;è.p.;694;;;74285;481544.48;1102077.28;2013-12-28T00:00:00
8371491;500291;Vøesina;;;;;186686;Vøesina;315991;Záhumení;è.p.;695;;;74285;482054.37;1102325.34;2014-02-05T00:00:00
8371504;500291;Vøesina;;;;;186686;Vøesina;315591;Nádražní;è.p.;696;;;74285;482097.46;1101449.17;2013-12-28T00:00:00
8371512;500291;Vøesina;;;;;186686;Vøesina;315621;Na kopeèku;è.p.;697;;;74285;482338.18;1102206.72;2014-02-05T00:00:00
8371521;500291;Vøesina;;;;;186686;Vøesina;315435;Hlavní;è.p.;698;;;74285;482296.74;1102479.70;2014-02-05T00:00:00
8371539;500291;Vøesina;;;;;186686;Vøesina;315991;Záhumení;è.p.;699;;;74285;482038.65;1102305.58;2014-02-05T00:00:00
8371547;500291;Vøesina;;;;;186686;Vøesina;315702;Plzeòská;è.p.;700;;;74285;481930.43;1100946.03;2013-12-28T00:00:00
8371555;500291;Vøesina;;;;;186686;Vøesina;315915;U lesa;è.p.;701;;;74285;482834.66;1101190.94;2014-02-05T00:00:00
8371563;500291;Vøesina;;;;;186686;Vøesina;315443;Hluboèická;è.p.;702;;;74285;481960.00;1100711.58;2013-12-28T00:00:00
8371571;500291;Vøesina;;;;;186686;Vøesina;315737;Pohoøí;è.p.;703;;;74285;482192.41;1100973.18;2013-12-28T00:00:00
8371580;500291;Vøesina;;;;;186686;Vøesina;315541;Malá strana;è.p.;705;;;74285;482235.18;1102257.31;2014-02-05T00:00:00
8371598;500291;Vøesina;;;;;186686;Vøesina;315711;Pod lípou;è.p.;706;;;74285;482258.69;1101575.67;2014-02-05T00:00:00
8371601;500291;Vøesina;;;;;186686;Vøesina;315966;Vøesová;è.p.;708;;;74285;481769.51;1101109.37;2013-12-28T00:00:00
8371610;500291;Vøesina;;;;;186686;Vøesina;315737;Pohoøí;è.p.;710;;;74285;482002.51;1101117.13;2013-12-28T00:00:00
8371644;500291;Vøesina;;;;;186686;Vøesina;315991;Záhumení;è.p.;713;;;74285;482189.05;1102554.36;2014-02-05T00:00:00
8371652;500291;Vøesina;;;;;186686;Vøesina;315605;Nad Opustou;è.p.;714;;;74285;482438.32;1101233.50;2014-02-05T00:00:00
8371661;500291;Vøesina;;;;;186686;Vøesina;315966;Vøesová;è.p.;715;;;74285;481504.74;1100925.45;2013-12-28T00:00:00
8371679;500291;Vøesina;;;;;186686;Vøesina;315443;Hluboèická;è.p.;716;;;74285;481919.88;1101137.78;2013-12-28T00:00:00
8371687;500291;Vøesina;;;;;186686;Vøesina;315770;Rakovecká;è.p.;717;;;74285;482683.77;1103671.35;2014-02-05T00:00:00
8371695;500291;Vøesina;;;;;186686;Vøesina;315991;Záhumení;è.p.;720;;;74285;482172.26;1102531.90;2014-02-05T00:00:00
8371709;500291;Vøesina;;;;;186686;Vøesina;;;è.ev.;1;;;74285;482616.89;1103638.24;2014-02-05T00:00:00
8371717;500291;Vøesina;;;;;186686;Vøesina;;;è.ev.;2;;;74285;482637.10;1103652.27;2014-02-05T00:00:00
8371725;500291;Vøesina;;;;;186686;Vøesina;;;è.ev.;3;;;74285;482650.24;1103659.56;2014-02-05T00:00:00
8371733;500291;Vøesina;;;;;186686;Vøesina;;;è.ev.;4;;;74285;482308.04;1103220.67;2014-02-05T00:00:00
8371768;500291;Vøesina;;;;;186686;Vøesina;;;è.ev.;7;;;74285;482459.39;1100815.94;2013-12-28T00:00:00
8371776;500291;Vøesina;;;;;186686;Vøesina;315681;Osvobození;è.ev.;8;;;74285;482443.55;1100817.22;2013-12-28T00:00:00
8371784;500291;Vøesina;;;;;186686;Vøesina;;;è.ev.;9;;;74285;482477.66;1100825.60;2013-12-28T00:00:00
8371792;500291;Vøesina;;;;;186686;Vøesina;;;è.ev.;10;;;74285;482135.77;1100932.44;2013-12-28T00:00:00
8371806;500291;Vøesina;;;;;186686;Vøesina;;;è.ev.;11;;;74285;482128.46;1100882.35;2013-12-28T00:00:00
8371814;500291;Vøesina;;;;;186686;Vøesina;;;è.ev.;12;;;74285;482044.80;1100857.73;2013-12-28T00:00:00
8371822;500291;Vøesina;;;;;186686;Vøesina;;;è.ev.;13;;;74285;482042.26;1100878.21;2013-12-28T00:00:00
8371831;500291;Vøesina;;;;;186686;Vøesina;;;è.ev.;14;;;74285;481933.64;1100881.74;2013-12-28T00:00:00
8371857;500291;Vøesina;;;;;186686;Vøesina;;;è.ev.;16;;;74285;481909.99;1100892.99;2013-12-28T00:00:00
8371865;500291;Vøesina;;;;;186686;Vøesina;315702;Plzeòská;è.p.;736;;;74285;482256.55;1100835.55;2013-12-28T00:00:00
8371881;500291;Vøesina;;;;;186686;Vøesina;;;è.ev.;19;;;74285;482144.23;1100671.02;2013-12-28T00:00:00
8371890;500291;Vøesina;;;;;186686;Vøesina;;;è.ev.;20;;;74285;482362.41;1100768.56;2013-12-28T00:00:00
8371903;500291;Vøesina;;;;;186686;Vøesina;315443;Hluboèická;è.ev.;21;;;74285;482085.51;1100626.23;2013-12-28T00:00:00
8371911;500291;Vøesina;;;;;186686;Vøesina;;;è.ev.;22;;;74285;481922.05;1100727.26;2013-12-28T00:00:00
8371920;500291;Vøesina;;;;;186686;Vøesina;;;è.ev.;23;;;74285;481908.95;1100718.02;2013-12-28T00:00:00
8371938;500291;Vøesina;;;;;186686;Vøesina;;;è.ev.;24;;;74285;482169.76;1100938.58;2013-12-28T00:00:00
8371946;500291;Vøesina;;;;;186686;Vøesina;315966;Vøesová;è.p.;910;;;74285;481655.77;1100996.84;2019-12-20T00:00:00
8371954;500291;Vøesina;;;;;186686;Vøesina;;;è.ev.;26;;;74285;481661.96;1101004.11;2013-12-28T00:00:00
8371962;500291;Vøesina;;;;;186686;Vøesina;;;è.ev.;27;;;74285;482124.00;1100903.00;2013-12-28T00:00:00
8371971;500291;Vøesina;;;;;186686;Vøesina;;;è.ev.;28;;;74285;481980.45;1101292.87;2013-12-28T00:00:00
8371989;500291;Vøesina;;;;;186686;Vøesina;;;è.ev.;29;;;74285;481622.75;1100930.86;2013-12-28T00:00:00
8371997;500291;Vøesina;;;;;186686;Vøesina;315966;Vøesová;è.p.;767;;;74285;481611.39;1100923.96;2013-12-28T00:00:00
8372004;500291;Vøesina;;;;;186686;Vøesina;315966;Vøesová;è.ev.;31;;;74285;481596.34;1100911.83;2017-06-09T00:00:00
8372012;500291;Vøesina;;;;;186686;Vøesina;;;è.ev.;32;;;74285;481577.78;1100902.72;2013-12-28T00:00:00
8372021;500291;Vøesina;;;;;186686;Vøesina;;;è.ev.;33;;;74285;481535.44;1100894.23;2013-12-28T00:00:00
8372039;500291;Vøesina;;;;;186686;Vøesina;;;è.ev.;36;;;74285;483364.64;1101697.39;2014-02-05T00:00:00
8372047;500291;Vøesina;;;;;186686;Vøesina;;;è.ev.;37;;;74285;483372.37;1101683.33;2014-02-05T00:00:00
8372055;500291;Vøesina;;;;;186686;Vøesina;;;è.ev.;38;;;74285;483378.30;1101676.73;2014-02-05T00:00:00
8372063;500291;Vøesina;;;;;186686;Vøesina;;;è.ev.;39;;;74285;483388.93;1101669.68;2014-02-05T00:00:00
8372071;500291;Vøesina;;;;;186686;Vøesina;;;è.ev.;40;;;74285;483398.86;1101665.36;2014-02-05T00:00:00
8372080;500291;Vøesina;;;;;186686;Vøesina;;;è.ev.;41;;;74285;483409.74;1101658.07;2014-02-05T00:00:00
8372098;500291;Vøesina;;;;;186686;Vøesina;;;è.ev.;42;;;74285;483419.86;1101650.69;2014-02-05T00:00:00
8372101;500291;Vøesina;;;;;186686;Vøesina;;;è.ev.;43;;;74285;483432.34;1101645.10;2014-02-05T00:00:00
8372128;500291;Vøesina;;;;;186686;Vøesina;;;è.ev.;45;;;74285;483349.65;1101695.73;2014-02-05T00:00:00
8372144;500291;Vøesina;;;;;186686;Vøesina;3340589;K Hájence;è.p.;883;;;74285;483372.79;1101569.68;2023-10-16T00:00:00
8372161;500291;Vøesina;;;;;186686;Vøesina;315788;Selská;è.ev.;49;;;74285;482422.00;1102211.16;2014-02-05T00:00:00
25000942;500291;Vøesina;;;;;186686;Vøesina;315591;Nádražní;è.p.;707;;;74285;481980.96;1101509.89;2013-12-28T00:00:00
25000951;500291;Vøesina;;;;;186686;Vøesina;315869;Topolová;è.p.;721;;;74285;482296.92;1101651.92;2014-02-05T00:00:00
25000977;500291;Vøesina;;;;;186686;Vøesina;315672;Na vyhlídce;è.p.;725;;;74285;482481.01;1101361.01;2014-02-05T00:00:00
25204653;500291;Vøesina;;;;;186686;Vøesina;315567;Mlýnská;è.p.;726;;;74285;481640.53;1101473.06;2013-12-28T00:00:00
25204661;500291;Vøesina;;;;;186686;Vøesina;315834;Sportovní;è.p.;727;;;74285;482203.08;1101345.17;2014-02-05T00:00:00
25204670;500291;Vøesina;;;;;186686;Vøesina;315788;Selská;è.p.;728;;;74285;482214.98;1101866.34;2014-02-05T00:00:00
25204688;500291;Vøesina;;;;;186686;Vøesina;315907;U køíže;è.p.;729;;;74285;481667.54;1102116.45;2013-12-28T00:00:00
25204696;500291;Vøesina;;;;;186686;Vøesina;315877;Tøešòová;è.p.;730;;;74285;482583.93;1101291.20;2014-02-05T00:00:00
25204700;500291;Vøesina;;;;;186686;Vøesina;315524;Lázeòská;è.p.;731;;;74285;482451.01;1102539.06;2014-02-05T00:00:00
25598155;500291;Vøesina;;;;;186686;Vøesina;315711;Pod lípou;è.p.;709;;;74285;482124.65;1101576.57;2014-02-05T00:00:00
25598163;500291;Vøesina;;;;;186686;Vøesina;688134;Hranièní;è.p.;718;;;74285;482302.78;1100699.57;2013-12-28T00:00:00
25598171;500291;Vøesina;;;;;186686;Vøesina;688134;Hranièní;è.p.;719;;;74285;482289.09;1100696.87;2013-12-28T00:00:00
25598180;500291;Vøesina;;;;;186686;Vøesina;315788;Selská;è.p.;723;;;74285;482315.00;1102169.42;2014-02-05T00:00:00
25598198;500291;Vøesina;;;;;186686;Vøesina;315869;Topolová;è.p.;724;;;74285;482761.64;1101315.20;2014-02-05T00:00:00
25598201;500291;Vøesina;;;;;186686;Vøesina;315907;U køíže;è.p.;732;;;74285;481675.15;1102136.76;2013-12-28T00:00:00
25598210;500291;Vøesina;;;;;186686;Vøesina;315907;U køíže;è.p.;733;;;74285;481629.40;1102134.22;2018-10-15T00:00:00
25598228;500291;Vøesina;;;;;186686;Vøesina;315991;Záhumení;è.p.;734;;;74285;482282.24;1102579.45;2014-02-05T00:00:00
25598236;500291;Vøesina;;;;;186686;Vøesina;315591;Nádražní;è.p.;735;;;74285;482017.45;1101503.17;2013-12-28T00:00:00
25598244;500291;Vøesina;;;;;186686;Vøesina;315524;Lázeòská;è.p.;739;;;74285;482400.91;1102530.59;2014-02-05T00:00:00
25598252;500291;Vøesina;;;;;186686;Vøesina;315818;Sosnová;è.p.;740;;;74285;482020.42;1100939.66;2013-12-28T00:00:00
25598261;500291;Vøesina;;;;;186686;Vøesina;315435;Hlavní;è.p.;741;;;74285;482258.88;1102461.50;2014-02-05T00:00:00
25598279;500291;Vøesina;;;;;186686;Vøesina;315788;Selská;è.p.;743;;;74285;482448.95;1102298.91;2014-02-05T00:00:00
25598287;500291;Vøesina;;;;;186686;Vøesina;315991;Záhumení;è.p.;745;;;74285;481836.25;1102034.69;2014-02-05T00:00:00
25616056;500291;Vøesina;;;;;186686;Vøesina;315729;Pod vodojemem;è.p.;746;;;74285;482636.46;1102516.69;2014-02-05T00:00:00
25637789;500291;Vøesina;;;;;186686;Vøesina;315524;Lázeòská;è.p.;677;;;74285;482405.78;1102492.40;2014-02-05T00:00:00
25988956;500291;Vøesina;;;;;186686;Vøesina;315991;Záhumení;è.p.;682;;;74285;482099.00;1102479.00;2014-02-05T00:00:00
25993925;500291;Vøesina;;;;;186686;Vøesina;315702;Plzeòská;è.p.;759;;;74285;481984.00;1100926.00;2013-12-28T00:00:00
26119242;500291;Vøesina;;;;;186686;Vøesina;315559;Mešnická;è.p.;752;;;74285;481513.19;1102023.29;2013-12-28T00:00:00
26311054;500291;Vøesina;;;;;186686;Vøesina;761249;Bøidlièná;è.p.;753;;;74285;482808.21;1101344.18;2014-02-05T00:00:00
26418959;500291;Vøesina;;;;;186686;Vøesina;315907;U køíže;è.p.;763;;;74285;481540.71;1102195.44;2013-12-28T00:00:00
26427753;500291;Vøesina;;;;;186686;Vøesina;315494;Klimkovická;è.p.;758;;;74285;482295.24;1102566.20;2014-02-05T00:00:00
26439891;500291;Vøesina;;;;;186686;Vøesina;315907;U køíže;è.p.;742;;;74285;481579.10;1102212.41;2013-12-28T00:00:00
26440601;500291;Vøesina;;;;;186686;Vøesina;761249;Bøidlièná;è.p.;762;;;74285;482675.70;1101489.81;2014-02-05T00:00:00
26444593;500291;Vøesina;;;;;186686;Vøesina;315907;U køíže;è.p.;755;;;74285;481592.96;1102166.63;2013-12-28T00:00:00
26452081;500291;Vøesina;;;;;186686;Vøesina;761249;Bøidlièná;è.p.;768;;;74285;482654.17;1101504.62;2014-02-05T00:00:00
26460327;500291;Vøesina;;;;;186686;Vøesina;315524;Lázeòská;è.p.;744;;;74285;482423.20;1102552.85;2014-02-05T00:00:00
26468581;500291;Vøesina;;;;;186686;Vøesina;761249;Bøidlièná;è.p.;754;;;74285;482828.89;1101374.63;2014-02-05T00:00:00
26485231;500291;Vøesina;;;;;186686;Vøesina;688134;Hranièní;è.p.;748;;;74285;482265.68;1100687.43;2014-02-22T00:00:00
26487845;500291;Vøesina;;;;;186686;Vøesina;315966;Vøesová;è.p.;761;;;74285;481724.38;1101023.78;2013-12-28T00:00:00
26577607;500291;Vøesina;;;;;186686;Vøesina;315427;Hadí kopec;è.p.;774;;;74285;482008.11;1100760.66;2013-12-28T00:00:00
26581353;500291;Vøesina;;;;;186686;Vøesina;315699;Píseèná;è.p.;778;;;74285;481800.24;1101246.81;2013-12-28T00:00:00
26583917;500291;Vøesina;;;;;186686;Vøesina;761249;Bøidlièná;è.p.;777;;;74285;482769.78;1101421.67;2014-02-05T00:00:00
26585804;500291;Vøesina;;;;;186686;Vøesina;315699;Píseèná;è.p.;776;;;74285;481816.00;1101227.00;2013-12-28T00:00:00
26623251;500291;Vøesina;;;;;186686;Vøesina;315443;Hluboèická;è.p.;779;;;74285;482115.72;1100629.73;2013-12-28T00:00:00
26665239;500291;Vøesina;;;;;186686;Vøesina;315907;U køíže;è.p.;747;;;74285;481556.55;1102213.28;2013-12-28T00:00:00
26665247;500291;Vøesina;;;;;186686;Vøesina;315681;Osvobození;è.p.;757;;;74285;481969.44;1101095.03;2013-12-28T00:00:00
26700379;500291;Vøesina;;;;;186686;Vøesina;761249;Bøidlièná;è.p.;782;;;74285;482596.89;1101551.73;2014-02-05T00:00:00
26713241;500291;Vøesina;;;;;186686;Vøesina;761249;Bøidlièná;è.p.;786;;;74285;482644.91;1101468.18;2014-02-05T00:00:00
26713250;500291;Vøesina;;;;;186686;Vøesina;315401;Dolní;è.p.;751;;;74285;482271.81;1101430.89;2014-02-05T00:00:00
26713268;500291;Vøesina;;;;;186686;Vøesina;315524;Lázeòská;è.p.;676;;;74285;482487.00;1102450.34;2014-02-05T00:00:00
26713276;500291;Vøesina;;;;;186686;Vøesina;315991;Záhumení;è.p.;775;;;74285;482144.29;1102455.65;2014-02-05T00:00:00
27025977;500291;Vøesina;;;;;186686;Vøesina;315966;Vøesová;è.p.;531;;;74285;481729.61;1101097.91;2013-12-28T00:00:00
27025985;500291;Vøesina;;;;;186686;Vøesina;315681;Osvobození;è.p.;749;;;74285;481943.61;1101062.22;2013-12-28T00:00:00
27025993;500291;Vøesina;;;;;186686;Vøesina;315702;Plzeòská;è.p.;756;;;74285;481932.64;1101002.14;2013-12-28T00:00:00
27026001;500291;Vøesina;;;;;186686;Vøesina;761249;Bøidlièná;è.p.;780;;;74285;482604.28;1101501.55;2014-02-05T00:00:00
27026019;500291;Vøesina;;;;;186686;Vøesina;761249;Bøidlièná;è.p.;783;;;74285;482766.42;1101367.80;2014-02-05T00:00:00
27101622;500291;Vøesina;;;;;186686;Vøesina;315591;Nádražní;è.p.;771;;;74285;482059.00;1101470.00;2013-12-28T00:00:00
27101631;500291;Vøesina;;;;;186686;Vøesina;315401;Dolní;è.p.;773;;;74285;482240.05;1101440.61;2014-02-05T00:00:00
27101649;500291;Vøesina;;;;;186686;Vøesina;761249;Bøidlièná;è.p.;781;;;74285;482637.92;1101520.99;2014-02-05T00:00:00
27101657;500291;Vøesina;;;;;186686;Vøesina;761249;Bøidlièná;è.p.;784;;;74285;482491.95;1101627.50;2014-02-05T00:00:00
27101665;500291;Vøesina;;;;;186686;Vøesina;315524;Lázeòská;è.p.;789;;;74285;482456.87;1102506.89;2014-02-05T00:00:00
27101673;500291;Vøesina;;;;;186686;Vøesina;315494;Klimkovická;è.p.;790;;;74285;482394.19;1103685.97;2014-02-05T00:00:00
27127532;500291;Vøesina;;;;;186686;Vøesina;761249;Bøidlièná;è.p.;793;;;74285;482506.44;1101612.14;2014-02-05T00:00:00
27165949;500291;Vøesina;;;;;186686;Vøesina;315907;U køíže;è.p.;750;;;74285;481643.42;1102157.64;2013-12-28T00:00:00
27219682;500291;Vøesina;;;;;186686;Vøesina;761249;Bøidlièná;è.p.;792;;;74285;482696.49;1101472.22;2014-02-05T00:00:00
27226433;500291;Vøesina;;;;;186686;Vøesina;315907;U køíže;è.p.;738;;;74285;481568.54;1102180.77;2013-12-28T00:00:00
27251845;500291;Vøesina;;;;;186686;Vøesina;761249;Bøidlièná;è.p.;788;;;74285;482577.51;1101562.48;2014-02-05T00:00:00
27274594;500291;Vøesina;;;;;186686;Vøesina;315648;Na staré cestì;è.p.;794;;;74285;482364.84;1103636.05;2014-02-05T00:00:00
27306135;500291;Vøesina;;;;;186686;Vøesina;761249;Bøidlièná;è.p.;795;;;74285;482501.85;1101576.90;2014-02-05T00:00:00
27306143;500291;Vøesina;;;;;186686;Vøesina;688134;Hranièní;è.p.;797;;;74285;482329.39;1100705.64;2013-12-28T00:00:00
27306712;500291;Vøesina;;;;;186686;Vøesina;315524;Lázeòská;è.p.;796;;;74285;482533.38;1102537.11;2014-02-05T00:00:00
27331709;500291;Vøesina;;;;;186686;Vøesina;761249;Bøidlièná;è.p.;785;;;74285;482554.73;1101576.99;2014-02-05T00:00:00
27410625;500291;Vøesina;;;;;186686;Vøesina;315541;Malá strana;è.p.;1;;;74285;482222.14;1102205.36;2013-12-28T00:00:00
27474500;500291;Vøesina;;;;;186686;Vøesina;761249;Bøidlièná;è.p.;760;;;74285;482743.84;1101437.84;2014-02-05T00:00:00
27474518;500291;Vøesina;;;;;186686;Vøesina;761249;Bøidlièná;è.p.;764;;;74285;482792.46;1101401.30;2014-02-05T00:00:00
27474526;500291;Vøesina;;;;;186686;Vøesina;315931;U parku;è.p.;96;;;74285;482161.44;1101965.28;2019-12-06T00:00:00
27474534;500291;Vøesina;;;;;186686;Vøesina;315923;U mostu;è.ev.;51;;;74285;481666.79;1101335.87;2014-02-05T00:00:00
27509052;500291;Vøesina;;;;;186686;Vøesina;315443;Hluboèická;è.p.;806;;;74285;482128.17;1100675.94;2013-12-28T00:00:00
27534740;500291;Vøesina;;;;;186686;Vøesina;761249;Bøidlièná;è.p.;798;;;74285;482530.90;1101551.15;2014-02-05T00:00:00
27554856;500291;Vøesina;;;;;186686;Vøesina;761249;Bøidlièná;è.p.;804;;;74285;482527.00;1101598.00;2014-02-05T00:00:00
27554864;500291;Vøesina;;;;;186686;Vøesina;315443;Hluboèická;è.p.;805;;;74285;482164.56;1100651.02;2013-12-28T00:00:00
27584194;500291;Vøesina;;;;;186686;Vøesina;315834;Sportovní;è.p.;770;;;74285;482226.64;1101153.11;2014-02-05T00:00:00
27597431;500291;Vøesina;;;;;186686;Vøesina;761249;Bøidlièná;è.p.;810;;;74285;482588.41;1101511.68;2014-02-05T00:00:00
27625681;500291;Vøesina;;;;;186686;Vøesina;315974;Zahrádkáøská;è.p.;812;;;74285;482036.91;1101851.06;2014-02-05T00:00:00
27686019;500291;Vøesina;;;;;186686;Vøesina;761249;Bøidlièná;è.p.;813;;;74285;482885.45;1101341.10;2014-02-05T00:00:00
27727807;500291;Vøesina;;;;;186686;Vøesina;315681;Osvobození;è.p.;799;;;74285;482320.35;1100881.10;2013-12-28T00:00:00
27740897;500291;Vøesina;;;;;186686;Vøesina;315478;Jabloòová;è.p.;814;;;74285;482582.00;1101254.00;2014-02-05T00:00:00
27753557;500291;Vøesina;;;;;186686;Vøesina;315788;Selská;è.p.;769;;;74285;482289.40;1102188.99;2014-02-05T00:00:00
27766268;500291;Vøesina;;;;;186686;Vøesina;315991;Záhumení;è.p.;815;;;74285;482115.96;1102413.33;2014-02-05T00:00:00
27812685;500291;Vøesina;;;;;186686;Vøesina;315559;Mešnická;è.p.;821;;;74285;481853.85;1101859.20;2013-12-28T00:00:00
27818012;500291;Vøesina;;;;;186686;Vøesina;315648;Na staré cestì;è.p.;811;;;74285;482344.82;1103556.95;2014-02-05T00:00:00
27856381;500291;Vøesina;;;;;186686;Vøesina;761249;Bøidlièná;è.p.;787;;;74285;482619.00;1101488.00;2014-02-05T00:00:00
27885437;500291;Vøesina;;;;;186686;Vøesina;315991;Záhumení;è.p.;818;;;74285;482143.59;1102513.97;2014-02-05T00:00:00
27907236;500291;Vøesina;;;;;186686;Vøesina;315788;Selská;è.p.;839;;;74285;482475.99;1102275.29;2014-02-05T00:00:00
27907244;500291;Vøesina;;;;;186686;Vøesina;315460;Høbitovní;è.p.;834;;;74285;481551.18;1102148.67;2013-12-28T00:00:00
27950573;500291;Vøesina;;;;;186686;Vøesina;315681;Osvobození;è.p.;772;;;74285;481923.00;1101073.00;2013-12-28T00:00:00
27975932;500291;Vøesina;;;;;186686;Vøesina;315460;Høbitovní;è.p.;836;;;74285;481538.88;1102157.67;2013-12-28T00:00:00
27975975;500291;Vøesina;;;;;186686;Vøesina;761249;Bøidlièná;è.p.;802;;;74285;482674.37;1101444.82;2014-02-05T00:00:00
28008634;500291;Vøesina;;;;;186686;Vøesina;315575;Msgr. Tomáška;è.p.;820;;;74285;482453.06;1101483.93;2014-02-05T00:00:00
28013239;500291;Vøesina;;;;;186686;Vøesina;761249;Bøidlièná;è.p.;803;;;74285;482705.00;1101420.00;2014-02-05T00:00:00
28039297;500291;Vøesina;;;;;186686;Vøesina;315788;Selská;è.p.;819;;;74285;482328.21;1101987.85;2014-02-05T00:00:00
28044851;500291;Vøesina;;;;;186686;Vøesina;315460;Høbitovní;è.p.;833;;;74285;481557.66;1102144.88;2013-12-28T00:00:00
28057813;500291;Vøesina;;;;;186686;Vøesina;315605;Nad Opustou;è.p.;791;;;74285;482262.45;1101349.34;2014-02-05T00:00:00
28072251;500291;Vøesina;;;;;186686;Vøesina;315559;Mešnická;è.p.;840;;;74285;481842.00;1101943.00;2014-02-05T00:00:00
28096860;500291;Vøesina;;;;;186686;Vøesina;761249;Bøidlièná;è.p.;801;;;74285;482619.14;1101536.30;2014-02-05T00:00:00
28120396;500291;Vøesina;;;;;186686;Vøesina;315788;Selská;è.p.;842;;;74285;482522.44;1102411.56;2013-12-28T00:00:00
28127668;500291;Vøesina;;;;;186686;Vøesina;315460;Høbitovní;è.p.;835;;;74285;481544.69;1102154.21;2013-12-28T00:00:00
28136951;500291;Vøesina;;;;;186686;Vøesina;315770;Rakovecká;è.ev.;52;;;74285;482665.31;1103630.05;2014-02-05T00:00:00
28171837;500291;Vøesina;;;;;186686;Vøesina;315991;Záhumení;è.p.;765;;;74285;482128.00;1102432.00;2014-02-05T00:00:00
28187334;500291;Vøesina;;;;;186686;Vøesina;315460;Høbitovní;è.p.;844;;;74285;481510.00;1102128.00;2013-12-28T00:00:00
28191471;500291;Vøesina;;;;;186686;Vøesina;315524;Lázeòská;è.p.;843;;;74285;482470.00;1102577.00;2014-02-05T00:00:00
28249381;500291;Vøesina;;;;;186686;Vøesina;315427;Hadí kopec;è.p.;845;;;74285;481995.41;1100777.61;2014-02-22T00:00:00
28257251;500291;Vøesina;;;;;186686;Vøesina;315796;Slepá;è.p.;808;;;74285;482221.20;1100772.13;2014-02-05T00:00:00
28338391;500291;Vøesina;;;;;186686;Vøesina;315460;Høbitovní;è.p.;829;;;74285;481590.77;1102122.87;2013-12-28T00:00:00
28405846;500291;Vøesina;;;;;186686;Vøesina;761249;Bøidlièná;è.p.;816;;;74285;482864.34;1101302.81;2014-02-05T00:00:00
28454570;500291;Vøesina;;;;;186686;Vøesina;315788;Selská;è.p.;817;;;74285;482403.41;1102224.99;2014-02-05T00:00:00
30946093;500291;Vøesina;;;;;186686;Vøesina;315524;Lázeòská;è.p.;800;;;74285;482495.94;1102562.56;2014-02-05T00:00:00
30946107;500291;Vøesina;;;;;186686;Vøesina;315443;Hluboèická;è.p.;809;;;74285;481814.50;1100832.67;2013-12-28T00:00:00
30946115;500291;Vøesina;;;;;186686;Vøesina;315460;Høbitovní;è.p.;822;;;74285;481641.82;1102087.67;2013-12-28T00:00:00
30946123;500291;Vøesina;;;;;186686;Vøesina;315460;Høbitovní;è.p.;823;;;74285;481635.40;1102091.86;2013-12-28T00:00:00
30946131;500291;Vøesina;;;;;186686;Vøesina;315460;Høbitovní;è.p.;824;;;74285;481628.91;1102097.33;2013-12-28T00:00:00
30946140;500291;Vøesina;;;;;186686;Vøesina;315460;Høbitovní;è.p.;825;;;74285;481623.17;1102100.85;2013-12-28T00:00:00
30946158;500291;Vøesina;;;;;186686;Vøesina;315460;Høbitovní;è.p.;826;;;74285;481616.55;1102106.18;2013-12-28T00:00:00
30946166;500291;Vøesina;;;;;186686;Vøesina;315460;Høbitovní;è.p.;827;;;74285;481610.60;1102110.98;2013-12-28T00:00:00
30946174;500291;Vøesina;;;;;186686;Vøesina;315460;Høbitovní;è.p.;828;;;74285;481597.39;1102118.89;2013-12-28T00:00:00
30946182;500291;Vøesina;;;;;186686;Vøesina;315460;Høbitovní;è.p.;830;;;74285;481584.28;1102128.43;2013-12-28T00:00:00
30946191;500291;Vøesina;;;;;186686;Vøesina;315460;Høbitovní;è.p.;831;;;74285;481577.97;1102132.10;2013-12-28T00:00:00
30946204;500291;Vøesina;;;;;186686;Vøesina;315460;Høbitovní;è.p.;832;;;74285;481570.87;1102136.29;2013-12-28T00:00:00
30946212;500291;Vøesina;;;;;186686;Vøesina;315460;Høbitovní;è.p.;837;;;74285;481531.68;1102161.93;2013-12-28T00:00:00
30946221;500291;Vøesina;;;;;186686;Vøesina;315460;Høbitovní;è.p.;838;;;74285;481525.74;1102165.44;2013-12-28T00:00:00
30946239;500291;Vøesina;;;;;186686;Vøesina;315699;Píseèná;è.p.;846;;;74285;481781.75;1101227.36;2019-01-02T00:00:00
31329381;500291;Vøesina;;;;;186686;Vøesina;315443;Hluboèická;è.p.;704;;;74285;481958.00;1100677.00;2013-12-28T00:00:00
31329390;500291;Vøesina;;;;;186686;Vøesina;315991;Záhumení;è.p.;807;;;74285;482232.00;1102617.00;2014-02-05T00:00:00
40367975;500291;Vøesina;;;;;186686;Vøesina;315991;Záhumení;è.p.;847;;;74285;482149.53;1102480.88;2014-02-05T00:00:00
40372642;500291;Vøesina;;;;;186686;Vøesina;315702;Plzeòská;è.p.;849;;;74285;482028.09;1100845.36;2013-12-28T00:00:00
40695743;500291;Vøesina;;;;;186686;Vøesina;315681;Osvobození;è.p.;850;;;74285;481947.96;1101433.05;2013-12-28T00:00:00
40696006;500291;Vøesina;;;;;186686;Vøesina;315605;Nad Opustou;è.p.;851;;;74285;482208.78;1101438.40;2014-02-22T00:00:00
40696081;500291;Vøesina;;;;;186686;Vøesina;315435;Hlavní;è.p.;852;;;74285;482057.25;1102135.26;2014-02-05T00:00:00
40799425;500291;Vøesina;;;;;186686;Vøesina;315605;Nad Opustou;è.p.;848;;;74285;482183.10;1101421.92;2014-02-05T00:00:00
40808084;500291;Vøesina;;;;;186686;Vøesina;315702;Plzeòská;è.p.;853;;;74285;481974.39;1100896.47;2013-12-28T00:00:00
40947611;500291;Vøesina;;;;;186686;Vøesina;315788;Selská;è.p.;854;;;74285;482301.02;1102148.20;2014-02-05T00:00:00
41286120;500291;Vøesina;;;;;186686;Vøesina;315681;Osvobození;è.p.;855;;;74285;481934.90;1101408.00;2013-12-28T00:00:00
41383737;500291;Vøesina;;;;;186686;Vøesina;315621;Na kopeèku;è.p.;856;;;74285;482291.46;1102327.22;2014-02-05T00:00:00
41531612;500291;Vøesina;;;;;186686;Vøesina;315591;Nádražní;è.p.;857;;;74285;481993.21;1101463.84;2014-02-05T00:00:00
41600983;500291;Vøesina;;;;;186686;Vøesina;315591;Nádražní;è.p.;737;;;74285;482069.06;1101584.53;2014-02-05T00:00:00
41728271;500291;Vøesina;;;;;186686;Vøesina;315974;Zahrádkáøská;è.p.;858;;;74285;481984.88;1101854.64;2014-02-05T00:00:00
42104955;500291;Vøesina;;;;;186686;Vøesina;315435;Hlavní;è.p.;859;;;74285;482187.21;1102341.03;2013-12-28T00:00:00
42342872;500291;Vøesina;;;;;186686;Vøesina;315788;Selská;è.p.;860;;;74285;482483.48;1102395.14;2014-02-05T00:00:00
42349109;500291;Vøesina;;;;;186686;Vøesina;315681;Osvobození;è.p.;861;;;74285;481847.82;1101637.19;2014-02-05T00:00:00
42350620;500291;Vøesina;;;;;186686;Vøesina;315788;Selská;è.p.;862;;;74285;482275.05;1102132.89;2013-12-28T00:00:00
42432863;500291;Vøesina;;;;;186686;Vøesina;315591;Nádražní;è.p.;864;;;74285;482039.15;1101478.42;2013-12-28T00:00:00
42444144;500291;Vøesina;;;;;186686;Vøesina;315711;Pod lípou;è.p.;863;;;74285;482260.10;1101549.29;2014-02-05T00:00:00
42488524;500291;Vøesina;;;;;186686;Vøesina;761249;Bøidlièná;è.p.;865;;;74285;482481.70;1101590.02;2014-02-05T00:00:00
42494524;500291;Vøesina;;;;;186686;Vøesina;315524;Lázeòská;è.p.;866;;;74285;482465.50;1102489.41;2014-02-05T00:00:00
42666180;500291;Vøesina;;;;;186686;Vøesina;761249;Bøidlièná;è.p.;867;;;74285;482452.44;1101607.99;2014-02-05T00:00:00
71093389;500291;Vøesina;;;;;186686;Vøesina;315788;Selská;è.p.;869;;;74285;482471.55;1102358.03;2014-02-05T00:00:00
72289058;500291;Vøesina;;;;;186686;Vøesina;;;è.p.;868;;;74285;481245.01;1101306.32;2014-02-28T00:00:00
72499150;500291;Vøesina;;;;;186686;Vøesina;315699;Píseèná;è.p.;871;;;74285;481764.69;1101228.82;2014-04-01T00:00:00
72521201;500291;Vøesina;;;;;186686;Vøesina;761249;Bøidlièná;è.p.;872;;;74285;482718.92;1101456.86;2014-04-07T00:00:00
72623748;500291;Vøesina;;;;;186686;Vøesina;315681;Osvobození;è.p.;870;;;74285;482252.62;1101120.77;2014-04-30T00:00:00
72733721;500291;Vøesina;;;;;186686;Vøesina;315559;Mešnická;è.p.;873;;;74285;481784.24;1101919.91;2014-06-06T00:00:00
72843101;500291;Vøesina;;;;;186686;Vøesina;315770;Rakovecká;è.ev.;53;;;74285;482684.34;1103608.72;2014-06-24T00:00:00
72893443;500291;Vøesina;;;;;186686;Vøesina;315591;Nádražní;è.p.;874;;;74285;482079.87;1101454.56;2014-07-15T00:00:00
72902035;500291;Vøesina;;;;;186686;Vøesina;315788;Selská;è.p.;875;;;74285;482432.09;1102280.33;2014-07-17T00:00:00
72952334;500291;Vøesina;;;;;186686;Vøesina;315702;Plzeòská;è.p.;876;;;74285;482041.72;1100884.06;2014-08-04T00:00:00
73049743;500291;Vøesina;;;;;186686;Vøesina;315788;Selská;è.p.;877;;;74285;482458.40;1102327.04;2014-09-12T00:00:00
73117714;500291;Vøesina;;;;;186686;Vøesina;315869;Topolová;è.p.;878;;;74285;482274.95;1101635.91;2014-10-08T00:00:00
73422118;500291;Vøesina;;;;;186686;Vøesina;315541;Malá strana;è.p.;879;;;74285;482158.90;1102161.15;2015-02-10T00:00:00
73442739;500291;Vøesina;;;;;186686;Vøesina;315419;Dùlní;è.p.;880;;;74285;482182.23;1102252.44;2015-02-17T00:00:00
73569569;500291;Vøesina;;;;;186686;Vøesina;315699;Píseèná;è.p.;881;;;74285;481750.14;1101256.76;2015-04-07T00:00:00
73606634;500291;Vøesina;;;;;186686;Vøesina;761249;Bøidlièná;è.p.;841;;;74285;482453.96;1101646.72;2015-04-20T00:00:00
73710270;500291;Vøesina;;;;;186686;Vøesina;315991;Záhumení;è.p.;882;;;74285;482249.27;1102632.18;2015-05-22T00:00:00
75098601;500291;Vøesina;;;;;186686;Vøesina;761249;Bøidlièná;è.p.;884;;;74285;482839.71;1101366.66;2016-06-09T00:00:00
75184818;500291;Vøesina;;;;;186686;Vøesina;315788;Selská;è.p.;885;;;74285;482489.51;1102412.63;2016-07-11T00:00:00
75383560;500291;Vøesina;;;;;186686;Vøesina;315974;Zahrádkáøská;è.p.;886;;;74285;482152.54;1101794.59;2016-09-30T00:00:00
75691159;500291;Vøesina;;;;;186686;Vøesina;315702;Plzeòská;è.p.;887;;;74285;482353.02;1100748.08;2017-01-03T00:00:00
76826996;500291;Vøesina;;;;;186686;Vøesina;315494;Klimkovická;è.p.;888;;;74285;482249.25;1103086.85;2017-06-28T00:00:00
77712846;500291;Vøesina;;;;;186686;Vøesina;315672;Na vyhlídce;è.p.;889;;;74285;482477.32;1101342.75;2017-10-12T00:00:00
77791827;500291;Vøesina;;;;;186686;Vøesina;315443;Hluboèická;è.p.;890;;;74285;481886.26;1101160.45;2017-11-10T00:00:00
77919572;500291;Vøesina;;;;;186686;Vøesina;315826;Spoleèná;è.p.;891;;;74285;482030.55;1103706.16;2018-01-10T00:00:00
78081572;500291;Vøesina;;;;;186686;Vøesina;315494;Klimkovická;è.p.;900;;;74285;482351.31;1102951.33;2018-03-05T00:00:00
78220351;500291;Vøesina;;;;;186686;Vøesina;315494;Klimkovická;è.p.;892;;;74285;482324.93;1102670.06;2018-04-06T00:00:00
78344972;500291;Vøesina;;;;;186686;Vøesina;315494;Klimkovická;è.p.;902;;;74285;482238.45;1103028.23;2018-05-16T00:00:00
78372097;500291;Vøesina;;;;;186686;Vøesina;761249;Bøidlièná;è.p.;893;;;74285;482557.52;1101544.18;2018-05-24T00:00:00
78372305;500291;Vøesina;;;;;186686;Vøesina;761249;Bøidlièná;è.p.;894;;;74285;482564.19;1101539.27;2018-05-24T00:00:00
78372411;500291;Vøesina;;;;;186686;Vøesina;761249;Bøidlièná;è.p.;895;;;74285;482570.73;1101534.46;2018-05-24T00:00:00
78372739;500291;Vøesina;;;;;186686;Vøesina;761249;Bøidlièná;è.p.;896;;;74285;482575.38;1101530.30;2018-05-24T00:00:00
78663814;500291;Vøesina;;;;;186686;Vøesina;761249;Bøidlièná;è.p.;897;;;74285;482844.72;1101307.48;2018-09-05T00:00:00
78678749;500291;Vøesina;;;;;186686;Vøesina;315419;Dùlní;è.p.;903;;;74285;482199.30;1102295.35;2018-09-11T00:00:00
78678781;500291;Vøesina;;;;;186686;Vøesina;315419;Dùlní;è.p.;904;;;74285;482202.40;1102282.89;2018-09-11T00:00:00
78722462;500291;Vøesina;;;;;186686;Vøesina;315788;Selská;è.p.;898;;;74285;482410.90;1102250.51;2018-12-17T00:00:00
78796377;500291;Vøesina;;;;;186686;Vøesina;315711;Pod lípou;è.p.;901;;;74285;482274.45;1101596.23;2018-10-24T00:00:00
78817307;500291;Vøesina;;;;;186686;Vøesina;315788;Selská;è.p.;906;;;74285;482536.06;1102438.84;2018-10-31T00:00:00
78821894;500291;Vøesina;;;;;186686;Vøesina;315541;Malá strana;è.p.;210;;;74285;482263.88;1102153.97;2018-11-01T00:00:00
79099700;500291;Vøesina;;;;;186686;Vøesina;315991;Záhumení;è.p.;899;;;74285;482063.12;1102285.60;2019-01-29T00:00:00
79109713;500291;Vøesina;;;;;186686;Vøesina;;;è.p.;907;;;74285;481105.42;1102559.41;2019-02-01T00:00:00
79248331;500291;Vøesina;;;;;186686;Vøesina;315681;Osvobození;è.p.;908;;;74285;481875.53;1101495.71;2019-03-25T00:00:00
79886779;500291;Vøesina;;;;;186686;Vøesina;315591;Nádražní;è.p.;909;;;74285;481911.90;1101511.44;2019-09-16T00:00:00
80668917;500291;Vøesina;;;;;186686;Vøesina;315541;Malá strana;è.p.;905;;;74285;482219.71;1102319.39;2020-05-22T00:00:00
81171501;500291;Vøesina;;;;;186686;Vøesina;315770;Rakovecká;è.ev.;54;;;74285;482715.45;1103583.01;2020-09-29T00:00:00
81324413;500291;Vøesina;;;;;186686;Vøesina;315401;Dolní;è.p.;911;;;74285;482294.70;1101469.58;2020-11-30T00:00:00
81372728;500291;Vøesina;;;;;186686;Vøesina;315931;U parku;è.p.;913;;;74285;482174.88;1101992.84;2020-12-16T00:00:00
81405308;500291;Vøesina;;;;;186686;Vøesina;315575;Msgr. Tomáška;è.p.;912;;;74285;482411.01;1101376.14;2021-01-04T00:00:00
81797087;500291;Vøesina;;;;;186686;Vøesina;315443;Hluboèická;è.p.;914;;;74285;481901.43;1100777.99;2021-05-07T00:00:00
82008868;500291;Vøesina;;;;;186686;Vøesina;315834;Sportovní;è.p.;915;;;74285;482206.15;1101251.33;2021-08-04T00:00:00
82207372;500291;Vøesina;;;;;186686;Vøesina;315788;Selská;è.p.;917;;;74285;482304.16;1102082.62;2021-10-22T00:00:00
82314152;500291;Vøesina;;;;;186686;Vøesina;315991;Záhumení;è.p.;916;;;74285;482204.44;1102574.81;2021-12-03T00:00:00
82343845;500291;Vøesina;;;;;186686;Vøesina;315524;Lázeòská;è.p.;918;;;74285;482490.31;1102543.58;2021-12-14T00:00:00
82519129;500291;Vøesina;;;;;186686;Vøesina;315770;Rakovecká;è.ev.;55;;;74285;482700.94;1103656.21;2022-01-18T00:00:00
82655286;500291;Vøesina;;;;;186686;Vøesina;315443;Hluboèická;è.p.;919;;;74285;481775.29;1100890.90;2022-02-18T00:00:00
82659923;500291;Vøesina;;;;;186686;Vøesina;761249;Bøidlièná;è.p.;920;;;74285;482909.95;1101316.14;2022-02-21T00:00:00
83208411;500291;Vøesina;;;;;186686;Vøesina;315826;Spoleèná;è.p.;921;;;74285;482047.55;1103659.11;2022-08-11T00:00:00
84573082;500291;Vøesina;;;;;186686;Vøesina;315524;Lázeòská;è.p.;922;;;74285;482614.81;1102560.21;2022-11-28T00:00:00
84965916;500291;Vøesina;;;;;186686;Vøesina;315770;Rakovecká;è.p.;923;;;74285;482779.73;1103647.30;2023-02-16T00:00:00
85060712;500291;Vøesina;;;;;186686;Vøesina;315681;Osvobození;è.p.;924;;;74285;481963.15;1101805.70;2023-05-03T00:00:00
85125733;500291;Vøesina;;;;;186686;Vøesina;315681;Osvobození;è.p.;925;;;74285;481847.85;1101774.45;2023-04-21T00:00:00
85277011;500291;Vøesina;;;;;186686;Vøesina;315826;Spoleèná;è.p.;927;;;74285;482168.69;1103678.96;2023-06-08T00:00:00
85281263;500291;Vøesina;;;;;186686;Vøesina;315966;Vøesová;è.p.;926;;;74285;481810.00;1101108.54;2023-06-09T00:00:00
86153421;500291;Vøesina;;;;;186686;Vøesina;315974;Zahrádkáøská;è.p.;928;;;74285;482184.21;1101767.95;2024-04-23T00:00:00
86995766;500291;Vøesina;;;;;186686;Vøesina;315788;Selská;è.p.;929;;;74285;482488.61;1102377.76;2025-04-24T00:00:00
87157560;500291;Vøesina;;;;;186686;Vøesina;315681;Osvobození;è.p.;18;;;74285;481864.87;1101657.27;2025-07-04T00:00:00
87161800;500291;Vøesina;;;;;186686;Vøesina;315991;Záhumení;è.p.;930;;;74285;482219.04;1102588.95;2025-11-19T00:00:00
87184818;500291;Vøesina;;;;;186686;Vøesina;315699;Píseèná;è.p.;931;;;74285;481772.00;1101253.11;2025-07-18T00:00:00
87238438;500291;Vøesina;;;;;186686;Vøesina;315451;Hradèanská;è.p.;932;;;74285;481872.15;1102254.95;2025-08-19T00:00:00
87252643;500291;Vøesina;;;;;186686;Vøesina;315788;Selská;è.p.;933;;;74285;482202.38;1101842.29;2025-08-28T00:00:00
