Kód ADM;Kód obce;Název obce;Kód MOMC;Název MOMC;Kód obvodu Prahy;Název obvodu Prahy;Kód èásti obce;Název èásti obce;Kód ulice;Název ulice;Typ SO;Èíslo domovní;Èíslo orientaèní;Znak èísla orientaèního;PSÈ;Souøadnice Y;Souøadnice X;Platí Od
11419687;533955;Kutná Hora;;;;;77739;Hlouška;245551;Štefánikova;è.p.;1;9;;28401;684351.00;1065789.25;2013-12-02T00:00:00
11419695;533955;Kutná Hora;;;;;77739;Hlouška;245551;Štefánikova;è.p.;2;11;;28401;684338.88;1065787.38;2013-12-02T00:00:00
11419709;533955;Kutná Hora;;;;;77739;Hlouška;245551;Štefánikova;è.p.;3;15;;28401;684325.25;1065779.13;2013-12-02T00:00:00
11419717;533955;Kutná Hora;;;;;77739;Hlouška;244872;Pod Sukovem;è.p.;4;;;28401;684470.55;1065132.82;2013-12-02T00:00:00
11419725;533955;Kutná Hora;;;;;77739;Hlouška;245551;Štefánikova;è.p.;5;23;;28401;684293.06;1065789.00;2013-12-02T00:00:00
11419733;533955;Kutná Hora;;;;;77739;Hlouška;243655;Benešova;è.p.;6;8;;28401;684217.44;1065722.50;2013-12-02T00:00:00
11419741;533955;Kutná Hora;;;;;77739;Hlouška;243655;Benešova;è.p.;7;11;;28401;684225.13;1065674.75;2013-12-02T00:00:00
11419750;533955;Kutná Hora;;;;;77739;Hlouška;245551;Štefánikova;è.p.;8;21;;28401;684300.94;1065788.63;2013-12-02T00:00:00
11419768;533955;Kutná Hora;;;;;77739;Hlouška;245551;Štefánikova;è.p.;10;19;;28401;684310.69;1065788.50;2013-12-02T00:00:00
11419776;533955;Kutná Hora;;;;;77739;Hlouška;244872;Pod Sukovem;è.p.;11;;;28401;684551.56;1065083.38;2013-12-02T00:00:00
11419784;533955;Kutná Hora;;;;;77739;Hlouška;244490;Na Provaznici;è.p.;12;;;28401;684432.69;1065406.88;2013-12-02T00:00:00
11419806;533955;Kutná Hora;;;;;77739;Hlouška;244295;Lorecká;è.p.;14;;;28401;684425.56;1065351.50;2013-12-02T00:00:00
11419822;533955;Kutná Hora;;;;;77739;Hlouška;244490;Na Provaznici;è.p.;16;10;;28401;684486.31;1065386.75;2013-12-02T00:00:00
11419831;533955;Kutná Hora;;;;;77739;Hlouška;244490;Na Provaznici;è.p.;17;5;;28401;684497.69;1065409.50;2013-12-02T00:00:00
11419849;533955;Kutná Hora;;;;;77739;Hlouška;244511;Na Samohelce;è.p.;18;7;;28401;684565.31;1065443.38;2013-12-02T00:00:00
11419865;533955;Kutná Hora;;;;;77739;Hlouška;244791;Seifertovy sady;è.p.;20;;;28401;684705.19;1065564.88;2013-12-02T00:00:00
11419873;533955;Kutná Hora;;;;;77739;Hlouška;243728;Gruntecká;è.p.;21;33;;28401;684756.06;1065563.00;2013-12-02T00:00:00
11419881;533955;Kutná Hora;;;;;77739;Hlouška;243833;Hloušecká;è.p.;22;21;;28401;684751.31;1065683.38;2013-12-02T00:00:00
11419890;533955;Kutná Hora;;;;;77739;Hlouška;244490;Na Provaznici;è.p.;23;15;;28401;684615.50;1065308.38;2013-12-02T00:00:00
11419903;533955;Kutná Hora;;;;;77739;Hlouška;243833;Hloušecká;è.p.;25;11;;28401;684757.13;1065834.75;2013-12-02T00:00:00
11419911;533955;Kutná Hora;;;;;77739;Hlouška;243833;Hloušecká;è.p.;26;16;;28401;684746.94;1065795.13;2013-12-02T00:00:00
11419920;533955;Kutná Hora;;;;;77739;Hlouška;244791;Seifertovy sady;è.p.;27;11;;28401;684702.63;1065655.50;2013-12-02T00:00:00
11419938;533955;Kutná Hora;;;;;77739;Hlouška;244724;Olivova;è.p.;28;3;;28401;684693.81;1065652.50;2013-12-02T00:00:00
11419946;533955;Kutná Hora;;;;;77739;Hlouška;244929;Prachòanská;è.p.;29;30;;28401;684559.00;1065581.50;2013-12-02T00:00:00
11419954;533955;Kutná Hora;;;;;77739;Hlouška;244490;Na Provaznici;è.p.;30;11;;28401;684549.25;1065381.38;2013-12-02T00:00:00
11419971;533955;Kutná Hora;;;;;77739;Hlouška;243728;Gruntecká;è.p.;32;;;28401;684736.13;1065445.63;2013-12-02T00:00:00
11419997;533955;Kutná Hora;;;;;77739;Hlouška;244295;Lorecká;è.p.;35;13;;28401;684440.81;1065731.88;2013-12-02T00:00:00
11420006;533955;Kutná Hora;;;;;77739;Hlouška;244899;Pod Valy;è.p.;36;8;;28401;684481.94;1065798.38;2013-12-02T00:00:00
11420014;533955;Kutná Hora;;;;;77739;Hlouška;244791;Seifertovy sady;è.p.;38;6;;28401;684697.00;1065532.00;2013-12-02T00:00:00
11420031;533955;Kutná Hora;;;;;77739;Hlouška;244023;Kamenná stezka;è.p.;40;1;;28401;684231.66;1065888.32;2013-12-02T00:00:00
11420049;533955;Kutná Hora;;;;;77739;Hlouška;244023;Kamenná stezka;è.p.;43;6;;28401;684185.38;1065915.00;2013-12-02T00:00:00
11420065;533955;Kutná Hora;;;;;77739;Hlouška;244023;Kamenná stezka;è.p.;46;4;;28401;684223.38;1065923.13;2013-12-02T00:00:00
11420073;533955;Kutná Hora;;;;;77739;Hlouška;245551;Štefánikova;è.p.;47;41;;28401;684229.50;1065983.38;2013-12-02T00:00:00
11420081;533955;Kutná Hora;;;;;77739;Hlouška;244457;Na Námìti;è.p.;48;26;;28401;684229.38;1066054.13;2013-12-02T00:00:00
11420103;533955;Kutná Hora;;;;;77739;Hlouška;243655;Benešova;è.p.;50;13;;28401;684201.19;1065634.63;2013-12-02T00:00:00
11420111;533955;Kutná Hora;;;;;77739;Hlouška;245551;Štefánikova;è.p.;52;20;;28401;684269.25;1065947.88;2013-12-02T00:00:00
11420120;533955;Kutná Hora;;;;;77739;Hlouška;244911;Potoèní;è.p.;54;5;;28401;683619.44;1065783.25;2013-12-02T00:00:00
11420138;533955;Kutná Hora;;;;;77739;Hlouška;245551;Štefánikova;è.p.;55;49;;28401;684153.00;1066204.75;2013-12-02T00:00:00
11420146;533955;Kutná Hora;;;;;77739;Hlouška;244058;Masarykova;è.p.;58;62;;28401;683656.38;1065456.63;2013-12-02T00:00:00
11420154;533955;Kutná Hora;;;;;77739;Hlouška;244058;Masarykova;è.p.;59;;;28401;683663.56;1065539.63;2013-12-02T00:00:00
11420162;533955;Kutná Hora;;;;;77739;Hlouška;244058;Masarykova;è.p.;60;;;28401;683702.50;1065494.00;2013-12-02T00:00:00
11420171;533955;Kutná Hora;;;;;77739;Hlouška;244791;Seifertovy sady;è.p.;61;31;;28401;684744.69;1065616.50;2013-12-02T00:00:00
11420189;533955;Kutná Hora;;;;;77739;Hlouška;243655;Benešova;è.p.;62;25;;28401;683750.44;1065401.75;2013-12-02T00:00:00
11420197;533955;Kutná Hora;;;;;77739;Hlouška;244490;Na Provaznici;è.p.;63;13;;28401;684556.50;1065377.00;2013-12-02T00:00:00
11420201;533955;Kutná Hora;;;;;77739;Hlouška;244490;Na Provaznici;è.p.;65;12;;28401;684497.69;1065385.50;2013-12-02T00:00:00
11420219;533955;Kutná Hora;;;;;77739;Hlouška;243655;Benešova;è.p.;70;2;;28401;684250.44;1065798.00;2013-12-02T00:00:00
11420227;533955;Kutná Hora;;;;;77739;Hlouška;243655;Benešova;è.p.;71;1;;28401;684275.94;1065782.13;2013-12-02T00:00:00
11420235;533955;Kutná Hora;;;;;77739;Hlouška;243655;Benešova;è.p.;72;35;;28401;683976.00;1065383.50;2013-12-02T00:00:00
11420251;533955;Kutná Hora;;;;;77739;Hlouška;245551;Štefánikova;è.p.;74;;;28401;684160.50;1066260.63;2013-12-02T00:00:00
11420260;533955;Kutná Hora;;;;;77739;Hlouška;244295;Lorecká;è.p.;75;2;;28401;684399.63;1065806.50;2013-12-02T00:00:00
11420278;533955;Kutná Hora;;;;;77739;Hlouška;244040;Kaòkovská;è.p.;76;14;;28401;684521.31;1065512.88;2013-12-02T00:00:00
11420286;533955;Kutná Hora;;;;;77739;Hlouška;244929;Prachòanská;è.p.;77;20;;28401;684528.00;1065531.38;2013-12-02T00:00:00
11420294;533955;Kutná Hora;;;;;77739;Hlouška;244929;Prachòanská;è.p.;78;;;28401;684513.19;1065528.38;2013-12-02T00:00:00
11420308;533955;Kutná Hora;;;;;77739;Hlouška;244929;Prachòanská;è.p.;79;;;28401;684502.06;1065525.88;2013-12-02T00:00:00
11420316;533955;Kutná Hora;;;;;77739;Hlouška;244929;Prachòanská;è.p.;80;14;;28401;684488.88;1065523.13;2013-12-02T00:00:00
11420324;533955;Kutná Hora;;;;;77739;Hlouška;244929;Prachòanská;è.p.;81;;;28401;684482.13;1065521.25;2013-12-02T00:00:00
11420332;533955;Kutná Hora;;;;;77739;Hlouška;244929;Prachòanská;è.p.;82;10;;28401;684467.06;1065517.75;2019-05-14T00:00:00
11420341;533955;Kutná Hora;;;;;77739;Hlouška;244929;Prachòanská;è.p.;83;8;;28401;684456.38;1065514.25;2019-05-14T00:00:00
11420359;533955;Kutná Hora;;;;;77739;Hlouška;244431;Na Krétì;è.p.;84;9;;28401;684461.69;1065487.50;2013-12-02T00:00:00
11420367;533955;Kutná Hora;;;;;77739;Hlouška;244431;Na Krétì;è.p.;85;7;;28401;684443.56;1065482.38;2013-12-02T00:00:00
11420375;533955;Kutná Hora;;;;;77739;Hlouška;244929;Prachòanská;è.p.;86;;;28401;684439.13;1065511.00;2013-12-02T00:00:00
11420383;533955;Kutná Hora;;;;;77739;Hlouška;244929;Prachòanská;è.p.;87;;;28401;684426.94;1065508.63;2013-12-02T00:00:00
11420391;533955;Kutná Hora;;;;;77739;Hlouška;244929;Prachòanská;è.p.;88;;;28401;684410.75;1065504.50;2013-12-02T00:00:00
11420405;533955;Kutná Hora;;;;;77739;Hlouška;244295;Lorecká;è.p.;90;;;28401;684410.13;1065481.25;2013-12-02T00:00:00
11420413;533955;Kutná Hora;;;;;77739;Hlouška;245551;Štefánikova;è.p.;91;48;;28401;684167.31;1066228.75;2013-12-02T00:00:00
11420421;533955;Kutná Hora;;;;;77739;Hlouška;245551;Štefánikova;è.p.;92;46;;28401;684173.94;1066217.63;2013-12-02T00:00:00
11420430;533955;Kutná Hora;;;;;77739;Hlouška;244791;Seifertovy sady;è.p.;93;29;;28401;684737.69;1065639.75;2013-12-02T00:00:00
11420448;533955;Kutná Hora;;;;;77739;Hlouška;244791;Seifertovy sady;è.p.;94;27;;28401;684737.88;1065653.63;2013-12-02T00:00:00
11420456;533955;Kutná Hora;;;;;77739;Hlouška;243655;Benešova;è.p.;95;15;;28401;684192.50;1065604.25;2013-12-02T00:00:00
11420464;533955;Kutná Hora;;;;;77739;Hlouška;244058;Masarykova;è.p.;96;34;;28401;683813.63;1065620.75;2013-12-02T00:00:00
11420472;533955;Kutná Hora;;;;;77739;Hlouška;243655;Benešova;è.p.;97;;;28401;683698.38;1065324.00;2013-12-02T00:00:00
11420481;533955;Kutná Hora;;;;;77739;Hlouška;243655;Benešova;è.p.;98;5;;28401;684264.31;1065762.00;2013-12-02T00:00:00
11420499;533955;Kutná Hora;;;;;77739;Hlouška;243655;Benešova;è.p.;99;7;;28401;684259.94;1065753.13;2013-12-02T00:00:00
11420502;533955;Kutná Hora;;;;;77739;Hlouška;243655;Benešova;è.p.;100;3;;28401;684269.07;1065772.19;2013-12-02T00:00:00
11420511;533955;Kutná Hora;;;;;77739;Hlouška;245551;Štefánikova;è.p.;102;7;;28401;684365.25;1065800.50;2013-12-02T00:00:00
11420529;533955;Kutná Hora;;;;;77739;Hlouška;245551;Štefánikova;è.p.;103;3;;28401;684384.38;1065802.63;2013-12-02T00:00:00
11420537;533955;Kutná Hora;;;;;77739;Hlouška;245551;Štefánikova;è.p.;104;5;;28401;684375.69;1065802.00;2013-12-02T00:00:00
11420545;533955;Kutná Hora;;;;;77739;Hlouška;244295;Lorecká;è.p.;105;6;;28401;684405.88;1065777.63;2013-12-02T00:00:00
11420553;533955;Kutná Hora;;;;;77739;Hlouška;244295;Lorecká;è.p.;106;4;;28401;684402.13;1065790.38;2013-12-02T00:00:00
11420561;533955;Kutná Hora;;;;;77739;Hlouška;244295;Lorecká;è.p.;107;8;;28401;684408.69;1065765.63;2013-12-02T00:00:00
11420570;533955;Kutná Hora;;;;;77739;Hlouška;244295;Lorecká;è.p.;108;16;;28401;684414.69;1065717.00;2013-12-02T00:00:00
11420596;533955;Kutná Hora;;;;;77739;Hlouška;244899;Pod Valy;è.p.;110;28;;28401;684670.75;1065773.75;2013-12-02T00:00:00
11420600;533955;Kutná Hora;;;;;77739;Hlouška;244899;Pod Valy;è.p.;111;26;;28401;684648.81;1065779.75;2013-12-02T00:00:00
11420618;533955;Kutná Hora;;;;;77739;Hlouška;244724;Olivova;è.p.;112;4;;28401;684670.75;1065757.75;2013-12-02T00:00:00
11420626;533955;Kutná Hora;;;;;77739;Hlouška;244724;Olivova;è.p.;113;6;;28401;684671.38;1065746.75;2013-12-02T00:00:00
11420634;533955;Kutná Hora;;;;;77739;Hlouška;244724;Olivova;è.p.;114;8;;28401;684672.88;1065735.88;2013-12-02T00:00:00
11420642;533955;Kutná Hora;;;;;77739;Hlouška;243931;Jeneweinova;è.p.;115;18;;28401;684710.50;1065699.25;2013-12-02T00:00:00
11420651;533955;Kutná Hora;;;;;77739;Hlouška;243833;Hloušecká;è.p.;116;20;;28401;684734.19;1065698.50;2013-12-02T00:00:00
11420669;533955;Kutná Hora;;;;;77739;Hlouška;243833;Hloušecká;è.p.;117;22;;28401;684730.00;1065685.00;2013-12-02T00:00:00
11420677;533955;Kutná Hora;;;;;77739;Hlouška;243833;Hloušecká;è.p.;118;26;;28401;684722.31;1065665.75;2013-12-02T00:00:00
11420685;533955;Kutná Hora;;;;;77739;Hlouška;244724;Olivova;è.p.;119;10;;28401;684672.88;1065722.63;2013-12-02T00:00:00
11420693;533955;Kutná Hora;;;;;77739;Hlouška;244651;Nádražní;è.p.;120;4;;28401;684002.75;1066185.13;2013-12-02T00:00:00
11420707;533955;Kutná Hora;;;;;77739;Hlouška;243833;Hloušecká;è.p.;121;24;;28401;684725.13;1065673.88;2013-12-02T00:00:00
11420723;533955;Kutná Hora;;;;;77739;Hlouška;243540;Braunova;è.p.;122;7;;28401;684630.56;1065737.50;2013-12-02T00:00:00
11420740;533955;Kutná Hora;;;;;77739;Hlouška;243540;Braunova;è.p.;123;24;;28401;684629.19;1065779.00;2013-12-02T00:00:00
11420758;533955;Kutná Hora;;;;;77739;Hlouška;243540;Braunova;è.p.;124;3;;28401;684630.00;1065762.50;2013-12-02T00:00:00
11420766;533955;Kutná Hora;;;;;77739;Hlouška;243540;Braunova;è.p.;125;5;;28401;684630.13;1065749.63;2013-12-02T00:00:00
11420774;533955;Kutná Hora;;;;;77739;Hlouška;243540;Braunova;è.p.;126;9;;28401;684631.88;1065717.50;2013-12-02T00:00:00
11420791;533955;Kutná Hora;;;;;77739;Hlouška;244058;Masarykova;è.p.;128;10;;28401;684101.00;1065971.50;2013-12-02T00:00:00
11420804;533955;Kutná Hora;;;;;77739;Hlouška;244295;Lorecká;è.p.;129;14;;28401;684414.56;1065732.13;2013-12-02T00:00:00
11420812;533955;Kutná Hora;;;;;77739;Hlouška;244295;Lorecká;è.p.;130;10;;28401;684412.63;1065753.00;2013-12-02T00:00:00
11420821;533955;Kutná Hora;;;;;77739;Hlouška;243931;Jeneweinova;è.p.;131;12;;28401;684652.56;1065695.88;2013-12-02T00:00:00
11420839;533955;Kutná Hora;;;;;77739;Hlouška;244724;Olivova;è.p.;132;14;;28401;684674.25;1065684.75;2013-12-02T00:00:00
11420847;533955;Kutná Hora;;;;;77739;Hlouška;243931;Jeneweinova;è.p.;133;15;;28401;684654.06;1065718.13;2013-12-02T00:00:00
11420855;533955;Kutná Hora;;;;;77739;Hlouška;243931;Jeneweinova;è.p.;134;14;;28401;684673.50;1065696.00;2013-12-02T00:00:00
11420863;533955;Kutná Hora;;;;;77739;Hlouška;244511;Na Samohelce;è.p.;135;;;28401;684523.86;1065431.54;2013-12-02T00:00:00
11420871;533955;Kutná Hora;;;;;77739;Hlouška;243931;Jeneweinova;è.p.;136;10;;28401;684629.94;1065696.25;2013-12-02T00:00:00
11420880;533955;Kutná Hora;;;;;77739;Hlouška;243540;Braunova;è.p.;137;13;;28401;684630.81;1065685.00;2013-12-02T00:00:00
11420898;533955;Kutná Hora;;;;;77739;Hlouška;243540;Braunova;è.p.;138;4;;28401;684609.44;1065768.63;2013-12-02T00:00:00
11420901;533955;Kutná Hora;;;;;77739;Hlouška;244899;Pod Valy;è.p.;139;20;;28401;684595.44;1065785.25;2013-12-02T00:00:00
11420910;533955;Kutná Hora;;;;;77739;Hlouška;243540;Braunova;è.p.;140;22;;28401;684609.00;1065783.88;2013-12-02T00:00:00
11420928;533955;Kutná Hora;;;;;77739;Hlouška;244911;Potoèní;è.p.;141;1;;28401;683996.19;1066263.25;2013-12-02T00:00:00
11420936;533955;Kutná Hora;;;;;77739;Hlouška;244058;Masarykova;è.p.;142;6;;28401;684164.88;1066001.00;2013-12-02T00:00:00
11420944;533955;Kutná Hora;;;;;77739;Hlouška;244295;Lorecká;è.p.;143;12;;28401;684414.19;1065741.88;2013-12-02T00:00:00
11420952;533955;Kutná Hora;;;;;77739;Hlouška;243540;Braunova;è.p.;145;6;;28401;684609.56;1065757.38;2013-12-02T00:00:00
11420961;533955;Kutná Hora;;;;;77739;Hlouška;244058;Masarykova;è.p.;146;;;28401;684058.81;1065891.50;2013-12-02T00:00:00
11420979;533955;Kutná Hora;;;;;77739;Hlouška;244058;Masarykova;è.p.;147;;;28401;684033.25;1065859.75;2013-12-02T00:00:00
11420987;533955;Kutná Hora;;;;;77739;Hlouška;244058;Masarykova;è.p.;148;;;28401;684009.56;1065836.63;2013-12-02T00:00:00
11420995;533955;Kutná Hora;;;;;77739;Hlouška;243655;Benešova;è.p.;149;;;28401;684019.00;1065495.75;2013-12-02T00:00:00
11421002;533955;Kutná Hora;;;;;77739;Hlouška;243655;Benešova;è.p.;150;;;28401;683986.31;1065458.38;2013-12-02T00:00:00
11421011;533955;Kutná Hora;;;;;77739;Hlouška;243540;Braunova;è.p.;154;8;;28401;684610.50;1065745.13;2013-12-02T00:00:00
11421029;533955;Kutná Hora;;;;;77739;Hlouška;244929;Prachòanská;è.p.;155;;;28401;684592.94;1065607.63;2013-12-02T00:00:00
11421037;533955;Kutná Hora;;;;;77739;Hlouška;244724;Olivova;è.p.;158;16;;28401;684674.06;1065668.25;2013-12-02T00:00:00
11421045;533955;Kutná Hora;;;;;77739;Hlouška;243540;Braunova;è.p.;159;15;;28401;684630.69;1065672.00;2013-12-02T00:00:00
11421053;533955;Kutná Hora;;;;;77739;Hlouška;243540;Braunova;è.p.;161;12;;28401;684610.50;1065718.00;2013-12-02T00:00:00
11421061;533955;Kutná Hora;;;;;77739;Hlouška;243540;Braunova;è.p.;162;17;;28401;684630.31;1065660.63;2013-12-02T00:00:00
11421070;533955;Kutná Hora;;;;;77739;Hlouška;244724;Olivova;è.p.;163;18;;28401;684674.25;1065656.88;2013-12-02T00:00:00
11421088;533955;Kutná Hora;;;;;77739;Hlouška;243540;Braunova;è.p.;164;19;;28401;684630.31;1065649.63;2013-12-02T00:00:00
11421096;533955;Kutná Hora;;;;;77739;Hlouška;244929;Prachòanská;è.p.;165;24;;28401;684610.44;1065614.65;2014-01-03T00:00:00
11421118;533955;Kutná Hora;;;;;77739;Hlouška;243931;Jeneweinova;è.p.;167;9;;28401;684587.00;1065717.00;2013-12-02T00:00:00
11421126;533955;Kutná Hora;;;;;77739;Hlouška;243540;Braunova;è.p.;168;16;;28401;684610.19;1065668.13;2013-12-02T00:00:00
11421134;533955;Kutná Hora;;;;;77739;Hlouška;243493;Barákova;è.p.;169;1;;28401;684566.44;1065787.50;2013-12-02T00:00:00
11421142;533955;Kutná Hora;;;;;77739;Hlouška;243931;Jeneweinova;è.p.;170;8;;28401;684610.52;1065681.31;2022-10-15T00:00:00
11421169;533955;Kutná Hora;;;;;77739;Hlouška;243540;Braunova;è.p.;172;18;;28401;684611.81;1065644.25;2013-12-02T00:00:00
11421177;533955;Kutná Hora;;;;;77739;Hlouška;243540;Braunova;è.p.;173;20;;28401;684610.44;1065655.63;2013-12-02T00:00:00
11421185;533955;Kutná Hora;;;;;77739;Hlouška;243540;Braunova;è.p.;174;22;;28401;684613.81;1065634.88;2013-12-02T00:00:00
11421207;533955;Kutná Hora;;;;;77739;Hlouška;243540;Braunova;è.p.;179;10;;28401;684610.44;1065733.75;2013-12-02T00:00:00
11421215;533955;Kutná Hora;;;;;77739;Hlouška;244899;Pod Valy;è.p.;180;2;;28401;684423.44;1065806.88;2013-12-02T00:00:00
11421223;533955;Kutná Hora;;;;;77739;Hlouška;244295;Lorecká;è.p.;181;3;;28401;684423.63;1065797.00;2013-12-02T00:00:00
11421231;533955;Kutná Hora;;;;;77739;Hlouška;244295;Lorecká;è.p.;182;5;;28401;684427.06;1065783.13;2013-12-02T00:00:00
11421258;533955;Kutná Hora;;;;;77739;Hlouška;245551;Štefánikova;è.p.;188;28;;28401;684217.06;1066085.75;2013-12-02T00:00:00
11421266;533955;Kutná Hora;;;;;77739;Hlouška;245551;Štefánikova;è.p.;189;44;;28401;684181.38;1066194.00;2013-12-02T00:00:00
11421274;533955;Kutná Hora;;;;;77739;Hlouška;245551;Štefánikova;è.p.;190;42;;28401;684185.38;1066187.13;2013-12-02T00:00:00
11421282;533955;Kutná Hora;;;;;77739;Hlouška;245551;Štefánikova;è.p.;191;50;;28401;684162.50;1066241.00;2013-12-02T00:00:00
11421291;533955;Kutná Hora;;;;;77739;Hlouška;243833;Hloušecká;è.p.;192;25;;28401;684743.50;1065664.13;2013-12-02T00:00:00
11421304;533955;Kutná Hora;;;;;77739;Hlouška;244791;Seifertovy sady;è.p.;193;5;;28401;684658.44;1065635.75;2013-12-02T00:00:00
11421312;533955;Kutná Hora;;;;;77739;Hlouška;244791;Seifertovy sady;è.p.;194;3;;28401;684652.31;1065634.00;2013-12-02T00:00:00
11421321;533955;Kutná Hora;;;;;77739;Hlouška;244791;Seifertovy sady;è.p.;196;20;;28401;684675.19;1065645.50;2013-12-02T00:00:00
11421339;533955;Kutná Hora;;;;;77739;Hlouška;244058;Masarykova;è.p.;197;1;;28401;684082.28;1065788.12;2013-12-02T00:00:00
11421347;533955;Kutná Hora;;;;;77739;Hlouška;245551;Štefánikova;è.p.;198;40;;28401;684187.56;1066179.38;2013-12-02T00:00:00
11421355;533955;Kutná Hora;;;;;77739;Hlouška;245551;Štefánikova;è.p.;199;38;;28401;684190.38;1066171.25;2013-12-02T00:00:00
11421363;533955;Kutná Hora;;;;;77739;Hlouška;244635;Na Vyhlídce;è.p.;200;;;28401;684617.00;1065202.00;2013-12-02T00:00:00
11421371;533955;Kutná Hora;;;;;77739;Hlouška;243493;Barákova;è.p.;201;7;;28401;684566.63;1065747.25;2013-12-02T00:00:00
11421380;533955;Kutná Hora;;;;;77739;Hlouška;244899;Pod Valy;è.p.;203;16;;28401;684544.63;1065791.38;2013-12-02T00:00:00
11421398;533955;Kutná Hora;;;;;77739;Hlouška;244970;Puškinská;è.p.;206;;;28401;683960.75;1065994.63;2013-12-02T00:00:00
11421401;533955;Kutná Hora;;;;;77739;Hlouška;243493;Barákova;è.p.;208;5;;28401;684565.38;1065755.38;2013-12-02T00:00:00
11421410;533955;Kutná Hora;;;;;77739;Hlouška;243493;Barákova;è.p.;209;3;;28401;684564.88;1065774.38;2013-12-02T00:00:00
11421428;533955;Kutná Hora;;;;;77739;Hlouška;244651;Nádražní;è.p.;211;11;;28401;684115.00;1066241.63;2013-12-02T00:00:00
11421436;533955;Kutná Hora;;;;;77739;Hlouška;245551;Štefánikova;è.p.;214;36;;28401;684193.63;1066161.50;2013-12-02T00:00:00
11421444;533955;Kutná Hora;;;;;77739;Hlouška;243493;Barákova;è.p.;217;6;;28401;684546.25;1065762.38;2013-12-02T00:00:00
11421452;533955;Kutná Hora;;;;;77739;Hlouška;243493;Barákova;è.p.;218;4;;28401;684545.31;1065771.63;2013-12-02T00:00:00
11421461;533955;Kutná Hora;;;;;77739;Hlouška;244929;Prachòanská;è.p.;219;;;28401;684579.00;1065601.63;2013-12-02T00:00:00
11421479;533955;Kutná Hora;;;;;77739;Hlouška;245895;Zemanova;è.p.;220;1;;28401;684502.56;1065797.00;2013-12-02T00:00:00
11421487;533955;Kutná Hora;;;;;77739;Hlouška;245895;Zemanova;è.p.;221;5;;28401;684503.44;1065767.88;2013-12-02T00:00:00
11421495;533955;Kutná Hora;;;;;77739;Hlouška;244058;Masarykova;è.p.;222;71;;28401;683681.13;1065419.50;2013-12-02T00:00:00
11421517;533955;Kutná Hora;;;;;77739;Hlouška;245551;Štefánikova;è.p.;225;34;;28401;684196.00;1066153.38;2013-12-02T00:00:00
11421525;533955;Kutná Hora;;;;;77739;Hlouška;245551;Štefánikova;è.p.;226;32;;28401;684197.81;1066145.63;2013-12-02T00:00:00
11421533;533955;Kutná Hora;;;;;77739;Hlouška;245551;Štefánikova;è.p.;227;22;;28401;684249.44;1065991.63;2013-12-02T00:00:00
11421541;533955;Kutná Hora;;;;;77739;Hlouška;244899;Pod Valy;è.p.;228;12;;28401;684519.56;1065794.13;2013-12-02T00:00:00
11421550;533955;Kutná Hora;;;;;77739;Hlouška;244899;Pod Valy;è.p.;229;14;;28401;684525.38;1065793.75;2013-12-02T00:00:00
11421568;533955;Kutná Hora;;;;;77739;Hlouška;245895;Zemanova;è.p.;230;3;;28401;684503.44;1065782.63;2013-12-02T00:00:00
11421576;533955;Kutná Hora;;;;;77739;Hlouška;245895;Zemanova;è.p.;231;7;;28401;684503.63;1065757.00;2013-12-02T00:00:00
11421584;533955;Kutná Hora;;;;;77739;Hlouška;243493;Barákova;è.p.;232;27;;28401;684571.38;1065597.88;2013-12-02T00:00:00
11421592;533955;Kutná Hora;;;;;77739;Hlouška;244899;Pod Valy;è.p.;233;4;;28401;684447.56;1065803.88;2013-12-02T00:00:00
11421614;533955;Kutná Hora;;;;;77739;Hlouška;245895;Zemanova;è.p.;238;4;;28401;684484.19;1065769.00;2013-12-02T00:00:00
11421622;533955;Kutná Hora;;;;;77739;Hlouška;245895;Zemanova;è.p.;239;8;;28401;684484.75;1065749.13;2013-12-02T00:00:00
11421631;533955;Kutná Hora;;;;;77739;Hlouška;245895;Zemanova;è.p.;240;6;;28401;684483.88;1065758.75;2013-12-02T00:00:00
11421649;533955;Kutná Hora;;;;;77739;Hlouška;243493;Barákova;è.p.;242;15;;28401;684565.69;1065685.25;2013-12-02T00:00:00
11421665;533955;Kutná Hora;;;;;77739;Hlouška;243931;Jeneweinova;è.p.;244;7;;28401;684568.31;1065714.75;2013-12-02T00:00:00
11421673;533955;Kutná Hora;;;;;77739;Hlouška;243493;Barákova;è.p.;245;17;;28401;684566.38;1065672.25;2013-12-02T00:00:00
11421681;533955;Kutná Hora;;;;;77739;Hlouška;243493;Barákova;è.p.;246;19;;28401;684567.75;1065662.13;2013-12-02T00:00:00
11421690;533955;Kutná Hora;;;;;77739;Hlouška;244058;Masarykova;è.p.;247;54;;28401;683758.81;1065561.50;2013-12-02T00:00:00
11421703;533955;Kutná Hora;;;;;77739;Hlouška;243833;Hloušecká;è.p.;248;23;;28401;684748.19;1065674.50;2013-12-02T00:00:00
11421711;533955;Kutná Hora;;;;;77739;Hlouška;244295;Lorecká;è.p.;249;7;;28401;684428.50;1065773.00;2013-12-02T00:00:00
11421720;533955;Kutná Hora;;;;;77739;Hlouška;244295;Lorecká;è.p.;250;9;;28401;684431.94;1065765.38;2013-12-02T00:00:00
11421738;533955;Kutná Hora;;;;;77739;Hlouška;244457;Na Námìti;è.p.;251;13;;28401;684248.19;1066035.38;2013-12-02T00:00:00
11421746;533955;Kutná Hora;;;;;77739;Hlouška;245551;Štefánikova;è.p.;252;30;;28401;684202.44;1066136.00;2013-12-02T00:00:00
11421754;533955;Kutná Hora;;;;;77739;Hlouška;245551;Štefánikova;è.p.;253;18;;28401;684276.31;1065924.38;2013-12-02T00:00:00
11421762;533955;Kutná Hora;;;;;77739;Hlouška;244058;Masarykova;è.p.;254;73;;28401;683660.56;1065393.63;2013-12-02T00:00:00
11421771;533955;Kutná Hora;;;;;77739;Hlouška;245551;Štefánikova;è.p.;255;24;;28401;684239.38;1066023.50;2013-12-02T00:00:00
11421789;533955;Kutná Hora;;;;;77739;Hlouška;243655;Benešova;è.p.;256;70;;28401;683649.13;1065382.38;2023-01-31T00:00:00
11421797;533955;Kutná Hora;;;;;77739;Hlouška;243655;Benešova;è.p.;257;33;;28401;684001.75;1065412.00;2013-12-02T00:00:00
11421819;533955;Kutná Hora;;;;;77739;Hlouška;245071;Øehákova;è.p.;259;10;;28401;683837.94;1065503.88;2013-12-02T00:00:00
11421827;533955;Kutná Hora;;;;;77739;Hlouška;245071;Øehákova;è.p.;260;8;;28401;683831.94;1065507.25;2013-12-02T00:00:00
11421835;533955;Kutná Hora;;;;;77739;Hlouška;245071;Øehákova;è.p.;261;6;;28401;683818.74;1065519.90;2013-12-02T00:00:00
11421843;533955;Kutná Hora;;;;;77739;Hlouška;245071;Øehákova;è.p.;262;4;;28401;683813.25;1065522.00;2013-12-02T00:00:00
11421851;533955;Kutná Hora;;;;;77739;Hlouška;244058;Masarykova;è.p.;263;47;;28401;683795.41;1065539.35;2022-10-15T00:00:00
11421860;533955;Kutná Hora;;;;;77739;Hlouška;244058;Masarykova;è.p.;264;49;;28401;683792.88;1065535.25;2013-12-02T00:00:00
11421878;533955;Kutná Hora;;;;;77739;Hlouška;244058;Masarykova;è.p.;265;51;;28401;683783.00;1065523.88;2013-12-02T00:00:00
11421886;533955;Kutná Hora;;;;;77739;Hlouška;244058;Masarykova;è.p.;266;53;;28401;683778.81;1065519.50;2013-12-02T00:00:00
11421894;533955;Kutná Hora;;;;;77739;Hlouška;244058;Masarykova;è.p.;267;55;;28401;683766.88;1065511.88;2013-12-02T00:00:00
11421908;533955;Kutná Hora;;;;;77739;Hlouška;244058;Masarykova;è.p.;268;57;;28401;683763.13;1065507.75;2013-12-02T00:00:00
11421916;533955;Kutná Hora;;;;;77739;Hlouška;244058;Masarykova;è.p.;269;59;;28401;683753.25;1065497.00;2013-12-02T00:00:00
11421924;533955;Kutná Hora;;;;;77739;Hlouška;244058;Masarykova;è.p.;270;61;;28401;683748.69;1065492.50;2013-12-02T00:00:00
11421932;533955;Kutná Hora;;;;;77739;Hlouška;244058;Masarykova;è.p.;271;63;;28401;683740.14;1065481.22;2013-12-02T00:00:00
11421941;533955;Kutná Hora;;;;;77739;Hlouška;244058;Masarykova;è.p.;272;65;;28401;683735.44;1065474.63;2013-12-02T00:00:00
11421959;533955;Kutná Hora;;;;;77739;Hlouška;243680;Družstevní;è.p.;273;3;;28401;683750.00;1065460.00;2013-12-02T00:00:00
11421967;533955;Kutná Hora;;;;;77739;Hlouška;245844;Zachova;è.p.;274;30;;28401;683756.13;1065458.92;2013-12-02T00:00:00
11421975;533955;Kutná Hora;;;;;77739;Hlouška;245844;Zachova;è.p.;275;28;;28401;683776.19;1065466.75;2013-12-02T00:00:00
11421983;533955;Kutná Hora;;;;;77739;Hlouška;245844;Zachova;è.p.;276;26;;28401;683783.13;1065469.25;2013-12-02T00:00:00
11421991;533955;Kutná Hora;;;;;77739;Hlouška;245844;Zachova;è.p.;277;24;;28401;683794.25;1065477.88;2013-12-02T00:00:00
11422009;533955;Kutná Hora;;;;;77739;Hlouška;245844;Zachova;è.p.;278;22;;28401;683799.94;1065480.50;2013-12-02T00:00:00
11422017;533955;Kutná Hora;;;;;77739;Hlouška;245844;Zachova;è.p.;279;20;;28401;683810.38;1065487.00;2013-12-02T00:00:00
11422025;533955;Kutná Hora;;;;;77739;Hlouška;245844;Zachova;è.p.;280;18;;28401;683816.06;1065490.38;2013-12-02T00:00:00
11422033;533955;Kutná Hora;;;;;77739;Hlouška;245844;Zachova;è.p.;281;17;;28401;683810.38;1065458.00;2013-12-02T00:00:00
11422041;533955;Kutná Hora;;;;;77739;Hlouška;245844;Zachova;è.p.;282;19;;28401;683805.00;1065454.88;2013-12-02T00:00:00
11422050;533955;Kutná Hora;;;;;77739;Hlouška;245844;Zachova;è.p.;283;21;;28401;683792.00;1065447.63;2013-12-02T00:00:00
11422068;533955;Kutná Hora;;;;;77739;Hlouška;245844;Zachova;è.p.;284;23;;28401;683787.69;1065445.00;2013-12-02T00:00:00
11422076;533955;Kutná Hora;;;;;77739;Hlouška;245844;Zachova;è.p.;285;25;;28401;683767.31;1065435.38;2013-12-02T00:00:00
11422084;533955;Kutná Hora;;;;;77739;Hlouška;243680;Družstevní;è.p.;286;9;;28401;683768.38;1065429.13;2013-12-02T00:00:00
11422092;533955;Kutná Hora;;;;;77739;Hlouška;243655;Benešova;è.p.;287;62;;28401;683772.25;1065405.75;2013-12-02T00:00:00
11422106;533955;Kutná Hora;;;;;77739;Hlouška;243655;Benešova;è.p.;288;60;;28401;683778.00;1065406.50;2013-12-02T00:00:00
11422114;533955;Kutná Hora;;;;;77739;Hlouška;243655;Benešova;è.p.;289;58;;28401;683796.63;1065409.50;2013-12-02T00:00:00
11422122;533955;Kutná Hora;;;;;77739;Hlouška;243655;Benešova;è.p.;290;56;;28401;683802.56;1065410.63;2013-12-02T00:00:00
11422131;533955;Kutná Hora;;;;;77739;Hlouška;243655;Benešova;è.p.;291;54;;28401;683816.31;1065412.63;2013-12-02T00:00:00
11422149;533955;Kutná Hora;;;;;77739;Hlouška;243655;Benešova;è.p.;292;52;;28401;683821.57;1065414.16;2014-01-03T00:00:00
11422157;533955;Kutná Hora;;;;;77739;Hlouška;243680;Družstevní;è.p.;293;4;;28401;683742.13;1065435.25;2013-12-02T00:00:00
11422165;533955;Kutná Hora;;;;;77739;Hlouška;244058;Masarykova;è.p.;294;41;;28401;683832.44;1065584.75;2013-12-02T00:00:00
11422173;533955;Kutná Hora;;;;;77739;Hlouška;245071;Øehákova;è.p.;295;7;;28401;683852.38;1065524.63;2013-12-02T00:00:00
11422181;533955;Kutná Hora;;;;;77739;Hlouška;245071;Øehákova;è.p.;296;9;;28401;683857.69;1065519.88;2013-12-02T00:00:00
11422190;533955;Kutná Hora;;;;;77739;Hlouška;245208;Stroupežnického;è.p.;297;20;;28401;683861.81;1065425.25;2013-12-02T00:00:00
11422203;533955;Kutná Hora;;;;;77739;Hlouška;245208;Stroupežnického;è.p.;298;16;;28401;683857.69;1065452.00;2013-12-02T00:00:00
11422211;533955;Kutná Hora;;;;;77739;Hlouška;245208;Stroupežnického;è.p.;299;12;;28401;683851.56;1065477.13;2013-12-02T00:00:00
11422220;533955;Kutná Hora;;;;;77739;Hlouška;244058;Masarykova;è.p.;300;39;;28401;683836.50;1065589.38;2013-12-02T00:00:00
11422238;533955;Kutná Hora;;;;;77739;Hlouška;244511;Na Samohelce;è.p.;301;4;;28401;684537.19;1065429.63;2013-12-02T00:00:00
11422246;533955;Kutná Hora;;;;;77739;Hlouška;244058;Masarykova;è.p.;302;1;;28401;684215.06;1066009.50;2013-12-02T00:00:00
11422254;533955;Kutná Hora;;;;;77739;Hlouška;243655;Benešova;è.p.;303;66;;28401;683722.88;1065396.13;2013-12-02T00:00:00
11422262;533955;Kutná Hora;;;;;77739;Hlouška;244899;Pod Valy;è.p.;304;6;;28401;684462.13;1065801.75;2013-12-02T00:00:00
11422271;533955;Kutná Hora;;;;;77739;Hlouška;244040;Kaòkovská;è.p.;305;5;;28401;684503.31;1065422.50;2013-12-02T00:00:00
11422289;533955;Kutná Hora;;;;;77739;Hlouška;244651;Nádražní;è.p.;307;15;;28401;684051.63;1066190.63;2013-12-02T00:00:00
11422297;533955;Kutná Hora;;;;;77739;Hlouška;244058;Masarykova;è.p.;309;3;;28401;684189.88;1065986.75;2013-12-02T00:00:00
11422301;533955;Kutná Hora;;;;;77739;Hlouška;245071;Øehákova;è.p.;310;5;;28401;683837.31;1065535.38;2013-12-02T00:00:00
11422319;533955;Kutná Hora;;;;;77739;Hlouška;245071;Øehákova;è.p.;311;3;;28401;683830.88;1065541.75;2013-12-02T00:00:00
11422327;533955;Kutná Hora;;;;;77739;Hlouška;245844;Zachova;è.p.;314;10;;28401;683898.25;1065534.38;2013-12-02T00:00:00
11422335;533955;Kutná Hora;;;;;77739;Hlouška;245844;Zachova;è.p.;315;12;;28401;683888.56;1065528.00;2013-12-02T00:00:00
11422343;533955;Kutná Hora;;;;;77739;Hlouška;243655;Benešova;è.p.;316;9;;28401;684252.88;1065742.00;2013-12-02T00:00:00
11422351;533955;Kutná Hora;;;;;77739;Hlouška;243833;Hloušecká;è.p.;317;19;;28401;684754.19;1065691.75;2013-12-02T00:00:00
11422360;533955;Kutná Hora;;;;;77739;Hlouška;244023;Kamenná stezka;è.p.;318;10;;28401;684146.63;1065883.25;2013-12-02T00:00:00
11422378;533955;Kutná Hora;;;;;77739;Hlouška;245844;Zachova;è.p.;319;15;;28401;683825.81;1065465.63;2013-12-02T00:00:00
11422386;533955;Kutná Hora;;;;;77739;Hlouška;243655;Benešova;è.p.;320;50;;28401;683839.81;1065418.00;2013-12-02T00:00:00
11422394;533955;Kutná Hora;;;;;77739;Hlouška;244058;Masarykova;è.p.;321;9;;28401;684155.38;1065923.25;2013-12-02T00:00:00
11422408;533955;Kutná Hora;;;;;77739;Hlouška;243655;Benešova;è.p.;322;12;;28401;684192.69;1065680.38;2013-12-02T00:00:00
11422416;533955;Kutná Hora;;;;;77739;Hlouška;244040;Kaòkovská;è.p.;323;20;;28401;684408.38;1065257.88;2013-12-02T00:00:00
11422424;533955;Kutná Hora;;;;;77739;Hlouška;244490;Na Provaznici;è.p.;324;7;;28401;684523.25;1065394.38;2013-12-02T00:00:00
11422432;533955;Kutná Hora;;;;;77739;Hlouška;244929;Prachòanská;è.p.;325;;;28401;684608.12;1065583.00;2013-12-02T00:00:00
11422441;533955;Kutná Hora;;;;;77739;Hlouška;245909;Zvìøinova;è.p.;326;2;;28401;683854.63;1065613.25;2013-12-02T00:00:00
11422459;533955;Kutná Hora;;;;;77739;Hlouška;244058;Masarykova;è.p.;329;67;;28401;683718.75;1065457.00;2013-12-02T00:00:00
11422467;533955;Kutná Hora;;;;;77739;Hlouška;244490;Na Provaznici;è.p.;330;9;;28401;684531.88;1065388.75;2013-12-02T00:00:00
11422475;533955;Kutná Hora;;;;;77739;Hlouška;245909;Zvìøinova;è.p.;331;8;;28401;683905.56;1065567.75;2013-12-02T00:00:00
11422483;533955;Kutná Hora;;;;;77739;Hlouška;244023;Kamenná stezka;è.p.;335;8;;28401;684156.38;1065887.88;2013-12-02T00:00:00
11422491;533955;Kutná Hora;;;;;77739;Hlouška;244511;Na Samohelce;è.p.;336;6;;28401;684546.00;1065423.63;2013-12-02T00:00:00
11422505;533955;Kutná Hora;;;;;77739;Hlouška;244058;Masarykova;è.p.;337;37;;28401;683848.06;1065606.75;2013-12-02T00:00:00
11422513;533955;Kutná Hora;;;;;77739;Hlouška;243655;Benešova;è.p.;338;23;;28401;684148.25;1065504.13;2013-12-02T00:00:00
11422521;533955;Kutná Hora;;;;;77739;Hlouška;244511;Na Samohelce;è.p.;339;5;;28401;684546.50;1065441.25;2013-12-02T00:00:00
11422530;533955;Kutná Hora;;;;;77739;Hlouška;244058;Masarykova;è.p.;340;43;;28401;683819.25;1065573.38;2013-12-02T00:00:00
11422548;533955;Kutná Hora;;;;;77739;Hlouška;243655;Benešova;è.p.;341;45;;28401;683686.13;1065287.00;2013-12-02T00:00:00
11422556;533955;Kutná Hora;;;;;77739;Hlouška;245071;Øehákova;è.p.;342;;;28401;683809.25;1065558.25;2013-12-02T00:00:00
11422564;533955;Kutná Hora;;;;;77739;Hlouška;244058;Masarykova;è.p.;343;15;;28401;684036.06;1065767.50;2013-12-02T00:00:00
11422572;533955;Kutná Hora;;;;;77739;Hlouška;245551;Štefánikova;è.p.;344;39;;28401;684236.44;1065965.00;2013-12-02T00:00:00
11422581;533955;Kutná Hora;;;;;77739;Hlouška;244511;Na Samohelce;è.p.;346;3;;28401;684536.94;1065445.75;2013-12-02T00:00:00
11422599;533955;Kutná Hora;;;;;77739;Hlouška;243655;Benešova;è.p.;347;68;;28401;683682.00;1065387.25;2013-12-02T00:00:00
11422602;533955;Kutná Hora;;;;;77739;Hlouška;244511;Na Samohelce;è.p.;348;8;;28401;684564.00;1065409.50;2013-12-02T00:00:00
11422611;533955;Kutná Hora;;;;;77739;Hlouška;244040;Kaòkovská;è.p.;349;3;;28401;684512.13;1065440.38;2013-12-02T00:00:00
11422629;533955;Kutná Hora;;;;;77739;Hlouška;245909;Zvìøinova;è.p.;350;4;;28401;683882.69;1065588.75;2013-12-02T00:00:00
11422637;533955;Kutná Hora;;;;;77739;Hlouška;245844;Zachova;è.p.;351;9;;28401;683897.69;1065504.50;2013-12-02T00:00:00
11422645;533955;Kutná Hora;;;;;77739;Hlouška;243655;Benešova;è.p.;352;42;;28401;683910.50;1065431.25;2013-12-02T00:00:00
11422653;533955;Kutná Hora;;;;;77739;Hlouška;245208;Stroupežnického;è.p.;353;18;;28401;683858.06;1065438.50;2013-12-02T00:00:00
11422661;533955;Kutná Hora;;;;;77739;Hlouška;245208;Stroupežnického;è.p.;354;14;;28401;683855.25;1065463.88;2013-12-02T00:00:00
11422670;533955;Kutná Hora;;;;;77739;Hlouška;243493;Barákova;è.p.;355;16;;28401;684548.50;1065683.88;2013-12-02T00:00:00
11422688;533955;Kutná Hora;;;;;77739;Hlouška;243931;Jeneweinova;è.p.;356;4;;28401;684547.31;1065692.75;2013-12-02T00:00:00
11422696;533955;Kutná Hora;;;;;77739;Hlouška;244058;Masarykova;è.p.;357;12;;28401;684106.13;1065895.00;2013-12-02T00:00:00
11422700;533955;Kutná Hora;;;;;77739;Hlouška;243604;Èelakovského;è.p.;360;6;;28401;684019.94;1065707.88;2013-12-02T00:00:00
11422718;533955;Kutná Hora;;;;;77739;Hlouška;243493;Barákova;è.p.;361;20;;28401;684547.44;1065658.13;2013-12-02T00:00:00
11422726;533955;Kutná Hora;;;;;77739;Hlouška;243493;Barákova;è.p.;362;22;;28401;684549.19;1065640.38;2013-12-02T00:00:00
11422734;533955;Kutná Hora;;;;;77739;Hlouška;243931;Jeneweinova;è.p.;363;25;;28401;684796.63;1065705.88;2013-12-02T00:00:00
11422742;533955;Kutná Hora;;;;;77739;Hlouška;243655;Benešova;è.p.;364;38;;28401;683931.75;1065434.50;2013-12-02T00:00:00
11422751;533955;Kutná Hora;;;;;77739;Hlouška;243493;Barákova;è.p.;365;18;;28401;684547.25;1065667.25;2013-12-02T00:00:00
11422769;533955;Kutná Hora;;;;;77739;Hlouška;244058;Masarykova;è.p.;366;17;;28401;683981.06;1065752.38;2013-12-02T00:00:00
11422777;533955;Kutná Hora;;;;;77739;Hlouška;244040;Kaòkovská;è.p.;367;1;;28401;684518.25;1065453.25;2013-12-02T00:00:00
11422785;533955;Kutná Hora;;;;;77739;Hlouška;245844;Zachova;è.p.;368;32;;28401;683980.31;1065516.00;2013-12-02T00:00:00
11422793;533955;Kutná Hora;;;;;77739;Hlouška;243931;Jeneweinova;è.p.;369;23;;28401;684787.00;1065711.00;2013-12-02T00:00:00
11422807;533955;Kutná Hora;;;;;77739;Hlouška;243493;Barákova;è.p.;370;28;;28401;684548.56;1065606.50;2013-12-02T00:00:00
11422815;533955;Kutná Hora;;;;;77739;Hlouška;243493;Barákova;è.p.;371;26;;28401;684549.06;1065616.25;2013-12-02T00:00:00
11422823;533955;Kutná Hora;;;;;77739;Hlouška;243493;Barákova;è.p.;372;24;;28401;684549.75;1065632.13;2013-12-02T00:00:00
11422831;533955;Kutná Hora;;;;;77739;Hlouška;245208;Stroupežnického;è.p.;373;15;;28401;683883.31;1065453.00;2013-12-02T00:00:00
11422840;533955;Kutná Hora;;;;;77739;Hlouška;243655;Benešova;è.p.;374;;;28401;684138.94;1065499.00;2013-12-02T00:00:00
11422858;533955;Kutná Hora;;;;;77739;Hlouška;245909;Zvìøinova;è.p.;376;10;;28401;683912.38;1065561.75;2013-12-02T00:00:00
11422866;533955;Kutná Hora;;;;;77739;Hlouška;243493;Barákova;è.p.;377;21;;28401;684571.31;1065649.38;2013-12-02T00:00:00
11422874;533955;Kutná Hora;;;;;77739;Hlouška;243493;Barákova;è.p.;378;23;;28401;684571.00;1065641.50;2013-12-02T00:00:00
11422882;533955;Kutná Hora;;;;;77739;Hlouška;244490;Na Provaznici;è.p.;379;16;;28401;684513.75;1065357.25;2013-12-02T00:00:00
11422891;533955;Kutná Hora;;;;;77739;Hlouška;244490;Na Provaznici;è.p.;380;14;;28401;684505.81;1065360.88;2013-12-02T00:00:00
11422904;533955;Kutná Hora;;;;;77739;Hlouška;244490;Na Provaznici;è.p.;381;26;;28401;684579.69;1065299.38;2013-12-02T00:00:00
11422912;533955;Kutná Hora;;;;;77739;Hlouška;244490;Na Provaznici;è.p.;382;30;;28401;684581.13;1065272.38;2013-12-02T00:00:00
11422921;533955;Kutná Hora;;;;;77739;Hlouška;244490;Na Provaznici;è.p.;383;32;;28401;684584.56;1065265.25;2013-12-02T00:00:00
11422939;533955;Kutná Hora;;;;;77739;Hlouška;244295;Lorecká;è.p.;384;11;;28401;684434.69;1065753.50;2013-12-02T00:00:00
11422947;533955;Kutná Hora;;;;;77739;Hlouška;243655;Benešova;è.p.;385;21;;28401;684156.88;1065507.25;2013-12-02T00:00:00
11422955;533955;Kutná Hora;;;;;77739;Hlouška;244635;Na Vyhlídce;è.p.;386;3;;28401;684562.31;1065313.00;2013-12-02T00:00:00
11422963;533955;Kutná Hora;;;;;77739;Hlouška;243949;Jiráskovy sady;è.p.;387;7;;28401;684039.44;1065628.13;2013-12-02T00:00:00
11422971;533955;Kutná Hora;;;;;77739;Hlouška;243604;Èelakovského;è.p.;388;4;;28401;684034.44;1065731.50;2013-12-02T00:00:00
11422980;533955;Kutná Hora;;;;;77739;Hlouška;245551;Štefánikova;è.p.;389;14;;28401;684292.38;1065877.25;2013-12-02T00:00:00
11422998;533955;Kutná Hora;;;;;77739;Hlouška;243493;Barákova;è.p.;390;9;;28401;684567.25;1065738.00;2013-12-02T00:00:00
11423005;533955;Kutná Hora;;;;;77739;Hlouška;243655;Benešova;è.p.;391;40;;28401;683919.69;1065432.63;2013-12-02T00:00:00
11423013;533955;Kutná Hora;;;;;77739;Hlouška;243655;Benešova;è.p.;392;46;;28401;683889.69;1065424.75;2013-12-02T00:00:00
11423030;533955;Kutná Hora;;;;;77739;Hlouška;243655;Benešova;è.p.;394;44;;28401;683897.88;1065426.75;2013-12-02T00:00:00
11423048;533955;Kutná Hora;;;;;77739;Hlouška;244490;Na Provaznici;è.p.;395;24;;28401;684571.06;1065322.18;2013-12-02T00:00:00
11423056;533955;Kutná Hora;;;;;77739;Hlouška;244490;Na Provaznici;è.p.;396;20;;28401;684539.59;1065348.97;2013-12-02T00:00:00
11423064;533955;Kutná Hora;;;;;77739;Hlouška;244490;Na Provaznici;è.p.;397;28;;28401;684583.69;1065289.63;2013-12-02T00:00:00
11423072;533955;Kutná Hora;;;;;77739;Hlouška;244490;Na Provaznici;è.p.;398;34;;28401;684596.00;1065253.88;2013-12-02T00:00:00
11423081;533955;Kutná Hora;;;;;77739;Hlouška;244490;Na Provaznici;è.p.;399;18;;28401;684531.88;1065352.38;2013-12-02T00:00:00
11423099;533955;Kutná Hora;;;;;77739;Hlouška;245241;Školní;è.p.;400;12;;28401;684161.44;1065662.13;2013-12-02T00:00:00
11423102;533955;Kutná Hora;;;;;77739;Hlouška;245241;Školní;è.p.;401;14;;28401;684170.88;1065654.63;2013-12-02T00:00:00
11423111;533955;Kutná Hora;;;;;77739;Hlouška;243655;Benešova;è.p.;402;16;;28401;684177.00;1065641.38;2013-12-02T00:00:00
11423129;533955;Kutná Hora;;;;;77739;Hlouška;243655;Benešova;è.p.;403;18;;28401;684173.50;1065627.38;2013-12-02T00:00:00
11423137;533955;Kutná Hora;;;;;77739;Hlouška;244694;Nerudova;è.p.;404;1;;28401;684132.38;1065651.63;2013-12-02T00:00:00
11423145;533955;Kutná Hora;;;;;77739;Hlouška;244694;Nerudova;è.p.;405;3;;28401;684118.44;1065636.38;2013-12-02T00:00:00
11423153;533955;Kutná Hora;;;;;77739;Hlouška;244694;Nerudova;è.p.;406;5;;28401;684106.88;1065620.00;2013-12-02T00:00:00
11423161;533955;Kutná Hora;;;;;77739;Hlouška;244490;Na Provaznici;è.p.;407;36;;28401;684597.81;1065244.00;2013-12-02T00:00:00
11423170;533955;Kutná Hora;;;;;77739;Hlouška;244635;Na Vyhlídce;è.p.;408;22;;28401;684552.69;1065339.63;2013-12-02T00:00:00
11423188;533955;Kutná Hora;;;;;77739;Hlouška;243931;Jeneweinova;è.p.;409;;;28401;684821.00;1065630.63;2013-12-02T00:00:00
11423196;533955;Kutná Hora;;;;;77739;Hlouška;245844;Zachova;è.p.;410;11;;28401;683876.88;1065490.13;2013-12-02T00:00:00
11423218;533955;Kutná Hora;;;;;77739;Hlouška;243604;Èelakovského;è.p.;412;8;;28401;684012.56;1065692.38;2013-12-02T00:00:00
11423226;533955;Kutná Hora;;;;;77739;Hlouška;243655;Benešova;è.p.;413;36;;28401;683945.25;1065437.38;2013-12-02T00:00:00
11423234;533955;Kutná Hora;;;;;77739;Hlouška;244031;Kampánova;è.p.;414;5;;28401;683939.69;1065556.38;2013-12-02T00:00:00
11423242;533955;Kutná Hora;;;;;77739;Hlouška;244929;Prachòanská;è.p.;415;;;28401;684440.31;1065533.50;2013-12-02T00:00:00
11423251;533955;Kutná Hora;;;;;77739;Hlouška;245780;Waldhauserova;è.p.;416;6;;28401;684240.75;1065609.88;2013-12-02T00:00:00
11423269;533955;Kutná Hora;;;;;77739;Hlouška;244490;Na Provaznici;è.p.;417;38;;28401;684593.63;1065225.75;2013-12-02T00:00:00
11423277;533955;Kutná Hora;;;;;77739;Hlouška;244031;Kampánova;è.p.;418;3;;28401;683952.50;1065574.38;2013-12-02T00:00:00
11423285;533955;Kutná Hora;;;;;77739;Hlouška;244929;Prachòanská;è.p.;419;;;28401;684464.00;1065539.63;2013-12-02T00:00:00
11423293;533955;Kutná Hora;;;;;77739;Hlouška;244929;Prachòanská;è.p.;420;;;28401;684472.38;1065541.25;2013-12-02T00:00:00
11423307;533955;Kutná Hora;;;;;77739;Hlouška;245895;Zemanova;è.p.;421;17;;28401;684505.94;1065647.25;2013-12-02T00:00:00
11423315;533955;Kutná Hora;;;;;77739;Hlouška;245895;Zemanova;è.p.;422;19;;28401;684506.19;1065639.50;2013-12-02T00:00:00
11423323;533955;Kutná Hora;;;;;77739;Hlouška;245780;Waldhauserova;è.p.;423;8;;28401;684245.19;1065604.13;2013-12-02T00:00:00
11423331;533955;Kutná Hora;;;;;77739;Hlouška;244791;Seifertovy sady;è.p.;424;;;28401;684649.31;1065588.88;2013-12-02T00:00:00
11423340;533955;Kutná Hora;;;;;77739;Hlouška;244031;Kampánova;è.p.;425;8;;28401;683975.63;1065603.63;2013-12-02T00:00:00
11423358;533955;Kutná Hora;;;;;77739;Hlouška;244465;Ostašova;è.p.;426;10;;28401;683982.19;1065594.63;2013-12-02T00:00:00
11423366;533955;Kutná Hora;;;;;77739;Hlouška;245208;Stroupežnického;è.p.;427;13;;28401;683881.00;1065461.88;2013-12-02T00:00:00
11423374;533955;Kutná Hora;;;;;77739;Hlouška;244490;Na Provaznici;è.p.;428;40;;28401;684591.81;1065218.75;2013-12-02T00:00:00
11423382;533955;Kutná Hora;;;;;77739;Hlouška;245895;Zemanova;è.p.;429;23;;28401;684507.25;1065624.88;2013-12-02T00:00:00
11423391;533955;Kutná Hora;;;;;77739;Hlouška;245895;Zemanova;è.p.;430;;;28401;684508.19;1065618.50;2013-12-02T00:00:00
11423404;533955;Kutná Hora;;;;;77739;Hlouška;243493;Barákova;è.p.;431;8;;28401;684546.50;1065745.63;2013-12-02T00:00:00
11423412;533955;Kutná Hora;;;;;77739;Hlouška;244929;Prachòanská;è.p.;432;;;28401;684448.94;1065535.38;2013-12-02T00:00:00
11423439;533955;Kutná Hora;;;;;77739;Hlouška;245780;Waldhauserova;è.p.;434;18;;28401;684308.50;1065531.75;2013-12-02T00:00:00
11423455;533955;Kutná Hora;;;;;77739;Hlouška;243493;Barákova;è.p.;436;10;;28401;684546.50;1065737.50;2013-12-02T00:00:00
11423463;533955;Kutná Hora;;;;;77739;Hlouška;244651;Nádražní;è.p.;437;17;;28401;683968.56;1066090.33;2013-12-02T00:00:00
11423471;533955;Kutná Hora;;;;;77739;Hlouška;244058;Masarykova;è.p.;438;5;;28401;684171.31;1065968.63;2013-12-02T00:00:00
11423480;533955;Kutná Hora;;;;;77739;Hlouška;245551;Štefánikova;è.p.;439;37;;28401;684239.25;1065958.88;2013-12-02T00:00:00
11423498;533955;Kutná Hora;;;;;77739;Hlouška;243931;Jeneweinova;è.p.;440;5;;28401;684546.63;1065714.63;2013-12-02T00:00:00
11423501;533955;Kutná Hora;;;;;77739;Hlouška;245895;Zemanova;è.p.;441;25;;28401;684521.12;1065603.22;2013-12-02T00:00:00
11423510;533955;Kutná Hora;;;;;77739;Hlouška;245895;Zemanova;è.p.;442;9;;28401;684503.88;1065739.00;2013-12-02T00:00:00
11423528;533955;Kutná Hora;;;;;77739;Hlouška;245895;Zemanova;è.p.;443;11;;28401;684503.75;1065730.50;2013-12-02T00:00:00
11423536;533955;Kutná Hora;;;;;77739;Hlouška;245844;Zachova;è.p.;444;7;;28401;683912.44;1065512.50;2013-12-02T00:00:00
11423544;533955;Kutná Hora;;;;;77739;Hlouška;244058;Masarykova;è.p.;445;58;;28401;683670.88;1065501.38;2013-12-02T00:00:00
11423579;533955;Kutná Hora;;;;;77739;Hlouška;244058;Masarykova;è.p.;449;;;28401;683544.56;1065599.25;2013-12-02T00:00:00
11423587;533955;Kutná Hora;;;;;77739;Hlouška;244058;Masarykova;è.p.;450;;;28401;683651.75;1065597.25;2013-12-02T00:00:00
11423595;533955;Kutná Hora;;;;;77739;Hlouška;244058;Masarykova;è.p.;451;60;;28401;683614.94;1065576.25;2013-12-02T00:00:00
11423609;533955;Kutná Hora;;;;;77739;Hlouška;245551;Štefánikova;è.p.;452;33;;28401;684244.56;1065937.38;2013-12-02T00:00:00
11423617;533955;Kutná Hora;;;;;77739;Hlouška;244058;Masarykova;è.p.;453;56;;28401;683709.75;1065566.00;2013-12-02T00:00:00
11423625;533955;Kutná Hora;;;;;77739;Hlouška;245551;Štefánikova;è.p.;454;35;;28401;684241.63;1065947.38;2013-12-02T00:00:00
11423633;533955;Kutná Hora;;;;;77739;Hlouška;243931;Jeneweinova;è.p.;455;1;;28401;684506.56;1065714.25;2013-12-02T00:00:00
11423641;533955;Kutná Hora;;;;;77739;Hlouška;244694;Nerudova;è.p.;456;;;28401;684089.50;1065601.50;2013-12-02T00:00:00
11423650;533955;Kutná Hora;;;;;77739;Hlouška;244058;Masarykova;è.p.;457;19;;28401;683967.75;1065739.25;2013-12-02T00:00:00
11423668;533955;Kutná Hora;;;;;77739;Hlouška;244040;Kaòkovská;è.p.;458;18;;28401;684442.00;1065330.88;2013-12-02T00:00:00
11423676;533955;Kutná Hora;;;;;77739;Hlouška;245780;Waldhauserova;è.p.;459;4;;28401;684229.13;1065619.50;2013-12-02T00:00:00
11423684;533955;Kutná Hora;;;;;77739;Hlouška;245780;Waldhauserova;è.p.;460;10;;28401;684249.56;1065595.63;2013-12-02T00:00:00
11423692;533955;Kutná Hora;;;;;77739;Hlouška;245780;Waldhauserova;è.p.;461;12;;28401;684254.31;1065587.13;2013-12-02T00:00:00
11423706;533955;Kutná Hora;;;;;77739;Hlouška;245780;Waldhauserova;è.p.;462;14;;28401;684257.88;1065578.63;2013-12-02T00:00:00
11423714;533955;Kutná Hora;;;;;77739;Hlouška;244031;Kampánova;è.p.;463;4;;28401;683934.44;1065592.88;2013-12-02T00:00:00
11423722;533955;Kutná Hora;;;;;77739;Hlouška;244031;Kampánova;è.p.;464;;;28401;683956.11;1065619.93;2013-12-02T00:00:00
11423731;533955;Kutná Hora;;;;;77739;Hlouška;244295;Lorecká;è.p.;465;;;28401;684446.50;1065660.75;2013-12-02T00:00:00
11423749;533955;Kutná Hora;;;;;77739;Hlouška;243931;Jeneweinova;è.p.;466;3;;28401;684529.25;1065714.88;2013-12-02T00:00:00
11423757;533955;Kutná Hora;;;;;77739;Hlouška;244465;Ostašova;è.p.;467;12;;28401;683992.00;1065586.25;2013-12-02T00:00:00
11423765;533955;Kutná Hora;;;;;77739;Hlouška;243655;Benešova;è.p.;468;6;;28401;684220.12;1065744.98;2013-12-02T00:00:00
11423773;533955;Kutná Hora;;;;;77739;Hlouška;243655;Benešova;è.p.;469;4;;28401;684230.94;1065763.50;2013-12-02T00:00:00
11423781;533955;Kutná Hora;;;;;77739;Hlouška;243931;Jeneweinova;è.p.;470;21;;28401;684766.50;1065718.25;2013-12-02T00:00:00
11423790;533955;Kutná Hora;;;;;77739;Hlouška;243655;Benešova;è.p.;471;34;;28401;683954.19;1065438.13;2013-12-02T00:00:00
11423803;533955;Kutná Hora;;;;;77739;Hlouška;244694;Nerudova;è.p.;472;9;;28401;684076.69;1065584.00;2013-12-02T00:00:00
11423811;533955;Kutná Hora;;;;;77739;Hlouška;244694;Nerudova;è.p.;473;11;;28401;684063.56;1065565.88;2013-12-02T00:00:00
11423820;533955;Kutná Hora;;;;;77739;Hlouška;243949;Jiráskovy sady;è.p.;474;2;;28401;684119.81;1065696.13;2013-12-02T00:00:00
11423838;533955;Kutná Hora;;;;;77739;Hlouška;243949;Jiráskovy sady;è.p.;475;4;;28401;684109.06;1065705.38;2013-12-02T00:00:00
11423846;533955;Kutná Hora;;;;;77739;Hlouška;243949;Jiráskovy sady;è.p.;476;1;;28401;684097.13;1065714.50;2013-12-02T00:00:00
11423854;533955;Kutná Hora;;;;;77739;Hlouška;243949;Jiráskovy sady;è.p.;477;3;;28401;684084.13;1065726.88;2013-12-02T00:00:00
11423862;533955;Kutná Hora;;;;;77739;Hlouška;243604;Èelakovského;è.p.;478;16;;28401;683966.81;1065640.88;2013-12-02T00:00:00
11423871;533955;Kutná Hora;;;;;77739;Hlouška;244295;Lorecká;è.p.;479;21;;28401;684409.88;1065537.50;2013-12-02T00:00:00
11423889;533955;Kutná Hora;;;;;77739;Hlouška;244295;Lorecká;è.p.;480;19;;28401;684409.88;1065544.63;2013-12-02T00:00:00
11423897;533955;Kutná Hora;;;;;77739;Hlouška;244465;Ostašova;è.p.;481;3;;28401;683940.81;1065660.75;2019-05-14T00:00:00
11423901;533955;Kutná Hora;;;;;77739;Hlouška;244058;Masarykova;è.p.;482;23;;28401;683935.06;1065700.00;2013-12-02T00:00:00
11423919;533955;Kutná Hora;;;;;77739;Hlouška;243655;Benešova;è.p.;483;27;;28401;684124.88;1065492.13;2013-12-02T00:00:00
11423927;533955;Kutná Hora;;;;;77739;Hlouška;244058;Masarykova;è.p.;484;21;;28401;683950.44;1065717.25;2013-12-02T00:00:00
11423935;533955;Kutná Hora;;;;;77739;Hlouška;244635;Na Vyhlídce;è.p.;485;;;28401;684595.25;1065158.13;2013-12-02T00:00:00
11423943;533955;Kutná Hora;;;;;77739;Hlouška;244635;Na Vyhlídce;è.p.;486;17;;28401;684576.25;1065172.50;2013-12-02T00:00:00
11423951;533955;Kutná Hora;;;;;77739;Hlouška;244635;Na Vyhlídce;è.p.;487;15;;28401;684559.06;1065185.25;2013-12-02T00:00:00
11423960;533955;Kutná Hora;;;;;77739;Hlouška;244635;Na Vyhlídce;è.p.;488;13;;28401;684546.50;1065198.50;2013-12-02T00:00:00
11423978;533955;Kutná Hora;;;;;77739;Hlouška;244635;Na Vyhlídce;è.p.;489;11;;28401;684541.13;1065217.13;2013-12-02T00:00:00
11423986;533955;Kutná Hora;;;;;77739;Hlouška;244635;Na Vyhlídce;è.p.;490;9;;28401;684541.88;1065241.25;2013-12-02T00:00:00
11423994;533955;Kutná Hora;;;;;77739;Hlouška;244635;Na Vyhlídce;è.p.;491;7;;28401;684534.84;1065264.35;2013-12-02T00:00:00
11424001;533955;Kutná Hora;;;;;77739;Hlouška;244635;Na Vyhlídce;è.p.;492;5;;28401;684523.00;1065282.88;2013-12-02T00:00:00
11424010;533955;Kutná Hora;;;;;77739;Hlouška;244635;Na Vyhlídce;è.p.;493;4;;28401;684525.81;1065315.38;2013-12-02T00:00:00
11424028;533955;Kutná Hora;;;;;77739;Hlouška;244635;Na Vyhlídce;è.p.;494;6;;28401;684503.50;1065311.38;2013-12-02T00:00:00
11424036;533955;Kutná Hora;;;;;77739;Hlouška;244635;Na Vyhlídce;è.p.;495;8;;28401;684500.94;1065279.38;2013-12-02T00:00:00
11424044;533955;Kutná Hora;;;;;77739;Hlouška;244635;Na Vyhlídce;è.p.;496;10;;28401;684510.69;1065262.13;2013-12-02T00:00:00
11424052;533955;Kutná Hora;;;;;77739;Hlouška;244635;Na Vyhlídce;è.p.;497;12;;28401;684516.75;1065244.00;2013-12-02T00:00:00
11424061;533955;Kutná Hora;;;;;77739;Hlouška;244635;Na Vyhlídce;è.p.;498;14;;28401;684519.56;1065222.50;2013-12-02T00:00:00
11424079;533955;Kutná Hora;;;;;77739;Hlouška;244635;Na Vyhlídce;è.p.;499;16;;28401;684523.00;1065203.13;2013-12-02T00:00:00
11424087;533955;Kutná Hora;;;;;77739;Hlouška;244635;Na Vyhlídce;è.p.;500;18;;28401;684533.25;1065181.75;2013-12-02T00:00:00
11424095;533955;Kutná Hora;;;;;77739;Hlouška;244635;Na Vyhlídce;è.p.;501;;;28401;684586.44;1065119.75;2013-12-02T00:00:00
11424109;533955;Kutná Hora;;;;;77739;Hlouška;244635;Na Vyhlídce;è.p.;502;;;28401;684629.88;1065106.50;2013-12-02T00:00:00
11424117;533955;Kutná Hora;;;;;77739;Hlouška;244635;Na Vyhlídce;è.p.;503;;;28401;684622.69;1065112.13;2013-12-02T00:00:00
11424125;533955;Kutná Hora;;;;;77739;Hlouška;244635;Na Vyhlídce;è.p.;504;;;28401;684622.44;1065143.88;2013-12-02T00:00:00
11424133;533955;Kutná Hora;;;;;77739;Hlouška;244635;Na Vyhlídce;è.p.;505;;;28401;684614.81;1065146.25;2013-12-02T00:00:00
11424141;533955;Kutná Hora;;;;;77739;Hlouška;244872;Pod Sukovem;è.p.;506;10;;28401;684563.19;1065145.38;2013-12-02T00:00:00
11424150;533955;Kutná Hora;;;;;77739;Hlouška;244872;Pod Sukovem;è.p.;507;8;;28401;684556.25;1065149.25;2013-12-02T00:00:00
11424168;533955;Kutná Hora;;;;;77739;Hlouška;244872;Pod Sukovem;è.p.;508;6;;28401;684529.31;1065141.13;2013-12-02T00:00:00
11424176;533955;Kutná Hora;;;;;77739;Hlouška;244872;Pod Sukovem;è.p.;509;2;;28401;684522.56;1065146.50;2013-12-02T00:00:00
11424184;533955;Kutná Hora;;;;;77739;Hlouška;244872;Pod Sukovem;è.p.;510;7;;28401;684479.38;1065192.63;2013-12-02T00:00:00
11424192;533955;Kutná Hora;;;;;77739;Hlouška;244872;Pod Sukovem;è.p.;511;5;;28401;684472.69;1065198.00;2013-12-02T00:00:00
11424206;533955;Kutná Hora;;;;;77739;Hlouška;244872;Pod Sukovem;è.p.;512;3;;28401;684454.63;1065205.25;2013-12-02T00:00:00
11424214;533955;Kutná Hora;;;;;77739;Hlouška;244872;Pod Sukovem;è.p.;513;1;;28401;684448.31;1065210.75;2013-12-02T00:00:00
11424222;533955;Kutná Hora;;;;;77739;Hlouška;244465;Ostašova;è.p.;514;;;28401;683924.25;1065642.75;2013-12-02T00:00:00
11424231;533955;Kutná Hora;;;;;77739;Hlouška;244465;Ostašova;è.p.;515;;;28401;683914.56;1065632.38;2013-12-02T00:00:00
11424249;533955;Kutná Hora;;;;;77739;Hlouška;244465;Ostašova;è.p.;516;3;;28401;683905.69;1065621.63;2013-12-02T00:00:00
11424257;533955;Kutná Hora;;;;;77739;Hlouška;244465;Ostašova;è.p.;517;1;;28401;683896.75;1065610.50;2013-12-02T00:00:00
11424265;533955;Kutná Hora;;;;;77739;Hlouška;245348;Trebišovská;è.p.;518;;;28401;683989.75;1065916.50;2013-12-02T00:00:00
11424273;533955;Kutná Hora;;;;;77739;Hlouška;245348;Trebišovská;è.p.;519;;;28401;684001.75;1065926.63;2013-12-02T00:00:00
11424281;533955;Kutná Hora;;;;;77739;Hlouška;245348;Trebišovská;è.p.;520;;;28401;684023.00;1065949.63;2013-12-02T00:00:00
11424290;533955;Kutná Hora;;;;;77739;Hlouška;245348;Trebišovská;è.p.;521;;;28401;684034.19;1065960.88;2013-12-02T00:00:00
11424303;533955;Kutná Hora;;;;;77739;Hlouška;243604;Èelakovského;è.p.;522;10;;28401;684003.50;1065678.13;2013-12-02T00:00:00
11424311;533955;Kutná Hora;;;;;77739;Hlouška;243604;Èelakovského;è.p.;523;12;;28401;683993.25;1065665.75;2013-12-02T00:00:00
11424320;533955;Kutná Hora;;;;;77739;Hlouška;244465;Ostašova;è.p.;524;14;;28401;684011.75;1065570.00;2013-12-02T00:00:00
11424338;533955;Kutná Hora;;;;;77739;Hlouška;244465;Ostašova;è.p.;525;16;;28401;684023.88;1065559.63;2013-12-02T00:00:00
11424346;533955;Kutná Hora;;;;;77739;Hlouška;244465;Ostašova;è.p.;526;18;;28401;684046.50;1065536.75;2013-12-02T00:00:00
11424354;533955;Kutná Hora;;;;;77739;Hlouška;244465;Ostašova;è.p.;527;20;;28401;684059.19;1065526.75;2013-12-02T00:00:00
11424362;533955;Kutná Hora;;;;;77739;Hlouška;244465;Ostašova;è.p.;528;22;;28401;684072.13;1065516.25;2013-12-02T00:00:00
11424371;533955;Kutná Hora;;;;;77739;Hlouška;244465;Ostašova;è.p.;529;24;;28401;684079.19;1065512.50;2013-12-02T00:00:00
11424389;533955;Kutná Hora;;;;;77739;Hlouška;244465;Ostašova;è.p.;530;11;;28401;684076.38;1065551.88;2013-12-02T00:00:00
11424397;533955;Kutná Hora;;;;;77739;Hlouška;244465;Ostašova;è.p.;531;13;;28401;684089.75;1065541.38;2013-12-02T00:00:00
11424401;533955;Kutná Hora;;;;;77739;Hlouška;244465;Ostašova;è.p.;532;15;;28401;684104.56;1065529.13;2013-12-02T00:00:00
11424419;533955;Kutná Hora;;;;;77739;Hlouška;245348;Trebišovská;è.p.;533;;;28401;683969.13;1065890.38;2013-12-02T00:00:00
11424427;533955;Kutná Hora;;;;;77739;Hlouška;245348;Trebišovská;è.p.;534;;;28401;683959.19;1065878.75;2013-12-02T00:00:00
11424435;533955;Kutná Hora;;;;;77739;Hlouška;244970;Puškinská;è.p.;535;6;;28401;683925.13;1065929.75;2013-12-02T00:00:00
11424443;533955;Kutná Hora;;;;;77739;Hlouška;244970;Puškinská;è.p.;536;8;;28401;683914.94;1065916.88;2013-12-02T00:00:00
11424451;533955;Kutná Hora;;;;;77739;Hlouška;244058;Masarykova;è.p.;537;25;;28401;683919.25;1065681.38;2013-12-02T00:00:00
11424460;533955;Kutná Hora;;;;;77739;Hlouška;245526;U Tylova divadla;è.p.;538;7;;28401;684065.00;1066036.63;2013-12-02T00:00:00
11424478;533955;Kutná Hora;;;;;77739;Hlouška;245526;U Tylova divadla;è.p.;539;5;;28401;684052.19;1066023.63;2013-12-02T00:00:00
11424486;533955;Kutná Hora;;;;;77739;Hlouška;245526;U Tylova divadla;è.p.;540;3;;28401;684040.75;1066012.63;2013-12-02T00:00:00
11424494;533955;Kutná Hora;;;;;77739;Hlouška;245526;U Tylova divadla;è.p.;541;1;;28401;684031.06;1065999.38;2013-12-02T00:00:00
11424508;533955;Kutná Hora;;;;;77739;Hlouška;244970;Puškinská;è.p.;542;1;;28401;684001.50;1065973.88;2013-12-02T00:00:00
11424516;533955;Kutná Hora;;;;;77739;Hlouška;244970;Puškinská;è.p.;543;3;;28401;683990.56;1065962.13;2013-12-02T00:00:00
11424524;533955;Kutná Hora;;;;;77739;Hlouška;244970;Puškinská;è.p.;544;5;;28401;683963.63;1065931.63;2013-12-02T00:00:00
11424532;533955;Kutná Hora;;;;;77739;Hlouška;244970;Puškinská;è.p.;545;7;;28401;683951.38;1065918.00;2013-12-02T00:00:00
11424541;533955;Kutná Hora;;;;;77739;Hlouška;244970;Puškinská;è.p.;546;2;;28401;683957.00;1065965.00;2013-12-02T00:00:00
11424559;533955;Kutná Hora;;;;;77739;Hlouška;244970;Puškinská;è.p.;547;4;;28401;683946.69;1065953.75;2013-12-02T00:00:00
11424567;533955;Kutná Hora;;;;;77739;Hlouška;244031;Kampánova;è.p.;548;;;28401;683923.63;1065576.38;2013-12-02T00:00:00
11424575;533955;Kutná Hora;;;;;77739;Hlouška;244970;Puškinská;è.p.;549;9;;28401;683927.69;1065886.25;2013-12-02T00:00:00
11424583;533955;Kutná Hora;;;;;77739;Hlouška;244970;Puškinská;è.p.;550;11;;28401;683916.63;1065872.00;2013-12-02T00:00:00
11424591;533955;Kutná Hora;;;;;77739;Hlouška;244970;Puškinská;è.p.;551;13;;28401;683906.06;1065860.13;2013-12-02T00:00:00
11424605;533955;Kutná Hora;;;;;77739;Hlouška;243671;Družební;è.p.;552;;;28401;683832.19;1065884.25;2013-12-02T00:00:00
11424613;533955;Kutná Hora;;;;;77739;Hlouška;245551;Štefánikova;è.p.;553;;;28401;684264.81;1065858.00;2013-12-02T00:00:00
11424621;533955;Kutná Hora;;;;;77739;Hlouška;245551;Štefánikova;è.p.;554;;;28401;684262.38;1065839.88;2013-12-02T00:00:00
11424630;533955;Kutná Hora;;;;;77739;Hlouška;245551;Štefánikova;è.p.;555;;;28401;684259.44;1065824.38;2013-12-02T00:00:00
11424648;533955;Kutná Hora;;;;;77739;Hlouška;245551;Štefánikova;è.p.;556;;;28401;684352.04;1065846.02;2013-12-02T00:00:00
11424656;533955;Kutná Hora;;;;;77739;Hlouška;245551;Štefánikova;è.p.;557;;;28401;684348.44;1065860.86;2013-12-02T00:00:00
11424664;533955;Kutná Hora;;;;;77739;Hlouška;244970;Puškinská;è.p.;558;;;28401;684094.69;1066107.25;2013-12-02T00:00:00
11424672;533955;Kutná Hora;;;;;77739;Hlouška;244970;Puškinská;è.p.;559;;;28401;684078.00;1066089.00;2013-12-02T00:00:00
11424681;533955;Kutná Hora;;;;;77739;Hlouška;244970;Puškinská;è.p.;560;;;28401;684107.81;1066118.38;2013-12-02T00:00:00
11424699;533955;Kutná Hora;;;;;77739;Hlouška;243736;Hašplíøská;è.p.;561;;;28401;684149.23;1066132.02;2013-12-02T00:00:00
11424702;533955;Kutná Hora;;;;;77739;Hlouška;243736;Hašplíøská;è.p.;562;;;28401;684135.81;1066144.20;2013-12-02T00:00:00
11424711;533955;Kutná Hora;;;;;77739;Hlouška;243736;Hašplíøská;è.p.;563;;;28401;684117.71;1066153.19;2013-12-02T00:00:00
11424729;533955;Kutná Hora;;;;;77739;Hlouška;243736;Hašplíøská;è.p.;564;;;28401;684104.11;1066165.58;2013-12-02T00:00:00
11424737;533955;Kutná Hora;;;;;77739;Hlouška;243736;Hašplíøská;è.p.;565;;;28401;684135.81;1066092.50;2013-12-02T00:00:00
11424745;533955;Kutná Hora;;;;;77739;Hlouška;244970;Puškinská;è.p.;566;;;28401;683801.00;1065735.25;2013-12-02T00:00:00
11424753;533955;Kutná Hora;;;;;77739;Hlouška;244970;Puškinská;è.p.;567;;;28401;683787.50;1065720.75;2013-12-02T00:00:00
11424761;533955;Kutná Hora;;;;;77739;Hlouška;244970;Puškinská;è.p.;568;;;28401;683774.81;1065705.38;2013-12-02T00:00:00
11424770;533955;Kutná Hora;;;;;77739;Hlouška;244970;Puškinská;è.p.;569;;;28401;683765.19;1065685.50;2013-12-02T00:00:00
11424788;533955;Kutná Hora;;;;;77739;Hlouška;244970;Puškinská;è.p.;570;;;28401;683750.75;1065667.75;2013-12-02T00:00:00
11424796;533955;Kutná Hora;;;;;77739;Hlouška;244970;Puškinská;è.p.;571;;;28401;683725.19;1065637.00;2013-12-02T00:00:00
11424800;533955;Kutná Hora;;;;;77739;Hlouška;244970;Puškinská;è.p.;572;;;28401;683735.25;1065649.25;2013-12-02T00:00:00
11424818;533955;Kutná Hora;;;;;77739;Hlouška;244651;Nádražní;è.p.;573;;;28401;684052.25;1066159.25;2013-12-02T00:00:00
11424826;533955;Kutná Hora;;;;;77739;Hlouška;243604;Èelakovského;è.p.;574;;;28401;683981.44;1065652.13;2013-12-02T00:00:00
11424834;533955;Kutná Hora;;;;;77739;Hlouška;244678;Pod Divadlem;è.p.;575;;;28401;684117.69;1066057.50;2013-12-02T00:00:00
11424842;533955;Kutná Hora;;;;;77739;Hlouška;244651;Nádražní;è.p.;576;;;28401;684051.25;1066120.25;2013-12-02T00:00:00
11424851;533955;Kutná Hora;;;;;77739;Hlouška;244970;Puškinská;è.p.;577;;;28401;683875.13;1065823.13;2013-12-02T00:00:00
11424869;533955;Kutná Hora;;;;;77739;Hlouška;244058;Masarykova;è.p.;578;;;28401;683769.63;1065608.38;2013-12-02T00:00:00
11424877;533955;Kutná Hora;;;;;77739;Hlouška;244058;Masarykova;è.p.;579;;;28401;683756.00;1065618.63;2013-12-02T00:00:00
11424885;533955;Kutná Hora;;;;;77739;Hlouška;244058;Masarykova;è.p.;580;;;28401;683809.06;1065654.88;2013-12-02T00:00:00
11424893;533955;Kutná Hora;;;;;77739;Hlouška;244058;Masarykova;è.p.;581;;;28401;683795.19;1065666.00;2013-12-02T00:00:00
11424907;533955;Kutná Hora;;;;;77739;Hlouška;244058;Masarykova;è.p.;582;;;28401;683848.50;1065703.50;2013-12-02T00:00:00
11424915;533955;Kutná Hora;;;;;77739;Hlouška;244058;Masarykova;è.p.;583;;;28401;683836.00;1065713.25;2013-12-02T00:00:00
11424923;533955;Kutná Hora;;;;;77739;Hlouška;244970;Puškinská;è.p.;584;;;28401;683695.75;1065666.88;2013-12-02T00:00:00
11424931;533955;Kutná Hora;;;;;77739;Hlouška;244970;Puškinská;è.p.;585;;;28401;683708.63;1065682.50;2013-12-02T00:00:00
11424940;533955;Kutná Hora;;;;;77739;Hlouška;244970;Puškinská;è.p.;586;;;28401;683721.56;1065697.25;2013-12-02T00:00:00
11424958;533955;Kutná Hora;;;;;77739;Hlouška;244970;Puškinská;è.p.;587;;;28401;683733.81;1065712.63;2013-12-02T00:00:00
11424966;533955;Kutná Hora;;;;;77739;Hlouška;244970;Puškinská;è.p.;588;;;28401;683789.88;1065783.88;2013-12-02T00:00:00
11424974;533955;Kutná Hora;;;;;77739;Hlouška;244970;Puškinská;è.p.;589;;;28401;683777.56;1065771.63;2013-12-02T00:00:00
11424982;533955;Kutná Hora;;;;;77739;Hlouška;244970;Puškinská;è.p.;590;;;28401;683764.13;1065755.63;2013-12-02T00:00:00
11424991;533955;Kutná Hora;;;;;77739;Hlouška;244970;Puškinská;è.p.;591;;;28401;683752.88;1065744.25;2013-12-02T00:00:00
11425008;533955;Kutná Hora;;;;;77739;Hlouška;244970;Puškinská;è.p.;592;;;28401;683847.50;1065864.00;2013-12-02T00:00:00
11425016;533955;Kutná Hora;;;;;77739;Hlouška;244970;Puškinská;è.p.;593;;;28401;683834.63;1065848.38;2013-12-02T00:00:00
11425024;533955;Kutná Hora;;;;;77739;Hlouška;244970;Puškinská;è.p.;594;;;28401;683822.06;1065833.75;2013-12-02T00:00:00
11425032;533955;Kutná Hora;;;;;77739;Hlouška;244970;Puškinská;è.p.;595;;;28401;683809.06;1065818.38;2013-12-02T00:00:00
11425041;533955;Kutná Hora;;;;;77739;Hlouška;244058;Masarykova;è.p.;596;;;28401;683898.19;1065719.25;2013-12-02T00:00:00
11425059;533955;Kutná Hora;;;;;77739;Hlouška;244058;Masarykova;è.p.;597;;;28401;683879.44;1065733.75;2013-12-02T00:00:00
11425067;533955;Kutná Hora;;;;;77739;Hlouška;244058;Masarykova;è.p.;598;;;28401;683932.13;1065760.75;2013-12-02T00:00:00
11425075;533955;Kutná Hora;;;;;77739;Hlouška;244058;Masarykova;è.p.;599;;;28401;683915.81;1065776.38;2013-12-02T00:00:00
11425083;533955;Kutná Hora;;;;;77739;Hlouška;244058;Masarykova;è.p.;600;;;28401;683965.06;1065805.63;2013-12-02T00:00:00
11425091;533955;Kutná Hora;;;;;77739;Hlouška;244058;Masarykova;è.p.;601;;;28401;683949.00;1065816.38;2013-12-02T00:00:00
11425105;533955;Kutná Hora;;;;;77739;Hlouška;243671;Družební;è.p.;602;;;28401;683930.19;1065848.13;2013-12-02T00:00:00
11425113;533955;Kutná Hora;;;;;77739;Hlouška;243671;Družební;è.p.;603;;;28401;683876.06;1065889.88;2013-12-02T00:00:00
11425121;533955;Kutná Hora;;;;;77739;Hlouška;245348;Trebišovská;è.p.;604;;;28401;684056.44;1065935.50;2013-12-02T00:00:00
11425130;533955;Kutná Hora;;;;;77739;Hlouška;245348;Trebišovská;è.p.;605;;;28401;684046.19;1065924.13;2013-12-02T00:00:00
11425148;533955;Kutná Hora;;;;;77739;Hlouška;245348;Trebišovská;è.p.;606;;;28401;684034.56;1065912.00;2013-12-02T00:00:00
11425156;533955;Kutná Hora;;;;;77739;Hlouška;245348;Trebišovská;è.p.;607;;;28401;684021.50;1065899.25;2013-12-02T00:00:00
11425164;533955;Kutná Hora;;;;;77739;Hlouška;245348;Trebišovská;è.p.;608;;;28401;684009.81;1065885.63;2013-12-02T00:00:00
11425172;533955;Kutná Hora;;;;;77739;Hlouška;245348;Trebišovská;è.p.;609;;;28401;683997.94;1065872.00;2013-12-02T00:00:00
11425181;533955;Kutná Hora;;;;;77739;Hlouška;243655;Benešova;è.p.;610;;;28401;684197.81;1065556.25;2013-12-02T00:00:00
11425199;533955;Kutná Hora;;;;;77739;Hlouška;245348;Trebišovská;è.p.;611;;;28401;683866.19;1065767.88;2013-12-02T00:00:00
11425202;533955;Kutná Hora;;;;;77739;Hlouška;243655;Benešova;è.p.;612;20;;28401;684134.00;1065545.25;2013-12-02T00:00:00
11425211;533955;Kutná Hora;;;;;77739;Hlouška;243655;Benešova;è.p.;613;22;;28401;684113.56;1065574.13;2013-12-02T00:00:00
11425229;533955;Kutná Hora;;;;;77739;Hlouška;243655;Benešova;è.p.;614;24;;28401;684155.75;1065578.63;2013-12-02T00:00:00
11425237;533955;Kutná Hora;;;;;77739;Hlouška;243655;Benešova;è.p.;615;;;28401;684168.88;1065603.38;2013-12-02T00:00:00
11425245;533955;Kutná Hora;;;;;77739;Hlouška;244058;Masarykova;è.p.;616;;;28401;683877.00;1065626.00;2013-12-02T00:00:00
11425253;533955;Kutná Hora;;;;;77739;Hlouška;244970;Puškinská;è.p.;617;;;28401;683801.44;1065917.38;2013-12-02T00:00:00
11425261;533955;Kutná Hora;;;;;77739;Hlouška;244058;Masarykova;è.p.;618;;;28401;683782.00;1065588.88;2013-12-02T00:00:00
11425288;533955;Kutná Hora;;;;;77739;Hlouška;244058;Masarykova;è.p.;620;;;28401;683531.20;1065307.36;2013-12-02T00:00:00
11425296;533955;Kutná Hora;;;;;77739;Hlouška;244058;Masarykova;è.p.;621;;;28401;683522.93;1065299.50;2013-12-02T00:00:00
11425300;533955;Kutná Hora;;;;;77739;Hlouška;244058;Masarykova;è.p.;622;;;28401;683462.85;1065250.47;2013-12-02T00:00:00
11425318;533955;Kutná Hora;;;;;77739;Hlouška;244058;Masarykova;è.p.;623;;;28401;683404.49;1065335.10;2013-12-02T00:00:00
11425326;533955;Kutná Hora;;;;;77739;Hlouška;244589;Na Špici;è.p.;624;;;28401;683538.67;1065354.89;2013-12-02T00:00:00
11425334;533955;Kutná Hora;;;;;77739;Hlouška;244589;Na Špici;è.p.;625;;;28401;683531.52;1065362.04;2013-12-02T00:00:00
11425342;533955;Kutná Hora;;;;;77739;Hlouška;244589;Na Špici;è.p.;626;;;28401;683510.85;1065379.38;2013-12-02T00:00:00
11425351;533955;Kutná Hora;;;;;77739;Hlouška;244589;Na Špici;è.p.;627;;;28401;683494.08;1065363.68;2013-12-02T00:00:00
11425369;533955;Kutná Hora;;;;;77739;Hlouška;244589;Na Špici;è.p.;628;;;28401;683488.11;1065356.59;2013-12-02T00:00:00
11425385;533955;Kutná Hora;;;;;77739;Hlouška;243655;Benešova;è.p.;632;;;28401;683824.44;1065363.63;2013-12-02T00:00:00
11425393;533955;Kutná Hora;;;;;77739;Hlouška;243655;Benešova;è.p.;633;;;28401;683809.56;1065361.13;2013-12-02T00:00:00
11425407;533955;Kutná Hora;;;;;77739;Hlouška;243655;Benešova;è.p.;634;;;28401;683795.63;1065358.13;2013-12-02T00:00:00
11425415;533955;Kutná Hora;;;;;77739;Hlouška;243655;Benešova;è.p.;635;;;28401;683780.69;1065355.63;2013-12-02T00:00:00
11425423;533955;Kutná Hora;;;;;77739;Hlouška;243655;Benešova;è.p.;636;;;28401;683766.75;1065352.75;2013-12-02T00:00:00
11425431;533955;Kutná Hora;;;;;77739;Hlouška;243655;Benešova;è.p.;637;;;28401;683748.88;1065349.75;2013-12-02T00:00:00
11425440;533955;Kutná Hora;;;;;77739;Hlouška;243655;Benešova;è.p.;638;;;28401;683741.31;1065332.75;2013-12-02T00:00:00
11425458;533955;Kutná Hora;;;;;77739;Hlouška;244678;Pod Divadlem;è.p.;640;;;28401;684084.00;1066051.00;2013-12-02T00:00:00
11425466;533955;Kutná Hora;;;;;77739;Hlouška;244970;Puškinská;è.p.;641;;;28401;683719.00;1065767.00;2013-12-02T00:00:00
11425474;533955;Kutná Hora;;;;;77739;Hlouška;245348;Trebišovská;è.p.;642;;;28401;683974.25;1065845.38;2013-12-02T00:00:00
11425482;533955;Kutná Hora;;;;;77739;Hlouška;244058;Masarykova;è.p.;645;;;28401;684190.13;1066037.25;2013-12-02T00:00:00
11425491;533955;Kutná Hora;;;;;77739;Hlouška;244872;Pod Sukovem;è.p.;646;;;28401;684451.13;1065240.80;2022-10-15T00:00:00
11425504;533955;Kutná Hora;;;;;77739;Hlouška;244970;Puškinská;è.p.;651;;;28401;683750.19;1065796.23;2022-10-15T00:00:00
11425512;533955;Kutná Hora;;;;;77739;Hlouška;244970;Puškinská;è.p.;652;;;28401;683752.11;1065797.49;2013-12-02T00:00:00
11425521;533955;Kutná Hora;;;;;77739;Hlouška;244970;Puškinská;è.p.;653;;;28401;683744.30;1065788.88;2013-12-02T00:00:00
11425539;533955;Kutná Hora;;;;;77747;Žižkov;243612;Èeská;è.p.;1;40;;28401;684993.89;1065752.24;2022-10-15T00:00:00
11425547;533955;Kutná Hora;;;;;77747;Žižkov;243612;Èeská;è.p.;2;42;;28401;685044.51;1065730.25;2014-01-10T00:00:00
11425555;533955;Kutná Hora;;;;;77747;Žižkov;243612;Èeská;è.p.;3;39;;28401;685076.00;1065744.00;2013-12-02T00:00:00
11425571;533955;Kutná Hora;;;;;77747;Žižkov;244210;Ku ptáku;è.p.;5;17;;28401;685265.50;1065737.13;2013-12-02T00:00:00
11425580;533955;Kutná Hora;;;;;77747;Žižkov;244210;Ku ptáku;è.p.;6;7;;28401;685117.50;1065785.50;2013-12-02T00:00:00
11425598;533955;Kutná Hora;;;;;77747;Žižkov;244210;Ku ptáku;è.p.;7;1;;28401;685051.13;1065814.00;2013-12-02T00:00:00
11425610;533955;Kutná Hora;;;;;77747;Žižkov;245381;Tyršova;è.p.;9;5;;28401;685364.81;1066180.00;2013-12-02T00:00:00
11425628;533955;Kutná Hora;;;;;77747;Žižkov;244066;Ke Kalichu;è.p.;10;10;;28401;685555.19;1066168.50;2013-12-02T00:00:00
11425636;533955;Kutná Hora;;;;;77747;Žižkov;245615;V Mišpulkách;è.p.;12;7;;28401;685245.16;1066119.37;2022-10-15T00:00:00
11425652;533955;Kutná Hora;;;;;77747;Žižkov;243884;Husova;è.p.;16;;;28401;685109.19;1066161.63;2013-12-02T00:00:00
11425661;533955;Kutná Hora;;;;;77747;Žižkov;243884;Husova;è.p.;17;44;;28401;685121.31;1066207.13;2013-12-02T00:00:00
11425679;533955;Kutná Hora;;;;;77747;Žižkov;243884;Husova;è.p.;18;61;;28401;685151.38;1066196.85;2013-12-02T00:00:00
11425687;533955;Kutná Hora;;;;;77747;Žižkov;245747;Vojtìšská;è.p.;19;;;28401;685693.00;1066496.00;2013-12-02T00:00:00
11425695;533955;Kutná Hora;;;;;77747;Žižkov;244163;Kouøimská;è.p.;20;4;;28401;685224.25;1066210.25;2013-12-02T00:00:00
11425709;533955;Kutná Hora;;;;;77747;Žižkov;244163;Kouøimská;è.p.;21;6;;28401;685239.31;1066215.63;2013-12-02T00:00:00
11425717;533955;Kutná Hora;;;;;77747;Žižkov;244163;Kouøimská;è.p.;22;8;;28401;685256.56;1066216.88;2013-12-02T00:00:00
11425725;533955;Kutná Hora;;;;;77747;Žižkov;244163;Kouøimská;è.p.;23;10;;28401;685284.25;1066221.25;2013-12-02T00:00:00
11425733;533955;Kutná Hora;;;;;77747;Žižkov;244163;Kouøimská;è.p.;24;17;;28401;685393.81;1066269.00;2013-12-02T00:00:00
11425741;533955;Kutná Hora;;;;;77747;Žižkov;245747;Vojtìšská;è.p.;25;17;;28401;685506.00;1066416.25;2013-12-02T00:00:00
11425750;533955;Kutná Hora;;;;;77747;Žižkov;244163;Kouøimská;è.p.;26;13;;28401;685324.13;1066264.00;2013-12-02T00:00:00
11425768;533955;Kutná Hora;;;;;77747;Žižkov;244163;Kouøimská;è.p.;27;7;;28401;685267.00;1066256.00;2013-12-02T00:00:00
11425776;533955;Kutná Hora;;;;;77747;Žižkov;244236;Kvapilova;è.p.;30;;;28401;685277.19;1066715.38;2013-12-02T00:00:00
11425784;533955;Kutná Hora;;;;;77747;Žižkov;245747;Vojtìšská;è.p.;31;28;;28401;685728.75;1066533.63;2013-12-02T00:00:00
11425792;533955;Kutná Hora;;;;;77747;Žižkov;244198;Kremnická;è.p.;32;8;;28401;685178.31;1066340.38;2013-12-02T00:00:00
11425814;533955;Kutná Hora;;;;;77747;Žižkov;244228;Kudrnova;è.p.;34;30;;28401;685301.01;1066632.26;2013-12-02T00:00:00
11425822;533955;Kutná Hora;;;;;77747;Žižkov;244503;Na Rudì;è.p.;35;;;28401;685168.25;1067579.88;2013-12-02T00:00:00
11425831;533955;Kutná Hora;;;;;77747;Žižkov;244961;Purkyòova;è.p.;36;;;28401;685195.00;1066390.00;2013-12-02T00:00:00
11425849;533955;Kutná Hora;;;;;77747;Žižkov;244228;Kudrnova;è.p.;37;26;;28401;685241.00;1066589.50;2013-12-02T00:00:00
11425857;533955;Kutná Hora;;;;;77747;Žižkov;244236;Kvapilova;è.p.;38;5;;28401;685325.94;1066667.50;2013-12-02T00:00:00
11425873;533955;Kutná Hora;;;;;77747;Žižkov;244198;Kremnická;è.p.;40;14;;28401;685156.94;1066495.63;2013-12-02T00:00:00
11425890;533955;Kutná Hora;;;;;77747;Žižkov;244198;Kremnická;è.p.;42;16;;28401;685155.50;1066545.25;2013-12-02T00:00:00
11425903;533955;Kutná Hora;;;;;77747;Žižkov;244198;Kremnická;è.p.;43;13;;28401;685146.06;1066672.25;2013-12-02T00:00:00
11425911;533955;Kutná Hora;;;;;77747;Žižkov;245798;Za Barborou;è.p.;44;6;;28401;685119.69;1066720.25;2013-12-02T00:00:00
11425938;533955;Kutná Hora;;;;;77747;Žižkov;244198;Kremnická;è.p.;46;20;;28401;685193.44;1066708.50;2013-12-02T00:00:00
11425946;533955;Kutná Hora;;;;;77747;Žižkov;244198;Kremnická;è.p.;47;22;;28401;685173.50;1066804.75;2013-12-02T00:00:00
11425954;533955;Kutná Hora;;;;;77747;Žižkov;244228;Kudrnova;è.p.;48;16;;28401;685217.00;1066489.63;2013-12-02T00:00:00
11425962;533955;Kutná Hora;;;;;77747;Žižkov;244198;Kremnická;è.p.;49;10;;28401;685167.13;1066381.63;2013-12-02T00:00:00
11425971;533955;Kutná Hora;;;;;77747;Žižkov;245313;Táborská;è.p.;50;1;;28401;685217.06;1066934.75;2013-12-02T00:00:00
11425989;533955;Kutná Hora;;;;;77747;Žižkov;245879;Zelená hora;è.p.;52;;;28401;685262.38;1066965.50;2013-12-02T00:00:00
11425997;533955;Kutná Hora;;;;;77747;Žižkov;245879;Zelená hora;è.p.;53;12;;28401;685315.38;1067051.25;2013-12-02T00:00:00
11426004;533955;Kutná Hora;;;;;77747;Žižkov;245879;Zelená hora;è.p.;54;10;;28401;685296.81;1067023.25;2013-12-02T00:00:00
11426021;533955;Kutná Hora;;;;;77747;Žižkov;245313;Táborská;è.p.;56;2;;28401;685296.25;1067081.00;2013-12-02T00:00:00
11426039;533955;Kutná Hora;;;;;77747;Žižkov;245879;Zelená hora;è.p.;57;14;;28401;685362.13;1067029.88;2013-12-02T00:00:00
11426047;533955;Kutná Hora;;;;;77747;Žižkov;245879;Zelená hora;è.p.;58;16;;28401;685398.65;1067009.26;2022-10-15T00:00:00
11426055;533955;Kutná Hora;;;;;77747;Žižkov;245879;Zelená hora;è.p.;59;5;;28401;685413.50;1067029.00;2013-12-02T00:00:00
11426063;533955;Kutná Hora;;;;;77747;Žižkov;245879;Zelená hora;è.p.;60;3;;28401;685354.19;1067104.63;2013-12-02T00:00:00
11426071;533955;Kutná Hora;;;;;77747;Žižkov;244392;Na Bylance;è.p.;61;7;;28401;685390.31;1067143.25;2013-12-02T00:00:00
11426080;533955;Kutná Hora;;;;;77747;Žižkov;244392;Na Bylance;è.p.;62;5;;28401;685326.88;1067153.63;2013-12-02T00:00:00
11426098;533955;Kutná Hora;;;;;77747;Žižkov;244392;Na Bylance;è.p.;63;;;28401;685337.50;1067169.38;2013-12-02T00:00:00
11426101;533955;Kutná Hora;;;;;77747;Žižkov;245313;Táborská;è.p.;64;4;;28401;685277.06;1067143.25;2013-12-02T00:00:00
11426110;533955;Kutná Hora;;;;;77747;Žižkov;245381;Tyršova;è.p.;65;;;28401;685393.50;1065934.75;2013-12-02T00:00:00
11426128;533955;Kutná Hora;;;;;77747;Žižkov;244481;Na Podskalí;è.p.;66;8;;28401;685238.38;1067041.13;2013-12-02T00:00:00
11426144;533955;Kutná Hora;;;;;77747;Žižkov;690376;U Trojice;è.p.;68;;;28401;685515.00;1067165.00;2013-12-02T00:00:00
11426152;533955;Kutná Hora;;;;;77747;Žižkov;244481;Na Podskalí;è.p.;69;2;;28401;685060.25;1066807.25;2013-12-02T00:00:00
11426161;533955;Kutná Hora;;;;;77747;Žižkov;245593;V Hutích;è.p.;70;11;;28401;685493.19;1067875.50;2013-12-02T00:00:00
11426179;533955;Kutná Hora;;;;;77747;Žižkov;244481;Na Podskalí;è.p.;71;1;;28401;685006.81;1066717.50;2013-12-02T00:00:00
11426187;533955;Kutná Hora;;;;;77747;Žižkov;244481;Na Podskalí;è.p.;72;3;;28401;685152.25;1066956.13;2013-12-02T00:00:00
11426195;533955;Kutná Hora;;;;;77747;Žižkov;245313;Táborská;è.p.;73;10;;28401;685263.19;1067256.75;2013-12-02T00:00:00
11426209;533955;Kutná Hora;;;;;77747;Žižkov;244392;Na Bylance;è.p.;75;;;28401;685635.56;1067000.25;2013-12-02T00:00:00
11426225;533955;Kutná Hora;;;;;77747;Žižkov;244775;Partyzánská;è.p.;77;;;28401;685574.63;1066185.63;2013-12-02T00:00:00
11426233;533955;Kutná Hora;;;;;77747;Žižkov;244210;Ku ptáku;è.p.;78;9;;28401;685154.81;1065825.50;2013-12-02T00:00:00
11426241;533955;Kutná Hora;;;;;77747;Žižkov;244392;Na Bylance;è.p.;79;;;28401;685461.23;1067062.48;2022-10-15T00:00:00
11426250;533955;Kutná Hora;;;;;77747;Žižkov;244392;Na Bylance;è.p.;80;;;28401;685319.50;1067155.88;2013-12-02T00:00:00
11426268;533955;Kutná Hora;;;;;77747;Žižkov;244686;Po Mlýnech;è.p.;81;3;;28401;686260.63;1068365.75;2013-12-02T00:00:00
11426276;533955;Kutná Hora;;;;;77747;Žižkov;244686;Po Mlýnech;è.p.;82;2;;28401;686079.38;1068363.63;2013-12-02T00:00:00
11426284;533955;Kutná Hora;;;;;77747;Žižkov;244686;Po Mlýnech;è.p.;83;1;;28401;685792.19;1068071.00;2013-12-02T00:00:00
11426292;533955;Kutná Hora;;;;;77747;Žižkov;245593;V Hutích;è.p.;84;;;28401;685586.38;1067764.88;2013-12-02T00:00:00
11426306;533955;Kutná Hora;;;;;77747;Žižkov;245593;V Hutích;è.p.;85;1;;28401;685316.88;1067633.25;2013-12-02T00:00:00
11426314;533955;Kutná Hora;;;;;77747;Žižkov;245593;V Hutích;è.p.;86;;;28401;685273.38;1067529.88;2013-12-02T00:00:00
11426322;533955;Kutná Hora;;;;;402206;Vrchlice;244881;Pod Tratí;è.p.;87;;;28401;684827.06;1067664.50;2013-12-02T00:00:00
11426349;533955;Kutná Hora;;;;;77747;Žižkov;245593;V Hutích;è.p.;89;;;28401;685573.81;1067825.88;2013-12-02T00:00:00
11426357;533955;Kutná Hora;;;;;77747;Žižkov;245313;Táborská;è.p.;90;5;;28401;685270.18;1067080.76;2022-10-15T00:00:00
11426365;533955;Kutná Hora;;;;;77747;Žižkov;244198;Kremnická;è.p.;91;15;;28401;685156.00;1066683.13;2013-12-02T00:00:00
11426381;533955;Kutná Hora;;;;;77747;Žižkov;245313;Táborská;è.p.;93;42;;28401;685062.52;1067671.53;2013-12-02T00:00:00
11426390;533955;Kutná Hora;;;;;77747;Žižkov;245313;Táborská;è.p.;94;11;;28401;685156.38;1067242.63;2013-12-02T00:00:00
11426411;533955;Kutná Hora;;;;;77747;Žižkov;244210;Ku ptáku;è.p.;96;3;;28401;685077.81;1065800.75;2013-12-02T00:00:00
11426420;533955;Kutná Hora;;;;;77747;Žižkov;244198;Kremnická;è.p.;98;18;;28401;685170.94;1066613.13;2013-12-02T00:00:00
11426438;533955;Kutná Hora;;;;;77747;Žižkov;243612;Èeská;è.p.;99;46;;28401;685078.75;1065599.00;2013-12-02T00:00:00
11426446;533955;Kutná Hora;;;;;77747;Žižkov;245313;Táborská;è.p.;100;13;;28401;685161.11;1067310.82;2013-12-02T00:00:00
11426454;533955;Kutná Hora;;;;;77747;Žižkov;244392;Na Bylance;è.p.;102;2;;28401;685324.56;1067124.75;2013-12-02T00:00:00
11426462;533955;Kutná Hora;;;;;77747;Žižkov;243612;Èeská;è.p.;103;37;;28401;685008.06;1065826.88;2013-12-02T00:00:00
11426471;533955;Kutná Hora;;;;;77747;Žižkov;244163;Kouøimská;è.p.;104;3;;28401;685186.63;1066235.88;2013-12-02T00:00:00
11426497;533955;Kutná Hora;;;;;77747;Žižkov;245747;Vojtìšská;è.p.;106;24;;28401;685582.69;1066436.25;2013-12-02T00:00:00
11426501;533955;Kutná Hora;;;;;77747;Žižkov;244163;Kouøimská;è.p.;107;11;;28401;685306.75;1066259.75;2013-12-02T00:00:00
11426527;533955;Kutná Hora;;;;;77747;Žižkov;244163;Kouøimská;è.p.;109;15;;28401;685348.06;1066280.13;2013-12-02T00:00:00
11426535;533955;Kutná Hora;;;;;77747;Žižkov;245798;Za Barborou;è.p.;110;10;;28401;685112.06;1066679.38;2013-12-02T00:00:00
11426543;533955;Kutná Hora;;;;;77747;Žižkov;243884;Husova;è.p.;111;42;;28401;685108.50;1066205.75;2013-12-02T00:00:00
11426551;533955;Kutná Hora;;;;;77747;Žižkov;245798;Za Barborou;è.p.;112;8;;28401;685115.79;1066700.17;2013-12-02T00:00:00
11426560;533955;Kutná Hora;;;;;77747;Žižkov;245615;V Mišpulkách;è.p.;113;9;;28401;685263.38;1066112.63;2013-12-02T00:00:00
11426578;533955;Kutná Hora;;;;;77747;Žižkov;245798;Za Barborou;è.p.;114;17;;28401;685142.63;1066798.75;2013-12-02T00:00:00
11426586;533955;Kutná Hora;;;;;77747;Žižkov;244198;Kremnická;è.p.;115;6;;28401;685177.38;1066275.25;2013-12-02T00:00:00
11426594;533955;Kutná Hora;;;;;77747;Žižkov;245313;Táborská;è.p.;116;15;;28401;685165.13;1067327.88;2013-12-02T00:00:00
11426608;533955;Kutná Hora;;;;;77747;Žižkov;245313;Táborská;è.p.;117;40;;28401;685039.63;1067655.75;2013-12-02T00:00:00
11426616;533955;Kutná Hora;;;;;77747;Žižkov;243612;Èeská;è.p.;118;44;;28401;685069.50;1065625.75;2013-12-02T00:00:00
11426624;533955;Kutná Hora;;;;;77747;Žižkov;245313;Táborská;è.p.;119;38;;28401;685029.50;1067645.50;2013-12-02T00:00:00
11426632;533955;Kutná Hora;;;;;77747;Žižkov;245615;V Mišpulkách;è.p.;120;11;;28401;685274.94;1066109.25;2013-12-02T00:00:00
11426641;533955;Kutná Hora;;;;;77747;Žižkov;245615;V Mišpulkách;è.p.;121;3;;28401;685184.86;1066156.89;2022-10-15T00:00:00
11426659;533955;Kutná Hora;;;;;77747;Žižkov;245747;Vojtìšská;è.p.;122;12;;28401;685469.56;1066376.88;2013-12-02T00:00:00
11426667;533955;Kutná Hora;;;;;77747;Žižkov;245747;Vojtìšská;è.p.;123;14;;28401;685480.63;1066377.88;2013-12-02T00:00:00
11426675;533955;Kutná Hora;;;;;77747;Žižkov;245747;Vojtìšská;è.p.;124;16;;28401;685490.44;1066377.88;2013-12-02T00:00:00
11426683;533955;Kutná Hora;;;;;77747;Žižkov;245313;Táborská;è.p.;125;9;;28401;685240.78;1067122.28;2013-12-02T00:00:00
11426691;533955;Kutná Hora;;;;;77747;Žižkov;245747;Vojtìšská;è.p.;126;10;;28401;685448.19;1066374.13;2013-12-02T00:00:00
11426705;533955;Kutná Hora;;;;;77747;Žižkov;244210;Ku ptáku;è.p.;127;19;;28401;685448.69;1065550.25;2013-12-02T00:00:00
11426713;533955;Kutná Hora;;;;;77747;Žižkov;245747;Vojtìšská;è.p.;128;4;;28401;685404.94;1066356.13;2013-12-02T00:00:00
11426721;533955;Kutná Hora;;;;;77747;Žižkov;245747;Vojtìšská;è.p.;129;8;;28401;685438.69;1066372.13;2013-12-02T00:00:00
11426730;533955;Kutná Hora;;;;;77747;Žižkov;245259;Štietkova;è.p.;130;4;;28401;685154.31;1065987.00;2013-12-02T00:00:00
11426748;533955;Kutná Hora;;;;;77747;Žižkov;245747;Vojtìšská;è.p.;131;6;;28401;685417.06;1066365.00;2013-12-02T00:00:00
11426756;533955;Kutná Hora;;;;;77747;Žižkov;244228;Kudrnova;è.p.;132;18;;28401;685201.25;1066508.88;2013-12-02T00:00:00
11426764;533955;Kutná Hora;;;;;77747;Žižkov;244228;Kudrnova;è.p.;133;20;;28401;685205.00;1066520.13;2013-12-02T00:00:00
11426772;533955;Kutná Hora;;;;;77747;Žižkov;244163;Kouøimská;è.p.;134;25;;28401;685484.06;1066273.25;2013-12-02T00:00:00
11426781;533955;Kutná Hora;;;;;77747;Žižkov;244163;Kouøimská;è.p.;135;23;;28401;685473.63;1066272.88;2013-12-02T00:00:00
11426799;533955;Kutná Hora;;;;;77747;Žižkov;245313;Táborská;è.p.;136;35;;28401;685081.19;1067722.00;2013-12-02T00:00:00
11426802;533955;Kutná Hora;;;;;77747;Žižkov;245313;Táborská;è.p.;137;17;;28401;685166.00;1067365.88;2013-12-02T00:00:00
11426811;533955;Kutná Hora;;;;;77747;Žižkov;245313;Táborská;è.p.;138;32;;28401;685010.88;1067562.25;2013-12-02T00:00:00
11426829;533955;Kutná Hora;;;;;77747;Žižkov;245747;Vojtìšská;è.p.;139;7;;28401;685367.00;1066331.88;2013-12-02T00:00:00
11426837;533955;Kutná Hora;;;;;77747;Žižkov;244236;Kvapilova;è.p.;140;2;;28401;685267.06;1066668.50;2013-12-02T00:00:00
11426845;533955;Kutná Hora;;;;;77747;Žižkov;244163;Kouøimská;è.p.;141;21;;28401;685464.38;1066272.00;2013-12-02T00:00:00
11426853;533955;Kutná Hora;;;;;77747;Žižkov;244163;Kouøimská;è.p.;142;5;;28401;685205.63;1066241.13;2013-12-02T00:00:00
11426861;533955;Kutná Hora;;;;;77747;Žižkov;245798;Za Barborou;è.p.;143;1;;28401;685146.81;1066754.13;2013-12-02T00:00:00
11426888;533955;Kutná Hora;;;;;77747;Žižkov;245313;Táborská;è.p.;145;36;;28401;685001.63;1067599.25;2013-12-02T00:00:00
11426896;533955;Kutná Hora;;;;;77747;Žižkov;244163;Kouøimská;è.p.;146;19;;28401;685443.56;1066271.75;2013-12-02T00:00:00
11426900;533955;Kutná Hora;;;;;77747;Žižkov;244228;Kudrnova;è.p.;147;22;;28401;685216.00;1066534.63;2013-12-02T00:00:00
11426918;533955;Kutná Hora;;;;;77747;Žižkov;245313;Táborská;è.p.;148;7;;28401;685271.25;1067094.88;2013-12-02T00:00:00
11426926;533955;Kutná Hora;;;;;77747;Žižkov;245313;Táborská;è.p.;149;3;;28401;685267.44;1067071.13;2013-12-02T00:00:00
11426934;533955;Kutná Hora;;;;;77747;Žižkov;245747;Vojtìšská;è.p.;150;3;;28401;685353.25;1066297.00;2013-12-02T00:00:00
11426942;533955;Kutná Hora;;;;;77747;Žižkov;245747;Vojtìšská;è.p.;151;5;;28401;685361.06;1066316.00;2013-12-02T00:00:00
11426951;533955;Kutná Hora;;;;;77747;Žižkov;245798;Za Barborou;è.p.;152;3;;28401;685141.88;1066731.75;2013-12-02T00:00:00
11426969;533955;Kutná Hora;;;;;77747;Žižkov;245798;Za Barborou;è.p.;153;5;;28401;685140.00;1066703.38;2013-12-02T00:00:00
11426977;533955;Kutná Hora;;;;;77747;Žižkov;245615;V Mišpulkách;è.p.;154;13;;28401;685289.63;1066106.00;2013-12-02T00:00:00
11426985;533955;Kutná Hora;;;;;77747;Žižkov;245615;V Mišpulkách;è.p.;155;15;;28401;685297.63;1066104.00;2013-12-02T00:00:00
11426993;533955;Kutná Hora;;;;;77747;Žižkov;245747;Vojtìšská;è.p.;156;18;;28401;685506.56;1066384.63;2013-12-02T00:00:00
11427001;533955;Kutná Hora;;;;;77747;Žižkov;245313;Táborská;è.p.;157;34;;28401;685006.06;1067579.25;2013-12-02T00:00:00
11427019;533955;Kutná Hora;;;;;77747;Žižkov;245747;Vojtìšská;è.p.;158;20;;28401;685523.50;1066397.50;2013-12-02T00:00:00
11427027;533955;Kutná Hora;;;;;77747;Žižkov;244163;Kouøimská;è.p.;159;14;;28401;685350.50;1066231.88;2013-12-02T00:00:00
11427035;533955;Kutná Hora;;;;;77747;Žižkov;245381;Tyršova;è.p.;160;7;;28401;685368.75;1066164.88;2013-12-02T00:00:00
11427043;533955;Kutná Hora;;;;;77747;Žižkov;245381;Tyršova;è.p.;161;9;;28401;685372.13;1066157.38;2013-12-02T00:00:00
11427051;533955;Kutná Hora;;;;;77747;Žižkov;245381;Tyršova;è.p.;162;3;;28401;685357.31;1066196.25;2013-12-02T00:00:00
11427060;533955;Kutná Hora;;;;;77747;Žižkov;244198;Kremnická;è.p.;163;12;;28401;685164.38;1066443.38;2013-12-02T00:00:00
11427078;533955;Kutná Hora;;;;;77747;Žižkov;244775;Partyzánská;è.p.;165;20;;28401;685398.81;1066101.25;2013-12-02T00:00:00
11427094;533955;Kutná Hora;;;;;77747;Žižkov;243698;Dukelská;è.p.;167;5;;28401;685336.50;1066462.83;2013-12-02T00:00:00
11427108;533955;Kutná Hora;;;;;77747;Žižkov;244392;Na Bylance;è.p.;168;;;28401;685752.56;1066744.50;2013-12-02T00:00:00
11427116;533955;Kutná Hora;;;;;77747;Žižkov;243795;Havlenova;è.p.;169;10;;28401;685296.88;1066484.75;2013-12-02T00:00:00
11427124;533955;Kutná Hora;;;;;77747;Žižkov;243795;Havlenova;è.p.;170;8;;28401;685297.38;1066465.00;2013-12-02T00:00:00
11427132;533955;Kutná Hora;;;;;77747;Žižkov;244155;Kotkova;è.p.;171;11;;28401;685411.69;1066477.13;2013-12-02T00:00:00
11427141;533955;Kutná Hora;;;;;77747;Žižkov;245381;Tyršova;è.p.;172;11;;28401;685375.56;1066137.88;2013-12-02T00:00:00
11427159;533955;Kutná Hora;;;;;77747;Žižkov;245381;Tyršova;è.p.;173;13;;28401;685376.44;1066126.50;2013-12-02T00:00:00
11427167;533955;Kutná Hora;;;;;77747;Žižkov;245313;Táborská;è.p.;174;44;;28401;685091.44;1067696.38;2013-12-02T00:00:00
11427175;533955;Kutná Hora;;;;;77747;Žižkov;243795;Havlenova;è.p.;175;14;;28401;685303.94;1066518.88;2013-12-02T00:00:00
11427183;533955;Kutná Hora;;;;;77747;Žižkov;243698;Dukelská;è.p.;176;12;;28401;685369.75;1066511.25;2013-12-02T00:00:00
11427191;533955;Kutná Hora;;;;;77747;Žižkov;245381;Tyršova;è.p.;177;15;;28401;685373.31;1066111.88;2013-12-02T00:00:00
11427205;533955;Kutná Hora;;;;;77747;Žižkov;244961;Purkyòova;è.p.;178;8;;28401;685321.88;1066375.13;2013-12-02T00:00:00
11427213;533955;Kutná Hora;;;;;77747;Žižkov;244155;Kotkova;è.p.;179;9;;28401;685408.88;1066459.13;2013-12-02T00:00:00
11427221;533955;Kutná Hora;;;;;77747;Žižkov;244155;Kotkova;è.p.;180;5;;28401;685407.63;1066425.75;2013-12-02T00:00:00
11427230;533955;Kutná Hora;;;;;77747;Žižkov;244961;Purkyòova;è.p.;181;15;;28401;685357.13;1066399.00;2013-12-02T00:00:00
11427248;533955;Kutná Hora;;;;;77747;Žižkov;244155;Kotkova;è.p.;182;3;;28401;685404.25;1066415.00;2013-12-02T00:00:00
11427256;533955;Kutná Hora;;;;;77747;Žižkov;244155;Kotkova;è.p.;183;7;;28401;685408.75;1066448.00;2013-12-02T00:00:00
11427264;533955;Kutná Hora;;;;;77747;Žižkov;243698;Dukelská;è.p.;184;10;;28401;685366.88;1066501.38;2013-12-02T00:00:00
11427272;533955;Kutná Hora;;;;;77747;Žižkov;243795;Havlenova;è.p.;185;6;;28401;685294.19;1066449.38;2013-12-02T00:00:00
11427281;533955;Kutná Hora;;;;;77747;Žižkov;244961;Purkyòova;è.p.;186;17;;28401;685379.75;1066395.63;2013-12-02T00:00:00
11427299;533955;Kutná Hora;;;;;77747;Žižkov;244961;Purkyòova;è.p.;187;11;;28401;685309.50;1066404.88;2013-12-02T00:00:00
11427302;533955;Kutná Hora;;;;;77747;Žižkov;244961;Purkyòova;è.p.;188;9;;28401;685284.50;1066406.25;2013-12-02T00:00:00
11427311;533955;Kutná Hora;;;;;77747;Žižkov;244961;Purkyòova;è.p.;189;7;;28401;685261.81;1066410.75;2013-12-02T00:00:00
11427329;533955;Kutná Hora;;;;;77747;Žižkov;244961;Purkyòova;è.p.;190;5;;28401;685239.88;1066411.50;2013-12-02T00:00:00
11427337;533955;Kutná Hora;;;;;77747;Žižkov;244961;Purkyòova;è.p.;191;3;;28401;685219.25;1066418.25;2013-12-02T00:00:00
11427345;533955;Kutná Hora;;;;;77747;Žižkov;244961;Purkyòova;è.p.;192;1;;28401;685182.06;1066423.56;2013-12-02T00:00:00
11427353;533955;Kutná Hora;;;;;77747;Žižkov;244236;Kvapilova;è.p.;193;8;;28401;685374.69;1066568.38;2013-12-02T00:00:00
11427361;533955;Kutná Hora;;;;;77747;Žižkov;243523;Bendlovky;è.p.;194;2;;28401;685426.44;1066206.63;2013-12-02T00:00:00
11427370;533955;Kutná Hora;;;;;77747;Žižkov;245313;Táborská;è.p.;195;12;;28401;685189.13;1067269.63;2013-12-02T00:00:00
11427388;533955;Kutná Hora;;;;;77747;Žižkov;244091;Ke Trojici;è.p.;196;5;;28401;685225.06;1067445.38;2013-12-02T00:00:00
11427396;533955;Kutná Hora;;;;;77747;Žižkov;245313;Táborská;è.p.;197;26;;28401;685120.31;1067516.50;2013-12-02T00:00:00
11427400;533955;Kutná Hora;;;;;77747;Žižkov;245593;V Hutích;è.p.;198;;;28401;685475.81;1067781.75;2013-12-02T00:00:00
11427418;533955;Kutná Hora;;;;;77747;Žižkov;243523;Bendlovky;è.p.;199;4;;28401;685400.63;1066196.38;2013-12-02T00:00:00
11427426;533955;Kutná Hora;;;;;77747;Žižkov;243795;Havlenova;è.p.;200;4;;28401;685292.63;1066432.13;2013-12-02T00:00:00
11427434;533955;Kutná Hora;;;;;77747;Žižkov;243698;Dukelská;è.p.;201;6;;28401;685365.75;1066452.50;2013-12-02T00:00:00
11427442;533955;Kutná Hora;;;;;77747;Žižkov;244961;Purkyòova;è.p.;202;10;;28401;685345.81;1066372.63;2013-12-02T00:00:00
11427451;533955;Kutná Hora;;;;;77747;Žižkov;245747;Vojtìšská;è.p.;203;9;;28401;685387.69;1066372.75;2013-12-02T00:00:00
11427469;533955;Kutná Hora;;;;;77747;Žižkov;243698;Dukelská;è.p.;204;7;;28401;685341.13;1066476.75;2013-12-02T00:00:00
11427477;533955;Kutná Hora;;;;;77747;Žižkov;243698;Dukelská;è.p.;205;8;;28401;685371.25;1066474.50;2013-12-02T00:00:00
11427485;533955;Kutná Hora;;;;;77747;Žižkov;243698;Dukelská;è.p.;206;9;;28401;685344.38;1066494.00;2013-12-02T00:00:00
11427493;533955;Kutná Hora;;;;;77747;Žižkov;245313;Táborská;è.p.;207;14;;28401;685188.38;1067293.38;2013-12-02T00:00:00
11427507;533955;Kutná Hora;;;;;77747;Žižkov;243523;Bendlovky;è.p.;208;5;;28401;685435.94;1066160.25;2013-12-02T00:00:00
11427515;533955;Kutná Hora;;;;;77747;Žižkov;244091;Ke Trojici;è.p.;209;2;;28401;685197.50;1067351.88;2013-12-02T00:00:00
11427523;533955;Kutná Hora;;;;;77747;Žižkov;243523;Bendlovky;è.p.;210;8;;28401;685402.94;1066166.38;2013-12-02T00:00:00
11427531;533955;Kutná Hora;;;;;77747;Žižkov;245313;Táborská;è.p.;211;18;;28401;685191.75;1067324.75;2013-12-02T00:00:00
11427540;533955;Kutná Hora;;;;;77747;Žižkov;245313;Táborská;è.p.;212;20;;28401;685193.81;1067335.13;2013-12-02T00:00:00
11427558;533955;Kutná Hora;;;;;77747;Žižkov;244163;Kouøimská;è.p.;213;20;;28401;685453.69;1066239.88;2013-12-02T00:00:00
11427566;533955;Kutná Hora;;;;;77747;Žižkov;244163;Kouøimská;è.p.;214;22;;28401;685461.44;1066240.25;2013-12-02T00:00:00
11427574;533955;Kutná Hora;;;;;77747;Žižkov;244155;Kotkova;è.p.;215;6;;28401;685435.63;1066435.75;2013-12-02T00:00:00
11427582;533955;Kutná Hora;;;;;77747;Žižkov;245381;Tyršova;è.p.;216;17;;28401;685373.25;1066106.25;2013-12-02T00:00:00
11427591;533955;Kutná Hora;;;;;77747;Žižkov;244091;Ke Trojici;è.p.;217;3;;28401;685210.69;1067418.50;2013-12-02T00:00:00
11427604;533955;Kutná Hora;;;;;77747;Žižkov;244091;Ke Trojici;è.p.;218;1;;28401;685207.31;1067411.88;2013-12-02T00:00:00
11427612;533955;Kutná Hora;;;;;77747;Žižkov;245747;Vojtìšská;è.p.;219;19;;28401;685533.69;1066435.38;2013-12-02T00:00:00
11427621;533955;Kutná Hora;;;;;77747;Žižkov;243701;Fuèíkova;è.p.;220;9;;28401;685398.19;1066510.13;2013-12-02T00:00:00
11427639;533955;Kutná Hora;;;;;77747;Žižkov;245666;U Školky;è.p.;221;1;;28401;685274.06;1066315.63;2013-12-02T00:00:00
11427647;533955;Kutná Hora;;;;;77747;Žižkov;245666;U Školky;è.p.;222;3;;28401;685275.75;1066325.38;2013-12-02T00:00:00
11427655;533955;Kutná Hora;;;;;77747;Žižkov;244961;Purkyòova;è.p.;223;19;;28401;685406.31;1066394.00;2013-12-02T00:00:00
11427663;533955;Kutná Hora;;;;;77747;Žižkov;245381;Tyršova;è.p.;224;21;;28401;685397.94;1065954.13;2013-12-02T00:00:00
11427671;533955;Kutná Hora;;;;;77747;Žižkov;244155;Kotkova;è.p.;225;8;;28401;685439.19;1066454.75;2013-12-02T00:00:00
11427680;533955;Kutná Hora;;;;;77747;Žižkov;244155;Kotkova;è.p.;226;10;;28401;685443.19;1066464.38;2013-12-02T00:00:00
11427698;533955;Kutná Hora;;;;;77747;Žižkov;243698;Dukelská;è.p.;227;;;28401;685293.33;1067012.82;2022-10-15T00:00:00
11427701;533955;Kutná Hora;;;;;77747;Žižkov;244091;Ke Trojici;è.p.;228;16;;28401;685245.44;1067438.00;2013-12-02T00:00:00
11427710;533955;Kutná Hora;;;;;77747;Žižkov;245313;Táborská;è.p.;229;16;;28401;685189.75;1067304.25;2013-12-02T00:00:00
11427728;533955;Kutná Hora;;;;;77747;Žižkov;245593;V Hutích;è.p.;230;;;28401;685477.19;1067842.75;2013-12-02T00:00:00
11427736;533955;Kutná Hora;;;;;77747;Žižkov;245259;Štietkova;è.p.;231;2;;28401;685171.75;1066110.63;2013-12-02T00:00:00
11427744;533955;Kutná Hora;;;;;77747;Žižkov;244091;Ke Trojici;è.p.;232;4;;28401;685202.56;1067361.00;2013-12-02T00:00:00
11427752;533955;Kutná Hora;;;;;77747;Žižkov;243523;Bendlovky;è.p.;233;10;;28401;685406.00;1066157.63;2013-12-02T00:00:00
11427761;533955;Kutná Hora;;;;;77747;Žižkov;243523;Bendlovky;è.p.;234;12;;28401;685414.19;1066138.88;2013-12-02T00:00:00
11427787;533955;Kutná Hora;;;;;77747;Žižkov;245381;Tyršova;è.p.;236;19;;28401;685389.88;1066020.25;2013-12-02T00:00:00
11427795;533955;Kutná Hora;;;;;77747;Žižkov;245747;Vojtìšská;è.p.;237;26;;28401;685736.71;1066398.75;2013-12-02T00:00:00
11427809;533955;Kutná Hora;;;;;77747;Žižkov;244091;Ke Trojici;è.p.;238;14;;28401;685240.75;1067428.88;2013-12-02T00:00:00
11427817;533955;Kutná Hora;;;;;77747;Žižkov;244198;Kremnická;è.p.;239;7;;28401;685123.69;1066326.38;2013-12-02T00:00:00
11427825;533955;Kutná Hora;;;;;77747;Žižkov;245739;Vodárenská;è.p.;240;10;;28401;685511.38;1066362.50;2013-12-02T00:00:00
11427833;533955;Kutná Hora;;;;;77747;Žižkov;245739;Vodárenská;è.p.;241;8;;28401;685510.45;1066355.86;2013-12-02T00:00:00
11427841;533955;Kutná Hora;;;;;77747;Žižkov;244902;Polní;è.p.;242;2;;28401;685271.81;1067438.63;2013-12-02T00:00:00
11427850;533955;Kutná Hora;;;;;77747;Žižkov;244091;Ke Trojici;è.p.;243;12;;28401;685232.63;1067415.63;2013-12-02T00:00:00
11427868;533955;Kutná Hora;;;;;77747;Žižkov;244091;Ke Trojici;è.p.;244;10;;28401;685226.19;1067404.50;2013-12-02T00:00:00
11427876;533955;Kutná Hora;;;;;77747;Žižkov;243523;Bendlovky;è.p.;245;14;;28401;685415.13;1066132.75;2013-12-02T00:00:00
11427884;533955;Kutná Hora;;;;;77747;Žižkov;244775;Partyzánská;è.p.;246;16;;28401;685421.38;1066104.25;2013-12-02T00:00:00
11427892;533955;Kutná Hora;;;;;77747;Žižkov;243523;Bendlovky;è.p.;247;16;;28401;685428.63;1066103.50;2013-12-02T00:00:00
11427906;533955;Kutná Hora;;;;;77747;Žižkov;245747;Vojtìšská;è.p.;248;27;;28401;685597.81;1066488.38;2013-12-02T00:00:00
11427914;533955;Kutná Hora;;;;;77747;Žižkov;244091;Ke Trojici;è.p.;249;6;;28401;685211.00;1067378.13;2013-12-02T00:00:00
11427922;533955;Kutná Hora;;;;;77747;Žižkov;243523;Bendlovky;è.p.;250;7;;28401;685440.19;1066141.13;2013-12-02T00:00:00
11427931;533955;Kutná Hora;;;;;77747;Žižkov;243523;Bendlovky;è.p.;251;9;;28401;685445.44;1066134.50;2013-12-02T00:00:00
11427949;533955;Kutná Hora;;;;;77747;Žižkov;245747;Vojtìšská;è.p.;252;29;;28401;685614.63;1066509.88;2013-12-02T00:00:00
11427957;533955;Kutná Hora;;;;;77747;Žižkov;245747;Vojtìšská;è.p.;253;31;;28401;685622.25;1066515.13;2013-12-02T00:00:00
11427965;533955;Kutná Hora;;;;;77747;Žižkov;244902;Polní;è.p.;254;3;;28401;685281.63;1067405.50;2013-12-02T00:00:00
11427973;533955;Kutná Hora;;;;;77747;Žižkov;244228;Kudrnova;è.p.;255;6;;28401;685188.00;1066442.00;2013-12-02T00:00:00
11427981;533955;Kutná Hora;;;;;77747;Žižkov;244228;Kudrnova;è.p.;256;8;;28401;685189.56;1066450.00;2013-12-02T00:00:00
11427990;533955;Kutná Hora;;;;;77747;Žižkov;244091;Ke Trojici;è.p.;257;8;;28401;685216.44;1067386.63;2013-12-02T00:00:00
11428007;533955;Kutná Hora;;;;;77747;Žižkov;245747;Vojtìšská;è.p.;258;37;;28401;685676.56;1066556.50;2013-12-02T00:00:00
11428015;533955;Kutná Hora;;;;;77747;Žižkov;245747;Vojtìšská;è.p.;259;39;;28401;685682.00;1066561.38;2013-12-02T00:00:00
11428023;533955;Kutná Hora;;;;;77747;Žižkov;244228;Kudrnova;è.p.;260;10;;28401;685191.88;1066456.25;2013-12-02T00:00:00
11428031;533955;Kutná Hora;;;;;77747;Žižkov;243795;Havlenova;è.p.;261;7;;28401;685274.13;1066487.63;2013-12-02T00:00:00
11428040;533955;Kutná Hora;;;;;77747;Žižkov;244228;Kudrnova;è.p.;262;14;;28401;685194.81;1066469.50;2013-12-02T00:00:00
11428058;533955;Kutná Hora;;;;;77747;Žižkov;244228;Kudrnova;è.p.;263;4;;28401;685185.75;1066432.38;2013-12-02T00:00:00
11428066;533955;Kutná Hora;;;;;77747;Žižkov;245747;Vojtìšská;è.p.;264;22;;28401;685530.94;1066398.25;2013-12-02T00:00:00
11428074;533955;Kutná Hora;;;;;77747;Žižkov;245747;Vojtìšská;è.p.;265;33;;28401;685639.38;1066524.38;2013-12-02T00:00:00
11428082;533955;Kutná Hora;;;;;77747;Žižkov;245747;Vojtìšská;è.p.;266;35;;28401;685645.88;1066529.38;2013-12-02T00:00:00
11428091;533955;Kutná Hora;;;;;77747;Žižkov;245747;Vojtìšská;è.p.;267;23;;28401;685555.06;1066452.25;2013-12-02T00:00:00
11428104;533955;Kutná Hora;;;;;77747;Žižkov;245747;Vojtìšská;è.p.;268;53;;28401;685758.56;1066625.38;2013-12-02T00:00:00
11428112;533955;Kutná Hora;;;;;77747;Žižkov;245593;V Hutích;è.p.;269;;;28401;685455.31;1067807.50;2013-12-02T00:00:00
11428121;533955;Kutná Hora;;;;;77747;Žižkov;245593;V Hutích;è.p.;270;8;;28401;685452.06;1067812.38;2013-12-02T00:00:00
11428139;533955;Kutná Hora;;;;;77747;Žižkov;243523;Bendlovky;è.p.;271;6;;28401;685401.06;1066183.25;2013-12-02T00:00:00
11428147;533955;Kutná Hora;;;;;77747;Žižkov;245593;V Hutích;è.p.;272;;;28401;685461.25;1067796.88;2013-12-02T00:00:00
11428155;533955;Kutná Hora;;;;;77747;Žižkov;243795;Havlenova;è.p.;273;12;;28401;685301.56;1066502.63;2013-12-02T00:00:00
11428163;533955;Kutná Hora;;;;;77747;Žižkov;244902;Polní;è.p.;274;1;;28401;685286.00;1067414.63;2013-12-02T00:00:00
11428171;533955;Kutná Hora;;;;;77747;Žižkov;243523;Bendlovky;è.p.;275;13;;28401;685452.69;1066110.13;2013-12-02T00:00:00
11428180;533955;Kutná Hora;;;;;77747;Žižkov;243523;Bendlovky;è.p.;276;11;;28401;685451.31;1066117.63;2013-12-02T00:00:00
11428198;533955;Kutná Hora;;;;;77747;Žižkov;245747;Vojtìšská;è.p.;277;25;;28401;685575.75;1066470.00;2013-12-02T00:00:00
11428201;533955;Kutná Hora;;;;;77747;Žižkov;245747;Vojtìšská;è.p.;278;21;;28401;685548.38;1066447.13;2013-12-02T00:00:00
11428210;533955;Kutná Hora;;;;;77747;Žižkov;244155;Kotkova;è.p.;279;4;;28401;685437.00;1066425.88;2013-12-02T00:00:00
11428228;533955;Kutná Hora;;;;;77747;Žižkov;245747;Vojtìšská;è.p.;280;41;;28401;685696.00;1066574.13;2013-12-02T00:00:00
11428236;533955;Kutná Hora;;;;;77747;Žižkov;245747;Vojtìšská;è.p.;281;43;;28401;685701.19;1066579.25;2013-12-02T00:00:00
11428244;533955;Kutná Hora;;;;;77747;Žižkov;243698;Dukelská;è.p.;282;11;;28401;685346.00;1066515.75;2013-12-02T00:00:00
11428252;533955;Kutná Hora;;;;;77747;Žižkov;243795;Havlenova;è.p.;283;5;;28401;685268.63;1066465.75;2013-12-02T00:00:00
11428261;533955;Kutná Hora;;;;;77747;Žižkov;243795;Havlenova;è.p.;284;9;;28401;685273.06;1066497.63;2013-12-02T00:00:00
11428279;533955;Kutná Hora;;;;;77747;Žižkov;244228;Kudrnova;è.p.;285;12;;28401;685193.19;1066463.13;2013-12-02T00:00:00
11428287;533955;Kutná Hora;;;;;77747;Žižkov;245313;Táborská;è.p.;286;8;;28401;685217.50;1067182.00;2013-12-02T00:00:00
11428295;533955;Kutná Hora;;;;;77747;Žižkov;245381;Tyršova;è.p.;287;32;;28401;685339.69;1065915.25;2013-12-02T00:00:00
11428309;533955;Kutná Hora;;;;;77747;Žižkov;245313;Táborská;è.p.;288;30;;28401;685018.25;1067553.25;2013-12-02T00:00:00
11428317;533955;Kutná Hora;;;;;77747;Žižkov;245593;V Hutích;è.p.;289;;;28401;685473.67;1067753.77;2022-10-15T00:00:00
11428325;533955;Kutná Hora;;;;;77747;Žižkov;245747;Vojtìšská;è.p.;290;45;;28401;685715.88;1066591.25;2013-12-02T00:00:00
11428333;533955;Kutná Hora;;;;;77747;Žižkov;243795;Havlenova;è.p.;291;3;;28401;685268.69;1066446.00;2013-12-02T00:00:00
11428341;533955;Kutná Hora;;;;;77747;Žižkov;244236;Kvapilova;è.p.;292;4;;28401;685550.44;1066504.13;2013-12-02T00:00:00
11428350;533955;Kutná Hora;;;;;77747;Žižkov;245747;Vojtìšská;è.p.;293;49;;28401;685737.00;1066608.25;2013-12-02T00:00:00
11428368;533955;Kutná Hora;;;;;77747;Žižkov;245593;V Hutích;è.p.;294;;;28401;685478.44;1067749.00;2013-12-02T00:00:00
11428376;533955;Kutná Hora;;;;;77747;Žižkov;243795;Havlenova;è.p.;295;17;;28401;685277.50;1066527.25;2013-12-02T00:00:00
11428384;533955;Kutná Hora;;;;;77747;Žižkov;244198;Kremnická;è.p.;296;11;;28401;685116.56;1066552.75;2013-12-02T00:00:00
11428392;533955;Kutná Hora;;;;;77747;Žižkov;244775;Partyzánská;è.p.;297;10;;28401;685497.13;1066125.13;2013-12-02T00:00:00
11428406;533955;Kutná Hora;;;;;77747;Žižkov;244902;Polní;è.p.;298;5;;28401;685274.50;1067392.50;2013-12-02T00:00:00
11428414;533955;Kutná Hora;;;;;77747;Žižkov;245747;Vojtìšská;è.p.;299;51;;28401;685751.94;1066619.25;2013-12-02T00:00:00
11428422;533955;Kutná Hora;;;;;77747;Žižkov;244228;Kudrnova;è.p.;300;28;;28401;685288.00;1066613.75;2013-12-02T00:00:00
11428431;533955;Kutná Hora;;;;;77747;Žižkov;245747;Vojtìšská;è.p.;301;11;;28401;685432.63;1066410.50;2013-12-02T00:00:00
11428449;533955;Kutná Hora;;;;;77747;Žižkov;244163;Kouøimská;è.p.;302;26;;28401;685515.88;1066243.63;2013-12-02T00:00:00
11428457;533955;Kutná Hora;;;;;77747;Žižkov;244163;Kouøimská;è.p.;303;28;;28401;685543.13;1066243.13;2013-12-02T00:00:00
11428465;533955;Kutná Hora;;;;;77747;Žižkov;244163;Kouøimská;è.p.;304;32;;28401;685594.25;1066245.50;2013-12-02T00:00:00
11428473;533955;Kutná Hora;;;;;77747;Žižkov;244066;Ke Kalichu;è.p.;305;3;;28401;685522.63;1066205.13;2013-12-02T00:00:00
11428481;533955;Kutná Hora;;;;;77747;Žižkov;245593;V Hutích;è.p.;306;;;28401;685465.31;1067768.38;2013-12-02T00:00:00
11428490;533955;Kutná Hora;;;;;77747;Žižkov;245593;V Hutích;è.p.;307;9;;28401;685454.25;1067779.13;2013-12-02T00:00:00
11428503;533955;Kutná Hora;;;;;77747;Žižkov;245313;Táborská;è.p.;308;6;;28401;685234.94;1067173.50;2013-12-02T00:00:00
11428511;533955;Kutná Hora;;;;;77747;Žižkov;244163;Kouøimská;è.p.;309;34;;28401;685616.31;1066238.13;2013-12-02T00:00:00
11428520;533955;Kutná Hora;;;;;77747;Žižkov;245747;Vojtìšská;è.p.;310;47;;28401;685731.88;1066601.25;2013-12-02T00:00:00
11428538;533955;Kutná Hora;;;;;77747;Žižkov;244902;Polní;è.p.;311;7;;28401;685270.44;1067384.25;2013-12-02T00:00:00
11428546;533955;Kutná Hora;;;;;77747;Žižkov;244422;Na Kavkách;è.p.;312;8;;28401;685620.00;1066564.38;2013-12-02T00:00:00
11428554;533955;Kutná Hora;;;;;77747;Žižkov;244775;Partyzánská;è.p.;313;5;;28401;685583.25;1066143.50;2013-12-02T00:00:00
11428562;533955;Kutná Hora;;;;;77747;Žižkov;244066;Ke Kalichu;è.p.;314;4;;28401;685487.00;1066216.13;2013-12-02T00:00:00
11428571;533955;Kutná Hora;;;;;77747;Žižkov;245381;Tyršova;è.p.;315;34;;28401;685351.38;1065889.75;2013-12-02T00:00:00
11428589;533955;Kutná Hora;;;;;77747;Žižkov;244775;Partyzánská;è.p.;316;8;;28401;685532.25;1066146.13;2013-12-02T00:00:00
11428597;533955;Kutná Hora;;;;;77747;Žižkov;245381;Tyršova;è.p.;317;30;;28401;685357.13;1065947.00;2013-12-02T00:00:00
11428601;533955;Kutná Hora;;;;;77747;Žižkov;244210;Ku ptáku;è.p.;318;15;;28401;685251.19;1065737.63;2013-12-02T00:00:00
11428619;533955;Kutná Hora;;;;;77747;Žižkov;244198;Kremnická;è.p.;319;5;;28401;685136.56;1066302.63;2013-12-02T00:00:00
11428627;533955;Kutná Hora;;;;;77747;Žižkov;245381;Tyršova;è.p.;320;22;;28401;685344.13;1066022.88;2013-12-02T00:00:00
11428635;533955;Kutná Hora;;;;;77747;Žižkov;245739;Vodárenská;è.p.;321;6;;28401;685515.13;1066334.75;2013-12-02T00:00:00
11428643;533955;Kutná Hora;;;;;77747;Žižkov;245038;Rokycanova;è.p.;322;26;;28401;685311.44;1065986.25;2013-12-02T00:00:00
11428651;533955;Kutná Hora;;;;;77747;Žižkov;243558;Buzulucká;è.p.;323;;;28401;685515.06;1066576.00;2013-12-02T00:00:00
11428660;533955;Kutná Hora;;;;;77747;Žižkov;244163;Kouøimská;è.p.;324;30;;28401;685576.19;1066244.63;2013-12-02T00:00:00
11428678;533955;Kutná Hora;;;;;77747;Žižkov;243612;Èeská;è.p.;325;41;;28401;685093.69;1065643.50;2013-12-02T00:00:00
11428686;533955;Kutná Hora;;;;;77747;Žižkov;243701;Fuèíkova;è.p.;326;4;;28401;685492.13;1066487.63;2013-12-02T00:00:00
11428694;533955;Kutná Hora;;;;;77747;Žižkov;243701;Fuèíkova;è.p.;327;6;;28401;685481.81;1066503.00;2013-12-02T00:00:00
11428708;533955;Kutná Hora;;;;;77747;Žižkov;243701;Fuèíkova;è.p.;328;8;;28401;685458.50;1066527.75;2013-12-02T00:00:00
11428716;533955;Kutná Hora;;;;;77747;Žižkov;243701;Fuèíkova;è.p.;329;10;;28401;685470.63;1066537.50;2013-12-02T00:00:00
11428724;533955;Kutná Hora;;;;;77747;Žižkov;243701;Fuèíkova;è.p.;330;14;;28401;685338.44;1066546.13;2013-12-02T00:00:00
11428732;533955;Kutná Hora;;;;;77747;Žižkov;243701;Fuèíkova;è.p.;331;16;;28401;685322.94;1066548.25;2013-12-02T00:00:00
11428741;533955;Kutná Hora;;;;;77747;Žižkov;243701;Fuèíkova;è.p.;332;18;;28401;685291.44;1066551.00;2013-12-02T00:00:00
11428759;533955;Kutná Hora;;;;;77747;Žižkov;243701;Fuèíkova;è.p.;333;20;;28401;685281.94;1066552.13;2013-12-02T00:00:00
11428767;533955;Kutná Hora;;;;;77747;Žižkov;244163;Kouøimská;è.p.;334;27;;28401;685519.63;1066282.50;2013-12-02T00:00:00
11428775;533955;Kutná Hora;;;;;77747;Žižkov;244163;Kouøimská;è.p.;335;29;;28401;685534.56;1066283.75;2013-12-02T00:00:00
11428783;533955;Kutná Hora;;;;;77747;Žižkov;243701;Fuèíkova;è.p.;336;3;;28401;685481.88;1066448.00;2013-12-02T00:00:00
11428805;533955;Kutná Hora;;;;;77747;Žižkov;245747;Vojtìšská;è.p.;338;15;;28401;685476.00;1066403.75;2013-12-02T00:00:00
11428813;533955;Kutná Hora;;;;;77747;Žižkov;243612;Èeská;è.p.;339;43;;28401;685109.88;1065602.50;2013-12-02T00:00:00
11428821;533955;Kutná Hora;;;;;77747;Žižkov;245666;U Školky;è.p.;340;2;;28401;685256.00;1066358.63;2013-12-02T00:00:00
11428830;533955;Kutná Hora;;;;;77747;Žižkov;244422;Na Kavkách;è.p.;341;;;28401;685626.00;1066607.00;2013-12-02T00:00:00
11428848;533955;Kutná Hora;;;;;77747;Žižkov;245879;Zelená hora;è.p.;342;6;;28401;685269.00;1066973.88;2013-12-02T00:00:00
11428856;533955;Kutná Hora;;;;;77747;Žižkov;244422;Na Kavkách;è.p.;343;6;;28401;685645.94;1066625.38;2013-12-02T00:00:00
11428864;533955;Kutná Hora;;;;;77747;Žižkov;244210;Ku ptáku;è.p.;344;11;;28401;685167.50;1065766.25;2013-12-02T00:00:00
11428872;533955;Kutná Hora;;;;;77747;Žižkov;245381;Tyršova;è.p.;345;;;28401;685307.50;1066224.13;2013-12-02T00:00:00
11428881;533955;Kutná Hora;;;;;77747;Žižkov;245381;Tyršova;è.p.;346;;;28401;685315.06;1066210.88;2013-12-02T00:00:00
11428899;533955;Kutná Hora;;;;;77747;Žižkov;245381;Tyršova;è.p.;347;;;28401;685318.00;1066188.25;2013-12-02T00:00:00
11428902;533955;Kutná Hora;;;;;77747;Žižkov;245381;Tyršova;è.p.;348;;;28401;685325.81;1066174.88;2013-12-02T00:00:00
11428911;533955;Kutná Hora;;;;;77747;Žižkov;245381;Tyršova;è.p.;349;;;28401;685329.38;1066151.00;2013-12-02T00:00:00
11428929;533955;Kutná Hora;;;;;77747;Žižkov;245381;Tyršova;è.p.;350;;;28401;685337.44;1066137.88;2013-12-02T00:00:00
11428937;533955;Kutná Hora;;;;;77747;Žižkov;245381;Tyršova;è.p.;351;;;28401;685292.25;1066156.75;2013-12-02T00:00:00
11428945;533955;Kutná Hora;;;;;77747;Žižkov;245381;Tyršova;è.p.;352;;;28401;685301.13;1066142.75;2013-12-02T00:00:00
11428953;533955;Kutná Hora;;;;;77747;Žižkov;245381;Tyršova;è.p.;353;;;28401;685260.94;1066160.13;2013-12-02T00:00:00
11428961;533955;Kutná Hora;;;;;77747;Žižkov;245381;Tyršova;è.p.;354;;;28401;685268.50;1066147.75;2013-12-02T00:00:00
11428970;533955;Kutná Hora;;;;;77747;Žižkov;244422;Na Kavkách;è.p.;355;;;28401;685667.31;1066637.38;2013-12-02T00:00:00
11428988;533955;Kutná Hora;;;;;77747;Žižkov;244422;Na Kavkách;è.p.;356;;;28401;685683.00;1066650.88;2013-12-02T00:00:00
11428996;533955;Kutná Hora;;;;;77747;Žižkov;244422;Na Kavkách;è.p.;357;;;28401;685692.23;1066671.92;2013-12-02T00:00:00
11429003;533955;Kutná Hora;;;;;77747;Žižkov;244953;Pøíèná;è.p.;358;;;28401;685470.94;1066173.75;2013-12-02T00:00:00
11429011;533955;Kutná Hora;;;;;77747;Žižkov;245313;Táborská;è.p.;359;;;28401;685292.00;1067059.25;2013-12-02T00:00:00
11429020;533955;Kutná Hora;;;;;77747;Žižkov;244953;Pøíèná;è.p.;360;;;28401;685496.94;1066183.38;2013-12-02T00:00:00
11429038;533955;Kutná Hora;;;;;77747;Žižkov;245739;Vodárenská;è.p.;361;;;28401;685517.75;1066317.50;2013-12-02T00:00:00
11429046;533955;Kutná Hora;;;;;77747;Žižkov;244066;Ke Kalichu;è.p.;362;;;28401;685528.63;1066198.75;2013-12-02T00:00:00
11429054;533955;Kutná Hora;;;;;77747;Žižkov;244422;Na Kavkách;è.p.;363;;;28401;685518.00;1066518.00;2013-12-02T00:00:00
11429062;533955;Kutná Hora;;;;;77747;Žižkov;244422;Na Kavkách;è.p.;364;;;28401;685525.94;1066529.50;2013-12-02T00:00:00
11429071;533955;Kutná Hora;;;;;77747;Žižkov;244422;Na Kavkách;è.p.;365;;;28401;685538.31;1066539.88;2013-12-02T00:00:00
11429089;533955;Kutná Hora;;;;;77747;Žižkov;243701;Fuèíkova;è.p.;366;;;28401;685228.50;1066558.88;2013-12-02T00:00:00
11429097;533955;Kutná Hora;;;;;77747;Žižkov;243701;Fuèíkova;è.p.;367;;;28401;685247.64;1066557.44;2013-12-02T00:00:00
11429101;533955;Kutná Hora;;;;;77747;Žižkov;243701;Fuèíkova;è.p.;368;;;28401;685369.38;1066544.25;2013-12-02T00:00:00
11429119;533955;Kutná Hora;;;;;77747;Žižkov;243701;Fuèíkova;è.p.;369;;;28401;685383.75;1066541.50;2013-12-02T00:00:00
11429127;533955;Kutná Hora;;;;;77747;Žižkov;243701;Fuèíkova;è.p.;370;;;28401;685400.88;1066541.00;2013-12-02T00:00:00
11429135;533955;Kutná Hora;;;;;77747;Žižkov;243701;Fuèíkova;è.p.;371;;;28401;685418.25;1066570.88;2013-12-02T00:00:00
11429143;533955;Kutná Hora;;;;;77747;Žižkov;243701;Fuèíkova;è.p.;372;;;28401;685418.56;1066579.25;2013-12-02T00:00:00
11429151;533955;Kutná Hora;;;;;77747;Žižkov;244422;Na Kavkách;è.p.;373;;;28401;685570.00;1066563.00;2013-12-02T00:00:00
11429160;533955;Kutná Hora;;;;;77747;Žižkov;244422;Na Kavkách;è.p.;374;;;28401;685582.00;1066574.00;2013-12-02T00:00:00
11429178;533955;Kutná Hora;;;;;77747;Žižkov;244422;Na Kavkách;è.p.;375;;;28401;685595.00;1066584.75;2013-12-02T00:00:00
11429186;533955;Kutná Hora;;;;;77747;Žižkov;244422;Na Kavkách;è.p.;376;;;28401;685723.69;1066648.88;2013-12-02T00:00:00
11429194;533955;Kutná Hora;;;;;77747;Žižkov;243558;Buzulucká;è.p.;377;;;28401;685576.25;1066620.38;2013-12-02T00:00:00
11429208;533955;Kutná Hora;;;;;77747;Žižkov;243558;Buzulucká;è.p.;378;;;28401;685548.81;1066600.38;2013-12-02T00:00:00
11429216;533955;Kutná Hora;;;;;77747;Žižkov;243558;Buzulucká;è.p.;379;;;28401;685534.06;1066589.50;2013-12-02T00:00:00
11429224;533955;Kutná Hora;;;;;77747;Žižkov;244775;Partyzánská;è.p.;380;;;28401;685523.06;1066098.88;2013-12-02T00:00:00
11429232;533955;Kutná Hora;;;;;77747;Žižkov;244775;Partyzánská;è.p.;381;;;28401;685555.88;1066119.25;2013-12-02T00:00:00
11429241;533955;Kutná Hora;;;;;77747;Žižkov;244775;Partyzánská;è.p.;382;;;28401;685616.44;1066175.25;2013-12-02T00:00:00
11429259;533955;Kutná Hora;;;;;77747;Žižkov;244775;Partyzánská;è.p.;383;;;28401;685627.94;1066196.50;2013-12-02T00:00:00
11429267;533955;Kutná Hora;;;;;77747;Žižkov;244163;Kouøimská;è.p.;384;;;28401;685397.06;1066233.50;2013-12-02T00:00:00
11429275;533955;Kutná Hora;;;;;77747;Žižkov;244422;Na Kavkách;è.p.;385;;;28401;685708.56;1066636.50;2013-12-02T00:00:00
11429283;533955;Kutná Hora;;;;;77747;Žižkov;244961;Purkyòova;è.p.;386;;;28401;685285.69;1066370.13;2013-12-02T00:00:00
11429291;533955;Kutná Hora;;;;;77747;Žižkov;244210;Ku ptáku;è.p.;387;;;28401;685406.00;1065554.13;2013-12-02T00:00:00
11429305;533955;Kutná Hora;;;;;77747;Žižkov;243701;Fuèíkova;è.p.;388;;;28401;685450.00;1066489.00;2013-12-02T00:00:00
11429313;533955;Kutná Hora;;;;;77747;Žižkov;245151;Sokolovská;è.p.;389;;;28401;685599.38;1066739.00;2013-12-02T00:00:00
11429321;533955;Kutná Hora;;;;;77747;Žižkov;245747;Vojtìšská;è.p.;390;;;28401;685394.06;1066326.13;2013-12-02T00:00:00
11429330;533955;Kutná Hora;;;;;77747;Žižkov;244066;Ke Kalichu;è.p.;391;;;28401;685570.31;1066104.88;2013-12-02T00:00:00
11429348;533955;Kutná Hora;;;;;77747;Žižkov;245381;Tyršova;è.p.;392;;;28401;685353.25;1065968.50;2013-12-02T00:00:00
11429356;533955;Kutná Hora;;;;;77747;Žižkov;244422;Na Kavkách;è.p.;393;;;28401;685694.25;1066624.00;2013-12-02T00:00:00
11429364;533955;Kutná Hora;;;;;77747;Žižkov;243558;Buzulucká;è.p.;394;;;28401;685502.38;1066602.50;2013-12-02T00:00:00
11429372;533955;Kutná Hora;;;;;77747;Žižkov;243876;Husitská;è.p.;395;;;28401;685693.81;1066144.75;2013-12-02T00:00:00
11429381;533955;Kutná Hora;;;;;77747;Žižkov;243558;Buzulucká;è.p.;396;;;28401;685562.19;1066654.13;2013-12-02T00:00:00
11429399;533955;Kutná Hora;;;;;77747;Žižkov;243558;Buzulucká;è.p.;397;;;28401;685609.31;1066690.75;2013-12-02T00:00:00
11429402;533955;Kutná Hora;;;;;77747;Žižkov;243558;Buzulucká;è.p.;398;;;28401;685640.63;1066678.75;2013-12-02T00:00:00
11429411;533955;Kutná Hora;;;;;77747;Žižkov;245933;Želivského;è.p.;400;;;28401;685254.25;1065819.13;2013-12-02T00:00:00
11429429;533955;Kutná Hora;;;;;77747;Žižkov;245933;Želivského;è.p.;401;;;28401;685185.38;1065948.88;2013-12-02T00:00:00
11429437;533955;Kutná Hora;;;;;77747;Žižkov;245933;Želivského;è.p.;402;;;28401;685189.31;1065939.00;2013-12-02T00:00:00
11429445;533955;Kutná Hora;;;;;77747;Žižkov;245933;Želivského;è.p.;403;;;28401;685194.81;1065928.00;2013-12-02T00:00:00
11429453;533955;Kutná Hora;;;;;77747;Žižkov;245933;Želivského;è.p.;404;;;28401;685199.88;1065917.75;2013-12-02T00:00:00
11429461;533955;Kutná Hora;;;;;77747;Žižkov;245933;Želivského;è.p.;405;;;28401;685205.75;1065907.13;2013-12-02T00:00:00
11429470;533955;Kutná Hora;;;;;77747;Žižkov;245933;Želivského;è.p.;406;;;28401;685210.63;1065896.63;2013-12-02T00:00:00
11429488;533955;Kutná Hora;;;;;77747;Žižkov;245933;Želivského;è.p.;407;;;28401;685215.56;1065885.88;2013-12-02T00:00:00
11429496;533955;Kutná Hora;;;;;77747;Žižkov;245933;Želivského;è.p.;408;;;28401;685221.25;1065875.00;2013-12-02T00:00:00
11429500;533955;Kutná Hora;;;;;77747;Žižkov;245933;Želivského;è.p.;409;;;28401;685226.69;1065864.50;2013-12-02T00:00:00
11429518;533955;Kutná Hora;;;;;77747;Žižkov;245933;Želivského;è.p.;410;;;28401;685231.63;1065853.25;2013-12-02T00:00:00
11429526;533955;Kutná Hora;;;;;77747;Žižkov;245569;Ústecká;è.p.;411;;;28401;685222.69;1065975.63;2013-12-02T00:00:00
11429534;533955;Kutná Hora;;;;;77747;Žižkov;245569;Ústecká;è.p.;412;;;28401;685228.13;1065965.50;2013-12-02T00:00:00
11429542;533955;Kutná Hora;;;;;77747;Žižkov;245569;Ústecká;è.p.;413;;;28401;685233.13;1065954.75;2013-12-02T00:00:00
11429551;533955;Kutná Hora;;;;;77747;Žižkov;245569;Ústecká;è.p.;414;;;28401;685238.88;1065944.00;2013-12-02T00:00:00
11429569;533955;Kutná Hora;;;;;77747;Žižkov;245569;Ústecká;è.p.;415;;;28401;685244.75;1065932.25;2013-12-02T00:00:00
11429577;533955;Kutná Hora;;;;;77747;Žižkov;245569;Ústecká;è.p.;416;;;28401;685248.81;1065920.00;2013-12-02T00:00:00
11429585;533955;Kutná Hora;;;;;77747;Žižkov;245569;Ústecká;è.p.;417;;;28401;685253.75;1065909.13;2013-12-02T00:00:00
11429593;533955;Kutná Hora;;;;;77747;Žižkov;245569;Ústecká;è.p.;418;;;28401;685259.31;1065898.88;2013-12-02T00:00:00
11429607;533955;Kutná Hora;;;;;77747;Žižkov;245569;Ústecká;è.p.;419;;;28401;685264.13;1065887.75;2013-12-02T00:00:00
11429615;533955;Kutná Hora;;;;;77747;Žižkov;245569;Ústecká;è.p.;420;;;28401;685300.81;1065842.25;2013-12-02T00:00:00
11429623;533955;Kutná Hora;;;;;77747;Žižkov;245569;Ústecká;è.p.;421;;;28401;685306.56;1065831.75;2013-12-02T00:00:00
11429631;533955;Kutná Hora;;;;;77747;Žižkov;245569;Ústecká;è.p.;422;;;28401;685312.13;1065821.38;2013-12-02T00:00:00
11429640;533955;Kutná Hora;;;;;77747;Žižkov;245569;Ústecká;è.p.;423;;;28401;685317.38;1065811.13;2013-12-02T00:00:00
11429658;533955;Kutná Hora;;;;;77747;Žižkov;245569;Ústecká;è.p.;424;;;28401;685323.75;1065798.75;2013-12-02T00:00:00
11429666;533955;Kutná Hora;;;;;77747;Žižkov;243701;Fuèíkova;è.p.;425;;;28401;685268.06;1066579.88;2013-12-02T00:00:00
11429674;533955;Kutná Hora;;;;;77747;Žižkov;243701;Fuèíkova;è.p.;426;;;28401;685270.25;1066602.63;2013-12-02T00:00:00
11429682;533955;Kutná Hora;;;;;77747;Žižkov;245615;V Mišpulkách;è.p.;427;;;28401;685325.50;1066056.63;2013-12-02T00:00:00
11429691;533955;Kutná Hora;;;;;77747;Žižkov;245615;V Mišpulkách;è.p.;428;;;28401;685333.81;1066067.50;2013-12-02T00:00:00
11429704;533955;Kutná Hora;;;;;77747;Žižkov;245615;V Mišpulkách;è.p.;429;;;28401;685231.00;1066076.00;2013-12-02T00:00:00
11429712;533955;Kutná Hora;;;;;77747;Žižkov;245615;V Mišpulkách;è.p.;430;;;28401;685238.81;1066089.00;2013-12-02T00:00:00
11429721;533955;Kutná Hora;;;;;77747;Žižkov;245615;V Mišpulkách;è.p.;431;;;28401;685262.00;1066070.13;2013-12-02T00:00:00
11429739;533955;Kutná Hora;;;;;77747;Žižkov;245615;V Mišpulkách;è.p.;432;;;28401;685270.00;1066081.75;2013-12-02T00:00:00
11429747;533955;Kutná Hora;;;;;77747;Žižkov;245615;V Mišpulkách;è.p.;433;;;28401;685292.81;1066063.63;2013-12-02T00:00:00
11429755;533955;Kutná Hora;;;;;77747;Žižkov;245615;V Mišpulkách;è.p.;434;;;28401;685301.63;1066075.75;2013-12-02T00:00:00
11429763;533955;Kutná Hora;;;;;77747;Žižkov;245151;Sokolovská;è.p.;435;;;28401;685583.19;1066723.13;2013-12-02T00:00:00
11429771;533955;Kutná Hora;;;;;77747;Žižkov;244422;Na Kavkách;è.p.;436;;;28401;685680.44;1066613.13;2013-12-02T00:00:00
11429780;533955;Kutná Hora;;;;;77747;Žižkov;245615;V Mišpulkách;è.p.;437;;;28401;685202.25;1066087.75;2013-12-02T00:00:00
11429798;533955;Kutná Hora;;;;;77747;Žižkov;245615;V Mišpulkách;è.p.;438;;;28401;685211.06;1066098.50;2013-12-02T00:00:00
11429801;533955;Kutná Hora;;;;;77747;Žižkov;245747;Vojtìšská;è.p.;439;;;28401;685771.56;1066526.38;2013-12-02T00:00:00
11429810;533955;Kutná Hora;;;;;77747;Žižkov;245747;Vojtìšská;è.p.;440;;;28401;685761.44;1066538.88;2013-12-02T00:00:00
11429828;533955;Kutná Hora;;;;;77747;Žižkov;245151;Sokolovská;è.p.;441;;;28401;685473.56;1066631.63;2013-12-02T00:00:00
11429836;533955;Kutná Hora;;;;;77747;Žižkov;244066;Ke Kalichu;è.p.;442;;;28401;685637.19;1066080.25;2013-12-02T00:00:00
11429844;533955;Kutná Hora;;;;;77747;Žižkov;244422;Na Kavkách;è.p.;443;;;28401;685646.94;1066583.00;2013-12-02T00:00:00
11429852;533955;Kutná Hora;;;;;77747;Žižkov;245151;Sokolovská;è.p.;444;;;28401;685553.19;1066698.25;2013-12-02T00:00:00
11429861;533955;Kutná Hora;;;;;77747;Žižkov;243876;Husitská;è.p.;445;;;28401;685813.63;1066239.00;2013-12-02T00:00:00
11429879;533955;Kutná Hora;;;;;77747;Žižkov;245232;Sudomìøická;è.p.;446;;;28401;685536.13;1066061.38;2013-12-02T00:00:00
11429887;533955;Kutná Hora;;;;;77747;Žižkov;245151;Sokolovská;è.p.;447;;;28401;685454.94;1066614.13;2013-12-02T00:00:00
11429895;533955;Kutná Hora;;;;;77747;Žižkov;243558;Buzulucká;è.p.;448;;;28401;685591.88;1066677.88;2013-12-02T00:00:00
11429909;533955;Kutná Hora;;;;;77747;Žižkov;244066;Ke Kalichu;è.p.;449;;;28401;685607.81;1066059.50;2013-12-02T00:00:00
11429917;533955;Kutná Hora;;;;;77747;Žižkov;244775;Partyzánská;è.p.;450;;;28401;685601.88;1066157.63;2013-12-02T00:00:00
11429925;533955;Kutná Hora;;;;;77747;Žižkov;243906;Jarošova;è.p.;451;;;28401;685337.63;1066762.88;2013-12-02T00:00:00
11429933;533955;Kutná Hora;;;;;77747;Žižkov;243906;Jarošova;è.p.;452;;;28401;685349.75;1066788.88;2013-12-02T00:00:00
11429941;533955;Kutná Hora;;;;;77747;Žižkov;244104;Kijevská;è.p.;453;;;28401;685372.00;1066690.00;2013-12-02T00:00:00
11429950;533955;Kutná Hora;;;;;77747;Žižkov;244422;Na Kavkách;è.p.;454;;;28401;685575.25;1066524.13;2013-12-02T00:00:00
11429968;533955;Kutná Hora;;;;;77747;Žižkov;243914;Jaselská;è.p.;455;;;28401;685426.94;1066740.50;2013-12-02T00:00:00
11429976;533955;Kutná Hora;;;;;77747;Žižkov;243914;Jaselská;è.p.;456;;;28401;685499.81;1066745.63;2013-12-02T00:00:00
11429984;533955;Kutná Hora;;;;;77747;Žižkov;244104;Kijevská;è.p.;457;;;28401;685478.81;1066678.00;2013-12-02T00:00:00
11429992;533955;Kutná Hora;;;;;77747;Žižkov;243906;Jarošova;è.p.;458;;;28401;685334.06;1066687.00;2013-12-02T00:00:00
11430001;533955;Kutná Hora;;;;;77747;Žižkov;243558;Buzulucká;è.p.;459;;;28401;685478.94;1066584.38;2013-12-02T00:00:00
11430010;533955;Kutná Hora;;;;;77747;Žižkov;244104;Kijevská;è.p.;460;;;28401;685428.63;1066701.88;2013-12-02T00:00:00
11430028;533955;Kutná Hora;;;;;77747;Žižkov;244236;Kvapilova;è.p.;461;;;28401;685418.06;1066612.75;2013-12-02T00:00:00
11430036;533955;Kutná Hora;;;;;77747;Žižkov;244236;Kvapilova;è.p.;462;;;28401;685412.94;1066632.00;2013-12-02T00:00:00
11430044;533955;Kutná Hora;;;;;77747;Žižkov;244236;Kvapilova;è.p.;463;;;28401;685383.88;1066622.25;2013-12-02T00:00:00
11430052;533955;Kutná Hora;;;;;77747;Žižkov;244236;Kvapilova;è.p.;464;;;28401;685380.06;1066633.88;2013-12-02T00:00:00
11430061;533955;Kutná Hora;;;;;77747;Žižkov;245151;Sokolovská;è.p.;465;;;28401;685505.88;1066659.13;2013-12-02T00:00:00
11430079;533955;Kutná Hora;;;;;77747;Žižkov;245038;Rokycanova;è.p.;466;;;28401;685323.63;1065994.38;2013-12-02T00:00:00
11430087;533955;Kutná Hora;;;;;77747;Žižkov;244325;Malešovská;è.p.;467;;;28401;685800.31;1066115.63;2013-12-02T00:00:00
11430095;533955;Kutná Hora;;;;;77747;Žižkov;244066;Ke Kalichu;è.p.;468;;;28401;685590.38;1066077.75;2013-12-02T00:00:00
11430109;533955;Kutná Hora;;;;;77747;Žižkov;245232;Sudomìøická;è.p.;469;;;28401;685587.56;1066006.63;2013-12-02T00:00:00
11430117;533955;Kutná Hora;;;;;77747;Žižkov;244325;Malešovská;è.p.;470;;;28401;685835.38;1066211.63;2013-12-02T00:00:00
11430125;533955;Kutná Hora;;;;;77747;Žižkov;245232;Sudomìøická;è.p.;471;;;28401;685584.25;1065889.00;2013-12-02T00:00:00
11430133;533955;Kutná Hora;;;;;77747;Žižkov;244325;Malešovská;è.p.;472;;;28401;685745.69;1066094.38;2013-12-02T00:00:00
11430141;533955;Kutná Hora;;;;;77747;Žižkov;244325;Malešovská;è.p.;473;;;28401;685753.13;1066113.25;2013-12-02T00:00:00
11430150;533955;Kutná Hora;;;;;77747;Žižkov;244325;Malešovská;è.p.;474;;;28401;685768.81;1066125.00;2013-12-02T00:00:00
11430168;533955;Kutná Hora;;;;;77747;Žižkov;244325;Malešovská;è.p.;475;;;28401;685776.19;1066143.00;2013-12-02T00:00:00
11430176;533955;Kutná Hora;;;;;77747;Žižkov;244325;Malešovská;è.p.;476;;;28401;685791.25;1066155.75;2013-12-02T00:00:00
11430184;533955;Kutná Hora;;;;;77747;Žižkov;244325;Malešovská;è.p.;477;;;28401;685798.00;1066172.13;2013-12-02T00:00:00
11430192;533955;Kutná Hora;;;;;77747;Žižkov;244325;Malešovská;è.p.;478;;;28401;685812.50;1066182.50;2013-12-02T00:00:00
11430206;533955;Kutná Hora;;;;;77747;Žižkov;244325;Malešovská;è.p.;1069;;;28401;685818.88;1066198.50;2024-06-10T00:00:00
11430214;533955;Kutná Hora;;;;;77747;Žižkov;243876;Husitská;è.p.;480;;;28401;685770.50;1066201.00;2013-12-02T00:00:00
11430222;533955;Kutná Hora;;;;;77747;Žižkov;245925;Žatecká;è.p.;481;;;28401;685635.69;1065992.63;2013-12-02T00:00:00
11430231;533955;Kutná Hora;;;;;77747;Žižkov;244325;Malešovská;è.p.;482;;;28401;685729.31;1066082.63;2013-12-02T00:00:00
11430249;533955;Kutná Hora;;;;;77747;Žižkov;245925;Žatecká;è.p.;483;;;28401;685616.56;1065981.00;2013-12-02T00:00:00
11430257;533955;Kutná Hora;;;;;77747;Žižkov;244325;Malešovská;è.p.;484;;;28401;685779.69;1066089.38;2013-12-02T00:00:00
11430265;533955;Kutná Hora;;;;;77747;Žižkov;243876;Husitská;è.p.;485;;;28401;685742.06;1066161.13;2013-12-02T00:00:00
11430273;533955;Kutná Hora;;;;;77747;Žižkov;243876;Husitská;è.p.;486;;;28401;685687.88;1066083.13;2013-12-02T00:00:00
11430281;533955;Kutná Hora;;;;;77747;Žižkov;243876;Husitská;è.p.;487;;;28401;685756.04;1066179.09;2022-10-15T00:00:00
11430290;533955;Kutná Hora;;;;;77747;Žižkov;243876;Husitská;è.p.;488;;;28401;685716.63;1066125.25;2013-12-02T00:00:00
11430303;533955;Kutná Hora;;;;;77747;Žižkov;243558;Buzulucká;è.p.;490;;;28401;685632.49;1066715.21;2013-12-02T00:00:00
11430311;533955;Kutná Hora;;;;;77747;Žižkov;244104;Kijevská;è.p.;491;;;28401;685445.13;1066693.25;2013-12-02T00:00:00
11430320;533955;Kutná Hora;;;;;77747;Žižkov;243876;Husitská;è.p.;492;;;28401;685632.13;1066037.88;2013-12-02T00:00:00
11430338;533955;Kutná Hora;;;;;77747;Žižkov;245151;Sokolovská;è.p.;493;;;28401;685537.88;1066684.50;2013-12-02T00:00:00
11430346;533955;Kutná Hora;;;;;77747;Žižkov;243914;Jaselská;è.p.;494;;;28401;685486.88;1066728.50;2013-12-02T00:00:00
11430354;533955;Kutná Hora;;;;;77747;Žižkov;244104;Kijevská;è.p.;495;;;28401;685462.81;1066685.25;2013-12-02T00:00:00
11430362;533955;Kutná Hora;;;;;77747;Žižkov;244961;Purkyòova;è.p.;496;;;28401;685301.94;1066372.25;2013-12-02T00:00:00
11430371;533955;Kutná Hora;;;;;77747;Žižkov;243914;Jaselská;è.p.;497;;;28401;685544.69;1066739.00;2013-12-02T00:00:00
11430389;533955;Kutná Hora;;;;;77747;Žižkov;243914;Jaselská;è.p.;498;;;28401;685453.06;1066729.25;2013-12-02T00:00:00
11430397;533955;Kutná Hora;;;;;77747;Žižkov;244104;Kijevská;è.p.;499;;;28401;685352.44;1066697.00;2013-12-02T00:00:00
11430401;533955;Kutná Hora;;;;;77747;Žižkov;244104;Kijevská;è.p.;500;;;28401;685392.69;1066678.38;2013-12-02T00:00:00
11430419;533955;Kutná Hora;;;;;77747;Žižkov;245925;Žatecká;è.p.;501;;;28401;685593.19;1065934.00;2013-12-02T00:00:00
11430427;533955;Kutná Hora;;;;;77747;Žižkov;245925;Žatecká;è.p.;502;;;28401;685597.75;1065929.38;2013-12-02T00:00:00
11430435;533955;Kutná Hora;;;;;77747;Žižkov;245925;Žatecká;è.p.;503;;;28401;685600.38;1065924.25;2013-12-02T00:00:00
11430443;533955;Kutná Hora;;;;;77747;Žižkov;245925;Žatecká;è.p.;504;;;28401;685603.81;1065919.13;2013-12-02T00:00:00
11430451;533955;Kutná Hora;;;;;77747;Žižkov;245925;Žatecká;è.p.;505;;;28401;685606.94;1065913.88;2013-12-02T00:00:00
11430460;533955;Kutná Hora;;;;;77747;Žižkov;245925;Žatecká;è.p.;506;;;28401;685609.94;1065907.50;2013-12-02T00:00:00
11430478;533955;Kutná Hora;;;;;77747;Žižkov;245925;Žatecká;è.p.;507;;;28401;685640.38;1065960.75;2013-12-02T00:00:00
11430486;533955;Kutná Hora;;;;;77747;Žižkov;245925;Žatecká;è.p.;508;;;28401;685643.31;1065955.00;2013-12-02T00:00:00
11430494;533955;Kutná Hora;;;;;77747;Žižkov;245925;Žatecká;è.p.;509;;;28401;685645.38;1065949.00;2013-12-02T00:00:00
11430508;533955;Kutná Hora;;;;;77747;Žižkov;245925;Žatecká;è.p.;510;;;28401;685649.69;1065944.50;2013-12-02T00:00:00
11430516;533955;Kutná Hora;;;;;77747;Žižkov;245925;Žatecká;è.p.;511;;;28401;685653.38;1065938.75;2013-12-02T00:00:00
11430524;533955;Kutná Hora;;;;;77747;Žižkov;245925;Žatecká;è.p.;512;;;28401;685655.25;1065933.75;2013-12-02T00:00:00
11430532;533955;Kutná Hora;;;;;77747;Žižkov;244155;Kotkova;è.p.;513;;;28401;685417.00;1066511.88;2013-12-02T00:00:00
11430541;533955;Kutná Hora;;;;;77747;Žižkov;245151;Sokolovská;è.p.;514;;;28401;685523.06;1066713.75;2013-12-02T00:00:00
11430559;533955;Kutná Hora;;;;;77747;Žižkov;245151;Sokolovská;è.p.;515;;;28401;685492.13;1066645.00;2013-12-02T00:00:00
11430567;533955;Kutná Hora;;;;;77747;Žižkov;245747;Vojtìšská;è.p.;516;;;28401;685603.50;1066493.88;2013-12-02T00:00:00
11430575;533955;Kutná Hora;;;;;77747;Žižkov;244163;Kouøimská;è.p.;517;;;28401;685838.56;1066243.13;2013-12-02T00:00:00
11430583;533955;Kutná Hora;;;;;77747;Žižkov;245143;Sochorova;è.p.;518;;;28401;685576.88;1066342.25;2013-12-02T00:00:00
11430591;533955;Kutná Hora;;;;;77747;Žižkov;244961;Purkyòova;è.p.;519;;;28401;685331.56;1066403.88;2013-12-02T00:00:00
11430605;533955;Kutná Hora;;;;;77747;Žižkov;245232;Sudomìøická;è.p.;520;;;28401;685557.44;1065922.00;2013-12-02T00:00:00
11430613;533955;Kutná Hora;;;;;77747;Žižkov;244163;Kouøimská;è.p.;521;;;28401;685867.50;1066247.75;2013-12-02T00:00:00
11430621;533955;Kutná Hora;;;;;77747;Žižkov;245151;Sokolovská;è.p.;522;;;28401;685521.75;1066671.63;2013-12-02T00:00:00
11430630;533955;Kutná Hora;;;;;77747;Žižkov;243566;Chelèického;è.p.;523;;;28401;685370.56;1065786.88;2013-12-02T00:00:00
11430648;533955;Kutná Hora;;;;;77747;Žižkov;243566;Chelèického;è.p.;524;;;28401;685377.38;1065784.50;2013-12-02T00:00:00
11430656;533955;Kutná Hora;;;;;77747;Žižkov;243566;Chelèického;è.p.;525;;;28401;685384.13;1065779.25;2013-12-02T00:00:00
11430664;533955;Kutná Hora;;;;;77747;Žižkov;243566;Chelèického;è.p.;526;;;28401;685391.88;1065776.63;2013-12-02T00:00:00
11430672;533955;Kutná Hora;;;;;77747;Žižkov;243566;Chelèického;è.p.;527;;;28401;685398.00;1065771.63;2013-12-02T00:00:00
11430681;533955;Kutná Hora;;;;;77747;Žižkov;243566;Chelèického;è.p.;528;;;28401;685404.44;1065769.13;2013-12-02T00:00:00
11430699;533955;Kutná Hora;;;;;77747;Žižkov;244104;Kijevská;è.p.;529;;;28401;685410.44;1066671.50;2013-12-02T00:00:00
11430702;533955;Kutná Hora;;;;;77747;Žižkov;244104;Kijevská;è.p.;530;;;28401;685386.00;1066722.25;2013-12-02T00:00:00
11430711;533955;Kutná Hora;;;;;77747;Žižkov;244066;Ke Kalichu;è.p.;531;;;28401;685600.31;1066119.00;2013-12-02T00:00:00
11430729;533955;Kutná Hora;;;;;77747;Žižkov;243558;Buzulucká;è.p.;532;;;28401;685661.25;1066694.13;2013-12-02T00:00:00
11430737;533955;Kutná Hora;;;;;77747;Žižkov;245151;Sokolovská;è.p.;533;;;28401;685504.06;1066697.25;2013-12-02T00:00:00
11430745;533955;Kutná Hora;;;;;77747;Žižkov;245496;U Prachárny;è.p.;534;;;28401;685520.19;1065764.25;2013-12-02T00:00:00
11430753;533955;Kutná Hora;;;;;77747;Žižkov;245496;U Prachárny;è.p.;535;;;28401;685524.44;1065756.25;2013-12-02T00:00:00
11430761;533955;Kutná Hora;;;;;77747;Žižkov;245496;U Prachárny;è.p.;536;;;28401;685529.00;1065748.50;2013-12-02T00:00:00
11430770;533955;Kutná Hora;;;;;77747;Žižkov;245496;U Prachárny;è.p.;537;;;28401;685533.81;1065739.38;2013-12-02T00:00:00
11430788;533955;Kutná Hora;;;;;77747;Žižkov;245496;U Prachárny;è.p.;538;;;28401;685537.81;1065732.00;2013-12-02T00:00:00
11430796;533955;Kutná Hora;;;;;77747;Žižkov;245496;U Prachárny;è.p.;539;;;28401;685542.13;1065724.38;2013-12-02T00:00:00
11430800;533955;Kutná Hora;;;;;77747;Žižkov;243566;Chelèického;è.p.;540;;;28401;685420.76;1065769.10;2013-12-02T00:00:00
11430818;533955;Kutná Hora;;;;;77747;Žižkov;243566;Chelèického;è.p.;541;;;28401;685429.81;1065766.00;2013-12-02T00:00:00
11430826;533955;Kutná Hora;;;;;77747;Žižkov;243566;Chelèického;è.p.;542;;;28401;685438.25;1065761.75;2013-12-02T00:00:00
11430834;533955;Kutná Hora;;;;;77747;Žižkov;243566;Chelèického;è.p.;543;;;28401;685446.69;1065757.00;2013-12-02T00:00:00
11430842;533955;Kutná Hora;;;;;77747;Žižkov;243566;Chelèického;è.p.;544;;;28401;685454.00;1065752.00;2013-12-02T00:00:00
11430851;533955;Kutná Hora;;;;;77747;Žižkov;243566;Chelèického;è.p.;545;;;28401;685460.00;1065743.00;2013-12-02T00:00:00
11430869;533955;Kutná Hora;;;;;77747;Žižkov;243566;Chelèického;è.p.;546;;;28401;685477.19;1065733.63;2013-12-02T00:00:00
11430877;533955;Kutná Hora;;;;;77747;Žižkov;243566;Chelèického;è.p.;547;;;28401;685482.19;1065725.50;2013-12-02T00:00:00
11430885;533955;Kutná Hora;;;;;77747;Žižkov;243566;Chelèického;è.p.;548;;;28401;685487.56;1065718.50;2013-12-02T00:00:00
11430893;533955;Kutná Hora;;;;;77747;Žižkov;243566;Chelèického;è.p.;549;;;28401;685493.00;1065710.25;2013-12-02T00:00:00
11430907;533955;Kutná Hora;;;;;77747;Žižkov;243566;Chelèického;è.p.;550;;;28401;685497.38;1065704.88;2013-12-02T00:00:00
11430915;533955;Kutná Hora;;;;;77747;Žižkov;243566;Chelèického;è.p.;551;;;28401;685502.56;1065696.88;2013-12-02T00:00:00
11430923;533955;Kutná Hora;;;;;77747;Žižkov;244104;Kijevská;è.p.;552;;;28401;685448.75;1066657.00;2013-12-02T00:00:00
11430931;533955;Kutná Hora;;;;;77747;Žižkov;243906;Jarošova;è.p.;553;;;28401;685449.63;1066893.59;2013-12-02T00:00:00
11430940;533955;Kutná Hora;;;;;77747;Žižkov;243965;Jiskrova;è.p.;554;;;28401;685513.94;1065873.75;2013-12-02T00:00:00
11430958;533955;Kutná Hora;;;;;77747;Žižkov;243965;Jiskrova;è.p.;555;;;28401;685521.38;1065871.63;2013-12-02T00:00:00
11430966;533955;Kutná Hora;;;;;77747;Žižkov;243965;Jiskrova;è.p.;556;;;28401;685528.19;1065869.88;2013-12-02T00:00:00
11430974;533955;Kutná Hora;;;;;77747;Žižkov;243965;Jiskrova;è.p.;557;;;28401;685535.38;1065868.50;2013-12-02T00:00:00
11430982;533955;Kutná Hora;;;;;77747;Žižkov;243965;Jiskrova;è.p.;558;;;28401;685541.94;1065866.50;2013-12-02T00:00:00
11430991;533955;Kutná Hora;;;;;77747;Žižkov;243965;Jiskrova;è.p.;559;;;28401;685548.63;1065864.63;2013-12-02T00:00:00
11431008;533955;Kutná Hora;;;;;77747;Žižkov;245283;Tachovská;è.p.;560;;;28401;685504.13;1065818.13;2013-12-02T00:00:00
11431016;533955;Kutná Hora;;;;;77747;Žižkov;245283;Tachovská;è.p.;561;;;28401;685512.13;1065816.50;2013-12-02T00:00:00
11431024;533955;Kutná Hora;;;;;77747;Žižkov;245283;Tachovská;è.p.;562;;;28401;685519.56;1065815.00;2013-12-02T00:00:00
11431032;533955;Kutná Hora;;;;;77747;Žižkov;245283;Tachovská;è.p.;563;;;28401;685526.44;1065813.63;2013-12-02T00:00:00
11431041;533955;Kutná Hora;;;;;77747;Žižkov;245283;Tachovská;è.p.;564;;;28401;685533.13;1065811.50;2013-12-02T00:00:00
11431059;533955;Kutná Hora;;;;;77747;Žižkov;245283;Tachovská;è.p.;565;;;28401;685541.38;1065809.88;2013-12-02T00:00:00
11431067;533955;Kutná Hora;;;;;77747;Žižkov;244147;Korandova;è.p.;566;;;28401;685415.31;1065723.75;2013-12-02T00:00:00
11431075;533955;Kutná Hora;;;;;77747;Žižkov;244147;Korandova;è.p.;567;;;28401;685422.13;1065717.50;2013-12-02T00:00:00
11431083;533955;Kutná Hora;;;;;77747;Žižkov;244147;Korandova;è.p.;568;;;28401;685428.81;1065711.63;2013-12-02T00:00:00
11431091;533955;Kutná Hora;;;;;77747;Žižkov;244147;Korandova;è.p.;569;;;28401;685434.56;1065705.75;2013-12-02T00:00:00
11431105;533955;Kutná Hora;;;;;77747;Žižkov;244147;Korandova;è.p.;570;;;28401;685440.69;1065699.63;2013-12-02T00:00:00
11431113;533955;Kutná Hora;;;;;77747;Žižkov;244147;Korandova;è.p.;571;;;28401;685447.44;1065693.00;2013-12-02T00:00:00
11431121;533955;Kutná Hora;;;;;77747;Žižkov;244147;Korandova;è.p.;572;;;28401;685452.56;1065686.25;2013-12-02T00:00:00
11431130;533955;Kutná Hora;;;;;77747;Žižkov;245305;Talafusova;è.p.;573;;;28401;685489.94;1065656.13;2013-12-02T00:00:00
11431148;533955;Kutná Hora;;;;;77747;Žižkov;245305;Talafusova;è.p.;574;;;28401;685499.00;1065650.13;2013-12-02T00:00:00
11431156;533955;Kutná Hora;;;;;77747;Žižkov;245305;Talafusova;è.p.;575;;;28401;685506.06;1065644.75;2013-12-02T00:00:00
11431164;533955;Kutná Hora;;;;;77747;Žižkov;245305;Talafusova;è.p.;576;;;28401;685510.63;1065639.00;2013-12-02T00:00:00
11431172;533955;Kutná Hora;;;;;77747;Žižkov;245305;Talafusova;è.p.;577;;;28401;685519.25;1065634.50;2013-12-02T00:00:00
11431181;533955;Kutná Hora;;;;;77747;Žižkov;245305;Talafusova;è.p.;578;;;28401;685525.88;1065629.38;2013-12-02T00:00:00
11431199;533955;Kutná Hora;;;;;77747;Žižkov;245224;Sudlièní;è.p.;579;;;28401;685389.31;1065686.63;2013-12-02T00:00:00
11431202;533955;Kutná Hora;;;;;77747;Žižkov;245224;Sudlièní;è.p.;580;;;28401;685393.88;1065681.13;2013-12-02T00:00:00
11431211;533955;Kutná Hora;;;;;77747;Žižkov;245224;Sudlièní;è.p.;581;;;28401;685398.50;1065675.38;2013-12-02T00:00:00
11431229;533955;Kutná Hora;;;;;77747;Žižkov;245224;Sudlièní;è.p.;582;;;28401;685403.31;1065669.88;2013-12-02T00:00:00
11431237;533955;Kutná Hora;;;;;77747;Žižkov;245224;Sudlièní;è.p.;583;;;28401;685407.50;1065664.00;2013-12-02T00:00:00
11431245;533955;Kutná Hora;;;;;77747;Žižkov;245224;Sudlièní;è.p.;584;;;28401;685412.50;1065658.63;2013-12-02T00:00:00
11431253;533955;Kutná Hora;;;;;77747;Žižkov;245933;Želivského;è.p.;585;;;28401;685320.81;1065718.25;2013-12-02T00:00:00
11431261;533955;Kutná Hora;;;;;77747;Žižkov;245933;Želivského;è.p.;586;;;28401;685327.69;1065711.50;2013-12-02T00:00:00
11431270;533955;Kutná Hora;;;;;77747;Žižkov;245933;Želivského;è.p.;587;;;28401;685333.25;1065705.25;2013-12-02T00:00:00
11431288;533955;Kutná Hora;;;;;77747;Žižkov;245933;Želivského;è.p.;588;;;28401;685340.00;1065698.50;2013-12-02T00:00:00
11431296;533955;Kutná Hora;;;;;77747;Žižkov;245933;Želivského;è.p.;589;;;28401;685345.94;1065692.38;2013-12-02T00:00:00
11431300;533955;Kutná Hora;;;;;77747;Žižkov;245933;Želivského;è.p.;590;;;28401;685351.69;1065685.63;2013-12-02T00:00:00
11431318;533955;Kutná Hora;;;;;77747;Žižkov;245933;Želivského;è.p.;591;;;28401;685185.00;1066035.00;2013-12-02T00:00:00
11431326;533955;Kutná Hora;;;;;77747;Žižkov;244741;Orebitská;è.p.;592;;;28401;685185.38;1066001.88;2013-12-02T00:00:00
11431334;533955;Kutná Hora;;;;;77747;Žižkov;244741;Orebitská;è.p.;593;;;28401;685214.96;1066016.12;2013-12-02T00:00:00
11431342;533955;Kutná Hora;;;;;77747;Žižkov;244619;Na Vítkovì;è.p.;594;;;28401;685258.63;1066011.38;2013-12-02T00:00:00
11431351;533955;Kutná Hora;;;;;77747;Žižkov;244236;Kvapilova;è.p.;595;;;28401;685344.75;1066651.88;2013-12-02T00:00:00
11431369;533955;Kutná Hora;;;;;77747;Žižkov;244236;Kvapilova;è.p.;596;;;28401;685348.06;1066638.75;2013-12-02T00:00:00
11431377;533955;Kutná Hora;;;;;77747;Žižkov;244104;Kijevská;è.p.;597;;;28401;685359.88;1066730.50;2013-12-02T00:00:00
11431385;533955;Kutná Hora;;;;;77747;Žižkov;245399;U Havírny;è.p.;598;;;28401;685424.69;1065626.25;2013-12-02T00:00:00
11431393;533955;Kutná Hora;;;;;77747;Žižkov;245038;Rokycanova;è.p.;599;;;28401;685321.94;1065961.50;2013-12-02T00:00:00
11431407;533955;Kutná Hora;;;;;77747;Žižkov;244422;Na Kavkách;è.p.;600;;;28401;685662.63;1066597.38;2013-12-02T00:00:00
11431415;533955;Kutná Hora;;;;;77747;Žižkov;243663;Domažlická;è.p.;601;;;28401;685613.63;1065863.88;2013-12-02T00:00:00
11431423;533955;Kutná Hora;;;;;77747;Žižkov;243663;Domažlická;è.p.;602;;;28401;685603.56;1065859.63;2013-12-02T00:00:00
11431431;533955;Kutná Hora;;;;;77747;Žižkov;245232;Sudomìøická;è.p.;603;;;28401;685584.19;1065834.63;2013-12-02T00:00:00
11431440;533955;Kutná Hora;;;;;77747;Žižkov;245232;Sudomìøická;è.p.;604;;;28401;685579.00;1065821.25;2013-12-02T00:00:00
11431458;533955;Kutná Hora;;;;;77747;Žižkov;243558;Buzulucká;è.p.;605;;;28401;685578.31;1066666.63;2013-12-02T00:00:00
11431466;533955;Kutná Hora;;;;;77747;Žižkov;243558;Buzulucká;è.p.;606;;;28401;685597.06;1066644.25;2013-12-02T00:00:00
11431474;533955;Kutná Hora;;;;;77747;Žižkov;245232;Sudomìøická;è.p.;607;;;28401;685555.06;1066049.38;2013-12-02T00:00:00
11431482;533955;Kutná Hora;;;;;77747;Žižkov;243698;Dukelská;è.p.;608;;;28401;685365.75;1066434.00;2013-12-02T00:00:00
11431491;533955;Kutná Hora;;;;;77747;Žižkov;245755;Vozatajská;è.p.;609;;;28401;685751.44;1066219.75;2013-12-02T00:00:00
11431504;533955;Kutná Hora;;;;;77747;Žižkov;245038;Rokycanova;è.p.;610;;;28401;685286.13;1065950.00;2013-12-02T00:00:00
11431512;533955;Kutná Hora;;;;;77747;Žižkov;243701;Fuèíkova;è.p.;611;;;28401;685513.13;1066464.13;2013-12-02T00:00:00
11431521;533955;Kutná Hora;;;;;77747;Žižkov;243914;Jaselská;è.p.;612;;;28401;685400.88;1066744.88;2013-12-02T00:00:00
11431539;533955;Kutná Hora;;;;;77747;Žižkov;245674;Vajdova;è.p.;613;;;28401;685308.56;1066777.00;2013-12-02T00:00:00
11431547;533955;Kutná Hora;;;;;77747;Žižkov;243701;Fuèíkova;è.p.;614;;;28401;685244.13;1066525.25;2013-12-02T00:00:00
11431555;533955;Kutná Hora;;;;;77747;Žižkov;243701;Fuèíkova;è.p.;615;;;28401;685252.50;1066523.63;2013-12-02T00:00:00
11431563;533955;Kutná Hora;;;;;77747;Žižkov;243906;Jarošova;è.p.;616;;;28401;685312.25;1066712.63;2013-12-02T00:00:00
11431571;533955;Kutná Hora;;;;;77747;Žižkov;245216;Støelecká;è.p.;617;;;28401;685943.69;1066042.75;2013-12-02T00:00:00
11431580;533955;Kutná Hora;;;;;77747;Žižkov;243876;Husitská;è.p.;618;;;28401;685705.56;1066161.13;2013-12-02T00:00:00
11431598;533955;Kutná Hora;;;;;77747;Žižkov;243876;Husitská;è.p.;619;;;28401;685711.94;1066168.88;2013-12-02T00:00:00
11431601;533955;Kutná Hora;;;;;77747;Žižkov;245038;Rokycanova;è.p.;620;;;28401;685344.63;1066005.75;2013-12-02T00:00:00
11431610;533955;Kutná Hora;;;;;77747;Žižkov;244210;Ku ptáku;è.p.;621;;;28401;685230.25;1065706.75;2013-12-02T00:00:00
11431628;533955;Kutná Hora;;;;;77747;Žižkov;244210;Ku ptáku;è.p.;622;;;28401;685237.19;1065703.38;2013-12-02T00:00:00
11431636;533955;Kutná Hora;;;;;77747;Žižkov;244210;Ku ptáku;è.p.;623;;;28401;685243.50;1065700.88;2013-12-02T00:00:00
11431644;533955;Kutná Hora;;;;;77747;Žižkov;244210;Ku ptáku;è.p.;624;;;28401;685250.44;1065698.13;2013-12-02T00:00:00
11431652;533955;Kutná Hora;;;;;77747;Žižkov;244210;Ku ptáku;è.p.;625;;;28401;685258.25;1065696.13;2013-12-02T00:00:00
11431661;533955;Kutná Hora;;;;;77747;Žižkov;244210;Ku ptáku;è.p.;626;;;28401;685265.19;1065692.75;2013-12-02T00:00:00
11431679;533955;Kutná Hora;;;;;77747;Žižkov;245755;Vozatajská;è.p.;627;;;28401;685660.94;1066227.13;2013-12-02T00:00:00
11431687;533955;Kutná Hora;;;;;77747;Žižkov;245151;Sokolovská;è.p.;628;;;28401;685567.44;1066711.00;2013-12-02T00:00:00
11431695;533955;Kutná Hora;;;;;77747;Žižkov;243906;Jarošova;è.p.;629;;;28401;685390.50;1066800.13;2013-12-02T00:00:00
11431709;533955;Kutná Hora;;;;;77747;Žižkov;243906;Jarošova;è.p.;630;;;28401;685396.06;1066808.25;2013-12-02T00:00:00
11431717;533955;Kutná Hora;;;;;77747;Žižkov;243876;Husitská;è.p.;631;;;28401;685702.88;1066104.63;2013-12-02T00:00:00
11431725;533955;Kutná Hora;;;;;77747;Žižkov;245143;Sochorova;è.p.;632;;;28401;685584.13;1066325.00;2013-12-02T00:00:00
11431733;533955;Kutná Hora;;;;;77747;Žižkov;243876;Husitská;è.p.;633;;;28401;685660.44;1066108.50;2013-12-02T00:00:00
11431741;533955;Kutná Hora;;;;;77747;Žižkov;243876;Husitská;è.p.;634;;;28401;685672.06;1066129.00;2013-12-02T00:00:00
11431750;533955;Kutná Hora;;;;;77747;Žižkov;245755;Vozatajská;è.p.;635;;;28401;685725.19;1066243.50;2013-12-02T00:00:00
11431768;533955;Kutná Hora;;;;;77747;Žižkov;245143;Sochorova;è.p.;636;;;28401;685559.38;1066356.50;2013-12-02T00:00:00
11431776;533955;Kutná Hora;;;;;77747;Žižkov;244619;Na Vítkovì;è.p.;637;;;28401;685312.00;1065903.13;2013-12-02T00:00:00
11431784;533955;Kutná Hora;;;;;77747;Žižkov;244619;Na Vítkovì;è.p.;638;;;28401;685300.13;1065928.13;2013-12-02T00:00:00
11431792;533955;Kutná Hora;;;;;77747;Žižkov;243906;Jarošova;è.p.;639;;;28401;685298.38;1066685.88;2013-12-02T00:00:00
11431806;533955;Kutná Hora;;;;;77747;Žižkov;243558;Buzulucká;è.p.;640;;;28401;685547.00;1066639.45;2022-10-15T00:00:00
11431814;533955;Kutná Hora;;;;;77747;Žižkov;243612;Èeská;è.p.;641;;;28401;685087.00;1065667.38;2013-12-02T00:00:00
11431822;533955;Kutná Hora;;;;;77747;Žižkov;244945;Pøibyslavská;è.p.;642;;;28401;685497.63;1065893.63;2013-12-02T00:00:00
11431831;533955;Kutná Hora;;;;;77747;Žižkov;243914;Jaselská;è.p.;643;;;28401;685522.75;1066742.63;2013-12-02T00:00:00
11431849;533955;Kutná Hora;;;;;77747;Žižkov;243906;Jarošova;è.p.;644;;;28401;685470.36;1066899.56;2013-12-02T00:00:00
11431857;533955;Kutná Hora;;;;;77747;Žižkov;243914;Jaselská;è.p.;645;;;28401;685470.31;1066712.38;2013-12-02T00:00:00
11431865;533955;Kutná Hora;;;;;77747;Žižkov;243906;Jarošova;è.p.;646;;;28401;685406.75;1066829.00;2013-12-02T00:00:00
11431873;533955;Kutná Hora;;;;;77747;Žižkov;243906;Jarošova;è.p.;647;;;28401;685429.63;1066845.13;2013-12-02T00:00:00
11431881;533955;Kutná Hora;;;;;77747;Žižkov;243906;Jarošova;è.p.;649;;;28401;685431.54;1066881.70;2022-10-15T00:00:00
11431890;533955;Kutná Hora;;;;;77747;Žižkov;243906;Jarošova;è.p.;650;;;28401;685376.63;1066750.75;2013-12-02T00:00:00
11431903;533955;Kutná Hora;;;;;77747;Žižkov;244325;Malešovská;è.p.;651;;;28401;685860.63;1066187.38;2013-12-02T00:00:00
11431911;533955;Kutná Hora;;;;;77747;Žižkov;244325;Malešovská;è.p.;652;;;28401;685896.75;1066216.00;2013-12-02T00:00:00
11431920;533955;Kutná Hora;;;;;77747;Žižkov;244325;Malešovská;è.p.;653;;;28401;685920.88;1066229.38;2013-12-02T00:00:00
11431938;533955;Kutná Hora;;;;;77747;Žižkov;244325;Malešovská;è.p.;654;;;28401;685946.88;1066240.75;2013-12-02T00:00:00
11431946;533955;Kutná Hora;;;;;77747;Žižkov;245216;Støelecká;è.p.;655;;;28401;685893.56;1066188.13;2013-12-02T00:00:00
11431954;533955;Kutná Hora;;;;;77747;Žižkov;245216;Støelecká;è.p.;656;;;28401;685928.94;1066188.75;2013-12-02T00:00:00
11431962;533955;Kutná Hora;;;;;77747;Žižkov;245216;Støelecká;è.p.;658;;;28401;685970.44;1066210.13;2013-12-02T00:00:00
11431971;533955;Kutná Hora;;;;;77747;Žižkov;244163;Kouøimská;è.p.;659;;;28401;685967.75;1066262.38;2013-12-02T00:00:00
11431989;533955;Kutná Hora;;;;;77747;Žižkov;244104;Kijevská;è.p.;661;;;28401;685429.25;1066663.63;2013-12-02T00:00:00
11431997;533955;Kutná Hora;;;;;77747;Žižkov;243906;Jarošova;è.p.;662;;;28401;685365.19;1066817.75;2013-12-02T00:00:00
11432004;533955;Kutná Hora;;;;;77747;Žižkov;243906;Jarošova;è.p.;663;;;28401;685379.38;1066845.13;2013-12-02T00:00:00
11432012;533955;Kutná Hora;;;;;77747;Žižkov;245674;Vajdova;è.p.;664;;;28401;685320.50;1066799.25;2013-12-02T00:00:00
11432021;533955;Kutná Hora;;;;;77747;Žižkov;245674;Vajdova;è.p.;665;;;28401;685336.75;1066820.25;2013-12-02T00:00:00
11432039;533955;Kutná Hora;;;;;77747;Žižkov;245674;Vajdova;è.p.;666;;;28401;685351.13;1066840.75;2013-12-02T00:00:00
11432047;533955;Kutná Hora;;;;;77747;Žižkov;244104;Kijevská;è.p.;667;;;28401;685412.00;1066711.50;2013-12-02T00:00:00
11432055;533955;Kutná Hora;;;;;77747;Žižkov;243876;Husitská;è.p.;668;;;28401;685790.63;1066218.00;2013-12-02T00:00:00
11432063;533955;Kutná Hora;;;;;77747;Žižkov;244325;Malešovská;è.p.;669;;;28401;685812.13;1066131.13;2013-12-02T00:00:00
11432071;533955;Kutná Hora;;;;;77747;Žižkov;245755;Vozatajská;è.p.;670;;;28401;685682.56;1066229.50;2013-12-02T00:00:00
11432080;533955;Kutná Hora;;;;;77747;Žižkov;245755;Vozatajská;è.p.;671;;;28401;685701.00;1066219.00;2013-12-02T00:00:00
11432098;533955;Kutná Hora;;;;;77747;Žižkov;245755;Vozatajská;è.p.;672;;;28401;685725.75;1066194.38;2013-12-02T00:00:00
11432101;533955;Kutná Hora;;;;;77747;Žižkov;243558;Buzulucká;è.p.;673;;;28401;685517.88;1066616.00;2013-12-02T00:00:00
11432110;533955;Kutná Hora;;;;;77747;Žižkov;245232;Sudomìøická;è.p.;674;;;28401;685587.00;1065974.00;2013-12-02T00:00:00
11432128;533955;Kutná Hora;;;;;77747;Žižkov;245232;Sudomìøická;è.p.;675;;;28401;685578.00;1066039.00;2013-12-02T00:00:00
11432136;533955;Kutná Hora;;;;;77747;Žižkov;243558;Buzulucká;è.p.;676;;;28401;685501.44;1066550.75;2013-12-02T00:00:00
11432144;533955;Kutná Hora;;;;;77747;Žižkov;243701;Fuèíkova;è.p.;677;;;28401;685468.69;1066465.25;2013-12-02T00:00:00
11432152;533955;Kutná Hora;;;;;77747;Žižkov;245933;Želivského;è.p.;678;;;28401;685154.81;1065962.88;2013-12-02T00:00:00
11432161;533955;Kutná Hora;;;;;77747;Žižkov;245232;Sudomìøická;è.p.;679;;;28401;685518.94;1066070.63;2013-12-02T00:00:00
11432179;533955;Kutná Hora;;;;;77747;Žižkov;243558;Buzulucká;è.p.;680;;;28401;685618.81;1066657.63;2013-12-02T00:00:00
11432187;533955;Kutná Hora;;;;;77747;Žižkov;244945;Pøibyslavská;è.p.;681;;;28401;685480.25;1065928.88;2013-12-02T00:00:00
11432195;533955;Kutná Hora;;;;;77747;Žižkov;244619;Na Vítkovì;è.p.;682;;;28401;685273.58;1065987.21;2015-06-04T00:00:00
11432209;533955;Kutná Hora;;;;;77747;Žižkov;244619;Na Vítkovì;è.p.;683;;;28401;685281.48;1065981.47;2015-06-04T00:00:00
11432217;533955;Kutná Hora;;;;;77747;Žižkov;245496;U Prachárny;è.p.;684;;;28401;685554.81;1065701.00;2013-12-02T00:00:00
11432225;533955;Kutná Hora;;;;;77747;Žižkov;245496;U Prachárny;è.p.;685;;;28401;685549.50;1065697.51;2022-10-15T00:00:00
11432233;533955;Kutná Hora;;;;;77747;Žižkov;244775;Partyzánská;è.p.;686;;;28401;685640.25;1066214.50;2013-12-02T00:00:00
11432241;533955;Kutná Hora;;;;;77747;Žižkov;245747;Vojtìšská;è.p.;687;;;28401;685753.25;1066313.63;2013-12-02T00:00:00
11432250;533955;Kutná Hora;;;;;77747;Žižkov;243523;Bendlovky;è.p.;688;;;28401;685426.56;1066188.25;2013-12-02T00:00:00
11432268;533955;Kutná Hora;;;;;77747;Žižkov;243698;Dukelská;è.p.;689;;;28401;685327.25;1066440.88;2013-12-02T00:00:00
11432276;533955;Kutná Hora;;;;;77747;Žižkov;244066;Ke Kalichu;è.p.;690;;;28401;685645.31;1066014.13;2013-12-02T00:00:00
11432284;533955;Kutná Hora;;;;;77747;Žižkov;243876;Husitská;è.p.;691;;;28401;685769.50;1066244.13;2013-12-02T00:00:00
11432292;533955;Kutná Hora;;;;;77747;Žižkov;243876;Husitská;è.p.;692;;;28401;685658.81;1066063.25;2013-12-02T00:00:00
11432306;533955;Kutná Hora;;;;;77747;Žižkov;244325;Malešovská;è.p.;693;;;28401;685682.38;1066053.50;2013-12-02T00:00:00
11432314;533955;Kutná Hora;;;;;77747;Žižkov;244066;Ke Kalichu;è.p.;694;;;28401;685667.31;1066045.88;2013-12-02T00:00:00
11432322;533955;Kutná Hora;;;;;77747;Žižkov;244775;Partyzánská;è.p.;695;;;28401;685493.31;1066083.25;2013-12-02T00:00:00
11432331;533955;Kutná Hora;;;;;77747;Žižkov;243558;Buzulucká;è.p.;696;;;28401;685533.94;1066630.00;2013-12-02T00:00:00
11432349;533955;Kutná Hora;;;;;77747;Žižkov;244643;Na Výsluní;è.p.;697;;;28401;685794.69;1066595.50;2013-12-02T00:00:00
11432357;533955;Kutná Hora;;;;;77747;Žižkov;244643;Na Výsluní;è.p.;698;;;28401;685801.38;1066597.13;2013-12-02T00:00:00
11432365;533955;Kutná Hora;;;;;77747;Žižkov;244643;Na Výsluní;è.p.;699;;;28401;685809.25;1066598.63;2013-12-02T00:00:00
11432373;533955;Kutná Hora;;;;;77747;Žižkov;244643;Na Výsluní;è.p.;700;;;28401;685818.06;1066599.13;2013-12-02T00:00:00
11432381;533955;Kutná Hora;;;;;77747;Žižkov;244643;Na Výsluní;è.p.;701;;;28401;685828.00;1066601.13;2013-12-02T00:00:00
11432390;533955;Kutná Hora;;;;;77747;Žižkov;244643;Na Výsluní;è.p.;702;;;28401;685836.25;1066601.25;2013-12-02T00:00:00
11432403;533955;Kutná Hora;;;;;77747;Žižkov;244643;Na Výsluní;è.p.;703;;;28401;685860.63;1066601.13;2013-12-02T00:00:00
11432411;533955;Kutná Hora;;;;;77747;Žižkov;244643;Na Výsluní;è.p.;704;;;28401;685869.94;1066601.38;2013-12-02T00:00:00
11432420;533955;Kutná Hora;;;;;77747;Žižkov;244643;Na Výsluní;è.p.;705;;;28401;685878.00;1066601.50;2013-12-02T00:00:00
11432438;533955;Kutná Hora;;;;;77747;Žižkov;244643;Na Výsluní;è.p.;706;;;28401;685887.56;1066601.13;2013-12-02T00:00:00
11432446;533955;Kutná Hora;;;;;77747;Žižkov;244643;Na Výsluní;è.p.;707;;;28401;685897.13;1066601.00;2013-12-02T00:00:00
11432454;533955;Kutná Hora;;;;;77747;Žižkov;244643;Na Výsluní;è.p.;708;;;28401;685906.19;1066600.75;2013-12-02T00:00:00
11432462;533955;Kutná Hora;;;;;77747;Žižkov;244643;Na Výsluní;è.p.;709;;;28401;685915.75;1066600.63;2013-12-02T00:00:00
11432471;533955;Kutná Hora;;;;;77747;Žižkov;244643;Na Výsluní;è.p.;710;;;28401;685924.38;1066600.13;2013-12-02T00:00:00
11432489;533955;Kutná Hora;;;;;77747;Žižkov;244643;Na Výsluní;è.p.;711;;;28401;685933.56;1066601.13;2013-12-02T00:00:00
11432497;533955;Kutná Hora;;;;;77747;Žižkov;244643;Na Výsluní;è.p.;712;;;28401;685942.19;1066601.00;2013-12-02T00:00:00
11432501;533955;Kutná Hora;;;;;77747;Žižkov;244562;Na Svahu;è.p.;713;;;28401;685795.50;1066566.38;2013-12-02T00:00:00
11432519;533955;Kutná Hora;;;;;77747;Žižkov;244562;Na Svahu;è.p.;714;;;28401;685802.94;1066566.88;2013-12-02T00:00:00
11432527;533955;Kutná Hora;;;;;77747;Žižkov;244562;Na Svahu;è.p.;715;;;28401;685810.69;1066567.50;2013-12-02T00:00:00
11432535;533955;Kutná Hora;;;;;77747;Žižkov;244562;Na Svahu;è.p.;716;;;28401;685816.56;1066568.25;2013-12-02T00:00:00
11432543;533955;Kutná Hora;;;;;77747;Žižkov;244562;Na Svahu;è.p.;717;;;28401;685823.44;1066568.25;2013-12-02T00:00:00
11432551;533955;Kutná Hora;;;;;77747;Žižkov;244562;Na Svahu;è.p.;718;;;28401;685829.94;1066568.38;2013-12-02T00:00:00
11432560;533955;Kutná Hora;;;;;77747;Žižkov;244562;Na Svahu;è.p.;719;;;28401;685837.81;1066569.00;2013-12-02T00:00:00
11432578;533955;Kutná Hora;;;;;77747;Žižkov;244562;Na Svahu;è.p.;720;;;28401;685860.63;1066566.13;2013-12-02T00:00:00
11432586;533955;Kutná Hora;;;;;77747;Žižkov;244562;Na Svahu;è.p.;721;;;28401;685870.19;1066566.38;2013-12-02T00:00:00
11432594;533955;Kutná Hora;;;;;77747;Žižkov;244562;Na Svahu;è.p.;722;;;28401;685879.56;1066565.38;2013-12-02T00:00:00
11432608;533955;Kutná Hora;;;;;77747;Žižkov;244562;Na Svahu;è.p.;723;;;28401;685889.19;1066565.63;2013-12-02T00:00:00
11432616;533955;Kutná Hora;;;;;77747;Žižkov;244562;Na Svahu;è.p.;724;;;28401;685899.56;1066565.38;2013-12-02T00:00:00
11432624;533955;Kutná Hora;;;;;77747;Žižkov;244562;Na Svahu;è.p.;725;;;28401;685907.56;1066565.00;2013-12-02T00:00:00
11432632;533955;Kutná Hora;;;;;77747;Žižkov;244562;Na Svahu;è.p.;726;;;28401;685916.63;1066565.38;2013-12-02T00:00:00
11432641;533955;Kutná Hora;;;;;77747;Žižkov;244562;Na Svahu;è.p.;727;;;28401;685925.75;1066565.00;2013-12-02T00:00:00
11432659;533955;Kutná Hora;;;;;77747;Žižkov;245461;U Lesa;è.p.;728;;;28401;685854.38;1066527.75;2013-12-02T00:00:00
11432667;533955;Kutná Hora;;;;;77747;Žižkov;245461;U Lesa;è.p.;729;;;28401;685864.38;1066526.50;2013-12-02T00:00:00
11432675;533955;Kutná Hora;;;;;77747;Žižkov;245461;U Lesa;è.p.;730;;;28401;685871.88;1066524.75;2013-12-02T00:00:00
11432683;533955;Kutná Hora;;;;;77747;Žižkov;245461;U Lesa;è.p.;731;;;28401;685879.88;1066525.00;2013-12-02T00:00:00
11432691;533955;Kutná Hora;;;;;77747;Žižkov;245461;U Lesa;è.p.;732;;;28401;685885.44;1066523.38;2013-12-02T00:00:00
11432705;533955;Kutná Hora;;;;;77747;Žižkov;245461;U Lesa;è.p.;733;;;28401;685893.69;1066521.88;2013-12-02T00:00:00
11432713;533955;Kutná Hora;;;;;77747;Žižkov;245461;U Lesa;è.p.;734;;;28401;685899.81;1066521.50;2013-12-02T00:00:00
11432721;533955;Kutná Hora;;;;;77747;Žižkov;245461;U Lesa;è.p.;735;;;28401;685906.75;1066520.50;2013-12-02T00:00:00
11432730;533955;Kutná Hora;;;;;77747;Žižkov;245461;U Lesa;è.p.;736;;;28401;685914.00;1066517.75;2013-12-02T00:00:00
11432748;533955;Kutná Hora;;;;;77747;Žižkov;245461;U Lesa;è.p.;737;;;28401;685920.94;1066517.25;2013-12-02T00:00:00
11432756;533955;Kutná Hora;;;;;77747;Žižkov;243663;Domažlická;è.p.;738;;;28401;685597.56;1065795.13;2013-12-02T00:00:00
11432764;533955;Kutná Hora;;;;;77747;Žižkov;243663;Domažlická;è.p.;739;;;28401;685617.44;1065807.63;2013-12-02T00:00:00
11432772;533955;Kutná Hora;;;;;77747;Žižkov;243663;Domažlická;è.p.;740;;;28401;685622.50;1065830.13;2013-12-02T00:00:00
11432781;533955;Kutná Hora;;;;;77747;Žižkov;243663;Domažlická;è.p.;741;;;28401;685634.94;1065847.88;2013-12-02T00:00:00
11432799;533955;Kutná Hora;;;;;77747;Žižkov;243663;Domažlická;è.p.;742;;;28401;685649.88;1065861.38;2013-12-02T00:00:00
11432802;533955;Kutná Hora;;;;;77747;Žižkov;243663;Domažlická;è.p.;743;;;28401;685664.94;1065878.88;2013-12-02T00:00:00
11432811;533955;Kutná Hora;;;;;77747;Žižkov;243663;Domažlická;è.p.;744;;;28401;685678.63;1065894.38;2013-12-02T00:00:00
11432829;533955;Kutná Hora;;;;;77747;Žižkov;243663;Domažlická;è.p.;745;;;28401;685694.63;1065909.00;2013-12-02T00:00:00
11432837;533955;Kutná Hora;;;;;77747;Žižkov;243663;Domažlická;è.p.;746;;;28401;685705.13;1065925.75;2013-12-02T00:00:00
11432845;533955;Kutná Hora;;;;;77747;Žižkov;243663;Domažlická;è.p.;747;;;28401;685719.25;1065942.00;2013-12-02T00:00:00
11432853;533955;Kutná Hora;;;;;77747;Žižkov;243663;Domažlická;è.p.;748;;;28401;685730.50;1065958.75;2013-12-02T00:00:00
11432861;533955;Kutná Hora;;;;;77747;Žižkov;243663;Domažlická;è.p.;749;;;28401;685747.13;1065971.00;2013-12-02T00:00:00
11432870;533955;Kutná Hora;;;;;77747;Žižkov;243663;Domažlická;è.p.;750;;;28401;685756.06;1065990.75;2013-12-02T00:00:00
11432888;533955;Kutná Hora;;;;;77747;Žižkov;243876;Husitská;è.p.;751;;;28401;685728.50;1066141.88;2013-12-02T00:00:00
11432896;533955;Kutná Hora;;;;;77747;Žižkov;244066;Ke Kalichu;è.p.;752;;;28401;685618.31;1066099.13;2013-12-02T00:00:00
11432900;533955;Kutná Hora;;;;;77747;Žižkov;244601;Na Trávníku;è.p.;753;;;28401;685234.88;1065765.63;2013-12-02T00:00:00
11432918;533955;Kutná Hora;;;;;77747;Žižkov;244601;Na Trávníku;è.p.;754;;;28401;685233.50;1065789.75;2013-12-02T00:00:00
11432926;533955;Kutná Hora;;;;;77747;Žižkov;244601;Na Trávníku;è.p.;755;;;28401;685200.06;1065756.88;2013-12-02T00:00:00
11432934;533955;Kutná Hora;;;;;77747;Žižkov;244601;Na Trávníku;è.p.;756;;;28401;685203.63;1065780.75;2013-12-02T00:00:00
11432942;533955;Kutná Hora;;;;;77747;Žižkov;244601;Na Trávníku;è.p.;757;;;28401;685206.06;1065798.50;2013-12-02T00:00:00
11432951;533955;Kutná Hora;;;;;77747;Žižkov;244601;Na Trávníku;è.p.;758;;;28401;685209.94;1065817.00;2013-12-02T00:00:00
11432969;533955;Kutná Hora;;;;;77747;Žižkov;245381;Tyršova;è.p.;759;;;28401;685390.20;1065979.69;2013-12-02T00:00:00
11432977;533955;Kutná Hora;;;;;77747;Žižkov;245933;Želivského;è.p.;760;;;28401;685204.27;1065844.45;2013-12-02T00:00:00
11432985;533955;Kutná Hora;;;;;77747;Žižkov;245569;Ústecká;è.p.;761;;;28401;685291.94;1065761.00;2013-12-02T00:00:00
11432993;533955;Kutná Hora;;;;;77747;Žižkov;245933;Želivského;è.p.;762;;;28401;685268.69;1065793.13;2013-12-02T00:00:00
11433001;533955;Kutná Hora;;;;;77747;Žižkov;245933;Želivského;è.p.;763;;;28401;685306.31;1065691.88;2013-12-02T00:00:00
11433019;533955;Kutná Hora;;;;;77747;Žižkov;245933;Želivského;è.p.;764;;;28401;685324.00;1065670.00;2013-12-02T00:00:00
11433027;533955;Kutná Hora;;;;;77747;Žižkov;245810;Za Kolíòáèkem;è.p.;765;;;28401;685271.81;1065626.88;2013-12-02T00:00:00
11433035;533955;Kutná Hora;;;;;77747;Žižkov;245810;Za Kolíòáèkem;è.p.;766;;;28401;685279.63;1065623.38;2013-12-02T00:00:00
11433043;533955;Kutná Hora;;;;;77747;Žižkov;245810;Za Kolíòáèkem;è.p.;767;;;28401;685287.88;1065618.88;2013-12-02T00:00:00
11433051;533955;Kutná Hora;;;;;77747;Žižkov;245810;Za Kolíòáèkem;è.p.;768;;;28401;685296.31;1065615.00;2013-12-02T00:00:00
11433060;533955;Kutná Hora;;;;;77747;Žižkov;245810;Za Kolíòáèkem;è.p.;769;;;28401;685304.75;1065610.75;2013-12-02T00:00:00
11433078;533955;Kutná Hora;;;;;77747;Žižkov;245810;Za Kolíòáèkem;è.p.;770;;;28401;685314.00;1065605.75;2013-12-02T00:00:00
11433086;533955;Kutná Hora;;;;;77747;Žižkov;244597;Na Štolách;è.p.;771;;;28401;685271.88;1065595.38;2013-12-02T00:00:00
11433094;533955;Kutná Hora;;;;;77747;Žižkov;244597;Na Štolách;è.p.;772;;;28401;685270.88;1065589.88;2013-12-02T00:00:00
11433108;533955;Kutná Hora;;;;;77747;Žižkov;244597;Na Štolách;è.p.;773;;;28401;685267.50;1065583.63;2013-12-02T00:00:00
11433116;533955;Kutná Hora;;;;;77747;Žižkov;244597;Na Štolách;è.p.;774;;;28401;685264.25;1065577.13;2013-12-02T00:00:00
11433124;533955;Kutná Hora;;;;;77747;Žižkov;244597;Na Štolách;è.p.;775;;;28401;685261.69;1065571.25;2013-12-02T00:00:00
11433132;533955;Kutná Hora;;;;;77747;Žižkov;244597;Na Štolách;è.p.;776;;;28401;685257.69;1065565.38;2013-12-02T00:00:00
11433141;533955;Kutná Hora;;;;;77747;Žižkov;244597;Na Štolách;è.p.;777;;;28401;685289.75;1065553.13;2013-12-02T00:00:00
11433159;533955;Kutná Hora;;;;;77747;Žižkov;244597;Na Štolách;è.p.;778;;;28401;685296.88;1065550.50;2013-12-02T00:00:00
11433167;533955;Kutná Hora;;;;;77747;Žižkov;244597;Na Štolách;è.p.;779;;;28401;685304.25;1065545.88;2013-12-02T00:00:00
11433175;533955;Kutná Hora;;;;;77747;Žižkov;244597;Na Štolách;è.p.;780;;;28401;685310.38;1065543.00;2013-12-02T00:00:00
11433183;533955;Kutná Hora;;;;;77747;Žižkov;244597;Na Štolách;è.p.;781;;;28401;685317.19;1065539.88;2013-12-02T00:00:00
11433191;533955;Kutná Hora;;;;;77747;Žižkov;244597;Na Štolách;è.p.;782;;;28401;685323.82;1065536.45;2013-12-02T00:00:00
11433205;533955;Kutná Hora;;;;;77747;Žižkov;244597;Na Štolách;è.p.;783;;;28401;685330.79;1065532.78;2013-12-02T00:00:00
11433213;533955;Kutná Hora;;;;;77747;Žižkov;244074;Ke Kuklíku;è.p.;784;;;28401;685373.69;1065511.38;2013-12-02T00:00:00
11433221;533955;Kutná Hora;;;;;77747;Žižkov;244074;Ke Kuklíku;è.p.;785;;;28401;685365.63;1065507.25;2013-12-02T00:00:00
11433230;533955;Kutná Hora;;;;;77747;Žižkov;244945;Pøibyslavská;è.p.;786;;;28401;685457.81;1065924.13;2013-12-02T00:00:00
11433248;533955;Kutná Hora;;;;;77747;Žižkov;244325;Malešovská;è.p.;787;;;28401;685751.38;1066051.88;2013-12-02T00:00:00
11433256;533955;Kutná Hora;;;;;77747;Žižkov;245259;Štietkova;è.p.;788;;;28401;685153.19;1066031.05;2013-12-02T00:00:00
11433264;533955;Kutná Hora;;;;;77747;Žižkov;244945;Pøibyslavská;è.p.;789;;;28401;685507.06;1065926.50;2013-12-02T00:00:00
11433272;533955;Kutná Hora;;;;;77747;Žižkov;;;è.p.;790;;;28401;685068.50;1067594.50;2013-12-02T00:00:00
11433281;533955;Kutná Hora;;;;;77747;Žižkov;244503;Na Rudì;è.p.;791;;;28401;685116.38;1067584.00;2013-12-02T00:00:00
11433302;533955;Kutná Hora;;;;;77747;Žižkov;243612;Èeská;è.p.;793;;;28401;685092.25;1065464.75;2013-12-02T00:00:00
11433311;533955;Kutná Hora;;;;;77747;Žižkov;243906;Jarošova;è.p.;794;;;28401;685382.75;1066873.25;2013-12-02T00:00:00
11433329;533955;Kutná Hora;;;;;77747;Žižkov;243523;Bendlovky;è.p.;795;;;28401;685429.69;1066239.50;2013-12-02T00:00:00
11433337;533955;Kutná Hora;;;;;77747;Žižkov;245283;Tachovská;è.p.;796;;;28401;685598.75;1065729.38;2013-12-02T00:00:00
11433345;533955;Kutná Hora;;;;;77747;Žižkov;245747;Vojtìšská;è.p.;797;;;28401;685762.31;1066578.00;2013-12-02T00:00:00
11433353;533955;Kutná Hora;;;;;77747;Žižkov;244279;Litomìøická;è.p.;798;;;28401;685449.50;1065638.00;2013-12-02T00:00:00
11433361;533955;Kutná Hora;;;;;77747;Žižkov;244619;Na Vítkovì;è.p.;799;;;28401;685328.68;1065862.51;2022-10-15T00:00:00
11433370;533955;Kutná Hora;;;;;77747;Žižkov;245615;V Mišpulkách;è.p.;800;;;28401;685324.69;1066103.25;2013-12-02T00:00:00
11433388;533955;Kutná Hora;;;;;77747;Žižkov;244945;Pøibyslavská;è.p.;801;;;28401;685534.94;1065924.25;2013-12-02T00:00:00
11433396;533955;Kutná Hora;;;;;77747;Žižkov;244325;Malešovská;è.p.;802;;;28401;685890.75;1066253.00;2013-12-02T00:00:00
11433400;533955;Kutná Hora;;;;;77747;Žižkov;244210;Ku ptáku;è.p.;803;;;28401;685126.38;1065697.38;2013-12-02T00:00:00
11433418;533955;Kutná Hora;;;;;77747;Žižkov;244210;Ku ptáku;è.p.;804;;;28401;685121.56;1065846.50;2013-12-02T00:00:00
11433426;533955;Kutná Hora;;;;;77747;Žižkov;244732;Rùžová;è.p.;805;;;28401;685187.06;1065522.88;2013-12-02T00:00:00
11433434;533955;Kutná Hora;;;;;77747;Žižkov;244732;Rùžová;è.p.;806;;;28401;685194.63;1065518.00;2013-12-02T00:00:00
11433442;533955;Kutná Hora;;;;;77747;Žižkov;244732;Rùžová;è.p.;807;;;28401;685200.88;1065515.13;2013-12-02T00:00:00
11433451;533955;Kutná Hora;;;;;77747;Žižkov;244732;Rùžová;è.p.;808;;;28401;685208.44;1065511.75;2013-12-02T00:00:00
11433469;533955;Kutná Hora;;;;;77747;Žižkov;244732;Rùžová;è.p.;809;;;28401;685215.13;1065508.00;2013-12-02T00:00:00
11433477;533955;Kutná Hora;;;;;77747;Žižkov;244732;Rùžová;è.p.;810;;;28401;685221.00;1065504.63;2013-12-02T00:00:00
11433485;533955;Kutná Hora;;;;;77747;Žižkov;244732;Rùžová;è.p.;811;;;28401;685228.13;1065502.13;2013-12-02T00:00:00
11433493;533955;Kutná Hora;;;;;77747;Žižkov;244732;Rùžová;è.p.;812;;;28401;685234.81;1065498.38;2013-12-02T00:00:00
11433507;533955;Kutná Hora;;;;;77747;Žižkov;244732;Rùžová;è.p.;813;;;28401;685241.50;1065495.00;2013-12-02T00:00:00
11433515;533955;Kutná Hora;;;;;77747;Žižkov;244732;Rùžová;è.p.;814;;;28401;685247.50;1065492.13;2013-12-02T00:00:00
11433523;533955;Kutná Hora;;;;;77747;Žižkov;244732;Rùžová;è.p.;815;;;28401;685263.75;1065485.00;2013-12-02T00:00:00
11433531;533955;Kutná Hora;;;;;77747;Žižkov;244732;Rùžová;è.p.;816;;;28401;685274.49;1065484.59;2022-10-15T00:00:00
11433540;533955;Kutná Hora;;;;;77747;Žižkov;244732;Rùžová;è.p.;817;;;28401;685281.19;1065481.14;2022-10-15T00:00:00
11433558;533955;Kutná Hora;;;;;77747;Žižkov;244732;Rùžová;è.p.;818;;;28401;685285.50;1065473.63;2013-12-02T00:00:00
11433566;533955;Kutná Hora;;;;;77747;Žižkov;244732;Rùžová;è.p.;819;;;28401;685296.02;1065474.26;2022-10-15T00:00:00
11433574;533955;Kutná Hora;;;;;77747;Žižkov;244732;Rùžová;è.p.;820;;;28401;685303.03;1065471.32;2022-10-15T00:00:00
11433582;533955;Kutná Hora;;;;;77747;Žižkov;244732;Rùžová;è.p.;821;;;28401;685306.00;1065464.00;2013-12-02T00:00:00
11433591;533955;Kutná Hora;;;;;77747;Žižkov;244732;Rùžová;è.p.;822;;;28401;685316.37;1065464.87;2022-10-15T00:00:00
11433604;533955;Kutná Hora;;;;;77747;Žižkov;244732;Rùžová;è.p.;823;;;28401;685320.25;1065457.38;2013-12-02T00:00:00
11433612;533955;Kutná Hora;;;;;77747;Žižkov;244732;Rùžová;è.p.;824;;;28401;685329.06;1065454.00;2013-12-02T00:00:00
11433621;533955;Kutná Hora;;;;;77747;Žižkov;244732;Rùžová;è.p.;825;;;28401;685182.31;1065493.38;2013-12-02T00:00:00
11433639;533955;Kutná Hora;;;;;77747;Žižkov;244732;Rùžová;è.p.;826;;;28401;685194.88;1065490.63;2013-12-02T00:00:00
11433647;533955;Kutná Hora;;;;;77747;Žižkov;244732;Rùžová;è.p.;827;;;28401;685202.00;1065483.00;2013-12-02T00:00:00
11433655;533955;Kutná Hora;;;;;77747;Žižkov;244732;Rùžová;è.p.;828;;;28401;685209.19;1065479.88;2013-12-02T00:00:00
11433663;533955;Kutná Hora;;;;;77747;Žižkov;244732;Rùžová;è.p.;829;;;28401;685218.00;1065476.00;2013-12-02T00:00:00
11433671;533955;Kutná Hora;;;;;77747;Žižkov;244732;Rùžová;è.p.;830;;;28401;685224.00;1065472.00;2013-12-02T00:00:00
11433680;533955;Kutná Hora;;;;;77747;Žižkov;244732;Rùžová;è.p.;831;;;28401;685232.00;1065469.00;2013-12-02T00:00:00
11433698;533955;Kutná Hora;;;;;77747;Žižkov;244732;Rùžová;è.p.;832;;;28401;685242.34;1065462.79;2022-10-15T00:00:00
11433701;533955;Kutná Hora;;;;;77747;Žižkov;244732;Rùžová;è.p.;833;;;28401;685248.00;1065461.00;2013-12-02T00:00:00
11433710;533955;Kutná Hora;;;;;77747;Žižkov;244732;Rùžová;è.p.;834;;;28401;685258.01;1065455.04;2022-10-15T00:00:00
11433728;533955;Kutná Hora;;;;;77747;Žižkov;244732;Rùžová;è.p.;835;;;28401;685266.44;1065451.63;2022-10-15T00:00:00
11433736;533955;Kutná Hora;;;;;77747;Žižkov;244732;Rùžová;è.p.;836;;;28401;685270.94;1065452.50;2013-12-02T00:00:00
11433744;533955;Kutná Hora;;;;;77747;Žižkov;244732;Rùžová;è.p.;837;;;28401;685279.00;1065448.00;2013-12-02T00:00:00
11433752;533955;Kutná Hora;;;;;77747;Žižkov;244732;Rùžová;è.p.;838;;;28401;685286.00;1065444.00;2013-12-02T00:00:00
11433761;533955;Kutná Hora;;;;;77747;Žižkov;244732;Rùžová;è.p.;839;;;28401;685294.00;1065441.00;2013-12-02T00:00:00
11433779;533955;Kutná Hora;;;;;77747;Žižkov;244732;Rùžová;è.p.;840;;;28401;685301.56;1065438.13;2013-12-02T00:00:00
11433787;533955;Kutná Hora;;;;;77747;Žižkov;244732;Rùžová;è.p.;841;;;28401;685335.00;1065421.00;2013-12-02T00:00:00
11433795;533955;Kutná Hora;;;;;77747;Žižkov;244732;Rùžová;è.p.;842;;;28401;685342.00;1065417.00;2013-12-02T00:00:00
11433809;533955;Kutná Hora;;;;;77747;Žižkov;244732;Rùžová;è.p.;843;;;28401;685349.00;1065414.00;2013-12-02T00:00:00
11433817;533955;Kutná Hora;;;;;77747;Žižkov;244732;Rùžová;è.p.;844;;;28401;685357.56;1065411.63;2013-12-02T00:00:00
11433825;533955;Kutná Hora;;;;;77747;Žižkov;244732;Rùžová;è.p.;845;;;28401;685366.00;1065408.00;2013-12-02T00:00:00
11433833;533955;Kutná Hora;;;;;77747;Žižkov;244732;Rùžová;è.p.;846;;;28401;685373.00;1065403.00;2013-12-02T00:00:00
11433841;533955;Kutná Hora;;;;;77747;Žižkov;244732;Rùžová;è.p.;847;;;28401;685382.19;1065398.25;2013-12-02T00:00:00
11433850;533955;Kutná Hora;;;;;77747;Žižkov;243990;Liliová;è.p.;848;;;28401;685187.44;1065440.50;2013-12-02T00:00:00
11433868;533955;Kutná Hora;;;;;77747;Žižkov;243990;Liliová;è.p.;849;;;28401;685193.75;1065437.25;2013-12-02T00:00:00
11433876;533955;Kutná Hora;;;;;77747;Žižkov;243990;Liliová;è.p.;850;;;28401;685202.25;1065434.00;2013-12-02T00:00:00
11433884;533955;Kutná Hora;;;;;77747;Žižkov;243990;Liliová;è.p.;851;;;28401;685209.25;1065429.25;2013-12-02T00:00:00
11433892;533955;Kutná Hora;;;;;77747;Žižkov;243990;Liliová;è.p.;852;;;28401;685216.81;1065425.50;2013-12-02T00:00:00
11433906;533955;Kutná Hora;;;;;77747;Žižkov;243990;Liliová;è.p.;853;;;28401;685224.75;1065423.00;2013-12-02T00:00:00
11433914;533955;Kutná Hora;;;;;77747;Žižkov;243990;Liliová;è.p.;854;;;28401;685232.31;1065419.25;2013-12-02T00:00:00
11433922;533955;Kutná Hora;;;;;77747;Žižkov;243990;Liliová;è.p.;855;;;28401;685239.00;1065414.63;2013-12-02T00:00:00
11433931;533955;Kutná Hora;;;;;77747;Žižkov;243990;Liliová;è.p.;856;;;28401;685247.00;1065411.63;2013-12-02T00:00:00
11433949;533955;Kutná Hora;;;;;77747;Žižkov;243990;Liliová;è.p.;857;;;28401;685254.50;1065407.88;2013-12-02T00:00:00
11433957;533955;Kutná Hora;;;;;77747;Žižkov;243990;Liliová;è.p.;858;;;28401;685261.63;1065404.50;2013-12-02T00:00:00
11433965;533955;Kutná Hora;;;;;77747;Žižkov;243990;Liliová;è.p.;859;;;28401;685269.25;1065400.38;2013-12-02T00:00:00
11433973;533955;Kutná Hora;;;;;77747;Žižkov;243990;Liliová;è.p.;860;;;28401;685306.69;1065388.50;2013-12-02T00:00:00
11433981;533955;Kutná Hora;;;;;77747;Žižkov;243990;Liliová;è.p.;861;;;28401;685314.06;1065380.13;2013-12-02T00:00:00
11433990;533955;Kutná Hora;;;;;77747;Žižkov;243990;Liliová;è.p.;862;;;28401;685321.94;1065376.13;2013-12-02T00:00:00
11434007;533955;Kutná Hora;;;;;77747;Žižkov;243990;Liliová;è.p.;863;;;28401;685331.25;1065373.63;2013-12-02T00:00:00
11434015;533955;Kutná Hora;;;;;77747;Žižkov;243990;Liliová;è.p.;864;;;28401;685337.31;1065371.38;2013-12-02T00:00:00
11434023;533955;Kutná Hora;;;;;77747;Žižkov;243990;Liliová;è.p.;865;;;28401;685347.06;1065367.63;2013-12-02T00:00:00
11434031;533955;Kutná Hora;;;;;77747;Žižkov;243990;Liliová;è.p.;866;;;28401;685354.44;1065361.13;2013-12-02T00:00:00
11434040;533955;Kutná Hora;;;;;77747;Žižkov;243990;Liliová;è.p.;867;;;28401;685363.38;1065356.75;2013-12-02T00:00:00
11434058;533955;Kutná Hora;;;;;77747;Žižkov;243990;Liliová;è.p.;868;;;28401;685181.00;1065413.13;2013-12-02T00:00:00
11434066;533955;Kutná Hora;;;;;77747;Žižkov;243990;Liliová;è.p.;869;;;28401;685190.50;1065408.63;2013-12-02T00:00:00
11434074;533955;Kutná Hora;;;;;77747;Žižkov;243990;Liliová;è.p.;870;;;28401;685196.19;1065405.13;2013-12-02T00:00:00
11434082;533955;Kutná Hora;;;;;77747;Žižkov;243990;Liliová;è.p.;871;;;28401;685205.69;1065403.50;2013-12-02T00:00:00
11434091;533955;Kutná Hora;;;;;77747;Žižkov;243990;Liliová;è.p.;872;;;28401;685212.19;1065398.25;2013-12-02T00:00:00
11434104;533955;Kutná Hora;;;;;77747;Žižkov;243990;Liliová;è.p.;873;;;28401;685220.63;1065394.00;2013-12-02T00:00:00
11434112;533955;Kutná Hora;;;;;77747;Žižkov;243990;Liliová;è.p.;874;;;28401;685227.75;1065392.00;2013-12-02T00:00:00
11434121;533955;Kutná Hora;;;;;77747;Žižkov;243990;Liliová;è.p.;875;;;28401;685235.06;1065388.63;2013-12-02T00:00:00
11434139;533955;Kutná Hora;;;;;77747;Žižkov;243990;Liliová;è.p.;876;;;28401;685241.69;1065382.50;2013-12-02T00:00:00
11434147;533955;Kutná Hora;;;;;77747;Žižkov;243990;Liliová;è.p.;877;;;28401;685249.13;1065377.38;2013-12-02T00:00:00
11434155;533955;Kutná Hora;;;;;77747;Žižkov;243990;Liliová;è.p.;878;;;28401;685281.63;1065366.25;2013-12-02T00:00:00
11434163;533955;Kutná Hora;;;;;77747;Žižkov;243990;Liliová;è.p.;879;;;28401;685293.44;1065361.00;2013-12-02T00:00:00
11434171;533955;Kutná Hora;;;;;77747;Žižkov;243990;Liliová;è.p.;880;;;28401;685299.56;1065354.07;2013-12-02T00:00:00
11434180;533955;Kutná Hora;;;;;77747;Žižkov;243990;Liliová;è.p.;881;;;28401;685307.25;1065353.00;2013-12-02T00:00:00
11434198;533955;Kutná Hora;;;;;77747;Žižkov;243990;Liliová;è.p.;882;;;28401;685314.56;1065347.63;2013-12-02T00:00:00
11434201;533955;Kutná Hora;;;;;77747;Žižkov;243990;Liliová;è.p.;883;;;28401;685322.50;1065344.88;2013-12-02T00:00:00
11434210;533955;Kutná Hora;;;;;77747;Žižkov;243990;Liliová;è.p.;884;;;28401;685330.31;1065342.13;2013-12-02T00:00:00
11434228;533955;Kutná Hora;;;;;77747;Žižkov;243990;Liliová;è.p.;885;;;28401;685337.16;1065334.46;2022-10-15T00:00:00
11434236;533955;Kutná Hora;;;;;77747;Žižkov;243990;Liliová;è.p.;886;;;28401;685344.94;1065332.63;2013-12-02T00:00:00
11434244;533955;Kutná Hora;;;;;77747;Žižkov;244481;Na Podskalí;è.p.;887;;;28401;685227.19;1067067.00;2013-12-02T00:00:00
11434252;533955;Kutná Hora;;;;;77747;Žižkov;244597;Na Štolách;è.p.;889;;;28401;685241.19;1065534.38;2013-12-02T00:00:00
11434261;533955;Kutná Hora;;;;;77747;Žižkov;244597;Na Štolách;è.p.;890;;;28401;685261.00;1065525.00;2013-12-02T00:00:00
11434279;533955;Kutná Hora;;;;;77747;Žižkov;244236;Kvapilova;è.p.;891;;;28401;685327.64;1066575.60;2022-10-15T00:00:00
11434287;533955;Kutná Hora;;;;;77747;Žižkov;244597;Na Štolách;è.p.;892;;;28401;685299.25;1065508.63;2013-12-02T00:00:00
11434295;533955;Kutná Hora;;;;;77747;Žižkov;244597;Na Štolách;è.p.;894;;;28401;685336.13;1065490.00;2013-12-02T00:00:00
11434309;533955;Kutná Hora;;;;;77747;Žižkov;245933;Želivského;è.p.;895;;;28401;685247.77;1065766.11;2022-10-15T00:00:00
11434317;533955;Kutná Hora;;;;;77747;Žižkov;245313;Táborská;è.p.;896;;;28401;685256.16;1067159.90;2022-10-15T00:00:00
11434325;533955;Kutná Hora;;;;;77747;Žižkov;245810;Za Kolíòáèkem;è.p.;897;;;28401;685334.83;1065598.32;2013-12-02T00:00:00
11434333;533955;Kutná Hora;;;;;77747;Žižkov;245810;Za Kolíòáèkem;è.p.;898;;;28401;685350.38;1065588.75;2013-12-02T00:00:00
11434350;533955;Kutná Hora;;;;;77747;Žižkov;244562;Na Svahu;è.p.;900;;;28401;685803.79;1066529.06;2022-10-15T00:00:00
11434368;533955;Kutná Hora;;;;;77747;Žižkov;245461;U Lesa;è.p.;901;;;28401;685827.94;1066536.13;2013-12-02T00:00:00
11434376;533955;Kutná Hora;;;;;77747;Žižkov;245461;U Lesa;è.p.;902;;;28401;685826.19;1066518.00;2013-12-02T00:00:00
11434384;533955;Kutná Hora;;;;;77747;Žižkov;243612;Èeská;è.p.;905;;;28401;685111.94;1065141.50;2013-12-02T00:00:00
11434392;533955;Kutná Hora;;;;;77747;Žižkov;244198;Kremnická;è.p.;906;;;28401;685195.00;1066731.00;2013-12-02T00:00:00
11434406;533955;Kutná Hora;;;;;77747;Žižkov;244198;Kremnická;è.p.;907;;;28401;685191.94;1066769.50;2013-12-02T00:00:00
11434422;533955;Kutná Hora;;;;;77747;Žižkov;244198;Kremnická;è.p.;909;;;28401;685109.75;1066524.82;2013-12-02T00:00:00
11434431;533955;Kutná Hora;;;;;77747;Žižkov;243965;Jiskrova;è.p.;910;;;28401;685486.06;1065843.97;2022-10-15T00:00:00
11434457;533955;Kutná Hora;;;;;77747;Žižkov;243906;Jarošova;è.p.;912;;;28401;685321.00;1066732.00;2013-12-02T00:00:00
11434465;533955;Kutná Hora;;;;;77747;Žižkov;245593;V Hutích;è.p.;913;;;28401;685844.75;1068087.50;2013-12-02T00:00:00
11434473;533955;Kutná Hora;;;;;77747;Žižkov;245143;Sochorova;è.p.;914;;;28401;685565.13;1066402.50;2013-12-02T00:00:00
11434481;533955;Kutná Hora;;;;;77747;Žižkov;244732;Rùžová;è.p.;917;;;28401;685362.06;1065445.38;2013-12-02T00:00:00
11434490;533955;Kutná Hora;;;;;77747;Žižkov;244732;Rùžová;è.p.;918;;;28401;685396.75;1065431.50;2013-12-02T00:00:00
11434503;533955;Kutná Hora;;;;;77747;Žižkov;244902;Polní;è.p.;919;;;28401;685255.00;1067356.38;2013-12-02T00:00:00
11434511;533955;Kutná Hora;;;;;77747;Žižkov;245879;Zelená hora;è.p.;920;;;28401;685307.94;1066941.75;2013-12-02T00:00:00
11434520;533955;Kutná Hora;;;;;77747;Žižkov;245399;U Havírny;è.p.;921;;;28401;685429.06;1065477.63;2013-12-02T00:00:00
11434538;533955;Kutná Hora;;;;;77747;Žižkov;245399;U Havírny;è.p.;922;;;28401;685391.06;1065472.25;2013-12-02T00:00:00
11434546;533955;Kutná Hora;;;;;77747;Žižkov;244619;Na Vítkovì;è.p.;923;;;28401;685322.00;1065882.00;2013-12-02T00:00:00
11434554;533955;Kutná Hora;;;;;77747;Žižkov;243710;Do Polí;è.p.;925;;;28401;685414.37;1065378.01;2013-12-02T00:00:00
11434562;533955;Kutná Hora;;;;;77747;Žižkov;245674;Vajdova;è.p.;926;;;28401;685299.81;1066818.75;2013-12-02T00:00:00
11434571;533955;Kutná Hora;;;;;77747;Žižkov;245674;Vajdova;è.p.;929;;;28401;685332.69;1066860.75;2013-12-02T00:00:00
11434589;533955;Kutná Hora;;;;;77747;Žižkov;243914;Jaselská;è.p.;932;;;28401;685495.00;1066827.00;2013-12-02T00:00:00
11434597;533955;Kutná Hora;;;;;77747;Žižkov;244228;Kudrnova;è.p.;934;;;28401;685289.13;1066661.38;2013-12-02T00:00:00
11434619;533955;Kutná Hora;;;;;77801;Karlov;670227;Èáslavská;è.p.;2;;;28401;684064.88;1066467.38;2013-12-02T00:00:00
11434643;533955;Kutná Hora;;;;;77801;Karlov;244384;Na Brunclíku;è.p.;6;22;;28401;682582.79;1066112.28;2013-12-02T00:00:00
11434651;533955;Kutná Hora;;;;;77801;Karlov;244384;Na Brunclíku;è.p.;7;20;;28401;682608.19;1066132.63;2013-12-02T00:00:00
11434678;533955;Kutná Hora;;;;;77801;Karlov;243981;K Bìlidlu;è.p.;9;23;;28401;683872.19;1066323.38;2013-12-02T00:00:00
11434686;533955;Kutná Hora;;;;;77801;Karlov;243981;K Bìlidlu;è.p.;10;21;;28401;683869.44;1066355.25;2013-12-02T00:00:00
11434694;533955;Kutná Hora;;;;;77801;Karlov;243981;K Bìlidlu;è.p.;11;25;;28401;683807.06;1066353.25;2013-12-02T00:00:00
11434708;533955;Kutná Hora;;;;;77801;Karlov;243981;K Bìlidlu;è.p.;12;33;;28401;683717.38;1066345.13;2013-12-02T00:00:00
11434716;533955;Kutná Hora;;;;;77801;Karlov;243981;K Bìlidlu;è.p.;13;35;;28401;683639.00;1066297.50;2013-12-02T00:00:00
11434724;533955;Kutná Hora;;;;;77801;Karlov;670227;Èáslavská;è.p.;14;;;28401;683929.00;1066414.13;2013-12-02T00:00:00
11434732;533955;Kutná Hora;;;;;77801;Karlov;244121;Na Bìlidle;è.p.;15;1;;28401;682955.19;1066137.75;2019-05-14T00:00:00
11434741;533955;Kutná Hora;;;;;77801;Karlov;244538;Na Spravedlnosti;è.p.;16;3;;28401;683680.56;1066445.13;2013-12-02T00:00:00
11434775;533955;Kutná Hora;;;;;77801;Karlov;245453;U Lazara;è.p.;20;;;28401;683753.88;1066628.50;2013-12-02T00:00:00
11434783;533955;Kutná Hora;;;;;77801;Karlov;243981;K Bìlidlu;è.p.;21;28;;28401;683388.06;1066370.00;2013-12-02T00:00:00
11434791;533955;Kutná Hora;;;;;77801;Karlov;245453;U Lazara;è.p.;22;2;;28401;683895.75;1066556.25;2013-12-02T00:00:00
11434805;533955;Kutná Hora;;;;;77801;Karlov;245453;U Lazara;è.p.;23;13;;28401;683801.81;1066549.88;2013-12-02T00:00:00
11434813;533955;Kutná Hora;;;;;77801;Karlov;245607;V Lipkách;è.p.;24;6;;28401;683784.88;1066522.38;2013-12-02T00:00:00
11434821;533955;Kutná Hora;;;;;77801;Karlov;244384;Na Brunclíku;è.p.;27;24;;28401;682578.56;1066101.88;2013-12-02T00:00:00
11434830;533955;Kutná Hora;;;;;77801;Karlov;244007;K Jakubu;è.p.;29;10;;28401;683239.50;1066453.13;2013-12-02T00:00:00
11434848;533955;Kutná Hora;;;;;77801;Karlov;244007;K Jakubu;è.p.;30;37;;28401;682663.29;1066390.22;2022-10-15T00:00:00
11434856;533955;Kutná Hora;;;;;77801;Karlov;244007;K Jakubu;è.p.;31;39;;28401;682635.06;1066377.75;2013-12-02T00:00:00
11434872;533955;Kutná Hora;;;;;77801;Karlov;244007;K Jakubu;è.p.;33;22;;28401;682707.03;1066458.90;2013-12-02T00:00:00
11434899;533955;Kutná Hora;;;;;77801;Karlov;670227;Èáslavská;è.p.;36;;;28401;683674.19;1066420.00;2013-12-02T00:00:00
11434929;533955;Kutná Hora;;;;;77801;Karlov;244007;K Jakubu;è.p.;39;1;;28401;683150.69;1066363.50;2013-12-02T00:00:00
11434937;533955;Kutná Hora;;;;;77801;Karlov;243981;K Bìlidlu;è.p.;40;27;;28401;683797.25;1066355.00;2013-12-02T00:00:00
11434961;533955;Kutná Hora;;;;;77801;Karlov;244911;Potoèní;è.p.;44;6;;28401;683832.06;1066118.38;2013-12-02T00:00:00
11434988;533955;Kutná Hora;;;;;77801;Karlov;245453;U Lazara;è.p.;48;9;;28401;683861.25;1066533.63;2013-12-02T00:00:00
11434996;533955;Kutná Hora;;;;;77801;Karlov;245453;U Lazara;è.p.;49;7;;28401;683872.56;1066522.13;2013-12-02T00:00:00
11435003;533955;Kutná Hora;;;;;77801;Karlov;245453;U Lazara;è.p.;50;11;;28401;683836.50;1066561.75;2013-12-02T00:00:00
11435011;533955;Kutná Hora;;;;;77801;Karlov;244007;K Jakubu;è.p.;51;14;;28401;683000.81;1066451.38;2019-05-14T00:00:00
11435020;533955;Kutná Hora;;;;;77801;Karlov;243981;K Bìlidlu;è.p.;52;31;;28401;683753.25;1066350.25;2013-12-02T00:00:00
11435038;533955;Kutná Hora;;;;;77801;Karlov;;;è.p.;53;;;28401;683469.13;1066389.50;2013-12-02T00:00:00
11435046;533955;Kutná Hora;;;;;77801;Karlov;243981;K Bìlidlu;è.p.;54;8;;28401;683545.50;1066364.25;2013-12-02T00:00:00
11435054;533955;Kutná Hora;;;;;77801;Karlov;243981;K Bìlidlu;è.p.;55;6;;28401;683564.44;1066362.75;2013-12-02T00:00:00
11435062;533955;Kutná Hora;;;;;77801;Karlov;243981;K Bìlidlu;è.p.;56;4;;28401;683574.19;1066362.75;2013-12-02T00:00:00
11435071;533955;Kutná Hora;;;;;77801;Karlov;245453;U Lazara;è.p.;57;15;;28401;683813.19;1066573.50;2013-12-02T00:00:00
11435089;533955;Kutná Hora;;;;;77801;Karlov;243981;K Bìlidlu;è.p.;58;10;;28401;683536.00;1066364.50;2013-12-02T00:00:00
11435097;533955;Kutná Hora;;;;;77801;Karlov;244007;K Jakubu;è.p.;59;16;;28401;682989.19;1066453.13;2019-05-14T00:00:00
11435101;533955;Kutná Hora;;;;;77801;Karlov;244384;Na Brunclíku;è.p.;60;16;;28401;682622.81;1066147.63;2013-12-02T00:00:00
11435119;533955;Kutná Hora;;;;;77801;Karlov;244007;K Jakubu;è.p.;61;18;;28401;682975.50;1066457.25;2013-12-02T00:00:00
11435127;533955;Kutná Hora;;;;;77801;Karlov;244007;K Jakubu;è.p.;62;20;;28401;682960.19;1066461.13;2013-12-02T00:00:00
11435135;533955;Kutná Hora;;;;;77801;Karlov;244007;K Jakubu;è.p.;63;17;;28401;682982.06;1066436.13;2013-12-02T00:00:00
11435143;533955;Kutná Hora;;;;;77801;Karlov;244007;K Jakubu;è.p.;64;19;;28401;682963.88;1066441.88;2013-12-02T00:00:00
11435151;533955;Kutná Hora;;;;;77801;Karlov;244546;Na Støíbrníku;è.p.;65;7;;28401;682950.06;1066522.38;2013-12-02T00:00:00
11435160;533955;Kutná Hora;;;;;77801;Karlov;244546;Na Støíbrníku;è.p.;66;9;;28401;682944.21;1066528.57;2013-12-02T00:00:00
11435178;533955;Kutná Hora;;;;;77801;Karlov;243868;Hrnèíøská;è.p.;67;5;;28401;683464.63;1066459.38;2013-12-02T00:00:00
11435186;533955;Kutná Hora;;;;;77801;Karlov;243981;K Bìlidlu;è.p.;68;14;;28401;683504.06;1066365.75;2013-12-02T00:00:00
11435194;533955;Kutná Hora;;;;;77801;Karlov;243981;K Bìlidlu;è.p.;69;12;;28401;683512.31;1066366.00;2013-12-02T00:00:00
11435208;533955;Kutná Hora;;;;;77801;Karlov;244007;K Jakubu;è.p.;70;23;;28401;682929.06;1066449.38;2013-12-02T00:00:00
11435216;533955;Kutná Hora;;;;;77801;Karlov;244007;K Jakubu;è.p.;71;25;;28401;682920.63;1066450.50;2013-12-02T00:00:00
11435224;533955;Kutná Hora;;;;;77801;Karlov;244384;Na Brunclíku;è.p.;72;26;;28401;682555.63;1066082.50;2013-12-02T00:00:00
11435232;533955;Kutná Hora;;;;;77801;Karlov;244384;Na Brunclíku;è.p.;73;28;;28401;682548.81;1066074.38;2013-12-02T00:00:00
11435241;533955;Kutná Hora;;;;;77801;Karlov;244384;Na Brunclíku;è.p.;74;10;;28401;682651.88;1066179.00;2013-12-02T00:00:00
11435259;533955;Kutná Hora;;;;;77801;Karlov;244384;Na Brunclíku;è.p.;75;12;;28401;682647.88;1066172.75;2013-12-02T00:00:00
11435267;533955;Kutná Hora;;;;;77801;Karlov;243981;K Bìlidlu;è.p.;76;16;;28401;683491.13;1066366.50;2013-12-02T00:00:00
11435275;533955;Kutná Hora;;;;;77801;Karlov;243868;Hrnèíøská;è.p.;77;7;;28401;683455.44;1066452.50;2013-12-02T00:00:00
11435283;533955;Kutná Hora;;;;;77801;Karlov;244384;Na Brunclíku;è.p.;78;14;;28401;682628.88;1066152.38;2013-12-02T00:00:00
11435291;533955;Kutná Hora;;;;;77801;Karlov;244911;Potoèní;è.p.;79;8;;28401;683763.50;1066037.88;2013-12-02T00:00:00
11435305;533955;Kutná Hora;;;;;77801;Karlov;244911;Potoèní;è.p.;80;10;;28401;683743.25;1066015.75;2013-12-02T00:00:00
11435313;533955;Kutná Hora;;;;;77801;Karlov;243981;K Bìlidlu;è.p.;81;18;;28401;683482.13;1066366.75;2013-12-02T00:00:00
11435321;533955;Kutná Hora;;;;;77801;Karlov;244384;Na Brunclíku;è.p.;82;18;;28401;682612.69;1066136.88;2013-12-02T00:00:00
11435330;533955;Kutná Hora;;;;;77801;Karlov;243981;K Bìlidlu;è.p.;83;22;;28401;683446.94;1066367.25;2013-12-02T00:00:00
11435348;533955;Kutná Hora;;;;;77801;Karlov;243868;Hrnèíøská;è.p.;84;11;;28401;683421.88;1066424.50;2013-12-02T00:00:00
11435356;533955;Kutná Hora;;;;;77801;Karlov;243868;Hrnèíøská;è.p.;85;13;;28401;683416.56;1066419.13;2013-12-02T00:00:00
11435364;533955;Kutná Hora;;;;;77801;Karlov;243981;K Bìlidlu;è.p.;86;20;;28401;683446.81;1066389.25;2013-12-02T00:00:00
11435372;533955;Kutná Hora;;;;;77801;Karlov;243981;K Bìlidlu;è.p.;87;26;;28401;683395.50;1066370.38;2013-12-02T00:00:00
11435381;533955;Kutná Hora;;;;;77801;Karlov;244546;Na Støíbrníku;è.p.;88;11;;28401;682882.50;1066575.38;2013-12-02T00:00:00
11435399;533955;Kutná Hora;;;;;77801;Karlov;244546;Na Støíbrníku;è.p.;89;19;;28401;682885.19;1066610.63;2013-12-02T00:00:00
11435402;533955;Kutná Hora;;;;;77801;Karlov;243868;Hrnèíøská;è.p.;90;15;;28401;683394.81;1066404.50;2013-12-02T00:00:00
11435411;533955;Kutná Hora;;;;;77801;Karlov;245453;U Lazara;è.p.;91;19;;28401;683787.69;1066619.88;2013-12-02T00:00:00
11435429;533955;Kutná Hora;;;;;77801;Karlov;670227;Èáslavská;è.p.;92;;;28401;683106.81;1066625.75;2013-12-02T00:00:00
11435437;533955;Kutná Hora;;;;;77801;Karlov;244007;K Jakubu;è.p.;93;29;;28401;682849.31;1066448.88;2013-12-02T00:00:00
11435445;533955;Kutná Hora;;;;;77801;Karlov;244546;Na Støíbrníku;è.p.;94;17;;28401;682846.88;1066538.88;2013-12-02T00:00:00
11435453;533955;Kutná Hora;;;;;77801;Karlov;244546;Na Støíbrníku;è.p.;95;13;;28401;682875.44;1066567.50;2013-12-02T00:00:00
11435461;533955;Kutná Hora;;;;;77801;Karlov;244546;Na Støíbrníku;è.p.;96;15;;28401;682854.31;1066544.88;2013-12-02T00:00:00
11435470;533955;Kutná Hora;;;;;77801;Karlov;244007;K Jakubu;è.p.;97;31;;28401;682840.69;1066447.63;2013-12-02T00:00:00
11435488;533955;Kutná Hora;;;;;77801;Karlov;244007;K Jakubu;è.p.;98;33;;28401;682810.06;1066439.50;2013-12-02T00:00:00
11435496;533955;Kutná Hora;;;;;77801;Karlov;245453;U Lazara;è.p.;99;21;;28401;683786.56;1066628.88;2013-12-02T00:00:00
11435500;533955;Kutná Hora;;;;;77801;Karlov;245607;V Lipkách;è.p.;100;2;;28401;683869.88;1066486.25;2013-12-02T00:00:00
11435518;533955;Kutná Hora;;;;;77801;Karlov;245453;U Lazara;è.p.;101;23;;28401;683775.88;1066643.50;2013-12-02T00:00:00
11435526;533955;Kutná Hora;;;;;77801;Karlov;245607;V Lipkách;è.p.;102;10;;28401;683747.44;1066542.00;2013-12-02T00:00:00
11435534;533955;Kutná Hora;;;;;77801;Karlov;245453;U Lazara;è.p.;103;8;;28401;683755.56;1066545.38;2013-12-02T00:00:00
11435542;533955;Kutná Hora;;;;;77801;Karlov;244538;Na Spravedlnosti;è.p.;104;4;;28401;683726.19;1066558.25;2013-12-02T00:00:00
11435551;533955;Kutná Hora;;;;;77801;Karlov;244538;Na Spravedlnosti;è.p.;105;6;;28401;683725.38;1066567.00;2013-12-02T00:00:00
11435569;533955;Kutná Hora;;;;;77801;Karlov;244007;K Jakubu;è.p.;106;3;;28401;683089.25;1066407.00;2013-12-02T00:00:00
11435577;533955;Kutná Hora;;;;;77801;Karlov;244007;K Jakubu;è.p.;107;35;;28401;682804.00;1066412.50;2013-12-02T00:00:00
11435585;533955;Kutná Hora;;;;;77801;Karlov;244571;Na Škvárách;è.p.;108;1;;28401;682834.06;1066399.50;2013-12-02T00:00:00
11435593;533955;Kutná Hora;;;;;77801;Karlov;243868;Hrnèíøská;è.p.;109;4;;28401;683397.19;1066445.75;2013-12-02T00:00:00
11435607;533955;Kutná Hora;;;;;77801;Karlov;243868;Hrnèíøská;è.p.;110;2;;28401;683403.50;1066448.88;2013-12-02T00:00:00
11435615;533955;Kutná Hora;;;;;77801;Karlov;243868;Hrnèíøská;è.p.;111;6;;28401;683386.44;1066432.75;2013-12-02T00:00:00
11435623;533955;Kutná Hora;;;;;77801;Karlov;243868;Hrnèíøská;è.p.;112;8;;28401;683380.81;1066429.63;2013-12-02T00:00:00
11435631;533955;Kutná Hora;;;;;77801;Karlov;243868;Hrnèíøská;è.p.;113;10;;28401;683367.31;1066416.63;2013-12-02T00:00:00
11435640;533955;Kutná Hora;;;;;77801;Karlov;243868;Hrnèíøská;è.p.;114;12;;28401;683359.75;1066410.38;2013-12-02T00:00:00
11435658;533955;Kutná Hora;;;;;77801;Karlov;244007;K Jakubu;è.p.;115;7;;28401;683057.06;1066416.88;2013-12-02T00:00:00
11435666;533955;Kutná Hora;;;;;77801;Karlov;244571;Na Škvárách;è.p.;116;5;;28401;682871.56;1066401.13;2013-12-02T00:00:00
11435674;533955;Kutná Hora;;;;;77801;Karlov;244571;Na Škvárách;è.p.;117;3;;28401;682861.75;1066400.63;2013-12-02T00:00:00
11435682;533955;Kutná Hora;;;;;77801;Karlov;244007;K Jakubu;è.p.;118;5;;28401;683070.88;1066411.13;2013-12-02T00:00:00
11435691;533955;Kutná Hora;;;;;77801;Karlov;244007;K Jakubu;è.p.;119;8;;28401;683241.56;1066414.13;2013-12-02T00:00:00
11435704;533955;Kutná Hora;;;;;77801;Karlov;245500;U Skály;è.p.;120;1;;28401;683165.31;1066783.25;2013-12-02T00:00:00
11435721;533955;Kutná Hora;;;;;77801;Karlov;243868;Hrnèíøská;è.p.;122;20;;28401;683323.19;1066379.25;2013-12-02T00:00:00
11435739;533955;Kutná Hora;;;;;77801;Karlov;243868;Hrnèíøská;è.p.;123;16;;28401;683342.13;1066394.50;2013-12-02T00:00:00
11435747;533955;Kutná Hora;;;;;77801;Karlov;243868;Hrnèíøská;è.p.;124;14;;28401;683347.63;1066399.00;2013-12-02T00:00:00
11435755;533955;Kutná Hora;;;;;77801;Karlov;245429;U Kamene;è.p.;125;8;;28401;683313.44;1066419.50;2013-12-02T00:00:00
11435771;533955;Kutná Hora;;;;;77801;Karlov;245429;U Kamene;è.p.;127;4;;28401;683297.44;1066405.25;2013-12-02T00:00:00
11435780;533955;Kutná Hora;;;;;77801;Karlov;245429;U Kamene;è.p.;128;2;;28401;683290.38;1066399.25;2013-12-02T00:00:00
11435798;533955;Kutná Hora;;;;;77801;Karlov;244538;Na Spravedlnosti;è.p.;129;11;;28401;683702.56;1066581.38;2013-12-02T00:00:00
11435801;533955;Kutná Hora;;;;;77801;Karlov;244538;Na Spravedlnosti;è.p.;130;9;;28401;683703.19;1066570.38;2013-12-02T00:00:00
11435810;533955;Kutná Hora;;;;;77801;Karlov;245429;U Kamene;è.p.;131;10;;28401;683324.13;1066427.75;2013-12-02T00:00:00
11435828;533955;Kutná Hora;;;;;77801;Karlov;245429;U Kamene;è.p.;132;12;;28401;683332.44;1066434.75;2013-12-02T00:00:00
11435836;533955;Kutná Hora;;;;;77801;Karlov;244538;Na Spravedlnosti;è.p.;134;7;;28401;683703.06;1066547.75;2013-12-02T00:00:00
11435844;533955;Kutná Hora;;;;;77801;Karlov;244007;K Jakubu;è.p.;135;12;;28401;683033.05;1066453.36;2022-10-15T00:00:00
11435852;533955;Kutná Hora;;;;;77801;Karlov;245429;U Kamene;è.p.;136;3;;28401;683260.31;1066403.63;2013-12-02T00:00:00
11435861;533955;Kutná Hora;;;;;77801;Karlov;245429;U Kamene;è.p.;137;7;;28401;683274.94;1066416.25;2013-12-02T00:00:00
11435879;533955;Kutná Hora;;;;;77801;Karlov;245429;U Kamene;è.p.;138;5;;28401;683269.69;1066411.75;2013-12-02T00:00:00
11435887;533955;Kutná Hora;;;;;77801;Karlov;243868;Hrnèíøská;è.p.;139;18;;28401;683331.38;1066385.00;2013-12-02T00:00:00
11435895;533955;Kutná Hora;;;;;77801;Karlov;244546;Na Støíbrníku;è.p.;140;3;;28401;682968.56;1066508.25;2013-12-02T00:00:00
11435909;533955;Kutná Hora;;;;;77801;Karlov;244007;K Jakubu;è.p.;141;9;;28401;683042.44;1066420.38;2013-12-02T00:00:00
11435917;533955;Kutná Hora;;;;;77801;Karlov;244007;K Jakubu;è.p.;142;11;;28401;683032.44;1066423.88;2013-12-02T00:00:00
11435925;533955;Kutná Hora;;;;;77801;Karlov;244538;Na Spravedlnosti;è.p.;143;13;;28401;683703.19;1066598.63;2013-12-02T00:00:00
11435933;533955;Kutná Hora;;;;;77801;Karlov;244384;Na Brunclíku;è.p.;144;8;;28401;682623.06;1066204.75;2013-12-02T00:00:00
11435941;533955;Kutná Hora;;;;;77801;Karlov;244546;Na Støíbrníku;è.p.;146;5;;28401;682960.13;1066514.88;2013-12-02T00:00:00
11435950;533955;Kutná Hora;;;;;77801;Karlov;245429;U Kamene;è.p.;147;9;;28401;683285.44;1066424.00;2013-12-02T00:00:00
11435968;533955;Kutná Hora;;;;;77801;Karlov;244538;Na Spravedlnosti;è.p.;148;17;;28401;683674.75;1066618.75;2013-12-02T00:00:00
11435976;533955;Kutná Hora;;;;;77801;Karlov;245607;V Lipkách;è.p.;149;4;;28401;683831.50;1066507.50;2013-12-02T00:00:00
11436000;533955;Kutná Hora;;;;;77801;Karlov;244007;K Jakubu;è.p.;152;21;;28401;682949.19;1066445.13;2013-12-02T00:00:00
11436018;533955;Kutná Hora;;;;;77801;Karlov;244007;K Jakubu;è.p.;153;6;;28401;683255.44;1066398.50;2013-12-02T00:00:00
11436026;533955;Kutná Hora;;;;;77801;Karlov;245429;U Kamene;è.p.;154;13;;28401;683304.25;1066439.13;2013-12-02T00:00:00
11436042;533955;Kutná Hora;;;;;77801;Karlov;243981;K Bìlidlu;è.p.;156;24;;28401;683408.69;1066367.50;2013-12-02T00:00:00
11436051;533955;Kutná Hora;;;;;77801;Karlov;245429;U Kamene;è.p.;159;11;;28401;683289.88;1066428.00;2013-12-02T00:00:00
11436069;533955;Kutná Hora;;;;;77801;Karlov;245453;U Lazara;è.p.;160;17;;28401;683770.88;1066593.00;2013-12-02T00:00:00
11436077;533955;Kutná Hora;;;;;77801;Karlov;244538;Na Spravedlnosti;è.p.;161;19;;28401;683664.75;1066636.38;2013-12-02T00:00:00
11436085;533955;Kutná Hora;;;;;77801;Karlov;244007;K Jakubu;è.p.;162;15;;28401;682991.13;1066436.00;2013-12-02T00:00:00
11436093;533955;Kutná Hora;;;;;77801;Karlov;245453;U Lazara;è.p.;163;25;;28401;683741.94;1066665.63;2013-12-02T00:00:00
11436107;533955;Kutná Hora;;;;;77801;Karlov;244538;Na Spravedlnosti;è.p.;164;16;;28401;683708.38;1066662.38;2013-12-02T00:00:00
11436115;533955;Kutná Hora;;;;;77801;Karlov;244538;Na Spravedlnosti;è.p.;165;14;;28401;683715.56;1066659.75;2013-12-02T00:00:00
11436123;533955;Kutná Hora;;;;;77801;Karlov;245453;U Lazara;è.p.;166;27;;28401;683728.81;1066671.63;2013-12-02T00:00:00
11436131;533955;Kutná Hora;;;;;77801;Karlov;245453;U Lazara;è.p.;167;4;;28401;683841.69;1066626.75;2013-12-02T00:00:00
11436140;533955;Kutná Hora;;;;;77801;Karlov;244538;Na Spravedlnosti;è.p.;168;15;;28401;683693.06;1066645.38;2013-12-02T00:00:00
11436158;533955;Kutná Hora;;;;;77801;Karlov;244538;Na Spravedlnosti;è.p.;169;21;;28401;683658.63;1066627.63;2013-12-02T00:00:00
11436166;533955;Kutná Hora;;;;;77801;Karlov;244911;Potoèní;è.p.;170;12;;28401;683616.79;1065979.54;2013-12-02T00:00:00
11436174;533955;Kutná Hora;;;;;77801;Karlov;244538;Na Spravedlnosti;è.p.;171;8;;28401;683725.88;1066588.38;2013-12-02T00:00:00
11436182;533955;Kutná Hora;;;;;77801;Karlov;244571;Na Škvárách;è.p.;172;7;;28401;682903.50;1066401.38;2013-12-02T00:00:00
11436191;533955;Kutná Hora;;;;;77801;Karlov;670227;Èáslavská;è.p.;173;49;;28401;683534.94;1066470.50;2013-12-02T00:00:00
11436204;533955;Kutná Hora;;;;;77801;Karlov;244538;Na Spravedlnosti;è.p.;174;12;;28401;683734.74;1066648.06;2022-10-15T00:00:00
11436212;533955;Kutná Hora;;;;;77801;Karlov;245500;U Skály;è.p.;175;2;;28401;683225.75;1066776.63;2013-12-02T00:00:00
11436247;533955;Kutná Hora;;;;;77801;Karlov;244384;Na Brunclíku;è.p.;178;6;;28401;682893.00;1066321.38;2013-12-02T00:00:00
11436263;533955;Kutná Hora;;;;;77801;Karlov;245500;U Skály;è.p.;180;4;;28401;683177.94;1066813.13;2013-12-02T00:00:00
11436271;533955;Kutná Hora;;;;;77801;Karlov;243981;K Bìlidlu;è.p.;181;;;28401;683777.63;1066318.25;2013-12-02T00:00:00
11436280;533955;Kutná Hora;;;;;77801;Karlov;244538;Na Spravedlnosti;è.p.;182;;;28401;683663.38;1066678.88;2013-12-02T00:00:00
11436298;533955;Kutná Hora;;;;;77801;Karlov;245429;U Kamene;è.p.;183;;;28401;683314.25;1066463.38;2013-12-02T00:00:00
11436301;533955;Kutná Hora;;;;;77801;Karlov;244911;Potoèní;è.p.;184;;;28401;683893.45;1066262.06;2022-10-15T00:00:00
11436310;533955;Kutná Hora;;;;;77801;Karlov;670227;Èáslavská;è.p.;185;;;28401;683215.19;1066657.38;2013-12-02T00:00:00
11436328;533955;Kutná Hora;;;;;77801;Karlov;670227;Èáslavská;è.p.;186;;;28401;683042.75;1066591.88;2013-12-02T00:00:00
11436344;533955;Kutná Hora;;;;;77801;Karlov;244911;Potoèní;è.p.;188;;;28401;683460.25;1065806.25;2013-12-02T00:00:00
11436352;533955;Kutná Hora;;;;;77801;Karlov;244911;Potoèní;è.p.;189;;;28401;683464.19;1065846.00;2013-12-02T00:00:00
11436361;533955;Kutná Hora;;;;;77801;Karlov;244911;Potoèní;è.p.;190;;;28401;683928.38;1066319.25;2013-12-02T00:00:00
11436379;533955;Kutná Hora;;;;;77801;Karlov;243868;Hrnèíøská;è.p.;191;;;28401;683283.23;1066261.30;2013-12-02T00:00:00
11436387;533955;Kutná Hora;;;;;77801;Karlov;243868;Hrnèíøská;è.p.;192;;;28401;683276.27;1066255.52;2013-12-02T00:00:00
11436395;533955;Kutná Hora;;;;;77801;Karlov;243868;Hrnèíøská;è.p.;193;;;28401;683242.06;1066221.75;2013-12-02T00:00:00
11436409;533955;Kutná Hora;;;;;77801;Karlov;244805;Pobøežní;è.p.;194;;;28401;684184.00;1066714.00;2013-12-02T00:00:00
11436417;533955;Kutná Hora;;;;;77801;Karlov;243868;Hrnèíøská;è.p.;195;;;28401;683184.63;1065869.50;2013-12-02T00:00:00
11436425;533955;Kutná Hora;;;;;77801;Karlov;670227;Èáslavská;è.p.;198;;;28401;684004.13;1066526.63;2013-12-02T00:00:00
11436433;533955;Kutná Hora;;;;;77801;Karlov;670227;Èáslavská;è.p.;199;;;28401;683957.63;1066540.63;2013-12-02T00:00:00
11436441;533955;Kutná Hora;;;;;77801;Karlov;243868;Hrnèíøská;è.p.;200;;;28401;683325.88;1066299.41;2013-12-02T00:00:00
11436450;533955;Kutná Hora;;;;;77801;Karlov;243868;Hrnèíøská;è.p.;201;;;28401;683194.94;1066063.13;2013-12-02T00:00:00
11436468;533955;Kutná Hora;;;;;77801;Karlov;243981;K Bìlidlu;è.p.;203;;;28401;683648.13;1066376.25;2013-12-02T00:00:00
11436476;533955;Kutná Hora;;;;;77801;Karlov;670227;Èáslavská;è.p.;204;;;28401;683250.00;1066938.88;2013-12-02T00:00:00
11436484;533955;Kutná Hora;;;;;77801;Karlov;244911;Potoèní;è.p.;205;;;28401;683801.62;1066085.11;2019-07-24T00:00:00
11436492;533955;Kutná Hora;;;;;77801;Karlov;245453;U Lazara;è.p.;206;;;28401;683754.88;1066603.38;2019-05-14T00:00:00
11436506;533955;Kutná Hora;;;;;77801;Karlov;244007;K Jakubu;è.p.;209;;;28401;682844.00;1066433.00;2013-12-02T00:00:00
11436514;533955;Kutná Hora;;;;;77801;Karlov;243868;Hrnèíøská;è.p.;213;;;28401;683137.00;1066010.00;2013-12-02T00:00:00
11436522;533955;Kutná Hora;;;;;77801;Karlov;243868;Hrnèíøská;è.p.;214;;;28401;683162.00;1065919.00;2013-12-02T00:00:00
11436531;533955;Kutná Hora;;;;;77801;Karlov;244911;Potoèní;è.p.;215;;;28401;683790.00;1066070.00;2013-12-02T00:00:00
11436549;533955;Kutná Hora;;;;;77852;Polièany;;;è.p.;1;;;28401;685826.94;1068653.13;2013-12-02T00:00:00
11436557;533955;Kutná Hora;;;;;77852;Polièany;;;è.p.;2;;;28401;685840.94;1068605.13;2013-12-02T00:00:00
11436565;533955;Kutná Hora;;;;;77852;Polièany;;;è.p.;3;;;28401;685858.06;1068553.63;2013-12-02T00:00:00
11436573;533955;Kutná Hora;;;;;77852;Polièany;;;è.p.;4;;;28401;685925.88;1068534.75;2013-12-02T00:00:00
11436581;533955;Kutná Hora;;;;;77852;Polièany;;;è.p.;5;;;28401;685889.13;1068564.00;2013-12-02T00:00:00
11436590;533955;Kutná Hora;;;;;77852;Polièany;;;è.p.;6;;;28401;685874.38;1068617.38;2013-12-02T00:00:00
11436603;533955;Kutná Hora;;;;;77852;Polièany;;;è.p.;7;;;28401;685867.19;1068645.38;2013-12-02T00:00:00
11436611;533955;Kutná Hora;;;;;77852;Polièany;;;è.p.;8;;;28401;685905.81;1068523.75;2013-12-02T00:00:00
11436620;533955;Kutná Hora;;;;;77852;Polièany;;;è.p.;9;;;28401;685899.19;1068738.00;2013-12-02T00:00:00
11436638;533955;Kutná Hora;;;;;77852;Polièany;;;è.p.;10;;;28401;685834.81;1068710.63;2013-12-02T00:00:00
11436646;533955;Kutná Hora;;;;;77852;Polièany;;;è.p.;11;;;28401;685952.88;1068456.88;2013-12-02T00:00:00
11436654;533955;Kutná Hora;;;;;77852;Polièany;;;è.p.;12;;;28401;685835.75;1068624.25;2013-12-02T00:00:00
11436671;533955;Kutná Hora;;;;;77852;Polièany;;;è.p.;14;;;28401;685989.02;1068454.70;2022-10-15T00:00:00
11436689;533955;Kutná Hora;;;;;77852;Polièany;;;è.p.;15;;;28401;685772.00;1068655.38;2013-12-02T00:00:00
11436697;533955;Kutná Hora;;;;;77852;Polièany;;;è.p.;17;;;28401;685665.56;1068675.13;2013-12-02T00:00:00
11436701;533955;Kutná Hora;;;;;77852;Polièany;;;è.p.;18;;;28401;685827.25;1068546.75;2013-12-02T00:00:00
11436719;533955;Kutná Hora;;;;;77852;Polièany;;;è.p.;19;;;28401;685963.31;1068440.25;2013-12-02T00:00:00
11436727;533955;Kutná Hora;;;;;77852;Polièany;;;è.p.;20;;;28401;685944.50;1068423.00;2013-12-02T00:00:00
11436735;533955;Kutná Hora;;;;;77852;Polièany;;;è.p.;21;;;28401;685948.19;1068510.25;2013-12-02T00:00:00
11436743;533955;Kutná Hora;;;;;77852;Polièany;;;è.p.;22;;;28401;685955.38;1068515.63;2013-12-02T00:00:00
11436751;533955;Kutná Hora;;;;;77852;Polièany;;;è.p.;24;;;28401;685950.68;1068552.70;2013-12-02T00:00:00
11436760;533955;Kutná Hora;;;;;77852;Polièany;;;è.p.;25;;;28401;685949.50;1068761.88;2013-12-02T00:00:00
11436778;533955;Kutná Hora;;;;;77852;Polièany;;;è.p.;26;;;28401;685973.63;1068534.50;2013-12-02T00:00:00
11436794;533955;Kutná Hora;;;;;77852;Polièany;;;è.p.;29;;;28401;685910.50;1068473.50;2013-12-02T00:00:00
11436808;533955;Kutná Hora;;;;;77852;Polièany;;;è.p.;30;;;28401;685879.44;1068528.25;2013-12-02T00:00:00
11436816;533955;Kutná Hora;;;;;77852;Polièany;;;è.p.;31;;;28401;685966.69;1068499.25;2013-12-02T00:00:00
11436824;533955;Kutná Hora;;;;;77852;Polièany;;;è.p.;32;;;28401;685909.19;1068408.88;2013-12-02T00:00:00
11436832;533955;Kutná Hora;;;;;77852;Polièany;;;è.p.;33;;;28401;685890.31;1068430.38;2013-12-02T00:00:00
11436841;533955;Kutná Hora;;;;;77852;Polièany;;;è.p.;34;;;28401;685950.38;1068480.50;2013-12-02T00:00:00
11436859;533955;Kutná Hora;;;;;77852;Polièany;;;è.p.;35;;;28401;685952.06;1068770.63;2013-12-02T00:00:00
11436867;533955;Kutná Hora;;;;;77852;Polièany;;;è.p.;36;;;28401;685782.38;1068682.13;2013-12-02T00:00:00
11436875;533955;Kutná Hora;;;;;77852;Polièany;;;è.p.;37;;;28401;685951.56;1068430.38;2013-12-02T00:00:00
11436883;533955;Kutná Hora;;;;;77852;Polièany;;;è.p.;38;;;28401;685753.50;1068800.75;2013-12-02T00:00:00
11436891;533955;Kutná Hora;;;;;77852;Polièany;;;è.p.;39;;;28401;685708.25;1068695.25;2013-12-02T00:00:00
11436905;533955;Kutná Hora;;;;;77852;Polièany;;;è.p.;40;;;28401;685722.06;1068727.88;2013-12-02T00:00:00
11436913;533955;Kutná Hora;;;;;77852;Polièany;;;è.p.;41;;;28401;685741.56;1068766.25;2013-12-02T00:00:00
11436921;533955;Kutná Hora;;;;;77852;Polièany;;;è.p.;42;;;28401;685665.25;1068633.13;2013-12-02T00:00:00
11436930;533955;Kutná Hora;;;;;77852;Polièany;;;è.p.;43;;;28401;685788.09;1068712.88;2022-10-15T00:00:00
11436948;533955;Kutná Hora;;;;;77852;Polièany;;;è.p.;44;;;28401;685623.06;1068644.88;2013-12-02T00:00:00
11436956;533955;Kutná Hora;;;;;77852;Polièany;;;è.p.;45;;;28401;685858.38;1068671.75;2013-12-02T00:00:00
11436964;533955;Kutná Hora;;;;;77852;Polièany;;;è.p.;46;;;28401;685618.75;1068680.88;2013-12-02T00:00:00
11436972;533955;Kutná Hora;;;;;77852;Polièany;;;è.p.;47;;;28401;685801.99;1068750.72;2013-12-02T00:00:00
11436981;533955;Kutná Hora;;;;;77852;Polièany;;;è.p.;48;;;28401;685651.13;1068652.88;2013-12-02T00:00:00
11436999;533955;Kutná Hora;;;;;77852;Polièany;;;è.p.;49;;;28401;685785.25;1068912.25;2013-12-02T00:00:00
11437006;533955;Kutná Hora;;;;;77852;Polièany;;;è.p.;50;;;28401;685786.44;1068922.50;2013-12-02T00:00:00
11437022;533955;Kutná Hora;;;;;77852;Polièany;;;è.p.;86;;;28401;685631.12;1068585.59;2014-01-17T00:00:00
11437031;533955;Kutná Hora;;;;;77909;Perštejnec;;;è.p.;1;;;28401;683676.31;1068485.00;2013-12-02T00:00:00
11437049;533955;Kutná Hora;;;;;77909;Perštejnec;;;è.p.;2;;;28401;683702.06;1068484.25;2013-12-02T00:00:00
11437057;533955;Kutná Hora;;;;;77909;Perštejnec;;;è.p.;4;;;28401;683750.25;1068432.00;2013-12-02T00:00:00
11437065;533955;Kutná Hora;;;;;77909;Perštejnec;;;è.p.;5;;;28401;683702.92;1068534.94;2013-12-02T00:00:00
11437073;533955;Kutná Hora;;;;;77909;Perštejnec;;;è.p.;6;;;28401;683572.13;1068646.50;2013-12-02T00:00:00
11437081;533955;Kutná Hora;;;;;77909;Perštejnec;;;è.p.;7;;;28401;683710.80;1068668.84;2013-12-02T00:00:00
11437090;533955;Kutná Hora;;;;;77909;Perštejnec;;;è.p.;8;;;28401;683631.81;1068720.13;2013-12-02T00:00:00
11437103;533955;Kutná Hora;;;;;77909;Perštejnec;;;è.p.;9;;;28401;683660.69;1068533.50;2013-12-02T00:00:00
11437120;533955;Kutná Hora;;;;;77909;Perštejnec;;;è.p.;12;;;28401;683499.19;1068465.13;2013-12-02T00:00:00
11437138;533955;Kutná Hora;;;;;77909;Perštejnec;;;è.p.;13;;;28401;684178.44;1069280.00;2013-12-02T00:00:00
11437146;533955;Kutná Hora;;;;;77909;Perštejnec;;;è.p.;14;;;28401;682738.38;1068104.88;2013-12-02T00:00:00
11437154;533955;Kutná Hora;;;;;77909;Perštejnec;;;è.p.;15;;;28401;683754.31;1068423.25;2013-12-02T00:00:00
11437162;533955;Kutná Hora;;;;;77909;Perštejnec;;;è.p.;16;;;28401;683596.00;1068868.75;2013-12-02T00:00:00
11437171;533955;Kutná Hora;;;;;77909;Perštejnec;;;è.p.;17;;;28401;683636.69;1068776.25;2013-12-02T00:00:00
11437189;533955;Kutná Hora;;;;;77909;Perštejnec;;;è.p.;19;;;28401;683690.88;1068637.00;2013-12-02T00:00:00
11437197;533955;Kutná Hora;;;;;77909;Perštejnec;;;è.p.;20;;;28401;683572.34;1068888.92;2022-10-15T00:00:00
11437201;533955;Kutná Hora;;;;;77909;Perštejnec;;;è.p.;21;;;28401;683526.40;1068877.30;2022-10-15T00:00:00
11437219;533955;Kutná Hora;;;;;77909;Perštejnec;;;è.p.;22;;;28401;683618.69;1068709.25;2013-12-02T00:00:00
11437227;533955;Kutná Hora;;;;;77909;Perštejnec;;;è.p.;23;;;28401;683733.13;1068597.85;2022-10-15T00:00:00
11437235;533955;Kutná Hora;;;;;77909;Perštejnec;;;è.p.;24;;;28401;683646.78;1068604.43;2013-12-02T00:00:00
11437243;533955;Kutná Hora;;;;;77909;Perštejnec;;;è.p.;25;;;28401;683672.59;1068587.84;2013-12-02T00:00:00
11437251;533955;Kutná Hora;;;;;77909;Perštejnec;;;è.p.;26;;;28401;683630.05;1068682.71;2022-10-15T00:00:00
11437260;533955;Kutná Hora;;;;;77909;Perštejnec;;;è.p.;27;;;28401;683640.63;1068801.50;2013-12-02T00:00:00
11437278;533955;Kutná Hora;;;;;77909;Perštejnec;;;è.p.;29;;;28401;683641.63;1068790.00;2013-12-02T00:00:00
11437308;533955;Kutná Hora;;;;;77909;Perštejnec;;;è.p.;32;;;28401;682714.81;1068114.75;2013-12-02T00:00:00
11437316;533955;Kutná Hora;;;;;77909;Perštejnec;;;è.p.;33;;;28401;683670.56;1068506.00;2013-12-02T00:00:00
11437324;533955;Kutná Hora;;;;;77909;Perštejnec;;;è.p.;34;;;28401;683627.00;1068733.55;2013-12-02T00:00:00
11437332;533955;Kutná Hora;;;;;77909;Perštejnec;;;è.p.;35;;;28401;683722.13;1068690.25;2013-12-02T00:00:00
11437341;533955;Kutná Hora;;;;;77909;Perštejnec;;;è.p.;36;;;28401;683699.29;1068652.44;2013-12-02T00:00:00
11437359;533955;Kutná Hora;;;;;77909;Perštejnec;;;è.p.;37;;;28401;683716.00;1068677.00;2013-12-02T00:00:00
11437375;533955;Kutná Hora;;;;;77801;Karlov;;;è.p.;197;;;28401;684035.60;1067487.62;2014-01-10T00:00:00
11437383;533955;Kutná Hora;;;;;77909;Perštejnec;;;è.p.;199;;;28401;684155.56;1067699.75;2013-12-02T00:00:00
11437391;533955;Kutná Hora;;;;;77925;Neškaredice;;;è.p.;1;;;28401;681922.19;1068158.75;2013-12-02T00:00:00
11437405;533955;Kutná Hora;;;;;77925;Neškaredice;;;è.p.;2;;;28401;681955.69;1068073.25;2013-12-02T00:00:00
11437413;533955;Kutná Hora;;;;;77925;Neškaredice;;;è.p.;3;;;28401;681939.50;1068071.00;2013-12-02T00:00:00
11437421;533955;Kutná Hora;;;;;77925;Neškaredice;;;è.p.;5;;;28401;681793.13;1067987.75;2013-12-02T00:00:00
11437430;533955;Kutná Hora;;;;;77925;Neškaredice;;;è.p.;6;;;28401;681839.63;1067983.13;2013-12-02T00:00:00
11437448;533955;Kutná Hora;;;;;77925;Neškaredice;;;è.p.;7;;;28401;681876.69;1067969.25;2013-12-02T00:00:00
11437456;533955;Kutná Hora;;;;;77925;Neškaredice;;;è.p.;8;;;28401;681922.88;1067963.88;2013-12-02T00:00:00
11437464;533955;Kutná Hora;;;;;77925;Neškaredice;;;è.p.;9;;;28401;681924.19;1067911.38;2013-12-02T00:00:00
11437472;533955;Kutná Hora;;;;;77925;Neškaredice;;;è.p.;10;;;28401;681886.13;1067912.25;2013-12-02T00:00:00
11437481;533955;Kutná Hora;;;;;77925;Neškaredice;;;è.p.;11;;;28401;681868.50;1067885.00;2013-12-02T00:00:00
11437502;533955;Kutná Hora;;;;;77925;Neškaredice;;;è.p.;13;;;28401;681841.69;1067939.50;2013-12-02T00:00:00
11437537;533955;Kutná Hora;;;;;77925;Neškaredice;;;è.p.;16;;;28401;681794.88;1067931.75;2013-12-02T00:00:00
11437545;533955;Kutná Hora;;;;;77925;Neškaredice;;;è.p.;17;;;28401;681773.85;1067902.01;2022-10-15T00:00:00
11437553;533955;Kutná Hora;;;;;77925;Neškaredice;;;è.p.;18;;;28401;681759.50;1067921.13;2013-12-02T00:00:00
11437561;533955;Kutná Hora;;;;;77925;Neškaredice;;;è.p.;19;;;28401;681765.88;1067920.50;2013-12-02T00:00:00
11437570;533955;Kutná Hora;;;;;77925;Neškaredice;;;è.p.;20;;;28401;681749.31;1067955.38;2013-12-02T00:00:00
11437588;533955;Kutná Hora;;;;;77925;Neškaredice;;;è.p.;21;;;28401;681717.75;1067929.25;2013-12-02T00:00:00
11437596;533955;Kutná Hora;;;;;77925;Neškaredice;;;è.p.;22;;;28401;681741.75;1068018.38;2013-12-02T00:00:00
11437618;533955;Kutná Hora;;;;;77925;Neškaredice;;;è.p.;24;;;28401;681653.50;1068247.50;2013-12-02T00:00:00
11437626;533955;Kutná Hora;;;;;77925;Neškaredice;;;è.p.;25;;;28401;681661.88;1068251.00;2013-12-02T00:00:00
11437642;533955;Kutná Hora;;;;;77925;Neškaredice;;;è.p.;27;;;28401;681644.81;1068114.38;2013-12-02T00:00:00
11437651;533955;Kutná Hora;;;;;77925;Neškaredice;;;è.p.;28;;;28401;681655.50;1068137.63;2013-12-02T00:00:00
11437693;533955;Kutná Hora;;;;;77925;Neškaredice;;;è.p.;32;;;28401;681857.00;1068113.25;2013-12-02T00:00:00
11437707;533955;Kutná Hora;;;;;77925;Neškaredice;;;è.p.;33;;;28401;681886.63;1068125.63;2013-12-02T00:00:00
11437715;533955;Kutná Hora;;;;;77925;Neškaredice;;;è.p.;34;;;28401;681872.69;1068150.75;2013-12-02T00:00:00
11437740;533955;Kutná Hora;;;;;77925;Neškaredice;;;è.p.;38;;;28401;681641.88;1068161.63;2013-12-02T00:00:00
11437766;533955;Kutná Hora;;;;;77925;Neškaredice;;;è.p.;41;;;28401;681788.44;1067915.13;2013-12-02T00:00:00
11437774;533955;Kutná Hora;;;;;77925;Neškaredice;;;è.p.;44;;;28401;681977.06;1068041.75;2013-12-02T00:00:00
11437782;533955;Kutná Hora;;;;;77925;Neškaredice;;;è.p.;45;;;28401;681970.44;1068057.63;2013-12-02T00:00:00
11437791;533955;Kutná Hora;;;;;77925;Neškaredice;;;è.p.;46;;;28401;681697.75;1068283.29;2014-01-10T00:00:00
11437804;533955;Kutná Hora;;;;;77925;Neškaredice;;;è.p.;47;;;28401;681690.00;1068279.38;2013-12-02T00:00:00
11437812;533955;Kutná Hora;;;;;77925;Neškaredice;;;è.p.;48;;;28401;681883.81;1068111.63;2013-12-02T00:00:00
11437821;533955;Kutná Hora;;;;;77925;Neškaredice;;;è.p.;49;;;28401;681922.50;1068101.63;2013-12-02T00:00:00
11437855;533955;Kutná Hora;;;;;77925;Neškaredice;;;è.p.;52;;;28401;681862.25;1067994.50;2013-12-02T00:00:00
11437863;533955;Kutná Hora;;;;;77925;Neškaredice;;;è.p.;53;;;28401;681631.44;1068187.13;2013-12-02T00:00:00
11437871;533955;Kutná Hora;;;;;77925;Neškaredice;;;è.p.;54;;;28401;681838.86;1067868.06;2013-12-02T00:00:00
11437901;533955;Kutná Hora;;;;;77925;Neškaredice;;;è.p.;57;;;28401;681824.00;1068071.25;2013-12-02T00:00:00
11437910;533955;Kutná Hora;;;;;77925;Neškaredice;;;è.p.;58;;;28401;681887.44;1067727.38;2013-12-02T00:00:00
11437928;533955;Kutná Hora;;;;;77925;Neškaredice;;;è.p.;59;;;28401;681840.38;1067946.13;2013-12-02T00:00:00
11437936;533955;Kutná Hora;;;;;77925;Neškaredice;;;è.p.;60;;;28401;681866.69;1067924.88;2013-12-02T00:00:00
11437952;533955;Kutná Hora;;;;;77925;Neškaredice;;;è.p.;64;;;28401;681839.19;1067765.25;2013-12-02T00:00:00
11437961;533955;Kutná Hora;;;;;77925;Neškaredice;;;è.p.;65;;;28401;681768.63;1067740.38;2013-12-02T00:00:00
11437979;533955;Kutná Hora;;;;;77925;Neškaredice;;;è.p.;66;;;28401;681742.56;1067698.00;2013-12-02T00:00:00
11437987;533955;Kutná Hora;;;;;77925;Neškaredice;;;è.p.;67;;;28401;681760.25;1067606.13;2013-12-02T00:00:00
11437995;533955;Kutná Hora;;;;;77925;Neškaredice;;;è.p.;68;;;28401;681704.25;1068248.00;2013-12-02T00:00:00
11438002;533955;Kutná Hora;;;;;77925;Neškaredice;;;è.p.;69;;;28401;681677.00;1068219.88;2013-12-02T00:00:00
11438011;533955;Kutná Hora;;;;;77925;Neškaredice;;;è.p.;70;;;28401;681690.00;1068190.38;2013-12-02T00:00:00
11438029;533955;Kutná Hora;;;;;77925;Neškaredice;;;è.p.;71;;;28401;681701.63;1068164.25;2013-12-02T00:00:00
11438037;533955;Kutná Hora;;;;;77925;Neškaredice;;;è.p.;72;;;28401;681715.56;1068139.00;2013-12-02T00:00:00
11438045;533955;Kutná Hora;;;;;77925;Neškaredice;;;è.p.;73;;;28401;681729.44;1068105.13;2013-12-02T00:00:00
11438053;533955;Kutná Hora;;;;;77925;Neškaredice;;;è.p.;74;;;28401;681731.19;1068193.00;2013-12-02T00:00:00
11438061;533955;Kutná Hora;;;;;77925;Neškaredice;;;è.p.;75;;;28401;681718.44;1068219.88;2013-12-02T00:00:00
11438070;533955;Kutná Hora;;;;;77925;Neškaredice;;;è.p.;76;;;28401;681714.00;1067638.38;2013-12-02T00:00:00
11438088;533955;Kutná Hora;;;;;77925;Neškaredice;;;è.p.;77;;;28401;681816.81;1067903.25;2013-12-02T00:00:00
11438096;533955;Kutná Hora;;;;;77925;Neškaredice;;;è.p.;79;;;28401;681757.00;1068144.00;2013-12-02T00:00:00
11438100;533955;Kutná Hora;;;;;77925;Neškaredice;;;è.p.;80;;;28401;681772.63;1068110.00;2013-12-02T00:00:00
11438118;533955;Kutná Hora;;;;;77925;Neškaredice;;;è.p.;81;;;28401;681800.06;1067817.00;2013-12-02T00:00:00
11438126;533955;Kutná Hora;;;;;77925;Neškaredice;;;è.p.;82;;;28401;681768.31;1068119.00;2013-12-02T00:00:00
11438134;533955;Kutná Hora;;;;;77925;Neškaredice;;;è.p.;83;;;28401;681752.63;1068150.63;2013-12-02T00:00:00
11438142;533955;Kutná Hora;;;;;77925;Neškaredice;;;è.p.;84;;;28401;681740.44;1068196.75;2013-12-02T00:00:00
11438151;533955;Kutná Hora;;;;;77925;Neškaredice;;;è.p.;85;;;28401;681725.23;1068227.26;2013-12-02T00:00:00
11438169;533955;Kutná Hora;;;;;77925;Neškaredice;;;è.p.;86;;;28401;681711.31;1068252.40;2022-10-15T00:00:00
11438177;533955;Kutná Hora;;;;;77925;Neškaredice;;;è.p.;87;;;28401;681722.19;1068101.63;2013-12-02T00:00:00
11438185;533955;Kutná Hora;;;;;77925;Neškaredice;;;è.p.;88;;;28401;681708.00;1068134.38;2013-12-02T00:00:00
11438193;533955;Kutná Hora;;;;;77925;Neškaredice;;;è.p.;89;;;28401;681694.38;1068161.88;2013-12-02T00:00:00
11438207;533955;Kutná Hora;;;;;77925;Neškaredice;;;è.p.;90;;;28401;681681.00;1068188.00;2013-12-02T00:00:00
11438215;533955;Kutná Hora;;;;;77925;Neškaredice;;;è.p.;91;;;28401;681668.00;1068215.88;2013-12-02T00:00:00
11438223;533955;Kutná Hora;;;;;77925;Neškaredice;;;è.p.;92;;;28401;681746.06;1068082.50;2013-12-02T00:00:00
11438231;533955;Kutná Hora;;;;;77925;Neškaredice;;;è.p.;93;;;28401;681697.97;1067892.76;2022-10-15T00:00:00
11438258;533955;Kutná Hora;;;;;77976;Sedlec;245704;Vítìzná;è.p.;1;;;28403;682846.30;1065216.64;2013-12-02T00:00:00
11438266;533955;Kutná Hora;;;;;77976;Sedlec;244015;K Nádraží;è.p.;2;;;28403;682207.05;1065063.75;2013-12-02T00:00:00
11438274;533955;Kutná Hora;;;;;77976;Sedlec;245445;U Koruny;è.p.;3;;;28403;683254.54;1064912.09;2013-12-02T00:00:00
11438282;533955;Kutná Hora;;;;;77976;Sedlec;243591;Èechova;è.p.;4;;;28403;683269.26;1064960.28;2013-12-02T00:00:00
11438291;533955;Kutná Hora;;;;;77976;Sedlec;245445;U Koruny;è.p.;5;;;28403;683266.75;1064878.79;2013-12-02T00:00:00
11438304;533955;Kutná Hora;;;;;77976;Sedlec;245356;Trocnovská;è.p.;6;;;28403;683248.34;1064852.95;2013-12-02T00:00:00
11438312;533955;Kutná Hora;;;;;77976;Sedlec;245356;Trocnovská;è.p.;7;;;28403;683182.48;1064857.10;2013-12-02T00:00:00
11438321;533955;Kutná Hora;;;;;77976;Sedlec;245356;Trocnovská;è.p.;8;;;28403;683124.41;1064870.16;2013-12-02T00:00:00
11438339;533955;Kutná Hora;;;;;77976;Sedlec;245194;Starosedlecká;è.p.;9;;;28403;683103.19;1064795.69;2013-12-02T00:00:00
11438347;533955;Kutná Hora;;;;;77976;Sedlec;245194;Starosedlecká;è.p.;10;;;28403;683077.19;1064808.42;2013-12-02T00:00:00
11438355;533955;Kutná Hora;;;;;77976;Sedlec;244406;Na Chmelnici;è.p.;11;;;28403;682821.50;1064721.77;2013-12-02T00:00:00
11438363;533955;Kutná Hora;;;;;77976;Sedlec;244406;Na Chmelnici;è.p.;12;;;28403;682763.91;1064678.50;2013-12-02T00:00:00
11438371;533955;Kutná Hora;;;;;77976;Sedlec;244406;Na Chmelnici;è.p.;13;;;28403;683063.40;1064849.92;2013-12-02T00:00:00
11438380;533955;Kutná Hora;;;;;77976;Sedlec;245194;Starosedlecká;è.p.;14;;;28403;683117.28;1064901.93;2013-12-02T00:00:00
11438398;533955;Kutná Hora;;;;;77976;Sedlec;245861;Zámecká;è.p.;15;;;28403;683032.18;1065033.05;2013-12-02T00:00:00
11438401;533955;Kutná Hora;;;;;77976;Sedlec;245861;Zámecká;è.p.;16;;;28403;683095.63;1065114.80;2013-12-02T00:00:00
11438410;533955;Kutná Hora;;;;;77976;Sedlec;243574;Cihláøská;è.p.;17;;;28403;682514.47;1064620.29;2015-09-16T00:00:00
11438428;533955;Kutná Hora;;;;;77976;Sedlec;245194;Starosedlecká;è.p.;18;;;28403;683104.84;1064779.05;2013-12-02T00:00:00
11438436;533955;Kutná Hora;;;;;77976;Sedlec;244406;Na Chmelnici;è.p.;19;;;28403;683029.58;1064837.90;2013-12-02T00:00:00
11438444;533955;Kutná Hora;;;;;77976;Sedlec;245861;Zámecká;è.p.;20;;;28403;682990.10;1065158.19;2013-12-02T00:00:00
11438452;533955;Kutná Hora;;;;;77976;Sedlec;245534;U Zastávky;è.p.;21;;;28403;682975.74;1065332.26;2013-12-02T00:00:00
11438479;533955;Kutná Hora;;;;;77976;Sedlec;245194;Starosedlecká;è.p.;23;;;28403;683097.12;1064951.04;2013-12-02T00:00:00
11438495;533955;Kutná Hora;;;;;77976;Sedlec;245194;Starosedlecká;è.p.;25;;;28403;683085.20;1064777.86;2013-12-02T00:00:00
11438509;533955;Kutná Hora;;;;;77976;Sedlec;245445;U Koruny;è.p.;26;;;28403;683298.21;1064889.27;2013-12-02T00:00:00
11438517;533955;Kutná Hora;;;;;77976;Sedlec;245861;Zámecká;è.p.;27;;;28403;682999.70;1065114.40;2013-12-02T00:00:00
11438525;533955;Kutná Hora;;;;;77976;Sedlec;245194;Starosedlecká;è.p.;28;;;28403;683095.77;1064754.69;2013-12-02T00:00:00
11438541;533955;Kutná Hora;;;;;77976;Sedlec;245445;U Koruny;è.p.;30;;;28403;683291.07;1064817.89;2013-12-02T00:00:00
11438550;533955;Kutná Hora;;;;;77976;Sedlec;245704;Vítìzná;è.p.;31;;;28403;682969.33;1065161.31;2013-12-02T00:00:00
11438576;533955;Kutná Hora;;;;;77976;Sedlec;245194;Starosedlecká;è.p.;33;;;28403;683116.01;1064890.77;2013-12-02T00:00:00
11438584;533955;Kutná Hora;;;;;77976;Sedlec;245194;Starosedlecká;è.p.;34;;;28403;683117.80;1064882.18;2013-12-02T00:00:00
11438592;533955;Kutná Hora;;;;;77976;Sedlec;243825;Háj;è.p.;35;;;28403;683133.93;1063949.81;2019-05-14T00:00:00
11438606;533955;Kutná Hora;;;;;77976;Sedlec;245704;Vítìzná;è.p.;36;;;28403;682954.92;1065142.54;2013-12-02T00:00:00
11438649;533955;Kutná Hora;;;;;77976;Sedlec;244015;K Nádraží;è.p.;41;;;28403;682235.82;1065078.13;2013-12-02T00:00:00
11438657;533955;Kutná Hora;;;;;77976;Sedlec;243574;Cihláøská;è.p.;42;;;28403;682544.54;1064710.72;2013-12-02T00:00:00
11438673;533955;Kutná Hora;;;;;77976;Sedlec;245364;Turkaòk;è.p.;44;;;28403;682827.28;1063000.93;2019-02-15T00:00:00
11438690;533955;Kutná Hora;;;;;77976;Sedlec;245364;Turkaòk;è.p.;46;;;28403;682954.13;1062953.92;2019-02-15T00:00:00
11438703;533955;Kutná Hora;;;;;77976;Sedlec;245364;Turkaòk;è.p.;49;;;28403;682959.18;1062828.41;2019-02-15T00:00:00
11438711;533955;Kutná Hora;;;;;77976;Sedlec;243591;Èechova;è.p.;50;;;28403;683137.22;1064981.13;2013-12-02T00:00:00
11438720;533955;Kutná Hora;;;;;77976;Sedlec;243591;Èechova;è.p.;51;;;28403;683148.19;1064979.72;2013-12-02T00:00:00
11438738;533955;Kutná Hora;;;;;77976;Sedlec;245861;Zámecká;è.p.;52;;;28403;683025.86;1065047.97;2013-12-02T00:00:00
11438746;533955;Kutná Hora;;;;;77976;Sedlec;245194;Starosedlecká;è.p.;53;;;28403;683061.80;1064874.10;2013-12-02T00:00:00
11438754;533955;Kutná Hora;;;;;77976;Sedlec;243574;Cihláøská;è.p.;54;;;28403;682504.92;1064639.96;2013-12-02T00:00:00
11438762;533955;Kutná Hora;;;;;77976;Sedlec;245194;Starosedlecká;è.p.;55;;;28403;683069.24;1064950.16;2013-12-02T00:00:00
11438771;533955;Kutná Hora;;;;;77976;Sedlec;245194;Starosedlecká;è.p.;56;;;28403;683067.36;1064933.14;2013-12-02T00:00:00
11438789;533955;Kutná Hora;;;;;77976;Sedlec;245356;Trocnovská;è.p.;57;;;28403;683213.15;1064852.12;2013-12-02T00:00:00
11438797;533955;Kutná Hora;;;;;77976;Sedlec;245445;U Koruny;è.p.;58;;;28403;683264.99;1064825.11;2013-12-02T00:00:00
11438801;533955;Kutná Hora;;;;;77976;Sedlec;722022;Nad Sady;è.p.;59;;;28403;683374.67;1064861.61;2013-12-02T00:00:00
11438819;533955;Kutná Hora;;;;;77976;Sedlec;245194;Starosedlecká;è.p.;60;;;28403;683066.23;1064913.77;2013-12-02T00:00:00
11438827;533955;Kutná Hora;;;;;77976;Sedlec;245194;Starosedlecká;è.p.;61;;;28403;683061.15;1064888.04;2013-12-02T00:00:00
11438835;533955;Kutná Hora;;;;;77976;Sedlec;245861;Zámecká;è.p.;62;;;28403;683233.48;1065100.85;2013-12-02T00:00:00
11438843;533955;Kutná Hora;;;;;77976;Sedlec;245194;Starosedlecká;è.p.;63;;;28403;683098.77;1064958.17;2013-12-02T00:00:00
11438851;533955;Kutná Hora;;;;;77976;Sedlec;243591;Èechova;è.p.;65;;;28403;683255.15;1064964.13;2013-12-02T00:00:00
11438860;533955;Kutná Hora;;;;;77976;Sedlec;243591;Èechova;è.p.;66;;;28403;683240.17;1064966.25;2013-12-02T00:00:00
11438878;533955;Kutná Hora;;;;;77976;Sedlec;245194;Starosedlecká;è.p.;67;;;28403;683095.67;1064940.34;2013-12-02T00:00:00
11438886;533955;Kutná Hora;;;;;77976;Sedlec;243591;Èechova;è.p.;68;;;28403;683220.05;1064969.53;2013-12-02T00:00:00
11438894;533955;Kutná Hora;;;;;77976;Sedlec;243591;Èechova;è.p.;69;;;28403;683175.49;1064974.56;2013-12-02T00:00:00
11438908;533955;Kutná Hora;;;;;77976;Sedlec;245356;Trocnovská;è.p.;70;;;28403;683129.23;1064847.16;2013-12-02T00:00:00
11438916;533955;Kutná Hora;;;;;77976;Sedlec;245356;Trocnovská;è.p.;71;;;28403;683267.40;1064841.34;2013-12-02T00:00:00
11438924;533955;Kutná Hora;;;;;77976;Sedlec;245194;Starosedlecká;è.p.;72;;;28403;683098.48;1064980.86;2013-12-02T00:00:00
11438932;533955;Kutná Hora;;;;;77976;Sedlec;243591;Èechova;è.p.;73;;;28403;683197.85;1064971.56;2013-12-02T00:00:00
11438941;533955;Kutná Hora;;;;;77976;Sedlec;245089;Sadová;è.p.;74;;;28403;682702.10;1064852.93;2013-12-02T00:00:00
11438959;533955;Kutná Hora;;;;;77976;Sedlec;243809;Havlíèkova;è.p.;75;;;28403;683127.82;1064749.96;2013-12-02T00:00:00
11438967;533955;Kutná Hora;;;;;77976;Sedlec;243809;Havlíèkova;è.p.;76;;;28403;683126.49;1064730.30;2013-12-02T00:00:00
11438975;533955;Kutná Hora;;;;;77976;Sedlec;243809;Havlíèkova;è.p.;77;;;28403;683124.50;1064720.60;2013-12-02T00:00:00
11438983;533955;Kutná Hora;;;;;77976;Sedlec;243809;Havlíèkova;è.p.;78;;;28403;683122.03;1064694.89;2013-12-02T00:00:00
11438991;533955;Kutná Hora;;;;;77976;Sedlec;245437;U Kola;è.p.;79;;;28403;683140.69;1064692.12;2013-12-02T00:00:00
11439009;533955;Kutná Hora;;;;;77976;Sedlec;243809;Havlíèkova;è.p.;80;;;28403;683116.82;1064660.22;2013-12-02T00:00:00
11439017;533955;Kutná Hora;;;;;77976;Sedlec;243809;Havlíèkova;è.p.;81;;;28403;683115.30;1064647.11;2013-12-02T00:00:00
11439025;533955;Kutná Hora;;;;;77976;Sedlec;243809;Havlíèkova;è.p.;82;;;28403;683112.61;1064627.06;2013-12-02T00:00:00
11439033;533955;Kutná Hora;;;;;77976;Sedlec;243809;Havlíèkova;è.p.;83;;;28403;683111.71;1064616.20;2013-12-02T00:00:00
11439041;533955;Kutná Hora;;;;;77976;Sedlec;243809;Havlíèkova;è.p.;84;;;28403;683132.18;1064645.21;2013-12-02T00:00:00
11439050;533955;Kutná Hora;;;;;77976;Sedlec;245437;U Kola;è.p.;85;;;28403;683160.71;1064670.31;2013-12-02T00:00:00
11439068;533955;Kutná Hora;;;;;77976;Sedlec;243809;Havlíèkova;è.p.;86;;;28403;683141.73;1064719.18;2013-12-02T00:00:00
11439076;533955;Kutná Hora;;;;;77976;Sedlec;243809;Havlíèkova;è.p.;87;;;28403;683144.51;1064730.67;2013-12-02T00:00:00
11439084;533955;Kutná Hora;;;;;77976;Sedlec;245941;Žižkova;è.p.;88;;;28403;683155.06;1064814.43;2013-12-02T00:00:00
11439092;533955;Kutná Hora;;;;;77976;Sedlec;722022;Nad Sady;è.p.;89;;;28403;683371.95;1064846.46;2013-12-02T00:00:00
11439106;533955;Kutná Hora;;;;;77976;Sedlec;243809;Havlíèkova;è.p.;90;;;28403;683158.17;1064841.16;2013-12-02T00:00:00
11439114;533955;Kutná Hora;;;;;77976;Sedlec;245356;Trocnovská;è.p.;91;;;28403;683217.21;1064832.88;2013-12-02T00:00:00
11439122;533955;Kutná Hora;;;;;77976;Sedlec;245445;U Koruny;è.p.;92;;;28403;683248.52;1064802.19;2013-12-02T00:00:00
11439131;533955;Kutná Hora;;;;;77976;Sedlec;245356;Trocnovská;è.p.;93;;;28403;683179.39;1064839.39;2013-12-02T00:00:00
11439149;533955;Kutná Hora;;;;;77976;Sedlec;245356;Trocnovská;è.p.;94;;;28403;683195.15;1064837.07;2013-12-02T00:00:00
11439157;533955;Kutná Hora;;;;;77976;Sedlec;245704;Vítìzná;è.p.;95;;;28403;682936.51;1065128.70;2013-12-02T00:00:00
11439165;533955;Kutná Hora;;;;;77976;Sedlec;243809;Havlíèkova;è.p.;96;;;28403;683133.78;1064659.44;2013-12-02T00:00:00
11439173;533955;Kutná Hora;;;;;77976;Sedlec;243809;Havlíèkova;è.p.;97;;;28403;683134.90;1064667.09;2013-12-02T00:00:00
11439181;533955;Kutná Hora;;;;;77976;Sedlec;243809;Havlíèkova;è.p.;98;;;28403;683138.75;1064825.29;2013-12-02T00:00:00
11439190;533955;Kutná Hora;;;;;77976;Sedlec;243809;Havlíèkova;è.p.;99;;;28403;683136.53;1064813.85;2013-12-02T00:00:00
11439203;533955;Kutná Hora;;;;;77976;Sedlec;243809;Havlíèkova;è.p.;100;;;28403;683135.01;1064801.39;2013-12-02T00:00:00
11439211;533955;Kutná Hora;;;;;77976;Sedlec;243809;Havlíèkova;è.p.;101;;;28403;683133.22;1064788.35;2013-12-02T00:00:00
11439220;533955;Kutná Hora;;;;;77976;Sedlec;245356;Trocnovská;è.p.;102;;;28403;683232.94;1064831.64;2013-12-02T00:00:00
11439238;533955;Kutná Hora;;;;;77976;Sedlec;245941;Žižkova;è.p.;103;;;28403;683175.90;1064809.10;2013-12-02T00:00:00
11439246;533955;Kutná Hora;;;;;77976;Sedlec;245941;Žižkova;è.p.;104;;;28403;683176.10;1064791.52;2013-12-02T00:00:00
11439254;533955;Kutná Hora;;;;;77976;Sedlec;245941;Žižkova;è.p.;105;;;28403;683184.90;1064789.67;2013-12-02T00:00:00
11439262;533955;Kutná Hora;;;;;77976;Sedlec;245941;Žižkova;è.p.;106;;;28403;683187.05;1064807.53;2013-12-02T00:00:00
11439271;533955;Kutná Hora;;;;;77976;Sedlec;245194;Starosedlecká;è.p.;107;;;28403;683066.31;1064903.53;2013-12-02T00:00:00
11439289;533955;Kutná Hora;;;;;77976;Sedlec;245194;Starosedlecká;è.p.;108;;;28403;683102.86;1064786.82;2013-12-02T00:00:00
11439297;533955;Kutná Hora;;;;;77976;Sedlec;245763;Vrchlického;è.p.;109;;;28403;683220.66;1064784.93;2013-12-02T00:00:00
11439301;533955;Kutná Hora;;;;;77976;Sedlec;245941;Žižkova;è.p.;110;;;28403;683200.63;1064787.46;2013-12-02T00:00:00
11439319;533955;Kutná Hora;;;;;77976;Sedlec;245941;Žižkova;è.p.;111;;;28403;683244.56;1064781.63;2013-12-02T00:00:00
11439327;533955;Kutná Hora;;;;;77976;Sedlec;245437;U Kola;è.p.;112;;;28403;683119.05;1064676.08;2013-12-02T00:00:00
11439335;533955;Kutná Hora;;;;;77976;Sedlec;245763;Vrchlického;è.p.;113;;;28403;683216.15;1064761.76;2013-12-02T00:00:00
11439343;533955;Kutná Hora;;;;;77976;Sedlec;243809;Havlíèkova;è.p.;114;;;28403;683149.38;1064773.45;2013-12-02T00:00:00
11439351;533955;Kutná Hora;;;;;77976;Sedlec;244937;Prokopa Holého;è.p.;115;;;28403;683147.97;1064765.21;2013-12-02T00:00:00
11439360;533955;Kutná Hora;;;;;77976;Sedlec;244937;Prokopa Holého;è.p.;116;;;28403;683171.58;1064762.70;2013-12-02T00:00:00
11439378;533955;Kutná Hora;;;;;77976;Sedlec;244821;Pod Hájem;è.p.;117;;;28403;683016.18;1064480.59;2013-12-02T00:00:00
11439386;533955;Kutná Hora;;;;;77976;Sedlec;722022;Nad Sady;è.p.;118;;;28403;683369.64;1064833.23;2013-12-02T00:00:00
11439394;533955;Kutná Hora;;;;;77976;Sedlec;245445;U Koruny;è.p.;119;;;28403;683293.01;1064835.30;2013-12-02T00:00:00
11439408;533955;Kutná Hora;;;;;77976;Sedlec;244937;Prokopa Holého;è.p.;120;;;28403;683185.47;1064744.42;2013-12-02T00:00:00
11439416;533955;Kutná Hora;;;;;77976;Sedlec;245763;Vrchlického;è.p.;121;;;28403;683194.74;1064742.95;2013-12-02T00:00:00
11439424;533955;Kutná Hora;;;;;77976;Sedlec;245321;Tovární;è.p.;122;;;28403;682832.73;1065018.01;2013-12-02T00:00:00
11439432;533955;Kutná Hora;;;;;77976;Sedlec;243809;Havlíèkova;è.p.;123;;;28403;683132.38;1064781.11;2013-12-02T00:00:00
11439467;533955;Kutná Hora;;;;;77976;Sedlec;245356;Trocnovská;è.p.;126;;;28403;683255.19;1064826.12;2013-12-02T00:00:00
11439475;533955;Kutná Hora;;;;;77976;Sedlec;245861;Zámecká;è.p.;127;;;28403;683060.51;1065124.11;2013-12-02T00:00:00
11439483;533955;Kutná Hora;;;;;77976;Sedlec;245861;Zámecká;è.p.;128;;;28403;683023.54;1065116.29;2013-12-02T00:00:00
11439491;533955;Kutná Hora;;;;;77976;Sedlec;245861;Zámecká;è.p.;129;;;28403;683134.98;1065034.56;2013-12-02T00:00:00
11439505;533955;Kutná Hora;;;;;77976;Sedlec;245861;Zámecká;è.p.;130;;;28403;683130.54;1065011.04;2013-12-02T00:00:00
11439513;533955;Kutná Hora;;;;;77976;Sedlec;245861;Zámecká;è.p.;131;;;28403;683107.33;1065006.12;2013-12-02T00:00:00
11439530;533955;Kutná Hora;;;;;77976;Sedlec;245861;Zámecká;è.p.;133;;;28403;683263.56;1065048.24;2013-12-02T00:00:00
11439548;533955;Kutná Hora;;;;;77976;Sedlec;245861;Zámecká;è.p.;134;;;28403;683272.93;1065093.65;2013-12-02T00:00:00
11439556;533955;Kutná Hora;;;;;77976;Sedlec;245861;Zámecká;è.p.;136;;;28403;683050.04;1065167.37;2013-12-02T00:00:00
11439564;533955;Kutná Hora;;;;;77976;Sedlec;245861;Zámecká;è.p.;137;;;28403;683011.41;1065256.21;2013-12-02T00:00:00
11439572;533955;Kutná Hora;;;;;77976;Sedlec;244937;Prokopa Holého;è.p.;138;;;28403;683156.61;1064748.55;2013-12-02T00:00:00
11439581;533955;Kutná Hora;;;;;77976;Sedlec;244937;Prokopa Holého;è.p.;139;;;28403;683167.78;1064747.44;2013-12-02T00:00:00
11439599;533955;Kutná Hora;;;;;77976;Sedlec;245763;Vrchlického;è.p.;140;;;28403;683214.41;1064752.35;2013-12-02T00:00:00
11439602;533955;Kutná Hora;;;;;77976;Sedlec;245763;Vrchlického;è.p.;141;;;28403;683198.59;1064767.26;2013-12-02T00:00:00
11439611;533955;Kutná Hora;;;;;77976;Sedlec;245763;Vrchlického;è.p.;142;;;28403;683197.43;1064758.03;2013-12-02T00:00:00
11439629;533955;Kutná Hora;;;;;77976;Sedlec;245763;Vrchlického;è.p.;143;;;28403;683211.97;1064737.01;2013-12-02T00:00:00
11439637;533955;Kutná Hora;;;;;77976;Sedlec;243591;Èechova;è.p.;144;;;28403;683155.13;1064968.80;2013-12-02T00:00:00
11439645;533955;Kutná Hora;;;;;77976;Sedlec;245763;Vrchlického;è.p.;145;;;28403;683210.53;1064729.08;2013-12-02T00:00:00
11439653;533955;Kutná Hora;;;;;77976;Sedlec;245763;Vrchlického;è.p.;146;;;28403;683206.06;1064708.69;2013-12-02T00:00:00
11439661;533955;Kutná Hora;;;;;77976;Sedlec;245763;Vrchlického;è.p.;147;;;28403;683209.19;1064720.04;2013-12-02T00:00:00
11439670;533955;Kutná Hora;;;;;77976;Sedlec;245763;Vrchlického;è.p.;148;;;28403;683191.58;1064720.18;2013-12-02T00:00:00
11439688;533955;Kutná Hora;;;;;77976;Sedlec;245704;Vítìzná;è.p.;149;;;28403;683072.35;1065277.36;2013-12-02T00:00:00
11439696;533955;Kutná Hora;;;;;77976;Sedlec;245704;Vítìzná;è.p.;150;;;28403;683157.51;1065279.88;2013-12-02T00:00:00
11439700;533955;Kutná Hora;;;;;77976;Sedlec;243574;Cihláøská;è.p.;151;;;28403;682471.99;1064664.37;2013-12-02T00:00:00
11439718;533955;Kutná Hora;;;;;77976;Sedlec;243621;Ès. letcù;è.p.;152;;;28403;683083.13;1064704.94;2013-12-02T00:00:00
11439734;533955;Kutná Hora;;;;;77976;Sedlec;243621;Ès. letcù;è.p.;154;;;28403;683082.10;1064678.64;2013-12-02T00:00:00
11439742;533955;Kutná Hora;;;;;77976;Sedlec;243621;Ès. letcù;è.p.;155;;;28403;683081.96;1064671.81;2013-12-02T00:00:00
11439751;533955;Kutná Hora;;;;;77976;Sedlec;243621;Ès. letcù;è.p.;156;;;28403;683082.35;1064652.23;2013-12-02T00:00:00
11439769;533955;Kutná Hora;;;;;77976;Sedlec;243621;Ès. letcù;è.p.;157;;;28403;683082.68;1064646.00;2013-12-02T00:00:00
11439777;533955;Kutná Hora;;;;;77976;Sedlec;243621;Ès. letcù;è.p.;158;;;28403;683082.94;1064625.72;2013-12-02T00:00:00
11439785;533955;Kutná Hora;;;;;77976;Sedlec;243621;Ès. letcù;è.p.;159;;;28403;683083.21;1064617.97;2013-12-02T00:00:00
11439793;533955;Kutná Hora;;;;;77976;Sedlec;243621;Ès. letcù;è.p.;160;;;28403;683084.70;1064602.25;2013-12-02T00:00:00
11439807;533955;Kutná Hora;;;;;77976;Sedlec;243621;Ès. letcù;è.p.;161;;;28403;683083.54;1064715.27;2013-12-02T00:00:00
11439815;533955;Kutná Hora;;;;;77976;Sedlec;244848;Pod Kaòkem;è.p.;162;;;28403;683097.51;1064738.88;2013-12-02T00:00:00
11439823;533955;Kutná Hora;;;;;77976;Sedlec;243621;Ès. letcù;è.p.;163;;;28403;683087.41;1064739.79;2013-12-02T00:00:00
11439831;533955;Kutná Hora;;;;;77976;Sedlec;243621;Ès. letcù;è.p.;164;;;28403;683066.28;1064736.17;2013-12-02T00:00:00
11439840;533955;Kutná Hora;;;;;77976;Sedlec;243809;Havlíèkova;è.p.;165;;;28403;683152.13;1064790.58;2013-12-02T00:00:00
11439858;533955;Kutná Hora;;;;;77976;Sedlec;245194;Starosedlecká;è.p.;166;;;28403;683092.56;1064852.12;2013-12-02T00:00:00
11439866;533955;Kutná Hora;;;;;77976;Sedlec;245861;Zámecká;è.p.;167;;;28403;683004.27;1065095.33;2013-12-02T00:00:00
11439874;533955;Kutná Hora;;;;;77976;Sedlec;243621;Ès. letcù;è.p.;168;;;28403;683084.19;1064591.84;2013-12-02T00:00:00
11439882;533955;Kutná Hora;;;;;77976;Sedlec;243621;Ès. letcù;è.p.;169;;;28403;683066.08;1064728.44;2013-12-02T00:00:00
11439891;533955;Kutná Hora;;;;;77976;Sedlec;244015;K Nádraží;è.p.;170;;;28403;682257.12;1065036.45;2013-12-02T00:00:00
11439904;533955;Kutná Hora;;;;;77976;Sedlec;244015;K Nádraží;è.p.;171;;;28403;682347.54;1064934.34;2013-12-02T00:00:00
11439912;533955;Kutná Hora;;;;;77976;Sedlec;243809;Havlíèkova;è.p.;172;;;28403;683140.64;1064845.53;2013-12-02T00:00:00
11439921;533955;Kutná Hora;;;;;77976;Sedlec;245682;Váòova;è.p.;173;;;28403;682766.61;1064947.69;2013-12-02T00:00:00
11439939;533955;Kutná Hora;;;;;77976;Sedlec;245682;Váòova;è.p.;174;;;28403;682763.44;1064953.91;2013-12-02T00:00:00
11439947;533955;Kutná Hora;;;;;77976;Sedlec;245682;Váòova;è.p.;175;;;28403;682755.93;1064970.47;2013-12-02T00:00:00
11439955;533955;Kutná Hora;;;;;77976;Sedlec;245682;Váòova;è.p.;176;;;28403;682751.24;1064978.04;2013-12-02T00:00:00
11439963;533955;Kutná Hora;;;;;77976;Sedlec;245682;Váòova;è.p.;177;;;28403;682729.98;1065001.29;2013-12-02T00:00:00
11439971;533955;Kutná Hora;;;;;77976;Sedlec;245704;Vítìzná;è.p.;178;;;28403;682721.96;1064997.88;2013-12-02T00:00:00
11439980;533955;Kutná Hora;;;;;77976;Sedlec;245704;Vítìzná;è.p.;179;;;28403;682699.45;1064987.12;2013-12-02T00:00:00
11439998;533955;Kutná Hora;;;;;77976;Sedlec;245704;Vítìzná;è.p.;180;;;28403;682691.54;1064983.60;2013-12-02T00:00:00
11440007;533955;Kutná Hora;;;;;77976;Sedlec;244252;Lidická;è.p.;181;;;28403;682658.46;1064967.97;2013-12-02T00:00:00
11440015;533955;Kutná Hora;;;;;77976;Sedlec;245704;Vítìzná;è.p.;182;;;28403;682650.22;1064964.60;2013-12-02T00:00:00
11440023;533955;Kutná Hora;;;;;77976;Sedlec;245704;Vítìzná;è.p.;183;;;28403;682760.87;1065007.06;2013-12-02T00:00:00
11440031;533955;Kutná Hora;;;;;77976;Sedlec;245356;Trocnovská;è.p.;184;;;28403;683094.23;1064870.98;2013-12-02T00:00:00
11440040;533955;Kutná Hora;;;;;77976;Sedlec;245488;U Nadjezdu;è.p.;185;;;28403;682613.00;1064948.75;2013-12-02T00:00:00
11440058;533955;Kutná Hora;;;;;77976;Sedlec;245488;U Nadjezdu;è.p.;186;;;28403;682628.94;1064915.85;2013-12-02T00:00:00
11440066;533955;Kutná Hora;;;;;77976;Sedlec;245488;U Nadjezdu;è.p.;187;;;28403;682638.50;1064897.26;2013-12-02T00:00:00
11440074;533955;Kutná Hora;;;;;77976;Sedlec;245488;U Nadjezdu;è.p.;188;;;28403;682641.43;1064890.26;2013-12-02T00:00:00
11440082;533955;Kutná Hora;;;;;77976;Sedlec;245488;U Nadjezdu;è.p.;189;;;28403;682647.91;1064875.34;2013-12-02T00:00:00
11440091;533955;Kutná Hora;;;;;77976;Sedlec;245488;U Nadjezdu;è.p.;190;;;28403;682651.99;1064866.67;2013-12-02T00:00:00
11440104;533955;Kutná Hora;;;;;77976;Sedlec;245089;Sadová;è.p.;191;;;28403;682714.16;1064859.41;2013-12-02T00:00:00
11440112;533955;Kutná Hora;;;;;77976;Sedlec;244252;Lidická;è.p.;192;;;28403;682700.36;1064887.82;2013-12-02T00:00:00
11440121;533955;Kutná Hora;;;;;77976;Sedlec;244252;Lidická;è.p.;193;;;28403;682696.24;1064896.90;2013-12-02T00:00:00
11440139;533955;Kutná Hora;;;;;77976;Sedlec;244252;Lidická;è.p.;194;;;28403;682692.20;1064910.75;2013-12-02T00:00:00
11440147;533955;Kutná Hora;;;;;77976;Sedlec;244252;Lidická;è.p.;195;;;28403;682687.30;1064919.48;2013-12-02T00:00:00
11440155;533955;Kutná Hora;;;;;77976;Sedlec;244252;Lidická;è.p.;196;;;28403;682680.73;1064936.83;2013-12-02T00:00:00
11440163;533955;Kutná Hora;;;;;77976;Sedlec;244252;Lidická;è.p.;197;;;28403;682676.95;1064944.64;2013-12-02T00:00:00
11440171;533955;Kutná Hora;;;;;77976;Sedlec;244252;Lidická;è.p.;198;;;28403;682696.77;1064954.85;2013-12-02T00:00:00
11440180;533955;Kutná Hora;;;;;77976;Sedlec;244252;Lidická;è.p.;199;;;28403;682700.91;1064945.76;2013-12-02T00:00:00
11440198;533955;Kutná Hora;;;;;77976;Sedlec;244252;Lidická;è.p.;200;;;28403;682708.14;1064929.02;2013-12-02T00:00:00
11440201;533955;Kutná Hora;;;;;77976;Sedlec;244252;Lidická;è.p.;201;;;28403;682710.93;1064923.34;2013-12-02T00:00:00
11440210;533955;Kutná Hora;;;;;77976;Sedlec;244252;Lidická;è.p.;202;;;28403;682718.27;1064906.70;2013-12-02T00:00:00
11440228;533955;Kutná Hora;;;;;77976;Sedlec;244252;Lidická;è.p.;203;;;28403;682722.40;1064898.13;2013-12-02T00:00:00
11440236;533955;Kutná Hora;;;;;77976;Sedlec;244252;Lidická;è.p.;204;;;28403;682741.41;1064872.40;2013-12-02T00:00:00
11440244;533955;Kutná Hora;;;;;77976;Sedlec;245089;Sadová;è.p.;205;;;28403;682749.57;1064876.22;2013-12-02T00:00:00
11440252;533955;Kutná Hora;;;;;77976;Sedlec;245682;Váòova;è.p.;206;;;28403;682788.39;1064898.12;2013-12-02T00:00:00
11440261;533955;Kutná Hora;;;;;77976;Sedlec;245682;Váòova;è.p.;207;;;28403;682780.39;1064924.03;2013-12-02T00:00:00
11440279;533955;Kutná Hora;;;;;77976;Sedlec;245682;Váòova;è.p.;208;;;28403;682776.00;1064932.36;2013-12-02T00:00:00
11440287;533955;Kutná Hora;;;;;77976;Sedlec;245704;Vítìzná;è.p.;209;;;28403;682920.09;1065115.49;2013-12-02T00:00:00
11440295;533955;Kutná Hora;;;;;77976;Sedlec;245488;U Nadjezdu;è.p.;210;;;28403;682659.40;1064849.95;2013-12-02T00:00:00
11440309;533955;Kutná Hora;;;;;77976;Sedlec;245623;V Olšinách;è.p.;211;;;28403;683169.43;1065335.79;2013-12-02T00:00:00
11440317;533955;Kutná Hora;;;;;77976;Sedlec;244406;Na Chmelnici;è.p.;212;;;28403;683002.89;1064855.19;2013-12-02T00:00:00
11440325;533955;Kutná Hora;;;;;77976;Sedlec;244406;Na Chmelnici;è.p.;213;;;28403;683004.53;1064831.01;2013-12-02T00:00:00
11440333;533955;Kutná Hora;;;;;77976;Sedlec;245534;U Zastávky;è.p.;214;;;28403;682985.58;1065309.87;2013-12-02T00:00:00
11440341;533955;Kutná Hora;;;;;77976;Sedlec;244015;K Nádraží;è.p.;215;;;28403;682325.16;1064962.60;2019-05-14T00:00:00
11440368;533955;Kutná Hora;;;;;77976;Sedlec;245089;Sadová;è.p.;217;;;28403;682691.05;1064852.14;2013-12-02T00:00:00
11440376;533955;Kutná Hora;;;;;77976;Sedlec;245321;Tovární;è.p.;218;;;28403;682866.74;1064997.12;2013-12-02T00:00:00
11440384;533955;Kutná Hora;;;;;77976;Sedlec;245321;Tovární;è.p.;219;;;28403;682855.62;1065018.42;2013-12-02T00:00:00
11440392;533955;Kutná Hora;;;;;77976;Sedlec;245321;Tovární;è.p.;220;;;28403;682853.48;1065024.30;2013-12-02T00:00:00
11440406;533955;Kutná Hora;;;;;77976;Sedlec;245704;Vítìzná;è.p.;221;;;28403;682857.45;1065064.37;2013-12-02T00:00:00
11440414;533955;Kutná Hora;;;;;77976;Sedlec;245402;U Høištì;è.p.;222;;;28403;682898.99;1065044.16;2013-12-02T00:00:00
11440422;533955;Kutná Hora;;;;;77976;Sedlec;245402;U Høištì;è.p.;223;;;28403;682911.86;1065020.13;2013-12-02T00:00:00
11440473;533955;Kutná Hora;;;;;77976;Sedlec;244821;Pod Hájem;è.p.;228;;;28403;682978.77;1064443.24;2013-12-02T00:00:00
11440481;533955;Kutná Hora;;;;;77976;Sedlec;244821;Pod Hájem;è.p.;229;;;28403;683014.52;1064505.11;2013-12-02T00:00:00
11440490;533955;Kutná Hora;;;;;77976;Sedlec;244821;Pod Hájem;è.p.;230;;;28403;683008.67;1064801.95;2013-12-02T00:00:00
11440503;533955;Kutná Hora;;;;;77976;Sedlec;244821;Pod Hájem;è.p.;231;;;28403;683008.65;1064777.90;2013-12-02T00:00:00
11440511;533955;Kutná Hora;;;;;77976;Sedlec;244821;Pod Hájem;è.p.;232;;;28403;683010.52;1064770.50;2013-12-02T00:00:00
11440520;533955;Kutná Hora;;;;;77976;Sedlec;244848;Pod Kaòkem;è.p.;233;;;28403;683041.32;1064744.03;2013-12-02T00:00:00
11440538;533955;Kutná Hora;;;;;77976;Sedlec;244821;Pod Hájem;è.p.;234;;;28403;683010.90;1064738.65;2013-12-02T00:00:00
11440546;533955;Kutná Hora;;;;;77976;Sedlec;244821;Pod Hájem;è.p.;235;;;28403;683009.23;1064721.69;2013-12-02T00:00:00
11440554;533955;Kutná Hora;;;;;77976;Sedlec;244821;Pod Hájem;è.p.;236;;;28403;683009.53;1064711.61;2013-12-02T00:00:00
11440562;533955;Kutná Hora;;;;;77976;Sedlec;245437;U Kola;è.p.;237;;;28403;683031.69;1064705.55;2013-12-02T00:00:00
11440571;533955;Kutná Hora;;;;;77976;Sedlec;243621;Ès. letcù;è.p.;238;;;28403;683059.53;1064701.27;2013-12-02T00:00:00
11440589;533955;Kutná Hora;;;;;77976;Sedlec;245437;U Kola;è.p.;239;;;28403;683064.72;1064679.74;2013-12-02T00:00:00
11440597;533955;Kutná Hora;;;;;77976;Sedlec;245437;U Kola;è.p.;240;;;28403;683041.19;1064685.06;2013-12-02T00:00:00
11440601;533955;Kutná Hora;;;;;77976;Sedlec;245437;U Kola;è.p.;241;;;28403;683010.43;1064681.29;2013-12-02T00:00:00
11440619;533955;Kutná Hora;;;;;77976;Sedlec;244821;Pod Hájem;è.p.;242;;;28403;683011.41;1064672.60;2013-12-02T00:00:00
11440627;533955;Kutná Hora;;;;;77976;Sedlec;244821;Pod Hájem;è.p.;243;;;28403;683012.63;1064654.75;2013-12-02T00:00:00
11440635;533955;Kutná Hora;;;;;77976;Sedlec;244821;Pod Hájem;è.p.;244;;;28403;683012.45;1064640.26;2013-12-02T00:00:00
11440643;533955;Kutná Hora;;;;;77976;Sedlec;244821;Pod Hájem;è.p.;245;;;28403;683011.59;1064632.27;2013-12-02T00:00:00
11440651;533955;Kutná Hora;;;;;77976;Sedlec;243621;Ès. letcù;è.p.;246;;;28403;683064.32;1064671.42;2013-12-02T00:00:00
11440660;533955;Kutná Hora;;;;;77976;Sedlec;243621;Ès. letcù;è.p.;247;;;28403;683063.85;1064655.13;2013-12-02T00:00:00
11440678;533955;Kutná Hora;;;;;77976;Sedlec;244821;Pod Hájem;è.p.;248;;;28403;683013.20;1064591.94;2013-12-02T00:00:00
11440686;533955;Kutná Hora;;;;;77976;Sedlec;244821;Pod Hájem;è.p.;249;;;28403;683013.18;1064582.52;2013-12-02T00:00:00
11440694;533955;Kutná Hora;;;;;77976;Sedlec;244252;Lidická;è.p.;250;;;28403;682710.72;1064869.47;2013-12-02T00:00:00
11440708;533955;Kutná Hora;;;;;77976;Sedlec;244821;Pod Hájem;è.p.;251;;;28403;683015.61;1064608.54;2013-12-02T00:00:00
11440716;533955;Kutná Hora;;;;;77976;Sedlec;243621;Ès. letcù;è.p.;252;;;28403;683064.10;1064646.32;2013-12-02T00:00:00
11440724;533955;Kutná Hora;;;;;77976;Sedlec;244821;Pod Hájem;è.p.;253;;;28403;683012.22;1064567.10;2013-12-02T00:00:00
11440732;533955;Kutná Hora;;;;;77976;Sedlec;244821;Pod Hájem;è.p.;254;;;28403;683013.08;1064555.94;2013-12-02T00:00:00
11440741;533955;Kutná Hora;;;;;77976;Sedlec;243621;Ès. letcù;è.p.;255;;;28403;683066.30;1064630.20;2013-12-02T00:00:00
11440759;533955;Kutná Hora;;;;;77976;Sedlec;243621;Ès. letcù;è.p.;256;;;28403;683065.19;1064617.59;2013-12-02T00:00:00
11440767;533955;Kutná Hora;;;;;77976;Sedlec;243621;Ès. letcù;è.p.;257;;;28403;683064.53;1064606.28;2013-12-02T00:00:00
11440775;533955;Kutná Hora;;;;;77976;Sedlec;243621;Ès. letcù;è.p.;258;;;28403;683065.53;1064596.13;2013-12-02T00:00:00
11440783;533955;Kutná Hora;;;;;77976;Sedlec;244627;Na Vrchách;è.p.;259;;;28403;683043.39;1064536.24;2013-12-02T00:00:00
11440791;533955;Kutná Hora;;;;;77976;Sedlec;244627;Na Vrchách;è.p.;260;;;28403;683014.49;1064537.15;2013-12-02T00:00:00
11440805;533955;Kutná Hora;;;;;77976;Sedlec;243621;Ès. letcù;è.p.;261;;;28403;683056.69;1064552.12;2013-12-02T00:00:00
11440813;533955;Kutná Hora;;;;;77976;Sedlec;243621;Ès. letcù;è.p.;262;;;28403;683066.69;1064568.57;2013-12-02T00:00:00
11440821;533955;Kutná Hora;;;;;77976;Sedlec;243621;Ès. letcù;è.p.;263;;;28403;683066.27;1064581.13;2013-12-02T00:00:00
11440830;533955;Kutná Hora;;;;;77976;Sedlec;245321;Tovární;è.p.;264;;;28403;682847.96;1064986.40;2013-12-02T00:00:00
11440848;533955;Kutná Hora;;;;;77976;Sedlec;245445;U Koruny;è.p.;265;;;28403;683273.44;1064735.36;2013-12-02T00:00:00
11440864;533955;Kutná Hora;;;;;77976;Sedlec;245445;U Koruny;è.p.;267;;;28403;683264.21;1064695.02;2013-12-02T00:00:00
11440872;533955;Kutná Hora;;;;;77976;Sedlec;244821;Pod Hájem;è.p.;268;;;28403;682986.45;1064590.86;2013-12-02T00:00:00
11440881;533955;Kutná Hora;;;;;77976;Sedlec;244821;Pod Hájem;è.p.;269;;;28403;682985.10;1064566.74;2013-12-02T00:00:00
11440899;533955;Kutná Hora;;;;;77976;Sedlec;244821;Pod Hájem;è.p.;270;;;28403;682980.24;1064793.88;2013-12-02T00:00:00
11440902;533955;Kutná Hora;;;;;77976;Sedlec;244821;Pod Hájem;è.p.;271;;;28403;682984.08;1064514.49;2013-12-02T00:00:00
11440911;533955;Kutná Hora;;;;;77976;Sedlec;245763;Vrchlického;è.p.;272;;;28403;683209.95;1064688.35;2013-12-02T00:00:00
11440929;533955;Kutná Hora;;;;;77976;Sedlec;245640;V Zátiší;è.p.;273;;;28403;683211.13;1064898.11;2013-12-02T00:00:00
11440937;533955;Kutná Hora;;;;;77976;Sedlec;245488;U Nadjezdu;è.p.;274;;;28403;682850.37;1064704.62;2013-12-02T00:00:00
11440945;533955;Kutná Hora;;;;;77976;Sedlec;245437;U Kola;è.p.;275;;;28403;683184.90;1064649.66;2013-12-02T00:00:00
11440953;533955;Kutná Hora;;;;;77976;Sedlec;245437;U Kola;è.p.;276;;;28403;683191.83;1064644.56;2013-12-02T00:00:00
11440961;533955;Kutná Hora;;;;;77976;Sedlec;244406;Na Chmelnici;è.p.;277;;;28403;682792.88;1064685.39;2013-12-02T00:00:00
11440970;533955;Kutná Hora;;;;;77976;Sedlec;245534;U Zastávky;è.p.;278;;;28403;682895.40;1065381.06;2013-12-02T00:00:00
11440988;533955;Kutná Hora;;;;;77976;Sedlec;245861;Zámecká;è.p.;279;;;28403;683013.48;1065150.14;2013-12-02T00:00:00
11440996;533955;Kutná Hora;;;;;77976;Sedlec;243591;Èechova;è.p.;283;;;28403;683188.19;1064972.64;2013-12-02T00:00:00
11441003;533955;Kutná Hora;;;;;77976;Sedlec;245861;Zámecká;è.p.;285;;;28403;683009.29;1065078.21;2013-12-02T00:00:00
11441071;533955;Kutná Hora;;;;;77976;Sedlec;245534;U Zastávky;è.p.;329;;;28403;683025.77;1065312.07;2013-12-02T00:00:00
11441119;533955;Kutná Hora;;;;;77976;Sedlec;244589;Na Špici;è.p.;347;;;28403;683550.97;1065328.82;2014-01-10T00:00:00
11441151;533955;Kutná Hora;;;;;77976;Sedlec;245445;U Koruny;è.p.;353;;;28403;683319.58;1064810.42;2013-12-02T00:00:00
11441160;533955;Kutná Hora;;;;;77976;Sedlec;243591;Èechova;è.p.;356;;;28403;683264.19;1064983.13;2013-12-02T00:00:00
11441178;533955;Kutná Hora;;;;;77976;Sedlec;245861;Zámecká;è.p.;357;;;28403;683037.30;1065022.42;2013-12-02T00:00:00
11441186;533955;Kutná Hora;;;;;77976;Sedlec;245321;Tovární;è.p.;358;;;28403;682860.32;1065011.14;2013-12-02T00:00:00
11441194;533955;Kutná Hora;;;;;77976;Sedlec;245488;U Nadjezdu;è.p.;360;;;28403;682690.63;1064773.13;2013-12-02T00:00:00
11441208;533955;Kutná Hora;;;;;77976;Sedlec;245488;U Nadjezdu;è.p.;361;;;28403;682744.01;1064761.04;2013-12-02T00:00:00
11441216;533955;Kutná Hora;;;;;77976;Sedlec;244856;Pod Skálou;è.p.;362;;;28403;683185.81;1064422.90;2013-12-02T00:00:00
11441224;533955;Kutná Hora;;;;;77976;Sedlec;243574;Cihláøská;è.p.;363;;;28403;682580.38;1064657.58;2013-12-02T00:00:00
11441232;533955;Kutná Hora;;;;;77976;Sedlec;245488;U Nadjezdu;è.p.;365;;;28403;682665.11;1064751.53;2013-12-02T00:00:00
11441241;533955;Kutná Hora;;;;;77976;Sedlec;245488;U Nadjezdu;è.p.;366;;;28403;682669.17;1064744.67;2013-12-02T00:00:00
11441259;533955;Kutná Hora;;;;;77976;Sedlec;244406;Na Chmelnici;è.p.;367;;;28403;682958.59;1064787.32;2013-12-02T00:00:00
11441267;533955;Kutná Hora;;;;;77976;Sedlec;245488;U Nadjezdu;è.p.;368;;;28403;682721.15;1064725.26;2013-12-02T00:00:00
11441275;533955;Kutná Hora;;;;;77976;Sedlec;245488;U Nadjezdu;è.p.;369;;;28403;682646.39;1064795.25;2013-12-02T00:00:00
11441283;533955;Kutná Hora;;;;;77976;Sedlec;245488;U Nadjezdu;è.p.;370;;;28403;682874.60;1064700.73;2013-12-02T00:00:00
11441291;533955;Kutná Hora;;;;;77976;Sedlec;245488;U Nadjezdu;è.p.;371;;;28403;682974.02;1064688.03;2013-12-02T00:00:00
11441305;533955;Kutná Hora;;;;;77976;Sedlec;245488;U Nadjezdu;è.p.;372;;;28403;682950.03;1064691.82;2013-12-02T00:00:00
11441313;533955;Kutná Hora;;;;;77976;Sedlec;245640;V Zátiší;è.p.;373;;;28403;683191.57;1064901.22;2013-12-02T00:00:00
11441321;533955;Kutná Hora;;;;;77976;Sedlec;245445;U Koruny;è.p.;374;;;28403;683269.36;1064854.89;2013-12-02T00:00:00
11441330;533955;Kutná Hora;;;;;77976;Sedlec;244406;Na Chmelnici;è.p.;375;;;28403;682885.87;1064767.54;2013-12-02T00:00:00
11441348;533955;Kutná Hora;;;;;77976;Sedlec;245682;Váòova;è.p.;376;;;28403;682847.50;1064786.63;2013-12-02T00:00:00
11441356;533955;Kutná Hora;;;;;77976;Sedlec;244406;Na Chmelnici;è.p.;377;;;28403;682927.09;1064783.63;2013-12-02T00:00:00
11441364;533955;Kutná Hora;;;;;77976;Sedlec;244406;Na Chmelnici;è.p.;378;;;28403;682935.93;1064786.07;2013-12-02T00:00:00
11441372;533955;Kutná Hora;;;;;77976;Sedlec;244406;Na Chmelnici;è.p.;379;;;28403;682904.03;1064775.88;2013-12-02T00:00:00
11441381;533955;Kutná Hora;;;;;77976;Sedlec;244406;Na Chmelnici;è.p.;380;;;28403;682867.40;1064755.29;2013-12-02T00:00:00
11441399;533955;Kutná Hora;;;;;77976;Sedlec;244856;Pod Skálou;è.p.;381;;;28403;683140.58;1064467.12;2013-12-02T00:00:00
11441402;533955;Kutná Hora;;;;;77976;Sedlec;245089;Sadová;è.p.;382;;;28403;682775.59;1064848.84;2013-12-02T00:00:00
11441411;533955;Kutná Hora;;;;;77976;Sedlec;245356;Trocnovská;è.p.;383;;;28403;683234.13;1064856.59;2013-12-02T00:00:00
11441429;533955;Kutná Hora;;;;;77976;Sedlec;245682;Váòova;è.p.;385;;;28403;682833.14;1064880.14;2013-12-02T00:00:00
11441437;533955;Kutná Hora;;;;;77976;Sedlec;245682;Váòova;è.p.;386;;;28403;682844.16;1064859.99;2013-12-02T00:00:00
11441445;533955;Kutná Hora;;;;;77976;Sedlec;245682;Váòova;è.p.;387;;;28403;682854.91;1064839.30;2013-12-02T00:00:00
11441453;533955;Kutná Hora;;;;;77976;Sedlec;245682;Váòova;è.p.;388;;;28403;682864.08;1064821.40;2013-12-02T00:00:00
11441461;533955;Kutná Hora;;;;;77976;Sedlec;245488;U Nadjezdu;è.p.;390;;;28403;682626.02;1064840.75;2013-12-02T00:00:00
11441470;533955;Kutná Hora;;;;;77976;Sedlec;245488;U Nadjezdu;è.p.;393;;;28403;682745.23;1064722.04;2013-12-02T00:00:00
11441488;533955;Kutná Hora;;;;;77976;Sedlec;245488;U Nadjezdu;è.p.;394;;;28403;682616.98;1064862.00;2013-12-02T00:00:00
11441496;533955;Kutná Hora;;;;;77976;Sedlec;245488;U Nadjezdu;è.p.;396;;;28403;682655.85;1064772.57;2013-12-02T00:00:00
11441500;533955;Kutná Hora;;;;;77976;Sedlec;245488;U Nadjezdu;è.p.;397;;;28403;682695.86;1064729.00;2013-12-02T00:00:00
11441518;533955;Kutná Hora;;;;;77976;Sedlec;244406;Na Chmelnici;è.p.;398;;;28403;682803.83;1064762.65;2013-12-02T00:00:00
11441526;533955;Kutná Hora;;;;;77976;Sedlec;245682;Váòova;è.p.;399;;;28403;682821.83;1064834.22;2013-12-02T00:00:00
11441534;533955;Kutná Hora;;;;;77976;Sedlec;244406;Na Chmelnici;è.p.;400;;;28403;682812.29;1064765.78;2013-12-02T00:00:00
11441542;533955;Kutná Hora;;;;;77976;Sedlec;244015;K Nádraží;è.p.;401;;;28403;682197.56;1065158.14;2013-12-02T00:00:00
11441551;533955;Kutná Hora;;;;;77976;Sedlec;244406;Na Chmelnici;è.p.;402;;;28403;682774.60;1064632.86;2013-12-02T00:00:00
11441569;533955;Kutná Hora;;;;;77976;Sedlec;244406;Na Chmelnici;è.p.;403;;;28403;682805.40;1064606.91;2013-12-02T00:00:00
11441577;533955;Kutná Hora;;;;;77976;Sedlec;244406;Na Chmelnici;è.p.;404;;;28403;682728.09;1064653.82;2013-12-02T00:00:00
11441585;533955;Kutná Hora;;;;;77976;Sedlec;245488;U Nadjezdu;è.p.;405;;;28403;682964.19;1064729.26;2013-12-02T00:00:00
11441593;533955;Kutná Hora;;;;;77976;Sedlec;245488;U Nadjezdu;è.p.;406;;;28403;682924.27;1064694.99;2013-12-02T00:00:00
11441607;533955;Kutná Hora;;;;;77976;Sedlec;244848;Pod Kaòkem;è.p.;407;;;28403;682946.25;1064739.02;2013-12-02T00:00:00
11441615;533955;Kutná Hora;;;;;77976;Sedlec;245488;U Nadjezdu;è.p.;408;;;28403;682921.25;1064726.34;2013-12-02T00:00:00
11441623;533955;Kutná Hora;;;;;77976;Sedlec;245623;V Olšinách;è.p.;410;;;28403;683141.72;1065355.30;2013-12-02T00:00:00
11441640;533955;Kutná Hora;;;;;77976;Sedlec;245682;Váòova;è.p.;413;;;28403;682807.17;1064862.33;2013-12-02T00:00:00
11441658;533955;Kutná Hora;;;;;77976;Sedlec;245089;Sadová;è.p.;414;;;28403;682707.18;1064817.83;2013-12-02T00:00:00
11441666;533955;Kutná Hora;;;;;77976;Sedlec;245488;U Nadjezdu;è.p.;415;;;28403;682608.93;1064880.40;2013-12-02T00:00:00
11441674;533955;Kutná Hora;;;;;77976;Sedlec;245089;Sadová;è.p.;416;;;28403;682717.98;1064823.12;2013-12-02T00:00:00
11441682;533955;Kutná Hora;;;;;77976;Sedlec;244406;Na Chmelnici;è.p.;417;;;28403;682773.17;1064753.07;2013-12-02T00:00:00
11441691;533955;Kutná Hora;;;;;77976;Sedlec;245623;V Olšinách;è.p.;418;;;28403;683145.19;1065378.13;2013-12-02T00:00:00
11441704;533955;Kutná Hora;;;;;77976;Sedlec;245089;Sadová;è.p.;419;;;28403;682676.12;1064803.45;2013-12-02T00:00:00
11441712;533955;Kutná Hora;;;;;77976;Sedlec;245089;Sadová;è.p.;420;;;28403;682766.23;1064845.23;2013-12-02T00:00:00
11441721;533955;Kutná Hora;;;;;77976;Sedlec;245089;Sadová;è.p.;421;;;28403;682746.11;1064835.92;2013-12-02T00:00:00
11441739;533955;Kutná Hora;;;;;77976;Sedlec;245704;Vítìzná;è.p.;423;;;28403;682570.43;1064914.29;2013-12-02T00:00:00
11441747;533955;Kutná Hora;;;;;77976;Sedlec;245704;Vítìzná;è.p.;425;;;28403;682547.61;1064976.11;2013-12-02T00:00:00
11441755;533955;Kutná Hora;;;;;77976;Sedlec;244406;Na Chmelnici;è.p.;426;;;28403;682781.05;1064756.74;2013-12-02T00:00:00
11441763;533955;Kutná Hora;;;;;77976;Sedlec;244821;Pod Hájem;è.p.;427;;;28403;682983.94;1064615.34;2013-12-02T00:00:00
11441771;533955;Kutná Hora;;;;;77976;Sedlec;245488;U Nadjezdu;è.p.;428;;;28403;682635.76;1064818.13;2013-12-02T00:00:00
11441780;533955;Kutná Hora;;;;;77976;Sedlec;245682;Váòova;è.p.;429;;;28403;682832.81;1064809.19;2013-12-02T00:00:00
11441798;533955;Kutná Hora;;;;;77976;Sedlec;244821;Pod Hájem;è.p.;430;;;28403;682986.51;1064489.70;2013-12-02T00:00:00
11441801;533955;Kutná Hora;;;;;77976;Sedlec;245488;U Nadjezdu;è.p.;431;;;28403;682900.04;1064697.40;2013-12-02T00:00:00
11441810;533955;Kutná Hora;;;;;77976;Sedlec;244406;Na Chmelnici;è.p.;432;;;28403;682848.86;1064744.86;2013-12-02T00:00:00
11441828;533955;Kutná Hora;;;;;77976;Sedlec;245089;Sadová;è.p.;433;;;28403;682736.61;1064829.66;2013-12-02T00:00:00
11441836;533955;Kutná Hora;;;;;77976;Sedlec;245640;V Zátiší;è.p.;434;;;28403;683171.71;1064903.99;2013-12-02T00:00:00
11441844;533955;Kutná Hora;;;;;77976;Sedlec;245704;Vítìzná;è.p.;435;;;28403;682356.95;1064946.73;2013-12-02T00:00:00
11441852;533955;Kutná Hora;;;;;77976;Sedlec;244821;Pod Hájem;è.p.;436;;;28403;682984.55;1064644.79;2013-12-02T00:00:00
11441861;533955;Kutná Hora;;;;;77976;Sedlec;245640;V Zátiší;è.p.;437;;;28403;683152.03;1064906.13;2013-12-02T00:00:00
11441879;533955;Kutná Hora;;;;;77976;Sedlec;244821;Pod Hájem;è.p.;438;;;28403;682982.06;1064739.32;2013-12-02T00:00:00
11441887;533955;Kutná Hora;;;;;77976;Sedlec;245488;U Nadjezdu;è.p.;439;;;28403;682600.32;1064898.39;2013-12-02T00:00:00
11441895;533955;Kutná Hora;;;;;77976;Sedlec;244015;K Nádraží;è.p.;440;;;28403;682112.86;1065305.90;2013-12-02T00:00:00
11441909;533955;Kutná Hora;;;;;77976;Sedlec;244821;Pod Hájem;è.p.;441;;;28403;682985.30;1064539.73;2013-12-02T00:00:00
11441917;533955;Kutná Hora;;;;;77976;Sedlec;244821;Pod Hájem;è.p.;442;;;28403;682984.77;1064465.98;2013-12-02T00:00:00
11441933;533955;Kutná Hora;;;;;77976;Sedlec;245488;U Nadjezdu;è.p.;444;;;28403;682708.68;1064756.05;2013-12-02T00:00:00
11441941;533955;Kutná Hora;;;;;78018;Kaòk;2811880;U Radnice;è.p.;1;;;28404;684064.00;1063374.82;2021-06-03T00:00:00
11441950;533955;Kutná Hora;;;;;78018;Kaòk;2811880;U Radnice;è.p.;2;;;28404;684048.49;1063314.46;2021-06-03T00:00:00
11441968;533955;Kutná Hora;;;;;78018;Kaòk;2811880;U Radnice;è.p.;3;;;28404;684008.56;1063379.03;2021-06-03T00:00:00
11441984;533955;Kutná Hora;;;;;78018;Kaòk;2811481;Kolínská;è.p.;5;;;28404;683977.82;1063415.68;2021-05-27T00:00:00
11441992;533955;Kutná Hora;;;;;78018;Kaòk;2811481;Kolínská;è.p.;7;;;28404;683975.34;1063459.37;2021-05-27T00:00:00
11442000;533955;Kutná Hora;;;;;78018;Kaòk;2811863;Jana Hejzelny;è.p.;8;;;28404;684006.82;1063468.42;2021-06-03T00:00:00
11442018;533955;Kutná Hora;;;;;78018;Kaòk;2811880;U Radnice;è.p.;9;;;28404;684034.61;1063440.76;2021-06-03T00:00:00
11442026;533955;Kutná Hora;;;;;78018;Kaòk;2811863;Jana Hejzelny;è.p.;10;;;28404;684042.14;1063460.37;2021-06-03T00:00:00
11442034;533955;Kutná Hora;;;;;78018;Kaòk;2811952;Fráty;è.p.;11;;;28404;684038.80;1063590.95;2021-06-03T00:00:00
11442042;533955;Kutná Hora;;;;;78018;Kaòk;2811863;Jana Hejzelny;è.p.;12;;;28404;684010.38;1063565.32;2021-06-03T00:00:00
11442051;533955;Kutná Hora;;;;;78018;Kaòk;2811863;Jana Hejzelny;è.p.;13;;;28404;683997.50;1063587.28;2021-06-03T00:00:00
11442069;533955;Kutná Hora;;;;;78018;Kaòk;2811863;Jana Hejzelny;è.p.;14;;;28404;683979.20;1063581.63;2021-06-03T00:00:00
11442085;533955;Kutná Hora;;;;;78018;Kaòk;2811481;Kolínská;è.p.;16;;;28404;683910.80;1063595.27;2021-05-27T00:00:00
11442093;533955;Kutná Hora;;;;;78018;Kaòk;2811481;Kolínská;è.p.;17;;;28404;683956.36;1063613.21;2021-05-27T00:00:00
11442107;533955;Kutná Hora;;;;;78018;Kaòk;2811481;Kolínská;è.p.;18;;;28404;683948.13;1063683.37;2021-05-27T00:00:00
11442123;533955;Kutná Hora;;;;;78018;Kaòk;2811481;Kolínská;è.p.;20;;;28404;683977.43;1063752.93;2021-05-27T00:00:00
11442131;533955;Kutná Hora;;;;;78018;Kaòk;2811481;Kolínská;è.p.;21;;;28404;683947.35;1063758.95;2021-05-27T00:00:00
11442140;533955;Kutná Hora;;;;;78018;Kaòk;2811481;Kolínská;è.p.;22;;;28404;683939.47;1063792.82;2021-05-27T00:00:00
11442158;533955;Kutná Hora;;;;;78018;Kaòk;2811481;Kolínská;è.p.;23;;;28404;683996.44;1063813.21;2021-11-12T00:00:00
11442166;533955;Kutná Hora;;;;;78018;Kaòk;2811481;Kolínská;è.p.;24;;;28404;683951.36;1063845.52;2021-05-27T00:00:00
11442174;533955;Kutná Hora;;;;;78018;Kaòk;2811740;Ke Kalvárii;è.p.;25;;;28404;683970.38;1063882.74;2021-06-03T00:00:00
11442191;533955;Kutná Hora;;;;;78018;Kaòk;2811618;Pod Pašinkou;è.p.;27;;;28404;683977.12;1064002.56;2021-06-08T00:00:00
11442204;533955;Kutná Hora;;;;;78018;Kaòk;2811618;Pod Pašinkou;è.p.;28;;;28404;684030.07;1064051.01;2021-06-08T00:00:00
11442212;533955;Kutná Hora;;;;;78018;Kaòk;2811618;Pod Pašinkou;è.p.;29;;;28404;684040.26;1063986.18;2021-06-08T00:00:00
11442221;533955;Kutná Hora;;;;;78018;Kaòk;2811618;Pod Pašinkou;è.p.;30;;;28404;684085.12;1063994.59;2021-06-08T00:00:00
11442239;533955;Kutná Hora;;;;;78018;Kaòk;244040;Kaòkovská;è.p.;31;;;28404;684126.36;1064060.31;2021-06-03T00:00:00
11442247;533955;Kutná Hora;;;;;78018;Kaòk;244040;Kaòkovská;è.p.;32;;;28404;684174.07;1064151.73;2021-06-03T00:00:00
11442255;533955;Kutná Hora;;;;;78018;Kaòk;244040;Kaòkovská;è.p.;33;;;28404;684171.19;1064116.15;2021-06-03T00:00:00
11442263;533955;Kutná Hora;;;;;78018;Kaòk;244040;Kaòkovská;è.p.;34;;;28404;684162.50;1064096.36;2021-06-03T00:00:00
11442271;533955;Kutná Hora;;;;;78018;Kaòk;2811910;Staroèeská;è.p.;35;;;28404;684228.72;1063785.66;2021-06-03T00:00:00
11442298;533955;Kutná Hora;;;;;78018;Kaòk;244040;Kaòkovská;è.p.;37;;;28404;684076.35;1063952.59;2021-06-03T00:00:00
11442301;533955;Kutná Hora;;;;;78018;Kaòk;244040;Kaòkovská;è.p.;38;;;28404;684088.78;1063924.59;2021-06-03T00:00:00
11442310;533955;Kutná Hora;;;;;78018;Kaòk;244040;Kaòkovská;è.p.;39;;;28404;684064.61;1063933.02;2021-06-03T00:00:00
11442328;533955;Kutná Hora;;;;;78018;Kaòk;244040;Kaòkovská;è.p.;40;;;28404;684016.74;1063904.42;2021-06-03T00:00:00
11442336;533955;Kutná Hora;;;;;78018;Kaòk;2811898;Ke Gruntì;è.p.;41;;;28404;684028.79;1063836.90;2021-06-03T00:00:00
11442344;533955;Kutná Hora;;;;;78018;Kaòk;2811898;Ke Gruntì;è.p.;42;;;28404;684057.28;1063838.61;2021-06-03T00:00:00
11442352;533955;Kutná Hora;;;;;78018;Kaòk;2811898;Ke Gruntì;è.p.;43;;;28404;684052.87;1063826.23;2021-06-03T00:00:00
11442361;533955;Kutná Hora;;;;;78018;Kaòk;2811898;Ke Gruntì;è.p.;44;;;28404;684024.62;1063787.85;2021-06-03T00:00:00
11442379;533955;Kutná Hora;;;;;78018;Kaòk;2811936;U Jankrouba;è.p.;45;;;28404;684044.02;1063755.25;2021-06-03T00:00:00
11442387;533955;Kutná Hora;;;;;78018;Kaòk;2811898;Ke Gruntì;è.p.;46;;;28404;684074.85;1063718.16;2021-06-03T00:00:00
11442395;533955;Kutná Hora;;;;;78018;Kaòk;2811898;Ke Gruntì;è.p.;47;;;28404;684097.81;1063706.38;2021-06-03T00:00:00
11442409;533955;Kutná Hora;;;;;78018;Kaòk;2811821;Šmitenská;è.p.;48;;;28404;684127.64;1063661.52;2021-06-03T00:00:00
11442417;533955;Kutná Hora;;;;;78018;Kaòk;2811952;Fráty;è.p.;49;;;28404;684105.19;1063589.19;2021-06-03T00:00:00
11442425;533955;Kutná Hora;;;;;78018;Kaòk;2811821;Šmitenská;è.p.;50;;;28404;684170.22;1063570.96;2021-06-03T00:00:00
11442433;533955;Kutná Hora;;;;;78018;Kaòk;2811847;U Staré Plimle;è.p.;51;;;28404;684167.23;1063481.01;2021-06-03T00:00:00
11442441;533955;Kutná Hora;;;;;78018;Kaòk;2811821;Šmitenská;è.p.;52;;;28404;684192.46;1063551.19;2021-06-03T00:00:00
11442450;533955;Kutná Hora;;;;;78018;Kaòk;2811821;Šmitenská;è.p.;53;;;28404;684198.45;1063588.31;2021-06-03T00:00:00
11442468;533955;Kutná Hora;;;;;78018;Kaòk;2811821;Šmitenská;è.p.;54;;;28404;684195.97;1063596.69;2021-06-03T00:00:00
11442476;533955;Kutná Hora;;;;;78018;Kaòk;2811898;Ke Gruntì;è.p.;55;;;28404;684140.33;1063677.23;2021-06-03T00:00:00
11442492;533955;Kutná Hora;;;;;78018;Kaòk;2811910;Staroèeská;è.p.;57;;;28404;684194.34;1063854.78;2021-06-03T00:00:00
11442506;533955;Kutná Hora;;;;;78018;Kaòk;2811910;Staroèeská;è.p.;58;;;28404;684175.56;1063879.66;2021-06-03T00:00:00
11442514;533955;Kutná Hora;;;;;78018;Kaòk;2811910;Staroèeská;è.p.;59;;;28404;684203.12;1063895.79;2021-06-03T00:00:00
11442522;533955;Kutná Hora;;;;;78018;Kaòk;2811910;Staroèeská;è.p.;61;;;28404;684177.64;1064000.51;2021-06-03T00:00:00
11442531;533955;Kutná Hora;;;;;78018;Kaòk;2811910;Staroèeská;è.p.;62;;;28404;684195.60;1064040.39;2021-06-03T00:00:00
11442549;533955;Kutná Hora;;;;;78018;Kaòk;2811677;Tolpy;è.p.;63;;;28404;684184.75;1063954.65;2021-06-03T00:00:00
11442557;533955;Kutná Hora;;;;;78018;Kaòk;2811821;Šmitenská;è.p.;64;;;28404;684153.66;1063546.83;2021-06-03T00:00:00
11442565;533955;Kutná Hora;;;;;78018;Kaòk;2811910;Staroèeská;è.p.;65;;;28404;684218.63;1063963.90;2021-06-03T00:00:00
11442573;533955;Kutná Hora;;;;;78018;Kaòk;2811804;Sukovská;è.p.;66;;;28404;684295.94;1063880.70;2021-06-08T00:00:00
11442590;533955;Kutná Hora;;;;;78018;Kaòk;2811910;Staroèeská;è.p.;68;;;28404;684204.81;1063744.43;2021-06-03T00:00:00
11442611;533955;Kutná Hora;;;;;78018;Kaòk;2811898;Ke Gruntì;è.p.;70;;;28404;684235.18;1063639.75;2021-06-03T00:00:00
11442620;533955;Kutná Hora;;;;;78018;Kaòk;2811995;Vavøinecká;è.p.;71;;;28404;684242.35;1063575.71;2021-06-03T00:00:00
11442638;533955;Kutná Hora;;;;;78018;Kaòk;2811995;Vavøinecká;è.p.;72;;;28404;684229.84;1063526.44;2021-06-03T00:00:00
11442646;533955;Kutná Hora;;;;;78018;Kaòk;2811995;Vavøinecká;è.p.;73;;;28404;684245.34;1063479.82;2021-06-03T00:00:00
11442654;533955;Kutná Hora;;;;;78018;Kaòk;2811995;Vavøinecká;è.p.;74;;;28404;684194.39;1063419.72;2021-06-03T00:00:00
11442662;533955;Kutná Hora;;;;;78018;Kaòk;2811995;Vavøinecká;è.p.;75;;;28404;684234.87;1063383.39;2021-06-03T00:00:00
11442671;533955;Kutná Hora;;;;;78018;Kaòk;2811995;Vavøinecká;è.p.;76;;;28404;684190.64;1063315.53;2021-06-03T00:00:00
11442689;533955;Kutná Hora;;;;;78018;Kaòk;2811995;Vavøinecká;è.p.;77;;;28404;684151.62;1063328.13;2021-06-03T00:00:00
11442697;533955;Kutná Hora;;;;;78018;Kaòk;2811880;U Radnice;è.p.;78;;;28404;684098.76;1063295.65;2021-06-03T00:00:00
11442701;533955;Kutná Hora;;;;;78018;Kaòk;2811880;U Radnice;è.p.;79;;;28404;684096.83;1063282.12;2021-06-03T00:00:00
11442719;533955;Kutná Hora;;;;;78018;Kaòk;2811880;U Radnice;è.p.;80;;;28404;684107.31;1063267.57;2021-06-03T00:00:00
11442727;533955;Kutná Hora;;;;;78018;Kaòk;2811995;Vavøinecká;è.p.;81;;;28404;684150.91;1063255.14;2021-06-03T00:00:00
11442735;533955;Kutná Hora;;;;;78018;Kaòk;2811995;Vavøinecká;è.p.;82;;;28404;684161.04;1063232.78;2021-06-03T00:00:00
11442743;533955;Kutná Hora;;;;;78018;Kaòk;2811448;Libenická;è.p.;83;;;28404;684141.76;1063225.14;2021-05-25T00:00:00
11442760;533955;Kutná Hora;;;;;78018;Kaòk;2811448;Libenická;è.p.;85;;;28404;684165.25;1063151.84;2021-05-25T00:00:00
11442778;533955;Kutná Hora;;;;;78018;Kaòk;2811537;Dùlní;è.p.;87;;;28404;684089.74;1063060.30;2021-05-25T00:00:00
11442786;533955;Kutná Hora;;;;;78018;Kaòk;2811537;Dùlní;è.p.;88;;;28404;684086.50;1063021.63;2021-05-25T00:00:00
11442794;533955;Kutná Hora;;;;;78018;Kaòk;2811537;Dùlní;è.p.;89;;;28404;684145.04;1063003.52;2021-05-25T00:00:00
11442808;533955;Kutná Hora;;;;;78018;Kaòk;2811537;Dùlní;è.p.;90;;;28404;684154.68;1062972.51;2021-05-25T00:00:00
11442816;533955;Kutná Hora;;;;;78018;Kaòk;2811499;Na Rafandì;è.p.;91;;;28404;684121.37;1062881.62;2021-05-25T00:00:00
11442824;533955;Kutná Hora;;;;;78018;Kaòk;2811499;Na Rafandì;è.p.;92;;;28404;684095.78;1062843.44;2021-05-25T00:00:00
11442832;533955;Kutná Hora;;;;;78018;Kaòk;2811537;Dùlní;è.p.;93;;;28404;684106.39;1062931.08;2021-05-25T00:00:00
11442859;533955;Kutná Hora;;;;;78018;Kaòk;2812100;Ke Skalce;è.p.;95;;;28404;683983.03;1062912.60;2021-06-03T00:00:00
11442867;533955;Kutná Hora;;;;;78018;Kaòk;2811723;Nad Baštou;è.p.;96;;;28404;683954.37;1062911.62;2021-05-27T00:00:00
11442875;533955;Kutná Hora;;;;;78018;Kaòk;2812100;Ke Skalce;è.p.;97;;;28404;683933.87;1062868.67;2021-06-03T00:00:00
11442883;533955;Kutná Hora;;;;;78018;Kaòk;2812100;Ke Skalce;è.p.;98;;;28404;683903.22;1062812.48;2021-06-03T00:00:00
11442891;533955;Kutná Hora;;;;;78018;Kaòk;2812100;Ke Skalce;è.p.;99;;;28404;683877.57;1062781.93;2021-06-03T00:00:00
11442905;533955;Kutná Hora;;;;;78018;Kaòk;2812100;Ke Skalce;è.p.;100;;;28404;683835.58;1062759.10;2021-06-03T00:00:00
11442921;533955;Kutná Hora;;;;;78018;Kaòk;2811723;Nad Baštou;è.p.;102;;;28404;683885.73;1062896.31;2021-05-27T00:00:00
11442930;533955;Kutná Hora;;;;;78018;Kaòk;2811723;Nad Baštou;è.p.;103;;;28404;683881.34;1062923.53;2021-05-27T00:00:00
11442948;533955;Kutná Hora;;;;;78018;Kaòk;2811481;Kolínská;è.p.;104;;;28404;683848.37;1062926.88;2021-05-27T00:00:00
11442956;533955;Kutná Hora;;;;;78018;Kaòk;2811723;Nad Baštou;è.p.;105;;;28404;683832.27;1062909.64;2021-08-31T00:00:00
11442964;533955;Kutná Hora;;;;;78018;Kaòk;2811481;Kolínská;è.p.;106;;;28404;683822.03;1062976.81;2021-05-27T00:00:00
11442972;533955;Kutná Hora;;;;;78018;Kaòk;2811723;Nad Baštou;è.p.;107;;;28404;683866.34;1062942.20;2021-05-27T00:00:00
11442981;533955;Kutná Hora;;;;;78018;Kaòk;2811723;Nad Baštou;è.p.;108;;;28404;683877.31;1062946.49;2021-05-27T00:00:00
11442999;533955;Kutná Hora;;;;;78018;Kaòk;2811723;Nad Baštou;è.p.;109;;;28404;683929.92;1062914.16;2021-05-27T00:00:00
11443006;533955;Kutná Hora;;;;;78018;Kaòk;2811723;Nad Baštou;è.p.;110;;;28404;683948.67;1062946.14;2021-05-27T00:00:00
11443014;533955;Kutná Hora;;;;;78018;Kaòk;2811464;U Lípy;è.p.;111;;;28404;683959.23;1063000.49;2021-05-25T00:00:00
11443022;533955;Kutná Hora;;;;;78018;Kaòk;2811464;U Lípy;è.p.;112;;;28404;683934.56;1062974.15;2021-05-25T00:00:00
11443031;533955;Kutná Hora;;;;;78018;Kaòk;2811723;Nad Baštou;è.p.;113;;;28404;683896.99;1062979.34;2021-05-27T00:00:00
11443049;533955;Kutná Hora;;;;;78018;Kaòk;2811481;Kolínská;è.p.;114;;;28404;683878.49;1062982.11;2021-05-27T00:00:00
11443057;533955;Kutná Hora;;;;;78018;Kaòk;2811481;Kolínská;è.p.;115;;;28404;683869.33;1063026.47;2021-05-27T00:00:00
11443065;533955;Kutná Hora;;;;;78018;Kaòk;2811481;Kolínská;è.p.;116;;;28404;683900.68;1063024.38;2021-05-27T00:00:00
11443073;533955;Kutná Hora;;;;;78018;Kaòk;2811464;U Lípy;è.p.;117;;;28404;683936.56;1063034.40;2021-05-25T00:00:00
11443081;533955;Kutná Hora;;;;;78018;Kaòk;2811553;U Panské jámy;è.p.;118;;;28404;684060.71;1063122.74;2021-05-27T00:00:00
11443090;533955;Kutná Hora;;;;;78018;Kaòk;2811448;Libenická;è.p.;119;;;28404;684104.18;1063143.76;2021-05-25T00:00:00
11443103;533955;Kutná Hora;;;;;78018;Kaòk;2811553;U Panské jámy;è.p.;120;;;28404;684056.66;1063135.69;2021-05-27T00:00:00
11443111;533955;Kutná Hora;;;;;78018;Kaòk;2811553;U Panské jámy;è.p.;121;;;28404;684050.40;1063153.21;2021-05-27T00:00:00
11443120;533955;Kutná Hora;;;;;78018;Kaòk;2811553;U Panské jámy;è.p.;122;;;28404;684036.87;1063174.18;2021-05-27T00:00:00
11443138;533955;Kutná Hora;;;;;78018;Kaòk;2811553;U Panské jámy;è.p.;123;;;28404;684036.46;1063226.11;2021-05-27T00:00:00
11443146;533955;Kutná Hora;;;;;78018;Kaòk;2811553;U Panské jámy;è.p.;124;;;28404;684019.41;1063207.55;2021-05-27T00:00:00
11443154;533955;Kutná Hora;;;;;78018;Kaòk;2811481;Kolínská;è.p.;125;;;28404;683978.07;1063216.64;2021-05-27T00:00:00
11443162;533955;Kutná Hora;;;;;78018;Kaòk;2811481;Kolínská;è.p.;126;;;28404;683962.87;1063317.73;2021-05-27T00:00:00
11443171;533955;Kutná Hora;;;;;78018;Kaòk;2811481;Kolínská;è.p.;127;;;28404;683949.39;1063287.11;2021-05-27T00:00:00
11443189;533955;Kutná Hora;;;;;78018;Kaòk;2811481;Kolínská;è.p.;128;;;28404;683928.06;1063227.33;2021-05-27T00:00:00
11443197;533955;Kutná Hora;;;;;78018;Kaòk;2811570;Vyhnánov;è.p.;129;;;28404;683922.73;1063215.58;2021-05-27T00:00:00
11443201;533955;Kutná Hora;;;;;78018;Kaòk;2811570;Vyhnánov;è.p.;130;;;28404;683866.60;1063215.99;2021-05-27T00:00:00
11443219;533955;Kutná Hora;;;;;78018;Kaòk;2811570;Vyhnánov;è.p.;131;;;28404;683867.85;1063194.37;2021-05-27T00:00:00
11443227;533955;Kutná Hora;;;;;78018;Kaòk;2811570;Vyhnánov;è.p.;132;;;28404;683847.65;1063213.00;2021-05-27T00:00:00
11443235;533955;Kutná Hora;;;;;78018;Kaòk;2811651;Pod Haldou;è.p.;133;;;28404;684185.70;1063815.61;2021-06-03T00:00:00
11443243;533955;Kutná Hora;;;;;78018;Kaòk;2811910;Staroèeská;è.p.;134;;;28404;684224.57;1064048.52;2021-06-03T00:00:00
11443251;533955;Kutná Hora;;;;;78018;Kaòk;2811481;Kolínská;è.p.;135;;;28404;683949.95;1063590.75;2021-05-27T00:00:00
11443278;533955;Kutná Hora;;;;;78018;Kaòk;2811821;Šmitenská;è.p.;138;;;28404;684154.87;1063622.92;2021-06-03T00:00:00
11443286;533955;Kutná Hora;;;;;78018;Kaòk;2811952;Fráty;è.p.;140;;;28404;684135.00;1063593.04;2021-06-03T00:00:00
11443294;533955;Kutná Hora;;;;;78018;Kaòk;2811782;Nyklasy;è.p.;142;;;28404;684083.79;1063886.63;2021-06-09T00:00:00
11443308;533955;Kutná Hora;;;;;78018;Kaòk;2811782;Nyklasy;è.p.;143;;;28404;684105.91;1063858.83;2021-06-09T00:00:00
11443316;533955;Kutná Hora;;;;;78018;Kaòk;2811995;Vavøinecká;è.p.;144;;;28404;684151.36;1063274.80;2021-06-03T00:00:00
11443324;533955;Kutná Hora;;;;;78018;Kaòk;2811499;Na Rafandì;è.p.;145;;;28404;684133.52;1062891.40;2021-05-25T00:00:00
11443332;533955;Kutná Hora;;;;;78018;Kaòk;2811707;K Úvozu;è.p.;146;;;28404;683865.64;1062874.29;2021-05-27T00:00:00
11443341;533955;Kutná Hora;;;;;78018;Kaòk;2811979;Za Poštou;è.p.;147;;;28404;684161.41;1063443.55;2021-06-03T00:00:00
11443359;533955;Kutná Hora;;;;;78018;Kaòk;2811651;Pod Haldou;è.p.;148;;;28404;684111.09;1063783.32;2021-06-03T00:00:00
11443367;533955;Kutná Hora;;;;;78018;Kaòk;2811936;U Jankrouba;è.p.;149;;;28404;684035.47;1063632.99;2021-06-03T00:00:00
11443391;533955;Kutná Hora;;;;;78018;Kaòk;2811511;Pod Baštou;è.p.;152;;;28404;684052.40;1062949.78;2021-05-25T00:00:00
11443405;533955;Kutná Hora;;;;;78018;Kaòk;2811847;U Staré Plimle;è.p.;153;;;28404;684186.53;1063459.24;2021-06-03T00:00:00
11443413;533955;Kutná Hora;;;;;78018;Kaòk;2811898;Ke Gruntì;è.p.;154;;;28404;684079.23;1063741.04;2021-06-03T00:00:00
11443430;533955;Kutná Hora;;;;;78018;Kaòk;2811481;Kolínská;è.p.;156;;;28404;683949.63;1063812.97;2021-05-27T00:00:00
11443456;533955;Kutná Hora;;;;;78018;Kaòk;2811995;Vavøinecká;è.p.;158;;;28404;684216.63;1063617.12;2021-06-03T00:00:00
11443464;533955;Kutná Hora;;;;;78018;Kaòk;2811995;Vavøinecká;è.p.;159;;;28404;684224.51;1063312.17;2021-06-03T00:00:00
11443472;533955;Kutná Hora;;;;;78018;Kaòk;2811898;Ke Gruntì;è.p.;160;;;28404;684047.60;1063869.36;2021-06-03T00:00:00
11443499;533955;Kutná Hora;;;;;78018;Kaòk;2811910;Staroèeská;è.p.;162;;;28404;684239.61;1064137.71;2021-06-03T00:00:00
11443502;533955;Kutná Hora;;;;;78018;Kaòk;2811481;Kolínská;è.p.;163;;;28404;683979.23;1063607.12;2021-05-27T00:00:00
11443511;533955;Kutná Hora;;;;;78018;Kaòk;2811880;U Radnice;è.p.;164;;;28404;684083.24;1063325.71;2021-06-03T00:00:00
11443529;533955;Kutná Hora;;;;;78018;Kaòk;2811880;U Radnice;è.p.;165;;;28404;684070.72;1063286.56;2021-06-03T00:00:00
11443537;533955;Kutná Hora;;;;;78018;Kaòk;2811847;U Staré Plimle;è.p.;166;;;28404;684077.87;1063453.08;2021-06-03T00:00:00
11443545;533955;Kutná Hora;;;;;78018;Kaòk;2811481;Kolínská;è.p.;167;;;28404;683989.50;1063773.79;2021-05-27T00:00:00
11443553;533955;Kutná Hora;;;;;78018;Kaòk;2811880;U Radnice;è.p.;168;;;28404;684084.73;1063352.04;2021-06-03T00:00:00
11443561;533955;Kutná Hora;;;;;78018;Kaòk;2811995;Vavøinecká;è.p.;169;;;28404;684221.90;1063341.66;2021-06-03T00:00:00
11443588;533955;Kutná Hora;;;;;78018;Kaòk;2811898;Ke Gruntì;è.p.;171;;;28404;684215.02;1063627.52;2021-06-03T00:00:00
11443596;533955;Kutná Hora;;;;;78018;Kaòk;2811677;Tolpy;è.p.;172;;;28404;684147.21;1063913.69;2021-06-03T00:00:00
11443600;533955;Kutná Hora;;;;;78018;Kaòk;2811553;U Panské jámy;è.p.;173;;;28404;684009.64;1063052.93;2021-05-27T00:00:00
11443618;533955;Kutná Hora;;;;;78018;Kaòk;244040;Kaòkovská;è.p.;174;;;28404;684100.46;1063937.78;2021-06-03T00:00:00
11443626;533955;Kutná Hora;;;;;78018;Kaòk;2811910;Staroèeská;è.p.;175;;;28404;684209.72;1063921.13;2021-06-03T00:00:00
11443634;533955;Kutná Hora;;;;;78018;Kaòk;2811910;Staroèeská;è.p.;176;;;28404;684206.60;1064005.22;2021-06-03T00:00:00
11443642;533955;Kutná Hora;;;;;78018;Kaòk;2811910;Staroèeská;è.p.;177;;;28404;684199.21;1064032.20;2021-06-03T00:00:00
11443651;533955;Kutná Hora;;;;;78018;Kaòk;2811651;Pod Haldou;è.p.;178;;;28404;684139.40;1063692.61;2021-06-03T00:00:00
11443677;533955;Kutná Hora;;;;;78018;Kaòk;2811847;U Staré Plimle;è.p.;180;;;28404;684148.91;1063479.05;2021-06-03T00:00:00
11443685;533955;Kutná Hora;;;;;78018;Kaòk;2811481;Kolínská;è.p.;181;;;28404;683959.53;1063180.33;2021-05-27T00:00:00
11443693;533955;Kutná Hora;;;;;78018;Kaòk;2811481;Kolínská;è.p.;182;;;28404;683955.59;1063170.47;2021-05-27T00:00:00
11443707;533955;Kutná Hora;;;;;78018;Kaòk;2811847;U Staré Plimle;è.p.;183;;;28404;684136.21;1063483.08;2021-06-03T00:00:00
11443715;533955;Kutná Hora;;;;;78018;Kaòk;2811677;Tolpy;è.p.;184;;;28404;684163.50;1063929.56;2021-06-03T00:00:00
11443723;533955;Kutná Hora;;;;;78018;Kaòk;2811723;Nad Baštou;è.p.;185;;;28404;683856.58;1062910.30;2021-05-27T00:00:00
11443731;533955;Kutná Hora;;;;;78018;Kaòk;2811553;U Panské jámy;è.p.;186;;;28404;683984.91;1062962.10;2021-05-27T00:00:00
11443740;533955;Kutná Hora;;;;;78018;Kaòk;2811553;U Panské jámy;è.p.;187;;;28404;683997.09;1063037.06;2021-05-27T00:00:00
11443758;533955;Kutná Hora;;;;;78018;Kaòk;2811910;Staroèeská;è.p.;188;;;28404;684190.71;1063719.06;2021-06-03T00:00:00
11443766;533955;Kutná Hora;;;;;78018;Kaòk;2811723;Nad Baštou;è.p.;189;;;28404;683876.55;1062936.94;2021-05-27T00:00:00
11443774;533955;Kutná Hora;;;;;78018;Kaòk;2811618;Pod Pašinkou;è.p.;190;;;28404;683981.54;1063970.25;2021-06-08T00:00:00
11443782;533955;Kutná Hora;;;;;78018;Kaòk;2811618;Pod Pašinkou;è.p.;191;;;28404;683984.54;1063976.80;2021-06-08T00:00:00
11443791;533955;Kutná Hora;;;;;78018;Kaòk;2811481;Kolínská;è.p.;192;;;28404;683830.95;1062884.67;2021-05-27T00:00:00
11443804;533955;Kutná Hora;;;;;78018;Kaòk;2811481;Kolínská;è.p.;193;;;28404;683946.56;1063737.24;2021-05-27T00:00:00
11443812;533955;Kutná Hora;;;;;78018;Kaòk;244040;Kaòkovská;è.p.;194;;;28404;684174.85;1064126.36;2021-06-03T00:00:00
11443821;533955;Kutná Hora;;;;;78018;Kaòk;2811740;Ke Kalvárii;è.p.;195;;;28404;683906.54;1063916.64;2021-06-03T00:00:00
11443839;533955;Kutná Hora;;;;;78018;Kaòk;2811537;Dùlní;è.p.;196;;;28404;684127.40;1063030.33;2021-05-25T00:00:00
11443847;533955;Kutná Hora;;;;;78018;Kaòk;2811995;Vavøinecká;è.p.;197;;;28404;684249.18;1063543.42;2021-06-03T00:00:00
11443855;533955;Kutná Hora;;;;;78018;Kaòk;2811766;Macháèkova;è.p.;198;;;28404;683976.69;1063954.12;2021-06-03T00:00:00
11443863;533955;Kutná Hora;;;;;78018;Kaòk;244040;Kaòkovská;è.p.;199;;;28404;684177.39;1064158.63;2021-06-03T00:00:00
11443871;533955;Kutná Hora;;;;;78018;Kaòk;2811618;Pod Pašinkou;è.p.;200;;;28404;684053.28;1063987.83;2021-06-08T00:00:00
11443880;533955;Kutná Hora;;;;;78018;Kaòk;2811511;Pod Baštou;è.p.;201;;;28404;684155.37;1062922.87;2021-05-25T00:00:00
11443898;533955;Kutná Hora;;;;;78018;Kaòk;2811511;Pod Baštou;è.p.;202;;;28404;684055.04;1062921.46;2021-05-25T00:00:00
11443910;533955;Kutná Hora;;;;;78018;Kaòk;2811511;Pod Baštou;è.p.;204;;;28404;684101.63;1062909.50;2021-05-25T00:00:00
11443928;533955;Kutná Hora;;;;;78018;Kaòk;2811952;Fráty;è.p.;205;;;28404;684148.17;1063612.41;2021-06-03T00:00:00
11443936;533955;Kutná Hora;;;;;78018;Kaòk;2811952;Fráty;è.p.;206;;;28404;684102.65;1063623.04;2021-06-03T00:00:00
11443944;533955;Kutná Hora;;;;;78018;Kaòk;2811511;Pod Baštou;è.p.;207;;;28404;684155.06;1062902.62;2021-05-25T00:00:00
11443952;533955;Kutná Hora;;;;;78018;Kaòk;2811707;K Úvozu;è.p.;208;;;28404;683890.78;1062863.15;2021-05-27T00:00:00
11443961;533955;Kutná Hora;;;;;78018;Kaòk;2811952;Fráty;è.p.;209;;;28404;684101.03;1063629.14;2021-06-03T00:00:00
11443979;533955;Kutná Hora;;;;;78018;Kaòk;2811499;Na Rafandì;è.p.;210;;;28404;684089.42;1062888.18;2021-05-25T00:00:00
11443987;533955;Kutná Hora;;;;;78018;Kaòk;2811821;Šmitenská;è.p.;211;;;28404;684206.32;1063482.48;2021-06-03T00:00:00
11443995;533955;Kutná Hora;;;;;78018;Kaòk;2811821;Šmitenská;è.p.;212;;;28404;684207.51;1063472.58;2021-06-03T00:00:00
11444002;533955;Kutná Hora;;;;;78018;Kaòk;2811651;Pod Haldou;è.p.;213;;;28404;684163.69;1063819.86;2021-06-03T00:00:00
11444011;533955;Kutná Hora;;;;;78018;Kaòk;2811979;Za Poštou;è.p.;214;;;28404;684185.22;1063405.96;2021-06-03T00:00:00
11444037;533955;Kutná Hora;;;;;78018;Kaòk;2811499;Na Rafandì;è.p.;216;;;28404;684080.52;1062866.94;2021-05-25T00:00:00
11444045;533955;Kutná Hora;;;;;78018;Kaòk;2811651;Pod Haldou;è.p.;217;;;28404;684152.53;1063712.23;2021-06-03T00:00:00
11444053;533955;Kutná Hora;;;;;78018;Kaòk;2811499;Na Rafandì;è.p.;218;;;28404;684065.77;1062829.25;2021-05-25T00:00:00
11444061;533955;Kutná Hora;;;;;78018;Kaòk;2811499;Na Rafandì;è.p.;219;;;28404;684058.41;1062804.49;2021-05-25T00:00:00
11444070;533955;Kutná Hora;;;;;78018;Kaòk;2811499;Na Rafandì;è.p.;220;;;28404;684048.90;1062785.79;2021-05-25T00:00:00
11444088;533955;Kutná Hora;;;;;78018;Kaòk;2811740;Ke Kalvárii;è.p.;221;;;28404;683866.14;1063926.27;2021-06-03T00:00:00
11444096;533955;Kutná Hora;;;;;78018;Kaòk;2811740;Ke Kalvárii;è.p.;222;;;28404;683850.95;1063916.05;2021-06-03T00:00:00
11444100;533955;Kutná Hora;;;;;78018;Kaòk;2811740;Ke Kalvárii;è.p.;223;;;28404;683843.04;1063912.88;2021-06-03T00:00:00
11444118;533955;Kutná Hora;;;;;78018;Kaòk;2811740;Ke Kalvárii;è.p.;224;;;28404;683824.03;1063907.41;2021-06-03T00:00:00
11444126;533955;Kutná Hora;;;;;78018;Kaòk;2811740;Ke Kalvárii;è.p.;225;;;28404;683796.79;1063879.78;2021-06-03T00:00:00
11444134;533955;Kutná Hora;;;;;78018;Kaòk;2811766;Macháèkova;è.p.;226;;;28404;683898.03;1063999.33;2021-06-03T00:00:00
11444142;533955;Kutná Hora;;;;;78018;Kaòk;2811766;Macháèkova;è.p.;227;;;28404;683935.45;1063998.68;2021-06-03T00:00:00
11444151;533955;Kutná Hora;;;;;78018;Kaòk;2811766;Macháèkova;è.p.;228;;;28404;683923.85;1064007.11;2021-06-03T00:00:00
11444169;533955;Kutná Hora;;;;;78018;Kaòk;2811766;Macháèkova;è.p.;229;;;28404;683912.30;1064017.35;2021-06-03T00:00:00
11444177;533955;Kutná Hora;;;;;78018;Kaòk;2811766;Macháèkova;è.p.;230;;;28404;683902.31;1064026.09;2021-06-03T00:00:00
11444185;533955;Kutná Hora;;;;;78018;Kaòk;2811766;Macháèkova;è.p.;231;;;28404;683888.85;1064038.89;2021-06-03T00:00:00
11444193;533955;Kutná Hora;;;;;78018;Kaòk;2811766;Macháèkova;è.p.;232;;;28404;683870.49;1064054.33;2021-06-03T00:00:00
11444207;533955;Kutná Hora;;;;;78018;Kaòk;244040;Kaòkovská;è.p.;233;;;28404;684140.73;1064115.30;2021-06-03T00:00:00
11444215;533955;Kutná Hora;;;;;78018;Kaòk;2811651;Pod Haldou;è.p.;234;;;28404;684152.38;1063741.66;2021-06-03T00:00:00
11444223;533955;Kutná Hora;;;;;78018;Kaòk;2811910;Staroèeská;è.p.;235;;;28404;684170.94;1063853.94;2021-06-03T00:00:00
11444231;533955;Kutná Hora;;;;;78018;Kaòk;2811910;Staroèeská;è.p.;236;;;28404;684207.99;1064017.24;2021-06-03T00:00:00
11444240;533955;Kutná Hora;;;;;78018;Kaòk;2811537;Dùlní;è.p.;237;;;28404;684128.19;1063016.46;2021-05-25T00:00:00
11444258;533955;Kutná Hora;;;;;78018;Kaòk;2811651;Pod Haldou;è.p.;238;;;28404;684141.38;1063725.25;2021-06-03T00:00:00
11444266;533955;Kutná Hora;;;;;78018;Kaòk;2811952;Fráty;è.p.;239;;;28404;684102.55;1063606.66;2021-06-03T00:00:00
11444274;533955;Kutná Hora;;;;;78018;Kaòk;2811766;Macháèkova;è.p.;240;;;28404;683809.42;1064076.86;2021-06-03T00:00:00
11444282;533955;Kutná Hora;;;;;78018;Kaòk;2811511;Pod Baštou;è.p.;241;;;28404;684172.13;1062934.71;2021-05-25T00:00:00
11444291;533955;Kutná Hora;;;;;78018;Kaòk;2811499;Na Rafandì;è.p.;242;;;28404;684077.02;1062849.38;2021-05-25T00:00:00
11444304;533955;Kutná Hora;;;;;78018;Kaòk;2811553;U Panské jámy;è.p.;243;;;28404;683979.36;1063079.21;2021-05-27T00:00:00
11444312;533955;Kutná Hora;;;;;78018;Kaòk;244040;Kaòkovská;è.p.;244;;;28404;684073.52;1063944.88;2021-06-03T00:00:00
11444321;533955;Kutná Hora;;;;;78018;Kaòk;2811481;Kolínská;è.p.;245;;;28404;683975.79;1063737.77;2021-05-27T00:00:00
11444339;533955;Kutná Hora;;;;;78018;Kaòk;2811952;Fráty;è.p.;247;;;28404;684067.76;1063577.71;2021-06-03T00:00:00
11444347;533955;Kutná Hora;;;;;78018;Kaòk;2811511;Pod Baštou;è.p.;248;;;28404;684164.89;1062930.06;2021-05-25T00:00:00
11444355;533955;Kutná Hora;;;;;78018;Kaòk;2811511;Pod Baštou;è.p.;249;;;28404;684159.52;1062916.76;2021-05-25T00:00:00
11444363;533955;Kutná Hora;;;;;78018;Kaòk;2811979;Za Poštou;è.p.;250;;;28404;684148.46;1063426.15;2021-06-03T00:00:00
11444371;533955;Kutná Hora;;;;;78018;Kaòk;2811863;Jana Hejzelny;è.p.;251;;;28404;684020.91;1063589.96;2021-06-03T00:00:00
11444380;533955;Kutná Hora;;;;;78018;Kaòk;2811537;Dùlní;è.p.;252;;;28404;684101.94;1063028.33;2021-05-25T00:00:00
11444398;533955;Kutná Hora;;;;;78018;Kaòk;2811847;U Staré Plimle;è.p.;253;;;28404;684136.35;1063478.10;2021-06-03T00:00:00
11444401;533955;Kutná Hora;;;;;78018;Kaòk;2811910;Staroèeská;è.p.;254;;;28404;684192.26;1063843.21;2021-06-03T00:00:00
11444410;533955;Kutná Hora;;;;;78018;Kaòk;2811537;Dùlní;è.p.;255;;;28404;684132.07;1062994.46;2021-05-25T00:00:00
11444428;533955;Kutná Hora;;;;;78018;Kaòk;2811880;U Radnice;è.p.;256;;;28404;684054.90;1063405.14;2021-06-03T00:00:00
11444436;533955;Kutná Hora;;;;;78018;Kaòk;2811995;Vavøinecká;è.p.;257;;;28404;684189.75;1063391.32;2021-06-03T00:00:00
11444444;533955;Kutná Hora;;;;;78018;Kaòk;2811995;Vavøinecká;è.p.;258;;;28404;684224.93;1063585.95;2021-06-03T00:00:00
11444452;533955;Kutná Hora;;;;;78018;Kaòk;2811740;Ke Kalvárii;è.p.;259;;;28404;683897.42;1063941.09;2021-06-03T00:00:00
11444461;533955;Kutná Hora;;;;;78018;Kaòk;2812100;Ke Skalce;è.p.;260;;;28404;683865.04;1062737.93;2021-06-03T00:00:00
11444479;533955;Kutná Hora;;;;;78018;Kaòk;2811651;Pod Haldou;è.p.;261;;;28404;684146.39;1063768.70;2021-06-03T00:00:00
11444487;533955;Kutná Hora;;;;;78018;Kaòk;2811570;Vyhnánov;è.p.;262;;;28404;683828.79;1063242.64;2021-05-27T00:00:00
11444495;533955;Kutná Hora;;;;;78018;Kaòk;2811570;Vyhnánov;è.p.;263;;;28404;683797.40;1063239.69;2021-05-27T00:00:00
11444509;533955;Kutná Hora;;;;;78018;Kaòk;2811570;Vyhnánov;è.p.;264;;;28404;683772.42;1063229.64;2021-05-27T00:00:00
11444517;533955;Kutná Hora;;;;;78018;Kaòk;2811570;Vyhnánov;è.p.;265;;;28404;683752.50;1063218.53;2021-05-27T00:00:00
11444533;533955;Kutná Hora;;;;;78018;Kaòk;2811766;Macháèkova;è.p.;267;;;28404;683860.43;1064067.05;2021-06-03T00:00:00
11444541;533955;Kutná Hora;;;;;78018;Kaòk;2811766;Macháèkova;è.p.;268;;;28404;683844.18;1064080.39;2021-06-03T00:00:00
11444568;533955;Kutná Hora;;;;;78018;Kaòk;2811481;Kolínská;è.p.;270;;;28404;683996.26;1063272.87;2021-05-27T00:00:00
11444576;533955;Kutná Hora;;;;;78018;Kaòk;2811880;U Radnice;è.p.;271;;;28404;684045.70;1063285.45;2021-06-03T00:00:00
11444584;533955;Kutná Hora;;;;;78018;Kaòk;2811847;U Staré Plimle;è.p.;272;;;28404;684092.52;1063477.19;2021-06-03T00:00:00
11444592;533955;Kutná Hora;;;;;78018;Kaòk;2811804;Sukovská;è.p.;273;;;28404;684280.36;1063915.14;2021-06-08T00:00:00
11444606;533955;Kutná Hora;;;;;78018;Kaòk;2811537;Dùlní;è.p.;274;;;28404;684146.80;1063082.34;2021-05-25T00:00:00
11444614;533955;Kutná Hora;;;;;78018;Kaòk;2811910;Staroèeská;è.p.;275;;;28404;684214.55;1063943.79;2021-06-03T00:00:00
11444622;533955;Kutná Hora;;;;;78018;Kaòk;2811618;Pod Pašinkou;è.p.;276;;;28404;684038.09;1064020.61;2021-06-08T00:00:00
11444631;533955;Kutná Hora;;;;;78018;Kaòk;2811979;Za Poštou;è.p.;277;;;28404;684109.11;1063357.41;2021-06-03T00:00:00
11444649;533955;Kutná Hora;;;;;78018;Kaòk;2811740;Ke Kalvárii;è.p.;278;;;28404;683884.04;1063948.55;2021-06-03T00:00:00
11444657;533955;Kutná Hora;;;;;78018;Kaòk;2811979;Za Poštou;è.p.;279;;;28404;684117.33;1063375.67;2021-06-03T00:00:00
11444673;533955;Kutná Hora;;;;;78018;Kaòk;2811723;Nad Baštou;è.p.;281;;;28404;683901.57;1062900.56;2021-05-27T00:00:00
11444681;533955;Kutná Hora;;;;;78018;Kaòk;2811979;Za Poštou;è.p.;282;;;28404;684128.49;1063396.48;2021-06-03T00:00:00
11444690;533955;Kutná Hora;;;;;78018;Kaòk;2811481;Kolínská;è.p.;283;;;28404;683954.91;1063110.32;2021-05-27T00:00:00
11444703;533955;Kutná Hora;;;;;78018;Kaòk;2811910;Staroèeská;è.p.;284;;;28404;684215.18;1063808.57;2021-06-03T00:00:00
11444711;533955;Kutná Hora;;;;;78018;Kaòk;2811995;Vavøinecká;è.p.;285;;;28404;684245.18;1063609.43;2021-06-03T00:00:00
11444720;533955;Kutná Hora;;;;;78018;Kaòk;2812100;Ke Skalce;è.p.;286;;;28404;683965.38;1062871.85;2021-06-03T00:00:00
11444738;533955;Kutná Hora;;;;;78018;Kaòk;2811481;Kolínská;è.p.;287;;;28404;684000.38;1063529.48;2021-05-27T00:00:00
11444754;533955;Kutná Hora;;;;;78018;Kaòk;2811481;Kolínská;è.p.;289;;;28404;683970.41;1063359.63;2021-05-27T00:00:00
11444762;533955;Kutná Hora;;;;;78018;Kaòk;2811481;Kolínská;è.p.;290;;;28404;683970.30;1063131.77;2021-05-27T00:00:00
11444771;533955;Kutná Hora;;;;;78018;Kaòk;2812100;Ke Skalce;è.p.;291;;;28404;683927.27;1062856.72;2021-06-03T00:00:00
11444789;533955;Kutná Hora;;;;;78018;Kaòk;2811804;Sukovská;è.p.;292;;;28404;684261.43;1064002.32;2021-06-08T00:00:00
11444797;533955;Kutná Hora;;;;;78018;Kaòk;2811910;Staroèeská;è.p.;293;;;28404;684195.22;1063956.19;2021-06-03T00:00:00
11444801;533955;Kutná Hora;;;;;78018;Kaòk;2811804;Sukovská;è.p.;294;;;28404;684254.68;1063918.72;2021-06-08T00:00:00
11444819;533955;Kutná Hora;;;;;78018;Kaòk;2811740;Ke Kalvárii;è.p.;295;;;28404;683916.31;1063895.43;2021-06-03T00:00:00
11444827;533955;Kutná Hora;;;;;78018;Kaòk;2811448;Libenická;è.p.;296;;;28404;684151.83;1063030.17;2021-05-25T00:00:00
11444835;533955;Kutná Hora;;;;;78018;Kaòk;2811481;Kolínská;è.p.;297;;;28404;683939.99;1063324.23;2021-05-27T00:00:00
11444843;533955;Kutná Hora;;;;;78018;Kaòk;2811821;Šmitenská;è.p.;298;;;28404;684129.83;1063649.23;2021-06-03T00:00:00
11444851;533955;Kutná Hora;;;;;78018;Kaòk;2811995;Vavøinecká;è.p.;300;;;28404;684265.09;1063522.17;2021-06-03T00:00:00
11444860;533955;Kutná Hora;;;;;78018;Kaòk;2811782;Nyklasy;è.p.;302;;;28404;684138.26;1063812.70;2021-06-09T00:00:00
11444878;533955;Kutná Hora;;;;;78018;Kaòk;2811740;Ke Kalvárii;è.p.;303;;;28404;683821.09;1063862.66;2021-06-09T00:00:00
11444886;533955;Kutná Hora;;;;;78026;Malín;796191;Mincovní;è.p.;1;;;28401;681861.89;1064424.10;2013-12-02T00:00:00
11444894;533955;Kutná Hora;;;;;78026;Malín;244864;Slavníkovská;è.p.;2;;;28401;681794.15;1064424.80;2013-12-02T00:00:00
11444908;533955;Kutná Hora;;;;;78026;Malín;244864;Slavníkovská;è.p.;3;;;28401;681771.03;1064437.09;2013-12-02T00:00:00
11444916;533955;Kutná Hora;;;;;78026;Malín;245267;Starokolínská;è.p.;4;;;28401;681759.64;1064419.17;2013-12-02T00:00:00
11444924;533955;Kutná Hora;;;;;78026;Malín;245267;Starokolínská;è.p.;5;;;28401;681607.60;1064476.16;2013-12-02T00:00:00
11444932;533955;Kutná Hora;;;;;78026;Malín;244864;Slavníkovská;è.p.;6;;;28401;681779.76;1064498.84;2013-12-02T00:00:00
11444941;533955;Kutná Hora;;;;;78026;Malín;244287;Novodvorská;è.p.;7;;;28401;681709.23;1064562.90;2013-12-02T00:00:00
11444959;533955;Kutná Hora;;;;;78026;Malín;244864;Slavníkovská;è.p.;8;;;28401;681792.12;1064550.83;2013-12-02T00:00:00
11444967;533955;Kutná Hora;;;;;78026;Malín;796191;Mincovní;è.p.;9;;;28401;681833.77;1064554.07;2013-12-02T00:00:00
11444975;533955;Kutná Hora;;;;;78026;Malín;796204;Na Hyvli;è.p.;10;;;28401;681880.96;1064553.58;2013-12-02T00:00:00
11444983;533955;Kutná Hora;;;;;78026;Malín;796191;Mincovní;è.p.;11;;;28401;681847.75;1064507.80;2013-12-02T00:00:00
11445009;533955;Kutná Hora;;;;;78026;Malín;796191;Mincovní;è.p.;13;;;28401;681899.39;1064461.94;2013-12-02T00:00:00
11445033;533955;Kutná Hora;;;;;78026;Malín;;;è.p.;16;;;28401;681946.95;1064424.61;2013-12-02T00:00:00
11445041;533955;Kutná Hora;;;;;78026;Malín;;;è.p.;17;;;28401;681976.67;1064496.21;2013-12-02T00:00:00
11445050;533955;Kutná Hora;;;;;78026;Malín;244287;Novodvorská;è.p.;18;;;28401;681813.89;1064623.77;2013-12-02T00:00:00
11445068;533955;Kutná Hora;;;;;78026;Malín;796255;U Beránky;è.p.;19;;;28401;681817.65;1064206.25;2013-12-02T00:00:00
11445114;533955;Kutná Hora;;;;;78026;Malín;796255;U Beránky;è.p.;24;;;28401;681851.08;1064220.02;2013-12-02T00:00:00
11445122;533955;Kutná Hora;;;;;78026;Malín;796280;Za Biøictvím;è.p.;25;;;28401;681836.90;1064664.87;2013-12-02T00:00:00
11445131;533955;Kutná Hora;;;;;78026;Malín;796280;Za Biøictvím;è.p.;26;;;28401;681823.62;1064647.37;2013-12-02T00:00:00
11445149;533955;Kutná Hora;;;;;78026;Malín;244287;Novodvorská;è.p.;27;;;28401;681828.45;1064632.74;2013-12-02T00:00:00
11445157;533955;Kutná Hora;;;;;78026;Malín;796280;Za Biøictvím;è.p.;28;;;28401;681762.05;1064649.65;2013-12-02T00:00:00
11445173;533955;Kutná Hora;;;;;78026;Malín;796123;K Malínskému Mostu;è.p.;31;;;28401;682064.70;1064759.06;2013-12-02T00:00:00
11445181;533955;Kutná Hora;;;;;78026;Malín;796280;Za Biøictvím;è.p.;32;;;28401;681845.27;1064775.71;2013-12-02T00:00:00
11445203;533955;Kutná Hora;;;;;78026;Malín;796280;Za Biøictvím;è.p.;34;;;28401;681923.82;1064785.87;2013-12-02T00:00:00
11445211;533955;Kutná Hora;;;;;78026;Malín;796123;K Malínskému Mostu;è.p.;35;;;28401;681971.75;1064809.21;2013-12-02T00:00:00
11445220;533955;Kutná Hora;;;;;78026;Malín;796123;K Malínskému Mostu;è.p.;36;;;28401;681993.92;1064776.11;2013-12-02T00:00:00
11445238;533955;Kutná Hora;;;;;78026;Malín;796123;K Malínskému Mostu;è.p.;37;;;28401;682048.69;1064758.99;2013-12-02T00:00:00
11445246;533955;Kutná Hora;;;;;78026;Malín;244287;Novodvorská;è.p.;38;;;28401;682063.29;1064739.51;2013-12-02T00:00:00
11445254;533955;Kutná Hora;;;;;78026;Malín;245127;Slévárenská;è.p.;39;;;28401;682231.43;1064629.45;2013-12-02T00:00:00
11445262;533955;Kutná Hora;;;;;78026;Malín;245127;Slévárenská;è.p.;40;;;28401;682227.89;1064605.39;2013-12-02T00:00:00
11445271;533955;Kutná Hora;;;;;78026;Malín;245267;Starokolínská;è.p.;42;;;28401;681823.69;1064332.48;2013-12-02T00:00:00
11445301;533955;Kutná Hora;;;;;78026;Malín;245127;Slévárenská;è.p.;45;;;28401;682144.80;1064531.35;2013-12-02T00:00:00
11445319;533955;Kutná Hora;;;;;78026;Malín;245127;Slévárenská;è.p.;46;;;28401;682115.97;1064511.55;2013-12-02T00:00:00
11445327;533955;Kutná Hora;;;;;78026;Malín;245127;Slévárenská;è.p.;48;;;28401;682058.57;1064520.19;2013-12-02T00:00:00
11445335;533955;Kutná Hora;;;;;78026;Malín;245127;Slévárenská;è.p.;49;;;28401;682041.16;1064474.50;2013-12-02T00:00:00
11445351;533955;Kutná Hora;;;;;78026;Malín;796158;Ke Kameni;è.p.;51;;;28401;682009.55;1064460.59;2013-12-02T00:00:00
11445378;533955;Kutná Hora;;;;;78026;Malín;796158;Ke Kameni;è.p.;53;;;28401;682021.97;1064412.89;2013-12-02T00:00:00
11445386;533955;Kutná Hora;;;;;78026;Malín;796158;Ke Kameni;è.p.;54;;;28401;682047.35;1064393.99;2013-12-02T00:00:00
11445394;533955;Kutná Hora;;;;;78026;Malín;796158;Ke Kameni;è.p.;56;;;28401;682070.34;1064349.71;2013-12-02T00:00:00
11445408;533955;Kutná Hora;;;;;78026;Malín;796158;Ke Kameni;è.p.;57;;;28401;682008.34;1064317.99;2013-12-02T00:00:00
11445416;533955;Kutná Hora;;;;;78026;Malín;796221;Na Plácku;è.p.;58;;;28401;682020.58;1064283.51;2013-12-02T00:00:00
11445424;533955;Kutná Hora;;;;;78026;Malín;796221;Na Plácku;è.p.;59;;;28401;682019.57;1064269.94;2013-12-02T00:00:00
11445432;533955;Kutná Hora;;;;;78026;Malín;796221;Na Plácku;è.p.;60;;;28401;682016.65;1064260.05;2013-12-02T00:00:00
11445441;533955;Kutná Hora;;;;;78026;Malín;796221;Na Plácku;è.p.;61;;;28401;682050.95;1064255.49;2013-12-02T00:00:00
11445459;533955;Kutná Hora;;;;;78026;Malín;806366;Pod Kostelem;è.p.;62;;;28401;681933.51;1064455.35;2013-12-02T00:00:00
11445467;533955;Kutná Hora;;;;;78026;Malín;796221;Na Plácku;è.p.;63;;;28401;682085.30;1064262.81;2013-12-02T00:00:00
11445475;533955;Kutná Hora;;;;;78026;Malín;244287;Novodvorská;è.p.;64;;;28401;682166.66;1064746.31;2014-01-03T00:00:00
11445483;533955;Kutná Hora;;;;;78026;Malín;245267;Starokolínská;è.p.;66;;;28401;682039.27;1064104.03;2013-12-02T00:00:00
11445491;533955;Kutná Hora;;;;;78026;Malín;796182;Ledrova;è.p.;67;;;28401;682081.52;1064595.86;2013-12-02T00:00:00
11445513;533955;Kutná Hora;;;;;78026;Malín;245267;Starokolínská;è.p.;69;;;28401;681974.53;1064193.27;2013-12-02T00:00:00
11445521;533955;Kutná Hora;;;;;78026;Malín;796271;V Bøízách;è.p.;70;;;28401;681936.73;1064204.92;2013-12-02T00:00:00
11445530;533955;Kutná Hora;;;;;78026;Malín;244287;Novodvorská;è.p.;71;;;28401;682086.86;1064708.35;2013-12-02T00:00:00
11445548;533955;Kutná Hora;;;;;78026;Malín;245267;Starokolínská;è.p.;72;;;28401;681912.46;1064236.80;2013-12-02T00:00:00
11445556;533955;Kutná Hora;;;;;78026;Malín;245267;Starokolínská;è.p.;73;;;28401;681905.02;1064245.36;2013-12-02T00:00:00
11445572;533955;Kutná Hora;;;;;78026;Malín;796212;Na Obci;è.p.;75;;;28401;681845.39;1064277.93;2013-12-02T00:00:00
11445581;533955;Kutná Hora;;;;;78026;Malín;796247;Sv. Vojtìcha;è.p.;76;;;28401;681624.68;1064544.09;2013-12-02T00:00:00
11445599;533955;Kutná Hora;;;;;78026;Malín;796212;Na Obci;è.p.;77;;;28401;681864.76;1064299.27;2013-12-02T00:00:00
11445602;533955;Kutná Hora;;;;;78026;Malín;245267;Starokolínská;è.p.;78;;;28401;681857.46;1064320.89;2013-12-02T00:00:00
11445611;533955;Kutná Hora;;;;;78026;Malín;796204;Na Hyvli;è.p.;80;;;28401;681940.01;1064545.10;2013-12-02T00:00:00
11445629;533955;Kutná Hora;;;;;78026;Malín;796204;Na Hyvli;è.p.;81;;;28401;681922.52;1064496.08;2013-12-02T00:00:00
11445637;533955;Kutná Hora;;;;;78026;Malín;796263;U Pomníku;è.p.;82;;;28401;681961.29;1064587.74;2013-12-02T00:00:00
11445645;533955;Kutná Hora;;;;;78026;Malín;245267;Starokolínská;è.p.;83;;;28401;681712.30;1064428.47;2013-12-02T00:00:00
11445653;533955;Kutná Hora;;;;;78026;Malín;796271;V Bøízách;è.p.;84;;;28401;681927.08;1064226.48;2013-12-02T00:00:00
11445661;533955;Kutná Hora;;;;;78026;Malín;796191;Mincovní;è.p.;85;;;28401;681895.58;1064486.03;2014-01-10T00:00:00
11445688;533955;Kutná Hora;;;;;78026;Malín;244864;Slavníkovská;è.p.;87;;;28401;681754.39;1064456.01;2013-12-02T00:00:00
11445696;533955;Kutná Hora;;;;;78026;Malín;245267;Starokolínská;è.p.;88;;;28401;681943.68;1064176.95;2013-12-02T00:00:00
11445718;533955;Kutná Hora;;;;;78026;Malín;796174;Køenová;è.p.;90;;;28401;682012.29;1064058.69;2013-12-02T00:00:00
11445726;533955;Kutná Hora;;;;;78026;Malín;245267;Starokolínská;è.p.;91;;;28401;681960.58;1064164.64;2013-12-02T00:00:00
11445734;533955;Kutná Hora;;;;;78026;Malín;245267;Starokolínská;è.p.;92;;;28401;681987.11;1064214.70;2013-12-02T00:00:00
11445751;533955;Kutná Hora;;;;;78026;Malín;245267;Starokolínská;è.p.;94;;;28401;681965.04;1064147.63;2013-12-02T00:00:00
11445777;533955;Kutná Hora;;;;;78026;Malín;245267;Starokolínská;è.p.;96;;;28401;681571.07;1064467.43;2013-12-02T00:00:00
11445785;533955;Kutná Hora;;;;;78026;Malín;796191;Mincovní;è.p.;97;;;28401;681919.75;1064309.80;2013-12-02T00:00:00
11445793;533955;Kutná Hora;;;;;78026;Malín;796212;Na Obci;è.p.;98;;;28401;681829.37;1064273.84;2013-12-02T00:00:00
11445807;533955;Kutná Hora;;;;;78026;Malín;245020;Sobìslavova;è.p.;99;;;28401;681705.92;1064467.32;2013-12-02T00:00:00
11445823;533955;Kutná Hora;;;;;78026;Malín;245020;Sobìslavova;è.p.;101;;;28401;681692.28;1064519.38;2013-12-02T00:00:00
11445831;533955;Kutná Hora;;;;;78026;Malín;245020;Sobìslavova;è.p.;102;;;28401;681722.82;1064448.68;2013-12-02T00:00:00
11445840;533955;Kutná Hora;;;;;78026;Malín;245267;Starokolínská;è.p.;103;;;28401;681982.00;1064118.15;2013-12-02T00:00:00
11445858;533955;Kutná Hora;;;;;78026;Malín;796204;Na Hyvli;è.p.;104;;;28401;681930.22;1064469.26;2013-12-02T00:00:00
11445866;533955;Kutná Hora;;;;;78026;Malín;245020;Sobìslavova;è.p.;105;;;28401;681698.55;1064450.35;2013-12-02T00:00:00
11445874;533955;Kutná Hora;;;;;78026;Malín;796204;Na Hyvli;è.p.;106;;;28401;681888.50;1064622.73;2013-12-02T00:00:00
11445882;533955;Kutná Hora;;;;;78026;Malín;245267;Starokolínská;è.p.;107;;;28401;681988.26;1064102.32;2013-12-02T00:00:00
11445891;533955;Kutná Hora;;;;;78026;Malín;796271;V Bøízách;è.p.;108;;;28401;681884.44;1064203.68;2013-12-02T00:00:00
11445904;533955;Kutná Hora;;;;;78026;Malín;796212;Na Obci;è.p.;109;;;28401;681856.78;1064250.63;2013-12-02T00:00:00
11445912;533955;Kutná Hora;;;;;78026;Malín;244287;Novodvorská;è.p.;110;;;28401;681690.97;1064556.66;2013-12-02T00:00:00
11445921;533955;Kutná Hora;;;;;78026;Malín;796271;V Bøízách;è.p.;112;;;28401;681875.07;1064227.29;2013-12-02T00:00:00
11445939;533955;Kutná Hora;;;;;78026;Malín;245267;Starokolínská;è.p.;113;;;28401;681655.86;1064450.44;2013-12-02T00:00:00
11445947;533955;Kutná Hora;;;;;78026;Malín;796271;V Bøízách;è.p.;114;;;28401;681889.99;1064191.00;2013-12-02T00:00:00
11445955;533955;Kutná Hora;;;;;78026;Malín;796255;U Beránky;è.p.;115;;;28401;681890.07;1064164.16;2013-12-02T00:00:00
11445963;533955;Kutná Hora;;;;;78026;Malín;796204;Na Hyvli;è.p.;116;;;28401;681928.18;1064573.31;2013-12-02T00:00:00
11445971;533955;Kutná Hora;;;;;78026;Malín;796204;Na Hyvli;è.p.;117;;;28401;681916.06;1064473.30;2013-12-02T00:00:00
11445998;533955;Kutná Hora;;;;;78026;Malín;796271;V Bøízách;è.p.;119;;;28401;681879.88;1064177.66;2013-12-02T00:00:00
11446005;533955;Kutná Hora;;;;;78026;Malín;244287;Novodvorská;è.p.;120;;;28401;681857.50;1064639.40;2013-12-02T00:00:00
11446013;533955;Kutná Hora;;;;;78026;Malín;244287;Novodvorská;è.p.;121;;;28401;681923.87;1064645.14;2013-12-02T00:00:00
11446021;533955;Kutná Hora;;;;;78026;Malín;244287;Novodvorská;è.p.;122;;;28401;681917.05;1064642.33;2013-12-02T00:00:00
11446030;533955;Kutná Hora;;;;;78026;Malín;796212;Na Obci;è.p.;123;;;28401;681804.80;1064262.93;2013-12-02T00:00:00
11446048;533955;Kutná Hora;;;;;78026;Malín;796271;V Bøízách;è.p.;124;;;28401;681834.16;1064239.06;2013-12-02T00:00:00
11446056;533955;Kutná Hora;;;;;78026;Malín;796191;Mincovní;è.p.;125;;;28401;681854.98;1064603.36;2013-12-02T00:00:00
11446064;533955;Kutná Hora;;;;;78026;Malín;245020;Sobìslavova;è.p.;126;;;28401;681688.67;1064466.30;2013-12-02T00:00:00
11446072;533955;Kutná Hora;;;;;78026;Malín;245267;Starokolínská;è.p.;127;;;28401;682074.99;1063991.18;2013-12-02T00:00:00
11446081;533955;Kutná Hora;;;;;78026;Malín;806358;Kostelní;è.p.;128;;;28401;681907.42;1064513.10;2013-12-02T00:00:00
11446099;533955;Kutná Hora;;;;;78026;Malín;796204;Na Hyvli;è.p.;130;;;28401;681934.04;1064485.02;2013-12-02T00:00:00
11446102;533955;Kutná Hora;;;;;78026;Malín;244287;Novodvorská;è.p.;131;;;28401;682120.94;1064727.35;2014-01-10T00:00:00
11446111;533955;Kutná Hora;;;;;78026;Malín;796204;Na Hyvli;è.p.;132;;;28401;681917.42;1064613.29;2013-12-02T00:00:00
11446129;533955;Kutná Hora;;;;;78026;Malín;796212;Na Obci;è.p.;133;;;28401;681813.80;1064226.53;2013-12-02T00:00:00
11446137;533955;Kutná Hora;;;;;78026;Malín;796212;Na Obci;è.p.;134;;;28401;681794.58;1064220.36;2013-12-02T00:00:00
11446153;533955;Kutná Hora;;;;;78026;Malín;796271;V Bøízách;è.p.;136;;;28401;681897.74;1064195.12;2013-12-02T00:00:00
11446161;533955;Kutná Hora;;;;;78026;Malín;796271;V Bøízách;è.p.;137;;;28401;681891.81;1064209.04;2013-12-02T00:00:00
11446170;533955;Kutná Hora;;;;;78026;Malín;244287;Novodvorská;è.p.;138;;;28401;682153.94;1064719.70;2013-12-02T00:00:00
11446188;533955;Kutná Hora;;;;;78026;Malín;796247;Sv. Vojtìcha;è.p.;139;;;28401;681636.28;1064515.96;2013-12-02T00:00:00
11446196;533955;Kutná Hora;;;;;78026;Malín;796247;Sv. Vojtìcha;è.p.;140;;;28401;681644.74;1064530.72;2013-12-02T00:00:00
11446200;533955;Kutná Hora;;;;;78026;Malín;245020;Sobìslavova;è.p.;141;;;28401;681662.54;1064548.54;2013-12-02T00:00:00
11446218;533955;Kutná Hora;;;;;78026;Malín;796247;Sv. Vojtìcha;è.p.;142;;;28401;681655.13;1064541.46;2013-12-02T00:00:00
11446226;533955;Kutná Hora;;;;;78026;Malín;796212;Na Obci;è.p.;143;;;28401;681766.85;1064244.61;2013-12-02T00:00:00
11446234;533955;Kutná Hora;;;;;78026;Malín;245267;Starokolínská;è.p.;144;;;28401;681838.24;1064339.61;2013-12-02T00:00:00
11446242;533955;Kutná Hora;;;;;78026;Malín;244287;Novodvorská;è.p.;145;;;28401;682106.25;1064721.79;2013-12-02T00:00:00
11446251;533955;Kutná Hora;;;;;78026;Malín;245267;Starokolínská;è.p.;146;;;28401;681676.56;1064413.66;2013-12-02T00:00:00
11446269;533955;Kutná Hora;;;;;78026;Malín;245267;Starokolínská;è.p.;147;;;28401;682074.87;1064027.14;2013-12-02T00:00:00
11446277;533955;Kutná Hora;;;;;78026;Malín;796255;U Beránky;è.p.;148;;;28401;681824.28;1064195.56;2013-12-02T00:00:00
11446315;533955;Kutná Hora;;;;;78026;Malín;796247;Sv. Vojtìcha;è.p.;152;;;28401;681625.99;1064508.15;2013-12-02T00:00:00
11446331;533955;Kutná Hora;;;;;78026;Malín;245020;Sobìslavova;è.p.;154;;;28401;681680.30;1064480.60;2013-12-02T00:00:00
11446340;533955;Kutná Hora;;;;;78026;Malín;245020;Sobìslavova;è.p.;155;;;28401;681675.08;1064497.98;2013-12-02T00:00:00
11446358;533955;Kutná Hora;;;;;78026;Malín;245020;Sobìslavova;è.p.;156;;;28401;681673.85;1064509.13;2013-12-02T00:00:00
11446366;533955;Kutná Hora;;;;;78026;Malín;796280;Za Biøictvím;è.p.;157;;;28401;681826.67;1064689.25;2013-12-02T00:00:00
11446374;533955;Kutná Hora;;;;;78026;Malín;796280;Za Biøictvím;è.p.;158;;;28401;681826.15;1064704.54;2013-12-02T00:00:00
11446382;533955;Kutná Hora;;;;;78026;Malín;796255;U Beránky;è.p.;159;;;28401;681862.26;1064138.85;2013-12-02T00:00:00
11446391;533955;Kutná Hora;;;;;78026;Malín;244287;Novodvorská;è.p.;160;;;28401;682010.80;1064681.92;2013-12-02T00:00:00
11446404;533955;Kutná Hora;;;;;78026;Malín;244287;Novodvorská;è.p.;161;;;28401;681976.09;1064660.76;2013-12-02T00:00:00
11446412;533955;Kutná Hora;;;;;78026;Malín;796140;Kadalínova;è.p.;162;;;28401;681988.68;1064632.44;2013-12-02T00:00:00
11446421;533955;Kutná Hora;;;;;78026;Malín;796140;Kadalínova;è.p.;163;;;28401;682006.65;1064595.39;2013-12-02T00:00:00
11446439;533955;Kutná Hora;;;;;78026;Malín;796140;Kadalínova;è.p.;164;;;28401;682010.00;1064586.72;2013-12-02T00:00:00
11446447;533955;Kutná Hora;;;;;78026;Malín;796239;Pod Školou;è.p.;165;;;28401;682008.09;1064564.62;2013-12-02T00:00:00
11446455;533955;Kutná Hora;;;;;78026;Malín;796239;Pod Školou;è.p.;166;;;28401;681998.57;1064560.81;2013-12-02T00:00:00
11446463;533955;Kutná Hora;;;;;78026;Malín;796239;Pod Školou;è.p.;167;;;28401;682004.37;1064537.89;2013-12-02T00:00:00
11446471;533955;Kutná Hora;;;;;78026;Malín;245267;Starokolínská;è.p.;168;;;28401;681608.28;1064447.50;2013-12-02T00:00:00
11446480;533955;Kutná Hora;;;;;78026;Malín;796140;Kadalínova;è.p.;169;;;28401;681996.94;1064657.62;2013-12-02T00:00:00
11446498;533955;Kutná Hora;;;;;78026;Malín;796140;Kadalínova;è.p.;170;;;28401;682001.90;1064647.68;2013-12-02T00:00:00
11446501;533955;Kutná Hora;;;;;78026;Malín;244287;Novodvorská;è.p.;171;;;28401;681701.70;1064590.57;2013-12-02T00:00:00
11446510;533955;Kutná Hora;;;;;78026;Malín;796123;K Malínskému Mostu;è.p.;172;;;28401;682030.33;1064763.16;2013-12-02T00:00:00
11446536;533955;Kutná Hora;;;;;78026;Malín;244287;Novodvorská;è.p.;175;;;28401;682018.35;1064714.21;2013-12-02T00:00:00
11446544;533955;Kutná Hora;;;;;78026;Malín;796174;Køenová;è.p.;176;;;28401;681966.93;1064048.99;2013-12-02T00:00:00
11446561;533955;Kutná Hora;;;;;78026;Malín;796255;U Beránky;è.p.;178;;;28401;681832.93;1064169.11;2013-12-02T00:00:00
11446579;533955;Kutná Hora;;;;;78026;Malín;796140;Kadalínova;è.p.;179;;;28401;682021.58;1064604.52;2013-12-02T00:00:00
11446587;533955;Kutná Hora;;;;;78026;Malín;796140;Kadalínova;è.p.;180;;;28401;682024.59;1064597.54;2013-12-02T00:00:00
11446595;533955;Kutná Hora;;;;;78026;Malín;796140;Kadalínova;è.p.;181;;;28401;682034.01;1064576.09;2013-12-02T00:00:00
11446609;533955;Kutná Hora;;;;;78026;Malín;796131;K Sokolovnì;è.p.;182;;;28401;681766.39;1064185.33;2013-12-02T00:00:00
11446617;533955;Kutná Hora;;;;;78026;Malín;796131;K Sokolovnì;è.p.;183;;;28401;681773.22;1064169.63;2013-12-02T00:00:00
11446625;533955;Kutná Hora;;;;;78026;Malín;796131;K Sokolovnì;è.p.;184;;;28401;681775.94;1064160.90;2013-12-02T00:00:00
11446641;533955;Kutná Hora;;;;;78026;Malín;796191;Mincovní;è.p.;186;;;28401;681901.10;1064440.37;2014-01-03T00:00:00
11446650;533955;Kutná Hora;;;;;78026;Malín;796212;Na Obci;è.p.;187;;;28401;681770.19;1064213.96;2013-12-02T00:00:00
11446668;533955;Kutná Hora;;;;;78026;Malín;244287;Novodvorská;è.p.;188;;;28401;681733.40;1064601.69;2013-12-02T00:00:00
11446676;533955;Kutná Hora;;;;;78026;Malín;245267;Starokolínská;è.p.;189;;;28401;681534.35;1064487.58;2013-12-02T00:00:00
11446684;533955;Kutná Hora;;;;;78026;Malín;245267;Starokolínská;è.p.;190;;;28401;681642.55;1064423.23;2013-12-02T00:00:00
11446692;533955;Kutná Hora;;;;;78026;Malín;796131;K Sokolovnì;è.p.;191;;;28401;681781.35;1064143.38;2013-12-02T00:00:00
11446706;533955;Kutná Hora;;;;;78026;Malín;796131;K Sokolovnì;è.p.;192;;;28401;681784.56;1064130.68;2013-12-02T00:00:00
11446714;533955;Kutná Hora;;;;;78026;Malín;796131;K Sokolovnì;è.p.;193;;;28401;681787.21;1064122.83;2013-12-02T00:00:00
11446722;533955;Kutná Hora;;;;;78026;Malín;244287;Novodvorská;è.p.;194;;;28401;681654.00;1064586.08;2013-12-02T00:00:00
11446731;533955;Kutná Hora;;;;;78026;Malín;245127;Slévárenská;è.p.;195;;;28401;682294.81;1064641.53;2013-12-02T00:00:00
11446749;533955;Kutná Hora;;;;;78026;Malín;796255;U Beránky;è.p.;196;;;28401;681839.55;1064155.37;2013-12-02T00:00:00
11446757;533955;Kutná Hora;;;;;78026;Malín;796212;Na Obci;è.p.;197;;;28401;681710.08;1064220.22;2013-12-02T00:00:00
11446765;533955;Kutná Hora;;;;;78026;Malín;796212;Na Obci;è.p.;198;;;28401;681743.28;1064201.33;2013-12-02T00:00:00
11446773;533955;Kutná Hora;;;;;78026;Malín;796131;K Sokolovnì;è.p.;199;;;28401;681752.73;1064175.02;2013-12-02T00:00:00
11446781;533955;Kutná Hora;;;;;78026;Malín;796131;K Sokolovnì;è.p.;200;;;28401;681757.18;1064161.33;2013-12-02T00:00:00
11446790;533955;Kutná Hora;;;;;78026;Malín;796131;K Sokolovnì;è.p.;201;;;28401;681763.84;1064139.65;2013-12-02T00:00:00
11446803;533955;Kutná Hora;;;;;78026;Malín;796131;K Sokolovnì;è.p.;202;;;28401;681769.09;1064125.80;2013-12-02T00:00:00
11446811;533955;Kutná Hora;;;;;78026;Malín;796140;Kadalínova;è.p.;203;;;28401;681984.47;1064644.09;2013-12-02T00:00:00
11446820;533955;Kutná Hora;;;;;78026;Malín;796247;Sv. Vojtìcha;è.p.;204;;;28401;681603.06;1064519.35;2013-12-02T00:00:00
11446838;533955;Kutná Hora;;;;;78026;Malín;796247;Sv. Vojtìcha;è.p.;205;;;28401;681596.36;1064513.16;2013-12-02T00:00:00
11446846;533955;Kutná Hora;;;;;78026;Malín;796247;Sv. Vojtìcha;è.p.;206;;;28401;681578.44;1064496.06;2013-12-02T00:00:00
11446854;533955;Kutná Hora;;;;;78026;Malín;796131;K Sokolovnì;è.p.;207;;;28401;681779.35;1064099.87;2013-12-02T00:00:00
11446862;533955;Kutná Hora;;;;;78026;Malín;244287;Novodvorská;è.p.;208;;;28401;681748.25;1064618.76;2013-12-02T00:00:00
11446871;533955;Kutná Hora;;;;;78026;Malín;244287;Novodvorská;è.p.;209;;;28401;681966.39;1064689.94;2013-12-02T00:00:00
11446889;533955;Kutná Hora;;;;;78026;Malín;796182;Ledrova;è.p.;210;;;28401;682029.32;1064671.95;2013-12-02T00:00:00
11446897;533955;Kutná Hora;;;;;78026;Malín;796182;Ledrova;è.p.;211;;;28401;682055.81;1064651.35;2013-12-02T00:00:00
11446901;533955;Kutná Hora;;;;;78026;Malín;796182;Ledrova;è.p.;212;;;28401;682057.66;1064606.86;2013-12-02T00:00:00
11446919;533955;Kutná Hora;;;;;78026;Malín;796131;K Sokolovnì;è.p.;213;;;28401;681795.72;1064103.00;2013-12-02T00:00:00
11446927;533955;Kutná Hora;;;;;78026;Malín;796131;K Sokolovnì;è.p.;214;;;28401;681798.50;1064093.41;2013-12-02T00:00:00
11446935;533955;Kutná Hora;;;;;78026;Malín;245127;Slévárenská;è.p.;215;;;28401;682306.46;1064647.49;2013-12-02T00:00:00
11446943;533955;Kutná Hora;;;;;78026;Malín;796140;Kadalínova;è.p.;216;;;28401;681993.12;1064623.10;2013-12-02T00:00:00
11446951;533955;Kutná Hora;;;;;78026;Malín;245127;Slévárenská;è.p.;217;;;28401;682057.86;1064487.24;2013-12-02T00:00:00
11446960;533955;Kutná Hora;;;;;78026;Malín;796191;Mincovní;è.p.;218;;;28401;681874.68;1064380.93;2013-12-02T00:00:00
11446978;533955;Kutná Hora;;;;;78026;Malín;796191;Mincovní;è.p.;219;;;28401;681850.54;1064378.73;2013-12-02T00:00:00
11446986;533955;Kutná Hora;;;;;78026;Malín;796212;Na Obci;è.p.;220;;;28401;681696.23;1064184.29;2013-12-02T00:00:00
11446994;533955;Kutná Hora;;;;;78026;Malín;796298;Za Brodcem;è.p.;221;;;28401;681719.45;1064148.88;2013-12-02T00:00:00
11447001;533955;Kutná Hora;;;;;78026;Malín;796298;Za Brodcem;è.p.;222;;;28401;681730.37;1064135.16;2013-12-02T00:00:00
11447010;533955;Kutná Hora;;;;;78026;Malín;796298;Za Brodcem;è.p.;223;;;28401;681738.30;1064119.80;2013-12-02T00:00:00
11447028;533955;Kutná Hora;;;;;78026;Malín;796298;Za Brodcem;è.p.;224;;;28401;681747.82;1064103.58;2013-12-02T00:00:00
11447036;533955;Kutná Hora;;;;;78026;Malín;796182;Ledrova;è.p.;225;;;28401;682071.43;1064619.12;2013-12-02T00:00:00
11447044;533955;Kutná Hora;;;;;78026;Malín;245267;Starokolínská;è.p.;226;;;28401;681622.61;1064438.39;2013-12-02T00:00:00
11447052;533955;Kutná Hora;;;;;78026;Malín;796255;U Beránky;è.p.;227;;;28401;681776.71;1064058.82;2013-12-02T00:00:00
11447061;533955;Kutná Hora;;;;;78026;Malín;796298;Za Brodcem;è.p.;228;;;28401;681757.19;1064088.33;2013-12-02T00:00:00
11447079;533955;Kutná Hora;;;;;78026;Malín;796298;Za Brodcem;è.p.;229;;;28401;681767.47;1064072.48;2013-12-02T00:00:00
11447087;533955;Kutná Hora;;;;;78026;Malín;796212;Na Obci;è.p.;230;;;28401;681682.81;1064177.45;2013-12-02T00:00:00
11447095;533955;Kutná Hora;;;;;78026;Malín;244287;Novodvorská;è.p.;231;;;28401;682101.96;1064752.09;2013-12-02T00:00:00
11447109;533955;Kutná Hora;;;;;78026;Malín;796298;Za Brodcem;è.p.;232;;;28401;681691.58;1064159.08;2013-12-02T00:00:00
11447117;533955;Kutná Hora;;;;;78026;Malín;796298;Za Brodcem;è.p.;233;;;28401;681701.14;1064144.81;2013-12-02T00:00:00
11447125;533955;Kutná Hora;;;;;78026;Malín;796298;Za Brodcem;è.p.;234;;;28401;681710.65;1064131.42;2013-12-02T00:00:00
11447133;533955;Kutná Hora;;;;;78026;Malín;796298;Za Brodcem;è.p.;235;;;28401;681720.69;1064117.99;2013-12-02T00:00:00
11447141;533955;Kutná Hora;;;;;78026;Malín;796298;Za Brodcem;è.p.;236;;;28401;681730.11;1064102.46;2013-12-02T00:00:00
11447150;533955;Kutná Hora;;;;;78026;Malín;796298;Za Brodcem;è.p.;237;;;28401;681733.52;1064096.33;2013-12-02T00:00:00
11447168;533955;Kutná Hora;;;;;78026;Malín;796298;Za Brodcem;è.p.;238;;;28401;681756.61;1064059.39;2013-12-02T00:00:00
11447176;533955;Kutná Hora;;;;;78026;Malín;796298;Za Brodcem;è.p.;239;;;28401;681734.98;1064070.45;2013-12-02T00:00:00
11447184;533955;Kutná Hora;;;;;78026;Malín;796298;Za Brodcem;è.p.;240;;;28401;681766.21;1064046.01;2013-12-02T00:00:00
11447192;533955;Kutná Hora;;;;;78026;Malín;244287;Novodvorská;è.p.;241;;;28401;681978.31;1064712.00;2013-12-02T00:00:00
11447206;533955;Kutná Hora;;;;;78026;Malín;244287;Novodvorská;è.p.;242;;;28401;682033.78;1064721.64;2013-12-02T00:00:00
11447214;533955;Kutná Hora;;;;;78026;Malín;796255;U Beránky;è.p.;243;;;28401;681833.04;1064122.09;2013-12-02T00:00:00
11447222;533955;Kutná Hora;;;;;78026;Malín;796255;U Beránky;è.p.;244;;;28401;681824.17;1064113.17;2013-12-02T00:00:00
11447249;533955;Kutná Hora;;;;;78026;Malín;244864;Slavníkovská;è.p.;246;;;28401;681761.34;1064473.73;2013-12-02T00:00:00
11447257;533955;Kutná Hora;;;;;78026;Malín;244287;Novodvorská;è.p.;247;;;28401;682068.91;1064701.67;2013-12-02T00:00:00
11447265;533955;Kutná Hora;;;;;78026;Malín;245267;Starokolínská;è.p.;248;;;28401;682029.49;1064235.40;2013-12-02T00:00:00
11447273;533955;Kutná Hora;;;;;78026;Malín;245020;Sobìslavova;è.p.;249;;;28401;681694.83;1064500.30;2013-12-02T00:00:00
11447281;533955;Kutná Hora;;;;;78026;Malín;796158;Ke Kameni;è.p.;250;;;28401;682017.85;1064348.75;2013-12-02T00:00:00
11447290;533955;Kutná Hora;;;;;78026;Malín;796298;Za Brodcem;è.p.;251;;;28401;681701.02;1064175.72;2013-12-02T00:00:00
11447303;533955;Kutná Hora;;;;;78026;Malín;796158;Ke Kameni;è.p.;252;;;28401;681957.13;1064325.34;2013-12-02T00:00:00
11447311;533955;Kutná Hora;;;;;78026;Malín;245267;Starokolínská;è.p.;253;;;28401;681939.35;1064281.82;2013-12-02T00:00:00
11447320;533955;Kutná Hora;;;;;78026;Malín;796212;Na Obci;è.p.;254;;;28401;681741.65;1064228.16;2013-12-02T00:00:00
11447346;533955;Kutná Hora;;;;;78026;Malín;796158;Ke Kameni;è.p.;256;;;28401;681996.07;1064339.30;2013-12-02T00:00:00
11447362;533955;Kutná Hora;;;;;78026;Malín;796158;Ke Kameni;è.p.;258;;;28401;682035.43;1064361.82;2013-12-02T00:00:00
11447371;533955;Kutná Hora;;;;;78026;Malín;796280;Za Biøictvím;è.p.;259;;;28401;681838.90;1064740.86;2013-12-02T00:00:00
11447389;533955;Kutná Hora;;;;;78026;Malín;796158;Ke Kameni;è.p.;260;;;28401;681977.33;1064332.50;2013-12-02T00:00:00
11447397;533955;Kutná Hora;;;;;78026;Malín;796280;Za Biøictvím;è.p.;261;;;28401;681864.24;1064686.31;2013-12-02T00:00:00
11447401;533955;Kutná Hora;;;;;78026;Malín;796158;Ke Kameni;è.p.;262;;;28401;682043.19;1064327.10;2013-12-02T00:00:00
11447419;533955;Kutná Hora;;;;;78026;Malín;796221;Na Plácku;è.p.;263;;;28401;682063.83;1064301.56;2013-12-02T00:00:00
11447427;533955;Kutná Hora;;;;;78026;Malín;796239;Pod Školou;è.p.;264;;;28401;682074.75;1064568.15;2013-12-02T00:00:00
11447435;533955;Kutná Hora;;;;;78026;Malín;796158;Ke Kameni;è.p.;265;;;28401;682057.59;1064338.91;2013-12-02T00:00:00
11447443;533955;Kutná Hora;;;;;78026;Malín;796221;Na Plácku;è.p.;266;;;28401;682124.65;1064269.82;2013-12-02T00:00:00
11447451;533955;Kutná Hora;;;;;78026;Malín;796239;Pod Školou;è.p.;267;;;28401;682054.78;1064560.86;2013-12-02T00:00:00
11447478;533955;Kutná Hora;;;;;78026;Malín;;;è.p.;269;;;28401;681834.03;1064460.80;2013-12-02T00:00:00
11447486;533955;Kutná Hora;;;;;78026;Malín;244287;Novodvorská;è.p.;270;;;28401;681786.52;1064622.76;2013-12-02T00:00:00
11447494;533955;Kutná Hora;;;;;78026;Malín;245127;Slévárenská;è.p.;271;;;28401;682182.80;1064535.69;2013-12-02T00:00:00
11447508;533955;Kutná Hora;;;;;78026;Malín;796158;Ke Kameni;è.p.;272;;;28401;682075.70;1064390.44;2013-12-02T00:00:00
11447516;533955;Kutná Hora;;;;;78026;Malín;796221;Na Plácku;è.p.;273;;;28401;682102.95;1064286.38;2013-12-02T00:00:00
11447524;533955;Kutná Hora;;;;;78026;Malín;245127;Slévárenská;è.p.;274;;;28401;682199.55;1064548.20;2013-12-02T00:00:00
11447532;533955;Kutná Hora;;;;;78026;Malín;245127;Slévárenská;è.p.;275;;;28401;682167.81;1064516.75;2013-12-02T00:00:00
11447541;533955;Kutná Hora;;;;;78026;Malín;245127;Slévárenská;è.p.;276;;;28401;682217.22;1064564.60;2013-12-02T00:00:00
11447559;533955;Kutná Hora;;;;;78026;Malín;796212;Na Obci;è.p.;278;;;28401;681724.68;1064189.16;2018-10-11T00:00:00
11447567;533955;Kutná Hora;;;;;78026;Malín;245127;Slévárenská;è.p.;279;;;28401;682359.19;1064717.61;2013-12-02T00:00:00
11447575;533955;Kutná Hora;;;;;78026;Malín;245127;Slévárenská;è.p.;280;;;28401;682284.53;1064773.25;2013-12-02T00:00:00
11447583;533955;Kutná Hora;;;;;78026;Malín;245127;Slévárenská;è.p.;281;;;28401;682291.34;1064755.78;2013-12-02T00:00:00
11447591;533955;Kutná Hora;;;;;78026;Malín;245127;Slévárenská;è.p.;282;;;28401;682297.70;1064738.73;2013-12-02T00:00:00
11447605;533955;Kutná Hora;;;;;78026;Malín;245127;Slévárenská;è.p.;284;;;28401;682248.45;1064787.35;2013-12-02T00:00:00
11447613;533955;Kutná Hora;;;;;78026;Malín;245127;Slévárenská;è.p.;285;;;28401;682272.93;1064790.53;2013-12-02T00:00:00
11447621;533955;Kutná Hora;;;;;78026;Malín;245127;Slévárenská;è.p.;286;;;28401;682363.89;1064634.23;2013-12-02T00:00:00
11447630;533955;Kutná Hora;;;;;78026;Malín;245127;Slévárenská;è.p.;287;;;28401;682367.67;1064693.51;2013-12-02T00:00:00
11447648;533955;Kutná Hora;;;;;78026;Malín;796158;Ke Kameni;è.p.;288;;;28401;682100.75;1064357.65;2013-12-02T00:00:00
11447656;533955;Kutná Hora;;;;;78026;Malín;796239;Pod Školou;è.p.;289;;;28401;682033.15;1064551.36;2013-12-02T00:00:00
11447664;533955;Kutná Hora;;;;;78026;Malín;245127;Slévárenská;è.p.;290;;;28401;682249.66;1064593.62;2013-12-02T00:00:00
11447672;533955;Kutná Hora;;;;;78026;Malín;245127;Slévárenská;è.p.;292;;;28401;682085.57;1064510.19;2013-12-02T00:00:00
11447681;533955;Kutná Hora;;;;;78026;Malín;796239;Pod Školou;è.p.;293;;;28401;682093.94;1064570.18;2013-12-02T00:00:00
11447702;533955;Kutná Hora;;;;;78026;Malín;796166;Koldova;è.p.;295;;;28401;682186.97;1064594.36;2013-12-02T00:00:00
11447711;533955;Kutná Hora;;;;;78026;Malín;245267;Starokolínská;è.p.;296;;;28401;681514.19;1064507.12;2013-12-02T00:00:00
11447729;533955;Kutná Hora;;;;;78026;Malín;245127;Slévárenská;è.p.;297;;;28401;682234.03;1064579.80;2013-12-02T00:00:00
11447737;533955;Kutná Hora;;;;;78026;Malín;;;è.p.;298;;;28401;681895.88;1064142.63;2013-12-02T00:00:00
11447745;533955;Kutná Hora;;;;;78026;Malín;796166;Koldova;è.p.;299;;;28401;682177.53;1064641.65;2013-12-02T00:00:00
11447753;533955;Kutná Hora;;;;;78026;Malín;796166;Koldova;è.p.;300;;;28401;682171.20;1064665.15;2013-12-02T00:00:00
11447761;533955;Kutná Hora;;;;;78026;Malín;796158;Ke Kameni;è.p.;301;;;28401;682101.43;1064404.56;2013-12-02T00:00:00
11447770;533955;Kutná Hora;;;;;78026;Malín;796174;Køenová;è.p.;302;;;28401;681986.18;1064076.62;2013-12-02T00:00:00
11447788;533955;Kutná Hora;;;;;78026;Malín;245267;Starokolínská;è.p.;303;;;28401;681564.12;1064503.87;2013-12-02T00:00:00
11447796;533955;Kutná Hora;;;;;78026;Malín;796158;Ke Kameni;è.p.;304;;;28401;682047.19;1064456.28;2013-12-02T00:00:00
11447800;533955;Kutná Hora;;;;;78026;Malín;796166;Koldova;è.p.;305;;;28401;682126.54;1064687.84;2013-12-02T00:00:00
11447818;533955;Kutná Hora;;;;;78026;Malín;796166;Koldova;è.p.;306;;;28401;682133.92;1064661.38;2013-12-02T00:00:00
11447826;533955;Kutná Hora;;;;;78026;Malín;796280;Za Biøictvím;è.p.;307;;;28401;681865.32;1064747.53;2013-12-02T00:00:00
11447834;533955;Kutná Hora;;;;;78026;Malín;245127;Slévárenská;è.p.;308;;;28401;682267.76;1064609.58;2013-12-02T00:00:00
11447842;533955;Kutná Hora;;;;;78026;Malín;245127;Slévárenská;è.p.;309;;;28401;682260.11;1064653.54;2013-12-02T00:00:00
11447851;533955;Kutná Hora;;;;;78026;Malín;796158;Ke Kameni;è.p.;310;;;28401;681974.80;1064296.02;2013-12-02T00:00:00
11447869;533955;Kutná Hora;;;;;78026;Malín;245127;Slévárenská;è.p.;311;;;28401;682275.25;1064616.30;2013-12-02T00:00:00
11447877;533955;Kutná Hora;;;;;78026;Malín;796239;Pod Školou;è.p.;312;;;28401;682114.07;1064584.15;2013-12-02T00:00:00
11447885;533955;Kutná Hora;;;;;78026;Malín;796239;Pod Školou;è.p.;314;;;28401;682103.30;1064650.63;2013-12-02T00:00:00
11447893;533955;Kutná Hora;;;;;78026;Malín;;;è.p.;315;;;28401;681778.27;1064249.11;2013-12-02T00:00:00
11447907;533955;Kutná Hora;;;;;78026;Malín;796158;Ke Kameni;è.p.;318;;;28401;682073.57;1064415.64;2015-12-07T00:00:00
11447915;533955;Kutná Hora;;;;;78026;Malín;796166;Koldova;è.p.;319;;;28401;682141.64;1064634.08;2013-12-02T00:00:00
11447923;533955;Kutná Hora;;;;;78026;Malín;806773;Nebovidského;è.p.;320;;;28401;682099.65;1064630.29;2013-12-02T00:00:00
11447931;533955;Kutná Hora;;;;;78026;Malín;796204;Na Hyvli;è.p.;324;;;28401;681880.80;1064619.07;2013-12-02T00:00:00
11447940;533955;Kutná Hora;;;;;78026;Malín;245127;Slévárenská;è.p.;325;;;28401;682369.75;1064675.63;2013-12-02T00:00:00
11447958;533955;Kutná Hora;;;;;78026;Malín;796255;U Beránky;è.p.;326;;;28401;681827.14;1064185.61;2013-12-02T00:00:00
11611600;533955;Kutná Hora;;;;;402184;Kutná Hora-Vnitøní Mìsto;243892;Jakubská;è.p.;1;;;28401;684695.64;1066323.65;2013-12-02T00:00:00
11611618;533955;Kutná Hora;;;;;402184;Kutná Hora-Vnitøní Mìsto;243892;Jakubská;è.p.;2;;;28401;684737.00;1066288.50;2013-12-02T00:00:00
11611626;533955;Kutná Hora;;;;;402184;Kutná Hora-Vnitøní Mìsto;243892;Jakubská;è.p.;3;;;28401;684735.00;1066273.63;2013-12-02T00:00:00
11611634;533955;Kutná Hora;;;;;402184;Kutná Hora-Vnitøní Mìsto;243892;Jakubská;è.p.;4;;;28401;684729.88;1066264.88;2013-12-02T00:00:00
11611642;533955;Kutná Hora;;;;;402184;Kutná Hora-Vnitøní Mìsto;244139;Komenského námìstí;è.p.;5;3;;28401;684727.00;1066244.25;2013-12-02T00:00:00
11611651;533955;Kutná Hora;;;;;402184;Kutná Hora-Vnitøní Mìsto;244139;Komenského námìstí;è.p.;6;5;;28401;684757.95;1066247.59;2013-12-02T00:00:00
11611669;533955;Kutná Hora;;;;;402184;Kutná Hora-Vnitøní Mìsto;245062;Ruthardská;è.p.;7;;;28401;684811.00;1066345.00;2013-12-02T00:00:00
11611677;533955;Kutná Hora;;;;;402184;Kutná Hora-Vnitøní Mìsto;243639;Daèického námìstí;è.p.;9;3;;28401;684760.25;1066267.75;2013-12-02T00:00:00
11611685;533955;Kutná Hora;;;;;402184;Kutná Hora-Vnitøní Mìsto;243639;Daèického námìstí;è.p.;10;5;;28401;684774.25;1066274.38;2013-12-02T00:00:00
11611693;533955;Kutná Hora;;;;;402184;Kutná Hora-Vnitøní Mìsto;243639;Daèického námìstí;è.p.;11;7;;28401;684761.44;1066293.13;2013-12-02T00:00:00
11611707;533955;Kutná Hora;;;;;402184;Kutná Hora-Vnitøní Mìsto;245062;Ruthardská;è.p.;12;;;28401;684752.81;1066317.63;2013-12-02T00:00:00
11611715;533955;Kutná Hora;;;;;402184;Kutná Hora-Vnitøní Mìsto;245062;Ruthardská;è.p.;13;;;28401;684761.88;1066323.75;2013-12-02T00:00:00
11611723;533955;Kutná Hora;;;;;402184;Kutná Hora-Vnitøní Mìsto;245062;Ruthardská;è.p.;14;;;28401;684801.56;1066333.50;2013-12-02T00:00:00
11611731;533955;Kutná Hora;;;;;402184;Kutná Hora-Vnitøní Mìsto;243639;Daèického námìstí;è.p.;15;10;;28401;684770.81;1066299.38;2013-12-02T00:00:00
11611740;533955;Kutná Hora;;;;;402184;Kutná Hora-Vnitøní Mìsto;243639;Daèického námìstí;è.p.;16;8;;28401;684795.31;1066278.00;2013-12-02T00:00:00
11611758;533955;Kutná Hora;;;;;402184;Kutná Hora-Vnitøní Mìsto;243639;Daèického námìstí;è.p.;17;6;;28401;684793.31;1066268.88;2013-12-02T00:00:00
11611766;533955;Kutná Hora;;;;;402184;Kutná Hora-Vnitøní Mìsto;243639;Daèického námìstí;è.p.;18;4;;28401;684790.88;1066256.38;2013-12-02T00:00:00
11611774;533955;Kutná Hora;;;;;402184;Kutná Hora-Vnitøní Mìsto;244139;Komenského námìstí;è.p.;19;9;;28401;684789.13;1066239.88;2013-12-02T00:00:00
11611782;533955;Kutná Hora;;;;;402184;Kutná Hora-Vnitøní Mìsto;244139;Komenského námìstí;è.p.;20;11;;28401;684801.88;1066241.38;2013-12-02T00:00:00
11611791;533955;Kutná Hora;;;;;402184;Kutná Hora-Vnitøní Mìsto;244139;Komenského námìstí;è.p.;21;13;;28401;684809.06;1066242.00;2013-12-02T00:00:00
11611804;533955;Kutná Hora;;;;;402184;Kutná Hora-Vnitøní Mìsto;244139;Komenského námìstí;è.p.;22;15;;28401;684814.81;1066242.63;2013-12-02T00:00:00
11611812;533955;Kutná Hora;;;;;402184;Kutná Hora-Vnitøní Mìsto;243507;Barborská;è.p.;23;3;;28401;684819.88;1066259.88;2013-12-02T00:00:00
11611821;533955;Kutná Hora;;;;;402184;Kutná Hora-Vnitøní Mìsto;243507;Barborská;è.p.;24;5;;28401;684830.38;1066293.38;2013-12-02T00:00:00
11611839;533955;Kutná Hora;;;;;402184;Kutná Hora-Vnitøní Mìsto;243507;Barborská;è.p.;25;7;;28401;684837.88;1066307.25;2013-12-02T00:00:00
11611863;533955;Kutná Hora;;;;;402184;Kutná Hora-Vnitøní Mìsto;243507;Barborská;è.p.;28;9;;28401;684869.19;1066333.75;2013-12-02T00:00:00
11611871;533955;Kutná Hora;;;;;402184;Kutná Hora-Vnitøní Mìsto;243507;Barborská;è.p.;29;22;;28401;684908.56;1066350.75;2013-12-02T00:00:00
11611880;533955;Kutná Hora;;;;;402184;Kutná Hora-Vnitøní Mìsto;243507;Barborská;è.p.;30;20;;28401;684899.00;1066339.88;2013-12-02T00:00:00
11611898;533955;Kutná Hora;;;;;402184;Kutná Hora-Vnitøní Mìsto;243507;Barborská;è.p.;31;18;;28401;684892.50;1066331.50;2013-12-02T00:00:00
11611901;533955;Kutná Hora;;;;;402184;Kutná Hora-Vnitøní Mìsto;243507;Barborská;è.p.;32;14;;28401;684880.63;1066321.63;2013-12-02T00:00:00
11611910;533955;Kutná Hora;;;;;402184;Kutná Hora-Vnitøní Mìsto;243507;Barborská;è.p.;33;12;;28401;684871.50;1066317.63;2013-12-02T00:00:00
11611928;533955;Kutná Hora;;;;;402184;Kutná Hora-Vnitøní Mìsto;243507;Barborská;è.p.;34;10;;28401;684860.13;1066308.88;2013-12-02T00:00:00
11611936;533955;Kutná Hora;;;;;402184;Kutná Hora-Vnitøní Mìsto;243507;Barborská;è.p.;35;8;;28401;684848.56;1066301.38;2013-12-02T00:00:00
11611944;533955;Kutná Hora;;;;;402184;Kutná Hora-Vnitøní Mìsto;243507;Barborská;è.p.;36;6;;28401;684841.50;1066291.25;2013-12-02T00:00:00
11611952;533955;Kutná Hora;;;;;402184;Kutná Hora-Vnitøní Mìsto;243507;Barborská;è.p.;37;4;;28401;684836.94;1066282.75;2013-12-02T00:00:00
11611961;533955;Kutná Hora;;;;;402184;Kutná Hora-Vnitøní Mìsto;244139;Komenského námìstí;è.p.;38;17;;28401;684824.69;1066245.38;2013-12-02T00:00:00
11611979;533955;Kutná Hora;;;;;402184;Kutná Hora-Vnitøní Mìsto;244139;Komenského námìstí;è.p.;39;19;;28401;684851.38;1066239.88;2013-12-02T00:00:00
11611987;533955;Kutná Hora;;;;;402184;Kutná Hora-Vnitøní Mìsto;244139;Komenského námìstí;è.p.;40;21;;28401;684867.67;1066261.56;2013-12-02T00:00:00
11611995;533955;Kutná Hora;;;;;402184;Kutná Hora-Vnitøní Mìsto;244139;Komenského námìstí;è.p.;41;23;;28401;684873.00;1066244.00;2013-12-02T00:00:00
11612002;533955;Kutná Hora;;;;;402184;Kutná Hora-Vnitøní Mìsto;244139;Komenského námìstí;è.p.;42;25;;28401;684892.94;1066242.38;2013-12-02T00:00:00
11612011;533955;Kutná Hora;;;;;402184;Kutná Hora-Vnitøní Mìsto;244996;Rakova;è.p.;43;1;;28401;684916.31;1066255.75;2013-12-02T00:00:00
11612029;533955;Kutná Hora;;;;;402184;Kutná Hora-Vnitøní Mìsto;244996;Rakova;è.p.;44;3;;28401;684924.00;1066255.50;2013-12-02T00:00:00
11612037;533955;Kutná Hora;;;;;402184;Kutná Hora-Vnitøní Mìsto;244996;Rakova;è.p.;45;;;28401;684937.00;1066266.25;2013-12-02T00:00:00
11612053;533955;Kutná Hora;;;;;402184;Kutná Hora-Vnitøní Mìsto;244996;Rakova;è.p.;47;7;;28401;684946.63;1066252.88;2013-12-02T00:00:00
11612061;533955;Kutná Hora;;;;;402184;Kutná Hora-Vnitøní Mìsto;244660;námìstí Národního odboje;è.p.;48;1;;28401;684989.13;1066244.75;2013-12-02T00:00:00
11612070;533955;Kutná Hora;;;;;402184;Kutná Hora-Vnitøní Mìsto;244660;námìstí Národního odboje;è.p.;49;2;;28401;684996.69;1066294.00;2013-12-02T00:00:00
11612088;533955;Kutná Hora;;;;;402184;Kutná Hora-Vnitøní Mìsto;244660;námìstí Národního odboje;è.p.;50;3;;28401;684999.31;1066327.13;2013-12-02T00:00:00
11612096;533955;Kutná Hora;;;;;402184;Kutná Hora-Vnitøní Mìsto;243507;Barborská;è.p.;51;;;28401;684982.00;1066478.75;2013-12-02T00:00:00
11612100;533955;Kutná Hora;;;;;402184;Kutná Hora-Vnitøní Mìsto;243507;Barborská;è.p.;52;;;28401;685014.00;1066391.00;2013-12-02T00:00:00
11612118;533955;Kutná Hora;;;;;402184;Kutná Hora-Vnitøní Mìsto;243507;Barborská;è.p.;53;;;28401;685010.31;1066557.00;2013-12-02T00:00:00
11612126;533955;Kutná Hora;;;;;402184;Kutná Hora-Vnitøní Mìsto;243507;Barborská;è.p.;54;;;28401;685090.00;1066436.38;2013-12-02T00:00:00
11612142;533955;Kutná Hora;;;;;402184;Kutná Hora-Vnitøní Mìsto;244660;námìstí Národního odboje;è.p.;56;5;;28401;685027.31;1066323.25;2013-12-02T00:00:00
11612151;533955;Kutná Hora;;;;;402184;Kutná Hora-Vnitøní Mìsto;243892;Jakubská;è.p.;57;5;;28401;684684.88;1066233.00;2013-12-02T00:00:00
11612169;533955;Kutná Hora;;;;;402184;Kutná Hora-Vnitøní Mìsto;244660;námìstí Národního odboje;è.p.;58;6;;28401;685051.19;1066282.38;2013-12-02T00:00:00
11612177;533955;Kutná Hora;;;;;402184;Kutná Hora-Vnitøní Mìsto;244660;námìstí Národního odboje;è.p.;59;7;;28401;685097.13;1066217.88;2013-12-02T00:00:00
11612185;533955;Kutná Hora;;;;;402184;Kutná Hora-Vnitøní Mìsto;244660;námìstí Národního odboje;è.p.;60;9;;28401;685020.19;1066233.63;2013-12-02T00:00:00
11612193;533955;Kutná Hora;;;;;402184;Kutná Hora-Vnitøní Mìsto;245003;Rejskova;è.p.;61;11;;28401;684990.00;1066219.00;2013-12-02T00:00:00
11612207;533955;Kutná Hora;;;;;402184;Kutná Hora-Vnitøní Mìsto;245003;Rejskova;è.p.;62;9;;28401;684968.44;1066209.75;2013-12-02T00:00:00
11612215;533955;Kutná Hora;;;;;402184;Kutná Hora-Vnitøní Mìsto;245003;Rejskova;è.p.;63;7;;28401;684949.50;1066217.50;2013-12-02T00:00:00
11612223;533955;Kutná Hora;;;;;402184;Kutná Hora-Vnitøní Mìsto;245003;Rejskova;è.p.;64;5;;28401;684932.94;1066228.25;2013-12-02T00:00:00
11612231;533955;Kutná Hora;;;;;402184;Kutná Hora-Vnitøní Mìsto;245003;Rejskova;è.p.;65;3;;28401;684918.06;1066234.88;2013-12-02T00:00:00
11612240;533955;Kutná Hora;;;;;402184;Kutná Hora-Vnitøní Mìsto;245003;Rejskova;è.p.;66;1;;28401;684903.25;1066240.75;2013-12-02T00:00:00
11612258;533955;Kutná Hora;;;;;402184;Kutná Hora-Vnitøní Mìsto;244139;Komenského námìstí;è.p.;67;28;;28401;684885.69;1066204.13;2013-12-02T00:00:00
11612266;533955;Kutná Hora;;;;;402184;Kutná Hora-Vnitøní Mìsto;244139;Komenského námìstí;è.p.;68;24;;28401;684851.13;1066215.00;2013-12-02T00:00:00
11612274;533955;Kutná Hora;;;;;402184;Kutná Hora-Vnitøní Mìsto;244139;Komenského námìstí;è.p.;69;26;;28401;684872.50;1066208.63;2013-12-02T00:00:00
11612282;533955;Kutná Hora;;;;;402184;Kutná Hora-Vnitøní Mìsto;244139;Komenského námìstí;è.p.;70;22;;28401;684843.56;1066217.00;2013-12-02T00:00:00
11612291;533955;Kutná Hora;;;;;402184;Kutná Hora-Vnitøní Mìsto;244139;Komenského námìstí;è.p.;71;20;;28401;684834.69;1066218.75;2013-12-02T00:00:00
11612304;533955;Kutná Hora;;;;;402184;Kutná Hora-Vnitøní Mìsto;244139;Komenského námìstí;è.p.;72;18;;28401;684825.88;1066220.38;2013-12-02T00:00:00
11612312;533955;Kutná Hora;;;;;402184;Kutná Hora-Vnitøní Mìsto;244139;Komenského námìstí;è.p.;73;;;28401;684816.19;1066226.00;2013-12-02T00:00:00
11612321;533955;Kutná Hora;;;;;402184;Kutná Hora-Vnitøní Mìsto;244139;Komenského námìstí;è.p.;74;;;28401;684806.35;1066220.88;2022-10-15T00:00:00
11612339;533955;Kutná Hora;;;;;402184;Kutná Hora-Vnitøní Mìsto;243850;Hradební;è.p.;75;2;;28401;684753.56;1066001.13;2013-12-02T00:00:00
11612347;533955;Kutná Hora;;;;;402184;Kutná Hora-Vnitøní Mìsto;244139;Komenského námìstí;è.p.;76;8;;28401;684755.38;1066224.63;2013-12-02T00:00:00
11612355;533955;Kutná Hora;;;;;402184;Kutná Hora-Vnitøní Mìsto;245771;Vysokostelská;è.p.;77;3;;28401;684729.19;1066207.13;2013-12-02T00:00:00
11612363;533955;Kutná Hora;;;;;402184;Kutná Hora-Vnitøní Mìsto;245771;Vysokostelská;è.p.;78;5;;28401;684729.44;1066215.50;2013-12-02T00:00:00
11612371;533955;Kutná Hora;;;;;402184;Kutná Hora-Vnitøní Mìsto;245771;Vysokostelská;è.p.;79;7;;28401;684730.06;1066223.88;2013-12-02T00:00:00
11612380;533955;Kutná Hora;;;;;402184;Kutná Hora-Vnitøní Mìsto;244139;Komenského námìstí;è.p.;80;4;;28401;684721.19;1066235.13;2013-12-02T00:00:00
11612398;533955;Kutná Hora;;;;;402184;Kutná Hora-Vnitøní Mìsto;243892;Jakubská;è.p.;81;8;;28401;684712.38;1066239.25;2013-12-02T00:00:00
11612401;533955;Kutná Hora;;;;;402184;Kutná Hora-Vnitøní Mìsto;243892;Jakubská;è.p.;82;6;;28401;684706.88;1066218.63;2013-12-02T00:00:00
11612410;533955;Kutná Hora;;;;;402184;Kutná Hora-Vnitøní Mìsto;243892;Jakubská;è.p.;83;3;;28401;684697.13;1066221.00;2013-12-02T00:00:00
11612428;533955;Kutná Hora;;;;;402184;Kutná Hora-Vnitøní Mìsto;243817;Havlíèkovo námìstí;è.p.;84;7;;28401;684687.50;1066254.88;2013-12-02T00:00:00
11612436;533955;Kutná Hora;;;;;402184;Kutná Hora-Vnitøní Mìsto;243817;Havlíèkovo námìstí;è.p.;85;8;;28401;684635.25;1066249.50;2013-12-02T00:00:00
11612444;533955;Kutná Hora;;;;;402184;Kutná Hora-Vnitøní Mìsto;243817;Havlíèkovo námìstí;è.p.;86;10;;28401;684608.00;1066244.25;2013-12-02T00:00:00
11612452;533955;Kutná Hora;;;;;402184;Kutná Hora-Vnitøní Mìsto;243817;Havlíèkovo námìstí;è.p.;87;12;;28401;684567.38;1066237.75;2013-12-02T00:00:00
11612461;533955;Kutná Hora;;;;;402184;Kutná Hora-Vnitøní Mìsto;243469;28. øíjna;è.p.;88;;;28401;684578.88;1066204.25;2013-12-02T00:00:00
11612479;533955;Kutná Hora;;;;;402184;Kutná Hora-Vnitøní Mìsto;244767;Palackého námìstí;è.p.;89;10;;28401;684589.31;1066202.63;2013-12-02T00:00:00
11612487;533955;Kutná Hora;;;;;402184;Kutná Hora-Vnitøní Mìsto;244767;Palackého námìstí;è.p.;90;11;;28401;684599.19;1066202.50;2013-12-02T00:00:00
11612495;533955;Kutná Hora;;;;;402184;Kutná Hora-Vnitøní Mìsto;244767;Palackého námìstí;è.p.;91;12;;28401;684609.63;1066202.00;2013-12-02T00:00:00
11612509;533955;Kutná Hora;;;;;402184;Kutná Hora-Vnitøní Mìsto;244767;Palackého námìstí;è.p.;92;13;;28401;684620.13;1066202.75;2013-12-02T00:00:00
11612517;533955;Kutná Hora;;;;;402184;Kutná Hora-Vnitøní Mìsto;244767;Palackého námìstí;è.p.;93;14;;28401;684631.13;1066201.38;2013-12-02T00:00:00
11612525;533955;Kutná Hora;;;;;402184;Kutná Hora-Vnitøní Mìsto;244767;Palackého námìstí;è.p.;94;15;;28401;684643.26;1066209.84;2013-12-02T00:00:00
11612533;533955;Kutná Hora;;;;;402184;Kutná Hora-Vnitøní Mìsto;244767;Palackého námìstí;è.p.;95;16;;28401;684648.31;1066197.00;2013-12-02T00:00:00
11612541;533955;Kutná Hora;;;;;402184;Kutná Hora-Vnitøní Mìsto;244767;Palackého námìstí;è.p.;96;17;;28401;684653.69;1066195.88;2013-12-02T00:00:00
11612550;533955;Kutná Hora;;;;;402184;Kutná Hora-Vnitøní Mìsto;244767;Palackého námìstí;è.p.;97;18;;28401;684661.44;1066193.38;2013-12-02T00:00:00
11612568;533955;Kutná Hora;;;;;402184;Kutná Hora-Vnitøní Mìsto;244767;Palackého námìstí;è.p.;98;19;;28401;684672.44;1066191.63;2013-12-02T00:00:00
11612576;533955;Kutná Hora;;;;;402184;Kutná Hora-Vnitøní Mìsto;243892;Jakubská;è.p.;99;1;;28401;684689.31;1066190.63;2013-12-02T00:00:00
11612584;533955;Kutná Hora;;;;;402184;Kutná Hora-Vnitøní Mìsto;243892;Jakubská;è.p.;100;2;;28401;684700.19;1066192.25;2019-05-14T00:00:00
11612592;533955;Kutná Hora;;;;;402184;Kutná Hora-Vnitøní Mìsto;243892;Jakubská;è.p.;101;4;;28401;684706.50;1066190.38;2013-12-02T00:00:00
11612606;533955;Kutná Hora;;;;;402184;Kutná Hora-Vnitøní Mìsto;243884;Husova;è.p.;102;5;;28401;684717.63;1066188.63;2013-12-02T00:00:00
11612614;533955;Kutná Hora;;;;;402184;Kutná Hora-Vnitøní Mìsto;245771;Vysokostelská;è.p.;103;;;28401;684729.56;1066187.13;2013-12-02T00:00:00
11612622;533955;Kutná Hora;;;;;402184;Kutná Hora-Vnitøní Mìsto;243884;Husova;è.p.;104;9;;28401;684738.31;1066187.13;2013-12-02T00:00:00
11612631;533955;Kutná Hora;;;;;402184;Kutná Hora-Vnitøní Mìsto;243884;Husova;è.p.;105;11;;28401;684746.31;1066196.13;2013-12-02T00:00:00
11612649;533955;Kutná Hora;;;;;402184;Kutná Hora-Vnitøní Mìsto;244376;Mincíøská;è.p.;106;1;;28401;684757.38;1066194.75;2013-12-02T00:00:00
11612657;533955;Kutná Hora;;;;;402184;Kutná Hora-Vnitøní Mìsto;244376;Mincíøská;è.p.;107;2;;28401;684771.25;1066193.38;2013-12-02T00:00:00
11612665;533955;Kutná Hora;;;;;402184;Kutná Hora-Vnitøní Mìsto;243884;Husova;è.p.;108;17;;28401;684782.06;1066192.00;2013-12-02T00:00:00
11612673;533955;Kutná Hora;;;;;402184;Kutná Hora-Vnitøní Mìsto;243884;Husova;è.p.;109;19;;28401;684792.75;1066190.38;2019-05-14T00:00:00
11612681;533955;Kutná Hora;;;;;402184;Kutná Hora-Vnitøní Mìsto;243884;Husova;è.p.;110;;;28401;684802.38;1066189.00;2013-12-02T00:00:00
11612690;533955;Kutná Hora;;;;;402184;Kutná Hora-Vnitøní Mìsto;243884;Husova;è.p.;111;21;;28401;684811.31;1066187.75;2013-12-02T00:00:00
11612703;533955;Kutná Hora;;;;;402184;Kutná Hora-Vnitøní Mìsto;243884;Husova;è.p.;112;23;;28401;684821.25;1066185.63;2013-12-02T00:00:00
11612711;533955;Kutná Hora;;;;;402184;Kutná Hora-Vnitøní Mìsto;243884;Husova;è.p.;113;25;;28401;684830.38;1066183.75;2013-12-02T00:00:00
11612720;533955;Kutná Hora;;;;;402184;Kutná Hora-Vnitøní Mìsto;243884;Husova;è.p.;114;27;;28401;684839.19;1066182.38;2013-12-02T00:00:00
11612738;533955;Kutná Hora;;;;;402184;Kutná Hora-Vnitøní Mìsto;243884;Husova;è.p.;115;29;;28401;684847.31;1066181.88;2013-12-02T00:00:00
11612746;533955;Kutná Hora;;;;;402184;Kutná Hora-Vnitøní Mìsto;243884;Husova;è.p.;116;31;;28401;684855.63;1066181.63;2013-12-02T00:00:00
11612754;533955;Kutná Hora;;;;;402184;Kutná Hora-Vnitøní Mìsto;243884;Husova;è.p.;117;33;;28401;684864.25;1066181.00;2013-12-02T00:00:00
11612762;533955;Kutná Hora;;;;;402184;Kutná Hora-Vnitøní Mìsto;243884;Husova;è.p.;118;35;;28401;684872.81;1066181.38;2013-12-02T00:00:00
11612771;533955;Kutná Hora;;;;;402184;Kutná Hora-Vnitøní Mìsto;243884;Husova;è.p.;119;39;;28401;684905.19;1066185.63;2013-12-02T00:00:00
11612789;533955;Kutná Hora;;;;;402184;Kutná Hora-Vnitøní Mìsto;243884;Husova;è.p.;120;41;;28401;684914.13;1066186.13;2013-12-02T00:00:00
11612797;533955;Kutná Hora;;;;;402184;Kutná Hora-Vnitøní Mìsto;243884;Husova;è.p.;121;43;;28401;684925.00;1066188.25;2013-12-02T00:00:00
11612801;533955;Kutná Hora;;;;;402184;Kutná Hora-Vnitøní Mìsto;243884;Husova;è.p.;122;;;28401;684937.31;1066201.25;2013-12-02T00:00:00
11612819;533955;Kutná Hora;;;;;402184;Kutná Hora-Vnitøní Mìsto;243884;Husova;è.p.;123;45;;28401;684984.88;1066194.38;2013-12-02T00:00:00
11612827;533955;Kutná Hora;;;;;402184;Kutná Hora-Vnitøní Mìsto;243884;Husova;è.p.;124;47;;28401;685024.56;1066195.75;2013-12-02T00:00:00
11612835;533955;Kutná Hora;;;;;402184;Kutná Hora-Vnitøní Mìsto;243884;Husova;è.p.;125;49;;28401;685037.56;1066197.75;2013-12-02T00:00:00
11612843;533955;Kutná Hora;;;;;402184;Kutná Hora-Vnitøní Mìsto;243884;Husova;è.p.;126;51;;28401;685053.56;1066210.00;2013-12-02T00:00:00
11612851;533955;Kutná Hora;;;;;402184;Kutná Hora-Vnitøní Mìsto;243884;Husova;è.p.;127;53;;28401;685044.19;1066208.63;2013-12-02T00:00:00
11612860;533955;Kutná Hora;;;;;402184;Kutná Hora-Vnitøní Mìsto;243884;Husova;è.p.;128;55;;28401;685064.50;1066210.63;2013-12-02T00:00:00
11612878;533955;Kutná Hora;;;;;402184;Kutná Hora-Vnitøní Mìsto;243884;Husova;è.p.;129;57;;28401;685074.13;1066212.00;2013-12-02T00:00:00
11612886;533955;Kutná Hora;;;;;402184;Kutná Hora-Vnitøní Mìsto;243884;Husova;è.p.;130;40;;28401;685097.69;1066202.88;2013-12-02T00:00:00
11612894;533955;Kutná Hora;;;;;402184;Kutná Hora-Vnitøní Mìsto;243884;Husova;è.p.;131;38;;28401;685079.88;1066199.00;2013-12-02T00:00:00
11612908;533955;Kutná Hora;;;;;402184;Kutná Hora-Vnitøní Mìsto;243884;Husova;è.p.;132;36;;28401;685075.50;1066181.25;2013-12-02T00:00:00
11612916;533955;Kutná Hora;;;;;402184;Kutná Hora-Vnitøní Mìsto;243515;Bartolomìjská;è.p.;133;1;;28401;685089.25;1066169.63;2013-12-02T00:00:00
11612924;533955;Kutná Hora;;;;;402184;Kutná Hora-Vnitøní Mìsto;243515;Bartolomìjská;è.p.;134;3;;28401;685068.81;1066164.38;2013-12-02T00:00:00
11612932;533955;Kutná Hora;;;;;402184;Kutná Hora-Vnitøní Mìsto;243884;Husova;è.p.;135;34;;28401;685059.75;1066178.63;2013-12-02T00:00:00
11612941;533955;Kutná Hora;;;;;402184;Kutná Hora-Vnitøní Mìsto;243884;Husova;è.p.;136;32;;28401;685050.56;1066180.25;2013-12-02T00:00:00
11612959;533955;Kutná Hora;;;;;402184;Kutná Hora-Vnitøní Mìsto;243884;Husova;è.p.;137;30;;28401;685042.88;1066180.25;2013-12-02T00:00:00
11612967;533955;Kutná Hora;;;;;402184;Kutná Hora-Vnitøní Mìsto;243884;Husova;è.p.;138;28;;28401;685031.31;1066178.88;2013-12-02T00:00:00
11612975;533955;Kutná Hora;;;;;402184;Kutná Hora-Vnitøní Mìsto;243884;Husova;è.p.;139;26;;28401;685014.88;1066176.88;2013-12-02T00:00:00
11612983;533955;Kutná Hora;;;;;402184;Kutná Hora-Vnitøní Mìsto;243884;Husova;è.p.;140;24;;28401;685001.13;1066177.13;2013-12-02T00:00:00
11612991;533955;Kutná Hora;;;;;402184;Kutná Hora-Vnitøní Mìsto;243884;Husova;è.p.;141;22;;28401;684981.25;1066178.50;2013-12-02T00:00:00
11613009;533955;Kutná Hora;;;;;402184;Kutná Hora-Vnitøní Mìsto;243884;Husova;è.p.;142;20;;28401;684976.88;1066166.63;2013-12-02T00:00:00
11613017;533955;Kutná Hora;;;;;402184;Kutná Hora-Vnitøní Mìsto;243884;Husova;è.p.;143;18;;28401;684967.25;1066167.13;2013-12-02T00:00:00
11613025;533955;Kutná Hora;;;;;402184;Kutná Hora-Vnitøní Mìsto;243884;Husova;è.p.;144;16;;28401;684957.31;1066169.13;2013-12-02T00:00:00
11613033;533955;Kutná Hora;;;;;402184;Kutná Hora-Vnitøní Mìsto;243884;Husova;è.p.;145;14;;28401;684936.19;1066171.00;2013-12-02T00:00:00
11613041;533955;Kutná Hora;;;;;402184;Kutná Hora-Vnitøní Mìsto;244261;Lierova;è.p.;146;1;;28401;684869.06;1066166.50;2013-12-02T00:00:00
11613050;533955;Kutná Hora;;;;;402184;Kutná Hora-Vnitøní Mìsto;244261;Lierova;è.p.;147;4;;28401;684855.75;1066119.75;2013-12-02T00:00:00
11613068;533955;Kutná Hora;;;;;402184;Kutná Hora-Vnitøní Mìsto;243884;Husova;è.p.;148;2;;28401;684849.19;1066164.00;2013-12-02T00:00:00
11613076;533955;Kutná Hora;;;;;402184;Kutná Hora-Vnitøní Mìsto;243884;Husova;è.p.;149;8;;28401;684821.32;1066163.72;2013-12-02T00:00:00
11613084;533955;Kutná Hora;;;;;402184;Kutná Hora-Vnitøní Mìsto;244368;Mìstské sady;è.p.;150;17;;28401;684271.37;1066406.91;2022-10-15T00:00:00
11613092;533955;Kutná Hora;;;;;402184;Kutná Hora-Vnitøní Mìsto;243884;Husova;è.p.;151;6;;28401;684785.19;1066173.00;2013-12-02T00:00:00
11613106;533955;Kutná Hora;;;;;402184;Kutná Hora-Vnitøní Mìsto;243884;Husova;è.p.;152;4;;28401;684766.50;1066173.13;2013-12-02T00:00:00
11613114;533955;Kutná Hora;;;;;402184;Kutná Hora-Vnitøní Mìsto;245275;Šultysova;è.p.;153;1;;28401;684750.81;1066170.00;2013-12-02T00:00:00
11613122;533955;Kutná Hora;;;;;402184;Kutná Hora-Vnitøní Mìsto;245275;Šultysova;è.p.;154;2;;28401;684715.88;1066177.75;2013-12-02T00:00:00
11613131;533955;Kutná Hora;;;;;402184;Kutná Hora-Vnitøní Mìsto;244767;Palackého námìstí;è.p.;155;1;;28401;684683.25;1066175.50;2013-12-02T00:00:00
11613149;533955;Kutná Hora;;;;;402184;Kutná Hora-Vnitøní Mìsto;244767;Palackého námìstí;è.p.;156;2;;28401;684670.13;1066168.25;2013-12-02T00:00:00
11613157;533955;Kutná Hora;;;;;402184;Kutná Hora-Vnitøní Mìsto;244112;Kollárova;è.p.;157;1;;28401;684655.88;1066151.75;2013-12-02T00:00:00
11613165;533955;Kutná Hora;;;;;402184;Kutná Hora-Vnitøní Mìsto;244112;Kollárova;è.p.;158;5;;28401;684668.31;1066130.25;2013-12-02T00:00:00
11613173;533955;Kutná Hora;;;;;402184;Kutná Hora-Vnitøní Mìsto;244112;Kollárova;è.p.;159;11;;28401;684699.38;1066074.25;2013-12-02T00:00:00
11613181;533955;Kutná Hora;;;;;402184;Kutná Hora-Vnitøní Mìsto;244112;Kollárova;è.p.;160;13;;28401;684711.31;1066053.50;2013-12-02T00:00:00
11613190;533955;Kutná Hora;;;;;402184;Kutná Hora-Vnitøní Mìsto;245828;Václavské námìstí;è.p.;161;3;;28401;684721.75;1066059.63;2013-12-02T00:00:00
11613203;533955;Kutná Hora;;;;;402184;Kutná Hora-Vnitøní Mìsto;245828;Václavské námìstí;è.p.;162;5;;28401;684760.00;1066078.63;2013-12-02T00:00:00
11613211;533955;Kutná Hora;;;;;402184;Kutná Hora-Vnitøní Mìsto;245275;Šultysova;è.p.;163;22;;28401;684755.38;1066088.25;2013-12-02T00:00:00
11613220;533955;Kutná Hora;;;;;402184;Kutná Hora-Vnitøní Mìsto;245275;Šultysova;è.p.;164;20;;28401;684752.94;1066094.25;2013-12-02T00:00:00
11613238;533955;Kutná Hora;;;;;402184;Kutná Hora-Vnitøní Mìsto;245275;Šultysova;è.p.;165;18;;28401;684750.38;1066101.25;2013-12-02T00:00:00
11613246;533955;Kutná Hora;;;;;402184;Kutná Hora-Vnitøní Mìsto;245275;Šultysova;è.p.;166;16;;28401;684747.00;1066108.50;2013-12-02T00:00:00
11613254;533955;Kutná Hora;;;;;402184;Kutná Hora-Vnitøní Mìsto;245275;Šultysova;è.p.;167;14;;28401;684743.50;1066116.75;2013-12-02T00:00:00
11613262;533955;Kutná Hora;;;;;402184;Kutná Hora-Vnitøní Mìsto;245275;Šultysova;è.p.;168;12;;28401;684738.56;1066126.25;2013-12-02T00:00:00
11613271;533955;Kutná Hora;;;;;402184;Kutná Hora-Vnitøní Mìsto;245275;Šultysova;è.p.;169;10;;28401;684734.81;1066134.75;2013-12-02T00:00:00
11613289;533955;Kutná Hora;;;;;402184;Kutná Hora-Vnitøní Mìsto;245275;Šultysova;è.p.;170;8;;28401;684728.19;1066146.88;2013-12-02T00:00:00
11613297;533955;Kutná Hora;;;;;402184;Kutná Hora-Vnitøní Mìsto;245275;Šultysova;è.p.;171;6;;28401;684721.75;1066159.63;2013-12-02T00:00:00
11613301;533955;Kutná Hora;;;;;402184;Kutná Hora-Vnitøní Mìsto;245275;Šultysova;è.p.;172;4;;28401;684719.25;1066167.00;2013-12-02T00:00:00
11613319;533955;Kutná Hora;;;;;402184;Kutná Hora-Vnitøní Mìsto;245275;Šultysova;è.p.;173;3;;28401;684758.13;1066141.00;2013-12-02T00:00:00
11613327;533955;Kutná Hora;;;;;402184;Kutná Hora-Vnitøní Mìsto;245275;Šultysova;è.p.;174;5;;28401;684768.88;1066112.63;2013-12-02T00:00:00
11613335;533955;Kutná Hora;;;;;402184;Kutná Hora-Vnitøní Mìsto;245828;Václavské námìstí;è.p.;175;9;;28401;684804.75;1066109.13;2013-12-02T00:00:00
11613343;533955;Kutná Hora;;;;;402184;Kutná Hora-Vnitøní Mìsto;245828;Václavské námìstí;è.p.;176;11;;28401;684812.06;1066096.13;2013-12-02T00:00:00
11613351;533955;Kutná Hora;;;;;402184;Kutná Hora-Vnitøní Mìsto;245828;Václavské námìstí;è.p.;177;13;;28401;684832.81;1066108.00;2013-12-02T00:00:00
11613360;533955;Kutná Hora;;;;;402184;Kutná Hora-Vnitøní Mìsto;244988;Radnická;è.p.;178;36;;28401;684913.99;1066082.91;2013-12-02T00:00:00
11613378;533955;Kutná Hora;;;;;402184;Kutná Hora-Vnitøní Mìsto;245828;Václavské námìstí;è.p.;179;34;;28401;684887.88;1066107.63;2013-12-02T00:00:00
11613386;533955;Kutná Hora;;;;;402184;Kutná Hora-Vnitøní Mìsto;245828;Václavské námìstí;è.p.;180;32;;28401;684881.19;1066104.13;2013-12-02T00:00:00
11613394;533955;Kutná Hora;;;;;402184;Kutná Hora-Vnitøní Mìsto;245828;Václavské námìstí;è.p.;181;30;;28401;684870.50;1066100.75;2013-12-02T00:00:00
11613408;533955;Kutná Hora;;;;;402184;Kutná Hora-Vnitøní Mìsto;245828;Václavské námìstí;è.p.;182;28;;28401;684859.88;1066095.38;2013-12-02T00:00:00
11613416;533955;Kutná Hora;;;;;402184;Kutná Hora-Vnitøní Mìsto;245828;Václavské námìstí;è.p.;183;26;;28401;684845.31;1066087.88;2013-12-02T00:00:00
11613424;533955;Kutná Hora;;;;;402184;Kutná Hora-Vnitøní Mìsto;243612;Èeská;è.p.;184;1;;28401;684832.94;1066082.13;2013-12-02T00:00:00
11613432;533955;Kutná Hora;;;;;402184;Kutná Hora-Vnitøní Mìsto;244112;Kollárova;è.p.;185;3;;28401;684662.50;1066140.50;2013-12-02T00:00:00
11613441;533955;Kutná Hora;;;;;402184;Kutná Hora-Vnitøní Mìsto;243612;Èeská;è.p.;186;3;;28401;684865.19;1066021.13;2013-12-02T00:00:00
11613459;533955;Kutná Hora;;;;;402184;Kutná Hora-Vnitøní Mìsto;243612;Èeská;è.p.;187;5;;28401;684870.50;1066011.50;2013-12-02T00:00:00
11613467;533955;Kutná Hora;;;;;402184;Kutná Hora-Vnitøní Mìsto;243612;Èeská;è.p.;188;7;;28401;684881.31;1065985.38;2013-12-02T00:00:00
11613475;533955;Kutná Hora;;;;;402184;Kutná Hora-Vnitøní Mìsto;243612;Èeská;è.p.;189;9;;28401;684889.44;1065970.13;2013-12-02T00:00:00
11613483;533955;Kutná Hora;;;;;402184;Kutná Hora-Vnitøní Mìsto;243612;Èeská;è.p.;190;11;;28401;684893.44;1065962.00;2013-12-02T00:00:00
11613491;533955;Kutná Hora;;;;;402184;Kutná Hora-Vnitøní Mìsto;243612;Èeská;è.p.;191;13;;28401;684895.56;1065953.88;2013-12-02T00:00:00
11613505;533955;Kutná Hora;;;;;402184;Kutná Hora-Vnitøní Mìsto;243612;Èeská;è.p.;192;15;;28401;684897.88;1065945.25;2013-12-02T00:00:00
11613513;533955;Kutná Hora;;;;;402184;Kutná Hora-Vnitøní Mìsto;243612;Èeská;è.p.;193;17;;28401;684902.13;1065936.38;2013-12-02T00:00:00
11613521;533955;Kutná Hora;;;;;402184;Kutná Hora-Vnitøní Mìsto;243612;Èeská;è.p.;194;19;;28401;684905.69;1065929.50;2013-12-02T00:00:00
11613530;533955;Kutná Hora;;;;;402184;Kutná Hora-Vnitøní Mìsto;243612;Èeská;è.p.;195;21;;28401;684914.63;1065915.00;2013-12-02T00:00:00
11613548;533955;Kutná Hora;;;;;402184;Kutná Hora-Vnitøní Mìsto;243612;Èeská;è.p.;196;23;;28401;684926.56;1065906.13;2013-12-02T00:00:00
11613556;533955;Kutná Hora;;;;;402184;Kutná Hora-Vnitøní Mìsto;243612;Èeská;è.p.;197;25;;28401;684931.69;1065900.25;2013-12-02T00:00:00
11613564;533955;Kutná Hora;;;;;402184;Kutná Hora-Vnitøní Mìsto;243612;Èeská;è.p.;198;27;;28401;684936.19;1065891.13;2013-12-02T00:00:00
11613572;533955;Kutná Hora;;;;;402184;Kutná Hora-Vnitøní Mìsto;243612;Èeská;è.p.;199;29;;28401;684941.69;1065887.13;2013-12-02T00:00:00
11613581;533955;Kutná Hora;;;;;402184;Kutná Hora-Vnitøní Mìsto;243612;Èeská;è.p.;200;33;;28401;684962.19;1065861.00;2013-12-02T00:00:00
11613599;533955;Kutná Hora;;;;;402184;Kutná Hora-Vnitøní Mìsto;244783;Pirknerovo námìstí;è.p.;201;8;;28401;684958.56;1065932.50;2013-12-02T00:00:00
11613602;533955;Kutná Hora;;;;;402184;Kutná Hora-Vnitøní Mìsto;244783;Pirknerovo námìstí;è.p.;202;6;;28401;684939.38;1065956.63;2013-12-02T00:00:00
11613611;533955;Kutná Hora;;;;;402184;Kutná Hora-Vnitøní Mìsto;245119;Slavíkova;è.p.;203;3;;28401;684265.81;1066264.00;2013-12-02T00:00:00
11613629;533955;Kutná Hora;;;;;402184;Kutná Hora-Vnitøní Mìsto;245119;Slavíkova;è.p.;204;5;;28401;684273.40;1066257.48;2013-12-02T00:00:00
11613637;533955;Kutná Hora;;;;;402184;Kutná Hora-Vnitøní Mìsto;243841;Hornická;è.p.;205;1;;28401;684907.44;1066008.38;2013-12-02T00:00:00
11613645;533955;Kutná Hora;;;;;402184;Kutná Hora-Vnitøní Mìsto;244783;Pirknerovo námìstí;è.p.;206;3;;28401;684966.63;1065974.13;2013-12-02T00:00:00
11613653;533955;Kutná Hora;;;;;402184;Kutná Hora-Vnitøní Mìsto;243515;Bartolomìjská;è.p.;207;;;28401;684987.94;1066021.88;2013-12-02T00:00:00
11613661;533955;Kutná Hora;;;;;402184;Kutná Hora-Vnitøní Mìsto;244473;Na Pavláèce;è.p.;208;3;;28401;684840.94;1065948.75;2013-12-02T00:00:00
11613670;533955;Kutná Hora;;;;;402184;Kutná Hora-Vnitøní Mìsto;243841;Hornická;è.p.;209;4;;28401;684968.63;1066059.38;2013-12-02T00:00:00
11613688;533955;Kutná Hora;;;;;402184;Kutná Hora-Vnitøní Mìsto;244783;Pirknerovo námìstí;è.p.;210;2;;28401;684911.00;1065984.50;2013-12-02T00:00:00
11613696;533955;Kutná Hora;;;;;402184;Kutná Hora-Vnitøní Mìsto;243515;Bartolomìjská;è.p.;211;5;;28401;685063.36;1066137.39;2013-12-02T00:00:00
11613700;533955;Kutná Hora;;;;;402184;Kutná Hora-Vnitøní Mìsto;244988;Radnická;è.p.;212;1;;28401;684977.44;1066121.50;2013-12-02T00:00:00
11613718;533955;Kutná Hora;;;;;402184;Kutná Hora-Vnitøní Mìsto;244988;Radnická;è.p.;213;3;;28401;684983.81;1066113.13;2013-12-02T00:00:00
11613726;533955;Kutná Hora;;;;;402184;Kutná Hora-Vnitøní Mìsto;244988;Radnická;è.p.;214;5;;28401;684985.81;1066100.13;2013-12-02T00:00:00
11613734;533955;Kutná Hora;;;;;402184;Kutná Hora-Vnitøní Mìsto;244988;Radnická;è.p.;215;13;;28401;685004.50;1066040.75;2013-12-02T00:00:00
11613742;533955;Kutná Hora;;;;;402184;Kutná Hora-Vnitøní Mìsto;243515;Bartolomìjská;è.p.;216;12;;28401;685012.75;1066042.88;2013-12-02T00:00:00
11613751;533955;Kutná Hora;;;;;402184;Kutná Hora-Vnitøní Mìsto;243515;Bartolomìjská;è.p.;217;10;;28401;685028.56;1066075.50;2013-12-02T00:00:00
11613769;533955;Kutná Hora;;;;;402184;Kutná Hora-Vnitøní Mìsto;243515;Bartolomìjská;è.p.;218;6;;28401;685039.25;1066116.13;2013-12-02T00:00:00
11613777;533955;Kutná Hora;;;;;402184;Kutná Hora-Vnitøní Mìsto;243515;Bartolomìjská;è.p.;219;8;;28401;685033.63;1066099.50;2013-12-02T00:00:00
11613793;533955;Kutná Hora;;;;;402184;Kutná Hora-Vnitøní Mìsto;243515;Bartolomìjská;è.p.;221;11;;28401;685048.69;1066096.63;2013-12-02T00:00:00
11613807;533955;Kutná Hora;;;;;402184;Kutná Hora-Vnitøní Mìsto;243515;Bartolomìjská;è.p.;222;13;;28401;685045.44;1066080.13;2013-12-02T00:00:00
11613815;533955;Kutná Hora;;;;;402184;Kutná Hora-Vnitøní Mìsto;243515;Bartolomìjská;è.p.;223;15;;28401;685041.25;1066067.00;2013-12-02T00:00:00
11613823;533955;Kutná Hora;;;;;402184;Kutná Hora-Vnitøní Mìsto;244988;Radnická;è.p.;224;9;;28401;684994.19;1066075.13;2013-12-02T00:00:00
11613831;533955;Kutná Hora;;;;;402184;Kutná Hora-Vnitøní Mìsto;244660;námìstí Národního odboje;è.p.;225;8;;28401;685066.50;1066235.25;2013-12-02T00:00:00
11613840;533955;Kutná Hora;;;;;402184;Kutná Hora-Vnitøní Mìsto;245135;Smíškova;è.p.;226;5;;28401;684945.25;1066340.00;2013-12-02T00:00:00
11613858;533955;Kutná Hora;;;;;402184;Kutná Hora-Vnitøní Mìsto;244449;Na Lávkách;è.p.;227;3;;28401;684395.88;1066074.50;2013-12-02T00:00:00
11613866;533955;Kutná Hora;;;;;402184;Kutná Hora-Vnitøní Mìsto;244783;Pirknerovo námìstí;è.p.;228;5;;28401;684984.13;1065937.38;2013-12-02T00:00:00
11613874;533955;Kutná Hora;;;;;402184;Kutná Hora-Vnitøní Mìsto;244783;Pirknerovo námìstí;è.p.;229;;;28401;685052.94;1065956.00;2013-12-02T00:00:00
11613882;533955;Kutná Hora;;;;;402184;Kutná Hora-Vnitøní Mìsto;243612;Èeská;è.p.;230;6;;28401;684839.19;1066040.25;2013-12-02T00:00:00
11613904;533955;Kutná Hora;;;;;402184;Kutná Hora-Vnitøní Mìsto;245372;Tylova;è.p.;232;3;;28401;684532.75;1066166.88;2013-12-02T00:00:00
11613912;533955;Kutná Hora;;;;;402184;Kutná Hora-Vnitøní Mìsto;243515;Bartolomìjská;è.p.;233;7;;28401;685056.44;1066128.63;2013-12-02T00:00:00
11613921;533955;Kutná Hora;;;;;402184;Kutná Hora-Vnitøní Mìsto;243612;Èeská;è.p.;234;35;;28401;684972.63;1065846.75;2013-12-02T00:00:00
11613939;533955;Kutná Hora;;;;;402184;Kutná Hora-Vnitøní Mìsto;243612;Èeská;è.p.;235;36;;28401;684977.00;1065820.13;2013-12-02T00:00:00
11613947;533955;Kutná Hora;;;;;402184;Kutná Hora-Vnitøní Mìsto;243612;Èeská;è.p.;236;32;;28401;684945.00;1065856.50;2013-12-02T00:00:00
11613955;533955;Kutná Hora;;;;;402184;Kutná Hora-Vnitøní Mìsto;243612;Èeská;è.p.;237;;;28401;684931.81;1065870.38;2013-12-02T00:00:00
11613963;533955;Kutná Hora;;;;;402184;Kutná Hora-Vnitøní Mìsto;245046;Rudní;è.p.;238;;;28401;684299.31;1066219.25;2013-12-02T00:00:00
11613971;533955;Kutná Hora;;;;;402184;Kutná Hora-Vnitøní Mìsto;244473;Na Pavláèce;è.p.;239;4;;28401;684888.69;1065864.25;2013-12-02T00:00:00
11613980;533955;Kutná Hora;;;;;402184;Kutná Hora-Vnitøní Mìsto;243612;Èeská;è.p.;240;28;;28401;684922.25;1065882.25;2013-12-02T00:00:00
11613998;533955;Kutná Hora;;;;;402184;Kutná Hora-Vnitøní Mìsto;243612;Èeská;è.p.;241;26;;28401;684902.25;1065908.50;2013-12-02T00:00:00
11614005;533955;Kutná Hora;;;;;402184;Kutná Hora-Vnitøní Mìsto;243612;Èeská;è.p.;242;20;;28401;684880.75;1065950.63;2013-12-02T00:00:00
11614013;533955;Kutná Hora;;;;;402184;Kutná Hora-Vnitøní Mìsto;243612;Èeská;è.p.;243;18;;28401;684874.56;1065967.88;2013-12-02T00:00:00
11614021;533955;Kutná Hora;;;;;402184;Kutná Hora-Vnitøní Mìsto;243612;Èeská;è.p.;244;16;;28401;684868.06;1065986.00;2013-12-02T00:00:00
11614030;533955;Kutná Hora;;;;;402184;Kutná Hora-Vnitøní Mìsto;244759;Orelská;è.p.;245;12;;28401;684860.88;1066001.13;2013-12-02T00:00:00
11614048;533955;Kutná Hora;;;;;402184;Kutná Hora-Vnitøní Mìsto;244759;Orelská;è.p.;246;10;;28401;684826.19;1065969.50;2013-12-02T00:00:00
11614056;533955;Kutná Hora;;;;;402184;Kutná Hora-Vnitøní Mìsto;243612;Èeská;è.p.;247;12;;28401;684854.63;1066010.38;2013-12-02T00:00:00
11614064;533955;Kutná Hora;;;;;402184;Kutná Hora-Vnitøní Mìsto;243612;Èeská;è.p.;248;10;;28401;684850.13;1066019.50;2013-12-02T00:00:00
11614072;533955;Kutná Hora;;;;;402184;Kutná Hora-Vnitøní Mìsto;243612;Èeská;è.p.;249;8;;28401;684842.56;1066032.75;2013-12-02T00:00:00
11614081;533955;Kutná Hora;;;;;402184;Kutná Hora-Vnitøní Mìsto;245828;Václavské námìstí;è.p.;250;;;28401;684817.75;1066073.88;2013-12-02T00:00:00
11614099;533955;Kutná Hora;;;;;402184;Kutná Hora-Vnitøní Mìsto;245828;Václavské námìstí;è.p.;251;20;;28401;684806.38;1066067.38;2013-12-02T00:00:00
11614102;533955;Kutná Hora;;;;;402184;Kutná Hora-Vnitøní Mìsto;245828;Václavské námìstí;è.p.;252;18;;28401;684792.81;1066061.38;2013-12-02T00:00:00
11614111;533955;Kutná Hora;;;;;402184;Kutná Hora-Vnitøní Mìsto;245828;Václavské námìstí;è.p.;253;16;;28401;684780.38;1066056.88;2013-12-02T00:00:00
11614129;533955;Kutná Hora;;;;;402184;Kutná Hora-Vnitøní Mìsto;245828;Václavské námìstí;è.p.;254;14;;28401;684772.75;1066053.13;2013-12-02T00:00:00
11614137;533955;Kutná Hora;;;;;402184;Kutná Hora-Vnitøní Mìsto;245828;Václavské námìstí;è.p.;255;12;;28401;684762.88;1066049.25;2013-12-02T00:00:00
11614145;533955;Kutná Hora;;;;;402184;Kutná Hora-Vnitøní Mìsto;245828;Václavské námìstí;è.p.;256;10;;28401;684753.56;1066044.75;2013-12-02T00:00:00
11614153;533955;Kutná Hora;;;;;402184;Kutná Hora-Vnitøní Mìsto;244759;Orelská;è.p.;257;3;;28401;684785.81;1065999.13;2013-12-02T00:00:00
11614161;533955;Kutná Hora;;;;;402184;Kutná Hora-Vnitøní Mìsto;244759;Orelská;è.p.;258;5;;28401;684791.00;1065988.75;2013-12-02T00:00:00
11614170;533955;Kutná Hora;;;;;402184;Kutná Hora-Vnitøní Mìsto;244759;Orelská;è.p.;259;7;;28401;684795.31;1065979.88;2013-12-02T00:00:00
11614188;533955;Kutná Hora;;;;;402184;Kutná Hora-Vnitøní Mìsto;244759;Orelská;è.p.;260;8;;28401;684819.44;1065960.00;2013-12-02T00:00:00
11614196;533955;Kutná Hora;;;;;402184;Kutná Hora-Vnitøní Mìsto;243850;Hradební;è.p.;261;9;;28401;684793.38;1065934.50;2013-12-02T00:00:00
11614218;533955;Kutná Hora;;;;;402184;Kutná Hora-Vnitøní Mìsto;243850;Hradební;è.p.;263;12;;28401;684782.88;1065921.25;2013-12-02T00:00:00
11614226;533955;Kutná Hora;;;;;402184;Kutná Hora-Vnitøní Mìsto;243833;Hloušecká;è.p.;264;5;;28401;684763.88;1065906.25;2013-12-02T00:00:00
11614234;533955;Kutná Hora;;;;;402184;Kutná Hora-Vnitøní Mìsto;243833;Hloušecká;è.p.;265;7;;28401;684766.19;1065888.63;2013-12-02T00:00:00
11614242;533955;Kutná Hora;;;;;402184;Kutná Hora-Vnitøní Mìsto;243850;Hradební;è.p.;266;10;;28401;684773.63;1065929.25;2013-12-02T00:00:00
11614251;533955;Kutná Hora;;;;;402184;Kutná Hora-Vnitøní Mìsto;243850;Hradební;è.p.;267;8;;28401;684763.19;1065960.25;2013-12-02T00:00:00
11614269;533955;Kutná Hora;;;;;402184;Kutná Hora-Vnitøní Mìsto;245054;Sokolská;è.p.;268;14;;28401;684196.25;1066350.25;2013-12-02T00:00:00
11614277;533955;Kutná Hora;;;;;402184;Kutná Hora-Vnitøní Mìsto;243850;Hradební;è.p.;269;7;;28401;684780.38;1065945.50;2013-12-02T00:00:00
11614285;533955;Kutná Hora;;;;;402184;Kutná Hora-Vnitøní Mìsto;243850;Hradební;è.p.;270;5;;28401;684773.38;1065965.25;2013-12-02T00:00:00
11614293;533955;Kutná Hora;;;;;402184;Kutná Hora-Vnitøní Mìsto;243850;Hradební;è.p.;271;3;;28401;684770.94;1065971.38;2013-12-02T00:00:00
11614307;533955;Kutná Hora;;;;;402184;Kutná Hora-Vnitøní Mìsto;244759;Orelská;è.p.;272;4;;28401;684763.38;1066003.88;2013-12-02T00:00:00
11614315;533955;Kutná Hora;;;;;402184;Kutná Hora-Vnitøní Mìsto;245828;Václavské námìstí;è.p.;273;;;28401;684740.56;1066034.38;2013-12-02T00:00:00
11614323;533955;Kutná Hora;;;;;402184;Kutná Hora-Vnitøní Mìsto;245828;Václavské námìstí;è.p.;274;6;;28401;684727.06;1066029.50;2013-12-02T00:00:00
11614331;533955;Kutná Hora;;;;;402184;Kutná Hora-Vnitøní Mìsto;245828;Václavské námìstí;è.p.;275;4;;28401;684713.06;1066024.00;2013-12-02T00:00:00
11614340;533955;Kutná Hora;;;;;402184;Kutná Hora-Vnitøní Mìsto;243833;Hloušecká;è.p.;276;1;;28401;684699.25;1066016.38;2013-12-02T00:00:00
11614358;533955;Kutná Hora;;;;;402184;Kutná Hora-Vnitøní Mìsto;243833;Hloušecká;è.p.;277;10;;28401;684753.56;1065897.63;2013-12-02T00:00:00
11614366;533955;Kutná Hora;;;;;402184;Kutná Hora-Vnitøní Mìsto;243833;Hloušecká;è.p.;278;8;;28401;684727.69;1065934.63;2013-12-02T00:00:00
11614374;533955;Kutná Hora;;;;;402184;Kutná Hora-Vnitøní Mìsto;243833;Hloušecká;è.p.;279;6;;28401;684708.06;1065948.50;2013-12-02T00:00:00
11614382;533955;Kutná Hora;;;;;402184;Kutná Hora-Vnitøní Mìsto;244996;Rakova;è.p.;280;;;28401;684970.36;1066246.16;2022-10-15T00:00:00
11614391;533955;Kutná Hora;;;;;402184;Kutná Hora-Vnitøní Mìsto;243957;Jiøího z Podìbrad;è.p.;281;1;;28401;684689.19;1066010.75;2013-12-02T00:00:00
11614404;533955;Kutná Hora;;;;;402184;Kutná Hora-Vnitøní Mìsto;243957;Jiøího z Podìbrad;è.p.;282;3;;28401;684673.69;1066002.50;2013-12-02T00:00:00
11614412;533955;Kutná Hora;;;;;402184;Kutná Hora-Vnitøní Mìsto;243957;Jiøího z Podìbrad;è.p.;283;5;;28401;684662.69;1065996.13;2013-12-02T00:00:00
11614421;533955;Kutná Hora;;;;;402184;Kutná Hora-Vnitøní Mìsto;243957;Jiøího z Podìbrad;è.p.;284;7;;28401;684651.56;1065988.75;2013-12-02T00:00:00
11614439;533955;Kutná Hora;;;;;402184;Kutná Hora-Vnitøní Mìsto;243957;Jiøího z Podìbrad;è.p.;285;9;;28401;684642.06;1065984.13;2013-12-02T00:00:00
11614447;533955;Kutná Hora;;;;;402184;Kutná Hora-Vnitøní Mìsto;243957;Jiøího z Podìbrad;è.p.;286;11;;28401;684631.25;1065977.13;2013-12-02T00:00:00
11614455;533955;Kutná Hora;;;;;402184;Kutná Hora-Vnitøní Mìsto;243957;Jiøího z Podìbrad;è.p.;287;15;;28401;684614.00;1065952.00;2013-12-02T00:00:00
11614463;533955;Kutná Hora;;;;;402184;Kutná Hora-Vnitøní Mìsto;243957;Jiøího z Podìbrad;è.p.;288;13;;28401;684572.94;1065935.88;2013-12-02T00:00:00
11614471;533955;Kutná Hora;;;;;402184;Kutná Hora-Vnitøní Mìsto;243957;Jiøího z Podìbrad;è.p.;289;;;28401;684533.94;1065903.00;2013-12-02T00:00:00
11614480;533955;Kutná Hora;;;;;402184;Kutná Hora-Vnitøní Mìsto;243957;Jiøího z Podìbrad;è.p.;290;;;28401;684503.13;1065880.88;2013-12-02T00:00:00
11614501;533955;Kutná Hora;;;;;402184;Kutná Hora-Vnitøní Mìsto;244333;Mezibranská;è.p.;293;1;;28401;684417.94;1065863.00;2013-12-02T00:00:00
11614528;533955;Kutná Hora;;;;;402184;Kutná Hora-Vnitøní Mìsto;243477;Andìlská;è.p.;295;14;;28401;684551.88;1065936.88;2013-12-02T00:00:00
11614536;533955;Kutná Hora;;;;;402184;Kutná Hora-Vnitøní Mìsto;243477;Andìlská;è.p.;296;12;;28401;684541.25;1065949.25;2013-12-02T00:00:00
11614544;533955;Kutná Hora;;;;;402184;Kutná Hora-Vnitøní Mìsto;243477;Andìlská;è.p.;297;6;;28401;684504.94;1065994.13;2013-12-02T00:00:00
11614552;533955;Kutná Hora;;;;;402184;Kutná Hora-Vnitøní Mìsto;243477;Andìlská;è.p.;298;4;;28401;684496.06;1066005.50;2013-12-02T00:00:00
11614561;533955;Kutná Hora;;;;;402184;Kutná Hora-Vnitøní Mìsto;243477;Andìlská;è.p.;299;3;;28401;684503.50;1066012.88;2013-12-02T00:00:00
11614579;533955;Kutná Hora;;;;;402184;Kutná Hora-Vnitøní Mìsto;243477;Andìlská;è.p.;300;5;;28401;684531.19;1065982.88;2013-12-02T00:00:00
11614587;533955;Kutná Hora;;;;;402184;Kutná Hora-Vnitøní Mìsto;243477;Andìlská;è.p.;301;7;;28401;684542.56;1065969.13;2013-12-02T00:00:00
11614595;533955;Kutná Hora;;;;;402184;Kutná Hora-Vnitøní Mìsto;243957;Jiøího z Podìbrad;è.p.;302;14;;28401;684560.06;1065947.38;2013-12-02T00:00:00
11614609;533955;Kutná Hora;;;;;402184;Kutná Hora-Vnitøní Mìsto;243957;Jiøího z Podìbrad;è.p.;303;12;;28401;684583.69;1065962.38;2013-12-02T00:00:00
11614617;533955;Kutná Hora;;;;;402184;Kutná Hora-Vnitøní Mìsto;243957;Jiøího z Podìbrad;è.p.;304;10;;28401;684593.81;1065969.50;2013-12-02T00:00:00
11614625;533955;Kutná Hora;;;;;402184;Kutná Hora-Vnitøní Mìsto;243957;Jiøího z Podìbrad;è.p.;305;8;;28401;684606.69;1065976.88;2013-12-02T00:00:00
11614633;533955;Kutná Hora;;;;;402184;Kutná Hora-Vnitøní Mìsto;243957;Jiøího z Podìbrad;è.p.;307;;;28401;684621.63;1065986.00;2013-12-02T00:00:00
11614641;533955;Kutná Hora;;;;;402184;Kutná Hora-Vnitøní Mìsto;243957;Jiøího z Podìbrad;è.p.;308;4;;28401;684627.13;1066026.50;2013-12-02T00:00:00
11614650;533955;Kutná Hora;;;;;402184;Kutná Hora-Vnitøní Mìsto;244112;Kollárova;è.p.;309;14;;28401;684699.31;1066032.50;2013-12-02T00:00:00
11614668;533955;Kutná Hora;;;;;402184;Kutná Hora-Vnitøní Mìsto;244112;Kollárova;è.p.;310;;;28401;684690.00;1066049.00;2013-12-02T00:00:00
11614676;533955;Kutná Hora;;;;;402184;Kutná Hora-Vnitøní Mìsto;244112;Kollárova;è.p.;311;;;28401;684685.56;1066057.75;2013-12-02T00:00:00
11614684;533955;Kutná Hora;;;;;402184;Kutná Hora-Vnitøní Mìsto;244112;Kollárova;è.p.;312;10;;28401;684680.94;1066065.38;2013-12-02T00:00:00
11614692;533955;Kutná Hora;;;;;402184;Kutná Hora-Vnitøní Mìsto;244112;Kollárova;è.p.;313;8;;28401;684676.00;1066075.38;2013-12-02T00:00:00
11614706;533955;Kutná Hora;;;;;402184;Kutná Hora-Vnitøní Mìsto;244112;Kollárova;è.p.;314;6;;28401;684667.88;1066089.00;2013-12-02T00:00:00
11614714;533955;Kutná Hora;;;;;402184;Kutná Hora-Vnitøní Mìsto;244112;Kollárova;è.p.;315;4;;28401;684661.75;1066101.63;2013-12-02T00:00:00
11614722;533955;Kutná Hora;;;;;402184;Kutná Hora-Vnitøní Mìsto;244767;Palackého námìstí;è.p.;316;;;28401;684642.81;1066128.00;2013-12-02T00:00:00
11614731;533955;Kutná Hora;;;;;402184;Kutná Hora-Vnitøní Mìsto;244520;Na Sionì;è.p.;317;;;28401;684624.19;1066052.63;2013-12-02T00:00:00
11614749;533955;Kutná Hora;;;;;402184;Kutná Hora-Vnitøní Mìsto;244767;Palackého námìstí;è.p.;320;;;28401;684609.38;1066106.38;2013-12-02T00:00:00
11614765;533955;Kutná Hora;;;;;402184;Kutná Hora-Vnitøní Mìsto;1559737;Klabalova;è.p.;324;9;;28401;684588.06;1066012.50;2015-06-03T00:00:00
11614773;533955;Kutná Hora;;;;;402184;Kutná Hora-Vnitøní Mìsto;1559737;Klabalova;è.p.;325;12;;28401;684555.38;1066006.50;2015-06-03T00:00:00
11614781;533955;Kutná Hora;;;;;402184;Kutná Hora-Vnitøní Mìsto;1559737;Klabalova;è.p.;326;;;28401;684569.44;1066014.88;2015-06-03T00:00:00
11614790;533955;Kutná Hora;;;;;402184;Kutná Hora-Vnitøní Mìsto;244520;Na Sionì;è.p.;327;8;;28401;684582.69;1066030.00;2013-12-02T00:00:00
11614811;533955;Kutná Hora;;;;;402184;Kutná Hora-Vnitøní Mìsto;244520;Na Sionì;è.p.;329;4;;28401;684600.69;1066060.38;2013-12-02T00:00:00
11614820;533955;Kutná Hora;;;;;402184;Kutná Hora-Vnitøní Mìsto;244767;Palackého námìstí;è.p.;330;;;28401;684588.25;1066102.75;2013-12-02T00:00:00
11614838;533955;Kutná Hora;;;;;402184;Kutná Hora-Vnitøní Mìsto;245712;Vladislavova;è.p.;331;7;;28401;684576.00;1066092.00;2013-12-02T00:00:00
11614846;533955;Kutná Hora;;;;;402184;Kutná Hora-Vnitøní Mìsto;245712;Vladislavova;è.p.;332;9;;28401;684566.81;1066084.13;2013-12-02T00:00:00
11614854;533955;Kutná Hora;;;;;402184;Kutná Hora-Vnitøní Mìsto;245712;Vladislavova;è.p.;333;11;;28401;684553.00;1066072.88;2013-12-02T00:00:00
11614862;533955;Kutná Hora;;;;;402184;Kutná Hora-Vnitøní Mìsto;245712;Vladislavova;è.p.;334;13;;28401;684540.50;1066060.63;2013-12-02T00:00:00
11614871;533955;Kutná Hora;;;;;402184;Kutná Hora-Vnitøní Mìsto;245712;Vladislavova;è.p.;335;15;;28401;684532.00;1066054.38;2013-12-02T00:00:00
11614889;533955;Kutná Hora;;;;;402184;Kutná Hora-Vnitøní Mìsto;245712;Vladislavova;è.p.;336;17;;28401;684516.38;1066045.50;2013-12-02T00:00:00
11614897;533955;Kutná Hora;;;;;402184;Kutná Hora-Vnitøní Mìsto;243477;Andìlská;è.p.;337;;;28401;684490.63;1066026.63;2013-12-02T00:00:00
11614901;533955;Kutná Hora;;;;;402184;Kutná Hora-Vnitøní Mìsto;243477;Andìlská;è.p.;338;;;28401;684481.60;1066018.27;2013-12-02T00:00:00
11614919;533955;Kutná Hora;;;;;402184;Kutná Hora-Vnitøní Mìsto;243485;Anenské námìstí;è.p.;339;;;28401;684468.00;1066015.25;2013-12-02T00:00:00
11614927;533955;Kutná Hora;;;;;402184;Kutná Hora-Vnitøní Mìsto;243485;Anenské námìstí;è.p.;340;;;28401;684455.13;1066006.38;2013-12-02T00:00:00
11614935;533955;Kutná Hora;;;;;402184;Kutná Hora-Vnitøní Mìsto;245721;Vocelova;è.p.;341;1;;28401;684452.94;1065987.00;2013-12-02T00:00:00
11614943;533955;Kutná Hora;;;;;402184;Kutná Hora-Vnitøní Mìsto;245721;Vocelova;è.p.;342;3;;28401;684449.25;1065971.38;2013-12-02T00:00:00
11614951;533955;Kutná Hora;;;;;402184;Kutná Hora-Vnitøní Mìsto;245721;Vocelova;è.p.;343;5;;28401;684448.63;1065951.38;2013-12-02T00:00:00
11614960;533955;Kutná Hora;;;;;402184;Kutná Hora-Vnitøní Mìsto;245721;Vocelova;è.p.;344;7;;28401;684448.31;1065937.00;2013-12-02T00:00:00
11614978;533955;Kutná Hora;;;;;402184;Kutná Hora-Vnitøní Mìsto;245721;Vocelova;è.p.;345;11;;28401;684447.94;1065910.88;2013-12-02T00:00:00
11614986;533955;Kutná Hora;;;;;402184;Kutná Hora-Vnitøní Mìsto;245721;Vocelova;è.p.;346;16;;28401;684430.69;1065872.00;2013-12-02T00:00:00
11614994;533955;Kutná Hora;;;;;402184;Kutná Hora-Vnitøní Mìsto;245721;Vocelova;è.p.;347;14;;28401;684433.94;1065890.00;2013-12-02T00:00:00
11615001;533955;Kutná Hora;;;;;402184;Kutná Hora-Vnitøní Mìsto;245721;Vocelova;è.p.;348;12;;28401;684424.25;1065907.38;2013-12-02T00:00:00
11615010;533955;Kutná Hora;;;;;402184;Kutná Hora-Vnitøní Mìsto;245721;Vocelova;è.p.;349;10;;28401;684431.13;1065926.38;2013-12-02T00:00:00
11615028;533955;Kutná Hora;;;;;402184;Kutná Hora-Vnitøní Mìsto;245721;Vocelova;è.p.;350;8;;28401;684433.06;1065940.63;2013-12-02T00:00:00
11615036;533955;Kutná Hora;;;;;402184;Kutná Hora-Vnitøní Mìsto;245721;Vocelova;è.p.;351;6;;28401;684435.13;1065958.75;2013-12-02T00:00:00
11615061;533955;Kutná Hora;;;;;402184;Kutná Hora-Vnitøní Mìsto;245101;Sedlecká;è.p.;354;3;;28401;684393.81;1065951.75;2013-12-02T00:00:00
11615079;533955;Kutná Hora;;;;;402184;Kutná Hora-Vnitøní Mìsto;245101;Sedlecká;è.p.;355;5;;28401;684384.44;1065938.38;2013-12-02T00:00:00
11615087;533955;Kutná Hora;;;;;402184;Kutná Hora-Vnitøní Mìsto;244333;Mezibranská;è.p.;356;11;;28401;684382.94;1065905.38;2013-12-02T00:00:00
11615095;533955;Kutná Hora;;;;;402184;Kutná Hora-Vnitøní Mìsto;245101;Sedlecká;è.p.;359;24;;28401;684306.19;1065914.88;2013-12-02T00:00:00
11615109;533955;Kutná Hora;;;;;402184;Kutná Hora-Vnitøní Mìsto;245101;Sedlecká;è.p.;360;22;;28401;684331.50;1065922.50;2013-12-02T00:00:00
11615117;533955;Kutná Hora;;;;;402184;Kutná Hora-Vnitøní Mìsto;245101;Sedlecká;è.p.;361;20;;28401;684355.63;1065934.13;2013-12-02T00:00:00
11615125;533955;Kutná Hora;;;;;402184;Kutná Hora-Vnitøní Mìsto;245101;Sedlecká;è.p.;362;18;;28401;684375.94;1065954.25;2013-12-02T00:00:00
11615133;533955;Kutná Hora;;;;;402184;Kutná Hora-Vnitøní Mìsto;245101;Sedlecká;è.p.;363;16;;28401;684381.44;1065958.50;2013-12-02T00:00:00
11615141;533955;Kutná Hora;;;;;402184;Kutná Hora-Vnitøní Mìsto;245101;Sedlecká;è.p.;364;14;;28401;684392.13;1065968.75;2013-12-02T00:00:00
11615150;533955;Kutná Hora;;;;;402184;Kutná Hora-Vnitøní Mìsto;245101;Sedlecká;è.p.;365;12;;28401;684397.88;1065972.38;2013-12-02T00:00:00
11615168;533955;Kutná Hora;;;;;402184;Kutná Hora-Vnitøní Mìsto;245101;Sedlecká;è.p.;366;10;;28401;684405.38;1065980.25;2013-12-02T00:00:00
11615176;533955;Kutná Hora;;;;;402184;Kutná Hora-Vnitøní Mìsto;245101;Sedlecká;è.p.;367;8;;28401;684411.56;1065986.38;2013-12-02T00:00:00
11615184;533955;Kutná Hora;;;;;402184;Kutná Hora-Vnitøní Mìsto;245101;Sedlecká;è.p.;368;6;;28401;684419.50;1065995.38;2013-12-02T00:00:00
11615192;533955;Kutná Hora;;;;;402184;Kutná Hora-Vnitøní Mìsto;243485;Anenské námìstí;è.p.;369;;;28401;684427.63;1066007.25;2013-12-02T00:00:00
11615206;533955;Kutná Hora;;;;;402184;Kutná Hora-Vnitøní Mìsto;243485;Anenské námìstí;è.p.;370;;;28401;684430.31;1066016.38;2013-12-02T00:00:00
11615214;533955;Kutná Hora;;;;;402184;Kutná Hora-Vnitøní Mìsto;243485;Anenské námìstí;è.p.;371;14;;28401;684451.00;1066025.00;2013-12-02T00:00:00
11615222;533955;Kutná Hora;;;;;402184;Kutná Hora-Vnitøní Mìsto;245712;Vladislavova;è.p.;372;12;;28401;684478.81;1066036.00;2013-12-02T00:00:00
11615231;533955;Kutná Hora;;;;;402184;Kutná Hora-Vnitøní Mìsto;245712;Vladislavova;è.p.;373;10;;28401;684512.94;1066056.88;2013-12-02T00:00:00
11615249;533955;Kutná Hora;;;;;402184;Kutná Hora-Vnitøní Mìsto;244333;Mezibranská;è.p.;374;;;28401;684345.06;1065906.75;2013-12-02T00:00:00
11615257;533955;Kutná Hora;;;;;402184;Kutná Hora-Vnitøní Mìsto;244333;Mezibranská;è.p.;375;;;28401;684361.00;1065912.00;2013-12-02T00:00:00
11615265;533955;Kutná Hora;;;;;402184;Kutná Hora-Vnitøní Mìsto;245712;Vladislavova;è.p.;376;4;;28401;684547.13;1066085.88;2013-12-02T00:00:00
11615273;533955;Kutná Hora;;;;;402184;Kutná Hora-Vnitøní Mìsto;244767;Palackého námìstí;è.p.;377;5;;28401;684611.25;1066126.25;2013-12-02T00:00:00
11615281;533955;Kutná Hora;;;;;402184;Kutná Hora-Vnitøní Mìsto;244767;Palackého námìstí;è.p.;378;6;;28401;684598.56;1066141.50;2013-12-02T00:00:00
11615290;533955;Kutná Hora;;;;;402184;Kutná Hora-Vnitøní Mìsto;244767;Palackého námìstí;è.p.;379;7;;28401;684589.31;1066154.13;2013-12-02T00:00:00
11615303;533955;Kutná Hora;;;;;402184;Kutná Hora-Vnitøní Mìsto;244244;Libušina;è.p.;380;3;;28401;684511.75;1066091.75;2013-12-02T00:00:00
11615311;533955;Kutná Hora;;;;;402184;Kutná Hora-Vnitøní Mìsto;244244;Libušina;è.p.;381;5;;28401;684504.19;1066084.00;2013-12-02T00:00:00
11615320;533955;Kutná Hora;;;;;402184;Kutná Hora-Vnitøní Mìsto;244244;Libušina;è.p.;383;10;;28401;684486.94;1066082.13;2013-12-02T00:00:00
11615338;533955;Kutná Hora;;;;;402184;Kutná Hora-Vnitøní Mìsto;244244;Libušina;è.p.;384;8;;28401;684493.69;1066090.75;2013-12-02T00:00:00
11615346;533955;Kutná Hora;;;;;402184;Kutná Hora-Vnitøní Mìsto;244244;Libušina;è.p.;385;6;;28401;684504.13;1066103.00;2013-12-02T00:00:00
11615354;533955;Kutná Hora;;;;;402184;Kutná Hora-Vnitøní Mìsto;244244;Libušina;è.p.;386;4;;28401;684512.25;1066111.75;2013-12-02T00:00:00
11615362;533955;Kutná Hora;;;;;402184;Kutná Hora-Vnitøní Mìsto;244244;Libušina;è.p.;387;2;;28401;684544.75;1066163.88;2013-12-02T00:00:00
11615371;533955;Kutná Hora;;;;;402184;Kutná Hora-Vnitøní Mìsto;245372;Tylova;è.p.;388;5;;28401;684517.69;1066171.50;2013-12-02T00:00:00
11615389;533955;Kutná Hora;;;;;402184;Kutná Hora-Vnitøní Mìsto;245887;Veselského;è.p.;389;1;;28401;684506.06;1066174.88;2013-12-02T00:00:00
11615397;533955;Kutná Hora;;;;;402184;Kutná Hora-Vnitøní Mìsto;245372;Tylova;è.p.;390;9;;28401;684498.50;1066183.88;2013-12-02T00:00:00
11615401;533955;Kutná Hora;;;;;402184;Kutná Hora-Vnitøní Mìsto;244244;Libušina;è.p.;391;12;;28401;684460.63;1066033.13;2013-12-02T00:00:00
11615419;533955;Kutná Hora;;;;;402184;Kutná Hora-Vnitøní Mìsto;245887;Veselského;è.p.;392;3;;28401;684483.13;1066132.63;2013-12-02T00:00:00
11615427;533955;Kutná Hora;;;;;402184;Kutná Hora-Vnitøní Mìsto;243779;Havíøská;è.p.;393;7;;28401;684442.63;1066101.25;2013-12-02T00:00:00
11615435;533955;Kutná Hora;;;;;402184;Kutná Hora-Vnitøní Mìsto;245721;Vocelova;è.p.;394;;;28401;684510.63;1065905.63;2013-12-02T00:00:00
11615443;533955;Kutná Hora;;;;;402184;Kutná Hora-Vnitøní Mìsto;244449;Na Lávkách;è.p.;395;5;;28401;684412.50;1066053.25;2013-12-02T00:00:00
11615451;533955;Kutná Hora;;;;;402184;Kutná Hora-Vnitøní Mìsto;244449;Na Lávkách;è.p.;396;9;;28401;684426.25;1066044.25;2013-12-02T00:00:00
11615460;533955;Kutná Hora;;;;;402184;Kutná Hora-Vnitøní Mìsto;243779;Havíøská;è.p.;397;18;;28401;684418.31;1066048.38;2013-12-02T00:00:00
11615478;533955;Kutná Hora;;;;;402184;Kutná Hora-Vnitøní Mìsto;243779;Havíøská;è.p.;398;16;;28401;684423.31;1066072.00;2013-12-02T00:00:00
11615486;533955;Kutná Hora;;;;;402184;Kutná Hora-Vnitøní Mìsto;243779;Havíøská;è.p.;399;14;;28401;684426.81;1066083.75;2013-12-02T00:00:00
11615494;533955;Kutná Hora;;;;;402184;Kutná Hora-Vnitøní Mìsto;243779;Havíøská;è.p.;400;12;;28401;684399.94;1066094.50;2013-12-02T00:00:00
11615508;533955;Kutná Hora;;;;;402184;Kutná Hora-Vnitøní Mìsto;243779;Havíøská;è.p.;401;8;;28401;684436.00;1066114.50;2013-12-02T00:00:00
11615516;533955;Kutná Hora;;;;;402184;Kutná Hora-Vnitøní Mìsto;243779;Havíøská;è.p.;402;6;;28401;684441.00;1066128.00;2013-12-02T00:00:00
11615524;533955;Kutná Hora;;;;;402184;Kutná Hora-Vnitøní Mìsto;243779;Havíøská;è.p.;403;3;;28401;684460.63;1066163.75;2013-12-02T00:00:00
11615532;533955;Kutná Hora;;;;;402184;Kutná Hora-Vnitøní Mìsto;245372;Tylova;è.p.;404;11;;28401;684458.19;1066207.38;2013-12-02T00:00:00
11615541;533955;Kutná Hora;;;;;402184;Kutná Hora-Vnitøní Mìsto;245372;Tylova;è.p.;405;13;;28401;684447.44;1066210.38;2013-12-02T00:00:00
11615559;533955;Kutná Hora;;;;;402184;Kutná Hora-Vnitøní Mìsto;245372;Tylova;è.p.;406;15;;28401;684435.94;1066211.88;2013-12-02T00:00:00
11615567;533955;Kutná Hora;;;;;402184;Kutná Hora-Vnitøní Mìsto;245372;Tylova;è.p.;407;17;;28401;684427.06;1066213.63;2013-12-02T00:00:00
11615575;533955;Kutná Hora;;;;;402184;Kutná Hora-Vnitøní Mìsto;245372;Tylova;è.p.;408;19;;28401;684420.69;1066215.50;2013-12-02T00:00:00
11615583;533955;Kutná Hora;;;;;402184;Kutná Hora-Vnitøní Mìsto;245372;Tylova;è.p.;409;21;;28401;684406.13;1066216.50;2013-12-02T00:00:00
11615591;533955;Kutná Hora;;;;;402184;Kutná Hora-Vnitøní Mìsto;244457;Na Námìti;è.p.;410;5;;28401;684386.75;1066157.88;2013-12-02T00:00:00
11615605;533955;Kutná Hora;;;;;402184;Kutná Hora-Vnitøní Mìsto;244457;Na Námìti;è.p.;411;7;;28401;684382.75;1066146.00;2013-12-02T00:00:00
11615613;533955;Kutná Hora;;;;;402184;Kutná Hora-Vnitøní Mìsto;244457;Na Námìti;è.p.;412;8;;28401;684365.50;1066160.00;2013-12-02T00:00:00
11615621;533955;Kutná Hora;;;;;402184;Kutná Hora-Vnitøní Mìsto;245054;Sokolská;è.p.;413;12;;28401;684244.31;1066339.25;2013-12-02T00:00:00
11615630;533955;Kutná Hora;;;;;402184;Kutná Hora-Vnitøní Mìsto;244201;Krupièkova;è.p.;414;7;;28401;684310.94;1066029.00;2013-12-02T00:00:00
11615648;533955;Kutná Hora;;;;;402184;Kutná Hora-Vnitøní Mìsto;243817;Havlíèkovo námìstí;è.p.;415;22;;28401;684505.69;1066271.13;2013-12-02T00:00:00
11615656;533955;Kutná Hora;;;;;402184;Kutná Hora-Vnitøní Mìsto;244457;Na Námìti;è.p.;416;11;;28401;684314.56;1066073.75;2013-12-02T00:00:00
11615664;533955;Kutná Hora;;;;;402184;Kutná Hora-Vnitøní Mìsto;244457;Na Námìti;è.p.;417;1;;28401;684354.87;1066076.09;2014-01-10T00:00:00
11615681;533955;Kutná Hora;;;;;402184;Kutná Hora-Vnitøní Mìsto;244457;Na Námìti;è.p.;420;4;;28401;684381.31;1066206.63;2013-12-02T00:00:00
11615699;533955;Kutná Hora;;;;;402184;Kutná Hora-Vnitøní Mìsto;244457;Na Námìti;è.p.;421;2;;28401;684387.88;1066224.38;2013-12-02T00:00:00
11615711;533955;Kutná Hora;;;;;402184;Kutná Hora-Vnitøní Mìsto;243531;Brandlova;è.p.;423;8;;28401;684303.35;1066169.58;2013-12-02T00:00:00
11615729;533955;Kutná Hora;;;;;402184;Kutná Hora-Vnitøní Mìsto;243531;Brandlova;è.p.;424;6;;28401;684311.69;1066178.25;2013-12-02T00:00:00
11615737;533955;Kutná Hora;;;;;402184;Kutná Hora-Vnitøní Mìsto;243531;Brandlova;è.p.;425;4;;28401;684331.44;1066210.38;2013-12-02T00:00:00
11615745;533955;Kutná Hora;;;;;402184;Kutná Hora-Vnitøní Mìsto;245372;Tylova;è.p.;426;25;;28401;684360.81;1066260.13;2013-12-02T00:00:00
11615753;533955;Kutná Hora;;;;;402184;Kutná Hora-Vnitøní Mìsto;245852;Zahradní;è.p.;427;15;;28401;684366.19;1066498.50;2013-12-02T00:00:00
11615761;533955;Kutná Hora;;;;;402184;Kutná Hora-Vnitøní Mìsto;245046;Rudní;è.p.;428;3;;28401;684319.63;1066251.50;2013-12-02T00:00:00
11615770;533955;Kutná Hora;;;;;402184;Kutná Hora-Vnitøní Mìsto;245046;Rudní;è.p.;429;5;;28401;684304.56;1066228.50;2013-12-02T00:00:00
11615788;533955;Kutná Hora;;;;;402184;Kutná Hora-Vnitøní Mìsto;245542;Uhelná;è.p.;430;7;;28401;684249.38;1066200.25;2013-12-02T00:00:00
11615796;533955;Kutná Hora;;;;;402184;Kutná Hora-Vnitøní Mìsto;245046;Rudní;è.p.;431;6;;28401;684287.00;1066223.00;2013-12-02T00:00:00
11615800;533955;Kutná Hora;;;;;402184;Kutná Hora-Vnitøní Mìsto;245046;Rudní;è.p.;432;4;;28401;684300.44;1066246.25;2013-12-02T00:00:00
11615818;533955;Kutná Hora;;;;;402184;Kutná Hora-Vnitøní Mìsto;245119;Slavíkova;è.p.;433;9;;28401;684241.13;1066272.38;2013-12-02T00:00:00
11615826;533955;Kutná Hora;;;;;402184;Kutná Hora-Vnitøní Mìsto;245046;Rudní;è.p.;434;2;;28401;684327.31;1066282.75;2013-12-02T00:00:00
11615834;533955;Kutná Hora;;;;;402184;Kutná Hora-Vnitøní Mìsto;244651;Nádražní;è.p.;435;2;;28401;684156.69;1066325.38;2013-12-02T00:00:00
11615842;533955;Kutná Hora;;;;;402184;Kutná Hora-Vnitøní Mìsto;245054;Sokolská;è.p.;436;6;;28401;684299.31;1066317.38;2013-12-02T00:00:00
11615851;533955;Kutná Hora;;;;;402184;Kutná Hora-Vnitøní Mìsto;243973;Jungmannovo námìstí;è.p.;437;5;;28401;684354.94;1066337.25;2013-12-02T00:00:00
11615869;533955;Kutná Hora;;;;;402184;Kutná Hora-Vnitøní Mìsto;243973;Jungmannovo námìstí;è.p.;438;7;;28401;684332.81;1066347.88;2013-12-02T00:00:00
11615877;533955;Kutná Hora;;;;;402184;Kutná Hora-Vnitøní Mìsto;243973;Jungmannovo námìstí;è.p.;439;9;;28401;684320.63;1066353.00;2013-12-02T00:00:00
11615885;533955;Kutná Hora;;;;;402184;Kutná Hora-Vnitøní Mìsto;243973;Jungmannovo námìstí;è.p.;440;11;;28401;684307.00;1066354.00;2019-05-14T00:00:00
11615907;533955;Kutná Hora;;;;;402184;Kutná Hora-Vnitøní Mìsto;243973;Jungmannovo námìstí;è.p.;442;13;;28401;684286.16;1066361.77;2022-10-15T00:00:00
11615915;533955;Kutná Hora;;;;;402184;Kutná Hora-Vnitøní Mìsto;243973;Jungmannovo námìstí;è.p.;443;15;;28401;684276.75;1066367.88;2013-12-02T00:00:00
11615923;533955;Kutná Hora;;;;;402184;Kutná Hora-Vnitøní Mìsto;243973;Jungmannovo námìstí;è.p.;444;17;;28401;684267.06;1066371.13;2013-12-02T00:00:00
11615931;533955;Kutná Hora;;;;;402184;Kutná Hora-Vnitøní Mìsto;243973;Jungmannovo námìstí;è.p.;445;19;;28401;684234.75;1066385.75;2013-12-02T00:00:00
11615940;533955;Kutná Hora;;;;;402184;Kutná Hora-Vnitøní Mìsto;243973;Jungmannovo námìstí;è.p.;446;21;;28401;684209.00;1066392.38;2013-12-02T00:00:00
11615958;533955;Kutná Hora;;;;;402184;Kutná Hora-Vnitøní Mìsto;244368;Mìstské sady;è.p.;447;13;;28401;684318.44;1066395.75;2013-12-02T00:00:00
11615991;533955;Kutná Hora;;;;;402184;Kutná Hora-Vnitøní Mìsto;244368;Mìstské sady;è.p.;452;8;;28401;684413.00;1066458.50;2013-12-02T00:00:00
11616032;533955;Kutná Hora;;;;;402184;Kutná Hora-Vnitøní Mìsto;244368;Mìstské sady;è.p.;456;6;;28401;684421.44;1066458.75;2013-12-02T00:00:00
11616041;533955;Kutná Hora;;;;;402184;Kutná Hora-Vnitøní Mìsto;244368;Mìstské sady;è.p.;457;32;;28401;684274.88;1066484.25;2013-12-02T00:00:00
11616059;533955;Kutná Hora;;;;;402184;Kutná Hora-Vnitøní Mìsto;244368;Mìstské sady;è.p.;458;;;28401;684252.50;1066547.63;2013-12-02T00:00:00
11616067;533955;Kutná Hora;;;;;402184;Kutná Hora-Vnitøní Mìsto;244368;Mìstské sady;è.p.;459;26;;28401;684307.50;1066478.38;2013-12-02T00:00:00
11616075;533955;Kutná Hora;;;;;402184;Kutná Hora-Vnitøní Mìsto;244368;Mìstské sady;è.p.;460;24;;28401;684319.25;1066476.13;2013-12-02T00:00:00
11616083;533955;Kutná Hora;;;;;402184;Kutná Hora-Vnitøní Mìsto;244368;Mìstské sady;è.p.;461;;;28401;684372.38;1066499.13;2013-12-02T00:00:00
11616091;533955;Kutná Hora;;;;;402184;Kutná Hora-Vnitøní Mìsto;244368;Mìstské sady;è.p.;462;3;;28401;684383.75;1066411.13;2013-12-02T00:00:00
11616105;533955;Kutná Hora;;;;;402184;Kutná Hora-Vnitøní Mìsto;244368;Mìstské sady;è.p.;463;2;;28401;684377.25;1066429.13;2013-12-02T00:00:00
11616113;533955;Kutná Hora;;;;;402184;Kutná Hora-Vnitøní Mìsto;244368;Mìstské sady;è.p.;464;7;;28401;684359.25;1066410.75;2013-12-02T00:00:00
11616121;533955;Kutná Hora;;;;;402184;Kutná Hora-Vnitøní Mìsto;244368;Mìstské sady;è.p.;465;9;;28401;684352.69;1066410.63;2013-12-02T00:00:00
11616130;533955;Kutná Hora;;;;;402184;Kutná Hora-Vnitøní Mìsto;244368;Mìstské sady;è.p.;466;19;;28401;684265.47;1066415.51;2022-10-15T00:00:00
11616148;533955;Kutná Hora;;;;;402184;Kutná Hora-Vnitøní Mìsto;244368;Mìstské sady;è.p.;467;21;;28401;684233.81;1066419.50;2013-12-02T00:00:00
11616156;533955;Kutná Hora;;;;;402184;Kutná Hora-Vnitøní Mìsto;244368;Mìstské sady;è.p.;468;23;;28401;684219.63;1066421.50;2013-12-02T00:00:00
11616164;533955;Kutná Hora;;;;;402184;Kutná Hora-Vnitøní Mìsto;244368;Mìstské sady;è.p.;469;25;;28401;684210.13;1066432.88;2013-12-02T00:00:00
11616172;533955;Kutná Hora;;;;;402184;Kutná Hora-Vnitøní Mìsto;243973;Jungmannovo námìstí;è.p.;470;38;;28401;684223.69;1066404.99;2013-12-02T00:00:00
11616181;533955;Kutná Hora;;;;;402184;Kutná Hora-Vnitøní Mìsto;243973;Jungmannovo námìstí;è.p.;471;36;;28401;684257.13;1066387.50;2013-12-02T00:00:00
11616199;533955;Kutná Hora;;;;;402184;Kutná Hora-Vnitøní Mìsto;243973;Jungmannovo námìstí;è.p.;472;34;;28401;684272.38;1066384.25;2013-12-02T00:00:00
11616202;533955;Kutná Hora;;;;;402184;Kutná Hora-Vnitøní Mìsto;243973;Jungmannovo námìstí;è.p.;473;32;;28401;684281.13;1066382.38;2013-12-02T00:00:00
11616211;533955;Kutná Hora;;;;;402184;Kutná Hora-Vnitøní Mìsto;243973;Jungmannovo námìstí;è.p.;474;30;;28401;684291.00;1066379.88;2013-12-02T00:00:00
11616229;533955;Kutná Hora;;;;;402184;Kutná Hora-Vnitøní Mìsto;243973;Jungmannovo námìstí;è.p.;475;28;;28401;684308.13;1066377.25;2013-12-02T00:00:00
11616237;533955;Kutná Hora;;;;;402184;Kutná Hora-Vnitøní Mìsto;243973;Jungmannovo námìstí;è.p.;476;26;;28401;684323.75;1066374.00;2013-12-02T00:00:00
11616245;533955;Kutná Hora;;;;;402184;Kutná Hora-Vnitøní Mìsto;243973;Jungmannovo námìstí;è.p.;477;24;;28401;684333.50;1066372.13;2013-12-02T00:00:00
11616253;533955;Kutná Hora;;;;;402184;Kutná Hora-Vnitøní Mìsto;243973;Jungmannovo námìstí;è.p.;478;22;;28401;684341.75;1066371.00;2013-12-02T00:00:00
11616261;533955;Kutná Hora;;;;;402184;Kutná Hora-Vnitøní Mìsto;243973;Jungmannovo námìstí;è.p.;479;20;;28401;684350.19;1066368.63;2013-12-02T00:00:00
11616270;533955;Kutná Hora;;;;;402184;Kutná Hora-Vnitøní Mìsto;243973;Jungmannovo námìstí;è.p.;480;18;;28401;684358.44;1066367.25;2013-12-02T00:00:00
11616288;533955;Kutná Hora;;;;;402184;Kutná Hora-Vnitøní Mìsto;243973;Jungmannovo námìstí;è.p.;481;16;;28401;684371.44;1066373.13;2013-12-02T00:00:00
11616296;533955;Kutná Hora;;;;;402184;Kutná Hora-Vnitøní Mìsto;243973;Jungmannovo námìstí;è.p.;482;14;;28401;684384.44;1066369.75;2013-12-02T00:00:00
11616300;533955;Kutná Hora;;;;;402184;Kutná Hora-Vnitøní Mìsto;245411;U Jelena;è.p.;483;3;;28401;684400.00;1066409.13;2013-12-02T00:00:00
11616318;533955;Kutná Hora;;;;;402184;Kutná Hora-Vnitøní Mìsto;244368;Mìstské sady;è.p.;484;4;;28401;684416.81;1066417.88;2013-12-02T00:00:00
11616326;533955;Kutná Hora;;;;;402184;Kutná Hora-Vnitøní Mìsto;245411;U Jelena;è.p.;485;8;;28401;684419.31;1066404.25;2013-12-02T00:00:00
11616334;533955;Kutná Hora;;;;;402184;Kutná Hora-Vnitøní Mìsto;245411;U Jelena;è.p.;486;6;;28401;684412.13;1066382.88;2013-12-02T00:00:00
11616342;533955;Kutná Hora;;;;;402184;Kutná Hora-Vnitøní Mìsto;245411;U Jelena;è.p.;487;4;;28401;684403.31;1066362.75;2013-12-02T00:00:00
11616351;533955;Kutná Hora;;;;;402184;Kutná Hora-Vnitøní Mìsto;245411;U Jelena;è.p.;488;2;;28401;684421.00;1066355.13;2013-12-02T00:00:00
11616369;533955;Kutná Hora;;;;;402184;Kutná Hora-Vnitøní Mìsto;245411;U Jelena;è.p.;489;12;;28401;684378.56;1066343.50;2013-12-02T00:00:00
11616377;533955;Kutná Hora;;;;;402184;Kutná Hora-Vnitøní Mìsto;243973;Jungmannovo námìstí;è.p.;490;10;;28401;684372.94;1066335.50;2013-12-02T00:00:00
11616385;533955;Kutná Hora;;;;;402184;Kutná Hora-Vnitøní Mìsto;243973;Jungmannovo námìstí;è.p.;491;8;;28401;684369.44;1066328.25;2013-12-02T00:00:00
11616393;533955;Kutná Hora;;;;;402184;Kutná Hora-Vnitøní Mìsto;243973;Jungmannovo námìstí;è.p.;492;6;;28401;684362.31;1066314.88;2013-12-02T00:00:00
11616407;533955;Kutná Hora;;;;;402184;Kutná Hora-Vnitøní Mìsto;243973;Jungmannovo námìstí;è.p.;493;4;;28401;684354.75;1066298.25;2013-12-02T00:00:00
11616415;533955;Kutná Hora;;;;;402184;Kutná Hora-Vnitøní Mìsto;245372;Tylova;è.p.;494;34;;28401;684351.50;1066288.25;2013-12-02T00:00:00
11616423;533955;Kutná Hora;;;;;402184;Kutná Hora-Vnitøní Mìsto;245372;Tylova;è.p.;495;32;;28401;684366.88;1066278.50;2013-12-02T00:00:00
11616431;533955;Kutná Hora;;;;;402184;Kutná Hora-Vnitøní Mìsto;245372;Tylova;è.p.;496;30;;28401;684376.75;1066266.38;2013-12-02T00:00:00
11616440;533955;Kutná Hora;;;;;402184;Kutná Hora-Vnitøní Mìsto;245011;Roháèova;è.p.;497;3;;28401;684409.50;1066287.38;2013-12-02T00:00:00
11616458;533955;Kutná Hora;;;;;402184;Kutná Hora-Vnitøní Mìsto;245011;Roháèova;è.p.;498;28;;28401;684389.44;1066251.25;2013-12-02T00:00:00
11616466;533955;Kutná Hora;;;;;402184;Kutná Hora-Vnitøní Mìsto;245372;Tylova;è.p.;499;26;;28401;684396.44;1066244.13;2013-12-02T00:00:00
11616474;533955;Kutná Hora;;;;;402184;Kutná Hora-Vnitøní Mìsto;245372;Tylova;è.p.;500;24;;28401;684403.63;1066237.13;2013-12-02T00:00:00
11616482;533955;Kutná Hora;;;;;402184;Kutná Hora-Vnitøní Mìsto;245372;Tylova;è.p.;501;22;;28401;684412.25;1066233.38;2013-12-02T00:00:00
11616491;533955;Kutná Hora;;;;;402184;Kutná Hora-Vnitøní Mìsto;245372;Tylova;è.p.;502;20;;28401;684423.38;1066230.75;2013-12-02T00:00:00
11616504;533955;Kutná Hora;;;;;402184;Kutná Hora-Vnitøní Mìsto;245372;Tylova;è.p.;503;18;;28401;684434.63;1066227.00;2013-12-02T00:00:00
11616512;533955;Kutná Hora;;;;;402184;Kutná Hora-Vnitøní Mìsto;245372;Tylova;è.p.;504;16;;28401;684447.06;1066226.76;2022-10-15T00:00:00
11616521;533955;Kutná Hora;;;;;402184;Kutná Hora-Vnitøní Mìsto;245372;Tylova;è.p.;505;14;;28401;684470.13;1066217.88;2013-12-02T00:00:00
11616539;533955;Kutná Hora;;;;;402184;Kutná Hora-Vnitøní Mìsto;245372;Tylova;è.p.;506;8;;28401;684506.25;1066199.00;2013-12-02T00:00:00
11616547;533955;Kutná Hora;;;;;402184;Kutná Hora-Vnitøní Mìsto;245372;Tylova;è.p.;507;6;;28401;684518.50;1066189.38;2013-12-02T00:00:00
11616555;533955;Kutná Hora;;;;;402184;Kutná Hora-Vnitøní Mìsto;245372;Tylova;è.p.;508;4;;28401;684534.69;1066180.88;2013-12-02T00:00:00
11616563;533955;Kutná Hora;;;;;402184;Kutná Hora-Vnitøní Mìsto;244767;Palackého námìstí;è.p.;509;8;;28401;684573.19;1066172.25;2013-12-02T00:00:00
11616571;533955;Kutná Hora;;;;;402184;Kutná Hora-Vnitøní Mìsto;244767;Palackého námìstí;è.p.;510;9;;28401;684576.19;1066192.63;2013-12-02T00:00:00
11616580;533955;Kutná Hora;;;;;402184;Kutná Hora-Vnitøní Mìsto;243469;28. øíjna;è.p.;511;15;;28401;684558.63;1066209.38;2013-12-02T00:00:00
11616598;533955;Kutná Hora;;;;;402184;Kutná Hora-Vnitøní Mìsto;243817;Havlíèkovo námìstí;è.p.;512;16;;28401;684546.38;1066231.25;2013-12-02T00:00:00
11616601;533955;Kutná Hora;;;;;402184;Kutná Hora-Vnitøní Mìsto;243817;Havlíèkovo námìstí;è.p.;513;17;;28401;684537.19;1066239.13;2013-12-02T00:00:00
11616610;533955;Kutná Hora;;;;;402184;Kutná Hora-Vnitøní Mìsto;243817;Havlíèkovo námìstí;è.p.;514;18;;28401;684531.25;1066243.75;2013-12-02T00:00:00
11616628;533955;Kutná Hora;;;;;402184;Kutná Hora-Vnitøní Mìsto;243817;Havlíèkovo námìstí;è.p.;515;19;;28401;684524.19;1066250.13;2013-12-02T00:00:00
11616636;533955;Kutná Hora;;;;;402184;Kutná Hora-Vnitøní Mìsto;243817;Havlíèkovo námìstí;è.p.;516;20;;28401;684515.44;1066259.63;2013-12-02T00:00:00
11616644;533955;Kutná Hora;;;;;402184;Kutná Hora-Vnitøní Mìsto;243817;Havlíèkovo námìstí;è.p.;517;21;;28401;684499.19;1066278.50;2013-12-02T00:00:00
11616652;533955;Kutná Hora;;;;;402184;Kutná Hora-Vnitøní Mìsto;243817;Havlíèkovo námìstí;è.p.;518;23;;28401;684494.31;1066283.75;2013-12-02T00:00:00
11616661;533955;Kutná Hora;;;;;402184;Kutná Hora-Vnitøní Mìsto;243817;Havlíèkovo námìstí;è.p.;519;24;;28401;684488.06;1066293.25;2013-12-02T00:00:00
11616679;533955;Kutná Hora;;;;;402184;Kutná Hora-Vnitøní Mìsto;243817;Havlíèkovo námìstí;è.p.;520;25;;28401;684466.63;1066315.63;2013-12-02T00:00:00
11616687;533955;Kutná Hora;;;;;402184;Kutná Hora-Vnitøní Mìsto;243922;Jánské námìstí;è.p.;521;1;;28401;684470.19;1066338.00;2013-12-02T00:00:00
11616695;533955;Kutná Hora;;;;;402184;Kutná Hora-Vnitøní Mìsto;245950;Žižkova brána;è.p.;523;5;;28401;684469.00;1066379.63;2013-12-02T00:00:00
11616709;533955;Kutná Hora;;;;;402184;Kutná Hora-Vnitøní Mìsto;245950;Žižkova brána;è.p.;524;7;;28401;684460.13;1066393.63;2013-12-02T00:00:00
11616717;533955;Kutná Hora;;;;;402184;Kutná Hora-Vnitøní Mìsto;245950;Žižkova brána;è.p.;525;9;;28401;684449.69;1066391.25;2013-12-02T00:00:00
11616725;533955;Kutná Hora;;;;;402184;Kutná Hora-Vnitøní Mìsto;245950;Žižkova brána;è.p.;526;3;;28401;684478.88;1066394.63;2013-12-02T00:00:00
11616733;533955;Kutná Hora;;;;;402184;Kutná Hora-Vnitøní Mìsto;245950;Žižkova brána;è.p.;528;1;;28401;684515.19;1066406.13;2013-12-02T00:00:00
11616741;533955;Kutná Hora;;;;;402184;Kutná Hora-Vnitøní Mìsto;244716;Novomlýnská;è.p.;529;3;;28401;684515.63;1066454.63;2013-12-02T00:00:00
11616750;533955;Kutná Hora;;;;;402184;Kutná Hora-Vnitøní Mìsto;245836;Za Octárnou;è.p.;530;8;;28401;684458.94;1066450.63;2013-12-02T00:00:00
11616768;533955;Kutná Hora;;;;;402184;Kutná Hora-Vnitøní Mìsto;245852;Zahradní;è.p.;531;7;;28401;684448.13;1066486.38;2013-12-02T00:00:00
11616776;533955;Kutná Hora;;;;;402184;Kutná Hora-Vnitøní Mìsto;245186;Stará tiskárna;è.p.;532;12;;28401;684422.25;1066532.38;2013-12-02T00:00:00
11616792;533955;Kutná Hora;;;;;402184;Kutná Hora-Vnitøní Mìsto;244716;Novomlýnská;è.p.;534;10;;28401;684540.94;1066523.38;2013-12-02T00:00:00
11616806;533955;Kutná Hora;;;;;402184;Kutná Hora-Vnitøní Mìsto;244716;Novomlýnská;è.p.;535;;;28401;684533.56;1066497.63;2013-12-02T00:00:00
11616814;533955;Kutná Hora;;;;;402184;Kutná Hora-Vnitøní Mìsto;244716;Novomlýnská;è.p.;536;6;;28401;684526.25;1066453.00;2013-12-02T00:00:00
11616822;533955;Kutná Hora;;;;;402184;Kutná Hora-Vnitøní Mìsto;245186;Stará tiskárna;è.p.;537;10;;28401;684431.38;1066528.38;2013-12-02T00:00:00
11616831;533955;Kutná Hora;;;;;402184;Kutná Hora-Vnitøní Mìsto;244716;Novomlýnská;è.p.;538;4;;28401;684528.13;1066432.50;2013-12-02T00:00:00
11616849;533955;Kutná Hora;;;;;402184;Kutná Hora-Vnitøní Mìsto;244716;Novomlýnská;è.p.;539;2;;28401;684529.75;1066415.00;2013-12-02T00:00:00
11616857;533955;Kutná Hora;;;;;402184;Kutná Hora-Vnitøní Mìsto;243922;Jánské námìstí;è.p.;540;10;;28401;684529.50;1066375.25;2013-12-02T00:00:00
11616865;533955;Kutná Hora;;;;;402184;Kutná Hora-Vnitøní Mìsto;243922;Jánské námìstí;è.p.;541;8;;28401;684521.50;1066359.13;2013-12-02T00:00:00
11616873;533955;Kutná Hora;;;;;402184;Kutná Hora-Vnitøní Mìsto;243922;Jánské námìstí;è.p.;542;6;;28401;684514.56;1066353.25;2013-12-02T00:00:00
11616881;533955;Kutná Hora;;;;;402184;Kutná Hora-Vnitøní Mìsto;243922;Jánské námìstí;è.p.;543;4;;28401;684489.25;1066339.25;2013-12-02T00:00:00
11616890;533955;Kutná Hora;;;;;402184;Kutná Hora-Vnitøní Mìsto;243817;Havlíèkovo námìstí;è.p.;544;26;;28401;684480.44;1066329.63;2013-12-02T00:00:00
11616903;533955;Kutná Hora;;;;;402184;Kutná Hora-Vnitøní Mìsto;243817;Havlíèkovo námìstí;è.p.;545;27;;28401;684500.75;1066312.50;2013-12-02T00:00:00
11616911;533955;Kutná Hora;;;;;402184;Kutná Hora-Vnitøní Mìsto;243817;Havlíèkovo námìstí;è.p.;546;28;;28401;684509.50;1066316.38;2013-12-02T00:00:00
11616920;533955;Kutná Hora;;;;;402184;Kutná Hora-Vnitøní Mìsto;243817;Havlíèkovo námìstí;è.p.;547;29;;28401;684522.19;1066316.75;2013-12-02T00:00:00
11616938;533955;Kutná Hora;;;;;402184;Kutná Hora-Vnitøní Mìsto;243817;Havlíèkovo námìstí;è.p.;548;30;;28401;684533.81;1066312.88;2013-12-02T00:00:00
11616946;533955;Kutná Hora;;;;;402184;Kutná Hora-Vnitøní Mìsto;245054;Sokolská;è.p.;549;4;;28401;684314.38;1066309.50;2013-12-02T00:00:00
11616962;533955;Kutná Hora;;;;;402184;Kutná Hora-Vnitøní Mìsto;243817;Havlíèkovo námìstí;è.p.;551;31;;28401;684557.50;1066320.38;2013-12-02T00:00:00
11616971;533955;Kutná Hora;;;;;402184;Kutná Hora-Vnitøní Mìsto;243817;Havlíèkovo námìstí;è.p.;552;1;;28401;684648.06;1066290.55;2013-12-02T00:00:00
11616989;533955;Kutná Hora;;;;;402184;Kutná Hora-Vnitøní Mìsto;243612;Èeská;è.p.;553;34;;28401;684964.00;1065833.38;2013-12-02T00:00:00
11617004;533955;Kutná Hora;;;;;402184;Kutná Hora-Vnitøní Mìsto;243515;Bartolomìjská;è.p.;556;17;;28401;685063.68;1065992.68;2022-10-15T00:00:00
11617012;533955;Kutná Hora;;;;;402184;Kutná Hora-Vnitøní Mìsto;245011;Roháèova;è.p.;557;9;;28401;684447.13;1066317.13;2013-12-02T00:00:00
11617021;533955;Kutná Hora;;;;;402184;Kutná Hora-Vnitøní Mìsto;245372;Tylova;è.p.;558;10;;28401;684493.31;1066202.75;2013-12-02T00:00:00
11617055;533955;Kutná Hora;;;;;402184;Kutná Hora-Vnitøní Mìsto;244457;Na Námìti;è.p.;561;9;;28401;684361.88;1066104.75;2013-12-02T00:00:00
11617063;533955;Kutná Hora;;;;;402184;Kutná Hora-Vnitøní Mìsto;243892;Jakubská;è.p.;562;;;28401;684721.25;1066249.75;2013-12-02T00:00:00
11617071;533955;Kutná Hora;;;;;402184;Kutná Hora-Vnitøní Mìsto;245046;Rudní;è.p.;563;9;;28401;684277.82;1066175.58;2022-10-15T00:00:00
11617080;533955;Kutná Hora;;;;;402184;Kutná Hora-Vnitøní Mìsto;245135;Smíškova;è.p.;564;7;;28401;684922.63;1066342.13;2013-12-02T00:00:00
11617098;533955;Kutná Hora;;;;;402184;Kutná Hora-Vnitøní Mìsto;245372;Tylova;è.p.;565;12;;28401;684483.31;1066209.50;2013-12-02T00:00:00
11617110;533955;Kutná Hora;;;;;402184;Kutná Hora-Vnitøní Mìsto;244317;Macháèkovo nábøeží;è.p.;567;3;;28401;684504.69;1066541.63;2013-12-02T00:00:00
11617128;533955;Kutná Hora;;;;;402184;Kutná Hora-Vnitøní Mìsto;243531;Brandlova;è.p.;568;5;;28401;684328.06;1066173.88;2013-12-02T00:00:00
11617136;533955;Kutná Hora;;;;;402184;Kutná Hora-Vnitøní Mìsto;245968;Zvonaøská;è.p.;569;;;28401;684754.56;1065860.63;2013-12-02T00:00:00
11617144;533955;Kutná Hora;;;;;402184;Kutná Hora-Vnitøní Mìsto;245054;Sokolská;è.p.;570;8;;28401;684285.13;1066324.38;2013-12-02T00:00:00
11617161;533955;Kutná Hora;;;;;402184;Kutná Hora-Vnitøní Mìsto;243817;Havlíèkovo námìstí;è.p.;572;9;;28401;684620.19;1066246.38;2013-12-02T00:00:00
11617179;533955;Kutná Hora;;;;;402184;Kutná Hora-Vnitøní Mìsto;245054;Sokolská;è.p.;573;3;;28401;684295.13;1066266.00;2013-12-02T00:00:00
11617187;533955;Kutná Hora;;;;;402184;Kutná Hora-Vnitøní Mìsto;244317;Macháèkovo nábøeží;è.p.;574;1;;28401;684512.00;1066538.88;2013-12-02T00:00:00
11617195;533955;Kutná Hora;;;;;402184;Kutná Hora-Vnitøní Mìsto;245119;Slavíkova;è.p.;575;7;;28401;684251.38;1066269.50;2013-12-02T00:00:00
11617209;533955;Kutná Hora;;;;;402184;Kutná Hora-Vnitøní Mìsto;243779;Havíøská;è.p.;576;4;;28401;684442.63;1066139.25;2013-12-02T00:00:00
11617217;533955;Kutná Hora;;;;;402184;Kutná Hora-Vnitøní Mìsto;245852;Zahradní;è.p.;577;5;;28401;684468.44;1066480.50;2013-12-02T00:00:00
11617225;533955;Kutná Hora;;;;;402184;Kutná Hora-Vnitøní Mìsto;243507;Barborská;è.p.;578;11;;28401;684918.13;1066399.50;2013-12-02T00:00:00
11617233;533955;Kutná Hora;;;;;402184;Kutná Hora-Vnitøní Mìsto;243850;Hradební;è.p.;579;4;;28401;684756.44;1065988.63;2013-12-02T00:00:00
11617241;533955;Kutná Hora;;;;;402184;Kutná Hora-Vnitøní Mìsto;245542;Uhelná;è.p.;580;4;;28401;684191.63;1066274.38;2013-12-02T00:00:00
11617250;533955;Kutná Hora;;;;;402184;Kutná Hora-Vnitøní Mìsto;245852;Zahradní;è.p.;581;1;;28401;684492.25;1066468.58;2013-12-02T00:00:00
11617268;533955;Kutná Hora;;;;;402184;Kutná Hora-Vnitøní Mìsto;243779;Havíøská;è.p.;582;9;;28401;684449.19;1066075.13;2013-12-02T00:00:00
11617276;533955;Kutná Hora;;;;;402184;Kutná Hora-Vnitøní Mìsto;245950;Žižkova brána;è.p.;583;6;;28401;684583.19;1066425.38;2013-12-02T00:00:00
11617284;533955;Kutná Hora;;;;;402184;Kutná Hora-Vnitøní Mìsto;244660;námìstí Národního odboje;è.p.;584;4;;28401;685010.44;1066341.50;2013-12-02T00:00:00
11617292;533955;Kutná Hora;;;;;402184;Kutná Hora-Vnitøní Mìsto;245950;Žižkova brána;è.p.;585;8;;28401;684567.56;1066423.50;2013-12-02T00:00:00
11617306;533955;Kutná Hora;;;;;402184;Kutná Hora-Vnitøní Mìsto;244139;Komenského námìstí;è.p.;586;10;;28401;684764.50;1066224.13;2013-12-02T00:00:00
11617314;533955;Kutná Hora;;;;;402184;Kutná Hora-Vnitøní Mìsto;245950;Žižkova brána;è.p.;587;10;;28401;684558.50;1066423.25;2013-12-02T00:00:00
11617322;533955;Kutná Hora;;;;;402184;Kutná Hora-Vnitøní Mìsto;245542;Uhelná;è.p.;588;3;;28401;684223.63;1066234.38;2013-12-02T00:00:00
11617331;533955;Kutná Hora;;;;;402184;Kutná Hora-Vnitøní Mìsto;244112;Kollárova;è.p.;589;7;;28401;684677.38;1066114.75;2013-12-02T00:00:00
11617349;533955;Kutná Hora;;;;;402184;Kutná Hora-Vnitøní Mìsto;244112;Kollárova;è.p.;590;9;;28401;684688.25;1066094.38;2013-12-02T00:00:00
11617357;533955;Kutná Hora;;;;;402184;Kutná Hora-Vnitøní Mìsto;245852;Zahradní;è.p.;591;3;;28401;684481.50;1066476.50;2013-12-02T00:00:00
11617365;533955;Kutná Hora;;;;;402184;Kutná Hora-Vnitøní Mìsto;244368;Mìstské sady;è.p.;592;5;;28401;684373.56;1066411.13;2013-12-02T00:00:00
11617373;533955;Kutná Hora;;;;;402184;Kutná Hora-Vnitøní Mìsto;244368;Mìstské sady;è.p.;593;30;;28401;684239.72;1066540.73;2013-12-02T00:00:00
11617381;533955;Kutná Hora;;;;;402184;Kutná Hora-Vnitøní Mìsto;245852;Zahradní;è.p.;594;9;;28401;684421.44;1066496.75;2013-12-02T00:00:00
11617390;533955;Kutná Hora;;;;;402184;Kutná Hora-Vnitøní Mìsto;244716;Novomlýnská;è.p.;595;1;;28401;684515.06;1066442.25;2013-12-02T00:00:00
11617403;533955;Kutná Hora;;;;;402184;Kutná Hora-Vnitøní Mìsto;245542;Uhelná;è.p.;596;;;28401;684219.75;1066221.75;2013-12-02T00:00:00
11617411;533955;Kutná Hora;;;;;402184;Kutná Hora-Vnitøní Mìsto;245542;Uhelná;è.p.;597;6;;28401;684207.69;1066230.50;2013-12-02T00:00:00
11617420;533955;Kutná Hora;;;;;402184;Kutná Hora-Vnitøní Mìsto;245542;Uhelná;è.p.;599;5;;28401;684235.25;1066217.50;2013-12-02T00:00:00
11617438;533955;Kutná Hora;;;;;402184;Kutná Hora-Vnitøní Mìsto;243477;Andìlská;è.p.;600;10;;28401;684527.19;1065966.13;2013-12-02T00:00:00
11617446;533955;Kutná Hora;;;;;402184;Kutná Hora-Vnitøní Mìsto;245054;Sokolská;è.p.;601;2;;28401;684339.25;1066298.00;2013-12-02T00:00:00
11617454;533955;Kutná Hora;;;;;402184;Kutná Hora-Vnitøní Mìsto;243973;Jungmannovo námìstí;è.p.;602;3;;28401;684345.75;1066314.50;2013-12-02T00:00:00
11617471;533955;Kutná Hora;;;;;402184;Kutná Hora-Vnitøní Mìsto;243817;Havlíèkovo námìstí;è.p.;603;11;;28401;684589.25;1066241.13;2013-12-02T00:00:00
11617489;533955;Kutná Hora;;;;;402184;Kutná Hora-Vnitøní Mìsto;243833;Hloušecká;è.p.;604;9;;28401;684767.38;1065862.13;2013-12-02T00:00:00
11617497;533955;Kutná Hora;;;;;402184;Kutná Hora-Vnitøní Mìsto;245836;Za Octárnou;è.p.;605;4;;28401;684464.56;1066423.00;2013-12-02T00:00:00
11617501;533955;Kutná Hora;;;;;402184;Kutná Hora-Vnitøní Mìsto;243612;Èeská;è.p.;606;31;;28401;684947.13;1065878.38;2013-12-02T00:00:00
11617519;533955;Kutná Hora;;;;;402184;Kutná Hora-Vnitøní Mìsto;245950;Žižkova brána;è.p.;607;16;;28401;684470.19;1066407.50;2013-12-02T00:00:00
11617527;533955;Kutná Hora;;;;;402184;Kutná Hora-Vnitøní Mìsto;245852;Zahradní;è.p.;608;11;;28401;684390.94;1066497.13;2013-12-02T00:00:00
11617535;533955;Kutná Hora;;;;;402184;Kutná Hora-Vnitøní Mìsto;243833;Hloušecká;è.p.;609;3;;28401;684728.00;1065956.00;2013-12-02T00:00:00
11617543;533955;Kutná Hora;;;;;402184;Kutná Hora-Vnitøní Mìsto;244368;Mìstské sady;è.p.;610;15;;28401;684281.06;1066416.88;2013-12-02T00:00:00
11617551;533955;Kutná Hora;;;;;402184;Kutná Hora-Vnitøní Mìsto;245836;Za Octárnou;è.p.;611;6;;28401;684461.00;1066433.63;2013-12-02T00:00:00
11617560;533955;Kutná Hora;;;;;402184;Kutná Hora-Vnitøní Mìsto;243612;Èeská;è.p.;612;24;;28401;684892.69;1065923.25;2013-12-02T00:00:00
11617578;533955;Kutná Hora;;;;;402184;Kutná Hora-Vnitøní Mìsto;245721;Vocelova;è.p.;613;9;;28401;684448.19;1065924.75;2013-12-02T00:00:00
11617586;533955;Kutná Hora;;;;;402184;Kutná Hora-Vnitøní Mìsto;244783;Pirknerovo námìstí;è.p.;614;4;;28401;684925.94;1065969.75;2013-12-02T00:00:00
11617594;533955;Kutná Hora;;;;;402184;Kutná Hora-Vnitøní Mìsto;244333;Mezibranská;è.p.;615;3;;28401;684402.31;1065875.38;2013-12-02T00:00:00
11617608;533955;Kutná Hora;;;;;402184;Kutná Hora-Vnitøní Mìsto;244333;Mezibranská;è.p.;616;5;;28401;684396.69;1065881.00;2013-12-02T00:00:00
11617616;533955;Kutná Hora;;;;;402184;Kutná Hora-Vnitøní Mìsto;244333;Mezibranská;è.p.;617;7;;28401;684390.50;1065889.13;2013-12-02T00:00:00
11617624;533955;Kutná Hora;;;;;402184;Kutná Hora-Vnitøní Mìsto;245950;Žižkova brána;è.p.;618;14;;28401;684503.94;1066416.38;2013-12-02T00:00:00
11617632;533955;Kutná Hora;;;;;402184;Kutná Hora-Vnitøní Mìsto;245135;Smíškova;è.p.;619;3;;28401;684962.13;1066327.00;2013-12-02T00:00:00
11617641;533955;Kutná Hora;;;;;402184;Kutná Hora-Vnitøní Mìsto;243850;Hradební;è.p.;620;14;;28401;684788.69;1065905.75;2013-12-02T00:00:00
11617659;533955;Kutná Hora;;;;;402184;Kutná Hora-Vnitøní Mìsto;245011;Roháèova;è.p.;621;7;;28401;684432.86;1066307.33;2013-12-02T00:00:00
11617667;533955;Kutná Hora;;;;;402184;Kutná Hora-Vnitøní Mìsto;245836;Za Octárnou;è.p.;622;10;;28401;684461.19;1066467.00;2013-12-02T00:00:00
11617675;533955;Kutná Hora;;;;;402184;Kutná Hora-Vnitøní Mìsto;243850;Hradební;è.p.;623;16;;28401;684798.81;1065887.25;2013-12-02T00:00:00
11617683;533955;Kutná Hora;;;;;402184;Kutná Hora-Vnitøní Mìsto;244457;Na Námìti;è.p.;624;;;28401;684332.75;1066058.00;2013-12-02T00:00:00
11617691;533955;Kutná Hora;;;;;402184;Kutná Hora-Vnitøní Mìsto;245011;Roháèova;è.p.;625;5;;28401;684425.13;1066298.75;2013-12-02T00:00:00
11617705;533955;Kutná Hora;;;;;402184;Kutná Hora-Vnitøní Mìsto;244201;Krupièkova;è.p.;626;5;;28401;684325.38;1066045.25;2013-12-02T00:00:00
11617713;533955;Kutná Hora;;;;;402184;Kutná Hora-Vnitøní Mìsto;245054;Sokolská;è.p.;627;10;;28401;684272.56;1066331.63;2013-12-02T00:00:00
11617721;533955;Kutná Hora;;;;;402184;Kutná Hora-Vnitøní Mìsto;244988;Radnická;è.p.;628;11;;28401;684999.88;1066066.38;2013-12-02T00:00:00
11617730;533955;Kutná Hora;;;;;402184;Kutná Hora-Vnitøní Mìsto;243507;Barborská;è.p.;629;16;;28401;684903.38;1066311.82;2022-10-15T00:00:00
11617748;533955;Kutná Hora;;;;;402184;Kutná Hora-Vnitøní Mìsto;244333;Mezibranská;è.p.;630;9;;28401;684386.63;1065896.13;2013-12-02T00:00:00
11617756;533955;Kutná Hora;;;;;402184;Kutná Hora-Vnitøní Mìsto;244651;Nádražní;è.p.;631;3;;28401;684184.56;1066304.63;2013-12-02T00:00:00
11617764;533955;Kutná Hora;;;;;402184;Kutná Hora-Vnitøní Mìsto;245046;Rudní;è.p.;632;10;;28401;684276.25;1066207.00;2013-12-02T00:00:00
11617772;533955;Kutná Hora;;;;;402184;Kutná Hora-Vnitøní Mìsto;245046;Rudní;è.p.;633;8;;28401;684280.94;1066214.25;2013-12-02T00:00:00
11617781;533955;Kutná Hora;;;;;402184;Kutná Hora-Vnitøní Mìsto;245950;Žižkova brána;è.p.;634;4;;28401;684600.00;1066444.63;2013-12-02T00:00:00
11617799;533955;Kutná Hora;;;;;402184;Kutná Hora-Vnitøní Mìsto;244988;Radnická;è.p.;635;7;;28401;684990.13;1066086.75;2013-12-02T00:00:00
11617802;533955;Kutná Hora;;;;;402184;Kutná Hora-Vnitøní Mìsto;243612;Èeská;è.p.;636;22;;28401;684873.38;1065928.00;2013-12-02T00:00:00
11617811;533955;Kutná Hora;;;;;402184;Kutná Hora-Vnitøní Mìsto;244651;Nádražní;è.p.;637;1;;28401;684190.31;1066317.38;2013-12-02T00:00:00
11617829;533955;Kutná Hora;;;;;402184;Kutná Hora-Vnitøní Mìsto;244651;Nádražní;è.p.;638;13;;28401;684102.88;1066232.25;2013-12-02T00:00:00
11617837;533955;Kutná Hora;;;;;402184;Kutná Hora-Vnitøní Mìsto;245186;Stará tiskárna;è.p.;639;2;;28401;684497.89;1066506.81;2022-10-15T00:00:00
11617845;533955;Kutná Hora;;;;;402184;Kutná Hora-Vnitøní Mìsto;245186;Stará tiskárna;è.p.;640;4;;28401;684488.00;1066509.25;2013-12-02T00:00:00
11617853;533955;Kutná Hora;;;;;402184;Kutná Hora-Vnitøní Mìsto;245186;Stará tiskárna;è.p.;641;;;28401;684471.81;1066515.25;2013-12-02T00:00:00
11617861;533955;Kutná Hora;;;;;402184;Kutná Hora-Vnitøní Mìsto;243841;Hornická;è.p.;642;3;;28401;684905.81;1066045.63;2013-12-02T00:00:00
11617870;533955;Kutná Hora;;;;;402184;Kutná Hora-Vnitøní Mìsto;244457;Na Námìti;è.p.;643;3;;28401;684389.88;1066168.25;2013-12-02T00:00:00
11617888;533955;Kutná Hora;;;;;402184;Kutná Hora-Vnitøní Mìsto;244368;Mìstské sady;è.p.;644;11;;28401;684335.88;1066404.00;2013-12-02T00:00:00
11617896;533955;Kutná Hora;;;;;402184;Kutná Hora-Vnitøní Mìsto;245186;Stará tiskárna;è.p.;645;8;;28401;684461.69;1066518.88;2013-12-02T00:00:00
11617900;533955;Kutná Hora;;;;;402184;Kutná Hora-Vnitøní Mìsto;244317;Macháèkovo nábøeží;è.p.;646;13;;28401;684449.75;1066564.88;2013-12-02T00:00:00
11617918;533955;Kutná Hora;;;;;402184;Kutná Hora-Vnitøní Mìsto;244317;Macháèkovo nábøeží;è.p.;647;15;;28401;684441.13;1066566.13;2013-12-02T00:00:00
11617926;533955;Kutná Hora;;;;;402184;Kutná Hora-Vnitøní Mìsto;244317;Macháèkovo nábøeží;è.p.;648;9;;28401;684469.31;1066557.63;2013-12-02T00:00:00
11617934;533955;Kutná Hora;;;;;402184;Kutná Hora-Vnitøní Mìsto;244317;Macháèkovo nábøeží;è.p.;649;11;;28401;684463.38;1066560.00;2013-12-02T00:00:00
11617942;533955;Kutná Hora;;;;;402184;Kutná Hora-Vnitøní Mìsto;244716;Novomlýnská;è.p.;650;7;;28401;684529.63;1066528.00;2013-12-02T00:00:00
11617951;533955;Kutná Hora;;;;;402184;Kutná Hora-Vnitøní Mìsto;244368;Mìstské sady;è.p.;651;18;;28401;684348.00;1066469.88;2013-12-02T00:00:00
11617969;533955;Kutná Hora;;;;;402184;Kutná Hora-Vnitøní Mìsto;245101;Sedlecká;è.p.;652;13;;28401;684289.50;1065893.13;2013-12-02T00:00:00
11617985;533955;Kutná Hora;;;;;402184;Kutná Hora-Vnitøní Mìsto;243477;Andìlská;è.p.;654;8;;28401;684513.88;1065981.00;2013-12-02T00:00:00
11617993;533955;Kutná Hora;;;;;402184;Kutná Hora-Vnitøní Mìsto;244317;Macháèkovo nábøeží;è.p.;655;17;;28401;684422.75;1066568.88;2013-12-02T00:00:00
11618001;533955;Kutná Hora;;;;;402184;Kutná Hora-Vnitøní Mìsto;244317;Macháèkovo nábøeží;è.p.;656;;;28401;684488.19;1066542.75;2013-12-02T00:00:00
11618019;533955;Kutná Hora;;;;;402184;Kutná Hora-Vnitøní Mìsto;244317;Macháèkovo nábøeží;è.p.;657;7;;28401;684475.38;1066545.75;2013-12-02T00:00:00
11618027;533955;Kutná Hora;;;;;402184;Kutná Hora-Vnitøní Mìsto;245852;Zahradní;è.p.;658;17;;28401;684357.88;1066499.00;2013-12-02T00:00:00
11618035;533955;Kutná Hora;;;;;402184;Kutná Hora-Vnitøní Mìsto;245852;Zahradní;è.p.;659;19;;28401;684350.44;1066499.00;2013-12-02T00:00:00
11618043;533955;Kutná Hora;;;;;402184;Kutná Hora-Vnitøní Mìsto;245852;Zahradní;è.p.;660;21;;28401;684342.88;1066499.50;2013-12-02T00:00:00
11618051;533955;Kutná Hora;;;;;402184;Kutná Hora-Vnitøní Mìsto;245852;Zahradní;è.p.;661;23;;28401;684335.81;1066499.00;2013-12-02T00:00:00
11618060;533955;Kutná Hora;;;;;402184;Kutná Hora-Vnitøní Mìsto;245852;Zahradní;è.p.;662;25;;28401;684328.25;1066497.13;2013-12-02T00:00:00
11618078;533955;Kutná Hora;;;;;402184;Kutná Hora-Vnitøní Mìsto;243779;Havíøská;è.p.;663;10;;28401;684433.69;1066104.88;2013-12-02T00:00:00
11618086;533955;Kutná Hora;;;;;402184;Kutná Hora-Vnitøní Mìsto;244368;Mìstské sady;è.p.;664;20;;28401;684337.88;1066472.13;2013-12-02T00:00:00
11618094;533955;Kutná Hora;;;;;402184;Kutná Hora-Vnitøní Mìsto;244368;Mìstské sady;è.p.;665;22;;28401;684328.50;1066474.63;2013-12-02T00:00:00
11618108;533955;Kutná Hora;;;;;402184;Kutná Hora-Vnitøní Mìsto;244368;Mìstské sady;è.p.;666;10;;28401;684404.06;1066458.50;2013-12-02T00:00:00
11618116;533955;Kutná Hora;;;;;402184;Kutná Hora-Vnitøní Mìsto;244368;Mìstské sady;è.p.;667;12;;28401;684395.50;1066459.38;2013-12-02T00:00:00
11618124;533955;Kutná Hora;;;;;402184;Kutná Hora-Vnitøní Mìsto;244368;Mìstské sady;è.p.;668;14;;28401;684386.81;1066461.00;2013-12-02T00:00:00
11618132;533955;Kutná Hora;;;;;402184;Kutná Hora-Vnitøní Mìsto;244317;Macháèkovo nábøeží;è.p.;669;;;28401;684480.63;1066544.50;2013-12-02T00:00:00
11618141;533955;Kutná Hora;;;;;402184;Kutná Hora-Vnitøní Mìsto;245101;Sedlecká;è.p.;670;;;28401;684319.25;1065888.38;2013-12-02T00:00:00
11618159;533955;Kutná Hora;;;;;402184;Kutná Hora-Vnitøní Mìsto;243922;Jánské námìstí;è.p.;671;;;28401;684457.00;1066377.00;2013-12-02T00:00:00
11618167;533955;Kutná Hora;;;;;402184;Kutná Hora-Vnitøní Mìsto;243833;Hloušecká;è.p.;672;;;28401;684674.25;1065938.00;2013-12-02T00:00:00
11618175;533955;Kutná Hora;;;;;402184;Kutná Hora-Vnitøní Mìsto;243850;Hradební;è.p.;673;;;28401;684910.49;1065836.26;2022-10-15T00:00:00
11618183;533955;Kutná Hora;;;;;402184;Kutná Hora-Vnitøní Mìsto;245046;Rudní;è.p.;675;;;28401;684311.13;1066239.13;2013-12-02T00:00:00
11618191;533955;Kutná Hora;;;;;402192;Šipší;245178;Sportovcù;è.p.;1;;;28401;684163.56;1065245.13;2013-12-02T00:00:00
11618205;533955;Kutná Hora;;;;;402192;Šipší;245691;Vinièná;è.p.;2;;;28401;683925.25;1065065.00;2013-12-02T00:00:00
11618213;533955;Kutná Hora;;;;;402192;Šipší;245178;Sportovcù;è.p.;3;;;28401;684176.44;1065369.13;2013-12-02T00:00:00
11618221;533955;Kutná Hora;;;;;402192;Šipší;245691;Vinièná;è.p.;4;;;28401;683903.81;1065084.13;2013-12-02T00:00:00
11618230;533955;Kutná Hora;;;;;402192;Šipší;245160;Spálená;è.p.;5;;;28401;683999.56;1065085.88;2013-12-02T00:00:00
11618248;533955;Kutná Hora;;;;;402192;Šipší;245691;Vinièná;è.p.;6;;;28401;683824.00;1065147.50;2013-12-02T00:00:00
11618256;533955;Kutná Hora;;;;;402192;Šipší;245691;Vinièná;è.p.;7;;;28401;683978.13;1065063.25;2013-12-02T00:00:00
11618264;533955;Kutná Hora;;;;;402192;Šipší;245160;Spálená;è.p.;8;;;28401;683971.81;1065105.75;2013-12-02T00:00:00
11618272;533955;Kutná Hora;;;;;402192;Šipší;245178;Sportovcù;è.p.;9;;;28401;684180.56;1065459.63;2013-12-02T00:00:00
11618281;533955;Kutná Hora;;;;;402192;Šipší;245097;Sbìrná;è.p.;10;;;28401;683903.31;1065197.75;2013-12-02T00:00:00
11618299;533955;Kutná Hora;;;;;402192;Šipší;245470;U Lorce;è.p.;11;;;28401;684349.81;1065389.75;2013-12-02T00:00:00
11618302;533955;Kutná Hora;;;;;402192;Šipší;243787;Havíøská stezka;è.p.;12;;;28401;684034.44;1065039.38;2013-12-02T00:00:00
11618311;533955;Kutná Hora;;;;;402192;Šipší;245691;Vinièná;è.p.;15;;;28401;683969.25;1065033.63;2013-12-02T00:00:00
11618345;533955;Kutná Hora;;;;;402192;Šipší;245780;Waldhauserova;è.p.;32;;;28401;684340.56;1065524.13;2013-12-02T00:00:00
11618361;533955;Kutná Hora;;;;;402192;Šipší;245470;U Lorce;è.p.;38;;;28401;684334.00;1065464.63;2013-12-02T00:00:00
11618370;533955;Kutná Hora;;;;;402192;Šipší;245470;U Lorce;è.p.;39;;;28401;684247.69;1065457.75;2013-12-02T00:00:00
11618388;533955;Kutná Hora;;;;;402192;Šipší;245470;U Lorce;è.p.;40;;;28401;684279.56;1065476.88;2013-12-02T00:00:00
11618396;533955;Kutná Hora;;;;;402192;Šipší;245470;U Lorce;è.p.;57;;;28401;684296.13;1065312.00;2013-12-02T00:00:00
11618400;533955;Kutná Hora;;;;;402192;Šipší;245470;U Lorce;è.p.;59;;;28401;684230.38;1065332.25;2013-12-02T00:00:00
11618426;533955;Kutná Hora;;;;;402192;Šipší;244350;Ortenova;è.p.;62;;;28401;683605.52;1065144.30;2013-12-02T00:00:00
11618434;533955;Kutná Hora;;;;;402192;Šipší;244350;Ortenova;è.p.;63;;;28401;683636.25;1065177.38;2013-12-02T00:00:00
11618442;533955;Kutná Hora;;;;;402192;Šipší;245470;U Lorce;è.p.;64;4;;28401;684341.94;1065470.75;2013-12-02T00:00:00
11618451;533955;Kutná Hora;;;;;402192;Šipší;245976;17. listopadu;è.p.;67;;;28401;683770.79;1065018.75;2013-12-02T00:00:00
11618469;533955;Kutná Hora;;;;;402192;Šipší;243787;Havíøská stezka;è.p.;68;;;28401;684010.00;1064977.00;2013-12-02T00:00:00
11618477;533955;Kutná Hora;;;;;402192;Šipší;245470;U Lorce;è.p.;69;2;;28401;684363.88;1065522.50;2013-12-02T00:00:00
11618485;533955;Kutná Hora;;;;;402192;Šipší;244554;Na Studních;è.p.;70;;;28401;683583.48;1065267.95;2014-01-10T00:00:00
11618493;533955;Kutná Hora;;;;;402192;Šipší;244554;Na Studních;è.p.;71;;;28401;683610.06;1065233.14;2014-01-03T00:00:00
11618507;533955;Kutná Hora;;;;;402192;Šipší;244554;Na Studních;è.p.;72;;;28401;683557.90;1065212.31;2013-12-02T00:00:00
11618515;533955;Kutná Hora;;;;;402192;Šipší;244554;Na Studních;è.p.;73;;;28401;683506.71;1065196.44;2013-12-02T00:00:00
11618523;533955;Kutná Hora;;;;;402192;Šipší;244350;Ortenova;è.p.;74;;;28401;683580.88;1065177.00;2013-12-02T00:00:00
11618531;533955;Kutná Hora;;;;;402192;Šipší;244350;Ortenova;è.p.;75;;;28401;683588.69;1065188.63;2013-12-02T00:00:00
11618540;533955;Kutná Hora;;;;;402192;Šipší;244350;Ortenova;è.p.;76;;;28401;683562.63;1065154.25;2013-12-02T00:00:00
11618558;533955;Kutná Hora;;;;;402192;Šipší;244350;Ortenova;è.p.;77;;;28401;683571.81;1065165.75;2013-12-02T00:00:00
11618566;533955;Kutná Hora;;;;;402192;Šipší;244350;Ortenova;è.p.;78;;;28401;683545.38;1065130.63;2013-12-02T00:00:00
11618574;533955;Kutná Hora;;;;;402192;Šipší;244350;Ortenova;è.p.;79;;;28401;683553.25;1065141.88;2013-12-02T00:00:00
11618582;533955;Kutná Hora;;;;;402192;Šipší;244350;Ortenova;è.p.;80;;;28401;683527.25;1065107.88;2013-12-02T00:00:00
11618591;533955;Kutná Hora;;;;;402192;Šipší;244350;Ortenova;è.p.;81;;;28401;683535.81;1065118.50;2013-12-02T00:00:00
11618604;533955;Kutná Hora;;;;;402192;Šipší;244350;Ortenova;è.p.;82;;;28401;683522.96;1065155.55;2013-12-02T00:00:00
11618612;533955;Kutná Hora;;;;;402192;Šipší;244350;Ortenova;è.p.;83;;;28401;683502.19;1065149.13;2013-12-02T00:00:00
11618621;533955;Kutná Hora;;;;;402192;Šipší;244350;Ortenova;è.p.;84;;;28401;683482.31;1065146.63;2013-12-02T00:00:00
11618639;533955;Kutná Hora;;;;;402192;Šipší;244350;Ortenova;è.p.;85;;;28401;683466.29;1065160.17;2013-12-02T00:00:00
11618647;533955;Kutná Hora;;;;;402192;Šipší;244350;Ortenova;è.p.;86;;;28401;683496.63;1065091.63;2013-12-02T00:00:00
11618655;533955;Kutná Hora;;;;;402192;Šipší;244350;Ortenova;è.p.;87;;;28401;683477.00;1065101.25;2013-12-02T00:00:00
11618663;533955;Kutná Hora;;;;;402192;Šipší;244350;Ortenova;è.p.;88;;;28401;683456.44;1065097.13;2013-12-02T00:00:00
11618671;533955;Kutná Hora;;;;;402192;Šipší;244350;Ortenova;è.p.;89;;;28401;683438.23;1065093.87;2013-12-02T00:00:00
11618680;533955;Kutná Hora;;;;;402192;Šipší;244350;Ortenova;è.p.;90;;;28401;683562.94;1065067.88;2013-12-02T00:00:00
11618698;533955;Kutná Hora;;;;;402192;Šipší;244350;Ortenova;è.p.;91;;;28401;683543.00;1065055.75;2013-12-02T00:00:00
11618701;533955;Kutná Hora;;;;;402192;Šipší;244350;Ortenova;è.p.;92;;;28401;683535.81;1065038.63;2013-12-02T00:00:00
11618710;533955;Kutná Hora;;;;;402192;Šipší;244350;Ortenova;è.p.;93;;;28401;683530.56;1065018.13;2013-12-02T00:00:00
11618728;533955;Kutná Hora;;;;;402192;Šipší;245976;17. listopadu;è.p.;94;;;28401;683629.23;1065123.60;2013-12-02T00:00:00
11618736;533955;Kutná Hora;;;;;402192;Šipší;245976;17. listopadu;è.p.;95;;;28401;683643.50;1065111.62;2013-12-02T00:00:00
11618744;533955;Kutná Hora;;;;;402192;Šipší;245976;17. listopadu;è.p.;96;;;28401;683662.20;1065098.82;2013-12-02T00:00:00
11618752;533955;Kutná Hora;;;;;402192;Šipší;245976;17. listopadu;è.p.;97;;;28401;683677.12;1065087.83;2013-12-02T00:00:00
11618761;533955;Kutná Hora;;;;;402192;Šipší;245976;17. listopadu;è.p.;98;;;28401;683692.54;1065072.57;2013-12-02T00:00:00
11618779;533955;Kutná Hora;;;;;402192;Šipší;245976;17. listopadu;è.p.;99;;;28401;683710.25;1065059.94;2013-12-02T00:00:00
11618787;533955;Kutná Hora;;;;;402192;Šipší;245976;17. listopadu;è.p.;100;;;28401;683728.46;1065046.98;2013-12-02T00:00:00
11618795;533955;Kutná Hora;;;;;402192;Šipší;245976;17. listopadu;è.p.;101;;;28401;683581.88;1065098.38;2013-12-02T00:00:00
11618809;533955;Kutná Hora;;;;;402192;Šipší;245976;17. listopadu;è.p.;102;;;28401;683597.75;1065085.00;2013-12-02T00:00:00
11618817;533955;Kutná Hora;;;;;402192;Šipší;245976;17. listopadu;è.p.;103;;;28401;683613.31;1065072.63;2013-12-02T00:00:00
11618825;533955;Kutná Hora;;;;;402192;Šipší;245976;17. listopadu;è.p.;104;;;28401;683628.63;1065062.00;2013-12-02T00:00:00
11618833;533955;Kutná Hora;;;;;402192;Šipší;245976;17. listopadu;è.p.;105;;;28401;683647.88;1065050.75;2013-12-02T00:00:00
11618841;533955;Kutná Hora;;;;;402192;Šipší;245976;17. listopadu;è.p.;106;;;28401;683665.31;1065038.00;2013-12-02T00:00:00
11618850;533955;Kutná Hora;;;;;402192;Šipší;245976;17. listopadu;è.p.;107;;;28401;683682.75;1065024.63;2013-12-02T00:00:00
11618868;533955;Kutná Hora;;;;;402192;Šipší;245976;17. listopadu;è.p.;108;;;28401;683818.00;1064979.13;2013-12-02T00:00:00
11618876;533955;Kutná Hora;;;;;402192;Šipší;245976;17. listopadu;è.p.;109;;;28401;683834.81;1064966.38;2013-12-02T00:00:00
11618884;533955;Kutná Hora;;;;;402192;Šipší;245976;17. listopadu;è.p.;110;;;28401;683853.00;1064952.63;2013-12-02T00:00:00
11618892;533955;Kutná Hora;;;;;402192;Šipší;245976;17. listopadu;è.p.;111;;;28401;683870.69;1064942.13;2013-12-02T00:00:00
11618906;533955;Kutná Hora;;;;;402192;Šipší;245976;17. listopadu;è.p.;112;;;28401;683886.94;1064930.00;2013-12-02T00:00:00
11618914;533955;Kutná Hora;;;;;402192;Šipší;245976;17. listopadu;è.p.;113;;;28401;683904.06;1064917.50;2013-12-02T00:00:00
11618922;533955;Kutná Hora;;;;;402192;Šipší;245976;17. listopadu;è.p.;114;;;28401;683918.44;1064906.75;2013-12-02T00:00:00
11618931;533955;Kutná Hora;;;;;402192;Šipší;245976;17. listopadu;è.p.;115;;;28401;683735.00;1064986.38;2013-12-02T00:00:00
11618949;533955;Kutná Hora;;;;;402192;Šipší;245976;17. listopadu;è.p.;116;;;28401;683750.00;1064974.50;2013-12-02T00:00:00
11618957;533955;Kutná Hora;;;;;402192;Šipší;245976;17. listopadu;è.p.;117;;;28401;683766.88;1064957.75;2013-12-02T00:00:00
11618965;533955;Kutná Hora;;;;;402192;Šipší;245976;17. listopadu;è.p.;118;;;28401;683785.75;1064946.50;2013-12-02T00:00:00
11618973;533955;Kutná Hora;;;;;402192;Šipší;245976;17. listopadu;è.p.;119;;;28401;683799.38;1064935.13;2013-12-02T00:00:00
11618981;533955;Kutná Hora;;;;;402192;Šipší;245976;17. listopadu;è.p.;120;;;28401;683816.25;1064922.13;2013-12-02T00:00:00
11618990;533955;Kutná Hora;;;;;402192;Šipší;245976;17. listopadu;è.p.;121;;;28401;683831.88;1064910.50;2013-12-02T00:00:00
11619007;533955;Kutná Hora;;;;;402192;Šipší;243752;Jana Zajíce;è.p.;122;;;28401;683854.75;1064885.25;2013-12-02T00:00:00
11619015;533955;Kutná Hora;;;;;402192;Šipší;243752;Jana Zajíce;è.p.;123;;;28401;683847.94;1064864.68;2013-12-02T00:00:00
11619023;533955;Kutná Hora;;;;;402192;Šipší;243752;Jana Zajíce;è.p.;124;;;28401;683842.81;1064851.25;2013-12-02T00:00:00
11619031;533955;Kutná Hora;;;;;402192;Šipší;243752;Jana Zajíce;è.p.;125;;;28401;683837.19;1064835.00;2013-12-02T00:00:00
11619040;533955;Kutná Hora;;;;;402192;Šipší;243752;Jana Zajíce;è.p.;126;;;28401;683831.50;1064817.75;2013-12-02T00:00:00
11619058;533955;Kutná Hora;;;;;402192;Šipší;243752;Jana Zajíce;è.p.;127;;;28401;683900.13;1064833.88;2013-12-02T00:00:00
11619066;533955;Kutná Hora;;;;;402192;Šipší;243752;Jana Zajíce;è.p.;128;;;28401;683898.25;1064815.88;2013-12-02T00:00:00
11619074;533955;Kutná Hora;;;;;402192;Šipší;243752;Jana Zajíce;è.p.;129;;;28401;683893.00;1064797.50;2013-12-02T00:00:00
11619082;533955;Kutná Hora;;;;;402192;Šipší;244341;Opletalova;è.p.;130;;;28401;683926.59;1064746.61;2013-12-02T00:00:00
11619091;533955;Kutná Hora;;;;;402192;Šipší;244341;Opletalova;è.p.;131;;;28401;683908.35;1064750.83;2013-12-02T00:00:00
11619104;533955;Kutná Hora;;;;;402192;Šipší;244341;Opletalova;è.p.;132;;;28401;683896.06;1064753.63;2013-12-02T00:00:00
11619112;533955;Kutná Hora;;;;;402192;Šipší;245291;Studentù;è.p.;133;;;28401;683968.19;1064819.50;2013-12-02T00:00:00
11619121;533955;Kutná Hora;;;;;402192;Šipší;245291;Studentù;è.p.;134;;;28401;683963.81;1064801.50;2013-12-02T00:00:00
11619139;533955;Kutná Hora;;;;;402192;Šipší;245291;Studentù;è.p.;135;;;28401;683959.38;1064780.50;2013-12-02T00:00:00
11619147;533955;Kutná Hora;;;;;402192;Šipší;243787;Havíøská stezka;è.p.;136;;;28401;683967.89;1064900.10;2013-12-02T00:00:00
11619155;533955;Kutná Hora;;;;;402192;Šipší;243787;Havíøská stezka;è.p.;137;;;28401;683963.31;1064884.38;2013-12-02T00:00:00
11619163;533955;Kutná Hora;;;;;402192;Šipší;243787;Havíøská stezka;è.p.;138;;;28401;683960.19;1064864.63;2013-12-02T00:00:00
11619171;533955;Kutná Hora;;;;;402192;Šipší;243787;Havíøská stezka;è.p.;139;;;28401;684022.74;1064921.44;2013-12-02T00:00:00
11619180;533955;Kutná Hora;;;;;402192;Šipší;243787;Havíøská stezka;è.p.;140;;;28401;684006.51;1064924.79;2013-12-02T00:00:00
11619198;533955;Kutná Hora;;;;;402192;Šipší;243787;Havíøská stezka;è.p.;141;;;28401;684015.00;1064925.00;2013-12-02T00:00:00
11619201;533955;Kutná Hora;;;;;402192;Šipší;243744;Jana Palacha;è.p.;142;;;28401;684033.21;1064884.53;2013-12-02T00:00:00
11619210;533955;Kutná Hora;;;;;402192;Šipší;243744;Jana Palacha;è.p.;143;;;28401;684028.71;1064867.22;2013-12-02T00:00:00
11619228;533955;Kutná Hora;;;;;402192;Šipší;243744;Jana Palacha;è.p.;144;;;28401;684025.29;1064849.58;2013-12-02T00:00:00
11619236;533955;Kutná Hora;;;;;402192;Šipší;245330;Šandova;è.p.;146;;;28401;683986.06;1064753.25;2013-12-02T00:00:00
11619244;533955;Kutná Hora;;;;;402192;Šipší;245330;Šandova;è.p.;147;;;28401;683981.75;1064735.13;2013-12-02T00:00:00
11619252;533955;Kutná Hora;;;;;402192;Šipší;245330;Šandova;è.p.;148;;;28401;683978.06;1064716.77;2013-12-02T00:00:00
11619261;533955;Kutná Hora;;;;;402192;Šipší;245330;Šandova;è.p.;149;;;28401;683973.88;1064700.63;2013-12-02T00:00:00
11619279;533955;Kutná Hora;;;;;402192;Šipší;243744;Jana Palacha;è.p.;150;;;28401;684015.13;1064730.00;2013-12-02T00:00:00
11619287;533955;Kutná Hora;;;;;402192;Šipší;243744;Jana Palacha;è.p.;151;;;28401;684011.56;1064712.00;2013-12-02T00:00:00
11619295;533955;Kutná Hora;;;;;402192;Šipší;243744;Jana Palacha;è.p.;152;;;28401;684001.70;1064678.67;2013-12-02T00:00:00
11619309;533955;Kutná Hora;;;;;402192;Šipší;243744;Jana Palacha;è.p.;153;;;28401;684006.44;1064694.64;2013-12-02T00:00:00
11619317;533955;Kutná Hora;;;;;402192;Šipší;243744;Jana Palacha;è.p.;154;;;28401;684049.68;1064703.25;2013-12-02T00:00:00
11619325;533955;Kutná Hora;;;;;402192;Šipší;243744;Jana Palacha;è.p.;155;;;28401;684054.44;1064721.25;2013-12-02T00:00:00
11619333;533955;Kutná Hora;;;;;402192;Šipší;243744;Jana Palacha;è.p.;156;;;28401;684057.63;1064738.13;2013-12-02T00:00:00
11619341;533955;Kutná Hora;;;;;402192;Šipší;243744;Jana Palacha;è.p.;157;;;28401;684060.07;1064757.00;2013-12-02T00:00:00
11619350;533955;Kutná Hora;;;;;402192;Šipší;243744;Jana Palacha;è.p.;158;;;28401;684089.05;1065076.62;2013-12-02T00:00:00
11619368;533955;Kutná Hora;;;;;402192;Šipší;243744;Jana Palacha;è.p.;159;;;28401;684086.00;1065059.00;2013-12-02T00:00:00
11619376;533955;Kutná Hora;;;;;402192;Šipší;243744;Jana Palacha;è.p.;160;;;28401;684082.64;1065041.68;2013-12-02T00:00:00
11619384;533955;Kutná Hora;;;;;402192;Šipší;243744;Jana Palacha;è.p.;161;;;28401;684079.55;1065023.78;2013-12-02T00:00:00
11619392;533955;Kutná Hora;;;;;402192;Šipší;243744;Jana Palacha;è.p.;162;;;28401;684069.31;1064984.88;2013-12-02T00:00:00
11619406;533955;Kutná Hora;;;;;402192;Šipší;243744;Jana Palacha;è.p.;163;;;28401;684065.44;1064969.38;2013-12-02T00:00:00
11619414;533955;Kutná Hora;;;;;402192;Šipší;243744;Jana Palacha;è.p.;164;;;28401;684063.00;1064950.13;2013-12-02T00:00:00
11619422;533955;Kutná Hora;;;;;402192;Šipší;243744;Jana Palacha;è.p.;165;;;28401;684059.13;1064931.50;2013-12-02T00:00:00
11619431;533955;Kutná Hora;;;;;402192;Šipší;243744;Jana Palacha;è.p.;166;;;28401;684102.79;1064905.09;2022-10-15T00:00:00
11619449;533955;Kutná Hora;;;;;402192;Šipší;243744;Jana Palacha;è.p.;167;;;28401;684096.61;1064952.79;2015-05-26T00:00:00
11619457;533955;Kutná Hora;;;;;402192;Šipší;244082;Mazákova;è.p.;168;;;28401;683587.50;1065043.00;2013-12-02T00:00:00
11619465;533955;Kutná Hora;;;;;402192;Šipší;244082;Mazákova;è.p.;169;;;28401;683576.31;1065029.38;2013-12-02T00:00:00
11619473;533955;Kutná Hora;;;;;402192;Šipší;244341;Opletalova;è.p.;170;;;28401;683595.88;1064989.54;2013-12-02T00:00:00
11619481;533955;Kutná Hora;;;;;402192;Šipší;244341;Opletalova;è.p.;171;;;28401;683583.65;1064972.29;2013-12-02T00:00:00
11619490;533955;Kutná Hora;;;;;402192;Šipší;244341;Opletalova;è.p.;172;;;28401;683627.70;1064964.30;2013-12-02T00:00:00
11619503;533955;Kutná Hora;;;;;402192;Šipší;244341;Opletalova;è.p.;173;;;28401;683616.03;1064949.42;2013-12-02T00:00:00
11619511;533955;Kutná Hora;;;;;402192;Šipší;244341;Opletalova;è.p.;174;;;28401;683661.80;1064939.53;2013-12-02T00:00:00
11619520;533955;Kutná Hora;;;;;402192;Šipší;244341;Opletalova;è.p.;175;;;28401;683652.32;1064926.19;2013-12-02T00:00:00
11619538;533955;Kutná Hora;;;;;402192;Šipší;244341;Opletalova;è.p.;176;;;28401;683694.88;1064914.25;2013-12-02T00:00:00
11619546;533955;Kutná Hora;;;;;402192;Šipší;244341;Opletalova;è.p.;177;;;28401;683682.08;1064893.60;2013-12-02T00:00:00
11619554;533955;Kutná Hora;;;;;402192;Šipší;244341;Opletalova;è.p.;178;;;28401;683751.25;1064919.38;2013-12-02T00:00:00
11619562;533955;Kutná Hora;;;;;402192;Šipší;244341;Opletalova;è.p.;179;;;28401;683740.21;1064905.02;2013-12-02T00:00:00
11619571;533955;Kutná Hora;;;;;402192;Šipší;244341;Opletalova;è.p.;180;;;28401;683729.56;1064889.75;2013-12-02T00:00:00
11619589;533955;Kutná Hora;;;;;402192;Šipší;244341;Opletalova;è.p.;181;;;28401;683718.88;1064874.50;2013-12-02T00:00:00
11619597;533955;Kutná Hora;;;;;402192;Šipší;244341;Opletalova;è.p.;183;;;28401;683501.03;1064963.28;2013-12-02T00:00:00
11619601;533955;Kutná Hora;;;;;402192;Šipší;245178;Sportovcù;è.p.;215;;;28401;684178.56;1065386.50;2013-12-02T00:00:00
11619619;533955;Kutná Hora;;;;;402192;Šipší;243647;Dolní;è.p.;265;;;28401;683717.25;1065216.50;2013-12-02T00:00:00
11619635;533955;Kutná Hora;;;;;402192;Šipší;245691;Vinièná;è.p.;267;;;28401;683774.50;1065186.00;2013-12-02T00:00:00
11619643;533955;Kutná Hora;;;;;402192;Šipší;244171;Krátká;è.p.;268;;;28401;683984.44;1065190.38;2013-12-02T00:00:00
11619651;533955;Kutná Hora;;;;;402192;Šipší;244171;Krátká;è.p.;269;;;28401;684022.19;1065168.75;2013-12-02T00:00:00
11619660;533955;Kutná Hora;;;;;402192;Šipší;244309;Luèanská;è.p.;270;;;28401;683703.00;1065162.00;2013-12-02T00:00:00
11619678;533955;Kutná Hora;;;;;402192;Šipší;243647;Dolní;è.p.;271;;;28401;683724.06;1065250.25;2013-12-02T00:00:00
11619686;533955;Kutná Hora;;;;;402192;Šipší;243647;Dolní;è.p.;272;;;28401;683743.56;1065265.38;2013-12-02T00:00:00
11619694;533955;Kutná Hora;;;;;402192;Šipší;243647;Dolní;è.p.;273;;;28401;683737.13;1065261.38;2013-12-02T00:00:00
11619708;533955;Kutná Hora;;;;;402192;Šipší;244309;Luèanská;è.p.;274;;;28401;683668.25;1065222.63;2013-12-02T00:00:00
11619716;533955;Kutná Hora;;;;;402192;Šipší;243647;Dolní;è.p.;275;;;28401;683826.25;1065269.25;2013-12-02T00:00:00
11619724;533955;Kutná Hora;;;;;402192;Šipší;245160;Spálená;è.p.;276;;;28401;683820.81;1065252.75;2013-12-02T00:00:00
11619732;533955;Kutná Hora;;;;;402192;Šipší;243647;Dolní;è.p.;277;;;28401;683749.69;1065244.25;2013-12-02T00:00:00
11619741;533955;Kutná Hora;;;;;402192;Šipší;245631;V Zahradách;è.p.;278;;;28401;683722.44;1065174.63;2013-12-02T00:00:00
11619759;533955;Kutná Hora;;;;;402192;Šipší;245631;V Zahradách;è.p.;279;;;28401;683834.13;1065213.75;2013-12-02T00:00:00
11619767;533955;Kutná Hora;;;;;402192;Šipší;245631;V Zahradách;è.p.;280;;;28401;683783.88;1065215.50;2013-12-02T00:00:00
11619775;533955;Kutná Hora;;;;;402192;Šipší;245160;Spálená;è.p.;281;;;28401;683857.94;1065198.50;2013-12-02T00:00:00
11619783;533955;Kutná Hora;;;;;402192;Šipší;243647;Dolní;è.p.;282;;;28401;683716.38;1065245.38;2013-12-02T00:00:00
11619791;533955;Kutná Hora;;;;;402192;Šipší;243647;Dolní;è.p.;283;;;28401;683755.44;1065249.25;2013-12-02T00:00:00
11619805;533955;Kutná Hora;;;;;402192;Šipší;243647;Dolní;è.p.;284;;;28401;683841.44;1065280.25;2013-12-02T00:00:00
11619813;533955;Kutná Hora;;;;;402192;Šipší;243647;Dolní;è.p.;285;;;28401;683853.00;1065283.00;2013-12-02T00:00:00
11619821;533955;Kutná Hora;;;;;402192;Šipší;245160;Spálená;è.p.;286;;;28401;683935.94;1065139.13;2013-12-02T00:00:00
11619830;533955;Kutná Hora;;;;;402192;Šipší;245691;Vinièná;è.p.;287;;;28401;683856.56;1065123.88;2013-12-02T00:00:00
11619848;533955;Kutná Hora;;;;;402192;Šipší;245160;Spálená;è.p.;288;;;28401;683958.69;1065121.00;2013-12-02T00:00:00
11619856;533955;Kutná Hora;;;;;402192;Šipší;243787;Havíøská stezka;è.p.;289;;;28401;684014.50;1065107.00;2013-12-02T00:00:00
11619864;533955;Kutná Hora;;;;;402192;Šipší;243647;Dolní;è.p.;290;;;28401;683735.38;1065236.63;2013-12-02T00:00:00
11619872;533955;Kutná Hora;;;;;402192;Šipší;243647;Dolní;è.p.;291;;;28401;683727.19;1065231.00;2013-12-02T00:00:00
11619881;533955;Kutná Hora;;;;;402192;Šipší;245160;Spálená;è.p.;292;;;28401;683810.31;1065233.13;2013-12-02T00:00:00
11619899;533955;Kutná Hora;;;;;402192;Šipší;245097;Sbìrná;è.p.;293;;;28401;683895.75;1065165.13;2013-12-02T00:00:00
11619902;533955;Kutná Hora;;;;;402192;Šipší;245160;Spálená;è.p.;294;;;28401;683947.56;1065128.25;2013-12-02T00:00:00
11619929;533955;Kutná Hora;;;;;402192;Šipší;244309;Luèanská;è.p.;299;;;28401;683720.69;1065148.75;2013-12-02T00:00:00
11619937;533955;Kutná Hora;;;;;402192;Šipší;245691;Vinièná;è.p.;300;;;28401;683834.50;1065139.25;2013-12-02T00:00:00
11619945;533955;Kutná Hora;;;;;402192;Šipší;245691;Vinièná;è.p.;301;;;28401;683806.44;1065161.50;2013-12-02T00:00:00
11619953;533955;Kutná Hora;;;;;402192;Šipší;244309;Luèanská;è.p.;302;;;28401;683695.13;1065167.50;2013-12-02T00:00:00
11619961;533955;Kutná Hora;;;;;402192;Šipší;243787;Havíøská stezka;è.p.;303;;;28401;684045.13;1065105.63;2013-12-02T00:00:00
11619970;533955;Kutná Hora;;;;;402192;Šipší;243787;Havíøská stezka;è.p.;305;;;28401;684091.00;1065192.63;2013-12-02T00:00:00
11619988;533955;Kutná Hora;;;;;402192;Šipší;243787;Havíøská stezka;è.p.;306;;;28401;684066.50;1065115.63;2013-12-02T00:00:00
11619996;533955;Kutná Hora;;;;;402192;Šipší;244309;Luèanská;è.p.;307;;;28401;683727.69;1065143.75;2013-12-02T00:00:00
11620013;533955;Kutná Hora;;;;;402192;Šipší;245691;Vinièná;è.p.;309;;;28401;683914.06;1065106.63;2013-12-02T00:00:00
11620021;533955;Kutná Hora;;;;;402192;Šipší;243647;Dolní;è.p.;310;;;28401;683693.19;1065197.25;2013-12-02T00:00:00
11620030;533955;Kutná Hora;;;;;402192;Šipší;244309;Luèanská;è.p.;311;;;28401;683768.25;1065110.38;2013-12-02T00:00:00
11620048;533955;Kutná Hora;;;;;402192;Šipší;244309;Luèanská;è.p.;312;;;28401;683742.75;1065128.13;2013-12-02T00:00:00
11620056;533955;Kutná Hora;;;;;402192;Šipší;245691;Vinièná;è.p.;313;;;28401;683823.63;1065179.13;2013-12-02T00:00:00
11620064;533955;Kutná Hora;;;;;402192;Šipší;244309;Luèanská;è.p.;314;;;28401;683785.56;1065127.75;2013-12-02T00:00:00
11620072;533955;Kutná Hora;;;;;402192;Šipší;245097;Sbìrná;è.p.;315;;;28401;683873.00;1065137.63;2013-12-02T00:00:00
11620081;533955;Kutná Hora;;;;;402192;Šipší;243787;Havíøská stezka;è.p.;317;;;28401;684059.25;1065181.25;2013-12-02T00:00:00
11620099;533955;Kutná Hora;;;;;402192;Šipší;245160;Spálená;è.p.;318;;;28401;683946.81;1065156.75;2013-12-02T00:00:00
11620102;533955;Kutná Hora;;;;;402192;Šipší;244309;Luèanská;è.p.;319;;;28401;683792.44;1065122.25;2013-12-02T00:00:00
11620111;533955;Kutná Hora;;;;;402192;Šipší;244309;Luèanská;è.p.;321;;;28401;683795.38;1065090.88;2013-12-02T00:00:00
11620129;533955;Kutná Hora;;;;;402192;Šipší;244309;Luèanská;è.p.;322;;;28401;683861.81;1065040.25;2013-12-02T00:00:00
11620137;533955;Kutná Hora;;;;;402192;Šipší;245160;Spálená;è.p.;323;;;28401;683966.88;1065142.75;2013-12-02T00:00:00
11620145;533955;Kutná Hora;;;;;402192;Šipší;245631;V Zahradách;è.p.;324;;;28401;683739.45;1065160.21;2022-10-15T00:00:00
11620153;533955;Kutná Hora;;;;;402192;Šipší;245160;Spálená;è.p.;325;;;28401;683780.81;1065254.25;2013-12-02T00:00:00
11620161;533955;Kutná Hora;;;;;402192;Šipší;243647;Dolní;è.p.;326;;;28401;683776.06;1065246.88;2013-12-02T00:00:00
11620170;533955;Kutná Hora;;;;;402192;Šipší;245691;Vinièná;è.p.;327;;;28401;683847.06;1065129.63;2013-12-02T00:00:00
11620188;533955;Kutná Hora;;;;;402192;Šipší;243647;Dolní;è.p.;328;;;28401;683703.13;1065235.88;2013-12-02T00:00:00
11620196;533955;Kutná Hora;;;;;402192;Šipší;245691;Vinièná;è.p.;331;;;28401;683785.00;1065175.50;2013-12-02T00:00:00
11620200;533955;Kutná Hora;;;;;402192;Šipší;243787;Havíøská stezka;è.p.;332;;;28401;684149.25;1065212.63;2013-12-02T00:00:00
11620218;533955;Kutná Hora;;;;;402192;Šipší;243787;Havíøská stezka;è.p.;333;;;28401;684130.69;1065206.88;2013-12-02T00:00:00
11620226;533955;Kutná Hora;;;;;402192;Šipší;244309;Luèanská;è.p.;334;;;28401;683822.88;1065071.38;2013-12-02T00:00:00
11620234;533955;Kutná Hora;;;;;402192;Šipší;245691;Vinièná;è.p.;335;;;28401;683936.75;1065089.88;2013-12-02T00:00:00
11620242;533955;Kutná Hora;;;;;402192;Šipší;244309;Luèanská;è.p.;336;;;28401;683844.13;1065052.88;2013-12-02T00:00:00
11620251;533955;Kutná Hora;;;;;402192;Šipší;244309;Luèanská;è.p.;337;;;28401;683818.38;1065101.38;2013-12-02T00:00:00
11620269;533955;Kutná Hora;;;;;402192;Šipší;244309;Luèanská;è.p.;338;;;28401;683675.13;1065180.38;2013-12-02T00:00:00
11620285;533955;Kutná Hora;;;;;402192;Šipší;245631;V Zahradách;è.p.;340;;;28401;683860.81;1065246.50;2013-12-02T00:00:00
11620293;533955;Kutná Hora;;;;;402192;Šipší;245097;Sbìrná;è.p.;341;;;28401;683908.75;1065133.50;2013-12-02T00:00:00
11620307;533955;Kutná Hora;;;;;402192;Šipší;244309;Luèanská;è.p.;342;;;28401;683884.63;1065022.25;2013-12-02T00:00:00
11620315;533955;Kutná Hora;;;;;402192;Šipší;243787;Havíøská stezka;è.p.;343;;;28401;684027.56;1065128.00;2013-12-02T00:00:00
11620323;533955;Kutná Hora;;;;;402192;Šipší;245691;Vinièná;è.p.;344;;;28401;683945.95;1065085.43;2013-12-02T00:00:00
11620331;533955;Kutná Hora;;;;;402192;Šipší;244309;Luèanská;è.p.;345;;;28401;683906.31;1065005.63;2013-12-02T00:00:00
11620340;533955;Kutná Hora;;;;;402192;Šipší;244309;Luèanská;è.p.;347;;;28401;683767.02;1065140.16;2014-01-06T00:00:00
11620358;533955;Kutná Hora;;;;;402192;Šipší;245160;Spálená;è.p.;348;;;28401;683956.50;1065152.13;2013-12-02T00:00:00
11620366;533955;Kutná Hora;;;;;402192;Šipší;243787;Havíøská stezka;è.p.;352;;;28401;684042.75;1065079.25;2013-12-02T00:00:00
11620382;533955;Kutná Hora;;;;;402192;Šipší;243647;Dolní;è.p.;355;;;28401;683877.06;1065330.00;2013-12-02T00:00:00
11620391;533955;Kutná Hora;;;;;402192;Šipší;243647;Dolní;è.p.;356;;;28401;683830.69;1065321.25;2013-12-02T00:00:00
11620404;533955;Kutná Hora;;;;;402192;Šipší;243647;Dolní;è.p.;357;;;28401;683782.94;1065311.88;2013-12-02T00:00:00
11620412;533955;Kutná Hora;;;;;402192;Šipší;245160;Spálená;è.p.;359;;;28401;683788.88;1065234.88;2013-12-02T00:00:00
11620421;533955;Kutná Hora;;;;;402192;Šipší;244309;Luèanská;è.p.;360;;;28401;683802.94;1065085.25;2013-12-02T00:00:00
11620439;533955;Kutná Hora;;;;;402192;Šipší;244309;Luèanská;è.p.;361;;;28401;683867.56;1065034.63;2013-12-02T00:00:00
11620447;533955;Kutná Hora;;;;;402192;Šipší;245178;Sportovcù;è.p.;364;;;28401;684160.87;1065332.98;2022-10-15T00:00:00
11620463;533955;Kutná Hora;;;;;402192;Šipší;244309;Luèanská;è.p.;366;;;28401;683916.00;1064991.38;2013-12-02T00:00:00
11620471;533955;Kutná Hora;;;;;402192;Šipší;244309;Luèanská;è.p.;367;;;28401;683949.94;1064966.25;2013-12-02T00:00:00
11620480;533955;Kutná Hora;;;;;402192;Šipší;245160;Spálená;è.p.;370;;;28401;683877.63;1065214.75;2013-12-02T00:00:00
11620498;533955;Kutná Hora;;;;;402192;Šipší;244309;Luèanská;è.p.;373;;;28401;683892.06;1065015.00;2013-12-02T00:00:00
11620501;533955;Kutná Hora;;;;;402192;Šipší;244309;Luèanská;è.p.;380;;;28401;683884.31;1065058.00;2013-12-02T00:00:00
11620510;533955;Kutná Hora;;;;;402192;Šipší;244040;Kaòkovská;è.p.;383;;;28401;684319.81;1065103.13;2013-12-02T00:00:00
11620528;533955;Kutná Hora;;;;;402192;Šipší;244040;Kaòkovská;è.p.;384;;;28401;684314.31;1065060.75;2013-12-02T00:00:00
11620536;533955;Kutná Hora;;;;;402192;Šipší;244309;Luèanská;è.p.;385;;;28401;683963.88;1064998.63;2013-12-02T00:00:00
11620544;533955;Kutná Hora;;;;;402192;Šipší;244309;Luèanská;è.p.;386;;;28401;683923.38;1065029.38;2013-12-02T00:00:00
11620552;533955;Kutná Hora;;;;;402192;Šipší;244309;Luèanská;è.p.;387;;;28401;683942.94;1065014.75;2013-12-02T00:00:00
11620561;533955;Kutná Hora;;;;;402192;Šipší;245160;Spálená;è.p.;388;;;28401;683850.88;1065203.63;2013-12-02T00:00:00
11620579;533955;Kutná Hora;;;;;402192;Šipší;244309;Luèanská;è.p.;389;;;28401;683779.00;1065104.13;2013-12-02T00:00:00
11620587;533955;Kutná Hora;;;;;402192;Šipší;245097;Sbìrná;è.p.;391;;;28401;683937.19;1065193.75;2013-12-02T00:00:00
11620595;533955;Kutná Hora;;;;;402192;Šipší;244309;Luèanská;è.p.;392;;;28401;683901.75;1065046.00;2013-12-02T00:00:00
11620609;533955;Kutná Hora;;;;;402192;Šipší;245631;V Zahradách;è.p.;400;;;28401;683903.13;1065227.25;2013-12-02T00:00:00
11620617;533955;Kutná Hora;;;;;402192;Šipší;244309;Luèanská;è.p.;402;;;28401;683751.25;1065122.38;2013-12-02T00:00:00
11620625;533955;Kutná Hora;;;;;402192;Šipší;243647;Dolní;è.p.;403;;;28401;683868.00;1065284.63;2013-12-02T00:00:00
11620633;533955;Kutná Hora;;;;;402192;Šipší;245097;Sbìrná;è.p.;404;;;28401;683882.69;1065099.88;2013-12-02T00:00:00
11620641;533955;Kutná Hora;;;;;402192;Šipší;245691;Vinièná;è.p.;405;;;28401;683950.19;1065047.25;2013-12-02T00:00:00
11620650;533955;Kutná Hora;;;;;402192;Šipší;245160;Spálená;è.p.;408;;;28401;683981.25;1065132.50;2013-12-02T00:00:00
11620668;533955;Kutná Hora;;;;;402192;Šipší;245631;V Zahradách;è.p.;409;;;28401;683760.94;1065207.75;2013-12-02T00:00:00
11620676;533955;Kutná Hora;;;;;402192;Šipší;245097;Sbìrná;è.p.;414;;;28401;683946.19;1065220.63;2013-12-02T00:00:00
11620684;533955;Kutná Hora;;;;;402192;Šipší;245097;Sbìrná;è.p.;419;;;28401;683866.69;1065075.25;2013-12-02T00:00:00
11620692;533955;Kutná Hora;;;;;402192;Šipší;245691;Vinièná;è.p.;427;;;28401;683854.25;1065157.88;2013-12-02T00:00:00
11620706;533955;Kutná Hora;;;;;402192;Šipší;245097;Sbìrná;è.p.;654;;;28401;683996.00;1065288.00;2013-12-02T00:00:00
11620714;533955;Kutná Hora;;;;;402206;Vrchlice;244317;Macháèkovo nábøeží;è.p.;1;25;;28401;684230.50;1066537.63;2013-12-02T00:00:00
11620731;533955;Kutná Hora;;;;;402206;Vrchlice;245658;U Splavu;è.p.;3;1;;28401;684206.13;1066584.25;2013-12-02T00:00:00
11620749;533955;Kutná Hora;;;;;402206;Vrchlice;245658;U Splavu;è.p.;4;3;;28401;684233.85;1066600.94;2013-12-02T00:00:00
11620765;533955;Kutná Hora;;;;;402206;Vrchlice;244805;Pobøežní;è.p.;6;27;;28401;684436.38;1066611.88;2013-12-02T00:00:00
11620773;533955;Kutná Hora;;;;;402206;Vrchlice;244805;Pobøežní;è.p.;7;;;28401;684261.63;1066720.25;2013-12-02T00:00:00
11620781;533955;Kutná Hora;;;;;402206;Vrchlice;244805;Pobøežní;è.p.;8;11;;28401;684318.13;1066649.75;2013-12-02T00:00:00
11620790;533955;Kutná Hora;;;;;402206;Vrchlice;244805;Pobøežní;è.p.;9;12;;28401;684290.88;1066638.25;2013-12-02T00:00:00
11620803;533955;Kutná Hora;;;;;402206;Vrchlice;244805;Pobøežní;è.p.;10;25;;28401;684424.19;1066617.13;2013-12-02T00:00:00
11620820;533955;Kutná Hora;;;;;402206;Vrchlice;244813;Pod Barborou;è.p.;12;5;;28401;684889.88;1066536.38;2013-12-02T00:00:00
11620838;533955;Kutná Hora;;;;;402206;Vrchlice;245950;Žižkova brána;è.p.;13;2;;28401;684588.38;1066393.38;2013-12-02T00:00:00
11620854;533955;Kutná Hora;;;;;402206;Vrchlice;244805;Pobøežní;è.p.;15;43;;28401;684781.69;1066431.25;2013-12-02T00:00:00
11620862;533955;Kutná Hora;;;;;402206;Vrchlice;244805;Pobøežní;è.p.;16;45;;28401;684797.19;1066448.00;2013-12-02T00:00:00
11620889;533955;Kutná Hora;;;;;402206;Vrchlice;245313;Táborská;è.p.;18;33;;28401;684993.00;1067686.00;2013-12-02T00:00:00
11620901;533955;Kutná Hora;;;;;402206;Vrchlice;244805;Pobøežní;è.p.;21;6;;28401;684239.94;1066644.75;2019-05-14T00:00:00
11620919;533955;Kutná Hora;;;;;402206;Vrchlice;243761;K Zastávce;è.p.;22;3;;28401;684966.50;1067486.13;2013-12-02T00:00:00
11620927;533955;Kutná Hora;;;;;402206;Vrchlice;245313;Táborská;è.p.;24;22;;28401;685137.88;1067474.38;2013-12-02T00:00:00
11620935;533955;Kutná Hora;;;;;402206;Vrchlice;244503;Na Rudì;è.p.;25;1;;28401;685212.44;1067607.00;2013-12-02T00:00:00
11620943;533955;Kutná Hora;;;;;402206;Vrchlice;244813;Pod Barborou;è.p.;26;11;;28401;684943.63;1066630.38;2013-12-02T00:00:00
11620960;533955;Kutná Hora;;;;;402206;Vrchlice;244805;Pobøežní;è.p.;28;;;28401;684760.38;1066433.50;2013-12-02T00:00:00
11620978;533955;Kutná Hora;;;;;402206;Vrchlice;244813;Pod Barborou;è.p.;29;7;;28401;684911.00;1066566.00;2013-12-02T00:00:00
11620986;533955;Kutná Hora;;;;;402206;Vrchlice;244317;Macháèkovo nábøeží;è.p.;30;27;;28401;684218.25;1066518.75;2013-12-02T00:00:00
11621001;533955;Kutná Hora;;;;;402206;Vrchlice;244813;Pod Barborou;è.p.;31;12;;28401;684907.81;1066495.63;2013-12-02T00:00:00
11621010;533955;Kutná Hora;;;;;402206;Vrchlice;244805;Pobøežní;è.p.;32;;;28401;684902.56;1066477.00;2013-12-02T00:00:00
11621028;533955;Kutná Hora;;;;;402206;Vrchlice;244813;Pod Barborou;è.p.;33;;;28401;684867.94;1066477.13;2013-12-02T00:00:00
11621036;533955;Kutná Hora;;;;;402206;Vrchlice;244805;Pobøežní;è.p.;34;2;;28401;684856.19;1066455.38;2013-12-02T00:00:00
11621044;533955;Kutná Hora;;;;;402206;Vrchlice;244805;Pobøežní;è.p.;35;;;28401;684876.94;1066449.38;2013-12-02T00:00:00
11621052;533955;Kutná Hora;;;;;402206;Vrchlice;244805;Pobøežní;è.p.;36;;;28401;684883.63;1066463.88;2013-12-02T00:00:00
11621061;533955;Kutná Hora;;;;;402206;Vrchlice;244805;Pobøežní;è.p.;37;17;;28401;684365.13;1066652.50;2013-12-02T00:00:00
11621079;533955;Kutná Hora;;;;;402206;Vrchlice;244805;Pobøežní;è.p.;38;;;28401;684215.69;1066612.63;2013-12-02T00:00:00
11621087;533955;Kutná Hora;;;;;402206;Vrchlice;244830;Pod Hrádkem;è.p.;39;3;;28401;684886.19;1066417.63;2013-12-02T00:00:00
11621095;533955;Kutná Hora;;;;;402206;Vrchlice;244830;Pod Hrádkem;è.p.;40;8;;28401;684904.13;1066429.38;2013-12-02T00:00:00
11621109;533955;Kutná Hora;;;;;402206;Vrchlice;244830;Pod Hrádkem;è.p.;41;6;;28401;684877.25;1066390.63;2013-12-02T00:00:00
11621117;533955;Kutná Hora;;;;;402206;Vrchlice;244830;Pod Hrádkem;è.p.;42;4;;28401;684872.06;1066383.75;2013-12-02T00:00:00
11621125;533955;Kutná Hora;;;;;402206;Vrchlice;244830;Pod Hrádkem;è.p.;43;2;;28401;684864.88;1066378.13;2013-12-02T00:00:00
11621133;533955;Kutná Hora;;;;;402206;Vrchlice;244813;Pod Barborou;è.p.;44;14;;28401;684911.81;1066541.00;2013-12-02T00:00:00
11621141;533955;Kutná Hora;;;;;402206;Vrchlice;244805;Pobøežní;è.p.;45;;;28401;684260.69;1066615.63;2013-12-02T00:00:00
11621150;533955;Kutná Hora;;;;;402206;Vrchlice;244805;Pobøežní;è.p.;46;3;;28401;684242.56;1066708.38;2013-12-02T00:00:00
11621168;533955;Kutná Hora;;;;;402206;Vrchlice;244805;Pobøežní;è.p.;47;9;;28401;684263.19;1066663.25;2013-12-02T00:00:00
11621176;533955;Kutná Hora;;;;;402206;Vrchlice;244813;Pod Barborou;è.p.;48;9;;28401;684928.75;1066616.63;2013-12-02T00:00:00
11621184;533955;Kutná Hora;;;;;402206;Vrchlice;244805;Pobøežní;è.p.;49;47;;28401;684814.38;1066457.75;2013-12-02T00:00:00
11621192;533955;Kutná Hora;;;;;402206;Vrchlice;244805;Pobøežní;è.p.;50;13;;28401;684332.50;1066645.38;2013-12-02T00:00:00
11621206;533955;Kutná Hora;;;;;402206;Vrchlice;244805;Pobøežní;è.p.;51;15;;28401;684343.63;1066646.50;2013-12-02T00:00:00
11621214;533955;Kutná Hora;;;;;402206;Vrchlice;244805;Pobøežní;è.p.;52;21;;28401;684382.88;1066636.00;2013-12-02T00:00:00
11621222;533955;Kutná Hora;;;;;402206;Vrchlice;244805;Pobøežní;è.p.;53;19;;28401;684364.13;1066640.75;2013-12-02T00:00:00
11621231;533955;Kutná Hora;;;;;402206;Vrchlice;244805;Pobøežní;è.p.;54;23;;28401;684396.13;1066632.13;2013-12-02T00:00:00
11621249;533955;Kutná Hora;;;;;402206;Vrchlice;244805;Pobøežní;è.p.;55;29;;28401;684448.38;1066607.38;2013-12-02T00:00:00
11621257;533955;Kutná Hora;;;;;402206;Vrchlice;244805;Pobøežní;è.p.;56;;;28401;684254.88;1066648.25;2013-12-02T00:00:00
11621265;533955;Kutná Hora;;;;;402206;Vrchlice;244805;Pobøežní;è.p.;57;16;;28401;684332.88;1066628.13;2013-12-02T00:00:00
11621273;533955;Kutná Hora;;;;;402206;Vrchlice;244805;Pobøežní;è.p.;58;14;;28401;684322.25;1066632.38;2013-12-02T00:00:00
11621281;533955;Kutná Hora;;;;;402206;Vrchlice;244805;Pobøežní;è.p.;59;22;;28401;684363.00;1066621.00;2013-12-02T00:00:00
11621290;533955;Kutná Hora;;;;;402206;Vrchlice;244805;Pobøežní;è.p.;60;18;;28401;684343.31;1066626.38;2013-12-02T00:00:00
11621311;533955;Kutná Hora;;;;;402206;Vrchlice;244805;Pobøežní;è.p.;62;20;;28401;684352.88;1066624.00;2013-12-02T00:00:00
11621320;533955;Kutná Hora;;;;;402206;Vrchlice;244805;Pobøežní;è.p.;63;31;;28401;684465.19;1066609.63;2013-12-02T00:00:00
11621338;533955;Kutná Hora;;;;;402206;Vrchlice;245313;Táborská;è.p.;64;23;;28401;684999.69;1067533.50;2013-12-02T00:00:00
11621346;533955;Kutná Hora;;;;;402206;Vrchlice;243761;K Zastávce;è.p.;65;1;;28401;685017.38;1067511.75;2013-12-02T00:00:00
11621354;533955;Kutná Hora;;;;;402206;Vrchlice;245313;Táborská;è.p.;66;25;;28401;684991.26;1067549.08;2013-12-02T00:00:00
11621362;533955;Kutná Hora;;;;;402206;Vrchlice;245313;Táborská;è.p.;67;27;;28401;684981.50;1067564.50;2013-12-02T00:00:00
11621371;533955;Kutná Hora;;;;;402206;Vrchlice;245313;Táborská;è.p.;68;19;;28401;685029.31;1067504.00;2013-12-02T00:00:00
11621397;533955;Kutná Hora;;;;;402206;Vrchlice;245313;Táborská;è.p.;70;6;;28401;684964.25;1067515.63;2013-12-02T00:00:00
11621401;533955;Kutná Hora;;;;;402206;Vrchlice;245313;Táborská;è.p.;71;31;;28401;684990.69;1067660.88;2013-12-02T00:00:00
11621419;533955;Kutná Hora;;;;;402206;Vrchlice;245313;Táborská;è.p.;72;29;;28401;684978.38;1067573.88;2013-12-02T00:00:00
11621427;533955;Kutná Hora;;;;;402206;Vrchlice;244813;Pod Barborou;è.p.;73;;;28401;684877.25;1066518.00;2013-12-02T00:00:00
11621435;533955;Kutná Hora;;;;;402206;Vrchlice;245313;Táborská;è.p.;74;24;;28401;685127.50;1067478.38;2013-12-02T00:00:00
11621443;533955;Kutná Hora;;;;;402206;Vrchlice;245534;U Zastávky;è.p.;75;;;28401;684875.69;1067719.13;2013-12-02T00:00:00
11621451;533955;Kutná Hora;;;;;402206;Vrchlice;245313;Táborská;è.p.;76;;;28401;685075.94;1067508.63;2013-12-02T00:00:00
11621460;533955;Kutná Hora;;;;;402206;Vrchlice;244414;Na Hliništi;è.p.;77;;;28401;684923.94;1067629.50;2013-12-02T00:00:00
11621478;533955;Kutná Hora;;;;;402206;Vrchlice;243761;K Zastávce;è.p.;78;;;28401;684914.75;1067718.25;2013-12-02T00:00:00
11621486;533955;Kutná Hora;;;;;402206;Vrchlice;245577;V Cihelnì;è.p.;79;;;28401;684860.50;1067676.13;2013-12-02T00:00:00
11621494;533955;Kutná Hora;;;;;402206;Vrchlice;243761;K Zastávce;è.p.;80;;;28401;684896.50;1067717.25;2013-12-02T00:00:00
11621508;533955;Kutná Hora;;;;;402206;Vrchlice;243761;K Zastávce;è.p.;81;;;28401;684901.25;1067683.63;2013-12-02T00:00:00
11621516;533955;Kutná Hora;;;;;402206;Vrchlice;244881;Pod Tratí;è.p.;82;;;28401;684873.44;1067596.50;2013-12-02T00:00:00
11621524;533955;Kutná Hora;;;;;402206;Vrchlice;244881;Pod Tratí;è.p.;83;;;28401;684869.75;1067637.25;2013-12-02T00:00:00
11621532;533955;Kutná Hora;;;;;402206;Vrchlice;244881;Pod Tratí;è.p.;84;;;28401;684865.08;1067655.79;2022-10-15T00:00:00
11621541;533955;Kutná Hora;;;;;402206;Vrchlice;245577;V Cihelnì;è.p.;85;;;28401;684880.21;1067686.71;2022-10-15T00:00:00
11621559;533955;Kutná Hora;;;;;402206;Vrchlice;244414;Na Hliništi;è.p.;88;;;28401;684950.06;1067616.13;2013-12-02T00:00:00
11621567;533955;Kutná Hora;;;;;402206;Vrchlice;244881;Pod Tratí;è.p.;89;;;28401;684817.19;1067708.75;2013-12-02T00:00:00
11621575;533955;Kutná Hora;;;;;402206;Vrchlice;244881;Pod Tratí;è.p.;90;;;28401;684870.00;1067616.88;2013-12-02T00:00:00
11621583;533955;Kutná Hora;;;;;402206;Vrchlice;244180;Na Terase;è.p.;91;;;28401;684991.63;1067753.50;2013-12-02T00:00:00
11621591;533955;Kutná Hora;;;;;402206;Vrchlice;244414;Na Hliništi;è.p.;92;;;28401;684919.81;1067606.38;2013-12-02T00:00:00
11621605;533955;Kutná Hora;;;;;402206;Vrchlice;245577;V Cihelnì;è.p.;93;;;28401;684926.44;1067676.38;2013-12-02T00:00:00
11621613;533955;Kutná Hora;;;;;402206;Vrchlice;244414;Na Hliništi;è.p.;94;;;28401;684925.50;1067649.13;2013-12-02T00:00:00
11621621;533955;Kutná Hora;;;;;402206;Vrchlice;244881;Pod Tratí;è.p.;95;;;28401;684822.50;1067686.75;2013-12-02T00:00:00
11621630;533955;Kutná Hora;;;;;402206;Vrchlice;244414;Na Hliništi;è.p.;96;;;28401;684952.64;1067640.10;2022-10-15T00:00:00
11621648;533955;Kutná Hora;;;;;402206;Vrchlice;244805;Pobøežní;è.p.;97;;;28401;684802.81;1066444.25;2013-12-02T00:00:00
11621656;533955;Kutná Hora;;;;;402206;Vrchlice;245577;V Cihelnì;è.p.;98;;;28401;684945.06;1067723.00;2013-12-02T00:00:00
11621664;533955;Kutná Hora;;;;;402206;Vrchlice;244881;Pod Tratí;è.p.;99;;;28401;684836.25;1067624.38;2013-12-02T00:00:00
11621672;533955;Kutná Hora;;;;;402206;Vrchlice;244881;Pod Tratí;è.p.;100;;;28401;684809.41;1067726.38;2013-12-02T00:00:00
11621681;533955;Kutná Hora;;;;;402206;Vrchlice;244881;Pod Tratí;è.p.;101;;;28401;684833.24;1067641.77;2022-10-15T00:00:00
11621699;533955;Kutná Hora;;;;;402206;Vrchlice;244881;Pod Tratí;è.p.;102;;;28401;684836.56;1067603.25;2013-12-02T00:00:00
11621702;533955;Kutná Hora;;;;;402206;Vrchlice;244180;Na Terase;è.p.;103;;;28401;684972.25;1067760.88;2013-12-02T00:00:00
11621711;533955;Kutná Hora;;;;;402206;Vrchlice;244180;Na Terase;è.p.;104;;;28401;684952.88;1067768.63;2013-12-02T00:00:00
11621729;533955;Kutná Hora;;;;;402206;Vrchlice;244881;Pod Tratí;è.p.;105;;;28401;684879.69;1067575.50;2013-12-02T00:00:00
11621737;533955;Kutná Hora;;;;;402206;Vrchlice;244180;Na Terase;è.p.;106;;;28401;685047.96;1067736.53;2022-10-15T00:00:00
18213227;533955;Kutná Hora;;;;;77747;Žižkov;245810;Za Kolíòáèkem;è.p.;899;;;28401;685355.81;1065538.75;2013-12-02T00:00:00
18213235;533955;Kutná Hora;;;;;77801;Karlov;670227;Èáslavská;è.p.;1;;;28401;684087.75;1066478.00;2013-12-02T00:00:00
18213243;533955;Kutná Hora;;;;;77801;Karlov;670227;Èáslavská;è.p.;3;;;28401;684043.38;1066460.25;2013-12-02T00:00:00
18213251;533955;Kutná Hora;;;;;77801;Karlov;670227;Èáslavská;è.p.;5;11;;28401;683921.25;1066409.38;2013-12-02T00:00:00
18213260;533955;Kutná Hora;;;;;77801;Karlov;670227;Èáslavská;è.p.;8;19;;28401;683931.50;1066357.75;2013-12-02T00:00:00
18213278;533955;Kutná Hora;;;;;77801;Karlov;670227;Èáslavská;è.p.;32;57;;28401;682998.94;1066662.75;2013-12-02T00:00:00
18213286;533955;Kutná Hora;;;;;77801;Karlov;670227;Èáslavská;è.p.;37;4;;28401;683054.56;1066586.75;2013-12-02T00:00:00
18213294;533955;Kutná Hora;;;;;77801;Karlov;670227;Èáslavská;è.p.;38;59;;28401;682978.81;1066673.63;2013-12-02T00:00:00
18213308;533955;Kutná Hora;;;;;77801;Karlov;670227;Èáslavská;è.p.;41;43;;28401;683589.06;1066436.25;2013-12-02T00:00:00
18213316;533955;Kutná Hora;;;;;77801;Karlov;670227;Èáslavská;è.p.;42;41;;28401;683609.00;1066425.88;2013-12-02T00:00:00
18213324;533955;Kutná Hora;;;;;77801;Karlov;670227;Èáslavská;è.p.;45;51;;28401;683524.13;1066475.75;2013-12-02T00:00:00
18213332;533955;Kutná Hora;;;;;77801;Karlov;670227;Èáslavská;è.p.;121;39;;28401;683634.31;1066410.75;2013-12-02T00:00:00
18213341;533955;Kutná Hora;;;;;77801;Karlov;670227;Èáslavská;è.p.;150;13;;28401;683905.56;1066393.75;2013-12-02T00:00:00
18213359;533955;Kutná Hora;;;;;77801;Karlov;670227;Èáslavská;è.p.;151;15;;28401;683894.00;1066397.13;2013-12-02T00:00:00
18213367;533955;Kutná Hora;;;;;77801;Karlov;670227;Èáslavská;è.p.;155;20;;28401;683539.56;1066494.88;2013-12-02T00:00:00
18213375;533955;Kutná Hora;;;;;77801;Karlov;670227;Èáslavská;è.p.;179;;;28401;683574.64;1066476.33;2013-12-02T00:00:00
18213383;533955;Kutná Hora;;;;;77801;Karlov;670227;Èáslavská;è.p.;187;;;28401;683010.75;1066658.25;2013-12-02T00:00:00
18213448;533955;Kutná Hora;;;;;402184;Kutná Hora-Vnitøní Mìsto;670227;Èáslavská;è.p.;448;1;;28401;684170.69;1066362.88;2013-12-02T00:00:00
18213456;533955;Kutná Hora;;;;;402184;Kutná Hora-Vnitøní Mìsto;670227;Èáslavská;è.p.;449;;;28401;684190.31;1066400.25;2013-12-02T00:00:00
18213464;533955;Kutná Hora;;;;;402184;Kutná Hora-Vnitøní Mìsto;670227;Èáslavská;è.p.;450;;;28401;684193.13;1066409.13;2013-12-02T00:00:00
18213472;533955;Kutná Hora;;;;;402184;Kutná Hora-Vnitøní Mìsto;670227;Èáslavská;è.p.;453;9;;28401;684184.50;1066445.88;2013-12-02T00:00:00
18213481;533955;Kutná Hora;;;;;402184;Kutná Hora-Vnitøní Mìsto;670227;Èáslavská;è.p.;454;11;;28401;684176.56;1066459.13;2013-12-02T00:00:00
18213499;533955;Kutná Hora;;;;;402184;Kutná Hora-Vnitøní Mìsto;670227;Èáslavská;è.p.;455;8;;28401;684205.50;1066494.38;2013-12-02T00:00:00
18213502;533955;Kutná Hora;;;;;402184;Kutná Hora-Vnitøní Mìsto;670227;Èáslavská;è.p.;559;3;;28401;684184.75;1066386.38;2013-12-02T00:00:00
18213511;533955;Kutná Hora;;;;;402192;Šipší;245160;Spálená;è.p.;308;;;28401;684000.19;1065120.50;2013-12-02T00:00:00
18213561;533955;Kutná Hora;;;;;77747;Žižkov;245674;Vajdova;è.p.;931;;;28401;685313.56;1066838.63;2013-12-02T00:00:00
18213570;533955;Kutná Hora;;;;;77747;Žižkov;244325;Malešovská;è.p.;933;;;28401;685920.00;1066258.88;2013-12-02T00:00:00
18213588;533955;Kutná Hora;;;;;77747;Žižkov;244163;Kouøimská;è.p.;938;;;28401;685218.53;1066262.56;2022-10-15T00:00:00
18213596;533955;Kutná Hora;;;;;77801;Karlov;670227;Èáslavská;è.p.;46;47;;28401;683559.81;1066453.75;2013-12-02T00:00:00
18213600;533955;Kutná Hora;;;;;77801;Karlov;670227;Èáslavská;è.p.;47;45;;28401;683577.63;1066443.25;2013-12-02T00:00:00
18213618;533955;Kutná Hora;;;;;77801;Karlov;670227;Èáslavská;è.p.;133;7;;28401;683944.13;1066408.00;2013-12-02T00:00:00
18213626;533955;Kutná Hora;;;;;77801;Karlov;670227;Èáslavská;è.p.;145;5;;28401;683953.81;1066430.75;2013-12-02T00:00:00
18213634;533955;Kutná Hora;;;;;77801;Karlov;670227;Èáslavská;è.p.;157;17;;28401;683896.94;1066367.38;2013-12-02T00:00:00
18213642;533955;Kutná Hora;;;;;77801;Karlov;670227;Èáslavská;è.p.;202;;;28401;683778.43;1066425.53;2013-12-02T00:00:00
18213651;533955;Kutná Hora;;;;;77801;Karlov;670227;Èáslavská;è.p.;216;;;28401;683971.44;1066392.13;2013-12-02T00:00:00
18213669;533955;Kutná Hora;;;;;77801;Karlov;670227;Èáslavská;è.p.;217;;;28401;683141.00;1066655.00;2013-12-02T00:00:00
18213677;533955;Kutná Hora;;;;;77909;Perštejnec;;;è.p.;198;;;28401;684560.66;1068463.51;2022-10-15T00:00:00
18213685;533955;Kutná Hora;;;;;78018;Kaòk;2811481;Kolínská;è.p.;306;;;28404;683950.79;1063834.65;2021-05-27T00:00:00
24358444;533955;Kutná Hora;;;;;77747;Žižkov;244236;Kvapilova;è.p.;935;;;28401;685310.00;1066651.50;2013-12-02T00:00:00
24386472;533955;Kutná Hora;;;;;78026;Malín;796221;Na Plácku;è.p.;322;;;28401;682080.63;1064294.84;2013-12-02T00:00:00
25016270;533955;Kutná Hora;;;;;78026;Malín;245127;Slévárenská;è.p.;330;;;28401;682325.71;1064647.91;2013-12-02T00:00:00
25016288;533955;Kutná Hora;;;;;78026;Malín;796158;Ke Kameni;è.p.;329;;;28401;682020.95;1064447.69;2013-12-02T00:00:00
25016296;533955;Kutná Hora;;;;;78018;Kaòk;2811481;Kolínská;è.p.;309;;;28404;684011.28;1063309.78;2021-05-27T00:00:00
25016300;533955;Kutná Hora;;;;;77852;Polièany;;;è.p.;99;;;28401;685765.00;1068852.25;2013-12-02T00:00:00
25016318;533955;Kutná Hora;;;;;77976;Sedlec;245704;Vítìzná;è.p.;286;;;28403;682493.02;1065214.36;2014-01-03T00:00:00
25016326;533955;Kutná Hora;;;;;402184;Kutná Hora-Vnitøní Mìsto;243973;Jungmannovo námìstí;è.p.;321;;;28401;684388.00;1066350.00;2013-12-02T00:00:00
25045296;533955;Kutná Hora;;;;;77976;Sedlec;244406;Na Chmelnici;è.p.;281;;;28403;682819.43;1064634.15;2013-12-02T00:00:00
25080091;533955;Kutná Hora;;;;;77801;Karlov;244546;Na Støíbrníku;è.p.;221;;;28401;683037.00;1066510.00;2013-12-02T00:00:00
25080105;533955;Kutná Hora;;;;;78018;Kaòk;2811481;Kolínská;è.p.;304;;;28404;683903.65;1063864.79;2021-05-27T00:00:00
25080113;533955;Kutná Hora;;;;;78026;Malín;245267;Starokolínská;è.p.;327;;;28401;681955.50;1064261.47;2013-12-02T00:00:00
25125630;533955;Kutná Hora;;;;;77739;Hlouška;244295;Lorecká;è.p.;89;;;28401;684411.06;1065492.13;2013-12-02T00:00:00
25125648;533955;Kutná Hora;;;;;402184;Kutná Hora-Vnitøní Mìsto;670227;Èáslavská;è.p.;451;7;;28401;684192.63;1066418.13;2013-12-02T00:00:00
25140507;533955;Kutná Hora;;;;;402184;Kutná Hora-Vnitøní Mìsto;245054;Sokolská;è.p.;678;;;28401;684254.00;1066347.00;2013-12-02T00:00:00
25170538;533955;Kutná Hora;;;;;77976;Sedlec;245704;Vítìzná;è.p.;153;;;28403;683191.68;1065279.38;2013-12-02T00:00:00
25176773;533955;Kutná Hora;;;;;78018;Kaòk;2811936;U Jankrouba;è.p.;310;;;28404;684048.21;1063696.34;2021-06-03T00:00:00
25176781;533955;Kutná Hora;;;;;78018;Kaòk;2811910;Staroèeská;è.p.;305;;;28404;684226.95;1063998.51;2021-06-03T00:00:00
25176790;533955;Kutná Hora;;;;;77976;Sedlec;243574;Cihláøská;è.p.;287;;;28403;682496.38;1064629.98;2013-12-02T00:00:00
25176803;533955;Kutná Hora;;;;;77739;Hlouška;244040;Kaòkovská;è.p.;654;;;28401;684467.01;1065301.40;2022-10-15T00:00:00
25207059;533955;Kutná Hora;;;;;77747;Žižkov;245305;Talafusova;è.p.;941;;;28401;685615.52;1065665.46;2013-12-02T00:00:00
25207067;533955;Kutná Hora;;;;;78018;Kaòk;2811804;Sukovská;è.p.;301;;;28404;684243.52;1063846.80;2021-06-08T00:00:00
25232983;533955;Kutná Hora;;;;;78026;Malín;245267;Starokolínská;è.p.;328;;;28401;681819.76;1064421.74;2013-12-02T00:00:00
25232991;533955;Kutná Hora;;;;;78026;Malín;796239;Pod Školou;è.p.;321;;;28401;682108.25;1064612.94;2013-12-02T00:00:00
25233009;533955;Kutná Hora;;;;;78018;Kaòk;2811618;Pod Pašinkou;è.p.;313;;;28404;683973.98;1064030.42;2021-06-08T00:00:00
25233025;533955;Kutná Hora;;;;;77747;Žižkov;245879;Zelená hora;è.p.;942;;;28401;685331.87;1066914.02;2013-12-02T00:00:00
25233033;533955;Kutná Hora;;;;;77747;Žižkov;245381;Tyršova;è.p.;927;;;28401;685364.82;1065793.09;2022-10-15T00:00:00
25238981;533955;Kutná Hora;;;;;78026;Malín;245127;Slévárenská;è.p.;316;;;28401;682286.00;1064666.51;2013-12-02T00:00:00
25255801;533955;Kutná Hora;;;;;402184;Kutná Hora-Vnitøní Mìsto;245046;Rudní;è.p.;322;;;28401;684292.00;1066200.00;2013-12-02T00:00:00
25255819;533955;Kutná Hora;;;;;78018;Kaòk;2811481;Kolínská;è.p.;314;;;28404;683953.07;1063558.35;2021-05-27T00:00:00
25265393;533955;Kutná Hora;;;;;78018;Kaòk;2811618;Pod Pašinkou;è.p.;315;;;28404;683972.12;1064081.70;2021-06-08T00:00:00
25265407;533955;Kutná Hora;;;;;77747;Žižkov;245305;Talafusova;è.p.;966;;;28401;685583.98;1065644.92;2022-10-15T00:00:00
25303783;533955;Kutná Hora;;;;;78018;Kaòk;2811677;Tolpy;è.p.;308;;;28404;684156.30;1063951.93;2021-06-03T00:00:00
25303791;533955;Kutná Hora;;;;;77976;Sedlec;245682;Váòova;è.p.;389;;;28403;682875.32;1064803.85;2013-12-02T00:00:00
25303805;533955;Kutná Hora;;;;;402206;Vrchlice;244180;Na Terase;è.p.;107;;;28401;685018.55;1067755.57;2013-12-02T00:00:00
25303813;533955;Kutná Hora;;;;;77747;Žižkov;244902;Polní;è.p.;969;;;28401;685248.63;1067344.88;2013-12-02T00:00:00
25333224;533955;Kutná Hora;;;;;77801;Karlov;245429;U Kamene;è.p.;212;;;28401;683335.75;1066465.63;2013-12-02T00:00:00
25333232;533955;Kutná Hora;;;;;77747;Žižkov;245569;Ústecká;è.p.;968;;;28401;685277.38;1065864.62;2022-10-15T00:00:00
25335863;533955;Kutná Hora;;;;;78018;Kaòk;2811936;U Jankrouba;è.p.;316;;;28404;684049.80;1063742.14;2021-06-03T00:00:00
25365363;533955;Kutná Hora;;;;;402184;Kutná Hora-Vnitøní Mìsto;244996;Rakova;è.p.;682;;;28401;684958.34;1066249.56;2022-10-15T00:00:00
25365371;533955;Kutná Hora;;;;;402184;Kutná Hora-Vnitøní Mìsto;244520;Na Sionì;è.p.;680;;;28401;684673.00;1066025.00;2013-12-02T00:00:00
25365398;533955;Kutná Hora;;;;;402192;Šipší;244171;Krátká;è.p.;13;;;28401;684036.44;1065219.50;2013-12-02T00:00:00
25365401;533955;Kutná Hora;;;;;77976;Sedlec;245534;U Zastávky;è.p.;280;;;28403;683129.64;1065481.19;2013-12-02T00:00:00
25421671;533955;Kutná Hora;;;;;77739;Hlouška;244058;Masarykova;è.p.;639;;;28401;683299.26;1065367.56;2019-05-14T00:00:00
25421697;533955;Kutná Hora;;;;;77747;Žižkov;245305;Talafusova;è.p.;970;;;28401;685654.00;1065664.00;2013-12-02T00:00:00
25421701;533955;Kutná Hora;;;;;77747;Žižkov;245305;Talafusova;è.p.;967;;;28401;685600.00;1065629.00;2013-12-02T00:00:00
25421719;533955;Kutná Hora;;;;;77747;Žižkov;700304;Nad Lesem;è.p.;948;;;28401;685301.46;1067355.02;2013-12-02T00:00:00
25421727;533955;Kutná Hora;;;;;77747;Žižkov;244597;Na Štolách;è.p.;888;;;28401;685203.00;1065553.00;2013-12-02T00:00:00
25421735;533955;Kutná Hora;;;;;77976;Sedlec;245704;Vítìzná;è.p.;424;;;28403;682598.13;1065038.87;2013-12-02T00:00:00
25436988;533955;Kutná Hora;;;;;77801;Karlov;670227;Èáslavská;è.p.;225;;;28401;683524.00;1066444.00;2013-12-02T00:00:00
25436996;533955;Kutná Hora;;;;;77747;Žižkov;245615;V Mišpulkách;è.p.;971;;;28401;685216.00;1066134.00;2013-12-02T00:00:00
25437003;533955;Kutná Hora;;;;;77747;Žižkov;245305;Talafusova;è.p.;972;;;28401;685567.81;1065629.68;2013-12-02T00:00:00
25437011;533955;Kutná Hora;;;;;77739;Hlouška;244970;Puškinská;è.p.;656;;;28401;683806.35;1065864.35;2013-12-02T00:00:00
25437020;533955;Kutná Hora;;;;;77739;Hlouška;244970;Puškinská;è.p.;657;;;28401;683794.00;1065850.99;2013-12-02T00:00:00
25437038;533955;Kutná Hora;;;;;77739;Hlouška;244970;Puškinská;è.p.;661;;;28401;683754.41;1065861.39;2013-12-02T00:00:00
25444735;533955;Kutná Hora;;;;;77747;Žižkov;692930;Chrpová;è.p.;903;;;28401;685232.88;1065322.03;2013-12-02T00:00:00
25453050;533955;Kutná Hora;;;;;77747;Žižkov;708640;Bìlocerkevská;è.p.;943;;;28401;685718.00;1066687.00;2013-12-02T00:00:00
25453068;533955;Kutná Hora;;;;;77801;Karlov;670227;Èáslavská;è.p.;223;;;28401;682438.00;1066529.00;2013-12-02T00:00:00
25453076;533955;Kutná Hora;;;;;77801;Karlov;670227;Èáslavská;è.p.;222;;;28401;683307.00;1066598.00;2013-12-02T00:00:00
25453084;533955;Kutná Hora;;;;;77801;Karlov;244538;Na Spravedlnosti;è.p.;220;;;28401;683671.00;1066647.00;2013-12-02T00:00:00
25453092;533955;Kutná Hora;;;;;77801;Karlov;243868;Hrnèíøská;è.p.;218;;;28401;683325.72;1065422.62;2013-12-02T00:00:00
25453106;533955;Kutná Hora;;;;;77801;Karlov;244911;Potoèní;è.p.;211;;;28401;683734.73;1066065.76;2013-12-02T00:00:00
25453114;533955;Kutná Hora;;;;;77801;Karlov;244384;Na Brunclíku;è.p.;210;;;28401;683118.17;1066282.85;2022-10-15T00:00:00
25453122;533955;Kutná Hora;;;;;77801;Karlov;244911;Potoèní;è.p.;208;;;28401;684032.00;1066409.00;2013-12-02T00:00:00
25453131;533955;Kutná Hora;;;;;402184;Kutná Hora-Vnitøní Mìsto;243531;Brandlova;è.p.;677;;;28401;684350.00;1066239.00;2013-12-02T00:00:00
25453149;533955;Kutná Hora;;;;;77747;Žižkov;244210;Ku ptáku;è.p.;940;;;28401;685374.00;1065650.00;2013-12-02T00:00:00
25453157;533955;Kutná Hora;;;;;77747;Žižkov;244163;Kouøimská;è.p.;939;;;28401;685613.00;1066283.00;2013-12-02T00:00:00
25453165;533955;Kutná Hora;;;;;77747;Žižkov;244210;Ku ptáku;è.p.;936;;;28401;685133.09;1065713.50;2022-10-15T00:00:00
25453173;533955;Kutná Hora;;;;;77747;Žižkov;243914;Jaselská;è.p.;916;;;28401;685554.07;1066761.67;2022-10-15T00:00:00
25453181;533955;Kutná Hora;;;;;77747;Žižkov;244163;Kouøimská;è.p.;915;;;28401;685779.00;1066399.00;2013-12-02T00:00:00
25453190;533955;Kutná Hora;;;;;402184;Kutná Hora-Vnitøní Mìsto;244520;Na Sionì;è.p.;681;;;28401;684660.14;1066026.96;2022-10-15T00:00:00
25453203;533955;Kutná Hora;;;;;402184;Kutná Hora-Vnitøní Mìsto;243507;Barborská;è.p.;679;;;28401;684992.00;1066583.00;2013-12-02T00:00:00
25453220;533955;Kutná Hora;;;;;402192;Šipší;245470;U Lorce;è.p.;58;;;28401;684272.75;1065341.75;2013-12-02T00:00:00
25453238;533955;Kutná Hora;;;;;402192;Šipší;244350;Ortenova;è.p.;184;;;28401;683446.68;1064893.07;2013-12-02T00:00:00
25453254;533955;Kutná Hora;;;;;402192;Šipší;245160;Spálená;è.p.;295;;;28401;683824.00;1065246.00;2013-12-02T00:00:00
25453262;533955;Kutná Hora;;;;;77747;Žižkov;245305;Talafusova;è.p.;974;;;28401;685570.00;1065607.00;2013-12-02T00:00:00
25453271;533955;Kutná Hora;;;;;77747;Žižkov;700304;Nad Lesem;è.p.;963;;;28401;685341.97;1067352.67;2022-10-15T00:00:00
25464884;533955;Kutná Hora;;;;;402184;Kutná Hora-Vnitøní Mìsto;244996;Rakova;è.p.;8;;;28401;684870.92;1066235.95;2013-12-02T00:00:00
25464892;533955;Kutná Hora;;;;;78026;Malín;796212;Na Obci;è.p.;332;;;28401;681888.69;1064264.48;2013-12-02T00:00:00
25464906;533955;Kutná Hora;;;;;77747;Žižkov;245879;Zelená hora;è.p.;973;;;28401;685458.00;1066960.00;2013-12-02T00:00:00
25464914;533955;Kutná Hora;;;;;77747;Žižkov;690376;U Trojice;è.p.;74;6;;28401;685560.88;1067237.38;2013-12-02T00:00:00
25469258;533955;Kutná Hora;;;;;78018;Kaòk;2812100;Ke Skalce;è.p.;317;;;28404;683899.41;1062756.22;2021-06-03T00:00:00
25479776;533955;Kutná Hora;;;;;77801;Karlov;244546;Na Støíbrníku;è.p.;226;;;28401;682921.00;1066612.00;2013-12-02T00:00:00
25527517;533955;Kutná Hora;;;;;402192;Šipší;244058;Masarykova;è.p.;187;;;28401;683380.23;1065133.13;2013-12-02T00:00:00
25527525;533955;Kutná Hora;;;;;77747;Žižkov;700304;Nad Lesem;è.p.;959;;;28401;685386.00;1067351.00;2013-12-02T00:00:00
25553721;533955;Kutná Hora;;;;;77739;Hlouška;243655;Benešova;è.p.;647;;;28401;683871.62;1065370.20;2013-12-02T00:00:00
25553739;533955;Kutná Hora;;;;;77739;Hlouška;243655;Benešova;è.p.;648;;;28401;683854.00;1065368.00;2013-12-02T00:00:00
25553747;533955;Kutná Hora;;;;;77739;Hlouška;243655;Benešova;è.p.;649;;;28401;683854.00;1065368.00;2013-12-02T00:00:00
25639447;533955;Kutná Hora;;;;;77747;Žižkov;700304;Nad Lesem;è.p.;946;;;28401;685329.79;1067389.57;2022-10-15T00:00:00
25669940;533955;Kutná Hora;;;;;77747;Žižkov;700304;Nad Lesem;è.p.;961;;;28401;685366.00;1067315.00;2013-12-02T00:00:00
25702785;533955;Kutná Hora;;;;;77739;Hlouška;244970;Puškinská;è.p.;659;;;28401;683777.34;1065889.11;2013-12-02T00:00:00
25718100;533955;Kutná Hora;;;;;77747;Žižkov;700304;Nad Lesem;è.p.;955;;;28401;685398.00;1067315.00;2013-12-02T00:00:00
25718118;533955;Kutná Hora;;;;;78018;Kaòk;2811481;Kolínská;è.p.;307;;;28404;683928.51;1063701.36;2021-05-27T00:00:00
25718126;533955;Kutná Hora;;;;;77747;Žižkov;245381;Tyršova;è.p.;977;;;28401;685183.00;1065604.00;2013-12-02T00:00:00
25718134;533955;Kutná Hora;;;;;77747;Žižkov;700304;Nad Lesem;è.p.;957;;;28401;685426.00;1067352.00;2013-12-02T00:00:00
25718142;533955;Kutná Hora;;;;;78026;Malín;796182;Ledrova;è.p.;331;;;28401;682039.18;1064630.42;2013-12-02T00:00:00
25718151;533955;Kutná Hora;;;;;77747;Žižkov;244902;Polní;è.p.;975;;;28401;685297.00;1067429.00;2013-12-02T00:00:00
25718169;533955;Kutná Hora;;;;;77747;Žižkov;244163;Kouøimská;è.p.;28;;;28401;685201.00;1066182.00;2013-12-02T00:00:00
25718177;533955;Kutná Hora;;;;;78026;Malín;796212;Na Obci;è.p.;333;;;28401;681893.17;1064257.07;2013-12-02T00:00:00
25718185;533955;Kutná Hora;;;;;78026;Malín;796212;Na Obci;è.p.;334;;;28401;681884.34;1064271.73;2013-12-02T00:00:00
25718193;533955;Kutná Hora;;;;;77801;Karlov;243868;Hrnèíøská;è.p.;207;;;28401;683370.19;1065970.13;2013-12-02T00:00:00
25718207;533955;Kutná Hora;;;;;402184;Kutná Hora-Vnitøní Mìsto;244988;Radnická;è.p.;291;;;28401;684925.00;1066142.00;2013-12-02T00:00:00
25718215;533955;Kutná Hora;;;;;78018;Kaòk;2811804;Sukovská;è.p.;318;;;28404;684270.32;1063886.05;2021-06-08T00:00:00
25718223;533955;Kutná Hora;;;;;77801;Karlov;670227;Èáslavská;è.p.;229;;;28401;683368.00;1066578.00;2013-12-02T00:00:00
25718231;533955;Kutná Hora;;;;;77747;Žižkov;243612;Èeská;è.p.;983;;;28401;685013.99;1065778.42;2013-12-02T00:00:00
25718240;533955;Kutná Hora;;;;;77747;Žižkov;700304;Nad Lesem;è.p.;954;;;28401;685419.00;1067297.00;2013-12-02T00:00:00
25718258;533955;Kutná Hora;;;;;77747;Žižkov;244236;Kvapilova;è.p.;979;;;28401;685223.00;1066730.00;2013-12-02T00:00:00
25718266;533955;Kutná Hora;;;;;402206;Vrchlice;244414;Na Hliništi;è.p.;108;;;28401;684941.71;1067567.51;2013-12-02T00:00:00
25718274;533955;Kutná Hora;;;;;77747;Žižkov;243710;Do Polí;è.p.;980;;;28401;685394.00;1065346.00;2013-12-02T00:00:00
25718282;533955;Kutná Hora;;;;;77801;Karlov;245453;U Lazara;è.p.;228;;;28401;683774.00;1066690.00;2013-12-02T00:00:00
25718291;533955;Kutná Hora;;;;;77747;Žižkov;700304;Nad Lesem;è.p.;962;;;28401;685335.00;1067338.00;2013-12-02T00:00:00
25718304;533955;Kutná Hora;;;;;77739;Hlouška;244970;Puškinská;è.p.;660;;;28401;683766.00;1065875.00;2013-12-02T00:00:00
25751379;533955;Kutná Hora;;;;;77976;Sedlec;244015;K Nádraží;è.p.;284;;;28403;682164.03;1065175.25;2013-12-02T00:00:00
25751387;533955;Kutná Hora;;;;;77976;Sedlec;243574;Cihláøská;è.p.;445;;;28403;682729.06;1064496.20;2013-12-02T00:00:00
25751395;533955;Kutná Hora;;;;;402192;Šipší;243647;Dolní;è.p.;186;;;28401;683756.00;1065294.00;2013-12-02T00:00:00
25751409;533955;Kutná Hora;;;;;77976;Sedlec;243574;Cihláøská;è.p.;448;;;28403;682644.03;1064643.54;2013-12-02T00:00:00
25751417;533955;Kutná Hora;;;;;77801;Karlov;243981;K Bìlidlu;è.p.;219;;;28401;683606.93;1066367.74;2020-04-21T00:00:00
25751425;533955;Kutná Hora;;;;;77976;Sedlec;245704;Vítìzná;è.p.;449;;;28403;682518.00;1065127.00;2013-12-02T00:00:00
25754386;533955;Kutná Hora;;;;;77739;Hlouška;244970;Puškinská;è.p.;658;;;28401;683782.66;1065838.64;2013-12-02T00:00:00
25802569;533955;Kutná Hora;;;;;402192;Šipší;245976;17. listopadu;è.p.;182;;;28401;683707.11;1065005.74;2013-12-02T00:00:00
25802577;533955;Kutná Hora;;;;;77801;Karlov;670227;Èáslavská;è.p.;230;;;28401;683287.00;1066692.00;2013-12-02T00:00:00
25802585;533955;Kutná Hora;;;;;77747;Žižkov;700304;Nad Lesem;è.p.;964;;;28401;685354.02;1067373.30;2013-12-02T00:00:00
25886347;533955;Kutná Hora;;;;;78018;Kaòk;2811804;Sukovská;è.p.;319;;;28404;684296.72;1064021.68;2021-06-08T00:00:00
25982532;533955;Kutná Hora;;;;;402184;Kutná Hora-Vnitøní Mìsto;244139;Komenského námìstí;è.p.;683;;;28401;684775.00;1066221.00;2013-12-02T00:00:00
25982541;533955;Kutná Hora;;;;;77747;Žižkov;244091;Ke Trojici;è.p.;984;;;28401;685279.00;1067477.00;2013-12-02T00:00:00
25982559;533955;Kutná Hora;;;;;77976;Sedlec;245640;V Zátiší;è.p.;450;;;28403;683231.31;1064905.90;2013-12-02T00:00:00
25982567;533955;Kutná Hora;;;;;77747;Žižkov;243612;Èeská;è.p.;982;;;28401;685192.00;1065280.00;2013-12-02T00:00:00
25982575;533955;Kutná Hora;;;;;77747;Žižkov;245674;Vajdova;è.p.;928;;;28401;685339.00;1066880.00;2013-12-02T00:00:00
25982583;533955;Kutná Hora;;;;;402206;Vrchlice;244414;Na Hliništi;è.p.;109;;;28401;684954.00;1067583.00;2013-12-02T00:00:00
25983563;533955;Kutná Hora;;;;;77747;Žižkov;244163;Kouøimská;è.p.;101;;;28401;685250.00;1066181.00;2013-12-02T00:00:00
25983571;533955;Kutná Hora;;;;;77747;Žižkov;245593;V Hutích;è.p.;976;;;28401;685538.00;1067797.00;2013-12-02T00:00:00
26033071;533955;Kutná Hora;;;;;77747;Žižkov;245461;U Lesa;è.p.;987;;;28401;685864.00;1066488.00;2013-12-02T00:00:00
26120208;533955;Kutná Hora;;;;;77739;Hlouška;244040;Kaòkovská;è.p.;662;;;28401;684493.00;1065472.00;2013-12-02T00:00:00
26120216;533955;Kutná Hora;;;;;77909;Perštejnec;;;è.ev.;7;;;28401;683627.13;1068508.38;2013-12-02T00:00:00
26120224;533955;Kutná Hora;;;;;77801;Karlov;244546;Na Støíbrníku;è.p.;233;;;28401;682902.00;1066539.00;2013-12-02T00:00:00
26120232;533955;Kutná Hora;;;;;77747;Žižkov;245381;Tyršova;è.p.;988;;;28401;685158.93;1065556.12;2022-10-15T00:00:00
26120241;533955;Kutná Hora;;;;;77739;Hlouška;244040;Kaòkovská;è.p.;663;;;28401;684487.54;1065449.21;2022-10-15T00:00:00
26120259;533955;Kutná Hora;;;;;77747;Žižkov;243612;Èeská;è.p.;989;;;28401;685137.00;1065427.00;2013-12-02T00:00:00
26120267;533955;Kutná Hora;;;;;402192;Šipší;243744;Jana Palacha;è.p.;189;;;28401;684110.60;1065133.63;2022-10-15T00:00:00
26120275;533955;Kutná Hora;;;;;77747;Žižkov;700304;Nad Lesem;è.p.;952;;;28401;685348.00;1067297.00;2013-12-02T00:00:00
26272431;533955;Kutná Hora;;;;;77747;Žižkov;243612;Èeská;è.p.;993;;;28401;685007.00;1065588.00;2013-12-02T00:00:00
26316391;533955;Kutná Hora;;;;;78026;Malín;245127;Slévárenská;è.p.;336;;;28401;682315.01;1064704.70;2013-12-02T00:00:00
26365979;533955;Kutná Hora;;;;;77739;Hlouška;244040;Kaòkovská;è.p.;664;;;28401;684476.00;1065425.00;2013-12-02T00:00:00
26365987;533955;Kutná Hora;;;;;77739;Hlouška;244651;Nádražní;è.p.;665;;;28401;684060.37;1066208.38;2022-10-15T00:00:00
26365995;533955;Kutná Hora;;;;;77739;Hlouška;243493;Barákova;è.p.;666;;;28401;684568.00;1065626.00;2013-12-02T00:00:00
26366002;533955;Kutná Hora;;;;;77739;Hlouška;244295;Lorecká;è.p.;667;;;28401;684370.00;1065566.00;2013-12-02T00:00:00
26366011;533955;Kutná Hora;;;;;77747;Žižkov;244945;Pøibyslavská;è.p.;981;;;28401;685469.26;1065894.02;2013-12-02T00:00:00
26366029;533955;Kutná Hora;;;;;77747;Žižkov;245674;Vajdova;è.p.;985;;;28401;685359.25;1066902.04;2022-10-15T00:00:00
26366037;533955;Kutná Hora;;;;;77747;Žižkov;700304;Nad Lesem;è.p.;986;;;28401;685314.31;1067465.14;2022-10-15T00:00:00
26371871;533955;Kutná Hora;;;;;77747;Žižkov;244210;Ku ptáku;è.p.;990;;;28401;685289.00;1065675.00;2013-12-02T00:00:00
26371880;533955;Kutná Hora;;;;;77747;Žižkov;244422;Na Kavkách;è.p.;991;;;28401;685533.00;1066478.00;2013-12-02T00:00:00
26371898;533955;Kutná Hora;;;;;77747;Žižkov;245879;Zelená hora;è.p.;992;;;28401;685439.00;1066967.00;2013-12-02T00:00:00
26371901;533955;Kutná Hora;;;;;77801;Karlov;670227;Èáslavská;è.p.;234;;;28401;683495.00;1066636.00;2013-12-02T00:00:00
26371910;533955;Kutná Hora;;;;;77801;Karlov;243868;Hrnèíøská;è.p.;235;;;28401;683295.00;1065451.00;2013-12-02T00:00:00
26371928;533955;Kutná Hora;;;;;77852;Polièany;768880;Nad Mlýny;è.p.;52;;;28401;685513.03;1068191.29;2013-12-02T00:00:00
26371936;533955;Kutná Hora;;;;;77976;Sedlec;244406;Na Chmelnici;è.p.;451;;;28403;682776.89;1064663.80;2013-12-02T00:00:00
26371944;533955;Kutná Hora;;;;;77976;Sedlec;245445;U Koruny;è.p.;452;;;28403;683300.14;1064912.94;2013-12-02T00:00:00
26371952;533955;Kutná Hora;;;;;78018;Kaòk;2811804;Sukovská;è.p.;320;;;28404;684300.78;1064053.09;2021-06-08T00:00:00
26371961;533955;Kutná Hora;;;;;78018;Kaòk;2811481;Kolínská;è.p.;322;;;28404;683952.44;1063537.80;2021-05-27T00:00:00
26371979;533955;Kutná Hora;;;;;78018;Kaòk;2811618;Pod Pašinkou;è.p.;323;;;28404;683978.02;1064142.54;2021-06-08T00:00:00
26371987;533955;Kutná Hora;;;;;78026;Malín;796158;Ke Kameni;è.p.;323;;;28401;682149.88;1064349.13;2013-12-02T00:00:00
26371995;533955;Kutná Hora;;;;;78026;Malín;806765;K Mokøinám;è.p.;335;;;28401;681680.61;1064717.95;2013-12-02T00:00:00
26428717;533955;Kutná Hora;;;;;402184;Kutná Hora-Vnitøní Mìsto;243507;Barborská;è.p.;685;;;28401;685025.00;1066556.00;2013-12-02T00:00:00
26474255;533955;Kutná Hora;;;;;402184;Kutná Hora-Vnitøní Mìsto;244716;Novomlýnská;è.p.;686;;;28401;684520.00;1066503.00;2013-12-02T00:00:00
26495791;533955;Kutná Hora;;;;;77739;Hlouška;766267;Na Tøešòovce;è.p.;673;;;28401;684461.00;1065046.00;2013-12-02T00:00:00
26499461;533955;Kutná Hora;;;;;77739;Hlouška;245780;Waldhauserova;è.p.;677;;;28401;684289.00;1065523.00;2013-12-02T00:00:00
26506149;533955;Kutná Hora;;;;;77747;Žižkov;244392;Na Bylance;è.ev.;2;;;28401;685499.36;1067046.09;2014-01-15T00:00:00
26507412;533955;Kutná Hora;;;;;77852;Polièany;;;è.p.;53;;;28401;685976.91;1068446.83;2013-12-02T00:00:00
26512572;533955;Kutná Hora;;;;;77747;Žižkov;700304;Nad Lesem;è.p.;950;;;28401;685317.57;1067317.70;2013-12-02T00:00:00
26514184;533955;Kutná Hora;;;;;77739;Hlouška;766267;Na Tøešòovce;è.p.;669;;;28401;684495.00;1065081.00;2013-12-02T00:00:00
26514672;533955;Kutná Hora;;;;;77747;Žižkov;243906;Jarošova;è.p.;648;;;28401;685412.00;1066876.00;2013-12-02T00:00:00
26517663;533955;Kutná Hora;;;;;78026;Malín;245127;Slévárenská;è.p.;338;;;28401;682262.56;1064749.29;2013-12-02T00:00:00
26518350;533955;Kutná Hora;;;;;77747;Žižkov;245313;Táborská;è.p.;994;;;28401;685072.49;1067678.73;2013-12-02T00:00:00
26521261;533955;Kutná Hora;;;;;77739;Hlouška;766267;Na Tøešòovce;è.p.;670;;;28401;684508.00;1065057.00;2013-12-02T00:00:00
26521431;533955;Kutná Hora;;;;;78026;Malín;245267;Starokolínská;è.p.;337;;;28401;681922.44;1064141.20;2013-12-02T00:00:00
26522501;533955;Kutná Hora;;;;;77739;Hlouška;244295;Lorecká;è.p.;676;;;28401;684422.00;1065459.00;2013-12-02T00:00:00
26530201;533955;Kutná Hora;;;;;77852;Polièany;;;è.p.;54;;;28401;685618.50;1068398.02;2013-12-02T00:00:00
26533821;533955;Kutná Hora;;;;;78026;Malín;245127;Slévárenská;è.p.;339;;;28401;682287.12;1064708.33;2013-12-02T00:00:00
26537877;533955;Kutná Hora;;;;;77739;Hlouška;766267;Na Tøešòovce;è.p.;668;;;28401;684482.00;1065104.00;2013-12-02T00:00:00
26539811;533955;Kutná Hora;;;;;77739;Hlouška;766267;Na Tøešòovce;è.p.;671;;;28401;684517.00;1065033.00;2013-12-02T00:00:00
26539896;533955;Kutná Hora;;;;;77852;Polièany;;;è.p.;55;;;28401;685622.91;1068323.67;2013-12-02T00:00:00
26540631;533955;Kutná Hora;;;;;77739;Hlouška;766267;Na Tøešòovce;è.p.;674;;;28401;684477.00;1065027.00;2013-12-02T00:00:00
26566397;533955;Kutná Hora;;;;;77747;Žižkov;245933;Želivského;è.p.;995;;;28401;685168.00;1065885.00;2013-12-02T00:00:00
26569205;533955;Kutná Hora;;;;;77976;Sedlec;245704;Vítìzná;è.p.;453;;;28403;682600.83;1065247.28;2013-12-02T00:00:00
26574471;533955;Kutná Hora;;;;;77739;Hlouška;245909;Zvìøinova;è.p.;678;;;28401;683892.00;1065581.00;2013-12-02T00:00:00
26579871;533955;Kutná Hora;;;;;77739;Hlouška;766267;Na Tøešòovce;è.p.;672;;;28401;684450.00;1065066.00;2013-12-02T00:00:00
26582724;533955;Kutná Hora;;;;;77852;Polièany;;;è.p.;56;;;28401;685817.19;1068706.37;2013-12-02T00:00:00
26588722;533955;Kutná Hora;;;;;77801;Karlov;245500;U Skály;è.p.;236;;;28401;683125.00;1066807.00;2013-12-02T00:00:00
26614421;533955;Kutná Hora;;;;;77801;Karlov;245453;U Lazara;è.p.;237;;;28401;683753.00;1066752.00;2013-12-02T00:00:00
26619733;533955;Kutná Hora;;;;;77801;Karlov;244546;Na Støíbrníku;è.p.;238;;;28401;682943.00;1066619.00;2013-12-02T00:00:00
26733455;533955;Kutná Hora;;;;;78026;Malín;806765;K Mokøinám;è.p.;317;;;28401;681678.31;1064643.01;2013-12-02T00:00:00
26733463;533955;Kutná Hora;;;;;77801;Karlov;;;è.p.;196;;;28401;684611.00;1068576.00;2013-12-02T00:00:00
26733471;533955;Kutná Hora;;;;;77976;Sedlec;245704;Vítìzná;è.p.;409;;;28403;682423.88;1064955.00;2013-12-02T00:00:00
26733498;533955;Kutná Hora;;;;;77801;Karlov;243868;Hrnèíøská;è.p.;224;;;28401;683126.28;1065645.99;2014-01-14T00:00:00
26733501;533955;Kutná Hora;;;;;77801;Karlov;243981;K Bìlidlu;è.p.;227;;;28401;683626.00;1066361.00;2013-12-02T00:00:00
26733510;533955;Kutná Hora;;;;;77801;Karlov;244007;K Jakubu;è.p.;232;;;28401;683130.00;1066430.00;2013-12-02T00:00:00
26733528;533955;Kutná Hora;;;;;77739;Hlouška;244040;Kaòkovská;è.p.;56;;;28401;684285.00;1064642.00;2013-12-02T00:00:00
26733536;533955;Kutná Hora;;;;;402192;Šipší;244309;Luèanská;è.p.;190;;;28401;683646.00;1065254.00;2013-12-02T00:00:00
26763559;533955;Kutná Hora;;;;;77747;Žižkov;243990;Liliová;è.p.;997;;;28401;685498.73;1065235.84;2013-12-02T00:00:00
26763567;533955;Kutná Hora;;;;;77747;Žižkov;245381;Tyršova;è.p.;399;;;28401;685367.81;1065748.25;2013-12-02T00:00:00
26763575;533955;Kutná Hora;;;;;77976;Sedlec;245437;U Kola;è.p.;454;;;28403;683289.01;1064640.98;2013-12-02T00:00:00
26763583;533955;Kutná Hora;;;;;77976;Sedlec;245704;Vítìzná;è.p.;422;;;28403;682475.95;1065002.87;2013-12-02T00:00:00
26763591;533955;Kutná Hora;;;;;78026;Malín;245127;Slévárenská;è.p.;283;;;28401;682388.25;1064667.74;2013-12-02T00:00:00
26763605;533955;Kutná Hora;;;;;78018;Kaòk;2811618;Pod Pašinkou;è.p.;324;;;28404;684026.39;1064109.28;2021-06-08T00:00:00
26763613;533955;Kutná Hora;;;;;77739;Hlouška;818089;Zelenkova;è.p.;644;;;28401;683499.44;1065673.63;2013-12-02T00:00:00
26763621;533955;Kutná Hora;;;;;77739;Hlouška;244058;Masarykova;è.p.;650;;;28401;683321.62;1065276.18;2019-02-15T00:00:00
26767571;533955;Kutná Hora;;;;;77976;Sedlec;245623;V Olšinách;è.p.;282;;;28403;683101.63;1065324.32;2013-12-02T00:00:00
26786583;533955;Kutná Hora;;;;;77739;Hlouška;244295;Lorecká;è.p.;655;;;28401;684390.00;1065638.00;2013-12-02T00:00:00
26786591;533955;Kutná Hora;;;;;77747;Žižkov;245259;Štietkova;è.p.;930;;;28401;685158.00;1066055.00;2013-12-02T00:00:00
26786605;533955;Kutná Hora;;;;;77747;Žižkov;245259;Štietkova;è.p.;944;;;28401;685155.00;1066015.00;2013-12-02T00:00:00
26786613;533955;Kutná Hora;;;;;77747;Žižkov;700304;Nad Lesem;è.p.;945;;;28401;685342.57;1067410.07;2022-10-15T00:00:00
26786621;533955;Kutná Hora;;;;;77801;Karlov;670227;Èáslavská;è.p.;158;18;;28401;683553.81;1066485.75;2013-12-02T00:00:00
26786630;533955;Kutná Hora;;;;;77976;Sedlec;244406;Na Chmelnici;è.p.;447;;;28403;682907.12;1064816.89;2013-12-02T00:00:00
26786648;533955;Kutná Hora;;;;;77976;Sedlec;;;è.ev.;446;;;28403;683110.47;1064189.28;2013-12-02T00:00:00
26786656;533955;Kutná Hora;;;;;78018;Kaòk;2811804;Sukovská;è.p.;325;;;28404;684241.97;1063870.76;2021-06-08T00:00:00
26786664;533955;Kutná Hora;;;;;78018;Kaòk;2811511;Pod Baštou;è.p.;326;;;28404;684056.50;1062887.43;2021-05-25T00:00:00
26786672;533955;Kutná Hora;;;;;402184;Kutná Hora-Vnitøní Mìsto;243779;Havíøská;è.p.;598;5;;28401;684452.19;1066132.88;2013-12-02T00:00:00
27039315;533955;Kutná Hora;;;;;77739;Hlouška;244490;Na Provaznici;è.p.;679;;;28401;684446.82;1065440.86;2013-12-02T00:00:00
27039323;533955;Kutná Hora;;;;;77747;Žižkov;700304;Nad Lesem;è.p.;998;;;28401;685375.00;1067337.00;2013-12-02T00:00:00
27039331;533955;Kutná Hora;;;;;402206;Vrchlice;;;è.ev.;3;;;28401;684938.42;1067859.47;2014-01-03T00:00:00
27039340;533955;Kutná Hora;;;;;77801;Karlov;244007;K Jakubu;è.p.;239;;;28401;683066.00;1066455.00;2013-12-02T00:00:00
27039358;533955;Kutná Hora;;;;;402184;Kutná Hora-Vnitøní Mìsto;243922;Jánské námìstí;è.p.;687;;;28401;684456.53;1066365.55;2013-12-02T00:00:00
27105024;533955;Kutná Hora;;;;;78018;Kaòk;2811766;Macháèkova;è.p.;299;;;28404;684013.45;1063932.67;2021-06-03T00:00:00
27122760;533955;Kutná Hora;;;;;77739;Hlouška;1022814;Kpt. Vosky;è.p.;680;;;28401;684350.60;1065714.23;2013-12-02T00:00:00
27230058;533955;Kutná Hora;;;;;402206;Vrchlice;244881;Pod Tratí;è.p.;110;;;28401;684843.81;1067583.85;2013-12-02T00:00:00
27230104;533955;Kutná Hora;;;;;402206;Vrchlice;;;è.ev.;4;;;28401;684943.51;1067838.75;2013-12-02T00:00:00
27230139;533955;Kutná Hora;;;;;78026;Malín;796280;Za Biøictvím;è.p.;341;;;28401;681793.22;1064708.94;2013-12-02T00:00:00
27230163;533955;Kutná Hora;;;;;78026;Malín;792829;Pod Mejtem;è.p.;342;;;28401;681739.77;1064249.10;2013-12-02T00:00:00
27230171;533955;Kutná Hora;;;;;78026;Malín;792829;Pod Mejtem;è.p.;343;;;28401;681737.27;1064256.42;2013-12-02T00:00:00
27230295;533955;Kutná Hora;;;;;402184;Kutná Hora-Vnitøní Mìsto;243477;Andìlská;è.p.;688;;;28401;684528.00;1065945.00;2013-12-02T00:00:00
27260828;533955;Kutná Hora;;;;;77801;Karlov;244911;Potoèní;è.p.;240;;;28401;683669.00;1065957.00;2013-12-02T00:00:00
27277526;533955;Kutná Hora;;;;;402192;Šipší;243647;Dolní;è.p.;191;;;28401;683905.00;1065290.00;2013-12-02T00:00:00
27277542;533955;Kutná Hora;;;;;78026;Malín;792829;Pod Mejtem;è.p.;345;;;28401;681733.97;1064268.82;2013-12-02T00:00:00
27277569;533955;Kutná Hora;;;;;78018;Kaòk;2811910;Staroèeská;è.p.;327;;;28404;684218.90;1063766.50;2021-06-03T00:00:00
27277879;533955;Kutná Hora;;;;;77747;Žižkov;700304;Nad Lesem;è.p.;951;;;28401;685374.58;1067283.64;2013-12-02T00:00:00
27313689;533955;Kutná Hora;;;;;77976;Sedlec;245488;U Nadjezdu;è.p.;455;;;28403;682941.05;1064668.43;2013-12-02T00:00:00
27313697;533955;Kutná Hora;;;;;402206;Vrchlice;244180;Na Terase;è.p.;111;;;28401;685026.16;1067732.44;2013-12-02T00:00:00
27313701;533955;Kutná Hora;;;;;77747;Žižkov;243990;Liliová;è.p.;999;;;28401;685432.43;1065296.64;2015-06-03T00:00:00
27320138;533955;Kutná Hora;;;;;77747;Žižkov;243990;Liliová;è.p.;1000;;;28401;685405.71;1065309.75;2015-06-03T00:00:00
27326446;533955;Kutná Hora;;;;;78018;Kaòk;2811481;Kolínská;è.p.;328;;;28404;683935.18;1063487.17;2021-05-27T00:00:00
27350258;533955;Kutná Hora;;;;;78026;Malín;792829;Pod Mejtem;è.p.;353;;;28401;681716.70;1064318.08;2013-12-02T00:00:00
27364135;533955;Kutná Hora;;;;;78026;Malín;796182;Ledrova;è.p.;371;;;28401;682034.63;1064647.68;2013-12-02T00:00:00
27383784;533955;Kutná Hora;;;;;402206;Vrchlice;244180;Na Terase;è.p.;112;;;28401;684973.03;1067723.01;2013-12-02T00:00:00
27415872;533955;Kutná Hora;;;;;77747;Žižkov;245933;Želivského;è.p.;1001;;;28401;685195.93;1065859.54;2013-12-02T00:00:00
27415899;533955;Kutná Hora;;;;;77801;Karlov;245453;U Lazara;è.p.;241;;;28401;683745.74;1066772.05;2013-12-02T00:00:00
27426343;533955;Kutná Hora;;;;;77801;Karlov;244538;Na Spravedlnosti;è.p.;242;;;28401;683730.70;1066606.40;2013-12-02T00:00:00
27432645;533955;Kutná Hora;;;;;78026;Malín;792829;Pod Mejtem;è.p.;344;;;28401;681735.18;1064263.03;2013-12-02T00:00:00
27444821;533955;Kutná Hora;;;;;78026;Malín;792829;Pod Mejtem;è.p.;348;;;28401;681726.93;1064287.45;2013-12-02T00:00:00
27444830;533955;Kutná Hora;;;;;78026;Malín;796166;Koldova;è.p.;372;;;28401;682216.10;1064675.53;2013-12-02T00:00:00
27453952;533955;Kutná Hora;;;;;77801;Karlov;244911;Potoèní;è.p.;243;;;28401;683794.87;1066147.70;2014-01-10T00:00:00
27470466;533955;Kutná Hora;;;;;78026;Malín;792829;Pod Mejtem;è.p.;352;;;28401;681718.86;1064311.83;2013-12-02T00:00:00
27486907;533955;Kutná Hora;;;;;77801;Karlov;670227;Èáslavská;è.p.;244;;;28401;683352.28;1066704.88;2013-12-02T00:00:00
27494578;533955;Kutná Hora;;;;;77747;Žižkov;692930;Chrpová;è.p.;1002;;;28401;685215.79;1065284.16;2021-08-25T00:00:00
27494594;533955;Kutná Hora;;;;;78018;Kaòk;2811898;Ke Gruntì;è.p.;329;;;28404;684321.12;1063632.55;2021-06-03T00:00:00
27517519;533955;Kutná Hora;;;;;78026;Malín;792829;Pod Mejtem;è.p.;350;;;28401;681722.78;1064299.74;2013-12-02T00:00:00
27525325;533955;Kutná Hora;;;;;77747;Žižkov;243612;Èeská;è.p.;1003;;;28401;685210.42;1065224.44;2013-12-02T00:00:00
27530965;533955;Kutná Hora;;;;;78026;Malín;792829;Pod Mejtem;è.p.;346;;;28401;681731.31;1064275.23;2013-12-02T00:00:00
27537102;533955;Kutná Hora;;;;;402192;Šipší;245631;V Zahradách;è.p.;192;;;28401;683886.67;1065252.78;2013-12-02T00:00:00
27537170;533955;Kutná Hora;;;;;78026;Malín;792829;Pod Mejtem;è.p.;347;;;28401;681729.26;1064281.48;2013-12-02T00:00:00
27563901;533955;Kutná Hora;;;;;78026;Malín;792829;Pod Mejtem;è.p.;349;;;28401;681724.94;1064293.54;2014-01-23T00:00:00
27573681;533955;Kutná Hora;;;;;78026;Malín;792829;Pod Mejtem;è.p.;354;;;28401;681714.60;1064324.22;2013-12-02T00:00:00
27573711;533955;Kutná Hora;;;;;402192;Šipší;245178;Sportovcù;è.p.;193;;;28401;684178.71;1065507.38;2013-12-02T00:00:00
27581039;533955;Kutná Hora;;;;;78026;Malín;792829;Pod Mejtem;è.p.;351;;;28401;681720.96;1064305.63;2013-12-02T00:00:00
27585883;533955;Kutná Hora;;;;;78018;Kaòk;2811618;Pod Pašinkou;è.p.;330;;;28404;684066.52;1063968.85;2021-06-08T00:00:00
27592588;533955;Kutná Hora;;;;;77747;Žižkov;245381;Tyršova;è.p.;1004;;;28401;685394.82;1065852.74;2013-12-02T00:00:00
27592596;533955;Kutná Hora;;;;;77747;Žižkov;245381;Tyršova;è.p.;1005;;;28401;685428.97;1065852.37;2013-12-02T00:00:00
27604535;533955;Kutná Hora;;;;;77747;Žižkov;243990;Liliová;è.p.;1010;;;28401;685498.39;1065279.85;2015-06-03T00:00:00
27614280;533955;Kutná Hora;;;;;78026;Malín;796166;Koldova;è.p.;373;;;28401;682249.02;1064684.77;2013-12-02T00:00:00
27628001;533955;Kutná Hora;;;;;402192;Šipší;244309;Luèanská;è.p.;194;;;28401;683655.67;1065242.63;2013-12-02T00:00:00
27639347;533955;Kutná Hora;;;;;77801;Karlov;;;è.p.;245;;;28401;683449.00;1067346.00;2013-12-02T00:00:00
27644065;533955;Kutná Hora;;;;;402184;Kutná Hora-Vnitøní Mìsto;244317;Macháèkovo nábøeží;è.p.;689;;;28401;684389.70;1066543.39;2013-12-02T00:00:00
27681530;533955;Kutná Hora;;;;;78018;Kaòk;2811910;Staroèeská;è.p.;331;;;28404;684228.71;1064017.89;2021-06-03T00:00:00
27700704;533955;Kutná Hora;;;;;77747;Žižkov;245933;Želivského;è.p.;1006;;;28401;685177.02;1065867.07;2013-12-02T00:00:00
27713954;533955;Kutná Hora;;;;;402184;Kutná Hora-Vnitøní Mìsto;245542;Uhelná;è.p.;690;;;28401;684195.28;1066292.46;2013-12-02T00:00:00
27784568;533955;Kutná Hora;;;;;77976;Sedlec;245861;Zámecká;è.p.;456;;;28403;682994.00;1065133.00;2013-12-02T00:00:00
27788474;533955;Kutná Hora;;;;;78026;Malín;792829;Pod Mejtem;è.p.;357;;;28401;681748.85;1064353.31;2013-12-02T00:00:00
27796213;533955;Kutná Hora;;;;;78026;Malín;792829;Pod Mejtem;è.p.;358;;;28401;681746.64;1064347.53;2013-12-02T00:00:00
27801021;533955;Kutná Hora;;;;;78026;Malín;792829;Pod Mejtem;è.p.;359;;;28401;681744.06;1064341.43;2013-12-02T00:00:00
27804631;533955;Kutná Hora;;;;;77739;Hlouška;243833;Hloušecká;è.p.;681;;;28401;684773.09;1065741.75;2013-12-02T00:00:00
27809315;533955;Kutná Hora;;;;;78018;Kaòk;2811995;Vavøinecká;è.p.;332;;;28404;684192.88;1063442.58;2021-06-03T00:00:00
27814254;533955;Kutná Hora;;;;;78018;Kaòk;2811537;Dùlní;è.p.;333;;;28404;684122.43;1062962.00;2021-05-25T00:00:00
27814271;533955;Kutná Hora;;;;;77801;Karlov;244007;K Jakubu;è.p.;246;;;28401;682875.37;1066495.70;2013-12-02T00:00:00
27819744;533955;Kutná Hora;;;;;77976;Sedlec;245437;U Kola;è.p.;457;;;28403;683251.60;1064616.06;2013-12-02T00:00:00
27830314;533955;Kutná Hora;;;;;77747;Žižkov;245381;Tyršova;è.p.;1008;;;28401;685460.01;1065837.29;2013-12-02T00:00:00
27861490;533955;Kutná Hora;;;;;77747;Žižkov;804380;K Polièanùm;è.p.;1011;;;28401;685262.31;1067772.00;2013-12-02T00:00:00
27861538;533955;Kutná Hora;;;;;78026;Malín;792829;Pod Mejtem;è.p.;364;;;28401;681763.00;1064289.00;2013-12-02T00:00:00
27873048;533955;Kutná Hora;;;;;77747;Žižkov;804380;K Polièanùm;è.p.;1012;;;28401;685304.85;1067849.18;2013-12-02T00:00:00
27886611;533955;Kutná Hora;;;;;77747;Žižkov;245674;Vajdova;è.p.;1013;;;28401;685287.37;1066861.72;2013-12-02T00:00:00
27892794;533955;Kutná Hora;;;;;77976;Sedlec;;;è.p.;458;;;28403;683162.18;1064630.38;2013-12-02T00:00:00
27892808;533955;Kutná Hora;;;;;77747;Žižkov;244163;Kouøimská;è.p.;1009;;;28401;686181.72;1066232.48;2013-12-02T00:00:00
27898393;533955;Kutná Hora;;;;;77747;Žižkov;815128;Jasmínová;è.p.;1016;;;28401;685402.12;1065255.86;2013-12-02T00:00:00
27947718;533955;Kutná Hora;;;;;78026;Malín;245020;Sobìslavova;è.p.;340;;;28401;681718.98;1064422.99;2013-12-02T00:00:00
27961818;533955;Kutná Hora;;;;;78018;Kaòk;2811481;Kolínská;è.p.;334;;;28404;683929.00;1063093.00;2021-05-27T00:00:00
28004264;533955;Kutná Hora;;;;;77747;Žižkov;245674;Vajdova;è.p.;1014;;;28401;685299.00;1066877.00;2013-12-02T00:00:00
28016220;533955;Kutná Hora;;;;;78026;Malín;792829;Pod Mejtem;è.p.;356;;;28401;681752.00;1064361.00;2013-12-02T00:00:00
28016238;533955;Kutná Hora;;;;;78026;Malín;792829;Pod Mejtem;è.p.;360;;;28401;681748.00;1064333.00;2013-12-02T00:00:00
28016246;533955;Kutná Hora;;;;;78018;Kaòk;2811618;Pod Pašinkou;è.p.;335;;;28404;684037.00;1064153.00;2021-06-08T00:00:00
28080581;533955;Kutná Hora;;;;;77747;Žižkov;243710;Do Polí;è.p.;1017;;;28401;685372.46;1065311.81;2013-12-02T00:00:00
28080599;533955;Kutná Hora;;;;;77747;Žižkov;815128;Jasmínová;è.p.;1018;;;28401;685423.00;1065205.00;2013-12-02T00:00:00
28100611;533955;Kutná Hora;;;;;77747;Žižkov;245674;Vajdova;è.p.;1015;;;28401;685312.00;1066893.00;2013-12-02T00:00:00
28100638;533955;Kutná Hora;;;;;77747;Žižkov;245232;Sudomìøická;è.p.;1019;;;28401;685565.00;1066046.00;2013-12-02T00:00:00
28104986;533955;Kutná Hora;;;;;77801;Karlov;;;è.p.;247;;;28401;684709.87;1066842.37;2022-10-15T00:00:00
28112946;533955;Kutná Hora;;;;;77801;Karlov;670227;Èáslavská;è.p.;248;;;28401;683458.00;1066578.00;2013-12-02T00:00:00
28129644;533955;Kutná Hora;;;;;78026;Malín;792829;Pod Mejtem;è.p.;363;;;28401;681761.00;1064296.00;2013-12-02T00:00:00
28140150;533955;Kutná Hora;;;;;402184;Kutná Hora-Vnitøní Mìsto;244368;Mìstské sady;è.p.;691;;;28401;684295.96;1066392.74;2022-10-15T00:00:00
28162897;533955;Kutná Hora;;;;;402184;Kutná Hora-Vnitøní Mìsto;244660;námìstí Národního odboje;è.p.;692;;;28401;685011.00;1066227.00;2013-12-02T00:00:00
28194641;533955;Kutná Hora;;;;;77747;Žižkov;244091;Ke Trojici;è.p.;1020;;;28401;685309.25;1067508.29;2013-12-02T00:00:00
28194659;533955;Kutná Hora;;;;;77747;Žižkov;700304;Nad Lesem;è.p.;1021;;;28401;685295.00;1067336.00;2013-12-02T00:00:00
28194667;533955;Kutná Hora;;;;;78026;Malín;792829;Pod Mejtem;è.p.;355;;;28401;681713.00;1064332.00;2013-12-02T00:00:00
28205677;533955;Kutná Hora;;;;;402184;Kutná Hora-Vnitøní Mìsto;243485;Anenské námìstí;è.p.;693;;;28401;684430.06;1065983.27;2014-01-06T00:00:00
28210905;533955;Kutná Hora;;;;;77747;Žižkov;692930;Chrpová;è.p.;1022;;;28401;685204.09;1065343.82;2013-12-02T00:00:00
28230752;533955;Kutná Hora;;;;;78026;Malín;792829;Pod Mejtem;è.p.;367;;;28401;681779.36;1064268.84;2014-01-03T00:00:00
28244966;533955;Kutná Hora;;;;;77747;Žižkov;245283;Tachovská;è.p.;1023;;;28401;685606.67;1065711.52;2013-12-02T00:00:00
28253132;533955;Kutná Hora;;;;;402192;Šipší;245470;U Lorce;è.p.;195;;;28401;684346.72;1065488.76;2013-12-02T00:00:00
28253159;533955;Kutná Hora;;;;;78026;Malín;245267;Starokolínská;è.p.;374;;;28401;681951.98;1064121.72;2013-12-02T00:00:00
28264827;533955;Kutná Hora;;;;;402206;Vrchlice;244805;Pobøežní;è.p.;113;;;28401;684725.97;1066433.13;2014-01-06T00:00:00
28270894;533955;Kutná Hora;;;;;77747;Žižkov;815128;Jasmínová;è.p.;1024;;;28401;685385.68;1065231.57;2013-12-02T00:00:00
28270916;533955;Kutná Hora;;;;;77747;Žižkov;815128;Jasmínová;è.p.;1025;;;28401;685360.08;1065283.36;2013-12-02T00:00:00
28282302;533955;Kutná Hora;;;;;77739;Hlouška;243931;Jeneweinova;è.p.;682;;;28401;684870.69;1065688.05;2013-12-02T00:00:00
28329864;533955;Kutná Hora;;;;;77747;Žižkov;815128;Jasmínová;è.p.;1026;;;28401;685444.94;1065224.56;2013-12-02T00:00:00
28334647;533955;Kutná Hora;;;;;402206;Vrchlice;244805;Pobøežní;è.p.;114;;;28401;684737.00;1066428.34;2014-01-06T00:00:00
28334655;533955;Kutná Hora;;;;;77976;Sedlec;245437;U Kola;è.p.;459;;;28403;683232.77;1064644.92;2013-12-02T00:00:00
28351011;533955;Kutná Hora;;;;;77801;Karlov;818496;Nad Kolmarkem;è.p.;249;;;28401;683659.42;1066580.37;2014-01-06T00:00:00
28379748;533955;Kutná Hora;;;;;77976;Sedlec;244406;Na Chmelnici;è.p.;460;;;28403;683030.40;1064807.75;2014-01-06T00:00:00
28379764;533955;Kutná Hora;;;;;78018;Kaòk;2811634;Nad Vinicí;è.p.;336;;;28404;683917.04;1064082.31;2021-06-09T00:00:00
28383745;533955;Kutná Hora;;;;;77739;Hlouška;766267;Na Tøešòovce;è.p.;675;;;28401;684482.10;1065006.29;2014-01-06T00:00:00
28444825;533955;Kutná Hora;;;;;77801;Karlov;244546;Na Støíbrníku;è.p.;250;;;28401;683000.20;1066585.33;2014-01-06T00:00:00
28444833;533955;Kutná Hora;;;;;77747;Žižkov;244945;Pøibyslavská;è.p.;1027;;;28401;685404.93;1065897.65;2014-01-10T00:00:00
28473272;533955;Kutná Hora;;;;;77747;Žižkov;243990;Liliová;è.p.;1028;;;28401;685432.45;1065328.35;2014-01-17T00:00:00
30196299;533955;Kutná Hora;;;;;77739;Hlouška;244724;Olivova;è.p.;127;1;;28401;684696.88;1065699.00;2013-12-02T00:00:00
30196337;533955;Kutná Hora;;;;;77739;Hlouška;244791;Seifertovy sady;è.p.;166;1;;28401;684631.81;1065624.00;2013-12-02T00:00:00
30196353;533955;Kutná Hora;;;;;77739;Hlouška;245241;Školní;è.p.;197;13;;28401;684082.28;1065788.12;2013-12-02T00:00:00
30196361;533955;Kutná Hora;;;;;77739;Hlouška;243931;Jeneweinova;è.p.;243;13;;28401;684566.69;1065694.75;2014-01-03T00:00:00
30196540;533955;Kutná Hora;;;;;77801;Karlov;245429;U Kamene;è.p.;126;6;;28401;683308.25;1066415.13;2013-12-02T00:00:00
30196647;533955;Kutná Hora;;;;;77976;Sedlec;245488;U Nadjezdu;è.p.;412;;;28403;682589.49;1064922.53;2013-12-02T00:00:00
30196710;533955;Kutná Hora;;;;;78026;Malín;796191;Mincovní;è.p.;15;;;28401;681918.18;1064453.71;2013-12-20T00:00:00
30196736;533955;Kutná Hora;;;;;78026;Malín;796263;U Pomníku;è.p.;21;;;28401;681947.18;1064597.12;2013-12-20T00:00:00
30196744;533955;Kutná Hora;;;;;78026;Malín;796263;U Pomníku;è.p.;23;;;28401;681909.83;1064624.26;2013-12-20T00:00:00
30197082;533955;Kutná Hora;;;;;78026;Malín;245020;Sobìslavova;è.p.;85;;;28401;681895.58;1064485.92;2013-12-02T00:00:00
30197368;533955;Kutná Hora;;;;;78026;Malín;796191;Mincovní;è.p.;135;;;28401;681925.27;1064369.51;2013-12-20T00:00:00
30198160;533955;Kutná Hora;;;;;78026;Malín;796158;Ke Kameni;è.p.;245;;;28401;682017.33;1064485.07;2014-01-03T00:00:00
30198241;533955;Kutná Hora;;;;;78026;Malín;796191;Mincovní;è.p.;257;;;28401;681882.41;1064417.07;2013-12-20T00:00:00
30198429;533955;Kutná Hora;;;;;78026;Malín;796166;Koldova;è.p.;294;;;28401;682182.31;1064617.25;2013-12-20T00:00:00
30199069;533955;Kutná Hora;;;;;402184;Kutná Hora-Vnitøní Mìsto;245062;Ruthardská;è.p.;26;;;28401;684817.25;1066319.13;2013-12-02T00:00:00
30199077;533955;Kutná Hora;;;;;402184;Kutná Hora-Vnitøní Mìsto;245062;Ruthardská;è.p.;27;;;28401;684837.25;1066321.88;2013-12-02T00:00:00
30199204;533955;Kutná Hora;;;;;402184;Kutná Hora-Vnitøní Mìsto;244201;Krupièkova;è.p.;416;2;;28401;684314.56;1066073.75;2013-12-02T00:00:00
30199212;533955;Kutná Hora;;;;;402184;Kutná Hora-Vnitøní Mìsto;244449;Na Lávkách;è.p.;417;1;;28401;684354.17;1066076.61;2013-12-02T00:00:00
30199221;533955;Kutná Hora;;;;;402184;Kutná Hora-Vnitøní Mìsto;243531;Brandlova;è.p.;426;2;;28401;684360.81;1066260.13;2013-12-02T00:00:00
30199271;533955;Kutná Hora;;;;;402184;Kutná Hora-Vnitøní Mìsto;245411;U Jelena;è.p.;482;1;;28401;684384.44;1066369.75;2013-12-02T00:00:00
30199328;533955;Kutná Hora;;;;;402184;Kutná Hora-Vnitøní Mìsto;244317;Macháèkovo nábøeží;è.p.;653;;;28401;684378.44;1066568.88;2019-05-14T00:00:00
30801192;533955;Kutná Hora;;;;;77739;Hlouška;243655;Benešova;è.p.;375;;;28401;683632.19;1065310.38;2013-12-02T00:00:00
30801206;533955;Kutná Hora;;;;;77739;Hlouška;244970;Puškinská;è.p.;643;;;28401;683659.00;1065839.00;2013-12-02T00:00:00
30801214;533955;Kutná Hora;;;;;77747;Žižkov;245593;V Hutích;è.p.;87;;;28401;685255.06;1067497.88;2013-12-20T00:00:00
30801222;533955;Kutná Hora;;;;;77747;Žižkov;243990;Liliová;è.p.;996;;;28401;685478.00;1065258.00;2013-12-02T00:00:00
30801231;533955;Kutná Hora;;;;;77747;Žižkov;900435;Nálepkova;è.p.;1007;;;28401;685613.36;1066614.70;2013-12-02T00:00:00
30801249;533955;Kutná Hora;;;;;77747;Žižkov;244392;Na Bylance;è.ev.;61;;;28401;685983.43;1066690.24;2022-10-15T00:00:00
30801257;533955;Kutná Hora;;;;;77747;Žižkov;;;è.ev.;251;;;28401;685614.62;1068131.99;2022-10-15T00:00:00
30801265;533955;Kutná Hora;;;;;77801;Karlov;670227;Èáslavská;è.p.;231;;;28401;683410.07;1066560.46;2013-12-02T00:00:00
30801273;533955;Kutná Hora;;;;;77852;Polièany;;;è.ev.;251;;;28401;685614.60;1068133.52;2022-10-15T00:00:00
30801281;533955;Kutná Hora;;;;;77909;Perštejnec;;;è.ev.;12;;;28401;683775.40;1068649.20;2013-12-02T00:00:00
30801303;533955;Kutná Hora;;;;;77909;Perštejnec;;;è.ev.;34;;;28401;683890.38;1068805.25;2013-12-02T00:00:00
30801311;533955;Kutná Hora;;;;;77909;Perštejnec;;;è.ev.;1006;;;28401;683658.76;1068816.37;2013-12-02T00:00:00
30801320;533955;Kutná Hora;;;;;78018;Kaòk;2811618;Pod Pašinkou;è.p.;321;;;28404;684030.83;1064042.49;2021-06-08T00:00:00
30801346;533955;Kutná Hora;;;;;78026;Malín;818909;Pod Hradbami;è.p.;277;;;28401;681982.30;1064432.57;2014-01-23T00:00:00
30983444;533955;Kutná Hora;;;;;402184;Kutná Hora-Vnitøní Mìsto;243531;Brandlova;è.p.;418;;;28401;684330.25;1066220.13;2013-12-02T00:00:00
30983452;533955;Kutná Hora;;;;;402184;Kutná Hora-Vnitøní Mìsto;244368;Mìstské sady;è.p.;684;;;28401;684256.76;1066415.50;2022-10-15T00:00:00
30983461;533955;Kutná Hora;;;;;402192;Šipší;245976;17. listopadu;è.p.;65;;;28401;683792.13;1064867.32;2013-12-02T00:00:00
30983479;533955;Kutná Hora;;;;;402192;Šipší;243744;Jana Palacha;è.p.;145;;;28401;684014.04;1064793.21;2013-12-02T00:00:00
30983487;533955;Kutná Hora;;;;;402192;Šipší;244350;Ortenova;è.p.;188;;;28401;683377.98;1065039.20;2013-12-02T00:00:00
30983495;533955;Kutná Hora;;;;;402206;Vrchlice;244813;Pod Barborou;è.p.;27;1;;28401;684949.81;1066607.38;2014-03-10T00:00:00
30983509;533955;Kutná Hora;;;;;402206;Vrchlice;244392;Na Bylance;è.ev.;1;;;28401;684775.00;1067509.00;2013-12-02T00:00:00
31249779;533955;Kutná Hora;;;;;77909;Perštejnec;;;è.p.;38;;;28401;683806.82;1069658.12;2014-01-21T00:00:00
40247023;533955;Kutná Hora;;;;;78018;Kaòk;2811481;Kolínská;è.p.;338;;;28404;684014.55;1063348.25;2021-05-27T00:00:00
40505049;533955;Kutná Hora;;;;;77739;Hlouška;244295;Lorecká;è.p.;683;;;28401;684412.95;1065553.88;2013-12-02T00:00:00
40505260;533955;Kutná Hora;;;;;77909;Perštejnec;;;è.p.;39;;;28401;683707.60;1068658.94;2013-12-02T00:00:00
40547451;533955;Kutná Hora;;;;;402184;Kutná Hora-Vnitøní Mìsto;243922;Jánské námìstí;è.p.;694;;;28401;684511.61;1066383.82;2013-12-02T00:00:00
40664601;533955;Kutná Hora;;;;;77747;Žižkov;815128;Jasmínová;è.p.;1029;;;28401;685384.53;1065267.35;2013-12-02T00:00:00
40723909;533955;Kutná Hora;;;;;78026;Malín;245127;Slévárenská;è.p.;375;;;28401;682211.27;1064753.16;2013-12-02T00:00:00
40723950;533955;Kutná Hora;;;;;77747;Žižkov;244091;Ke Trojici;è.p.;1030;;;28401;685459.74;1067622.40;2013-12-02T00:00:00
40724841;533955;Kutná Hora;;;;;78018;Kaòk;2811511;Pod Baštou;è.p.;339;;;28404;684139.14;1062937.89;2021-05-25T00:00:00
40801951;533955;Kutná Hora;;;;;77747;Žižkov;245933;Želivského;è.p.;1032;;;28401;685337.11;1065653.70;2013-12-02T00:00:00
40802230;533955;Kutná Hora;;;;;77747;Žižkov;700304;Nad Lesem;è.p.;1031;;;28401;685392.45;1067372.62;2013-12-02T00:00:00
40907465;533955;Kutná Hora;;;;;78018;Kaòk;2811910;Staroèeská;è.p.;337;;;28404;684267.27;1063690.38;2021-06-03T00:00:00
40907996;533955;Kutná Hora;;;;;402206;Vrchlice;904031;K Lánùm;è.p.;115;;;28401;684924.06;1067814.67;2013-12-02T00:00:00
41020944;533955;Kutná Hora;;;;;77747;Žižkov;245879;Zelená hora;è.p.;1033;;;28401;685383.59;1066985.54;2013-12-02T00:00:00
41021088;533955;Kutná Hora;;;;;77747;Žižkov;245879;Zelená hora;è.p.;1034;;;28401;685408.98;1066967.07;2013-12-02T00:00:00
41152549;533955;Kutná Hora;;;;;78018;Kaòk;2811847;U Staré Plimle;è.p.;340;;;28404;684068.63;1063467.20;2021-06-03T00:00:00
41190416;533955;Kutná Hora;;;;;77747;Žižkov;692930;Chrpová;è.p.;1035;;;28401;685183.62;1065364.82;2021-08-25T00:00:00
41190530;533955;Kutná Hora;;;;;77801;Karlov;818496;Nad Kolmarkem;è.p.;251;;;28401;683593.88;1066586.98;2013-12-02T00:00:00
41191161;533955;Kutná Hora;;;;;77801;Karlov;;;è.p.;252;;;28401;684194.20;1067782.35;2013-12-02T00:00:00
41251431;533955;Kutná Hora;;;;;77925;Neškaredice;;;è.p.;95;;;28401;681567.81;1068184.56;2013-12-02T00:00:00
41309456;533955;Kutná Hora;;;;;77801;Karlov;244007;K Jakubu;è.p.;253;;;28401;682838.76;1066467.41;2013-12-02T00:00:00
41561147;533955;Kutná Hora;;;;;78026;Malín;796221;Na Plácku;è.p.;376;;;28401;682014.32;1064304.89;2013-12-02T00:00:00
41757165;533955;Kutná Hora;;;;;402184;Kutná Hora-Vnitøní Mìsto;244333;Mezibranská;è.p.;695;;;28401;684418.45;1065899.03;2013-12-02T00:00:00
41837215;533955;Kutná Hora;;;;;402206;Vrchlice;904031;K Lánùm;è.p.;116;;;28401;684951.33;1067826.03;2013-12-02T00:00:00
42139538;533955;Kutná Hora;;;;;78018;Kaòk;2811723;Nad Baštou;è.p.;341;;;28404;683883.93;1062966.73;2021-05-27T00:00:00
42139562;533955;Kutná Hora;;;;;78026;Malín;796212;Na Obci;è.p.;377;;;28401;681696.21;1064270.26;2013-12-02T00:00:00
42184134;533955;Kutná Hora;;;;;78018;Kaòk;2811618;Pod Pašinkou;è.p.;342;;;28404;684063.01;1064176.52;2021-06-08T00:00:00
42184240;533955;Kutná Hora;;;;;78018;Kaòk;2811910;Staroèeská;è.p.;343;;;28404;684239.12;1063721.58;2021-06-03T00:00:00
42190321;533955;Kutná Hora;;;;;77747;Žižkov;243990;Liliová;è.p.;1036;;;28401;685453.80;1065318.48;2013-12-02T00:00:00
42358043;533955;Kutná Hora;;;;;77747;Žižkov;243710;Do Polí;è.p.;908;;;28401;685459.98;1065452.50;2013-12-02T00:00:00
42395674;533955;Kutná Hora;;;;;77747;Žižkov;244597;Na Štolách;è.p.;1037;;;28401;685222.87;1065544.61;2013-12-02T00:00:00
42397057;533955;Kutná Hora;;;;;78026;Malín;796255;U Beránky;è.p.;378;;;28401;681828.28;1064055.98;2013-12-02T00:00:00
42405483;533955;Kutná Hora;;;;;78026;Malín;792829;Pod Mejtem;è.p.;361;;;28401;681748.71;1064322.04;2013-12-02T00:00:00
42405521;533955;Kutná Hora;;;;;78026;Malín;792829;Pod Mejtem;è.p.;365;;;28401;681764.33;1064281.25;2013-12-02T00:00:00
42405564;533955;Kutná Hora;;;;;78026;Malín;792829;Pod Mejtem;è.p.;362;;;28401;681756.41;1064303.95;2013-12-02T00:00:00
42405629;533955;Kutná Hora;;;;;77739;Hlouška;1022814;Kpt. Vosky;è.p.;684;;;28401;684263.47;1065692.92;2013-12-02T00:00:00
42656524;533955;Kutná Hora;;;;;77747;Žižkov;815128;Jasmínová;è.p.;1038;;;28401;685425.47;1065236.08;2013-12-02T00:00:00
42757339;533955;Kutná Hora;;;;;77801;Karlov;670227;Èáslavská;è.p.;254;;;28401;683325.62;1066710.67;2013-12-02T00:00:00
70020078;533955;Kutná Hora;;;;;77801;Karlov;1559699;V Zákoutí;è.p.;255;;;28401;683183.59;1066557.01;2015-06-03T00:00:00
70508178;533955;Kutná Hora;;;;;77747;Žižkov;243990;Liliová;è.p.;1039;;;28401;685453.62;1065275.30;2013-12-17T00:00:00
71080066;533955;Kutná Hora;;;;;402206;Vrchlice;244805;Pobøežní;è.p.;117;;;28401;684699.69;1066442.20;2014-01-20T00:00:00
71656553;533955;Kutná Hora;;;;;78026;Malín;792829;Pod Mejtem;è.p.;366;;;28401;681773.41;1064274.98;2014-02-03T00:00:00
72275979;533955;Kutná Hora;;;;;402184;Kutná Hora-Vnitøní Mìsto;244520;Na Sionì;è.p.;696;;;28401;684598.14;1066042.63;2014-02-28T00:00:00
72360186;533955;Kutná Hora;;;;;77801;Karlov;244911;Potoèní;è.p.;256;;;28401;683699.59;1065982.65;2014-03-11T00:00:00
72480211;533955;Kutná Hora;;;;;402184;Kutná Hora-Vnitøní Mìsto;245721;Vocelova;è.p.;697;;;28401;684447.14;1065895.05;2014-03-28T00:00:00
72567007;533955;Kutná Hora;;;;;77852;Polièany;;;è.p.;57;;;28401;685866.92;1068449.75;2014-04-14T00:00:00
72692324;533955;Kutná Hora;;;;;78018;Kaòk;;;è.ev.;1;;;28404;684349.97;1063316.50;2014-05-26T00:00:00
72833637;533955;Kutná Hora;;;;;77747;Žižkov;245381;Tyršova;è.p.;1040;;;28401;685219.40;1065635.67;2014-06-20T00:00:00
72834439;533955;Kutná Hora;;;;;77801;Karlov;670227;Èáslavská;è.p.;257;;;28401;683457.54;1066595.56;2014-06-20T00:00:00
72872845;533955;Kutná Hora;;;;;78018;Kaòk;2811821;Šmitenská;è.p.;344;;;28404;684199.67;1063502.07;2021-06-03T00:00:00
72959304;533955;Kutná Hora;;;;;78018;Kaòk;2811995;Vavøinecká;è.p.;345;;;28404;684226.03;1063416.72;2021-06-03T00:00:00
72990813;533955;Kutná Hora;;;;;77747;Žižkov;243990;Liliová;è.p.;1041;;;28401;685472.52;1065295.80;2014-08-19T00:00:00
73006939;533955;Kutná Hora;;;;;402184;Kutná Hora-Vnitøní Mìsto;245721;Vocelova;è.p.;698;;;28401;684453.08;1065874.12;2014-08-25T00:00:00
73011631;533955;Kutná Hora;;;;;77801;Karlov;244911;Potoèní;è.p.;258;;;28401;683779.08;1066052.85;2014-08-27T00:00:00
73096849;533955;Kutná Hora;;;;;77801;Karlov;244911;Potoèní;è.p.;259;;;28401;683647.86;1065938.56;2014-10-01T00:00:00
73121428;533955;Kutná Hora;;;;;402184;Kutná Hora-Vnitøní Mìsto;243779;Havíøská;è.p.;699;;;28401;684437.97;1066033.48;2014-10-09T00:00:00
73157287;533955;Kutná Hora;;;;;78026;Malín;796174;Køenová;è.p.;177;;;28401;681972.76;1064056.30;2014-10-24T00:00:00
73178055;533955;Kutná Hora;;;;;77747;Žižkov;244091;Ke Trojici;è.p.;1042;;;28401;685496.57;1067619.70;2014-11-05T00:00:00
73192911;533955;Kutná Hora;;;;;77909;Perštejnec;;;è.p.;40;;;28401;683619.43;1068582.83;2014-11-11T00:00:00
73213152;533955;Kutná Hora;;;;;77801;Karlov;818496;Nad Kolmarkem;è.p.;260;;;28401;683625.73;1066566.55;2014-11-20T00:00:00
73230243;533955;Kutná Hora;;;;;77739;Hlouška;244058;Masarykova;è.p.;630;;;28401;683882.91;1065640.45;2014-11-26T00:00:00
73240176;533955;Kutná Hora;;;;;77739;Hlouška;1559672;Meruòková;è.p.;692;;;28401;684646.70;1065039.31;2015-05-25T00:00:00
73240419;533955;Kutná Hora;;;;;77739;Hlouška;1559672;Meruòková;è.p.;690;;;28401;684644.80;1065050.34;2015-05-25T00:00:00
73240460;533955;Kutná Hora;;;;;77739;Hlouška;1559672;Meruòková;è.p.;685;;;28401;684659.17;1065090.96;2015-05-25T00:00:00
73272493;533955;Kutná Hora;;;;;77739;Hlouška;1559672;Meruòková;è.p.;686;;;28401;684660.29;1065082.70;2015-05-25T00:00:00
73272957;533955;Kutná Hora;;;;;77801;Karlov;244546;Na Støíbrníku;è.p.;261;;;28401;683031.21;1066558.36;2014-12-15T00:00:00
73341410;533955;Kutná Hora;;;;;77739;Hlouška;1559672;Meruòková;è.p.;688;;;28401;684666.39;1065070.49;2015-05-25T00:00:00
73360112;533955;Kutná Hora;;;;;77739;Hlouška;1559672;Meruòková;è.p.;687;;;28401;684664.88;1065077.71;2015-05-25T00:00:00
73414522;533955;Kutná Hora;;;;;77801;Karlov;245453;U Lazara;è.p.;262;;;28401;683823.81;1066662.10;2015-02-09T00:00:00
73423955;533955;Kutná Hora;;;;;77801;Karlov;244911;Potoèní;è.p.;263;;;28401;683716.26;1066011.23;2015-02-11T00:00:00
73456764;533955;Kutná Hora;;;;;78026;Malín;796158;Ke Kameni;è.p.;379;;;28401;681934.99;1064314.62;2015-02-23T00:00:00
73582590;533955;Kutná Hora;;;;;77739;Hlouška;244929;Prachòanská;è.p.;694;;;28401;684515.08;1065547.76;2015-04-13T00:00:00
73586277;533955;Kutná Hora;;;;;78018;Kaòk;2811499;Na Rafandì;è.p.;346;;;28404;684114.86;1062849.07;2021-05-25T00:00:00
73623946;533955;Kutná Hora;;;;;77739;Hlouška;1559672;Meruòková;è.p.;691;;;28401;684641.26;1065041.78;2015-05-25T00:00:00
73666793;533955;Kutná Hora;;;;;77747;Žižkov;245216;Støelecká;è.p.;1043;;;28401;685951.91;1066195.43;2015-05-11T00:00:00
73733211;533955;Kutná Hora;;;;;77747;Žižkov;804380;K Polièanùm;è.p.;1044;;;28401;685220.93;1067804.71;2015-06-01T00:00:00
73778630;533955;Kutná Hora;;;;;77976;Sedlec;245321;Tovární;è.p.;461;;;28403;682881.44;1065012.15;2015-06-12T00:00:00
73801984;533955;Kutná Hora;;;;;77739;Hlouška;1559672;Meruòková;è.p.;693;;;28401;684648.25;1065032.89;2015-06-22T00:00:00
73808296;533955;Kutná Hora;;;;;77976;Sedlec;244856;Pod Skálou;è.p.;462;;;28403;683120.36;1064524.84;2015-06-23T00:00:00
73822418;533955;Kutná Hora;;;;;77739;Hlouška;1559672;Meruòková;è.p.;689;;;28401;684641.82;1065056.57;2015-06-26T00:00:00
73861596;533955;Kutná Hora;;;;;77801;Karlov;818496;Nad Kolmarkem;è.p.;264;;;28401;683606.69;1066603.87;2015-07-13T00:00:00
73885967;533955;Kutná Hora;;;;;78026;Malín;244864;Slavníkovská;è.p.;380;;;28401;681780.66;1064469.19;2015-07-21T00:00:00
74027875;533955;Kutná Hora;;;;;77747;Žižkov;700304;Nad Lesem;è.p.;1045;;;28401;685413.23;1067332.37;2015-09-07T00:00:00
74085786;533955;Kutná Hora;;;;;78018;Kaòk;2811537;Dùlní;è.p.;347;;;28404;684104.99;1062980.87;2021-05-25T00:00:00
74127926;533955;Kutná Hora;;;;;78026;Malín;796191;Mincovní;è.p.;381;;;28401;681851.35;1064484.05;2015-10-07T00:00:00
74155890;533955;Kutná Hora;;;;;77976;Sedlec;244406;Na Chmelnici;è.p.;463;;;28403;682993.27;1064912.94;2015-10-19T00:00:00
74306910;533955;Kutná Hora;;;;;78018;Kaòk;2811740;Ke Kalvárii;è.p.;348;;;28404;683941.78;1063880.54;2021-06-03T00:00:00
74400941;533955;Kutná Hora;;;;;78018;Kaòk;2811634;Nad Vinicí;è.p.;349;;;28404;683943.93;1064053.49;2021-06-09T00:00:00
74512005;533955;Kutná Hora;;;;;77747;Žižkov;244422;Na Kavkách;è.p.;1046;;;28401;685597.43;1066547.10;2016-01-27T00:00:00
74524992;533955;Kutná Hora;;;;;77739;Hlouška;1559672;Meruòková;è.p.;696;;;28401;684674.20;1065050.34;2016-02-01T00:00:00
74547020;533955;Kutná Hora;;;;;77739;Hlouška;1559672;Meruòková;è.p.;701;;;28401;684683.42;1065021.46;2016-02-05T00:00:00
74547046;533955;Kutná Hora;;;;;77739;Hlouška;1559672;Meruòková;è.p.;700;;;28401;684677.86;1065026.93;2016-02-05T00:00:00
74547321;533955;Kutná Hora;;;;;77739;Hlouška;1559672;Meruòková;è.p.;699;;;28401;684676.61;1065032.69;2016-02-05T00:00:00
74547356;533955;Kutná Hora;;;;;77739;Hlouška;1559672;Meruòková;è.p.;698;;;28401;684676.25;1065038.97;2016-02-05T00:00:00
74547399;533955;Kutná Hora;;;;;77739;Hlouška;1559672;Meruòková;è.p.;697;;;28401;684674.64;1065044.92;2016-02-05T00:00:00
74547429;533955;Kutná Hora;;;;;77739;Hlouška;1559672;Meruòková;è.p.;695;;;28401;684671.77;1065057.94;2016-02-05T00:00:00
74873211;533955;Kutná Hora;;;;;77801;Karlov;244911;Potoèní;è.p.;265;;;28401;683706.15;1065989.42;2016-04-12T00:00:00
74880306;533955;Kutná Hora;;;;;77801;Karlov;244546;Na Støíbrníku;è.p.;266;;;28401;682933.25;1066578.80;2016-04-14T00:00:00
74896466;533955;Kutná Hora;;;;;78026;Malín;796191;Mincovní;è.p.;382;;;28401;681848.19;1064507.85;2016-04-19T00:00:00
74962400;533955;Kutná Hora;;;;;78018;Kaòk;2811898;Ke Gruntì;è.p.;350;;;28404;684187.15;1063683.57;2021-06-03T00:00:00
74992775;533955;Kutná Hora;;;;;77747;Žižkov;244392;Na Bylance;è.p.;1047;;;28401;685967.67;1066756.28;2016-05-11T00:00:00
75045826;533955;Kutná Hora;;;;;77747;Žižkov;815128;Jasmínová;è.p.;1048;;;28401;685468.54;1065203.83;2016-05-25T00:00:00
75086191;533955;Kutná Hora;;;;;77739;Hlouška;1559672;Meruòková;è.p.;710;;;28401;684638.71;1064999.29;2016-06-07T00:00:00
75086247;533955;Kutná Hora;;;;;77739;Hlouška;1559672;Meruòková;è.p.;709;;;28401;684641.92;1065005.28;2016-06-07T00:00:00
75086352;533955;Kutná Hora;;;;;77739;Hlouška;1559672;Meruòková;è.p.;711;;;28401;684638.18;1064992.87;2022-11-14T00:00:00
75086379;533955;Kutná Hora;;;;;77739;Hlouška;1559672;Meruòková;è.p.;707;;;28401;684645.47;1065017.43;2016-06-07T00:00:00
75086417;533955;Kutná Hora;;;;;77739;Hlouška;1559672;Meruòková;è.p.;706;;;28401;684665.76;1064981.49;2016-06-07T00:00:00
75086433;533955;Kutná Hora;;;;;77739;Hlouška;1559672;Meruòková;è.p.;705;;;28401;684671.15;1064983.54;2016-06-07T00:00:00
75086476;533955;Kutná Hora;;;;;77739;Hlouška;1559672;Meruòková;è.p.;708;;;28401;684642.30;1065010.94;2016-06-07T00:00:00
75086816;533955;Kutná Hora;;;;;77739;Hlouška;1559672;Meruòková;è.p.;704;;;28401;684674.35;1064991.64;2016-06-07T00:00:00
75086841;533955;Kutná Hora;;;;;77739;Hlouška;1559672;Meruòková;è.p.;703;;;28401;684679.78;1064994.85;2016-06-07T00:00:00
75087081;533955;Kutná Hora;;;;;77739;Hlouška;1559672;Meruòková;è.p.;702;;;28401;684684.98;1065001.83;2016-06-07T00:00:00
75094126;533955;Kutná Hora;;;;;402206;Vrchlice;244180;Na Terase;è.p.;118;;;28401;684935.81;1067778.67;2016-06-08T00:00:00
75127733;533955;Kutná Hora;;;;;78018;Kaòk;2811634;Nad Vinicí;è.p.;351;;;28404;683929.56;1064069.94;2021-06-09T00:00:00
75140705;533955;Kutná Hora;;;;;77976;Sedlec;245445;U Koruny;è.p.;464;;;28403;683288.48;1064796.34;2016-06-23T00:00:00
75169908;533955;Kutná Hora;;;;;402206;Vrchlice;904031;K Lánùm;è.ev.;5;;;28401;684879.63;1067880.64;2016-06-30T00:00:00
75240033;533955;Kutná Hora;;;;;402184;Kutná Hora-Vnitøní Mìsto;244520;Na Sionì;è.p.;700;;;28401;684592.30;1066039.91;2016-08-02T00:00:00
75259541;533955;Kutná Hora;;;;;78018;Kaòk;2811499;Na Rafandì;è.p.;352;;;28404;684106.33;1062811.69;2021-05-25T00:00:00
75275732;533955;Kutná Hora;;;;;77739;Hlouška;244929;Prachòanská;è.p.;713;;;28401;684484.66;1065546.62;2016-08-17T00:00:00
75275937;533955;Kutná Hora;;;;;77739;Hlouška;244929;Prachòanská;è.p.;712;;;28401;684494.85;1065548.36;2016-08-17T00:00:00
75360535;533955;Kutná Hora;;;;;402192;Šipší;243744;Jana Palacha;è.p.;196;;;28401;684143.15;1065132.84;2016-09-22T00:00:00
75369541;533955;Kutná Hora;;;;;77925;Neškaredice;;;è.p.;96;;;28401;681965.60;1068004.13;2016-09-26T00:00:00
75395401;533955;Kutná Hora;;;;;402206;Vrchlice;243761;K Zastávce;è.p.;119;;;28401;684926.53;1067524.86;2016-10-05T00:00:00
75479338;533955;Kutná Hora;;;;;402184;Kutná Hora-Vnitøní Mìsto;244368;Mìstské sady;è.p.;701;;;28401;684354.64;1066536.54;2016-11-01T00:00:00
75486539;533955;Kutná Hora;;;;;402184;Kutná Hora-Vnitøní Mìsto;244368;Mìstské sady;è.p.;676;;;28401;684289.67;1066483.22;2016-11-03T00:00:00
75544059;533955;Kutná Hora;;;;;77976;Sedlec;245437;U Kola;è.p.;476;;;28403;683347.62;1064607.83;2016-11-16T00:00:00
75544181;533955;Kutná Hora;;;;;77976;Sedlec;245437;U Kola;è.p.;475;;;28403;683340.65;1064614.46;2016-11-16T00:00:00
75544296;533955;Kutná Hora;;;;;77976;Sedlec;245437;U Kola;è.p.;474;;;28403;683334.28;1064620.71;2016-11-16T00:00:00
75544326;533955;Kutná Hora;;;;;77976;Sedlec;245437;U Kola;è.p.;473;;;28403;683328.20;1064626.87;2016-11-16T00:00:00
75544377;533955;Kutná Hora;;;;;77976;Sedlec;245437;U Kola;è.p.;472;;;28403;683360.64;1064563.69;2016-11-16T00:00:00
75544407;533955;Kutná Hora;;;;;77976;Sedlec;245437;U Kola;è.p.;471;;;28403;683352.29;1064569.71;2016-11-16T00:00:00
75545080;533955;Kutná Hora;;;;;77976;Sedlec;245437;U Kola;è.p.;470;;;28403;683346.05;1064576.88;2016-11-16T00:00:00
75545101;533955;Kutná Hora;;;;;77976;Sedlec;245437;U Kola;è.p.;469;;;28403;683340.39;1064581.87;2016-11-16T00:00:00
75545128;533955;Kutná Hora;;;;;77976;Sedlec;245437;U Kola;è.p.;468;;;28403;683332.95;1064589.10;2016-11-16T00:00:00
75545217;533955;Kutná Hora;;;;;77976;Sedlec;245437;U Kola;è.p.;467;;;28403;683326.56;1064595.74;2016-11-16T00:00:00
75545390;533955;Kutná Hora;;;;;77976;Sedlec;245437;U Kola;è.p.;466;;;28403;683318.86;1064602.32;2016-11-16T00:00:00
75545454;533955;Kutná Hora;;;;;77976;Sedlec;245437;U Kola;è.p.;465;;;28403;683312.82;1064608.01;2016-11-16T00:00:00
75672219;533955;Kutná Hora;;;;;77747;Žižkov;;;è.p.;1049;;;28401;685984.14;1065900.31;2016-12-22T00:00:00
75717441;533955;Kutná Hora;;;;;77801;Karlov;244007;K Jakubu;è.p.;267;;;28401;682818.12;1066475.82;2017-01-11T00:00:00
75757303;533955;Kutná Hora;;;;;78018;Kaòk;2811553;U Panské jámy;è.p.;353;;;28404;684040.75;1063064.40;2021-05-27T00:00:00
75827263;533955;Kutná Hora;;;;;402192;Šipší;245160;Spálená;è.p.;197;;;28401;683870.75;1065182.35;2017-02-10T00:00:00
75913739;533955;Kutná Hora;;;;;402184;Kutná Hora-Vnitøní Mìsto;245011;Roháèova;è.p.;702;;;28401;684421.24;1066261.24;2017-03-10T00:00:00
76039919;533955;Kutná Hora;;;;;402206;Vrchlice;904031;K Lánùm;è.p.;120;;;28401;684943.66;1067804.53;2017-04-05T00:00:00
76072207;533955;Kutná Hora;;;;;77739;Hlouška;1559478;Jabloòová;è.p.;715;;;28401;684576.99;1065011.00;2017-04-12T00:00:00
76111041;533955;Kutná Hora;;;;;77739;Hlouška;1559478;Jabloòová;è.p.;740;;;28401;684720.96;1064826.70;2017-04-25T00:00:00
76111067;533955;Kutná Hora;;;;;77739;Hlouška;1559478;Jabloòová;è.p.;741;;;28401;684717.73;1064833.30;2017-04-25T00:00:00
76111288;533955;Kutná Hora;;;;;77739;Hlouška;1559478;Jabloòová;è.p.;734;;;28401;684772.35;1064771.05;2017-04-25T00:00:00
76111326;533955;Kutná Hora;;;;;77739;Hlouška;1559478;Jabloòová;è.p.;733;;;28401;684770.40;1064777.60;2017-04-25T00:00:00
76111342;533955;Kutná Hora;;;;;77739;Hlouška;1559478;Jabloòová;è.p.;732;;;28401;684766.99;1064783.15;2017-04-25T00:00:00
76111377;533955;Kutná Hora;;;;;77739;Hlouška;1559478;Jabloòová;è.p.;731;;;28401;684764.04;1064789.01;2017-04-25T00:00:00
76111431;533955;Kutná Hora;;;;;77739;Hlouška;1559478;Jabloòová;è.p.;730;;;28401;684757.00;1064801.60;2017-04-25T00:00:00
76111491;533955;Kutná Hora;;;;;77739;Hlouška;1559478;Jabloòová;è.p.;729;;;28401;684756.99;1064807.57;2017-04-25T00:00:00
76111512;533955;Kutná Hora;;;;;77739;Hlouška;1559478;Jabloòová;è.p.;728;;;28401;684756.19;1064814.50;2017-04-25T00:00:00
76111547;533955;Kutná Hora;;;;;77739;Hlouška;1559478;Jabloòová;è.p.;727;;;28401;684755.05;1064820.98;2017-04-25T00:00:00
76111580;533955;Kutná Hora;;;;;77739;Hlouška;1559478;Jabloòová;è.p.;726;;;28401;684749.99;1064849.17;2017-04-25T00:00:00
76111652;533955;Kutná Hora;;;;;77739;Hlouška;1559478;Jabloòová;è.p.;725;;;28401;684747.39;1064856.23;2017-04-25T00:00:00
76112071;533955;Kutná Hora;;;;;77739;Hlouška;1559478;Jabloòová;è.p.;724;;;28401;684745.15;1064861.37;2017-04-25T00:00:00
76112098;533955;Kutná Hora;;;;;77739;Hlouška;1559478;Jabloòová;è.p.;723;;;28401;684744.32;1064868.17;2017-04-25T00:00:00
76124860;533955;Kutná Hora;;;;;77739;Hlouška;1559478;Jabloòová;è.p.;738;;;28401;684729.55;1064784.75;2017-05-02T00:00:00
76124894;533955;Kutná Hora;;;;;77739;Hlouška;1559478;Jabloòová;è.p.;735;;;28401;684728.68;1064765.48;2017-05-02T00:00:00
76124975;533955;Kutná Hora;;;;;77739;Hlouška;1559478;Jabloòová;è.p.;736;;;28401;684729.31;1064772.35;2017-05-02T00:00:00
76125106;533955;Kutná Hora;;;;;77739;Hlouška;1559478;Jabloòová;è.p.;737;;;28401;684730.31;1064778.74;2017-05-02T00:00:00
76138623;533955;Kutná Hora;;;;;77747;Žižkov;692930;Chrpová;è.p.;1050;;;28401;685209.00;1065260.35;2017-05-09T00:00:00
76207676;533955;Kutná Hora;;;;;77801;Karlov;1559699;V Zákoutí;è.p.;268;;;28401;683178.27;1066526.48;2017-06-05T00:00:00
76235343;533955;Kutná Hora;;;;;77801;Karlov;244384;Na Brunclíku;è.p.;269;;;28401;682943.58;1066324.26;2017-06-12T00:00:00
77522095;533955;Kutná Hora;;;;;402206;Vrchlice;244813;Pod Barborou;è.p.;121;;;28401;684872.35;1066497.52;2017-07-24T00:00:00
77562461;533955;Kutná Hora;;;;;77739;Hlouška;1559478;Jabloòová;è.p.;716;;;28401;684556.20;1065011.77;2017-08-10T00:00:00
77621263;533955;Kutná Hora;;;;;78018;Kaòk;2811898;Ke Gruntì;è.p.;354;;;28404;684313.99;1063599.23;2021-06-03T00:00:00
77670531;533955;Kutná Hora;;;;;77852;Polièany;;;è.p.;58;;;28401;685731.34;1068819.21;2017-09-25T00:00:00
77708709;533955;Kutná Hora;;;;;402206;Vrchlice;904031;K Lánùm;è.p.;122;;;28401;684965.09;1067791.59;2017-10-11T00:00:00
77713460;533955;Kutná Hora;;;;;78026;Malín;245127;Slévárenská;è.p.;383;;;28401;682332.28;1064740.64;2017-10-12T00:00:00
77742109;533955;Kutná Hora;;;;;402192;Šipší;244350;Ortenova;è.p.;198;;;28401;683499.94;1064900.19;2017-10-23T00:00:00
77860497;533955;Kutná Hora;;;;;402184;Kutná Hora-Vnitøní Mìsto;243850;Hradební;è.p.;703;;;28401;684803.32;1065867.58;2017-12-11T00:00:00
77878299;533955;Kutná Hora;;;;;77739;Hlouška;1559478;Jabloòová;è.p.;739;;;28401;684722.06;1064820.90;2017-12-18T00:00:00
77878311;533955;Kutná Hora;;;;;77739;Hlouška;1559478;Jabloòová;è.p.;742;;;28401;684716.14;1064838.90;2017-12-18T00:00:00
77878353;533955;Kutná Hora;;;;;77739;Hlouška;1559478;Jabloòová;è.p.;743;;;28401;684714.75;1064846.08;2017-12-18T00:00:00
77878493;533955;Kutná Hora;;;;;77739;Hlouška;1559478;Jabloòová;è.p.;744;;;28401;684711.99;1064850.49;2017-12-18T00:00:00
77920287;533955;Kutná Hora;;;;;77801;Karlov;243868;Hrnèíøská;è.p.;270;;;28401;683035.30;1065889.55;2018-01-10T00:00:00
77921992;533955;Kutná Hora;;;;;77739;Hlouška;244970;Puškinská;è.p.;757;;;28401;684040.94;1066083.62;2018-01-10T00:00:00
77947118;533955;Kutná Hora;;;;;77801;Karlov;244911;Potoèní;è.p.;271;;;28401;683741.96;1066083.26;2018-01-18T00:00:00
77958110;533955;Kutná Hora;;;;;77801;Karlov;244384;Na Brunclíku;è.p.;272;;;28401;682891.70;1066288.90;2018-01-23T00:00:00
78039061;533955;Kutná Hora;;;;;77739;Hlouška;1559478;Jabloòová;è.p.;750;;;28401;684606.11;1064970.36;2018-02-20T00:00:00
78039495;533955;Kutná Hora;;;;;77739;Hlouška;1559478;Jabloòová;è.p.;714;;;28401;684596.51;1065010.69;2018-02-20T00:00:00
78055237;533955;Kutná Hora;;;;;402184;Kutná Hora-Vnitøní Mìsto;244660;námìstí Národního odboje;è.p.;704;;;28401;685104.12;1066229.26;2018-02-26T00:00:00
78211263;533955;Kutná Hora;;;;;78018;Kaòk;2811995;Vavøinecká;è.p.;355;;;28404;684163.39;1063179.90;2021-06-03T00:00:00
78218055;533955;Kutná Hora;;;;;77747;Žižkov;2249847;Francouzská;è.p.;1051;;;28401;686531.30;1066223.61;2018-04-05T00:00:00
78247705;533955;Kutná Hora;;;;;77739;Hlouška;244040;Kaòkovská;è.p.;758;;;28401;684431.94;1065293.03;2018-04-12T00:00:00
78284341;533955;Kutná Hora;;;;;78018;Kaòk;2811707;K Úvozu;è.p.;356;;;28404;683865.99;1062835.14;2021-05-27T00:00:00
78284813;533955;Kutná Hora;;;;;77801;Karlov;1559699;V Zákoutí;è.p.;273;;;28401;683172.67;1066500.95;2018-04-27T00:00:00
78316766;533955;Kutná Hora;;;;;77909;Perštejnec;;;è.ev.;1001;;;28401;682900.54;1068108.52;2018-05-07T00:00:00
78417775;533955;Kutná Hora;;;;;77747;Žižkov;245615;V Mišpulkách;è.p.;1052;;;28401;685171.48;1066131.81;2018-06-11T00:00:00
78445558;533955;Kutná Hora;;;;;78018;Kaòk;2811821;Šmitenská;è.p.;357;;;28404;684172.41;1063520.24;2021-06-03T00:00:00
78458994;533955;Kutná Hora;;;;;77976;Sedlec;243574;Cihláøská;è.p.;477;;;28403;682534.18;1064644.04;2018-06-22T00:00:00
78531985;533955;Kutná Hora;;;;;77747;Žižkov;244481;Na Podskalí;è.p.;1053;;;28401;685219.29;1067018.73;2018-07-18T00:00:00
78541212;533955;Kutná Hora;;;;;78018;Kaòk;2811707;K Úvozu;è.p.;358;;;28404;683852.46;1062801.93;2021-05-27T00:00:00
78541697;533955;Kutná Hora;;;;;77739;Hlouška;2184478;Švestková;è.p.;766;;;28401;684689.79;1064785.70;2018-07-23T00:00:00
78541824;533955;Kutná Hora;;;;;77739;Hlouška;2184478;Švestková;è.p.;763;;;28401;684682.63;1064803.13;2018-07-23T00:00:00
78542014;533955;Kutná Hora;;;;;77739;Hlouška;2184478;Švestková;è.p.;762;;;28401;684676.29;1064810.79;2018-07-23T00:00:00
78542111;533955;Kutná Hora;;;;;77739;Hlouška;2184478;Švestková;è.p.;760;;;28401;684674.82;1064819.90;2018-07-23T00:00:00
78599041;533955;Kutná Hora;;;;;77739;Hlouška;245780;Waldhauserova;è.p.;776;;;28401;684299.95;1065540.56;2018-08-14T00:00:00
78643104;533955;Kutná Hora;;;;;77739;Hlouška;2184478;Švestková;è.p.;767;;;28401;684655.68;1064762.80;2018-08-29T00:00:00
78643317;533955;Kutná Hora;;;;;77739;Hlouška;1559478;Jabloòová;è.p.;753;;;28401;684587.64;1064972.60;2018-08-29T00:00:00
78655579;533955;Kutná Hora;;;;;77801;Karlov;670227;Èáslavská;è.p.;274;;;28401;684122.06;1066595.05;2018-09-03T00:00:00
78694469;533955;Kutná Hora;;;;;78018;Kaòk;2811804;Sukovská;è.p.;359;;;28404;684241.09;1063824.39;2021-06-08T00:00:00
78695368;533955;Kutná Hora;;;;;77739;Hlouška;2184478;Švestková;è.p.;761;;;28401;684678.43;1064815.55;2018-09-17T00:00:00
78719372;533955;Kutná Hora;;;;;78018;Kaòk;2811898;Ke Gruntì;è.p.;360;;;28404;684283.12;1063596.20;2021-06-03T00:00:00
78719411;533955;Kutná Hora;;;;;77801;Karlov;244007;K Jakubu;è.p.;275;;;28401;683087.80;1066429.72;2018-09-26T00:00:00
78747261;533955;Kutná Hora;;;;;77801;Karlov;;;è.p.;276;;;28401;683904.02;1066674.85;2018-10-08T00:00:00
78773016;533955;Kutná Hora;;;;;77852;Polièany;;;è.p.;59;;;28401;685776.87;1068447.05;2018-10-16T00:00:00
78783046;533955;Kutná Hora;;;;;78026;Malín;244864;Slavníkovská;è.p.;384;;;28401;681739.70;1064504.19;2018-10-18T00:00:00
78861756;533955;Kutná Hora;;;;;77739;Hlouška;2184478;Švestková;è.p.;759;;;28401;684671.65;1064825.12;2018-11-14T00:00:00
78902037;533955;Kutná Hora;;;;;402192;Šipší;245691;Vinièná;è.p.;199;;;28401;683960.16;1065071.93;2018-11-26T00:00:00
78982391;533955;Kutná Hora;;;;;402206;Vrchlice;244805;Pobøežní;è.p.;123;;;28401;684250.45;1066669.51;2018-12-20T00:00:00
78999723;533955;Kutná Hora;;;;;77739;Hlouška;2184478;Švestková;è.p.;768;;;28401;684657.15;1064769.04;2018-12-21T00:00:00
78999855;533955;Kutná Hora;;;;;77739;Hlouška;2184478;Švestková;è.p.;769;;;28401;684656.25;1064774.63;2018-12-20T00:00:00
78999898;533955;Kutná Hora;;;;;77739;Hlouška;2184478;Švestková;è.p.;774;;;28401;684644.99;1064803.57;2018-12-20T00:00:00
79009531;533955;Kutná Hora;;;;;77739;Hlouška;1022814;Kpt. Vosky;è.p.;777;;;28401;684282.04;1065696.55;2018-12-21T00:00:00
79119841;533955;Kutná Hora;;;;;77747;Žižkov;2249847;Francouzská;è.p.;1054;;;28401;686553.10;1066216.23;2019-02-05T00:00:00
79142834;533955;Kutná Hora;;;;;77739;Hlouška;2184478;Švestková;è.p.;772;;;28401;684650.28;1064792.24;2019-02-13T00:00:00
79142982;533955;Kutná Hora;;;;;77739;Hlouška;2184478;Švestková;è.p.;773;;;28401;684647.74;1064798.06;2019-02-13T00:00:00
79222251;533955;Kutná Hora;;;;;77747;Žižkov;2249847;Francouzská;è.p.;1055;;;28401;686589.62;1066206.60;2019-03-14T00:00:00
79228747;533955;Kutná Hora;;;;;78018;Kaòk;2811910;Staroèeská;è.p.;361;;;28404;684240.77;1063655.80;2021-06-03T00:00:00
79254942;533955;Kutná Hora;;;;;77976;Sedlec;244406;Na Chmelnici;è.p.;478;;;28403;682842.71;1064645.04;2019-03-27T00:00:00
79257437;533955;Kutná Hora;;;;;77739;Hlouška;2184478;Švestková;è.p.;770;;;28401;684655.64;1064781.60;2019-03-27T00:00:00
79257585;533955;Kutná Hora;;;;;77739;Hlouška;2184478;Švestková;è.p.;764;;;28401;684686.24;1064797.29;2019-03-27T00:00:00
79257682;533955;Kutná Hora;;;;;77739;Hlouška;2184478;Švestková;è.p.;765;;;28401;684688.60;1064791.15;2019-03-27T00:00:00
79313990;533955;Kutná Hora;;;;;77739;Hlouška;2184478;Švestková;è.p.;775;;;28401;684641.62;1064809.75;2019-04-18T00:00:00
79379532;533955;Kutná Hora;;;;;77801;Karlov;1559699;V Zákoutí;è.p.;277;;;28401;683136.55;1066509.97;2019-05-16T00:00:00
79431313;533955;Kutná Hora;;;;;77801;Karlov;244007;K Jakubu;è.p.;278;;;28401;682872.39;1066330.15;2019-06-04T00:00:00
79437419;533955;Kutná Hora;;;;;77739;Hlouška;245895;Zemanova;è.p.;778;;;28401;684511.58;1065665.69;2019-06-05T00:00:00
79666078;533955;Kutná Hora;;;;;77739;Hlouška;1559478;Jabloòová;è.p.;720;;;28401;684709.33;1064952.43;2019-08-27T00:00:00
79897177;533955;Kutná Hora;;;;;78018;Kaòk;2811995;Vavøinecká;è.p.;362;;;28404;684205.94;1063399.07;2021-06-03T00:00:00
79900739;533955;Kutná Hora;;;;;78018;Kaòk;2811804;Sukovská;è.p.;363;;;28404;684261.98;1064040.88;2021-06-08T00:00:00
79987486;533955;Kutná Hora;;;;;402206;Vrchlice;904031;K Lánùm;è.p.;124;;;28401;684986.20;1067781.22;2019-10-22T00:00:00
80086829;533955;Kutná Hora;;;;;77801;Karlov;1559699;V Zákoutí;è.p.;279;;;28401;683143.08;1066536.79;2019-11-21T00:00:00
80138241;533955;Kutná Hora;;;;;77739;Hlouška;1559478;Jabloòová;è.p.;754;;;28401;684567.35;1064978.26;2019-12-04T00:00:00
80138632;533955;Kutná Hora;;;;;77739;Hlouška;1559478;Jabloòová;è.p.;751;;;28401;684627.28;1064964.25;2019-12-04T00:00:00
80143571;533955;Kutná Hora;;;;;77747;Žižkov;245305;Talafusova;è.p.;1056;;;28401;685546.52;1065611.86;2019-12-05T00:00:00
80148867;533955;Kutná Hora;;;;;77801;Karlov;245500;U Skály;è.p.;280;;;28401;683090.50;1066823.48;2019-12-06T00:00:00
80223117;533955;Kutná Hora;;;;;77976;Sedlec;2249821;Pod Rozhlednou;è.p.;479;;;28403;683286.33;1064503.31;2020-01-06T00:00:00
80223150;533955;Kutná Hora;;;;;77976;Sedlec;2249821;Pod Rozhlednou;è.p.;480;;;28403;683260.84;1064527.37;2020-01-06T00:00:00
80247261;533955;Kutná Hora;;;;;78018;Kaòk;2811634;Nad Vinicí;è.p.;364;;;28404;683894.39;1064112.13;2021-06-09T00:00:00
80258051;533955;Kutná Hora;;;;;77925;Neškaredice;;;è.p.;97;;;28401;681792.67;1068360.81;2020-01-16T00:00:00
80439071;533955;Kutná Hora;;;;;77801;Karlov;;;è.p.;281;;;28401;683078.82;1066582.54;2020-03-11T00:00:00
80486878;533955;Kutná Hora;;;;;77739;Hlouška;766267;Na Tøešòovce;è.p.;779;;;28401;684440.78;1065110.64;2020-03-17T00:00:00
80497403;533955;Kutná Hora;;;;;78018;Kaòk;2811707;K Úvozu;è.p.;365;;;28404;683827.33;1062817.48;2021-05-27T00:00:00
80671381;533955;Kutná Hora;;;;;77739;Hlouška;244040;Kaòkovská;è.p.;780;;;28401;684447.17;1065357.70;2020-05-25T00:00:00
80733336;533955;Kutná Hora;;;;;77739;Hlouška;2184478;Švestková;è.p.;771;;;28401;684652.60;1064787.48;2020-06-01T00:00:00
80733395;533955;Kutná Hora;;;;;77739;Hlouška;1559478;Jabloòová;è.p.;719;;;28401;684697.41;1064969.31;2020-06-01T00:00:00
80733433;533955;Kutná Hora;;;;;77739;Hlouška;1559478;Jabloòová;è.p.;752;;;28401;684642.41;1064955.91;2020-06-01T00:00:00
80733913;533955;Kutná Hora;;;;;77739;Hlouška;1559478;Jabloòová;è.p.;756;;;28401;684529.17;1064964.88;2020-06-01T00:00:00
80814867;533955;Kutná Hora;;;;;77747;Žižkov;900435;Nálepkova;è.p.;1057;;;28401;685627.35;1066549.01;2020-06-12T00:00:00
80837573;533955;Kutná Hora;;;;;77976;Sedlec;2249821;Pod Rozhlednou;è.p.;481;;;28403;683212.59;1064573.95;2020-06-17T00:00:00
80914284;533955;Kutná Hora;;;;;77739;Hlouška;1022814;Kpt. Vosky;è.p.;781;;;28401;684297.57;1065697.43;2020-07-02T00:00:00
81020392;533955;Kutná Hora;;;;;77739;Hlouška;1559478;Jabloòová;è.p.;718;;;28401;684692.61;1064972.68;2020-07-27T00:00:00
81092539;533955;Kutná Hora;;;;;77739;Hlouška;1559478;Jabloòová;è.p.;782;;;28401;684714.07;1064942.21;2020-08-24T00:00:00
81092598;533955;Kutná Hora;;;;;77739;Hlouška;1559478;Jabloòová;è.p.;745;;;28401;684698.11;1064871.87;2020-08-24T00:00:00
81121032;533955;Kutná Hora;;;;;402206;Vrchlice;904031;K Lánùm;è.p.;125;;;28401;685054.24;1067786.89;2020-09-04T00:00:00
81134991;533955;Kutná Hora;;;;;78018;Kaòk;2811511;Pod Baštou;è.p.;366;;;28404;684029.37;1062890.19;2021-06-14T00:00:00
81187696;533955;Kutná Hora;;;;;77747;Žižkov;692930;Chrpová;è.p.;1058;;;28401;685217.00;1065300.51;2020-10-06T00:00:00
81230281;533955;Kutná Hora;;;;;77739;Hlouška;1559478;Jabloòová;è.p.;755;;;28401;684548.97;1064972.18;2020-10-20T00:00:00
81252196;533955;Kutná Hora;;;;;77739;Hlouška;1559478;Jabloòová;è.p.;721;;;28401;684726.79;1064924.29;2020-11-02T00:00:00
81252218;533955;Kutná Hora;;;;;77739;Hlouška;1559478;Jabloòová;è.p.;722;;;28401;684734.80;1064895.83;2020-11-02T00:00:00
81321058;533955;Kutná Hora;;;;;77739;Hlouška;1559478;Jabloòová;è.p.;784;;;28401;684728.05;1064917.78;2020-11-30T00:00:00
81329768;533955;Kutná Hora;;;;;77739;Hlouška;1022814;Kpt. Vosky;è.p.;783;;;28401;684384.03;1065713.11;2020-12-02T00:00:00
81359357;533955;Kutná Hora;;;;;77801;Karlov;;;è.p.;282;;;28401;683096.55;1066474.15;2020-12-11T00:00:00
81401663;533955;Kutná Hora;;;;;77739;Hlouška;1559478;Jabloòová;è.p.;785;;;28401;684718.04;1064936.98;2020-12-30T00:00:00
81437579;533955;Kutná Hora;;;;;402206;Vrchlice;244805;Pobøežní;è.p.;126;;;28401;684261.12;1066629.23;2021-01-18T00:00:00
81437803;533955;Kutná Hora;;;;;77976;Sedlec;2249821;Pod Rozhlednou;è.p.;482;;;28403;683207.19;1064532.40;2021-01-18T00:00:00
81452462;533955;Kutná Hora;;;;;77739;Hlouška;1559478;Jabloòová;è.p.;747;;;28401;684683.04;1064910.52;2021-01-22T00:00:00
81490771;533955;Kutná Hora;;;;;77739;Hlouška;2607743;Hrušòová;è.p.;789;;;28401;684424.20;1064749.51;2021-02-08T00:00:00
81490801;533955;Kutná Hora;;;;;77739;Hlouška;2607743;Hrušòová;è.p.;791;;;28401;684427.88;1064738.43;2021-02-08T00:00:00
81490917;533955;Kutná Hora;;;;;77739;Hlouška;2607743;Hrušòová;è.p.;788;;;28401;684422.29;1064754.72;2021-02-08T00:00:00
81490933;533955;Kutná Hora;;;;;77739;Hlouška;2607743;Hrušòová;è.p.;790;;;28401;684426.50;1064742.92;2021-02-08T00:00:00
81523521;533955;Kutná Hora;;;;;77909;Perštejnec;;;è.ev.;10;;;28401;683661.05;1068563.62;2021-02-22T00:00:00
81544197;533955;Kutná Hora;;;;;77739;Hlouška;2607743;Hrušòová;è.p.;792;;;28401;684427.03;1064731.21;2021-03-03T00:00:00
81544324;533955;Kutná Hora;;;;;77739;Hlouška;1559478;Jabloòová;è.p.;748;;;28401;684671.96;1064930.60;2021-03-03T00:00:00
81544367;533955;Kutná Hora;;;;;77739;Hlouška;2607743;Hrušòová;è.p.;787;;;28401;684418.54;1064761.32;2021-03-03T00:00:00
81552629;533955;Kutná Hora;;;;;77801;Karlov;1559699;V Zákoutí;è.p.;283;;;28401;683148.19;1066560.13;2021-03-04T00:00:00
81590130;533955;Kutná Hora;;;;;77739;Hlouška;245551;Štefánikova;è.p.;799;;;28401;684246.51;1066006.74;2021-03-19T00:00:00
81656777;533955;Kutná Hora;;;;;78026;Malín;806765;K Mokøinám;è.p.;385;;;28401;681748.96;1064649.10;2021-04-16T00:00:00
81656904;533955;Kutná Hora;;;;;78026;Malín;806765;K Mokøinám;è.p.;386;;;28401;681747.51;1064655.92;2021-04-16T00:00:00
81656963;533955;Kutná Hora;;;;;78026;Malín;806765;K Mokøinám;è.p.;387;;;28401;681745.93;1064661.81;2021-04-16T00:00:00
81656980;533955;Kutná Hora;;;;;78026;Malín;806765;K Mokøinám;è.p.;388;;;28401;681744.28;1064668.71;2021-04-16T00:00:00
81657048;533955;Kutná Hora;;;;;78026;Malín;806765;K Mokøinám;è.p.;389;;;28401;681742.90;1064675.16;2021-04-16T00:00:00
81657340;533955;Kutná Hora;;;;;77747;Žižkov;245798;Za Barborou;è.p.;1059;;;28401;685121.49;1066734.18;2021-04-16T00:00:00
81681666;533955;Kutná Hora;;;;;77739;Hlouška;2607743;Hrušòová;è.p.;786;;;28401;684419.12;1064767.34;2021-04-21T00:00:00
81788479;533955;Kutná Hora;;;;;77739;Hlouška;2607743;Hrušòová;è.p.;793;;;28401;684395.22;1064726.71;2021-05-05T00:00:00
81825544;533955;Kutná Hora;;;;;77925;Neškaredice;;;è.p.;56;;;28401;681855.46;1068072.68;2021-05-19T00:00:00
81829230;533955;Kutná Hora;;;;;77739;Hlouška;245780;Waldhauserova;è.p.;800;;;28401;684281.23;1065496.13;2021-05-20T00:00:00
81829353;533955;Kutná Hora;;;;;77739;Hlouška;244899;Pod Valy;è.p.;109;;;28401;684745.86;1065768.27;2021-05-20T00:00:00
81841566;533955;Kutná Hora;;;;;77739;Hlouška;2607743;Hrušòová;è.p.;798;;;28401;684386.86;1064758.03;2021-05-26T00:00:00
81841914;533955;Kutná Hora;;;;;77739;Hlouška;2607743;Hrušòová;è.p.;797;;;28401;684388.30;1064751.19;2021-05-26T00:00:00
81841931;533955;Kutná Hora;;;;;77739;Hlouška;2607743;Hrušòová;è.p.;796;;;28401;684391.53;1064744.86;2021-05-26T00:00:00
81857047;533955;Kutná Hora;;;;;77739;Hlouška;1559478;Jabloòová;è.p.;749;;;28401;684659.30;1064944.14;2021-05-31T00:00:00
81878257;533955;Kutná Hora;;;;;77739;Hlouška;2607743;Hrušòová;è.p.;794;;;28401;684393.62;1064733.93;2021-06-08T00:00:00
81878460;533955;Kutná Hora;;;;;77739;Hlouška;2607743;Hrušòová;è.p.;795;;;28401;684392.54;1064739.78;2021-06-08T00:00:00
81891202;533955;Kutná Hora;;;;;77801;Karlov;;;è.p.;284;;;28401;683079.89;1066548.75;2021-06-11T00:00:00
81906668;533955;Kutná Hora;;;;;77801;Karlov;244384;Na Brunclíku;è.p.;285;;;28401;683050.47;1066344.21;2021-06-21T00:00:00
81970854;533955;Kutná Hora;;;;;77801;Karlov;;;è.p.;286;;;28401;683099.38;1066572.92;2021-07-19T00:00:00
81987030;533955;Kutná Hora;;;;;77747;Žižkov;244163;Kouøimská;è.p.;660;;;28401;686109.50;1066239.09;2021-07-26T00:00:00
81994958;533955;Kutná Hora;;;;;77739;Hlouška;1022814;Kpt. Vosky;è.p.;801;;;28401;684312.90;1065706.35;2021-07-29T00:00:00
82079706;533955;Kutná Hora;;;;;77976;Sedlec;2249821;Pod Rozhlednou;è.p.;483;;;28403;683233.84;1064511.02;2021-09-07T00:00:00
82101001;533955;Kutná Hora;;;;;77739;Hlouška;1559478;Jabloòová;è.p.;803;;;28401;684704.76;1064959.07;2021-09-14T00:00:00
82101035;533955;Kutná Hora;;;;;77739;Hlouška;1559478;Jabloòová;è.p.;804;;;28401;684691.70;1064893.25;2021-09-14T00:00:00
82120005;533955;Kutná Hora;;;;;77739;Hlouška;244058;Masarykova;è.p.;802;;;28401;683438.53;1065435.44;2021-09-20T00:00:00
82183368;533955;Kutná Hora;;;;;402184;Kutná Hora-Vnitøní Mìsto;244783;Pirknerovo námìstí;è.p.;705;;;28401;685035.09;1065886.19;2021-10-13T00:00:00
82190445;533955;Kutná Hora;;;;;77747;Žižkov;243612;Èeská;è.p.;1060;;;28401;685083.74;1065689.13;2021-10-15T00:00:00
82190810;533955;Kutná Hora;;;;;78026;Malín;796280;Za Biøictvím;è.p.;390;;;28401;681764.50;1064686.46;2021-10-15T00:00:00
82192227;533955;Kutná Hora;;;;;77747;Žižkov;245313;Táborská;è.p.;1061;;;28401;685177.02;1067149.85;2021-10-18T00:00:00
82238782;533955;Kutná Hora;;;;;77739;Hlouška;245780;Waldhauserova;è.p.;805;;;28401;684230.32;1065507.24;2021-11-04T00:00:00
82247404;533955;Kutná Hora;;;;;77747;Žižkov;245313;Táborská;è.p.;1062;;;28401;685191.26;1067123.53;2021-11-08T00:00:00
82336831;533955;Kutná Hora;;;;;402192;Šipší;243787;Havíøská stezka;è.p.;200;;;28401;684131.32;1065171.61;2021-12-13T00:00:00
82546231;533955;Kutná Hora;;;;;77801;Karlov;244007;K Jakubu;è.p.;287;;;28401;683257.82;1066439.59;2022-01-26T00:00:00
82896941;533955;Kutná Hora;;;;;77801;Karlov;244571;Na Škvárách;è.p.;288;;;28401;682844.10;1066399.59;2022-04-25T00:00:00
82959633;533955;Kutná Hora;;;;;77739;Hlouška;1559478;Jabloòová;è.p.;806;;;28401;684733.68;1064903.37;2022-05-17T00:00:00
83087958;533955;Kutná Hora;;;;;78018;Kaòk;2811618;Pod Pašinkou;è.p.;367;;;28404;684007.52;1064014.15;2022-06-30T00:00:00
83096663;533955;Kutná Hora;;;;;77801;Karlov;;;è.p.;290;;;28401;683124.59;1066565.93;2022-07-07T00:00:00
83096906;533955;Kutná Hora;;;;;77801;Karlov;;;è.p.;289;;;28401;683111.15;1066531.34;2022-07-07T00:00:00
83161481;533955;Kutná Hora;;;;;77739;Hlouška;2607743;Hrušòová;è.p.;812;;;28401;684542.73;1064779.17;2022-07-26T00:00:00
83161546;533955;Kutná Hora;;;;;77739;Hlouška;2607743;Hrušòová;è.p.;809;;;28401;684595.85;1064761.49;2022-07-26T00:00:00
83161627;533955;Kutná Hora;;;;;77739;Hlouška;2607743;Hrušòová;è.p.;811;;;28401;684566.77;1064784.70;2022-07-26T00:00:00
83220054;533955;Kutná Hora;;;;;402192;Šipší;245631;V Zahradách;è.p.;201;;;28401;683905.38;1065255.70;2022-08-17T00:00:00
83300619;533955;Kutná Hora;;;;;77909;Perštejnec;;;è.p.;41;;;28401;683796.57;1069248.68;2022-09-19T00:00:00
84252871;533955;Kutná Hora;;;;;78018;Kaòk;2811481;Kolínská;è.p.;368;;;28404;683931.03;1063293.61;2022-11-08T00:00:00
84584033;533955;Kutná Hora;;;;;77739;Hlouška;2906023;Za Lidkou;è.p.;817;;;28401;684081.05;1065326.59;2022-12-01T00:00:00
84584777;533955;Kutná Hora;;;;;77739;Hlouška;2906023;Za Lidkou;è.p.;816;;;28401;684058.57;1065330.88;2022-12-01T00:00:00
84584840;533955;Kutná Hora;;;;;77739;Hlouška;2906023;Za Lidkou;è.p.;818;;;28401;684080.65;1065303.00;2022-12-01T00:00:00
84585081;533955;Kutná Hora;;;;;77739;Hlouška;2906023;Za Lidkou;è.p.;819;;;28401;684047.17;1065292.53;2022-12-01T00:00:00
84585170;533955;Kutná Hora;;;;;77739;Hlouška;2906023;Za Lidkou;è.p.;820;;;28401;684022.04;1065313.28;2022-12-01T00:00:00
84600021;533955;Kutná Hora;;;;;77739;Hlouška;2607743;Hrušòová;è.p.;808;;;28401;684616.52;1064771.38;2022-12-07T00:00:00
84600063;533955;Kutná Hora;;;;;77739;Hlouška;2607743;Hrušòová;è.p.;807;;;28401;684606.75;1064791.91;2022-12-07T00:00:00
84600101;533955;Kutná Hora;;;;;77739;Hlouška;2607743;Hrušòová;è.p.;823;;;28401;684400.47;1064789.12;2022-12-07T00:00:00
84614811;533955;Kutná Hora;;;;;77739;Hlouška;2607743;Hrušòová;è.p.;824;;;28401;684380.34;1064782.82;2022-12-13T00:00:00
84616920;533955;Kutná Hora;;;;;77925;Neškaredice;;;è.p.;98;;;28401;681836.50;1067907.44;2022-12-13T00:00:00
84876701;533955;Kutná Hora;;;;;77739;Hlouška;2607743;Hrušòová;è.p.;826;;;28401;684342.07;1064771.29;2023-01-16T00:00:00
84954230;533955;Kutná Hora;;;;;77739;Hlouška;2607743;Hrušòová;è.p.;828;;;28401;684360.37;1064717.84;2023-02-13T00:00:00
84954256;533955;Kutná Hora;;;;;77739;Hlouška;2607743;Hrušòová;è.p.;821;;;28401;684442.06;1064797.72;2023-02-13T00:00:00
84954361;533955;Kutná Hora;;;;;77739;Hlouška;2607743;Hrušòová;è.p.;827;;;28401;684358.17;1064740.09;2023-02-13T00:00:00
84954698;533955;Kutná Hora;;;;;77739;Hlouška;2607743;Hrušòová;è.p.;825;;;28401;684359.90;1064776.42;2023-02-13T00:00:00
84998741;533955;Kutná Hora;;;;;78018;Kaòk;2811995;Vavøinecká;è.p.;369;;;28404;684246.36;1063564.56;2023-03-01T00:00:00
85029611;533955;Kutná Hora;;;;;78026;Malín;245267;Starokolínská;è.p.;391;;;28401;681754.87;1064375.35;2023-03-15T00:00:00
85036072;533955;Kutná Hora;;;;;78018;Kaòk;2811618;Pod Pašinkou;è.p.;370;;;28404;684013.49;1064174.68;2023-03-17T00:00:00
85043494;533955;Kutná Hora;;;;;77739;Hlouška;2607743;Hrušòová;è.p.;822;;;28401;684419.86;1064793.96;2023-03-21T00:00:00
85108758;533955;Kutná Hora;;;;;77976;Sedlec;245437;U Kola;è.ev.;1;;;28403;683263.56;1064667.59;2023-04-17T00:00:00
85118966;533955;Kutná Hora;;;;;77801;Karlov;;;è.p.;291;;;28401;683073.51;1066524.21;2023-04-19T00:00:00
85141569;533955;Kutná Hora;;;;;77976;Sedlec;245445;U Koruny;è.p.;266;;;28403;683269.44;1064714.52;2023-04-26T00:00:00
85152625;533955;Kutná Hora;;;;;402192;Šipší;245631;V Zahradách;è.p.;202;;;28401;683745.42;1065193.27;2023-05-03T00:00:00
85152790;533955;Kutná Hora;;;;;402192;Šipší;245631;V Zahradách;è.p.;203;;;28401;683737.20;1065187.07;2023-05-03T00:00:00
85183253;533955;Kutná Hora;;;;;77739;Hlouška;2906023;Za Lidkou;è.p.;829;;;28401;684098.78;1065469.81;2023-05-16T00:00:00
85183270;533955;Kutná Hora;;;;;77739;Hlouška;2906023;Za Lidkou;è.p.;830;;;28401;684137.19;1065450.82;2023-05-16T00:00:00
85183369;533955;Kutná Hora;;;;;77739;Hlouška;2906023;Za Lidkou;è.p.;831;;;28401;684137.78;1065420.32;2023-05-16T00:00:00
85277100;533955;Kutná Hora;;;;;77747;Žižkov;245313;Táborská;è.p.;1063;;;28401;685143.12;1067268.57;2023-06-08T00:00:00
85309800;533955;Kutná Hora;;;;;78026;Malín;245267;Starokolínská;è.p.;392;;;28401;681788.27;1064360.18;2023-06-21T00:00:00
85316610;533955;Kutná Hora;;;;;77739;Hlouška;2906023;Za Lidkou;è.p.;832;;;28401;684113.36;1065380.82;2023-06-23T00:00:00
85316890;533955;Kutná Hora;;;;;77739;Hlouška;2906023;Za Lidkou;è.p.;833;;;28401;684107.74;1065410.39;2023-06-23T00:00:00
85316920;533955;Kutná Hora;;;;;77739;Hlouška;2906023;Za Lidkou;è.p.;834;;;28401;684102.80;1065440.50;2023-06-23T00:00:00
85397890;533955;Kutná Hora;;;;;77801;Karlov;243868;Hrnèíøská;è.p.;292;;;28401;683185.09;1065860.73;2023-08-03T00:00:00
85572128;533955;Kutná Hora;;;;;77747;Žižkov;244210;Ku ptáku;è.p.;1064;;;28401;685172.08;1065639.60;2023-09-04T00:00:00
85589446;533955;Kutná Hora;;;;;77739;Hlouška;2184478;Švestková;è.p.;836;;;28401;684667.62;1064857.73;2023-09-12T00:00:00
85618471;533955;Kutná Hora;;;;;77739;Hlouška;2184478;Švestková;è.p.;837;;;28401;684631.24;1064832.14;2023-09-25T00:00:00
85637602;533955;Kutná Hora;;;;;77976;Sedlec;2249821;Pod Rozhlednou;è.p.;484;;;28403;683155.10;1064582.73;2023-10-04T00:00:00
85682101;533955;Kutná Hora;;;;;78018;Kaòk;2811707;K Úvozu;è.p.;371;;;28404;683840.15;1062846.89;2023-10-23T00:00:00
85853151;533955;Kutná Hora;;;;;77747;Žižkov;3357538;Plk. Loudy;è.p.;1067;;;28401;685939.77;1066364.53;2023-12-11T00:00:00
85853429;533955;Kutná Hora;;;;;77747;Žižkov;3357538;Plk. Loudy;è.p.;1066;;;28401;685959.97;1066358.50;2023-12-11T00:00:00
85853445;533955;Kutná Hora;;;;;77747;Žižkov;3357538;Plk. Loudy;è.p.;1065;;;28401;685992.98;1066357.74;2023-12-11T00:00:00
85887463;533955;Kutná Hora;;;;;77739;Hlouška;2184478;Švestková;è.p.;838;;;28401;684621.84;1064851.81;2023-12-21T00:00:00
85898163;533955;Kutná Hora;;;;;77976;Sedlec;245623;V Olšinách;è.p.;485;;;28403;683169.27;1065355.18;2024-01-04T00:00:00
85970751;533955;Kutná Hora;;;;;77976;Sedlec;245445;U Koruny;è.p.;486;;;28403;683270.48;1064929.28;2024-02-01T00:00:00
85992208;533955;Kutná Hora;;;;;77976;Sedlec;;;è.p.;487;;;28403;683290.82;1064530.40;2024-02-09T00:00:00
86063677;533955;Kutná Hora;;;;;77747;Žižkov;3520641;Nad Hutìmi;è.p.;1068;;;28401;685331.71;1067820.78;2024-10-02T00:00:00
86063855;533955;Kutná Hora;;;;;402184;Kutná Hora-Vnitøní Mìsto;243515;Bartolomìjská;è.p.;706;;;28401;685050.15;1066142.94;2024-03-12T00:00:00
86071343;533955;Kutná Hora;;;;;77801;Karlov;244007;K Jakubu;è.p.;293;;;28401;682796.02;1066473.10;2024-03-14T00:00:00
86156306;533955;Kutná Hora;;;;;77976;Sedlec;2249821;Pod Rozhlednou;è.p.;488;;;28403;683181.57;1064558.55;2024-04-24T00:00:00
86210751;533955;Kutná Hora;;;;;77976;Sedlec;3541886;Støíbrná;è.p.;489;;;28403;683311.94;1064517.68;2024-08-27T00:00:00
86259750;533955;Kutná Hora;;;;;78026;Malín;245267;Starokolínská;è.p.;393;;;28401;681772.01;1064367.13;2024-06-10T00:00:00
86307631;533955;Kutná Hora;;;;;77976;Sedlec;245194;Starosedlecká;è.p.;490;;;28403;683076.51;1064797.00;2024-06-26T00:00:00
86322371;533955;Kutná Hora;;;;;77747;Žižkov;692930;Chrpová;è.p.;1070;;;28401;685173.16;1065377.97;2024-08-29T00:00:00
86560077;533955;Kutná Hora;;;;;77925;Neškaredice;;;è.p.;99;;;28401;681812.76;1067751.39;2024-10-08T00:00:00
86650971;533955;Kutná Hora;;;;;77925;Neškaredice;;;è.p.;100;;;28401;681780.62;1068086.91;2024-11-21T00:00:00
86681362;533955;Kutná Hora;;;;;77739;Hlouška;2607832;Broskvoòová;è.p.;839;;;28401;684598.81;1064825.76;2024-12-06T00:00:00
86681389;533955;Kutná Hora;;;;;77739;Hlouška;2184478;Švestková;è.p.;840;;;28401;684661.24;1064870.21;2024-12-06T00:00:00
86702459;533955;Kutná Hora;;;;;77747;Žižkov;3520641;Nad Hutìmi;è.p.;1071;;;28401;685316.39;1067795.40;2025-02-17T00:00:00
86719301;533955;Kutná Hora;;;;;77739;Hlouška;243833;Hloušecká;è.p.;841;;;28401;684750.24;1065743.98;2025-01-03T00:00:00
86769901;533955;Kutná Hora;;;;;77747;Žižkov;3357538;Plk. Loudy;è.p.;1072;;;28401;685898.82;1066397.63;2025-01-21T00:00:00
86783742;533955;Kutná Hora;;;;;402206;Vrchlice;243761;K Zastávce;è.p.;127;;;28401;684971.08;1067518.82;2025-01-29T00:00:00
86786318;533955;Kutná Hora;;;;;77925;Neškaredice;;;è.p.;101;;;28401;681793.40;1067745.23;2025-01-30T00:00:00
86957368;533955;Kutná Hora;;;;;77739;Hlouška;766267;Na Tøešòovce;è.p.;842;;;28401;684443.23;1065139.52;2025-03-31T00:00:00
86957929;533955;Kutná Hora;;;;;77747;Žižkov;3357538;Plk. Loudy;è.p.;1073;;;28401;685995.58;1066406.42;2025-03-31T00:00:00
86973142;533955;Kutná Hora;;;;;77747;Žižkov;3357538;Plk. Loudy;è.p.;1074;;;28401;685982.74;1066411.14;2025-04-08T00:00:00
86988565;533955;Kutná Hora;;;;;78026;Malín;3786021;Radimova;è.p.;397;;;28401;681944.45;1064695.42;2025-08-25T00:00:00
86988611;533955;Kutná Hora;;;;;78026;Malín;3786021;Radimova;è.p.;399;;;28401;681902.92;1064705.50;2025-08-25T00:00:00
86988654;533955;Kutná Hora;;;;;78026;Malín;3786021;Radimova;è.p.;394;;;28401;681971.30;1064771.85;2025-08-25T00:00:00
86988689;533955;Kutná Hora;;;;;78026;Malín;3786021;Radimova;è.p.;395;;;28401;681962.25;1064745.86;2025-08-25T00:00:00
86988701;533955;Kutná Hora;;;;;78026;Malín;3786021;Radimova;è.p.;396;;;28401;681952.30;1064719.58;2025-08-25T00:00:00
86988778;533955;Kutná Hora;;;;;78026;Malín;3786021;Radimova;è.p.;398;;;28401;681919.32;1064674.22;2025-08-25T00:00:00
86989049;533955;Kutná Hora;;;;;78026;Malín;3786021;Radimova;è.p.;400;;;28401;681914.17;1064720.09;2025-08-25T00:00:00
86989065;533955;Kutná Hora;;;;;78026;Malín;3786021;Radimova;è.p.;401;;;28401;681919.93;1064737.18;2025-08-25T00:00:00
87042339;533955;Kutná Hora;;;;;77801;Karlov;244546;Na Støíbrníku;è.p.;295;;;28401;683004.10;1066508.41;2025-05-21T00:00:00
87047187;533955;Kutná Hora;;;;;77739;Hlouška;2184478;Švestková;è.p.;851;;;28401;684603.26;1064937.81;2025-05-22T00:00:00
87047209;533955;Kutná Hora;;;;;77739;Hlouška;2184478;Švestková;è.p.;850;;;28401;684608.64;1064935.65;2025-05-22T00:00:00
87047292;533955;Kutná Hora;;;;;77739;Hlouška;2184478;Švestková;è.p.;845;;;28401;684651.60;1064897.05;2025-05-22T00:00:00
87047331;533955;Kutná Hora;;;;;77739;Hlouška;2184478;Švestková;è.p.;844;;;28401;684653.06;1064890.31;2025-05-22T00:00:00
87047501;533955;Kutná Hora;;;;;77739;Hlouška;2184478;Švestková;è.p.;843;;;28401;684659.83;1064877.20;2025-05-22T00:00:00
87057832;533955;Kutná Hora;;;;;77747;Žižkov;243612;Èeská;è.p.;1075;;;28401;685163.12;1065162.17;2025-05-28T00:00:00
87057875;533955;Kutná Hora;;;;;77739;Hlouška;2184478;Švestková;è.p.;852;;;28401;684615.72;1064868.72;2025-05-28T00:00:00
87105110;533955;Kutná Hora;;;;;77739;Hlouška;2906023;Za Lidkou;è.p.;853;;;28401;684053.04;1065377.44;2025-06-11T00:00:00
87130840;533955;Kutná Hora;;;;;77747;Žižkov;3357538;Plk. Loudy;è.p.;1076;;;28401;685904.70;1066465.00;2025-06-23T00:00:00
87144883;533955;Kutná Hora;;;;;77747;Žižkov;3357538;Plk. Loudy;è.p.;1077;;;28401;685900.20;1066372.50;2025-06-27T00:00:00
87149273;533955;Kutná Hora;;;;;78018;Kaòk;;;è.p.;266;;;28404;683461.88;1063326.92;2025-06-30T00:00:00
87179288;533955;Kutná Hora;;;;;77739;Hlouška;2184478;Švestková;è.p.;854;;;28401;684600.59;1064883.78;2025-07-16T00:00:00
87204941;533955;Kutná Hora;;;;;402184;Kutná Hora-Vnitøní Mìsto;244457;Na Námìti;è.p.;707;;;28401;684399.57;1066185.23;2025-07-29T00:00:00
87220211;533955;Kutná Hora;;;;;78026;Malín;796158;Ke Kameni;è.p.;402;;;28401;682043.54;1064433.98;2025-08-06T00:00:00
87273365;533955;Kutná Hora;;;;;77747;Žižkov;3357538;Plk. Loudy;è.p.;1078;;;28401;686009.88;1066398.68;2025-09-11T00:00:00
87274167;533955;Kutná Hora;;;;;78018;Kaòk;2811481;Kolínská;è.p.;373;;;28404;683858.06;1063657.93;2025-09-12T00:00:00
87280132;533955;Kutná Hora;;;;;77747;Žižkov;243612;Èeská;è.p.;1079;;;28401;685154.82;1065142.65;2025-09-17T00:00:00
87332892;533955;Kutná Hora;;;;;77739;Hlouška;244872;Pod Sukovem;è.p.;855;;;28401;684528.40;1065103.69;2025-10-20T00:00:00
87399555;533955;Kutná Hora;;;;;77747;Žižkov;244961;Purkyòova;è.p.;1080;;;28401;685351.65;1066368.57;2025-11-11T00:00:00
87400103;533955;Kutná Hora;;;;;77801;Karlov;243868;Hrnèíøská;è.p.;296;;;28401;683141.40;1065873.90;2025-11-11T00:00:00
87421836;533955;Kutná Hora;;;;;77739;Hlouška;243931;Jeneweinova;è.p.;856;;;28401;684845.81;1065708.07;2025-11-19T00:00:00
87422115;533955;Kutná Hora;;;;;77976;Sedlec;245194;Starosedlecká;è.p.;491;;;28403;683092.31;1064825.49;2025-12-02T00:00:00
87516381;533955;Kutná Hora;;;;;77739;Hlouška;2607743;Hrušòová;è.p.;857;;;28401;684442.52;1064765.86;2025-12-11T00:00:00
87516403;533955;Kutná Hora;;;;;77739;Hlouška;2607743;Hrušòová;è.p.;858;;;28401;684482.35;1064773.69;2025-12-11T00:00:00
87526735;533955;Kutná Hora;;;;;78018;Kaòk;2811511;Pod Baštou;è.p.;374;;;28404;684034.94;1062953.44;2025-12-15T00:00:00
87526751;533955;Kutná Hora;;;;;77747;Žižkov;3357538;Plk. Loudy;è.p.;1081;;;28401;685970.11;1066417.44;2026-01-09T00:00:00
87536331;533955;Kutná Hora;;;;;77739;Hlouška;2184478;Švestková;è.p.;860;;;28401;684621.11;1064927.78;2025-12-18T00:00:00
87536722;533955;Kutná Hora;;;;;77739;Hlouška;2607832;Broskvoòová;è.p.;859;;;28401;684589.36;1064840.53;2025-12-18T00:00:00
87568420;533955;Kutná Hora;;;;;402192;Šipší;244341;Opletalova;è.p.;204;;;28401;683565.38;1064864.19;2026-01-13T00:00:00
87568616;533955;Kutná Hora;;;;;78018;Kaòk;2811952;Fráty;è.p.;372;;;28404;684073.71;1063605.78;2026-01-13T00:00:00
87708132;533955;Kutná Hora;;;;;78026;Malín;245267;Starokolínská;è.p.;403;;;28401;681947.44;1064072.30;2026-02-25T00:00:00
87720965;533955;Kutná Hora;;;;;77739;Hlouška;2607743;Hrušòová;è.p.;861;;;28401;684514.44;1064753.88;2026-02-27T00:00:00
