Kód ADM;Kód obce;Název obce;Kód MOMC;Název MOMC;Kód obvodu Prahy;Název obvodu Prahy;Kód èásti obce;Název èásti obce;Kód ulice;Název ulice;Typ SO;Èíslo domovní;Èíslo orientaèní;Znak èísla orientaèního;PSÈ;Souøadnice Y;Souøadnice X;Platí Od
4788982;592749;Uherskı Ostroh;;;;;173118;Kvaèice;614424;Zemìdìlská;è.p.;2;;;68724;542274.07;1189460.38;2013-12-01T00:00:00
4788991;592749;Uherskı Ostroh;;;;;173118;Kvaèice;614424;Zemìdìlská;è.p.;3;;;68724;542281.34;1189426.63;2013-12-01T00:00:00
4789008;592749;Uherskı Ostroh;;;;;173118;Kvaèice;614424;Zemìdìlská;è.p.;4;;;68724;542258.67;1189420.74;2024-03-04T00:00:00
4789016;592749;Uherskı Ostroh;;;;;173118;Kvaèice;614424;Zemìdìlská;è.p.;5;;;68724;542271.31;1189394.14;2013-12-01T00:00:00
4789024;592749;Uherskı Ostroh;;;;;173118;Kvaèice;614424;Zemìdìlská;è.p.;6;;;68724;542293.85;1189385.25;2013-12-01T00:00:00
4789032;592749;Uherskı Ostroh;;;;;173118;Kvaèice;614424;Zemìdìlská;è.p.;7;;;68724;542305.60;1189378.29;2013-12-01T00:00:00
4789041;592749;Uherskı Ostroh;;;;;173118;Kvaèice;614424;Zemìdìlská;è.p.;8;;;68724;542313.23;1189374.58;2013-12-01T00:00:00
4789059;592749;Uherskı Ostroh;;;;;173118;Kvaèice;614424;Zemìdìlská;è.p.;9;;;68724;542322.44;1189368.90;2013-12-01T00:00:00
4789075;592749;Uherskı Ostroh;;;;;173118;Kvaèice;614424;Zemìdìlská;è.p.;11;;;68724;542344.49;1189357.88;2013-12-01T00:00:00
4789083;592749;Uherskı Ostroh;;;;;173118;Kvaèice;614424;Zemìdìlská;è.p.;12;;;68724;542354.91;1189355.93;2013-12-01T00:00:00
4789091;592749;Uherskı Ostroh;;;;;173118;Kvaèice;614424;Zemìdìlská;è.p.;13;;;68724;542364.94;1189348.60;2013-12-01T00:00:00
4789105;592749;Uherskı Ostroh;;;;;173118;Kvaèice;614424;Zemìdìlská;è.p.;14;;;68724;542375.03;1189338.69;2013-12-01T00:00:00
4789113;592749;Uherskı Ostroh;;;;;173118;Kvaèice;614424;Zemìdìlská;è.p.;15;;;68724;542382.92;1189329.79;2013-12-01T00:00:00
4789121;592749;Uherskı Ostroh;;;;;173118;Kvaèice;614424;Zemìdìlská;è.p.;16;;;68724;542394.63;1189310.23;2013-12-01T00:00:00
4789130;592749;Uherskı Ostroh;;;;;173118;Kvaèice;614424;Zemìdìlská;è.p.;17;;;68724;542399.98;1189299.84;2013-12-01T00:00:00
4789148;592749;Uherskı Ostroh;;;;;173118;Kvaèice;614424;Zemìdìlská;è.p.;18;;;68724;542405.60;1189290.79;2013-12-01T00:00:00
4789156;592749;Uherskı Ostroh;;;;;173118;Kvaèice;614424;Zemìdìlská;è.p.;19;;;68724;542419.39;1189268.47;2013-12-01T00:00:00
4789164;592749;Uherskı Ostroh;;;;;173118;Kvaèice;614424;Zemìdìlská;è.p.;20;;;68724;542393.10;1189261.39;2013-12-01T00:00:00
4789172;592749;Uherskı Ostroh;;;;;173118;Kvaèice;614424;Zemìdìlská;è.p.;21;;;68724;542439.70;1189187.46;2013-12-01T00:00:00
4789181;592749;Uherskı Ostroh;;;;;173118;Kvaèice;614424;Zemìdìlská;è.p.;22;;;68724;542435.33;1189219.75;2013-12-01T00:00:00
4789199;592749;Uherskı Ostroh;;;;;173118;Kvaèice;614424;Zemìdìlská;è.p.;23;;;68724;542471.58;1189228.45;2013-12-01T00:00:00
4789202;592749;Uherskı Ostroh;;;;;173118;Kvaèice;614424;Zemìdìlská;è.p.;24;;;68724;542474.59;1189217.69;2013-12-01T00:00:00
4789211;592749;Uherskı Ostroh;;;;;173118;Kvaèice;614424;Zemìdìlská;è.p.;25;;;68724;542477.41;1189200.00;2022-11-18T00:00:00
4789229;592749;Uherskı Ostroh;;;;;173118;Kvaèice;614424;Zemìdìlská;è.p.;26;;;68724;542488.26;1189172.00;2013-12-01T00:00:00
4789237;592749;Uherskı Ostroh;;;;;173118;Kvaèice;614424;Zemìdìlská;è.p.;27;;;68724;542515.11;1189121.65;2013-12-01T00:00:00
4789245;592749;Uherskı Ostroh;;;;;173118;Kvaèice;614424;Zemìdìlská;è.p.;28;;;68724;542528.00;1189111.99;2013-12-01T00:00:00
4789253;592749;Uherskı Ostroh;;;;;173118;Kvaèice;614424;Zemìdìlská;è.p.;29;;;68724;542575.58;1189066.01;2017-01-17T00:00:00
4789261;592749;Uherskı Ostroh;;;;;173118;Kvaèice;614424;Zemìdìlská;è.p.;30;;;68724;542531.94;1189048.11;2023-09-04T00:00:00
4789270;592749;Uherskı Ostroh;;;;;173118;Kvaèice;614424;Zemìdìlská;è.p.;31;;;68724;542518.09;1189078.53;2013-12-01T00:00:00
4789288;592749;Uherskı Ostroh;;;;;173118;Kvaèice;614424;Zemìdìlská;è.p.;32;;;68724;542494.19;1189093.98;2013-12-01T00:00:00
4789296;592749;Uherskı Ostroh;;;;;173118;Kvaèice;614424;Zemìdìlská;è.p.;33;;;68724;542486.24;1189102.61;2013-12-01T00:00:00
4789300;592749;Uherskı Ostroh;;;;;173118;Kvaèice;614424;Zemìdìlská;è.p.;34;;;68724;542468.46;1189127.27;2013-12-01T00:00:00
4789318;592749;Uherskı Ostroh;;;;;173118;Kvaèice;614424;Zemìdìlská;è.p.;35;;;68724;542445.33;1189145.92;2013-12-01T00:00:00
4789326;592749;Uherskı Ostroh;;;;;173118;Kvaèice;614424;Zemìdìlská;è.p.;36;;;68724;542433.93;1189151.61;2013-12-01T00:00:00
4789334;592749;Uherskı Ostroh;;;;;173118;Kvaèice;614424;Zemìdìlská;è.p.;37;;;68724;542408.18;1189171.74;2013-12-01T00:00:00
4789342;592749;Uherskı Ostroh;;;;;173118;Kvaèice;614424;Zemìdìlská;è.p.;38;;;68724;542396.84;1189187.15;2013-12-01T00:00:00
4789351;592749;Uherskı Ostroh;;;;;173118;Kvaèice;614424;Zemìdìlská;è.p.;39;;;68724;542366.40;1189234.16;2019-09-11T00:00:00
4789369;592749;Uherskı Ostroh;;;;;173118;Kvaèice;614424;Zemìdìlská;è.p.;40;;;68724;542339.90;1189251.56;2013-12-01T00:00:00
4789377;592749;Uherskı Ostroh;;;;;173118;Kvaèice;614092;Mlınská;è.p.;41;;;68724;542323.05;1189243.09;2013-12-01T00:00:00
4789393;592749;Uherskı Ostroh;;;;;173118;Kvaèice;614092;Mlınská;è.p.;43;;;68724;542251.35;1189168.50;2013-12-01T00:00:00
4789407;592749;Uherskı Ostroh;;;;;173118;Kvaèice;614092;Mlınská;è.p.;44;;;68724;542249.67;1189223.60;2013-12-01T00:00:00
4789423;592749;Uherskı Ostroh;;;;;173118;Kvaèice;614424;Zemìdìlská;è.p.;46;;;68724;542366.72;1189297.28;2013-12-01T00:00:00
4789431;592749;Uherskı Ostroh;;;;;173118;Kvaèice;614424;Zemìdìlská;è.p.;47;;;68724;542353.01;1189310.90;2013-12-01T00:00:00
4789440;592749;Uherskı Ostroh;;;;;173118;Kvaèice;614424;Zemìdìlská;è.p.;48;;;68724;542338.76;1189326.01;2013-12-01T00:00:00
4789458;592749;Uherskı Ostroh;;;;;173118;Kvaèice;614424;Zemìdìlská;è.p.;49;;;68724;542324.91;1189335.88;2013-12-01T00:00:00
4789466;592749;Uherskı Ostroh;;;;;173118;Kvaèice;614424;Zemìdìlská;è.p.;50;;;68724;542303.72;1189348.73;2013-12-01T00:00:00
4789474;592749;Uherskı Ostroh;;;;;173118;Kvaèice;614424;Zemìdìlská;è.p.;51;;;68724;542285.11;1189359.52;2013-12-01T00:00:00
4789482;592749;Uherskı Ostroh;;;;;173118;Kvaèice;614424;Zemìdìlská;è.p.;52;;;68724;542284.35;1189391.21;2013-12-01T00:00:00
4789491;592749;Uherskı Ostroh;;;;;173118;Kvaèice;614424;Zemìdìlská;è.p.;54;;;68724;542257.60;1189371.82;2013-12-01T00:00:00
4789504;592749;Uherskı Ostroh;;;;;173118;Kvaèice;614424;Zemìdìlská;è.p.;55;;;68724;542375.73;1189212.48;2013-12-01T00:00:00
4789512;592749;Uherskı Ostroh;;;;;173118;Kvaèice;614190;Pod lipami;è.p.;56;;;68724;542195.53;1189432.17;2013-12-01T00:00:00
4789521;592749;Uherskı Ostroh;;;;;173118;Kvaèice;614424;Zemìdìlská;è.p.;57;;;68724;542264.35;1189433.99;2013-12-01T00:00:00
4789547;592749;Uherskı Ostroh;;;;;173118;Kvaèice;614424;Zemìdìlská;è.p.;59;;;68724;542225.76;1189385.87;2013-12-01T00:00:00
4789555;592749;Uherskı Ostroh;;;;;173118;Kvaèice;614190;Pod lipami;è.p.;60;;;68724;542228.43;1189413.22;2013-12-01T00:00:00
4789563;592749;Uherskı Ostroh;;;;;173118;Kvaèice;614190;Pod lipami;è.p.;61;;;68724;542218.76;1189418.96;2013-12-01T00:00:00
4789580;592749;Uherskı Ostroh;;;;;173118;Kvaèice;614041;Hliníky;è.p.;63;;;68724;542089.54;1189521.62;2013-12-01T00:00:00
4789598;592749;Uherskı Ostroh;;;;;173118;Kvaèice;614041;Hliníky;è.p.;64;;;68724;542018.14;1189544.00;2013-12-01T00:00:00
4789601;592749;Uherskı Ostroh;;;;;173118;Kvaèice;614327;Hradišská;è.p.;65;;;68724;542292.90;1189481.31;2024-03-04T00:00:00
4789610;592749;Uherskı Ostroh;;;;;173118;Kvaèice;614327;Hradišská;è.p.;66;;;68724;542202.60;1189488.79;2013-12-01T00:00:00
4789628;592749;Uherskı Ostroh;;;;;173118;Kvaèice;614190;Pod lipami;è.p.;67;;;68724;542232.75;1189440.18;2013-12-01T00:00:00
4789636;592749;Uherskı Ostroh;;;;;173118;Kvaèice;614327;Hradišská;è.p.;68;;;68724;542225.04;1189455.44;2013-12-01T00:00:00
4789644;592749;Uherskı Ostroh;;;;;173118;Kvaèice;614327;Hradišská;è.p.;69;;;68724;542474.30;1189583.56;2013-12-01T00:00:00
4789652;592749;Uherskı Ostroh;;;;;173118;Kvaèice;614041;Hliníky;è.p.;70;;;68724;542201.30;1189530.00;2013-12-01T00:00:00
4789661;592749;Uherskı Ostroh;;;;;173118;Kvaèice;614041;Hliníky;è.p.;71;;;68724;542193.20;1189536.30;2013-12-01T00:00:00
4789679;592749;Uherskı Ostroh;;;;;173118;Kvaèice;614041;Hliníky;è.p.;72;;;68724;542186.30;1189542.30;2013-12-01T00:00:00
4789687;592749;Uherskı Ostroh;;;;;173118;Kvaèice;614041;Hliníky;è.p.;74;;;68724;542118.73;1189604.62;2013-12-01T00:00:00
4789695;592749;Uherskı Ostroh;;;;;173118;Kvaèice;614041;Hliníky;è.p.;75;;;68724;542170.78;1189581.30;2013-12-01T00:00:00
4789709;592749;Uherskı Ostroh;;;;;173118;Kvaèice;614041;Hliníky;è.p.;76;;;68724;542189.45;1189564.42;2013-12-01T00:00:00
4789717;592749;Uherskı Ostroh;;;;;173118;Kvaèice;614041;Hliníky;è.p.;77;;;68724;542170.25;1189555.95;2013-12-01T00:00:00
4789725;592749;Uherskı Ostroh;;;;;173118;Kvaèice;614041;Hliníky;è.p.;78;;;68724;542161.85;1189562.70;2013-12-01T00:00:00
4789733;592749;Uherskı Ostroh;;;;;173118;Kvaèice;614041;Hliníky;è.p.;79;;;68724;542157.88;1189588.95;2013-12-01T00:00:00
4789741;592749;Uherskı Ostroh;;;;;173118;Kvaèice;614041;Hliníky;è.p.;80;;;68724;541858.25;1189688.32;2013-12-01T00:00:00
4789792;592749;Uherskı Ostroh;;;;;173118;Kvaèice;614041;Hliníky;è.p.;85;;;68724;542172.91;1189514.21;2013-12-01T00:00:00
4789806;592749;Uherskı Ostroh;;;;;173118;Kvaèice;614041;Hliníky;è.p.;86;;;68724;542192.49;1189499.09;2013-12-01T00:00:00
4789814;592749;Uherskı Ostroh;;;;;173118;Kvaèice;614041;Hliníky;è.p.;87;;;68724;542165.40;1189520.43;2013-12-01T00:00:00
4789831;592749;Uherskı Ostroh;;;;;173118;Kvaèice;614041;Hliníky;è.p.;89;;;68724;542153.75;1189530.14;2013-12-01T00:00:00
4789849;592749;Uherskı Ostroh;;;;;173118;Kvaèice;614092;Mlınská;è.p.;90;;;68724;542297.31;1189224.25;2022-11-18T00:00:00
4789857;592749;Uherskı Ostroh;;;;;173118;Kvaèice;614424;Zemìdìlská;è.p.;91;;;68724;542426.43;1189257.71;2013-12-01T00:00:00
4789865;592749;Uherskı Ostroh;;;;;173118;Kvaèice;614327;Hradišská;è.p.;92;;;68724;542169.08;1189469.83;2013-12-01T00:00:00
4789881;592749;Uherskı Ostroh;;;;;173118;Kvaèice;614041;Hliníky;è.p.;95;;;68724;542127.26;1189552.99;2013-12-01T00:00:00
4789903;592749;Uherskı Ostroh;;;;;173118;Kvaèice;614041;Hliníky;è.p.;97;;;68724;542142.86;1189595.20;2018-12-18T00:00:00
4789920;592749;Uherskı Ostroh;;;;;173118;Kvaèice;614041;Hliníky;è.p.;99;;;68724;542109.40;1189576.37;2013-12-01T00:00:00
4789946;592749;Uherskı Ostroh;;;;;173118;Kvaèice;614041;Hliníky;è.p.;101;;;68724;542146.54;1189506.19;2013-12-01T00:00:00
4789954;592749;Uherskı Ostroh;;;;;173118;Kvaèice;614327;Hradišská;è.p.;102;;;68724;542281.46;1189495.60;2013-12-01T00:00:00
4789962;592749;Uherskı Ostroh;;;;;173118;Kvaèice;614092;Mlınská;è.p.;103;;;68724;542251.09;1189073.37;2013-12-01T00:00:00
4789971;592749;Uherskı Ostroh;;;;;173118;Kvaèice;614041;Hliníky;è.p.;104;;;68724;542096.28;1189577.58;2013-12-01T00:00:00
4789989;592749;Uherskı Ostroh;;;;;173118;Kvaèice;614424;Zemìdìlská;è.p.;105;;;68724;542312.26;1189343.05;2013-12-01T00:00:00
4790006;592749;Uherskı Ostroh;;;;;173118;Kvaèice;614424;Zemìdìlská;è.p.;109;;;68724;542258.27;1189403.47;2013-12-01T00:00:00
4790014;592749;Uherskı Ostroh;;;;;173118;Kvaèice;614041;Hliníky;è.p.;110;;;68724;542122.33;1189525.74;2013-12-01T00:00:00
4790031;592749;Uherskı Ostroh;;;;;173118;Kvaèice;614041;Hliníky;è.p.;112;;;68724;542063.46;1189571.35;2013-12-01T00:00:00
4790049;592749;Uherskı Ostroh;;;;;173118;Kvaèice;614424;Zemìdìlská;è.p.;113;;;68724;542281.02;1189454.54;2013-12-01T00:00:00
4790057;592749;Uherskı Ostroh;;;;;173118;Kvaèice;614424;Zemìdìlská;è.p.;114;;;68724;542476.93;1189116.28;2013-12-01T00:00:00
4790065;592749;Uherskı Ostroh;;;;;173118;Kvaèice;614424;Zemìdìlská;è.p.;115;;;68724;542448.46;1189182.10;2013-12-01T00:00:00
4790073;592749;Uherskı Ostroh;;;;;173118;Kvaèice;614092;Mlınská;è.p.;116;;;68724;542244.98;1189162.63;2013-12-01T00:00:00
4790081;592749;Uherskı Ostroh;;;;;173118;Kvaèice;614424;Zemìdìlská;è.p.;117;;;68724;542293.58;1189353.83;2013-12-01T00:00:00
4790090;592749;Uherskı Ostroh;;;;;173118;Kvaèice;614190;Pod lipami;è.p.;118;;;68724;542219.31;1189448.44;2013-12-01T00:00:00
4790103;592749;Uherskı Ostroh;;;;;173118;Kvaèice;614424;Zemìdìlská;è.p.;119;;;68724;542412.25;1189280.84;2013-12-01T00:00:00
4790111;592749;Uherskı Ostroh;;;;;173118;Kvaèice;861677;Jezerní;è.p.;120;;;68724;542042.94;1189377.92;2013-12-01T00:00:00
4790120;592749;Uherskı Ostroh;;;;;173118;Kvaèice;614327;Hradišská;è.p.;121;;;68724;542146.78;1189437.95;2013-12-01T00:00:00
4790138;592749;Uherskı Ostroh;;;;;173118;Kvaèice;614327;Hradišská;è.p.;122;;;68724;542134.95;1189459.26;2013-12-01T00:00:00
4790146;592749;Uherskı Ostroh;;;;;173118;Kvaèice;614076;Luèní;è.p.;123;;;68724;542149.64;1189424.88;2013-12-01T00:00:00
4790162;592749;Uherskı Ostroh;;;;;173118;Kvaèice;614076;Luèní;è.p.;125;;;68724;542217.72;1189324.18;2013-12-01T00:00:00
4790171;592749;Uherskı Ostroh;;;;;173118;Kvaèice;614424;Zemìdìlská;è.p.;126;;;68724;542458.98;1189134.65;2013-12-01T00:00:00
4790189;592749;Uherskı Ostroh;;;;;173118;Kvaèice;614327;Hradišská;è.p.;127;;;68724;542238.49;1189471.63;2013-12-01T00:00:00
4790197;592749;Uherskı Ostroh;;;;;173118;Kvaèice;614076;Luèní;è.p.;128;;;68724;542214.59;1189306.98;2013-12-01T00:00:00
4790201;592749;Uherskı Ostroh;;;;;173118;Kvaèice;614041;Hliníky;è.p.;129;;;68724;542133.08;1189514.97;2014-04-04T00:00:00
4790227;592749;Uherskı Ostroh;;;;;173118;Kvaèice;614076;Luèní;è.p.;131;;;68724;542233.48;1189342.57;2013-12-01T00:00:00
4790235;592749;Uherskı Ostroh;;;;;173118;Kvaèice;614092;Mlınská;è.p.;132;;;68724;542327.87;1189248.85;2013-12-01T00:00:00
4790243;592749;Uherskı Ostroh;;;;;173118;Kvaèice;614041;Hliníky;è.p.;133;;;68724;542153.30;1189570.12;2013-12-01T00:00:00
4790251;592749;Uherskı Ostroh;;;;;173118;Kvaèice;614041;Hliníky;è.p.;135;;;68724;542176.87;1189576.52;2013-12-01T00:00:00
4790278;592749;Uherskı Ostroh;;;;;173118;Kvaèice;614327;Hradišská;è.p.;137;;;68724;542161.66;1189467.44;2013-12-01T00:00:00
4790286;592749;Uherskı Ostroh;;;;;173118;Kvaèice;614181;Pod bøehy;è.p.;138;;;68724;542108.29;1189483.56;2013-12-01T00:00:00
4790294;592749;Uherskı Ostroh;;;;;173118;Kvaèice;614092;Mlınská;è.p.;139;;;68724;542263.20;1189064.27;2013-12-01T00:00:00
4790332;592749;Uherskı Ostroh;;;;;173118;Kvaèice;614041;Hliníky;è.p.;145;;;68724;542148.88;1189535.18;2013-12-01T00:00:00
4790341;592749;Uherskı Ostroh;;;;;173118;Kvaèice;614424;Zemìdìlská;è.p.;146;;;68724;542260.92;1189426.99;2013-12-01T00:00:00
4790359;592749;Uherskı Ostroh;;;;;173118;Kvaèice;614041;Hliníky;è.p.;147;;;68724;542091.62;1189549.21;2013-12-01T00:00:00
4790367;592749;Uherskı Ostroh;;;;;173118;Kvaèice;614041;Hliníky;è.p.;148;;;68724;542084.24;1189555.04;2013-12-01T00:00:00
4790375;592749;Uherskı Ostroh;;;;;173118;Kvaèice;614041;Hliníky;è.p.;149;;;68724;542100.99;1189541.30;2013-12-01T00:00:00
4790383;592749;Uherskı Ostroh;;;;;173118;Kvaèice;614181;Pod bøehy;è.p.;150;;;68724;542099.68;1189482.45;2013-12-01T00:00:00
4790391;592749;Uherskı Ostroh;;;;;173118;Kvaèice;614041;Hliníky;è.p.;151;;;68724;542109.84;1189535.83;2013-12-01T00:00:00
4790405;592749;Uherskı Ostroh;;;;;173118;Kvaèice;614424;Zemìdìlská;è.p.;152;;;68724;542424.21;1189155.65;2013-12-01T00:00:00
4790413;592749;Uherskı Ostroh;;;;;173118;Kvaèice;614327;Hradišská;è.p.;153;;;68724;542418.90;1189631.29;2013-12-01T00:00:00
4790421;592749;Uherskı Ostroh;;;;;173118;Kvaèice;614327;Hradišská;è.p.;154;;;68724;542303.64;1189512.21;2013-12-01T00:00:00
4790430;592749;Uherskı Ostroh;;;;;173118;Kvaèice;614041;Hliníky;è.p.;155;;;68724;542143.41;1189540.38;2013-12-01T00:00:00
4790448;592749;Uherskı Ostroh;;;;;173118;Kvaèice;614041;Hliníky;è.p.;156;;;68724;542088.48;1189583.24;2013-12-01T00:00:00
4790456;592749;Uherskı Ostroh;;;;;173118;Kvaèice;614181;Pod bøehy;è.p.;157;;;68724;542091.20;1189481.76;2013-12-01T00:00:00
4790464;592749;Uherskı Ostroh;;;;;173118;Kvaèice;614181;Pod bøehy;è.p.;158;;;68724;542115.23;1189484.53;2013-12-01T00:00:00
4790472;592749;Uherskı Ostroh;;;;;173118;Kvaèice;614424;Zemìdìlská;è.p.;159;;;68724;542466.25;1189241.72;2013-12-01T00:00:00
4790481;592749;Uherskı Ostroh;;;;;173118;Kvaèice;614181;Pod bøehy;è.p.;161;;;68724;542067.31;1189478.56;2013-12-01T00:00:00
4790499;592749;Uherskı Ostroh;;;;;173118;Kvaèice;614181;Pod bøehy;è.p.;162;;;68724;542058.70;1189477.45;2013-12-01T00:00:00
4790502;592749;Uherskı Ostroh;;;;;173118;Kvaèice;614181;Pod bøehy;è.p.;163;;;68724;542079.26;1189480.37;2013-12-01T00:00:00
4790511;592749;Uherskı Ostroh;;;;;173118;Kvaèice;614076;Luèní;è.p.;164;;;68724;542156.34;1189396.18;2013-12-01T00:00:00
4790529;592749;Uherskı Ostroh;;;;;173118;Kvaèice;614181;Pod bøehy;è.p.;165;;;68724;542124.95;1189485.78;2013-12-01T00:00:00
4790545;592749;Uherskı Ostroh;;;;;173118;Kvaèice;614181;Pod bøehy;è.p.;167;;;68724;542050.88;1189476.40;2013-12-01T00:00:00
4790553;592749;Uherskı Ostroh;;;;;173118;Kvaèice;614181;Pod bøehy;è.p.;168;;;68724;542153.99;1189484.24;2013-12-01T00:00:00
4790561;592749;Uherskı Ostroh;;;;;173118;Kvaèice;614327;Hradišská;è.p.;169;;;68724;542029.59;1189395.51;2013-12-01T00:00:00
4790570;592749;Uherskı Ostroh;;;;;173118;Kvaèice;614424;Zemìdìlská;è.p.;170;;;68724;542491.90;1189160.92;2013-12-01T00:00:00
4790588;592749;Uherskı Ostroh;;;;;173118;Kvaèice;614076;Luèní;è.p.;171;;;68724;542153.35;1189408.49;2013-12-01T00:00:00
4790596;592749;Uherskı Ostroh;;;;;173118;Kvaèice;614041;Hliníky;è.p.;173;;;68724;542073.42;1189563.74;2013-12-01T00:00:00
4790600;592749;Uherskı Ostroh;;;;;173118;Kvaèice;614424;Zemìdìlská;è.p.;174;;;68724;542480.82;1189187.90;2022-11-18T00:00:00
4790618;592749;Uherskı Ostroh;;;;;173118;Kvaèice;614181;Pod bøehy;è.p.;175;;;68724;542043.15;1189475.92;2013-12-01T00:00:00
4790626;592749;Uherskı Ostroh;;;;;173118;Kvaèice;614424;Zemìdìlská;è.p.;176;;;68724;542502.81;1189141.41;2013-12-01T00:00:00
4790634;592749;Uherskı Ostroh;;;;;173118;Kvaèice;614181;Pod bøehy;è.p.;177;;;68724;542022.87;1189473.56;2013-12-01T00:00:00
4790642;592749;Uherskı Ostroh;;;;;173118;Kvaèice;614181;Pod bøehy;è.p.;178;;;68724;542010.09;1189472.03;2013-12-01T00:00:00
4790651;592749;Uherskı Ostroh;;;;;173118;Kvaèice;614327;Hradišská;è.p.;179;;;68724;542115.65;1189453.84;2013-12-01T00:00:00
4790669;592749;Uherskı Ostroh;;;;;173118;Kvaèice;614327;Hradišská;è.p.;180;;;68724;542103.98;1189449.53;2013-12-01T00:00:00
4790677;592749;Uherskı Ostroh;;;;;173118;Kvaèice;614327;Hradišská;è.p.;181;;;68724;542101.84;1189422.01;2013-12-01T00:00:00
4790685;592749;Uherskı Ostroh;;;;;173118;Kvaèice;614327;Hradišská;è.p.;182;;;68724;542109.21;1189425.64;2013-12-01T00:00:00
4790693;592749;Uherskı Ostroh;;;;;173118;Kvaèice;614327;Hradišská;è.p.;183;;;68724;542119.05;1189421.40;2013-12-01T00:00:00
4790707;592749;Uherskı Ostroh;;;;;173118;Kvaèice;614327;Hradišská;è.p.;184;;;68724;542124.10;1189431.87;2013-12-01T00:00:00
4790715;592749;Uherskı Ostroh;;;;;173118;Kvaèice;614076;Luèní;è.p.;185;;;68724;542160.59;1189376.13;2013-12-01T00:00:00
4790723;592749;Uherskı Ostroh;;;;;173118;Kvaèice;614076;Luèní;è.p.;186;;;68724;542163.61;1189357.02;2013-12-01T00:00:00
4790740;592749;Uherskı Ostroh;;;;;173118;Kvaèice;614076;Luèní;è.p.;188;;;68724;542168.80;1189329.10;2013-12-01T00:00:00
4790758;592749;Uherskı Ostroh;;;;;173118;Kvaèice;614076;Luèní;è.p.;189;;;68724;542172.34;1189318.06;2013-12-01T00:00:00
4790766;592749;Uherskı Ostroh;;;;;173118;Kvaèice;614076;Luèní;è.p.;190;;;68724;542173.69;1189307.40;2013-12-01T00:00:00
4790774;592749;Uherskı Ostroh;;;;;173118;Kvaèice;614076;Luèní;è.p.;191;;;68724;542174.63;1189296.72;2013-12-01T00:00:00
4790782;592749;Uherskı Ostroh;;;;;173118;Kvaèice;614076;Luèní;è.p.;192;;;68724;542177.90;1189280.42;2013-12-01T00:00:00
4790791;592749;Uherskı Ostroh;;;;;173118;Kvaèice;614076;Luèní;è.p.;193;;;68724;542242.07;1189257.60;2013-12-01T00:00:00
4790804;592749;Uherskı Ostroh;;;;;173118;Kvaèice;614327;Hradišská;è.p.;194;;;68724;542081.45;1189414.84;2013-12-01T00:00:00
4790812;592749;Uherskı Ostroh;;;;;173118;Kvaèice;614327;Hradišská;è.p.;195;;;68724;542092.88;1189419.17;2013-12-01T00:00:00
4790821;592749;Uherskı Ostroh;;;;;173118;Kvaèice;614327;Hradišská;è.p.;196;;;68724;542083.70;1189442.45;2013-12-01T00:00:00
4790839;592749;Uherskı Ostroh;;;;;173118;Kvaèice;614327;Hradišská;è.p.;197;;;68724;542072.59;1189438.42;2013-12-01T00:00:00
4790847;592749;Uherskı Ostroh;;;;;173118;Kvaèice;614327;Hradišská;è.p.;198;;;68724;542044.26;1189427.87;2013-12-01T00:00:00
4790855;592749;Uherskı Ostroh;;;;;173118;Kvaèice;614327;Hradišská;è.p.;199;;;68724;542060.23;1189433.56;2013-12-01T00:00:00
4790863;592749;Uherskı Ostroh;;;;;173118;Kvaèice;614327;Hradišská;è.p.;200;;;68724;542069.74;1189410.59;2013-12-01T00:00:00
4790871;592749;Uherskı Ostroh;;;;;173118;Kvaèice;614327;Hradišská;è.p.;201;;;68724;542060.79;1189407.49;2013-12-01T00:00:00
4790880;592749;Uherskı Ostroh;;;;;173118;Kvaèice;614181;Pod bøehy;è.p.;202;;;68724;542031.62;1189474.81;2013-12-01T00:00:00
4790898;592749;Uherskı Ostroh;;;;;173118;Kvaèice;614041;Hliníky;è.p.;203;;;68724;542098.70;1189513.98;2013-12-01T00:00:00
4790901;592749;Uherskı Ostroh;;;;;173118;Kvaèice;614041;Hliníky;è.p.;204;;;68724;542080.93;1189527.87;2013-12-01T00:00:00
4790928;592749;Uherskı Ostroh;;;;;173118;Kvaèice;614327;Hradišská;è.p.;206;;;68724;542049.27;1189403.26;2013-12-01T00:00:00
4790936;592749;Uherskı Ostroh;;;;;173118;Kvaèice;614424;Zemìdìlská;è.p.;207;;;68724;542244.59;1189378.23;2013-12-01T00:00:00
4790944;592749;Uherskı Ostroh;;;;;173118;Kvaèice;614327;Hradišská;è.p.;208;;;68724;542134.70;1189435.50;2013-12-01T00:00:00
4790952;592749;Uherskı Ostroh;;;;;173118;Kvaèice;614327;Hradišská;è.p.;209;;;68724;542039.30;1189399.51;2013-12-01T00:00:00
4790961;592749;Uherskı Ostroh;;;;;173118;Kvaèice;614424;Zemìdìlská;è.p.;210;;;68724;542508.63;1189130.77;2013-12-01T00:00:00
4790979;592749;Uherskı Ostroh;;;;;173118;Kvaèice;614424;Zemìdìlská;è.p.;211;;;68724;542356.46;1189238.91;2013-12-01T00:00:00
4790987;592749;Uherskı Ostroh;;;;;173118;Kvaèice;614181;Pod bøehy;è.p.;212;;;68724;542078.15;1189502.73;2013-12-01T00:00:00
4790995;592749;Uherskı Ostroh;;;;;173118;Kvaèice;614327;Hradišská;è.p.;213;;;68724;542093.43;1189445.92;2013-12-01T00:00:00
4791002;592749;Uherskı Ostroh;;;;;173118;Kvaèice;614076;Luèní;è.p.;214;;;68724;542181.32;1189256.30;2013-12-01T00:00:00
4791011;592749;Uherskı Ostroh;;;;;173118;Kvaèice;614076;Luèní;è.p.;215;;;68724;542179.65;1189268.51;2013-12-01T00:00:00
4791029;592749;Uherskı Ostroh;;;;;173118;Kvaèice;614041;Hliníky;è.p.;216;;;68724;542065.57;1189547.91;2023-08-07T00:00:00
4791037;592749;Uherskı Ostroh;;;;;173118;Kvaèice;614424;Zemìdìlská;è.p.;217;;;68724;542475.07;1189208.42;2013-12-01T00:00:00
4791045;592749;Uherskı Ostroh;;;;;173118;Kvaèice;614076;Luèní;è.p.;218;;;68724;542183.46;1189246.46;2013-12-01T00:00:00
4791061;592749;Uherskı Ostroh;;;;;173118;Kvaèice;614327;Hradišská;è.p.;220;;;68724;542020.27;1189392.08;2013-12-01T00:00:00
4791070;592749;Uherskı Ostroh;;;;;173118;Kvaèice;614041;Hliníky;è.p.;221;;;68724;542057.59;1189500.23;2013-12-01T00:00:00
4791088;592749;Uherskı Ostroh;;;;;173118;Kvaèice;614181;Pod bøehy;è.p.;222;;;68724;542046.61;1189500.22;2013-12-01T00:00:00
4791096;592749;Uherskı Ostroh;;;;;173118;Kvaèice;614181;Pod bøehy;è.p.;223;;;68724;542068.15;1189501.34;2013-12-01T00:00:00
4791100;592749;Uherskı Ostroh;;;;;173118;Kvaèice;614041;Hliníky;è.p.;224;;;68724;542042.50;1189562.98;2013-12-01T00:00:00
4791118;592749;Uherskı Ostroh;;;;;173118;Kvaèice;614327;Hradišská;è.p.;225;;;68724;542425.41;1189638.71;2013-12-01T00:00:00
4791126;592749;Uherskı Ostroh;;;;;173118;Kvaèice;614181;Pod bøehy;è.p.;226;;;68724;542040.51;1189527.45;2013-12-01T00:00:00
4791134;592749;Uherskı Ostroh;;;;;173118;Kvaèice;614181;Pod bøehy;è.p.;227;;;68724;542030.09;1189497.03;2013-12-01T00:00:00
4791142;592749;Uherskı Ostroh;;;;;173118;Kvaèice;614181;Pod bøehy;è.p.;228;;;68724;542017.73;1189495.51;2013-12-01T00:00:00
4791169;592749;Uherskı Ostroh;;;;;173118;Kvaèice;614181;Pod bøehy;è.p.;230;;;68724;542006.20;1189494.12;2013-12-01T00:00:00
4791177;592749;Uherskı Ostroh;;;;;173118;Kvaèice;614424;Zemìdìlská;è.p.;231;;;68724;542699.40;1188972.42;2013-12-01T00:00:00
4791185;592749;Uherskı Ostroh;;;;;173118;Kvaèice;614424;Zemìdìlská;è.p.;232;;;68724;542701.30;1188957.53;2013-12-01T00:00:00
4791193;592749;Uherskı Ostroh;;;;;173118;Kvaèice;614424;Zemìdìlská;è.p.;233;;;68724;542699.74;1188936.21;2013-12-01T00:00:00
4791207;592749;Uherskı Ostroh;;;;;173118;Kvaèice;614327;Hradišská;è.p.;234;;;68724;542029.99;1189451.62;2013-12-01T00:00:00
4791215;592749;Uherskı Ostroh;;;;;173118;Kvaèice;614424;Zemìdìlská;è.p.;235;;;68724;542679.77;1188982.76;2013-12-01T00:00:00
4791223;592749;Uherskı Ostroh;;;;;173118;Kvaèice;614424;Zemìdìlská;è.p.;236;;;68724;542673.52;1188989.38;2013-12-01T00:00:00
4791231;592749;Uherskı Ostroh;;;;;173118;Kvaèice;614424;Zemìdìlská;è.p.;237;;;68724;542667.63;1188995.44;2013-12-01T00:00:00
4791240;592749;Uherskı Ostroh;;;;;173118;Kvaèice;614424;Zemìdìlská;è.p.;238;;;68724;542660.75;1189002.32;2013-12-01T00:00:00
4791258;592749;Uherskı Ostroh;;;;;173118;Kvaèice;614424;Zemìdìlská;è.p.;239;;;68724;542654.59;1189008.84;2013-12-01T00:00:00
4791266;592749;Uherskı Ostroh;;;;;173118;Kvaèice;614424;Zemìdìlská;è.p.;240;;;68724;542648.07;1189015.09;2013-12-01T00:00:00
4791274;592749;Uherskı Ostroh;;;;;173118;Kvaèice;614424;Zemìdìlská;è.p.;241;;;68724;542642.82;1189021.07;2013-12-01T00:00:00
4791282;592749;Uherskı Ostroh;;;;;173118;Kvaèice;614424;Zemìdìlská;è.p.;242;;;68724;542611.19;1189054.67;2013-12-01T00:00:00
4791291;592749;Uherskı Ostroh;;;;;173118;Kvaèice;614424;Zemìdìlská;è.p.;243;;;68724;542599.32;1189054.83;2013-12-01T00:00:00
4791304;592749;Uherskı Ostroh;;;;;173118;Kvaèice;614424;Zemìdìlská;è.p.;245;;;68724;542502.72;1189086.98;2013-12-01T00:00:00
4791312;592749;Uherskı Ostroh;;;;;173118;Kvaèice;614424;Zemìdìlská;è.p.;246;;;68724;542463.59;1189252.48;2013-12-01T00:00:00
4791321;592749;Uherskı Ostroh;;;;;173118;Kvaèice;614424;Zemìdìlská;è.p.;247;;;68724;542586.19;1189054.99;2013-12-01T00:00:00
4791339;592749;Uherskı Ostroh;;;;;173118;Kvaèice;614424;Zemìdìlská;è.p.;248;;;68724;542632.25;1189033.56;2013-12-01T00:00:00
4791347;592749;Uherskı Ostroh;;;;;173118;Kvaèice;614327;Hradišská;è.p.;249;;;68724;541987.23;1189427.03;2013-12-01T00:00:00
4791355;592749;Uherskı Ostroh;;;;;173118;Kvaèice;861677;Jezerní;è.p.;250;;;68724;542014.51;1189342.35;2013-12-01T00:00:00
4791363;592749;Uherskı Ostroh;;;;;173126;Ostroské Pøedmìstí;614408;Veselská;è.p.;1;;;68724;543046.00;1190400.00;2014-10-01T00:00:00
4791371;592749;Uherskı Ostroh;;;;;173126;Ostroské Pøedmìstí;614459;Ve dvoøe;è.p.;2;;;68724;542979.79;1189748.78;2013-12-01T00:00:00
4791380;592749;Uherskı Ostroh;;;;;173126;Ostroské Pøedmìstí;614131;Na špici;è.p.;3;;;68724;542835.02;1189788.25;2013-12-01T00:00:00
4791398;592749;Uherskı Ostroh;;;;;173126;Ostroské Pøedmìstí;614351;Svobodova;è.p.;4;;;68724;542816.93;1189756.69;2013-12-01T00:00:00
4791401;592749;Uherskı Ostroh;;;;;173126;Ostroské Pøedmìstí;614351;Svobodova;è.p.;5;;;68724;542870.66;1189749.66;2013-12-01T00:00:00
4791428;592749;Uherskı Ostroh;;;;;173126;Ostroské Pøedmìstí;614351;Svobodova;è.p.;7;;;68724;542860.24;1189699.53;2013-12-01T00:00:00
4791436;592749;Uherskı Ostroh;;;;;173126;Ostroské Pøedmìstí;614351;Svobodova;è.p.;8;;;68724;542874.33;1189679.39;2013-12-01T00:00:00
4791444;592749;Uherskı Ostroh;;;;;173126;Ostroské Pøedmìstí;614351;Svobodova;è.p.;9;;;68724;542880.65;1189668.03;2018-01-31T00:00:00
4791452;592749;Uherskı Ostroh;;;;;173126;Ostroské Pøedmìstí;614351;Svobodova;è.p.;10;;;68724;542895.05;1189654.86;2013-12-01T00:00:00
4791461;592749;Uherskı Ostroh;;;;;173126;Ostroské Pøedmìstí;614351;Svobodova;è.p.;11;;;68724;542902.65;1189644.99;2013-12-01T00:00:00
4791479;592749;Uherskı Ostroh;;;;;173126;Ostroské Pøedmìstí;614351;Svobodova;è.p.;12;;;68724;542911.17;1189636.70;2013-12-01T00:00:00
4791487;592749;Uherskı Ostroh;;;;;173126;Ostroské Pøedmìstí;614351;Svobodova;è.p.;13;;;68724;542917.43;1189626.63;2013-12-01T00:00:00
4791495;592749;Uherskı Ostroh;;;;;173126;Ostroské Pøedmìstí;614351;Svobodova;è.p.;14;;;68724;542925.65;1189618.09;2013-12-01T00:00:00
4791509;592749;Uherskı Ostroh;;;;;173126;Ostroské Pøedmìstí;614351;Svobodova;è.p.;15;;;68724;542932.55;1189611.01;2013-12-01T00:00:00
4791517;592749;Uherskı Ostroh;;;;;173126;Ostroské Pøedmìstí;614351;Svobodova;è.p.;16;;;68724;542942.43;1189599.81;2013-12-01T00:00:00
4791525;592749;Uherskı Ostroh;;;;;173126;Ostroské Pøedmìstí;614351;Svobodova;è.p.;17;;;68724;542949.93;1189589.01;2013-12-01T00:00:00
4791533;592749;Uherskı Ostroh;;;;;173126;Ostroské Pøedmìstí;614467;Školní;è.p.;18;;;68724;543015.32;1189619.79;2013-12-01T00:00:00
4791541;592749;Uherskı Ostroh;;;;;173126;Ostroské Pøedmìstí;614351;Svobodova;è.p.;19;;;68724;542970.57;1189562.10;2013-12-01T00:00:00
4791550;592749;Uherskı Ostroh;;;;;173126;Ostroské Pøedmìstí;614351;Svobodova;è.p.;20;;;68724;542981.58;1189550.17;2013-12-01T00:00:00
4791568;592749;Uherskı Ostroh;;;;;173126;Ostroské Pøedmìstí;614351;Svobodova;è.p.;21;;;68724;542990.00;1189539.86;2013-12-01T00:00:00
4791576;592749;Uherskı Ostroh;;;;;173126;Ostroské Pøedmìstí;614351;Svobodova;è.p.;22;;;68724;542998.94;1189529.93;2013-12-01T00:00:00
4791584;592749;Uherskı Ostroh;;;;;173126;Ostroské Pøedmìstí;614351;Svobodova;è.p.;23;;;68724;543009.26;1189518.43;2013-12-01T00:00:00
4791592;592749;Uherskı Ostroh;;;;;173126;Ostroské Pøedmìstí;614351;Svobodova;è.p.;24;;;68724;543016.48;1189508.10;2013-12-01T00:00:00
4791606;592749;Uherskı Ostroh;;;;;173126;Ostroské Pøedmìstí;614351;Svobodova;è.p.;25;;;68724;543023.03;1189500.55;2013-12-01T00:00:00
4791614;592749;Uherskı Ostroh;;;;;173126;Ostroské Pøedmìstí;614351;Svobodova;è.p.;26;;;68724;543028.85;1189492.71;2013-12-01T00:00:00
4791622;592749;Uherskı Ostroh;;;;;173126;Ostroské Pøedmìstí;614351;Svobodova;è.p.;27;;;68724;543035.04;1189485.20;2013-12-01T00:00:00
4791649;592749;Uherskı Ostroh;;;;;173126;Ostroské Pøedmìstí;614220;Pøíèní;è.p.;29;;;68724;542635.18;1190076.12;2013-12-01T00:00:00
4791657;592749;Uherskı Ostroh;;;;;173126;Ostroské Pøedmìstí;614351;Svobodova;è.p.;30;;;68724;543049.16;1189467.70;2013-12-01T00:00:00
4791665;592749;Uherskı Ostroh;;;;;173126;Ostroské Pøedmìstí;614351;Svobodova;è.p.;31;;;68724;543060.43;1189453.41;2013-12-01T00:00:00
4791673;592749;Uherskı Ostroh;;;;;173126;Ostroské Pøedmìstí;614351;Svobodova;è.p.;32;;;68724;543065.98;1189447.39;2013-12-01T00:00:00
4791681;592749;Uherskı Ostroh;;;;;173126;Ostroské Pøedmìstí;614351;Svobodova;è.p.;33;;;68724;543072.04;1189441.44;2013-12-01T00:00:00
4791690;592749;Uherskı Ostroh;;;;;173126;Ostroské Pøedmìstí;614351;Svobodova;è.p.;34;;;68724;543087.38;1189429.54;2013-12-01T00:00:00
4791703;592749;Uherskı Ostroh;;;;;173126;Ostroské Pøedmìstí;614246;Drahová;è.p.;35;;;68724;542690.29;1190015.47;2013-12-01T00:00:00
4791711;592749;Uherskı Ostroh;;;;;173126;Ostroské Pøedmìstí;614351;Svobodova;è.p.;36;;;68724;543099.39;1189419.80;2013-12-01T00:00:00
4791720;592749;Uherskı Ostroh;;;;;173126;Ostroské Pøedmìstí;614351;Svobodova;è.p.;37;;;68724;543109.26;1189413.79;2013-12-01T00:00:00
4791746;592749;Uherskı Ostroh;;;;;173126;Ostroské Pøedmìstí;614351;Svobodova;è.p.;39;;;68724;543125.90;1189406.39;2013-12-01T00:00:00
4791754;592749;Uherskı Ostroh;;;;;173126;Ostroské Pøedmìstí;614351;Svobodova;è.p.;40;;;68724;543135.64;1189402.51;2013-12-01T00:00:00
4791771;592749;Uherskı Ostroh;;;;;173126;Ostroské Pøedmìstí;614351;Svobodova;è.p.;42;;;68724;543162.18;1189401.77;2021-01-05T00:00:00
4791789;592749;Uherskı Ostroh;;;;;173126;Ostroské Pøedmìstí;614220;Pøíèní;è.p.;43;;;68724;542626.94;1190068.17;2013-12-01T00:00:00
4791797;592749;Uherskı Ostroh;;;;;173126;Ostroské Pøedmìstí;614084;Lùèka;è.p.;44;;;68724;543185.83;1189424.82;2013-12-01T00:00:00
4791801;592749;Uherskı Ostroh;;;;;173126;Ostroské Pøedmìstí;614220;Pøíèní;è.p.;45;;;68724;542580.09;1190031.68;2013-12-01T00:00:00
4791827;592749;Uherskı Ostroh;;;;;173126;Ostroské Pøedmìstí;614351;Svobodova;è.p.;47;;;68724;543183.11;1189397.66;2013-12-01T00:00:00
4791835;592749;Uherskı Ostroh;;;;;173126;Ostroské Pøedmìstí;614351;Svobodova;è.p.;48;;;68724;543191.31;1189397.49;2013-12-01T00:00:00
4791843;592749;Uherskı Ostroh;;;;;173126;Ostroské Pøedmìstí;614351;Svobodova;è.p.;49;;;68724;543202.39;1189393.54;2013-12-01T00:00:00
4791851;592749;Uherskı Ostroh;;;;;173126;Ostroské Pøedmìstí;614254;Rybáøe;è.p.;50;;;68724;543351.21;1189459.28;2013-12-01T00:00:00
4791860;592749;Uherskı Ostroh;;;;;173126;Ostroské Pøedmìstí;614254;Rybáøe;è.p.;51;;;68724;543360.00;1189462.51;2013-12-01T00:00:00
4791878;592749;Uherskı Ostroh;;;;;173126;Ostroské Pøedmìstí;614254;Rybáøe;è.p.;52;;;68724;543452.23;1189531.56;2013-12-01T00:00:00
4791886;592749;Uherskı Ostroh;;;;;173126;Ostroské Pøedmìstí;614254;Rybáøe;è.p.;53;;;68724;543448.41;1189523.62;2013-12-01T00:00:00
4791894;592749;Uherskı Ostroh;;;;;173126;Ostroské Pøedmìstí;614254;Rybáøe;è.p.;54;;;68724;543443.72;1189515.39;2013-12-01T00:00:00
4791908;592749;Uherskı Ostroh;;;;;173126;Ostroské Pøedmìstí;614254;Rybáøe;è.p.;55;;;68724;543435.42;1189504.19;2013-12-01T00:00:00
4791916;592749;Uherskı Ostroh;;;;;173126;Ostroské Pøedmìstí;614254;Rybáøe;è.p.;56;;;68724;543430.77;1189497.68;2013-12-01T00:00:00
4791924;592749;Uherskı Ostroh;;;;;173126;Ostroské Pøedmìstí;614254;Rybáøe;è.p.;57;;;68724;543426.21;1189490.88;2013-12-01T00:00:00
4791932;592749;Uherskı Ostroh;;;;;173126;Ostroské Pøedmìstí;614254;Rybáøe;è.p.;58;;;68724;543421.61;1189484.62;2013-12-01T00:00:00
4791941;592749;Uherskı Ostroh;;;;;173126;Ostroské Pøedmìstí;614254;Rybáøe;è.p.;59;;;68724;543416.85;1189478.84;2013-12-01T00:00:00
4791959;592749;Uherskı Ostroh;;;;;173126;Ostroské Pøedmìstí;614254;Rybáøe;è.p.;60;;;68724;543412.18;1189472.34;2013-12-01T00:00:00
4791967;592749;Uherskı Ostroh;;;;;173126;Ostroské Pøedmìstí;614254;Rybáøe;è.p.;61;;;68724;543406.41;1189464.62;2013-12-01T00:00:00
4791975;592749;Uherskı Ostroh;;;;;173126;Ostroské Pøedmìstí;614254;Rybáøe;è.p.;62;;;68724;543401.64;1189456.42;2013-12-01T00:00:00
4791983;592749;Uherskı Ostroh;;;;;173126;Ostroské Pøedmìstí;614254;Rybáøe;è.p.;63;;;68724;543395.72;1189446.99;2013-12-01T00:00:00
4791991;592749;Uherskı Ostroh;;;;;173126;Ostroské Pøedmìstí;614254;Rybáøe;è.p.;64;;;68724;543389.94;1189439.76;2013-12-01T00:00:00
4792009;592749;Uherskı Ostroh;;;;;173126;Ostroské Pøedmìstí;614254;Rybáøe;è.p.;65;;;68724;543380.58;1189434.40;2013-12-01T00:00:00
4792017;592749;Uherskı Ostroh;;;;;173126;Ostroské Pøedmìstí;614254;Rybáøe;è.p.;66;;;68724;543369.48;1189424.74;2013-12-01T00:00:00
4792033;592749;Uherskı Ostroh;;;;;173126;Ostroské Pøedmìstí;614351;Svobodova;è.p.;68;;;68724;543159.53;1189367.41;2013-12-01T00:00:00
4792041;592749;Uherskı Ostroh;;;;;173126;Ostroské Pøedmìstí;614351;Svobodova;è.p.;69;;;68724;543151.68;1189370.83;2013-12-01T00:00:00
4792050;592749;Uherskı Ostroh;;;;;173126;Ostroské Pøedmìstí;614351;Svobodova;è.p.;70;;;68724;543143.17;1189368.37;2013-12-01T00:00:00
4792068;592749;Uherskı Ostroh;;;;;173126;Ostroské Pøedmìstí;614351;Svobodova;è.p.;71;;;68724;543136.01;1189367.65;2013-12-01T00:00:00
4792076;592749;Uherskı Ostroh;;;;;173126;Ostroské Pøedmìstí;614351;Svobodova;è.p.;72;;;68724;543127.89;1189368.63;2013-12-01T00:00:00
4792092;592749;Uherskı Ostroh;;;;;173126;Ostroské Pøedmìstí;614351;Svobodova;è.p.;74;;;68724;543118.63;1189343.72;2013-12-01T00:00:00
4792106;592749;Uherskı Ostroh;;;;;173126;Ostroské Pøedmìstí;614351;Svobodova;è.p.;75;;;68724;543110.62;1189370.81;2013-12-01T00:00:00
4792114;592749;Uherskı Ostroh;;;;;173126;Ostroské Pøedmìstí;614351;Svobodova;è.p.;76;;;68724;543103.30;1189370.34;2013-12-01T00:00:00
4792122;592749;Uherskı Ostroh;;;;;173126;Ostroské Pøedmìstí;614351;Svobodova;è.p.;77;;;68724;543093.33;1189368.87;2013-12-01T00:00:00
4792131;592749;Uherskı Ostroh;;;;;173126;Ostroské Pøedmìstí;614351;Svobodova;è.p.;78;;;68724;543083.45;1189367.98;2013-12-01T00:00:00
4792149;592749;Uherskı Ostroh;;;;;173126;Ostroské Pøedmìstí;614351;Svobodova;è.p.;79;;;68724;543074.26;1189367.49;2013-12-01T00:00:00
4792157;592749;Uherskı Ostroh;;;;;173126;Ostroské Pøedmìstí;614416;Vıhon;è.p.;80;;;68724;543026.33;1189345.97;2013-12-01T00:00:00
4792165;592749;Uherskı Ostroh;;;;;173126;Ostroské Pøedmìstí;614416;Vıhon;è.p.;81;;;68724;543108.01;1189255.09;2013-12-01T00:00:00
4792190;592749;Uherskı Ostroh;;;;;173126;Ostroské Pøedmìstí;614416;Vıhon;è.p.;84;;;68724;543026.09;1189412.52;2013-12-01T00:00:00
4792203;592749;Uherskı Ostroh;;;;;173126;Ostroské Pøedmìstí;614327;Hradišská;è.p.;85;;;68724;542613.92;1189809.71;2013-12-01T00:00:00
4792211;592749;Uherskı Ostroh;;;;;173126;Ostroské Pøedmìstí;614351;Svobodova;è.p.;86;;;68724;543011.78;1189406.57;2013-12-01T00:00:00
4792220;592749;Uherskı Ostroh;;;;;173126;Ostroské Pøedmìstí;614351;Svobodova;è.p.;87;;;68724;543007.29;1189401.55;2013-12-01T00:00:00
4792238;592749;Uherskı Ostroh;;;;;173126;Ostroské Pøedmìstí;614408;Veselská;è.p.;88;;;68724;543000.37;1190539.70;2025-06-24T00:00:00
4792246;592749;Uherskı Ostroh;;;;;173126;Ostroské Pøedmìstí;614211;Dlouhá;è.p.;89;;;68724;543014.44;1189377.93;2013-12-01T00:00:00
4792254;592749;Uherskı Ostroh;;;;;173126;Ostroské Pøedmìstí;614211;Dlouhá;è.p.;90;;;68724;543001.87;1189351.65;2013-12-01T00:00:00
4792271;592749;Uherskı Ostroh;;;;;173126;Ostroské Pøedmìstí;614211;Dlouhá;è.p.;92;;;68724;542979.86;1189338.44;2013-12-01T00:00:00
4792289;592749;Uherskı Ostroh;;;;;173126;Ostroské Pøedmìstí;614211;Dlouhá;è.p.;93;;;68724;542954.56;1189293.93;2013-12-01T00:00:00
4792297;592749;Uherskı Ostroh;;;;;173126;Ostroské Pøedmìstí;614211;Dlouhá;è.p.;94;;;68724;542941.88;1189252.54;2013-12-01T00:00:00
4792301;592749;Uherskı Ostroh;;;;;173126;Ostroské Pøedmìstí;614211;Dlouhá;è.p.;95;;;68724;542933.12;1189242.21;2013-12-01T00:00:00
4792319;592749;Uherskı Ostroh;;;;;173126;Ostroské Pøedmìstí;614211;Dlouhá;è.p.;96;;;68724;542930.32;1189216.94;2013-12-01T00:00:00
4792327;592749;Uherskı Ostroh;;;;;173126;Ostroské Pøedmìstí;614211;Dlouhá;è.p.;97;;;68724;542925.58;1189205.71;2013-12-01T00:00:00
4792335;592749;Uherskı Ostroh;;;;;173126;Ostroské Pøedmìstí;614211;Dlouhá;è.p.;98;;;68724;542913.25;1189179.34;2013-12-01T00:00:00
4792343;592749;Uherskı Ostroh;;;;;173126;Ostroské Pøedmìstí;614211;Dlouhá;è.p.;99;;;68724;542908.09;1189166.42;2013-12-01T00:00:00
4792351;592749;Uherskı Ostroh;;;;;173126;Ostroské Pøedmìstí;614211;Dlouhá;è.p.;100;;;68724;542901.42;1189150.69;2013-12-01T00:00:00
4792360;592749;Uherskı Ostroh;;;;;173126;Ostroské Pøedmìstí;614211;Dlouhá;è.p.;101;;;68724;542893.43;1189126.44;2013-12-01T00:00:00
4792378;592749;Uherskı Ostroh;;;;;173126;Ostroské Pøedmìstí;614211;Dlouhá;è.p.;102;;;68724;542881.45;1189104.46;2013-12-01T00:00:00
4792386;592749;Uherskı Ostroh;;;;;173126;Ostroské Pøedmìstí;614211;Dlouhá;è.p.;103;;;68724;542873.43;1189093.12;2013-12-01T00:00:00
4792394;592749;Uherskı Ostroh;;;;;173126;Ostroské Pøedmìstí;614211;Dlouhá;è.p.;104;;;68724;542868.20;1189078.11;2013-12-01T00:00:00
4792408;592749;Uherskı Ostroh;;;;;173126;Ostroské Pøedmìstí;614211;Dlouhá;è.p.;105;;;68724;542857.98;1189060.74;2013-12-01T00:00:00
4792416;592749;Uherskı Ostroh;;;;;173126;Ostroské Pøedmìstí;614211;Dlouhá;è.p.;106;;;68724;542851.37;1189047.36;2013-12-01T00:00:00
4792432;592749;Uherskı Ostroh;;;;;173126;Ostroské Pøedmìstí;614211;Dlouhá;è.p.;108;;;68724;542815.94;1188993.30;2013-12-01T00:00:00
4792441;592749;Uherskı Ostroh;;;;;173126;Ostroské Pøedmìstí;614211;Dlouhá;è.p.;109;;;68724;542801.24;1189006.84;2013-12-01T00:00:00
4792459;592749;Uherskı Ostroh;;;;;173126;Ostroské Pøedmìstí;614211;Dlouhá;è.p.;110;;;68724;542812.56;1189021.12;2013-12-01T00:00:00
4792467;592749;Uherskı Ostroh;;;;;173126;Ostroské Pøedmìstí;614211;Dlouhá;è.p.;111;;;68724;542829.83;1189046.69;2013-12-01T00:00:00
4792475;592749;Uherskı Ostroh;;;;;173126;Ostroské Pøedmìstí;614211;Dlouhá;è.p.;112;;;68724;542840.31;1189071.41;2013-12-01T00:00:00
4792491;592749;Uherskı Ostroh;;;;;173126;Ostroské Pøedmìstí;614211;Dlouhá;è.p.;114;;;68724;542859.66;1189111.52;2013-12-01T00:00:00
4792505;592749;Uherskı Ostroh;;;;;173126;Ostroské Pøedmìstí;614211;Dlouhá;è.p.;115;;;68724;542867.23;1189126.12;2013-12-01T00:00:00
4792513;592749;Uherskı Ostroh;;;;;173126;Ostroské Pøedmìstí;614211;Dlouhá;è.p.;116;;;68724;542873.01;1189140.94;2013-12-01T00:00:00
4792521;592749;Uherskı Ostroh;;;;;173126;Ostroské Pøedmìstí;614211;Dlouhá;è.p.;117;;;68724;542876.49;1189154.47;2013-12-01T00:00:00
4792530;592749;Uherskı Ostroh;;;;;173126;Ostroské Pøedmìstí;614211;Dlouhá;è.p.;118;;;68724;542881.31;1189171.37;2013-12-01T00:00:00
4792548;592749;Uherskı Ostroh;;;;;173126;Ostroské Pøedmìstí;614211;Dlouhá;è.p.;119;;;68724;542889.47;1189193.29;2013-12-01T00:00:00
4792556;592749;Uherskı Ostroh;;;;;173126;Ostroské Pøedmìstí;614211;Dlouhá;è.p.;120;;;68724;542893.80;1189203.91;2013-12-01T00:00:00
4792564;592749;Uherskı Ostroh;;;;;173126;Ostroské Pøedmìstí;614211;Dlouhá;è.p.;121;;;68724;542901.39;1189225.88;2013-12-01T00:00:00
4792572;592749;Uherskı Ostroh;;;;;173126;Ostroské Pøedmìstí;614211;Dlouhá;è.p.;122;;;68724;542905.17;1189238.25;2013-12-01T00:00:00
4792581;592749;Uherskı Ostroh;;;;;173126;Ostroské Pøedmìstí;614211;Dlouhá;è.p.;123;;;68724;542908.51;1189255.17;2013-12-01T00:00:00
4792599;592749;Uherskı Ostroh;;;;;173126;Ostroské Pøedmìstí;614211;Dlouhá;è.p.;124;;;68724;542913.67;1189270.55;2013-12-01T00:00:00
4792602;592749;Uherskı Ostroh;;;;;173126;Ostroské Pøedmìstí;614211;Dlouhá;è.p.;125;;;68724;542917.80;1189283.15;2013-12-01T00:00:00
4792611;592749;Uherskı Ostroh;;;;;173126;Ostroské Pøedmìstí;614211;Dlouhá;è.p.;126;;;68724;542926.92;1189310.66;2013-12-01T00:00:00
4792629;592749;Uherskı Ostroh;;;;;173126;Ostroské Pøedmìstí;614211;Dlouhá;è.p.;127;;;68724;542932.66;1189330.98;2013-12-01T00:00:00
4792645;592749;Uherskı Ostroh;;;;;173126;Ostroské Pøedmìstí;614211;Dlouhá;è.p.;129;;;68724;542958.91;1189362.22;2013-12-01T00:00:00
4792653;592749;Uherskı Ostroh;;;;;173126;Ostroské Pøedmìstí;614211;Dlouhá;è.p.;130;;;68724;542961.18;1189382.60;2013-12-01T00:00:00
4792661;592749;Uherskı Ostroh;;;;;173126;Ostroské Pøedmìstí;614211;Dlouhá;è.p.;131;;;68724;542970.95;1189400.32;2013-12-01T00:00:00
4792670;592749;Uherskı Ostroh;;;;;173126;Ostroské Pøedmìstí;614211;Dlouhá;è.p.;132;;;68724;542968.74;1189412.48;2013-12-01T00:00:00
4792688;592749;Uherskı Ostroh;;;;;173126;Ostroské Pøedmìstí;614351;Svobodova;è.p.;133;;;68724;542965.91;1189423.51;2013-12-01T00:00:00
4792696;592749;Uherskı Ostroh;;;;;173126;Ostroské Pøedmìstí;614351;Svobodova;è.p.;134;;;68724;542961.61;1189443.71;2013-12-01T00:00:00
4792726;592749;Uherskı Ostroh;;;;;173126;Ostroské Pøedmìstí;614351;Svobodova;è.p.;137;;;68724;542950.52;1189476.31;2013-12-01T00:00:00
4792734;592749;Uherskı Ostroh;;;;;173126;Ostroské Pøedmìstí;614351;Svobodova;è.p.;138;;;68724;542946.46;1189488.55;2013-12-01T00:00:00
4792742;592749;Uherskı Ostroh;;;;;173126;Ostroské Pøedmìstí;614351;Svobodova;è.p.;139;;;68724;542942.33;1189501.52;2013-12-01T00:00:00
4792751;592749;Uherskı Ostroh;;;;;173126;Ostroské Pøedmìstí;614351;Svobodova;è.p.;140;;;68724;542931.62;1189520.87;2013-12-01T00:00:00
4792769;592749;Uherskı Ostroh;;;;;173126;Ostroské Pøedmìstí;614351;Svobodova;è.p.;141;;;68724;542925.25;1189535.52;2013-12-01T00:00:00
4792777;592749;Uherskı Ostroh;;;;;173126;Ostroské Pøedmìstí;614351;Svobodova;è.p.;142;;;68724;542916.31;1189549.17;2013-12-01T00:00:00
4792785;592749;Uherskı Ostroh;;;;;173126;Ostroské Pøedmìstí;614351;Svobodova;è.p.;143;;;68724;542908.96;1189563.61;2013-12-01T00:00:00
4792793;592749;Uherskı Ostroh;;;;;173126;Ostroské Pøedmìstí;614351;Svobodova;è.p.;144;;;68724;542901.06;1189576.77;2013-12-01T00:00:00
4792807;592749;Uherskı Ostroh;;;;;173126;Ostroské Pøedmìstí;614351;Svobodova;è.p.;145;;;68724;542894.20;1189587.66;2013-12-01T00:00:00
4792815;592749;Uherskı Ostroh;;;;;173126;Ostroské Pøedmìstí;614351;Svobodova;è.p.;146;;;68724;542885.94;1189594.82;2013-12-01T00:00:00
4792823;592749;Uherskı Ostroh;;;;;173126;Ostroské Pøedmìstí;614351;Svobodova;è.p.;147;;;68724;542881.50;1189606.28;2013-12-01T00:00:00
4792831;592749;Uherskı Ostroh;;;;;173126;Ostroské Pøedmìstí;614351;Svobodova;è.p.;148;;;68724;542872.54;1189616.93;2013-12-01T00:00:00
4792840;592749;Uherskı Ostroh;;;;;173126;Ostroské Pøedmìstí;614351;Svobodova;è.p.;149;;;68724;542866.24;1189629.21;2013-12-01T00:00:00
4792858;592749;Uherskı Ostroh;;;;;173126;Ostroské Pøedmìstí;614351;Svobodova;è.p.;150;;;68724;542855.59;1189642.28;2013-12-01T00:00:00
4792866;592749;Uherskı Ostroh;;;;;173126;Ostroské Pøedmìstí;614351;Svobodova;è.p.;151;;;68724;542846.14;1189656.65;2013-12-01T00:00:00
4792874;592749;Uherskı Ostroh;;;;;173126;Ostroské Pøedmìstí;614351;Svobodova;è.p.;152;;;68724;542838.80;1189668.34;2013-12-01T00:00:00
4792882;592749;Uherskı Ostroh;;;;;173126;Ostroské Pøedmìstí;614351;Svobodova;è.p.;153;;;68724;542829.82;1189680.65;2013-12-01T00:00:00
4792891;592749;Uherskı Ostroh;;;;;173126;Ostroské Pøedmìstí;614351;Svobodova;è.p.;154;;;68724;542822.51;1189692.22;2013-12-01T00:00:00
4792904;592749;Uherskı Ostroh;;;;;173126;Ostroské Pøedmìstí;614351;Svobodova;è.p.;155;;;68724;542815.18;1189704.81;2013-12-01T00:00:00
4792912;592749;Uherskı Ostroh;;;;;173126;Ostroské Pøedmìstí;614351;Svobodova;è.p.;156;;;68724;542806.23;1189715.29;2013-12-01T00:00:00
4792921;592749;Uherskı Ostroh;;;;;173126;Ostroské Pøedmìstí;614351;Svobodova;è.p.;157;;;68724;542795.41;1189727.31;2013-12-01T00:00:00
4792947;592749;Uherskı Ostroh;;;;;173126;Ostroské Pøedmìstí;614122;Chaloupky;è.p.;160;;;68724;542642.71;1189731.33;2013-12-01T00:00:00
4792963;592749;Uherskı Ostroh;;;;;173126;Ostroské Pøedmìstí;614327;Hradišská;è.p.;162;;;68724;542683.20;1189796.40;2013-12-01T00:00:00
4792971;592749;Uherskı Ostroh;;;;;173126;Ostroské Pøedmìstí;614122;Chaloupky;è.p.;164;;;68724;542737.11;1189770.39;2013-12-01T00:00:00
4792980;592749;Uherskı Ostroh;;;;;173126;Ostroské Pøedmìstí;614351;Svobodova;è.p.;165;;;68724;542754.22;1189775.93;2013-12-01T00:00:00
4792998;592749;Uherskı Ostroh;;;;;173126;Ostroské Pøedmìstí;614068;Blatnická;è.p.;166;;;68724;542665.94;1189858.55;2013-12-01T00:00:00
4793005;592749;Uherskı Ostroh;;;;;173126;Ostroské Pøedmìstí;614327;Hradišská;è.p.;167;;;68724;542651.23;1189815.74;2013-12-01T00:00:00
4793021;592749;Uherskı Ostroh;;;;;173126;Ostroské Pøedmìstí;614327;Hradišská;è.p.;169;;;68724;542721.47;1189811.34;2013-12-01T00:00:00
4793030;592749;Uherskı Ostroh;;;;;173126;Ostroské Pøedmìstí;614033;Dìlièka;è.p.;170;;;68724;543078.48;1189207.75;2013-12-01T00:00:00
4793048;592749;Uherskı Ostroh;;;;;173126;Ostroské Pøedmìstí;614327;Hradišská;è.p.;171;;;68724;542643.75;1189813.41;2013-12-01T00:00:00
4793056;592749;Uherskı Ostroh;;;;;173126;Ostroské Pøedmìstí;614068;Blatnická;è.p.;172;;;68724;542361.83;1190176.59;2013-12-01T00:00:00
4793064;592749;Uherskı Ostroh;;;;;173126;Ostroské Pøedmìstí;614327;Hradišská;è.p.;173;;;68724;542556.23;1189783.74;2013-12-01T00:00:00
4793072;592749;Uherskı Ostroh;;;;;173126;Ostroské Pøedmìstí;614068;Blatnická;è.p.;174;;;68724;542495.23;1190048.92;2013-12-01T00:00:00
4793081;592749;Uherskı Ostroh;;;;;173126;Ostroské Pøedmìstí;614131;Na špici;è.p.;175;;;68724;542814.71;1189805.35;2013-12-01T00:00:00
4793111;592749;Uherskı Ostroh;;;;;173126;Ostroské Pøedmìstí;614068;Blatnická;è.p.;178;;;68724;542520.99;1190023.66;2013-12-01T00:00:00
4793129;592749;Uherskı Ostroh;;;;;173126;Ostroské Pøedmìstí;614068;Blatnická;è.p.;179;;;68724;541989.06;1190539.60;2013-12-01T00:00:00
4793137;592749;Uherskı Ostroh;;;;;173126;Ostroské Pøedmìstí;614131;Na špici;è.p.;180;;;68724;542840.11;1189830.27;2013-12-01T00:00:00
4793153;592749;Uherskı Ostroh;;;;;173126;Ostroské Pøedmìstí;614211;Dlouhá;è.p.;182;;;68724;542833.92;1189007.05;2013-12-01T00:00:00
4793188;592749;Uherskı Ostroh;;;;;173126;Ostroské Pøedmìstí;614122;Chaloupky;è.p.;185;;;68724;542588.41;1189712.84;2013-12-01T00:00:00
4793196;592749;Uherskı Ostroh;;;;;173126;Ostroské Pøedmìstí;614416;Vıhon;è.p.;186;;;68724;543064.26;1189334.47;2013-12-01T00:00:00
4793200;592749;Uherskı Ostroh;;;;;173126;Ostroské Pøedmìstí;614068;Blatnická;è.p.;187;;;68724;542464.03;1190037.97;2013-12-01T00:00:00
4793218;592749;Uherskı Ostroh;;;;;173126;Ostroské Pøedmìstí;614173;Novı Lán;è.p.;188;;;68724;542481.04;1190315.28;2013-12-01T00:00:00
4793226;592749;Uherskı Ostroh;;;;;173126;Ostroské Pøedmìstí;614416;Vıhon;è.p.;189;;;68724;543047.19;1189365.35;2013-12-01T00:00:00
4793234;592749;Uherskı Ostroh;;;;;173126;Ostroské Pøedmìstí;614173;Novı Lán;è.p.;190;;;68724;542538.12;1190440.38;2013-12-01T00:00:00
4793242;592749;Uherskı Ostroh;;;;;173126;Ostroské Pøedmìstí;614416;Vıhon;è.p.;191;;;68724;543044.35;1189374.94;2013-12-01T00:00:00
4793251;592749;Uherskı Ostroh;;;;;173126;Ostroské Pøedmìstí;614084;Lùèka;è.p.;192;;;68724;543189.41;1189451.28;2013-12-01T00:00:00
4793293;592749;Uherskı Ostroh;;;;;173126;Ostroské Pøedmìstí;614254;Rybáøe;è.p.;196;;;68724;543289.54;1189413.61;2013-12-01T00:00:00
4793307;592749;Uherskı Ostroh;;;;;173126;Ostroské Pøedmìstí;614254;Rybáøe;è.p.;197;;;68724;543305.67;1189424.18;2013-12-01T00:00:00
4793315;592749;Uherskı Ostroh;;;;;173126;Ostroské Pøedmìstí;614254;Rybáøe;è.p.;198;;;68724;543478.89;1189578.81;2013-12-01T00:00:00
4793323;592749;Uherskı Ostroh;;;;;173126;Ostroské Pøedmìstí;614254;Rybáøe;è.p.;199;;;68724;543474.03;1189571.94;2013-12-01T00:00:00
4793331;592749;Uherskı Ostroh;;;;;173126;Ostroské Pøedmìstí;614068;Blatnická;è.p.;200;;;68724;542350.97;1190144.54;2013-12-01T00:00:00
4793340;592749;Uherskı Ostroh;;;;;173126;Ostroské Pøedmìstí;614254;Rybáøe;è.p.;201;;;68724;543486.93;1189585.62;2013-12-01T00:00:00
4793358;592749;Uherskı Ostroh;;;;;173126;Ostroské Pøedmìstí;614122;Chaloupky;è.p.;202;;;68724;542654.10;1189734.49;2013-12-01T00:00:00
4793366;592749;Uherskı Ostroh;;;;;173126;Ostroské Pøedmìstí;614122;Chaloupky;è.p.;203;;;68724;542606.40;1189742.46;2013-12-01T00:00:00
4793374;592749;Uherskı Ostroh;;;;;173126;Ostroské Pøedmìstí;614335;Hráza;è.p.;204;;;68724;543097.98;1189130.04;2013-12-01T00:00:00
4793382;592749;Uherskı Ostroh;;;;;173126;Ostroské Pøedmìstí;614122;Chaloupky;è.p.;205;;;68724;542580.97;1189736.76;2013-12-01T00:00:00
4793391;592749;Uherskı Ostroh;;;;;173126;Ostroské Pøedmìstí;614254;Rybáøe;è.p.;206;;;68724;543318.03;1189432.30;2013-12-01T00:00:00
4793404;592749;Uherskı Ostroh;;;;;173126;Ostroské Pøedmìstí;614378;U kina;è.p.;207;;;68724;542875.59;1189717.61;2013-12-01T00:00:00
4793412;592749;Uherskı Ostroh;;;;;173126;Ostroské Pøedmìstí;614254;Rybáøe;è.p.;208;;;68724;543297.19;1189420.60;2013-12-01T00:00:00
4793421;592749;Uherskı Ostroh;;;;;173126;Ostroské Pøedmìstí;614254;Rybáøe;è.p.;209;;;68724;543378.14;1189479.53;2013-12-01T00:00:00
4793439;592749;Uherskı Ostroh;;;;;173126;Ostroské Pøedmìstí;614254;Rybáøe;è.p.;210;;;68724;543329.66;1189439.54;2013-12-01T00:00:00
4793447;592749;Uherskı Ostroh;;;;;173126;Ostroské Pøedmìstí;614122;Chaloupky;è.p.;211;;;68724;542576.93;1189705.24;2013-12-01T00:00:00
4793455;592749;Uherskı Ostroh;;;;;173126;Ostroské Pøedmìstí;614122;Chaloupky;è.p.;212;;;68724;542570.87;1189736.30;2013-12-01T00:00:00
4793471;592749;Uherskı Ostroh;;;;;173126;Ostroské Pøedmìstí;614254;Rybáøe;è.p.;214;;;68724;543429.74;1189563.40;2013-12-01T00:00:00
4793480;592749;Uherskı Ostroh;;;;;173126;Ostroské Pøedmìstí;614335;Hráza;è.p.;216;;;68724;543174.62;1189366.49;2013-12-01T00:00:00
4793498;592749;Uherskı Ostroh;;;;;173126;Ostroské Pøedmìstí;614335;Hráza;è.p.;217;;;68724;543170.24;1189344.41;2013-12-01T00:00:00
4793501;592749;Uherskı Ostroh;;;;;173126;Ostroské Pøedmìstí;614335;Hráza;è.p.;218;;;68724;543166.53;1189329.82;2013-12-01T00:00:00
4793510;592749;Uherskı Ostroh;;;;;173126;Ostroské Pøedmìstí;614254;Rybáøe;è.p.;219;;;68724;543461.60;1189626.94;2013-12-01T00:00:00
4793528;592749;Uherskı Ostroh;;;;;173126;Ostroské Pøedmìstí;614327;Hradišská;è.p.;220;;;68724;542587.76;1189770.02;2013-12-01T00:00:00
4793536;592749;Uherskı Ostroh;;;;;173126;Ostroské Pøedmìstí;614254;Rybáøe;è.p.;221;;;68724;543247.70;1189376.74;2022-11-18T00:00:00
4793544;592749;Uherskı Ostroh;;;;;173126;Ostroské Pøedmìstí;614254;Rybáøe;è.p.;222;;;68724;543306.03;1189386.38;2013-12-01T00:00:00
4793552;592749;Uherskı Ostroh;;;;;173126;Ostroské Pøedmìstí;614254;Rybáøe;è.p.;223;;;68724;543424.54;1189547.11;2013-12-01T00:00:00
4793561;592749;Uherskı Ostroh;;;;;173126;Ostroské Pøedmìstí;614254;Rybáøe;è.p.;224;;;68724;543415.62;1189532.18;2013-12-01T00:00:00
4793579;592749;Uherskı Ostroh;;;;;173126;Ostroské Pøedmìstí;614254;Rybáøe;è.p.;225;;;68724;543411.46;1189522.37;2013-12-01T00:00:00
4793587;592749;Uherskı Ostroh;;;;;173126;Ostroské Pøedmìstí;614254;Rybáøe;è.p.;226;;;68724;543408.26;1189514.83;2013-12-01T00:00:00
4793595;592749;Uherskı Ostroh;;;;;173126;Ostroské Pøedmìstí;614254;Rybáøe;è.p.;227;;;68724;543395.53;1189499.67;2013-12-01T00:00:00
4793609;592749;Uherskı Ostroh;;;;;173126;Ostroské Pøedmìstí;614122;Chaloupky;è.p.;228;;;68724;542539.62;1189734.20;2013-12-01T00:00:00
4793617;592749;Uherskı Ostroh;;;;;173126;Ostroské Pøedmìstí;614122;Chaloupky;è.p.;229;;;68724;542543.47;1189720.22;2013-12-01T00:00:00
4793625;592749;Uherskı Ostroh;;;;;173126;Ostroské Pøedmìstí;614327;Hradišská;è.p.;230;;;68724;542575.73;1189765.42;2013-12-01T00:00:00
4793641;592749;Uherskı Ostroh;;;;;173126;Ostroské Pøedmìstí;614416;Vıhon;è.p.;232;;;68724;543091.61;1189284.85;2022-11-09T00:00:00
4793650;592749;Uherskı Ostroh;;;;;173126;Ostroské Pøedmìstí;614254;Rybáøe;è.p.;233;;;68724;543252.08;1189398.72;2013-12-01T00:00:00
4793668;592749;Uherskı Ostroh;;;;;173126;Ostroské Pøedmìstí;614335;Hráza;è.p.;234;;;68724;543118.73;1189162.98;2013-12-01T00:00:00
4793676;592749;Uherskı Ostroh;;;;;173126;Ostroské Pøedmìstí;614122;Chaloupky;è.p.;235;;;68724;542543.65;1189709.92;2013-12-01T00:00:00
4793684;592749;Uherskı Ostroh;;;;;173126;Ostroské Pøedmìstí;614254;Rybáøe;è.p.;236;;;68724;543452.09;1189607.53;2013-12-01T00:00:00
4793692;592749;Uherskı Ostroh;;;;;173126;Ostroské Pøedmìstí;614254;Rybáøe;è.p.;237;;;68724;543444.96;1189593.34;2013-12-01T00:00:00
4793706;592749;Uherskı Ostroh;;;;;173126;Ostroské Pøedmìstí;614467;Školní;è.p.;238;;;68724;543009.05;1189609.39;2013-12-01T00:00:00
4793722;592749;Uherskı Ostroh;;;;;173126;Ostroské Pøedmìstí;614122;Chaloupky;è.p.;240;;;68724;542530.72;1189732.45;2013-12-01T00:00:00
4793731;592749;Uherskı Ostroh;;;;;173126;Ostroské Pøedmìstí;614122;Chaloupky;è.p.;241;;;68724;542617.05;1189741.82;2013-12-01T00:00:00
4793749;592749;Uherskı Ostroh;;;;;173126;Ostroské Pøedmìstí;614335;Hráza;è.p.;243;;;68724;543154.70;1189294.94;2013-12-01T00:00:00
4793757;592749;Uherskı Ostroh;;;;;173126;Ostroské Pøedmìstí;614122;Chaloupky;è.p.;244;;;68724;542553.41;1189694.43;2013-12-01T00:00:00
4793765;592749;Uherskı Ostroh;;;;;173126;Ostroské Pøedmìstí;614416;Vıhon;è.p.;245;;;68724;543120.30;1189222.83;2013-12-01T00:00:00
4793773;592749;Uherskı Ostroh;;;;;173126;Ostroské Pøedmìstí;614335;Hráza;è.p.;246;;;68724;543155.51;1189281.94;2013-12-01T00:00:00
4793803;592749;Uherskı Ostroh;;;;;173126;Ostroské Pøedmìstí;614211;Dlouhá;è.p.;249;;;68724;542897.05;1189212.03;2013-12-01T00:00:00
4793811;592749;Uherskı Ostroh;;;;;173126;Ostroské Pøedmìstí;614335;Hráza;è.p.;250;;;68724;543150.05;1189255.30;2013-12-01T00:00:00
4793820;592749;Uherskı Ostroh;;;;;173126;Ostroské Pøedmìstí;614335;Hráza;è.p.;251;;;68724;543148.72;1189247.99;2013-12-01T00:00:00
4793838;592749;Uherskı Ostroh;;;;;173126;Ostroské Pøedmìstí;614122;Chaloupky;è.p.;252;;;68724;542552.41;1189685.83;2013-12-01T00:00:00
4793846;592749;Uherskı Ostroh;;;;;173126;Ostroské Pøedmìstí;614122;Chaloupky;è.p.;253;;;68724;542538.07;1189692.74;2013-12-01T00:00:00
4793854;592749;Uherskı Ostroh;;;;;173126;Ostroské Pøedmìstí;614246;Drahová;è.p.;254;;;68724;542598.80;1190278.07;2013-12-01T00:00:00
4793862;592749;Uherskı Ostroh;;;;;173126;Ostroské Pøedmìstí;614335;Hráza;è.p.;255;;;68724;543122.54;1189171.22;2013-12-01T00:00:00
4793871;592749;Uherskı Ostroh;;;;;173126;Ostroské Pøedmìstí;614408;Veselská;è.p.;256;;;68724;542797.67;1189873.24;2013-12-01T00:00:00
4793889;592749;Uherskı Ostroh;;;;;173126;Ostroské Pøedmìstí;614319;Studená;è.p.;257;;;68724;542353.48;1190021.52;2013-12-01T00:00:00
4793897;592749;Uherskı Ostroh;;;;;173126;Ostroské Pøedmìstí;614327;Hradišská;è.p.;258;;;68724;542678.40;1189829.21;2013-12-01T00:00:00
4793901;592749;Uherskı Ostroh;;;;;173126;Ostroské Pøedmìstí;614254;Rybáøe;è.p.;259;;;68724;543448.44;1189599.27;2013-12-01T00:00:00
4793919;592749;Uherskı Ostroh;;;;;173126;Ostroské Pøedmìstí;614335;Hráza;è.p.;260;;;68724;543132.08;1189190.17;2013-12-01T00:00:00
4793927;592749;Uherskı Ostroh;;;;;173126;Ostroské Pøedmìstí;614254;Rybáøe;è.p.;261;;;68724;543272.08;1189375.92;2013-12-01T00:00:00
4793935;592749;Uherskı Ostroh;;;;;173126;Ostroské Pøedmìstí;614122;Chaloupky;è.p.;262;;;68724;542624.76;1189741.63;2013-12-01T00:00:00
4793943;592749;Uherskı Ostroh;;;;;173126;Ostroské Pøedmìstí;614122;Chaloupky;è.p.;263;;;68724;542630.63;1189743.84;2013-12-01T00:00:00
4793951;592749;Uherskı Ostroh;;;;;173126;Ostroské Pøedmìstí;614211;Dlouhá;è.p.;264;;;68724;542887.86;1189121.38;2013-12-01T00:00:00
4793960;592749;Uherskı Ostroh;;;;;173126;Ostroské Pøedmìstí;614335;Hráza;è.p.;265;;;68724;543127.08;1189184.16;2013-12-01T00:00:00
4793978;592749;Uherskı Ostroh;;;;;173126;Ostroské Pøedmìstí;614327;Hradišská;è.p.;266;;;68724;542700.50;1189805.25;2013-12-01T00:00:00
4793994;592749;Uherskı Ostroh;;;;;173126;Ostroské Pøedmìstí;614211;Dlouhá;è.p.;268;;;68724;542951.30;1189284.25;2013-12-01T00:00:00
4794001;592749;Uherskı Ostroh;;;;;173126;Ostroské Pøedmìstí;614335;Hráza;è.p.;269;;;68724;543129.80;1189177.31;2019-09-25T00:00:00
4794010;592749;Uherskı Ostroh;;;;;173126;Ostroské Pøedmìstí;614467;Školní;è.p.;270;;;68724;542995.23;1189595.92;2013-12-01T00:00:00
4794028;592749;Uherskı Ostroh;;;;;173126;Ostroské Pøedmìstí;614254;Rybáøe;è.p.;271;;;68724;543291.14;1189382.48;2013-12-01T00:00:00
4794036;592749;Uherskı Ostroh;;;;;173126;Ostroské Pøedmìstí;614327;Hradišská;è.p.;272;;;68724;542663.14;1189823.46;2013-12-01T00:00:00
4794044;592749;Uherskı Ostroh;;;;;173126;Ostroské Pøedmìstí;614122;Chaloupky;è.p.;273;;;68724;542595.12;1189740.35;2013-12-01T00:00:00
4794052;592749;Uherskı Ostroh;;;;;173126;Ostroské Pøedmìstí;614351;Svobodova;è.p.;274;;;68724;543055.25;1189459.53;2013-12-01T00:00:00
4794061;592749;Uherskı Ostroh;;;;;173126;Ostroské Pøedmìstí;614351;Svobodova;è.p.;275;;;68724;543079.37;1189433.85;2013-12-01T00:00:00
4794079;592749;Uherskı Ostroh;;;;;173126;Ostroské Pøedmìstí;614033;Dìlièka;è.p.;276;;;68724;543086.19;1189192.64;2013-12-01T00:00:00
4794087;592749;Uherskı Ostroh;;;;;173126;Ostroské Pøedmìstí;614033;Dìlièka;è.p.;277;;;68724;543087.27;1189235.60;2013-12-01T00:00:00
4794095;592749;Uherskı Ostroh;;;;;173126;Ostroské Pøedmìstí;614084;Lùèka;è.p.;278;;;68724;543215.59;1189414.68;2013-12-01T00:00:00
4794133;592749;Uherskı Ostroh;;;;;173126;Ostroské Pøedmìstí;614254;Rybáøe;è.p.;282;;;68724;543372.37;1189474.70;2013-12-01T00:00:00
4794141;592749;Uherskı Ostroh;;;;;173126;Ostroské Pøedmìstí;614254;Rybáøe;è.p.;283;;;68724;543361.23;1189417.72;2013-12-01T00:00:00
4794168;592749;Uherskı Ostroh;;;;;173126;Ostroské Pøedmìstí;614416;Vıhon;è.p.;285;;;68724;543069.87;1189329.42;2013-12-01T00:00:00
4794184;592749;Uherskı Ostroh;;;;;173126;Ostroské Pøedmìstí;614416;Vıhon;è.p.;287;;;68724;543083.04;1189298.23;2013-12-01T00:00:00
4794192;592749;Uherskı Ostroh;;;;;173126;Ostroské Pøedmìstí;614416;Vıhon;è.p.;288;;;68724;543089.39;1189288.91;2013-12-01T00:00:00
4794206;592749;Uherskı Ostroh;;;;;173126;Ostroské Pøedmìstí;614211;Dlouhá;è.p.;289;;;68724;542936.49;1189230.06;2013-12-01T00:00:00
4794214;592749;Uherskı Ostroh;;;;;173126;Ostroské Pøedmìstí;614211;Dlouhá;è.p.;290;;;68724;542919.41;1189193.06;2013-12-01T00:00:00
4794222;592749;Uherskı Ostroh;;;;;173126;Ostroské Pøedmìstí;614211;Dlouhá;è.p.;291;;;68724;542895.40;1189135.74;2013-12-01T00:00:00
4794231;592749;Uherskı Ostroh;;;;;173126;Ostroské Pøedmìstí;614211;Dlouhá;è.p.;292;;;68724;542825.94;1189035.75;2013-12-01T00:00:00
4794249;592749;Uherskı Ostroh;;;;;173126;Ostroské Pøedmìstí;614211;Dlouhá;è.p.;293;;;68724;542847.66;1189083.88;2013-12-01T00:00:00
4794257;592749;Uherskı Ostroh;;;;;173126;Ostroské Pøedmìstí;614211;Dlouhá;è.p.;294;;;68724;542905.85;1189247.55;2013-12-01T00:00:00
4794265;592749;Uherskı Ostroh;;;;;173126;Ostroské Pøedmìstí;614211;Dlouhá;è.p.;295;;;68724;542911.14;1189260.85;2013-12-01T00:00:00
4794273;592749;Uherskı Ostroh;;;;;173126;Ostroské Pøedmìstí;614211;Dlouhá;è.p.;296;;;68724;542967.53;1189318.07;2013-12-01T00:00:00
4794290;592749;Uherskı Ostroh;;;;;173126;Ostroské Pøedmìstí;614131;Na špici;è.p.;298;;;68724;542805.50;1189796.44;2013-12-01T00:00:00
4794303;592749;Uherskı Ostroh;;;;;173126;Ostroské Pøedmìstí;614122;Chaloupky;è.p.;299;;;68724;542632.79;1189730.69;2013-12-01T00:00:00
4794311;592749;Uherskı Ostroh;;;;;173126;Ostroské Pøedmìstí;614254;Rybáøe;è.p.;300;;;68724;543275.12;1189408.49;2013-12-01T00:00:00
4794320;592749;Uherskı Ostroh;;;;;173126;Ostroské Pøedmìstí;614351;Svobodova;è.p.;301;;;68724;542748.14;1189783.12;2013-12-01T00:00:00
4794346;592749;Uherskı Ostroh;;;;;173126;Ostroské Pøedmìstí;614327;Hradišská;è.p.;303;;;68724;542308.77;1189553.22;2013-12-01T00:00:00
4794354;592749;Uherskı Ostroh;;;;;173126;Ostroské Pøedmìstí;614408;Veselská;è.p.;304;;;68724;542825.11;1189839.72;2013-12-01T00:00:00
4794362;592749;Uherskı Ostroh;;;;;173126;Ostroské Pøedmìstí;614327;Hradišská;è.p.;305;;;68724;542645.77;1189782.62;2013-12-01T00:00:00
4794371;592749;Uherskı Ostroh;;;;;173126;Ostroské Pøedmìstí;614254;Rybáøe;è.p.;306;;;68724;543420.90;1189541.69;2013-12-01T00:00:00
4794389;592749;Uherskı Ostroh;;;;;173126;Ostroské Pøedmìstí;614416;Vıhon;è.p.;307;;;68724;543113.86;1189243.32;2013-12-01T00:00:00
4794397;592749;Uherskı Ostroh;;;;;173126;Ostroské Pøedmìstí;614459;Ve dvoøe;è.p.;308;;;68724;543052.40;1189856.55;2013-12-01T00:00:00
4794419;592749;Uherskı Ostroh;;;;;173126;Ostroské Pøedmìstí;614327;Hradišská;è.p.;311;;;68724;542021.37;1189637.44;2013-12-01T00:00:00
4794427;592749;Uherskı Ostroh;;;;;173126;Ostroské Pøedmìstí;614289;Sokolovská;è.p.;312;;;68724;543464.32;1189669.41;2013-12-01T00:00:00
4794435;592749;Uherskı Ostroh;;;;;173126;Ostroské Pøedmìstí;614335;Hráza;è.p.;313;;;68724;543111.53;1189150.74;2013-12-01T00:00:00
4794443;592749;Uherskı Ostroh;;;;;173126;Ostroské Pøedmìstí;614335;Hráza;è.p.;315;;;68724;543144.57;1189208.33;2013-12-01T00:00:00
4794451;592749;Uherskı Ostroh;;;;;173126;Ostroské Pøedmìstí;614211;Dlouhá;è.p.;316;;;68724;542930.90;1189322.35;2013-12-01T00:00:00
4794460;592749;Uherskı Ostroh;;;;;173126;Ostroské Pøedmìstí;614254;Rybáøe;è.p.;317;;;68724;543342.07;1189405.92;2013-12-01T00:00:00
4794494;592749;Uherskı Ostroh;;;;;173126;Ostroské Pøedmìstí;614289;Sokolovská;è.p.;321;;;68724;543123.68;1189846.70;2013-12-01T00:00:00
4794508;592749;Uherskı Ostroh;;;;;173126;Ostroské Pøedmìstí;614289;Sokolovská;è.p.;322;;;68724;543114.01;1189856.49;2013-12-01T00:00:00
4794516;592749;Uherskı Ostroh;;;;;173126;Ostroské Pøedmìstí;614211;Dlouhá;è.p.;323;;;68724;542946.95;1189268.08;2013-12-01T00:00:00
4794524;592749;Uherskı Ostroh;;;;;173126;Ostroské Pøedmìstí;614289;Sokolovská;è.p.;324;;;68724;543102.77;1189864.78;2013-12-01T00:00:00
4794532;592749;Uherskı Ostroh;;;;;173126;Ostroské Pøedmìstí;614289;Sokolovská;è.p.;325;;;68724;543092.55;1189869.83;2013-12-01T00:00:00
4794541;592749;Uherskı Ostroh;;;;;173126;Ostroské Pøedmìstí;614459;Ve dvoøe;è.p.;326;;;68724;543052.28;1189815.75;2013-12-01T00:00:00
4794559;592749;Uherskı Ostroh;;;;;173126;Ostroské Pøedmìstí;614289;Sokolovská;è.p.;327;;;68724;543453.27;1189732.98;2013-12-01T00:00:00
4794567;592749;Uherskı Ostroh;;;;;173126;Ostroské Pøedmìstí;614122;Chaloupky;è.p.;328;;;68724;542563.07;1189735.29;2013-12-01T00:00:00
4794575;592749;Uherskı Ostroh;;;;;173126;Ostroské Pøedmìstí;614254;Rybáøe;è.p.;329;;;68724;543260.11;1189373.40;2013-12-01T00:00:00
4794583;592749;Uherskı Ostroh;;;;;173126;Ostroské Pøedmìstí;614254;Rybáøe;è.p.;330;;;68724;543442.55;1189588.01;2013-12-01T00:00:00
4794591;592749;Uherskı Ostroh;;;;;173126;Ostroské Pøedmìstí;614254;Rybáøe;è.p.;331;;;68724;543311.45;1189427.47;2013-12-01T00:00:00
4794613;592749;Uherskı Ostroh;;;;;173126;Ostroské Pøedmìstí;614254;Rybáøe;è.p.;333;;;68724;543427.33;1189555.32;2013-12-01T00:00:00
4794621;592749;Uherskı Ostroh;;;;;173126;Ostroské Pøedmìstí;614254;Rybáøe;è.p.;334;;;68724;543392.04;1189492.38;2014-02-28T00:00:00
4794630;592749;Uherskı Ostroh;;;;;173126;Ostroské Pøedmìstí;614254;Rybáøe;è.p.;335;;;68724;543404.84;1189509.34;2013-12-01T00:00:00
4794648;592749;Uherskı Ostroh;;;;;173126;Ostroské Pøedmìstí;614335;Hráza;è.p.;336;;;68724;543168.99;1189336.78;2013-12-01T00:00:00
4794656;592749;Uherskı Ostroh;;;;;173126;Ostroské Pøedmìstí;614254;Rybáøe;è.p.;337;;;68724;543329.41;1189310.97;2013-12-01T00:00:00
4794664;592749;Uherskı Ostroh;;;;;173126;Ostroské Pøedmìstí;614327;Hradišská;è.p.;338;;;68724;542410.65;1189716.52;2013-12-01T00:00:00
4794681;592749;Uherskı Ostroh;;;;;173126;Ostroské Pøedmìstí;614301;Spodní;è.p.;340;;;68724;542325.92;1189892.99;2013-12-01T00:00:00
4794699;592749;Uherskı Ostroh;;;;;173126;Ostroské Pøedmìstí;614408;Veselská;è.p.;341;;;68724;542771.75;1189796.01;2013-12-01T00:00:00
4794711;592749;Uherskı Ostroh;;;;;173126;Ostroské Pøedmìstí;614327;Hradišská;è.p.;343;;;68724;542564.43;1189761.92;2013-12-01T00:00:00
4794737;592749;Uherskı Ostroh;;;;;173126;Ostroské Pøedmìstí;614459;Ve dvoøe;è.p.;345;;;68724;543042.32;1189800.37;2013-12-01T00:00:00
4794745;592749;Uherskı Ostroh;;;;;173126;Ostroské Pøedmìstí;614459;Ve dvoøe;è.p.;346;;;68724;543030.74;1189785.57;2013-12-01T00:00:00
4794761;592749;Uherskı Ostroh;;;;;173126;Ostroské Pøedmìstí;614335;Hráza;è.p.;348;;;68724;543161.17;1189319.48;2013-12-01T00:00:00
4794770;592749;Uherskı Ostroh;;;;;173126;Ostroské Pøedmìstí;614122;Chaloupky;è.p.;349;;;68724;542565.97;1189695.30;2013-12-01T00:00:00
4794788;592749;Uherskı Ostroh;;;;;173126;Ostroské Pøedmìstí;614254;Rybáøe;è.p.;350;;;68724;543454.32;1189538.30;2013-12-01T00:00:00
4794800;592749;Uherskı Ostroh;;;;;173126;Ostroské Pøedmìstí;614416;Vıhon;è.p.;352;;;68724;543073.99;1189306.34;2013-12-01T00:00:00
4794826;592749;Uherskı Ostroh;;;;;173126;Ostroské Pøedmìstí;614122;Chaloupky;è.p.;354;;;68724;542530.93;1189688.24;2013-12-01T00:00:00
4794834;592749;Uherskı Ostroh;;;;;173126;Ostroské Pøedmìstí;614459;Ve dvoøe;è.p.;355;;;68724;543015.60;1189760.90;2013-12-01T00:00:00
4794842;592749;Uherskı Ostroh;;;;;173126;Ostroské Pøedmìstí;614122;Chaloupky;è.p.;356;;;68724;542626.52;1189729.22;2013-12-01T00:00:00
4794851;592749;Uherskı Ostroh;;;;;173126;Ostroské Pøedmìstí;614122;Chaloupky;è.p.;357;;;68724;542666.54;1189737.06;2013-12-01T00:00:00
4794869;592749;Uherskı Ostroh;;;;;173126;Ostroské Pøedmìstí;614459;Ve dvoøe;è.p.;358;;;68724;542965.32;1189799.55;2013-12-01T00:00:00
4794893;592749;Uherskı Ostroh;;;;;173126;Ostroské Pøedmìstí;614068;Blatnická;è.p.;361;;;68724;542533.61;1190014.74;2013-12-01T00:00:00
4794907;592749;Uherskı Ostroh;;;;;173126;Ostroské Pøedmìstí;614335;Hráza;è.p.;362;;;68724;543132.38;1189195.41;2013-12-01T00:00:00
4794915;592749;Uherskı Ostroh;;;;;173126;Ostroské Pøedmìstí;614122;Chaloupky;è.p.;363;;;68724;542583.95;1189708.35;2013-12-01T00:00:00
4794923;592749;Uherskı Ostroh;;;;;173126;Ostroské Pøedmìstí;614335;Hráza;è.p.;364;;;68724;543151.14;1189239.46;2013-12-01T00:00:00
4794931;592749;Uherskı Ostroh;;;;;173126;Ostroské Pøedmìstí;614211;Dlouhá;è.p.;365;;;68724;542821.99;1189029.02;2013-12-01T00:00:00
4794940;592749;Uherskı Ostroh;;;;;173126;Ostroské Pøedmìstí;614068;Blatnická;è.p.;366;;;68724;542506.79;1190036.75;2013-12-01T00:00:00
4794958;592749;Uherskı Ostroh;;;;;173126;Ostroské Pøedmìstí;614301;Spodní;è.p.;367;;;68724;542308.49;1189892.99;2013-12-01T00:00:00
4794966;592749;Uherskı Ostroh;;;;;173126;Ostroské Pøedmìstí;614254;Rybáøe;è.p.;368;;;68724;543317.34;1189391.85;2013-12-01T00:00:00
4794974;592749;Uherskı Ostroh;;;;;173126;Ostroské Pøedmìstí;614157;Nádraní;è.p.;369;;;68724;542817.16;1190271.17;2013-12-01T00:00:00
4794982;592749;Uherskı Ostroh;;;;;173126;Ostroské Pøedmìstí;614157;Nádraní;è.p.;370;;;68724;542795.62;1190150.63;2013-12-01T00:00:00
4794991;592749;Uherskı Ostroh;;;;;173126;Ostroské Pøedmìstí;614301;Spodní;è.p.;371;;;68724;542290.91;1189895.04;2013-12-01T00:00:00
4795008;592749;Uherskı Ostroh;;;;;173126;Ostroské Pøedmìstí;614327;Hradišská;è.p.;372;;;68724;542368.25;1189615.02;2013-12-01T00:00:00
4795016;592749;Uherskı Ostroh;;;;;173126;Ostroské Pøedmìstí;614254;Rybáøe;è.p.;373;;;68724;543382.60;1189485.08;2013-12-01T00:00:00
4795024;592749;Uherskı Ostroh;;;;;173126;Ostroské Pøedmìstí;614254;Rybáøe;è.p.;374;;;68724;543463.04;1189555.72;2013-12-01T00:00:00
4795032;592749;Uherskı Ostroh;;;;;173126;Ostroské Pøedmìstí;614416;Vıhon;è.p.;375;;;68724;543051.78;1189358.33;2013-12-01T00:00:00
4795041;592749;Uherskı Ostroh;;;;;173126;Ostroské Pøedmìstí;614459;Ve dvoøe;è.p.;376;;;68724;542972.28;1189803.04;2013-12-01T00:00:00
4795059;592749;Uherskı Ostroh;;;;;173126;Ostroské Pøedmìstí;614033;Dìlièka;è.p.;377;;;68724;543082.93;1189200.05;2013-12-01T00:00:00
4795067;592749;Uherskı Ostroh;;;;;173126;Ostroské Pøedmìstí;614271;Fuèíkova;è.p.;378;;;68724;542496.11;1189846.31;2013-12-01T00:00:00
4795075;592749;Uherskı Ostroh;;;;;173126;Ostroské Pøedmìstí;614068;Blatnická;è.p.;379;;;68724;542611.22;1189940.36;2013-12-01T00:00:00
4795083;592749;Uherskı Ostroh;;;;;173126;Ostroské Pøedmìstí;614335;Hráza;è.p.;380;;;68724;543139.63;1189199.95;2013-12-01T00:00:00
4795091;592749;Uherskı Ostroh;;;;;173126;Ostroské Pøedmìstí;614254;Rybáøe;è.p.;381;;;68724;543321.05;1189441.33;2013-12-01T00:00:00
4795105;592749;Uherskı Ostroh;;;;;173126;Ostroské Pøedmìstí;614211;Dlouhá;è.p.;382;;;68724;542943.94;1189260.54;2013-12-01T00:00:00
4795113;592749;Uherskı Ostroh;;;;;173126;Ostroské Pøedmìstí;614068;Blatnická;è.p.;383;;;68724;542322.45;1190214.65;2013-12-01T00:00:00
4795121;592749;Uherskı Ostroh;;;;;173126;Ostroské Pøedmìstí;614408;Veselská;è.p.;384;;;68724;543013.03;1190091.93;2013-12-01T00:00:00
4795130;592749;Uherskı Ostroh;;;;;173126;Ostroské Pøedmìstí;614068;Blatnická;è.p.;385;;;68724;542298.07;1190238.27;2013-12-01T00:00:00
4795148;592749;Uherskı Ostroh;;;;;173126;Ostroské Pøedmìstí;614068;Blatnická;è.p.;386;;;68724;542331.27;1190207.17;2013-12-01T00:00:00
4795156;592749;Uherskı Ostroh;;;;;173126;Ostroské Pøedmìstí;614068;Blatnická;è.p.;387;;;68724;542380.99;1190155.61;2013-12-01T00:00:00
4795164;592749;Uherskı Ostroh;;;;;173126;Ostroské Pøedmìstí;614068;Blatnická;è.p.;389;;;68724;542415.75;1190124.07;2013-12-01T00:00:00
4795172;592749;Uherskı Ostroh;;;;;173126;Ostroské Pøedmìstí;614254;Rybáøe;è.p.;390;;;68724;543281.99;1189362.56;2013-12-01T00:00:00
4795181;592749;Uherskı Ostroh;;;;;173126;Ostroské Pøedmìstí;614122;Chaloupky;è.p.;391;;;68724;542569.73;1189696.80;2013-12-01T00:00:00
4795199;592749;Uherskı Ostroh;;;;;173126;Ostroské Pøedmìstí;614408;Veselská;è.p.;392;;;68724;542745.51;1189886.54;2013-12-01T00:00:00
4795202;592749;Uherskı Ostroh;;;;;173126;Ostroské Pøedmìstí;614068;Blatnická;è.p.;393;;;68724;542512.91;1190030.32;2013-12-01T00:00:00
4795211;592749;Uherskı Ostroh;;;;;173126;Ostroské Pøedmìstí;614068;Blatnická;è.p.;394;;;68724;542604.29;1189946.97;2013-12-01T00:00:00
4795229;592749;Uherskı Ostroh;;;;;173126;Ostroské Pøedmìstí;614068;Blatnická;è.p.;395;;;68724;542453.00;1190088.84;2013-12-01T00:00:00
4795237;592749;Uherskı Ostroh;;;;;173126;Ostroské Pøedmìstí;614254;Rybáøe;è.p.;396;;;68724;543336.45;1189400.97;2013-12-01T00:00:00
4795253;592749;Uherskı Ostroh;;;;;173126;Ostroské Pøedmìstí;614254;Rybáøe;è.p.;398;;;68724;543467.59;1189566.24;2013-12-01T00:00:00
4795270;592749;Uherskı Ostroh;;;;;173126;Ostroské Pøedmìstí;614467;Školní;è.p.;400;;;68724;543094.51;1189669.74;2013-12-01T00:00:00
4795288;592749;Uherskı Ostroh;;;;;173126;Ostroské Pøedmìstí;614211;Dlouhá;è.p.;402;;;68724;542904.65;1189158.17;2013-12-01T00:00:00
4795296;592749;Uherskı Ostroh;;;;;173126;Ostroské Pøedmìstí;614327;Hradišská;è.p.;403;;;68724;542548.73;1189756.49;2013-12-01T00:00:00
4795300;592749;Uherskı Ostroh;;;;;173126;Ostroské Pøedmìstí;614327;Hradišská;è.p.;404;;;68724;542532.15;1189792.30;2013-12-01T00:00:00
4795318;592749;Uherskı Ostroh;;;;;173126;Ostroské Pøedmìstí;614068;Blatnická;è.p.;406;;;68724;542503.09;1190042.87;2013-12-01T00:00:00
4795326;592749;Uherskı Ostroh;;;;;173126;Ostroské Pøedmìstí;614351;Svobodova;è.p.;407;;;68724;543091.98;1189426.43;2013-12-01T00:00:00
4795334;592749;Uherskı Ostroh;;;;;173126;Ostroské Pøedmìstí;614327;Hradišská;è.p.;408;;;68724;542360.56;1189607.18;2013-12-01T00:00:00
4795342;592749;Uherskı Ostroh;;;;;173126;Ostroské Pøedmìstí;614122;Chaloupky;è.p.;409;;;68724;542596.46;1189720.91;2013-12-01T00:00:00
4795351;592749;Uherskı Ostroh;;;;;173126;Ostroské Pøedmìstí;614327;Hradišská;è.p.;410;;;68724;542479.28;1189735.47;2013-12-01T00:00:00
4795369;592749;Uherskı Ostroh;;;;;173126;Ostroské Pøedmìstí;614068;Blatnická;è.p.;411;;;68724;542574.79;1189973.22;2013-12-01T00:00:00
4795377;592749;Uherskı Ostroh;;;;;173126;Ostroské Pøedmìstí;614068;Blatnická;è.p.;412;;;68724;542563.04;1189983.62;2013-12-01T00:00:00
4795385;592749;Uherskı Ostroh;;;;;173126;Ostroské Pøedmìstí;614122;Chaloupky;è.p.;413;;;68724;542655.69;1189757.48;2013-12-01T00:00:00
4795393;592749;Uherskı Ostroh;;;;;173126;Ostroské Pøedmìstí;614254;Rybáøe;è.p.;414;;;68724;543439.73;1189508.47;2013-12-01T00:00:00
4795407;592749;Uherskı Ostroh;;;;;173126;Ostroské Pøedmìstí;614211;Dlouhá;è.p.;415;;;68724;542885.64;1189111.66;2013-12-01T00:00:00
4795423;592749;Uherskı Ostroh;;;;;173126;Ostroské Pøedmìstí;614211;Dlouhá;è.p.;417;;;68724;542847.03;1189034.45;2013-12-01T00:00:00
4795431;592749;Uherskı Ostroh;;;;;173126;Ostroské Pøedmìstí;614254;Rybáøe;è.p.;418;;;68724;543334.85;1189447.35;2013-12-01T00:00:00
4795440;592749;Uherskı Ostroh;;;;;173126;Ostroské Pøedmìstí;614211;Dlouhá;è.p.;419;;;68724;542960.44;1189306.82;2013-12-01T00:00:00
4795458;592749;Uherskı Ostroh;;;;;173126;Ostroské Pøedmìstí;614254;Rybáøe;è.p.;420;;;68724;543460.25;1189548.52;2013-12-01T00:00:00
4795466;592749;Uherskı Ostroh;;;;;173126;Ostroské Pøedmìstí;614351;Svobodova;è.p.;421;;;68724;542967.05;1189433.67;2013-12-01T00:00:00
4795474;592749;Uherskı Ostroh;;;;;173126;Ostroské Pøedmìstí;614122;Chaloupky;è.p.;422;;;68724;542683.01;1189738.85;2013-12-01T00:00:00
4795482;592749;Uherskı Ostroh;;;;;173126;Ostroské Pøedmìstí;614122;Chaloupky;è.p.;423;;;68724;539672.13;1191755.54;2013-12-01T00:00:00
4795491;592749;Uherskı Ostroh;;;;;173126;Ostroské Pøedmìstí;811335;Na Zámecké;è.p.;424;;;68724;543654.05;1190043.15;2013-12-01T00:00:00
4795504;592749;Uherskı Ostroh;;;;;173126;Ostroské Pøedmìstí;614068;Blatnická;è.p.;425;;;68724;542711.12;1189859.38;2013-12-01T00:00:00
4795512;592749;Uherskı Ostroh;;;;;173126;Ostroské Pøedmìstí;614068;Blatnická;è.p.;426;;;68724;542681.52;1189880.53;2013-12-01T00:00:00
4795539;592749;Uherskı Ostroh;;;;;173126;Ostroské Pøedmìstí;614068;Blatnická;è.p.;428;;;68724;542591.04;1189959.23;2013-12-01T00:00:00
4795547;592749;Uherskı Ostroh;;;;;173126;Ostroské Pøedmìstí;614068;Blatnická;è.p.;429;;;68724;542582.05;1189967.09;2013-12-01T00:00:00
4795571;592749;Uherskı Ostroh;;;;;173126;Ostroské Pøedmìstí;614068;Blatnická;è.p.;432;;;68724;542617.31;1189984.20;2013-12-01T00:00:00
4795580;592749;Uherskı Ostroh;;;;;173126;Ostroské Pøedmìstí;614246;Drahová;è.p.;433;;;68724;542647.62;1189935.86;2013-12-01T00:00:00
4795598;592749;Uherskı Ostroh;;;;;173126;Ostroské Pøedmìstí;614068;Blatnická;è.p.;434;;;68724;542424.57;1190116.83;2013-12-01T00:00:00
4795601;592749;Uherskı Ostroh;;;;;173126;Ostroské Pøedmìstí;614335;Hráza;è.p.;435;;;68724;543152.99;1189276.04;2013-12-01T00:00:00
4795610;592749;Uherskı Ostroh;;;;;173126;Ostroské Pøedmìstí;614335;Hráza;è.p.;436;;;68724;543157.34;1189301.16;2013-12-01T00:00:00
4795628;592749;Uherskı Ostroh;;;;;173126;Ostroské Pøedmìstí;614211;Dlouhá;è.p.;437;;;68724;542884.89;1189178.21;2013-12-01T00:00:00
4795644;592749;Uherskı Ostroh;;;;;173126;Ostroské Pøedmìstí;614246;Drahová;è.p.;439;;;68724;542654.76;1189941.06;2013-12-01T00:00:00
4795652;592749;Uherskı Ostroh;;;;;173126;Ostroské Pøedmìstí;614068;Blatnická;è.p.;440;;;68724;542694.56;1189868.24;2013-12-01T00:00:00
4795661;592749;Uherskı Ostroh;;;;;173126;Ostroské Pøedmìstí;614068;Blatnická;è.p.;441;;;68724;542568.46;1189978.53;2013-12-01T00:00:00
4795679;592749;Uherskı Ostroh;;;;;173126;Ostroské Pøedmìstí;614327;Hradišská;è.p.;442;;;68724;542294.52;1189537.73;2013-12-01T00:00:00
4795687;592749;Uherskı Ostroh;;;;;173126;Ostroské Pøedmìstí;614211;Dlouhá;è.p.;443;;;68724;542862.37;1189069.08;2013-12-01T00:00:00
4795709;592749;Uherskı Ostroh;;;;;173126;Ostroské Pøedmìstí;614327;Hradišská;è.p.;445;;;68724;542383.05;1189652.23;2013-12-01T00:00:00
4795717;592749;Uherskı Ostroh;;;;;173126;Ostroské Pøedmìstí;614378;U kina;è.p.;446;;;68724;542893.07;1189732.44;2013-12-01T00:00:00
4795725;592749;Uherskı Ostroh;;;;;173126;Ostroské Pøedmìstí;614173;Novı Lán;è.p.;447;;;68724;542443.43;1190318.36;2013-12-01T00:00:00
4795733;592749;Uherskı Ostroh;;;;;173126;Ostroské Pøedmìstí;614408;Veselská;è.p.;448;;;68724;542758.01;1189861.35;2013-12-01T00:00:00
4795741;592749;Uherskı Ostroh;;;;;173126;Ostroské Pøedmìstí;614408;Veselská;è.p.;449;;;68724;542756.22;1189825.87;2013-12-01T00:00:00
4795750;592749;Uherskı Ostroh;;;;;173126;Ostroské Pøedmìstí;614327;Hradišská;è.p.;450;;;68724;542425.47;1189680.32;2022-12-13T00:00:00
4795768;592749;Uherskı Ostroh;;;;;173126;Ostroské Pøedmìstí;614157;Nádraní;è.p.;451;;;68724;542670.44;1189893.47;2013-12-01T00:00:00
4795776;592749;Uherskı Ostroh;;;;;173126;Ostroské Pøedmìstí;614157;Nádraní;è.p.;452;;;68724;542680.25;1189901.20;2013-12-01T00:00:00
4795784;592749;Uherskı Ostroh;;;;;173126;Ostroské Pøedmìstí;614157;Nádraní;è.p.;453;;;68724;542689.65;1189908.65;2013-12-01T00:00:00
4795792;592749;Uherskı Ostroh;;;;;173126;Ostroské Pøedmìstí;614246;Drahová;è.p.;454;;;68724;542694.11;1189994.21;2013-12-01T00:00:00
4795806;592749;Uherskı Ostroh;;;;;173126;Ostroské Pøedmìstí;614122;Chaloupky;è.p.;455;;;68724;542636.50;1189755.36;2013-12-01T00:00:00
4795814;592749;Uherskı Ostroh;;;;;173126;Ostroské Pøedmìstí;614084;Lùèka;è.p.;456;;;68724;543200.19;1189458.89;2013-12-01T00:00:00
4795822;592749;Uherskı Ostroh;;;;;173126;Ostroské Pøedmìstí;614068;Blatnická;è.p.;457;;;68724;542399.46;1190140.14;2013-12-01T00:00:00
4795831;592749;Uherskı Ostroh;;;;;173126;Ostroské Pøedmìstí;614408;Veselská;è.p.;458;;;68724;542776.32;1189872.22;2013-12-01T00:00:00
4795849;592749;Uherskı Ostroh;;;;;173126;Ostroské Pøedmìstí;614246;Drahová;è.p.;459;;;68724;542619.15;1190202.34;2013-12-01T00:00:00
4795857;592749;Uherskı Ostroh;;;;;173126;Ostroské Pøedmìstí;614327;Hradišská;è.p.;460;;;68724;542570.93;1189789.92;2013-12-01T00:00:00
4795865;592749;Uherskı Ostroh;;;;;173126;Ostroské Pøedmìstí;614211;Dlouhá;è.p.;461;;;68724;542949.73;1189275.91;2013-12-01T00:00:00
4795890;592749;Uherskı Ostroh;;;;;173126;Ostroské Pøedmìstí;614467;Školní;è.p.;464;;;68724;543123.03;1189599.70;2013-12-01T00:00:00
4795903;592749;Uherskı Ostroh;;;;;173126;Ostroské Pøedmìstí;614408;Veselská;è.p.;465;;;68724;542758.66;1189891.42;2013-12-01T00:00:00
4795920;592749;Uherskı Ostroh;;;;;173126;Ostroské Pøedmìstí;614246;Drahová;è.p.;467;;;68724;542662.83;1189949.61;2013-12-01T00:00:00
4795938;592749;Uherskı Ostroh;;;;;173126;Ostroské Pøedmìstí;614238;Prostøední;è.p.;468;;;68724;542275.23;1190028.77;2013-12-01T00:00:00
4795946;592749;Uherskı Ostroh;;;;;173126;Ostroské Pøedmìstí;614068;Blatnická;è.p.;469;;;68724;542485.20;1190057.37;2013-12-01T00:00:00
4795954;592749;Uherskı Ostroh;;;;;173126;Ostroské Pøedmìstí;614246;Drahová;è.p.;470;;;68724;542682.82;1190041.31;2013-12-01T00:00:00
4795962;592749;Uherskı Ostroh;;;;;173126;Ostroské Pøedmìstí;614408;Veselská;è.p.;471;;;68724;542979.95;1189900.10;2013-12-01T00:00:00
4795971;592749;Uherskı Ostroh;;;;;173126;Ostroské Pøedmìstí;614157;Nádraní;è.p.;472;;;68724;542699.46;1189916.24;2013-12-01T00:00:00
4795989;592749;Uherskı Ostroh;;;;;173126;Ostroské Pøedmìstí;614157;Nádraní;è.p.;473;;;68724;542863.41;1189968.41;2023-06-16T00:00:00
4795997;592749;Uherskı Ostroh;;;;;173126;Ostroské Pøedmìstí;614408;Veselská;è.p.;474;;;68724;542765.26;1189891.14;2013-12-01T00:00:00
4796004;592749;Uherskı Ostroh;;;;;173126;Ostroské Pøedmìstí;614246;Drahová;è.p.;475;;;68724;542685.26;1190034.43;2013-12-01T00:00:00
4796012;592749;Uherskı Ostroh;;;;;173126;Ostroské Pøedmìstí;614335;Hráza;è.p.;476;;;68724;543157.81;1189288.62;2013-12-01T00:00:00
4796039;592749;Uherskı Ostroh;;;;;173126;Ostroské Pøedmìstí;614408;Veselská;è.p.;478;;;68724;542912.22;1189937.09;2013-12-01T00:00:00
4796047;592749;Uherskı Ostroh;;;;;173126;Ostroské Pøedmìstí;614416;Vıhon;è.p.;479;;;68724;543045.57;1189355.28;2013-12-01T00:00:00
4796055;592749;Uherskı Ostroh;;;;;173126;Ostroské Pøedmìstí;614246;Drahová;è.p.;480;;;68724;542680.99;1189975.40;2013-12-01T00:00:00
4796063;592749;Uherskı Ostroh;;;;;173126;Ostroské Pøedmìstí;614467;Školní;è.p.;481;;;68724;543087.51;1189628.81;2013-12-01T00:00:00
4796071;592749;Uherskı Ostroh;;;;;173126;Ostroské Pøedmìstí;614467;Školní;è.p.;482;;;68724;543051.00;1189651.91;2013-12-01T00:00:00
4796080;592749;Uherskı Ostroh;;;;;173126;Ostroské Pøedmìstí;614246;Drahová;è.p.;483;;;68724;542686.94;1190025.87;2013-12-01T00:00:00
4796098;592749;Uherskı Ostroh;;;;;173126;Ostroské Pøedmìstí;614246;Drahová;è.p.;484;;;68724;542675.59;1190056.71;2013-12-01T00:00:00
4796101;592749;Uherskı Ostroh;;;;;173126;Ostroské Pøedmìstí;614246;Drahová;è.p.;485;;;68724;542673.00;1190067.71;2013-12-01T00:00:00
4796110;592749;Uherskı Ostroh;;;;;173126;Ostroské Pøedmìstí;614246;Drahová;è.p.;486;;;68724;542663.51;1190175.46;2013-12-01T00:00:00
4796136;592749;Uherskı Ostroh;;;;;173126;Ostroské Pøedmìstí;614068;Blatnická;è.p.;488;;;68724;542624.70;1189973.06;2013-12-01T00:00:00
4796144;592749;Uherskı Ostroh;;;;;173126;Ostroské Pøedmìstí;614246;Drahová;è.p.;489;;;68724;542679.71;1190048.14;2013-12-01T00:00:00
4796152;592749;Uherskı Ostroh;;;;;173126;Ostroské Pøedmìstí;614220;Pøíèní;è.p.;490;;;68724;542660.80;1190094.62;2013-12-01T00:00:00
4796161;592749;Uherskı Ostroh;;;;;173126;Ostroské Pøedmìstí;614157;Nádraní;è.p.;491;;;68724;542709.14;1189923.83;2013-12-01T00:00:00
4796179;592749;Uherskı Ostroh;;;;;173126;Ostroské Pøedmìstí;614211;Dlouhá;è.p.;492;;;68724;542840.56;1189016.40;2013-12-01T00:00:00
4796187;592749;Uherskı Ostroh;;;;;173126;Ostroské Pøedmìstí;614246;Drahová;è.p.;493;;;68724;542668.73;1190077.80;2013-12-01T00:00:00
4796195;592749;Uherskı Ostroh;;;;;173126;Ostroské Pøedmìstí;614068;Blatnická;è.p.;494;;;68724;542389.58;1190148.51;2013-12-01T00:00:00
4796209;592749;Uherskı Ostroh;;;;;173126;Ostroské Pøedmìstí;614246;Drahová;è.p.;495;;;68724;542646.75;1190133.98;2013-12-01T00:00:00
4796217;592749;Uherskı Ostroh;;;;;173126;Ostroské Pøedmìstí;614211;Dlouhá;è.p.;496;;;68724;542833.92;1189059.31;2013-12-01T00:00:00
4796225;592749;Uherskı Ostroh;;;;;173126;Ostroské Pøedmìstí;614327;Hradišská;è.p.;497;;;68724;542439.46;1189692.17;2013-12-01T00:00:00
4796233;592749;Uherskı Ostroh;;;;;173126;Ostroské Pøedmìstí;614378;U kina;è.p.;498;;;68724;542853.92;1189728.39;2013-12-01T00:00:00
4796241;592749;Uherskı Ostroh;;;;;173126;Ostroské Pøedmìstí;614068;Blatnická;è.p.;499;;;68724;542554.97;1189991.25;2013-12-01T00:00:00
4796250;592749;Uherskı Ostroh;;;;;173126;Ostroské Pøedmìstí;614211;Dlouhá;è.p.;500;;;68724;542879.35;1189162.15;2013-12-01T00:00:00
4796268;592749;Uherskı Ostroh;;;;;173126;Ostroské Pøedmìstí;614068;Blatnická;è.p.;501;;;68724;542547.02;1189999.92;2013-12-01T00:00:00
4796276;592749;Uherskı Ostroh;;;;;173126;Ostroské Pøedmìstí;614068;Blatnická;è.p.;502;;;68724;542681.06;1189847.74;2013-12-01T00:00:00
4796284;592749;Uherskı Ostroh;;;;;173126;Ostroské Pøedmìstí;614351;Svobodova;è.p.;503;;;68724;542940.10;1189509.05;2013-12-01T00:00:00
4796292;592749;Uherskı Ostroh;;;;;173126;Ostroské Pøedmìstí;614068;Blatnická;è.p.;504;;;68724;542629.31;1189928.01;2013-12-01T00:00:00
4796306;592749;Uherskı Ostroh;;;;;173126;Ostroské Pøedmìstí;614157;Nádraní;è.p.;505;;;68724;542717.97;1189931.70;2013-12-01T00:00:00
4796314;592749;Uherskı Ostroh;;;;;173126;Ostroské Pøedmìstí;614157;Nádraní;è.p.;506;;;68724;542728.49;1189941.54;2013-12-01T00:00:00
4796322;592749;Uherskı Ostroh;;;;;173126;Ostroské Pøedmìstí;614157;Nádraní;è.p.;507;;;68724;542738.10;1189951.11;2013-12-01T00:00:00
4796331;592749;Uherskı Ostroh;;;;;173126;Ostroské Pøedmìstí;614246;Drahová;è.p.;508;;;68724;542666.06;1190084.72;2013-12-01T00:00:00
4796349;592749;Uherskı Ostroh;;;;;173126;Ostroské Pøedmìstí;614327;Hradišská;è.p.;509;;;68724;542409.48;1189667.45;2013-12-01T00:00:00
4796357;592749;Uherskı Ostroh;;;;;173126;Ostroské Pøedmìstí;614327;Hradišská;è.p.;510;;;68724;542407.26;1189654.18;2013-12-01T00:00:00
4796365;592749;Uherskı Ostroh;;;;;173126;Ostroské Pøedmìstí;614394;Jiráskova;è.p.;511;;;68724;542592.39;1189903.77;2013-12-01T00:00:00
4796373;592749;Uherskı Ostroh;;;;;173126;Ostroské Pøedmìstí;614068;Blatnická;è.p.;512;;;68724;542599.01;1189914.61;2013-12-01T00:00:00
4796381;592749;Uherskı Ostroh;;;;;173126;Ostroské Pøedmìstí;614068;Blatnická;è.p.;513;;;68724;542580.24;1189930.77;2013-12-01T00:00:00
4796390;592749;Uherskı Ostroh;;;;;173126;Ostroské Pøedmìstí;614068;Blatnická;è.p.;514;;;68724;542572.07;1189938.96;2013-12-01T00:00:00
4796403;592749;Uherskı Ostroh;;;;;173126;Ostroské Pøedmìstí;614068;Blatnická;è.p.;515;;;68724;542563.46;1189947.04;2013-12-01T00:00:00
4796411;592749;Uherskı Ostroh;;;;;173126;Ostroské Pøedmìstí;614068;Blatnická;è.p.;516;;;68724;542554.96;1189956.11;2013-12-01T00:00:00
4796420;592749;Uherskı Ostroh;;;;;173126;Ostroské Pøedmìstí;614068;Blatnická;è.p.;517;;;68724;542534.87;1189971.49;2013-12-01T00:00:00
4796438;592749;Uherskı Ostroh;;;;;173126;Ostroské Pøedmìstí;614068;Blatnická;è.p.;518;;;68724;542520.03;1189988.11;2013-12-01T00:00:00
4796446;592749;Uherskı Ostroh;;;;;173126;Ostroské Pøedmìstí;614068;Blatnická;è.p.;519;;;68724;542501.25;1190003.63;2013-12-01T00:00:00
4796454;592749;Uherskı Ostroh;;;;;173126;Ostroské Pøedmìstí;614068;Blatnická;è.p.;520;;;68724;542490.40;1190011.01;2013-12-01T00:00:00
4796462;592749;Uherskı Ostroh;;;;;173126;Ostroské Pøedmìstí;614068;Blatnická;è.p.;521;;;68724;542482.81;1190020.66;2013-12-01T00:00:00
4796471;592749;Uherskı Ostroh;;;;;173126;Ostroské Pøedmìstí;614068;Blatnická;è.p.;522;;;68724;542472.75;1190029.11;2013-12-01T00:00:00
4796489;592749;Uherskı Ostroh;;;;;173126;Ostroské Pøedmìstí;614394;Jiráskova;è.p.;523;;;68724;542444.54;1189999.67;2013-12-01T00:00:00
4796497;592749;Uherskı Ostroh;;;;;173126;Ostroské Pøedmìstí;614394;Jiráskova;è.p.;524;;;68724;542457.11;1189989.37;2013-12-01T00:00:00
4796501;592749;Uherskı Ostroh;;;;;173126;Ostroské Pøedmìstí;614394;Jiráskova;è.p.;525;;;68724;542464.30;1189981.87;2013-12-01T00:00:00
4796519;592749;Uherskı Ostroh;;;;;173126;Ostroské Pøedmìstí;614394;Jiráskova;è.p.;526;;;68724;542474.22;1189974.43;2013-12-01T00:00:00
4796527;592749;Uherskı Ostroh;;;;;173126;Ostroské Pøedmìstí;614394;Jiráskova;è.p.;527;;;68724;542490.04;1189977.25;2013-12-01T00:00:00
4796535;592749;Uherskı Ostroh;;;;;173126;Ostroské Pøedmìstí;614394;Jiráskova;è.p.;528;;;68724;542500.22;1189967.51;2013-12-01T00:00:00
4796543;592749;Uherskı Ostroh;;;;;173126;Ostroské Pøedmìstí;614394;Jiráskova;è.p.;529;;;68724;542517.54;1189951.47;2013-12-01T00:00:00
4796551;592749;Uherskı Ostroh;;;;;173126;Ostroské Pøedmìstí;614394;Jiráskova;è.p.;530;;;68724;542527.37;1189943.72;2013-12-01T00:00:00
4796560;592749;Uherskı Ostroh;;;;;173126;Ostroské Pøedmìstí;614394;Jiráskova;è.p.;531;;;68724;542528.14;1189926.24;2013-12-01T00:00:00
4796578;592749;Uherskı Ostroh;;;;;173126;Ostroské Pøedmìstí;614394;Jiráskova;è.p.;532;;;68724;542536.86;1189917.83;2013-12-01T00:00:00
4796586;592749;Uherskı Ostroh;;;;;173126;Ostroské Pøedmìstí;614394;Jiráskova;è.p.;533;;;68724;542545.14;1189909.41;2013-12-01T00:00:00
4796594;592749;Uherskı Ostroh;;;;;173126;Ostroské Pøedmìstí;614394;Jiráskova;è.p.;534;;;68724;542554.52;1189901.33;2013-12-01T00:00:00
4796608;592749;Uherskı Ostroh;;;;;173126;Ostroské Pøedmìstí;614394;Jiráskova;è.p.;535;;;68724;542564.02;1189893.48;2013-12-01T00:00:00
4796616;592749;Uherskı Ostroh;;;;;173126;Ostroské Pøedmìstí;614394;Jiráskova;è.p.;536;;;68724;542549.85;1189878.55;2013-12-01T00:00:00
4796624;592749;Uherskı Ostroh;;;;;173126;Ostroské Pøedmìstí;614394;Jiráskova;è.p.;537;;;68724;542542.53;1189883.80;2013-12-01T00:00:00
4796632;592749;Uherskı Ostroh;;;;;173126;Ostroské Pøedmìstí;614394;Jiráskova;è.p.;538;;;68724;542532.26;1189893.41;2013-12-01T00:00:00
4796641;592749;Uherskı Ostroh;;;;;173126;Ostroské Pøedmìstí;614394;Jiráskova;è.p.;539;;;68724;542523.04;1189901.87;2013-12-01T00:00:00
4796659;592749;Uherskı Ostroh;;;;;173126;Ostroské Pøedmìstí;614394;Jiráskova;è.p.;540;;;68724;542513.07;1189911.77;2013-12-01T00:00:00
4796667;592749;Uherskı Ostroh;;;;;173126;Ostroské Pøedmìstí;614394;Jiráskova;è.p.;541;;;68724;542496.50;1189911.23;2013-12-01T00:00:00
4796675;592749;Uherskı Ostroh;;;;;173126;Ostroské Pøedmìstí;614394;Jiráskova;è.p.;542;;;68724;542486.21;1189917.97;2013-12-01T00:00:00
4796683;592749;Uherskı Ostroh;;;;;173126;Ostroské Pøedmìstí;614394;Jiráskova;è.p.;543;;;68724;542471.87;1189933.31;2013-12-01T00:00:00
4796691;592749;Uherskı Ostroh;;;;;173126;Ostroské Pøedmìstí;614394;Jiráskova;è.p.;544;;;68724;542461.65;1189942.10;2013-12-01T00:00:00
4796705;592749;Uherskı Ostroh;;;;;173126;Ostroské Pøedmìstí;614394;Jiráskova;è.p.;545;;;68724;542458.94;1189959.71;2013-12-01T00:00:00
4796713;592749;Uherskı Ostroh;;;;;173126;Ostroské Pøedmìstí;614394;Jiráskova;è.p.;546;;;68724;542450.54;1189967.74;2013-12-01T00:00:00
4796721;592749;Uherskı Ostroh;;;;;173126;Ostroské Pøedmìstí;614394;Jiráskova;è.p.;547;;;68724;542441.23;1189975.77;2013-12-01T00:00:00
4796730;592749;Uherskı Ostroh;;;;;173126;Ostroské Pøedmìstí;614394;Jiráskova;è.p.;548;;;68724;542432.75;1189984.02;2013-12-01T00:00:00
4796748;592749;Uherskı Ostroh;;;;;173126;Ostroské Pøedmìstí;614271;Fuèíkova;è.p.;549;;;68724;542407.17;1189954.03;2013-12-01T00:00:00
4796756;592749;Uherskı Ostroh;;;;;173126;Ostroské Pøedmìstí;614271;Fuèíkova;è.p.;550;;;68724;542414.74;1189946.91;2013-12-01T00:00:00
4796764;592749;Uherskı Ostroh;;;;;173126;Ostroské Pøedmìstí;614271;Fuèíkova;è.p.;551;;;68724;542423.22;1189938.28;2013-12-01T00:00:00
4796772;592749;Uherskı Ostroh;;;;;173126;Ostroské Pøedmìstí;614271;Fuèíkova;è.p.;552;;;68724;542435.09;1189929.75;2013-12-01T00:00:00
4796781;592749;Uherskı Ostroh;;;;;173126;Ostroské Pøedmìstí;614271;Fuèíkova;è.p.;553;;;68724;542452.57;1189913.39;2013-12-01T00:00:00
4796799;592749;Uherskı Ostroh;;;;;173126;Ostroské Pøedmìstí;614271;Fuèíkova;è.p.;554;;;68724;542468.59;1189900.40;2013-12-01T00:00:00
4796802;592749;Uherskı Ostroh;;;;;173126;Ostroské Pøedmìstí;614271;Fuèíkova;è.p.;555;;;68724;542488.11;1189881.62;2013-12-01T00:00:00
4796811;592749;Uherskı Ostroh;;;;;173126;Ostroské Pøedmìstí;614271;Fuèíkova;è.p.;556;;;68724;542494.62;1189873.90;2013-12-01T00:00:00
4796829;592749;Uherskı Ostroh;;;;;173126;Ostroské Pøedmìstí;614271;Fuèíkova;è.p.;557;;;68724;542503.69;1189864.66;2013-12-01T00:00:00
4796837;592749;Uherskı Ostroh;;;;;173126;Ostroské Pøedmìstí;614271;Fuèíkova;è.p.;558;;;68724;542515.93;1189854.37;2013-12-01T00:00:00
4796845;592749;Uherskı Ostroh;;;;;173126;Ostroské Pøedmìstí;614271;Fuèíkova;è.p.;559;;;68724;542392.98;1189937.25;2013-12-01T00:00:00
4796853;592749;Uherskı Ostroh;;;;;173126;Ostroské Pøedmìstí;614271;Fuèíkova;è.p.;560;;;68724;542403.25;1189930.46;2013-12-01T00:00:00
4796861;592749;Uherskı Ostroh;;;;;173126;Ostroské Pøedmìstí;614271;Fuèíkova;è.p.;561;;;68724;542409.74;1189920.63;2013-12-01T00:00:00
4796870;592749;Uherskı Ostroh;;;;;173126;Ostroské Pøedmìstí;614271;Fuèíkova;è.p.;562;;;68724;542420.91;1189912.48;2013-12-01T00:00:00
4796888;592749;Uherskı Ostroh;;;;;173126;Ostroské Pøedmìstí;614271;Fuèíkova;è.p.;563;;;68724;542429.22;1189906.58;2013-12-01T00:00:00
4796896;592749;Uherskı Ostroh;;;;;173126;Ostroské Pøedmìstí;614271;Fuèíkova;è.p.;564;;;68724;542439.33;1189897.06;2013-12-01T00:00:00
4796900;592749;Uherskı Ostroh;;;;;173126;Ostroské Pøedmìstí;614271;Fuèíkova;è.p.;565;;;68724;542455.94;1189882.18;2013-12-01T00:00:00
4796918;592749;Uherskı Ostroh;;;;;173126;Ostroské Pøedmìstí;614327;Hradišská;è.p.;566;;;68724;542454.32;1189709.80;2013-12-01T00:00:00
4796926;592749;Uherskı Ostroh;;;;;173126;Ostroské Pøedmìstí;614271;Fuèíkova;è.p.;567;;;68724;542488.26;1189853.33;2013-12-01T00:00:00
4796934;592749;Uherskı Ostroh;;;;;173126;Ostroské Pøedmìstí;614068;Blatnická;è.p.;568;;;68724;542615.83;1189963.36;2013-12-01T00:00:00
4796942;592749;Uherskı Ostroh;;;;;173126;Ostroské Pøedmìstí;614327;Hradišská;è.p.;569;;;68724;542582.84;1189794.83;2013-12-01T00:00:00
4796951;592749;Uherskı Ostroh;;;;;173126;Ostroské Pøedmìstí;614271;Fuèíkova;è.p.;570;;;68724;542417.38;1189917.00;2013-12-01T00:00:00
4796969;592749;Uherskı Ostroh;;;;;173126;Ostroské Pøedmìstí;614246;Drahová;è.p.;571;;;68724;542641.97;1190148.73;2013-12-01T00:00:00
4796977;592749;Uherskı Ostroh;;;;;173126;Ostroské Pøedmìstí;614327;Hradišská;è.p.;572;;;68724;542422.78;1189708.44;2013-12-01T00:00:00
4796985;592749;Uherskı Ostroh;;;;;173126;Ostroské Pøedmìstí;614271;Fuèíkova;è.p.;573;;;68724;542474.52;1189862.69;2013-12-01T00:00:00
4796993;592749;Uherskı Ostroh;;;;;173126;Ostroské Pøedmìstí;614271;Fuèíkova;è.p.;574;;;68724;542469.83;1189867.52;2013-12-01T00:00:00
4797001;592749;Uherskı Ostroh;;;;;173126;Ostroské Pøedmìstí;614271;Fuèíkova;è.p.;575;;;68724;542465.30;1189873.64;2013-12-01T00:00:00
4797019;592749;Uherskı Ostroh;;;;;173126;Ostroské Pøedmìstí;614220;Pøíèní;è.p.;576;;;68724;542576.06;1190026.13;2013-12-01T00:00:00
4797027;592749;Uherskı Ostroh;;;;;173126;Ostroské Pøedmìstí;614157;Nádraní;è.p.;577;;;68724;542750.58;1189978.83;2013-12-01T00:00:00
4797035;592749;Uherskı Ostroh;;;;;173126;Ostroské Pøedmìstí;614319;Studená;è.p.;578;;;68724;542328.80;1189940.49;2013-12-01T00:00:00
4797043;592749;Uherskı Ostroh;;;;;173126;Ostroské Pøedmìstí;614319;Studená;è.p.;579;;;68724;542376.80;1190012.42;2013-12-01T00:00:00
4797051;592749;Uherskı Ostroh;;;;;173126;Ostroské Pøedmìstí;614301;Spodní;è.p.;580;;;68724;542256.76;1189933.92;2013-12-01T00:00:00
4797060;592749;Uherskı Ostroh;;;;;173126;Ostroské Pøedmìstí;614319;Studená;è.p.;581;;;68724;542377.31;1190048.24;2013-12-01T00:00:00
4797078;592749;Uherskı Ostroh;;;;;173126;Ostroské Pøedmìstí;614301;Spodní;è.p.;582;;;68724;542274.71;1189921.84;2013-12-01T00:00:00
4797094;592749;Uherskı Ostroh;;;;;173126;Ostroské Pøedmìstí;614301;Spodní;è.p.;584;;;68724;542186.80;1189985.75;2013-12-01T00:00:00
4797108;592749;Uherskı Ostroh;;;;;173126;Ostroské Pøedmìstí;614301;Spodní;è.p.;585;;;68724;542233.38;1189949.85;2013-12-01T00:00:00
4797116;592749;Uherskı Ostroh;;;;;173126;Ostroské Pøedmìstí;614394;Jiráskova;è.p.;586;;;68724;542387.06;1190022.99;2013-12-01T00:00:00
4797124;592749;Uherskı Ostroh;;;;;173126;Ostroské Pøedmìstí;614319;Studená;è.p.;587;;;68724;542370.13;1190004.19;2013-12-01T00:00:00
4797132;592749;Uherskı Ostroh;;;;;173126;Ostroské Pøedmìstí;614319;Studená;è.p.;588;;;68724;542342.45;1189957.85;2013-12-01T00:00:00
4797141;592749;Uherskı Ostroh;;;;;173126;Ostroské Pøedmìstí;614301;Spodní;è.p.;589;;;68724;542237.68;1189921.01;2013-12-01T00:00:00
4797159;592749;Uherskı Ostroh;;;;;173126;Ostroské Pøedmìstí;614238;Prostøední;è.p.;590;;;68724;542319.32;1190005.29;2013-12-01T00:00:00
4797167;592749;Uherskı Ostroh;;;;;173126;Ostroské Pøedmìstí;614394;Jiráskova;è.p.;591;;;68724;542423.69;1189993.00;2013-12-01T00:00:00
4797175;592749;Uherskı Ostroh;;;;;173126;Ostroské Pøedmìstí;614068;Blatnická;è.p.;592;;;68724;542403.81;1190094.74;2013-12-01T00:00:00
4797183;592749;Uherskı Ostroh;;;;;173126;Ostroské Pøedmìstí;614319;Studená;è.p.;593;;;68724;542368.41;1190039.49;2013-12-01T00:00:00
4797191;592749;Uherskı Ostroh;;;;;173126;Ostroské Pøedmìstí;614238;Prostøední;è.p.;594;;;68724;542246.33;1190052.91;2013-12-01T00:00:00
4797205;592749;Uherskı Ostroh;;;;;173126;Ostroské Pøedmìstí;614301;Spodní;è.p.;595;;;68724;542249.97;1189939.43;2013-12-01T00:00:00
4797213;592749;Uherskı Ostroh;;;;;173126;Ostroské Pøedmìstí;614301;Spodní;è.p.;596;;;68724;542231.08;1189927.89;2013-12-01T00:00:00
4797221;592749;Uherskı Ostroh;;;;;173126;Ostroské Pøedmìstí;614068;Blatnická;è.p.;597;;;68724;542428.26;1190070.21;2013-12-01T00:00:00
4797230;592749;Uherskı Ostroh;;;;;173126;Ostroské Pøedmìstí;614068;Blatnická;è.p.;598;;;68724;542343.04;1190152.83;2013-12-01T00:00:00
4797248;592749;Uherskı Ostroh;;;;;173126;Ostroské Pøedmìstí;614068;Blatnická;è.p.;599;;;68724;542339.05;1190158.77;2013-12-01T00:00:00
4797256;592749;Uherskı Ostroh;;;;;173126;Ostroské Pøedmìstí;614068;Blatnická;è.p.;600;;;68724;542360.24;1190135.48;2013-12-01T00:00:00
4797264;592749;Uherskı Ostroh;;;;;173126;Ostroské Pøedmìstí;614301;Spodní;è.p.;601;;;68724;542266.64;1189929.77;2013-12-01T00:00:00
4797272;592749;Uherskı Ostroh;;;;;173126;Ostroské Pøedmìstí;614246;Drahová;è.p.;602;;;68724;542593.92;1190292.33;2013-12-01T00:00:00
4797281;592749;Uherskı Ostroh;;;;;173126;Ostroské Pøedmìstí;614238;Prostøední;è.p.;603;;;68724;542235.76;1190060.71;2013-12-01T00:00:00
4797299;592749;Uherskı Ostroh;;;;;173126;Ostroské Pøedmìstí;614319;Studená;è.p.;604;;;68724;542360.19;1190029.37;2013-12-01T00:00:00
4797302;592749;Uherskı Ostroh;;;;;173126;Ostroské Pøedmìstí;614220;Pøíèní;è.p.;605;;;68724;542600.49;1190048.10;2013-12-01T00:00:00
4797311;592749;Uherskı Ostroh;;;;;173126;Ostroské Pøedmìstí;614301;Spodní;è.p.;606;;;68724;542174.25;1189991.14;2013-12-01T00:00:00
4797329;592749;Uherskı Ostroh;;;;;173126;Ostroské Pøedmìstí;614319;Studená;è.p.;607;;;68724;542339.21;1189950.91;2013-12-01T00:00:00
4797337;592749;Uherskı Ostroh;;;;;173126;Ostroské Pøedmìstí;614319;Studená;è.p.;608;;;68724;542348.33;1189963.74;2013-12-01T00:00:00
4797345;592749;Uherskı Ostroh;;;;;173126;Ostroské Pøedmìstí;614068;Blatnická;è.p.;609;;;68724;542332.33;1190161.08;2013-12-01T00:00:00
4797353;592749;Uherskı Ostroh;;;;;173126;Ostroské Pøedmìstí;614068;Blatnická;è.p.;610;;;68724;542325.97;1190165.03;2013-12-01T00:00:00
4797361;592749;Uherskı Ostroh;;;;;173126;Ostroské Pøedmìstí;614068;Blatnická;è.p.;611;;;68724;542437.67;1190061.73;2013-12-01T00:00:00
4797370;592749;Uherskı Ostroh;;;;;173126;Ostroské Pøedmìstí;614068;Blatnická;è.p.;612;;;68724;542446.18;1190054.00;2013-12-01T00:00:00
4797388;592749;Uherskı Ostroh;;;;;173126;Ostroské Pøedmìstí;614238;Prostøední;è.p.;613;;;68724;542249.91;1190079.03;2013-12-01T00:00:00
4797396;592749;Uherskı Ostroh;;;;;173126;Ostroské Pøedmìstí;614301;Spodní;è.p.;614;;;68724;542183.47;1189960.67;2013-12-01T00:00:00
4797400;592749;Uherskı Ostroh;;;;;173126;Ostroské Pøedmìstí;614271;Fuèíkova;è.p.;615;;;68724;542357.84;1189971.44;2013-12-01T00:00:00
4797418;592749;Uherskı Ostroh;;;;;173126;Ostroské Pøedmìstí;614301;Spodní;è.p.;616;;;68724;542222.33;1189934.23;2013-12-01T00:00:00
4797426;592749;Uherskı Ostroh;;;;;173126;Ostroské Pøedmìstí;614319;Studená;è.p.;617;;;68724;542328.23;1189995.32;2013-12-01T00:00:00
4797434;592749;Uherskı Ostroh;;;;;173126;Ostroské Pøedmìstí;614301;Spodní;è.p.;618;;;68724;542194.31;1189977.55;2013-12-01T00:00:00
4797442;592749;Uherskı Ostroh;;;;;173126;Ostroské Pøedmìstí;614301;Spodní;è.p.;619;;;68724;542173.88;1189967.24;2013-12-01T00:00:00
4797451;592749;Uherskı Ostroh;;;;;173126;Ostroské Pøedmìstí;614289;Sokolovská;è.p.;620;;;68724;543138.21;1189824.65;2013-12-01T00:00:00
4797469;592749;Uherskı Ostroh;;;;;173126;Ostroské Pøedmìstí;614068;Blatnická;è.p.;621;;;68724;542456.17;1190045.77;2013-12-01T00:00:00
4797477;592749;Uherskı Ostroh;;;;;173126;Ostroské Pøedmìstí;614319;Studená;è.p.;622;;;68724;542400.88;1190043.62;2013-12-01T00:00:00
4797493;592749;Uherskı Ostroh;;;;;173126;Ostroské Pøedmìstí;614238;Prostøední;è.p.;624;;;68724;542288.66;1190016.14;2013-12-01T00:00:00
4797507;592749;Uherskı Ostroh;;;;;173126;Ostroské Pøedmìstí;614301;Spodní;è.p.;625;;;68724;542211.92;1189941.03;2013-12-01T00:00:00
4797515;592749;Uherskı Ostroh;;;;;173126;Ostroské Pøedmìstí;614301;Spodní;è.p.;626;;;68724;542203.01;1189946.85;2013-12-01T00:00:00
4797523;592749;Uherskı Ostroh;;;;;173126;Ostroské Pøedmìstí;614301;Spodní;è.p.;627;;;68724;542212.56;1189965.40;2013-12-01T00:00:00
4797531;592749;Uherskı Ostroh;;;;;173126;Ostroské Pøedmìstí;614068;Blatnická;è.p.;628;;;68724;542441.31;1190098.50;2013-12-01T00:00:00
4797540;592749;Uherskı Ostroh;;;;;173126;Ostroské Pøedmìstí;614068;Blatnická;è.p.;629;;;68724;542372.22;1190125.67;2013-12-01T00:00:00
4797558;592749;Uherskı Ostroh;;;;;173126;Ostroské Pøedmìstí;614271;Fuèíkova;è.p.;630;;;68724;542363.76;1189998.95;2013-12-01T00:00:00
4797566;592749;Uherskı Ostroh;;;;;173126;Ostroské Pøedmìstí;614238;Prostøední;è.p.;631;;;68724;542300.77;1190049.43;2013-12-01T00:00:00
4797574;592749;Uherskı Ostroh;;;;;173126;Ostroské Pøedmìstí;614301;Spodní;è.p.;632;;;68724;542240.77;1189945.24;2013-12-01T00:00:00
4797582;592749;Uherskı Ostroh;;;;;173126;Ostroské Pøedmìstí;614238;Prostøední;è.p.;633;;;68724;542262.77;1190038.81;2013-12-01T00:00:00
4797591;592749;Uherskı Ostroh;;;;;173126;Ostroské Pøedmìstí;614238;Prostøední;è.p.;634;;;68724;542256.13;1190044.88;2013-12-01T00:00:00
4797604;592749;Uherskı Ostroh;;;;;173126;Ostroské Pøedmìstí;614301;Spodní;è.p.;635;;;68724;542163.39;1189973.55;2013-12-01T00:00:00
4797612;592749;Uherskı Ostroh;;;;;173126;Ostroské Pøedmìstí;614301;Spodní;è.p.;636;;;68724;542246.17;1189916.16;2013-12-01T00:00:00
4797621;592749;Uherskı Ostroh;;;;;173126;Ostroské Pøedmìstí;614301;Spodní;è.p.;637;;;68724;542194.11;1189953.04;2013-12-01T00:00:00
4797639;592749;Uherskı Ostroh;;;;;173126;Ostroské Pøedmìstí;614301;Spodní;è.p.;638;;;68724;542223.72;1189957.47;2013-12-01T00:00:00
4797647;592749;Uherskı Ostroh;;;;;173126;Ostroské Pøedmìstí;614301;Spodní;è.p.;639;;;68724;542203.13;1189970.76;2013-12-01T00:00:00
4797655;592749;Uherskı Ostroh;;;;;173126;Ostroské Pøedmìstí;614319;Studená;è.p.;640;;;68724;542344.05;1190011.03;2013-12-01T00:00:00
4797663;592749;Uherskı Ostroh;;;;;173126;Ostroské Pøedmìstí;614238;Prostøední;è.p.;641;;;68724;542313.00;1190039.77;2013-12-01T00:00:00
4797671;592749;Uherskı Ostroh;;;;;173126;Ostroské Pøedmìstí;614238;Prostøední;è.p.;642;;;68724;542262.59;1190069.44;2013-12-01T00:00:00
4797680;592749;Uherskı Ostroh;;;;;173126;Ostroské Pøedmìstí;614068;Blatnická;è.p.;643;;;68724;542412.10;1190087.88;2013-12-01T00:00:00
4797698;592749;Uherskı Ostroh;;;;;173126;Ostroské Pøedmìstí;614068;Blatnická;è.p.;644;;;68724;542380.74;1190114.36;2013-12-01T00:00:00
4797701;592749;Uherskı Ostroh;;;;;173126;Ostroské Pøedmìstí;614068;Blatnická;è.p.;645;;;68724;542391.52;1190106.59;2013-12-01T00:00:00
4797710;592749;Uherskı Ostroh;;;;;173126;Ostroské Pøedmìstí;614238;Prostøední;è.p.;646;;;68724;542283.79;1190049.88;2013-12-01T00:00:00
4797728;592749;Uherskı Ostroh;;;;;173126;Ostroské Pøedmìstí;614301;Spodní;è.p.;647;;;68724;542256.12;1189911.19;2013-12-01T00:00:00
4797736;592749;Uherskı Ostroh;;;;;173126;Ostroské Pøedmìstí;614238;Prostøední;è.p.;648;;;68724;542270.96;1190061.51;2013-12-01T00:00:00
4797744;592749;Uherskı Ostroh;;;;;173126;Ostroské Pøedmìstí;614467;Školní;è.p.;649;;;68724;543061.30;1189644.53;2013-12-01T00:00:00
4797752;592749;Uherskı Ostroh;;;;;173126;Ostroské Pøedmìstí;614068;Blatnická;è.p.;650;;;68724;542319.43;1190174.06;2013-12-01T00:00:00
4797761;592749;Uherskı Ostroh;;;;;173126;Ostroské Pøedmìstí;614068;Blatnická;è.p.;651;;;68724;542308.66;1190183.55;2013-12-01T00:00:00
4797779;592749;Uherskı Ostroh;;;;;173126;Ostroské Pøedmìstí;614068;Blatnická;è.p.;652;;;68724;542290.12;1190197.70;2013-12-01T00:00:00
4797787;592749;Uherskı Ostroh;;;;;173126;Ostroské Pøedmìstí;614203;Polní;è.p.;653;;;68724;542267.02;1190170.70;2013-12-01T00:00:00
4797809;592749;Uherskı Ostroh;;;;;173126;Ostroské Pøedmìstí;614203;Polní;è.p.;655;;;68724;542246.95;1190149.40;2013-12-01T00:00:00
4797817;592749;Uherskı Ostroh;;;;;173126;Ostroské Pøedmìstí;614203;Polní;è.p.;656;;;68724;542236.69;1190138.30;2013-12-01T00:00:00
4797825;592749;Uherskı Ostroh;;;;;173126;Ostroské Pøedmìstí;614203;Polní;è.p.;657;;;68724;542213.46;1190112.49;2013-12-01T00:00:00
4797833;592749;Uherskı Ostroh;;;;;173126;Ostroské Pøedmìstí;614238;Prostøední;è.p.;658;;;68724;542221.91;1190105.24;2013-12-01T00:00:00
4797841;592749;Uherskı Ostroh;;;;;173126;Ostroské Pøedmìstí;614238;Prostøední;è.p.;659;;;68724;542229.75;1190098.29;2013-12-01T00:00:00
4797850;592749;Uherskı Ostroh;;;;;173126;Ostroské Pøedmìstí;614238;Prostøední;è.p.;660;;;68724;542241.15;1190087.34;2013-12-01T00:00:00
4797868;592749;Uherskı Ostroh;;;;;173126;Ostroské Pøedmìstí;614238;Prostøední;è.p.;661;;;68724;542225.48;1190068.58;2013-12-01T00:00:00
4797876;592749;Uherskı Ostroh;;;;;173126;Ostroské Pøedmìstí;614238;Prostøední;è.p.;662;;;68724;542216.14;1190079.51;2013-12-01T00:00:00
4797884;592749;Uherskı Ostroh;;;;;173126;Ostroské Pøedmìstí;614238;Prostøední;è.p.;663;;;68724;542206.20;1190087.57;2013-12-01T00:00:00
4797892;592749;Uherskı Ostroh;;;;;173126;Ostroské Pøedmìstí;614238;Prostøední;è.p.;664;;;68724;542198.74;1190094.66;2013-12-01T00:00:00
4797906;592749;Uherskı Ostroh;;;;;173126;Ostroské Pøedmìstí;614203;Polní;è.p.;665;;;68724;542166.12;1190057.10;2013-12-01T00:00:00
4797914;592749;Uherskı Ostroh;;;;;173126;Ostroské Pøedmìstí;614203;Polní;è.p.;666;;;68724;542156.14;1190047.94;2013-12-01T00:00:00
4797931;592749;Uherskı Ostroh;;;;;173126;Ostroské Pøedmìstí;614301;Spodní;è.p.;668;;;68724;542141.08;1190013.79;2013-12-01T00:00:00
4797949;592749;Uherskı Ostroh;;;;;173126;Ostroské Pøedmìstí;614301;Spodní;è.p.;669;;;68724;542150.37;1190008.74;2013-12-01T00:00:00
4797957;592749;Uherskı Ostroh;;;;;173126;Ostroské Pøedmìstí;614301;Spodní;è.p.;670;;;68724;542161.86;1190000.75;2013-12-01T00:00:00
4797965;592749;Uherskı Ostroh;;;;;173126;Ostroské Pøedmìstí;614301;Spodní;è.p.;671;;;68724;542156.15;1189979.70;2013-12-01T00:00:00
4797973;592749;Uherskı Ostroh;;;;;173126;Ostroské Pøedmìstí;614301;Spodní;è.p.;672;;;68724;542146.11;1189985.59;2013-12-01T00:00:00
4797981;592749;Uherskı Ostroh;;;;;173126;Ostroské Pøedmìstí;614301;Spodní;è.p.;673;;;68724;542137.81;1189991.40;2013-12-01T00:00:00
4797990;592749;Uherskı Ostroh;;;;;173126;Ostroské Pøedmìstí;614301;Spodní;è.p.;674;;;68724;542129.34;1189997.21;2013-12-01T00:00:00
4798007;592749;Uherskı Ostroh;;;;;173126;Ostroské Pøedmìstí;614301;Spodní;è.p.;675;;;68724;542122.11;1190002.32;2013-12-01T00:00:00
4798015;592749;Uherskı Ostroh;;;;;173126;Ostroské Pøedmìstí;614068;Blatnická;è.p.;676;;;68724;542433.01;1190107.25;2013-12-01T00:00:00
4798023;592749;Uherskı Ostroh;;;;;173126;Ostroské Pøedmìstí;614246;Drahová;è.p.;677;;;68724;542609.81;1190249.10;2013-12-01T00:00:00
4798031;592749;Uherskı Ostroh;;;;;173126;Ostroské Pøedmìstí;614327;Hradišská;è.p.;678;;;68724;542628.13;1189815.03;2013-12-01T00:00:00
4798040;592749;Uherskı Ostroh;;;;;173126;Ostroské Pøedmìstí;614467;Školní;è.p.;679;;;68724;543149.60;1189684.39;2013-12-01T00:00:00
4798058;592749;Uherskı Ostroh;;;;;173126;Ostroské Pøedmìstí;614467;Školní;è.p.;680;;;68724;543160.84;1189713.55;2013-12-01T00:00:00
4798066;592749;Uherskı Ostroh;;;;;173126;Ostroské Pøedmìstí;614467;Školní;è.p.;681;;;68724;543172.46;1189729.90;2013-12-01T00:00:00
4798074;592749;Uherskı Ostroh;;;;;173126;Ostroské Pøedmìstí;614467;Školní;è.p.;682;;;68724;543184.75;1189745.10;2013-12-01T00:00:00
4798082;592749;Uherskı Ostroh;;;;;173126;Ostroské Pøedmìstí;614467;Školní;è.p.;683;;;68724;543189.75;1189752.36;2013-12-01T00:00:00
4798091;592749;Uherskı Ostroh;;;;;173126;Ostroské Pøedmìstí;614289;Sokolovská;è.p.;684;;;68724;543396.35;1189689.44;2013-12-01T00:00:00
4798104;592749;Uherskı Ostroh;;;;;173126;Ostroské Pøedmìstí;614289;Sokolovská;è.p.;685;;;68724;543375.49;1189706.08;2013-12-01T00:00:00
4798112;592749;Uherskı Ostroh;;;;;173126;Ostroské Pøedmìstí;614289;Sokolovská;è.p.;686;;;68724;543356.81;1189717.44;2013-12-01T00:00:00
4798121;592749;Uherskı Ostroh;;;;;173126;Ostroské Pøedmìstí;614289;Sokolovská;è.p.;687;;;68724;543335.81;1189730.53;2013-12-01T00:00:00
4798139;592749;Uherskı Ostroh;;;;;173126;Ostroské Pøedmìstí;614289;Sokolovská;è.p.;688;;;68724;543324.93;1189732.99;2013-12-01T00:00:00
4798147;592749;Uherskı Ostroh;;;;;173126;Ostroské Pøedmìstí;614289;Sokolovská;è.p.;689;;;68724;543301.03;1189738.73;2013-12-01T00:00:00
4798155;592749;Uherskı Ostroh;;;;;173126;Ostroské Pøedmìstí;614289;Sokolovská;è.p.;690;;;68724;543280.99;1189744.42;2013-12-01T00:00:00
4798163;592749;Uherskı Ostroh;;;;;173126;Ostroské Pøedmìstí;614289;Sokolovská;è.p.;691;;;68724;543262.31;1189749.16;2013-12-01T00:00:00
4798171;592749;Uherskı Ostroh;;;;;173126;Ostroské Pøedmìstí;614246;Drahová;è.p.;692;;;68724;542696.20;1190075.40;2013-12-01T00:00:00
4798180;592749;Uherskı Ostroh;;;;;173126;Ostroské Pøedmìstí;614246;Drahová;è.p.;693;;;68724;542687.66;1190097.40;2013-12-01T00:00:00
4798198;592749;Uherskı Ostroh;;;;;173126;Ostroské Pøedmìstí;614246;Drahová;è.p.;694;;;68724;542680.43;1190114.53;2013-12-01T00:00:00
4798201;592749;Uherskı Ostroh;;;;;173126;Ostroské Pøedmìstí;614246;Drahová;è.p.;695;;;68724;542673.70;1190133.20;2013-12-01T00:00:00
4798210;592749;Uherskı Ostroh;;;;;173126;Ostroské Pøedmìstí;614246;Drahová;è.p.;696;;;68724;542670.35;1190144.77;2013-12-01T00:00:00
4798228;592749;Uherskı Ostroh;;;;;173126;Ostroské Pøedmìstí;614246;Drahová;è.p.;697;;;68724;542664.12;1190157.47;2013-12-01T00:00:00
4798236;592749;Uherskı Ostroh;;;;;173126;Ostroské Pøedmìstí;614246;Drahová;è.p.;698;;;68724;542654.44;1190200.58;2013-12-01T00:00:00
4798244;592749;Uherskı Ostroh;;;;;173126;Ostroské Pøedmìstí;614246;Drahová;è.p.;699;;;68724;542654.21;1190218.95;2013-12-01T00:00:00
4798252;592749;Uherskı Ostroh;;;;;173126;Ostroské Pøedmìstí;614246;Drahová;è.p.;700;;;68724;542652.89;1190224.97;2013-12-01T00:00:00
4798261;592749;Uherskı Ostroh;;;;;173126;Ostroské Pøedmìstí;614173;Novı Lán;è.p.;701;;;68724;542425.04;1190262.10;2013-12-01T00:00:00
4798279;592749;Uherskı Ostroh;;;;;173126;Ostroské Pøedmìstí;614068;Blatnická;è.p.;702;;;68724;542474.26;1190071.71;2013-12-01T00:00:00
4798287;592749;Uherskı Ostroh;;;;;173126;Ostroské Pøedmìstí;614327;Hradišská;è.p.;703;;;68724;542376.38;1189622.50;2013-12-01T00:00:00
4798295;592749;Uherskı Ostroh;;;;;173126;Ostroské Pøedmìstí;614459;Ve dvoøe;è.p.;704;;;68724;543031.45;1189751.68;2013-12-01T00:00:00
4798309;592749;Uherskı Ostroh;;;;;173126;Ostroské Pøedmìstí;614122;Chaloupky;è.p.;705;;;68724;542707.30;1189764.31;2013-12-01T00:00:00
4798317;592749;Uherskı Ostroh;;;;;173126;Ostroské Pøedmìstí;614084;Lùèka;è.p.;706;;;68724;543349.88;1189617.74;2013-12-01T00:00:00
4798325;592749;Uherskı Ostroh;;;;;173126;Ostroské Pøedmìstí;614084;Lùèka;è.p.;707;;;68724;543328.07;1189583.03;2013-12-01T00:00:00
4798333;592749;Uherskı Ostroh;;;;;173126;Ostroské Pøedmìstí;614084;Lùèka;è.p.;708;;;68724;543180.21;1189441.51;2013-12-01T00:00:00
4798341;592749;Uherskı Ostroh;;;;;173126;Ostroské Pøedmìstí;614033;Dìlièka;è.p.;709;;;68724;543073.30;1189217.38;2013-12-01T00:00:00
4798350;592749;Uherskı Ostroh;;;;;173126;Ostroské Pøedmìstí;614408;Veselská;è.p.;710;;;68724;542961.10;1190344.75;2023-06-16T00:00:00
4798368;592749;Uherskı Ostroh;;;;;173126;Ostroské Pøedmìstí;614408;Veselská;è.p.;711;;;68724;542957.91;1190360.01;2013-12-01T00:00:00
4798376;592749;Uherskı Ostroh;;;;;173126;Ostroské Pøedmìstí;614408;Veselská;è.p.;712;;;68724;542957.91;1190367.58;2013-12-01T00:00:00
4798384;592749;Uherskı Ostroh;;;;;173126;Ostroské Pøedmìstí;614408;Veselská;è.p.;713;;;68724;542958.65;1190385.03;2013-12-01T00:00:00
4798392;592749;Uherskı Ostroh;;;;;173126;Ostroské Pøedmìstí;614408;Veselská;è.p.;714;;;68724;542959.02;1190399.08;2013-12-01T00:00:00
4798406;592749;Uherskı Ostroh;;;;;173126;Ostroské Pøedmìstí;614408;Veselská;è.p.;715;;;68724;542959.39;1190422.01;2013-12-01T00:00:00
4798414;592749;Uherskı Ostroh;;;;;173126;Ostroské Pøedmìstí;614408;Veselská;è.p.;716;;;68724;542959.57;1190432.73;2013-12-01T00:00:00
4798422;592749;Uherskı Ostroh;;;;;173126;Ostroské Pøedmìstí;614408;Veselská;è.p.;717;;;68724;542959.57;1190449.18;2013-12-01T00:00:00
4798431;592749;Uherskı Ostroh;;;;;173126;Ostroské Pøedmìstí;614408;Veselská;è.p.;718;;;68724;542961.23;1190462.26;2013-12-01T00:00:00
4798449;592749;Uherskı Ostroh;;;;;173126;Ostroské Pøedmìstí;614033;Dìlièka;è.p.;719;;;68724;543068.41;1189226.71;2013-12-01T00:00:00
4798457;592749;Uherskı Ostroh;;;;;173126;Ostroské Pøedmìstí;614068;Blatnická;è.p.;720;;;68724;542413.59;1190145.59;2013-12-01T00:00:00
4798465;592749;Uherskı Ostroh;;;;;173126;Ostroské Pøedmìstí;614246;Drahová;è.p.;721;;;68724;542640.69;1190160.80;2013-12-01T00:00:00
4798473;592749;Uherskı Ostroh;;;;;173126;Ostroské Pøedmìstí;614246;Drahová;è.p.;722;;;68724;542634.48;1190175.29;2013-12-01T00:00:00
4798481;592749;Uherskı Ostroh;;;;;173126;Ostroské Pøedmìstí;614157;Nádraní;è.p.;723;;;68724;542940.66;1190244.65;2013-12-01T00:00:00
4798490;592749;Uherskı Ostroh;;;;;173126;Ostroské Pøedmìstí;614408;Veselská;è.p.;724;;;68724;542943.41;1190532.96;2013-12-01T00:00:00
4798503;592749;Uherskı Ostroh;;;;;173126;Ostroské Pøedmìstí;811335;Na Zámecké;è.p.;725;;;68724;543114.75;1190266.45;2023-06-20T00:00:00
4798511;592749;Uherskı Ostroh;;;;;173126;Ostroské Pøedmìstí;614246;Drahová;è.p.;726;;;68724;542615.15;1190234.03;2013-12-01T00:00:00
4798520;592749;Uherskı Ostroh;;;;;173126;Ostroské Pøedmìstí;614246;Drahová;è.p.;727;;;68724;542643.69;1190233.35;2013-12-01T00:00:00
4798538;592749;Uherskı Ostroh;;;;;173126;Ostroské Pøedmìstí;614173;Novı Lán;è.p.;728;;;68724;542455.27;1190291.37;2013-12-01T00:00:00
4798546;592749;Uherskı Ostroh;;;;;173126;Ostroské Pøedmìstí;614084;Lùèka;è.p.;729;;;68724;543210.93;1189466.07;2013-12-01T00:00:00
4798554;592749;Uherskı Ostroh;;;;;173126;Ostroské Pøedmìstí;614068;Blatnická;è.p.;730;;;68724;542304.19;1190230.81;2013-12-01T00:00:00
4798562;592749;Uherskı Ostroh;;;;;173126;Ostroské Pøedmìstí;614220;Pøíèní;è.p.;731;;;68724;542645.00;1190082.00;2013-12-01T00:00:00
4798571;592749;Uherskı Ostroh;;;;;173126;Ostroské Pøedmìstí;614246;Drahová;è.p.;732;;;68724;542619.39;1190218.60;2013-12-01T00:00:00
4798589;592749;Uherskı Ostroh;;;;;173126;Ostroské Pøedmìstí;614408;Veselská;è.p.;733;;;68724;542929.81;1190705.94;2013-12-01T00:00:00
4798597;592749;Uherskı Ostroh;;;;;173126;Ostroské Pøedmìstí;614173;Novı Lán;è.p.;734;;;68724;542498.83;1190334.29;2013-12-01T00:00:00
4798601;592749;Uherskı Ostroh;;;;;173126;Ostroské Pøedmìstí;614084;Lùèka;è.p.;735;;;68724;543359.81;1189632.10;2013-12-01T00:00:00
4798619;592749;Uherskı Ostroh;;;;;173126;Ostroské Pøedmìstí;614246;Drahová;è.p.;736;;;68724;542528.48;1190417.57;2013-12-01T00:00:00
4798627;592749;Uherskı Ostroh;;;;;173126;Ostroské Pøedmìstí;614068;Blatnická;è.p.;737;;;68724;542465.37;1190076.69;2013-12-01T00:00:00
4798635;592749;Uherskı Ostroh;;;;;173126;Ostroské Pøedmìstí;614289;Sokolovská;è.p.;738;;;68724;543396.85;1189774.63;2013-12-01T00:00:00
4798651;592749;Uherskı Ostroh;;;;;173126;Ostroské Pøedmìstí;614173;Novı Lán;è.p.;740;;;68724;542418.86;1190255.24;2013-12-01T00:00:00
4798660;592749;Uherskı Ostroh;;;;;173126;Ostroské Pøedmìstí;614157;Nádraní;è.p.;741;;;68724;542907.26;1190245.15;2013-12-01T00:00:00
4798678;592749;Uherskı Ostroh;;;;;173126;Ostroské Pøedmìstí;614173;Novı Lán;è.p.;742;;;68724;542455.95;1190331.22;2025-02-07T00:00:00
4798686;592749;Uherskı Ostroh;;;;;173126;Ostroské Pøedmìstí;614173;Novı Lán;è.p.;743;;;68724;542424.44;1190300.95;2013-12-01T00:00:00
4798694;592749;Uherskı Ostroh;;;;;173126;Ostroské Pøedmìstí;614173;Novı Lán;è.p.;744;;;68724;542443.74;1190279.98;2013-12-01T00:00:00
4798716;592749;Uherskı Ostroh;;;;;173126;Ostroské Pøedmìstí;614246;Drahová;è.p.;745;;;68724;542544.44;1190399.67;2013-12-01T00:00:00
4798724;592749;Uherskı Ostroh;;;;;173126;Ostroské Pøedmìstí;614246;Drahová;è.p.;746;;;68724;542570.93;1190350.87;2013-12-01T00:00:00
4798732;592749;Uherskı Ostroh;;;;;173126;Ostroské Pøedmìstí;614068;Blatnická;è.p.;747;;;68724;542369.74;1190166.94;2013-12-01T00:00:00
4798741;592749;Uherskı Ostroh;;;;;173126;Ostroské Pøedmìstí;614327;Hradišská;è.p.;748;;;68724;542345.50;1189591.38;2013-12-01T00:00:00
4798759;592749;Uherskı Ostroh;;;;;173126;Ostroské Pøedmìstí;614246;Drahová;è.p.;749;;;68724;542637.72;1190255.17;2013-12-01T00:00:00
4798767;592749;Uherskı Ostroh;;;;;173126;Ostroské Pøedmìstí;614173;Novı Lán;è.p.;750;;;68724;542436.04;1190312.40;2013-12-01T00:00:00
4798775;592749;Uherskı Ostroh;;;;;173126;Ostroské Pøedmìstí;614173;Novı Lán;è.p.;751;;;68724;542461.90;1190298.08;2013-12-01T00:00:00
4798783;592749;Uherskı Ostroh;;;;;173126;Ostroské Pøedmìstí;614246;Drahová;è.p.;752;;;68724;542525.46;1190461.74;2013-12-01T00:00:00
4798791;592749;Uherskı Ostroh;;;;;173126;Ostroské Pøedmìstí;614173;Novı Lán;è.p.;753;;;68724;542520.62;1190429.29;2013-12-01T00:00:00
4798805;592749;Uherskı Ostroh;;;;;173126;Ostroské Pøedmìstí;614173;Novı Lán;è.p.;754;;;68724;542462.50;1190336.42;2013-12-01T00:00:00
4798813;592749;Uherskı Ostroh;;;;;173126;Ostroské Pøedmìstí;614327;Hradišská;è.p.;755;;;68724;542398.42;1189722.85;2013-12-01T00:00:00
4798821;592749;Uherskı Ostroh;;;;;173126;Ostroské Pøedmìstí;614173;Novı Lán;è.p.;756;;;68724;542436.80;1190273.12;2013-12-01T00:00:00
4798830;592749;Uherskı Ostroh;;;;;173126;Ostroské Pøedmìstí;614319;Studená;è.p.;757;;;68724;542334.23;1189944.87;2013-12-01T00:00:00
4798848;592749;Uherskı Ostroh;;;;;173126;Ostroské Pøedmìstí;614173;Novı Lán;è.p.;758;;;68724;542397.67;1190277.80;2013-12-01T00:00:00
4798856;592749;Uherskı Ostroh;;;;;173126;Ostroské Pøedmìstí;614173;Novı Lán;è.p.;759;;;68724;542480.00;1190352.42;2013-12-01T00:00:00
4798872;592749;Uherskı Ostroh;;;;;173126;Ostroské Pøedmìstí;614246;Drahová;è.p.;761;;;68724;542577.60;1190340.66;2013-12-01T00:00:00
4798881;592749;Uherskı Ostroh;;;;;173126;Ostroské Pøedmìstí;614173;Novı Lán;è.p.;762;;;68724;542493.33;1190327.50;2013-12-01T00:00:00
4798899;592749;Uherskı Ostroh;;;;;173126;Ostroské Pøedmìstí;614173;Novı Lán;è.p.;763;;;68724;542416.63;1190294.11;2013-12-01T00:00:00
4798902;592749;Uherskı Ostroh;;;;;173126;Ostroské Pøedmìstí;614246;Drahová;è.p.;764;;;68724;542586.02;1190315.22;2013-12-01T00:00:00
4798911;592749;Uherskı Ostroh;;;;;173126;Ostroské Pøedmìstí;614246;Drahová;è.p.;765;;;68724;542555.65;1190372.57;2013-12-01T00:00:00
4798929;592749;Uherskı Ostroh;;;;;173126;Ostroské Pøedmìstí;614173;Novı Lán;è.p.;766;;;68724;542405.63;1190283.64;2013-12-01T00:00:00
4798937;592749;Uherskı Ostroh;;;;;173126;Ostroské Pøedmìstí;614246;Drahová;è.p.;767;;;68724;542507.02;1190450.62;2013-12-01T00:00:00
4798945;592749;Uherskı Ostroh;;;;;173126;Ostroské Pøedmìstí;614173;Novı Lán;è.p.;768;;;68724;542473.73;1190346.30;2013-12-01T00:00:00
4798953;592749;Uherskı Ostroh;;;;;173126;Ostroské Pøedmìstí;614246;Drahová;è.p.;769;;;68724;542712.98;1190071.97;2013-12-01T00:00:00
4798961;592749;Uherskı Ostroh;;;;;173126;Ostroské Pøedmìstí;614289;Sokolovská;è.p.;770;;;68724;543448.55;1189639.36;2013-12-01T00:00:00
4798970;592749;Uherskı Ostroh;;;;;173126;Ostroské Pøedmìstí;614467;Školní;è.p.;771;;;68724;543106.89;1189612.80;2013-12-01T00:00:00
4798988;592749;Uherskı Ostroh;;;;;173126;Ostroské Pøedmìstí;614246;Drahová;è.p.;772;;;68724;542544.34;1190431.32;2013-12-01T00:00:00
4798996;592749;Uherskı Ostroh;;;;;173126;Ostroské Pøedmìstí;614173;Novı Lán;è.p.;773;;;68724;542472.98;1190308.64;2013-12-01T00:00:00
4799003;592749;Uherskı Ostroh;;;;;173126;Ostroské Pøedmìstí;614467;Školní;è.p.;774;;;68724;543133.99;1189651.14;2013-12-01T00:00:00
4799011;592749;Uherskı Ostroh;;;;;173126;Ostroské Pøedmìstí;614246;Drahová;è.p.;775;;;68724;542582.09;1190330.72;2013-12-01T00:00:00
4799038;592749;Uherskı Ostroh;;;;;173126;Ostroské Pøedmìstí;614246;Drahová;è.p.;777;;;68724;542628.00;1190284.81;2013-12-01T00:00:00
4799046;592749;Uherskı Ostroh;;;;;173126;Ostroské Pøedmìstí;614246;Drahová;è.p.;778;;;68724;542588.90;1190306.65;2013-12-01T00:00:00
4799054;592749;Uherskı Ostroh;;;;;173126;Ostroské Pøedmìstí;614173;Novı Lán;è.p.;779;;;68724;542558.01;1190410.81;2013-12-01T00:00:00
4799062;592749;Uherskı Ostroh;;;;;173126;Ostroské Pøedmìstí;614327;Hradišská;è.p.;780;;;68724;542276.34;1189532.94;2022-11-18T00:00:00
4799071;592749;Uherskı Ostroh;;;;;173126;Ostroské Pøedmìstí;614246;Drahová;è.p.;781;;;68724;542510.87;1190440.86;2013-12-01T00:00:00
4799089;592749;Uherskı Ostroh;;;;;173126;Ostroské Pøedmìstí;614068;Blatnická;è.p.;782;;;68724;542352.30;1190185.14;2013-12-01T00:00:00
4799097;592749;Uherskı Ostroh;;;;;173126;Ostroské Pøedmìstí;614467;Školní;è.p.;783;;;68724;543207.16;1189767.37;2013-12-01T00:00:00
4799101;592749;Uherskı Ostroh;;;;;173126;Ostroské Pøedmìstí;614084;Lùèka;è.p.;784;;;68724;543338.79;1189600.14;2013-12-01T00:00:00
4799119;592749;Uherskı Ostroh;;;;;173126;Ostroské Pøedmìstí;614327;Hradišská;è.p.;785;;;68724;542325.33;1189583.57;2013-12-01T00:00:00
4799127;592749;Uherskı Ostroh;;;;;173126;Ostroské Pøedmìstí;614246;Drahová;è.p.;786;;;68724;542604.54;1190261.65;2013-12-01T00:00:00
4799135;592749;Uherskı Ostroh;;;;;173126;Ostroské Pøedmìstí;614271;Fuèíkova;è.p.;787;;;68724;542482.75;1189859.29;2013-12-01T00:00:00
4799143;592749;Uherskı Ostroh;;;;;173126;Ostroské Pøedmìstí;614351;Svobodova;è.p.;788;;;68724;543167.48;1189366.83;2013-12-01T00:00:00
4799151;592749;Uherskı Ostroh;;;;;173126;Ostroské Pøedmìstí;614467;Školní;è.p.;789;;;68724;543114.25;1189605.08;2013-12-01T00:00:00
4799160;592749;Uherskı Ostroh;;;;;173126;Ostroské Pøedmìstí;614262;Sídlištì;è.p.;790;;;68724;542711.93;1189442.98;2013-12-01T00:00:00
4799178;592749;Uherskı Ostroh;;;;;173126;Ostroské Pøedmìstí;614262;Sídlištì;è.p.;791;;;68724;542710.43;1189493.29;2013-12-01T00:00:00
4799186;592749;Uherskı Ostroh;;;;;173126;Ostroské Pøedmìstí;614262;Sídlištì;è.p.;792;;;68724;542663.56;1189461.77;2013-12-01T00:00:00
4799194;592749;Uherskı Ostroh;;;;;173126;Ostroské Pøedmìstí;614262;Sídlištì;è.p.;793;;;68724;542676.09;1189564.93;2013-12-01T00:00:00
4799208;592749;Uherskı Ostroh;;;;;173126;Ostroské Pøedmìstí;614262;Sídlištì;è.p.;794;;;68724;542675.62;1189614.53;2013-12-01T00:00:00
4799216;592749;Uherskı Ostroh;;;;;173126;Ostroské Pøedmìstí;614262;Sídlištì;è.p.;795;;;68724;542629.86;1189596.80;2013-12-01T00:00:00
4799224;592749;Uherskı Ostroh;;;;;173126;Ostroské Pøedmìstí;614246;Drahová;è.p.;796;;;68724;542561.65;1190361.52;2013-12-01T00:00:00
4799232;592749;Uherskı Ostroh;;;;;173126;Ostroské Pøedmìstí;614394;Jiráskova;è.p.;797;;;68724;542436.25;1190008.04;2013-12-01T00:00:00
4799241;592749;Uherskı Ostroh;;;;;173126;Ostroské Pøedmìstí;614084;Lùèka;è.p.;798;;;68724;543247.54;1189510.68;2013-12-01T00:00:00
4799259;592749;Uherskı Ostroh;;;;;173126;Ostroské Pøedmìstí;614246;Drahová;è.p.;799;;;68724;542664.51;1189973.11;2013-12-01T00:00:00
4799267;592749;Uherskı Ostroh;;;;;173126;Ostroské Pøedmìstí;614262;Sídlištì;è.p.;800;;;68724;542826.11;1189410.00;2013-12-01T00:00:00
4799275;592749;Uherskı Ostroh;;;;;173126;Ostroské Pøedmìstí;614467;Školní;è.p.;801;;;68724;543098.70;1189619.01;2013-12-01T00:00:00
4799283;592749;Uherskı Ostroh;;;;;173126;Ostroské Pøedmìstí;614467;Školní;è.p.;803;;;68724;543187.96;1189547.56;2013-12-01T00:00:00
4799291;592749;Uherskı Ostroh;;;;;173126;Ostroské Pøedmìstí;614467;Školní;è.p.;804;;;68724;543181.29;1189552.42;2013-12-01T00:00:00
4799305;592749;Uherskı Ostroh;;;;;173126;Ostroské Pøedmìstí;614467;Školní;è.p.;805;;;68724;543175.08;1189557.84;2013-12-01T00:00:00
4799313;592749;Uherskı Ostroh;;;;;173126;Ostroské Pøedmìstí;614467;Školní;è.p.;806;;;68724;543168.97;1189562.47;2013-12-01T00:00:00
4799321;592749;Uherskı Ostroh;;;;;173126;Ostroské Pøedmìstí;614467;Školní;è.p.;807;;;68724;543162.19;1189566.88;2013-12-01T00:00:00
4799330;592749;Uherskı Ostroh;;;;;173126;Ostroské Pøedmìstí;614467;Školní;è.p.;808;;;68724;543156.20;1189571.96;2013-12-01T00:00:00
4799348;592749;Uherskı Ostroh;;;;;173126;Ostroské Pøedmìstí;614467;Školní;è.p.;809;;;68724;543149.23;1189576.19;2013-12-01T00:00:00
4799356;592749;Uherskı Ostroh;;;;;173126;Ostroské Pøedmìstí;614467;Školní;è.p.;810;;;68724;543143.35;1189581.28;2013-12-01T00:00:00
4799364;592749;Uherskı Ostroh;;;;;173126;Ostroské Pøedmìstí;614467;Školní;è.p.;811;;;68724;543137.36;1189586.82;2013-12-01T00:00:00
4799372;592749;Uherskı Ostroh;;;;;173126;Ostroské Pøedmìstí;614467;Školní;è.p.;812;;;68724;543194.51;1189542.02;2013-12-01T00:00:00
4799381;592749;Uherskı Ostroh;;;;;173126;Ostroské Pøedmìstí;614246;Drahová;è.p.;813;;;68724;542503.02;1190516.72;2013-12-01T00:00:00
4799399;592749;Uherskı Ostroh;;;;;173126;Ostroské Pøedmìstí;614262;Sídlištì;è.p.;814;;;68724;542628.30;1189534.55;2013-12-01T00:00:00
4799402;592749;Uherskı Ostroh;;;;;173126;Ostroské Pøedmìstí;614262;Sídlištì;è.p.;815;;;68724;542592.15;1189549.50;2013-12-01T00:00:00
4799411;592749;Uherskı Ostroh;;;;;173126;Ostroské Pøedmìstí;614262;Sídlištì;è.p.;816;;;68724;542586.78;1189508.06;2013-12-01T00:00:00
4799429;592749;Uherskı Ostroh;;;;;173126;Ostroské Pøedmìstí;614246;Drahová;è.p.;817;;;68724;542630.17;1190187.18;2013-12-01T00:00:00
4799437;592749;Uherskı Ostroh;;;;;173126;Ostroské Pøedmìstí;614246;Drahová;è.p.;818;;;68724;542632.48;1190273.02;2013-12-01T00:00:00
4799445;592749;Uherskı Ostroh;;;;;173126;Ostroské Pøedmìstí;614220;Pøíèní;è.p.;819;;;68724;542608.67;1190053.07;2013-12-01T00:00:00
4799453;592749;Uherskı Ostroh;;;;;173126;Ostroské Pøedmìstí;614246;Drahová;è.p.;820;;;68724;542652.50;1190121.67;2013-12-01T00:00:00
4799461;592749;Uherskı Ostroh;;;;;173126;Ostroské Pøedmìstí;614408;Veselská;è.p.;821;;;68724;542941.97;1190334.84;2013-12-01T00:00:00
4799470;592749;Uherskı Ostroh;;;;;173126;Ostroské Pøedmìstí;614246;Drahová;è.p.;822;;;68724;542626.32;1190302.30;2013-12-01T00:00:00
4799488;592749;Uherskı Ostroh;;;;;173126;Ostroské Pøedmìstí;614246;Drahová;è.p.;823;;;68724;542624.94;1190310.42;2013-12-01T00:00:00
4799496;592749;Uherskı Ostroh;;;;;173126;Ostroské Pøedmìstí;614246;Drahová;è.p.;824;;;68724;542623.20;1190317.79;2013-12-01T00:00:00
4799500;592749;Uherskı Ostroh;;;;;173126;Ostroské Pøedmìstí;614246;Drahová;è.p.;825;;;68724;542621.95;1190324.91;2013-12-01T00:00:00
4799518;592749;Uherskı Ostroh;;;;;173126;Ostroské Pøedmìstí;614262;Sídlištì;è.p.;826;;;68724;542732.10;1189610.68;2013-12-01T00:00:00
4799526;592749;Uherskı Ostroh;;;;;173126;Ostroské Pøedmìstí;614262;Sídlištì;è.p.;827;;;68724;542734.84;1189588.32;2013-12-01T00:00:00
4799534;592749;Uherskı Ostroh;;;;;173126;Ostroské Pøedmìstí;614262;Sídlištì;è.p.;828;;;68724;542758.26;1189621.11;2013-12-01T00:00:00
4799542;592749;Uherskı Ostroh;;;;;173126;Ostroské Pøedmìstí;614084;Lùèka;è.p.;829;;;68724;543221.93;1189490.95;2013-12-01T00:00:00
4799551;592749;Uherskı Ostroh;;;;;173126;Ostroské Pøedmìstí;614459;Ve dvoøe;è.p.;830;;;68724;542930.39;1189774.01;2013-12-01T00:00:00
4799569;592749;Uherskı Ostroh;;;;;173126;Ostroské Pøedmìstí;811335;Na Zámecké;è.p.;831;;;68724;543311.00;1190186.34;2023-06-20T00:00:00
4799577;592749;Uherskı Ostroh;;;;;173126;Ostroské Pøedmìstí;614459;Ve dvoøe;è.p.;832;;;68724;543064.59;1189829.12;2013-12-01T00:00:00
4799585;592749;Uherskı Ostroh;;;;;173126;Ostroské Pøedmìstí;614262;Sídlištì;è.p.;835;;;68724;542784.99;1189556.00;2013-12-01T00:00:00
4799593;592749;Uherskı Ostroh;;;;;173126;Ostroské Pøedmìstí;614262;Sídlištì;è.p.;836;;;68724;542673.13;1189300.59;2013-12-01T00:00:00
4799607;592749;Uherskı Ostroh;;;;;173126;Ostroské Pøedmìstí;614084;Lùèka;è.p.;837;;;68724;543230.09;1189496.83;2013-12-01T00:00:00
4799615;592749;Uherskı Ostroh;;;;;173126;Ostroské Pøedmìstí;614084;Lùèka;è.p.;839;;;68724;543373.76;1189652.67;2013-12-01T00:00:00
4799631;592749;Uherskı Ostroh;;;;;173126;Ostroské Pøedmìstí;614262;Sídlištì;è.p.;841;;;68724;542745.24;1189541.07;2013-12-01T00:00:00
4799640;592749;Uherskı Ostroh;;;;;173126;Ostroské Pøedmìstí;614262;Sídlištì;è.p.;842;;;68724;542748.70;1189520.75;2013-12-01T00:00:00
4799658;592749;Uherskı Ostroh;;;;;173126;Ostroské Pøedmìstí;614327;Hradišská;è.p.;845;;;68724;542590.96;1189809.43;2013-12-01T00:00:00
4799666;592749;Uherskı Ostroh;;;;;173126;Ostroské Pøedmìstí;614416;Vıhon;è.p.;847;;;68724;543062.82;1189244.26;2016-05-16T00:00:00
4799674;592749;Uherskı Ostroh;;;;;173126;Ostroské Pøedmìstí;614262;Sídlištì;è.p.;848;;;68724;542755.05;1189488.32;2013-12-01T00:00:00
4799682;592749;Uherskı Ostroh;;;;;173126;Ostroské Pøedmìstí;614262;Sídlištì;è.p.;849;;;68724;542764.72;1189464.32;2013-12-01T00:00:00
4799691;592749;Uherskı Ostroh;;;;;173126;Ostroské Pøedmìstí;614068;Blatnická;è.p.;850;;;68724;542300.96;1190191.24;2013-12-01T00:00:00
4799704;592749;Uherskı Ostroh;;;;;173126;Ostroské Pøedmìstí;614157;Nádraní;è.p.;851;;;68724;542885.20;1190289.35;2013-12-01T00:00:00
4799712;592749;Uherskı Ostroh;;;;;173126;Ostroské Pøedmìstí;614157;Nádraní;è.p.;853;;;68724;542884.91;1190298.02;2013-12-01T00:00:00
4799721;592749;Uherskı Ostroh;;;;;173126;Ostroské Pøedmìstí;614157;Nádraní;è.p.;854;;;68724;542911.73;1190300.02;2023-08-01T00:00:00
4799739;592749;Uherskı Ostroh;;;;;173126;Ostroské Pøedmìstí;614157;Nádraní;è.p.;855;;;68724;542884.77;1190306.55;2013-12-01T00:00:00
4799747;592749;Uherskı Ostroh;;;;;173126;Ostroské Pøedmìstí;614157;Nádraní;è.p.;857;;;68724;542885.15;1190316.21;2013-12-01T00:00:00
4799755;592749;Uherskı Ostroh;;;;;173126;Ostroské Pøedmìstí;614157;Nádraní;è.p.;858;;;68724;542917.64;1190316.78;2013-12-01T00:00:00
4799763;592749;Uherskı Ostroh;;;;;173126;Ostroské Pøedmìstí;614157;Nádraní;è.p.;859;;;68724;542884.37;1190324.52;2013-12-01T00:00:00
4799771;592749;Uherskı Ostroh;;;;;173126;Ostroské Pøedmìstí;614157;Nádraní;è.p.;861;;;68724;542883.85;1190333.22;2013-12-01T00:00:00
4799780;592749;Uherskı Ostroh;;;;;173126;Ostroské Pøedmìstí;614262;Sídlištì;è.p.;862;;;68724;542731.62;1189670.55;2013-12-01T00:00:00
4799798;592749;Uherskı Ostroh;;;;;173126;Ostroské Pøedmìstí;614122;Chaloupky;è.p.;863;;;68724;542709.14;1189791.23;2013-12-01T00:00:00
4799801;592749;Uherskı Ostroh;;;;;173126;Ostroské Pøedmìstí;614262;Sídlištì;è.p.;864;;;68724;542804.30;1189504.27;2013-12-01T00:00:00
4799828;592749;Uherskı Ostroh;;;;;173126;Ostroské Pøedmìstí;614262;Sídlištì;è.p.;866;;;68724;542791.93;1189545.31;2013-12-01T00:00:00
4799836;592749;Uherskı Ostroh;;;;;173126;Ostroské Pøedmìstí;614467;Školní;è.p.;867;;;68724;543193.29;1189800.59;2013-12-01T00:00:00
4799844;592749;Uherskı Ostroh;;;;;173134;Uherskı Ostroh;614165;Nerudova;è.p.;1;;;68724;543980.94;1189936.92;2013-12-01T00:00:00
4799852;592749;Uherskı Ostroh;;;;;173134;Uherskı Ostroh;614165;Nerudova;è.p.;2;;;68724;543977.36;1189929.03;2013-12-01T00:00:00
4799861;592749;Uherskı Ostroh;;;;;173134;Uherskı Ostroh;614165;Nerudova;è.p.;3;;;68724;543974.58;1189915.60;2013-12-01T00:00:00
4799879;592749;Uherskı Ostroh;;;;;173134;Uherskı Ostroh;614165;Nerudova;è.p.;4;;;68724;543985.18;1189913.01;2013-12-01T00:00:00
4799887;592749;Uherskı Ostroh;;;;;173134;Uherskı Ostroh;614165;Nerudova;è.p.;5;;;68724;543976.17;1189904.53;2013-12-01T00:00:00
4799895;592749;Uherskı Ostroh;;;;;173134;Uherskı Ostroh;614165;Nerudova;è.p.;6;;;68724;543963.62;1189850.12;2013-12-01T00:00:00
4799909;592749;Uherskı Ostroh;;;;;173134;Uherskı Ostroh;614017;Bartákova;è.p.;7;;;68724;543930.97;1189823.78;2013-12-01T00:00:00
4799917;592749;Uherskı Ostroh;;;;;173134;Uherskı Ostroh;614017;Bartákova;è.p.;8;;;68724;543926.84;1189841.22;2013-12-01T00:00:00
4799925;592749;Uherskı Ostroh;;;;;173134;Uherskı Ostroh;614017;Bartákova;è.p.;9;;;68724;543927.74;1189851.14;2013-12-01T00:00:00
4799933;592749;Uherskı Ostroh;;;;;173134;Uherskı Ostroh;614017;Bartákova;è.p.;10;;;68724;543924.08;1189863.55;2013-12-01T00:00:00
4799941;592749;Uherskı Ostroh;;;;;173134;Uherskı Ostroh;614017;Bartákova;è.p.;11;;;68724;543921.79;1189876.11;2013-12-01T00:00:00
4799950;592749;Uherskı Ostroh;;;;;173134;Uherskı Ostroh;614017;Bartákova;è.p.;12;;;68724;543919.75;1189886.42;2013-12-01T00:00:00
4799968;592749;Uherskı Ostroh;;;;;173134;Uherskı Ostroh;614017;Bartákova;è.p.;13;;;68724;543918.21;1189897.44;2013-12-01T00:00:00
4799976;592749;Uherskı Ostroh;;;;;173134;Uherskı Ostroh;614475;nám. sv. Ondøeje;è.p.;14;;;68724;543892.37;1189876.52;2013-12-01T00:00:00
4799984;592749;Uherskı Ostroh;;;;;173134;Uherskı Ostroh;614475;nám. sv. Ondøeje;è.p.;15;;;68724;543898.47;1189855.97;2013-12-01T00:00:00
4799992;592749;Uherskı Ostroh;;;;;173134;Uherskı Ostroh;614475;nám. sv. Ondøeje;è.p.;16;;;68724;543890.86;1189842.69;2013-12-01T00:00:00
4800001;592749;Uherskı Ostroh;;;;;173134;Uherskı Ostroh;614475;nám. sv. Ondøeje;è.p.;17;;;68724;543878.33;1189832.31;2013-12-01T00:00:00
4800010;592749;Uherskı Ostroh;;;;;173134;Uherskı Ostroh;614475;nám. sv. Ondøeje;è.p.;18;;;68724;543865.79;1189820.79;2013-12-01T00:00:00
4800028;592749;Uherskı Ostroh;;;;;173134;Uherskı Ostroh;614475;nám. sv. Ondøeje;è.p.;19;;;68724;543848.97;1189811.23;2013-12-01T00:00:00
4800036;592749;Uherskı Ostroh;;;;;173134;Uherskı Ostroh;614475;nám. sv. Ondøeje;è.p.;20;;;68724;543837.86;1189803.23;2013-12-01T00:00:00
4800044;592749;Uherskı Ostroh;;;;;173134;Uherskı Ostroh;614475;nám. sv. Ondøeje;è.p.;22;;;68724;543805.56;1189793.65;2013-12-01T00:00:00
4800052;592749;Uherskı Ostroh;;;;;173134;Uherskı Ostroh;614475;nám. sv. Ondøeje;è.p.;23;;;68724;543780.75;1189780.84;2013-12-01T00:00:00
4800061;592749;Uherskı Ostroh;;;;;173134;Uherskı Ostroh;614297;Zámecká;è.p.;24;;;68724;543714.24;1189739.24;2013-12-01T00:00:00
4800079;592749;Uherskı Ostroh;;;;;173134;Uherskı Ostroh;614025;Komenského;è.p.;25;;;68724;543615.02;1189765.20;2013-12-01T00:00:00
4800087;592749;Uherskı Ostroh;;;;;173134;Uherskı Ostroh;614441;Šance;è.p.;26;;;68724;543596.79;1189690.50;2013-12-01T00:00:00
4800095;592749;Uherskı Ostroh;;;;;173134;Uherskı Ostroh;614025;Komenského;è.p.;27;;;68724;543603.80;1189701.67;2013-12-01T00:00:00
4800109;592749;Uherskı Ostroh;;;;;173134;Uherskı Ostroh;614025;Komenského;è.p.;28;;;68724;543656.52;1189775.04;2013-12-01T00:00:00
4800117;592749;Uherskı Ostroh;;;;;173134;Uherskı Ostroh;614025;Komenského;è.p.;29;;;68724;543669.24;1189785.85;2013-12-01T00:00:00
4800125;592749;Uherskı Ostroh;;;;;173134;Uherskı Ostroh;614114;Moravní;è.p.;30;;;68724;543949.13;1189947.38;2013-12-01T00:00:00
4800133;592749;Uherskı Ostroh;;;;;173134;Uherskı Ostroh;614475;nám. sv. Ondøeje;è.p.;31;;;68724;543788.62;1189785.85;2013-12-01T00:00:00
4800141;592749;Uherskı Ostroh;;;;;173134;Uherskı Ostroh;614475;nám. sv. Ondøeje;è.p.;32;;;68724;543752.66;1189789.16;2013-12-01T00:00:00
4800150;592749;Uherskı Ostroh;;;;;173134;Uherskı Ostroh;614475;nám. sv. Ondøeje;è.p.;33;;;68724;543762.88;1189797.91;2013-12-01T00:00:00
4800168;592749;Uherskı Ostroh;;;;;173134;Uherskı Ostroh;614475;nám. sv. Ondøeje;è.p.;34;;;68724;543776.05;1189810.75;2013-12-01T00:00:00
4800176;592749;Uherskı Ostroh;;;;;173134;Uherskı Ostroh;614475;nám. sv. Ondøeje;è.p.;35;;;68724;543785.08;1189823.32;2013-12-01T00:00:00
4800184;592749;Uherskı Ostroh;;;;;173134;Uherskı Ostroh;614475;nám. sv. Ondøeje;è.p.;36;;;68724;543809.71;1189863.34;2013-12-01T00:00:00
4800192;592749;Uherskı Ostroh;;;;;173134;Uherskı Ostroh;614475;nám. sv. Ondøeje;è.p.;37;;;68724;543821.66;1189880.32;2013-12-01T00:00:00
4800206;592749;Uherskı Ostroh;;;;;173134;Uherskı Ostroh;614475;nám. sv. Ondøeje;è.p.;38;;;68724;543829.48;1189890.15;2013-12-01T00:00:00
4800214;592749;Uherskı Ostroh;;;;;173134;Uherskı Ostroh;614475;nám. sv. Ondøeje;è.p.;39;;;68724;543833.75;1189906.09;2013-12-01T00:00:00
4800222;592749;Uherskı Ostroh;;;;;173134;Uherskı Ostroh;614360;Tøebízského;è.p.;40;;;68724;544048.78;1189855.33;2013-12-01T00:00:00
4800249;592749;Uherskı Ostroh;;;;;173134;Uherskı Ostroh;614114;Moravní;è.p.;42;;;68724;543822.69;1189938.12;2013-12-01T00:00:00
4800265;592749;Uherskı Ostroh;;;;;173134;Uherskı Ostroh;614114;Moravní;è.p.;44;;;68724;543840.32;1189924.99;2013-12-01T00:00:00
4800273;592749;Uherskı Ostroh;;;;;173134;Uherskı Ostroh;614475;nám. sv. Ondøeje;è.p.;45;;;68724;543850.86;1189918.07;2013-12-01T00:00:00
4800281;592749;Uherskı Ostroh;;;;;173134;Uherskı Ostroh;614475;nám. sv. Ondøeje;è.p.;46;;;68724;543862.53;1189909.51;2013-12-01T00:00:00
4800290;592749;Uherskı Ostroh;;;;;173134;Uherskı Ostroh;614475;nám. sv. Ondøeje;è.p.;47;;;68724;543878.97;1189897.19;2013-12-01T00:00:00
4800303;592749;Uherskı Ostroh;;;;;173134;Uherskı Ostroh;614360;Tøebízského;è.p.;48;;;68724;544098.73;1189771.08;2013-12-01T00:00:00
4800311;592749;Uherskı Ostroh;;;;;173134;Uherskı Ostroh;614017;Bartákova;è.p.;49;;;68724;543897.71;1189940.14;2013-12-01T00:00:00
4800320;592749;Uherskı Ostroh;;;;;173134;Uherskı Ostroh;614017;Bartákova;è.p.;50;;;68724;543906.52;1189923.83;2013-12-01T00:00:00
4800338;592749;Uherskı Ostroh;;;;;173134;Uherskı Ostroh;614343;Sv. Èecha;è.p.;51;;;68724;544161.02;1190090.63;2013-12-01T00:00:00
4800346;592749;Uherskı Ostroh;;;;;173134;Uherskı Ostroh;614114;Moravní;è.p.;52;;;68724;543922.75;1189968.07;2013-12-01T00:00:00
4800362;592749;Uherskı Ostroh;;;;;173134;Uherskı Ostroh;614114;Moravní;è.p.;54;;;68724;543946.23;1189967.75;2013-12-01T00:00:00
4800371;592749;Uherskı Ostroh;;;;;173134;Uherskı Ostroh;614114;Moravní;è.p.;55;;;68724;543950.00;1189960.14;2013-12-01T00:00:00
4800389;592749;Uherskı Ostroh;;;;;173134;Uherskı Ostroh;614114;Moravní;è.p.;56;;;68724;543957.30;1189956.52;2013-12-01T00:00:00
4800397;592749;Uherskı Ostroh;;;;;173134;Uherskı Ostroh;614165;Nerudova;è.p.;57;;;68724;543962.45;1189951.06;2013-12-01T00:00:00
4800401;592749;Uherskı Ostroh;;;;;173134;Uherskı Ostroh;614432;Zamlıní;è.p.;58;;;68724;543994.49;1190018.54;2013-12-01T00:00:00
4800419;592749;Uherskı Ostroh;;;;;173134;Uherskı Ostroh;614360;Tøebízského;è.p.;59;;;68724;544066.78;1189747.00;2013-12-01T00:00:00
4800427;592749;Uherskı Ostroh;;;;;173134;Uherskı Ostroh;614050;Kostelní;è.p.;60;;;68724;543798.89;1189908.94;2013-12-01T00:00:00
4800443;592749;Uherskı Ostroh;;;;;173134;Uherskı Ostroh;614432;Zamlıní;è.p.;62;;;68724;543963.74;1190093.21;2013-12-01T00:00:00
4800451;592749;Uherskı Ostroh;;;;;173134;Uherskı Ostroh;614386;V zahradách;è.p.;63;;;68724;544377.53;1189899.76;2013-12-01T00:00:00
4800460;592749;Uherskı Ostroh;;;;;173134;Uherskı Ostroh;614441;Šance;è.p.;64;;;68724;543595.01;1189711.61;2013-12-01T00:00:00
4800478;592749;Uherskı Ostroh;;;;;173134;Uherskı Ostroh;614343;Sv. Èecha;è.p.;65;;;68724;544126.02;1190092.03;2013-12-01T00:00:00
4800486;592749;Uherskı Ostroh;;;;;173134;Uherskı Ostroh;614343;Sv. Èecha;è.p.;66;;;68724;544284.97;1190081.99;2013-12-01T00:00:00
4800494;592749;Uherskı Ostroh;;;;;173134;Uherskı Ostroh;614343;Sv. Èecha;è.p.;67;;;68724;544349.64;1190091.38;2013-12-01T00:00:00
4800508;592749;Uherskı Ostroh;;;;;173134;Uherskı Ostroh;614343;Sv. Èecha;è.p.;68;;;68724;544357.40;1190089.28;2013-12-01T00:00:00
4800516;592749;Uherskı Ostroh;;;;;173134;Uherskı Ostroh;614343;Sv. Èecha;è.p.;69;;;68724;544365.34;1190089.85;2013-12-01T00:00:00
4800524;592749;Uherskı Ostroh;;;;;173134;Uherskı Ostroh;614343;Sv. Èecha;è.p.;70;;;68724;544371.80;1190089.94;2013-12-01T00:00:00
4800532;592749;Uherskı Ostroh;;;;;173134;Uherskı Ostroh;614165;Nerudova;è.p.;71;;;68724;543977.09;1189921.94;2013-12-01T00:00:00
4800541;592749;Uherskı Ostroh;;;;;173134;Uherskı Ostroh;614343;Sv. Èecha;è.p.;72;;;68724;544502.24;1189977.50;2013-12-01T00:00:00
4800559;592749;Uherskı Ostroh;;;;;173134;Uherskı Ostroh;614343;Sv. Èecha;è.p.;73;;;68724;544291.29;1190042.42;2018-02-19T00:00:00
4800567;592749;Uherskı Ostroh;;;;;173134;Uherskı Ostroh;614441;Šance;è.p.;74;;;68724;543660.67;1189794.49;2013-12-01T00:00:00
4800575;592749;Uherskı Ostroh;;;;;173134;Uherskı Ostroh;614343;Sv. Èecha;è.p.;75;;;68724;544256.61;1190036.21;2013-12-01T00:00:00
4800583;592749;Uherskı Ostroh;;;;;173134;Uherskı Ostroh;614343;Sv. Èecha;è.p.;76;;;68724;544236.71;1190023.66;2013-12-01T00:00:00
4800591;592749;Uherskı Ostroh;;;;;173134;Uherskı Ostroh;614343;Sv. Èecha;è.p.;77;;;68724;544199.90;1190045.59;2013-12-01T00:00:00
4800605;592749;Uherskı Ostroh;;;;;173134;Uherskı Ostroh;614343;Sv. Èecha;è.p.;78;;;68724;544591.29;1189870.30;2013-12-01T00:00:00
4800613;592749;Uherskı Ostroh;;;;;173134;Uherskı Ostroh;614343;Sv. Èecha;è.p.;79;;;68724;544577.42;1189856.24;2013-12-01T00:00:00
4800630;592749;Uherskı Ostroh;;;;;173134;Uherskı Ostroh;614343;Sv. Èecha;è.p.;81;;;68724;544510.88;1189969.75;2013-12-01T00:00:00
4800648;592749;Uherskı Ostroh;;;;;173134;Uherskı Ostroh;614360;Tøebízského;è.p.;82;;;68724;544117.38;1189874.76;2013-12-01T00:00:00
4800656;592749;Uherskı Ostroh;;;;;173134;Uherskı Ostroh;614360;Tøebízského;è.p.;83;;;68724;544076.36;1189856.70;2013-12-01T00:00:00
4800664;592749;Uherskı Ostroh;;;;;173134;Uherskı Ostroh;614360;Tøebízského;è.p.;84;;;68724;544056.90;1189844.17;2013-12-01T00:00:00
4800702;592749;Uherskı Ostroh;;;;;173134;Uherskı Ostroh;614432;Zamlıní;è.p.;88;;;68724;543988.38;1190011.00;2013-12-01T00:00:00
4800729;592749;Uherskı Ostroh;;;;;173134;Uherskı Ostroh;861855;Zamlıní I;è.p.;90;;;68724;544059.79;1190148.73;2013-12-01T00:00:00
4800737;592749;Uherskı Ostroh;;;;;173134;Uherskı Ostroh;614343;Sv. Èecha;è.p.;91;;;68724;544086.74;1190022.27;2013-12-01T00:00:00
4800745;592749;Uherskı Ostroh;;;;;173134;Uherskı Ostroh;614343;Sv. Èecha;è.p.;92;;;68724;544226.05;1190043.12;2013-12-01T00:00:00
4800753;592749;Uherskı Ostroh;;;;;173134;Uherskı Ostroh;614343;Sv. Èecha;è.p.;93;;;68724;544526.08;1190107.55;2013-12-01T00:00:00
4800761;592749;Uherskı Ostroh;;;;;173134;Uherskı Ostroh;614343;Sv. Èecha;è.p.;94;;;68724;544110.20;1190036.44;2013-12-01T00:00:00
4800770;592749;Uherskı Ostroh;;;;;173134;Uherskı Ostroh;614343;Sv. Èecha;è.p.;95;;;68724;544532.31;1190000.38;2013-12-01T00:00:00
4800788;592749;Uherskı Ostroh;;;;;173134;Uherskı Ostroh;614343;Sv. Èecha;è.p.;96;;;68724;544412.00;1190090.11;2013-12-01T00:00:00
4800796;592749;Uherskı Ostroh;;;;;173134;Uherskı Ostroh;861855;Zamlıní I;è.p.;97;;;68724;544010.93;1190153.76;2013-12-01T00:00:00
4800800;592749;Uherskı Ostroh;;;;;173134;Uherskı Ostroh;614114;Moravní;è.p.;99;;;68724;543817.36;1189954.90;2022-11-18T00:00:00
4800818;592749;Uherskı Ostroh;;;;;173134;Uherskı Ostroh;614441;Šance;è.p.;100;;;68724;543618.29;1189807.91;2013-12-01T00:00:00
4800826;592749;Uherskı Ostroh;;;;;173134;Uherskı Ostroh;614343;Sv. Èecha;è.p.;102;;;68724;544075.84;1190060.29;2013-12-01T00:00:00
4800834;592749;Uherskı Ostroh;;;;;173134;Uherskı Ostroh;614441;Šance;è.p.;103;;;68724;543651.54;1189805.67;2013-12-01T00:00:00
4800842;592749;Uherskı Ostroh;;;;;173134;Uherskı Ostroh;614441;Šance;è.p.;104;;;68724;543574.52;1189687.25;2013-12-01T00:00:00
4800851;592749;Uherskı Ostroh;;;;;173134;Uherskı Ostroh;614025;Komenského;è.p.;105;;;68724;543619.35;1189724.62;2013-12-01T00:00:00
4800877;592749;Uherskı Ostroh;;;;;173134;Uherskı Ostroh;614343;Sv. Èecha;è.p.;107;;;68724;544307.41;1190032.60;2013-12-01T00:00:00
4800885;592749;Uherskı Ostroh;;;;;173134;Uherskı Ostroh;614114;Moravní;è.p.;108;;;68724;543930.60;1189956.50;2023-12-18T00:00:00
4800893;592749;Uherskı Ostroh;;;;;173134;Uherskı Ostroh;614432;Zamlıní;è.p.;110;;;68724;543953.56;1190095.76;2013-12-01T00:00:00
4800907;592749;Uherskı Ostroh;;;;;173134;Uherskı Ostroh;614441;Šance;è.p.;111;;;68724;543589.24;1189774.39;2013-12-01T00:00:00
4800915;592749;Uherskı Ostroh;;;;;173134;Uherskı Ostroh;614441;Šance;è.p.;112;;;68724;543573.87;1189749.50;2013-12-01T00:00:00
4800923;592749;Uherskı Ostroh;;;;;173134;Uherskı Ostroh;614441;Šance;è.p.;113;;;68724;543577.71;1189757.39;2013-12-01T00:00:00
4800931;592749;Uherskı Ostroh;;;;;173134;Uherskı Ostroh;614386;V zahradách;è.p.;114;;;68724;544260.04;1189841.02;2013-12-01T00:00:00
4800940;592749;Uherskı Ostroh;;;;;173134;Uherskı Ostroh;614432;Zamlıní;è.p.;116;;;68724;543950.50;1190109.39;2013-12-01T00:00:00
4800966;592749;Uherskı Ostroh;;;;;173134;Uherskı Ostroh;614343;Sv. Èecha;è.p.;119;;;68724;544380.52;1190089.55;2013-12-01T00:00:00
4800974;592749;Uherskı Ostroh;;;;;173134;Uherskı Ostroh;614343;Sv. Èecha;è.p.;120;;;68724;544372.09;1190027.37;2013-12-01T00:00:00
4800982;592749;Uherskı Ostroh;;;;;173134;Uherskı Ostroh;614441;Šance;è.p.;121;;;68724;543641.28;1189772.83;2013-12-01T00:00:00
4800991;592749;Uherskı Ostroh;;;;;173134;Uherskı Ostroh;614386;V zahradách;è.p.;122;;;68724;544303.44;1189847.67;2013-12-01T00:00:00
4801008;592749;Uherskı Ostroh;;;;;173134;Uherskı Ostroh;614149;Nábøení;è.p.;123;;;68724;544017.07;1189848.58;2013-12-01T00:00:00
4801016;592749;Uherskı Ostroh;;;;;173134;Uherskı Ostroh;614343;Sv. Èecha;è.p.;124;;;68724;544322.67;1190030.90;2013-12-01T00:00:00
4801024;592749;Uherskı Ostroh;;;;;173134;Uherskı Ostroh;614360;Tøebízského;è.p.;125;;;68724;544060.12;1189837.94;2013-12-01T00:00:00
4801032;592749;Uherskı Ostroh;;;;;173134;Uherskı Ostroh;614343;Sv. Èecha;è.p.;126;;;68724;544268.52;1190037.70;2013-12-01T00:00:00
4801041;592749;Uherskı Ostroh;;;;;173134;Uherskı Ostroh;614343;Sv. Èecha;è.p.;127;;;68724;544391.28;1190019.10;2013-12-01T00:00:00
4801059;592749;Uherskı Ostroh;;;;;173134;Uherskı Ostroh;614343;Sv. Èecha;è.p.;128;;;68724;544403.93;1190014.35;2013-12-01T00:00:00
4801067;592749;Uherskı Ostroh;;;;;173134;Uherskı Ostroh;614343;Sv. Èecha;è.p.;129;;;68724;544416.13;1190012.26;2013-12-01T00:00:00
4801075;592749;Uherskı Ostroh;;;;;173134;Uherskı Ostroh;614386;V zahradách;è.p.;130;;;68724;544281.25;1189853.92;2013-12-01T00:00:00
4801083;592749;Uherskı Ostroh;;;;;173134;Uherskı Ostroh;614386;V zahradách;è.p.;131;;;68724;544286.04;1189839.43;2013-12-01T00:00:00
4801091;592749;Uherskı Ostroh;;;;;173134;Uherskı Ostroh;614386;V zahradách;è.p.;132;;;68724;544288.76;1189857.45;2013-12-01T00:00:00
4801105;592749;Uherskı Ostroh;;;;;173134;Uherskı Ostroh;614343;Sv. Èecha;è.p.;133;;;68724;544427.39;1190010.49;2013-12-01T00:00:00
4801113;592749;Uherskı Ostroh;;;;;173134;Uherskı Ostroh;614343;Sv. Èecha;è.p.;134;;;68724;544443.37;1190005.35;2013-12-01T00:00:00
4801121;592749;Uherskı Ostroh;;;;;173134;Uherskı Ostroh;614343;Sv. Èecha;è.p.;135;;;68724;544475.73;1189994.18;2013-12-01T00:00:00
4801130;592749;Uherskı Ostroh;;;;;173134;Uherskı Ostroh;614343;Sv. Èecha;è.p.;136;;;68724;544495.00;1189984.15;2013-12-01T00:00:00
4801148;592749;Uherskı Ostroh;;;;;173134;Uherskı Ostroh;614343;Sv. Èecha;è.p.;137;;;68724;544521.21;1189962.40;2013-12-01T00:00:00
4801156;592749;Uherskı Ostroh;;;;;173134;Uherskı Ostroh;614343;Sv. Èecha;è.p.;138;;;68724;544580.37;1189915.41;2013-12-01T00:00:00
4801164;592749;Uherskı Ostroh;;;;;173134;Uherskı Ostroh;614343;Sv. Èecha;è.p.;139;;;68724;544589.08;1189908.49;2013-12-01T00:00:00
4801172;592749;Uherskı Ostroh;;;;;173134;Uherskı Ostroh;614149;Nábøení;è.p.;140;;;68724;543969.33;1189788.47;2013-12-01T00:00:00
4801202;592749;Uherskı Ostroh;;;;;173134;Uherskı Ostroh;614386;V zahradách;è.p.;143;;;68724;544305.57;1189865.81;2013-12-01T00:00:00
4801211;592749;Uherskı Ostroh;;;;;173134;Uherskı Ostroh;614149;Nábøení;è.p.;144;;;68724;543937.39;1189761.54;2013-12-01T00:00:00
4801229;592749;Uherskı Ostroh;;;;;173134;Uherskı Ostroh;614386;V zahradách;è.p.;145;;;68724;544381.25;1189969.01;2013-12-01T00:00:00
4801237;592749;Uherskı Ostroh;;;;;173134;Uherskı Ostroh;614386;V zahradách;è.p.;146;;;68724;544379.48;1189957.65;2013-12-01T00:00:00
4801245;592749;Uherskı Ostroh;;;;;173134;Uherskı Ostroh;614386;V zahradách;è.p.;147;;;68724;544295.99;1189844.40;2013-12-01T00:00:00
4801253;592749;Uherskı Ostroh;;;;;173134;Uherskı Ostroh;614360;Tøebízského;è.p.;148;;;68724;544097.86;1189694.08;2013-12-01T00:00:00
4801270;592749;Uherskı Ostroh;;;;;173134;Uherskı Ostroh;614343;Sv. Èecha;è.p.;150;;;68724;544546.31;1189902.14;2013-12-01T00:00:00
4801288;592749;Uherskı Ostroh;;;;;173134;Uherskı Ostroh;614025;Komenského;è.p.;151;;;68724;543644.30;1189754.21;2013-12-01T00:00:00
4801296;592749;Uherskı Ostroh;;;;;173134;Uherskı Ostroh;614165;Nerudova;è.p.;152;;;68724;543961.20;1189882.91;2013-12-01T00:00:00
4801300;592749;Uherskı Ostroh;;;;;173134;Uherskı Ostroh;614050;Kostelní;è.p.;153;;;68724;543732.49;1189827.30;2013-12-01T00:00:00
4801318;592749;Uherskı Ostroh;;;;;173134;Uherskı Ostroh;614050;Kostelní;è.p.;154;;;68724;543726.12;1189812.85;2013-12-01T00:00:00
4801326;592749;Uherskı Ostroh;;;;;173134;Uherskı Ostroh;614050;Kostelní;è.p.;155;;;68724;543738.44;1189837.64;2013-12-01T00:00:00
4801342;592749;Uherskı Ostroh;;;;;173134;Uherskı Ostroh;614050;Kostelní;è.p.;157;;;68724;543753.70;1189862.79;2013-12-01T00:00:00
4801351;592749;Uherskı Ostroh;;;;;173134;Uherskı Ostroh;614050;Kostelní;è.p.;158;;;68724;543763.12;1189877.62;2013-12-01T00:00:00
4801369;592749;Uherskı Ostroh;;;;;173134;Uherskı Ostroh;614050;Kostelní;è.p.;159;;;68724;543763.35;1189887.38;2013-12-01T00:00:00
4801377;592749;Uherskı Ostroh;;;;;173134;Uherskı Ostroh;614050;Kostelní;è.p.;160;;;68724;543770.89;1189896.52;2013-12-01T00:00:00
4801393;592749;Uherskı Ostroh;;;;;173134;Uherskı Ostroh;614050;Kostelní;è.p.;162;;;68724;543778.29;1189914.47;2013-12-01T00:00:00
4801407;592749;Uherskı Ostroh;;;;;173134;Uherskı Ostroh;614050;Kostelní;è.p.;163;;;68724;543786.23;1189921.09;2013-12-01T00:00:00
4801415;592749;Uherskı Ostroh;;;;;173134;Uherskı Ostroh;861855;Zamlıní I;è.p.;164;;;68724;544088.10;1190260.92;2013-12-01T00:00:00
4801423;592749;Uherskı Ostroh;;;;;173134;Uherskı Ostroh;614050;Kostelní;è.p.;165;;;68724;543760.09;1189873.35;2013-12-01T00:00:00
4801431;592749;Uherskı Ostroh;;;;;173134;Uherskı Ostroh;614441;Šance;è.p.;166;;;68724;543682.59;1189846.60;2013-12-01T00:00:00
4801440;592749;Uherskı Ostroh;;;;;173134;Uherskı Ostroh;614025;Komenského;è.p.;167;;;68724;543683.59;1189818.60;2013-12-01T00:00:00
4801458;592749;Uherskı Ostroh;;;;;173134;Uherskı Ostroh;614441;Šance;è.p.;168;;;68724;543676.17;1189830.21;2013-12-01T00:00:00
4801466;592749;Uherskı Ostroh;;;;;173134;Uherskı Ostroh;614360;Tøebízského;è.p.;169;;;68724;544033.15;1189869.67;2013-12-01T00:00:00
4801474;592749;Uherskı Ostroh;;;;;173134;Uherskı Ostroh;614114;Moravní;è.p.;170;;;68724;543822.72;1189994.87;2013-12-01T00:00:00
4801482;592749;Uherskı Ostroh;;;;;173134;Uherskı Ostroh;614114;Moravní;è.p.;171;;;68724;543825.90;1190002.00;2013-12-01T00:00:00
4801491;592749;Uherskı Ostroh;;;;;173134;Uherskı Ostroh;614114;Moravní;è.p.;172;;;68724;543851.90;1190005.59;2013-12-01T00:00:00
4801504;592749;Uherskı Ostroh;;;;;173134;Uherskı Ostroh;614017;Bartákova;è.p.;173;;;68724;543865.84;1189971.18;2013-12-01T00:00:00
4801512;592749;Uherskı Ostroh;;;;;173134;Uherskı Ostroh;614114;Moravní;è.p.;174;;;68724;543861.10;1189979.95;2013-12-01T00:00:00
4801521;592749;Uherskı Ostroh;;;;;173134;Uherskı Ostroh;861855;Zamlıní I;è.p.;175;;;68724;544034.81;1190182.76;2013-12-01T00:00:00
4801539;592749;Uherskı Ostroh;;;;;173134;Uherskı Ostroh;614114;Moravní;è.p.;176;;;68724;543856.72;1189983.64;2013-12-01T00:00:00
4801547;592749;Uherskı Ostroh;;;;;173134;Uherskı Ostroh;614114;Moravní;è.p.;177;;;68724;543849.07;1189980.72;2013-12-01T00:00:00
4801555;592749;Uherskı Ostroh;;;;;173134;Uherskı Ostroh;614149;Nábøení;è.p.;178;;;68724;543840.27;1189973.36;2013-12-01T00:00:00
4801563;592749;Uherskı Ostroh;;;;;173134;Uherskı Ostroh;614343;Sv. Èecha;è.p.;179;;;68724;544591.97;1189952.76;2013-12-01T00:00:00
4801580;592749;Uherskı Ostroh;;;;;173134;Uherskı Ostroh;614114;Moravní;è.p.;181;;;68724;543827.61;1189963.39;2013-12-01T00:00:00
4801598;592749;Uherskı Ostroh;;;;;173134;Uherskı Ostroh;614114;Moravní;è.p.;182;;;68724;543823.37;1189960.85;2013-12-01T00:00:00
4801601;592749;Uherskı Ostroh;;;;;173134;Uherskı Ostroh;614050;Kostelní;è.p.;184;;;68724;543793.20;1189898.69;2013-12-01T00:00:00
4801610;592749;Uherskı Ostroh;;;;;173134;Uherskı Ostroh;614050;Kostelní;è.p.;185;;;68724;543752.51;1189818.19;2013-12-01T00:00:00
4801636;592749;Uherskı Ostroh;;;;;173134;Uherskı Ostroh;614441;Šance;è.p.;187;;;68724;543595.18;1189782.26;2013-12-01T00:00:00
4801644;592749;Uherskı Ostroh;;;;;173134;Uherskı Ostroh;614165;Nerudova;è.p.;188;;;68724;543979.10;1189880.99;2013-12-01T00:00:00
4801652;592749;Uherskı Ostroh;;;;;173134;Uherskı Ostroh;614386;V zahradách;è.p.;189;;;68724;544329.67;1189877.00;2013-12-01T00:00:00
4801661;592749;Uherskı Ostroh;;;;;173134;Uherskı Ostroh;614343;Sv. Èecha;è.p.;190;;;68724;544141.58;1190091.83;2013-12-01T00:00:00
4801679;592749;Uherskı Ostroh;;;;;173134;Uherskı Ostroh;614386;V zahradách;è.p.;191;;;68724;544369.39;1189880.32;2013-12-01T00:00:00
4801687;592749;Uherskı Ostroh;;;;;173134;Uherskı Ostroh;614025;Komenského;è.p.;192;;;68724;543633.12;1189623.20;2013-12-01T00:00:00
4801695;592749;Uherskı Ostroh;;;;;173134;Uherskı Ostroh;614386;V zahradách;è.p.;193;;;68724;544360.98;1189891.44;2013-12-01T00:00:00
4801709;592749;Uherskı Ostroh;;;;;173134;Uherskı Ostroh;614343;Sv. Èecha;è.p.;194;;;68724;544199.84;1190089.26;2013-12-01T00:00:00
4801717;592749;Uherskı Ostroh;;;;;173134;Uherskı Ostroh;614343;Sv. Èecha;è.p.;195;;;68724;544191.00;1190088.19;2013-12-01T00:00:00
4801725;592749;Uherskı Ostroh;;;;;173134;Uherskı Ostroh;614297;Zámecká;è.p.;196;;;68724;543770.24;1189725.43;2013-12-01T00:00:00
4801741;592749;Uherskı Ostroh;;;;;173134;Uherskı Ostroh;614386;V zahradách;è.p.;198;;;68724;544355.00;1189888.51;2013-12-01T00:00:00
4801750;592749;Uherskı Ostroh;;;;;173134;Uherskı Ostroh;614343;Sv. Èecha;è.p.;199;;;68724;544173.33;1190090.52;2013-12-01T00:00:00
4801768;592749;Uherskı Ostroh;;;;;173134;Uherskı Ostroh;614441;Šance;è.p.;200;;;68724;543575.08;1189721.43;2013-12-01T00:00:00
4801784;592749;Uherskı Ostroh;;;;;173134;Uherskı Ostroh;614432;Zamlıní;è.p.;202;;;68724;543935.23;1190079.92;2013-12-01T00:00:00
4801792;592749;Uherskı Ostroh;;;;;173134;Uherskı Ostroh;614386;V zahradách;è.p.;203;;;68724;544347.21;1189884.76;2013-12-01T00:00:00
4801806;592749;Uherskı Ostroh;;;;;173134;Uherskı Ostroh;614360;Tøebízského;è.p.;204;;;68724;544079.75;1189846.48;2013-12-01T00:00:00
4801814;592749;Uherskı Ostroh;;;;;173134;Uherskı Ostroh;614386;V zahradách;è.p.;205;;;68724;544361.70;1189970.76;2013-12-01T00:00:00
4801822;592749;Uherskı Ostroh;;;;;173134;Uherskı Ostroh;614386;V zahradách;è.p.;206;;;68724;544111.46;1189946.32;2013-12-01T00:00:00
4801831;592749;Uherskı Ostroh;;;;;173134;Uherskı Ostroh;614360;Tøebízského;è.p.;207;;;68724;544061.27;1189937.91;2013-12-01T00:00:00
4801849;592749;Uherskı Ostroh;;;;;173134;Uherskı Ostroh;614360;Tøebízského;è.p.;208;;;68724;544094.76;1189812.21;2013-12-01T00:00:00
4801857;592749;Uherskı Ostroh;;;;;173134;Uherskı Ostroh;614050;Kostelní;è.p.;210;;;68724;543777.12;1189907.19;2013-12-01T00:00:00
4801865;592749;Uherskı Ostroh;;;;;173134;Uherskı Ostroh;614386;V zahradách;è.p.;211;;;68724;544131.90;1189939.59;2013-12-01T00:00:00
4801873;592749;Uherskı Ostroh;;;;;173134;Uherskı Ostroh;614343;Sv. Èecha;è.p.;212;;;68724;544335.01;1190031.40;2013-12-01T00:00:00
4801881;592749;Uherskı Ostroh;;;;;173134;Uherskı Ostroh;614432;Zamlıní;è.p.;213;;;68724;543943.20;1190006.92;2013-12-01T00:00:00
4801890;592749;Uherskı Ostroh;;;;;173134;Uherskı Ostroh;614432;Zamlıní;è.p.;214;;;68724;543911.05;1190025.71;2013-12-01T00:00:00
4801903;592749;Uherskı Ostroh;;;;;173134;Uherskı Ostroh;614432;Zamlıní;è.p.;215;;;68724;543931.21;1190010.47;2023-11-15T00:00:00
4801911;592749;Uherskı Ostroh;;;;;173134;Uherskı Ostroh;614360;Tøebízského;è.p.;216;;;68724;544053.20;1189981.48;2013-12-01T00:00:00
4801920;592749;Uherskı Ostroh;;;;;173134;Uherskı Ostroh;614432;Zamlıní;è.p.;217;;;68724;544004.68;1190101.58;2013-12-01T00:00:00
4801938;592749;Uherskı Ostroh;;;;;173134;Uherskı Ostroh;614343;Sv. Èecha;è.p.;218;;;68724;544616.81;1189933.16;2013-12-01T00:00:00
4801946;592749;Uherskı Ostroh;;;;;173134;Uherskı Ostroh;614343;Sv. Èecha;è.p.;219;;;68724;543826.13;1189026.75;2013-12-01T00:00:00
4801954;592749;Uherskı Ostroh;;;;;173134;Uherskı Ostroh;614343;Sv. Èecha;è.p.;220;;;68724;544530.94;1189952.57;2013-12-01T00:00:00
4801962;592749;Uherskı Ostroh;;;;;173134;Uherskı Ostroh;614475;nám. sv. Ondøeje;è.p.;221;;;68724;543796.34;1189788.64;2013-12-01T00:00:00
4801971;592749;Uherskı Ostroh;;;;;173134;Uherskı Ostroh;614475;nám. sv. Ondøeje;è.p.;222;;;68724;543855.25;1189815.70;2013-12-01T00:00:00
4801989;592749;Uherskı Ostroh;;;;;173134;Uherskı Ostroh;614343;Sv. Èecha;è.p.;223;;;68724;544209.92;1190088.07;2013-12-01T00:00:00
4801997;592749;Uherskı Ostroh;;;;;173134;Uherskı Ostroh;614343;Sv. Èecha;è.p.;224;;;68724;544602.02;1189946.45;2013-12-01T00:00:00
4802004;592749;Uherskı Ostroh;;;;;173134;Uherskı Ostroh;614432;Zamlıní;è.p.;225;;;68724;543977.41;1190102.45;2013-12-01T00:00:00
4802012;592749;Uherskı Ostroh;;;;;173134;Uherskı Ostroh;614343;Sv. Èecha;è.p.;226;;;68724;544657.05;1189981.43;2022-02-08T00:00:00
4802021;592749;Uherskı Ostroh;;;;;173134;Uherskı Ostroh;614343;Sv. Èecha;è.p.;227;;;68724;544105.82;1190081.89;2013-12-01T00:00:00
4802039;592749;Uherskı Ostroh;;;;;173134;Uherskı Ostroh;614343;Sv. Èecha;è.p.;228;;;68724;544494.70;1189875.70;2013-12-01T00:00:00
4802047;592749;Uherskı Ostroh;;;;;173134;Uherskı Ostroh;614343;Sv. Èecha;è.p.;229;;;68724;544531.32;1189918.83;2013-12-01T00:00:00
4802055;592749;Uherskı Ostroh;;;;;173134;Uherskı Ostroh;614386;V zahradách;è.p.;230;;;68724;544330.59;1189858.98;2013-12-01T00:00:00
4802063;592749;Uherskı Ostroh;;;;;173134;Uherskı Ostroh;614343;Sv. Èecha;è.p.;231;;;68724;544245.66;1190084.10;2013-12-01T00:00:00
4802071;592749;Uherskı Ostroh;;;;;173134;Uherskı Ostroh;614343;Sv. Èecha;è.p.;232;;;68724;544263.26;1190082.17;2013-12-01T00:00:00
4802080;592749;Uherskı Ostroh;;;;;173134;Uherskı Ostroh;614343;Sv. Èecha;è.p.;233;;;68724;544541.75;1189913.00;2013-12-01T00:00:00
4802098;592749;Uherskı Ostroh;;;;;173134;Uherskı Ostroh;614343;Sv. Èecha;è.p.;234;;;68724;544322.33;1190075.27;2013-12-01T00:00:00
4802101;592749;Uherskı Ostroh;;;;;173134;Uherskı Ostroh;614343;Sv. Èecha;è.p.;235;;;68724;544564.60;1189840.08;2013-12-01T00:00:00
4802110;592749;Uherskı Ostroh;;;;;173134;Uherskı Ostroh;614343;Sv. Èecha;è.p.;236;;;68724;544431.84;1190048.99;2013-12-01T00:00:00
4802128;592749;Uherskı Ostroh;;;;;173134;Uherskı Ostroh;614343;Sv. Èecha;è.p.;237;;;68724;544449.98;1190044.60;2013-12-01T00:00:00
4802136;592749;Uherskı Ostroh;;;;;173134;Uherskı Ostroh;614343;Sv. Èecha;è.p.;238;;;68724;544460.69;1190041.75;2013-12-01T00:00:00
4802144;592749;Uherskı Ostroh;;;;;173134;Uherskı Ostroh;614343;Sv. Èecha;è.p.;239;;;68724;544503.88;1190026.25;2013-12-01T00:00:00
4802152;592749;Uherskı Ostroh;;;;;173134;Uherskı Ostroh;614343;Sv. Èecha;è.p.;240;;;68724;544513.83;1190016.98;2013-12-01T00:00:00
4802161;592749;Uherskı Ostroh;;;;;173134;Uherskı Ostroh;614343;Sv. Èecha;è.p.;241;;;68724;544541.05;1189995.70;2013-12-01T00:00:00
4802179;592749;Uherskı Ostroh;;;;;173134;Uherskı Ostroh;614343;Sv. Èecha;è.p.;242;;;68724;544551.33;1189987.09;2013-12-01T00:00:00
4802187;592749;Uherskı Ostroh;;;;;173134;Uherskı Ostroh;614343;Sv. Èecha;è.p.;244;;;68724;544570.28;1189971.47;2013-12-01T00:00:00
4802195;592749;Uherskı Ostroh;;;;;173134;Uherskı Ostroh;614343;Sv. Èecha;è.p.;246;;;68724;544626.34;1189928.00;2013-12-01T00:00:00
4802209;592749;Uherskı Ostroh;;;;;173134;Uherskı Ostroh;614386;V zahradách;è.p.;247;;;68724;544087.55;1189975.71;2013-12-01T00:00:00
4802217;592749;Uherskı Ostroh;;;;;173134;Uherskı Ostroh;614386;V zahradách;è.p.;248;;;68724;544159.39;1189955.78;2013-12-01T00:00:00
4802225;592749;Uherskı Ostroh;;;;;173134;Uherskı Ostroh;614343;Sv. Èecha;è.p.;249;;;68724;544551.60;1189825.76;2013-12-01T00:00:00
4802233;592749;Uherskı Ostroh;;;;;173134;Uherskı Ostroh;614343;Sv. Èecha;è.p.;250;;;68724;544539.72;1189810.40;2013-12-01T00:00:00
4802250;592749;Uherskı Ostroh;;;;;173134;Uherskı Ostroh;614149;Nábøení;è.p.;252;;;68724;544003.88;1189818.99;2013-12-01T00:00:00
4802268;592749;Uherskı Ostroh;;;;;173134;Uherskı Ostroh;614343;Sv. Èecha;è.p.;253;;;68724;544166.69;1190047.34;2013-12-01T00:00:00
4802276;592749;Uherskı Ostroh;;;;;173134;Uherskı Ostroh;614386;V zahradách;è.p.;254;;;68724;544222.68;1189858.66;2013-12-01T00:00:00
4802284;592749;Uherskı Ostroh;;;;;173134;Uherskı Ostroh;614386;V zahradách;è.p.;255;;;68724;544217.36;1189876.77;2013-12-01T00:00:00
4802292;592749;Uherskı Ostroh;;;;;173134;Uherskı Ostroh;614386;V zahradách;è.p.;256;;;68724;544207.57;1189892.80;2013-12-01T00:00:00
4802306;592749;Uherskı Ostroh;;;;;173134;Uherskı Ostroh;614386;V zahradách;è.p.;257;;;68724;544196.07;1189906.75;2013-12-01T00:00:00
4802314;592749;Uherskı Ostroh;;;;;173134;Uherskı Ostroh;614386;V zahradách;è.p.;258;;;68724;544183.16;1189922.61;2023-12-18T00:00:00
4802322;592749;Uherskı Ostroh;;;;;173134;Uherskı Ostroh;614386;V zahradách;è.p.;259;;;68724;544165.31;1189925.78;2013-12-01T00:00:00
4802331;592749;Uherskı Ostroh;;;;;173134;Uherskı Ostroh;614386;V zahradách;è.p.;260;;;68724;544215.35;1189925.03;2013-12-01T00:00:00
4802349;592749;Uherskı Ostroh;;;;;173134;Uherskı Ostroh;614386;V zahradách;è.p.;261;;;68724;544195.62;1189941.90;2013-12-01T00:00:00
4802357;592749;Uherskı Ostroh;;;;;173134;Uherskı Ostroh;614386;V zahradách;è.p.;262;;;68724;544174.47;1189950.59;2013-12-01T00:00:00
4802365;592749;Uherskı Ostroh;;;;;173134;Uherskı Ostroh;614386;V zahradách;è.p.;263;;;68724;544389.97;1189939.57;2013-12-01T00:00:00
4802373;592749;Uherskı Ostroh;;;;;173134;Uherskı Ostroh;614386;V zahradách;è.p.;264;;;68724;544223.09;1189839.70;2013-12-01T00:00:00
4802381;592749;Uherskı Ostroh;;;;;173134;Uherskı Ostroh;614360;Tøebízského;è.p.;265;;;68724;544101.59;1189737.81;2013-12-01T00:00:00
4802390;592749;Uherskı Ostroh;;;;;173134;Uherskı Ostroh;614360;Tøebízského;è.p.;266;;;68724;544103.30;1189715.84;2013-12-01T00:00:00
4802403;592749;Uherskı Ostroh;;;;;173134;Uherskı Ostroh;614106;Mašovy;è.p.;267;;;68724;543894.23;1189740.88;2013-12-01T00:00:00
4802411;592749;Uherskı Ostroh;;;;;173134;Uherskı Ostroh;614106;Mašovy;è.p.;268;;;68724;543877.10;1189728.51;2013-12-01T00:00:00
4802420;592749;Uherskı Ostroh;;;;;173134;Uherskı Ostroh;614106;Mašovy;è.p.;269;;;68724;543860.27;1189716.73;2013-12-01T00:00:00
4802438;592749;Uherskı Ostroh;;;;;173134;Uherskı Ostroh;614106;Mašovy;è.p.;270;;;68724;543846.12;1189705.52;2013-12-01T00:00:00
4802446;592749;Uherskı Ostroh;;;;;173134;Uherskı Ostroh;614106;Mašovy;è.p.;271;;;68724;543830.29;1189695.31;2013-12-01T00:00:00
4802454;592749;Uherskı Ostroh;;;;;173134;Uherskı Ostroh;614106;Mašovy;è.p.;272;;;68724;543806.66;1189675.77;2013-12-01T00:00:00
4802462;592749;Uherskı Ostroh;;;;;173134;Uherskı Ostroh;614106;Mašovy;è.p.;273;;;68724;543788.32;1189664.29;2013-12-01T00:00:00
4802471;592749;Uherskı Ostroh;;;;;173134;Uherskı Ostroh;614106;Mašovy;è.p.;274;;;68724;543772.68;1189653.62;2013-12-01T00:00:00
4802489;592749;Uherskı Ostroh;;;;;173134;Uherskı Ostroh;614106;Mašovy;è.p.;275;;;68724;543690.91;1189595.13;2013-12-01T00:00:00
4802497;592749;Uherskı Ostroh;;;;;173134;Uherskı Ostroh;614106;Mašovy;è.p.;276;;;68724;543856.82;1189654.83;2013-12-01T00:00:00
4802501;592749;Uherskı Ostroh;;;;;173134;Uherskı Ostroh;614106;Mašovy;è.p.;277;;;68724;543800.70;1189614.56;2013-12-01T00:00:00
4802519;592749;Uherskı Ostroh;;;;;173134;Uherskı Ostroh;614106;Mašovy;è.p.;278;;;68724;543924.79;1189665.94;2013-12-01T00:00:00
4802527;592749;Uherskı Ostroh;;;;;173134;Uherskı Ostroh;614106;Mašovy;è.p.;279;;;68724;543890.95;1189643.33;2013-12-01T00:00:00
4802535;592749;Uherskı Ostroh;;;;;173134;Uherskı Ostroh;614106;Mašovy;è.p.;280;;;68724;543849.08;1189613.14;2013-12-01T00:00:00
4802543;592749;Uherskı Ostroh;;;;;173134;Uherskı Ostroh;614106;Mašovy;è.p.;281;;;68724;543768.23;1189556.01;2013-12-01T00:00:00
4802560;592749;Uherskı Ostroh;;;;;173134;Uherskı Ostroh;614386;V zahradách;è.p.;283;;;68724;544243.76;1189921.47;2013-12-01T00:00:00
4802578;592749;Uherskı Ostroh;;;;;173134;Uherskı Ostroh;614343;Sv. Èecha;è.p.;284;;;68724;544500.20;1190062.38;2013-12-01T00:00:00
4802586;592749;Uherskı Ostroh;;;;;173134;Uherskı Ostroh;614343;Sv. Èecha;è.p.;285;;;68724;544489.75;1190099.34;2013-12-01T00:00:00
4802594;592749;Uherskı Ostroh;;;;;173134;Uherskı Ostroh;614343;Sv. Èecha;è.p.;286;;;68724;544188.50;1190046.93;2013-12-01T00:00:00
4802608;592749;Uherskı Ostroh;;;;;173134;Uherskı Ostroh;614386;V zahradách;è.p.;287;;;68724;544172.60;1189777.73;2013-12-01T00:00:00
4802616;592749;Uherskı Ostroh;;;;;173134;Uherskı Ostroh;614343;Sv. Èecha;è.p.;288;;;68724;544421.44;1190051.95;2013-12-01T00:00:00
4802624;592749;Uherskı Ostroh;;;;;173134;Uherskı Ostroh;614343;Sv. Èecha;è.p.;289;;;68724;544488.73;1190049.52;2013-12-01T00:00:00
4802632;592749;Uherskı Ostroh;;;;;173134;Uherskı Ostroh;614106;Mašovy;è.p.;290;;;68724;543785.11;1189602.70;2013-12-01T00:00:00
4802659;592749;Uherskı Ostroh;;;;;173134;Uherskı Ostroh;614106;Mašovy;è.p.;292;;;68724;543874.84;1189630.96;2013-12-01T00:00:00
4802667;592749;Uherskı Ostroh;;;;;173134;Uherskı Ostroh;614386;V zahradách;è.p.;293;;;68724;544348.46;1189944.92;2013-12-01T00:00:00
4802675;592749;Uherskı Ostroh;;;;;173134;Uherskı Ostroh;614386;V zahradách;è.p.;294;;;68724;544193.88;1189779.99;2013-12-01T00:00:00
4802683;592749;Uherskı Ostroh;;;;;173134;Uherskı Ostroh;614106;Mašovy;è.p.;295;;;68724;543906.35;1189654.99;2013-12-01T00:00:00
4802691;592749;Uherskı Ostroh;;;;;173134;Uherskı Ostroh;614106;Mašovy;è.p.;296;;;68724;543752.58;1189542.83;2013-12-01T00:00:00
4802705;592749;Uherskı Ostroh;;;;;173134;Uherskı Ostroh;614432;Zamlıní;è.p.;297;;;68724;543857.87;1190069.09;2013-12-01T00:00:00
4802713;592749;Uherskı Ostroh;;;;;173134;Uherskı Ostroh;614343;Sv. Èecha;è.p.;298;;;68724;544305.82;1190078.23;2013-12-01T00:00:00
4802721;592749;Uherskı Ostroh;;;;;173134;Uherskı Ostroh;614432;Zamlıní;è.p.;299;;;68724;543874.50;1190059.23;2013-12-01T00:00:00
4802730;592749;Uherskı Ostroh;;;;;173134;Uherskı Ostroh;614386;V zahradách;è.p.;300;;;68724;544398.42;1189918.40;2013-12-01T00:00:00
4802748;592749;Uherskı Ostroh;;;;;173134;Uherskı Ostroh;614106;Mašovy;è.p.;301;;;68724;543891.52;1189679.19;2013-12-01T00:00:00
4802756;592749;Uherskı Ostroh;;;;;173134;Uherskı Ostroh;614106;Mašovy;è.p.;302;;;68724;543752.50;1189579.09;2013-12-01T00:00:00
4802764;592749;Uherskı Ostroh;;;;;173134;Uherskı Ostroh;614432;Zamlıní;è.p.;303;;;68724;543838.27;1190077.31;2013-12-01T00:00:00
4802772;592749;Uherskı Ostroh;;;;;173134;Uherskı Ostroh;614386;V zahradách;è.p.;304;;;68724;544221.40;1189819.41;2013-12-01T00:00:00
4802781;592749;Uherskı Ostroh;;;;;173134;Uherskı Ostroh;614386;V zahradách;è.p.;305;;;68724;544197.09;1189741.46;2013-12-01T00:00:00
4802799;592749;Uherskı Ostroh;;;;;173134;Uherskı Ostroh;614386;V zahradách;è.p.;306;;;68724;544136.17;1189746.67;2021-09-22T00:00:00
4802802;592749;Uherskı Ostroh;;;;;173134;Uherskı Ostroh;614343;Sv. Èecha;è.p.;307;;;68724;544558.70;1189980.48;2013-12-01T00:00:00
4802811;592749;Uherskı Ostroh;;;;;173134;Uherskı Ostroh;614106;Mašovy;è.p.;308;;;68724;544039.58;1189749.29;2013-12-01T00:00:00
4802829;592749;Uherskı Ostroh;;;;;173134;Uherskı Ostroh;614106;Mašovy;è.p.;309;;;68724;544032.00;1189744.34;2013-12-01T00:00:00
4802837;592749;Uherskı Ostroh;;;;;173134;Uherskı Ostroh;614106;Mašovy;è.p.;310;;;68724;544024.61;1189738.89;2013-12-01T00:00:00
4802845;592749;Uherskı Ostroh;;;;;173134;Uherskı Ostroh;614106;Mašovy;è.p.;311;;;68724;544017.03;1189734.12;2013-12-01T00:00:00
4802853;592749;Uherskı Ostroh;;;;;173134;Uherskı Ostroh;614106;Mašovy;è.p.;312;;;68724;543988.07;1189713.22;2013-12-01T00:00:00
4802861;592749;Uherskı Ostroh;;;;;173134;Uherskı Ostroh;614106;Mašovy;è.p.;313;;;68724;543980.69;1189707.89;2013-12-01T00:00:00
4802870;592749;Uherskı Ostroh;;;;;173134;Uherskı Ostroh;614106;Mašovy;è.p.;314;;;68724;543973.88;1189702.39;2013-12-01T00:00:00
4802888;592749;Uherskı Ostroh;;;;;173134;Uherskı Ostroh;614106;Mašovy;è.p.;315;;;68724;543966.74;1189697.30;2013-12-01T00:00:00
4802896;592749;Uherskı Ostroh;;;;;173134;Uherskı Ostroh;614106;Mašovy;è.p.;316;;;68724;543995.21;1189718.72;2013-12-01T00:00:00
4802900;592749;Uherskı Ostroh;;;;;173134;Uherskı Ostroh;614106;Mašovy;è.p.;317;;;68724;543756.59;1189640.90;2013-12-01T00:00:00
4802918;592749;Uherskı Ostroh;;;;;173134;Uherskı Ostroh;614386;V zahradách;è.p.;318;;;68724;544217.82;1189746.90;2013-12-01T00:00:00
4802926;592749;Uherskı Ostroh;;;;;173134;Uherskı Ostroh;614106;Mašovy;è.p.;319;;;68724;543833.44;1189636.87;2013-12-01T00:00:00
4802934;592749;Uherskı Ostroh;;;;;173134;Uherskı Ostroh;614106;Mašovy;è.p.;320;;;68724;543923.27;1189703.04;2013-12-01T00:00:00
4802942;592749;Uherskı Ostroh;;;;;173134;Uherskı Ostroh;614386;V zahradách;è.p.;321;;;68724;544411.78;1189905.09;2013-12-01T00:00:00
4802951;592749;Uherskı Ostroh;;;;;173134;Uherskı Ostroh;614106;Mašovy;è.p.;322;;;68724;544006.57;1189764.01;2013-12-01T00:00:00
4802969;592749;Uherskı Ostroh;;;;;173134;Uherskı Ostroh;614106;Mašovy;è.p.;323;;;68724;544002.67;1189723.24;2013-12-01T00:00:00
4802977;592749;Uherskı Ostroh;;;;;173134;Uherskı Ostroh;614106;Mašovy;è.p.;324;;;68724;543964.25;1189730.90;2013-12-01T00:00:00
4802985;592749;Uherskı Ostroh;;;;;173134;Uherskı Ostroh;614386;V zahradách;è.p.;325;;;68724;544263.57;1189900.56;2013-12-01T00:00:00
4802993;592749;Uherskı Ostroh;;;;;173134;Uherskı Ostroh;614106;Mašovy;è.p.;326;;;68724;543956.67;1189725.73;2013-12-01T00:00:00
4803001;592749;Uherskı Ostroh;;;;;173134;Uherskı Ostroh;614106;Mašovy;è.p.;327;;;68724;543971.10;1189735.98;2013-12-01T00:00:00
4803019;592749;Uherskı Ostroh;;;;;173134;Uherskı Ostroh;614106;Mašovy;è.p.;328;;;68724;543949.30;1189720.73;2013-12-01T00:00:00
4803027;592749;Uherskı Ostroh;;;;;173134;Uherskı Ostroh;614360;Tøebízského;è.p.;329;;;68724;544060.62;1189801.80;2013-12-01T00:00:00
4803035;592749;Uherskı Ostroh;;;;;173134;Uherskı Ostroh;614106;Mašovy;è.p.;330;;;68724;543978.59;1189741.48;2013-12-01T00:00:00
4803043;592749;Uherskı Ostroh;;;;;173134;Uherskı Ostroh;614386;V zahradách;è.p.;331;;;68724;544268.41;1189890.19;2013-12-01T00:00:00
4803051;592749;Uherskı Ostroh;;;;;173134;Uherskı Ostroh;614106;Mašovy;è.p.;332;;;68724;543992.97;1189752.19;2013-12-01T00:00:00
4803060;592749;Uherskı Ostroh;;;;;173134;Uherskı Ostroh;614106;Mašovy;è.p.;333;;;68724;543736.83;1189531.98;2013-12-01T00:00:00
4803078;592749;Uherskı Ostroh;;;;;173134;Uherskı Ostroh;614106;Mašovy;è.p.;334;;;68724;543908.11;1189691.30;2013-12-01T00:00:00
4803086;592749;Uherskı Ostroh;;;;;173134;Uherskı Ostroh;614106;Mašovy;è.p.;335;;;68724;543719.54;1189556.26;2013-12-01T00:00:00
4803094;592749;Uherskı Ostroh;;;;;173134;Uherskı Ostroh;614106;Mašovy;è.p.;336;;;68724;544009.76;1189728.56;2013-12-01T00:00:00
4803108;592749;Uherskı Ostroh;;;;;173134;Uherskı Ostroh;614106;Mašovy;è.p.;337;;;68724;543873.60;1189666.78;2013-12-01T00:00:00
4803116;592749;Uherskı Ostroh;;;;;173134;Uherskı Ostroh;614386;V zahradách;è.p.;338;;;68724;544256.57;1189806.70;2013-12-01T00:00:00
4803124;592749;Uherskı Ostroh;;;;;173134;Uherskı Ostroh;614386;V zahradách;è.p.;339;;;68724;544253.63;1189783.59;2013-12-01T00:00:00
4803132;592749;Uherskı Ostroh;;;;;173134;Uherskı Ostroh;614386;V zahradách;è.p.;340;;;68724;544243.33;1189764.51;2013-12-01T00:00:00
4803141;592749;Uherskı Ostroh;;;;;173134;Uherskı Ostroh;614106;Mašovy;è.p.;341;;;68724;543999.61;1189758.41;2013-12-01T00:00:00
4803159;592749;Uherskı Ostroh;;;;;173134;Uherskı Ostroh;614106;Mašovy;è.p.;343;;;68724;543957.96;1189690.48;2013-12-01T00:00:00
4803167;592749;Uherskı Ostroh;;;;;173134;Uherskı Ostroh;614106;Mašovy;è.p.;344;;;68724;543939.43;1189676.27;2013-12-01T00:00:00
4803175;592749;Uherskı Ostroh;;;;;173134;Uherskı Ostroh;614106;Mašovy;è.p.;345;;;68724;544014.42;1189768.98;2013-12-01T00:00:00
4803183;592749;Uherskı Ostroh;;;;;173134;Uherskı Ostroh;614106;Mašovy;è.p.;346;;;68724;543707.45;1189606.83;2013-12-01T00:00:00
4803191;592749;Uherskı Ostroh;;;;;173134;Uherskı Ostroh;614106;Mašovy;è.p.;347;;;68724;544029.54;1189778.64;2013-12-01T00:00:00
4803205;592749;Uherskı Ostroh;;;;;173134;Uherskı Ostroh;614106;Mašovy;è.p.;348;;;68724;543988.91;1189743.78;2017-01-24T00:00:00
4803213;592749;Uherskı Ostroh;;;;;173134;Uherskı Ostroh;614386;V zahradách;è.p.;349;;;68724;544176.64;1189742.56;2013-12-01T00:00:00
4803221;592749;Uherskı Ostroh;;;;;173134;Uherskı Ostroh;614106;Mašovy;è.p.;350;;;68724;543721.45;1189518.84;2013-12-01T00:00:00
4803230;592749;Uherskı Ostroh;;;;;173134;Uherskı Ostroh;614343;Sv. Èecha;è.p.;351;;;68724;544131.62;1190041.96;2013-12-01T00:00:00
4803248;592749;Uherskı Ostroh;;;;;173134;Uherskı Ostroh;614432;Zamlıní;è.p.;352;;;68724;543889.90;1190046.18;2013-12-01T00:00:00
4803256;592749;Uherskı Ostroh;;;;;173134;Uherskı Ostroh;614343;Sv. Èecha;è.p.;353;;;68724;544142.17;1190044.84;2013-12-01T00:00:00
4803264;592749;Uherskı Ostroh;;;;;173134;Uherskı Ostroh;614343;Sv. Èecha;è.p.;354;;;68724;544527.51;1189784.41;2013-12-01T00:00:00
4803272;592749;Uherskı Ostroh;;;;;173134;Uherskı Ostroh;614386;V zahradách;è.p.;355;;;68724;544212.41;1189796.42;2013-12-01T00:00:00
4803281;592749;Uherskı Ostroh;;;;;173134;Uherskı Ostroh;614106;Mašovy;è.p.;356;;;68724;543817.46;1189626.04;2013-12-01T00:00:00
4803299;592749;Uherskı Ostroh;;;;;173134;Uherskı Ostroh;614343;Sv. Èecha;è.p.;357;;;68724;544579.25;1189965.07;2013-12-01T00:00:00
4803302;592749;Uherskı Ostroh;;;;;173134;Uherskı Ostroh;614106;Mašovy;è.p.;358;;;68724;544039.41;1189786.13;2013-12-01T00:00:00
4803311;592749;Uherskı Ostroh;;;;;173134;Uherskı Ostroh;614106;Mašovy;è.p.;360;;;68724;543735.61;1189568.18;2013-12-01T00:00:00
4803329;592749;Uherskı Ostroh;;;;;173134;Uherskı Ostroh;614025;Komenského;è.p.;361;;;68724;543626.50;1189732.85;2013-12-01T00:00:00
4803337;592749;Uherskı Ostroh;;;;;173134;Uherskı Ostroh;614360;Tøebízského;è.p.;362;;;68724;544068.49;1189682.81;2013-12-01T00:00:00
4803345;592749;Uherskı Ostroh;;;;;173134;Uherskı Ostroh;614386;V zahradách;è.p.;363;;;68724;544109.75;1189974.38;2013-12-01T00:00:00
4803353;592749;Uherskı Ostroh;;;;;173134;Uherskı Ostroh;614386;V zahradách;è.p.;364;;;68724;544118.49;1189970.74;2013-12-01T00:00:00
4803361;592749;Uherskı Ostroh;;;;;173134;Uherskı Ostroh;614386;V zahradách;è.p.;365;;;68724;544136.61;1189966.84;2013-12-01T00:00:00
4803370;592749;Uherskı Ostroh;;;;;173134;Uherskı Ostroh;614386;V zahradách;è.p.;366;;;68724;544145.25;1189964.03;2013-12-01T00:00:00
4803388;592749;Uherskı Ostroh;;;;;173134;Uherskı Ostroh;614386;V zahradách;è.p.;367;;;68724;544127.14;1189969.24;2013-12-01T00:00:00
4803396;592749;Uherskı Ostroh;;;;;173134;Uherskı Ostroh;614360;Tøebízského;è.p.;368;;;68724;544067.88;1189700.64;2013-12-01T00:00:00
4803400;592749;Uherskı Ostroh;;;;;173134;Uherskı Ostroh;614360;Tøebízského;è.p.;369;;;68724;544066.82;1189719.45;2013-12-01T00:00:00
4803418;592749;Uherskı Ostroh;;;;;173134;Uherskı Ostroh;614106;Mašovy;è.p.;370;;;68724;543685.41;1189567.79;2013-12-01T00:00:00
4803426;592749;Uherskı Ostroh;;;;;173134;Uherskı Ostroh;614149;Nábøení;è.p.;371;;;68724;543996.28;1189810.96;2013-12-01T00:00:00
4803434;592749;Uherskı Ostroh;;;;;173134;Uherskı Ostroh;861855;Zamlıní I;è.p.;372;;;68724;544048.92;1190146.98;2013-12-01T00:00:00
4803442;592749;Uherskı Ostroh;;;;;173134;Uherskı Ostroh;614343;Sv. Èecha;è.p.;375;;;68724;544543.03;1189855.93;2013-12-01T00:00:00
4803451;592749;Uherskı Ostroh;;;;;173134;Uherskı Ostroh;614106;Mašovy;è.p.;377;;;68724;543767.97;1189590.57;2013-12-01T00:00:00
4803469;592749;Uherskı Ostroh;;;;;173134;Uherskı Ostroh;614106;Mašovy;è.p.;378;;;68724;543724.88;1189618.59;2013-12-01T00:00:00
4803477;592749;Uherskı Ostroh;;;;;173134;Uherskı Ostroh;614106;Mašovy;è.p.;379;;;68724;543785.79;1189566.40;2013-12-01T00:00:00
4803485;592749;Uherskı Ostroh;;;;;173134;Uherskı Ostroh;614386;V zahradách;è.p.;380;;;68724;544138.66;1189774.08;2013-12-01T00:00:00
4803493;592749;Uherskı Ostroh;;;;;173134;Uherskı Ostroh;614386;V zahradách;è.p.;381;;;68724;544353.06;1189929.95;2013-12-01T00:00:00
4803507;592749;Uherskı Ostroh;;;;;173134;Uherskı Ostroh;614386;V zahradách;è.p.;382;;;68724;544356.54;1189987.16;2013-12-01T00:00:00
4803515;592749;Uherskı Ostroh;;;;;173134;Uherskı Ostroh;614386;V zahradách;è.p.;383;;;68724;544316.36;1189881.83;2013-12-01T00:00:00
4803523;592749;Uherskı Ostroh;;;;;173134;Uherskı Ostroh;614343;Sv. Èecha;è.p.;384;;;68724;544221.33;1190085.11;2013-12-01T00:00:00
4803531;592749;Uherskı Ostroh;;;;;173134;Uherskı Ostroh;614360;Tøebízského;è.p.;385;;;68724;544284.27;1189233.10;2013-12-01T00:00:00
4803540;592749;Uherskı Ostroh;;;;;173134;Uherskı Ostroh;614386;V zahradách;è.p.;386;;;68724;544153.56;1189775.64;2013-12-01T00:00:00
4803558;592749;Uherskı Ostroh;;;;;173134;Uherskı Ostroh;614432;Zamlıní;è.p.;388;;;68724;543942.38;1189996.60;2013-12-01T00:00:00
4803582;592749;Uherskı Ostroh;;;;;173134;Uherskı Ostroh;861855;Zamlıní I;è.p.;387;;;68724;544106.12;1190253.98;2013-12-01T00:00:00
25049151;592749;Uherskı Ostroh;;;;;173134;Uherskı Ostroh;614343;Sv. Èecha;è.p.;342;;;68724;544530.60;1189840.39;2013-12-01T00:00:00
25101501;592749;Uherskı Ostroh;;;;;173126;Ostroské Pøedmìstí;614203;Polní;è.p.;876;;;68724;542194.51;1190138.47;2013-12-01T00:00:00
25101510;592749;Uherskı Ostroh;;;;;173126;Ostroské Pøedmìstí;614203;Polní;è.p.;877;;;68724;542181.14;1190122.70;2013-12-01T00:00:00
25101528;592749;Uherskı Ostroh;;;;;173126;Ostroské Pøedmìstí;614203;Polní;è.p.;878;;;68724;542166.60;1190108.87;2013-12-01T00:00:00
25101536;592749;Uherskı Ostroh;;;;;173126;Ostroské Pøedmìstí;614203;Polní;è.p.;881;;;68724;542127.36;1190063.39;2013-12-01T00:00:00
25101544;592749;Uherskı Ostroh;;;;;173126;Ostroské Pøedmìstí;614084;Lùèka;è.p.;887;;;68724;543309.22;1189573.26;2013-12-01T00:00:00
25101552;592749;Uherskı Ostroh;;;;;173134;Uherskı Ostroh;614106;Mašovy;è.p.;374;;;68724;543693.13;1189556.90;2013-12-01T00:00:00
25167600;592749;Uherskı Ostroh;;;;;173134;Uherskı Ostroh;614343;Sv. Èecha;è.p.;389;;;68724;544522.42;1190011.42;2013-12-01T00:00:00
25167618;592749;Uherskı Ostroh;;;;;173126;Ostroské Pøedmìstí;614157;Nádraní;è.p.;860;;;68724;542917.05;1190325.24;2013-12-01T00:00:00
25167626;592749;Uherskı Ostroh;;;;;173126;Ostroské Pøedmìstí;614203;Polní;è.p.;874;;;68724;542219.84;1190168.01;2013-12-01T00:00:00
25167634;592749;Uherskı Ostroh;;;;;173126;Ostroské Pøedmìstí;614203;Polní;è.p.;880;;;68724;542139.93;1190079.08;2013-12-01T00:00:00
25167642;592749;Uherskı Ostroh;;;;;173126;Ostroské Pøedmìstí;614220;Pøíèní;è.p.;888;;;68724;542570.56;1190045.24;2020-07-03T00:00:00
25167651;592749;Uherskı Ostroh;;;;;173126;Ostroské Pøedmìstí;614254;Rybáøe;è.p.;890;;;68724;543301.56;1189278.25;2013-12-01T00:00:00
25227386;592749;Uherskı Ostroh;;;;;173126;Ostroské Pøedmìstí;614203;Polní;è.p.;885;;;68724;542075.94;1190003.23;2013-12-01T00:00:00
25227394;592749;Uherskı Ostroh;;;;;173126;Ostroské Pøedmìstí;614203;Polní;è.p.;879;;;68724;542151.74;1190094.79;2013-12-01T00:00:00
25227408;592749;Uherskı Ostroh;;;;;173126;Ostroské Pøedmìstí;614408;Veselská;è.p.;891;;;68724;543445.44;1190287.96;2013-12-01T00:00:00
25293851;592749;Uherskı Ostroh;;;;;173126;Ostroské Pøedmìstí;614262;Sídlištì;è.p.;889;;;68724;542824.13;1189446.79;2013-12-01T00:00:00
25454331;592749;Uherskı Ostroh;;;;;173134;Uherskı Ostroh;861855;Zamlıní I;è.p.;395;;;68724;544131.94;1190258.25;2013-12-01T00:00:00
25454340;592749;Uherskı Ostroh;;;;;173118;Kvaèice;614076;Luèní;è.p.;244;;;68724;542190.78;1189383.50;2013-12-01T00:00:00
25516957;592749;Uherskı Ostroh;;;;;173126;Ostroské Pøedmìstí;614246;Drahová;è.p.;892;;;68724;542691.41;1190089.15;2013-12-01T00:00:00
25516965;592749;Uherskı Ostroh;;;;;173134;Uherskı Ostroh;614360;Tøebízského;è.p.;394;;;68724;544049.11;1189819.77;2013-12-01T00:00:00
25561332;592749;Uherskı Ostroh;;;;;173126;Ostroské Pøedmìstí;614262;Sídlištì;è.p.;895;;;68724;542708.65;1189376.86;2013-12-01T00:00:00
25561341;592749;Uherskı Ostroh;;;;;173126;Ostroské Pøedmìstí;614262;Sídlištì;è.p.;894;;;68724;542705.48;1189352.17;2013-12-01T00:00:00
25561359;592749;Uherskı Ostroh;;;;;173134;Uherskı Ostroh;614050;Kostelní;è.p.;391;;;68724;543745.32;1189853.62;2013-12-01T00:00:00
25664794;592749;Uherskı Ostroh;;;;;173126;Ostroské Pøedmìstí;614203;Polní;è.p.;883;;;68724;542102.08;1190032.07;2013-12-01T00:00:00
25664808;592749;Uherskı Ostroh;;;;;173126;Ostroské Pøedmìstí;614203;Polní;è.p.;871;;;68724;542264.85;1190209.47;2022-12-12T00:00:00
25664816;592749;Uherskı Ostroh;;;;;173126;Ostroské Pøedmìstí;614203;Polní;è.p.;872;;;68724;542247.23;1190198.23;2013-12-01T00:00:00
25664824;592749;Uherskı Ostroh;;;;;173126;Ostroské Pøedmìstí;614203;Polní;è.p.;886;;;68724;542062.99;1189987.85;2013-12-01T00:00:00
25751760;592749;Uherskı Ostroh;;;;;173118;Kvaèice;614327;Hradišská;è.p.;252;;;68724;542473.63;1189614.09;2013-12-01T00:00:00
25751778;592749;Uherskı Ostroh;;;;;173126;Ostroské Pøedmìstí;614157;Nádraní;è.p.;856;;;68724;542918.34;1190307.68;2013-12-01T00:00:00
26481987;592749;Uherskı Ostroh;;;;;173134;Uherskı Ostroh;764370;U Lesa;è.p.;397;;;68724;543848.13;1189466.48;2013-12-01T00:00:00
26577429;592749;Uherskı Ostroh;;;;;173126;Ostroské Pøedmìstí;614203;Polní;è.p.;882;;;68724;542114.07;1190048.46;2013-12-01T00:00:00
26989743;592749;Uherskı Ostroh;;;;;173126;Ostroské Pøedmìstí;614203;Polní;è.p.;875;;;68724;542207.65;1190152.48;2013-12-01T00:00:00
27094332;592749;Uherskı Ostroh;;;;;173126;Ostroské Pøedmìstí;614084;Lùèka;è.p.;909;;;68724;543272.00;1189530.00;2013-12-01T00:00:00
27094341;592749;Uherskı Ostroh;;;;;173134;Uherskı Ostroh;614106;Mašovy;è.p.;359;;;68724;543739.22;1189629.62;2013-12-01T00:00:00
27094359;592749;Uherskı Ostroh;;;;;173134;Uherskı Ostroh;861855;Zamlıní I;è.p.;393;;;68724;544119.99;1190242.73;2013-12-01T00:00:00
27094367;592749;Uherskı Ostroh;;;;;173134;Uherskı Ostroh;764370;U Lesa;è.p.;396;;;68724;543951.59;1189586.44;2013-12-01T00:00:00
27144399;592749;Uherskı Ostroh;;;;;173126;Ostroské Pøedmìstí;614467;Školní;è.p.;401;;;68724;543181.42;1189617.98;2023-06-22T00:00:00
27256910;592749;Uherskı Ostroh;;;;;173134;Uherskı Ostroh;614165;Nerudova;è.p.;80;;;68724;543975.04;1189861.09;2013-12-01T00:00:00
27264149;592749;Uherskı Ostroh;;;;;173134;Uherskı Ostroh;764370;U Lesa;è.p.;401;;;68724;543920.01;1189522.93;2013-12-01T00:00:00
27302741;592749;Uherskı Ostroh;;;;;173134;Uherskı Ostroh;764370;U Lesa;è.p.;399;;;68724;543881.61;1189503.99;2013-12-01T00:00:00
27302989;592749;Uherskı Ostroh;;;;;173134;Uherskı Ostroh;764370;U Lesa;è.p.;409;;;68724;543968.10;1189608.58;2013-12-01T00:00:00
27413870;592749;Uherskı Ostroh;;;;;173126;Ostroské Pøedmìstí;614262;Sídlištì;è.p.;405;;;68724;542815.61;1189479.41;2013-12-01T00:00:00
27421309;592749;Uherskı Ostroh;;;;;173134;Uherskı Ostroh;764370;U Lesa;è.p.;406;;;68724;544019.23;1189580.30;2013-12-01T00:00:00
27436501;592749;Uherskı Ostroh;;;;;173134;Uherskı Ostroh;614432;Zamlıní;è.p.;392;;;68724;543926.44;1190051.05;2013-12-01T00:00:00
27473155;592749;Uherskı Ostroh;;;;;173134;Uherskı Ostroh;764370;U Lesa;è.p.;403;;;68724;543954.26;1189541.81;2013-12-01T00:00:00
27477991;592749;Uherskı Ostroh;;;;;173126;Ostroské Pøedmìstí;614157;Nádraní;è.p.;910;;;68724;542887.88;1190238.47;2013-12-01T00:00:00
27498808;592749;Uherskı Ostroh;;;;;173134;Uherskı Ostroh;764370;U Lesa;è.p.;402;;;68724;543941.00;1189534.00;2013-12-01T00:00:00
27550109;592749;Uherskı Ostroh;;;;;173126;Ostroské Pøedmìstí;614246;Drahová;è.p.;905;;;68724;542627.76;1190422.27;2013-12-01T00:00:00
27569845;592749;Uherskı Ostroh;;;;;173126;Ostroské Pøedmìstí;614262;Sídlištì;è.p.;896;;;68724;542712.17;1189395.78;2024-03-07T00:00:00
27569853;592749;Uherskı Ostroh;;;;;173126;Ostroské Pøedmìstí;614246;Drahová;è.p.;902;;;68724;542638.87;1190346.40;2013-12-01T00:00:00
27569861;592749;Uherskı Ostroh;;;;;173126;Ostroské Pøedmìstí;614246;Drahová;è.p.;903;;;68724;542638.25;1190371.65;2013-12-01T00:00:00
27642097;592749;Uherskı Ostroh;;;;;173134;Uherskı Ostroh;764370;U Lesa;è.p.;408;;;68724;544042.78;1189611.65;2013-12-01T00:00:00
27649652;592749;Uherskı Ostroh;;;;;173126;Ostroské Pøedmìstí;614254;Rybáøe;è.p.;281;;;68724;543365.97;1189468.07;2013-12-01T00:00:00
27841944;592749;Uherskı Ostroh;;;;;173126;Ostroské Pøedmìstí;614246;Drahová;è.p.;904;;;68724;542628.59;1190402.46;2013-12-01T00:00:00
27937585;592749;Uherskı Ostroh;;;;;173134;Uherskı Ostroh;764370;U Lesa;è.p.;400;;;68724;543898.84;1189513.74;2013-12-01T00:00:00
28057350;592749;Uherskı Ostroh;;;;;173126;Ostroské Pøedmìstí;614157;Nádraní;è.p.;852;;;68724;542918.00;1190291.00;2013-12-01T00:00:00
28057368;592749;Uherskı Ostroh;;;;;173126;Ostroské Pøedmìstí;614246;Drahová;è.p.;906;;;68724;542626.58;1190440.47;2013-12-01T00:00:00
28083377;592749;Uherskı Ostroh;;;;;173126;Ostroské Pøedmìstí;811335;Na Zámecké;è.p.;834;;;68724;543330.43;1190211.09;2023-06-20T00:00:00
28083385;592749;Uherskı Ostroh;;;;;173126;Ostroské Pøedmìstí;811335;Na Zámecké;è.p.;868;;;68724;543450.55;1190140.65;2023-06-20T00:00:00
28083393;592749;Uherskı Ostroh;;;;;173126;Ostroské Pøedmìstí;811335;Na Zámecké;è.p.;891;;;68724;543435.89;1190277.57;2023-06-20T00:00:00
28083407;592749;Uherskı Ostroh;;;;;173126;Ostroské Pøedmìstí;811335;Na Zámecké;è.p.;901;;;68724;543123.73;1190189.97;2023-05-21T00:00:00
28316011;592749;Uherskı Ostroh;;;;;173118;Kvaèice;614424;Zemìdìlská;è.p.;254;;;68724;542689.55;1188980.95;2014-02-10T00:00:00
28411625;592749;Uherskı Ostroh;;;;;173126;Ostroské Pøedmìstí;614246;Drahová;è.p.;908;;;68724;542624.12;1190479.90;2013-12-01T00:00:00
28447913;592749;Uherskı Ostroh;;;;;173126;Ostroské Pøedmìstí;614246;Drahová;è.p.;907;;;68724;542624.38;1190460.54;2013-12-01T00:00:00
30042887;592749;Uherskı Ostroh;;;;;173118;Kvaèice;614041;Hliníky;è.p.;166;;;68724;542115.14;1189530.66;2013-12-01T00:00:00
30042941;592749;Uherskı Ostroh;;;;;173126;Ostroské Pøedmìstí;614301;Spodní;è.p.;667;;;68724;542130.77;1190019.57;2013-12-01T00:00:00
30042950;592749;Uherskı Ostroh;;;;;173126;Ostroské Pøedmìstí;614408;Veselská;è.p.;725;;;68724;543116.04;1190274.53;2013-12-01T00:00:00
30042968;592749;Uherskı Ostroh;;;;;173126;Ostroské Pøedmìstí;614246;Drahová;è.p.;739;;;68724;542531.14;1190451.02;2013-12-01T00:00:00
30042976;592749;Uherskı Ostroh;;;;;173126;Ostroské Pøedmìstí;614246;Drahová;è.p.;760;;;68724;542533.92;1190406.83;2013-12-01T00:00:00
30042984;592749;Uherskı Ostroh;;;;;173126;Ostroské Pøedmìstí;614157;Nádraní;è.p.;831;;;68724;543316.58;1190185.68;2013-12-01T00:00:00
30640954;592749;Uherskı Ostroh;;;;;173126;Ostroské Pøedmìstí;614408;Veselská;è.p.;834;;;68724;543326.82;1190217.14;2013-12-01T00:00:00
30640962;592749;Uherskı Ostroh;;;;;173126;Ostroské Pøedmìstí;614408;Veselská;è.p.;868;;;68724;543471.63;1190129.78;2013-12-01T00:00:00
30928541;592749;Uherskı Ostroh;;;;;173118;Kvaèice;614327;Hradišská;è.p.;84;;;68724;542178.52;1189482.91;2013-12-01T00:00:00
30928559;592749;Uherskı Ostroh;;;;;173118;Kvaèice;614092;Mlınská;è.p.;253;;;68724;542253.69;1189212.35;2013-12-01T00:00:00
30928583;592749;Uherskı Ostroh;;;;;173126;Ostroské Pøedmìstí;614459;Ve dvoøe;è.p.;833;;;68724;542959.54;1189878.85;2014-04-25T00:00:00
30928591;592749;Uherskı Ostroh;;;;;173126;Ostroské Pøedmìstí;614459;Ve dvoøe;è.p.;838;;;68724;542881.90;1189814.79;2013-12-01T00:00:00
30928605;592749;Uherskı Ostroh;;;;;173126;Ostroské Pøedmìstí;614262;Sídlištì;è.p.;840;;;68724;542582.29;1189644.72;2013-12-01T00:00:00
30928613;592749;Uherskı Ostroh;;;;;173126;Ostroské Pøedmìstí;614408;Veselská;è.p.;844;;;68724;542826.57;1189866.38;2013-12-01T00:00:00
30928621;592749;Uherskı Ostroh;;;;;173126;Ostroské Pøedmìstí;614327;Hradišská;è.p.;846;;;68724;542727.31;1189874.28;2013-12-01T00:00:00
30928630;592749;Uherskı Ostroh;;;;;173126;Ostroské Pøedmìstí;614327;Hradišská;è.p.;869;;;68724;542685.04;1189761.73;2013-12-01T00:00:00
30928648;592749;Uherskı Ostroh;;;;;173126;Ostroské Pøedmìstí;614408;Veselská;è.p.;870;;;68724;542908.84;1190053.49;2013-12-01T00:00:00
30928656;592749;Uherskı Ostroh;;;;;173126;Ostroské Pøedmìstí;614408;Veselská;è.p.;893;;;68724;542564.49;1189812.37;2013-12-01T00:00:00
30928664;592749;Uherskı Ostroh;;;;;173126;Ostroské Pøedmìstí;614351;Svobodova;è.p.;899;;;68724;542788.52;1189776.84;2013-12-01T00:00:00
30928672;592749;Uherskı Ostroh;;;;;173126;Ostroské Pøedmìstí;614408;Veselská;è.p.;900;;;68724;542952.93;1190293.87;2013-12-01T00:00:00
30928681;592749;Uherskı Ostroh;;;;;173126;Ostroské Pøedmìstí;614408;Veselská;è.p.;911;;;68724;542930.24;1191187.09;2013-12-01T00:00:00
30928699;592749;Uherskı Ostroh;;;;;173126;Ostroské Pøedmìstí;;;è.ev.;1;;;68724;542583.72;1189583.00;2013-12-01T00:00:00
30928702;592749;Uherskı Ostroh;;;;;173126;Ostroské Pøedmìstí;;;è.ev.;5;;;68724;542890.48;1189984.53;2013-12-01T00:00:00
30928711;592749;Uherskı Ostroh;;;;;173126;Ostroské Pøedmìstí;;;è.ev.;6;;;68724;542566.85;1189581.86;2013-12-01T00:00:00
30928729;592749;Uherskı Ostroh;;;;;173126;Ostroské Pøedmìstí;;;è.ev.;7;;;68724;542563.47;1189581.58;2013-12-01T00:00:00
30928737;592749;Uherskı Ostroh;;;;;173126;Ostroské Pøedmìstí;;;è.ev.;8;;;68724;542560.21;1189581.39;2013-12-01T00:00:00
30928745;592749;Uherskı Ostroh;;;;;173126;Ostroské Pøedmìstí;;;è.ev.;11;;;68724;542550.38;1189580.69;2013-12-01T00:00:00
30928753;592749;Uherskı Ostroh;;;;;173126;Ostroské Pøedmìstí;;;è.ev.;12;;;68724;542547.02;1189580.46;2013-12-01T00:00:00
30928761;592749;Uherskı Ostroh;;;;;173126;Ostroské Pøedmìstí;;;è.ev.;18;;;68724;542839.90;1189989.12;2013-12-01T00:00:00
30928770;592749;Uherskı Ostroh;;;;;173126;Ostroské Pøedmìstí;;;è.ev.;22;;;68724;542825.05;1189990.53;2013-12-01T00:00:00
30928788;592749;Uherskı Ostroh;;;;;173126;Ostroské Pøedmìstí;;;è.ev.;45;;;68724;542786.66;1190011.59;2013-12-01T00:00:00
30928796;592749;Uherskı Ostroh;;;;;173126;Ostroské Pøedmìstí;;;è.ev.;46;;;68724;542790.16;1190011.22;2013-12-01T00:00:00
30928800;592749;Uherskı Ostroh;;;;;173126;Ostroské Pøedmìstí;;;è.ev.;47;;;68724;542793.84;1190010.78;2013-12-01T00:00:00
30928818;592749;Uherskı Ostroh;;;;;173126;Ostroské Pøedmìstí;;;è.ev.;48;;;68724;542797.43;1190010.40;2013-12-01T00:00:00
30928826;592749;Uherskı Ostroh;;;;;173126;Ostroské Pøedmìstí;;;è.ev.;49;;;68724;542801.13;1190009.99;2013-12-01T00:00:00
30928834;592749;Uherskı Ostroh;;;;;173126;Ostroské Pøedmìstí;;;è.ev.;54;;;68724;542819.19;1190008.72;2013-12-01T00:00:00
30928842;592749;Uherskı Ostroh;;;;;173126;Ostroské Pøedmìstí;;;è.ev.;59;;;68724;542838.21;1190006.91;2013-12-01T00:00:00
30928851;592749;Uherskı Ostroh;;;;;173126;Ostroské Pøedmìstí;;;è.ev.;60;;;68724;542842.09;1190006.52;2013-12-01T00:00:00
30928869;592749;Uherskı Ostroh;;;;;173126;Ostroské Pøedmìstí;;;è.ev.;61;;;68724;542845.84;1190006.18;2013-12-01T00:00:00
30928877;592749;Uherskı Ostroh;;;;;173126;Ostroské Pøedmìstí;614246;Drahová;è.ev.;66;;;68724;542865.40;1190004.28;2013-12-01T00:00:00
30928885;592749;Uherskı Ostroh;;;;;173126;Ostroské Pøedmìstí;614246;Drahová;è.ev.;67;;;68724;542869.17;1190003.94;2013-12-01T00:00:00
30928893;592749;Uherskı Ostroh;;;;;173126;Ostroské Pøedmìstí;;;è.ev.;68;;;68724;542873.33;1190003.52;2013-12-01T00:00:00
30928907;592749;Uherskı Ostroh;;;;;173126;Ostroské Pøedmìstí;;;è.ev.;70;;;68724;542881.43;1190002.77;2013-12-01T00:00:00
30928915;592749;Uherskı Ostroh;;;;;173126;Ostroské Pøedmìstí;;;è.ev.;73;;;68724;542892.31;1190001.71;2013-12-01T00:00:00
30928923;592749;Uherskı Ostroh;;;;;173126;Ostroské Pøedmìstí;;;è.ev.;74;;;68724;542895.88;1190001.40;2013-12-01T00:00:00
30928931;592749;Uherskı Ostroh;;;;;173126;Ostroské Pøedmìstí;;;è.ev.;75;;;68724;542899.45;1190001.05;2013-12-01T00:00:00
30928940;592749;Uherskı Ostroh;;;;;173126;Ostroské Pøedmìstí;;;è.ev.;76;;;68724;542903.09;1190000.69;2013-12-01T00:00:00
30928958;592749;Uherskı Ostroh;;;;;173126;Ostroské Pøedmìstí;;;è.ev.;91;;;68724;542646.42;1189754.35;2013-12-01T00:00:00
30928966;592749;Uherskı Ostroh;;;;;173126;Ostroské Pøedmìstí;;;è.ev.;92;;;68724;542642.47;1189754.44;2013-12-01T00:00:00
30928974;592749;Uherskı Ostroh;;;;;173134;Uherskı Ostroh;614432;Zamlıní;è.p.;115;;;68724;543952.23;1190101.68;2013-12-01T00:00:00
30928982;592749;Uherskı Ostroh;;;;;173134;Uherskı Ostroh;614149;Nábøení;è.p.;376;;;68724;543883.09;1189803.52;2013-12-01T00:00:00
30928991;592749;Uherskı Ostroh;;;;;173134;Uherskı Ostroh;614432;Zamlıní;è.p.;390;;;68724;544386.07;1190289.58;2013-12-01T00:00:00
31314392;592749;Uherskı Ostroh;;;;;173126;Ostroské Pøedmìstí;614173;Novı Lán;è.p.;897;;;68724;542389.20;1190236.30;2013-12-01T00:00:00
31314406;592749;Uherskı Ostroh;;;;;173126;Ostroské Pøedmìstí;614246;Drahová;è.p.;912;;;68724;542617.44;1190502.00;2013-12-01T00:00:00
31314473;592749;Uherskı Ostroh;;;;;173134;Uherskı Ostroh;764370;U Lesa;è.p.;407;;;68724;544030.47;1189607.79;2017-07-24T00:00:00
40141586;592749;Uherskı Ostroh;;;;;173118;Kvaèice;;;è.p.;83;;;68724;542183.21;1189506.88;2023-05-21T00:00:00
40141594;592749;Uherskı Ostroh;;;;;173118;Kvaèice;;;è.p.;108;;;68724;542021.34;1189354.32;2023-05-21T00:00:00
40141608;592749;Uherskı Ostroh;;;;;173126;Ostroské Pøedmìstí;;;è.p.;242;;;68724;543432.37;1189571.66;2023-05-21T00:00:00
40648851;592749;Uherskı Ostroh;;;;;173118;Kvaèice;614076;Luèní;è.p.;255;;;68724;542272.87;1189272.98;2013-12-01T00:00:00
40673472;592749;Uherskı Ostroh;;;;;173126;Ostroské Pøedmìstí;614203;Polní;è.p.;884;;;68724;542093.42;1190016.23;2013-12-01T00:00:00
40701425;592749;Uherskı Ostroh;;;;;173126;Ostroské Pøedmìstí;614408;Veselská;è.p.;914;;;68724;542922.06;1189885.99;2013-12-01T00:00:00
40833011;592749;Uherskı Ostroh;;;;;173126;Ostroské Pøedmìstí;614254;Rybáøe;è.p.;915;;;68724;543324.98;1189402.75;2013-12-01T00:00:00
40873731;592749;Uherskı Ostroh;;;;;173118;Kvaèice;861677;Jezerní;è.p.;256;;;68724;542020.48;1189298.50;2013-12-01T00:00:00
41240651;592749;Uherskı Ostroh;;;;;173126;Ostroské Pøedmìstí;614416;Vıhon;è.p.;916;;;68724;543059.16;1189351.39;2013-12-01T00:00:00
41693779;592749;Uherskı Ostroh;;;;;173126;Ostroské Pøedmìstí;614467;Školní;è.p.;917;;;68724;543133.08;1189599.75;2013-12-01T00:00:00
41840810;592749;Uherskı Ostroh;;;;;173126;Ostroské Pøedmìstí;614173;Novı Lán;è.p.;918;;;68724;542387.84;1190259.74;2013-12-01T00:00:00
42329221;592749;Uherskı Ostroh;;;;;173126;Ostroské Pøedmìstí;614254;Rybáøe;è.p.;920;;;68724;543441.29;1189579.80;2013-12-01T00:00:00
42421691;592749;Uherskı Ostroh;;;;;173134;Uherskı Ostroh;614360;Tøebízského;è.p.;410;;;68724;544107.16;1189654.80;2013-12-01T00:00:00
42798841;592749;Uherskı Ostroh;;;;;173126;Ostroské Pøedmìstí;614289;Sokolovská;è.p.;898;;;68724;543450.37;1189685.52;2013-12-01T00:00:00
42847010;592749;Uherskı Ostroh;;;;;173126;Ostroské Pøedmìstí;614351;Svobodova;è.p.;922;;;68724;543144.32;1189397.54;2013-12-02T00:00:00
70017191;592749;Uherskı Ostroh;;;;;173126;Ostroské Pøedmìstí;614122;Chaloupky;è.p.;919;;;68724;542617.00;1189729.55;2013-12-12T00:00:00
70842744;592749;Uherskı Ostroh;;;;;173134;Uherskı Ostroh;764370;U Lesa;è.p.;405;;;68724;543985.23;1189570.78;2014-01-06T00:00:00
71673482;592749;Uherskı Ostroh;;;;;173134;Uherskı Ostroh;764370;U Lesa;è.p.;398;;;68724;543864.82;1189493.30;2014-02-04T00:00:00
72877952;592749;Uherskı Ostroh;;;;;173126;Ostroské Pøedmìstí;614408;Veselská;è.p.;923;;;68724;542937.91;1190173.41;2014-07-08T00:00:00
73137383;592749;Uherskı Ostroh;;;;;173134;Uherskı Ostroh;614441;Šance;è.p.;411;;;68724;543587.51;1189764.79;2014-10-16T00:00:00
73293261;592749;Uherskı Ostroh;;;;;173126;Ostroské Pøedmìstí;614262;Sídlištì;è.p.;921;;;68724;542751.09;1189358.88;2014-12-19T00:00:00
73294209;592749;Uherskı Ostroh;;;;;173134;Uherskı Ostroh;861855;Zamlıní I;è.p.;412;;;68724;544195.10;1190224.51;2014-12-19T00:00:00
73474215;592749;Uherskı Ostroh;;;;;173134;Uherskı Ostroh;614343;Sv. Èecha;è.p.;413;;;68724;544100.28;1190064.69;2015-03-02T00:00:00
73500771;592749;Uherskı Ostroh;;;;;173134;Uherskı Ostroh;614475;nám. sv. Ondøeje;è.p.;414;;;68724;543818.23;1189803.98;2015-03-12T00:00:00
73556297;592749;Uherskı Ostroh;;;;;173134;Uherskı Ostroh;764370;U Lesa;è.ev.;14;;;68724;544039.80;1189661.95;2015-03-31T00:00:00
73625663;592749;Uherskı Ostroh;;;;;173126;Ostroské Pøedmìstí;614408;Veselská;è.ev.;15;;;68724;542851.65;1189989.07;2015-04-27T00:00:00
73625710;592749;Uherskı Ostroh;;;;;173126;Ostroské Pøedmìstí;614408;Veselská;è.ev.;28;;;68724;542803.35;1189993.32;2015-04-27T00:00:00
73625825;592749;Uherskı Ostroh;;;;;173126;Ostroské Pøedmìstí;614408;Veselská;è.ev.;55;;;68724;542821.69;1190007.77;2023-06-20T00:00:00
73930415;592749;Uherskı Ostroh;;;;;173118;Kvaèice;614092;Mlınská;è.p.;257;;;68724;542302.24;1189245.36;2015-08-03T00:00:00
74147641;592749;Uherskı Ostroh;;;;;173126;Ostroské Pøedmìstí;614262;Sídlištì;è.p.;924;;;68724;542798.97;1189520.30;2015-10-14T00:00:00
74843591;592749;Uherskı Ostroh;;;;;173126;Ostroské Pøedmìstí;614467;Školní;è.p.;925;;;68724;543098.64;1189768.29;2016-04-05T00:00:00
74883721;592749;Uherskı Ostroh;;;;;173134;Uherskı Ostroh;614432;Zamlıní;è.p.;415;;;68724;543877.81;1190097.02;2016-04-14T00:00:00
74981072;592749;Uherskı Ostroh;;;;;173126;Ostroské Pøedmìstí;614254;Rybáøe;è.p.;926;;;68724;543205.16;1189235.07;2016-05-09T00:00:00
75125331;592749;Uherskı Ostroh;;;;;173126;Ostroské Pøedmìstí;614335;Hráza;è.p.;927;;;68724;543164.82;1189310.11;2016-06-20T00:00:00
75134110;592749;Uherskı Ostroh;;;;;173118;Kvaèice;614424;Zemìdìlská;è.p.;258;;;68724;542700.59;1188929.28;2016-06-22T00:00:00
75383519;592749;Uherskı Ostroh;;;;;173134;Uherskı Ostroh;614386;V zahradách;è.p.;416;;;68724;544312.50;1189855.99;2016-09-30T00:00:00
75514630;592749;Uherskı Ostroh;;;;;173126;Ostroské Pøedmìstí;614262;Sídlištì;è.p.;928;;;68724;542819.03;1189431.89;2016-11-10T00:00:00
75640201;592749;Uherskı Ostroh;;;;;173126;Ostroské Pøedmìstí;614262;Sídlištì;è.p.;929;;;68724;542826.41;1189386.04;2016-12-13T00:00:00
75668181;592749;Uherskı Ostroh;;;;;173134;Uherskı Ostroh;614475;nám. sv. Ondøeje;è.p.;418;;;68724;543827.44;1189928.11;2016-12-21T00:00:00
75736071;592749;Uherskı Ostroh;;;;;173134;Uherskı Ostroh;861855;Zamlıní I;è.p.;417;;;68724;544229.95;1190236.73;2017-01-16T00:00:00
76145689;592749;Uherskı Ostroh;;;;;173118;Kvaèice;614076;Luèní;è.p.;259;;;68724;542170.11;1189347.00;2017-05-11T00:00:00
76146421;592749;Uherskı Ostroh;;;;;173134;Uherskı Ostroh;614360;Tøebízského;è.p.;419;;;68724;544138.14;1189598.83;2017-05-11T00:00:00
77741056;592749;Uherskı Ostroh;;;;;173126;Ostroské Pøedmìstí;614262;Sídlištì;è.p.;931;;;68724;542757.33;1189713.82;2017-10-23T00:00:00
77763131;592749;Uherskı Ostroh;;;;;173126;Ostroské Pøedmìstí;614254;Rybáøe;è.p.;932;;;68724;543283.47;1189409.23;2017-11-01T00:00:00
78092264;592749;Uherskı Ostroh;;;;;173126;Ostroské Pøedmìstí;614203;Polní;è.p.;933;;;68724;542255.75;1190166.15;2018-03-07T00:00:00
78314607;592749;Uherskı Ostroh;;;;;173126;Ostroské Pøedmìstí;614262;Sídlištì;è.ev.;93;;;68724;542765.64;1189729.40;2018-05-04T00:00:00
78427711;592749;Uherskı Ostroh;;;;;173126;Ostroské Pøedmìstí;614262;Sídlištì;è.p.;934;;;68724;542748.62;1189391.44;2018-06-13T00:00:00
78767873;592749;Uherskı Ostroh;;;;;173126;Ostroské Pøedmìstí;614211;Dlouhá;è.p.;935;;;68724;542941.38;1189346.40;2018-10-15T00:00:00
78980283;592749;Uherskı Ostroh;;;;;173118;Kvaèice;614041;Hliníky;è.p.;261;;;68724;542031.73;1189551.18;2018-12-13T00:00:00
79151281;592749;Uherskı Ostroh;;;;;173126;Ostroské Pøedmìstí;614211;Dlouhá;è.p.;936;;;68724;542925.32;1189294.46;2019-02-15T00:00:00
79174736;592749;Uherskı Ostroh;;;;;173126;Ostroské Pøedmìstí;;;è.p.;937;;;68724;543352.04;1190199.36;2019-02-25T00:00:00
79193862;592749;Uherskı Ostroh;;;;;173126;Ostroské Pøedmìstí;614351;Svobodova;è.p.;930;;;68724;542959.26;1189468.77;2019-03-08T00:00:00
79276911;592749;Uherskı Ostroh;;;;;173126;Ostroské Pøedmìstí;614408;Veselská;è.p.;938;;;68724;542839.14;1189841.29;2019-04-04T00:00:00
79297064;592749;Uherskı Ostroh;;;;;173118;Kvaèice;614041;Hliníky;è.p.;262;;;68724;541989.36;1189629.68;2019-04-11T00:00:00
79440789;592749;Uherskı Ostroh;;;;;173134;Uherskı Ostroh;861855;Zamlıní I;è.p.;420;;;68724;544101.85;1190201.89;2019-06-06T00:00:00
79543511;592749;Uherskı Ostroh;;;;;173118;Kvaèice;614424;Zemìdìlská;è.p.;263;;;68724;542558.40;1189073.47;2019-08-07T00:00:00
79615392;592749;Uherskı Ostroh;;;;;173134;Uherskı Ostroh;;;è.ev.;15;;;68724;544501.18;1190201.61;2019-07-26T00:00:00
79619142;592749;Uherskı Ostroh;;;;;173118;Kvaèice;;;è.p.;264;;;68724;542450.76;1189210.06;2019-07-29T00:00:00
80028764;592749;Uherskı Ostroh;;;;;173126;Ostroské Pøedmìstí;614351;Svobodova;è.p.;939;;;68724;543039.89;1189476.44;2020-01-09T00:00:00
80040918;592749;Uherskı Ostroh;;;;;173134;Uherskı Ostroh;;;è.ev.;16;;;68724;544511.11;1190285.72;2019-11-11T00:00:00
80835341;592749;Uherskı Ostroh;;;;;173134;Uherskı Ostroh;614360;Tøebízského;è.p.;421;;;68724;544166.79;1189546.72;2020-06-17T00:00:00
81093918;592749;Uherskı Ostroh;;;;;173134;Uherskı Ostroh;614106;Mašovy;è.p.;422;;;68724;543800.82;1189586.37;2020-08-24T00:00:00
81098294;592749;Uherskı Ostroh;;;;;173126;Ostroské Pøedmìstí;614238;Prostøední;è.p.;940;;;68724;542312.05;1190019.82;2020-08-26T00:00:00
81262655;592749;Uherskı Ostroh;;;;;173118;Kvaèice;861677;Jezerní;è.p.;265;;;68724;542027.22;1189240.69;2020-11-04T00:00:00
81304196;592749;Uherskı Ostroh;;;;;173126;Ostroské Pøedmìstí;614084;Lùèka;è.p.;941;;;68724;543172.00;1189424.92;2020-11-23T00:00:00
81475276;592749;Uherskı Ostroh;;;;;173134;Uherskı Ostroh;;;è.ev.;17;;;68724;544417.78;1190176.00;2021-02-02T00:00:00
81475730;592749;Uherskı Ostroh;;;;;173134;Uherskı Ostroh;;;è.ev.;18;;;68724;544392.90;1190196.07;2021-02-02T00:00:00
81599552;592749;Uherskı Ostroh;;;;;173134;Uherskı Ostroh;614360;Tøebízského;è.p.;423;;;68724;544158.63;1189560.70;2021-04-19T00:00:00
81615787;592749;Uherskı Ostroh;;;;;173134;Uherskı Ostroh;614441;Šance;è.p.;424;;;68724;543660.95;1189809.73;2021-03-31T00:00:00
81807872;592749;Uherskı Ostroh;;;;;173126;Ostroské Pøedmìstí;614122;Chaloupky;è.p.;942;;;68724;542704.25;1189742.82;2021-05-12T00:00:00
81854854;592749;Uherskı Ostroh;;;;;173126;Ostroské Pøedmìstí;614211;Dlouhá;è.p.;943;;;68724;542853.30;1189102.29;2021-05-31T00:00:00
82007446;592749;Uherskı Ostroh;;;;;173126;Ostroské Pøedmìstí;614378;U kina;è.p.;944;;;68724;542901.79;1189739.92;2021-08-04T00:00:00
82061033;592749;Uherskı Ostroh;;;;;173134;Uherskı Ostroh;614360;Tøebízského;è.p.;425;;;68724;544155.25;1189583.46;2021-09-02T00:00:00
82247536;592749;Uherskı Ostroh;;;;;173134;Uherskı Ostroh;764370;U Lesa;è.p.;404;;;68724;543968.04;1189563.38;2021-11-08T00:00:00
82294534;592749;Uherskı Ostroh;;;;;173134;Uherskı Ostroh;861855;Zamlıní I;è.ev.;19;;;68724;544438.02;1190192.96;2023-02-16T00:00:00
82376832;592749;Uherskı Ostroh;;;;;173126;Ostroské Pøedmìstí;614254;Rybáøe;è.p.;945;;;68724;543276.53;1189296.60;2021-12-22T00:00:00
82524491;592749;Uherskı Ostroh;;;;;173118;Kvaèice;614076;Luèní;è.p.;266;;;68724;542214.30;1189345.32;2022-01-19T00:00:00
82600708;592749;Uherskı Ostroh;;;;;173134;Uherskı Ostroh;614343;Sv. Èecha;è.p.;426;;;68724;544663.52;1189951.73;2022-02-02T00:00:00
82723010;592749;Uherskı Ostroh;;;;;173134;Uherskı Ostroh;;;è.ev.;20;;;68724;544451.23;1190200.47;2022-03-07T00:00:00
83061681;592749;Uherskı Ostroh;;;;;173134;Uherskı Ostroh;;;è.ev.;21;;;68724;544491.15;1190181.64;2022-06-21T00:00:00
83163913;592749;Uherskı Ostroh;;;;;173134;Uherskı Ostroh;614343;Sv. Èecha;è.p.;427;;;68724;544452.41;1189988.98;2022-07-27T00:00:00
83201530;592749;Uherskı Ostroh;;;;;173118;Kvaèice;614327;Hradišská;è.p.;267;;;68724;542377.25;1189596.93;2022-08-09T00:00:00
84892081;592749;Uherskı Ostroh;;;;;173118;Kvaèice;614327;Hradišská;è.p.;268;;;68724;542285.42;1189486.36;2023-01-20T00:00:00
84957689;592749;Uherskı Ostroh;;;;;173134;Uherskı Ostroh;;;è.ev.;22;;;68724;544511.15;1190226.41;2023-02-13T00:00:00
85151734;592749;Uherskı Ostroh;;;;;173118;Kvaèice;614424;Zemìdìlská;è.p.;269;;;68724;542326.40;1189364.46;2023-05-02T00:00:00
85244163;592749;Uherskı Ostroh;;;;;173126;Ostroské Pøedmìstí;614408;Veselská;è.p.;946;;;68724;542914.10;1190161.04;2023-06-05T00:00:00
85292664;592749;Uherskı Ostroh;;;;;173134;Uherskı Ostroh;861855;Zamlıní I;è.p.;428;;;68724;544158.94;1190248.22;2023-06-14T00:00:00
85387681;592749;Uherskı Ostroh;;;;;173134;Uherskı Ostroh;614343;Sv. Èecha;è.p.;429;;;68724;544631.42;1189917.87;2023-07-28T00:00:00
85605867;592749;Uherskı Ostroh;;;;;173134;Uherskı Ostroh;614386;V zahradách;è.p.;430;;;68724;544155.57;1189747.91;2023-09-27T00:00:00
86144618;592749;Uherskı Ostroh;;;;;173126;Ostroské Pøedmìstí;614203;Polní;è.p.;947;;;68724;542238.00;1190180.94;2024-04-18T00:00:00
86146041;592749;Uherskı Ostroh;;;;;173126;Ostroské Pøedmìstí;614131;Na špici;è.p.;948;;;68724;542857.88;1189791.95;2024-04-18T00:00:00
86154389;592749;Uherskı Ostroh;;;;;173134;Uherskı Ostroh;614343;Sv. Èecha;è.p.;431;;;68724;544638.07;1189907.72;2024-04-23T00:00:00
86170333;592749;Uherskı Ostroh;;;;;173134;Uherskı Ostroh;614386;V zahradách;è.p.;432;;;68724;544298.41;1189862.10;2024-04-30T00:00:00
86528122;592749;Uherskı Ostroh;;;;;173118;Kvaèice;861677;Jezerní;è.p.;270;;;68724;542031.90;1189275.68;2024-09-23T00:00:00
86660462;592749;Uherskı Ostroh;;;;;173118;Kvaèice;614041;Hliníky;è.p.;271;;;68724;542224.47;1189519.25;2024-12-13T00:00:00
86751531;592749;Uherskı Ostroh;;;;;173126;Ostroské Pøedmìstí;;;è.ev.;23;;;68724;543306.72;1190288.36;2025-01-15T00:00:00
86830074;592749;Uherskı Ostroh;;;;;173118;Kvaèice;614041;Hliníky;è.p.;272;;;68724;542072.30;1189542.42;2025-02-25T00:00:00
87155338;592749;Uherskı Ostroh;;;;;173134;Uherskı Ostroh;764370;U Lesa;è.p.;434;;;68724;544014.39;1189642.78;2025-07-03T00:00:00
87167123;592749;Uherskı Ostroh;;;;;173118;Kvaèice;614424;Zemìdìlská;è.p.;273;;;68724;542255.04;1189455.85;2025-07-09T00:00:00
87176122;592749;Uherskı Ostroh;;;;;173118;Kvaèice;;;è.ev.;24;;;68724;541888.53;1189686.23;2025-07-15T00:00:00
87176459;592749;Uherskı Ostroh;;;;;173134;Uherskı Ostroh;;;è.ev.;25;;;68724;544138.96;1189243.40;2025-07-15T00:00:00
87248581;592749;Uherskı Ostroh;;;;;173118;Kvaèice;861677;Jezerní;è.p.;274;;;68724;542023.40;1189314.06;2025-08-26T00:00:00
87540207;592749;Uherskı Ostroh;;;;;173118;Kvaèice;614041;Hliníky;è.p.;275;;;68724;542073.13;1189532.97;2025-12-19T00:00:00
