Kód ADM;Kód obce;Název obce;Kód MOMC;Název MOMC;Kód obvodu Prahy;Název obvodu Prahy;Kód èásti obce;Název èásti obce;Kód ulice;Název ulice;Typ SO;Èíslo domovní;Èíslo orientaèní;Znak èísla orientaèního;PSÈ;Souøadnice Y;Souøadnice X;Platí Od
8183813;599701;Odry;;;;;26875;Dobešov;;;è.p.;1;;;74235;508936.13;1116921.58;2013-12-04T00:00:00
8183821;599701;Odry;;;;;26875;Dobešov;;;è.p.;2;;;74235;508879.75;1116976.51;2013-12-04T00:00:00
8183830;599701;Odry;;;;;26875;Dobešov;;;è.p.;3;;;74235;508958.39;1117018.82;2013-12-04T00:00:00
8183848;599701;Odry;;;;;26875;Dobešov;;;è.p.;4;;;74235;508965.97;1117067.53;2013-12-04T00:00:00
8183856;599701;Odry;;;;;26875;Dobešov;;;è.p.;5;;;74235;508938.80;1117172.42;2013-12-04T00:00:00
8183864;599701;Odry;;;;;26875;Dobešov;;;è.p.;6;;;74235;508948.61;1117251.64;2013-12-04T00:00:00
8183872;599701;Odry;;;;;26875;Dobešov;;;è.p.;7;;;74235;508919.40;1117365.85;2013-12-04T00:00:00
8183881;599701;Odry;;;;;26875;Dobešov;;;è.p.;8;;;74235;508888.22;1117391.73;2013-12-04T00:00:00
8183899;599701;Odry;;;;;26875;Dobešov;;;è.p.;9;;;74235;508848.56;1117541.85;2013-12-04T00:00:00
8183902;599701;Odry;;;;;26875;Dobešov;;;è.p.;10;;;74235;508960.49;1117187.13;2013-12-04T00:00:00
8183911;599701;Odry;;;;;26875;Dobešov;;;è.p.;11;;;74235;508770.50;1117712.57;2013-12-04T00:00:00
8183929;599701;Odry;;;;;26875;Dobešov;;;è.p.;12;;;74235;508811.68;1117768.95;2013-12-04T00:00:00
8183937;599701;Odry;;;;;26875;Dobešov;;;è.p.;13;;;74235;508879.54;1117756.04;2013-12-04T00:00:00
8183945;599701;Odry;;;;;26875;Dobešov;;;è.p.;14;;;74235;508881.86;1117684.07;2013-12-04T00:00:00
8183953;599701;Odry;;;;;26875;Dobešov;;;è.p.;15;;;74235;508925.13;1117624.78;2013-12-04T00:00:00
8183961;599701;Odry;;;;;26875;Dobešov;;;è.p.;16;;;74235;508952.75;1117521.53;2013-12-04T00:00:00
8183970;599701;Odry;;;;;26875;Dobešov;;;è.p.;17;;;74235;509002.62;1117404.35;2013-12-04T00:00:00
8183988;599701;Odry;;;;;26875;Dobešov;;;è.p.;18;;;74235;508997.06;1117296.74;2013-12-04T00:00:00
8183996;599701;Odry;;;;;26875;Dobešov;;;è.p.;19;;;74235;509042.92;1117281.28;2013-12-04T00:00:00
8184003;599701;Odry;;;;;26875;Dobešov;;;è.p.;20;;;74235;509053.10;1117212.55;2013-12-04T00:00:00
8184011;599701;Odry;;;;;26875;Dobešov;;;è.p.;21;;;74235;509059.88;1117127.89;2013-12-04T00:00:00
8184020;599701;Odry;;;;;26875;Dobešov;;;è.p.;22;;;74235;509110.44;1117032.72;2013-12-04T00:00:00
8184038;599701;Odry;;;;;26875;Dobešov;;;è.p.;23;;;74235;509025.04;1117107.18;2013-12-04T00:00:00
8184046;599701;Odry;;;;;26875;Dobešov;;;è.p.;24;;;74235;509054.65;1116992.30;2013-12-04T00:00:00
8184054;599701;Odry;;;;;26875;Dobešov;;;è.p.;25;;;74235;509042.35;1116935.12;2013-12-04T00:00:00
8184071;599701;Odry;;;;;26875;Dobešov;;;è.p.;27;;;74235;509034.64;1116616.60;2013-12-04T00:00:00
8184089;599701;Odry;;;;;26875;Dobešov;;;è.p.;28;;;74235;509074.70;1116755.24;2013-12-04T00:00:00
8184097;599701;Odry;;;;;26875;Dobešov;;;è.p.;29;;;74235;509002.40;1116738.38;2013-12-04T00:00:00
8184101;599701;Odry;;;;;26875;Dobešov;;;è.p.;30;;;74235;509025.28;1116704.43;2013-12-04T00:00:00
8184119;599701;Odry;;;;;26875;Dobešov;;;è.p.;31;;;74235;508997.36;1116651.71;2013-12-04T00:00:00
8184127;599701;Odry;;;;;26875;Dobešov;;;è.p.;32;;;74235;509035.81;1116628.59;2013-12-04T00:00:00
8184135;599701;Odry;;;;;26875;Dobešov;;;è.p.;33;;;74235;509114.24;1116532.84;2013-12-04T00:00:00
8184143;599701;Odry;;;;;26875;Dobešov;;;è.p.;34;;;74235;508992.39;1116549.07;2013-12-04T00:00:00
8184151;599701;Odry;;;;;26875;Dobešov;;;è.p.;36;;;74235;508885.15;1117457.57;2013-12-04T00:00:00
8184160;599701;Odry;;;;;26875;Dobešov;;;è.p.;37;;;74235;508901.29;1116514.97;2013-12-04T00:00:00
8184178;599701;Odry;;;;;26875;Dobešov;;;è.p.;40;;;74235;508849.44;1116564.51;2013-12-04T00:00:00
8184186;599701;Odry;;;;;26875;Dobešov;;;è.p.;41;;;74235;508891.00;1116626.52;2013-12-04T00:00:00
8184194;599701;Odry;;;;;26875;Dobešov;;;è.p.;43;;;74235;508830.47;1116585.71;2013-12-04T00:00:00
8184208;599701;Odry;;;;;26875;Dobešov;;;è.p.;44;;;74235;508811.57;1116704.58;2013-12-04T00:00:00
8184216;599701;Odry;;;;;26875;Dobešov;;;è.p.;45;;;74235;508947.64;1116731.92;2019-09-24T00:00:00
8184224;599701;Odry;;;;;26875;Dobešov;;;è.p.;46;;;74235;508964.59;1116831.12;2013-12-04T00:00:00
8184232;599701;Odry;;;;;26875;Dobešov;;;è.p.;47;;;74235;508974.15;1116877.53;2013-12-04T00:00:00
8184241;599701;Odry;;;;;26875;Dobešov;;;è.p.;48;;;74235;508999.04;1117422.03;2013-12-04T00:00:00
8184267;599701;Odry;;;;;26875;Dobešov;;;è.p.;50;;;74235;508827.71;1117588.71;2013-12-04T00:00:00
8184275;599701;Odry;;;;;26875;Dobešov;;;è.p.;51;;;74235;508943.45;1117453.28;2013-12-04T00:00:00
8184283;599701;Odry;;;;;26875;Dobešov;;;è.p.;52;;;74235;508789.47;1117590.25;2013-12-04T00:00:00
8184291;599701;Odry;;;;;26875;Dobešov;;;è.p.;53;;;74235;509009.87;1117052.16;2013-12-04T00:00:00
8184305;599701;Odry;;;;;26875;Dobešov;;;è.p.;54;;;74235;509082.73;1117278.58;2013-12-04T00:00:00
8184313;599701;Odry;;;;;26875;Dobešov;;;è.p.;55;;;74235;509013.78;1117012.48;2013-12-04T00:00:00
8184321;599701;Odry;;;;;26875;Dobešov;;;è.p.;57;;;74235;508981.12;1117385.56;2013-12-04T00:00:00
8184330;599701;Odry;;;;;26875;Dobešov;;;è.p.;58;;;74235;509003.82;1117328.28;2013-12-04T00:00:00
8184348;599701;Odry;;;;;26875;Dobešov;;;è.p.;59;;;74235;509009.61;1117135.01;2013-12-04T00:00:00
8184356;599701;Odry;;;;;26875;Dobešov;;;è.p.;62;;;74235;508975.50;1117347.95;2013-12-04T00:00:00
8184364;599701;Odry;;;;;26875;Dobešov;;;è.p.;63;;;74235;509001.09;1116885.52;2013-12-04T00:00:00
8184372;599701;Odry;;;;;26875;Dobešov;;;è.p.;65;;;74235;508950.69;1117540.45;2013-12-04T00:00:00
8184381;599701;Odry;;;;;26875;Dobešov;;;è.p.;66;;;74235;508947.74;1116835.92;2013-12-04T00:00:00
8184399;599701;Odry;;;;;26875;Dobešov;;;è.p.;67;;;74235;509115.88;1117284.67;2013-12-04T00:00:00
8184402;599701;Odry;;;;;26875;Dobešov;;;è.p.;69;;;74235;509138.39;1117289.51;2013-12-04T00:00:00
8184411;599701;Odry;;;;;26875;Dobešov;;;è.p.;70;;;74235;509178.59;1117292.39;2013-12-04T00:00:00
8184429;599701;Odry;;;;;26875;Dobešov;;;è.p.;71;;;74235;508822.11;1117678.42;2013-12-04T00:00:00
8184437;599701;Odry;;;;;26875;Dobešov;;;è.p.;72;;;74235;508746.62;1117594.23;2013-12-04T00:00:00
8184445;599701;Odry;;;;;26875;Dobešov;;;è.p.;73;;;74235;508967.28;1116685.09;2013-12-04T00:00:00
8184453;599701;Odry;;;;;26875;Dobešov;;;è.p.;74;;;74235;508838.61;1116510.42;2013-12-04T00:00:00
8184461;599701;Odry;;;;;26875;Dobešov;;;è.p.;75;;;74235;508834.55;1117738.35;2013-12-04T00:00:00
8184470;599701;Odry;;;;;26875;Dobešov;;;è.p.;76;;;74235;509009.72;1116511.21;2013-12-04T00:00:00
8184488;599701;Odry;;;;;26875;Dobešov;;;è.p.;77;;;74235;508848.77;1116543.31;2013-12-04T00:00:00
8184496;599701;Odry;;;;;26875;Dobešov;;;è.p.;78;;;74235;508965.36;1116571.26;2013-12-04T00:00:00
8184500;599701;Odry;;;;;26875;Dobešov;;;è.ev.;1;;;74235;508925.76;1116538.00;2013-12-04T00:00:00
8184518;599701;Odry;;;;;26875;Dobešov;;;è.ev.;2;;;74235;508915.73;1116663.67;2013-12-04T00:00:00
8184526;599701;Odry;;;;;26875;Dobešov;;;è.ev.;3;;;74235;508992.29;1116474.63;2013-12-04T00:00:00
8184542;599701;Odry;;;;;26875;Dobešov;;;è.ev.;5;;;74235;508905.02;1116544.68;2013-12-04T00:00:00
8184569;599701;Odry;;;;;26875;Dobešov;;;è.ev.;7;;;74235;508986.01;1116947.76;2013-12-04T00:00:00
8184577;599701;Odry;;;;;26875;Dobešov;;;è.ev.;8;;;74235;509010.62;1116817.99;2013-12-04T00:00:00
8204101;599701;Odry;;;;;56529;Klokoèùvek;;;è.p.;301;;;74235;509939.93;1110927.40;2013-12-04T00:00:00
8204110;599701;Odry;;;;;56529;Klokoèùvek;;;è.p.;302;;;74235;510063.08;1110964.30;2013-12-04T00:00:00
8204128;599701;Odry;;;;;56529;Klokoèùvek;;;è.p.;303;;;74235;509779.72;1111313.11;2013-12-04T00:00:00
8204136;599701;Odry;;;;;56529;Klokoèùvek;;;è.p.;304;;;74235;509985.08;1111093.44;2013-12-04T00:00:00
8204144;599701;Odry;;;;;56529;Klokoèùvek;;;è.p.;305;;;74235;510003.07;1111077.40;2013-12-04T00:00:00
8204152;599701;Odry;;;;;56529;Klokoèùvek;;;è.p.;306;;;74235;510062.26;1110649.62;2013-12-04T00:00:00
8204161;599701;Odry;;;;;56529;Klokoèùvek;;;è.p.;307;;;74235;510051.35;1111079.77;2013-12-04T00:00:00
8204179;599701;Odry;;;;;56529;Klokoèùvek;;;è.p.;308;;;74235;510073.75;1111097.84;2013-12-04T00:00:00
8204195;599701;Odry;;;;;56529;Klokoèùvek;;;è.p.;310;;;74235;510132.72;1110383.04;2013-12-04T00:00:00
8204209;599701;Odry;;;;;56529;Klokoèùvek;;;è.p.;311;;;74235;510121.68;1111041.72;2013-12-04T00:00:00
8204217;599701;Odry;;;;;56529;Klokoèùvek;;;è.p.;312;;;74235;510168.98;1111011.43;2013-12-04T00:00:00
8204225;599701;Odry;;;;;56529;Klokoèùvek;;;è.p.;313;;;74235;510047.64;1111046.56;2013-12-04T00:00:00
8204233;599701;Odry;;;;;56529;Klokoèùvek;;;è.p.;314;;;74235;510049.24;1111018.75;2013-12-04T00:00:00
8204241;599701;Odry;;;;;56529;Klokoèùvek;;;è.p.;316;;;74235;509986.10;1110945.82;2013-12-04T00:00:00
8204268;599701;Odry;;;;;56529;Klokoèùvek;;;è.p.;319;;;74235;510021.95;1110910.02;2013-12-04T00:00:00
8204276;599701;Odry;;;;;56529;Klokoèùvek;;;è.p.;320;;;74235;510057.40;1110856.65;2013-12-04T00:00:00
8204284;599701;Odry;;;;;56529;Klokoèùvek;;;è.p.;321;;;74235;510016.68;1110836.48;2013-12-04T00:00:00
8204292;599701;Odry;;;;;56529;Klokoèùvek;;;è.p.;322;;;74235;510040.43;1110570.08;2013-12-04T00:00:00
8204306;599701;Odry;;;;;56529;Klokoèùvek;;;è.p.;323;;;74235;510011.91;1110796.93;2013-12-04T00:00:00
8204314;599701;Odry;;;;;56529;Klokoèùvek;;;è.p.;324;;;74235;510117.08;1110811.19;2018-07-31T00:00:00
8204322;599701;Odry;;;;;56529;Klokoèùvek;;;è.p.;325;;;74235;510022.69;1110776.91;2013-12-04T00:00:00
8204331;599701;Odry;;;;;56529;Klokoèùvek;;;è.p.;326;;;74235;510047.11;1110735.80;2013-12-04T00:00:00
8204349;599701;Odry;;;;;56529;Klokoèùvek;;;è.p.;327;;;74235;510057.80;1110773.00;2023-02-23T00:00:00
8204357;599701;Odry;;;;;56529;Klokoèùvek;;;è.p.;328;;;74235;510084.80;1110747.02;2013-12-04T00:00:00
8204365;599701;Odry;;;;;56529;Klokoèùvek;;;è.p.;330;;;74235;510129.71;1110695.90;2013-12-04T00:00:00
8204373;599701;Odry;;;;;56529;Klokoèùvek;;;è.p.;331;;;74235;510042.82;1110665.12;2013-12-04T00:00:00
8204381;599701;Odry;;;;;56529;Klokoèùvek;;;è.p.;332;;;74235;510146.78;1110628.13;2013-12-04T00:00:00
8204390;599701;Odry;;;;;56529;Klokoèùvek;;;è.p.;333;;;74235;510123.24;1110605.05;2013-12-04T00:00:00
8204403;599701;Odry;;;;;56529;Klokoèùvek;;;è.p.;334;;;74235;510040.01;1110607.76;2013-12-04T00:00:00
8204411;599701;Odry;;;;;56529;Klokoèùvek;;;è.p.;335;;;74235;510075.67;1110590.30;2013-12-04T00:00:00
8204420;599701;Odry;;;;;56529;Klokoèùvek;;;è.p.;336;;;74235;510085.30;1110570.23;2013-12-04T00:00:00
8204438;599701;Odry;;;;;56529;Klokoèùvek;;;è.p.;337;;;74235;510119.48;1110552.99;2013-12-04T00:00:00
8204446;599701;Odry;;;;;56529;Klokoèùvek;;;è.p.;338;;;74235;510149.83;1110557.28;2013-12-04T00:00:00
8204454;599701;Odry;;;;;56529;Klokoèùvek;;;è.p.;339;;;74235;510173.61;1110560.39;2013-12-04T00:00:00
8204462;599701;Odry;;;;;56529;Klokoèùvek;;;è.p.;340;;;74235;510116.94;1110504.25;2013-12-04T00:00:00
8204471;599701;Odry;;;;;56529;Klokoèùvek;;;è.p.;341;;;74235;510071.73;1110496.98;2013-12-04T00:00:00
8204489;599701;Odry;;;;;56529;Klokoèùvek;;;è.p.;342;;;74235;510183.78;1110531.63;2013-12-04T00:00:00
8204497;599701;Odry;;;;;56529;Klokoèùvek;;;è.p.;343;;;74235;510059.11;1110452.63;2013-12-04T00:00:00
8204501;599701;Odry;;;;;56529;Klokoèùvek;;;è.p.;344;;;74235;510097.33;1110424.74;2013-12-04T00:00:00
8204519;599701;Odry;;;;;56529;Klokoèùvek;;;è.p.;345;;;74235;510065.37;1110431.23;2013-12-04T00:00:00
8204527;599701;Odry;;;;;56529;Klokoèùvek;;;è.p.;346;;;74235;510068.98;1110530.04;2013-12-04T00:00:00
8204535;599701;Odry;;;;;56529;Klokoèùvek;;;è.p.;347;;;74235;510057.10;1110382.49;2013-12-04T00:00:00
8204543;599701;Odry;;;;;56529;Klokoèùvek;;;è.p.;348;;;74235;510081.26;1110336.75;2013-12-04T00:00:00
8204551;599701;Odry;;;;;56529;Klokoèùvek;;;è.p.;349;;;74235;510130.26;1110331.61;2013-12-04T00:00:00
8204560;599701;Odry;;;;;56529;Klokoèùvek;;;è.p.;350;;;74235;510158.30;1111025.08;2013-12-04T00:00:00
8204578;599701;Odry;;;;;56529;Klokoèùvek;;;è.p.;351;;;74235;510096.07;1110405.76;2013-12-04T00:00:00
8204586;599701;Odry;;;;;56529;Klokoèùvek;;;è.p.;352;;;74235;510023.58;1110559.51;2013-12-04T00:00:00
8204594;599701;Odry;;;;;56529;Klokoèùvek;;;è.p.;353;;;74235;510107.40;1110294.10;2013-12-04T00:00:00
8204608;599701;Odry;;;;;56529;Klokoèùvek;;;è.p.;354;;;74235;510103.35;1110923.49;2013-12-04T00:00:00
8204616;599701;Odry;;;;;56529;Klokoèùvek;;;è.p.;355;;;74235;509888.33;1111207.31;2013-12-04T00:00:00
8204624;599701;Odry;;;;;56529;Klokoèùvek;;;è.p.;356;;;74235;510011.35;1110908.98;2013-12-04T00:00:00
8204632;599701;Odry;;;;;56529;Klokoèùvek;;;è.ev.;1;;;74235;510529.72;1110911.81;2013-12-04T00:00:00
8204641;599701;Odry;;;;;56529;Klokoèùvek;;;è.ev.;2;;;74235;510541.26;1110885.58;2013-12-04T00:00:00
8204659;599701;Odry;;;;;56529;Klokoèùvek;;;è.ev.;3;;;74235;510579.49;1110875.69;2013-12-04T00:00:00
8204667;599701;Odry;;;;;56529;Klokoèùvek;;;è.ev.;4;;;74235;510611.48;1110859.55;2013-12-04T00:00:00
8204675;599701;Odry;;;;;56529;Klokoèùvek;;;è.ev.;5;;;74235;510628.24;1110847.21;2013-12-04T00:00:00
8204683;599701;Odry;;;;;56529;Klokoèùvek;;;è.ev.;6;;;74235;510647.46;1110836.99;2013-12-04T00:00:00
8204691;599701;Odry;;;;;56529;Klokoèùvek;;;è.ev.;7;;;74235;510662.60;1110836.99;2013-12-04T00:00:00
8204705;599701;Odry;;;;;56529;Klokoèùvek;;;è.ev.;8;;;74235;510677.64;1110834.08;2013-12-04T00:00:00
8204713;599701;Odry;;;;;56529;Klokoèùvek;;;è.ev.;9;;;74235;510702.12;1110833.04;2013-12-04T00:00:00
8204721;599701;Odry;;;;;56529;Klokoèùvek;;;è.ev.;10;;;74235;510724.71;1110831.46;2013-12-04T00:00:00
8204730;599701;Odry;;;;;56529;Klokoèùvek;;;è.ev.;11;;;74235;510738.90;1110831.90;2013-12-04T00:00:00
8204748;599701;Odry;;;;;56529;Klokoèùvek;;;è.ev.;12;;;74235;510754.79;1110826.63;2013-12-04T00:00:00
8204756;599701;Odry;;;;;56529;Klokoèùvek;;;è.ev.;13;;;74235;510784.72;1110845.33;2013-12-04T00:00:00
8204764;599701;Odry;;;;;56529;Klokoèùvek;;;è.ev.;14;;;74235;510803.20;1110842.23;2013-12-04T00:00:00
8204772;599701;Odry;;;;;56529;Klokoèùvek;;;è.ev.;15;;;74235;510819.06;1110837.37;2013-12-04T00:00:00
8204781;599701;Odry;;;;;56529;Klokoèùvek;;;è.ev.;16;;;74235;510844.58;1110836.12;2013-12-04T00:00:00
8204799;599701;Odry;;;;;56529;Klokoèùvek;;;è.ev.;17;;;74235;510862.43;1110832.44;2013-12-04T00:00:00
8204802;599701;Odry;;;;;56529;Klokoèùvek;;;è.ev.;18;;;74235;510879.94;1110826.77;2013-12-04T00:00:00
8204811;599701;Odry;;;;;56529;Klokoèùvek;;;è.ev.;19;;;74235;510775.80;1110816.57;2013-12-04T00:00:00
8204829;599701;Odry;;;;;56529;Klokoèùvek;;;è.ev.;20;;;74235;510807.66;1110800.39;2013-12-04T00:00:00
8204837;599701;Odry;;;;;56529;Klokoèùvek;;;è.ev.;21;;;74235;510831.26;1110789.80;2013-12-04T00:00:00
8204845;599701;Odry;;;;;56529;Klokoèùvek;;;è.ev.;22;;;74235;510862.22;1110788.21;2013-12-04T00:00:00
8204853;599701;Odry;;;;;56529;Klokoèùvek;;;è.ev.;23;;;74235;510880.43;1110785.49;2013-12-04T00:00:00
8204861;599701;Odry;;;;;56529;Klokoèùvek;;;è.ev.;24;;;74235;510888.84;1110784.24;2013-12-04T00:00:00
8204870;599701;Odry;;;;;56529;Klokoèùvek;;;è.ev.;25;;;74235;511311.73;1110779.64;2013-12-04T00:00:00
8204888;599701;Odry;;;;;56529;Klokoèùvek;;;è.ev.;26;;;74235;511284.62;1110800.14;2013-12-04T00:00:00
8204896;599701;Odry;;;;;56529;Klokoèùvek;;;è.ev.;27;;;74235;511258.94;1110816.33;2013-12-04T00:00:00
8204900;599701;Odry;;;;;56529;Klokoèùvek;;;è.ev.;28;;;74235;511227.88;1110786.72;2013-12-04T00:00:00
8204918;599701;Odry;;;;;56529;Klokoèùvek;;;è.ev.;29;;;74235;511226.68;1110806.02;2013-12-04T00:00:00
8204926;599701;Odry;;;;;56529;Klokoèùvek;;;è.ev.;30;;;74235;511240.11;1110748.10;2013-12-04T00:00:00
8204934;599701;Odry;;;;;56529;Klokoèùvek;;;è.ev.;31;;;74235;511215.50;1110751.65;2013-12-04T00:00:00
8204942;599701;Odry;;;;;56529;Klokoèùvek;;;è.ev.;32;;;74235;511195.94;1110801.19;2013-12-04T00:00:00
8204951;599701;Odry;;;;;56529;Klokoèùvek;;;è.ev.;33;;;74235;511176.80;1110801.44;2013-12-04T00:00:00
8204969;599701;Odry;;;;;56529;Klokoèùvek;;;è.ev.;34;;;74235;511155.49;1110790.58;2013-12-04T00:00:00
8204977;599701;Odry;;;;;56529;Klokoèùvek;;;è.ev.;35;;;74235;511187.92;1110785.30;2013-12-04T00:00:00
8204985;599701;Odry;;;;;56529;Klokoèùvek;;;è.ev.;36;;;74235;511186.26;1110771.75;2013-12-04T00:00:00
8204993;599701;Odry;;;;;56529;Klokoèùvek;;;è.ev.;37;;;74235;511164.62;1110770.41;2013-12-04T00:00:00
8205001;599701;Odry;;;;;56529;Klokoèùvek;;;è.ev.;38;;;74235;511142.72;1110773.06;2013-12-04T00:00:00
8205019;599701;Odry;;;;;56529;Klokoèùvek;;;è.ev.;39;;;74235;511127.28;1110772.52;2013-12-04T00:00:00
8205027;599701;Odry;;;;;56529;Klokoèùvek;;;è.ev.;40;;;74235;511113.39;1110777.01;2013-12-04T00:00:00
8205035;599701;Odry;;;;;56529;Klokoèùvek;;;è.ev.;41;;;74235;511136.55;1110806.14;2013-12-04T00:00:00
8205043;599701;Odry;;;;;56529;Klokoèùvek;;;è.ev.;42;;;74235;511072.16;1110803.01;2013-12-04T00:00:00
8205051;599701;Odry;;;;;56529;Klokoèùvek;;;è.ev.;43;;;74235;511063.06;1110779.22;2013-12-04T00:00:00
8205060;599701;Odry;;;;;56529;Klokoèùvek;;;è.ev.;44;;;74235;511042.36;1110771.94;2013-12-04T00:00:00
8205078;599701;Odry;;;;;56529;Klokoèùvek;;;è.ev.;45;;;74235;511023.27;1110766.34;2013-12-04T00:00:00
8205086;599701;Odry;;;;;56529;Klokoèùvek;;;è.ev.;46;;;74235;511001.41;1110760.56;2013-12-04T00:00:00
8205094;599701;Odry;;;;;56529;Klokoèùvek;;;è.ev.;47;;;74235;510977.38;1110754.70;2013-12-04T00:00:00
8205108;599701;Odry;;;;;56529;Klokoèùvek;;;è.ev.;48;;;74235;510957.54;1110746.42;2013-12-04T00:00:00
8205116;599701;Odry;;;;;56529;Klokoèùvek;;;è.ev.;49;;;74235;510934.49;1110741.99;2013-12-04T00:00:00
8205124;599701;Odry;;;;;56529;Klokoèùvek;;;è.ev.;50;;;74235;510909.06;1110743.12;2013-12-04T00:00:00
8205132;599701;Odry;;;;;56529;Klokoèùvek;;;è.ev.;51;;;74235;510894.98;1110752.93;2013-12-04T00:00:00
8205141;599701;Odry;;;;;56529;Klokoèùvek;;;è.ev.;52;;;74235;510877.80;1110763.59;2013-12-04T00:00:00
8205159;599701;Odry;;;;;56529;Klokoèùvek;;;è.ev.;53;;;74235;510849.13;1110763.34;2013-12-04T00:00:00
8205167;599701;Odry;;;;;56529;Klokoèùvek;;;è.ev.;54;;;74235;510826.95;1110768.94;2013-12-04T00:00:00
8205175;599701;Odry;;;;;56529;Klokoèùvek;;;è.ev.;55;;;74235;510973.90;1110719.16;2013-12-04T00:00:00
8205183;599701;Odry;;;;;56529;Klokoèùvek;;;è.ev.;56;;;74235;510361.74;1110905.24;2013-12-04T00:00:00
8205191;599701;Odry;;;;;56529;Klokoèùvek;;;è.ev.;57;;;74235;510375.44;1110898.30;2013-12-04T00:00:00
8205205;599701;Odry;;;;;56529;Klokoèùvek;;;è.ev.;58;;;74235;510388.56;1110896.84;2013-12-04T00:00:00
8205213;599701;Odry;;;;;56529;Klokoèùvek;;;è.ev.;59;;;74235;510401.34;1110890.69;2013-12-04T00:00:00
8205221;599701;Odry;;;;;56529;Klokoèùvek;;;è.ev.;60;;;74235;510414.53;1110889.05;2013-12-04T00:00:00
8205230;599701;Odry;;;;;56529;Klokoèùvek;;;è.ev.;61;;;74235;510427.92;1110884.21;2013-12-04T00:00:00
8205248;599701;Odry;;;;;56529;Klokoèùvek;;;è.ev.;62;;;74235;510443.09;1110883.81;2013-12-04T00:00:00
8205256;599701;Odry;;;;;56529;Klokoèùvek;;;è.ev.;63;;;74235;510458.54;1110880.72;2013-12-04T00:00:00
8205264;599701;Odry;;;;;56529;Klokoèùvek;;;è.ev.;64;;;74235;510472.80;1110877.07;2013-12-04T00:00:00
8205272;599701;Odry;;;;;56529;Klokoèùvek;;;è.ev.;65;;;74235;510487.03;1110872.30;2013-12-04T00:00:00
8205281;599701;Odry;;;;;56529;Klokoèùvek;;;è.ev.;66;;;74235;510530.72;1110795.42;2013-12-04T00:00:00
8205299;599701;Odry;;;;;56529;Klokoèùvek;;;è.ev.;67;;;74235;510532.65;1110783.14;2013-12-04T00:00:00
8205302;599701;Odry;;;;;56529;Klokoèùvek;;;è.ev.;68;;;74235;510542.31;1110770.86;2013-12-04T00:00:00
8205311;599701;Odry;;;;;56529;Klokoèùvek;;;è.ev.;69;;;74235;510565.26;1110761.61;2013-12-04T00:00:00
8205329;599701;Odry;;;;;56529;Klokoèùvek;;;è.ev.;70;;;74235;510578.56;1110761.80;2013-12-04T00:00:00
8205337;599701;Odry;;;;;56529;Klokoèùvek;;;è.ev.;71;;;74235;510593.72;1110761.76;2013-12-04T00:00:00
8205345;599701;Odry;;;;;56529;Klokoèùvek;;;è.ev.;72;;;74235;510608.69;1110762.05;2013-12-04T00:00:00
8205353;599701;Odry;;;;;56529;Klokoèùvek;;;è.ev.;73;;;74235;510624.69;1110761.04;2013-12-04T00:00:00
8205361;599701;Odry;;;;;56529;Klokoèùvek;;;è.ev.;74;;;74235;510723.24;1110724.18;2013-12-04T00:00:00
8205370;599701;Odry;;;;;56529;Klokoèùvek;;;è.ev.;75;;;74235;510744.68;1110724.23;2013-12-04T00:00:00
8205388;599701;Odry;;;;;56529;Klokoèùvek;;;è.ev.;76;;;74235;510765.34;1110727.07;2013-12-04T00:00:00
8205396;599701;Odry;;;;;56529;Klokoèùvek;;;è.ev.;77;;;74235;510778.76;1110723.76;2013-12-04T00:00:00
8205400;599701;Odry;;;;;56529;Klokoèùvek;;;è.ev.;78;;;74235;510802.54;1110722.53;2013-12-04T00:00:00
8205418;599701;Odry;;;;;56529;Klokoèùvek;;;è.ev.;79;;;74235;510830.95;1110716.17;2013-12-04T00:00:00
8205426;599701;Odry;;;;;56529;Klokoèùvek;;;è.ev.;80;;;74235;511000.41;1110666.95;2013-12-04T00:00:00
8205434;599701;Odry;;;;;56529;Klokoèùvek;;;è.ev.;81;;;74235;511014.29;1110663.26;2013-12-04T00:00:00
8205442;599701;Odry;;;;;56529;Klokoèùvek;;;è.ev.;82;;;74235;511025.67;1110660.30;2013-12-04T00:00:00
8205451;599701;Odry;;;;;56529;Klokoèùvek;;;è.ev.;83;;;74235;511044.36;1110651.22;2013-12-04T00:00:00
8205469;599701;Odry;;;;;56529;Klokoèùvek;;;è.ev.;84;;;74235;511052.96;1110649.02;2013-12-04T00:00:00
8205477;599701;Odry;;;;;56529;Klokoèùvek;;;è.ev.;85;;;74235;511070.19;1110646.50;2013-12-04T00:00:00
8205485;599701;Odry;;;;;56529;Klokoèùvek;;;è.ev.;86;;;74235;511083.81;1110642.37;2013-12-04T00:00:00
8205493;599701;Odry;;;;;56529;Klokoèùvek;;;è.ev.;87;;;74235;511097.55;1110637.13;2013-12-04T00:00:00
8205507;599701;Odry;;;;;56529;Klokoèùvek;;;è.ev.;88;;;74235;511112.76;1110629.71;2013-12-04T00:00:00
8205515;599701;Odry;;;;;56529;Klokoèùvek;;;è.ev.;89;;;74235;511257.85;1110884.38;2013-12-04T00:00:00
8205523;599701;Odry;;;;;56529;Klokoèùvek;;;è.ev.;90;;;74235;511262.19;1110872.92;2013-12-04T00:00:00
8205531;599701;Odry;;;;;56529;Klokoèùvek;;;è.ev.;91;;;74235;510105.69;1110360.28;2013-12-04T00:00:00
8205540;599701;Odry;;;;;56529;Klokoèùvek;;;è.ev.;92;;;74235;510111.65;1111147.29;2013-12-04T00:00:00
8205558;599701;Odry;;;;;56529;Klokoèùvek;;;è.ev.;93;;;74235;510560.70;1110878.91;2013-12-04T00:00:00
8205566;599701;Odry;;;;;56529;Klokoèùvek;;;è.ev.;95;;;74235;510465.86;1110809.91;2013-12-04T00:00:00
8205574;599701;Odry;;;;;56529;Klokoèùvek;;;è.ev.;96;;;74235;510564.18;1110787.49;2013-12-04T00:00:00
8205582;599701;Odry;;;;;56529;Klokoèùvek;;;è.ev.;97;;;74235;511096.32;1110797.06;2013-12-04T00:00:00
8205591;599701;Odry;;;;;56529;Klokoèùvek;;;è.ev.;98;;;74235;511296.66;1110814.27;2013-12-04T00:00:00
8205604;599701;Odry;;;;;56529;Klokoèùvek;;;è.ev.;99;;;74235;511264.90;1110813.46;2013-12-04T00:00:00
8205612;599701;Odry;;;;;56529;Klokoèùvek;;;è.ev.;100;;;74235;510800.97;1110802.37;2013-12-04T00:00:00
8205621;599701;Odry;;;;;56529;Klokoèùvek;;;è.ev.;101;;;74235;510010.73;1111139.49;2013-12-04T00:00:00
8205639;599701;Odry;;;;;56529;Klokoèùvek;;;è.ev.;102;;;74235;510052.15;1111093.72;2013-12-04T00:00:00
8205647;599701;Odry;;;;;56529;Klokoèùvek;;;è.ev.;103;;;74235;510090.54;1111039.69;2013-12-04T00:00:00
8205655;599701;Odry;;;;;56529;Klokoèùvek;;;è.ev.;104;;;74235;510059.51;1110817.58;2013-12-04T00:00:00
8205663;599701;Odry;;;;;56529;Klokoèùvek;;;è.ev.;105;;;74235;510097.89;1110503.52;2013-12-04T00:00:00
8205680;599701;Odry;;;;;56529;Klokoèùvek;;;è.ev.;107;;;74235;510149.42;1110468.84;2013-12-04T00:00:00
8205698;599701;Odry;;;;;56529;Klokoèùvek;;;è.p.;362;;;74235;510207.45;1110548.88;2013-12-04T00:00:00
8205701;599701;Odry;;;;;56529;Klokoèùvek;;;è.ev.;109;;;74235;510358.98;1109834.71;2013-12-04T00:00:00
8205710;599701;Odry;;;;;56529;Klokoèùvek;;;è.ev.;110;;;74235;510837.79;1110788.58;2013-12-04T00:00:00
8205728;599701;Odry;;;;;56529;Klokoèùvek;;;è.ev.;111;;;74235;510077.00;1111068.29;2013-12-04T00:00:00
8205736;599701;Odry;;;;;56529;Klokoèùvek;;;è.ev.;112;;;74235;510549.61;1110756.53;2013-12-04T00:00:00
8205752;599701;Odry;;;;;56529;Klokoèùvek;;;è.ev.;114;;;74235;510018.47;1111033.35;2013-12-04T00:00:00
8205761;599701;Odry;;;;;56529;Klokoèùvek;;;è.p.;360;;;74235;510143.02;1110518.73;2013-12-04T00:00:00
8205779;599701;Odry;;;;;56529;Klokoèùvek;;;è.ev.;116;;;74235;510088.39;1111144.03;2013-12-04T00:00:00
8205841;599701;Odry;;;;;56537;Louèky;;;è.p.;125;;;74236;506369.72;1115529.50;2013-12-04T00:00:00
8205850;599701;Odry;;;;;56537;Louèky;;;è.p.;126;;;74236;506835.46;1114993.63;2013-12-04T00:00:00
8205868;599701;Odry;;;;;56537;Louèky;;;è.p.;127;;;74236;506426.23;1115631.16;2013-12-04T00:00:00
8205876;599701;Odry;;;;;56537;Louèky;;;è.p.;128;;;74236;506910.65;1114975.80;2013-12-04T00:00:00
8205884;599701;Odry;;;;;56537;Louèky;;;è.p.;129;;;74236;506741.22;1115257.06;2013-12-04T00:00:00
8205892;599701;Odry;;;;;56537;Louèky;;;è.p.;130;;;74236;507082.43;1114897.95;2013-12-04T00:00:00
8205906;599701;Odry;;;;;56537;Louèky;;;è.p.;131;;;74236;507007.14;1114565.92;2013-12-04T00:00:00
8205914;599701;Odry;;;;;56537;Louèky;;;è.p.;132;;;74236;506979.88;1114630.16;2013-12-04T00:00:00
8205922;599701;Odry;;;;;56537;Louèky;;;è.p.;133;;;74236;506904.36;1114710.56;2013-12-04T00:00:00
8205931;599701;Odry;;;;;56537;Louèky;;;è.p.;134;;;74236;506918.04;1114728.44;2013-12-04T00:00:00
8205949;599701;Odry;;;;;56537;Louèky;;;è.p.;135;;;74236;506949.10;1114721.60;2013-12-04T00:00:00
8205957;599701;Odry;;;;;56537;Louèky;;;è.p.;136;;;74236;506935.28;1114792.91;2013-12-04T00:00:00
8205965;599701;Odry;;;;;56537;Louèky;;;è.p.;137;;;74236;506976.72;1114810.26;2013-12-04T00:00:00
8205973;599701;Odry;;;;;56537;Louèky;;;è.p.;138;;;74236;506891.48;1114777.83;2013-12-04T00:00:00
8205981;599701;Odry;;;;;56537;Louèky;;;è.p.;139;;;74236;506888.56;1114794.98;2013-12-04T00:00:00
8205990;599701;Odry;;;;;56537;Louèky;;;è.p.;140;;;74236;506938.48;1114811.97;2013-12-04T00:00:00
8206007;599701;Odry;;;;;56537;Louèky;;;è.p.;141;;;74236;506908.51;1114851.41;2013-12-04T00:00:00
8206015;599701;Odry;;;;;56537;Louèky;;;è.p.;142;;;74236;507062.69;1114876.37;2013-12-04T00:00:00
8206023;599701;Odry;;;;;56537;Louèky;;;è.p.;143;;;74236;506922.70;1114901.67;2013-12-04T00:00:00
8206031;599701;Odry;;;;;56537;Louèky;;;è.p.;144;;;74236;506910.54;1114932.67;2013-12-04T00:00:00
8206040;599701;Odry;;;;;56537;Louèky;;;è.p.;145;;;74236;506990.90;1114986.95;2013-12-04T00:00:00
8206058;599701;Odry;;;;;56537;Louèky;;;è.p.;146;;;74236;506853.17;1114973.74;2013-12-04T00:00:00
8206066;599701;Odry;;;;;56537;Louèky;;;è.p.;147;;;74236;506859.31;1114942.09;2013-12-04T00:00:00
8206074;599701;Odry;;;;;56537;Louèky;;;è.p.;148;;;74236;506859.36;1115012.36;2013-12-04T00:00:00
8206082;599701;Odry;;;;;56537;Louèky;;;è.p.;149;;;74236;506833.86;1115018.66;2013-12-04T00:00:00
8206091;599701;Odry;;;;;56537;Louèky;;;è.p.;150;;;74236;506816.23;1115021.74;2013-12-04T00:00:00
8206104;599701;Odry;;;;;56537;Louèky;;;è.p.;151;;;74236;506864.27;1115043.46;2013-12-04T00:00:00
8206112;599701;Odry;;;;;56537;Louèky;;;è.p.;152;;;74236;506845.52;1115084.08;2013-12-04T00:00:00
8206121;599701;Odry;;;;;56537;Louèky;;;è.p.;153;;;74236;506808.85;1115051.75;2013-12-04T00:00:00
8206139;599701;Odry;;;;;56537;Louèky;;;è.p.;154;;;74236;506746.43;1115076.90;2013-12-04T00:00:00
8206147;599701;Odry;;;;;56537;Louèky;;;è.p.;155;;;74236;506729.84;1115077.08;2013-12-04T00:00:00
8206155;599701;Odry;;;;;56537;Louèky;;;è.p.;156;;;74236;506764.68;1115159.94;2013-12-04T00:00:00
8206163;599701;Odry;;;;;56537;Louèky;;;è.p.;157;;;74236;506793.91;1115173.70;2013-12-04T00:00:00
8206171;599701;Odry;;;;;56537;Louèky;;;è.p.;158;;;74236;506724.88;1115262.23;2013-12-04T00:00:00
8206180;599701;Odry;;;;;56537;Louèky;;;è.p.;159;;;74236;506678.56;1115365.17;2013-12-04T00:00:00
8206198;599701;Odry;;;;;56537;Louèky;;;è.p.;160;;;74236;506647.35;1115346.80;2013-12-04T00:00:00
8206201;599701;Odry;;;;;56537;Louèky;;;è.p.;161;;;74236;506595.45;1115438.74;2013-12-04T00:00:00
8206210;599701;Odry;;;;;56537;Louèky;;;è.p.;162;;;74236;506582.38;1115471.62;2013-12-04T00:00:00
8206228;599701;Odry;;;;;56537;Louèky;;;è.p.;163;;;74236;506566.13;1115524.74;2013-12-04T00:00:00
8206236;599701;Odry;;;;;56537;Louèky;;;è.p.;164;;;74236;506767.12;1115212.47;2013-12-04T00:00:00
8206244;599701;Odry;;;;;56537;Louèky;;;è.p.;165;;;74236;506525.54;1115539.39;2013-12-04T00:00:00
8206252;599701;Odry;;;;;56537;Louèky;;;è.p.;166;;;74236;506484.00;1115593.36;2013-12-04T00:00:00
8206261;599701;Odry;;;;;56537;Louèky;;;è.p.;167;;;74236;506384.73;1115655.16;2013-12-04T00:00:00
8206279;599701;Odry;;;;;56537;Louèky;;;è.p.;168;;;74236;506350.44;1115673.73;2013-12-04T00:00:00
8206287;599701;Odry;;;;;56537;Louèky;;;è.p.;169;;;74236;506310.85;1115652.24;2013-12-04T00:00:00
8206295;599701;Odry;;;;;56537;Louèky;;;è.p.;170;;;74236;506083.03;1115886.68;2013-12-04T00:00:00
8206309;599701;Odry;;;;;56537;Louèky;;;è.p.;171;;;74236;506287.01;1115709.49;2013-12-04T00:00:00
8206317;599701;Odry;;;;;56537;Louèky;;;è.p.;172;;;74236;506223.30;1115654.08;2013-12-04T00:00:00
8206325;599701;Odry;;;;;56537;Louèky;;;è.p.;173;;;74236;506215.68;1115677.16;2013-12-04T00:00:00
8206333;599701;Odry;;;;;56537;Louèky;;;è.p.;174;;;74236;506209.19;1115741.93;2013-12-04T00:00:00
8206341;599701;Odry;;;;;56537;Louèky;;;è.p.;175;;;74236;506471.38;1115982.43;2013-12-04T00:00:00
8206368;599701;Odry;;;;;56537;Louèky;;;è.p.;177;;;74236;506124.77;1115705.41;2013-12-04T00:00:00
8206376;599701;Odry;;;;;56537;Louèky;;;è.p.;178;;;74236;506144.74;1115695.39;2013-12-04T00:00:00
8206384;599701;Odry;;;;;56537;Louèky;;;è.p.;179;;;74236;506114.69;1115687.50;2013-12-04T00:00:00
8206392;599701;Odry;;;;;56537;Louèky;;;è.p.;180;;;74236;506104.46;1115731.01;2013-12-04T00:00:00
8206406;599701;Odry;;;;;56537;Louèky;;;è.p.;181;;;74236;506096.80;1115767.11;2013-12-04T00:00:00
8206414;599701;Odry;;;;;56537;Louèky;;;è.p.;182;;;74236;506086.36;1115791.96;2013-12-04T00:00:00
8206422;599701;Odry;;;;;56537;Louèky;;;è.p.;183;;;74236;506065.34;1115814.90;2013-12-04T00:00:00
8206431;599701;Odry;;;;;56537;Louèky;;;è.p.;184;;;74236;506131.70;1115835.89;2016-11-02T00:00:00
8206457;599701;Odry;;;;;56537;Louèky;;;è.p.;186;;;74236;506109.42;1115854.23;2013-12-04T00:00:00
8206465;599701;Odry;;;;;56537;Louèky;;;è.p.;187;;;74236;506007.54;1115995.60;2013-12-04T00:00:00
8206473;599701;Odry;;;;;56537;Louèky;;;è.p.;188;;;74236;506042.27;1115894.75;2013-12-04T00:00:00
8206481;599701;Odry;;;;;56537;Louèky;;;è.p.;189;;;74236;506033.63;1115923.33;2013-12-04T00:00:00
8206490;599701;Odry;;;;;56537;Louèky;;;è.p.;190;;;74236;506079.96;1115932.19;2013-12-04T00:00:00
8206503;599701;Odry;;;;;56537;Louèky;;;è.p.;191;;;74236;506076.54;1116040.38;2013-12-04T00:00:00
8206511;599701;Odry;;;;;56537;Louèky;;;è.p.;192;;;74236;506058.48;1115639.20;2013-12-04T00:00:00
8206520;599701;Odry;;;;;56537;Louèky;;;è.p.;193;;;74236;506632.47;1115155.59;2013-12-04T00:00:00
8206538;599701;Odry;;;;;56537;Louèky;;;è.p.;194;;;74236;505966.66;1116032.44;2013-12-04T00:00:00
8206546;599701;Odry;;;;;56537;Louèky;;;è.p.;195;;;74236;505941.78;1116034.82;2013-12-04T00:00:00
8206554;599701;Odry;;;;;56537;Louèky;;;è.p.;196;;;74236;505918.61;1116041.43;2013-12-04T00:00:00
8206562;599701;Odry;;;;;56537;Louèky;;;è.p.;197;;;74236;505902.98;1116056.08;2013-12-04T00:00:00
8206571;599701;Odry;;;;;56537;Louèky;;;è.p.;198;;;74236;505842.02;1116074.01;2013-12-04T00:00:00
8206589;599701;Odry;;;;;56537;Louèky;;;è.p.;199;;;74236;505832.75;1116091.14;2013-12-04T00:00:00
8206601;599701;Odry;;;;;56537;Louèky;;;è.p.;201;;;74236;505819.56;1116147.58;2013-12-04T00:00:00
8206619;599701;Odry;;;;;56537;Louèky;;;è.p.;202;;;74236;505762.00;1116095.95;2013-12-04T00:00:00
8206627;599701;Odry;;;;;56537;Louèky;;;è.p.;203;;;74236;505773.10;1116173.03;2013-12-04T00:00:00
8206635;599701;Odry;;;;;56537;Louèky;;;è.p.;204;;;74236;505776.95;1116207.83;2013-12-04T00:00:00
8206643;599701;Odry;;;;;56537;Louèky;;;è.p.;205;;;74236;505743.42;1116376.50;2013-12-04T00:00:00
8206651;599701;Odry;;;;;56537;Louèky;;;è.p.;206;;;74236;505625.36;1116460.19;2013-12-04T00:00:00
8206660;599701;Odry;;;;;56537;Louèky;;;è.p.;207;;;74236;505988.85;1115722.54;2013-12-04T00:00:00
8206678;599701;Odry;;;;;56537;Louèky;;;è.p.;208;;;74236;505972.44;1115807.38;2013-12-04T00:00:00
8206686;599701;Odry;;;;;56537;Louèky;;;è.p.;209;;;74236;506021.89;1115703.79;2013-12-04T00:00:00
8206694;599701;Odry;;;;;56537;Louèky;;;è.p.;210;;;74236;505984.84;1115694.92;2013-12-04T00:00:00
8206708;599701;Odry;;;;;56537;Louèky;;;è.p.;211;;;74236;506039.58;1115671.97;2013-12-04T00:00:00
8206716;599701;Odry;;;;;56537;Louèky;;;è.p.;212;;;74236;506110.75;1115612.52;2013-12-04T00:00:00
8206724;599701;Odry;;;;;56537;Louèky;;;è.p.;213;;;74236;506136.06;1115593.64;2013-12-04T00:00:00
8206732;599701;Odry;;;;;56537;Louèky;;;è.p.;214;;;74236;506200.07;1115557.61;2024-11-14T00:00:00
8206741;599701;Odry;;;;;56537;Louèky;;;è.p.;215;;;74236;506313.24;1115440.59;2013-12-04T00:00:00
8206759;599701;Odry;;;;;56537;Louèky;;;è.p.;216;;;74236;506341.60;1115436.05;2013-12-04T00:00:00
8206767;599701;Odry;;;;;56537;Louèky;;;è.p.;217;;;74236;506397.60;1115446.14;2013-12-04T00:00:00
8206775;599701;Odry;;;;;56537;Louèky;;;è.p.;218;;;74236;506411.99;1115447.18;2013-12-04T00:00:00
8206783;599701;Odry;;;;;56537;Louèky;;;è.p.;219;;;74236;506432.48;1115448.21;2013-12-04T00:00:00
8206791;599701;Odry;;;;;56537;Louèky;;;è.p.;220;;;74236;506291.60;1115399.83;2013-12-04T00:00:00
8206813;599701;Odry;;;;;56537;Louèky;;;è.p.;222;;;74236;506385.98;1115381.28;2013-12-04T00:00:00
8206821;599701;Odry;;;;;56537;Louèky;;;è.p.;223;;;74236;506101.05;1115776.44;2013-12-04T00:00:00
8206830;599701;Odry;;;;;56537;Louèky;;;è.p.;224;;;74236;506422.83;1115391.91;2013-12-04T00:00:00
8206848;599701;Odry;;;;;56537;Louèky;;;è.p.;225;;;74236;506456.97;1115415.42;2013-12-04T00:00:00
8206856;599701;Odry;;;;;56537;Louèky;;;è.p.;226;;;74236;506493.37;1115420.74;2013-12-04T00:00:00
8206864;599701;Odry;;;;;56537;Louèky;;;è.p.;227;;;74236;506498.25;1115408.11;2013-12-04T00:00:00
8206872;599701;Odry;;;;;56537;Louèky;;;è.p.;228;;;74236;506525.73;1115393.09;2013-12-04T00:00:00
8206881;599701;Odry;;;;;56537;Louèky;;;è.p.;229;;;74236;506542.34;1115352.14;2020-11-26T00:00:00
8206899;599701;Odry;;;;;56537;Louèky;;;è.p.;230;;;74236;506550.34;1115332.39;2013-12-04T00:00:00
8206902;599701;Odry;;;;;56537;Louèky;;;è.p.;231;;;74236;506556.43;1115274.64;2013-12-04T00:00:00
8206911;599701;Odry;;;;;56537;Louèky;;;è.p.;232;;;74236;506566.11;1115254.25;2013-12-04T00:00:00
8206929;599701;Odry;;;;;56537;Louèky;;;è.p.;233;;;74236;506616.39;1115218.40;2013-12-04T00:00:00
8206937;599701;Odry;;;;;56537;Louèky;;;è.p.;234;;;74236;506570.50;1115171.97;2013-12-04T00:00:00
8206945;599701;Odry;;;;;56537;Louèky;;;è.p.;235;;;74236;506584.25;1115153.64;2013-12-04T00:00:00
8206953;599701;Odry;;;;;56537;Louèky;;;è.p.;236;;;74236;506620.09;1115059.14;2013-12-04T00:00:00
8206961;599701;Odry;;;;;56537;Louèky;;;è.p.;237;;;74236;506645.97;1115061.21;2013-12-04T00:00:00
8206970;599701;Odry;;;;;56537;Louèky;;;è.p.;238;;;74236;505980.30;1115231.35;2013-12-04T00:00:00
8206988;599701;Odry;;;;;56537;Louèky;;;è.p.;239;;;74236;505903.92;1115250.22;2013-12-04T00:00:00
8206996;599701;Odry;;;;;56537;Louèky;;;è.p.;240;;;74236;505915.36;1115265.37;2013-12-04T00:00:00
8207003;599701;Odry;;;;;56537;Louèky;;;è.p.;241;;;74236;505931.90;1115279.64;2013-12-04T00:00:00
8207011;599701;Odry;;;;;56537;Louèky;;;è.p.;242;;;74236;505912.76;1115292.94;2013-12-04T00:00:00
8207020;599701;Odry;;;;;56537;Louèky;;;è.p.;243;;;74236;505897.02;1115271.68;2013-12-04T00:00:00
8207038;599701;Odry;;;;;56537;Louèky;;;è.p.;244;;;74236;505879.16;1115250.67;2013-12-04T00:00:00
8207046;599701;Odry;;;;;56537;Louèky;;;è.p.;245;;;74236;505849.07;1115171.43;2013-12-04T00:00:00
8207054;599701;Odry;;;;;56537;Louèky;;;è.p.;246;;;74236;505898.65;1115159.02;2013-12-04T00:00:00
8207062;599701;Odry;;;;;56537;Louèky;;;è.p.;247;;;74236;505943.48;1115191.70;2013-12-04T00:00:00
8207071;599701;Odry;;;;;56537;Louèky;;;è.p.;248;;;74236;505401.05;1114980.80;2013-12-04T00:00:00
8207089;599701;Odry;;;;;56537;Louèky;;;è.p.;249;;;74236;505819.33;1115235.60;2013-12-04T00:00:00
8207097;599701;Odry;;;;;56537;Louèky;;;è.p.;250;;;74236;505450.84;1115003.00;2013-12-04T00:00:00
8207101;599701;Odry;;;;;56537;Louèky;;;è.p.;251;;;74236;506906.54;1114955.94;2013-12-04T00:00:00
8207119;599701;Odry;;;;;56537;Louèky;;;è.p.;252;;;74236;506983.11;1114687.64;2013-12-04T00:00:00
8207127;599701;Odry;;;;;56537;Louèky;;;è.p.;253;;;74236;506551.47;1115294.68;2013-12-04T00:00:00
8207135;599701;Odry;;;;;56537;Louèky;;;è.p.;254;;;74236;506463.88;1115399.10;2013-12-04T00:00:00
8207143;599701;Odry;;;;;56537;Louèky;;;è.p.;255;;;74236;506452.36;1115463.82;2013-12-04T00:00:00
8207151;599701;Odry;;;;;56537;Louèky;;;è.p.;256;;;74236;506977.71;1114886.53;2013-12-04T00:00:00
8207160;599701;Odry;;;;;56537;Louèky;;;è.p.;257;;;74236;506960.61;1114876.22;2013-12-04T00:00:00
8207178;599701;Odry;;;;;56537;Louèky;;;è.p.;258;;;74236;505462.81;1115009.31;2013-12-04T00:00:00
8207186;599701;Odry;;;;;56537;Louèky;;;è.p.;259;;;74236;505775.16;1115199.61;2013-12-04T00:00:00
8207194;599701;Odry;;;;;56537;Louèky;;;è.p.;260;;;74236;506106.15;1115981.25;2013-12-04T00:00:00
8207208;599701;Odry;;;;;56537;Louèky;;;è.p.;261;;;74236;506112.62;1115974.91;2013-12-04T00:00:00
8207216;599701;Odry;;;;;56537;Louèky;;;è.p.;262;;;74236;506095.49;1115913.07;2013-12-04T00:00:00
8207224;599701;Odry;;;;;56537;Louèky;;;è.p.;263;;;74236;505847.98;1116171.08;2013-12-04T00:00:00
8207232;599701;Odry;;;;;56537;Louèky;;;è.p.;264;;;74236;505854.03;1116163.21;2013-12-04T00:00:00
8207241;599701;Odry;;;;;56537;Louèky;;;è.p.;265;;;74236;506323.00;1115779.88;2013-12-04T00:00:00
8207259;599701;Odry;;;;;56537;Louèky;;;è.p.;266;;;74236;506037.45;1115682.12;2013-12-04T00:00:00
8207267;599701;Odry;;;;;56537;Louèky;;;è.p.;267;;;74236;506548.03;1115533.85;2013-12-04T00:00:00
8207275;599701;Odry;;;;;56537;Louèky;;;è.p.;268;;;74236;506376.27;1115474.76;2013-12-04T00:00:00
8207283;599701;Odry;;;;;56537;Louèky;;;è.p.;269;;;74236;506263.74;1115353.37;2013-12-04T00:00:00
8207291;599701;Odry;;;;;56537;Louèky;;;è.ev.;1;;;74236;506698.58;1114202.49;2013-12-04T00:00:00
8207305;599701;Odry;;;;;56537;Louèky;;;è.ev.;2;;;74236;506676.13;1114241.03;2013-12-04T00:00:00
8207313;599701;Odry;;;;;56537;Louèky;;;è.ev.;3;;;74236;506659.76;1114252.87;2013-12-04T00:00:00
8207321;599701;Odry;;;;;56537;Louèky;;;è.ev.;4;;;74236;506647.16;1114264.55;2013-12-04T00:00:00
8207330;599701;Odry;;;;;56537;Louèky;;;è.ev.;5;;;74236;506625.98;1114279.26;2013-12-04T00:00:00
8207348;599701;Odry;;;;;56537;Louèky;;;è.ev.;6;;;74236;506610.96;1114291.28;2013-12-04T00:00:00
8207356;599701;Odry;;;;;56537;Louèky;;;è.ev.;7;;;74236;506710.77;1114105.95;2013-12-04T00:00:00
8207364;599701;Odry;;;;;56537;Louèky;;;è.ev.;8;;;74236;506697.81;1114123.49;2013-12-04T00:00:00
8207372;599701;Odry;;;;;56537;Louèky;;;è.ev.;9;;;74236;506688.67;1114135.59;2013-12-04T00:00:00
8207381;599701;Odry;;;;;56537;Louèky;;;è.ev.;10;;;74236;506679.02;1114146.55;2013-12-04T00:00:00
8207399;599701;Odry;;;;;56537;Louèky;;;è.ev.;11;;;74236;506670.61;1114154.77;2013-12-04T00:00:00
8207402;599701;Odry;;;;;56537;Louèky;;;è.ev.;12;;;74236;506656.21;1114160.71;2013-12-04T00:00:00
8207411;599701;Odry;;;;;56537;Louèky;;;è.ev.;13;;;74236;506635.70;1114166.13;2013-12-04T00:00:00
8207429;599701;Odry;;;;;56537;Louèky;;;è.ev.;14;;;74236;506615.40;1114181.45;2013-12-04T00:00:00
8207437;599701;Odry;;;;;56537;Louèky;;;è.ev.;15;;;74236;506606.98;1114199.62;2013-12-04T00:00:00
8207445;599701;Odry;;;;;56537;Louèky;;;è.ev.;16;;;74236;506594.65;1114217.02;2013-12-04T00:00:00
8207453;599701;Odry;;;;;56537;Louèky;;;è.ev.;17;;;74236;506610.71;1114244.57;2013-12-04T00:00:00
8207461;599701;Odry;;;;;56537;Louèky;;;è.ev.;18;;;74236;506601.14;1114261.08;2013-12-04T00:00:00
8207470;599701;Odry;;;;;56537;Louèky;;;è.ev.;19;;;74236;506594.40;1114285.36;2013-12-04T00:00:00
8207488;599701;Odry;;;;;56537;Louèky;;;è.ev.;20;;;74236;506617.65;1114226.77;2013-12-04T00:00:00
8207496;599701;Odry;;;;;56537;Louèky;;;è.ev.;21;;;74236;506745.92;1114117.62;2013-12-04T00:00:00
8207500;599701;Odry;;;;;56537;Louèky;;;è.ev.;22;;;74236;506735.92;1114130.74;2013-12-04T00:00:00
8207518;599701;Odry;;;;;56537;Louèky;;;è.ev.;23;;;74236;506752.48;1114138.55;2013-12-04T00:00:00
8207526;599701;Odry;;;;;56537;Louèky;;;è.ev.;24;;;74236;506761.14;1114149.80;2013-12-04T00:00:00
8207534;599701;Odry;;;;;56537;Louèky;;;è.ev.;25;;;74236;506631.69;1114210.91;2013-12-04T00:00:00
8207542;599701;Odry;;;;;56537;Louèky;;;è.p.;112;;;74236;506747.56;1115191.07;2017-05-24T00:00:00
8207551;599701;Odry;;;;;56537;Louèky;;;è.ev.;28;;;74236;506317.38;1115698.99;2013-12-04T00:00:00
8207577;599701;Odry;;;;;56537;Louèky;;;è.ev.;30;;;74236;505482.32;1116605.18;2013-12-04T00:00:00
8217572;599701;Odry;;;;;62685;Kamenka;;;è.p.;2;;;74235;506628.80;1109791.06;2014-11-20T00:00:00
8217581;599701;Odry;;;;;62685;Kamenka;;;è.p.;5;;;74235;506666.32;1109657.26;2013-12-04T00:00:00
8217602;599701;Odry;;;;;62685;Kamenka;;;è.p.;8;;;74235;506542.19;1109624.89;2013-12-04T00:00:00
8217611;599701;Odry;;;;;62685;Kamenka;;;è.p.;9;;;74235;506593.02;1109595.38;2013-12-04T00:00:00
8217629;599701;Odry;;;;;62685;Kamenka;;;è.p.;10;;;74235;506545.87;1109574.18;2013-12-04T00:00:00
8217637;599701;Odry;;;;;62685;Kamenka;;;è.p.;11;;;74235;506630.33;1109691.70;2013-12-04T00:00:00
8217645;599701;Odry;;;;;62685;Kamenka;;;è.p.;12;;;74235;506596.88;1109526.50;2013-12-04T00:00:00
8217653;599701;Odry;;;;;62685;Kamenka;;;è.p.;13;;;74235;506557.19;1109495.71;2013-12-04T00:00:00
8217661;599701;Odry;;;;;62685;Kamenka;;;è.p.;14;;;74235;506566.98;1109460.93;2013-12-04T00:00:00
8217670;599701;Odry;;;;;62685;Kamenka;;;è.p.;15;;;74235;506536.94;1109424.23;2013-12-04T00:00:00
8217688;599701;Odry;;;;;62685;Kamenka;;;è.p.;16;;;74235;506518.49;1109338.97;2013-12-04T00:00:00
8217696;599701;Odry;;;;;62685;Kamenka;;;è.p.;17;;;74235;506499.14;1109304.80;2016-11-08T00:00:00
8217700;599701;Odry;;;;;62685;Kamenka;;;è.p.;18;;;74235;506477.37;1109252.96;2013-12-04T00:00:00
8217726;599701;Odry;;;;;62685;Kamenka;;;è.p.;21;;;74235;506464.59;1109176.63;2013-12-04T00:00:00
8217734;599701;Odry;;;;;62685;Kamenka;;;è.p.;24;;;74235;506455.92;1109127.70;2013-12-04T00:00:00
8217742;599701;Odry;;;;;62685;Kamenka;;;è.p.;25;;;74235;506492.59;1109106.64;2013-12-04T00:00:00
8217751;599701;Odry;;;;;62685;Kamenka;;;è.p.;28;;;74235;506396.54;1109098.26;2013-12-04T00:00:00
8217769;599701;Odry;;;;;62685;Kamenka;;;è.p.;29;;;74235;506411.91;1109020.84;2013-12-04T00:00:00
8217777;599701;Odry;;;;;62685;Kamenka;;;è.p.;31;;;74235;506399.89;1109147.48;2013-12-04T00:00:00
8217785;599701;Odry;;;;;62685;Kamenka;;;è.p.;33;;;74235;506382.00;1109141.89;2013-12-04T00:00:00
8217793;599701;Odry;;;;;62685;Kamenka;;;è.p.;35;;;74235;506418.38;1109382.72;2013-12-04T00:00:00
8217807;599701;Odry;;;;;62685;Kamenka;;;è.p.;36;;;74235;506399.54;1109211.06;2013-12-04T00:00:00
8217815;599701;Odry;;;;;62685;Kamenka;;;è.p.;37;;;74235;506425.46;1110006.19;2016-04-07T00:00:00
8217823;599701;Odry;;;;;62685;Kamenka;;;è.p.;38;;;74235;506388.38;1109283.55;2013-12-04T00:00:00
8217831;599701;Odry;;;;;62685;Kamenka;;;è.p.;39;;;74235;506400.28;1109324.70;2013-12-04T00:00:00
8217840;599701;Odry;;;;;62685;Kamenka;;;è.p.;40;;;74235;506374.97;1109362.07;2013-12-04T00:00:00
8217858;599701;Odry;;;;;62685;Kamenka;;;è.p.;41;;;74235;506398.37;1109410.14;2013-12-04T00:00:00
8217866;599701;Odry;;;;;62685;Kamenka;;;è.p.;42;;;74235;506427.61;1109451.15;2013-12-04T00:00:00
8217874;599701;Odry;;;;;62685;Kamenka;;;è.p.;43;;;74235;506417.30;1109528.00;2013-12-04T00:00:00
8217882;599701;Odry;;;;;62685;Kamenka;;;è.p.;44;;;74235;506458.30;1109613.26;2013-12-04T00:00:00
8217891;599701;Odry;;;;;62685;Kamenka;;;è.p.;45;;;74235;506432.90;1110327.23;2013-12-04T00:00:00
8217921;599701;Odry;;;;;62685;Kamenka;;;è.p.;49;;;74235;506549.95;1109848.84;2013-12-04T00:00:00
8217939;599701;Odry;;;;;62685;Kamenka;;;è.p.;50;;;74235;506463.42;1109895.24;2013-12-04T00:00:00
8217947;599701;Odry;;;;;62685;Kamenka;;;è.p.;52;;;74235;506494.05;1110000.73;2013-12-04T00:00:00
8217955;599701;Odry;;;;;62685;Kamenka;;;è.p.;60;;;74235;506652.34;1109991.25;2013-12-04T00:00:00
8217963;599701;Odry;;;;;62685;Kamenka;;;è.p.;61;;;74235;506663.93;1109937.61;2013-12-04T00:00:00
8217971;599701;Odry;;;;;62685;Kamenka;;;è.p.;62;;;74235;506627.89;1109875.59;2013-12-04T00:00:00
8217980;599701;Odry;;;;;62685;Kamenka;;;è.p.;63;;;74235;509148.41;1110368.81;2013-12-04T00:00:00
8217998;599701;Odry;;;;;62685;Kamenka;;;è.p.;64;;;74235;506505.52;1109829.52;2013-12-04T00:00:00
8218005;599701;Odry;;;;;62685;Kamenka;;;è.p.;66;;;74235;506577.81;1109928.54;2013-12-04T00:00:00
8218013;599701;Odry;;;;;62685;Kamenka;;;è.p.;68;;;74235;506620.05;1109749.25;2013-12-04T00:00:00
8218021;599701;Odry;;;;;62685;Kamenka;;;è.p.;69;;;74235;506529.75;1109871.26;2013-12-04T00:00:00
8218030;599701;Odry;;;;;62685;Kamenka;;;è.p.;70;;;74235;506489.10;1109409.38;2013-12-04T00:00:00
8218048;599701;Odry;;;;;62685;Kamenka;;;è.p.;74;;;74235;506371.85;1110158.27;2013-12-04T00:00:00
8218064;599701;Odry;;;;;62685;Kamenka;;;è.p.;76;;;74235;506456.18;1110263.75;2013-12-04T00:00:00
8218072;599701;Odry;;;;;62685;Kamenka;;;è.p.;77;;;74235;506470.83;1109353.30;2013-12-04T00:00:00
8218099;599701;Odry;;;;;62685;Kamenka;;;è.p.;80;;;74235;506362.43;1110206.08;2013-12-04T00:00:00
8218102;599701;Odry;;;;;62685;Kamenka;;;è.p.;82;;;74235;506346.44;1109217.30;2013-12-04T00:00:00
8218111;599701;Odry;;;;;62685;Kamenka;;;è.p.;83;;;74235;506408.41;1109006.60;2013-12-04T00:00:00
8218129;599701;Odry;;;;;62685;Kamenka;;;è.p.;85;;;74235;508370.23;1109109.87;2013-12-04T00:00:00
8218137;599701;Odry;;;;;62685;Kamenka;;;è.p.;86;;;74235;506532.44;1109548.05;2013-12-04T00:00:00
8218145;599701;Odry;;;;;62685;Kamenka;;;è.p.;87;;;74235;506588.42;1109704.83;2013-12-04T00:00:00
8218153;599701;Odry;;;;;62685;Kamenka;;;è.p.;88;;;74235;506598.32;1109736.48;2013-12-04T00:00:00
8218161;599701;Odry;;;;;62685;Kamenka;;;è.p.;89;;;74235;506559.07;1109999.72;2013-12-04T00:00:00
8218170;599701;Odry;;;;;62685;Kamenka;;;è.p.;90;;;74235;506538.28;1109961.57;2013-12-04T00:00:00
8218188;599701;Odry;;;;;62685;Kamenka;;;è.p.;94;;;74235;506392.86;1110391.98;2013-12-04T00:00:00
8218196;599701;Odry;;;;;62685;Kamenka;;;è.p.;95;;;74235;506383.75;1109072.63;2013-12-04T00:00:00
8218200;599701;Odry;;;;;62685;Kamenka;;;è.p.;97;;;74235;506348.44;1110157.06;2013-12-04T00:00:00
8218218;599701;Odry;;;;;62685;Kamenka;;;è.p.;98;;;74235;506382.16;1110144.13;2013-12-04T00:00:00
8218226;599701;Odry;;;;;62685;Kamenka;;;è.p.;99;;;74235;506638.54;1110011.90;2013-12-04T00:00:00
8218234;599701;Odry;;;;;62685;Kamenka;;;è.p.;100;;;74235;506655.44;1109970.82;2013-12-04T00:00:00
8218242;599701;Odry;;;;;62685;Kamenka;;;è.p.;101;;;74235;506619.18;1109895.31;2013-12-04T00:00:00
8218269;599701;Odry;;;;;62685;Kamenka;;;è.p.;103;;;74235;506623.28;1109605.29;2013-12-04T00:00:00
8218277;599701;Odry;;;;;62685;Kamenka;;;è.p.;104;;;74235;506602.85;1109550.25;2013-12-04T00:00:00
8218285;599701;Odry;;;;;62685;Kamenka;;;è.p.;105;;;74235;506558.07;1109513.46;2013-12-04T00:00:00
8218307;599701;Odry;;;;;62685;Kamenka;;;è.p.;107;;;74235;506514.53;1109363.67;2013-12-04T00:00:00
8218323;599701;Odry;;;;;62685;Kamenka;;;è.p.;109;;;74235;506486.44;1109276.46;2013-12-04T00:00:00
8218340;599701;Odry;;;;;62685;Kamenka;;;è.p.;111;;;74235;506440.09;1109478.75;2013-12-04T00:00:00
8218358;599701;Odry;;;;;62685;Kamenka;;;è.p.;112;;;74235;506419.80;1109561.08;2013-12-04T00:00:00
8218366;599701;Odry;;;;;62685;Kamenka;;;è.p.;113;;;74235;506462.99;1109633.29;2013-12-04T00:00:00
8218374;599701;Odry;;;;;62685;Kamenka;;;è.p.;114;;;74235;506492.55;1109698.00;2013-12-04T00:00:00
8218382;599701;Odry;;;;;62685;Kamenka;;;è.p.;115;;;74235;506513.39;1109787.59;2013-12-04T00:00:00
8218404;599701;Odry;;;;;62685;Kamenka;;;è.p.;118;;;74235;506390.60;1110401.69;2013-12-04T00:00:00
8218412;599701;Odry;;;;;62685;Kamenka;;;è.p.;121;;;74235;506414.73;1109183.14;2025-08-18T00:00:00
8218421;599701;Odry;;;;;62685;Kamenka;;;è.p.;47;;;74235;506516.32;1109734.30;2013-12-04T00:00:00
8218439;599701;Odry;;;;;62685;Kamenka;;;è.ev.;5;;;74235;506457.46;1109201.60;2013-12-04T00:00:00
8218455;599701;Odry;;;;;62685;Kamenka;;;è.ev.;8;;;74235;506535.93;1109180.31;2013-12-04T00:00:00
8218463;599701;Odry;;;;;62685;Kamenka;;;è.ev.;10;;;74235;506320.17;1109086.82;2024-03-14T00:00:00
8218471;599701;Odry;;;;;62685;Kamenka;;;è.ev.;11;;;74235;506509.30;1109764.46;2013-12-04T00:00:00
8218480;599701;Odry;;;;;62685;Kamenka;;;è.ev.;12;;;74235;506423.76;1109214.66;2013-12-04T00:00:00
8218501;599701;Odry;;;;;62685;Kamenka;;;è.ev.;14;;;74235;506396.83;1109429.59;2013-12-04T00:00:00
8218510;599701;Odry;;;;;62685;Kamenka;;;è.ev.;15;;;74235;506574.20;1109647.86;2013-12-04T00:00:00
8218536;599701;Odry;;;;;62685;Kamenka;;;è.p.;27;;;74235;506425.26;1109056.09;2013-12-04T00:00:00
8269050;599701;Odry;;;;;109151;Veselí;;;è.p.;1;;;74235;506814.62;1120159.12;2013-12-04T00:00:00
8269068;599701;Odry;;;;;109151;Veselí;;;è.p.;2;;;74235;506831.38;1120123.88;2013-12-04T00:00:00
8269076;599701;Odry;;;;;109151;Veselí;;;è.p.;3;;;74235;506770.59;1120058.46;2013-12-04T00:00:00
8269084;599701;Odry;;;;;109151;Veselí;;;è.p.;4;;;74235;506766.74;1120031.94;2013-12-04T00:00:00
8269092;599701;Odry;;;;;109151;Veselí;;;è.p.;6;;;74235;506754.50;1119683.27;2013-12-04T00:00:00
8269106;599701;Odry;;;;;109151;Veselí;;;è.p.;9;;;74235;506708.26;1119810.38;2013-12-04T00:00:00
8269114;599701;Odry;;;;;109151;Veselí;;;è.p.;10;;;74235;506701.76;1119839.96;2013-12-04T00:00:00
8269122;599701;Odry;;;;;109151;Veselí;;;è.p.;11;;;74235;506537.33;1119778.69;2013-12-04T00:00:00
8269131;599701;Odry;;;;;109151;Veselí;;;è.p.;13;;;74235;506668.46;1119888.50;2013-12-04T00:00:00
8269149;599701;Odry;;;;;109151;Veselí;;;è.p.;14;;;74235;506680.70;1119875.26;2013-12-04T00:00:00
8269157;599701;Odry;;;;;109151;Veselí;;;è.p.;16;;;74235;506696.10;1119927.63;2013-12-04T00:00:00
8269165;599701;Odry;;;;;109151;Veselí;;;è.p.;19;;;74235;506684.22;1120018.85;2013-12-04T00:00:00
8269173;599701;Odry;;;;;109151;Veselí;;;è.p.;20;;;74235;506725.26;1120055.54;2013-12-04T00:00:00
8269181;599701;Odry;;;;;109151;Veselí;;;è.p.;21;;;74235;506680.99;1120082.03;2013-12-04T00:00:00
8269190;599701;Odry;;;;;109151;Veselí;;;è.p.;22;;;74235;506619.85;1120141.75;2020-09-22T00:00:00
8269203;599701;Odry;;;;;109151;Veselí;;;è.p.;23;;;74235;506682.06;1120102.00;2013-12-04T00:00:00
8269211;599701;Odry;;;;;109151;Veselí;;;è.p.;26;;;74235;506679.40;1120242.12;2013-12-04T00:00:00
8269220;599701;Odry;;;;;109151;Veselí;;;è.p.;28;;;74235;506696.08;1120312.77;2013-12-04T00:00:00
8269238;599701;Odry;;;;;109151;Veselí;;;è.p.;34;;;74235;506777.42;1120463.31;2013-12-04T00:00:00
8269246;599701;Odry;;;;;109151;Veselí;;;è.p.;39;;;74235;506642.26;1120944.10;2013-12-04T00:00:00
8269254;599701;Odry;;;;;109151;Veselí;;;è.p.;40;;;74235;506721.41;1120153.46;2013-12-04T00:00:00
8269262;599701;Odry;;;;;109151;Veselí;;;è.p.;41;;;74235;506722.37;1120163.76;2013-12-04T00:00:00
8269289;599701;Odry;;;;;109151;Veselí;;;è.p.;46;;;74235;506884.69;1120662.44;2013-12-04T00:00:00
8269297;599701;Odry;;;;;109151;Veselí;;;è.p.;47;;;74235;506870.97;1120626.47;2013-12-04T00:00:00
8269301;599701;Odry;;;;;109151;Veselí;;;è.p.;48;;;74235;506869.90;1120572.50;2013-12-04T00:00:00
8269319;599701;Odry;;;;;109151;Veselí;;;è.p.;49;;;74235;506872.36;1120596.67;2013-12-04T00:00:00
8269327;599701;Odry;;;;;109151;Veselí;;;è.p.;50;;;74235;506863.52;1120501.23;2013-12-04T00:00:00
8269335;599701;Odry;;;;;109151;Veselí;;;è.p.;58;;;74235;506843.08;1120314.08;2013-12-04T00:00:00
8269343;599701;Odry;;;;;109151;Veselí;;;è.p.;61;;;74235;506797.22;1120224.88;2013-12-04T00:00:00
8269351;599701;Odry;;;;;109151;Veselí;;;è.p.;62;;;74235;506916.36;1120637.09;2013-12-04T00:00:00
8269360;599701;Odry;;;;;109151;Veselí;;;è.p.;63;;;74235;506936.37;1120629.29;2013-12-04T00:00:00
8269378;599701;Odry;;;;;109151;Veselí;;;è.p.;64;;;74235;506953.73;1120626.36;2013-12-04T00:00:00
8269386;599701;Odry;;;;;109151;Veselí;;;è.p.;65;;;74235;506717.70;1119952.64;2013-12-04T00:00:00
8269394;599701;Odry;;;;;109151;Veselí;;;è.p.;66;;;74235;506759.67;1120081.50;2025-11-07T00:00:00
8269408;599701;Odry;;;;;109151;Veselí;;;è.p.;67;;;74235;506850.73;1120550.01;2013-12-04T00:00:00
8269416;599701;Odry;;;;;109151;Veselí;;;è.p.;68;;;74235;506764.49;1120301.52;2013-12-04T00:00:00
8269424;599701;Odry;;;;;109151;Veselí;;;è.p.;70;;;74235;506652.02;1119853.98;2013-12-04T00:00:00
8269432;599701;Odry;;;;;109151;Veselí;;;è.p.;72;;;74235;506828.59;1120537.01;2013-12-04T00:00:00
8269459;599701;Odry;;;;;109151;Veselí;;;è.p.;76;;;74235;506735.33;1119926.69;2013-12-04T00:00:00
8269467;599701;Odry;;;;;109151;Veselí;;;è.p.;77;;;74235;506611.78;1119821.56;2013-12-04T00:00:00
8269475;599701;Odry;;;;;109151;Veselí;;;è.p.;78;;;74235;506611.05;1119851.46;2013-12-04T00:00:00
8269483;599701;Odry;;;;;109151;Veselí;;;è.p.;80;;;74235;506579.26;1119851.19;2013-12-04T00:00:00
8269491;599701;Odry;;;;;109151;Veselí;;;è.p.;81;;;74235;506575.38;1119822.05;2013-12-04T00:00:00
8269505;599701;Odry;;;;;109151;Veselí;;;è.p.;82;;;74235;506861.47;1120460.20;2013-12-04T00:00:00
8269513;599701;Odry;;;;;109151;Veselí;;;è.ev.;1;;;74235;506689.23;1119903.36;2013-12-04T00:00:00
8269521;599701;Odry;;;;;109151;Veselí;;;è.ev.;2;;;74235;506682.13;1120204.91;2013-12-04T00:00:00
8269530;599701;Odry;;;;;109151;Veselí;;;è.ev.;3;;;74235;506734.14;1120376.00;2013-12-04T00:00:00
8269548;599701;Odry;;;;;109151;Veselí;;;è.ev.;4;;;74235;506767.97;1120328.59;2013-12-04T00:00:00
8269556;599701;Odry;;;;;109151;Veselí;;;è.ev.;5;;;74235;506783.59;1120374.99;2013-12-04T00:00:00
8269564;599701;Odry;;;;;109151;Veselí;;;è.p.;52;;;74235;506821.40;1120463.75;2013-12-04T00:00:00
8269572;599701;Odry;;;;;109151;Veselí;;;è.ev.;7;;;74235;506826.76;1120585.25;2013-12-04T00:00:00
8269581;599701;Odry;;;;;109151;Veselí;;;è.ev.;8;;;74235;506828.00;1120694.31;2013-12-04T00:00:00
8269599;599701;Odry;;;;;109151;Veselí;;;è.p.;86;;;74235;506861.39;1120847.36;2015-06-23T00:00:00
8269602;599701;Odry;;;;;109151;Veselí;;;è.p.;89;;;74235;506749.84;1120405.11;2022-08-10T00:00:00
8269611;599701;Odry;;;;;109151;Veselí;;;è.ev.;11;;;74235;506668.35;1121003.68;2013-12-04T00:00:00
8269629;599701;Odry;;;;;109151;Veselí;;;è.ev.;12;;;74235;506681.38;1120333.25;2013-12-04T00:00:00
8269637;599701;Odry;;;;;109169;Vítovka;;;è.p.;1;;;74235;504579.67;1115145.35;2013-12-04T00:00:00
8269645;599701;Odry;;;;;109169;Vítovka;;;è.p.;2;;;74235;504623.97;1115069.21;2013-12-04T00:00:00
8269653;599701;Odry;;;;;109169;Vítovka;;;è.p.;3;;;74235;504803.47;1114665.05;2013-12-04T00:00:00
8269661;599701;Odry;;;;;109169;Vítovka;;;è.p.;4;;;74235;504652.71;1114843.36;2013-12-04T00:00:00
8269670;599701;Odry;;;;;109169;Vítovka;;;è.p.;5;;;74235;504688.79;1114748.96;2013-12-04T00:00:00
8269688;599701;Odry;;;;;109169;Vítovka;;;è.p.;6;;;74235;504668.30;1114660.91;2013-12-04T00:00:00
8269696;599701;Odry;;;;;109169;Vítovka;;;è.p.;7;;;74235;504696.11;1114586.45;2013-12-04T00:00:00
8269700;599701;Odry;;;;;109169;Vítovka;;;è.p.;8;;;74235;504707.02;1114527.24;2016-04-07T00:00:00
8269718;599701;Odry;;;;;109169;Vítovka;;;è.p.;9;;;74235;504720.87;1114467.41;2013-12-04T00:00:00
8269734;599701;Odry;;;;;109169;Vítovka;;;è.p.;11;;;74235;504789.99;1114590.96;2013-12-04T00:00:00
8269742;599701;Odry;;;;;109169;Vítovka;;;è.p.;12;;;74235;504779.21;1114726.37;2013-12-04T00:00:00
8269751;599701;Odry;;;;;109169;Vítovka;;;è.p.;13;;;74235;504706.34;1114833.10;2013-12-04T00:00:00
8269769;599701;Odry;;;;;109169;Vítovka;;;è.p.;14;;;74235;504701.93;1114850.90;2013-12-04T00:00:00
8269777;599701;Odry;;;;;109169;Vítovka;;;è.p.;15;;;74235;504699.88;1114871.68;2013-12-04T00:00:00
8269785;599701;Odry;;;;;109169;Vítovka;;;è.p.;16;;;74235;504702.85;1114535.65;2013-12-04T00:00:00
8269793;599701;Odry;;;;;109169;Vítovka;;;è.p.;17;;;74235;504800.36;1114691.88;2013-12-04T00:00:00
8269807;599701;Odry;;;;;109169;Vítovka;;;è.p.;18;;;74235;504687.03;1115010.97;2013-12-04T00:00:00
8269815;599701;Odry;;;;;109169;Vítovka;;;è.p.;19;;;74235;504679.78;1115074.78;2013-12-04T00:00:00
8269823;599701;Odry;;;;;109169;Vítovka;;;è.p.;20;;;74235;504692.04;1115060.34;2013-12-04T00:00:00
8269831;599701;Odry;;;;;109169;Vítovka;;;è.p.;21;;;74235;505099.43;1114792.21;2013-12-04T00:00:00
8269840;599701;Odry;;;;;109169;Vítovka;;;è.p.;22;;;74235;504662.73;1115030.77;2013-12-04T00:00:00
8269858;599701;Odry;;;;;109169;Vítovka;;;è.p.;23;;;74235;504384.59;1115468.44;2013-12-04T00:00:00
8269866;599701;Odry;;;;;109169;Vítovka;;;è.p.;24;;;74235;504686.23;1115089.49;2013-12-04T00:00:00
8269874;599701;Odry;;;;;109169;Vítovka;;;è.p.;25;;;74235;504728.92;1114765.02;2013-12-04T00:00:00
8269882;599701;Odry;;;;;109169;Vítovka;;;è.p.;26;;;74235;504706.03;1114639.53;2013-12-04T00:00:00
8269891;599701;Odry;;;;;109169;Vítovka;;;è.p.;27;;;74235;505071.17;1114760.47;2013-12-04T00:00:00
8269904;599701;Odry;;;;;109169;Vítovka;;;è.p.;28;;;74235;504733.87;1114555.78;2013-12-04T00:00:00
8269912;599701;Odry;;;;;109169;Vítovka;;;è.p.;29;;;74235;504689.45;1114911.75;2013-12-04T00:00:00
8269921;599701;Odry;;;;;109169;Vítovka;;;è.p.;30;;;74235;504513.88;1115654.10;2013-12-04T00:00:00
8269939;599701;Odry;;;;;109169;Vítovka;;;è.p.;31;;;74235;504796.23;1114713.86;2013-12-04T00:00:00
8269947;599701;Odry;;;;;109169;Vítovka;;;è.p.;32;;;74235;504663.60;1115174.53;2013-12-04T00:00:00
8269963;599701;Odry;;;;;109169;Vítovka;;;è.p.;34;;;74235;504532.66;1115260.11;2013-12-04T00:00:00
8269971;599701;Odry;;;;;109169;Vítovka;;;è.p.;35;;;74235;504719.84;1114482.50;2013-12-04T00:00:00
8269980;599701;Odry;;;;;109169;Vítovka;;;è.p.;36;;;74235;504684.94;1114766.58;2021-02-04T00:00:00
8269998;599701;Odry;;;;;109169;Vítovka;;;è.p.;37;;;74235;504654.83;1114823.30;2013-12-04T00:00:00
8270007;599701;Odry;;;;;109169;Vítovka;;;è.p.;38;;;74235;504624.68;1115099.14;2013-12-04T00:00:00
8270015;599701;Odry;;;;;109169;Vítovka;;;è.p.;40;;;74235;504710.56;1115189.49;2019-09-23T00:00:00
8270031;599701;Odry;;;;;109169;Vítovka;;;è.p.;42;;;74235;504646.59;1114917.55;2013-12-04T00:00:00
8270040;599701;Odry;;;;;109169;Vítovka;;;è.p.;43;;;74235;504574.24;1115096.13;2013-12-04T00:00:00
8270058;599701;Odry;;;;;109169;Vítovka;;;è.p.;44;;;74235;504649.57;1114885.30;2013-12-04T00:00:00
8270066;599701;Odry;;;;;109169;Vítovka;;;è.p.;45;;;74235;504722.11;1114788.59;2013-12-04T00:00:00
8270074;599701;Odry;;;;;109169;Vítovka;;;è.p.;46;;;74235;504687.21;1115026.96;2013-12-04T00:00:00
8270082;599701;Odry;;;;;109169;Vítovka;;;è.p.;47;;;74235;504689.44;1115105.33;2013-12-04T00:00:00
8270091;599701;Odry;;;;;109169;Vítovka;;;è.p.;48;;;74235;504644.28;1114935.37;2013-12-04T00:00:00
8270104;599701;Odry;;;;;109169;Vítovka;;;è.p.;49;;;74235;504712.17;1114502.41;2013-12-04T00:00:00
8270112;599701;Odry;;;;;109169;Vítovka;;;è.p.;50;;;74235;504611.69;1115079.04;2013-12-04T00:00:00
8270121;599701;Odry;;;;;109169;Vítovka;;;è.ev.;1;;;74235;504506.67;1114707.23;2013-12-04T00:00:00
8270139;599701;Odry;;;;;109169;Vítovka;;;è.ev.;2;;;74235;504496.75;1114721.47;2013-12-04T00:00:00
8270147;599701;Odry;;;;;109169;Vítovka;;;è.ev.;3;;;74235;504490.96;1114735.65;2013-12-04T00:00:00
8270155;599701;Odry;;;;;109169;Vítovka;;;è.ev.;4;;;74235;504481.45;1114747.45;2013-12-04T00:00:00
8270163;599701;Odry;;;;;109169;Vítovka;;;è.ev.;5;;;74235;504476.70;1114762.11;2013-12-04T00:00:00
8270171;599701;Odry;;;;;109169;Vítovka;;;è.ev.;6;;;74235;504472.48;1114774.02;2013-12-04T00:00:00
8270180;599701;Odry;;;;;109169;Vítovka;;;è.ev.;7;;;74235;504467.10;1114791.41;2013-12-04T00:00:00
8270198;599701;Odry;;;;;109169;Vítovka;;;è.ev.;8;;;74235;504466.21;1114807.90;2013-12-04T00:00:00
8270201;599701;Odry;;;;;109169;Vítovka;;;è.ev.;9;;;74235;504464.66;1114823.12;2013-12-04T00:00:00
8270210;599701;Odry;;;;;109169;Vítovka;;;è.ev.;10;;;74235;504467.35;1114848.43;2013-12-04T00:00:00
8270228;599701;Odry;;;;;109169;Vítovka;;;è.ev.;11;;;74235;504466.69;1114861.41;2013-12-04T00:00:00
8270236;599701;Odry;;;;;109169;Vítovka;;;è.ev.;12;;;74235;504521.55;1114713.92;2013-12-04T00:00:00
8270244;599701;Odry;;;;;109169;Vítovka;;;è.ev.;13;;;74235;504511.78;1114733.10;2013-12-04T00:00:00
8270252;599701;Odry;;;;;109169;Vítovka;;;è.ev.;14;;;74235;504504.28;1114747.05;2013-12-04T00:00:00
8270261;599701;Odry;;;;;109169;Vítovka;;;è.ev.;15;;;74235;504507.41;1114742.56;2013-12-04T00:00:00
8270279;599701;Odry;;;;;109169;Vítovka;;;è.ev.;16;;;74235;504496.56;1114756.73;2013-12-04T00:00:00
8270287;599701;Odry;;;;;109169;Vítovka;;;è.ev.;17;;;74235;504489.77;1114769.97;2013-12-04T00:00:00
8270295;599701;Odry;;;;;109169;Vítovka;;;è.ev.;18;;;74235;504484.36;1114783.79;2013-12-04T00:00:00
8270309;599701;Odry;;;;;109169;Vítovka;;;è.ev.;19;;;74235;504547.77;1114726.82;2013-12-04T00:00:00
8270317;599701;Odry;;;;;109169;Vítovka;;;è.ev.;20;;;74235;504539.75;1114742.98;2013-12-04T00:00:00
8270325;599701;Odry;;;;;109169;Vítovka;;;è.ev.;21;;;74235;504533.49;1114754.51;2013-12-04T00:00:00
8270333;599701;Odry;;;;;109169;Vítovka;;;è.ev.;22;;;74235;504526.47;1114768.03;2013-12-04T00:00:00
8270341;599701;Odry;;;;;109169;Vítovka;;;è.ev.;23;;;74235;504519.81;1114781.53;2013-12-04T00:00:00
8270350;599701;Odry;;;;;109169;Vítovka;;;è.ev.;24;;;74235;504511.64;1114797.55;2013-12-04T00:00:00
8270368;599701;Odry;;;;;109169;Vítovka;;;è.ev.;25;;;74235;504493.21;1114831.39;2013-12-04T00:00:00
8270376;599701;Odry;;;;;109169;Vítovka;;;è.ev.;26;;;74235;504466.69;1114876.40;2013-12-04T00:00:00
8270384;599701;Odry;;;;;109169;Vítovka;;;è.ev.;27;;;74235;504465.99;1114897.31;2013-12-04T00:00:00
8270392;599701;Odry;;;;;109169;Vítovka;;;è.ev.;28;;;74235;504467.98;1114914.12;2013-12-04T00:00:00
8270406;599701;Odry;;;;;109169;Vítovka;;;è.ev.;29;;;74235;504470.48;1114929.40;2013-12-04T00:00:00
8270414;599701;Odry;;;;;109169;Vítovka;;;è.ev.;30;;;74235;504476.19;1114954.13;2013-12-04T00:00:00
8270422;599701;Odry;;;;;109169;Vítovka;;;è.ev.;31;;;74235;504474.05;1114975.14;2013-12-04T00:00:00
8270431;599701;Odry;;;;;109169;Vítovka;;;è.ev.;32;;;74235;504475.80;1114991.37;2013-12-04T00:00:00
8270449;599701;Odry;;;;;109169;Vítovka;;;è.ev.;33;;;74235;504471.65;1115007.04;2013-12-04T00:00:00
8270457;599701;Odry;;;;;109169;Vítovka;;;è.p.;73;;;74235;504809.23;1114622.41;2017-03-31T00:00:00
8270465;599701;Odry;;;;;109169;Vítovka;;;è.ev.;35;;;74235;504788.17;1114571.35;2013-12-04T00:00:00
8270473;599701;Odry;;;;;109169;Vítovka;;;è.ev.;36;;;74235;504685.38;1114962.55;2013-12-04T00:00:00
8270481;599701;Odry;;;;;109169;Vítovka;;;è.ev.;37;;;74235;504640.65;1114952.28;2013-12-04T00:00:00
8270490;599701;Odry;;;;;109169;Vítovka;;;è.ev.;38;;;74235;504762.83;1114575.97;2013-12-04T00:00:00
8270503;599701;Odry;;;;;109169;Vítovka;;;è.ev.;39;;;74235;504758.66;1114599.81;2013-12-04T00:00:00
8270511;599701;Odry;;;;;109169;Vítovka;;;è.ev.;40;;;74235;504648.09;1114994.20;2013-12-04T00:00:00
8270520;599701;Odry;;;;;109169;Vítovka;;;è.p.;66;;;74235;505128.86;1114742.97;2013-12-04T00:00:00
8273901;599701;Odry;;;;;124818;Pohoø;;;è.p.;1;;;74235;501833.95;1117972.24;2013-12-04T00:00:00
8273910;599701;Odry;;;;;124818;Pohoø;;;è.p.;2;;;74235;501878.98;1118043.79;2013-12-04T00:00:00
8273928;599701;Odry;;;;;124818;Pohoø;;;è.p.;3;;;74235;501928.09;1118056.40;2013-12-04T00:00:00
8273936;599701;Odry;;;;;124818;Pohoø;;;è.p.;6;;;74235;501937.70;1118100.64;2013-12-04T00:00:00
8273944;599701;Odry;;;;;124818;Pohoø;;;è.p.;7;;;74235;502083.04;1118281.37;2013-12-04T00:00:00
8273952;599701;Odry;;;;;124818;Pohoø;;;è.p.;8;;;74235;502098.07;1118280.09;2013-12-04T00:00:00
8273961;599701;Odry;;;;;124818;Pohoø;;;è.p.;9;;;74235;501934.66;1118169.47;2013-12-04T00:00:00
8273979;599701;Odry;;;;;124818;Pohoø;;;è.p.;10;;;74235;501914.08;1118134.01;2013-12-04T00:00:00
8273987;599701;Odry;;;;;124818;Pohoø;;;è.p.;11;;;74235;502142.73;1118599.27;2013-12-04T00:00:00
8273995;599701;Odry;;;;;124818;Pohoø;;;è.p.;12;;;74235;502156.63;1118613.39;2013-12-04T00:00:00
8274002;599701;Odry;;;;;124818;Pohoø;;;è.p.;13;;;74235;501945.61;1118199.34;2013-12-04T00:00:00
8274011;599701;Odry;;;;;124818;Pohoø;;;è.p.;14;;;74235;501910.21;1118200.27;2013-12-04T00:00:00
8274037;599701;Odry;;;;;124818;Pohoø;;;è.p.;16;;;74235;501971.89;1118220.47;2013-12-04T00:00:00
8274045;599701;Odry;;;;;124818;Pohoø;;;è.p.;17;;;74235;501948.65;1118293.59;2013-12-04T00:00:00
8274053;599701;Odry;;;;;124818;Pohoø;;;è.p.;18;;;74235;501991.77;1118247.42;2013-12-04T00:00:00
8274061;599701;Odry;;;;;124818;Pohoø;;;è.p.;19;;;74235;502015.01;1118300.05;2013-12-04T00:00:00
8274070;599701;Odry;;;;;124818;Pohoø;;;è.p.;20;;;74235;502039.89;1118316.59;2013-12-04T00:00:00
8274088;599701;Odry;;;;;124818;Pohoø;;;è.p.;21;;;74235;502074.10;1118348.54;2013-12-04T00:00:00
8274096;599701;Odry;;;;;124818;Pohoø;;;è.p.;22;;;74235;501889.73;1118066.19;2013-12-04T00:00:00
8274100;599701;Odry;;;;;124818;Pohoø;;;è.p.;23;;;74235;502002.08;1118392.04;2019-06-27T00:00:00
8274118;599701;Odry;;;;;124818;Pohoø;;;è.p.;24;;;74235;502046.28;1118402.34;2013-12-04T00:00:00
8274126;599701;Odry;;;;;124818;Pohoø;;;è.p.;25;;;74235;501939.45;1118484.58;2013-12-04T00:00:00
8274134;599701;Odry;;;;;124818;Pohoø;;;è.p.;26;;;74235;501942.37;1118403.52;2013-12-04T00:00:00
8274142;599701;Odry;;;;;124818;Pohoø;;;è.p.;27;;;74235;501986.80;1118370.49;2013-12-04T00:00:00
8274151;599701;Odry;;;;;124818;Pohoø;;;è.p.;28;;;74235;501920.12;1118373.63;2013-12-04T00:00:00
8274169;599701;Odry;;;;;124818;Pohoø;;;è.p.;29;;;74235;501883.30;1118407.20;2013-12-04T00:00:00
8274177;599701;Odry;;;;;124818;Pohoø;;;è.p.;30;;;74235;501923.33;1118309.54;2013-12-04T00:00:00
8274185;599701;Odry;;;;;124818;Pohoø;;;è.p.;31;;;74235;501885.42;1118362.10;2013-12-04T00:00:00
8274193;599701;Odry;;;;;124818;Pohoø;;;è.p.;32;;;74235;501857.03;1118381.41;2013-12-04T00:00:00
8274207;599701;Odry;;;;;124818;Pohoø;;;è.p.;33;;;74235;501844.47;1118353.60;2013-12-04T00:00:00
8274215;599701;Odry;;;;;124818;Pohoø;;;è.p.;34;;;74235;501949.33;1118168.56;2013-12-04T00:00:00
8274223;599701;Odry;;;;;124818;Pohoø;;;è.p.;35;;;74235;501917.50;1118080.28;2013-12-04T00:00:00
8274231;599701;Odry;;;;;124818;Pohoø;;;è.p.;36;;;74235;501880.26;1118250.38;2013-12-04T00:00:00
8274240;599701;Odry;;;;;124818;Pohoø;;;è.p.;37;;;74235;501831.27;1118310.76;2013-12-04T00:00:00
8274258;599701;Odry;;;;;124818;Pohoø;;;è.p.;38;;;74235;501956.27;1118242.64;2013-12-04T00:00:00
8274266;599701;Odry;;;;;124818;Pohoø;;;è.p.;39;;;74235;501751.88;1118337.22;2013-12-04T00:00:00
8274274;599701;Odry;;;;;124818;Pohoø;;;è.p.;40;;;74235;501740.20;1118269.12;2016-04-08T00:00:00
8274282;599701;Odry;;;;;124818;Pohoø;;;è.p.;41;;;74235;501874.23;1118220.35;2013-12-04T00:00:00
8274291;599701;Odry;;;;;124818;Pohoø;;;è.p.;42;;;74235;501860.49;1118203.21;2013-12-04T00:00:00
8274304;599701;Odry;;;;;124818;Pohoø;;;è.p.;43;;;74235;501998.25;1118255.11;2013-12-04T00:00:00
8274312;599701;Odry;;;;;124818;Pohoø;;;è.p.;44;;;74235;501829.35;1118160.79;2013-12-04T00:00:00
8274321;599701;Odry;;;;;124818;Pohoø;;;è.p.;45;;;74235;501781.22;1118212.40;2013-12-04T00:00:00
8274339;599701;Odry;;;;;124818;Pohoø;;;è.p.;46;;;74235;501807.59;1118226.63;2013-12-04T00:00:00
8274347;599701;Odry;;;;;124818;Pohoø;;;è.p.;47;;;74235;501773.12;1118180.05;2013-12-04T00:00:00
8274355;599701;Odry;;;;;124818;Pohoø;;;è.p.;48;;;74235;501719.94;1118135.95;2013-12-04T00:00:00
8274363;599701;Odry;;;;;124818;Pohoø;;;è.p.;49;;;74235;501763.11;1118109.81;2013-12-04T00:00:00
8274371;599701;Odry;;;;;124818;Pohoø;;;è.p.;50;;;74235;501820.92;1118062.83;2018-12-11T00:00:00
8274380;599701;Odry;;;;;124818;Pohoø;;;è.p.;51;;;74235;502032.94;1118340.80;2013-12-04T00:00:00
8274398;599701;Odry;;;;;124818;Pohoø;;;è.p.;52;;;74235;502071.81;1118177.91;2013-12-04T00:00:00
8274401;599701;Odry;;;;;124818;Pohoø;;;è.p.;53;;;74235;502064.40;1118371.26;2013-12-04T00:00:00
8274410;599701;Odry;;;;;124818;Pohoø;;;è.p.;55;;;74235;501856.03;1118109.41;2013-12-04T00:00:00
8274428;599701;Odry;;;;;124818;Pohoø;;;è.p.;56;;;74235;502007.73;1118440.40;2013-12-04T00:00:00
8274436;599701;Odry;;;;;124818;Pohoø;;;è.p.;57;;;74235;501876.60;1118290.58;2013-12-04T00:00:00
8274444;599701;Odry;;;;;124818;Pohoø;;;è.p.;60;;;74235;502100.89;1118489.83;2016-04-08T00:00:00
8274452;599701;Odry;;;;;124818;Pohoø;;;è.p.;61;;;74235;502231.23;1118119.85;2015-10-01T00:00:00
8274461;599701;Odry;;;;;124818;Pohoø;;;è.p.;62;;;74235;502124.82;1118492.35;2013-12-04T00:00:00
8274479;599701;Odry;;;;;124818;Pohoø;;;è.p.;63;;;74235;502110.00;1118518.87;2013-12-04T00:00:00
8274487;599701;Odry;;;;;124818;Pohoø;;;è.p.;64;;;74235;502131.97;1118500.98;2013-12-04T00:00:00
8274495;599701;Odry;;;;;124818;Pohoø;;;è.p.;65;;;74235;502144.15;1118517.61;2013-12-04T00:00:00
8274509;599701;Odry;;;;;124818;Pohoø;;;è.p.;66;;;74235;502154.02;1118457.85;2013-12-04T00:00:00
8274517;599701;Odry;;;;;124818;Pohoø;;;è.p.;67;;;74235;502003.58;1118348.09;2013-12-04T00:00:00
8274525;599701;Odry;;;;;124818;Pohoø;;;è.p.;68;;;74235;501990.39;1118310.37;2013-12-04T00:00:00
8274533;599701;Odry;;;;;124818;Pohoø;;;è.p.;69;;;74235;502174.21;1118450.08;2013-12-04T00:00:00
8274541;599701;Odry;;;;;124818;Pohoø;;;è.p.;70;;;74235;501938.29;1118337.33;2013-12-04T00:00:00
8274550;599701;Odry;;;;;124818;Pohoø;;;è.p.;71;;;74235;501992.41;1118382.68;2013-12-04T00:00:00
8274576;599701;Odry;;;;;124818;Pohoø;;;è.p.;73;;;74235;501968.14;1118358.84;2013-12-04T00:00:00
8274584;599701;Odry;;;;;124818;Pohoø;;;è.p.;74;;;74235;501990.11;1118333.96;2013-12-04T00:00:00
8274592;599701;Odry;;;;;124818;Pohoø;;;è.p.;75;;;74235;502167.93;1118523.55;2013-12-04T00:00:00
8274606;599701;Odry;;;;;124818;Pohoø;;;è.p.;76;;;74235;501937.01;1118377.56;2013-12-04T00:00:00
8274614;599701;Odry;;;;;124818;Pohoø;;;è.p.;77;;;74235;501908.72;1118353.60;2013-12-04T00:00:00
8274622;599701;Odry;;;;;124818;Pohoø;;;è.p.;78;;;74235;501881.84;1118316.11;2013-12-04T00:00:00
8274631;599701;Odry;;;;;124818;Pohoø;;;è.p.;80;;;74235;501721.17;1118166.93;2013-12-04T00:00:00
8274649;599701;Odry;;;;;124818;Pohoø;;;è.p.;81;;;74235;502327.30;1118808.98;2013-12-04T00:00:00
8274657;599701;Odry;;;;;124818;Pohoø;;;è.p.;82;;;74235;502147.27;1118141.99;2013-12-04T00:00:00
8274665;599701;Odry;;;;;124818;Pohoø;;;è.p.;84;;;74235;502251.18;1118143.59;2013-12-04T00:00:00
8274673;599701;Odry;;;;;124818;Pohoø;;;è.p.;85;;;74235;502214.87;1118097.77;2013-12-04T00:00:00
8274681;599701;Odry;;;;;124818;Pohoø;;;è.p.;86;;;74235;502170.29;1118078.10;2013-12-04T00:00:00
8274690;599701;Odry;;;;;124818;Pohoø;;;è.p.;87;;;74235;502180.39;1118055.05;2013-12-04T00:00:00
8274703;599701;Odry;;;;;124818;Pohoø;;;è.p.;88;;;74235;502482.03;1117998.64;2013-12-04T00:00:00
8274711;599701;Odry;;;;;124818;Pohoø;;;è.p.;89;;;74235;502142.54;1118121.23;2013-12-04T00:00:00
8274720;599701;Odry;;;;;124818;Pohoø;;;è.p.;90;;;74235;501830.72;1118225.42;2013-12-04T00:00:00
8274738;599701;Odry;;;;;124818;Pohoø;;;è.p.;91;;;74235;502004.25;1118282.20;2013-12-04T00:00:00
8274746;599701;Odry;;;;;124818;Pohoø;;;è.ev.;1;;;74235;501839.77;1118326.40;2013-12-04T00:00:00
8274754;599701;Odry;;;;;124818;Pohoø;;;è.ev.;2;;;74235;501862.02;1118327.48;2013-12-04T00:00:00
8274762;599701;Odry;;;;;124818;Pohoø;;;è.ev.;3;;;74235;502122.86;1118472.45;2013-12-04T00:00:00
8274771;599701;Odry;;;;;124818;Pohoø;;;è.ev.;4;;;74235;501878.77;1118162.99;2013-12-04T00:00:00
8274789;599701;Odry;;;;;124818;Pohoø;;;è.ev.;5;;;74235;502087.34;1118181.56;2013-12-04T00:00:00
8274797;599701;Odry;;;;;124818;Pohoø;;;è.ev.;6;;;74235;501897.83;1118261.26;2013-12-04T00:00:00
8274801;599701;Odry;;;;;124818;Pohoø;;;è.ev.;7;;;74235;501910.80;1118114.47;2013-12-04T00:00:00
8274819;599701;Odry;;;;;124818;Pohoø;;;è.ev.;8;;;74235;502186.15;1118097.23;2013-12-04T00:00:00
8274827;599701;Odry;;;;;124818;Pohoø;;;è.p.;97;;;74235;502143.76;1118176.08;2015-12-01T00:00:00
8274835;599701;Odry;;;;;124818;Pohoø;;;è.ev.;11;;;74235;502375.25;1118624.00;2013-12-04T00:00:00
8335907;599701;Odry;;;;;167789;Tošovice;;;è.p.;1;;;74235;503072.72;1114287.13;2014-01-13T00:00:00
8335915;599701;Odry;;;;;167789;Tošovice;;;è.p.;2;;;74235;502929.87;1114033.14;2022-11-21T00:00:00
8335923;599701;Odry;;;;;167789;Tošovice;;;è.p.;3;;;74235;502924.46;1114018.77;2013-12-04T00:00:00
8335931;599701;Odry;;;;;167789;Tošovice;;;è.p.;4;;;74235;502882.27;1113960.97;2022-11-21T00:00:00
8335940;599701;Odry;;;;;167789;Tošovice;;;è.p.;5;;;74235;502836.78;1113870.82;2013-12-04T00:00:00
8335958;599701;Odry;;;;;167789;Tošovice;;;è.p.;6;;;74235;502806.52;1113863.51;2013-12-04T00:00:00
8335966;599701;Odry;;;;;167789;Tošovice;;;è.p.;7;;;74235;502725.55;1113775.26;2013-12-04T00:00:00
8335974;599701;Odry;;;;;167789;Tošovice;;;è.p.;8;;;74235;502711.95;1113784.47;2013-12-04T00:00:00
8335982;599701;Odry;;;;;167789;Tošovice;;;è.p.;9;;;74235;502677.29;1113694.45;2022-11-21T00:00:00
8335991;599701;Odry;;;;;167789;Tošovice;;;è.p.;10;;;74235;502643.80;1113642.61;2013-12-04T00:00:00
8336008;599701;Odry;;;;;167789;Tošovice;;;è.p.;11;;;74235;502641.36;1113582.61;2013-12-04T00:00:00
8336016;599701;Odry;;;;;167789;Tošovice;;;è.p.;12;;;74235;503085.23;1114307.67;2014-01-13T00:00:00
8336024;599701;Odry;;;;;167789;Tošovice;;;è.p.;14;;;74235;502687.55;1113939.58;2013-12-04T00:00:00
8336032;599701;Odry;;;;;167789;Tošovice;;;è.p.;15;;;74235;502704.18;1113976.62;2013-12-04T00:00:00
8336041;599701;Odry;;;;;167789;Tošovice;;;è.p.;16;;;74235;502770.15;1113993.14;2013-12-04T00:00:00
8336059;599701;Odry;;;;;167789;Tošovice;;;è.p.;17;;;74235;502783.11;1114006.52;2013-12-04T00:00:00
8336067;599701;Odry;;;;;167789;Tošovice;;;è.p.;18;;;74235;502802.84;1114045.79;2013-12-04T00:00:00
8336075;599701;Odry;;;;;167789;Tošovice;;;è.p.;19;;;74235;502867.32;1114126.24;2013-12-04T00:00:00
8336083;599701;Odry;;;;;167789;Tošovice;;;è.p.;20;;;74235;502883.38;1114098.84;2013-12-04T00:00:00
8336091;599701;Odry;;;;;167789;Tošovice;;;è.p.;21;;;74235;502892.41;1114109.14;2013-12-04T00:00:00
8336105;599701;Odry;;;;;167789;Tošovice;;;è.p.;22;;;74235;503033.03;1114116.07;2013-12-04T00:00:00
8336113;599701;Odry;;;;;167789;Tošovice;;;è.p.;23;;;74235;502920.71;1114184.89;2013-12-04T00:00:00
8336121;599701;Odry;;;;;167789;Tošovice;;;è.p.;24;;;74235;502947.43;1114176.45;2013-12-04T00:00:00
8336130;599701;Odry;;;;;167789;Tošovice;;;è.p.;25;;;74235;502942.16;1114211.29;2013-12-04T00:00:00
8336148;599701;Odry;;;;;167789;Tošovice;;;è.p.;26;;;74235;502942.93;1114243.41;2014-12-08T00:00:00
8336156;599701;Odry;;;;;167789;Tošovice;;;è.p.;27;;;74235;502943.64;1114323.42;2013-12-04T00:00:00
8336164;599701;Odry;;;;;167789;Tošovice;;;è.p.;28;;;74235;502999.80;1114378.64;2013-12-04T00:00:00
8336172;599701;Odry;;;;;167789;Tošovice;;;è.p.;29;;;74235;502995.12;1114459.14;2013-12-04T00:00:00
8336181;599701;Odry;;;;;167789;Tošovice;;;è.p.;31;;;74235;503230.29;1114672.45;2013-12-04T00:00:00
8336199;599701;Odry;;;;;167789;Tošovice;;;è.p.;33;;;74235;503265.79;1114522.13;2022-11-21T00:00:00
8336202;599701;Odry;;;;;167789;Tošovice;;;è.p.;34;;;74235;503189.74;1114557.48;2013-12-04T00:00:00
8336211;599701;Odry;;;;;167789;Tošovice;;;è.p.;35;;;74235;503144.57;1114466.45;2022-11-21T00:00:00
8336229;599701;Odry;;;;;167789;Tošovice;;;è.p.;36;;;74235;503147.17;1114443.29;2022-11-21T00:00:00
8336237;599701;Odry;;;;;167789;Tošovice;;;è.p.;37;;;74235;503087.41;1114421.70;2013-12-04T00:00:00
8336245;599701;Odry;;;;;167789;Tošovice;;;è.p.;38;;;74235;503096.52;1114382.37;2013-12-04T00:00:00
8336253;599701;Odry;;;;;167789;Tošovice;;;è.p.;39;;;74235;503069.13;1114365.43;2013-12-04T00:00:00
8336261;599701;Odry;;;;;167789;Tošovice;;;è.p.;40;;;74235;503045.68;1114364.46;2013-12-04T00:00:00
8336270;599701;Odry;;;;;167789;Tošovice;;;è.p.;41;;;74235;503005.07;1114250.34;2022-11-21T00:00:00
8336288;599701;Odry;;;;;167789;Tošovice;;;è.p.;44;;;74235;502744.07;1113987.84;2013-12-04T00:00:00
8336296;599701;Odry;;;;;167789;Tošovice;;;è.p.;45;;;74235;502628.17;1113575.32;2022-11-21T00:00:00
8336318;599701;Odry;;;;;167789;Tošovice;;;è.p.;47;;;74235;502856.96;1113825.77;2013-12-04T00:00:00
8336326;599701;Odry;;;;;167789;Tošovice;;;è.p.;48;;;74235;503167.25;1114488.28;2022-11-21T00:00:00
8336334;599701;Odry;;;;;167789;Tošovice;;;è.p.;49;;;74235;503135.34;1114426.08;2013-12-04T00:00:00
8336342;599701;Odry;;;;;167789;Tošovice;;;è.p.;50;;;74235;503290.68;1114726.84;2022-11-21T00:00:00
8336351;599701;Odry;;;;;167789;Tošovice;;;è.p.;51;;;74235;502653.21;1113776.00;2013-12-04T00:00:00
8336369;599701;Odry;;;;;167789;Tošovice;;;è.p.;52;;;74235;502902.46;1113798.38;2017-09-08T00:00:00
8336377;599701;Odry;;;;;167789;Tošovice;;;è.p.;53;;;74235;503287.53;1114722.68;2013-12-04T00:00:00
8336385;599701;Odry;;;;;167789;Tošovice;;;è.p.;54;;;74235;503780.93;1115205.27;2013-12-04T00:00:00
8336393;599701;Odry;;;;;167789;Tošovice;;;è.p.;55;;;74235;503077.55;1114401.30;2013-12-04T00:00:00
8336407;599701;Odry;;;;;167789;Tošovice;;;è.p.;56;;;74235;502893.24;1114048.19;2023-02-09T00:00:00
8336415;599701;Odry;;;;;167789;Tošovice;;;è.p.;58;;;74235;503789.35;1115218.76;2013-12-04T00:00:00
8336423;599701;Odry;;;;;167789;Tošovice;;;è.p.;59;;;74235;503119.88;1114403.40;2013-12-04T00:00:00
8336431;599701;Odry;;;;;167789;Tošovice;;;è.p.;60;;;74235;502888.91;1113985.03;2022-11-21T00:00:00
8336440;599701;Odry;;;;;167789;Tošovice;;;è.p.;61;;;74235;503189.41;1114676.26;2013-12-04T00:00:00
8336458;599701;Odry;;;;;167789;Tošovice;;;è.p.;62;;;74235;503246.05;1114635.72;2013-12-04T00:00:00
8336466;599701;Odry;;;;;167789;Tošovice;;;è.p.;63;;;74235;503282.89;1114576.73;2013-12-04T00:00:00
8336474;599701;Odry;;;;;167789;Tošovice;;;è.p.;64;;;74235;502753.24;1113825.89;2013-12-04T00:00:00
8336482;599701;Odry;;;;;167789;Tošovice;;;è.p.;65;;;74235;502747.84;1113818.95;2013-12-04T00:00:00
8336491;599701;Odry;;;;;167789;Tošovice;;;è.p.;66;;;74235;502866.82;1113884.22;2013-12-04T00:00:00
8336504;599701;Odry;;;;;167789;Tošovice;;;è.p.;13;;;74235;502654.65;1113672.16;2013-12-04T00:00:00
8336512;599701;Odry;;;;;167789;Tošovice;;;è.ev.;4;;;74235;502660.10;1113862.78;2013-12-04T00:00:00
8336521;599701;Odry;;;;;167789;Tošovice;;;è.p.;69;;;74235;502953.70;1114005.67;2013-12-04T00:00:00
8336539;599701;Odry;;;;;167789;Tošovice;;;è.ev.;6;;;74235;502641.45;1114001.28;2013-12-04T00:00:00
8464154;599701;Odry;;;;;413593;Odry;312941;Masarykovo námìstí;è.p.;1;1;;74235;504681.79;1117781.52;2013-12-04T00:00:00
8464171;599701;Odry;;;;;413593;Odry;312941;Masarykovo námìstí;è.p.;3;32;;74235;504718.97;1117855.04;2013-12-04T00:00:00
8464189;599701;Odry;;;;;413593;Odry;312941;Masarykovo námìstí;è.p.;4;31;;74235;504714.06;1117862.15;2013-12-04T00:00:00
8464197;599701;Odry;;;;;413593;Odry;312941;Masarykovo námìstí;è.p.;5;30;;74235;504720.87;1117878.95;2024-03-06T00:00:00
8464227;599701;Odry;;;;;413593;Odry;313009;Kostelní;è.p.;6;1;;74235;504706.88;1117879.34;2013-12-04T00:00:00
8464235;599701;Odry;;;;;413593;Odry;313009;Kostelní;è.p.;7;3;;74235;504712.72;1117894.39;2023-08-10T00:00:00
8464243;599701;Odry;;;;;413593;Odry;313009;Kostelní;è.p.;8;5;;74235;504700.81;1117899.69;2013-12-04T00:00:00
8464251;599701;Odry;;;;;413593;Odry;313009;Kostelní;è.p.;9;7;;74235;504687.03;1117908.87;2013-12-04T00:00:00
8464260;599701;Odry;;;;;413593;Odry;313301;Sluneèná;è.p.;10;22;;74235;505097.84;1118264.15;2013-12-04T00:00:00
8464278;599701;Odry;;;;;413593;Odry;313009;Kostelní;è.p.;11;11;;74235;504642.23;1117891.73;2013-12-04T00:00:00
8464286;599701;Odry;;;;;413593;Odry;312941;Masarykovo námìstí;è.p.;12;29;;74235;504719.65;1117898.35;2013-12-04T00:00:00
8464294;599701;Odry;;;;;413593;Odry;312941;Masarykovo námìstí;è.p.;13;28;;74235;504727.65;1117903.67;2013-12-04T00:00:00
8464308;599701;Odry;;;;;413593;Odry;312941;Masarykovo námìstí;è.p.;14;27;;74235;504742.22;1117893.82;2023-08-10T00:00:00
8464316;599701;Odry;;;;;413593;Odry;312941;Masarykovo námìstí;è.p.;15;26;;74235;504750.00;1117897.68;2023-08-10T00:00:00
8464324;599701;Odry;;;;;413593;Odry;312941;Masarykovo námìstí;è.p.;16;25;;74235;504756.92;1117901.50;2023-08-10T00:00:00
8464332;599701;Odry;;;;;413593;Odry;313246;Radnièní;è.p.;17;3;;74235;504757.55;1117929.00;2013-12-04T00:00:00
8464341;599701;Odry;;;;;413593;Odry;312941;Masarykovo námìstí;è.p.;18;23;;74235;504768.85;1117915.10;2013-12-04T00:00:00
8464359;599701;Odry;;;;;413593;Odry;312941;Masarykovo námìstí;è.p.;19;22;;74235;504776.86;1117922.61;2013-12-04T00:00:00
8464367;599701;Odry;;;;;413593;Odry;312941;Masarykovo námìstí;è.p.;20;21;;74235;504781.47;1117934.42;2013-12-04T00:00:00
8464375;599701;Odry;;;;;413593;Odry;312941;Masarykovo námìstí;è.p.;21;20;;74235;504789.80;1117937.64;2013-12-04T00:00:00
8464383;599701;Odry;;;;;413593;Odry;312941;Masarykovo námìstí;è.p.;22;19;;74235;504799.17;1117950.62;2013-12-04T00:00:00
8464391;599701;Odry;;;;;413593;Odry;312924;Hranická;è.p.;23;16;;74235;504805.96;1118005.91;2013-12-04T00:00:00
8464405;599701;Odry;;;;;413593;Odry;312924;Hranická;è.p.;24;14;;74235;504806.79;1117998.22;2013-12-04T00:00:00
8464413;599701;Odry;;;;;413593;Odry;313025;Køížová;è.p.;25;2;;74235;504641.44;1117476.13;2013-12-04T00:00:00
8464421;599701;Odry;;;;;413593;Odry;312924;Hranická;è.p.;26;12;;74235;504813.03;1117990.22;2013-12-04T00:00:00
8464430;599701;Odry;;;;;413593;Odry;312924;Hranická;è.p.;27;10;;74235;504817.89;1117979.89;2013-12-04T00:00:00
8464448;599701;Odry;;;;;413593;Odry;312924;Hranická;è.p.;28;8;;74235;504821.87;1117972.58;2013-12-04T00:00:00
8464456;599701;Odry;;;;;413593;Odry;312924;Hranická;è.p.;29;6;;74235;504825.38;1117964.53;2013-12-04T00:00:00
8464464;599701;Odry;;;;;413593;Odry;312924;Hranická;è.p.;30;4;;74235;504829.12;1117955.43;2025-05-19T00:00:00
8464472;599701;Odry;;;;;413593;Odry;312924;Hranická;è.p.;31;2;;74235;504832.64;1117947.44;2013-12-04T00:00:00
8464481;599701;Odry;;;;;413593;Odry;312941;Masarykovo námìstí;è.p.;32;18;;74235;504838.87;1117941.30;2013-12-04T00:00:00
8464499;599701;Odry;;;;;413593;Odry;313246;Radnièní;è.p.;33;5;;74235;504767.10;1117940.83;2014-11-20T00:00:00
8464502;599701;Odry;;;;;413593;Odry;313301;Sluneèná;è.p.;34;30;;74235;505097.47;1118342.64;2013-12-04T00:00:00
8464511;599701;Odry;;;;;413593;Odry;312941;Masarykovo námìstí;è.p.;35;15;;74235;504851.53;1117912.88;2013-12-04T00:00:00
8464529;599701;Odry;;;;;413593;Odry;312941;Masarykovo námìstí;è.p.;36;14;;74235;504855.99;1117905.44;2013-12-04T00:00:00
8464537;599701;Odry;;;;;413593;Odry;312941;Masarykovo námìstí;è.p.;37;13;;74235;504858.77;1117896.60;2013-12-04T00:00:00
8464545;599701;Odry;;;;;413593;Odry;313017;Krátká;è.p.;38;1;;74235;504860.41;1117887.68;2013-12-04T00:00:00
8464553;599701;Odry;;;;;413593;Odry;313017;Krátká;è.p.;39;3;;74235;504861.36;1117877.24;2013-12-04T00:00:00
8464561;599701;Odry;;;;;413593;Odry;313017;Krátká;è.p.;40;5;;74235;504864.88;1117872.24;2013-12-04T00:00:00
8464570;599701;Odry;;;;;413593;Odry;313017;Krátká;è.p.;41;7;;74235;504867.32;1117866.09;2013-12-04T00:00:00
8464588;599701;Odry;;;;;413593;Odry;312983;Komenského;è.p.;42;4;;74235;504902.70;1117602.11;2013-12-04T00:00:00
8464600;599701;Odry;;;;;413593;Odry;313017;Krátká;è.p.;43;11;;74235;504872.35;1117852.40;2013-12-04T00:00:00
8464618;599701;Odry;;;;;413593;Odry;313017;Krátká;è.p.;44;13;;74235;504878.76;1117843.81;2013-12-04T00:00:00
8464626;599701;Odry;;;;;413593;Odry;312941;Masarykovo námìstí;è.p.;45;12;;74235;504846.70;1117864.52;2013-12-04T00:00:00
8464634;599701;Odry;;;;;413593;Odry;312941;Masarykovo námìstí;è.p.;46;11;;74235;504837.40;1117860.41;2013-12-04T00:00:00
8464642;599701;Odry;;;;;413593;Odry;312941;Masarykovo námìstí;è.p.;47;10;;74235;504828.03;1117858.39;2013-12-04T00:00:00
8464651;599701;Odry;;;;;413593;Odry;312941;Masarykovo námìstí;è.p.;48;9;;74235;504821.76;1117852.33;2013-12-04T00:00:00
8464669;599701;Odry;;;;;413593;Odry;312941;Masarykovo námìstí;è.p.;49;8;;74235;504815.24;1117847.82;2013-12-04T00:00:00
8464677;599701;Odry;;;;;413593;Odry;312941;Masarykovo námìstí;è.p.;50;7;;74235;504800.20;1117858.29;2023-08-10T00:00:00
8464685;599701;Odry;;;;;413593;Odry;312941;Masarykovo námìstí;è.p.;51;6;;74235;504791.88;1117853.54;2023-08-10T00:00:00
8464693;599701;Odry;;;;;413593;Odry;312941;Masarykovo námìstí;è.p.;52;5;;74235;504790.91;1117835.81;2013-12-04T00:00:00
8464707;599701;Odry;;;;;413593;Odry;312941;Masarykovo námìstí;è.p.;53;4;;74235;504783.23;1117832.26;2013-12-04T00:00:00
8464715;599701;Odry;;;;;413593;Odry;312941;Masarykovo námìstí;è.p.;54;3;;74235;504776.50;1117825.32;2013-12-04T00:00:00
8464723;599701;Odry;;;;;413593;Odry;312941;Masarykovo námìstí;è.p.;55;2;;74235;504762.44;1117821.15;2013-12-04T00:00:00
8464731;599701;Odry;;;;;413593;Odry;313220;Pramenní;è.p.;56;21;;74235;504361.28;1116956.48;2013-12-04T00:00:00
8464740;599701;Odry;;;;;413593;Odry;312924;Hranická;è.p.;57;22;;74235;504817.35;1118111.56;2013-12-04T00:00:00
8464766;599701;Odry;;;;;413593;Odry;313181;Okružní;è.p.;58;3;;74235;504798.48;1117804.50;2013-12-04T00:00:00
8464774;599701;Odry;;;;;413593;Odry;313424;1. máje;è.p.;59;4;;74235;504753.83;1117782.30;2013-12-04T00:00:00
8464782;599701;Odry;;;;;413593;Odry;313424;1. máje;è.p.;60;6;;74235;504759.88;1117772.40;2013-12-04T00:00:00
8464791;599701;Odry;;;;;413593;Odry;313424;1. máje;è.p.;61;8;;74235;504765.26;1117762.65;2013-12-04T00:00:00
8464804;599701;Odry;;;;;413593;Odry;313220;Pramenní;è.p.;62;10;;74235;504279.15;1117013.39;2013-12-04T00:00:00
8464812;599701;Odry;;;;;413593;Odry;313424;1. máje;è.p.;63;1;;74235;504792.85;1117778.00;2013-12-04T00:00:00
8464821;599701;Odry;;;;;413593;Odry;313181;Okružní;è.p.;64;2;;74235;504818.06;1117790.79;2013-12-04T00:00:00
8464847;599701;Odry;;;;;413593;Odry;313181;Okružní;è.p.;65;4;;74235;504830.41;1117796.79;2013-12-04T00:00:00
8464855;599701;Odry;;;;;413593;Odry;313181;Okružní;è.p.;66;6;;74235;504838.05;1117800.72;2013-12-04T00:00:00
8464863;599701;Odry;;;;;413593;Odry;313181;Okružní;è.p.;67;8;;74235;504845.62;1117804.36;2013-12-04T00:00:00
8464871;599701;Odry;;;;;413593;Odry;313122;Nádražní;è.p.;68;26;;74235;504849.56;1117105.02;2013-12-04T00:00:00
8464880;599701;Odry;;;;;413593;Odry;313181;Okružní;è.p.;69;10;;74235;504860.89;1117812.92;2013-12-04T00:00:00
8464898;599701;Odry;;;;;413593;Odry;313181;Okružní;è.p.;70;12;;74235;504870.83;1117818.15;2013-12-04T00:00:00
8464901;599701;Odry;;;;;413593;Odry;313181;Okružní;è.p.;71;14;;74235;504881.77;1117822.67;2013-12-04T00:00:00
8464910;599701;Odry;;;;;413593;Odry;313181;Okružní;è.p.;72;16;;74235;504888.91;1117826.74;2013-12-04T00:00:00
8464928;599701;Odry;;;;;413593;Odry;313181;Okružní;è.p.;73;18;;74235;504897.63;1117833.29;2013-12-04T00:00:00
8464936;599701;Odry;;;;;413593;Odry;313181;Okružní;è.p.;74;20;;74235;504907.10;1117840.39;2013-12-04T00:00:00
8464944;599701;Odry;;;;;413593;Odry;313181;Okružní;è.p.;75;22;;74235;504909.82;1117854.29;2013-12-04T00:00:00
8464952;599701;Odry;;;;;413593;Odry;313220;Pramenní;è.p.;76;17;;74235;504334.39;1116986.16;2013-12-04T00:00:00
8464979;599701;Odry;;;;;413593;Odry;313181;Okružní;è.p.;77;24;;74235;504912.94;1117868.65;2013-12-04T00:00:00
8464987;599701;Odry;;;;;413593;Odry;313360;U nemocnice;è.p.;78;3;;74235;504910.66;1117582.00;2013-12-04T00:00:00
8464995;599701;Odry;;;;;413593;Odry;313181;Okružní;è.p.;79;7;;74235;504896.08;1117876.80;2013-12-04T00:00:00
8465002;599701;Odry;;;;;413593;Odry;313181;Okružní;è.p.;80;26;;74235;504911.63;1117881.13;2013-12-04T00:00:00
8465011;599701;Odry;;;;;413593;Odry;313181;Okružní;è.p.;81;28;;74235;504911.03;1117892.77;2013-12-04T00:00:00
8465029;599701;Odry;;;;;413593;Odry;313181;Okružní;è.p.;82;30;;74235;504907.83;1117907.06;2013-12-04T00:00:00
8465037;599701;Odry;;;;;413593;Odry;313181;Okružní;è.p.;83;32;;74235;504898.11;1117923.01;2022-11-28T00:00:00
8465045;599701;Odry;;;;;413593;Odry;313220;Pramenní;è.p.;84;12;;74235;504289.33;1117001.13;2013-12-04T00:00:00
8465053;599701;Odry;;;;;413593;Odry;312924;Hranická;è.p.;85;3;;74235;504785.47;1118002.92;2013-12-04T00:00:00
8465061;599701;Odry;;;;;413593;Odry;313246;Radnièní;è.p.;86;2;;74235;504770.61;1117986.74;2013-12-04T00:00:00
8465070;599701;Odry;;;;;413593;Odry;313360;U nemocnice;è.p.;87;5;;74235;504928.28;1117585.88;2013-12-04T00:00:00
8465088;599701;Odry;;;;;413593;Odry;313246;Radnièní;è.p.;88;4;;74235;504759.62;1117976.93;2013-12-04T00:00:00
8465096;599701;Odry;;;;;413593;Odry;313360;U nemocnice;è.p.;89;7;;74235;504946.53;1117592.63;2013-12-04T00:00:00
8465100;599701;Odry;;;;;413593;Odry;312916;Fuèíkova;è.p.;90;4;;74235;504414.70;1117385.83;2013-12-04T00:00:00
8465126;599701;Odry;;;;;413593;Odry;312916;Fuèíkova;è.p.;91;12;;74235;504342.70;1117322.11;2013-12-04T00:00:00
8465134;599701;Odry;;;;;413593;Odry;312916;Fuèíkova;è.p.;92;2;;74235;504435.57;1117406.62;2013-12-04T00:00:00
8465142;599701;Odry;;;;;413593;Odry;313246;Radnièní;è.p.;93;12;;74235;504715.12;1117960.55;2013-12-04T00:00:00
8465151;599701;Odry;;;;;413593;Odry;313220;Pramenní;è.p.;94;15;;74235;504320.72;1117001.57;2013-12-04T00:00:00
8465169;599701;Odry;;;;;413593;Odry;313246;Radnièní;è.p.;95;14;;74235;504696.46;1117949.08;2013-12-04T00:00:00
8465177;599701;Odry;;;;;413593;Odry;312916;Fuèíkova;è.p.;96;6;;74235;504396.88;1117373.18;2013-12-04T00:00:00
8465185;599701;Odry;;;;;413593;Odry;313009;Kostelní;è.p.;97;4;;74235;504691.74;1117962.31;2013-12-04T00:00:00
8465207;599701;Odry;;;;;413593;Odry;313424;1. máje;è.p.;100;7;;74235;504808.16;1117727.38;2013-12-04T00:00:00
8465223;599701;Odry;;;;;413593;Odry;312916;Fuèíkova;è.p.;102;8;;74235;504379.75;1117355.62;2013-12-04T00:00:00
8465231;599701;Odry;;;;;413593;Odry;312878;Dìlnická;è.p.;103;3;;74235;504838.94;1117757.06;2013-12-04T00:00:00
8465240;599701;Odry;;;;;413593;Odry;313220;Pramenní;è.p.;104;9;;74235;504292.26;1117037.71;2013-12-04T00:00:00
8465258;599701;Odry;;;;;413593;Odry;312878;Dìlnická;è.p.;105;7;;74235;504872.61;1117775.00;2013-12-04T00:00:00
8465266;599701;Odry;;;;;413593;Odry;312878;Dìlnická;è.p.;106;9;;74235;504887.46;1117780.15;2013-12-04T00:00:00
8465274;599701;Odry;;;;;413593;Odry;312878;Dìlnická;è.p.;107;13;;74235;504921.22;1117795.19;2013-12-04T00:00:00
8465282;599701;Odry;;;;;413593;Odry;312878;Dìlnická;è.p.;108;15;;74235;504930.06;1117805.47;2013-12-04T00:00:00
8465291;599701;Odry;;;;;413593;Odry;312878;Dìlnická;è.p.;109;17;;74235;504943.15;1117815.62;2013-12-04T00:00:00
8465304;599701;Odry;;;;;413593;Odry;312878;Dìlnická;è.p.;110;19;;74235;504954.67;1117830.56;2013-12-04T00:00:00
8465312;599701;Odry;;;;;413593;Odry;312878;Dìlnická;è.p.;111;21;;74235;504967.18;1117850.70;2013-12-04T00:00:00
8465321;599701;Odry;;;;;413593;Odry;312991;Kopeèná;è.p.;112;14;;74235;504962.18;1117862.57;2013-12-04T00:00:00
8465339;599701;Odry;;;;;413593;Odry;312886;Družstevní;è.p.;114;20;;74235;505009.21;1118381.29;2013-12-04T00:00:00
8465347;599701;Odry;;;;;413593;Odry;313301;Sluneèná;è.p.;116;10;;74235;505058.21;1118088.78;2013-12-04T00:00:00
8465355;599701;Odry;;;;;413593;Odry;312991;Kopeèná;è.p.;118;2;;74235;504905.22;1117988.28;2013-12-04T00:00:00
8465363;599701;Odry;;;;;413593;Odry;313211;Potoèní;è.p.;119;7;;74235;504878.71;1118007.33;2013-12-04T00:00:00
8465371;599701;Odry;;;;;413593;Odry;313211;Potoèní;è.p.;120;9;;74235;504869.88;1118014.45;2013-12-04T00:00:00
8465380;599701;Odry;;;;;413593;Odry;312916;Fuèíkova;è.p.;121;10;;74235;504361.53;1117338.81;2013-12-04T00:00:00
8465398;599701;Odry;;;;;413593;Odry;313211;Potoèní;è.p.;122;11;;74235;504844.73;1118025.18;2013-12-04T00:00:00
8465401;599701;Odry;;;;;413593;Odry;313211;Potoèní;è.p.;123;13;;74235;504819.97;1118029.52;2013-12-04T00:00:00
8465410;599701;Odry;;;;;413593;Odry;313220;Pramenní;è.p.;124;13;;74235;504310.59;1117014.92;2013-12-04T00:00:00
8465428;599701;Odry;;;;;413593;Odry;312924;Hranická;è.p.;125;20;;74235;504799.08;1118035.82;2013-12-04T00:00:00
8465436;599701;Odry;;;;;413593;Odry;312924;Hranická;è.p.;126;18;;74235;504804.91;1118017.45;2013-12-04T00:00:00
8465452;599701;Odry;;;;;413593;Odry;313327;Sokolovská;è.p.;128;28;;74235;505131.44;1117615.91;2013-12-04T00:00:00
8465461;599701;Odry;;;;;413593;Odry;313114;Nadaèní;è.p.;129;5;;74235;504982.14;1117395.13;2013-12-04T00:00:00
8465479;599701;Odry;;;;;413593;Odry;313408;Zahradní;è.p.;130;15;;74235;504511.53;1118262.00;2013-12-04T00:00:00
8465487;599701;Odry;;;;;413593;Odry;312975;Ke koupališti;è.p.;131;4;;74235;504678.69;1118141.52;2013-12-04T00:00:00
8465495;599701;Odry;;;;;413593;Odry;313408;Zahradní;è.p.;132;9;;74235;504559.31;1118285.08;2013-12-04T00:00:00
8465509;599701;Odry;;;;;413593;Odry;313211;Potoèní;è.p.;133;15;;74235;504763.79;1118057.53;2013-12-04T00:00:00
8465517;599701;Odry;;;;;413593;Odry;312975;Ke koupališti;è.p.;134;2;;74235;504689.38;1118135.88;2013-12-04T00:00:00
8465525;599701;Odry;;;;;413593;Odry;313211;Potoèní;è.p.;135;16;;74235;504721.64;1118075.17;2013-12-04T00:00:00
8465533;599701;Odry;;;;;413593;Odry;312924;Hranická;è.p.;136;30;;74235;504807.93;1118133.15;2013-12-04T00:00:00
8465541;599701;Odry;;;;;413593;Odry;313327;Sokolovská;è.p.;137;30;;74235;505136.94;1117638.52;2013-12-04T00:00:00
8465550;599701;Odry;;;;;413593;Odry;313211;Potoèní;è.p.;138;17;;74235;504738.19;1118053.14;2013-12-04T00:00:00
8465576;599701;Odry;;;;;413593;Odry;313211;Potoèní;è.p.;140;21;;74235;504711.35;1118054.55;2013-12-04T00:00:00
8465584;599701;Odry;;;;;413593;Odry;312924;Hranická;è.p.;141;11;;74235;504750.58;1118077.34;2013-12-04T00:00:00
8465592;599701;Odry;;;;;413593;Odry;312924;Hranická;è.p.;142;13;;74235;504748.04;1118090.48;2013-12-04T00:00:00
8465606;599701;Odry;;;;;413593;Odry;312924;Hranická;è.p.;143;15;;74235;504729.83;1118086.79;2013-12-04T00:00:00
8465622;599701;Odry;;;;;413593;Odry;312975;Ke koupališti;è.p.;145;1;;74235;504709.87;1118111.80;2013-12-04T00:00:00
8465631;599701;Odry;;;;;413593;Odry;312924;Hranická;è.p.;146;19;;74235;504724.02;1118124.16;2013-12-04T00:00:00
8465649;599701;Odry;;;;;413593;Odry;312924;Hranická;è.p.;147;23;;74235;504722.07;1118144.27;2013-12-04T00:00:00
8465657;599701;Odry;;;;;413593;Odry;312924;Hranická;è.p.;148;25;;74235;504722.29;1118162.76;2013-12-04T00:00:00
8465665;599701;Odry;;;;;413593;Odry;312924;Hranická;è.p.;149;27;;74235;504706.30;1118174.93;2013-12-04T00:00:00
8465673;599701;Odry;;;;;413593;Odry;312924;Hranická;è.p.;150;29;;74235;504710.01;1118196.61;2013-12-04T00:00:00
8465681;599701;Odry;;;;;413593;Odry;312924;Hranická;è.p.;151;31;;74235;504699.45;1118215.41;2013-12-04T00:00:00
8465690;599701;Odry;;;;;413593;Odry;312991;Kopeèná;è.p.;152;6;;74235;504908.94;1117971.29;2025-11-21T00:00:00
8465703;599701;Odry;;;;;413593;Odry;312924;Hranická;è.p.;154;33;;74235;504632.53;1118257.17;2013-12-04T00:00:00
8465711;599701;Odry;;;;;413593;Odry;313076;Mendlova;è.p.;155;25;;74235;505028.38;1118255.49;2013-12-04T00:00:00
8465720;599701;Odry;;;;;413593;Odry;313076;Mendlova;è.p.;156;23;;74235;505008.94;1118253.14;2013-12-04T00:00:00
8465746;599701;Odry;;;;;413593;Odry;313076;Mendlova;è.p.;158;4;;74235;504782.27;1118189.90;2013-12-04T00:00:00
8465754;599701;Odry;;;;;413593;Odry;312924;Hranická;è.p.;159;44;;74235;504737.55;1118182.90;2013-12-04T00:00:00
8465762;599701;Odry;;;;;413593;Odry;312924;Hranická;è.p.;160;42;;74235;504743.90;1118156.35;2013-12-04T00:00:00
8465771;599701;Odry;;;;;413593;Odry;312924;Hranická;è.p.;161;38;;74235;504746.38;1118138.81;2013-12-04T00:00:00
8465797;599701;Odry;;;;;413593;Odry;312924;Hranická;è.p.;162;36;;74235;504751.06;1118130.65;2013-12-04T00:00:00
8465801;599701;Odry;;;;;413593;Odry;312924;Hranická;è.p.;163;34;;74235;504755.69;1118121.23;2013-12-04T00:00:00
8465827;599701;Odry;;;;;413593;Odry;312924;Hranická;è.p.;165;28;;74235;504775.74;1118100.51;2013-12-04T00:00:00
8465835;599701;Odry;;;;;413593;Odry;312924;Hranická;è.p.;166;26;;74235;504778.72;1118091.65;2013-12-04T00:00:00
8465843;599701;Odry;;;;;413593;Odry;312924;Hranická;è.p.;167;24;;74235;504787.35;1118085.56;2013-12-04T00:00:00
8465860;599701;Odry;;;;;413593;Odry;313211;Potoèní;è.p.;169;12;;74235;504835.90;1118062.45;2013-12-04T00:00:00
8465878;599701;Odry;;;;;413593;Odry;313211;Potoèní;è.p.;170;8;;74235;504857.78;1118052.35;2013-12-04T00:00:00
8465886;599701;Odry;;;;;413593;Odry;313211;Potoèní;è.p.;171;10;;74235;504841.60;1118053.31;2013-12-04T00:00:00
8465894;599701;Odry;;;;;413593;Odry;313301;Sluneèná;è.p.;172;1;;74235;504896.94;1118045.28;2013-12-04T00:00:00
8465908;599701;Odry;;;;;413593;Odry;313301;Sluneèná;è.p.;173;2;;74235;504908.42;1118019.95;2013-12-04T00:00:00
8465916;599701;Odry;;;;;413593;Odry;313301;Sluneèná;è.p.;174;5;;74235;504991.56;1118079.21;2013-12-04T00:00:00
8465924;599701;Odry;;;;;413593;Odry;313301;Sluneèná;è.p.;175;6;;74235;505023.93;1118045.48;2013-12-04T00:00:00
8465932;599701;Odry;;;;;413593;Odry;312991;Kopeèná;è.p.;176;3;;74235;504935.24;1117992.92;2013-12-04T00:00:00
8465941;599701;Odry;;;;;413593;Odry;312991;Kopeèná;è.p.;177;5;;74235;504935.07;1117981.15;2013-12-04T00:00:00
8465959;599701;Odry;;;;;413593;Odry;312991;Kopeèná;è.p.;178;1;;74235;504950.85;1117969.93;2013-12-04T00:00:00
8465967;599701;Odry;;;;;413593;Odry;312991;Kopeèná;è.p.;179;7;;74235;504968.79;1117966.49;2013-12-04T00:00:00
8465975;599701;Odry;;;;;413593;Odry;312991;Kopeèná;è.p.;180;9;;74235;504965.93;1117942.83;2013-12-04T00:00:00
8465983;599701;Odry;;;;;413593;Odry;312991;Kopeèná;è.p.;181;11;;74235;504971.74;1117928.31;2013-12-04T00:00:00
8465991;599701;Odry;;;;;413593;Odry;312924;Hranická;è.p.;182;68;;74235;504666.30;1118304.99;2024-10-15T00:00:00
8466009;599701;Odry;;;;;413593;Odry;312991;Kopeèná;è.p.;183;15;;74235;504975.69;1117918.11;2013-12-04T00:00:00
8466017;599701;Odry;;;;;413593;Odry;312991;Kopeèná;è.p.;185;19;;74235;505049.52;1117954.37;2013-12-04T00:00:00
8466025;599701;Odry;;;;;413593;Odry;313262;Sadová;è.p.;186;15;;74235;505319.84;1117093.95;2013-12-04T00:00:00
8466033;599701;Odry;;;;;413593;Odry;312991;Kopeèná;è.p.;188;23;;74235;505005.65;1117884.85;2013-12-04T00:00:00
8466041;599701;Odry;;;;;413593;Odry;313378;Veselská;è.p.;189;3;;74235;505080.19;1117915.04;2013-12-04T00:00:00
8466050;599701;Odry;;;;;413593;Odry;313327;Sokolovská;è.p.;190;34;;74235;505146.77;1117685.34;2013-12-04T00:00:00
8466068;599701;Odry;;;;;413593;Odry;313378;Veselská;è.p.;191;5;;74235;505111.23;1117949.27;2013-12-04T00:00:00
8466076;599701;Odry;;;;;413593;Odry;313378;Veselská;è.p.;192;13;;74235;505244.57;1118321.05;2013-12-04T00:00:00
8466084;599701;Odry;;;;;413593;Odry;313378;Veselská;è.p.;193;9;;74235;505122.73;1117963.75;2013-12-04T00:00:00
8466092;599701;Odry;;;;;413593;Odry;313378;Veselská;è.p.;194;10;;74235;505133.39;1117931.34;2013-12-04T00:00:00
8466106;599701;Odry;;;;;413593;Odry;313378;Veselská;è.p.;195;6;;74235;505096.76;1117906.48;2013-12-04T00:00:00
8466114;599701;Odry;;;;;413593;Odry;313378;Veselská;è.p.;196;4;;74235;505078.69;1117895.39;2013-12-04T00:00:00
8466122;599701;Odry;;;;;413593;Odry;313378;Veselská;è.p.;197;2;;74235;505054.84;1117875.39;2013-12-04T00:00:00
8466131;599701;Odry;;;;;413593;Odry;312878;Dìlnická;è.p.;198;25;;74235;505063.54;1117873.81;2013-12-04T00:00:00
8466157;599701;Odry;;;;;413593;Odry;312878;Dìlnická;è.p.;200;35;;74235;505179.47;1117869.66;2013-12-04T00:00:00
8466165;599701;Odry;;;;;413593;Odry;312878;Dìlnická;è.p.;201;44;;74235;505167.62;1117851.08;2013-12-04T00:00:00
8466173;599701;Odry;;;;;413593;Odry;312878;Dìlnická;è.p.;202;42;;74235;505137.71;1117860.41;2013-12-04T00:00:00
8466181;599701;Odry;;;;;413593;Odry;312878;Dìlnická;è.p.;203;40;;74235;505122.66;1117859.41;2013-12-04T00:00:00
8466190;599701;Odry;;;;;413593;Odry;312878;Dìlnická;è.p.;204;38;;74235;505093.11;1117860.11;2013-12-04T00:00:00
8466203;599701;Odry;;;;;413593;Odry;312878;Dìlnická;è.p.;205;36;;74235;505070.43;1117860.48;2013-12-04T00:00:00
8466211;599701;Odry;;;;;413593;Odry;312878;Dìlnická;è.p.;206;34;;74235;505059.29;1117861.25;2013-12-04T00:00:00
8466238;599701;Odry;;;;;413593;Odry;312878;Dìlnická;è.p.;208;30;;74235;505027.62;1117858.05;2013-12-04T00:00:00
8466246;599701;Odry;;;;;413593;Odry;312967;Kapelní;è.p.;209;10;;74235;505164.98;1117832.33;2013-12-04T00:00:00
8466254;599701;Odry;;;;;413593;Odry;312967;Kapelní;è.p.;210;8;;74235;505154.05;1117834.10;2013-12-04T00:00:00
8466262;599701;Odry;;;;;413593;Odry;312967;Kapelní;è.p.;211;6;;74235;505144.32;1117834.19;2013-12-04T00:00:00
8466271;599701;Odry;;;;;413593;Odry;312967;Kapelní;è.p.;212;4;;74235;505145.09;1117808.72;2013-12-04T00:00:00
8466289;599701;Odry;;;;;413593;Odry;312967;Kapelní;è.p.;213;3;;74235;505135.53;1117775.50;2013-12-04T00:00:00
8466297;599701;Odry;;;;;413593;Odry;312967;Kapelní;è.p.;214;5;;74235;505135.86;1117784.17;2013-12-04T00:00:00
8466301;599701;Odry;;;;;413593;Odry;312967;Kapelní;è.p.;215;7;;74235;505118.36;1117827.26;2013-12-04T00:00:00
8466319;599701;Odry;;;;;413593;Odry;312967;Kapelní;è.p.;216;9;;74235;505113.03;1117834.02;2013-12-04T00:00:00
8466327;599701;Odry;;;;;413593;Odry;313041;Lidická;è.p.;217;2;;74235;505025.04;1117826.11;2013-12-04T00:00:00
8466335;599701;Odry;;;;;413593;Odry;312878;Dìlnická;è.p.;218;28;;74235;505003.77;1117846.34;2013-12-04T00:00:00
8466343;599701;Odry;;;;;413593;Odry;312878;Dìlnická;è.p.;220;24;;74235;504968.46;1117819.66;2013-12-04T00:00:00
8466351;599701;Odry;;;;;413593;Odry;312878;Dìlnická;è.p.;221;22;;74235;504962.87;1117810.53;2013-12-04T00:00:00
8466360;599701;Odry;;;;;413593;Odry;312878;Dìlnická;è.p.;222;20;;74235;504955.37;1117806.78;2013-12-04T00:00:00
8466378;599701;Odry;;;;;413593;Odry;313327;Sokolovská;è.p.;223;16;;74235;505099.59;1117548.69;2013-12-04T00:00:00
8466386;599701;Odry;;;;;413593;Odry;312878;Dìlnická;è.p.;224;16;;74235;504933.62;1117784.59;2013-12-04T00:00:00
8466394;599701;Odry;;;;;413593;Odry;312878;Dìlnická;è.p.;225;14;;74235;504923.16;1117775.85;2013-12-04T00:00:00
8466408;599701;Odry;;;;;413593;Odry;312878;Dìlnická;è.p.;226;12;;74235;504912.32;1117770.42;2013-12-04T00:00:00
8466416;599701;Odry;;;;;413593;Odry;312878;Dìlnická;è.p.;227;10;;74235;504899.74;1117764.70;2013-12-04T00:00:00
8466424;599701;Odry;;;;;413593;Odry;312878;Dìlnická;è.p.;228;8;;74235;504888.30;1117760.73;2013-12-04T00:00:00
8466432;599701;Odry;;;;;413593;Odry;312878;Dìlnická;è.p.;229;6;;74235;504878.15;1117754.50;2013-12-04T00:00:00
8466441;599701;Odry;;;;;413593;Odry;313181;Okružní;è.p.;230;1;;74235;504814.20;1117814.86;2013-12-04T00:00:00
8466459;599701;Odry;;;;;413593;Odry;312878;Dìlnická;è.p.;231;2;;74235;504843.68;1117728.85;2013-12-04T00:00:00
8466467;599701;Odry;;;;;413593;Odry;313424;1. máje;è.p.;232;9;;74235;504833.19;1117715.42;2013-12-04T00:00:00
8466475;599701;Odry;;;;;413593;Odry;313424;1. máje;è.p.;233;13;;74235;504835.35;1117699.53;2013-12-04T00:00:00
8466505;599701;Odry;;;;;413593;Odry;313424;1. máje;è.p.;236;17;;74235;504836.35;1117656.99;2013-12-04T00:00:00
8466513;599701;Odry;;;;;413593;Odry;312983;Komenského;è.p.;237;3;;74235;504909.66;1117679.99;2013-12-04T00:00:00
8466521;599701;Odry;;;;;413593;Odry;313424;1. máje;è.p.;238;19;;74235;504839.43;1117635.06;2013-12-04T00:00:00
8466530;599701;Odry;;;;;413593;Odry;313424;1. máje;è.p.;239;21;;74235;504841.15;1117626.65;2013-12-04T00:00:00
8466548;599701;Odry;;;;;413593;Odry;313424;1. máje;è.p.;240;23;;74235;504841.50;1117612.14;2013-12-04T00:00:00
8466556;599701;Odry;;;;;413593;Odry;313424;1. máje;è.p.;241;25;;74235;504843.90;1117585.59;2013-12-04T00:00:00
8466564;599701;Odry;;;;;413593;Odry;313424;1. máje;è.p.;242;27;;74235;504855.63;1117569.75;2013-12-04T00:00:00
8466572;599701;Odry;;;;;413593;Odry;313424;1. máje;è.p.;243;29;;74235;504860.50;1117554.63;2013-12-04T00:00:00
8466599;599701;Odry;;;;;413593;Odry;313424;1. máje;è.p.;244;33;;74235;504868.30;1117524.63;2013-12-04T00:00:00
8466602;599701;Odry;;;;;413593;Odry;313327;Sokolovská;è.p.;245;24;;74235;505155.42;1117558.87;2013-12-04T00:00:00
8466611;599701;Odry;;;;;413593;Odry;313238;Pøíèní;è.p.;246;10;;74235;505083.97;1117658.63;2013-12-04T00:00:00
8466629;599701;Odry;;;;;413593;Odry;313238;Pøíèní;è.p.;247;12;;74235;505099.69;1117646.25;2013-12-04T00:00:00
8466637;599701;Odry;;;;;413593;Odry;312983;Komenského;è.p.;248;5;;74235;504912.86;1117746.39;2013-12-04T00:00:00
8466645;599701;Odry;;;;;413593;Odry;313424;1. máje;è.p.;249;37;;74235;504827.13;1117462.09;2013-12-04T00:00:00
8466661;599701;Odry;;;;;413593;Odry;313408;Zahradní;è.p.;251;4;;74235;504613.41;1118339.24;2013-12-04T00:00:00
8466688;599701;Odry;;;;;413593;Odry;313122;Nádražní;è.p.;253;2;;74235;504607.34;1117307.38;2013-12-04T00:00:00
8466696;599701;Odry;;;;;413593;Odry;313122;Nádražní;è.p.;254;4;;74235;504587.91;1117290.88;2013-12-04T00:00:00
8466700;599701;Odry;;;;;413593;Odry;313122;Nádražní;è.p.;255;6;;74235;504563.41;1117255.75;2013-12-04T00:00:00
8466718;599701;Odry;;;;;413593;Odry;313122;Nádražní;è.p.;256;8;;74235;504550.78;1117243.50;2013-12-04T00:00:00
8466726;599701;Odry;;;;;413593;Odry;313076;Mendlova;è.p.;257;30;;74235;505012.00;1118227.68;2013-12-04T00:00:00
8466734;599701;Odry;;;;;413593;Odry;313424;1. máje;è.p.;258;42;;74235;504809.04;1117507.30;2013-12-04T00:00:00
8466742;599701;Odry;;;;;413593;Odry;313301;Sluneèná;è.p.;259;27;;74235;505068.68;1118297.81;2013-12-04T00:00:00
8466751;599701;Odry;;;;;413593;Odry;313114;Nadaèní;è.p.;260;35;;74235;505453.57;1116786.38;2013-12-04T00:00:00
8466769;599701;Odry;;;;;413593;Odry;313106;Nábøežní;è.p.;261;2;;74235;504230.91;1117947.64;2013-12-04T00:00:00
8466785;599701;Odry;;;;;413593;Odry;313106;Nábøežní;è.p.;262;4;;74235;504221.87;1117968.05;2013-12-04T00:00:00
8466793;599701;Odry;;;;;413593;Odry;313106;Nábøežní;è.p.;263;14;;74235;504137.42;1118116.30;2013-12-04T00:00:00
8466840;599701;Odry;;;;;413593;Odry;313220;Pramenní;è.p.;266;20;;74235;504345.25;1116930.62;2013-12-04T00:00:00
8466874;599701;Odry;;;;;413593;Odry;313211;Potoèní;è.p.;269;6;;74235;504822.22;1118069.35;2013-12-04T00:00:00
8466891;599701;Odry;;;;;413593;Odry;313262;Sadová;è.p.;270;10;;74235;505331.87;1117150.89;2013-12-04T00:00:00
8466921;599701;Odry;;;;;413593;Odry;313416;Zámecká;è.p.;275;6;;74235;504743.97;1117725.13;2013-12-04T00:00:00
8466939;599701;Odry;;;;;413593;Odry;313416;Zámecká;è.p.;276;4;;74235;504753.60;1117728.31;2013-12-04T00:00:00
8466947;599701;Odry;;;;;413593;Odry;313416;Zámecká;è.p.;277;2;;74235;504764.52;1117730.72;2013-12-04T00:00:00
8466955;599701;Odry;;;;;413593;Odry;313351;tø. Osvobození;è.p.;278;1;;74235;504606.28;1117456.63;2013-12-04T00:00:00
8466963;599701;Odry;;;;;413593;Odry;313076;Mendlova;è.p.;279;32;;74235;505030.20;1118229.56;2013-12-04T00:00:00
8466971;599701;Odry;;;;;413593;Odry;313351;tø. Osvobození;è.p.;280;3;;74235;504588.97;1117445.00;2013-12-04T00:00:00
8466980;599701;Odry;;;;;413593;Odry;312878;Dìlnická;è.p.;281;4;;74235;504866.82;1117752.10;2013-12-04T00:00:00
8467005;599701;Odry;;;;;413593;Odry;313165;Nové mìsto;è.p.;283;4;;74235;504541.44;1117772.95;2013-12-04T00:00:00
8467013;599701;Odry;;;;;413593;Odry;313165;Nové mìsto;è.p.;284;6;;74235;504536.31;1117784.02;2013-12-04T00:00:00
8467021;599701;Odry;;;;;413593;Odry;313165;Nové mìsto;è.p.;285;8;;74235;504523.24;1117785.81;2013-12-04T00:00:00
8467030;599701;Odry;;;;;413593;Odry;313165;Nové mìsto;è.p.;286;10;;74235;504500.37;1117805.29;2013-12-04T00:00:00
8467048;599701;Odry;;;;;413593;Odry;313165;Nové mìsto;è.p.;287;12;;74235;504490.02;1117800.75;2013-12-04T00:00:00
8467056;599701;Odry;;;;;413593;Odry;313165;Nové mìsto;è.p.;288;16;;74235;504470.98;1117799.71;2013-12-04T00:00:00
8467064;599701;Odry;;;;;413593;Odry;313351;tø. Osvobození;è.p.;289;5;;74235;504573.75;1117434.75;2013-12-04T00:00:00
8467081;599701;Odry;;;;;413593;Odry;313165;Nové mìsto;è.p.;290;18;;74235;504464.89;1117823.83;2013-12-04T00:00:00
8467099;599701;Odry;;;;;413593;Odry;313165;Nové mìsto;è.p.;291;20;;74235;504463.60;1117833.06;2013-12-04T00:00:00
8467102;599701;Odry;;;;;413593;Odry;313165;Nové mìsto;è.p.;292;22;;74235;504462.89;1117838.50;2013-12-04T00:00:00
8467111;599701;Odry;;;;;413593;Odry;313122;Nádražní;è.p.;293;20;;74235;504434.79;1117199.81;2013-12-04T00:00:00
8467129;599701;Odry;;;;;413593;Odry;313165;Nové mìsto;è.p.;294;26;;74235;504460.59;1117851.61;2013-12-04T00:00:00
8467137;599701;Odry;;;;;413593;Odry;313165;Nové mìsto;è.p.;295;28;;74235;504456.86;1117859.35;2013-12-04T00:00:00
8467145;599701;Odry;;;;;413593;Odry;313165;Nové mìsto;è.p.;296;30;;74235;504455.55;1117864.41;2013-12-04T00:00:00
8467161;599701;Odry;;;;;413593;Odry;313165;Nové mìsto;è.p.;298;36;;74235;504493.69;1117920.83;2013-12-04T00:00:00
8467170;599701;Odry;;;;;413593;Odry;313211;Potoèní;è.p.;299;30;;74235;504500.60;1117962.94;2013-12-04T00:00:00
8467188;599701;Odry;;;;;413593;Odry;313165;Nové mìsto;è.p.;300;35;;74235;504473.43;1117922.51;2013-12-04T00:00:00
8467196;599701;Odry;;;;;413593;Odry;313165;Nové mìsto;è.p.;301;33;;74235;504464.16;1117915.03;2025-11-07T00:00:00
8467200;599701;Odry;;;;;413593;Odry;313165;Nové mìsto;è.p.;302;31;;74235;504447.08;1117903.51;2013-12-04T00:00:00
8467218;599701;Odry;;;;;413593;Odry;313165;Nové mìsto;è.p.;303;29;;74235;504439.58;1117898.21;2013-12-04T00:00:00
8467234;599701;Odry;;;;;413593;Odry;313165;Nové mìsto;è.p.;304;27;;74235;504434.99;1117894.28;2013-12-04T00:00:00
8467242;599701;Odry;;;;;413593;Odry;313165;Nové mìsto;è.p.;305;25;;74235;504425.57;1117884.16;2013-12-04T00:00:00
8467251;599701;Odry;;;;;413593;Odry;313165;Nové mìsto;è.p.;306;23;;74235;504425.04;1117873.78;2014-11-20T00:00:00
8467269;599701;Odry;;;;;413593;Odry;313165;Nové mìsto;è.p.;307;21;;74235;504411.34;1117875.52;2013-12-04T00:00:00
8467277;599701;Odry;;;;;413593;Odry;313165;Nové mìsto;è.p.;308;19;;74235;504404.96;1117874.91;2013-12-04T00:00:00
8467285;599701;Odry;;;;;413593;Odry;313165;Nové mìsto;è.p.;309;17;;74235;504392.50;1117871.79;2013-12-04T00:00:00
8467293;599701;Odry;;;;;413593;Odry;313343;Tošovická;è.p.;310;2;;74235;503952.47;1115658.16;2013-12-04T00:00:00
8467307;599701;Odry;;;;;413593;Odry;313351;tø. Osvobození;è.p.;311;7;;74235;504561.98;1117422.79;2013-12-04T00:00:00
8467315;599701;Odry;;;;;413593;Odry;313351;tø. Osvobození;è.p.;312;9;;74235;504547.04;1117412.00;2013-12-04T00:00:00
8467323;599701;Odry;;;;;413593;Odry;313351;tø. Osvobození;è.p.;313;11;;74235;504533.10;1117401.31;2013-12-04T00:00:00
8467331;599701;Odry;;;;;413593;Odry;313165;Nové mìsto;è.p.;314;11;;74235;504418.68;1117841.95;2013-12-04T00:00:00
8467340;599701;Odry;;;;;413593;Odry;313165;Nové mìsto;è.p.;315;9;;74235;504425.65;1117838.13;2013-12-04T00:00:00
8467358;599701;Odry;;;;;413593;Odry;313165;Nové mìsto;è.p.;316;7;;74235;504427.77;1117826.67;2025-11-07T00:00:00
8467366;599701;Odry;;;;;413593;Odry;313165;Nové mìsto;è.p.;317;5;;74235;504431.30;1117820.40;2013-12-04T00:00:00
8467382;599701;Odry;;;;;413593;Odry;313297;Skøivánèí;è.p.;319;2;;74235;504322.98;1117795.33;2013-12-04T00:00:00
8467391;599701;Odry;;;;;413593;Odry;313297;Skøivánèí;è.p.;320;6;;74235;504303.31;1117774.44;2013-12-04T00:00:00
8467412;599701;Odry;;;;;413593;Odry;313297;Skøivánèí;è.p.;322;12;;74235;504286.83;1117748.12;2013-12-04T00:00:00
8467421;599701;Odry;;;;;413593;Odry;313297;Skøivánèí;è.p.;323;14;;74235;504275.92;1117737.31;2013-12-04T00:00:00
8467439;599701;Odry;;;;;413593;Odry;313297;Skøivánèí;è.p.;324;16;;74235;504266.26;1117732.39;2013-12-04T00:00:00
8467447;599701;Odry;;;;;413593;Odry;313297;Skøivánèí;è.p.;325;18;;74235;504258.99;1117724.83;2013-12-04T00:00:00
8467455;599701;Odry;;;;;413593;Odry;313297;Skøivánèí;è.p.;326;20;;74235;504251.38;1117718.11;2013-12-04T00:00:00
8467463;599701;Odry;;;;;413593;Odry;313297;Skøivánèí;è.p.;327;22;;74235;504231.77;1117690.51;2013-12-04T00:00:00
8467471;599701;Odry;;;;;413593;Odry;313343;Tošovická;è.p.;328;4;;74235;503957.45;1115641.53;2013-12-04T00:00:00
8467480;599701;Odry;;;;;413593;Odry;313297;Skøivánèí;è.p.;329;32;;74235;504166.64;1117617.33;2013-12-04T00:00:00
8467498;599701;Odry;;;;;413593;Odry;313351;tø. Osvobození;è.p.;330;18;;74235;504080.44;1117023.02;2013-12-04T00:00:00
8467501;599701;Odry;;;;;413593;Odry;313190;Pohoøská;è.p.;331;19;;74235;503939.29;1117649.37;2013-12-04T00:00:00
8467510;599701;Odry;;;;;413593;Odry;313190;Pohoøská;è.p.;332;28;;74235;503813.39;1117674.42;2013-12-04T00:00:00
8467536;599701;Odry;;;;;413593;Odry;312924;Hranická;è.p.;335;21;;74235;504727.59;1118135.69;2013-12-04T00:00:00
8467544;599701;Odry;;;;;413593;Odry;312924;Hranická;è.p.;336;40;;74235;504744.55;1118145.42;2013-12-04T00:00:00
8467552;599701;Odry;;;;;413593;Odry;313301;Sluneèná;è.p.;337;4;;74235;504945.16;1118044.88;2013-12-04T00:00:00
8467561;599701;Odry;;;;;413593;Odry;313041;Lidická;è.p.;338;1;;74235;505071.04;1117811.28;2013-12-04T00:00:00
8467579;599701;Odry;;;;;413593;Odry;312975;Ke koupališti;è.p.;339;13;;74235;504396.15;1118286.32;2013-12-04T00:00:00
8467587;599701;Odry;;;;;413593;Odry;312975;Ke koupališti;è.p.;341;17;;74235;504162.95;1118968.22;2013-12-04T00:00:00
8467595;599701;Odry;;;;;413593;Odry;313297;Skøivánèí;è.p.;343;44;;74235;504117.27;1117554.70;2013-12-04T00:00:00
8467609;599701;Odry;;;;;413593;Odry;313220;Pramenní;è.p.;344;16;;74235;504317.24;1116965.01;2013-12-04T00:00:00
8467617;599701;Odry;;;;;413593;Odry;313343;Tošovická;è.p.;345;5;;74235;504403.74;1116005.96;2013-12-04T00:00:00
8467625;599701;Odry;;;;;413593;Odry;313092;Mlýnské údolí;è.p.;346;5;;74235;505402.19;1117197.35;2013-12-04T00:00:00
8467633;599701;Odry;;;;;413593;Odry;313114;Nadaèní;è.p.;347;25;;74235;505257.05;1117017.52;2013-12-04T00:00:00
8467641;599701;Odry;;;;;413593;Odry;313114;Nadaèní;è.p.;348;36;;74235;505353.90;1116822.28;2013-12-04T00:00:00
8467650;599701;Odry;;;;;413593;Odry;313424;1. máje;è.p.;349;31;;74235;504858.03;1117536.63;2013-12-04T00:00:00
8467668;599701;Odry;;;;;413593;Odry;313220;Pramenní;è.p.;350;18;;74235;504331.61;1116947.40;2013-12-04T00:00:00
8467676;599701;Odry;;;;;413593;Odry;313114;Nadaèní;è.p.;351;2;;74235;505038.85;1117216.52;2013-12-04T00:00:00
8467684;599701;Odry;;;;;413593;Odry;313297;Skøivánèí;è.p.;352;4;;74235;504312.51;1117782.06;2013-12-04T00:00:00
8467692;599701;Odry;;;;;413593;Odry;313297;Skøivánèí;è.p.;353;26;;74235;504203.76;1117664.88;2013-12-04T00:00:00
8467706;599701;Odry;;;;;413593;Odry;313297;Skøivánèí;è.p.;354;30;;74235;504172.82;1117626.16;2013-12-04T00:00:00
8467714;599701;Odry;;;;;413593;Odry;313297;Skøivánèí;è.p.;355;40;;74235;504132.29;1117572.03;2013-12-04T00:00:00
8467722;599701;Odry;;;;;413593;Odry;313297;Skøivánèí;è.p.;356;36;;74235;504141.57;1117592.28;2013-12-04T00:00:00
8467731;599701;Odry;;;;;413593;Odry;313114;Nadaèní;è.p.;357;38;;74235;505510.51;1116703.20;2013-12-04T00:00:00
8467749;599701;Odry;;;;;413593;Odry;313041;Lidická;è.p.;358;9;;74235;505124.70;1117761.46;2013-12-04T00:00:00
8467757;599701;Odry;;;;;413593;Odry;313297;Skøivánèí;è.p.;359;34;;74235;504151.48;1117600.80;2013-12-04T00:00:00
8467765;599701;Odry;;;;;413593;Odry;313297;Skøivánèí;è.p.;360;38;;74235;504139.45;1117580.99;2013-12-04T00:00:00
8467773;599701;Odry;;;;;413593;Odry;313297;Skøivánèí;è.p.;361;46;;74235;504109.94;1117545.02;2013-12-04T00:00:00
8467781;599701;Odry;;;;;413593;Odry;312878;Dìlnická;è.p.;362;11;;74235;504908.92;1117787.81;2013-12-04T00:00:00
8467790;599701;Odry;;;;;413593;Odry;312878;Dìlnická;è.p.;363;31;;74235;505143.89;1117875.75;2013-12-04T00:00:00
8467803;599701;Odry;;;;;413593;Odry;313165;Nové mìsto;è.p.;364;3;;74235;504448.33;1117800.83;2013-12-04T00:00:00
8467811;599701;Odry;;;;;413593;Odry;313343;Tošovická;è.p.;365;10;;74235;504018.80;1115451.91;2013-12-04T00:00:00
8467820;599701;Odry;;;;;413593;Odry;313327;Sokolovská;è.p.;366;1;a;74235;505084.83;1117614.21;2013-12-04T00:00:00
8467846;599701;Odry;;;;;413593;Odry;312878;Dìlnická;è.p.;368;29;;74235;505130.36;1117877.39;2013-12-04T00:00:00
8467854;599701;Odry;;;;;413593;Odry;312975;Ke koupališti;è.p.;369;8;;74235;504482.54;1118255.06;2013-12-04T00:00:00
8467862;599701;Odry;;;;;413593;Odry;312975;Ke koupališti;è.p.;370;15;;74235;504362.15;1118554.57;2013-12-04T00:00:00
8467871;599701;Odry;;;;;413593;Odry;312924;Hranická;è.p.;371;39;;74235;504690.12;1119033.66;2013-12-04T00:00:00
8467889;599701;Odry;;;;;413593;Odry;313181;Okružní;è.p.;372;5;;74235;504781.81;1117797.87;2013-12-04T00:00:00
8467897;599701;Odry;;;;;413593;Odry;312959;Jižní;è.p.;373;2;;74235;504983.57;1118108.27;2013-12-04T00:00:00
8467901;599701;Odry;;;;;413593;Odry;313297;Skøivánèí;è.p.;374;28;;74235;504180.37;1117636.26;2013-12-04T00:00:00
8467919;599701;Odry;;;;;413593;Odry;313114;Nadaèní;è.p.;375;1;;74235;504910.46;1117502.56;2013-12-04T00:00:00
8467927;599701;Odry;;;;;413593;Odry;313271;Vítovská;è.p.;376;29;;74235;504414.82;1116940.02;2013-12-04T00:00:00
8467935;599701;Odry;;;;;413593;Odry;313343;Tošovická;è.p.;377;6;;74235;503956.23;1115616.67;2013-12-04T00:00:00
8467943;599701;Odry;;;;;413593;Odry;313009;Kostelní;è.p.;378;9;;74235;504687.51;1117855.51;2013-12-04T00:00:00
8467951;599701;Odry;;;;;413593;Odry;313327;Sokolovská;è.p.;379;26;;74235;505124.74;1117591.62;2013-12-04T00:00:00
8467978;599701;Odry;;;;;413593;Odry;313211;Potoèní;è.p.;381;18;;74235;504709.90;1118073.94;2013-12-04T00:00:00
8467986;599701;Odry;;;;;413593;Odry;312878;Dìlnická;è.p.;382;33;;74235;505166.75;1117869.58;2013-12-04T00:00:00
8467994;599701;Odry;;;;;413593;Odry;313424;1. máje;è.p.;383;41;;74235;504823.64;1117407.04;2013-12-04T00:00:00
8468001;599701;Odry;;;;;413593;Odry;312924;Hranická;è.p.;384;62;a;74235;504713.61;1118966.30;2017-07-17T00:00:00
8468010;599701;Odry;;;;;413593;Odry;312924;Hranická;è.p.;385;37;;74235;504677.94;1118986.34;2013-12-04T00:00:00
8468036;599701;Odry;;;;;413593;Odry;313131;Nad Rybníky;è.p.;387;64;;74235;505153.89;1119515.45;2013-12-04T00:00:00
8468044;599701;Odry;;;;;413593;Odry;313378;Veselská;è.p.;388;1;;74235;505070.71;1117909.39;2013-12-04T00:00:00
8468052;599701;Odry;;;;;413593;Odry;312975;Ke koupališti;è.p.;389;11;;74235;504396.14;1118194.25;2013-12-04T00:00:00
8468061;599701;Odry;;;;;413593;Odry;313165;Nové mìsto;è.p.;390;34;;74235;504465.29;1117873.90;2013-12-04T00:00:00
8468079;599701;Odry;;;;;413593;Odry;313394;Vítkovská;è.p.;391;29;;74235;504699.25;1117092.80;2013-12-04T00:00:00
8468087;599701;Odry;;;;;413593;Odry;313343;Tošovická;è.p.;394;8;;74235;503962.86;1115610.00;2013-12-04T00:00:00
8468095;599701;Odry;;;;;413593;Odry;312916;Fuèíkova;è.p.;396;11;;74235;504371.55;1117313.48;2013-12-04T00:00:00
8468109;599701;Odry;;;;;413593;Odry;312975;Ke koupališti;è.p.;397;6;;74235;504540.02;1118214.96;2013-12-04T00:00:00
8468117;599701;Odry;;;;;413593;Odry;313122;Nádražní;è.p.;398;33;;74235;504471.72;1117087.59;2013-12-04T00:00:00
8468125;599701;Odry;;;;;413593;Odry;313211;Potoèní;è.p.;399;32;;74235;504481.85;1117964.49;2013-12-04T00:00:00
8468133;599701;Odry;;;;;413593;Odry;313297;Skøivánèí;è.p.;400;5;;74235;504321.77;1117758.21;2013-12-04T00:00:00
8468141;599701;Odry;;;;;413593;Odry;313297;Skøivánèí;è.p.;401;7;;74235;504314.85;1117750.40;2013-12-04T00:00:00
8468150;599701;Odry;;;;;413593;Odry;313297;Skøivánèí;è.p.;402;9;;74235;504310.13;1117743.87;2013-12-04T00:00:00
8468168;599701;Odry;;;;;413593;Odry;313271;Vítovská;è.p.;403;14;;74235;504554.73;1116925.58;2013-12-04T00:00:00
8468176;599701;Odry;;;;;413593;Odry;313271;Vítovská;è.p.;404;16;;74235;504543.80;1116936.51;2013-12-04T00:00:00
8468184;599701;Odry;;;;;413593;Odry;313211;Potoèní;è.p.;405;39;;74235;504523.72;1118046.67;2013-12-04T00:00:00
8468192;599701;Odry;;;;;413593;Odry;313122;Nádražní;è.p.;406;1;;74235;504661.03;1117302.31;2013-12-04T00:00:00
8468214;599701;Odry;;;;;413593;Odry;313297;Skøivánèí;è.p.;408;11;;74235;504301.96;1117731.78;2013-12-04T00:00:00
8468222;599701;Odry;;;;;413593;Odry;313297;Skøivánèí;è.p.;409;13;;74235;504295.16;1117724.67;2013-12-04T00:00:00
8468231;599701;Odry;;;;;413593;Odry;312924;Hranická;è.p.;410;56;;74235;504752.12;1118304.68;2013-12-04T00:00:00
8468257;599701;Odry;;;;;413593;Odry;313122;Nádražní;è.p.;411;3;;74235;504651.45;1117293.15;2013-12-04T00:00:00
8468265;599701;Odry;;;;;413593;Odry;313297;Skøivánèí;è.p.;412;15;;74235;504283.09;1117714.31;2013-12-04T00:00:00
8468273;599701;Odry;;;;;413593;Odry;313297;Skøivánèí;è.p.;413;17;;74235;504274.62;1117704.70;2013-12-04T00:00:00
8468281;599701;Odry;;;;;413593;Odry;312967;Kapelní;è.p.;414;14;;74235;505198.68;1117830.87;2013-12-04T00:00:00
8468290;599701;Odry;;;;;413593;Odry;312967;Kapelní;è.p.;415;12;;74235;505184.55;1117831.95;2013-12-04T00:00:00
8468303;599701;Odry;;;;;413593;Odry;312975;Ke koupališti;è.p.;416;9;;74235;504515.46;1118189.31;2013-12-04T00:00:00
8468311;599701;Odry;;;;;413593;Odry;312975;Ke koupališti;è.p.;417;7;;74235;504523.87;1118185.67;2013-12-04T00:00:00
8468320;599701;Odry;;;;;413593;Odry;313122;Nádražní;è.p.;418;5;;74235;504641.33;1117284.20;2013-12-04T00:00:00
8468338;599701;Odry;;;;;413593;Odry;313122;Nádražní;è.p.;419;7;;74235;504633.92;1117275.86;2013-12-04T00:00:00
8468346;599701;Odry;;;;;413593;Odry;312967;Kapelní;è.p.;420;2;;74235;505147.95;1117799.64;2013-12-04T00:00:00
8468354;599701;Odry;;;;;413593;Odry;313114;Nadaèní;è.p.;421;10;a;74235;505067.86;1117118.39;2017-07-17T00:00:00
8468362;599701;Odry;;;;;413593;Odry;313301;Sluneèná;è.p.;422;7;;74235;505006.25;1118087.77;2013-12-04T00:00:00
8468389;599701;Odry;;;;;413593;Odry;313122;Nádražní;è.p.;424;9;;74235;504624.62;1117268.40;2013-12-04T00:00:00
8468397;599701;Odry;;;;;413593;Odry;313122;Nádražní;è.p.;425;11;;74235;504617.94;1117261.05;2013-12-04T00:00:00
8468401;599701;Odry;;;;;413593;Odry;313122;Nádražní;è.p.;426;13;;74235;504611.93;1117254.59;2013-12-04T00:00:00
8468419;599701;Odry;;;;;413593;Odry;313122;Nádražní;è.p.;427;15;;74235;504602.38;1117246.40;2013-12-04T00:00:00
8468427;599701;Odry;;;;;413593;Odry;313327;Sokolovská;è.p.;428;4;;74235;504984.53;1117433.71;2013-12-04T00:00:00
8468435;599701;Odry;;;;;413593;Odry;313122;Nádražní;è.p.;429;17;;74235;504594.26;1117238.47;2013-12-04T00:00:00
8468443;599701;Odry;;;;;413593;Odry;313122;Nádražní;è.p.;430;19;;74235;504585.87;1117229.11;2013-12-04T00:00:00
8468451;599701;Odry;;;;;413593;Odry;313327;Sokolovská;è.p.;431;6;;74235;504997.97;1117444.40;2013-12-04T00:00:00
8468460;599701;Odry;;;;;413593;Odry;313327;Sokolovská;è.p.;432;8;;74235;505020.65;1117468.91;2013-12-04T00:00:00
8468478;599701;Odry;;;;;413593;Odry;313092;Mlýnské údolí;è.p.;433;6;;74235;505117.94;1117208.74;2013-12-04T00:00:00
8468486;599701;Odry;;;;;413593;Odry;313092;Mlýnské údolí;è.p.;434;4;;74235;505110.76;1117211.92;2013-12-04T00:00:00
8468494;599701;Odry;;;;;413593;Odry;313327;Sokolovská;è.p.;435;2;;74235;504964.40;1117410.95;2013-12-04T00:00:00
8468508;599701;Odry;;;;;413593;Odry;313114;Nadaèní;è.p.;436;29;;74235;505425.77;1116845.50;2013-12-04T00:00:00
8468516;599701;Odry;;;;;413593;Odry;313327;Sokolovská;è.p.;437;10;;74235;505034.95;1117483.42;2013-12-04T00:00:00
8468524;599701;Odry;;;;;413593;Odry;313203;Polní;è.p.;438;1;;74235;504287.48;1117836.05;2013-12-04T00:00:00
8468532;599701;Odry;;;;;413593;Odry;313203;Polní;è.p.;439;3;;74235;504274.76;1117827.31;2013-12-04T00:00:00
8468541;599701;Odry;;;;;413593;Odry;313203;Polní;è.p.;440;5;;74235;504261.84;1117818.12;2013-12-04T00:00:00
8468559;599701;Odry;;;;;413593;Odry;313122;Nádražní;è.p.;441;21;;74235;504578.50;1117222.30;2013-12-04T00:00:00
8468567;599701;Odry;;;;;413593;Odry;313122;Nádražní;è.p.;442;31;;74235;504439.35;1117113.43;2013-12-04T00:00:00
8468575;599701;Odry;;;;;413593;Odry;313203;Polní;è.p.;443;7;;74235;504249.45;1117809.01;2013-12-04T00:00:00
8468583;599701;Odry;;;;;413593;Odry;313203;Polní;è.p.;444;9;;74235;504236.12;1117802.44;2013-12-04T00:00:00
8468591;599701;Odry;;;;;413593;Odry;313203;Polní;è.p.;445;11;;74235;504229.28;1117797.69;2013-12-04T00:00:00
8468605;599701;Odry;;;;;413593;Odry;313327;Sokolovská;è.p.;446;14;;74235;505069.59;1117519.60;2013-12-04T00:00:00
8468613;599701;Odry;;;;;413593;Odry;312975;Ke koupališti;è.p.;447;10;;74235;504420.55;1118376.20;2013-12-04T00:00:00
8468621;599701;Odry;;;;;413593;Odry;313122;Nádražní;è.p.;448;23;;74235;504571.48;1117216.01;2013-12-04T00:00:00
8468630;599701;Odry;;;;;413593;Odry;313327;Sokolovská;è.p.;449;12;;74235;505054.23;1117501.15;2013-12-04T00:00:00
8468648;599701;Odry;;;;;413593;Odry;313122;Nádražní;è.p.;450;12;;74235;504509.43;1117195.46;2013-12-04T00:00:00
8468656;599701;Odry;;;;;413593;Odry;313297;Skøivánèí;è.p.;451;48;;74235;504102.35;1117533.22;2013-12-04T00:00:00
8468664;599701;Odry;;;;;413593;Odry;313351;tø. Osvobození;è.p.;452;13;;74235;504513.15;1117305.18;2013-12-04T00:00:00
8468672;599701;Odry;;;;;413593;Odry;313271;Vítovská;è.p.;453;7;;74235;504579.68;1116776.81;2013-12-04T00:00:00
8468681;599701;Odry;;;;;413593;Odry;313190;Pohoøská;è.p.;454;10;;74235;504085.16;1117697.37;2013-12-04T00:00:00
8468699;599701;Odry;;;;;413593;Odry;313203;Polní;è.p.;455;15;;74235;504199.69;1117776.95;2013-12-04T00:00:00
8468702;599701;Odry;;;;;413593;Odry;313203;Polní;è.p.;456;13;;74235;504216.98;1117789.75;2013-12-04T00:00:00
8468711;599701;Odry;;;;;413593;Odry;313106;Nábøežní;è.p.;457;12;;74235;504151.59;1118080.47;2013-12-04T00:00:00
8468729;599701;Odry;;;;;413593;Odry;313203;Polní;è.p.;458;2;;74235;504279.66;1117850.70;2013-12-04T00:00:00
8468737;599701;Odry;;;;;413593;Odry;313203;Polní;è.p.;459;4;;74235;504271.90;1117845.63;2013-12-04T00:00:00
8468745;599701;Odry;;;;;413593;Odry;313327;Sokolovská;è.p.;460;38;;74235;505151.59;1117728.88;2013-12-04T00:00:00
8468753;599701;Odry;;;;;413593;Odry;313327;Sokolovská;è.p.;461;36;;74235;505149.28;1117717.67;2013-12-04T00:00:00
8468761;599701;Odry;;;;;413593;Odry;313203;Polní;è.p.;462;28;;74235;504109.97;1117741.54;2013-12-04T00:00:00
8468770;599701;Odry;;;;;413593;Odry;313351;tø. Osvobození;è.p.;463;17;;74235;504323.51;1117159.68;2013-12-04T00:00:00
8468788;599701;Odry;;;;;413593;Odry;313238;Pøíèní;è.p.;464;13;;74235;505114.06;1117684.70;2013-12-04T00:00:00
8468796;599701;Odry;;;;;413593;Odry;313327;Sokolovská;è.p.;465;3;;74235;505116.93;1117695.41;2013-12-04T00:00:00
8468800;599701;Odry;;;;;413593;Odry;313238;Pøíèní;è.p.;466;11;;74235;505089.48;1117692.13;2013-12-04T00:00:00
8468818;599701;Odry;;;;;413593;Odry;313238;Pøíèní;è.p.;467;9;;74235;505081.99;1117694.02;2013-12-04T00:00:00
8468826;599701;Odry;;;;;413593;Odry;313238;Pøíèní;è.p.;468;5;;74235;505064.49;1117710.28;2013-12-04T00:00:00
8468834;599701;Odry;;;;;413593;Odry;313238;Pøíèní;è.p.;469;7;;74235;505071.83;1117704.32;2013-12-04T00:00:00
8468842;599701;Odry;;;;;413593;Odry;313238;Pøíèní;è.p.;470;1;;74235;505048.22;1117724.91;2013-12-04T00:00:00
8468851;599701;Odry;;;;;413593;Odry;313238;Pøíèní;è.p.;471;3;;74235;505054.63;1117718.70;2013-12-04T00:00:00
8468869;599701;Odry;;;;;413593;Odry;313203;Polní;è.p.;472;6;;74235;504254.12;1117836.17;2013-12-04T00:00:00
8468877;599701;Odry;;;;;413593;Odry;313203;Polní;è.p.;473;8;;74235;504247.06;1117831.82;2013-12-04T00:00:00
8468885;599701;Odry;;;;;413593;Odry;313203;Polní;è.p.;474;17;;74235;504184.73;1117767.35;2013-12-04T00:00:00
8468893;599701;Odry;;;;;413593;Odry;313203;Polní;è.p.;475;27;;74235;504105.71;1117715.10;2013-12-04T00:00:00
8468907;599701;Odry;;;;;413593;Odry;313190;Pohoøská;è.p.;476;14;;74235;503960.45;1117753.45;2013-12-04T00:00:00
8468915;599701;Odry;;;;;413593;Odry;313190;Pohoøská;è.p.;477;16;;74235;503958.20;1117762.74;2013-12-04T00:00:00
8468923;599701;Odry;;;;;413593;Odry;313190;Pohoøská;è.p.;478;12;;74235;504062.03;1117716.01;2013-12-04T00:00:00
8468931;599701;Odry;;;;;413593;Odry;313203;Polní;è.p.;479;25;;74235;504120.17;1117724.87;2013-12-04T00:00:00
8468940;599701;Odry;;;;;413593;Odry;313190;Pohoøská;è.p.;480;6;;74235;504348.04;1117596.85;2013-12-04T00:00:00
8468958;599701;Odry;;;;;413593;Odry;313203;Polní;è.p.;481;12;;74235;504225.98;1117816.36;2013-12-04T00:00:00
8468966;599701;Odry;;;;;413593;Odry;313203;Polní;è.p.;482;10;;74235;504233.65;1117820.85;2013-12-04T00:00:00
8468974;599701;Odry;;;;;413593;Odry;313203;Polní;è.p.;483;14;;74235;504213.81;1117810.23;2013-12-04T00:00:00
8468982;599701;Odry;;;;;413593;Odry;313203;Polní;è.p.;484;26;;74235;504124.40;1117751.11;2013-12-04T00:00:00
8468991;599701;Odry;;;;;413593;Odry;313203;Polní;è.p.;485;30;;74235;504089.24;1117728.71;2013-12-04T00:00:00
8469008;599701;Odry;;;;;413593;Odry;313203;Polní;è.p.;486;32;;74235;504080.78;1117722.73;2013-12-04T00:00:00
8469016;599701;Odry;;;;;413593;Odry;313190;Pohoøská;è.p.;487;7;;74235;504093.23;1117651.69;2013-12-04T00:00:00
8469024;599701;Odry;;;;;413593;Odry;313190;Pohoøská;è.p.;488;9;;74235;504085.55;1117657.51;2013-12-04T00:00:00
8469032;599701;Odry;;;;;413593;Odry;313190;Pohoøská;è.p.;489;11;;74235;504066.85;1117672.99;2013-12-04T00:00:00
8469041;599701;Odry;;;;;413593;Odry;313327;Sokolovská;è.p.;490;42;;74235;505178.03;1117780.31;2013-12-04T00:00:00
8469059;599701;Odry;;;;;413593;Odry;313327;Sokolovská;è.p.;491;44;;74235;505187.06;1117783.24;2013-12-04T00:00:00
8469067;599701;Odry;;;;;413593;Odry;313378;Veselská;è.p.;492;12;;74235;505238.80;1118179.81;2013-12-04T00:00:00
8469075;599701;Odry;;;;;413593;Odry;313327;Sokolovská;è.p.;493;5;;74235;505263.59;1117734.88;2013-12-04T00:00:00
8469083;599701;Odry;;;;;413593;Odry;313327;Sokolovská;è.p.;494;7;;74235;505268.49;1117708.72;2013-12-04T00:00:00
8469091;599701;Odry;;;;;413593;Odry;313271;Vítovská;è.p.;495;22;;74235;504512.40;1116957.94;2013-12-04T00:00:00
8469105;599701;Odry;;;;;413593;Odry;313271;Vítovská;è.p.;496;20;;74235;504522.94;1116948.40;2013-12-04T00:00:00
8469113;599701;Odry;;;;;413593;Odry;313271;Vítovská;è.p.;497;18;;74235;504527.15;1116942.52;2013-12-04T00:00:00
8469121;599701;Odry;;;;;413593;Odry;313271;Vítovská;è.p.;498;24;;74235;504459.81;1116880.39;2013-12-04T00:00:00
8469130;599701;Odry;;;;;413593;Odry;313271;Vítovská;è.p.;499;26;;74235;504453.31;1116874.37;2013-12-04T00:00:00
8469148;599701;Odry;;;;;413593;Odry;313271;Vítovská;è.p.;500;1;;74235;504584.68;1116877.98;2013-12-04T00:00:00
8469156;599701;Odry;;;;;413593;Odry;313165;Nové mìsto;è.p.;501;15;;74235;504327.16;1117940.08;2013-12-04T00:00:00
8469164;599701;Odry;;;;;413593;Odry;313122;Nádražní;è.p.;502;27;;74235;504506.69;1117139.29;2013-12-04T00:00:00
8469172;599701;Odry;;;;;413593;Odry;313297;Skøivánèí;è.p.;503;50;;74235;503786.69;1117222.97;2013-12-04T00:00:00
8469181;599701;Odry;;;;;413593;Odry;313114;Nadaèní;è.p.;504;31;;74235;505482.76;1116755.45;2013-12-04T00:00:00
8469199;599701;Odry;;;;;413593;Odry;313203;Polní;è.p.;505;20;;74235;504166.08;1117778.43;2013-12-04T00:00:00
8469202;599701;Odry;;;;;413593;Odry;313203;Polní;è.p.;506;24;;74235;504141.79;1117763.68;2013-12-04T00:00:00
8469211;599701;Odry;;;;;413593;Odry;313203;Polní;è.p.;507;22;;74235;504149.87;1117768.31;2013-12-04T00:00:00
8469229;599701;Odry;;;;;413593;Odry;313068;Marxova;è.p.;508;1;;74235;504240.08;1117895.00;2013-12-04T00:00:00
8469237;599701;Odry;;;;;413593;Odry;313068;Marxova;è.p.;509;3;;74235;504225.81;1117886.12;2013-12-04T00:00:00
8469245;599701;Odry;;;;;413593;Odry;313068;Marxova;è.p.;510;5;;74235;504211.98;1117877.51;2013-12-04T00:00:00
8469253;599701;Odry;;;;;413593;Odry;313068;Marxova;è.p.;511;13;;74235;504154.06;1117841.84;2013-12-04T00:00:00
8469261;599701;Odry;;;;;413593;Odry;313203;Polní;è.p.;512;16;;74235;504192.83;1117796.43;2013-12-04T00:00:00
8469288;599701;Odry;;;;;413593;Odry;313203;Polní;è.p.;513;18;;74235;504180.69;1117787.67;2013-12-04T00:00:00
8469296;599701;Odry;;;;;413593;Odry;313190;Pohoøská;è.p.;514;26;;74235;503805.29;1117633.79;2013-12-04T00:00:00
8469300;599701;Odry;;;;;413593;Odry;312924;Hranická;è.p.;515;1;;74235;504782.20;1117986.90;2013-12-04T00:00:00
8469318;599701;Odry;;;;;413593;Odry;313114;Nadaèní;è.p.;516;3;;74235;504929.46;1117439.99;2013-12-04T00:00:00
8469326;599701;Odry;;;;;413593;Odry;312983;Komenského;è.p.;517;2;;74235;504871.46;1117593.99;2013-12-04T00:00:00
8469334;599701;Odry;;;;;413593;Odry;313327;Sokolovská;è.p.;518;48;;74235;505223.26;1117761.30;2013-12-04T00:00:00
8469342;599701;Odry;;;;;413593;Odry;313203;Polní;è.p.;519;21;;74235;504156.16;1117748.22;2013-12-04T00:00:00
8469351;599701;Odry;;;;;413593;Odry;312916;Fuèíkova;è.p.;520;14;;74235;504326.66;1117308.65;2013-12-04T00:00:00
8469369;599701;Odry;;;;;413593;Odry;313068;Marxova;è.p.;521;7;;74235;504188.34;1117863.02;2013-12-04T00:00:00
8469377;599701;Odry;;;;;413593;Odry;313068;Marxova;è.p.;522;9;;74235;504177.08;1117855.95;2013-12-04T00:00:00
8469385;599701;Odry;;;;;413593;Odry;313068;Marxova;è.p.;523;23;;74235;504088.35;1117802.08;2013-12-04T00:00:00
8469393;599701;Odry;;;;;413593;Odry;313203;Polní;è.p.;524;19;;74235;504169.64;1117757.54;2013-12-04T00:00:00
8469407;599701;Odry;;;;;413593;Odry;313211;Potoèní;è.p.;525;37;;74235;504545.27;1118122.43;2013-12-04T00:00:00
8469415;599701;Odry;;;;;413593;Odry;313114;Nadaèní;è.p.;526;8;;74235;505076.42;1117154.73;2013-12-04T00:00:00
8469423;599701;Odry;;;;;413593;Odry;313114;Nadaèní;è.p.;527;22;;74235;505164.07;1117061.83;2013-12-04T00:00:00
8469431;599701;Odry;;;;;413593;Odry;313114;Nadaèní;è.p.;528;24;;74235;505170.22;1117055.35;2013-12-04T00:00:00
8469440;599701;Odry;;;;;413593;Odry;313327;Sokolovská;è.p.;529;46;;74235;505212.66;1117775.61;2013-12-04T00:00:00
8469458;599701;Odry;;;;;413593;Odry;313327;Sokolovská;è.p.;530;50;;74235;505227.98;1117738.93;2013-12-04T00:00:00
8469466;599701;Odry;;;;;413593;Odry;313190;Pohoøská;è.p.;531;13;;74235;503974.63;1117697.69;2013-12-04T00:00:00
8469474;599701;Odry;;;;;413593;Odry;313068;Marxova;è.p.;532;15;;74235;504140.80;1117834.89;2013-12-04T00:00:00
8469482;599701;Odry;;;;;413593;Odry;313068;Marxova;è.p.;533;19;;74235;504109.85;1117813.59;2013-12-04T00:00:00
8469491;599701;Odry;;;;;413593;Odry;313068;Marxova;è.p.;534;21;;74235;504101.66;1117807.13;2013-12-04T00:00:00
8469504;599701;Odry;;;;;413593;Odry;313068;Marxova;è.p.;535;31;;74235;504029.59;1117765.34;2013-12-04T00:00:00
8469512;599701;Odry;;;;;413593;Odry;313211;Potoèní;è.p.;536;38;;74235;504568.76;1118092.24;2013-12-04T00:00:00
8469521;599701;Odry;;;;;413593;Odry;312924;Hranická;è.p.;537;35;;74235;504693.25;1118274.26;2013-12-04T00:00:00
8469555;599701;Odry;;;;;413593;Odry;313394;Vítkovská;è.p.;539;21;;74235;504864.65;1117207.99;2013-12-04T00:00:00
8469563;599701;Odry;;;;;413593;Odry;313122;Nádražní;è.p.;540;;;74235;504650.96;1117375.62;2013-12-04T00:00:00
8469571;599701;Odry;;;;;413593;Odry;313220;Pramenní;è.p.;541;23;;74235;504367.07;1116949.07;2013-12-04T00:00:00
8469580;599701;Odry;;;;;413593;Odry;313271;Vítovská;è.p.;542;31;;74235;505608.16;1116192.29;2013-12-04T00:00:00
8469598;599701;Odry;;;;;413593;Odry;313271;Vítovská;è.p.;543;28;;74235;504436.16;1116860.08;2013-12-04T00:00:00
8469601;599701;Odry;;;;;413593;Odry;313220;Pramenní;è.p.;544;1;;74235;504244.39;1117098.37;2013-12-04T00:00:00
8469610;599701;Odry;;;;;413593;Odry;313122;Nádražní;è.p.;545;18;;74235;504463.86;1117150.58;2013-12-04T00:00:00
8469628;599701;Odry;;;;;413593;Odry;313190;Pohoøská;è.p.;546;15;;74235;503979.73;1117680.05;2013-12-04T00:00:00
8469636;599701;Odry;;;;;413593;Odry;313068;Marxova;è.p.;547;18;;74235;504077.39;1117826.39;2013-12-04T00:00:00
8469644;599701;Odry;;;;;413593;Odry;313068;Marxova;è.p.;548;16;;74235;504090.26;1117834.16;2013-12-04T00:00:00
8469652;599701;Odry;;;;;413593;Odry;313068;Marxova;è.p.;549;27;;74235;504056.43;1117781.67;2013-12-04T00:00:00
8469661;599701;Odry;;;;;413593;Odry;313068;Marxova;è.p.;550;25;;74235;504076.37;1117794.81;2013-12-04T00:00:00
8469679;599701;Odry;;;;;413593;Odry;313068;Marxova;è.p.;551;11;;74235;504165.73;1117847.90;2013-12-04T00:00:00
8469687;599701;Odry;;;;;413593;Odry;313068;Marxova;è.p.;552;14;;74235;504101.76;1117841.62;2013-12-04T00:00:00
8469695;599701;Odry;;;;;413593;Odry;313297;Skøivánèí;è.p.;553;3;;74235;504328.49;1117765.57;2013-12-04T00:00:00
8469709;599701;Odry;;;;;413593;Odry;313351;tø. Osvobození;è.p.;554;15;;74235;504479.35;1117314.45;2013-12-04T00:00:00
8469717;599701;Odry;;;;;413593;Odry;313327;Sokolovská;è.p.;555;40;;74235;505159.03;1117748.48;2013-12-04T00:00:00
8469725;599701;Odry;;;;;413593;Odry;313068;Marxova;è.p.;556;12;;74235;504115.59;1117850.73;2013-12-04T00:00:00
8469733;599701;Odry;;;;;413593;Odry;313220;Pramenní;è.p.;557;4;;74235;504242.74;1117058.18;2013-12-04T00:00:00
8469741;599701;Odry;;;;;413593;Odry;313190;Pohoøská;è.p.;558;18;;74235;503951.48;1117782.51;2013-12-04T00:00:00
8469750;599701;Odry;;;;;413593;Odry;312983;Komenského;è.p.;559;1;;74235;504924.40;1117643.60;2013-12-04T00:00:00
8469768;599701;Odry;;;;;413593;Odry;312878;Dìlnická;è.p.;560;37;;74235;505323.97;1117850.61;2013-12-04T00:00:00
8469776;599701;Odry;;;;;413593;Odry;313076;Mendlova;è.p.;561;6;;74235;504797.21;1118187.83;2025-04-28T00:00:00
8469784;599701;Odry;;;;;413593;Odry;313076;Mendlova;è.p.;562;8;;74235;504808.66;1118192.50;2013-12-04T00:00:00
8469792;599701;Odry;;;;;413593;Odry;313076;Mendlova;è.p.;563;10;;74235;504819.08;1118193.78;2013-12-04T00:00:00
8469806;599701;Odry;;;;;413593;Odry;313076;Mendlova;è.p.;564;12;;74235;504834.32;1118197.74;2013-12-04T00:00:00
8469814;599701;Odry;;;;;413593;Odry;313076;Mendlova;è.p.;565;16;;74235;504866.03;1118201.00;2013-12-04T00:00:00
8469822;599701;Odry;;;;;413593;Odry;313220;Pramenní;è.p.;566;6;;74235;504252.05;1117045.71;2013-12-04T00:00:00
8469831;599701;Odry;;;;;413593;Odry;313068;Marxova;è.p.;567;29;;74235;504043.58;1117773.37;2013-12-04T00:00:00
8469849;599701;Odry;;;;;413593;Odry;313068;Marxova;è.p.;568;17;;74235;504123.29;1117823.33;2013-12-04T00:00:00
8469857;599701;Odry;;;;;413593;Odry;313068;Marxova;è.p.;569;20;;74235;504062.50;1117816.61;2013-12-04T00:00:00
8469865;599701;Odry;;;;;413593;Odry;313351;tø. Osvobození;è.p.;570;21;;74235;504256.72;1117110.25;2013-12-04T00:00:00
8469873;599701;Odry;;;;;413593;Odry;313220;Pramenní;è.p.;571;3;;74235;504265.01;1117071.37;2013-12-04T00:00:00
8469881;599701;Odry;;;;;413593;Odry;313220;Pramenní;è.p.;572;5;;74235;504270.65;1117064.06;2013-12-04T00:00:00
8469890;599701;Odry;;;;;413593;Odry;313220;Pramenní;è.p.;573;8;;74235;504264.96;1117031.59;2013-12-04T00:00:00
8469903;599701;Odry;;;;;413593;Odry;313351;tø. Osvobození;è.p.;574;2;;74235;504489.15;1117370.79;2013-12-04T00:00:00
8469911;599701;Odry;;;;;413593;Odry;313351;tø. Osvobození;è.p.;575;6;;74235;504446.53;1117328.93;2013-12-04T00:00:00
8469920;599701;Odry;;;;;413593;Odry;313190;Pohoøská;è.p.;576;1;;74235;504472.55;1117404.02;2013-12-04T00:00:00
8469938;599701;Odry;;;;;413593;Odry;312916;Fuèíkova;è.p.;577;1;;74235;504458.17;1117390.22;2013-12-04T00:00:00
8469946;599701;Odry;;;;;413593;Odry;312916;Fuèíkova;è.p.;578;5;;74235;504431.86;1117368.99;2013-12-04T00:00:00
8469954;599701;Odry;;;;;413593;Odry;313351;tø. Osvobození;è.p.;579;16;;74235;504341.64;1117256.27;2013-12-04T00:00:00
8469962;599701;Odry;;;;;413593;Odry;313351;tø. Osvobození;è.p.;580;4;;74235;504458.88;1117342.25;2013-12-04T00:00:00
8469971;599701;Odry;;;;;413593;Odry;313068;Marxova;è.p.;581;22;;74235;504016.42;1117786.75;2013-12-04T00:00:00
8469989;599701;Odry;;;;;413593;Odry;313076;Mendlova;è.p.;582;2;;74235;504746.60;1118190.34;2013-12-04T00:00:00
8469997;599701;Odry;;;;;413593;Odry;312983;Komenského;è.p.;583;9;;74235;504991.13;1117744.53;2013-12-04T00:00:00
8470006;599701;Odry;;;;;413593;Odry;313076;Mendlova;è.p.;584;14;;74235;504849.07;1118198.73;2013-12-04T00:00:00
8470014;599701;Odry;;;;;413593;Odry;313106;Nábøežní;è.p.;585;6;;74235;504202.25;1117993.01;2013-12-04T00:00:00
8470022;599701;Odry;;;;;413593;Odry;313050;Luèní;è.p.;586;1;;74235;504041.88;1117803.20;2013-12-04T00:00:00
8470031;599701;Odry;;;;;413593;Odry;313076;Mendlova;è.p.;587;24;;74235;504945.63;1118215.38;2013-12-04T00:00:00
8470049;599701;Odry;;;;;413593;Odry;313076;Mendlova;è.p.;588;26;;74235;504965.69;1118217.11;2013-12-04T00:00:00
8470057;599701;Odry;;;;;413593;Odry;312916;Fuèíkova;è.p.;589;7;;74235;504413.30;1117351.92;2013-12-04T00:00:00
8470065;599701;Odry;;;;;413593;Odry;313050;Luèní;è.p.;590;9;;74235;504010.22;1117856.75;2013-12-04T00:00:00
8470073;599701;Odry;;;;;413593;Odry;313050;Luèní;è.p.;591;11;;74235;504007.36;1117864.99;2013-12-04T00:00:00
8470081;599701;Odry;;;;;413593;Odry;313050;Luèní;è.p.;592;2;;74235;504045.61;1117845.49;2013-12-04T00:00:00
8470090;599701;Odry;;;;;413593;Odry;313122;Nádražní;è.p.;593;14;;74235;504492.77;1117179.25;2013-12-04T00:00:00
8470103;599701;Odry;;;;;413593;Odry;313076;Mendlova;è.p.;594;18;;74235;504894.26;1118204.57;2013-12-04T00:00:00
8470111;599701;Odry;;;;;413593;Odry;312983;Komenského;è.p.;595;8;;74235;504946.43;1117695.48;2013-12-04T00:00:00
8470138;599701;Odry;;;;;413593;Odry;313114;Nadaèní;è.p.;597;27;;74235;505404.67;1116876.56;2013-12-04T00:00:00
8470146;599701;Odry;;;;;413593;Odry;313050;Luèní;è.p.;598;4;;74235;504037.24;1117858.54;2013-12-04T00:00:00
8470154;599701;Odry;;;;;413593;Odry;313122;Nádražní;è.p.;599;10;;74235;504533.79;1117218.39;2013-12-04T00:00:00
8470162;599701;Odry;;;;;413593;Odry;313190;Pohoøská;è.p.;600;17;;74235;503983.67;1117657.23;2013-12-04T00:00:00
8470171;599701;Odry;;;;;413593;Odry;313033;Kvìtná;è.p.;601;2;;74235;505162.97;1117104.83;2013-12-04T00:00:00
8470189;599701;Odry;;;;;413593;Odry;313033;Kvìtná;è.p.;602;4;;74235;505179.77;1117121.68;2013-12-04T00:00:00
8470197;599701;Odry;;;;;413593;Odry;313351;tø. Osvobození;è.p.;603;8;;74235;504426.44;1117311.62;2013-12-04T00:00:00
8470201;599701;Odry;;;;;413593;Odry;312916;Fuèíkova;è.p.;604;3;;74235;504444.17;1117380.78;2013-12-04T00:00:00
8470219;599701;Odry;;;;;413593;Odry;313050;Luèní;è.p.;605;3;;74235;504034.52;1117817.59;2013-12-04T00:00:00
8470227;599701;Odry;;;;;413593;Odry;313050;Luèní;è.p.;606;5;;74235;504026.00;1117829.09;2013-12-04T00:00:00
8470235;599701;Odry;;;;;413593;Odry;313041;Lidická;è.p.;607;10;;74235;505111.75;1117724.11;2013-12-04T00:00:00
8470243;599701;Odry;;;;;413593;Odry;312983;Komenského;è.p.;608;7;;74235;504960.75;1117730.62;2013-12-04T00:00:00
8470251;599701;Odry;;;;;413593;Odry;312983;Komenského;è.p.;609;6;;74235;504970.85;1117643.10;2013-12-04T00:00:00
8470260;599701;Odry;;;;;413593;Odry;312983;Komenského;è.p.;610;11;;74235;505008.38;1117753.92;2013-12-04T00:00:00
8470278;599701;Odry;;;;;413593;Odry;313076;Mendlova;è.p.;611;11;;74235;504877.45;1118230.04;2013-12-04T00:00:00
8470286;599701;Odry;;;;;413593;Odry;313033;Kvìtná;è.p.;612;3;;74235;505162.57;1117140.49;2013-12-04T00:00:00
8470294;599701;Odry;;;;;413593;Odry;313033;Kvìtná;è.p.;613;5;;74235;505175.10;1117154.92;2013-12-04T00:00:00
8470308;599701;Odry;;;;;413593;Odry;313050;Luèní;è.p.;614;6;;74235;504033.91;1117871.61;2013-12-04T00:00:00
8470316;599701;Odry;;;;;413593;Odry;312983;Komenského;è.p.;615;10;;74235;505039.62;1117750.86;2013-12-04T00:00:00
8470324;599701;Odry;;;;;413593;Odry;312983;Komenského;è.p.;616;12;;74235;505055.34;1117768.04;2013-12-04T00:00:00
8470332;599701;Odry;;;;;413593;Odry;313297;Skøivánèí;è.p.;617;10;;74235;504293.65;1117757.84;2013-12-04T00:00:00
8470341;599701;Odry;;;;;413593;Odry;313076;Mendlova;è.p.;618;9;;74235;504837.07;1118224.45;2013-12-04T00:00:00
8470359;599701;Odry;;;;;413593;Odry;313220;Pramenní;è.p.;619;14;;74235;504303.05;1116983.36;2013-12-04T00:00:00
8470367;599701;Odry;;;;;413593;Odry;313050;Luèní;è.p.;620;15;;74235;503997.67;1117910.54;2013-12-04T00:00:00
8470375;599701;Odry;;;;;413593;Odry;313050;Luèní;è.p.;621;21;;74235;503978.39;1117941.84;2013-12-04T00:00:00
8470383;599701;Odry;;;;;413593;Odry;313351;tø. Osvobození;è.p.;622;10;;74235;504416.59;1117302.20;2013-12-04T00:00:00
8470391;599701;Odry;;;;;413593;Odry;313076;Mendlova;è.p.;623;17;;74235;504954.93;1118245.16;2013-12-04T00:00:00
8470405;599701;Odry;;;;;413593;Odry;313033;Kvìtná;è.p.;624;1;;74235;505144.50;1117122.86;2013-12-04T00:00:00
8470413;599701;Odry;;;;;413593;Odry;313050;Luèní;è.p.;625;19;;74235;503989.09;1117931.57;2013-12-04T00:00:00
8470421;599701;Odry;;;;;413593;Odry;313050;Luèní;è.p.;626;17;;74235;503993.47;1117923.60;2013-12-04T00:00:00
8470430;599701;Odry;;;;;413593;Odry;312916;Fuèíkova;è.p.;627;13;;74235;504349.41;1117292.08;2013-12-04T00:00:00
8470448;599701;Odry;;;;;413593;Odry;313041;Lidická;è.p.;628;5;;74235;505088.80;1117789.74;2013-12-04T00:00:00
8470456;599701;Odry;;;;;413593;Odry;313114;Nadaèní;è.p.;629;19;;74235;505211.98;1117058.83;2013-12-04T00:00:00
8470464;599701;Odry;;;;;413593;Odry;313041;Lidická;è.p.;630;3;;74235;505087.46;1117808.64;2013-12-04T00:00:00
8470472;599701;Odry;;;;;413593;Odry;313416;Zámecká;è.p.;631;7;;74235;504661.49;1117584.52;2013-12-04T00:00:00
8470481;599701;Odry;;;;;413593;Odry;313076;Mendlova;è.p.;632;1;;74235;504774.04;1118214.93;2013-12-04T00:00:00
8470499;599701;Odry;;;;;413593;Odry;313050;Luèní;è.p.;633;7;;74235;504019.85;1117843.46;2013-12-04T00:00:00
8470502;599701;Odry;;;;;413593;Odry;313190;Pohoøská;è.p.;634;20;;74235;503945.44;1117809.32;2013-12-04T00:00:00
8470511;599701;Odry;;;;;413593;Odry;313041;Lidická;è.p.;635;4;;74235;505040.66;1117809.36;2013-12-04T00:00:00
8470529;599701;Odry;;;;;413593;Odry;313203;Polní;è.p.;636;23;;74235;504136.65;1117735.46;2013-12-04T00:00:00
8470537;599701;Odry;;;;;413593;Odry;313408;Zahradní;è.p.;637;20;;74235;504450.40;1118304.53;2013-12-04T00:00:00
8470545;599701;Odry;;;;;413593;Odry;313076;Mendlova;è.p.;638;22;;74235;504928.77;1118209.31;2013-12-04T00:00:00
8470553;599701;Odry;;;;;413593;Odry;313378;Veselská;è.p.;639;8;;74235;505215.49;1117910.94;2013-12-04T00:00:00
8470561;599701;Odry;;;;;413593;Odry;313190;Pohoøská;è.p.;640;22;;74235;503940.67;1117831.58;2013-12-04T00:00:00
8470570;599701;Odry;;;;;413593;Odry;312924;Hranická;è.p.;641;60;;74235;504679.25;1118737.50;2013-12-04T00:00:00
8470588;599701;Odry;;;;;413593;Odry;313271;Vítovská;è.p.;642;3;;74235;504580.59;1116835.25;2013-12-04T00:00:00
8470596;599701;Odry;;;;;413593;Odry;313041;Lidická;è.p.;643;8;;74235;505095.20;1117746.79;2013-12-04T00:00:00
8470600;599701;Odry;;;;;413593;Odry;313190;Pohoøská;è.p.;644;3;;74235;504457.10;1117424.63;2013-12-04T00:00:00
8470618;599701;Odry;;;;;413593;Odry;313351;tø. Osvobození;è.p.;645;12;;74235;504402.95;1117289.00;2013-12-04T00:00:00
8470626;599701;Odry;;;;;413593;Odry;312975;Ke koupališti;è.p.;646;12;;74235;504421.71;1118562.57;2013-12-04T00:00:00
8470634;599701;Odry;;;;;413593;Odry;313327;Sokolovská;è.p.;647;1;;74235;505028.00;1117549.09;2013-12-04T00:00:00
8470642;599701;Odry;;;;;413593;Odry;313041;Lidická;è.p.;648;6;;74235;505086.94;1117758.42;2013-12-04T00:00:00
8470651;599701;Odry;;;;;413593;Odry;313327;Sokolovská;è.p.;649;18;;74235;505121.20;1117556.27;2013-12-04T00:00:00
8470669;599701;Odry;;;;;413593;Odry;313351;tø. Osvobození;è.p.;650;23;;74235;504195.69;1117052.62;2013-12-04T00:00:00
8470677;599701;Odry;;;;;413593;Odry;313076;Mendlova;è.p.;651;27;;74235;505049.20;1118258.89;2013-12-04T00:00:00
8470685;599701;Odry;;;;;413593;Odry;313220;Pramenní;è.p.;652;7;a;74235;504284.98;1117049.38;2013-12-04T00:00:00
8470693;599701;Odry;;;;;413593;Odry;313076;Mendlova;è.p.;653;19;;74235;504972.77;1118244.64;2013-12-04T00:00:00
8470707;599701;Odry;;;;;413593;Odry;312983;Komenského;è.p.;654;15;;74235;505049.75;1117797.36;2013-12-04T00:00:00
8470715;599701;Odry;;;;;413593;Odry;313076;Mendlova;è.p.;655;21;;74235;504986.62;1118248.79;2013-12-04T00:00:00
8470723;599701;Odry;;;;;413593;Odry;313271;Vítovská;è.p.;656;5;;74235;504577.93;1116815.80;2013-12-04T00:00:00
8470731;599701;Odry;;;;;413593;Odry;313076;Mendlova;è.p.;657;3;;74235;504802.90;1118219.20;2013-12-04T00:00:00
8470740;599701;Odry;;;;;413593;Odry;312959;Jižní;è.p.;658;7;;74235;504928.25;1118140.57;2013-12-04T00:00:00
8470758;599701;Odry;;;;;413593;Odry;313351;tø. Osvobození;è.p.;659;20;;74235;503831.78;1116791.29;2013-12-04T00:00:00
8470774;599701;Odry;;;;;413593;Odry;313122;Nádražní;è.p.;660;;;74235;504840.97;1117188.45;2013-12-04T00:00:00
8470782;599701;Odry;;;;;413593;Odry;313301;Sluneèná;è.p.;661;12;;74235;505085.31;1118095.88;2013-12-04T00:00:00
8470791;599701;Odry;;;;;413593;Odry;312924;Hranická;è.p.;662;58;;74235;504729.28;1118318.09;2013-12-04T00:00:00
8470804;599701;Odry;;;;;413593;Odry;313220;Pramenní;è.p.;663;7;;74235;504287.33;1117044.75;2013-12-04T00:00:00
8470812;599701;Odry;;;;;413593;Odry;313220;Pramenní;è.p.;664;11;;74235;504304.47;1117021.98;2013-12-04T00:00:00
8470821;599701;Odry;;;;;413593;Odry;313173;sídlištì Pod lesem;è.p.;665;22;;74235;505007.43;1117367.06;2013-12-04T00:00:00
8470839;599701;Odry;;;;;413593;Odry;313173;sídlištì Pod lesem;è.p.;666;23;;74235;505020.62;1117345.43;2013-12-04T00:00:00
8470847;599701;Odry;;;;;413593;Odry;313173;sídlištì Pod lesem;è.p.;667;24;;74235;505030.66;1117334.76;2013-12-04T00:00:00
8470855;599701;Odry;;;;;413593;Odry;313173;sídlištì Pod lesem;è.p.;668;20;;74235;505032.14;1117392.49;2016-11-01T00:00:00
8470863;599701;Odry;;;;;413593;Odry;313173;sídlištì Pod lesem;è.p.;669;21;;74235;505042.56;1117402.81;2016-11-01T00:00:00
8470871;599701;Odry;;;;;413593;Odry;313122;Nádražní;è.p.;670;30;;74235;504917.53;1117108.59;2013-12-04T00:00:00
8470880;599701;Odry;;;;;413593;Odry;313114;Nadaèní;è.p.;671;10;;74235;505087.54;1117131.69;2013-12-04T00:00:00
8470898;599701;Odry;;;;;413593;Odry;313114;Nadaèní;è.p.;672;12;;74235;505103.93;1117123.44;2013-12-04T00:00:00
8470901;599701;Odry;;;;;413593;Odry;313114;Nadaèní;è.p.;673;14;;74235;505112.54;1117106.05;2013-12-04T00:00:00
8470910;599701;Odry;;;;;413593;Odry;313114;Nadaèní;è.p.;674;16;;74235;505126.92;1117098.31;2013-12-04T00:00:00
8470928;599701;Odry;;;;;413593;Odry;313114;Nadaèní;è.p.;675;18;;74235;505135.35;1117081.09;2013-12-04T00:00:00
8470936;599701;Odry;;;;;413593;Odry;313114;Nadaèní;è.p.;676;20;;74235;505153.30;1117070.83;2013-12-04T00:00:00
8470944;599701;Odry;;;;;413593;Odry;313114;Nadaèní;è.p.;677;13;;74235;505103.73;1117173.52;2013-12-04T00:00:00
8470952;599701;Odry;;;;;413593;Odry;313114;Nadaèní;è.p.;678;15;;74235;505114.57;1117161.46;2013-12-04T00:00:00
8470961;599701;Odry;;;;;413593;Odry;313092;Mlýnské údolí;è.p.;679;8;;74235;505145.14;1117204.29;2013-12-04T00:00:00
8470979;599701;Odry;;;;;413593;Odry;313033;Kvìtná;è.p.;680;6;;74235;505211.10;1117143.11;2013-12-04T00:00:00
8470987;599701;Odry;;;;;413593;Odry;313033;Kvìtná;è.p.;681;8;;74235;505224.18;1117156.86;2013-12-04T00:00:00
8470995;599701;Odry;;;;;413593;Odry;313033;Kvìtná;è.p.;682;10;;74235;505236.19;1117172.48;2013-12-04T00:00:00
8471002;599701;Odry;;;;;413593;Odry;313033;Kvìtná;è.p.;683;12;;74235;505254.21;1117184.63;2013-12-04T00:00:00
8471011;599701;Odry;;;;;413593;Odry;313033;Kvìtná;è.p.;684;14;;74235;505271.82;1117197.98;2013-12-04T00:00:00
8471029;599701;Odry;;;;;413593;Odry;313114;Nadaèní;è.p.;685;32;;74235;505218.01;1116976.48;2013-12-04T00:00:00
8471037;599701;Odry;;;;;413593;Odry;313033;Kvìtná;è.p.;686;7;;74235;505189.22;1117168.15;2013-12-04T00:00:00
8471045;599701;Odry;;;;;413593;Odry;313033;Kvìtná;è.p.;687;9;;74235;505202.65;1117181.86;2013-12-04T00:00:00
8471053;599701;Odry;;;;;413593;Odry;313033;Kvìtná;è.p.;688;11;;74235;505216.49;1117192.79;2013-12-04T00:00:00
8471061;599701;Odry;;;;;413593;Odry;312959;Jižní;è.p.;689;1;;74235;504954.01;1118090.86;2013-12-04T00:00:00
8471070;599701;Odry;;;;;413593;Odry;312959;Jižní;è.p.;690;8;;74235;504958.81;1118167.94;2013-12-04T00:00:00
8471088;599701;Odry;;;;;413593;Odry;312959;Jižní;è.p.;691;9;;74235;504916.63;1118163.12;2013-12-04T00:00:00
8471096;599701;Odry;;;;;413593;Odry;312959;Jižní;è.p.;692;16;;74235;504898.54;1118316.30;2013-12-04T00:00:00
8471100;599701;Odry;;;;;413593;Odry;312959;Jižní;è.p.;693;18;;74235;504894.13;1118337.16;2013-12-04T00:00:00
8471118;599701;Odry;;;;;413593;Odry;312959;Jižní;è.p.;694;20;;74235;504889.89;1118356.93;2013-12-04T00:00:00
8471126;599701;Odry;;;;;413593;Odry;313122;Nádražní;è.p.;695;28;;74235;504874.79;1117153.23;2013-12-04T00:00:00
8471134;599701;Odry;;;;;413593;Odry;313068;Marxova;è.p.;696;2;;74235;504204.43;1117906.76;2013-12-04T00:00:00
8471142;599701;Odry;;;;;413593;Odry;313068;Marxova;è.p.;697;4;;74235;504188.61;1117895.03;2013-12-04T00:00:00
8471151;599701;Odry;;;;;413593;Odry;313068;Marxova;è.p.;698;6;;74235;504171.71;1117884.40;2013-12-04T00:00:00
8471169;599701;Odry;;;;;413593;Odry;313068;Marxova;è.p.;699;8;;74235;504156.24;1117874.53;2013-12-04T00:00:00
8471177;599701;Odry;;;;;413593;Odry;313068;Marxova;è.p.;700;10;;74235;504139.52;1117864.01;2013-12-04T00:00:00
8471185;599701;Odry;;;;;413593;Odry;313335;Stará;è.p.;701;11;;74235;504537.31;1117466.07;2013-12-04T00:00:00
8471193;599701;Odry;;;;;413593;Odry;313335;Stará;è.p.;702;8;;74235;504538.49;1117489.33;2013-12-04T00:00:00
8471207;599701;Odry;;;;;413593;Odry;313416;Zámecká;è.p.;703;5;;74235;504678.73;1117664.18;2013-12-04T00:00:00
8471215;599701;Odry;;;;;413593;Odry;313301;Sluneèná;è.p.;704;36;;74235;505098.75;1118402.24;2013-12-04T00:00:00
8471223;599701;Odry;;;;;413593;Odry;313416;Zámecká;è.p.;705;8;;74235;504639.27;1117716.87;2013-12-04T00:00:00
8471231;599701;Odry;;;;;413593;Odry;313416;Zámecká;è.p.;706;10;;74235;504635.61;1117690.80;2013-12-04T00:00:00
8471240;599701;Odry;;;;;413593;Odry;313408;Zahradní;è.p.;707;12;;74235;504530.59;1118318.89;2013-12-04T00:00:00
8471266;599701;Odry;;;;;413593;Odry;313416;Zámecká;è.p.;708;13;;74235;504629.60;1117647.62;2013-12-04T00:00:00
8471274;599701;Odry;;;;;413593;Odry;313416;Zámecká;è.p.;709;11;;74235;504634.88;1117624.99;2013-12-04T00:00:00
8471282;599701;Odry;;;;;413593;Odry;313416;Zámecká;è.p.;710;9;;74235;504644.22;1117626.62;2013-12-04T00:00:00
8471291;599701;Odry;;;;;413593;Odry;313025;Køížová;è.p.;711;3;;74235;504617.84;1117505.63;2013-12-04T00:00:00
8471304;599701;Odry;;;;;413593;Odry;313025;Køížová;è.p.;712;5;;74235;504609.61;1117512.40;2013-12-04T00:00:00
8471312;599701;Odry;;;;;413593;Odry;313025;Køížová;è.p.;713;7;;74235;504603.09;1117520.94;2013-12-04T00:00:00
8471321;599701;Odry;;;;;413593;Odry;313025;Køížová;è.p.;714;9;;74235;504596.15;1117530.03;2013-12-04T00:00:00
8471339;599701;Odry;;;;;413593;Odry;313025;Køížová;è.p.;715;11;;74235;504588.57;1117535.47;2013-12-04T00:00:00
8471347;599701;Odry;;;;;413593;Odry;313025;Køížová;è.p.;716;13;;74235;504582.09;1117543.54;2013-12-04T00:00:00
8471355;599701;Odry;;;;;413593;Odry;313025;Køížová;è.p.;717;15;;74235;504572.07;1117560.65;2013-12-04T00:00:00
8471363;599701;Odry;;;;;413593;Odry;312959;Jižní;è.p.;718;4;;74235;504964.64;1118142.03;2013-12-04T00:00:00
8471380;599701;Odry;;;;;413593;Odry;312959;Jižní;è.p.;719;6;;74235;504961.55;1118147.64;2013-12-04T00:00:00
8471398;599701;Odry;;;;;413593;Odry;313335;Stará;è.p.;720;5;;74235;504569.52;1117496.48;2013-12-04T00:00:00
8471401;599701;Odry;;;;;413593;Odry;313335;Stará;è.p.;721;7;;74235;504561.09;1117488.90;2013-12-04T00:00:00
8471410;599701;Odry;;;;;413593;Odry;313335;Stará;è.p.;722;9;;74235;504548.69;1117477.58;2013-12-04T00:00:00
8471428;599701;Odry;;;;;413593;Odry;312959;Jižní;è.p.;723;12;;74235;504909.80;1118269.82;2013-12-04T00:00:00
8471436;599701;Odry;;;;;413593;Odry;312959;Jižní;è.p.;724;14;;74235;504903.58;1118295.80;2013-12-04T00:00:00
8471444;599701;Odry;;;;;413593;Odry;313335;Stará;è.p.;725;17;;74235;504511.50;1117444.15;2013-12-04T00:00:00
8471452;599701;Odry;;;;;413593;Odry;313335;Stará;è.p.;726;19;;74235;504497.70;1117431.77;2013-12-04T00:00:00
8471461;599701;Odry;;;;;413593;Odry;313335;Stará;è.p.;727;20;;74235;504480.77;1117440.21;2013-12-04T00:00:00
8471479;599701;Odry;;;;;413593;Odry;313335;Stará;è.p.;728;18;;74235;504495.91;1117455.15;2013-12-04T00:00:00
8471487;599701;Odry;;;;;413593;Odry;313335;Stará;è.p.;729;14;;74235;504509.04;1117466.72;2013-12-04T00:00:00
8471495;599701;Odry;;;;;413593;Odry;313335;Stará;è.p.;730;12;;74235;504523.57;1117477.12;2013-12-04T00:00:00
8471509;599701;Odry;;;;;413593;Odry;313335;Stará;è.p.;731;10;;74235;504532.39;1117485.00;2013-12-04T00:00:00
8471517;599701;Odry;;;;;413593;Odry;312959;Jižní;è.p.;732;11;;74235;504883.06;1118263.01;2013-12-04T00:00:00
8471525;599701;Odry;;;;;413593;Odry;312959;Jižní;è.p.;733;13;;74235;504878.74;1118280.26;2013-12-04T00:00:00
8471533;599701;Odry;;;;;413593;Odry;313335;Stará;è.p.;734;2;;74235;504570.54;1117517.74;2013-12-04T00:00:00
8471541;599701;Odry;;;;;413593;Odry;313254;Rùžová;è.p.;735;3;;74235;504538.53;1117552.04;2013-12-04T00:00:00
8471550;599701;Odry;;;;;413593;Odry;313254;Rùžová;è.p.;736;5;;74235;504530.15;1117544.89;2013-12-04T00:00:00
8471568;599701;Odry;;;;;413593;Odry;313254;Rùžová;è.p.;737;7;;74235;504515.86;1117535.67;2013-12-04T00:00:00
8471576;599701;Odry;;;;;413593;Odry;313254;Rùžová;è.p.;738;9;;74235;504504.11;1117524.86;2013-12-04T00:00:00
8471584;599701;Odry;;;;;413593;Odry;313254;Rùžová;è.p.;739;11;;74235;504491.30;1117513.25;2013-12-04T00:00:00
8471592;599701;Odry;;;;;413593;Odry;313254;Rùžová;è.p.;740;13;;74235;504477.66;1117504.32;2013-12-04T00:00:00
8471606;599701;Odry;;;;;413593;Odry;313254;Rùžová;è.p.;741;15;;74235;504466.85;1117493.07;2013-12-04T00:00:00
8471614;599701;Odry;;;;;413593;Odry;313254;Rùžová;è.p.;742;17;;74235;504454.82;1117484.75;2013-12-04T00:00:00
8471622;599701;Odry;;;;;413593;Odry;313254;Rùžová;è.p.;743;16;;74235;504439.07;1117497.15;2013-12-04T00:00:00
8471631;599701;Odry;;;;;413593;Odry;313254;Rùžová;è.p.;744;14;;74235;504454.83;1117506.28;2013-12-04T00:00:00
8471649;599701;Odry;;;;;413593;Odry;313254;Rùžová;è.p.;745;12;;74235;504467.93;1117519.74;2013-12-04T00:00:00
8471657;599701;Odry;;;;;413593;Odry;313254;Rùžová;è.p.;746;10;;74235;504480.31;1117526.28;2013-12-04T00:00:00
8471665;599701;Odry;;;;;413593;Odry;313254;Rùžová;è.p.;747;8;;74235;504493.83;1117536.13;2013-12-04T00:00:00
8471673;599701;Odry;;;;;413593;Odry;313254;Rùžová;è.p.;748;6;;74235;504504.66;1117547.61;2013-12-04T00:00:00
8471681;599701;Odry;;;;;413593;Odry;313254;Rùžová;è.p.;749;4;;74235;504519.60;1117558.69;2013-12-04T00:00:00
8471703;599701;Odry;;;;;413593;Odry;313025;Køížová;è.p.;751;17;;74235;504555.83;1117577.63;2013-12-04T00:00:00
8471711;599701;Odry;;;;;413593;Odry;313025;Køížová;è.p.;752;19;;74235;504548.28;1117583.63;2013-12-04T00:00:00
8471720;599701;Odry;;;;;413593;Odry;313025;Køížová;è.p.;753;21;;74235;504541.28;1117592.42;2013-12-04T00:00:00
8471738;599701;Odry;;;;;413593;Odry;313025;Køížová;è.p.;754;23;;74235;504533.10;1117603.93;2013-12-04T00:00:00
8471746;599701;Odry;;;;;413593;Odry;313025;Køížová;è.p.;755;25;;74235;504520.86;1117598.66;2013-12-04T00:00:00
8471754;599701;Odry;;;;;413593;Odry;313025;Køížová;è.p.;756;27;;74235;504519.40;1117618.27;2013-12-04T00:00:00
8471762;599701;Odry;;;;;413593;Odry;313025;Køížová;è.p.;757;29;;74235;504507.23;1117631.92;2013-12-04T00:00:00
8471771;599701;Odry;;;;;413593;Odry;313025;Køížová;è.p.;758;31;;74235;504494.18;1117639.33;2013-12-04T00:00:00
8471789;599701;Odry;;;;;413593;Odry;313025;Køížová;è.p.;759;33;;74235;504483.03;1117651.24;2013-12-04T00:00:00
8471797;599701;Odry;;;;;413593;Odry;313025;Køížová;è.p.;760;35;;74235;504461.60;1117631.57;2013-12-04T00:00:00
8471801;599701;Odry;;;;;413593;Odry;313297;Skøivánèí;è.p.;761;19;;74235;504252.48;1117661.55;2013-12-04T00:00:00
8471819;599701;Odry;;;;;413593;Odry;313025;Køížová;è.p.;762;4;;74235;504590.62;1117603.86;2013-12-04T00:00:00
8471827;599701;Odry;;;;;413593;Odry;313408;Zahradní;è.p.;763;3;;74235;504617.21;1118296.16;2013-12-04T00:00:00
8471843;599701;Odry;;;;;413593;Odry;313211;Potoèní;è.p.;765;28;;74235;504581.73;1118047.41;2013-12-04T00:00:00
8471851;599701;Odry;;;;;413593;Odry;313408;Zahradní;è.p.;766;13;;74235;504524.91;1118277.76;2013-12-04T00:00:00
8471860;599701;Odry;;;;;413593;Odry;313211;Potoèní;è.p.;767;33;;74235;504612.72;1118036.72;2013-12-04T00:00:00
8471878;599701;Odry;;;;;413593;Odry;313211;Potoèní;è.p.;768;31;;74235;504627.24;1118044.95;2013-12-04T00:00:00
8471886;599701;Odry;;;;;413593;Odry;313408;Zahradní;è.p.;769;2;;74235;504634.34;1118342.10;2013-12-04T00:00:00
8471894;599701;Odry;;;;;413593;Odry;313211;Potoèní;è.p.;770;27;;74235;504652.92;1118049.35;2013-12-04T00:00:00
8471908;599701;Odry;;;;;413593;Odry;313211;Potoèní;è.p.;771;25;;74235;504669.72;1118050.21;2024-12-03T00:00:00
8471916;599701;Odry;;;;;413593;Odry;313408;Zahradní;è.p.;772;5;;74235;504599.03;1118294.19;2013-12-04T00:00:00
8471924;599701;Odry;;;;;413593;Odry;313211;Potoèní;è.p.;773;20;;74235;504651.88;1118110.35;2013-12-04T00:00:00
8471932;599701;Odry;;;;;413593;Odry;313408;Zahradní;è.p.;774;7;;74235;504580.41;1118278.74;2013-12-04T00:00:00
8471941;599701;Odry;;;;;413593;Odry;313211;Potoèní;è.p.;775;24;;74235;504650.37;1118095.14;2013-12-04T00:00:00
8471959;599701;Odry;;;;;413593;Odry;313211;Potoèní;è.p.;776;26;;74235;504649.49;1118080.33;2013-12-04T00:00:00
8471975;599701;Odry;;;;;413593;Odry;312975;Ke koupališti;è.p.;778;5;;74235;504659.44;1118131.15;2013-12-04T00:00:00
8471983;599701;Odry;;;;;413593;Odry;313190;Pohoøská;è.p.;779;2;;74235;504514.21;1117422.88;2013-12-04T00:00:00
8471991;599701;Odry;;;;;413593;Odry;313408;Zahradní;è.p.;780;8;;74235;504570.96;1118326.99;2013-12-04T00:00:00
8472009;599701;Odry;;;;;413593;Odry;312860;Dvoøisko;è.p.;781;4;;74235;506651.02;1118004.52;2013-12-04T00:00:00
8472017;599701;Odry;;;;;413593;Odry;313211;Potoèní;è.p.;783;23;;74235;504686.51;1118053.09;2013-12-04T00:00:00
8472025;599701;Odry;;;;;413593;Odry;313025;Køížová;è.p.;784;1;;74235;504624.77;1117495.78;2013-12-04T00:00:00
8472033;599701;Odry;;;;;413593;Odry;313351;tø. Osvobození;è.p.;785;22;;74235;503801.49;1116717.69;2013-12-04T00:00:00
8472041;599701;Odry;;;;;413593;Odry;313190;Pohoøská;è.p.;786;5;;74235;504218.38;1117486.18;2013-12-04T00:00:00
8472050;599701;Odry;;;;;413593;Odry;313408;Zahradní;è.p.;787;1;;74235;504637.78;1118303.16;2013-12-04T00:00:00
8472068;599701;Odry;;;;;413593;Odry;312860;Dvoøisko;è.p.;788;2;;74235;506623.18;1117990.64;2013-12-04T00:00:00
8472076;599701;Odry;;;;;413593;Odry;312860;Dvoøisko;è.p.;789;1;;74235;506624.81;1118037.17;2013-12-04T00:00:00
8472084;599701;Odry;;;;;413593;Odry;313335;Stará;è.p.;790;16;;74235;504502.38;1117460.15;2013-12-04T00:00:00
8472092;599701;Odry;;;;;413593;Odry;313408;Zahradní;è.p.;791;11;;74235;504541.29;1118280.96;2013-12-04T00:00:00
8472114;599701;Odry;;;;;413593;Odry;313157;Nová;è.p.;793;1;;74235;504441.10;1117578.82;2013-12-04T00:00:00
8472122;599701;Odry;;;;;413593;Odry;313157;Nová;è.p.;794;3;;74235;504432.24;1117572.03;2013-12-04T00:00:00
8472131;599701;Odry;;;;;413593;Odry;313157;Nová;è.p.;795;5;;74235;504420.62;1117562.32;2013-12-04T00:00:00
8472149;599701;Odry;;;;;413593;Odry;313157;Nová;è.p.;796;7;;74235;504412.42;1117555.68;2013-12-04T00:00:00
8472157;599701;Odry;;;;;413593;Odry;313157;Nová;è.p.;797;9;;74235;504401.80;1117545.95;2013-12-04T00:00:00
8472165;599701;Odry;;;;;413593;Odry;313157;Nová;è.p.;798;11;;74235;504393.73;1117539.30;2013-12-04T00:00:00
8472173;599701;Odry;;;;;413593;Odry;313157;Nová;è.p.;799;13;;74235;504381.90;1117528.66;2013-12-04T00:00:00
8472181;599701;Odry;;;;;413593;Odry;313190;Pohoøská;è.p.;800;4;;74235;504318.79;1117527.51;2013-12-04T00:00:00
8472203;599701;Odry;;;;;413593;Odry;313157;Nová;è.p.;802;6;;74235;504400.40;1117569.49;2013-12-04T00:00:00
8472211;599701;Odry;;;;;413593;Odry;313157;Nová;è.p.;803;4;;74235;504405.77;1117574.20;2013-12-04T00:00:00
8472220;599701;Odry;;;;;413593;Odry;313157;Nová;è.p.;804;8;;74235;504386.81;1117558.12;2013-12-04T00:00:00
8472238;599701;Odry;;;;;413593;Odry;313157;Nová;è.p.;805;10;;74235;504382.32;1117552.85;2013-12-04T00:00:00
8472246;599701;Odry;;;;;413593;Odry;313157;Nová;è.p.;806;15;;74235;504371.16;1117519.70;2013-12-04T00:00:00
8472254;599701;Odry;;;;;413593;Odry;313157;Nová;è.p.;807;16;;74235;504342.60;1117518.86;2013-12-04T00:00:00
8472262;599701;Odry;;;;;413593;Odry;313351;tø. Osvobození;è.p.;808;29;;74235;504335.19;1117122.08;2013-12-04T00:00:00
8472271;599701;Odry;;;;;413593;Odry;313157;Nová;è.p.;809;14;;74235;504362.20;1117537.45;2013-12-04T00:00:00
8472289;599701;Odry;;;;;413593;Odry;313157;Nová;è.p.;810;12;;74235;504367.68;1117542.81;2013-12-04T00:00:00
8472297;599701;Odry;;;;;413593;Odry;313157;Nová;è.p.;811;2;;74235;504422.00;1117587.28;2013-12-04T00:00:00
8472301;599701;Odry;;;;;413593;Odry;313114;Nadaèní;è.p.;812;23;;74235;505239.89;1117029.24;2013-12-04T00:00:00
8472319;599701;Odry;;;;;413593;Odry;313114;Nadaèní;è.p.;813;30;;74235;505210.69;1116995.61;2013-12-04T00:00:00
8472327;599701;Odry;;;;;413593;Odry;313114;Nadaèní;è.p.;814;11;;74235;505085.15;1117199.49;2013-12-04T00:00:00
8472335;599701;Odry;;;;;413593;Odry;313041;Lidická;è.p.;815;7;;74235;505103.83;1117773.39;2013-12-04T00:00:00
8472343;599701;Odry;;;;;413593;Odry;313050;Luèní;è.p.;816;13;;74235;504005.04;1117882.29;2013-12-04T00:00:00
8472351;599701;Odry;;;;;413593;Odry;313050;Luèní;è.p.;817;14;;74235;504003.99;1117889.39;2013-12-04T00:00:00
8472360;599701;Odry;;;;;413593;Odry;313190;Pohoøská;è.p.;818;32;;74235;503857.49;1117974.04;2013-12-04T00:00:00
8472378;599701;Odry;;;;;413593;Odry;313076;Mendlova;è.p.;819;5;;74235;504830.27;1118257.31;2013-12-04T00:00:00
8472386;599701;Odry;;;;;413593;Odry;312959;Jižní;è.p.;820;3;;74235;504944.71;1118107.95;2013-12-04T00:00:00
8472394;599701;Odry;;;;;413593;Odry;312959;Jižní;è.p.;821;5;;74235;504941.76;1118120.26;2013-12-04T00:00:00
8472408;599701;Odry;;;;;413593;Odry;313131;Nad Rybníky;è.p.;822;66;;74235;505059.81;1119463.13;2013-12-04T00:00:00
8472416;599701;Odry;;;;;413593;Odry;313076;Mendlova;è.p.;823;34;;74235;505050.02;1118231.59;2013-12-04T00:00:00
8472424;599701;Odry;;;;;413593;Odry;313076;Mendlova;è.p.;824;36;;74235;505067.92;1118235.01;2013-12-04T00:00:00
8472432;599701;Odry;;;;;413593;Odry;313327;Sokolovská;è.p.;825;20;;74235;505091.05;1117524.06;2013-12-04T00:00:00
8472441;599701;Odry;;;;;413593;Odry;313190;Pohoøská;è.p.;826;21;;74235;504041.12;1117662.85;2013-12-04T00:00:00
8472475;599701;Odry;;;;;413593;Odry;313076;Mendlova;è.p.;828;7;;74235;504822.24;1118281.56;2013-12-04T00:00:00
8472483;599701;Odry;;;;;413593;Odry;313173;sídlištì Pod lesem;è.p.;829;8;;74235;505048.20;1117288.58;2013-12-04T00:00:00
8472491;599701;Odry;;;;;413593;Odry;313343;Tošovická;è.p.;830;3;;74235;503998.24;1115611.92;2013-12-04T00:00:00
8472505;599701;Odry;;;;;413593;Odry;313173;sídlištì Pod lesem;è.p.;831;16;;74235;505084.21;1117259.93;2013-12-04T00:00:00
8472521;599701;Odry;;;;;413593;Odry;313351;tø. Osvobození;è.p.;832;19;;74235;504302.38;1117098.18;2013-12-04T00:00:00
8472530;599701;Odry;;;;;413593;Odry;313173;sídlištì Pod lesem;è.p.;833;2;;74235;505100.75;1117458.48;2013-12-04T00:00:00
8472548;599701;Odry;;;;;413593;Odry;313173;sídlištì Pod lesem;è.p.;834;17;;74235;505087.99;1117299.57;2013-12-04T00:00:00
8472564;599701;Odry;;;;;413593;Odry;313343;Tošovická;è.p.;836;1;;74235;504000.42;1115644.89;2013-12-04T00:00:00
8472572;599701;Odry;;;;;413593;Odry;313173;sídlištì Pod lesem;è.p.;837;1;;74235;505137.93;1117444.15;2013-12-04T00:00:00
8472581;599701;Odry;;;;;413593;Odry;313173;sídlištì Pod lesem;è.p.;838;3;;74235;505075.80;1117416.42;2013-12-04T00:00:00
8472599;599701;Odry;;;;;413593;Odry;313301;Sluneèná;è.p.;839;9;;74235;505044.18;1118127.54;2013-12-04T00:00:00
8472602;599701;Odry;;;;;413593;Odry;313319;Smetanova;è.p.;840;1;;74235;505068.70;1118038.87;2013-12-04T00:00:00
8472611;599701;Odry;;;;;413593;Odry;313173;sídlištì Pod lesem;è.p.;841;15;;74235;505121.27;1117252.80;2013-12-04T00:00:00
8472629;599701;Odry;;;;;413593;Odry;313319;Smetanova;è.p.;842;3;;74235;505078.92;1118021.93;2013-12-04T00:00:00
8472637;599701;Odry;;;;;413593;Odry;313173;sídlištì Pod lesem;è.p.;843;4;;74235;505086.66;1117376.47;2013-12-04T00:00:00
8472645;599701;Odry;;;;;413593;Odry;313173;sídlištì Pod lesem;è.p.;844;6;;74235;505139.77;1117361.37;2013-12-04T00:00:00
8472653;599701;Odry;;;;;413593;Odry;313301;Sluneèná;è.p.;845;15;;74235;505067.58;1118187.50;2013-12-04T00:00:00
8472661;599701;Odry;;;;;413593;Odry;313173;sídlištì Pod lesem;è.p.;846;5;;74235;505095.51;1117339.04;2013-12-04T00:00:00
8472670;599701;Odry;;;;;413593;Odry;312932;Jiráskova;è.p.;847;4;;74235;505110.10;1118090.49;2013-12-04T00:00:00
8472688;599701;Odry;;;;;413593;Odry;313173;sídlištì Pod lesem;è.p.;848;7;;74235;505149.62;1117399.28;2013-12-04T00:00:00
8472700;599701;Odry;;;;;413593;Odry;312932;Jiráskova;è.p.;849;8;;74235;505133.21;1118038.72;2013-12-04T00:00:00
8472718;599701;Odry;;;;;413593;Odry;312932;Jiráskova;è.p.;850;6;;74235;505124.80;1118054.86;2013-12-04T00:00:00
8472726;599701;Odry;;;;;413593;Odry;313173;sídlištì Pod lesem;è.p.;851;13;;74235;505216.33;1117313.54;2013-12-04T00:00:00
8472734;599701;Odry;;;;;413593;Odry;313319;Smetanova;è.p.;852;5;;74235;505097.18;1118006.23;2013-12-04T00:00:00
8472742;599701;Odry;;;;;413593;Odry;312932;Jiráskova;è.p.;853;3;;74235;505130.16;1118121.26;2013-12-04T00:00:00
8472751;599701;Odry;;;;;413593;Odry;313301;Sluneèná;è.p.;854;20;;74235;505098.87;1118239.71;2013-12-04T00:00:00
8472769;599701;Odry;;;;;413593;Odry;312932;Jiráskova;è.p.;855;12;;74235;505160.30;1118057.26;2013-12-04T00:00:00
8472777;599701;Odry;;;;;413593;Odry;313301;Sluneèná;è.p.;856;16;;74235;505096.82;1118183.83;2013-12-04T00:00:00
8472785;599701;Odry;;;;;413593;Odry;312932;Jiráskova;è.p.;857;1;;74235;505112.28;1118133.34;2013-12-04T00:00:00
8472793;599701;Odry;;;;;413593;Odry;313301;Sluneèná;è.p.;858;18;;74235;505098.17;1118216.29;2013-12-04T00:00:00
8472807;599701;Odry;;;;;413593;Odry;313173;sídlištì Pod lesem;è.p.;859;10;;74235;505160.96;1117245.09;2013-12-04T00:00:00
8472815;599701;Odry;;;;;413593;Odry;313173;sídlištì Pod lesem;è.p.;860;14;;74235;505178.08;1117336.23;2013-12-04T00:00:00
8472823;599701;Odry;;;;;413593;Odry;313173;sídlištì Pod lesem;è.p.;861;9;;74235;505158.27;1117286.42;2013-12-04T00:00:00
8472831;599701;Odry;;;;;413593;Odry;313301;Sluneèná;è.p.;862;;;74235;505038.33;1118085.83;2013-12-04T00:00:00
8472840;599701;Odry;;;;;413593;Odry;312878;Dìlnická;è.p.;863;5;;74235;504856.88;1117773.56;2013-12-04T00:00:00
8472858;599701;Odry;;;;;413593;Odry;313122;Nádražní;è.p.;864;;;74235;504639.68;1117341.91;2013-12-04T00:00:00
8472866;599701;Odry;;;;;413593;Odry;313122;Nádražní;è.p.;865;;;74235;504650.88;1117351.85;2013-12-04T00:00:00
8472874;599701;Odry;;;;;413593;Odry;312959;Jižní;è.p.;866;17;;74235;504869.75;1118315.79;2013-12-04T00:00:00
8472882;599701;Odry;;;;;413593;Odry;313076;Mendlova;è.p.;867;28;;74235;504997.45;1118223.16;2013-12-04T00:00:00
8472891;599701;Odry;;;;;413593;Odry;313092;Mlýnské údolí;è.p.;868;10;;74235;505316.98;1117195.23;2013-12-04T00:00:00
8472904;599701;Odry;;;;;413593;Odry;313076;Mendlova;è.p.;869;13;;74235;504916.28;1118235.77;2013-12-04T00:00:00
8472912;599701;Odry;;;;;413593;Odry;312916;Fuèíkova;è.p.;870;9;;74235;504393.58;1117332.40;2013-12-04T00:00:00
8472921;599701;Odry;;;;;413593;Odry;313351;tø. Osvobození;è.p.;871;14;;74235;504369.53;1117268.78;2013-12-04T00:00:00
8472939;599701;Odry;;;;;413593;Odry;313149;Na stráni;è.p.;872;2;;74235;505154.86;1118109.23;2013-12-04T00:00:00
8472947;599701;Odry;;;;;413593;Odry;313301;Sluneèná;è.p.;873;14;;74235;505093.24;1118152.67;2013-12-04T00:00:00
8472955;599701;Odry;;;;;413593;Odry;313319;Smetanova;è.p.;874;2;;74235;505039.92;1118017.07;2013-12-04T00:00:00
8472963;599701;Odry;;;;;413593;Odry;313408;Zahradní;è.p.;875;14;;74235;504512.17;1118315.98;2013-12-04T00:00:00
8472980;599701;Odry;;;;;413593;Odry;312878;Dìlnická;è.p.;877;26;;74235;504997.58;1117806.18;2013-12-04T00:00:00
8472998;599701;Odry;;;;;413593;Odry;313319;Smetanova;è.p.;878;7;;74235;505106.02;1117981.81;2013-12-04T00:00:00
8473005;599701;Odry;;;;;413593;Odry;313408;Zahradní;è.p.;879;6;;74235;504591.64;1118334.69;2013-12-04T00:00:00
8473013;599701;Odry;;;;;413593;Odry;313408;Zahradní;è.p.;880;16;;74235;504493.02;1118313.72;2013-12-04T00:00:00
8473021;599701;Odry;;;;;413593;Odry;312924;Hranická;è.p.;881;54;;74235;504744.97;1118262.99;2013-12-04T00:00:00
8473030;599701;Odry;;;;;413593;Odry;313050;Luèní;è.p.;882;8;;74235;504030.07;1117896.25;2013-12-04T00:00:00
8473048;599701;Odry;;;;;413593;Odry;313076;Mendlova;è.p.;883;7;b;74235;504826.00;1118335.29;2013-12-04T00:00:00
8473056;599701;Odry;;;;;413593;Odry;312886;Družstevní;è.p.;884;1;;74235;504960.92;1118363.08;2013-12-04T00:00:00
8473064;599701;Odry;;;;;413593;Odry;312886;Družstevní;è.p.;885;3;;74235;504965.20;1118360.27;2013-12-04T00:00:00
8473072;599701;Odry;;;;;413593;Odry;312886;Družstevní;è.p.;886;5;;74235;504969.49;1118357.46;2013-12-04T00:00:00
8473081;599701;Odry;;;;;413593;Odry;312886;Družstevní;è.p.;887;7;;74235;504973.71;1118354.86;2013-12-04T00:00:00
8473099;599701;Odry;;;;;413593;Odry;312886;Družstevní;è.p.;888;9;;74235;504977.79;1118351.97;2013-12-04T00:00:00
8473102;599701;Odry;;;;;413593;Odry;312886;Družstevní;è.p.;889;11;;74235;504981.79;1118348.88;2013-12-04T00:00:00
8473111;599701;Odry;;;;;413593;Odry;313408;Zahradní;è.p.;891;10;;74235;504552.19;1118324.74;2013-12-04T00:00:00
8473129;599701;Odry;;;;;413593;Odry;313114;Nadaèní;è.p.;892;4;;74235;505050.32;1117199.44;2013-12-04T00:00:00
8473137;599701;Odry;;;;;413593;Odry;312959;Jižní;è.p.;893;19;;74235;504863.76;1118341.58;2013-12-04T00:00:00
8473145;599701;Odry;;;;;413593;Odry;313211;Potoèní;è.p.;894;;;74235;504468.78;1118021.59;2013-12-04T00:00:00
8473153;599701;Odry;;;;;413593;Odry;312991;Kopeèná;è.p.;895;21;;74235;505003.11;1117944.39;2013-12-04T00:00:00
8473161;599701;Odry;;;;;413593;Odry;312886;Družstevní;è.p.;896;16;;74235;505010.65;1118339.05;2013-12-04T00:00:00
8473170;599701;Odry;;;;;413593;Odry;313076;Mendlova;è.p.;897;7;a;74235;504830.52;1118309.89;2013-12-04T00:00:00
8473188;599701;Odry;;;;;413593;Odry;313408;Zahradní;è.p.;898;18;;74235;504470.40;1118306.91;2013-12-04T00:00:00
8473196;599701;Odry;;;;;413593;Odry;312894;Engelsova;è.p.;899;1;;74235;504174.75;1117965.21;2013-12-04T00:00:00
8473200;599701;Odry;;;;;413593;Odry;312894;Engelsova;è.p.;900;3;;74235;504167.94;1117961.15;2013-12-04T00:00:00
8473218;599701;Odry;;;;;413593;Odry;312894;Engelsova;è.p.;901;5;;74235;504160.87;1117957.74;2013-12-04T00:00:00
8473226;599701;Odry;;;;;413593;Odry;312894;Engelsova;è.p.;902;7;;74235;504154.06;1117952.63;2013-12-04T00:00:00
8473234;599701;Odry;;;;;413593;Odry;312894;Engelsova;è.p.;903;9;;74235;504147.51;1117949.23;2013-12-04T00:00:00
8473242;599701;Odry;;;;;413593;Odry;312894;Engelsova;è.p.;904;11;;74235;504140.05;1117945.04;2013-12-04T00:00:00
8473251;599701;Odry;;;;;413593;Odry;312894;Engelsova;è.p.;905;13;;74235;504133.37;1117940.71;2013-12-04T00:00:00
8473269;599701;Odry;;;;;413593;Odry;312894;Engelsova;è.p.;906;15;;74235;504126.82;1117936.78;2013-12-04T00:00:00
8473277;599701;Odry;;;;;413593;Odry;312894;Engelsova;è.p.;907;17;;74235;504120.42;1117933.39;2013-12-04T00:00:00
8473285;599701;Odry;;;;;413593;Odry;312894;Engelsova;è.p.;908;19;;74235;504112.81;1117927.61;2013-12-04T00:00:00
8473293;599701;Odry;;;;;413593;Odry;313301;Sluneèná;è.p.;909;11;;74235;505053.35;1118147.24;2013-12-04T00:00:00
8473307;599701;Odry;;;;;413593;Odry;312908;Hvìzdová;è.p.;910;2;;74235;502739.60;1115620.12;2013-12-04T00:00:00
8473315;599701;Odry;;;;;413593;Odry;312908;Hvìzdová;è.p.;911;4;;74235;502546.50;1115445.79;2013-12-04T00:00:00
8473323;599701;Odry;;;;;413593;Odry;312908;Hvìzdová;è.p.;912;6;;74235;502533.13;1115410.17;2013-12-04T00:00:00
8473331;599701;Odry;;;;;413593;Odry;312908;Hvìzdová;è.p.;913;8;;74235;502438.69;1115284.84;2013-12-04T00:00:00
8473340;599701;Odry;;;;;413593;Odry;312908;Hvìzdová;è.p.;914;10;;74235;502398.23;1115246.31;2013-12-04T00:00:00
8473358;599701;Odry;;;;;413593;Odry;312908;Hvìzdová;è.p.;915;12;;74235;502300.02;1115185.42;2013-12-04T00:00:00
8473366;599701;Odry;;;;;413593;Odry;313262;Sadová;è.p.;916;19;;74235;505294.94;1117152.99;2013-12-04T00:00:00
8473374;599701;Odry;;;;;413593;Odry;312924;Hranická;è.p.;917;70;;74235;504790.39;1118255.39;2013-12-04T00:00:00
8473382;599701;Odry;;;;;413593;Odry;312924;Hranická;è.p.;918;72;;74235;504785.62;1118270.39;2013-12-04T00:00:00
8473404;599701;Odry;;;;;413593;Odry;312894;Engelsova;è.p.;919;31;;74235;504065.91;1117897.87;2013-12-04T00:00:00
8473412;599701;Odry;;;;;413593;Odry;313173;sídlištì Pod lesem;è.p.;920;11;;74235;505214.91;1117236.77;2013-12-04T00:00:00
8473421;599701;Odry;;;;;413593;Odry;313173;sídlištì Pod lesem;è.p.;921;12;;74235;505223.05;1117272.97;2013-12-04T00:00:00
8473439;599701;Odry;;;;;413593;Odry;312959;Jižní;è.p.;922;15;;74235;504875.16;1118299.25;2013-12-04T00:00:00
8473447;599701;Odry;;;;;413593;Odry;312886;Družstevní;è.p.;923;14;;74235;505010.90;1118319.63;2013-12-04T00:00:00
8473455;599701;Odry;;;;;413593;Odry;312894;Engelsova;è.p.;924;25;;74235;504087.08;1117910.05;2013-12-04T00:00:00
8473463;599701;Odry;;;;;413593;Odry;312894;Engelsova;è.p.;925;21;;74235;504101.44;1117918.17;2013-12-04T00:00:00
8473471;599701;Odry;;;;;413593;Odry;312894;Engelsova;è.p.;926;29;;74235;504073.05;1117902.26;2013-12-04T00:00:00
8473480;599701;Odry;;;;;413593;Odry;312894;Engelsova;è.p.;927;23;;74235;504094.30;1117914.03;2013-12-04T00:00:00
8473501;599701;Odry;;;;;413593;Odry;312894;Engelsova;è.p.;928;27;;74235;504080.11;1117906.23;2013-12-04T00:00:00
8473510;599701;Odry;;;;;413593;Odry;313114;Nadaèní;è.p.;929;34;;74235;505217.55;1116921.67;2013-12-04T00:00:00
8473528;599701;Odry;;;;;413593;Odry;313351;tø. Osvobození;è.p.;930;25;;74235;504164.18;1116955.20;2013-12-04T00:00:00
8473536;599701;Odry;;;;;413593;Odry;313173;sídlištì Pod lesem;è.p.;931;18;;74235;505072.05;1117303.08;2013-12-04T00:00:00
8473544;599701;Odry;;;;;413593;Odry;313351;tø. Osvobození;è.p.;932;;;74235;504358.51;1117100.69;2013-12-04T00:00:00
8473552;599701;Odry;;;;;413593;Odry;313351;tø. Osvobození;è.p.;933;24;;74235;504194.98;1117121.71;2013-12-04T00:00:00
8473561;599701;Odry;;;;;413593;Odry;313351;tø. Osvobození;è.p.;934;;;74235;504492.95;1117274.94;2013-12-04T00:00:00
8473579;599701;Odry;;;;;413593;Odry;312878;Dìlnická;è.p.;935;18;;74235;504956.17;1117785.82;2013-12-04T00:00:00
8473587;599701;Odry;;;;;413593;Odry;313262;Sadová;è.p.;936;11;;74235;505301.17;1117100.45;2013-12-04T00:00:00
8473595;599701;Odry;;;;;413593;Odry;313262;Sadová;è.p.;937;9;;74235;505291.86;1117103.73;2013-12-04T00:00:00
8473609;599701;Odry;;;;;413593;Odry;312932;Jiráskova;è.p.;938;2;;74235;505079.85;1118120.51;2013-12-04T00:00:00
8473617;599701;Odry;;;;;413593;Odry;313220;Pramenní;è.p.;939;2;;74235;504231.30;1117072.47;2013-12-04T00:00:00
8473625;599701;Odry;;;;;413593;Odry;313262;Sadová;è.p.;940;13;;74235;505310.47;1117097.00;2013-12-04T00:00:00
8473633;599701;Odry;;;;;413593;Odry;313262;Sadová;è.p.;941;17;;74235;505329.15;1117090.91;2013-12-04T00:00:00
8473641;599701;Odry;;;;;413593;Odry;312932;Jiráskova;è.p.;942;10;;74235;505144.57;1118017.01;2013-12-04T00:00:00
8473650;599701;Odry;;;;;413593;Odry;313271;Vítovská;è.p.;943;30;;74235;504432.42;1116852.40;2013-12-04T00:00:00
8473676;599701;Odry;;;;;413593;Odry;313262;Sadová;è.p.;945;12;;74235;505323.54;1117169.93;2013-12-04T00:00:00
8473684;599701;Odry;;;;;413593;Odry;313262;Sadová;è.p.;946;8;;74235;505310.67;1117063.63;2013-12-04T00:00:00
8473692;599701;Odry;;;;;413593;Odry;313262;Sadová;è.p.;947;6;;74235;505288.49;1117071.58;2013-12-04T00:00:00
8473706;599701;Odry;;;;;413593;Odry;313301;Sluneèná;è.p.;948;23;;74235;505065.00;1118379.97;2013-12-04T00:00:00
8473714;599701;Odry;;;;;413593;Odry;313351;tø. Osvobození;è.p.;949;26;;74235;503992.59;1116941.71;2013-12-04T00:00:00
8473722;599701;Odry;;;;;413593;Odry;313289;sídlištì Míru;è.p.;950;15;;74235;504731.25;1117583.88;2013-12-04T00:00:00
8473731;599701;Odry;;;;;413593;Odry;313289;sídlištì Míru;è.p.;951;14;;74235;504723.50;1117606.63;2013-12-04T00:00:00
8473749;599701;Odry;;;;;413593;Odry;313289;sídlištì Míru;è.p.;952;13;;74235;504715.44;1117623.88;2013-12-04T00:00:00
8473757;599701;Odry;;;;;413593;Odry;313289;sídlištì Míru;è.p.;953;12;;74235;504694.25;1117627.97;2013-12-04T00:00:00
8473765;599701;Odry;;;;;413593;Odry;313289;sídlištì Míru;è.p.;954;11;;74235;504716.34;1117680.50;2013-12-04T00:00:00
8473773;599701;Odry;;;;;413593;Odry;313289;sídlištì Míru;è.p.;955;16;;74235;504762.11;1117567.48;2013-12-04T00:00:00
8473781;599701;Odry;;;;;413593;Odry;313289;sídlištì Míru;è.p.;956;2;;74235;504798.20;1117532.06;2013-12-04T00:00:00
8473811;599701;Odry;;;;;413593;Odry;313289;sídlištì Míru;è.p.;957;3;;74235;504804.14;1117562.37;2013-12-04T00:00:00
8473820;599701;Odry;;;;;413593;Odry;313289;sídlištì Míru;è.p.;958;1;;74235;504764.47;1117523.35;2013-12-04T00:00:00
8473871;599701;Odry;;;;;413593;Odry;313289;sídlištì Míru;è.p.;959;10;;74235;504752.69;1117689.00;2013-12-04T00:00:00
8473889;599701;Odry;;;;;413593;Odry;313301;Sluneèná;è.p.;960;28;;74235;505100.72;1118325.40;2013-12-04T00:00:00
8473897;599701;Odry;;;;;413593;Odry;313262;Sadová;è.p.;961;1;;74235;505246.04;1117121.37;2013-12-04T00:00:00
8473901;599701;Odry;;;;;413593;Odry;313262;Sadová;è.p.;962;3;;74235;505253.97;1117117.98;2013-12-04T00:00:00
8473919;599701;Odry;;;;;413593;Odry;313262;Sadová;è.p.;963;7;;74235;505270.40;1117111.77;2013-12-04T00:00:00
8473927;599701;Odry;;;;;413593;Odry;313114;Nadaèní;è.p.;964;26;;74235;505194.48;1117032.09;2013-12-04T00:00:00
8473935;599701;Odry;;;;;413593;Odry;313301;Sluneèná;è.p.;965;34;;74235;505099.18;1118386.02;2013-12-04T00:00:00
8473943;599701;Odry;;;;;413593;Odry;313301;Sluneèná;è.p.;966;25;;74235;505064.84;1118396.88;2013-12-04T00:00:00
8473951;599701;Odry;;;;;413593;Odry;312886;Družstevní;è.p.;967;18;;74235;505011.35;1118356.23;2013-12-04T00:00:00
8473960;599701;Odry;;;;;413593;Odry;313301;Sluneèná;è.p.;968;24;;74235;505098.54;1118285.24;2013-12-04T00:00:00
8473978;599701;Odry;;;;;413593;Odry;313301;Sluneèná;è.p.;969;32;;74235;505097.10;1118363.63;2013-12-04T00:00:00
8473986;599701;Odry;;;;;413593;Odry;313301;Sluneèná;è.p.;970;8;;74235;504999.91;1118039.54;2013-12-04T00:00:00
8473994;599701;Odry;;;;;413593;Odry;313262;Sadová;è.p.;971;2;;74235;505236.75;1117091.00;2013-12-04T00:00:00
8474001;599701;Odry;;;;;413593;Odry;313301;Sluneèná;è.p.;972;21;;74235;505065.23;1118360.25;2013-12-04T00:00:00
8474010;599701;Odry;;;;;413593;Odry;313301;Sluneèná;è.p.;973;19;;74235;505067.37;1118336.52;2013-12-04T00:00:00
8474028;599701;Odry;;;;;413593;Odry;313262;Sadová;è.p.;974;4;;74235;505264.92;1117080.06;2013-12-04T00:00:00
8474036;599701;Odry;;;;;413593;Odry;312886;Družstevní;è.p.;975;2;;74235;504936.08;1118344.10;2013-12-04T00:00:00
8474044;599701;Odry;;;;;413593;Odry;312886;Družstevní;è.p.;976;6;;74235;504973.48;1118318.88;2013-12-04T00:00:00
8474052;599701;Odry;;;;;413593;Odry;313301;Sluneèná;è.p.;977;26;;74235;505095.87;1118304.35;2013-12-04T00:00:00
8474061;599701;Odry;;;;;413593;Odry;313149;Na stráni;è.p.;978;4;;74235;505163.15;1118134.45;2013-12-04T00:00:00
8474079;599701;Odry;;;;;413593;Odry;313289;sídlištì Míru;è.p.;979;9;;74235;504772.75;1117676.50;2013-12-04T00:00:00
8474087;599701;Odry;;;;;413593;Odry;313289;sídlištì Míru;è.p.;980;8;;74235;504780.22;1117659.75;2013-12-04T00:00:00
8474095;599701;Odry;;;;;413593;Odry;313289;sídlištì Míru;è.p.;981;7;;74235;504786.16;1117643.13;2013-12-04T00:00:00
8474109;599701;Odry;;;;;413593;Odry;313289;sídlištì Míru;è.p.;982;6;;74235;504791.78;1117625.38;2013-12-04T00:00:00
8474117;599701;Odry;;;;;413593;Odry;313289;sídlištì Míru;è.p.;983;5;;74235;504790.25;1117596.13;2013-12-04T00:00:00
8474125;599701;Odry;;;;;413593;Odry;313289;sídlištì Míru;è.p.;984;4;;74235;504800.00;1117582.00;2013-12-04T00:00:00
8474133;599701;Odry;;;;;413593;Odry;313262;Sadová;è.p.;985;21;;74235;505292.62;1117174.09;2013-12-04T00:00:00
8474141;599701;Odry;;;;;413593;Odry;313220;Pramenní;è.p.;986;19;;74235;504346.17;1116974.47;2013-12-04T00:00:00
8474150;599701;Odry;;;;;413593;Odry;313149;Na stráni;è.p.;987;6;;74235;505170.17;1118155.72;2013-12-04T00:00:00
8474168;599701;Odry;;;;;413593;Odry;313190;Pohoøská;è.p.;988;23;;74235;504367.16;1117426.58;2013-12-04T00:00:00
8474176;599701;Odry;;;;;413593;Odry;313157;Nová;è.p.;989;18;;74235;504444.94;1117620.04;2013-12-04T00:00:00
8474184;599701;Odry;;;;;413593;Odry;313149;Na stráni;è.p.;990;10;;74235;505177.84;1118218.53;2013-12-04T00:00:00
8474192;599701;Odry;;;;;413593;Odry;313297;Skøivánèí;è.p.;991;21;;74235;504061.17;1117353.55;2013-12-04T00:00:00
8474206;599701;Odry;;;;;413593;Odry;313149;Na stráni;è.p.;992;19;;74235;505149.31;1118365.20;2013-12-04T00:00:00
8474214;599701;Odry;;;;;413593;Odry;312886;Družstevní;è.p.;993;4;;74235;504946.02;1118314.84;2013-12-04T00:00:00
8474222;599701;Odry;;;;;413593;Odry;313114;Nadaèní;è.p.;994;21;;74235;505230.89;1117042.85;2013-12-04T00:00:00
8474231;599701;Odry;;;;;413593;Odry;313262;Sadová;è.p.;995;5;;74235;505261.44;1117113.96;2013-12-04T00:00:00
8474249;599701;Odry;;;;;413593;Odry;313149;Na stráni;è.p.;996;3;;74235;505142.38;1118180.21;2013-12-04T00:00:00
8474257;599701;Odry;;;;;413593;Odry;313149;Na stráni;è.p.;997;20;;74235;505169.99;1118288.52;2013-12-04T00:00:00
8474265;599701;Odry;;;;;413593;Odry;313351;tø. Osvobození;è.p.;998;;;74235;504216.38;1116999.48;2013-12-04T00:00:00
8474273;599701;Odry;;;;;413593;Odry;313319;Smetanova;è.p.;999;4;;74235;505044.09;1118066.70;2013-12-04T00:00:00
8474281;599701;Odry;;;;;413593;Odry;313149;Na stráni;è.p.;1000;12;;74235;505173.65;1118240.92;2013-12-04T00:00:00
8474290;599701;Odry;;;;;413593;Odry;312975;Ke koupališti;è.p.;1001;14;;74235;504434.92;1118337.56;2013-12-04T00:00:00
8474303;599701;Odry;;;;;413593;Odry;313149;Na stráni;è.p.;1002;14;;74235;505173.41;1118250.17;2013-12-04T00:00:00
8474311;599701;Odry;;;;;413593;Odry;313149;Na stráni;è.p.;1003;16;;74235;505172.75;1118259.41;2013-12-04T00:00:00
8474320;599701;Odry;;;;;413593;Odry;312975;Ke koupališti;è.p.;1004;19;;74235;504132.63;1118990.63;2013-12-04T00:00:00
8474338;599701;Odry;;;;;413593;Odry;313157;Nová;è.p.;1005;20;;74235;504426.55;1117666.83;2013-12-04T00:00:00
8474346;599701;Odry;;;;;413593;Odry;312975;Ke koupališti;è.p.;1006;21;;74235;504140.25;1118996.29;2013-12-04T00:00:00
8474354;599701;Odry;;;;;413593;Odry;313122;Nádražní;è.p.;1007;16;;74235;504475.68;1117163.63;2013-12-04T00:00:00
8474362;599701;Odry;;;;;413593;Odry;312975;Ke koupališti;è.p.;1008;16;;74235;504516.70;1118228.38;2013-12-04T00:00:00
8474371;599701;Odry;;;;;413593;Odry;313114;Nadaèní;è.p.;1009;33;;74235;505269.12;1117001.41;2013-12-04T00:00:00
8474389;599701;Odry;;;;;413593;Odry;313190;Pohoøská;è.p.;1010;8;;74235;504294.55;1117615.23;2013-12-04T00:00:00
8474397;599701;Odry;;;;;413593;Odry;313301;Sluneèná;è.p.;1011;17;;74235;505068.03;1118317.41;2013-12-04T00:00:00
8474401;599701;Odry;;;;;413593;Odry;313149;Na stráni;è.p.;1012;1;;74235;505139.31;1118159.09;2013-12-04T00:00:00
8474419;599701;Odry;;;;;413593;Odry;313149;Na stráni;è.p.;1013;18;;74235;505172.27;1118267.94;2013-12-04T00:00:00
8474427;599701;Odry;;;;;413593;Odry;313149;Na stráni;è.p.;1014;5;;74235;505148.93;1118203.06;2013-12-04T00:00:00
8474435;599701;Odry;;;;;413593;Odry;313149;Na stráni;è.p.;1015;8;;74235;505178.29;1118185.14;2013-12-04T00:00:00
8474443;599701;Odry;;;;;413593;Odry;313149;Na stráni;è.p.;1016;9;;74235;505148.62;1118243.08;2013-12-04T00:00:00
8474451;599701;Odry;;;;;413593;Odry;313149;Na stráni;è.p.;1017;7;;74235;505147.79;1118223.29;2013-12-04T00:00:00
8474460;599701;Odry;;;;;413593;Odry;313084;Pásová;è.p.;1018;1;;74235;504850.65;1117986.59;2013-12-04T00:00:00
8474478;599701;Odry;;;;;413593;Odry;313122;Nádražní;è.p.;1019;;;74235;504632.64;1117325.68;2013-12-04T00:00:00
8474486;599701;Odry;;;;;413593;Odry;313211;Potoèní;è.p.;1020;34;;74235;504601.12;1118096.09;2013-12-04T00:00:00
8474494;599701;Odry;;;;;413593;Odry;313211;Potoèní;è.p.;1021;35;;74235;504582.05;1118128.45;2013-12-04T00:00:00
8474508;599701;Odry;;;;;413593;Odry;313211;Potoèní;è.p.;1022;36;;74235;504562.73;1118160.30;2013-12-04T00:00:00
8474516;599701;Odry;;;;;413593;Odry;312932;Jiráskova;è.p.;1023;14;;74235;505164.91;1118044.94;2013-12-04T00:00:00
8474524;599701;Odry;;;;;413593;Odry;313149;Na stráni;è.p.;1024;11;;74235;505146.94;1118267.06;2013-12-04T00:00:00
8474532;599701;Odry;;;;;413593;Odry;313122;Nádražní;è.p.;1025;;;74235;504614.78;1117340.43;2013-12-04T00:00:00
8474541;599701;Odry;;;;;413593;Odry;313360;U nemocnice;è.p.;1026;1;;74235;504901.42;1117559.42;2013-12-04T00:00:00
8474559;599701;Odry;;;;;413593;Odry;313149;Na stráni;è.p.;1027;15;;74235;505145.32;1118315.07;2013-12-04T00:00:00
8474567;599701;Odry;;;;;413593;Odry;313335;Stará;è.p.;1028;15;;74235;504519.64;1117450.34;2013-12-04T00:00:00
8474575;599701;Odry;;;;;413593;Odry;313149;Na stráni;è.p.;1029;13;;74235;505146.40;1118292.98;2013-12-04T00:00:00
8474583;599701;Odry;;;;;413593;Odry;313149;Na stráni;è.p.;1030;17;;74235;505145.33;1118344.69;2013-12-04T00:00:00
8474591;599701;Odry;;;;;413593;Odry;313386;Vìtrná;è.p.;1031;1;;74235;503825.21;1117891.42;2013-12-04T00:00:00
8474605;599701;Odry;;;;;413593;Odry;313386;Vìtrná;è.p.;1032;2;;74235;503826.59;1117883.15;2013-12-04T00:00:00
8474613;599701;Odry;;;;;413593;Odry;313386;Vìtrná;è.p.;1033;3;;74235;503828.61;1117874.88;2013-12-04T00:00:00
8474621;599701;Odry;;;;;413593;Odry;313386;Vìtrná;è.p.;1034;4;;74235;503830.16;1117866.21;2013-12-04T00:00:00
8474630;599701;Odry;;;;;413593;Odry;313386;Vìtrná;è.p.;1035;5;;74235;503832.24;1117846.71;2013-12-04T00:00:00
8474648;599701;Odry;;;;;413593;Odry;313386;Vìtrná;è.p.;1036;6;;74235;503834.29;1117838.09;2013-12-04T00:00:00
8474656;599701;Odry;;;;;413593;Odry;313386;Vìtrná;è.p.;1037;7;;74235;503835.80;1117829.01;2013-12-04T00:00:00
8474664;599701;Odry;;;;;413593;Odry;313386;Vìtrná;è.p.;1038;8;;74235;503832.28;1117819.63;2013-12-04T00:00:00
8474672;599701;Odry;;;;;413593;Odry;313386;Vìtrná;è.p.;1039;9;;74235;503839.81;1117811.22;2013-12-04T00:00:00
8474681;599701;Odry;;;;;413593;Odry;313386;Vìtrná;è.p.;1040;10;;74235;503840.72;1117802.45;2013-12-04T00:00:00
8474699;599701;Odry;;;;;413593;Odry;313386;Vìtrná;è.p.;1041;11;;74235;503843.57;1117771.20;2013-12-04T00:00:00
8474702;599701;Odry;;;;;413593;Odry;313386;Vìtrná;è.p.;1042;12;;74235;503834.70;1117769.69;2013-12-04T00:00:00
8474711;599701;Odry;;;;;413593;Odry;313386;Vìtrná;è.p.;1043;13;;74235;503825.79;1117770.32;2013-12-04T00:00:00
8474737;599701;Odry;;;;;413593;Odry;313386;Vìtrná;è.p.;1045;15;;74235;503807.83;1117768.72;2013-12-04T00:00:00
8474745;599701;Odry;;;;;413593;Odry;313386;Vìtrná;è.p.;1046;16;;74235;503798.63;1117767.81;2013-12-04T00:00:00
8474753;599701;Odry;;;;;413593;Odry;313386;Vìtrná;è.p.;1047;17;;74235;503789.72;1117767.86;2013-12-04T00:00:00
8474761;599701;Odry;;;;;413593;Odry;313386;Vìtrná;è.p.;1048;18;;74235;503790.50;1117799.41;2013-12-04T00:00:00
8474770;599701;Odry;;;;;413593;Odry;313386;Vìtrná;è.p.;1049;19;;74235;503791.19;1117808.59;2013-12-04T00:00:00
8474788;599701;Odry;;;;;413593;Odry;313386;Vìtrná;è.p.;1051;21;;74235;503791.34;1117827.14;2013-12-04T00:00:00
8474796;599701;Odry;;;;;413593;Odry;313386;Vìtrná;è.p.;1052;22;;74235;503791.80;1117835.31;2013-12-04T00:00:00
8474800;599701;Odry;;;;;413593;Odry;313386;Vìtrná;è.p.;1053;23;;74235;503793.55;1117855.04;2013-12-04T00:00:00
8474818;599701;Odry;;;;;413593;Odry;313386;Vìtrná;è.p.;1054;24;;74235;503784.53;1117920.13;2013-12-04T00:00:00
8474826;599701;Odry;;;;;413593;Odry;313386;Vìtrná;è.p.;1055;25;;74235;503791.59;1117888.59;2013-12-04T00:00:00
8474834;599701;Odry;;;;;413593;Odry;313386;Vìtrná;è.p.;1062;32;;74235;503813.21;1117920.87;2013-12-04T00:00:00
8474842;599701;Odry;;;;;413593;Odry;313386;Vìtrná;è.p.;1050;20;;74235;503791.59;1117817.65;2013-12-04T00:00:00
8474869;599701;Odry;;;;;413593;Odry;313190;Pohoøská;è.ev.;3;;;74235;503735.49;1118537.02;2013-12-04T00:00:00
8474885;599701;Odry;;;;;413593;Odry;312860;Dvoøisko;è.ev.;6;;;74235;506639.84;1118010.71;2013-12-04T00:00:00
25186175;599701;Odry;;;;;26875;Dobešov;;;è.p.;35;;;74235;508958.09;1116600.55;2013-12-04T00:00:00
25186183;599701;Odry;;;;;56529;Klokoèùvek;;;è.ev.;117;;;74235;509974.97;1111171.24;2013-12-04T00:00:00
25186205;599701;Odry;;;;;56537;Louèky;;;è.p.;270;;;74236;506707.37;1115304.43;2013-12-04T00:00:00
25186213;599701;Odry;;;;;56537;Louèky;;;è.p.;271;;;74236;506730.25;1115217.50;2013-12-04T00:00:00
25186221;599701;Odry;;;;;124818;Pohoø;;;è.p.;92;;;74235;502045.69;1118605.76;2013-12-04T00:00:00
25186230;599701;Odry;;;;;124818;Pohoø;;;è.p.;93;;;74235;502151.86;1117912.59;2013-12-04T00:00:00
25186248;599701;Odry;;;;;167789;Tošovice;;;è.p.;32;;;74235;503216.57;1114603.11;2013-12-04T00:00:00
25430084;599701;Odry;;;;;413593;Odry;312975;Ke koupališti;è.p.;340;13;a;74235;504354.87;1118255.86;2013-12-04T00:00:00
25670107;599701;Odry;;;;;413593;Odry;313025;Køížová;è.p.;782;6;;74235;504591.73;1117575.92;2013-12-04T00:00:00
25818520;599701;Odry;;;;;413593;Odry;727962;Nad Benzinkou;è.p.;1064;1;;74235;504768.22;1118359.23;2013-12-04T00:00:00
25946374;599701;Odry;;;;;413593;Odry;313386;Vìtrná;è.p.;1056;26;;74235;503764.25;1117916.21;2013-12-04T00:00:00
26005484;599701;Odry;;;;;56529;Klokoèùvek;;;è.p.;358;;;74235;510150.42;1111007.27;2013-12-04T00:00:00
26230755;599701;Odry;;;;;413593;Odry;312959;Jižní;è.p.;1081;31;;74235;504829.01;1118490.90;2013-12-04T00:00:00
26230763;599701;Odry;;;;;413593;Odry;312941;Masarykovo námìstí;è.p.;2;17;;74235;504836.74;1117918.96;2023-10-17T00:00:00
26230771;599701;Odry;;;;;413593;Odry;313271;Vítovská;è.p.;98;23;;74235;504343.49;1116884.27;2013-12-04T00:00:00
26367513;599701;Odry;;;;;109151;Veselí;;;è.p.;24;;;74235;506680.59;1120134.29;2013-12-04T00:00:00
26382806;599701;Odry;;;;;26875;Dobešov;;;è.p.;38;;;74235;508808.90;1117789.13;2013-12-04T00:00:00
26398371;599701;Odry;;;;;62685;Kamenka;;;è.p.;32;;;74235;506351.37;1109155.11;2013-12-04T00:00:00
26398389;599701;Odry;;;;;62685;Kamenka;;;è.p.;96;;;74235;506525.73;1109892.40;2013-12-04T00:00:00
26420627;599701;Odry;;;;;413593;Odry;313114;Nadaèní;è.p.;187;34;a;74235;505265.42;1116946.01;2013-12-04T00:00:00
26421399;599701;Odry;;;;;413593;Odry;313106;Nábøežní;è.p.;392;8;;74235;504189.57;1118013.51;2013-12-04T00:00:00
26434032;599701;Odry;;;;;413593;Odry;313386;Vìtrná;è.p.;1057;27;;74235;503758.24;1117882.97;2013-12-04T00:00:00
26436515;599701;Odry;;;;;413593;Odry;313378;Veselská;è.p.;219;14;;74235;505179.64;1117968.15;2013-12-04T00:00:00
26436574;599701;Odry;;;;;413593;Odry;727962;Nad Benzinkou;è.p.;1070;2;;74235;504796.58;1118364.96;2013-12-04T00:00:00
26439913;599701;Odry;;;;;413593;Odry;727962;Nad Benzinkou;è.p.;1069;11;;74235;504741.34;1118472.81;2013-12-04T00:00:00
26452863;599701;Odry;;;;;413593;Odry;312959;Jižní;è.p.;1079;27;;74235;504840.64;1118445.27;2013-12-04T00:00:00
26457962;599701;Odry;;;;;413593;Odry;727962;Nad Benzinkou;è.p.;1067;7;;74235;504744.42;1118428.75;2013-12-04T00:00:00
26466210;599701;Odry;;;;;413593;Odry;312924;Hranická;è.p.;393;59;;74235;504695.05;1118389.16;2013-12-04T00:00:00
26472201;599701;Odry;;;;;413593;Odry;312959;Jižní;è.p.;1078;25;;74235;504845.91;1118422.71;2013-12-04T00:00:00
26472988;599701;Odry;;;;;413593;Odry;313301;Sluneèná;è.p.;184;4;a;74235;504978.23;1118029.36;2013-12-04T00:00:00
26479508;599701;Odry;;;;;167789;Tošovice;;;è.p.;30;;;74235;503231.78;1114676.95;2022-11-21T00:00:00
26529564;599701;Odry;;;;;413593;Odry;727962;Nad Benzinkou;è.p.;1068;9;;74235;504744.15;1118450.58;2013-12-04T00:00:00
26590603;599701;Odry;;;;;109169;Vítovka;;;è.ev.;42;;;74235;504729.28;1114996.82;2013-12-04T00:00:00
26611295;599701;Odry;;;;;167789;Tošovice;;;è.p.;42;;;74235;503033.08;1114343.26;2015-02-24T00:00:00
26618877;599701;Odry;;;;;124818;Pohoø;;;è.p.;54;;;74235;501883.65;1118134.75;2013-12-04T00:00:00
26734842;599701;Odry;;;;;413593;Odry;312959;Jižní;è.p.;1076;21;;74235;504857.61;1118376.38;2013-12-04T00:00:00
26736675;599701;Odry;;;;;413593;Odry;313106;Nábøežní;è.p.;153;16;;74235;504119.10;1118145.85;2013-12-04T00:00:00
26743931;599701;Odry;;;;;413593;Odry;313114;Nadaèní;è.p.;115;29;a;74235;505452.02;1116856.28;2013-12-04T00:00:00
26743949;599701;Odry;;;;;413593;Odry;313149;Na stráni;è.p.;1063;22;;74235;505174.27;1118315.90;2013-12-04T00:00:00
27012808;599701;Odry;;;;;26875;Dobešov;;;è.p.;42;;;74235;508803.44;1116750.13;2013-12-04T00:00:00
27012816;599701;Odry;;;;;26875;Dobešov;;;è.p.;56;;;74235;509023.35;1116596.99;2013-12-04T00:00:00
27012824;599701;Odry;;;;;56529;Klokoèùvek;;;è.p.;357;;;74235;511161.31;1110876.92;2013-12-04T00:00:00
27012832;599701;Odry;;;;;56529;Klokoèùvek;;;è.p.;359;;;74235;510043.80;1110718.78;2013-12-04T00:00:00
27012841;599701;Odry;;;;;56529;Klokoèùvek;;;è.ev.;118;;;74235;509959.75;1111098.55;2013-12-04T00:00:00
27012859;599701;Odry;;;;;167789;Tošovice;;;è.p.;43;;;74235;502702.50;1113928.15;2013-12-04T00:00:00
27012867;599701;Odry;;;;;167789;Tošovice;;;è.p.;57;;;74235;503328.47;1114726.26;2013-12-04T00:00:00
27012875;599701;Odry;;;;;167789;Tošovice;;;è.p.;70;;;74235;503006.47;1114155.54;2022-11-21T00:00:00
27012883;599701;Odry;;;;;413593;Odry;313351;tø. Osvobození;è.p.;271;28;;74235;503971.34;1117018.03;2013-12-04T00:00:00
27012891;599701;Odry;;;;;413593;Odry;313351;tø. Osvobození;è.p.;273;30;;74235;503870.08;1117056.66;2013-12-04T00:00:00
27012905;599701;Odry;;;;;413593;Odry;313394;Vítkovská;è.p.;334;33;;74235;505568.97;1116228.15;2013-12-04T00:00:00
27012913;599701;Odry;;;;;413593;Odry;313351;tø. Osvobození;è.p.;395;27;;74235;504277.12;1117130.25;2013-12-04T00:00:00
27100201;599701;Odry;;;;;56537;Louèky;;;è.p.;273;;;74236;506978.31;1114786.27;2013-12-04T00:00:00
27100219;599701;Odry;;;;;109151;Veselí;;;è.p.;84;;;74235;507119.24;1120952.90;2013-12-04T00:00:00
27100227;599701;Odry;;;;;413593;Odry;727962;Nad Benzinkou;è.p.;1066;5;;74235;504752.89;1118404.73;2013-12-04T00:00:00
27100235;599701;Odry;;;;;413593;Odry;727962;Nad Benzinkou;è.p.;1074;10;;74235;504778.78;1118456.37;2013-12-04T00:00:00
27100243;599701;Odry;;;;;413593;Odry;727962;Nad Benzinkou;è.p.;1075;12;;74235;504773.56;1118476.29;2013-12-04T00:00:00
27100251;599701;Odry;;;;;413593;Odry;312959;Jižní;è.p.;1080;29;;74235;504833.96;1118470.99;2013-12-04T00:00:00
27133575;599701;Odry;;;;;413593;Odry;313297;Skøivánèí;è.p.;1089;52;;74235;503788.75;1117291.55;2013-12-04T00:00:00
27145221;599701;Odry;;;;;413593;Odry;;;è.p.;1088;;;74235;504536.07;1118654.31;2013-12-04T00:00:00
27145239;599701;Odry;;;;;413593;Odry;727962;Nad Benzinkou;è.p.;1065;3;;74235;504759.87;1118384.02;2013-12-04T00:00:00
27155668;599701;Odry;;;;;124818;Pohoø;;;è.p.;98;;;74235;502322.72;1118658.25;2019-03-21T00:00:00
27155676;599701;Odry;;;;;62685;Kamenka;;;è.p.;58;;;74235;506553.44;1110379.11;2013-12-04T00:00:00
27155684;599701;Odry;;;;;62685;Kamenka;;;è.p.;59;;;74235;506619.07;1110335.56;2013-12-04T00:00:00
27183408;599701;Odry;;;;;56537;Louèky;;;è.ev.;38;;;74236;506166.17;1115709.22;2013-12-04T00:00:00
27183416;599701;Odry;;;;;413593;Odry;727962;Nad Benzinkou;è.p.;1073;8;;74235;504782.96;1118434.77;2013-12-04T00:00:00
27250695;599701;Odry;;;;;413593;Odry;313211;Potoèní;è.p.;321;40;;74235;504518.70;1118118.67;2013-12-04T00:00:00
27305171;599701;Odry;;;;;413593;Odry;312959;Jižní;è.p.;1086;30;;74235;504869.16;1118466.74;2013-12-04T00:00:00
27305244;599701;Odry;;;;;413593;Odry;313386;Vìtrná;è.p.;1092;33;;74235;503931.66;1117726.39;2013-12-04T00:00:00
27343057;599701;Odry;;;;;167789;Tošovice;;;è.p.;71;;;74235;503148.91;1114624.51;2013-12-04T00:00:00
27442497;599701;Odry;;;;;413593;Odry;312959;Jižní;è.p.;1083;24;;74235;504881.99;1118407.76;2013-12-04T00:00:00
27458661;599701;Odry;;;;;413593;Odry;313106;Nábøežní;è.p.;1097;26;;74235;504104.11;1118172.87;2013-12-04T00:00:00
27486451;599701;Odry;;;;;109151;Veselí;;;è.ev.;16;;;74235;506667.33;1119930.83;2013-12-04T00:00:00
27489884;599701;Odry;;;;;413593;Odry;312959;Jižní;è.p.;1087;32;;74235;504864.45;1118486.68;2013-12-04T00:00:00
27489892;599701;Odry;;;;;109169;Vítovka;;;è.p.;53;;;74235;504974.58;1114715.06;2013-12-04T00:00:00
27541495;599701;Odry;;;;;56537;Louèky;;;è.ev.;39;;;74236;505514.30;1115040.69;2013-12-04T00:00:00
27580512;599701;Odry;;;;;413593;Odry;312959;Jižní;è.p.;1084;26;;74235;504881.28;1118426.06;2013-12-04T00:00:00
27638251;599701;Odry;;;;;413593;Odry;312959;Jižní;è.p.;1085;28;;74235;504874.62;1118445.93;2013-12-04T00:00:00
27649482;599701;Odry;;;;;56529;Klokoèùvek;;;è.p.;361;;;74235;510108.60;1110860.33;2013-12-04T00:00:00
27667901;599701;Odry;;;;;413593;Odry;313106;Nábøežní;è.p.;1095;22;;74235;504162.65;1118202.70;2013-12-04T00:00:00
27675271;599701;Odry;;;;;413593;Odry;313106;Nábøežní;è.p.;1093;18;;74235;504151.13;1118166.82;2013-12-04T00:00:00
27703711;599701;Odry;;;;;413593;Odry;313106;Nábøežní;è.p.;1096;24;;74235;504133.69;1118189.25;2013-12-04T00:00:00
27719502;599701;Odry;;;;;109169;Vítovka;;;è.p.;56;;;74235;504891.75;1114637.92;2013-12-04T00:00:00
27734285;599701;Odry;;;;;26875;Dobešov;;;è.p.;64;;;74235;508932.98;1116589.66;2013-12-04T00:00:00
27765873;599701;Odry;;;;;109169;Vítovka;;;è.p.;65;;;74235;504664.72;1114790.08;2013-12-04T00:00:00
27800156;599701;Odry;;;;;413593;Odry;313394;Vítkovská;è.p.;267;25;;74235;504774.00;1117122.00;2013-12-04T00:00:00
27803643;599701;Odry;;;;;109169;Vítovka;;;è.p.;55;;;74235;504921.00;1114673.74;2013-12-04T00:00:00
27807291;599701;Odry;;;;;413593;Odry;312975;Ke koupališti;è.p.;1098;4;a;74235;504655.22;1118167.46;2013-12-04T00:00:00
27833267;599701;Odry;;;;;413593;Odry;313092;Mlýnské údolí;è.p.;1099;5;a;74235;505415.99;1117192.57;2013-12-04T00:00:00
27931528;599701;Odry;;;;;413593;Odry;313190;Pohoøská;è.p.;835;17;a;74235;503978.45;1117617.73;2013-12-04T00:00:00
27994511;599701;Odry;;;;;413593;Odry;312959;Jižní;è.p.;1082;22;;74235;504890.48;1118390.33;2013-12-04T00:00:00
27995763;599701;Odry;;;;;413593;Odry;312975;Ke koupališti;è.p.;944;15;a;74235;504246.21;1118596.79;2013-12-04T00:00:00
28001419;599701;Odry;;;;;56537;Louèky;;;è.p.;274;;;74236;505526.00;1116634.00;2013-12-04T00:00:00
28002954;599701;Odry;;;;;413593;Odry;313165;Nové mìsto;è.p.;297;2;a;74235;504606.42;1117735.57;2013-12-04T00:00:00
28003900;599701;Odry;;;;;413593;Odry;313297;Skøivánèí;è.p.;282;17;a;74235;504303.47;1117680.73;2013-12-04T00:00:00
28008448;599701;Odry;;;;;109169;Vítovka;;;è.p.;63;;;74235;504772.00;1114357.00;2013-12-04T00:00:00
28008456;599701;Odry;;;;;413593;Odry;312983;Komenského;è.p.;596;4;a;74235;505028.60;1117590.83;2013-12-04T00:00:00
28013841;599701;Odry;;;;;413593;Odry;313297;Skøivánèí;è.p.;777;24;;74235;504222.05;1117733.94;2013-12-04T00:00:00
28022131;599701;Odry;;;;;56537;Louèky;;;è.p.;124;;;74236;506185.00;1115782.00;2013-12-04T00:00:00
28036689;599701;Odry;;;;;56537;Louèky;;;è.p.;123;;;74236;506817.81;1114846.09;2016-04-08T00:00:00
28071492;599701;Odry;;;;;413593;Odry;313106;Nábøežní;è.p.;1094;20;;74235;504174.00;1118150.00;2013-12-04T00:00:00
28079957;599701;Odry;;;;;56537;Louèky;;;è.p.;121;;;74236;505498.00;1114946.00;2013-12-04T00:00:00
28104307;599701;Odry;;;;;413593;Odry;;;è.ev.;7;;;74235;505213.78;1117596.59;2013-12-04T00:00:00
28138341;599701;Odry;;;;;56537;Louèky;;;è.ev.;37;;;74236;506526.16;1115502.18;2013-12-04T00:00:00
28138350;599701;Odry;;;;;56537;Louèky;;;è.ev.;35;;;74236;505714.40;1116410.46;2013-12-04T00:00:00
28138368;599701;Odry;;;;;56537;Louèky;;;è.ev.;36;;;74236;505724.76;1116189.53;2013-12-04T00:00:00
28138392;599701;Odry;;;;;109151;Veselí;;;è.ev.;13;;;74235;506684.10;1120999.38;2013-12-04T00:00:00
28138406;599701;Odry;;;;;167789;Tošovice;;;è.p.;67;;;74235;502639.56;1113549.88;2013-12-04T00:00:00
28138414;599701;Odry;;;;;167789;Tošovice;;;è.p.;68;;;74235;503761.32;1114411.21;2013-12-04T00:00:00
28138422;599701;Odry;;;;;124818;Pohoø;;;è.ev.;10;;;74235;502358.90;1118615.18;2013-12-04T00:00:00
28169280;599701;Odry;;;;;109169;Vítovka;;;è.p.;54;;;74235;504943.00;1114691.00;2013-12-04T00:00:00
28169298;599701;Odry;;;;;413593;Odry;312860;Dvoøisko;è.p.;1101;3;;74235;506601.00;1118037.00;2013-12-04T00:00:00
28169310;599701;Odry;;;;;167789;Tošovice;;;è.p.;72;;;74235;503832.00;1114509.00;2013-12-04T00:00:00
28203691;599701;Odry;;;;;109169;Vítovka;;;è.p.;51;;;74235;505030.00;1114750.00;2013-12-04T00:00:00
28203704;599701;Odry;;;;;56537;Louèky;;;è.p.;120;;;74236;505250.00;1114797.00;2013-12-04T00:00:00
28225660;599701;Odry;;;;;413593;Odry;313190;Pohoøská;è.p.;1102;27;;74235;504264.61;1117486.33;2013-12-04T00:00:00
28225678;599701;Odry;;;;;56537;Louèky;;;è.p.;118;;;74236;506434.68;1115362.42;2013-12-04T00:00:00
28229410;599701;Odry;;;;;56537;Louèky;;;è.p.;119;;;74236;505586.73;1115089.20;2013-12-04T00:00:00
28234375;599701;Odry;;;;;109169;Vítovka;;;è.p.;62;;;74235;504784.25;1114384.77;2013-12-04T00:00:00
28249119;599701;Odry;;;;;413593;Odry;312975;Ke koupališti;è.p.;1103;12;a;74235;504538.01;1118565.85;2014-11-19T00:00:00
28308522;599701;Odry;;;;;124818;Pohoø;;;è.p.;94;;;74235;502145.59;1118259.82;2013-12-04T00:00:00
28338286;599701;Odry;;;;;56537;Louèky;;;è.ev.;40;;;74236;506024.81;1115992.88;2013-12-04T00:00:00
28343930;599701;Odry;;;;;56529;Klokoèùvek;;;è.p.;363;;;74235;509912.46;1110934.14;2013-12-04T00:00:00
28357493;599701;Odry;;;;;167789;Tošovice;;;è.p.;73;;;74235;502588.98;1113516.63;2013-12-04T00:00:00
28478720;599701;Odry;;;;;56537;Louèky;;;è.ev.;41;;;74236;505499.61;1115032.86;2013-12-04T00:00:00
30163676;599701;Odry;;;;;413593;Odry;312975;Ke koupališti;è.p.;144;1;a;74235;504698.12;1118117.08;2017-07-17T00:00:00
30163692;599701;Odry;;;;;413593;Odry;313424;1. máje;è.p.;250;37;a;74235;504837.86;1117431.44;2017-07-17T00:00:00
30163706;599701;Odry;;;;;413593;Odry;312924;Hranická;è.p.;386;62;;74235;504738.40;1118985.43;2013-12-04T00:00:00
30163731;599701;Odry;;;;;413593;Odry;312878;Dìlnická;è.p.;876;26;a;74235;505006.76;1117811.96;2017-07-17T00:00:00
30707986;599701;Odry;;;;;26875;Dobešov;;;è.p.;26;;;74235;508931.70;1117602.07;2013-12-04T00:00:00
30770581;599701;Odry;;;;;56529;Klokoèùvek;;;è.p.;329;;;74235;510115.49;1110733.55;2013-12-04T00:00:00
30770599;599701;Odry;;;;;56529;Klokoèùvek;;;è.ev.;119;;;74235;510132.28;1110751.54;2013-12-04T00:00:00
30770602;599701;Odry;;;;;56537;Louèky;;;è.p.;272;;;74236;506402.83;1115384.15;2013-12-04T00:00:00
31169384;599701;Odry;;;;;413593;Odry;313351;tø. Osvobození;è.p.;99;15;a;74235;504462.69;1117278.68;2017-07-17T00:00:00
31169392;599701;Odry;;;;;413593;Odry;313271;Vítovská;è.p.;113;2;;74235;504536.78;1116790.83;2013-12-04T00:00:00
31169406;599701;Odry;;;;;413593;Odry;313343;Tošovická;è.p.;157;7;;74235;504359.52;1115993.63;2013-12-04T00:00:00
31169414;599701;Odry;;;;;413593;Odry;313351;tø. Osvobození;è.p.;264;12;a;74235;504394.35;1117287.14;2017-07-17T00:00:00
31169422;599701;Odry;;;;;413593;Odry;313351;tø. Osvobození;è.p.;268;32;;74235;503915.60;1116911.50;2013-12-04T00:00:00
31169431;599701;Odry;;;;;413593;Odry;313122;Nádražní;è.p.;380;32;;74235;504894.79;1117162.07;2013-12-04T00:00:00
31169449;599701;Odry;;;;;413593;Odry;313424;1. máje;è.p.;423;43;;74235;504895.25;1117308.09;2013-12-04T00:00:00
31452337;599701;Odry;;;;;413593;Odry;313297;Skøivánèí;è.p.;117;22;a;74235;504240.85;1117707.20;2017-07-17T00:00:00
31452345;599701;Odry;;;;;413593;Odry;313165;Nové mìsto;è.p.;252;2;;74235;504579.42;1117755.24;2013-12-04T00:00:00
31452353;599701;Odry;;;;;413593;Odry;313122;Nádražní;è.p.;265;25;;74235;504637.37;1117224.94;2013-12-04T00:00:00
31452361;599701;Odry;;;;;413593;Odry;313190;Pohoøská;è.p.;801;25;;74235;504283.60;1117506.20;2013-12-04T00:00:00
40218627;599701;Odry;;;;;413593;Odry;;;è.p.;342;;;74235;503743.96;1118639.21;2014-01-30T00:00:00
40707148;599701;Odry;;;;;26875;Dobešov;;;è.p.;79;;;74235;508837.05;1117490.48;2013-12-04T00:00:00
40728099;599701;Odry;;;;;56537;Louèky;;;è.p.;275;;;74236;505551.89;1116652.89;2013-12-04T00:00:00
40762467;599701;Odry;;;;;62685;Kamenka;;;è.p.;119;;;74235;509128.66;1110349.66;2013-12-04T00:00:00
40896943;599701;Odry;;;;;413593;Odry;313386;Vìtrná;è.p.;1058;28;;74235;503760.59;1117855.34;2013-12-04T00:00:00
40948293;599701;Odry;;;;;56537;Louèky;;;è.p.;276;;;74236;505668.53;1116429.68;2013-12-04T00:00:00
40952070;599701;Odry;;;;;109169;Vítovka;;;è.p.;61;;;74235;504765.70;1114420.76;2013-12-04T00:00:00
41321391;599701;Odry;;;;;109169;Vítovka;;;è.p.;67;;;74235;505008.08;1114771.47;2013-12-04T00:00:00
41379527;599701;Odry;;;;;109169;Vítovka;;;è.p.;58;;;74235;504818.82;1114533.35;2013-12-04T00:00:00
41444400;599701;Odry;;;;;56529;Klokoèùvek;;;è.ev.;120;;;74235;510117.18;1111097.61;2013-12-04T00:00:00
41554469;599701;Odry;;;;;56537;Louèky;;;è.p.;117;;;74236;506637.58;1115451.88;2013-12-04T00:00:00
41561848;599701;Odry;;;;;109169;Vítovka;;;è.p.;68;;;74235;504494.91;1115479.05;2013-12-04T00:00:00
41694970;599701;Odry;;;;;62685;Kamenka;;;è.p.;120;;;74235;506662.98;1110134.58;2013-12-04T00:00:00
41695968;599701;Odry;;;;;56537;Louèky;;;è.p.;116;;;74236;505638.33;1115063.95;2013-12-04T00:00:00
41697898;599701;Odry;;;;;109169;Vítovka;;;è.p.;69;;;74235;504519.74;1115280.30;2013-12-04T00:00:00
41773721;599701;Odry;;;;;109169;Vítovka;;;è.p.;70;;;74235;504988.03;1114770.23;2013-12-04T00:00:00
41789679;599701;Odry;;;;;413593;Odry;313386;Vìtrná;è.p.;1104;29;;74235;503765.15;1117832.84;2013-12-04T00:00:00
42206995;599701;Odry;;;;;56529;Klokoèùvek;;;è.p.;365;;;74235;510003.86;1110542.61;2013-12-04T00:00:00
42572703;599701;Odry;;;;;109169;Vítovka;;;è.p.;64;;;74235;504708.19;1114429.92;2013-12-04T00:00:00
42572983;599701;Odry;;;;;109169;Vítovka;;;è.p.;71;;;74235;504689.99;1114428.19;2013-12-04T00:00:00
42764513;599701;Odry;;;;;56537;Louèky;;;è.p.;277;;;74236;505415.03;1114918.40;2013-12-04T00:00:00
61062049;599701;Odry;;;;;413593;Odry;313009;Kostelní;è.p.;1106;6;;74235;504669.47;1117955.22;2013-12-05T00:00:00
70522651;599701;Odry;;;;;413593;Odry;313122;Nádražní;è.p.;1105;34;;74235;504861.68;1117072.20;2013-12-19T00:00:00
71080945;599701;Odry;;;;;26875;Dobešov;;;è.p.;80;;;74235;508996.10;1117241.30;2014-01-20T00:00:00
72297115;599701;Odry;;;;;56537;Louèky;;;è.p.;115;;;74236;505605.08;1115034.47;2014-03-03T00:00:00
72495600;599701;Odry;;;;;56529;Klokoèùvek;;;è.p.;366;;;74235;510062.73;1110712.31;2014-04-01T00:00:00
72908483;599701;Odry;;;;;124818;Pohoø;;;è.p.;95;;;74235;502320.40;1118703.11;2014-07-21T00:00:00
72908785;599701;Odry;;;;;413593;Odry;312959;Jižní;è.p.;1107;33;;74235;504970.93;1118081.96;2014-07-21T00:00:00
72990406;599701;Odry;;;;;26875;Dobešov;;;è.p.;81;;;74235;508772.82;1117773.53;2014-08-19T00:00:00
73014664;599701;Odry;;;;;109151;Veselí;;;è.p.;85;;;74235;506824.64;1120996.94;2014-08-28T00:00:00
73051349;599701;Odry;;;;;413593;Odry;312894;Engelsova;è.p.;1108;2;;74235;504164.47;1117994.57;2014-09-12T00:00:00
73058181;599701;Odry;;;;;26875;Dobešov;;;è.p.;82;;;74235;509080.94;1117235.10;2014-09-16T00:00:00
73644633;599701;Odry;;;;;26875;Dobešov;;;è.p.;83;;;74235;508887.56;1116654.57;2015-04-30T00:00:00
73736406;599701;Odry;;;;;413593;Odry;312894;Engelsova;è.p.;1109;6;;74235;504133.31;1117973.21;2015-06-01T00:00:00
73807303;599701;Odry;;;;;109169;Vítovka;;;è.p.;72;;;74235;504797.83;1114635.12;2015-06-22T00:00:00
73951897;599701;Odry;;;;;109151;Veselí;;;è.p.;87;;;74235;506859.37;1120427.83;2015-08-12T00:00:00
74101137;599701;Odry;;;;;109151;Veselí;;;è.p.;83;;;74235;506713.25;1120429.11;2015-09-23T00:00:00
74111949;599701;Odry;;;;;56537;Louèky;;;è.p.;278;;;74236;505559.13;1116537.20;2015-09-30T00:00:00
74183273;599701;Odry;;;;;124818;Pohoø;;;è.p.;96;;;74235;502291.12;1118634.41;2015-11-06T00:00:00
74393723;599701;Odry;;;;;109169;Vítovka;;;è.p.;60;;;74235;504769.20;1114448.74;2015-12-18T00:00:00
74604082;599701;Odry;;;;;413593;Odry;312924;Hranická;è.p.;1110;32;;74235;504763.14;1118112.19;2016-02-17T00:00:00
74940473;599701;Odry;;;;;56537;Louèky;;;è.p.;279;;;74236;506008.68;1116135.59;2016-04-28T00:00:00
74977059;599701;Odry;;;;;109169;Vítovka;;;è.ev.;43;;;74235;504719.03;1115137.06;2016-05-06T00:00:00
75262347;599701;Odry;;;;;109169;Vítovka;;;è.p.;52;;;74235;504997.16;1114734.53;2016-08-12T00:00:00
75268060;599701;Odry;;;;;109169;Vítovka;;;è.p.;59;;;74235;504771.01;1114549.05;2016-08-12T00:00:00
75318911;599701;Odry;;;;;167789;Tošovice;;;è.p.;74;;;74235;502879.38;1113850.13;2016-09-05T00:00:00
75324415;599701;Odry;;;;;124818;Pohoø;;;è.ev.;13;;;74235;502365.03;1118661.77;2016-09-07T00:00:00
75329514;599701;Odry;;;;;413593;Odry;313301;Sluneèná;è.p.;1111;13;;74235;505062.74;1118166.02;2016-09-08T00:00:00
75642476;599701;Odry;;;;;413593;Odry;313386;Vìtrná;è.p.;1060;35;;74235;503756.42;1117765.40;2016-12-13T00:00:00
75863502;599701;Odry;;;;;167789;Tošovice;;;è.p.;77;;;74235;503301.52;1114418.24;2017-02-22T00:00:00
75915693;599701;Odry;;;;;167789;Tošovice;;;è.p.;76;;;74235;503344.52;1114462.70;2017-03-13T00:00:00
76069061;599701;Odry;;;;;56537;Louèky;;;è.p.;113;;;74236;506838.15;1114738.26;2017-04-12T00:00:00
76217523;599701;Odry;;;;;56537;Louèky;;;è.p.;114;;;74236;506247.43;1115556.63;2017-06-07T00:00:00
77211774;599701;Odry;;;;;167789;Tošovice;;;è.p.;75;;;74235;502840.10;1113920.13;2017-07-03T00:00:00
77686012;599701;Odry;;;;;109169;Vítovka;;;è.p.;74;;;74235;504844.86;1114433.21;2017-10-02T00:00:00
77686241;599701;Odry;;;;;109169;Vítovka;;;è.p.;75;;;74235;504862.68;1114452.51;2017-10-02T00:00:00
77686527;599701;Odry;;;;;413593;Odry;313386;Vìtrná;è.p.;1061;31;;74235;503786.29;1117956.65;2017-10-02T00:00:00
77693078;599701;Odry;;;;;56537;Louèky;;;è.p.;280;;;74236;506017.32;1116045.52;2017-10-04T00:00:00
77827694;599701;Odry;;;;;413593;Odry;313122;Nádražní;è.p.;538;29;;74235;504592.21;1117193.28;2017-11-28T00:00:00
78028663;599701;Odry;;;;;413593;Odry;313386;Vìtrná;è.p.;1090;36;;74235;503841.72;1117892.02;2018-02-16T00:00:00
78286832;599701;Odry;;;;;56537;Louèky;;;è.p.;111;;;74236;505154.16;1114839.36;2018-04-27T00:00:00
78302374;599701;Odry;;;;;56537;Louèky;;;è.p.;110;;;74236;505893.72;1115825.28;2018-05-02T00:00:00
78381746;599701;Odry;;;;;56537;Louèky;;;è.p.;109;;;74236;505759.36;1115148.02;2018-05-28T00:00:00
78580331;599701;Odry;;;;;56529;Klokoèùvek;;;è.p.;367;;;74235;509903.68;1110502.91;2018-08-07T00:00:00
78594766;599701;Odry;;;;;413593;Odry;312924;Hranická;è.p.;1113;48;;74235;504779.94;1118125.67;2018-08-13T00:00:00
78744083;599701;Odry;;;;;56537;Louèky;;;è.p.;281;;;74236;505576.31;1116503.10;2018-10-05T00:00:00
78788641;599701;Odry;;;;;56537;Louèky;;;è.p.;282;;;74236;505969.29;1116138.48;2018-10-22T00:00:00
78841151;599701;Odry;;;;;413593;Odry;312878;Dìlnická;è.p.;1114;23;;74235;505093.62;1117880.27;2018-11-09T00:00:00
78898358;599701;Odry;;;;;413593;Odry;;;è.ev.;8;;;74235;504172.22;1117719.16;2018-11-26T00:00:00
79125662;599701;Odry;;;;;413593;Odry;312894;Engelsova;è.p.;1115;8;;74235;504103.99;1117965.13;2019-02-07T00:00:00
79257089;599701;Odry;;;;;56537;Louèky;;;è.p.;108;;;74236;505811.30;1115820.69;2019-03-27T00:00:00
79417787;599701;Odry;;;;;413593;Odry;313157;Nová;è.p.;1116;17;;74235;504443.08;1117592.69;2019-06-06T00:00:00
79608264;599701;Odry;;;;;413593;Odry;313297;Skøivánèí;è.p.;1112;25;;74235;504157.14;1117329.10;2019-07-24T00:00:00
79654151;599701;Odry;;;;;413593;Odry;313351;tø. Osvobození;è.p.;1117;34;;74235;504006.77;1117229.38;2019-08-09T00:00:00
80099068;599701;Odry;;;;;413593;Odry;313211;Potoèní;è.p.;1118;41;;74235;504487.17;1118177.14;2019-11-25T00:00:00
80125077;599701;Odry;;;;;56529;Klokoèùvek;;;è.p.;368;;;74235;510047.42;1110477.19;2019-12-05T00:00:00
80159486;599701;Odry;;;;;56537;Louèky;;;è.p.;107;;;74236;505189.00;1114852.93;2019-12-10T00:00:00
80497748;599701;Odry;;;;;413593;Odry;312975;Ke koupališti;è.p.;1119;23;;74235;504167.73;1118952.22;2020-03-19T00:00:00
80820123;599701;Odry;;;;;56529;Klokoèùvek;;;è.p.;369;;;74235;510000.60;1110585.68;2020-06-15T00:00:00
81141637;599701;Odry;;;;;413593;Odry;313106;Nábøežní;è.p.;1122;10;;74235;504167.67;1118033.73;2020-09-15T00:00:00
81359314;599701;Odry;;;;;26875;Dobešov;;;è.p.;84;;;74235;508819.79;1116627.76;2020-12-11T00:00:00
81484275;599701;Odry;;;;;413593;Odry;313386;Vìtrná;è.p.;1059;34;;74235;503763.28;1117791.77;2021-02-04T00:00:00
81505841;599701;Odry;;;;;56529;Klokoèùvek;;;è.p.;370;;;74235;509774.94;1110927.41;2021-02-15T00:00:00
81622830;599701;Odry;;;;;413593;Odry;312894;Engelsova;è.p.;1120;10;;74235;504084.98;1117953.44;2021-04-07T00:00:00
81782900;599701;Odry;;;;;124818;Pohoø;;;è.ev.;14;;;74235;502099.59;1118209.69;2021-05-03T00:00:00
81789271;599701;Odry;;;;;413593;Odry;727962;Nad Benzinkou;è.p.;1072;6;;74235;504782.86;1118412.72;2021-05-05T00:00:00
81977417;599701;Odry;;;;;56537;Louèky;;;è.p.;106;;;74236;505148.61;1114766.01;2021-07-21T00:00:00
82195404;599701;Odry;;;;;109169;Vítovka;;;è.p.;76;;;74235;505060.16;1114787.88;2021-10-18T00:00:00
82209111;599701;Odry;;;;;413593;Odry;313394;Vítkovská;è.p.;1121;35;;74235;505405.84;1116273.91;2022-01-26T00:00:00
82281980;599701;Odry;;;;;109169;Vítovka;;;è.p.;77;;;74235;504644.63;1114680.01;2021-11-23T00:00:00
82326223;599701;Odry;;;;;167789;Tošovice;;;è.p.;81;;;74235;503083.87;1114575.35;2021-12-08T00:00:00
82546894;599701;Odry;;;;;109169;Vítovka;;;è.p.;78;;;74235;504687.38;1114149.33;2022-01-26T00:00:00
82903174;599701;Odry;;;;;56537;Louèky;;;è.p.;283;;;74236;505532.26;1116598.56;2022-04-26T00:00:00
82943621;599701;Odry;;;;;56537;Louèky;;;è.p.;284;;;74236;506701.03;1115354.02;2022-05-11T00:00:00
82944202;599701;Odry;;;;;26875;Dobešov;;;è.p.;85;;;74235;508934.84;1116770.83;2022-05-11T00:00:00
82986126;599701;Odry;;;;;124818;Pohoø;;;è.p.;99;;;74235;501856.86;1118434.58;2022-05-25T00:00:00
83086251;599701;Odry;;;;;413593;Odry;313297;Skøivánèí;è.p.;1123;24;a;74235;504200.79;1117688.71;2022-06-29T00:00:00
83098771;599701;Odry;;;;;56537;Louèky;;;è.p.;286;;;74236;505688.19;1115212.02;2022-07-08T00:00:00
83098968;599701;Odry;;;;;56537;Louèky;;;è.p.;285;;;74236;505542.92;1114909.74;2022-07-08T00:00:00
83099352;599701;Odry;;;;;167789;Tošovice;;;è.p.;78;;;74235;502911.33;1113880.76;2022-07-08T00:00:00
83134115;599701;Odry;;;;;109151;Veselí;;;è.p.;88;;;74235;506854.57;1120369.33;2022-07-15T00:00:00
83137912;599701;Odry;;;;;124818;Pohoø;;;è.p.;100;;;74235;502086.69;1118444.18;2022-07-18T00:00:00
83241426;599701;Odry;;;;;109151;Veselí;;;è.p.;90;;;74235;506736.25;1120264.95;2022-08-29T00:00:00
84561793;599701;Odry;;;;;413593;Odry;313114;Nadaèní;è.p.;1125;37;;74235;505468.55;1116773.57;2023-01-25T00:00:00
84590319;599701;Odry;;;;;109151;Veselí;;;è.p.;91;;;74235;506735.14;1121024.41;2022-12-05T00:00:00
84981831;599701;Odry;;;;;109151;Veselí;;;è.p.;92;;;74235;506874.45;1120398.61;2023-02-22T00:00:00
84982829;599701;Odry;;;;;56537;Louèky;;;è.p.;287;;;74236;506728.84;1115336.72;2023-02-22T00:00:00
84999454;599701;Odry;;;;;413593;Odry;313335;Stará;è.p.;1124;3;;74235;504592.56;1117491.13;2023-03-01T00:00:00
85055298;599701;Odry;;;;;167789;Tošovice;;;è.p.;80;;;74235;503025.64;1114470.66;2023-03-24T00:00:00
85152528;599701;Odry;;;;;56529;Klokoèùvek;;;è.p.;371;;;74235;509946.34;1110864.79;2023-05-03T00:00:00
85158445;599701;Odry;;;;;124818;Pohoø;;;è.p.;101;;;74235;502042.58;1118557.19;2023-05-04T00:00:00
85550841;599701;Odry;;;;;167789;Tošovice;;;è.p.;79;;;74235;503196.65;1114380.03;2023-08-25T00:00:00
85865044;599701;Odry;;;;;109169;Vítovka;;;è.p.;80;;;74235;504540.96;1114673.84;2023-12-14T00:00:00
86036173;599701;Odry;;;;;413593;Odry;313297;Skøivánèí;è.p.;1126;54;;74235;504081.84;1117555.63;2024-02-28T00:00:00
86294610;599701;Odry;;;;;124818;Pohoø;;;è.p.;102;;;74235;501856.75;1118404.59;2024-06-21T00:00:00
86311361;599701;Odry;;;;;413593;Odry;313327;Sokolovská;è.p.;1127;32;;74235;505143.82;1117661.26;2024-06-27T00:00:00
86513397;599701;Odry;;;;;413593;Odry;312878;Dìlnická;è.p.;1128;27;;74235;505117.26;1117877.77;2024-09-17T00:00:00
86556088;599701;Odry;;;;;413593;Odry;313386;Vìtrná;è.p.;1091;30;;74235;503762.54;1117810.25;2024-10-04T00:00:00
86667025;599701;Odry;;;;;109151;Veselí;;;è.p.;93;;;74235;506844.26;1120232.64;2024-12-02T00:00:00
86954911;599701;Odry;;;;;62685;Kamenka;;;è.p.;6;;;74235;506669.80;1109636.84;2025-03-28T00:00:00
87234041;599701;Odry;;;;;413593;Odry;313190;Pohoøská;è.p.;1129;29;;74235;503755.09;1117597.33;2025-08-15T00:00:00
87263459;599701;Odry;;;;;56529;Klokoèùvek;;;è.p.;372;;;74235;510071.68;1110905.05;2025-09-04T00:00:00
87291983;599701;Odry;;;;;109151;Veselí;;;è.p.;94;;;74235;506799.94;1119942.28;2025-09-24T00:00:00
87526077;599701;Odry;;;;;109169;Vítovka;;;è.p.;79;;;74235;504917.27;1114713.69;2025-12-15T00:00:00
87573377;599701;Odry;;;;;124818;Pohoø;;;è.p.;103;;;74235;501797.23;1118148.15;2026-01-14T00:00:00
87593483;599701;Odry;;;;;62685;Kamenka;;;è.p.;122;;;74235;506483.26;1109660.86;2026-01-26T00:00:00
