Kód ADM;Kód obce;Název obce;Kód MOMC;Název MOMC;Kód obvodu Prahy;Název obvodu Prahy;Kód èásti obce;Název èásti obce;Kód ulice;Název ulice;Typ SO;Èíslo domovní;Èíslo orientaèní;Znak èísla orientaèního;PSÈ;Souøadnice Y;Souøadnice X;Platí Od
7317921;574279;Nové Mìsto nad Metují;;;;;106437;Krèín;306631;Žižkovo námìstí;è.p.;1;;;54901;618012.00;1029322.99;2013-12-05T00:00:00
7317930;574279;Nové Mìsto nad Metují;;;;;106437;Krèín;306606;Záøeèí;è.p.;2;;;54901;617805.07;1029238.98;2019-03-12T00:00:00
7317948;574279;Nové Mìsto nad Metují;;;;;106437;Krèín;306100;Na Strážnici;è.p.;3;;;54901;617821.35;1029096.18;2013-12-05T00:00:00
7317956;574279;Nové Mìsto nad Metují;;;;;106437;Krèín;306631;Žižkovo námìstí;è.p.;4;;;54901;618067.03;1029336.97;2013-12-05T00:00:00
7317964;574279;Nové Mìsto nad Metují;;;;;106437;Krèín;306631;Žižkovo námìstí;è.p.;5;;;54901;618085.55;1029340.19;2013-12-05T00:00:00
7317972;574279;Nové Mìsto nad Metují;;;;;106437;Krèín;306631;Žižkovo námìstí;è.p.;6;;;54901;618119.36;1029336.25;2013-12-05T00:00:00
7317981;574279;Nové Mìsto nad Metují;;;;;106437;Krèín;306631;Žižkovo námìstí;è.p.;7;;;54901;618086.28;1029326.67;2013-12-05T00:00:00
7317999;574279;Nové Mìsto nad Metují;;;;;106437;Krèín;306631;Žižkovo námìstí;è.p.;8;;;54901;618158.01;1029332.44;2013-12-05T00:00:00
7318006;574279;Nové Mìsto nad Metují;;;;;106437;Krèín;306631;Žižkovo námìstí;è.p.;9;;;54901;618188.36;1029336.66;2013-12-05T00:00:00
7318014;574279;Nové Mìsto nad Metují;;;;;106437;Krèín;306088;Na Kopci;è.p.;10;;;54901;618627.02;1028995.98;2013-12-05T00:00:00
7318022;574279;Nové Mìsto nad Metují;;;;;106437;Krèín;305898;Husitská;è.p.;11;;;54901;618240.49;1029304.09;2013-12-05T00:00:00
7318031;574279;Nové Mìsto nad Metují;;;;;106437;Krèín;305898;Husitská;è.p.;12;;;54901;618254.36;1029292.97;2013-12-05T00:00:00
7318049;574279;Nové Mìsto nad Metují;;;;;106437;Krèín;305898;Husitská;è.p.;13;;;54901;618281.65;1029278.76;2013-12-05T00:00:00
7318057;574279;Nové Mìsto nad Metují;;;;;106437;Krèín;305898;Husitská;è.p.;14;;;54901;618281.58;1029246.70;2013-12-05T00:00:00
7318065;574279;Nové Mìsto nad Metují;;;;;106437;Krèín;305898;Husitská;è.p.;15;;;54901;618324.91;1029238.97;2013-12-05T00:00:00
7318073;574279;Nové Mìsto nad Metují;;;;;106437;Krèín;305898;Husitská;è.p.;16;;;54901;618349.94;1029227.95;2013-12-05T00:00:00
7318081;574279;Nové Mìsto nad Metují;;;;;106437;Krèín;305898;Husitská;è.p.;17;;;54901;618385.64;1029204.99;2013-12-05T00:00:00
7318090;574279;Nové Mìsto nad Metují;;;;;106437;Krèín;306193;Nábøežní;è.p.;18;;;54901;618351.66;1029069.76;2013-12-05T00:00:00
7318103;574279;Nové Mìsto nad Metují;;;;;106437;Krèín;305715;Bratøí Èapkù;è.p.;19;;;54901;618323.74;1029044.66;2013-12-05T00:00:00
7318111;574279;Nové Mìsto nad Metují;;;;;106437;Krèín;305715;Bratøí Èapkù;è.p.;20;;;54901;618365.37;1029028.15;2013-12-05T00:00:00
7318120;574279;Nové Mìsto nad Metují;;;;;106437;Krèín;305715;Bratøí Èapkù;è.p.;21;;;54901;618400.00;1029029.00;2014-02-14T00:00:00
7318138;574279;Nové Mìsto nad Metují;;;;;106437;Krèín;305715;Bratøí Èapkù;è.p.;22;;;54901;618437.53;1029021.48;2013-12-05T00:00:00
7318146;574279;Nové Mìsto nad Metují;;;;;106437;Krèín;306088;Na Kopci;è.p.;23;;;54901;619059.20;1029087.21;2013-12-05T00:00:00
7318154;574279;Nové Mìsto nad Metují;;;;;106437;Krèín;306088;Na Kopci;è.p.;24;;;54901;619033.87;1029116.51;2013-12-05T00:00:00
7318162;574279;Nové Mìsto nad Metují;;;;;106437;Krèín;306088;Na Kopci;è.p.;25;;;54901;618952.75;1029086.55;2013-12-05T00:00:00
7318171;574279;Nové Mìsto nad Metují;;;;;106437;Krèín;306088;Na Kopci;è.p.;26;;;54901;618917.09;1028990.87;2013-12-05T00:00:00
7318189;574279;Nové Mìsto nad Metují;;;;;106437;Krèín;306088;Na Kopci;è.p.;27;;;54901;618974.91;1028923.08;2013-12-05T00:00:00
7318197;574279;Nové Mìsto nad Metují;;;;;106437;Krèín;306088;Na Kopci;è.p.;28;;;54901;618883.85;1029137.19;2013-12-05T00:00:00
7318201;574279;Nové Mìsto nad Metují;;;;;106437;Krèín;306193;Nábøežní;è.p.;29;;;54901;618306.30;1029071.71;2013-12-05T00:00:00
7318219;574279;Nové Mìsto nad Metují;;;;;106437;Krèín;305898;Husitská;è.p.;30;;;54901;618407.32;1029225.02;2013-12-05T00:00:00
7318227;574279;Nové Mìsto nad Metují;;;;;106437;Krèín;306193;Nábøežní;è.p.;31;;;54901;618276.23;1029073.22;2013-12-05T00:00:00
7318235;574279;Nové Mìsto nad Metují;;;;;106437;Krèín;305898;Husitská;è.p.;32;;;54901;618292.78;1029299.44;2013-12-05T00:00:00
7318243;574279;Nové Mìsto nad Metují;;;;;106437;Krèín;305898;Husitská;è.p.;33;;;54901;618274.20;1029315.80;2013-12-05T00:00:00
7318251;574279;Nové Mìsto nad Metují;;;;;106437;Krèín;306631;Žižkovo námìstí;è.p.;34;;;54901;618225.39;1029355.43;2013-12-05T00:00:00
7318260;574279;Nové Mìsto nad Metují;;;;;106437;Krèín;305642;1. máje;è.p.;35;;;54901;617929.51;1029313.14;2013-12-05T00:00:00
7318278;574279;Nové Mìsto nad Metují;;;;;106437;Krèín;306631;Žižkovo námìstí;è.p.;36;;;54901;618113.70;1029379.13;2013-12-05T00:00:00
7318286;574279;Nové Mìsto nad Metují;;;;;106437;Krèín;306631;Žižkovo námìstí;è.p.;37;;;54901;618099.22;1029383.04;2013-12-05T00:00:00
7318294;574279;Nové Mìsto nad Metují;;;;;106437;Krèín;306631;Žižkovo námìstí;è.p.;38;;;54901;618088.26;1029391.17;2013-12-05T00:00:00
7318316;574279;Nové Mìsto nad Metují;;;;;106437;Krèín;306631;Žižkovo námìstí;è.p.;40;;;54901;618068.27;1029389.59;2013-12-05T00:00:00
7318324;574279;Nové Mìsto nad Metují;;;;;106437;Krèín;306631;Žižkovo námìstí;è.p.;41;;;54901;618045.85;1029390.40;2013-12-05T00:00:00
7318332;574279;Nové Mìsto nad Metují;;;;;106437;Krèín;306631;Žižkovo námìstí;è.p.;42;;;54901;617995.47;1029404.01;2013-12-05T00:00:00
7318341;574279;Nové Mìsto nad Metují;;;;;106437;Krèín;306631;Žižkovo námìstí;è.p.;44;;;54901;617976.38;1029423.62;2013-12-05T00:00:00
7318359;574279;Nové Mìsto nad Metují;;;;;106437;Krèín;306631;Žižkovo námìstí;è.p.;45;;;54901;617949.61;1029397.17;2013-12-05T00:00:00
7318367;574279;Nové Mìsto nad Metují;;;;;106437;Krèín;306631;Žižkovo námìstí;è.p.;46;;;54901;617939.63;1029400.70;2013-12-05T00:00:00
7318375;574279;Nové Mìsto nad Metují;;;;;106437;Krèín;306631;Žižkovo námìstí;è.p.;47;;;54901;617910.25;1029409.63;2013-12-05T00:00:00
7318383;574279;Nové Mìsto nad Metují;;;;;106437;Krèín;306631;Žižkovo námìstí;è.p.;48;;;54901;617830.27;1029420.40;2013-12-05T00:00:00
7318391;574279;Nové Mìsto nad Metují;;;;;106437;Krèín;306631;Žižkovo námìstí;è.p.;49;;;54901;617837.30;1029411.19;2013-12-05T00:00:00
7318405;574279;Nové Mìsto nad Metují;;;;;106437;Krèín;306029;Malá Strážnice;è.p.;50;;;54901;617857.78;1029143.96;2013-12-05T00:00:00
7318413;574279;Nové Mìsto nad Metují;;;;;106437;Krèín;305723;Budín;è.p.;51;;;54901;617733.89;1029467.67;2013-12-05T00:00:00
7318421;574279;Nové Mìsto nad Metují;;;;;106437;Krèín;305723;Budín;è.p.;52;;;54901;617686.23;1029505.31;2013-12-05T00:00:00
7318430;574279;Nové Mìsto nad Metují;;;;;106437;Krèín;305723;Budín;è.p.;53;;;54901;617687.61;1029473.68;2013-12-05T00:00:00
7318448;574279;Nové Mìsto nad Metují;;;;;106437;Krèín;305723;Budín;è.p.;54;;;54901;617671.71;1029446.45;2013-12-05T00:00:00
7318456;574279;Nové Mìsto nad Metují;;;;;106437;Krèín;305723;Budín;è.p.;55;;;54901;617709.99;1029443.19;2013-12-05T00:00:00
7318464;574279;Nové Mìsto nad Metují;;;;;106437;Krèín;305642;1. máje;è.p.;56;;;54901;617790.70;1029107.54;2013-12-05T00:00:00
7318472;574279;Nové Mìsto nad Metují;;;;;106437;Krèín;306029;Malá Strážnice;è.p.;57;;;54901;617922.51;1029112.89;2013-12-05T00:00:00
7318481;574279;Nové Mìsto nad Metují;;;;;106437;Krèín;305723;Budín;è.p.;58;;;54901;617682.98;1029527.06;2013-12-05T00:00:00
7318499;574279;Nové Mìsto nad Metují;;;;;106437;Krèín;306631;Žižkovo námìstí;è.p.;59;;;54901;617869.25;1029371.97;2013-12-05T00:00:00
7318502;574279;Nové Mìsto nad Metují;;;;;106437;Krèín;306185;Nahoøanská;è.p.;60;;;54901;618534.86;1028857.42;2013-12-05T00:00:00
7318511;574279;Nové Mìsto nad Metují;;;;;106437;Krèín;305642;1. máje;è.p.;61;;;54901;617938.39;1029277.42;2013-12-05T00:00:00
7318529;574279;Nové Mìsto nad Metují;;;;;106437;Krèín;306631;Žižkovo námìstí;è.p.;62;;;54901;618015.84;1029391.70;2013-12-05T00:00:00
7318537;574279;Nové Mìsto nad Metují;;;;;106437;Krèín;306631;Žižkovo námìstí;è.p.;64;;;54901;617786.55;1029389.74;2013-12-05T00:00:00
7318545;574279;Nové Mìsto nad Metují;;;;;106437;Krèín;306631;Žižkovo námìstí;è.p.;65;;;54901;617824.97;1029384.34;2013-12-05T00:00:00
7318553;574279;Nové Mìsto nad Metují;;;;;106437;Krèín;306631;Žižkovo námìstí;è.p.;66;;;54901;617836.76;1029377.44;2013-12-05T00:00:00
7318561;574279;Nové Mìsto nad Metují;;;;;106437;Krèín;306631;Žižkovo námìstí;è.p.;69;;;54901;617917.17;1029354.09;2013-12-05T00:00:00
7318570;574279;Nové Mìsto nad Metují;;;;;106437;Krèín;305642;1. máje;è.p.;70;;;54901;617937.64;1029343.21;2013-12-05T00:00:00
7318588;574279;Nové Mìsto nad Metují;;;;;106437;Krèín;305847;Elektrárenská;è.p.;71;;;54901;617771.73;1029277.32;2013-12-05T00:00:00
7318596;574279;Nové Mìsto nad Metují;;;;;106437;Krèín;305847;Elektrárenská;è.p.;72;;;54901;617787.13;1029261.09;2013-12-05T00:00:00
7318600;574279;Nové Mìsto nad Metují;;;;;106437;Krèín;305847;Elektrárenská;è.p.;73;;;54901;617791.37;1029251.22;2013-12-05T00:00:00
7318618;574279;Nové Mìsto nad Metují;;;;;106437;Krèín;306606;Záøeèí;è.p.;74;;;54901;617826.39;1029236.88;2019-03-12T00:00:00
7318626;574279;Nové Mìsto nad Metují;;;;;106437;Krèín;305847;Elektrárenská;è.p.;75;;;54901;617847.79;1029247.53;2013-12-05T00:00:00
7318634;574279;Nové Mìsto nad Metují;;;;;106437;Krèín;305847;Elektrárenská;è.p.;76;;;54901;617746.29;1029285.02;2013-12-05T00:00:00
7318642;574279;Nové Mìsto nad Metují;;;;;106437;Krèín;305642;1. máje;è.p.;77;;;54901;617813.78;1029213.70;2013-12-05T00:00:00
7318651;574279;Nové Mìsto nad Metují;;;;;106437;Krèín;305642;1. máje;è.p.;78;;;54901;617833.67;1029198.73;2013-12-05T00:00:00
7318669;574279;Nové Mìsto nad Metují;;;;;106437;Krèín;305642;1. máje;è.p.;79;;;54901;617807.90;1029186.77;2013-12-05T00:00:00
7318677;574279;Nové Mìsto nad Metují;;;;;106437;Krèín;306606;Záøeèí;è.p.;80;;;54901;617789.33;1029205.07;2013-12-05T00:00:00
7318685;574279;Nové Mìsto nad Metují;;;;;106437;Krèín;306606;Záøeèí;è.p.;81;;;54901;617780.45;1029185.77;2013-12-05T00:00:00
7318693;574279;Nové Mìsto nad Metují;;;;;106437;Krèín;305642;1. máje;è.p.;82;;;54901;617773.39;1029153.21;2013-12-05T00:00:00
7318707;574279;Nové Mìsto nad Metují;;;;;106437;Krèín;305642;1. máje;è.p.;83;;;54901;617758.12;1029119.46;2013-12-05T00:00:00
7318715;574279;Nové Mìsto nad Metují;;;;;106437;Krèín;305642;1. máje;è.p.;84;;;54901;617844.18;1029174.33;2013-12-05T00:00:00
7318723;574279;Nové Mìsto nad Metují;;;;;106437;Krèín;305642;1. máje;è.p.;85;;;54901;617871.48;1029172.64;2023-02-08T00:00:00
7318731;574279;Nové Mìsto nad Metují;;;;;106437;Krèín;306193;Nábøežní;è.p.;87;;;54901;617899.19;1029180.48;2013-12-05T00:00:00
7318740;574279;Nové Mìsto nad Metují;;;;;106437;Krèín;306304;Pod Strážnicí;è.p.;88;;;54901;617918.98;1029164.87;2013-12-05T00:00:00
7318758;574279;Nové Mìsto nad Metují;;;;;106437;Krèín;306193;Nábøežní;è.p.;89;;;54901;617934.93;1029171.67;2013-12-05T00:00:00
7318766;574279;Nové Mìsto nad Metují;;;;;106437;Krèín;306193;Nábøežní;è.p.;90;;;54901;617954.54;1029146.67;2013-12-05T00:00:00
7318774;574279;Nové Mìsto nad Metují;;;;;106437;Krèín;306193;Nábøežní;è.p.;91;;;54901;617978.90;1029140.55;2013-12-05T00:00:00
7318782;574279;Nové Mìsto nad Metují;;;;;106437;Krèín;306193;Nábøežní;è.p.;92;;;54901;618009.85;1029136.27;2013-12-05T00:00:00
7318791;574279;Nové Mìsto nad Metují;;;;;106437;Krèín;305804;Dobrušská;è.p.;93;;;54901;617825.19;1029829.65;2013-12-05T00:00:00
7318804;574279;Nové Mìsto nad Metují;;;;;106437;Krèín;305804;Dobrušská;è.p.;94;;;54901;617891.68;1029829.44;2013-12-05T00:00:00
7318812;574279;Nové Mìsto nad Metují;;;;;106437;Krèín;305804;Dobrušská;è.p.;95;;;54901;617892.64;1029842.60;2013-12-05T00:00:00
7318821;574279;Nové Mìsto nad Metují;;;;;106437;Krèín;305804;Dobrušská;è.p.;96;;;54901;617893.61;1029855.95;2013-12-05T00:00:00
7318839;574279;Nové Mìsto nad Metují;;;;;106437;Krèín;305804;Dobrušská;è.p.;97;;;54901;617893.99;1029868.91;2013-12-05T00:00:00
7318847;574279;Nové Mìsto nad Metují;;;;;106437;Krèín;305804;Dobrušská;è.p.;98;;;54901;617864.70;1029943.17;2013-12-05T00:00:00
7318855;574279;Nové Mìsto nad Metují;;;;;106437;Krèín;305804;Dobrušská;è.p.;99;;;54901;617863.48;1029929.53;2013-12-05T00:00:00
7318863;574279;Nové Mìsto nad Metují;;;;;106437;Krèín;305642;1. máje;è.p.;100;;;54901;617930.55;1029264.23;2013-12-05T00:00:00
7318871;574279;Nové Mìsto nad Metují;;;;;106437;Krèín;305804;Dobrušská;è.p.;101;;;54901;617859.43;1029911.59;2013-12-05T00:00:00
7318880;574279;Nové Mìsto nad Metují;;;;;106437;Krèín;305804;Dobrušská;è.p.;102;;;54901;617860.41;1029888.36;2013-12-05T00:00:00
7318898;574279;Nové Mìsto nad Metují;;;;;106437;Krèín;305804;Dobrušská;è.p.;103;;;54901;617859.92;1029879.38;2013-12-05T00:00:00
7318901;574279;Nové Mìsto nad Metují;;;;;106437;Krèín;305804;Dobrušská;è.p.;104;;;54901;617860.29;1029859.96;2013-12-05T00:00:00
7318910;574279;Nové Mìsto nad Metují;;;;;106437;Krèín;306185;Nahoøanská;è.p.;105;;;54901;618796.04;1028647.59;2013-12-05T00:00:00
7318936;574279;Nové Mìsto nad Metují;;;;;106437;Krèín;306193;Nábøežní;è.p.;107;;;54901;618097.32;1029095.11;2013-12-05T00:00:00
7318944;574279;Nové Mìsto nad Metují;;;;;106437;Krèín;305979;Kpt. Jaroše;è.p.;108;;;54901;617904.91;1028921.77;2018-03-15T00:00:00
7318952;574279;Nové Mìsto nad Metují;;;;;106437;Krèín;305642;1. máje;è.p.;109;;;54901;617811.38;1029151.88;2013-12-05T00:00:00
7318961;574279;Nové Mìsto nad Metují;;;;;106437;Krèín;305723;Budín;è.p.;110;;;54901;617718.00;1029464.85;2013-12-05T00:00:00
7318979;574279;Nové Mìsto nad Metují;;;;;106437;Krèín;783676;Osma;è.p.;111;;;54901;618585.06;1030421.06;2013-12-05T00:00:00
7318987;574279;Nové Mìsto nad Metují;;;;;106437;Krèín;305642;1. máje;è.p.;112;;;54901;617781.44;1029167.26;2013-12-05T00:00:00
7318995;574279;Nové Mìsto nad Metují;;;;;106437;Krèín;306193;Nábøežní;è.p.;113;;;54901;617991.46;1029144.72;2014-01-20T00:00:00
7319002;574279;Nové Mìsto nad Metují;;;;;106437;Krèín;306193;Nábøežní;è.p.;114;;;54901;618052.24;1029114.66;2013-12-05T00:00:00
7319011;574279;Nové Mìsto nad Metují;;;;;106437;Krèín;305847;Elektrárenská;è.p.;115;;;54901;617692.19;1029308.38;2013-12-05T00:00:00
7319029;574279;Nové Mìsto nad Metují;;;;;106437;Krèín;305898;Husitská;è.p.;116;;;54901;618255.28;1029343.82;2013-12-05T00:00:00
7319037;574279;Nové Mìsto nad Metují;;;;;106437;Krèín;306088;Na Kopci;è.p.;117;;;54901;618892.75;1028990.01;2013-12-05T00:00:00
7319045;574279;Nové Mìsto nad Metují;;;;;106437;Krèín;306088;Na Kopci;è.p.;118;;;54901;618865.87;1028996.09;2013-12-05T00:00:00
7319053;574279;Nové Mìsto nad Metují;;;;;106437;Krèín;306088;Na Kopci;è.p.;119;;;54901;618845.81;1028991.82;2013-12-05T00:00:00
7319061;574279;Nové Mìsto nad Metují;;;;;106437;Krèín;306029;Malá Strážnice;è.p.;120;;;54901;617894.70;1029140.51;2013-12-05T00:00:00
7319070;574279;Nové Mìsto nad Metují;;;;;106437;Krèín;306304;Pod Strážnicí;è.p.;121;;;54901;617942.60;1029134.20;2013-12-05T00:00:00
7319088;574279;Nové Mìsto nad Metují;;;;;106437;Krèín;306029;Malá Strážnice;è.p.;122;;;54901;617882.87;1029154.12;2013-12-05T00:00:00
7319096;574279;Nové Mìsto nad Metují;;;;;106437;Krèín;306631;Žižkovo námìstí;è.p.;123;;;54901;618192.43;1029379.13;2013-12-05T00:00:00
7319100;574279;Nové Mìsto nad Metují;;;;;106437;Krèín;305898;Husitská;è.p.;124;;;54901;618270.19;1029333.77;2013-12-05T00:00:00
7319118;574279;Nové Mìsto nad Metují;;;;;106437;Krèín;306088;Na Kopci;è.p.;125;;;54901;619042.25;1029007.01;2013-12-05T00:00:00
7319126;574279;Nové Mìsto nad Metují;;;;;106437;Krèín;306088;Na Kopci;è.p.;126;;;54901;618819.10;1028991.72;2013-12-05T00:00:00
7319134;574279;Nové Mìsto nad Metují;;;;;106437;Krèín;306631;Žižkovo námìstí;è.p.;127;;;54901;617890.60;1029415.63;2013-12-05T00:00:00
7319142;574279;Nové Mìsto nad Metují;;;;;106437;Krèín;306631;Žižkovo námìstí;è.p.;128;;;54901;617876.82;1029413.00;2013-12-05T00:00:00
7319151;574279;Nové Mìsto nad Metují;;;;;106437;Krèín;305723;Budín;è.p.;129;;;54901;617750.82;1029474.48;2013-12-05T00:00:00
7319169;574279;Nové Mìsto nad Metují;;;;;106437;Krèín;305723;Budín;è.p.;130;;;54901;617721.94;1029437.87;2013-12-05T00:00:00
7319177;574279;Nové Mìsto nad Metují;;;;;106437;Krèín;306185;Nahoøanská;è.p.;131;;;54901;618778.08;1028659.78;2013-12-05T00:00:00
7319185;574279;Nové Mìsto nad Metují;;;;;106437;Krèín;306631;Žižkovo námìstí;è.p.;132;;;54901;617851.69;1029411.68;2013-12-05T00:00:00
7319193;574279;Nové Mìsto nad Metují;;;;;106437;Krèín;305642;1. máje;è.p.;133;;;54901;617808.28;1029138.87;2013-12-05T00:00:00
7319207;574279;Nové Mìsto nad Metují;;;;;106437;Krèín;306088;Na Kopci;è.p.;134;;;54901;618828.30;1028930.95;2013-12-05T00:00:00
7319215;574279;Nové Mìsto nad Metují;;;;;106437;Krèín;305804;Dobrušská;è.p.;135;;;54901;617859.31;1029844.48;2013-12-05T00:00:00
7319223;574279;Nové Mìsto nad Metují;;;;;106437;Krèín;305898;Husitská;è.p.;136;;;54901;618293.98;1029229.45;2013-12-05T00:00:00
7319231;574279;Nové Mìsto nad Metují;;;;;106437;Krèín;783676;Osma;è.p.;137;;;54901;618812.27;1030188.94;2013-12-05T00:00:00
7319240;574279;Nové Mìsto nad Metují;;;;;106437;Krèín;306100;Na Strážnici;è.p.;138;;;54901;617810.39;1029098.17;2013-12-05T00:00:00
7319258;574279;Nové Mìsto nad Metují;;;;;106437;Krèín;305766;Èernèická;è.p.;139;;;54901;618308.86;1029441.09;2013-12-05T00:00:00
7319266;574279;Nové Mìsto nad Metují;;;;;106437;Krèín;306622;Železova louka;è.p.;140;;;54901;617694.91;1029890.65;2013-12-05T00:00:00
7319282;574279;Nové Mìsto nad Metují;;;;;106437;Krèín;305723;Budín;è.p.;142;;;54901;617735.82;1029490.66;2013-12-05T00:00:00
7319291;574279;Nové Mìsto nad Metují;;;;;106437;Krèín;305723;Budín;è.p.;143;;;54901;617723.45;1029488.21;2013-12-05T00:00:00
7319304;574279;Nové Mìsto nad Metují;;;;;106437;Krèín;305740;Cihelna;è.p.;144;;;54901;618156.09;1029826.68;2013-12-05T00:00:00
7319321;574279;Nové Mìsto nad Metují;;;;;106437;Krèín;306100;Na Strážnici;è.p.;146;;;54901;617842.12;1029096.46;2013-12-05T00:00:00
7319339;574279;Nové Mìsto nad Metují;;;;;106437;Krèín;306631;Žižkovo námìstí;è.p.;147;;;54901;618034.19;1029337.84;2013-12-05T00:00:00
7319347;574279;Nové Mìsto nad Metují;;;;;106437;Krèín;306631;Žižkovo námìstí;è.p.;148;;;54901;618170.99;1029344.70;2013-12-05T00:00:00
7319363;574279;Nové Mìsto nad Metují;;;;;106437;Krèín;305766;Èernèická;è.p.;150;;;54901;618382.93;1029477.44;2013-12-05T00:00:00
7319371;574279;Nové Mìsto nad Metují;;;;;106437;Krèín;306631;Žižkovo námìstí;è.p.;151;;;54901;618053.07;1029397.03;2013-12-05T00:00:00
7319380;574279;Nové Mìsto nad Metují;;;;;106437;Krèín;306631;Žižkovo námìstí;è.p.;152;;;54901;617961.55;1029327.05;2013-12-05T00:00:00
7319398;574279;Nové Mìsto nad Metují;;;;;106437;Krèín;306088;Na Kopci;è.p.;153;;;54901;618660.68;1028987.22;2013-12-05T00:00:00
7319401;574279;Nové Mìsto nad Metují;;;;;106437;Krèín;306100;Na Strážnici;è.p.;154;;;54901;617890.01;1029097.28;2013-12-05T00:00:00
7319410;574279;Nové Mìsto nad Metují;;;;;106437;Krèín;306100;Na Strážnici;è.p.;155;;;54901;617903.99;1029097.54;2013-12-05T00:00:00
7319428;574279;Nové Mìsto nad Metují;;;;;106437;Krèín;305847;Elektrárenská;è.p.;156;;;54901;617823.80;1029252.55;2013-12-05T00:00:00
7319436;574279;Nové Mìsto nad Metují;;;;;106437;Krèín;2518384;Nad Cihelnou;è.p.;157;;;54901;618142.75;1029958.38;2019-10-24T00:00:00
7319444;574279;Nové Mìsto nad Metují;;;;;106437;Krèín;2518384;Nad Cihelnou;è.p.;158;;;54901;618131.19;1029955.20;2019-10-24T00:00:00
7319452;574279;Nové Mìsto nad Metují;;;;;106437;Krèín;2518384;Nad Cihelnou;è.p.;159;;;54901;618118.77;1029952.01;2019-10-24T00:00:00
7319461;574279;Nové Mìsto nad Metují;;;;;106437;Krèín;306088;Na Kopci;è.p.;160;;;54901;619039.76;1028913.28;2013-12-05T00:00:00
7319479;574279;Nové Mìsto nad Metují;;;;;106437;Krèín;306088;Na Kopci;è.p.;161;;;54901;618677.05;1028982.86;2013-12-05T00:00:00
7319487;574279;Nové Mìsto nad Metují;;;;;106437;Krèín;306088;Na Kopci;è.p.;162;;;54901;618811.24;1028954.02;2013-12-05T00:00:00
7319509;574279;Nové Mìsto nad Metují;;;;;106437;Krèín;305642;1. máje;è.p.;164;;;54901;617904.66;1029205.87;2013-12-05T00:00:00
7319517;574279;Nové Mìsto nad Metují;;;;;106437;Krèín;306100;Na Strážnici;è.p.;165;;;54901;617922.27;1029096.65;2013-12-05T00:00:00
7319525;574279;Nové Mìsto nad Metují;;;;;106437;Krèín;306100;Na Strážnici;è.p.;166;;;54901;617949.02;1029092.96;2013-12-05T00:00:00
7319533;574279;Nové Mìsto nad Metují;;;;;106437;Krèín;306088;Na Kopci;è.p.;167;;;54901;618693.31;1028979.03;2013-12-05T00:00:00
7319541;574279;Nové Mìsto nad Metují;;;;;106437;Krèín;306088;Na Kopci;è.p.;168;;;54901;618712.47;1028975.57;2013-12-05T00:00:00
7319550;574279;Nové Mìsto nad Metují;;;;;106437;Krèín;306088;Na Kopci;è.p.;169;;;54901;618732.45;1028975.46;2013-12-05T00:00:00
7319568;574279;Nové Mìsto nad Metují;;;;;106437;Krèín;306088;Na Kopci;è.p.;170;;;54901;618856.79;1028957.29;2013-12-05T00:00:00
7319576;574279;Nové Mìsto nad Metují;;;;;106437;Krèín;306088;Na Kopci;è.p.;171;;;54901;618877.17;1028959.35;2013-12-05T00:00:00
7319584;574279;Nové Mìsto nad Metují;;;;;106437;Krèín;306088;Na Kopci;è.p.;172;;;54901;618890.47;1028959.80;2013-12-05T00:00:00
7319592;574279;Nové Mìsto nad Metují;;;;;106437;Krèín;306088;Na Kopci;è.p.;173;;;54901;618910.74;1028960.46;2013-12-05T00:00:00
7319606;574279;Nové Mìsto nad Metují;;;;;106437;Krèín;306185;Nahoøanská;è.p.;174;;;54901;618235.09;1028937.74;2013-12-05T00:00:00
7319614;574279;Nové Mìsto nad Metují;;;;;106437;Krèín;306088;Na Kopci;è.p.;175;;;54901;618958.17;1028962.01;2013-12-05T00:00:00
7319622;574279;Nové Mìsto nad Metují;;;;;106437;Krèín;306100;Na Strážnici;è.p.;176;;;54901;618008.64;1029078.66;2013-12-05T00:00:00
7319631;574279;Nové Mìsto nad Metují;;;;;106437;Krèín;306100;Na Strážnici;è.p.;177;;;54901;617990.88;1029083.13;2013-12-05T00:00:00
7319649;574279;Nové Mìsto nad Metují;;;;;106437;Krèín;306100;Na Strážnici;è.p.;178;;;54901;617962.86;1029093.07;2013-12-05T00:00:00
7319657;574279;Nové Mìsto nad Metují;;;;;106437;Krèín;305642;1. máje;è.p.;179;;;54901;617883.11;1029202.94;2013-12-05T00:00:00
7319665;574279;Nové Mìsto nad Metují;;;;;106437;Krèín;305642;1. máje;è.p.;180;;;54901;617873.13;1029196.11;2013-12-05T00:00:00
7319681;574279;Nové Mìsto nad Metují;;;;;106437;Krèín;305642;1. máje;è.p.;182;;;54901;617869.28;1029232.92;2013-12-05T00:00:00
7319690;574279;Nové Mìsto nad Metují;;;;;106437;Krèín;306100;Na Strážnici;è.p.;183;;;54901;618128.67;1029046.33;2013-12-05T00:00:00
7319703;574279;Nové Mìsto nad Metují;;;;;106437;Krèín;306100;Na Strážnici;è.p.;184;;;54901;618145.20;1029040.55;2013-12-05T00:00:00
7319711;574279;Nové Mìsto nad Metují;;;;;106437;Krèín;306100;Na Strážnici;è.p.;185;;;54901;618154.56;1029037.14;2013-12-05T00:00:00
7319720;574279;Nové Mìsto nad Metují;;;;;106437;Krèín;306100;Na Strážnici;è.p.;186;;;54901;618169.31;1029029.63;2013-12-05T00:00:00
7319738;574279;Nové Mìsto nad Metují;;;;;106437;Krèín;306100;Na Strážnici;è.p.;187;;;54901;618177.98;1029023.57;2013-12-05T00:00:00
7319746;574279;Nové Mìsto nad Metují;;;;;106437;Krèín;305715;Bratøí Èapkù;è.p.;188;;;54901;618196.97;1029016.38;2013-12-05T00:00:00
7319754;574279;Nové Mìsto nad Metují;;;;;106437;Krèín;305715;Bratøí Èapkù;è.p.;189;;;54901;618217.71;1029016.18;2013-12-05T00:00:00
7319762;574279;Nové Mìsto nad Metují;;;;;106437;Krèín;305715;Bratøí Èapkù;è.p.;190;;;54901;618233.01;1029017.86;2013-12-05T00:00:00
7319771;574279;Nové Mìsto nad Metují;;;;;106437;Krèín;305715;Bratøí Èapkù;è.p.;191;;;54901;618244.29;1029019.06;2013-12-05T00:00:00
7319789;574279;Nové Mìsto nad Metují;;;;;106437;Krèín;306185;Nahoøanská;è.p.;192;;;54901;618203.74;1028968.27;2013-12-05T00:00:00
7319797;574279;Nové Mìsto nad Metují;;;;;106437;Krèín;306100;Na Strážnici;è.p.;193;;;54901;618025.14;1029073.98;2013-12-05T00:00:00
7319801;574279;Nové Mìsto nad Metují;;;;;106437;Krèín;306185;Nahoøanská;è.p.;194;;;54901;618306.96;1028918.93;2013-12-05T00:00:00
7319819;574279;Nové Mìsto nad Metují;;;;;106437;Krèín;305715;Bratøí Èapkù;è.p.;195;;;54901;618290.61;1029023.03;2013-12-05T00:00:00
7319827;574279;Nové Mìsto nad Metují;;;;;106437;Krèín;305715;Bratøí Èapkù;è.p.;196;;;54901;618263.05;1029021.13;2013-12-05T00:00:00
7319835;574279;Nové Mìsto nad Metují;;;;;106437;Krèín;305715;Bratøí Èapkù;è.p.;197;;;54901;618270.78;1029022.03;2013-12-05T00:00:00
7319843;574279;Nové Mìsto nad Metují;;;;;106437;Krèín;306100;Na Strážnici;è.p.;198;;;54901;618058.69;1029063.81;2013-12-05T00:00:00
7319851;574279;Nové Mìsto nad Metují;;;;;106437;Krèín;306100;Na Strážnici;è.p.;199;;;54901;618112.27;1029052.97;2013-12-05T00:00:00
7319860;574279;Nové Mìsto nad Metují;;;;;106437;Krèín;306100;Na Strážnici;è.p.;200;;;54901;618084.24;1029017.48;2013-12-05T00:00:00
7319878;574279;Nové Mìsto nad Metují;;;;;106437;Krèín;306100;Na Strážnici;è.p.;201;;;54901;618110.34;1029026.40;2013-12-05T00:00:00
7319886;574279;Nové Mìsto nad Metují;;;;;106437;Krèín;306100;Na Strážnici;è.p.;202;;;54901;618129.57;1029019.63;2013-12-05T00:00:00
7319894;574279;Nové Mìsto nad Metují;;;;;106437;Krèín;306100;Na Strážnici;è.p.;203;;;54901;618150.61;1029010.39;2013-12-05T00:00:00
7319908;574279;Nové Mìsto nad Metují;;;;;106437;Krèín;306100;Na Strážnici;è.p.;204;;;54901;618163.51;1028995.07;2013-12-05T00:00:00
7319916;574279;Nové Mìsto nad Metují;;;;;106437;Krèín;306185;Nahoøanská;è.p.;205;;;54901;618223.60;1028989.58;2013-12-05T00:00:00
7319924;574279;Nové Mìsto nad Metují;;;;;106437;Krèín;305715;Bratøí Èapkù;è.p.;206;;;54901;618243.44;1028992.71;2013-12-05T00:00:00
7319932;574279;Nové Mìsto nad Metují;;;;;106437;Krèín;305715;Bratøí Èapkù;è.p.;207;;;54901;618262.30;1028995.56;2013-12-05T00:00:00
7319941;574279;Nové Mìsto nad Metují;;;;;106437;Krèín;305715;Bratøí Èapkù;è.p.;208;;;54901;618282.66;1028997.18;2013-12-05T00:00:00
7319959;574279;Nové Mìsto nad Metují;;;;;106437;Krèín;305715;Bratøí Èapkù;è.p.;209;;;54901;618300.17;1028999.19;2013-12-05T00:00:00
7319967;574279;Nové Mìsto nad Metují;;;;;106437;Krèín;305715;Bratøí Èapkù;è.p.;210;;;54901;618319.50;1028999.80;2013-12-05T00:00:00
7319983;574279;Nové Mìsto nad Metují;;;;;106437;Krèín;305715;Bratøí Èapkù;è.p.;212;;;54901;618400.83;1028995.35;2013-12-05T00:00:00
7319991;574279;Nové Mìsto nad Metují;;;;;106437;Krèín;305715;Bratøí Èapkù;è.p.;213;;;54901;618422.75;1028993.60;2013-12-05T00:00:00
7320001;574279;Nové Mìsto nad Metují;;;;;106437;Krèín;305715;Bratøí Èapkù;è.p.;214;;;54901;618453.84;1029019.04;2013-12-05T00:00:00
7320027;574279;Nové Mìsto nad Metují;;;;;106437;Krèín;2385635;V Písníku;è.p.;216;;;54901;618754.83;1029036.51;2019-01-08T00:00:00
7320035;574279;Nové Mìsto nad Metují;;;;;106437;Krèín;306193;Nábøežní;è.p.;217;;;54901;618065.91;1029108.05;2013-12-05T00:00:00
7320043;574279;Nové Mìsto nad Metují;;;;;106437;Krèín;305898;Husitská;è.p.;218;;;54901;618245.25;1029336.05;2013-12-05T00:00:00
7320051;574279;Nové Mìsto nad Metují;;;;;106437;Krèín;305766;Èernèická;è.p.;219;;;54901;618397.57;1029508.63;2013-12-05T00:00:00
7320078;574279;Nové Mìsto nad Metují;;;;;106437;Krèín;306185;Nahoøanská;è.p.;221;;;54901;618230.82;1028985.80;2013-12-05T00:00:00
7320086;574279;Nové Mìsto nad Metují;;;;;106437;Krèín;306274;U Letištì;è.p.;222;;;54901;618745.94;1028844.34;2013-12-05T00:00:00
7320094;574279;Nové Mìsto nad Metují;;;;;106437;Krèín;306274;U Letištì;è.p.;223;;;54901;618753.69;1028949.54;2013-12-05T00:00:00
7320108;574279;Nové Mìsto nad Metují;;;;;106437;Krèín;306274;U Letištì;è.p.;224;;;54901;618749.36;1028922.40;2013-12-05T00:00:00
7320116;574279;Nové Mìsto nad Metují;;;;;106437;Krèín;306274;U Letištì;è.p.;225;;;54901;618748.74;1028902.45;2013-12-05T00:00:00
7320124;574279;Nové Mìsto nad Metují;;;;;106437;Krèín;306274;U Letištì;è.p.;226;;;54901;618747.33;1028884.83;2013-12-05T00:00:00
7320132;574279;Nové Mìsto nad Metují;;;;;106437;Krèín;306274;U Letištì;è.p.;227;;;54901;618747.55;1028865.55;2013-12-05T00:00:00
7320141;574279;Nové Mìsto nad Metují;;;;;106437;Krèín;306274;U Letištì;è.p.;228;;;54901;618745.42;1028811.30;2013-12-05T00:00:00
7320159;574279;Nové Mìsto nad Metují;;;;;106437;Krèín;306274;U Letištì;è.p.;229;;;54901;618742.52;1028792.15;2013-12-05T00:00:00
7320167;574279;Nové Mìsto nad Metují;;;;;106437;Krèín;306274;U Letištì;è.p.;230;;;54901;618740.98;1028766.43;2013-12-05T00:00:00
7320175;574279;Nové Mìsto nad Metují;;;;;106437;Krèín;306274;U Letištì;è.p.;231;;;54901;618740.92;1028747.05;2013-12-05T00:00:00
7320183;574279;Nové Mìsto nad Metují;;;;;106437;Krèín;306274;U Letištì;è.p.;232;;;54901;618740.33;1028736.04;2013-12-05T00:00:00
7320191;574279;Nové Mìsto nad Metují;;;;;106437;Krèín;306274;U Letištì;è.p.;233;;;54901;618716.58;1028742.68;2013-12-05T00:00:00
7320205;574279;Nové Mìsto nad Metují;;;;;106437;Krèín;306274;U Letištì;è.p.;234;;;54901;618717.46;1028759.90;2013-12-05T00:00:00
7320213;574279;Nové Mìsto nad Metují;;;;;106437;Krèín;306274;U Letištì;è.p.;235;;;54901;618719.58;1028799.91;2013-12-05T00:00:00
7320221;574279;Nové Mìsto nad Metují;;;;;106437;Krèín;306274;U Letištì;è.p.;236;;;54901;618720.92;1028817.76;2013-12-05T00:00:00
7320230;574279;Nové Mìsto nad Metují;;;;;106437;Krèín;306274;U Letištì;è.p.;237;;;54901;618722.70;1028850.49;2013-12-05T00:00:00
7320248;574279;Nové Mìsto nad Metují;;;;;106437;Krèín;306274;U Letištì;è.p.;238;;;54901;618721.85;1028863.85;2013-12-05T00:00:00
7320256;574279;Nové Mìsto nad Metují;;;;;106437;Krèín;306274;U Letištì;è.p.;239;;;54901;618725.00;1028882.39;2013-12-05T00:00:00
7320264;574279;Nové Mìsto nad Metují;;;;;106437;Krèín;306274;U Letištì;è.p.;240;;;54901;618726.88;1028910.68;2013-12-05T00:00:00
7320272;574279;Nové Mìsto nad Metují;;;;;106437;Krèín;306274;U Letištì;è.p.;241;;;54901;618727.62;1028921.19;2013-12-05T00:00:00
7320281;574279;Nové Mìsto nad Metují;;;;;106437;Krèín;306274;U Letištì;è.p.;242;;;54901;618722.25;1028949.79;2013-12-05T00:00:00
7320299;574279;Nové Mìsto nad Metují;;;;;106437;Krèín;306088;Na Kopci;è.p.;243;;;54901;618712.91;1028950.28;2013-12-05T00:00:00
7320302;574279;Nové Mìsto nad Metují;;;;;106437;Krèín;306088;Na Kopci;è.p.;244;;;54901;618692.28;1028954.01;2013-12-05T00:00:00
7320311;574279;Nové Mìsto nad Metují;;;;;106437;Krèín;306088;Na Kopci;è.p.;245;;;54901;618674.89;1028956.70;2013-12-05T00:00:00
7320329;574279;Nové Mìsto nad Metují;;;;;106437;Krèín;306525;U Zvonice;è.p.;246;;;54901;618556.44;1028939.85;2013-12-05T00:00:00
7320337;574279;Nové Mìsto nad Metují;;;;;106437;Krèín;305715;Bratøí Èapkù;è.p.;247;;;54901;618476.36;1028975.94;2013-12-05T00:00:00
7320345;574279;Nové Mìsto nad Metují;;;;;106437;Krèín;306100;Na Strážnici;è.p.;248;;;54901;617987.11;1029053.19;2013-12-05T00:00:00
7320353;574279;Nové Mìsto nad Metují;;;;;106437;Krèín;306100;Na Strážnici;è.p.;250;;;54901;618034.23;1029038.66;2013-12-05T00:00:00
7320361;574279;Nové Mìsto nad Metují;;;;;106437;Krèín;306100;Na Strážnici;è.p.;251;;;54901;618056.02;1029034.43;2013-12-05T00:00:00
7320370;574279;Nové Mìsto nad Metují;;;;;106437;Krèín;305804;Dobrušská;è.p.;252;;;54901;617834.54;1029959.15;2013-12-05T00:00:00
7320388;574279;Nové Mìsto nad Metují;;;;;106437;Krèín;305898;Husitská;è.p.;253;;;54901;618313.54;1029290.04;2013-12-05T00:00:00
7320396;574279;Nové Mìsto nad Metují;;;;;106437;Krèín;305898;Husitská;è.p.;254;;;54901;618333.42;1029272.27;2013-12-05T00:00:00
7320400;574279;Nové Mìsto nad Metují;;;;;106437;Krèín;305898;Husitská;è.p.;255;;;54901;618348.19;1029263.40;2013-12-05T00:00:00
7320418;574279;Nové Mìsto nad Metují;;;;;106437;Krèín;305898;Husitská;è.p.;256;;;54901;618363.42;1029251.22;2013-12-05T00:00:00
7320426;574279;Nové Mìsto nad Metují;;;;;106437;Krèín;306185;Nahoøanská;è.p.;257;;;54901;618268.27;1028966.59;2013-12-05T00:00:00
7320434;574279;Nové Mìsto nad Metují;;;;;106437;Krèín;306185;Nahoøanská;è.p.;258;;;54901;618279.78;1028960.79;2013-12-05T00:00:00
7320442;574279;Nové Mìsto nad Metují;;;;;106437;Krèín;306185;Nahoøanská;è.p.;259;;;54901;618255.35;1028927.27;2013-12-05T00:00:00
7320451;574279;Nové Mìsto nad Metují;;;;;106437;Krèín;306541;V Zahradách;è.p.;260;;;54901;618463.92;1028742.35;2013-12-05T00:00:00
7320469;574279;Nové Mìsto nad Metují;;;;;106437;Krèín;306185;Nahoøanská;è.p.;261;;;54901;618329.57;1028937.38;2013-12-05T00:00:00
7320477;574279;Nové Mìsto nad Metují;;;;;106437;Krèín;306185;Nahoøanská;è.p.;262;;;54901;618364.83;1028921.73;2013-12-05T00:00:00
7320485;574279;Nové Mìsto nad Metují;;;;;106437;Krèín;306185;Nahoøanská;è.p.;263;;;54901;618435.26;1028971.17;2013-12-05T00:00:00
7320493;574279;Nové Mìsto nad Metují;;;;;106437;Krèín;306185;Nahoøanská;è.p.;264;;;54901;618416.91;1028962.59;2013-12-05T00:00:00
7320507;574279;Nové Mìsto nad Metují;;;;;106437;Krèín;306185;Nahoøanská;è.p.;265;;;54901;618442.24;1028884.57;2013-12-05T00:00:00
7320515;574279;Nové Mìsto nad Metují;;;;;106437;Krèín;306185;Nahoøanská;è.p.;266;;;54901;618358.63;1028889.09;2013-12-05T00:00:00
7320523;574279;Nové Mìsto nad Metují;;;;;106437;Krèín;306185;Nahoøanská;è.p.;267;;;54901;618376.24;1028880.62;2013-12-05T00:00:00
7320531;574279;Nové Mìsto nad Metují;;;;;106437;Krèín;306185;Nahoøanská;è.p.;268;;;54901;618395.57;1028871.59;2013-12-05T00:00:00
7320540;574279;Nové Mìsto nad Metují;;;;;106437;Krèín;306185;Nahoøanská;è.p.;269;;;54901;618412.59;1028863.58;2013-12-05T00:00:00
7320558;574279;Nové Mìsto nad Metují;;;;;106437;Krèín;306185;Nahoøanská;è.p.;270;;;54901;618430.34;1028855.14;2013-12-05T00:00:00
7320566;574279;Nové Mìsto nad Metují;;;;;106437;Krèín;306185;Nahoøanská;è.p.;271;;;54901;618448.18;1028846.40;2013-12-05T00:00:00
7320574;574279;Nové Mìsto nad Metují;;;;;106437;Krèín;306185;Nahoøanská;è.p.;272;;;54901;618467.78;1028837.14;2013-12-05T00:00:00
7320582;574279;Nové Mìsto nad Metují;;;;;106437;Krèín;306185;Nahoøanská;è.p.;273;;;54901;618484.75;1028829.35;2013-12-05T00:00:00
7320591;574279;Nové Mìsto nad Metují;;;;;106437;Krèín;306541;V Zahradách;è.p.;274;;;54901;618463.95;1028781.27;2013-12-05T00:00:00
7320604;574279;Nové Mìsto nad Metují;;;;;106437;Krèín;306541;V Zahradách;è.p.;275;;;54901;618443.61;1028787.04;2013-12-05T00:00:00
7320612;574279;Nové Mìsto nad Metují;;;;;106437;Krèín;306541;V Zahradách;è.p.;276;;;54901;618425.44;1028794.91;2013-12-05T00:00:00
7320621;574279;Nové Mìsto nad Metují;;;;;106437;Krèín;306541;V Zahradách;è.p.;277;;;54901;618406.72;1028804.18;2013-12-05T00:00:00
7320639;574279;Nové Mìsto nad Metují;;;;;106437;Krèín;306541;V Zahradách;è.p.;278;;;54901;618388.54;1028812.64;2013-12-05T00:00:00
7320647;574279;Nové Mìsto nad Metují;;;;;106437;Krèín;306541;V Zahradách;è.p.;279;;;54901;618371.88;1028822.58;2013-12-05T00:00:00
7320655;574279;Nové Mìsto nad Metují;;;;;106437;Krèín;306541;V Zahradách;è.p.;280;;;54901;618355.28;1028828.23;2013-12-05T00:00:00
7320663;574279;Nové Mìsto nad Metují;;;;;106437;Krèín;306185;Nahoøanská;è.p.;281;;;54901;618339.52;1028902.60;2013-12-05T00:00:00
7320671;574279;Nové Mìsto nad Metují;;;;;106437;Krèín;306541;V Zahradách;è.p.;282;;;54901;618337.41;1028836.56;2013-12-05T00:00:00
7320680;574279;Nové Mìsto nad Metují;;;;;106437;Krèín;306541;V Zahradách;è.p.;283;;;54901;618319.43;1028845.34;2013-12-05T00:00:00
7320698;574279;Nové Mìsto nad Metují;;;;;106437;Krèín;306541;V Zahradách;è.p.;284;;;54901;618302.52;1028853.14;2013-12-05T00:00:00
7320701;574279;Nové Mìsto nad Metují;;;;;106437;Krèín;306363;Pøíèná;è.p.;285;;;54901;618301.51;1028876.49;2013-12-05T00:00:00
7320710;574279;Nové Mìsto nad Metují;;;;;106437;Krèín;306363;Pøíèná;è.p.;286;;;54901;618244.46;1028881.10;2013-12-05T00:00:00
7320728;574279;Nové Mìsto nad Metují;;;;;106437;Krèín;306266;Okružní;è.p.;288;;;54901;618206.99;1028899.18;2013-12-05T00:00:00
7320736;574279;Nové Mìsto nad Metují;;;;;106437;Krèín;306151;Nad Lipami;è.p.;289;;;54901;618629.66;1028949.86;2013-12-05T00:00:00
7320744;574279;Nové Mìsto nad Metují;;;;;106437;Krèín;306151;Nad Lipami;è.p.;290;;;54901;618646.38;1028939.50;2013-12-05T00:00:00
7320752;574279;Nové Mìsto nad Metují;;;;;106437;Krèín;306151;Nad Lipami;è.p.;291;;;54901;618674.43;1028913.65;2013-12-05T00:00:00
7320761;574279;Nové Mìsto nad Metují;;;;;106437;Krèín;306151;Nad Lipami;è.p.;292;;;54901;618687.39;1028902.51;2013-12-05T00:00:00
7320779;574279;Nové Mìsto nad Metují;;;;;106437;Krèín;306525;U Zvonice;è.p.;293;;;54901;618692.30;1028855.68;2013-12-05T00:00:00
7320787;574279;Nové Mìsto nad Metují;;;;;106437;Krèín;306525;U Zvonice;è.p.;294;;;54901;618678.62;1028865.97;2013-12-05T00:00:00
7320795;574279;Nové Mìsto nad Metují;;;;;106437;Krèín;306525;U Zvonice;è.p.;295;;;54901;618664.99;1028876.38;2013-12-05T00:00:00
7320809;574279;Nové Mìsto nad Metují;;;;;106437;Krèín;306525;U Zvonice;è.p.;296;;;54901;618651.71;1028887.17;2013-12-05T00:00:00
7320817;574279;Nové Mìsto nad Metují;;;;;106437;Krèín;306525;U Zvonice;è.p.;297;;;54901;618638.18;1028897.78;2013-12-05T00:00:00
7320825;574279;Nové Mìsto nad Metují;;;;;106437;Krèín;306525;U Zvonice;è.p.;298;;;54901;618624.68;1028908.53;2013-12-05T00:00:00
7320833;574279;Nové Mìsto nad Metují;;;;;106437;Krèín;306525;U Zvonice;è.p.;299;;;54901;618609.29;1028915.99;2013-12-05T00:00:00
7320841;574279;Nové Mìsto nad Metují;;;;;106437;Krèín;306525;U Zvonice;è.p.;300;;;54901;618593.22;1028922.15;2013-12-05T00:00:00
7320850;574279;Nové Mìsto nad Metují;;;;;106437;Krèín;305766;Èernèická;è.p.;301;;;54901;618421.57;1029722.72;2013-12-05T00:00:00
7320868;574279;Nové Mìsto nad Metují;;;;;106437;Krèín;305766;Èernèická;è.p.;303;;;54901;618443.45;1029779.56;2015-03-02T00:00:00
7320876;574279;Nové Mìsto nad Metují;;;;;106437;Krèín;305766;Èernèická;è.p.;306;;;54901;618474.59;1029881.19;2013-12-05T00:00:00
7320884;574279;Nové Mìsto nad Metují;;;;;106437;Krèín;306185;Nahoøanská;è.p.;307;;;54901;618573.95;1028836.40;2013-12-05T00:00:00
7320892;574279;Nové Mìsto nad Metují;;;;;106437;Krèín;306185;Nahoøanská;è.p.;308;;;54901;618575.00;1028852.81;2013-12-05T00:00:00
7320906;574279;Nové Mìsto nad Metují;;;;;106437;Krèín;306185;Nahoøanská;è.p.;309;;;54901;618609.71;1028816.39;2013-12-05T00:00:00
7320914;574279;Nové Mìsto nad Metují;;;;;106437;Krèín;306185;Nahoøanská;è.p.;310;;;54901;618610.75;1028832.75;2013-12-05T00:00:00
7320922;574279;Nové Mìsto nad Metují;;;;;106437;Krèín;306185;Nahoøanská;è.p.;311;;;54901;618643.28;1028797.16;2013-12-05T00:00:00
7320931;574279;Nové Mìsto nad Metují;;;;;106437;Krèín;306185;Nahoøanská;è.p.;312;;;54901;618644.88;1028812.50;2013-12-05T00:00:00
7320949;574279;Nové Mìsto nad Metují;;;;;106437;Krèín;306185;Nahoøanská;è.p.;313;;;54901;618680.29;1028792.54;2013-12-05T00:00:00
7320957;574279;Nové Mìsto nad Metují;;;;;106437;Krèín;306185;Nahoøanská;è.p.;314;;;54901;618679.33;1028776.14;2013-12-05T00:00:00
7320965;574279;Nové Mìsto nad Metují;;;;;106437;Krèín;306525;U Zvonice;è.p.;315;;;54901;618589.18;1028894.06;2013-12-05T00:00:00
7320973;574279;Nové Mìsto nad Metují;;;;;106437;Krèín;306525;U Zvonice;è.p.;316;;;54901;618605.00;1028890.00;2013-12-05T00:00:00
7320981;574279;Nové Mìsto nad Metují;;;;;106437;Krèín;306525;U Zvonice;è.p.;317;;;54901;618628.83;1028862.73;2013-12-05T00:00:00
7320990;574279;Nové Mìsto nad Metují;;;;;106437;Krèín;306525;U Zvonice;è.p.;318;;;54901;618644.48;1028857.74;2013-12-05T00:00:00
7321007;574279;Nové Mìsto nad Metují;;;;;106437;Krèín;306525;U Zvonice;è.p.;319;;;54901;618667.62;1028833.94;2013-12-05T00:00:00
7321015;574279;Nové Mìsto nad Metují;;;;;106437;Krèín;306525;U Zvonice;è.p.;320;;;54901;618684.56;1028829.63;2013-12-05T00:00:00
7321023;574279;Nové Mìsto nad Metují;;;;;106437;Krèín;306185;Nahoøanská;è.p.;321;;;54901;618808.07;1028694.74;2013-12-05T00:00:00
7321031;574279;Nové Mìsto nad Metují;;;;;106437;Krèín;306193;Nábøežní;è.p.;322;;;54901;618218.17;1029059.03;2013-12-05T00:00:00
7321040;574279;Nové Mìsto nad Metují;;;;;106437;Krèín;306088;Na Kopci;è.p.;323;;;54901;619074.91;1028925.76;2013-12-05T00:00:00
7321058;574279;Nové Mìsto nad Metují;;;;;106437;Krèín;305898;Husitská;è.p.;324;;;54901;618429.07;1029201.05;2013-12-05T00:00:00
7321066;574279;Nové Mìsto nad Metují;;;;;106437;Krèín;306347;Polní;è.p.;325;;;54901;618799.59;1028810.76;2013-12-05T00:00:00
7321074;574279;Nové Mìsto nad Metují;;;;;106437;Krèín;306185;Nahoøanská;è.p.;326;;;54901;618789.41;1028704.12;2013-12-05T00:00:00
7321082;574279;Nové Mìsto nad Metují;;;;;106437;Krèín;306266;Okružní;è.p.;328;;;54901;618194.57;1028872.54;2013-12-05T00:00:00
7321091;574279;Nové Mìsto nad Metují;;;;;106437;Krèín;306266;Okružní;è.p.;329;;;54901;618195.17;1028848.38;2013-12-05T00:00:00
7321104;574279;Nové Mìsto nad Metují;;;;;106437;Krèín;306266;Okružní;è.p.;330;;;54901;618174.90;1028834.83;2013-12-05T00:00:00
7321112;574279;Nové Mìsto nad Metují;;;;;106437;Krèín;306266;Okružní;è.p.;331;;;54901;618176.81;1028810.51;2013-12-05T00:00:00
7321121;574279;Nové Mìsto nad Metují;;;;;106437;Krèín;306266;Okružní;è.p.;332;;;54901;618156.96;1028794.98;2013-12-05T00:00:00
7321139;574279;Nové Mìsto nad Metují;;;;;106437;Krèín;306266;Okružní;è.p.;333;;;54901;618158.14;1028766.58;2013-12-05T00:00:00
7321147;574279;Nové Mìsto nad Metují;;;;;106437;Krèín;306363;Pøíèná;è.p.;338;;;54901;618184.73;1028752.22;2013-12-05T00:00:00
7321155;574279;Nové Mìsto nad Metují;;;;;106437;Krèín;306363;Pøíèná;è.p.;339;;;54901;618187.56;1028759.13;2013-12-05T00:00:00
7321163;574279;Nové Mìsto nad Metují;;;;;106437;Krèín;306363;Pøíèná;è.p.;340;;;54901;618191.00;1028765.64;2013-12-05T00:00:00
7321171;574279;Nové Mìsto nad Metují;;;;;106437;Krèín;306363;Pøíèná;è.p.;341;;;54901;618193.89;1028772.54;2013-12-05T00:00:00
7321180;574279;Nové Mìsto nad Metují;;;;;106437;Krèín;306363;Pøíèná;è.p.;342;;;54901;618197.42;1028779.27;2013-12-05T00:00:00
7321198;574279;Nové Mìsto nad Metují;;;;;106437;Krèín;306363;Pøíèná;è.p.;343;;;54901;618200.32;1028786.17;2013-12-05T00:00:00
7321201;574279;Nové Mìsto nad Metují;;;;;106437;Krèín;306363;Pøíèná;è.p.;344;;;54901;618203.76;1028792.67;2013-12-05T00:00:00
7321210;574279;Nové Mìsto nad Metují;;;;;106437;Krèín;306363;Pøíèná;è.p.;345;;;54901;618206.28;1028799.69;2013-12-05T00:00:00
7321228;574279;Nové Mìsto nad Metují;;;;;106437;Krèín;306363;Pøíèná;è.p.;346;;;54901;618215.49;1028815.53;2013-12-05T00:00:00
7321236;574279;Nové Mìsto nad Metují;;;;;106437;Krèín;306363;Pøíèná;è.p.;347;;;54901;618224.94;1028835.37;2013-12-05T00:00:00
7321244;574279;Nové Mìsto nad Metují;;;;;106437;Krèín;306363;Pøíèná;è.p.;348;;;54901;618233.33;1028852.57;2013-12-05T00:00:00
7321252;574279;Nové Mìsto nad Metují;;;;;106437;Krèín;306096;Na Rybníku;è.p.;349;;;54901;618441.60;1028690.37;2013-12-05T00:00:00
7321261;574279;Nové Mìsto nad Metují;;;;;106437;Krèín;306363;Pøíèná;è.p.;350;;;54901;618227.62;1028719.83;2013-12-05T00:00:00
7321279;574279;Nové Mìsto nad Metují;;;;;106437;Krèín;306363;Pøíèná;è.p.;351;;;54901;618230.75;1028726.54;2013-12-05T00:00:00
7321287;574279;Nové Mìsto nad Metují;;;;;106437;Krèín;306363;Pøíèná;è.p.;352;;;54901;618233.85;1028733.18;2013-12-05T00:00:00
7321295;574279;Nové Mìsto nad Metují;;;;;106437;Krèín;306363;Pøíèná;è.p.;353;;;54901;618236.90;1028739.73;2013-12-05T00:00:00
7321309;574279;Nové Mìsto nad Metují;;;;;106437;Krèín;306363;Pøíèná;è.p.;354;;;54901;618239.93;1028746.24;2013-12-05T00:00:00
7321317;574279;Nové Mìsto nad Metují;;;;;106437;Krèín;306363;Pøíèná;è.p.;355;;;54901;618243.00;1028752.82;2013-12-05T00:00:00
7321325;574279;Nové Mìsto nad Metují;;;;;106437;Krèín;306363;Pøíèná;è.p.;356;;;54901;618257.15;1028783.77;2013-12-05T00:00:00
7321333;574279;Nové Mìsto nad Metují;;;;;106437;Krèín;306363;Pøíèná;è.p.;357;;;54901;618260.26;1028790.46;2013-12-05T00:00:00
7321341;574279;Nové Mìsto nad Metují;;;;;106437;Krèín;306363;Pøíèná;è.p.;358;;;54901;618263.30;1028796.98;2013-12-05T00:00:00
7321350;574279;Nové Mìsto nad Metují;;;;;106437;Krèín;306363;Pøíèná;è.p.;359;;;54901;618266.38;1028803.61;2013-12-05T00:00:00
7321368;574279;Nové Mìsto nad Metují;;;;;106437;Krèín;306363;Pøíèná;è.p.;360;;;54901;618269.48;1028810.28;2013-12-05T00:00:00
7321376;574279;Nové Mìsto nad Metují;;;;;106437;Krèín;306363;Pøíèná;è.p.;361;;;54901;618272.52;1028816.83;2013-12-05T00:00:00
7321384;574279;Nové Mìsto nad Metují;;;;;106437;Krèín;306363;Pøíèná;è.p.;362;;;54901;618275.56;1028823.34;2013-12-05T00:00:00
7321392;574279;Nové Mìsto nad Metují;;;;;106437;Krèín;306363;Pøíèná;è.p.;363;;;54901;618278.61;1028829.92;2013-12-05T00:00:00
7321406;574279;Nové Mìsto nad Metují;;;;;106437;Krèín;306541;V Zahradách;è.p.;364;;;54901;618300.17;1028823.01;2013-12-05T00:00:00
7321414;574279;Nové Mìsto nad Metují;;;;;106437;Krèín;306541;V Zahradách;è.p.;365;;;54901;618314.46;1028816.06;2013-12-05T00:00:00
7321422;574279;Nové Mìsto nad Metují;;;;;106437;Krèín;306541;V Zahradách;è.p.;366;;;54901;618331.50;1028808.00;2013-12-05T00:00:00
7321431;574279;Nové Mìsto nad Metují;;;;;106437;Krèín;306541;V Zahradách;è.p.;367;;;54901;618348.46;1028800.07;2013-12-05T00:00:00
7321449;574279;Nové Mìsto nad Metují;;;;;106437;Krèín;306541;V Zahradách;è.p.;368;;;54901;618367.22;1028790.94;2013-12-05T00:00:00
7321457;574279;Nové Mìsto nad Metují;;;;;106437;Krèín;306541;V Zahradách;è.p.;369;;;54901;618384.81;1028783.65;2013-12-05T00:00:00
7321465;574279;Nové Mìsto nad Metují;;;;;106437;Krèín;306541;V Zahradách;è.p.;370;;;54901;618412.78;1028770.45;2013-12-05T00:00:00
7321473;574279;Nové Mìsto nad Metují;;;;;106437;Krèín;306509;U Luštince;è.p.;371;;;54901;618403.94;1028750.60;2013-12-05T00:00:00
7321481;574279;Nové Mìsto nad Metují;;;;;106437;Krèín;306096;Na Rybníku;è.p.;372;;;54901;618389.99;1028719.69;2013-12-05T00:00:00
7321490;574279;Nové Mìsto nad Metují;;;;;106437;Krèín;306096;Na Rybníku;è.p.;373;;;54901;618383.34;1028722.81;2013-12-05T00:00:00
7321503;574279;Nové Mìsto nad Metují;;;;;106437;Krèín;306096;Na Rybníku;è.p.;374;;;54901;618376.82;1028725.87;2013-12-05T00:00:00
7321511;574279;Nové Mìsto nad Metují;;;;;106437;Krèín;306096;Na Rybníku;è.p.;375;;;54901;618370.24;1028728.96;2013-12-05T00:00:00
7321520;574279;Nové Mìsto nad Metují;;;;;106437;Krèín;306096;Na Rybníku;è.p.;376;;;54901;618363.58;1028732.08;2013-12-05T00:00:00
7321538;574279;Nové Mìsto nad Metují;;;;;106437;Krèín;306096;Na Rybníku;è.p.;377;;;54901;618356.96;1028735.19;2013-12-05T00:00:00
7321546;574279;Nové Mìsto nad Metují;;;;;106437;Krèín;306096;Na Rybníku;è.p.;378;;;54901;618350.40;1028738.28;2013-12-05T00:00:00
7321554;574279;Nové Mìsto nad Metují;;;;;106437;Krèín;306096;Na Rybníku;è.p.;379;;;54901;618343.76;1028741.40;2013-12-05T00:00:00
7321562;574279;Nové Mìsto nad Metují;;;;;106437;Krèín;306096;Na Rybníku;è.p.;380;;;54901;618326.81;1028748.05;2013-12-05T00:00:00
7321571;574279;Nové Mìsto nad Metují;;;;;106437;Krèín;306096;Na Rybníku;è.p.;381;;;54901;618309.21;1028756.00;2013-12-05T00:00:00
7321589;574279;Nové Mìsto nad Metují;;;;;106437;Krèín;306096;Na Rybníku;è.p.;382;;;54901;618292.58;1028764.75;2013-12-05T00:00:00
7321597;574279;Nové Mìsto nad Metují;;;;;106437;Krèín;306096;Na Rybníku;è.p.;383;;;54901;618275.06;1028773.46;2013-12-05T00:00:00
7321601;574279;Nové Mìsto nad Metují;;;;;106437;Krèín;306096;Na Rybníku;è.p.;384;;;54901;618256.62;1028733.84;2013-12-05T00:00:00
7321619;574279;Nové Mìsto nad Metují;;;;;106437;Krèín;306096;Na Rybníku;è.p.;385;;;54901;618273.06;1028724.39;2013-12-05T00:00:00
7321627;574279;Nové Mìsto nad Metují;;;;;106437;Krèín;306096;Na Rybníku;è.p.;386;;;54901;618290.55;1028716.91;2013-12-05T00:00:00
7321635;574279;Nové Mìsto nad Metují;;;;;106437;Krèín;306096;Na Rybníku;è.p.;387;;;54901;618306.62;1028707.84;2013-12-05T00:00:00
7321643;574279;Nové Mìsto nad Metují;;;;;106437;Krèín;306096;Na Rybníku;è.p.;388;;;54901;618324.62;1028699.23;2013-12-05T00:00:00
7321651;574279;Nové Mìsto nad Metují;;;;;106437;Krèín;306096;Na Rybníku;è.p.;389;;;54901;618341.98;1028692.54;2013-12-05T00:00:00
7321660;574279;Nové Mìsto nad Metují;;;;;106437;Krèín;306096;Na Rybníku;è.p.;390;;;54901;618364.15;1028681.38;2013-12-05T00:00:00
7321678;574279;Nové Mìsto nad Metují;;;;;106437;Krèín;306096;Na Rybníku;è.p.;391;;;54901;618381.69;1028672.24;2013-12-05T00:00:00
7321686;574279;Nové Mìsto nad Metují;;;;;106437;Krèín;306096;Na Rybníku;è.p.;392;;;54901;618405.60;1028661.08;2013-12-05T00:00:00
7321694;574279;Nové Mìsto nad Metují;;;;;106437;Krèín;306096;Na Rybníku;è.p.;393;;;54901;618430.23;1028650.77;2013-12-05T00:00:00
7321708;574279;Nové Mìsto nad Metují;;;;;106437;Krèín;306509;U Luštince;è.p.;394;;;54901;618415.64;1028703.66;2013-12-05T00:00:00
7321724;574279;Nové Mìsto nad Metují;;;;;106437;Krèín;306509;U Luštince;è.p.;395;;;54901;618426.90;1028726.31;2013-12-05T00:00:00
7321732;574279;Nové Mìsto nad Metují;;;;;106437;Krèín;306509;U Luštince;è.p.;396;;;54901;618429.39;1028731.52;2013-12-05T00:00:00
7321741;574279;Nové Mìsto nad Metují;;;;;106437;Krèín;306509;U Luštince;è.p.;397;;;54901;618431.86;1028736.76;2013-12-05T00:00:00
7321759;574279;Nové Mìsto nad Metují;;;;;106437;Krèín;306509;U Luštince;è.p.;398;;;54901;618434.30;1028742.02;2013-12-05T00:00:00
7321767;574279;Nové Mìsto nad Metují;;;;;106437;Krèín;306509;U Luštince;è.p.;399;;;54901;618436.74;1028747.27;2013-12-05T00:00:00
7321775;574279;Nové Mìsto nad Metují;;;;;106437;Krèín;306509;U Luštince;è.p.;400;;;54901;618439.29;1028752.77;2013-12-05T00:00:00
7321783;574279;Nové Mìsto nad Metují;;;;;106437;Krèín;306347;Polní;è.p.;401;;;54901;618797.71;1028843.28;2013-12-05T00:00:00
7321791;574279;Nové Mìsto nad Metují;;;;;106437;Krèín;306347;Polní;è.p.;402;;;54901;618818.19;1028841.80;2013-12-05T00:00:00
7321805;574279;Nové Mìsto nad Metují;;;;;106437;Krèín;306347;Polní;è.p.;403;;;54901;618838.32;1028843.38;2013-12-05T00:00:00
7321813;574279;Nové Mìsto nad Metují;;;;;106437;Krèín;306347;Polní;è.p.;404;;;54901;618778.34;1028844.33;2013-12-05T00:00:00
7321821;574279;Nové Mìsto nad Metují;;;;;106437;Krèín;2385635;V Písníku;è.p.;405;;;54901;618766.19;1028993.92;2019-01-08T00:00:00
7321830;574279;Nové Mìsto nad Metují;;;;;106437;Krèín;2385635;V Písníku;è.p.;406;;;54901;618776.64;1029029.79;2019-01-08T00:00:00
7321848;574279;Nové Mìsto nad Metují;;;;;106437;Krèín;306088;Na Kopci;è.p.;407;;;54901;618780.39;1028947.12;2014-02-14T00:00:00
7321856;574279;Nové Mìsto nad Metují;;;;;106437;Krèín;306088;Na Kopci;è.p.;408;;;54901;618946.24;1028992.41;2013-12-05T00:00:00
7321864;574279;Nové Mìsto nad Metují;;;;;106437;Krèín;306088;Na Kopci;è.p.;409;;;54901;619002.96;1029031.65;2015-02-05T00:00:00
7321872;574279;Nové Mìsto nad Metují;;;;;106437;Krèín;306088;Na Kopci;è.p.;410;;;54901;619052.60;1028947.67;2013-12-05T00:00:00
7321881;574279;Nové Mìsto nad Metují;;;;;106437;Krèín;306088;Na Kopci;è.p.;411;;;54901;619036.63;1028959.59;2013-12-05T00:00:00
7321899;574279;Nové Mìsto nad Metují;;;;;106437;Krèín;306525;U Zvonice;è.p.;412;;;54901;618513.84;1028950.41;2013-12-05T00:00:00
7321902;574279;Nové Mìsto nad Metují;;;;;106437;Krèín;306525;U Zvonice;è.p.;413;;;54901;618507.27;1028952.59;2013-12-05T00:00:00
7321911;574279;Nové Mìsto nad Metují;;;;;106437;Krèín;306185;Nahoøanská;è.p.;414;;;54901;618498.05;1028883.55;2013-12-05T00:00:00
7321929;574279;Nové Mìsto nad Metují;;;;;106437;Krèín;306622;Železova louka;è.p.;415;;;54901;617679.19;1029851.56;2013-12-05T00:00:00
7321937;574279;Nové Mìsto nad Metují;;;;;106437;Krèín;306622;Železova louka;è.p.;416;;;54901;617649.44;1029867.20;2013-12-05T00:00:00
7321945;574279;Nové Mìsto nad Metují;;;;;106437;Krèín;305804;Dobrušská;è.p.;417;;;54901;617821.73;1029795.69;2013-12-05T00:00:00
7321953;574279;Nové Mìsto nad Metují;;;;;106437;Krèín;305804;Dobrušská;è.p.;418;;;54901;617823.93;1029777.29;2013-12-05T00:00:00
7321961;574279;Nové Mìsto nad Metují;;;;;106437;Krèín;305804;Dobrušská;è.p.;419;;;54901;617831.03;1029752.27;2013-12-05T00:00:00
7321970;574279;Nové Mìsto nad Metují;;;;;106437;Krèín;305804;Dobrušská;è.p.;420;;;54901;617841.06;1029723.32;2013-12-05T00:00:00
7321988;574279;Nové Mìsto nad Metují;;;;;106437;Krèín;305804;Dobrušská;è.p.;421;;;54901;617843.75;1029693.89;2013-12-05T00:00:00
7321996;574279;Nové Mìsto nad Metují;;;;;106437;Krèín;305804;Dobrušská;è.p.;422;;;54901;617846.93;1029657.34;2013-12-05T00:00:00
7322003;574279;Nové Mìsto nad Metují;;;;;106437;Krèín;305766;Èernèická;è.p.;423;;;54901;618231.32;1029396.72;2013-12-05T00:00:00
7322011;574279;Nové Mìsto nad Metují;;;;;106437;Krèín;305766;Èernèická;è.p.;424;;;54901;618238.69;1029399.69;2013-12-05T00:00:00
7322020;574279;Nové Mìsto nad Metují;;;;;106437;Krèín;305766;Èernèická;è.p.;425;;;54901;618246.08;1029402.63;2013-12-05T00:00:00
7322038;574279;Nové Mìsto nad Metují;;;;;106437;Krèín;305766;Èernèická;è.p.;426;;;54901;618253.47;1029405.59;2013-12-05T00:00:00
7322046;574279;Nové Mìsto nad Metují;;;;;106437;Krèín;305766;Èernèická;è.p.;427;;;54901;618260.85;1029408.53;2013-12-05T00:00:00
7322054;574279;Nové Mìsto nad Metují;;;;;106437;Krèín;305766;Èernèická;è.p.;428;;;54901;618268.22;1029411.49;2013-12-05T00:00:00
7322062;574279;Nové Mìsto nad Metují;;;;;106437;Krèín;305804;Dobrušská;è.p.;429;;;54901;617843.24;1029626.74;2013-12-05T00:00:00
7322071;574279;Nové Mìsto nad Metují;;;;;106437;Krèín;305898;Husitská;è.p.;430;;;54901;618295.10;1029268.33;2013-12-05T00:00:00
7322089;574279;Nové Mìsto nad Metují;;;;;106437;Krèín;305898;Husitská;è.p.;431;;;54901;618287.69;1029268.69;2013-12-05T00:00:00
7322097;574279;Nové Mìsto nad Metují;;;;;106437;Krèín;306649;Stavební;è.p.;432;;;54901;618135.64;1028926.69;2013-12-05T00:00:00
7322101;574279;Nové Mìsto nad Metují;;;;;106437;Krèín;306258;Nová;è.p.;433;;;54901;618105.17;1028904.21;2013-12-05T00:00:00
7322119;574279;Nové Mìsto nad Metují;;;;;106437;Krèín;306258;Nová;è.p.;434;;;54901;618110.64;1028901.71;2013-12-05T00:00:00
7322127;574279;Nové Mìsto nad Metují;;;;;106437;Krèín;306258;Nová;è.p.;435;;;54901;618116.11;1028899.01;2013-12-05T00:00:00
7322135;574279;Nové Mìsto nad Metují;;;;;106437;Krèín;306258;Nová;è.p.;436;;;54901;618121.29;1028896.70;2013-12-05T00:00:00
7322143;574279;Nové Mìsto nad Metují;;;;;106437;Krèín;306258;Nová;è.p.;437;;;54901;618127.79;1028894.32;2013-12-05T00:00:00
7322151;574279;Nové Mìsto nad Metují;;;;;106437;Krèín;306258;Nová;è.p.;438;;;54901;618132.61;1028891.35;2013-12-05T00:00:00
7322160;574279;Nové Mìsto nad Metují;;;;;106437;Krèín;306258;Nová;è.p.;439;;;54901;618138.84;1028889.66;2013-12-05T00:00:00
7322178;574279;Nové Mìsto nad Metují;;;;;106437;Krèín;306258;Nová;è.p.;440;;;54901;618146.15;1028850.91;2013-12-05T00:00:00
7322186;574279;Nové Mìsto nad Metují;;;;;106437;Krèín;306258;Nová;è.p.;441;;;54901;618128.39;1028859.85;2013-12-05T00:00:00
7322194;574279;Nové Mìsto nad Metují;;;;;106437;Krèín;306258;Nová;è.p.;442;;;54901;618109.68;1028868.23;2013-12-05T00:00:00
7322208;574279;Nové Mìsto nad Metují;;;;;106437;Krèín;306258;Nová;è.p.;443;;;54901;618092.54;1028876.92;2013-12-05T00:00:00
7322216;574279;Nové Mìsto nad Metují;;;;;106437;Krèín;306398;Øadová;è.p.;444;;;54901;618060.25;1028857.93;2013-12-05T00:00:00
7322224;574279;Nové Mìsto nad Metují;;;;;106437;Krèín;306398;Øadová;è.p.;445;;;54901;618079.05;1028849.98;2013-12-05T00:00:00
7322232;574279;Nové Mìsto nad Metují;;;;;106437;Krèín;306398;Øadová;è.p.;446;;;54901;618097.20;1028840.71;2013-12-05T00:00:00
7322241;574279;Nové Mìsto nad Metují;;;;;106437;Krèín;306398;Øadová;è.p.;447;;;54901;618114.96;1028832.15;2013-12-05T00:00:00
7322259;574279;Nové Mìsto nad Metují;;;;;106437;Krèín;306398;Øadová;è.p.;448;;;54901;618134.08;1028824.60;2013-12-05T00:00:00
7322267;574279;Nové Mìsto nad Metují;;;;;106437;Krèín;306398;Øadová;è.p.;449;;;54901;618121.67;1028795.93;2013-12-05T00:00:00
7322275;574279;Nové Mìsto nad Metují;;;;;106437;Krèín;306398;Øadová;è.p.;450;;;54901;618115.29;1028798.53;2013-12-05T00:00:00
7322283;574279;Nové Mìsto nad Metují;;;;;106437;Krèín;306398;Øadová;è.p.;451;;;54901;618109.07;1028801.45;2013-12-05T00:00:00
7322291;574279;Nové Mìsto nad Metují;;;;;106437;Krèín;306398;Øadová;è.p.;452;;;54901;618102.50;1028803.56;2014-02-14T00:00:00
7322305;574279;Nové Mìsto nad Metují;;;;;106437;Krèín;306398;Øadová;è.p.;453;;;54901;618096.71;1028807.25;2013-12-05T00:00:00
7322313;574279;Nové Mìsto nad Metují;;;;;106437;Krèín;306398;Øadová;è.p.;454;;;54901;618090.47;1028810.18;2013-12-05T00:00:00
7322321;574279;Nové Mìsto nad Metují;;;;;106437;Krèín;305898;Husitská;è.p.;455;;;54901;618384.48;1029235.65;2013-12-05T00:00:00
7322330;574279;Nové Mìsto nad Metují;;;;;106437;Krèín;306088;Na Kopci;è.p.;456;;;54901;619017.34;1028920.48;2013-12-05T00:00:00
7322348;574279;Nové Mìsto nad Metují;;;;;106437;Krèín;305766;Èernèická;è.p.;457;;;54901;618356.69;1029409.89;2013-12-05T00:00:00
7322356;574279;Nové Mìsto nad Metují;;;;;106437;Krèín;305766;Èernèická;è.p.;458;;;54901;618336.20;1029412.24;2013-12-05T00:00:00
7322364;574279;Nové Mìsto nad Metují;;;;;106437;Krèín;306657;Pod Lipami;è.p.;459;;;54901;618034.32;1029222.92;2022-10-31T00:00:00
7322372;574279;Nové Mìsto nad Metují;;;;;106437;Krèín;306657;Pod Lipami;è.p.;460;;;54901;618109.88;1029173.97;2013-12-05T00:00:00
7322381;574279;Nové Mìsto nad Metují;;;;;106437;Krèín;306185;Nahoøanská;è.p.;461;;;54901;618406.09;1028903.09;2013-12-05T00:00:00
7322399;574279;Nové Mìsto nad Metují;;;;;106437;Krèín;306185;Nahoøanská;è.p.;462;;;54901;618378.51;1028914.82;2013-12-05T00:00:00
7322402;574279;Nové Mìsto nad Metují;;;;;106437;Krèín;305979;Kpt. Jaroše;è.p.;463;;;54901;617997.98;1028853.14;2014-02-14T00:00:00
7322411;574279;Nové Mìsto nad Metují;;;;;106437;Krèín;305979;Kpt. Jaroše;è.p.;464;;;54901;618011.18;1028805.24;2013-12-05T00:00:00
7322429;574279;Nové Mìsto nad Metují;;;;;106437;Krèín;306398;Øadová;è.p.;466;;;54901;618056.89;1028807.84;2013-12-05T00:00:00
7322437;574279;Nové Mìsto nad Metují;;;;;106437;Krèín;306398;Øadová;è.p.;467;;;54901;618075.25;1028817.06;2013-12-05T00:00:00
7322445;574279;Nové Mìsto nad Metují;;;;;106437;Krèín;306347;Polní;è.p.;468;;;54901;618818.49;1028802.41;2013-12-05T00:00:00
7322453;574279;Nové Mìsto nad Metují;;;;;106437;Krèín;305979;Kpt. Jaroše;è.p.;469;;;54901;617942.84;1028912.47;2013-12-05T00:00:00
7322461;574279;Nové Mìsto nad Metují;;;;;106437;Krèín;305979;Kpt. Jaroše;è.p.;470;;;54901;617971.47;1028937.40;2013-12-05T00:00:00
7322470;574279;Nové Mìsto nad Metují;;;;;106437;Krèín;305987;Krátká;è.p.;471;;;54901;617888.54;1028845.32;2013-12-05T00:00:00
7322488;574279;Nové Mìsto nad Metují;;;;;106437;Krèín;306347;Polní;è.p.;475;;;54901;618859.01;1028840.95;2013-12-05T00:00:00
7322518;574279;Nové Mìsto nad Metují;;;;;106437;Krèín;306622;Železova louka;è.ev.;13;;;54901;617611.98;1030017.97;2013-12-05T00:00:00
7322526;574279;Nové Mìsto nad Metují;;;;;106437;Krèín;306622;Železova louka;è.ev.;59;;;54901;617633.00;1029940.68;2013-12-05T00:00:00
7322534;574279;Nové Mìsto nad Metují;;;;;106437;Krèín;306622;Železova louka;è.ev.;63;;;54901;617585.59;1030006.07;2013-12-05T00:00:00
7322542;574279;Nové Mìsto nad Metují;;;;;106437;Krèín;306622;Železova louka;è.ev.;70;;;54901;617663.48;1029956.68;2013-12-05T00:00:00
7322551;574279;Nové Mìsto nad Metují;;;;;106437;Krèín;306622;Železova louka;è.ev.;72;;;54901;617607.00;1029986.00;2013-12-05T00:00:00
7322569;574279;Nové Mìsto nad Metují;;;;;106437;Krèín;306622;Železova louka;è.ev.;74;;;54901;617575.63;1030053.93;2013-12-05T00:00:00
7322577;574279;Nové Mìsto nad Metují;;;;;106437;Krèín;306622;Železova louka;è.ev.;79;;;54901;617624.00;1029979.00;2013-12-05T00:00:00
7322585;574279;Nové Mìsto nad Metují;;;;;106437;Krèín;306622;Železova louka;è.ev.;91;;;54901;617630.10;1029993.44;2013-12-05T00:00:00
7322593;574279;Nové Mìsto nad Metují;;;;;106437;Krèín;305766;Èernèická;è.ev.;98;;;54901;618276.04;1029712.29;2013-12-05T00:00:00
7322607;574279;Nové Mìsto nad Metují;;;;;106437;Krèín;305766;Èernèická;è.ev.;100;;;54901;618322.48;1029770.57;2013-12-05T00:00:00
7322615;574279;Nové Mìsto nad Metují;;;;;106437;Krèín;306622;Železova louka;è.ev.;101;;;54901;617612.70;1029955.19;2013-12-05T00:00:00
7322623;574279;Nové Mìsto nad Metují;;;;;106437;Krèín;306622;Železova louka;è.ev.;102;;;54901;617608.07;1029998.79;2013-12-05T00:00:00
7322631;574279;Nové Mìsto nad Metují;;;;;106437;Krèín;306622;Železova louka;è.ev.;104;;;54901;617653.88;1029914.10;2013-12-05T00:00:00
7322640;574279;Nové Mìsto nad Metují;;;;;106437;Krèín;306622;Železova louka;è.ev.;110;;;54901;617708.00;1029924.00;2014-08-25T00:00:00
7322658;574279;Nové Mìsto nad Metují;;;;;106437;Krèín;306622;Železova louka;è.ev.;138;;;54901;617584.99;1030025.79;2013-12-05T00:00:00
7322666;574279;Nové Mìsto nad Metují;;;;;106437;Krèín;305766;Èernèická;è.ev.;141;;;54901;618349.00;1029783.00;2013-12-05T00:00:00
7322674;574279;Nové Mìsto nad Metují;;;;;106437;Krèín;305766;Èernèická;è.ev.;142;;;54901;618282.40;1029735.71;2013-12-05T00:00:00
7322691;574279;Nové Mìsto nad Metují;;;;;106488;Spy;306576;Vlastimila Moravce;è.p.;1;;;54901;616747.12;1031505.20;2013-12-05T00:00:00
7322704;574279;Nové Mìsto nad Metují;;;;;106488;Spy;306053;Na Drahách;è.p.;2;;;54901;616797.65;1031574.02;2013-12-05T00:00:00
7322712;574279;Nové Mìsto nad Metují;;;;;106488;Spy;305731;Chlístovská;è.p.;3;;;54901;616734.16;1031539.57;2013-12-05T00:00:00
7322721;574279;Nové Mìsto nad Metují;;;;;106488;Spy;306576;Vlastimila Moravce;è.p.;4;;;54901;616717.04;1031521.61;2013-12-05T00:00:00
7322739;574279;Nové Mìsto nad Metují;;;;;106488;Spy;306576;Vlastimila Moravce;è.p.;5;;;54901;616691.51;1031466.29;2013-12-05T00:00:00
7322747;574279;Nové Mìsto nad Metují;;;;;106488;Spy;306576;Vlastimila Moravce;è.p.;6;;;54901;616701.66;1031440.94;2013-12-05T00:00:00
7322755;574279;Nové Mìsto nad Metují;;;;;106488;Spy;306576;Vlastimila Moravce;è.p.;7;;;54901;616656.26;1031514.81;2013-12-05T00:00:00
7322763;574279;Nové Mìsto nad Metují;;;;;106488;Spy;306576;Vlastimila Moravce;è.p.;8;;;54901;616674.39;1031438.34;2013-12-05T00:00:00
7322771;574279;Nové Mìsto nad Metují;;;;;106488;Spy;306576;Vlastimila Moravce;è.p.;9;;;54901;616658.00;1031424.72;2013-12-05T00:00:00
7322780;574279;Nové Mìsto nad Metují;;;;;106488;Spy;306576;Vlastimila Moravce;è.p.;10;;;54901;616643.25;1031450.90;2013-12-05T00:00:00
7322798;574279;Nové Mìsto nad Metují;;;;;106488;Spy;305731;Chlístovská;è.p.;11;;;54901;616601.85;1031467.24;2013-12-05T00:00:00
7322810;574279;Nové Mìsto nad Metují;;;;;106488;Spy;306576;Vlastimila Moravce;è.p.;13;;;54901;616637.98;1031402.42;2013-12-05T00:00:00
7322828;574279;Nové Mìsto nad Metují;;;;;106488;Spy;816183;Nad Starèí;è.p.;14;;;54901;617217.12;1031771.85;2013-12-05T00:00:00
7322836;574279;Nové Mìsto nad Metují;;;;;106488;Spy;2518481;Tumlíøova;è.p.;15;;;54901;616631.54;1031369.89;2019-10-24T00:00:00
7322844;574279;Nové Mìsto nad Metují;;;;;106488;Spy;2518481;Tumlíøova;è.p.;16;;;54901;616557.76;1031420.32;2019-10-24T00:00:00
7322852;574279;Nové Mìsto nad Metují;;;;;106488;Spy;2518481;Tumlíøova;è.p.;17;;;54901;616588.12;1031393.06;2019-10-24T00:00:00
7322861;574279;Nové Mìsto nad Metují;;;;;106488;Spy;2518465;Ke Mlejnu;è.p.;18;;;54901;616382.26;1031315.92;2019-10-24T00:00:00
7322879;574279;Nové Mìsto nad Metují;;;;;106488;Spy;306576;Vlastimila Moravce;è.p.;20;;;54901;616574.41;1031301.41;2013-12-05T00:00:00
7322887;574279;Nové Mìsto nad Metují;;;;;106488;Spy;306576;Vlastimila Moravce;è.p.;21;;;54901;616486.40;1031313.06;2013-12-05T00:00:00
7322895;574279;Nové Mìsto nad Metují;;;;;106488;Spy;306576;Vlastimila Moravce;è.p.;22;;;54901;616469.49;1031239.51;2019-11-11T00:00:00
7322909;574279;Nové Mìsto nad Metují;;;;;106488;Spy;306576;Vlastimila Moravce;è.p.;23;;;54901;616379.41;1031133.05;2013-12-05T00:00:00
7322917;574279;Nové Mìsto nad Metují;;;;;106488;Spy;306576;Vlastimila Moravce;è.p.;24;;;54901;616449.67;1031197.79;2013-12-05T00:00:00
7322925;574279;Nové Mìsto nad Metují;;;;;106488;Spy;306576;Vlastimila Moravce;è.p.;25;;;54901;616621.22;1031240.49;2013-12-05T00:00:00
7322933;574279;Nové Mìsto nad Metují;;;;;106488;Spy;2518341;Vojnarova;è.p.;26;;;54901;616719.12;1031233.09;2019-10-24T00:00:00
7322941;574279;Nové Mìsto nad Metují;;;;;106488;Spy;306576;Vlastimila Moravce;è.p.;27;;;54901;616668.70;1031293.67;2013-12-05T00:00:00
7322950;574279;Nové Mìsto nad Metují;;;;;106488;Spy;306576;Vlastimila Moravce;è.p.;29;;;54901;616681.33;1031370.42;2013-12-05T00:00:00
7322968;574279;Nové Mìsto nad Metují;;;;;106488;Spy;306576;Vlastimila Moravce;è.p.;30;;;54901;616711.33;1031351.99;2013-12-05T00:00:00
7322976;574279;Nové Mìsto nad Metují;;;;;106488;Spy;306576;Vlastimila Moravce;è.p.;31;;;54901;616719.27;1031373.23;2013-12-05T00:00:00
7322984;574279;Nové Mìsto nad Metují;;;;;106488;Spy;2518341;Vojnarova;è.p.;32;;;54901;616809.44;1031413.20;2019-10-24T00:00:00
7322992;574279;Nové Mìsto nad Metují;;;;;106488;Spy;305731;Chlístovská;è.p.;33;;;54901;616546.98;1031618.94;2013-12-05T00:00:00
7323000;574279;Nové Mìsto nad Metují;;;;;106488;Spy;306576;Vlastimila Moravce;è.p.;35;;;54901;616537.87;1031264.30;2013-12-05T00:00:00
7323018;574279;Nové Mìsto nad Metují;;;;;106488;Spy;2518449;Dvojitá;è.p.;36;;;54901;617049.48;1031756.47;2019-10-24T00:00:00
7323026;574279;Nové Mìsto nad Metují;;;;;106488;Spy;2518449;Dvojitá;è.p.;37;;;54901;617039.96;1031770.37;2019-10-24T00:00:00
7323034;574279;Nové Mìsto nad Metují;;;;;106488;Spy;2518449;Dvojitá;è.p.;38;;;54901;616983.86;1031719.76;2019-10-24T00:00:00
7323042;574279;Nové Mìsto nad Metují;;;;;106488;Spy;305731;Chlístovská;è.p.;39;;;54901;616592.86;1031584.36;2013-12-05T00:00:00
7323051;574279;Nové Mìsto nad Metují;;;;;106488;Spy;2518449;Dvojitá;è.p.;40;;;54901;617013.56;1031749.02;2019-10-24T00:00:00
7323069;574279;Nové Mìsto nad Metují;;;;;106488;Spy;306576;Vlastimila Moravce;è.p.;42;;;54901;616647.13;1031283.43;2013-12-05T00:00:00
7323077;574279;Nové Mìsto nad Metují;;;;;106488;Spy;306576;Vlastimila Moravce;è.p.;43;;;54901;616382.07;1031182.61;2013-12-05T00:00:00
7323085;574279;Nové Mìsto nad Metují;;;;;106488;Spy;305731;Chlístovská;è.p.;44;;;54901;616730.68;1031578.42;2013-12-05T00:00:00
7323093;574279;Nové Mìsto nad Metují;;;;;106488;Spy;306576;Vlastimila Moravce;è.p.;45;;;54901;616723.62;1031397.51;2013-12-05T00:00:00
7323107;574279;Nové Mìsto nad Metují;;;;;106488;Spy;306053;Na Drahách;è.p.;46;;;54901;617050.61;1031802.58;2013-12-05T00:00:00
7323115;574279;Nové Mìsto nad Metují;;;;;106488;Spy;306053;Na Drahách;è.p.;47;;;54901;616849.44;1031622.68;2013-12-05T00:00:00
7323123;574279;Nové Mìsto nad Metují;;;;;106488;Spy;2385112;Obora;è.p.;48;;;54901;617095.39;1030644.31;2019-01-08T00:00:00
7323131;574279;Nové Mìsto nad Metují;;;;;106488;Spy;306053;Na Drahách;è.p.;51;;;54901;616926.12;1031691.84;2013-12-05T00:00:00
7323140;574279;Nové Mìsto nad Metují;;;;;106488;Spy;306053;Na Drahách;è.p.;52;;;54901;616944.24;1031712.06;2013-12-05T00:00:00
7323158;574279;Nové Mìsto nad Metují;;;;;106488;Spy;305871;Halínská;è.p.;53;;;54901;617067.01;1031790.66;2013-12-05T00:00:00
7323166;574279;Nové Mìsto nad Metují;;;;;106488;Spy;306053;Na Drahách;è.p.;54;;;54901;616873.16;1031639.49;2013-12-05T00:00:00
7323174;574279;Nové Mìsto nad Metují;;;;;106488;Spy;306053;Na Drahách;è.p.;55;;;54901;616897.41;1031662.39;2013-12-05T00:00:00
7323182;574279;Nové Mìsto nad Metují;;;;;106488;Spy;306053;Na Drahách;è.p.;56;;;54901;616908.88;1031672.06;2013-12-05T00:00:00
7323191;574279;Nové Mìsto nad Metují;;;;;106488;Spy;306053;Na Drahách;è.p.;57;;;54901;617049.55;1031824.93;2013-12-05T00:00:00
7323204;574279;Nové Mìsto nad Metují;;;;;106488;Spy;305871;Halínská;è.p.;58;;;54901;617093.24;1031788.94;2013-12-05T00:00:00
7323212;574279;Nové Mìsto nad Metují;;;;;106488;Spy;2518465;Ke Mlejnu;è.p.;59;;;54901;616405.92;1031304.01;2019-10-24T00:00:00
7323221;574279;Nové Mìsto nad Metují;;;;;106488;Spy;306576;Vlastimila Moravce;è.p.;60;;;54901;616615.64;1031392.57;2013-12-05T00:00:00
7323239;574279;Nové Mìsto nad Metují;;;;;106488;Spy;2518481;Tumlíøova;è.p.;61;;;54901;616553.69;1031349.13;2019-10-24T00:00:00
7323247;574279;Nové Mìsto nad Metují;;;;;106488;Spy;306576;Vlastimila Moravce;è.p.;62;;;54901;616538.67;1031213.46;2013-12-05T00:00:00
7323255;574279;Nové Mìsto nad Metují;;;;;106488;Spy;2518341;Vojnarova;è.p.;63;;;54901;616800.80;1031438.36;2019-10-24T00:00:00
7323263;574279;Nové Mìsto nad Metují;;;;;106488;Spy;305871;Halínská;è.p.;64;;;54901;617123.38;1031773.18;2013-12-05T00:00:00
7323271;574279;Nové Mìsto nad Metují;;;;;106488;Spy;306576;Vlastimila Moravce;è.p.;65;;;54901;616629.57;1031257.79;2013-12-05T00:00:00
7323280;574279;Nové Mìsto nad Metují;;;;;106488;Spy;306053;Na Drahách;è.p.;66;;;54901;617001.72;1031775.31;2013-12-05T00:00:00
7323298;574279;Nové Mìsto nad Metují;;;;;106488;Spy;305871;Halínská;è.p.;67;;;54901;617023.44;1031855.54;2013-12-05T00:00:00
7323301;574279;Nové Mìsto nad Metují;;;;;106488;Spy;816183;Nad Starèí;è.p.;68;;;54901;617218.57;1031782.84;2013-12-05T00:00:00
7323310;574279;Nové Mìsto nad Metují;;;;;106488;Spy;305871;Halínská;è.p.;69;;;54901;617212.12;1031717.03;2013-12-05T00:00:00
7323328;574279;Nové Mìsto nad Metují;;;;;106488;Spy;305731;Chlístovská;è.p.;70;;;54901;616674.71;1031571.46;2013-12-05T00:00:00
7323336;574279;Nové Mìsto nad Metují;;;;;106488;Spy;305871;Halínská;è.p.;71;;;54901;617141.52;1031762.97;2013-12-05T00:00:00
7323344;574279;Nové Mìsto nad Metují;;;;;106488;Spy;306576;Vlastimila Moravce;è.p.;72;;;54901;616273.39;1031185.88;2013-12-05T00:00:00
7323352;574279;Nové Mìsto nad Metují;;;;;106488;Spy;305871;Halínská;è.p.;73;;;54901;617206.95;1031731.72;2013-12-05T00:00:00
7323361;574279;Nové Mìsto nad Metují;;;;;106488;Spy;306053;Na Drahách;è.p.;74;;;54901;616939.79;1031744.92;2013-12-05T00:00:00
7323379;574279;Nové Mìsto nad Metují;;;;;106488;Spy;2518341;Vojnarova;è.p.;75;;;54901;616796.52;1031496.38;2019-10-24T00:00:00
7323387;574279;Nové Mìsto nad Metují;;;;;106488;Spy;2518341;Vojnarova;è.p.;76;;;54901;616799.34;1031538.97;2019-10-24T00:00:00
7323395;574279;Nové Mìsto nad Metují;;;;;106488;Spy;816183;Nad Starèí;è.p.;77;;;54901;617254.55;1031793.08;2013-12-05T00:00:00
7323409;574279;Nové Mìsto nad Metují;;;;;106488;Spy;305731;Chlístovská;è.p.;78;;;54901;616680.05;1031533.78;2013-12-05T00:00:00
7323417;574279;Nové Mìsto nad Metují;;;;;106488;Spy;305731;Chlístovská;è.p.;79;;;54901;616565.98;1031598.38;2013-12-05T00:00:00
7323425;574279;Nové Mìsto nad Metují;;;;;106488;Spy;305731;Chlístovská;è.p.;80;;;54901;616639.00;1031542.47;2013-12-05T00:00:00
7323433;574279;Nové Mìsto nad Metují;;;;;106488;Spy;305731;Chlístovská;è.p.;81;;;54901;616610.25;1031543.19;2014-02-14T00:00:00
7323476;574279;Nové Mìsto nad Metují;;;;;106488;Spy;305871;Halínská;è.ev.;203;;;54901;617284.40;1031721.48;2013-12-05T00:00:00
7323484;574279;Nové Mìsto nad Metují;;;;;106488;Spy;305871;Halínská;è.ev.;205;;;54901;617278.61;1031772.45;2013-12-05T00:00:00
7379048;574279;Nové Mìsto nad Metují;;;;;186520;Vrchoviny;;;è.p.;1;;;54901;616816.13;1027356.02;2013-12-05T00:00:00
7379056;574279;Nové Mìsto nad Metují;;;;;186520;Vrchoviny;;;è.p.;2;;;54901;616801.95;1027375.20;2013-12-05T00:00:00
7379064;574279;Nové Mìsto nad Metují;;;;;186520;Vrchoviny;;;è.p.;3;;;54901;616789.19;1027386.79;2013-12-05T00:00:00
7379072;574279;Nové Mìsto nad Metují;;;;;186520;Vrchoviny;;;è.p.;4;;;54901;616772.82;1027413.82;2013-12-05T00:00:00
7379081;574279;Nové Mìsto nad Metují;;;;;186520;Vrchoviny;;;è.p.;5;;;54901;616761.03;1027426.82;2013-12-05T00:00:00
7379099;574279;Nové Mìsto nad Metují;;;;;186520;Vrchoviny;;;è.p.;6;;;54901;616760.15;1027442.93;2013-12-05T00:00:00
7379102;574279;Nové Mìsto nad Metují;;;;;186520;Vrchoviny;;;è.p.;7;;;54901;616719.99;1027447.20;2013-12-05T00:00:00
7379111;574279;Nové Mìsto nad Metují;;;;;186520;Vrchoviny;;;è.p.;9;;;54901;616786.97;1027477.31;2013-12-05T00:00:00
7379129;574279;Nové Mìsto nad Metují;;;;;186520;Vrchoviny;;;è.p.;10;;;54901;616769.67;1027490.60;2013-12-05T00:00:00
7379137;574279;Nové Mìsto nad Metují;;;;;186520;Vrchoviny;;;è.p.;11;;;54901;616703.96;1027503.52;2013-12-05T00:00:00
7379145;574279;Nové Mìsto nad Metují;;;;;186520;Vrchoviny;;;è.p.;12;;;54901;616742.66;1027524.40;2013-12-05T00:00:00
7379153;574279;Nové Mìsto nad Metují;;;;;186520;Vrchoviny;;;è.p.;13;;;54901;616779.42;1027529.54;2013-12-05T00:00:00
7379170;574279;Nové Mìsto nad Metují;;;;;186520;Vrchoviny;;;è.p.;15;;;54901;616823.54;1027537.55;2013-12-05T00:00:00
7379188;574279;Nové Mìsto nad Metují;;;;;186520;Vrchoviny;;;è.p.;16;;;54901;616855.74;1027521.14;2013-12-05T00:00:00
7379196;574279;Nové Mìsto nad Metují;;;;;186520;Vrchoviny;;;è.p.;17;;;54901;616844.96;1027495.56;2013-12-05T00:00:00
7379200;574279;Nové Mìsto nad Metují;;;;;186520;Vrchoviny;;;è.p.;18;;;54901;616871.01;1027494.28;2013-12-05T00:00:00
7379218;574279;Nové Mìsto nad Metují;;;;;186520;Vrchoviny;;;è.p.;19;;;54901;616757.18;1027492.93;2013-12-05T00:00:00
7379226;574279;Nové Mìsto nad Metují;;;;;186520;Vrchoviny;;;è.p.;20;;;54901;616906.28;1027526.43;2013-12-05T00:00:00
7379234;574279;Nové Mìsto nad Metují;;;;;186520;Vrchoviny;;;è.p.;21;;;54901;616936.55;1027538.12;2013-12-05T00:00:00
7379242;574279;Nové Mìsto nad Metují;;;;;186520;Vrchoviny;;;è.p.;22;;;54901;616985.24;1027547.09;2013-12-05T00:00:00
7379251;574279;Nové Mìsto nad Metují;;;;;186520;Vrchoviny;;;è.p.;23;;;54901;617013.32;1027561.59;2013-12-05T00:00:00
7379269;574279;Nové Mìsto nad Metují;;;;;186520;Vrchoviny;;;è.p.;24;;;54901;617058.40;1027555.46;2013-12-05T00:00:00
7379277;574279;Nové Mìsto nad Metují;;;;;186520;Vrchoviny;;;è.p.;25;;;54901;617136.02;1027538.49;2013-12-05T00:00:00
7379285;574279;Nové Mìsto nad Metují;;;;;186520;Vrchoviny;;;è.p.;26;;;54901;617143.32;1027546.99;2013-12-05T00:00:00
7379293;574279;Nové Mìsto nad Metují;;;;;186520;Vrchoviny;;;è.p.;27;;;54901;617148.68;1027569.92;2013-12-05T00:00:00
7379307;574279;Nové Mìsto nad Metují;;;;;186520;Vrchoviny;;;è.p.;28;;;54901;617153.49;1027595.43;2013-12-05T00:00:00
7379315;574279;Nové Mìsto nad Metují;;;;;186520;Vrchoviny;;;è.p.;29;;;54901;617196.28;1027565.13;2013-12-05T00:00:00
7379323;574279;Nové Mìsto nad Metují;;;;;186520;Vrchoviny;;;è.p.;30;;;54901;617211.89;1027531.88;2013-12-05T00:00:00
7379331;574279;Nové Mìsto nad Metují;;;;;186520;Vrchoviny;;;è.p.;31;;;54901;617231.04;1027556.99;2013-12-05T00:00:00
7379340;574279;Nové Mìsto nad Metují;;;;;186520;Vrchoviny;;;è.p.;32;;;54901;617250.18;1027516.18;2013-12-05T00:00:00
7379358;574279;Nové Mìsto nad Metují;;;;;186520;Vrchoviny;;;è.p.;33;;;54901;617344.77;1027526.44;2013-12-05T00:00:00
7379366;574279;Nové Mìsto nad Metují;;;;;186520;Vrchoviny;;;è.p.;34;;;54901;617373.59;1027494.63;2013-12-05T00:00:00
7379374;574279;Nové Mìsto nad Metují;;;;;186520;Vrchoviny;;;è.p.;35;;;54901;617257.75;1027549.00;2013-12-05T00:00:00
7379391;574279;Nové Mìsto nad Metují;;;;;186520;Vrchoviny;;;è.p.;37;;;54901;617411.12;1027428.79;2013-12-05T00:00:00
7379404;574279;Nové Mìsto nad Metují;;;;;186520;Vrchoviny;;;è.p.;38;;;54901;617412.53;1027375.16;2013-12-05T00:00:00
7379412;574279;Nové Mìsto nad Metují;;;;;186520;Vrchoviny;;;è.p.;39;;;54901;617381.77;1027327.37;2013-12-05T00:00:00
7379421;574279;Nové Mìsto nad Metují;;;;;186520;Vrchoviny;;;è.p.;40;;;54901;617357.04;1027313.20;2013-12-05T00:00:00
7379439;574279;Nové Mìsto nad Metují;;;;;186520;Vrchoviny;;;è.p.;41;;;54901;617311.68;1027332.28;2013-12-05T00:00:00
7379447;574279;Nové Mìsto nad Metují;;;;;186520;Vrchoviny;;;è.p.;42;;;54901;617268.49;1027302.77;2013-12-05T00:00:00
7379455;574279;Nové Mìsto nad Metují;;;;;186520;Vrchoviny;;;è.p.;43;;;54901;617230.08;1027362.53;2013-12-05T00:00:00
7379463;574279;Nové Mìsto nad Metují;;;;;186520;Vrchoviny;;;è.p.;44;;;54901;617211.60;1027283.89;2013-12-05T00:00:00
7379471;574279;Nové Mìsto nad Metují;;;;;186520;Vrchoviny;;;è.p.;45;;;54901;617199.59;1027371.15;2013-12-05T00:00:00
7379480;574279;Nové Mìsto nad Metují;;;;;186520;Vrchoviny;;;è.p.;46;;;54901;617164.54;1027381.60;2013-12-05T00:00:00
7379498;574279;Nové Mìsto nad Metují;;;;;186520;Vrchoviny;;;è.p.;47;;;54901;617132.52;1027373.43;2013-12-05T00:00:00
7379501;574279;Nové Mìsto nad Metují;;;;;186520;Vrchoviny;;;è.p.;48;;;54901;617100.89;1027377.23;2013-12-05T00:00:00
7379510;574279;Nové Mìsto nad Metují;;;;;186520;Vrchoviny;;;è.p.;49;;;54901;617033.82;1027388.62;2013-12-05T00:00:00
7379528;574279;Nové Mìsto nad Metují;;;;;186520;Vrchoviny;;;è.p.;50;;;54901;616927.25;1027376.54;2013-12-05T00:00:00
7379536;574279;Nové Mìsto nad Metují;;;;;186520;Vrchoviny;;;è.p.;51;;;54901;616889.73;1027364.20;2014-01-31T00:00:00
7379544;574279;Nové Mìsto nad Metují;;;;;186520;Vrchoviny;;;è.p.;52;;;54901;616870.42;1027351.60;2013-12-05T00:00:00
7379552;574279;Nové Mìsto nad Metují;;;;;186520;Vrchoviny;;;è.p.;53;;;54901;616808.87;1027445.45;2013-12-05T00:00:00
7379561;574279;Nové Mìsto nad Metují;;;;;186520;Vrchoviny;;;è.p.;54;;;54901;616840.74;1027453.86;2013-12-05T00:00:00
7379579;574279;Nové Mìsto nad Metují;;;;;186520;Vrchoviny;;;è.p.;55;;;54901;616842.25;1027427.95;2013-12-05T00:00:00
7379587;574279;Nové Mìsto nad Metují;;;;;186520;Vrchoviny;;;è.p.;56;;;54901;616852.35;1027428.97;2013-12-05T00:00:00
7379595;574279;Nové Mìsto nad Metují;;;;;186520;Vrchoviny;;;è.p.;57;;;54901;616875.41;1027427.82;2013-12-05T00:00:00
7379609;574279;Nové Mìsto nad Metují;;;;;186520;Vrchoviny;;;è.p.;58;;;54901;616887.09;1027457.03;2013-12-05T00:00:00
7379617;574279;Nové Mìsto nad Metují;;;;;186520;Vrchoviny;;;è.p.;59;;;54901;616904.30;1027474.50;2013-12-05T00:00:00
7379625;574279;Nové Mìsto nad Metují;;;;;186520;Vrchoviny;;;è.p.;60;;;54901;616934.50;1027469.42;2013-12-05T00:00:00
7379633;574279;Nové Mìsto nad Metují;;;;;186520;Vrchoviny;;;è.p.;61;;;54901;616948.48;1027491.83;2013-12-05T00:00:00
7379641;574279;Nové Mìsto nad Metují;;;;;186520;Vrchoviny;;;è.p.;62;;;54901;616949.00;1027437.90;2013-12-05T00:00:00
7379650;574279;Nové Mìsto nad Metují;;;;;186520;Vrchoviny;;;è.p.;63;;;54901;616961.60;1027451.36;2014-01-16T00:00:00
7379668;574279;Nové Mìsto nad Metují;;;;;186520;Vrchoviny;;;è.p.;64;;;54901;616994.99;1027427.32;2013-12-05T00:00:00
7379676;574279;Nové Mìsto nad Metují;;;;;186520;Vrchoviny;;;è.p.;65;;;54901;616971.83;1027478.73;2013-12-05T00:00:00
7379684;574279;Nové Mìsto nad Metují;;;;;186520;Vrchoviny;;;è.p.;66;;;54901;617008.67;1027464.40;2013-12-05T00:00:00
7379706;574279;Nové Mìsto nad Metují;;;;;186520;Vrchoviny;;;è.p.;69;;;54901;617054.63;1027479.72;2013-12-05T00:00:00
7379714;574279;Nové Mìsto nad Metují;;;;;186520;Vrchoviny;;;è.p.;70;;;54901;617029.12;1027451.91;2013-12-05T00:00:00
7379722;574279;Nové Mìsto nad Metují;;;;;186520;Vrchoviny;;;è.p.;71;;;54901;617018.00;1027446.10;2013-12-05T00:00:00
7379731;574279;Nové Mìsto nad Metují;;;;;186520;Vrchoviny;;;è.p.;72;;;54901;617054.78;1027430.29;2013-12-05T00:00:00
7379749;574279;Nové Mìsto nad Metují;;;;;186520;Vrchoviny;;;è.p.;73;;;54901;617057.70;1027459.22;2013-12-05T00:00:00
7379757;574279;Nové Mìsto nad Metují;;;;;186520;Vrchoviny;;;è.p.;74;;;54901;617090.81;1027457.92;2013-12-05T00:00:00
7379765;574279;Nové Mìsto nad Metují;;;;;186520;Vrchoviny;;;è.p.;75;;;54901;617096.86;1027426.92;2015-03-09T00:00:00
7379773;574279;Nové Mìsto nad Metují;;;;;186520;Vrchoviny;;;è.p.;76;;;54901;617116.43;1027418.03;2013-12-05T00:00:00
7379781;574279;Nové Mìsto nad Metují;;;;;186520;Vrchoviny;;;è.p.;78;;;54901;617203.01;1027416.29;2013-12-05T00:00:00
7379790;574279;Nové Mìsto nad Metují;;;;;186520;Vrchoviny;;;è.p.;79;;;54901;617244.93;1027446.69;2013-12-05T00:00:00
7379803;574279;Nové Mìsto nad Metují;;;;;186520;Vrchoviny;;;è.p.;80;;;54901;617284.71;1027407.49;2013-12-05T00:00:00
7379811;574279;Nové Mìsto nad Metují;;;;;186520;Vrchoviny;;;è.p.;81;;;54901;616987.21;1027398.93;2013-12-05T00:00:00
7379838;574279;Nové Mìsto nad Metují;;;;;186520;Vrchoviny;;;è.p.;83;;;54901;617205.97;1027488.78;2013-12-05T00:00:00
7379846;574279;Nové Mìsto nad Metují;;;;;186520;Vrchoviny;;;è.p.;84;;;54901;617126.55;1027506.12;2013-12-05T00:00:00
7379854;574279;Nové Mìsto nad Metují;;;;;186520;Vrchoviny;;;è.p.;85;;;54901;616985.40;1027452.05;2013-12-05T00:00:00
7379862;574279;Nové Mìsto nad Metují;;;;;186520;Vrchoviny;;;è.p.;86;;;54901;617326.85;1027485.19;2013-12-05T00:00:00
7379871;574279;Nové Mìsto nad Metují;;;;;186520;Vrchoviny;;;è.p.;87;;;54901;617072.45;1027412.18;2013-12-05T00:00:00
7379889;574279;Nové Mìsto nad Metují;;;;;186520;Vrchoviny;;;è.p.;88;;;54901;617161.43;1027438.17;2013-12-05T00:00:00
7379897;574279;Nové Mìsto nad Metují;;;;;186520;Vrchoviny;;;è.p.;89;;;54901;616799.34;1027510.04;2013-12-05T00:00:00
7379901;574279;Nové Mìsto nad Metují;;;;;186520;Vrchoviny;;;è.p.;90;;;54901;616891.35;1027427.00;2013-12-05T00:00:00
7379919;574279;Nové Mìsto nad Metují;;;;;186520;Vrchoviny;;;è.p.;91;;;54901;617053.76;1027508.36;2013-12-05T00:00:00
7379927;574279;Nové Mìsto nad Metují;;;;;186520;Vrchoviny;;;è.p.;92;;;54901;617066.50;1027383.60;2013-12-05T00:00:00
7379935;574279;Nové Mìsto nad Metují;;;;;186520;Vrchoviny;;;è.p.;93;;;54901;617337.26;1027546.72;2013-12-05T00:00:00
7379943;574279;Nové Mìsto nad Metují;;;;;186520;Vrchoviny;;;è.p.;94;;;54901;617362.51;1027514.76;2013-12-05T00:00:00
7379951;574279;Nové Mìsto nad Metují;;;;;186520;Vrchoviny;;;è.p.;95;;;54901;617082.03;1027495.64;2013-12-05T00:00:00
7379960;574279;Nové Mìsto nad Metují;;;;;186520;Vrchoviny;;;è.p.;96;;;54901;617333.96;1027317.92;2013-12-05T00:00:00
7379978;574279;Nové Mìsto nad Metují;;;;;186520;Vrchoviny;;;è.p.;97;;;54901;616677.44;1027420.91;2013-12-05T00:00:00
7379986;574279;Nové Mìsto nad Metují;;;;;186520;Vrchoviny;;;è.p.;98;;;54901;617192.45;1027079.73;2013-12-05T00:00:00
7379994;574279;Nové Mìsto nad Metují;;;;;186520;Vrchoviny;;;è.p.;99;;;54901;616774.15;1027580.04;2013-12-05T00:00:00
7380003;574279;Nové Mìsto nad Metují;;;;;186520;Vrchoviny;;;è.p.;100;;;54901;617400.78;1027398.78;2013-12-05T00:00:00
7380011;574279;Nové Mìsto nad Metují;;;;;186520;Vrchoviny;;;è.p.;101;;;54901;616844.59;1027397.89;2013-12-05T00:00:00
7380020;574279;Nové Mìsto nad Metují;;;;;186520;Vrchoviny;;;è.p.;102;;;54901;617051.27;1027393.66;2013-12-05T00:00:00
7380046;574279;Nové Mìsto nad Metují;;;;;186520;Vrchoviny;;;è.p.;104;;;54901;618344.56;1026545.76;2013-12-05T00:00:00
7380054;574279;Nové Mìsto nad Metují;;;;;186520;Vrchoviny;;;è.p.;105;;;54901;616706.93;1027478.89;2013-12-05T00:00:00
7380071;574279;Nové Mìsto nad Metují;;;;;186520;Vrchoviny;;;è.p.;107;;;54901;617158.17;1027408.36;2013-12-05T00:00:00
7380089;574279;Nové Mìsto nad Metují;;;;;186520;Vrchoviny;;;è.p.;108;;;54901;617246.11;1027219.18;2013-12-05T00:00:00
7380097;574279;Nové Mìsto nad Metují;;;;;186520;Vrchoviny;;;è.p.;109;;;54901;617390.48;1027469.47;2013-12-05T00:00:00
7380101;574279;Nové Mìsto nad Metují;;;;;186520;Vrchoviny;;;è.p.;110;;;54901;617112.55;1027553.96;2013-12-05T00:00:00
7380119;574279;Nové Mìsto nad Metují;;;;;186520;Vrchoviny;;;è.p.;111;;;54901;617033.79;1027507.12;2013-12-05T00:00:00
7380127;574279;Nové Mìsto nad Metují;;;;;186520;Vrchoviny;;;è.p.;112;;;54901;617366.25;1027388.12;2013-12-05T00:00:00
7380135;574279;Nové Mìsto nad Metují;;;;;186520;Vrchoviny;;;è.p.;113;;;54901;617328.55;1027412.83;2013-12-05T00:00:00
7380143;574279;Nové Mìsto nad Metují;;;;;186520;Vrchoviny;;;è.p.;114;;;54901;618303.55;1026767.99;2013-12-05T00:00:00
7380151;574279;Nové Mìsto nad Metují;;;;;186520;Vrchoviny;;;è.p.;115;;;54901;617530.05;1027513.70;2013-12-05T00:00:00
7380160;574279;Nové Mìsto nad Metují;;;;;186520;Vrchoviny;;;è.p.;116;;;54901;616821.05;1027171.93;2013-12-05T00:00:00
7380178;574279;Nové Mìsto nad Metují;;;;;186520;Vrchoviny;;;è.p.;117;;;54901;616843.10;1027528.38;2013-12-05T00:00:00
7380186;574279;Nové Mìsto nad Metují;;;;;186520;Vrchoviny;;;è.p.;118;;;54901;617577.64;1027517.79;2013-12-05T00:00:00
7380194;574279;Nové Mìsto nad Metují;;;;;186520;Vrchoviny;;;è.p.;119;;;54901;617619.08;1027523.21;2013-12-05T00:00:00
7380208;574279;Nové Mìsto nad Metují;;;;;186520;Vrchoviny;;;è.p.;120;;;54901;616841.93;1027218.73;2013-12-05T00:00:00
7380216;574279;Nové Mìsto nad Metují;;;;;186520;Vrchoviny;;;è.p.;121;;;54901;617077.80;1027221.64;2013-12-05T00:00:00
7380224;574279;Nové Mìsto nad Metují;;;;;186520;Vrchoviny;;;è.p.;122;;;54901;617271.01;1027170.30;2013-12-05T00:00:00
7380232;574279;Nové Mìsto nad Metují;;;;;186520;Vrchoviny;;;è.p.;123;;;54901;617200.79;1027588.34;2013-12-05T00:00:00
7380241;574279;Nové Mìsto nad Metují;;;;;186520;Vrchoviny;;;è.p.;124;;;54901;617097.73;1027575.12;2013-12-05T00:00:00
7380259;574279;Nové Mìsto nad Metují;;;;;186520;Vrchoviny;;;è.p.;125;;;54901;617101.35;1027209.51;2013-12-05T00:00:00
7380267;574279;Nové Mìsto nad Metují;;;;;186520;Vrchoviny;;;è.p.;126;;;54901;617068.00;1027265.68;2013-12-05T00:00:00
7380275;574279;Nové Mìsto nad Metují;;;;;186520;Vrchoviny;;;è.p.;127;;;54901;617233.90;1027638.39;2013-12-05T00:00:00
7380283;574279;Nové Mìsto nad Metují;;;;;186520;Vrchoviny;;;è.p.;128;;;54901;616934.54;1027592.69;2013-12-05T00:00:00
7380291;574279;Nové Mìsto nad Metují;;;;;186520;Vrchoviny;;;è.p.;129;;;54901;617242.70;1027657.31;2013-12-05T00:00:00
7380305;574279;Nové Mìsto nad Metují;;;;;186520;Vrchoviny;;;è.p.;130;;;54901;617117.48;1027237.03;2013-12-05T00:00:00
7380313;574279;Nové Mìsto nad Metují;;;;;186520;Vrchoviny;;;è.p.;131;;;54901;617224.77;1027619.25;2013-12-05T00:00:00
7380321;574279;Nové Mìsto nad Metují;;;;;186520;Vrchoviny;;;è.p.;132;;;54901;617020.22;1027268.53;2013-12-05T00:00:00
7380330;574279;Nové Mìsto nad Metují;;;;;186520;Vrchoviny;;;è.p.;133;;;54901;617029.67;1027233.91;2013-12-05T00:00:00
7380348;574279;Nové Mìsto nad Metují;;;;;186520;Vrchoviny;;;è.p.;134;;;54901;616964.38;1027391.75;2013-12-05T00:00:00
7380356;574279;Nové Mìsto nad Metují;;;;;186520;Vrchoviny;;;è.p.;135;;;54901;616898.17;1027672.79;2013-12-05T00:00:00
7380364;574279;Nové Mìsto nad Metují;;;;;186520;Vrchoviny;;;è.p.;136;;;54901;617223.78;1027600.33;2013-12-05T00:00:00
7380372;574279;Nové Mìsto nad Metují;;;;;186520;Vrchoviny;;;è.p.;137;;;54901;616909.81;1027657.13;2014-02-14T00:00:00
7380381;574279;Nové Mìsto nad Metují;;;;;186520;Vrchoviny;;;è.p.;138;;;54901;616912.02;1027633.91;2013-12-05T00:00:00
7380399;574279;Nové Mìsto nad Metují;;;;;186520;Vrchoviny;;;è.p.;139;;;54901;616974.20;1027648.85;2013-12-05T00:00:00
7380402;574279;Nové Mìsto nad Metují;;;;;186520;Vrchoviny;;;è.p.;140;;;54901;616850.01;1027250.20;2013-12-05T00:00:00
7380411;574279;Nové Mìsto nad Metují;;;;;186520;Vrchoviny;;;è.p.;141;;;54901;617559.81;1027491.06;2013-12-05T00:00:00
7380429;574279;Nové Mìsto nad Metují;;;;;186520;Vrchoviny;;;è.p.;142;;;54901;616887.07;1027602.14;2013-12-05T00:00:00
7380437;574279;Nové Mìsto nad Metují;;;;;186520;Vrchoviny;;;è.p.;146;;;54901;617438.00;1027473.00;2013-12-05T00:00:00
7398034;574279;Nové Mìsto nad Metují;;;;;410420;Nové Mìsto nad Metují;306231;námìstí Republiky;è.p.;3;;;54901;616823.53;1029965.05;2013-12-05T00:00:00
7398042;574279;Nové Mìsto nad Metují;;;;;410420;Nové Mìsto nad Metují;305791;Èeských legií;è.p.;4;;;54901;616866.93;1029936.36;2013-12-05T00:00:00
7398051;574279;Nové Mìsto nad Metují;;;;;410420;Nové Mìsto nad Metují;305791;Èeských legií;è.p.;5;;;54901;616880.87;1029833.91;2013-12-05T00:00:00
7398069;574279;Nové Mìsto nad Metují;;;;;410420;Nové Mìsto nad Metují;306231;námìstí Republiky;è.p.;6;;;54901;616822.55;1029917.26;2013-12-05T00:00:00
7398077;574279;Nové Mìsto nad Metují;;;;;410420;Nové Mìsto nad Metují;305961;Komenského;è.p.;7;;;54901;616771.56;1029636.45;2014-01-29T00:00:00
7398093;574279;Nové Mìsto nad Metují;;;;;410420;Nové Mìsto nad Metují;305961;Komenského;è.p.;9;;;54901;616770.96;1029565.51;2013-12-05T00:00:00
7398107;574279;Nové Mìsto nad Metují;;;;;410420;Nové Mìsto nad Metují;305961;Komenského;è.p.;10;;;54901;616806.15;1029861.58;2013-12-05T00:00:00
7398115;574279;Nové Mìsto nad Metují;;;;;410420;Nové Mìsto nad Metují;305961;Komenského;è.p.;11;;;54901;616802.96;1029844.45;2013-12-05T00:00:00
7398123;574279;Nové Mìsto nad Metují;;;;;410420;Nové Mìsto nad Metují;305961;Komenského;è.p.;12;;;54901;616796.36;1029826.10;2013-12-05T00:00:00
7398131;574279;Nové Mìsto nad Metují;;;;;410420;Nové Mìsto nad Metují;305961;Komenského;è.p.;13;;;54901;616790.72;1029810.51;2013-12-05T00:00:00
7398140;574279;Nové Mìsto nad Metují;;;;;410420;Nové Mìsto nad Metují;305961;Komenského;è.p.;14;;;54901;616791.70;1029790.06;2013-12-05T00:00:00
7398158;574279;Nové Mìsto nad Metují;;;;;410420;Nové Mìsto nad Metují;305961;Komenského;è.p.;15;;;54901;616780.87;1029758.09;2013-12-05T00:00:00
7398166;574279;Nové Mìsto nad Metují;;;;;410420;Nové Mìsto nad Metují;305961;Komenského;è.p.;16;;;54901;616772.87;1029727.45;2013-12-05T00:00:00
7398174;574279;Nové Mìsto nad Metují;;;;;410420;Nové Mìsto nad Metují;305961;Komenského;è.p.;17;;;54901;616773.30;1029705.82;2013-12-05T00:00:00
7398182;574279;Nové Mìsto nad Metují;;;;;410420;Nové Mìsto nad Metují;305961;Komenského;è.p.;18;;;54901;616763.03;1029685.78;2013-12-05T00:00:00
7398191;574279;Nové Mìsto nad Metují;;;;;410420;Nové Mìsto nad Metují;305961;Komenského;è.p.;19;;;54901;616756.71;1029650.56;2013-12-05T00:00:00
7398204;574279;Nové Mìsto nad Metují;;;;;410420;Nové Mìsto nad Metují;305961;Komenského;è.p.;20;;;54901;616752.25;1029613.86;2013-12-05T00:00:00
7398212;574279;Nové Mìsto nad Metují;;;;;410420;Nové Mìsto nad Metují;305961;Komenského;è.p.;21;;;54901;616746.02;1029585.29;2013-12-05T00:00:00
7398221;574279;Nové Mìsto nad Metují;;;;;410420;Nové Mìsto nad Metují;305961;Komenského;è.p.;22;;;54901;616746.66;1029570.15;2013-12-05T00:00:00
7398239;574279;Nové Mìsto nad Metují;;;;;410420;Nové Mìsto nad Metují;305961;Komenského;è.p.;23;;;54901;616746.33;1029553.35;2013-12-05T00:00:00
7398247;574279;Nové Mìsto nad Metují;;;;;410420;Nové Mìsto nad Metují;305961;Komenského;è.p.;25;;;54901;616732.96;1029468.94;2013-12-05T00:00:00
7398255;574279;Nové Mìsto nad Metují;;;;;410420;Nové Mìsto nad Metují;305961;Komenského;è.p.;26;;;54901;616736.90;1029442.02;2013-12-05T00:00:00
7398263;574279;Nové Mìsto nad Metují;;;;;410420;Nové Mìsto nad Metují;305961;Komenského;è.p.;27;;;54901;616733.67;1029424.04;2013-12-05T00:00:00
7398271;574279;Nové Mìsto nad Metují;;;;;410420;Nové Mìsto nad Metují;305961;Komenského;è.p.;28;;;54901;616731.79;1029406.66;2013-12-05T00:00:00
7398280;574279;Nové Mìsto nad Metují;;;;;410420;Nové Mìsto nad Metují;305961;Komenského;è.p.;29;;;54901;616731.48;1029396.28;2013-12-05T00:00:00
7398298;574279;Nové Mìsto nad Metují;;;;;410420;Nové Mìsto nad Metují;305961;Komenského;è.p.;30;;;54901;616731.12;1029376.66;2013-12-05T00:00:00
7398301;574279;Nové Mìsto nad Metují;;;;;410420;Nové Mìsto nad Metují;305961;Komenského;è.p.;31;;;54901;616733.25;1029358.28;2013-12-05T00:00:00
7398310;574279;Nové Mìsto nad Metují;;;;;410420;Nové Mìsto nad Metují;306215;Nádražní;è.p.;32;;;54901;616745.61;1029333.16;2013-12-05T00:00:00
7398328;574279;Nové Mìsto nad Metují;;;;;410420;Nové Mìsto nad Metují;306215;Nádražní;è.p.;33;;;54901;616755.96;1029324.81;2013-12-05T00:00:00
7398336;574279;Nové Mìsto nad Metují;;;;;410420;Nové Mìsto nad Metují;305961;Komenského;è.p.;34;;;54901;616714.88;1029335.65;2013-12-05T00:00:00
7398344;574279;Nové Mìsto nad Metují;;;;;410420;Nové Mìsto nad Metují;305669;28. øíjna;è.p.;35;;;54901;616951.84;1028892.26;2013-12-05T00:00:00
7398352;574279;Nové Mìsto nad Metují;;;;;410420;Nové Mìsto nad Metují;305685;Boøetínská;è.p.;36;;;54901;616727.18;1029237.65;2013-12-05T00:00:00
7398387;574279;Nové Mìsto nad Metují;;;;;410420;Nové Mìsto nad Metují;305651;T. G. Masaryka;è.p.;39;;;54901;616666.70;1029208.48;2013-12-05T00:00:00
7398395;574279;Nové Mìsto nad Metují;;;;;410420;Nové Mìsto nad Metují;305651;T. G. Masaryka;è.p.;40;;;54901;616690.39;1029120.05;2013-12-05T00:00:00
7398409;574279;Nové Mìsto nad Metují;;;;;410420;Nové Mìsto nad Metují;305651;T. G. Masaryka;è.p.;41;;;54901;616678.77;1029152.28;2013-12-05T00:00:00
7398417;574279;Nové Mìsto nad Metují;;;;;410420;Nové Mìsto nad Metují;305651;T. G. Masaryka;è.p.;42;;;54901;616667.49;1029184.94;2013-12-05T00:00:00
7398425;574279;Nové Mìsto nad Metují;;;;;410420;Nové Mìsto nad Metují;305651;T. G. Masaryka;è.p.;43;;;54901;616667.33;1029224.76;2013-12-05T00:00:00
7398433;574279;Nové Mìsto nad Metují;;;;;410420;Nové Mìsto nad Metují;305651;T. G. Masaryka;è.p.;44;;;54901;616668.63;1029262.56;2013-12-05T00:00:00
7398441;574279;Nové Mìsto nad Metují;;;;;410420;Nové Mìsto nad Metují;305651;T. G. Masaryka;è.p.;45;;;54901;616669.13;1029279.94;2013-12-05T00:00:00
7398450;574279;Nové Mìsto nad Metují;;;;;410420;Nové Mìsto nad Metují;305651;T. G. Masaryka;è.p.;46;;;54901;616671.75;1029296.44;2013-12-05T00:00:00
7398468;574279;Nové Mìsto nad Metují;;;;;410420;Nové Mìsto nad Metují;305651;T. G. Masaryka;è.p.;47;;;54901;616670.94;1029313.44;2013-12-05T00:00:00
7398476;574279;Nové Mìsto nad Metují;;;;;410420;Nové Mìsto nad Metují;305961;Komenského;è.p.;48;;;54901;616685.86;1029341.76;2013-12-05T00:00:00
7398484;574279;Nové Mìsto nad Metují;;;;;410420;Nové Mìsto nad Metují;305961;Komenského;è.p.;49;;;54901;616687.65;1029378.70;2013-12-05T00:00:00
7398492;574279;Nové Mìsto nad Metují;;;;;410420;Nové Mìsto nad Metují;305961;Komenského;è.p.;50;;;54901;616687.13;1029400.65;2013-12-05T00:00:00
7398506;574279;Nové Mìsto nad Metují;;;;;410420;Nové Mìsto nad Metují;305961;Komenského;è.p.;51;;;54901;616689.93;1029410.94;2013-12-05T00:00:00
7398514;574279;Nové Mìsto nad Metují;;;;;410420;Nové Mìsto nad Metují;306428;Sokolská;è.p.;52;;;54901;616692.97;1029428.51;2013-12-05T00:00:00
7398522;574279;Nové Mìsto nad Metují;;;;;410420;Nové Mìsto nad Metují;305961;Komenského;è.p.;53;;;54901;616695.87;1029462.36;2013-12-05T00:00:00
7398531;574279;Nové Mìsto nad Metují;;;;;410420;Nové Mìsto nad Metují;305961;Komenského;è.p.;54;;;54901;616689.74;1029476.75;2013-12-05T00:00:00
7398549;574279;Nové Mìsto nad Metují;;;;;410420;Nové Mìsto nad Metují;305961;Komenského;è.p.;55;;;54901;616697.45;1029501.97;2013-12-05T00:00:00
7398557;574279;Nové Mìsto nad Metují;;;;;410420;Nové Mìsto nad Metují;305961;Komenského;è.p.;56;;;54901;616692.63;1029519.83;2013-12-05T00:00:00
7398565;574279;Nové Mìsto nad Metují;;;;;410420;Nové Mìsto nad Metují;305961;Komenského;è.p.;57;;;54901;616699.70;1029537.45;2013-12-05T00:00:00
7398573;574279;Nové Mìsto nad Metují;;;;;410420;Nové Mìsto nad Metují;305961;Komenského;è.p.;58;;;54901;616702.90;1029546.22;2013-12-05T00:00:00
7398581;574279;Nové Mìsto nad Metují;;;;;410420;Nové Mìsto nad Metují;305961;Komenského;è.p.;59;;;54901;616703.34;1029578.67;2013-12-05T00:00:00
7398590;574279;Nové Mìsto nad Metují;;;;;410420;Nové Mìsto nad Metují;305961;Komenského;è.p.;60;;;54901;616723.96;1029682.06;2013-12-05T00:00:00
7398603;574279;Nové Mìsto nad Metují;;;;;410420;Nové Mìsto nad Metují;305961;Komenského;è.p.;61;;;54901;616724.88;1029697.68;2013-12-05T00:00:00
7398611;574279;Nové Mìsto nad Metují;;;;;410420;Nové Mìsto nad Metují;305961;Komenského;è.p.;62;;;54901;616727.71;1029708.98;2013-12-05T00:00:00
7398620;574279;Nové Mìsto nad Metují;;;;;410420;Nové Mìsto nad Metují;305961;Komenského;è.p.;63;;;54901;616729.46;1029721.83;2013-12-05T00:00:00
7398646;574279;Nové Mìsto nad Metují;;;;;410420;Nové Mìsto nad Metují;305961;Komenského;è.p.;65;;;54901;616735.05;1029743.99;2013-12-05T00:00:00
7398654;574279;Nové Mìsto nad Metují;;;;;410420;Nové Mìsto nad Metují;305961;Komenského;è.p.;66;;;54901;616705.21;1029762.32;2013-12-05T00:00:00
7398662;574279;Nové Mìsto nad Metují;;;;;410420;Nové Mìsto nad Metují;305961;Komenského;è.p.;67;;;54901;616740.55;1029767.37;2013-12-05T00:00:00
7398671;574279;Nové Mìsto nad Metují;;;;;410420;Nové Mìsto nad Metují;305651;T. G. Masaryka;è.p.;68;;;54901;616679.64;1029018.02;2014-01-29T00:00:00
7398689;574279;Nové Mìsto nad Metují;;;;;410420;Nové Mìsto nad Metují;305961;Komenského;è.p.;70;;;54901;616739.17;1029820.11;2013-12-05T00:00:00
7398697;574279;Nové Mìsto nad Metují;;;;;410420;Nové Mìsto nad Metují;305961;Komenského;è.p.;71;;;54901;616741.00;1029863.21;2013-12-05T00:00:00
7398701;574279;Nové Mìsto nad Metují;;;;;410420;Nové Mìsto nad Metují;305961;Komenského;è.p.;72;;;54901;616765.90;1029847.91;2013-12-05T00:00:00
7398719;574279;Nové Mìsto nad Metují;;;;;410420;Nové Mìsto nad Metují;305961;Komenského;è.p.;73;;;54901;616771.60;1029873.95;2013-12-05T00:00:00
7398735;574279;Nové Mìsto nad Metují;;;;;410420;Nové Mìsto nad Metují;305961;Komenského;è.p.;75;;;54901;616775.07;1029890.75;2013-12-05T00:00:00
7398743;574279;Nové Mìsto nad Metují;;;;;410420;Nové Mìsto nad Metují;305961;Komenského;è.p.;76;;;54901;616771.98;1029906.90;2013-12-05T00:00:00
7398751;574279;Nové Mìsto nad Metují;;;;;410420;Nové Mìsto nad Metují;306231;námìstí Republiky;è.p.;77;;;54901;616768.57;1029930.89;2013-12-05T00:00:00
7398760;574279;Nové Mìsto nad Metují;;;;;410420;Nové Mìsto nad Metují;306231;námìstí Republiky;è.p.;78;;;54901;616769.43;1029950.94;2013-12-05T00:00:00
7398808;574279;Nové Mìsto nad Metují;;;;;410420;Nové Mìsto nad Metují;305791;Èeských legií;è.p.;83;;;54901;616978.35;1029882.42;2013-12-05T00:00:00
7398824;574279;Nové Mìsto nad Metují;;;;;410420;Nové Mìsto nad Metují;305812;Družební;è.p.;85;;;54901;616657.41;1028549.23;2014-01-29T00:00:00
7398832;574279;Nové Mìsto nad Metují;;;;;410420;Nové Mìsto nad Metují;305791;Èeských legií;è.p.;86;;;54901;616924.62;1029837.87;2013-12-05T00:00:00
7398841;574279;Nové Mìsto nad Metují;;;;;410420;Nové Mìsto nad Metují;305651;T. G. Masaryka;è.p.;87;;;54901;616682.04;1028574.01;2013-12-05T00:00:00
7398859;574279;Nové Mìsto nad Metují;;;;;410420;Nové Mìsto nad Metují;305791;Èeských legií;è.p.;88;;;54901;616871.38;1029783.88;2013-12-05T00:00:00
7398867;574279;Nové Mìsto nad Metují;;;;;410420;Nové Mìsto nad Metují;305791;Èeských legií;è.p.;89;;;54901;616865.26;1029774.46;2013-12-05T00:00:00
7398875;574279;Nové Mìsto nad Metují;;;;;410420;Nové Mìsto nad Metují;305791;Èeských legií;è.p.;90;;;54901;616823.28;1029685.88;2013-12-05T00:00:00
7398883;574279;Nové Mìsto nad Metují;;;;;410420;Nové Mìsto nad Metují;305791;Èeských legií;è.p.;91;;;54901;616840.98;1029716.23;2013-12-05T00:00:00
7398891;574279;Nové Mìsto nad Metují;;;;;410420;Nové Mìsto nad Metují;305791;Èeských legií;è.p.;92;;;54901;616864.52;1029735.55;2013-12-05T00:00:00
7398905;574279;Nové Mìsto nad Metují;;;;;410420;Nové Mìsto nad Metují;305791;Èeských legií;è.p.;93;;;54901;616891.85;1029746.85;2013-12-05T00:00:00
7398913;574279;Nové Mìsto nad Metují;;;;;410420;Nové Mìsto nad Metují;305791;Èeských legií;è.p.;94;;;54901;616931.36;1029808.38;2013-12-05T00:00:00
7398921;574279;Nové Mìsto nad Metují;;;;;410420;Nové Mìsto nad Metují;305961;Komenského;è.p.;95;;;54901;616791.03;1029495.88;2013-12-05T00:00:00
7398948;574279;Nové Mìsto nad Metují;;;;;410420;Nové Mìsto nad Metují;305791;Èeských legií;è.p.;97;;;54901;616914.87;1029894.71;2013-12-05T00:00:00
7398956;574279;Nové Mìsto nad Metují;;;;;410420;Nové Mìsto nad Metují;305961;Komenského;è.p.;98;;;54901;616739.12;1029884.20;2013-12-05T00:00:00
7398964;574279;Nové Mìsto nad Metují;;;;;410420;Nové Mìsto nad Metují;305791;Èeských legií;è.p.;99;;;54901;616893.70;1029916.00;2013-12-05T00:00:00
7398972;574279;Nové Mìsto nad Metují;;;;;410420;Nové Mìsto nad Metují;305791;Èeských legií;è.p.;100;;;54901;616888.16;1029926.95;2013-12-05T00:00:00
7398999;574279;Nové Mìsto nad Metují;;;;;410420;Nové Mìsto nad Metují;305651;T. G. Masaryka;è.p.;102;;;54901;616715.34;1029184.02;2013-12-05T00:00:00
7399006;574279;Nové Mìsto nad Metují;;;;;410420;Nové Mìsto nad Metují;305961;Komenského;è.p.;103;;;54901;616733.28;1029732.55;2013-12-05T00:00:00
7399014;574279;Nové Mìsto nad Metují;;;;;410420;Nové Mìsto nad Metují;305961;Komenského;è.p.;104;;;54901;616739.83;1029542.05;2013-12-05T00:00:00
7399022;574279;Nové Mìsto nad Metují;;;;;410420;Nové Mìsto nad Metují;305961;Komenského;è.p.;105;;;54901;616738.22;1029529.11;2013-12-05T00:00:00
7399031;574279;Nové Mìsto nad Metují;;;;;410420;Nové Mìsto nad Metují;305880;Havlíèkova;è.p.;106;;;54901;617301.31;1029155.68;2013-12-05T00:00:00
7399049;574279;Nové Mìsto nad Metují;;;;;410420;Nové Mìsto nad Metují;305961;Komenského;è.p.;107;;;54901;616734.73;1029485.65;2013-12-05T00:00:00
7399057;574279;Nové Mìsto nad Metují;;;;;410420;Nové Mìsto nad Metují;306215;Nádražní;è.p.;108;;;54901;616741.63;1029346.21;2013-12-05T00:00:00
7399065;574279;Nové Mìsto nad Metují;;;;;410420;Nové Mìsto nad Metují;305791;Èeských legií;è.p.;109;;;54901;617025.95;1029933.52;2013-12-05T00:00:00
7399073;574279;Nové Mìsto nad Metují;;;;;410420;Nové Mìsto nad Metují;306207;Náchodská;è.p.;110;;;54901;617736.25;1028894.94;2013-12-05T00:00:00
7399081;574279;Nové Mìsto nad Metují;;;;;410420;Nové Mìsto nad Metují;306100;Na Strážnici;è.p.;111;;;54901;617777.59;1029068.94;2013-12-05T00:00:00
7399090;574279;Nové Mìsto nad Metují;;;;;410420;Nové Mìsto nad Metují;306215;Nádražní;è.p.;112;;;54901;616853.72;1029306.41;2013-12-05T00:00:00
7399103;574279;Nové Mìsto nad Metují;;;;;410420;Nové Mìsto nad Metují;305961;Komenského;è.p.;113;;;54901;616738.71;1029900.50;2013-12-05T00:00:00
7399111;574279;Nové Mìsto nad Metují;;;;;410420;Nové Mìsto nad Metují;691917;K Sirkárnì;è.p.;114;;;54901;616940.55;1029770.12;2013-12-05T00:00:00
7399120;574279;Nové Mìsto nad Metují;;;;;410420;Nové Mìsto nad Metují;305791;Èeských legií;è.p.;115;;;54901;616834.05;1029700.61;2013-12-05T00:00:00
7399138;574279;Nové Mìsto nad Metují;;;;;410420;Nové Mìsto nad Metují;305961;Komenského;è.p.;116;;;54901;616748.65;1029779.41;2013-12-05T00:00:00
7399146;574279;Nové Mìsto nad Metují;;;;;410420;Nové Mìsto nad Metují;305880;Havlíèkova;è.p.;117;;;54901;617168.30;1029205.33;2013-12-05T00:00:00
7399154;574279;Nové Mìsto nad Metují;;;;;410420;Nové Mìsto nad Metují;305961;Komenského;è.p.;118;;;54901;616724.39;1029809.58;2013-12-05T00:00:00
7399162;574279;Nové Mìsto nad Metují;;;;;410420;Nové Mìsto nad Metují;305979;Kpt. Jaroše;è.p.;119;;;54901;617809.36;1028954.90;2013-12-05T00:00:00
7399171;574279;Nové Mìsto nad Metují;;;;;410420;Nové Mìsto nad Metují;2518023;Pekelská;è.p.;120;;;54901;616369.50;1029414.44;2019-10-24T00:00:00
7399189;574279;Nové Mìsto nad Metují;;;;;410420;Nové Mìsto nad Metují;305693;Boženy Nìmcové;è.p.;121;;;54901;616777.35;1029052.45;2013-12-05T00:00:00
7399197;574279;Nové Mìsto nad Metují;;;;;410420;Nové Mìsto nad Metují;305961;Komenského;è.p.;122;;;54901;616713.83;1029785.86;2013-12-05T00:00:00
7399201;574279;Nové Mìsto nad Metují;;;;;410420;Nové Mìsto nad Metují;306002;Leštinská;è.p.;124;;;54901;616027.77;1029178.73;2013-12-05T00:00:00
7399219;574279;Nové Mìsto nad Metují;;;;;410420;Nové Mìsto nad Metují;306045;Na Boøetínì;è.p.;125;;;54901;616618.03;1029404.60;2013-12-05T00:00:00
7399227;574279;Nové Mìsto nad Metují;;;;;410420;Nové Mìsto nad Metují;305863;Gen. Klapálka;è.p.;126;;;54901;617556.45;1029049.92;2020-02-28T00:00:00
7399235;574279;Nové Mìsto nad Metují;;;;;410420;Nové Mìsto nad Metují;305863;Gen. Klapálka;è.p.;127;;;54901;617561.58;1028967.56;2020-02-28T00:00:00
7399243;574279;Nové Mìsto nad Metují;;;;;410420;Nové Mìsto nad Metují;306207;Náchodská;è.p.;128;;;54901;617629.26;1028548.28;2013-12-05T00:00:00
7399251;574279;Nové Mìsto nad Metují;;;;;410420;Nové Mìsto nad Metují;305847;Elektrárenská;è.p.;129;;;54901;617495.46;1029362.62;2013-12-05T00:00:00
7399260;574279;Nové Mìsto nad Metují;;;;;410420;Nové Mìsto nad Metují;305863;Gen. Klapálka;è.p.;130;;;54901;617517.04;1028949.88;2013-12-05T00:00:00
7399278;574279;Nové Mìsto nad Metují;;;;;410420;Nové Mìsto nad Metují;305961;Komenského;è.p.;131;;;54901;616715.81;1029793.35;2013-12-05T00:00:00
7399286;574279;Nové Mìsto nad Metují;;;;;410420;Nové Mìsto nad Metují;305791;Èeských legií;è.p.;132;;;54901;616907.49;1029907.85;2013-12-05T00:00:00
7399294;574279;Nové Mìsto nad Metují;;;;;410420;Nové Mìsto nad Metují;305961;Komenského;è.p.;133;;;54901;616691.07;1029419.66;2013-12-05T00:00:00
7399308;574279;Nové Mìsto nad Metují;;;;;410420;Nové Mìsto nad Metují;305961;Komenského;è.p.;134;;;54901;616753.39;1029630.94;2013-12-05T00:00:00
7399324;574279;Nové Mìsto nad Metují;;;;;410420;Nové Mìsto nad Metují;306215;Nádražní;è.p.;136;;;54901;616834.56;1029285.21;2013-12-05T00:00:00
7399341;574279;Nové Mìsto nad Metují;;;;;410420;Nové Mìsto nad Metují;306215;Nádražní;è.p.;138;;;54901;616860.01;1029268.81;2013-12-05T00:00:00
7399359;574279;Nové Mìsto nad Metují;;;;;410420;Nové Mìsto nad Metují;305880;Havlíèkova;è.p.;139;;;54901;617335.76;1029184.75;2013-12-05T00:00:00
7399383;574279;Nové Mìsto nad Metují;;;;;410420;Nové Mìsto nad Metují;306410;Smetanova;è.p.;143;;;54901;617250.63;1028929.20;2013-12-05T00:00:00
7399391;574279;Nové Mìsto nad Metují;;;;;410420;Nové Mìsto nad Metují;306410;Smetanova;è.p.;144;;;54901;617197.60;1028930.80;2013-12-05T00:00:00
7399405;574279;Nové Mìsto nad Metují;;;;;410420;Nové Mìsto nad Metují;305961;Komenského;è.p.;146;;;54901;616739.92;1029754.17;2013-12-05T00:00:00
7399413;574279;Nové Mìsto nad Metují;;;;;410420;Nové Mìsto nad Metují;305961;Komenského;è.p.;148;;;54901;616749.17;1029604.47;2013-12-05T00:00:00
7399421;574279;Nové Mìsto nad Metují;;;;;410420;Nové Mìsto nad Metují;305880;Havlíèkova;è.p.;149;;;54901;617487.51;1029097.95;2013-12-05T00:00:00
7399430;574279;Nové Mìsto nad Metují;;;;;410420;Nové Mìsto nad Metují;306428;Sokolská;è.p.;150;;;54901;616645.56;1029409.06;2013-12-05T00:00:00
7399448;574279;Nové Mìsto nad Metují;;;;;410420;Nové Mìsto nad Metují;305880;Havlíèkova;è.p.;151;;;54901;617718.46;1029095.76;2013-12-05T00:00:00
7399456;574279;Nové Mìsto nad Metují;;;;;410420;Nové Mìsto nad Metují;305880;Havlíèkova;è.p.;152;;;54901;617325.22;1029149.29;2013-12-05T00:00:00
7399464;574279;Nové Mìsto nad Metují;;;;;410420;Nové Mìsto nad Metují;305961;Komenského;è.p.;153;;;54901;616760.59;1029671.53;2013-12-05T00:00:00
7399472;574279;Nové Mìsto nad Metují;;;;;410420;Nové Mìsto nad Metují;306410;Smetanova;è.p.;154;;;54901;617093.01;1028930.79;2013-12-05T00:00:00
7399481;574279;Nové Mìsto nad Metují;;;;;410420;Nové Mìsto nad Metují;305880;Havlíèkova;è.p.;156;;;54901;617371.30;1029134.71;2013-12-05T00:00:00
7399499;574279;Nové Mìsto nad Metují;;;;;410420;Nové Mìsto nad Metují;305880;Havlíèkova;è.p.;157;;;54901;617351.17;1029140.70;2013-12-05T00:00:00
7399502;574279;Nové Mìsto nad Metují;;;;;410420;Nové Mìsto nad Metují;305863;Gen. Klapálka;è.p.;158;;;54901;617524.56;1029053.32;2020-02-28T00:00:00
7399511;574279;Nové Mìsto nad Metují;;;;;410420;Nové Mìsto nad Metují;305880;Havlíèkova;è.p.;159;;;54901;617384.34;1029130.22;2013-12-05T00:00:00
7399529;574279;Nové Mìsto nad Metují;;;;;410420;Nové Mìsto nad Metují;305880;Havlíèkova;è.p.;160;;;54901;617397.91;1029125.31;2013-12-05T00:00:00
7399537;574279;Nové Mìsto nad Metují;;;;;410420;Nové Mìsto nad Metují;305880;Havlíèkova;è.p.;161;;;54901;617428.67;1029175.56;2013-12-05T00:00:00
7399545;574279;Nové Mìsto nad Metují;;;;;410420;Nové Mìsto nad Metují;305961;Komenského;è.p.;162;;;54901;616748.01;1029596.19;2013-12-05T00:00:00
7399553;574279;Nové Mìsto nad Metují;;;;;410420;Nové Mìsto nad Metují;305880;Havlíèkova;è.p.;163;;;54901;617633.99;1029071.14;2013-12-05T00:00:00
7399561;574279;Nové Mìsto nad Metují;;;;;410420;Nové Mìsto nad Metují;691917;K Sirkárnì;è.p.;164;;;54901;616959.56;1029783.67;2013-12-05T00:00:00
7399570;574279;Nové Mìsto nad Metují;;;;;410420;Nové Mìsto nad Metují;691933;K Vodárnì;è.p.;165;;;54901;616043.45;1029563.36;2013-12-05T00:00:00
7399588;574279;Nové Mìsto nad Metují;;;;;410420;Nové Mìsto nad Metují;306207;Náchodská;è.p.;166;;;54901;617768.27;1029064.63;2013-12-05T00:00:00
7399596;574279;Nové Mìsto nad Metují;;;;;410420;Nové Mìsto nad Metují;305979;Kpt. Jaroše;è.p.;167;;;54901;617759.30;1029015.19;2013-12-05T00:00:00
7399600;574279;Nové Mìsto nad Metují;;;;;410420;Nové Mìsto nad Metují;305669;28. øíjna;è.p.;168;;;54901;616801.64;1028988.66;2013-12-05T00:00:00
7399618;574279;Nové Mìsto nad Metují;;;;;410420;Nové Mìsto nad Metují;305651;T. G. Masaryka;è.p.;169;;;54901;616707.27;1029024.31;2013-12-05T00:00:00
7399626;574279;Nové Mìsto nad Metují;;;;;410420;Nové Mìsto nad Metují;305651;T. G. Masaryka;è.p.;170;;;54901;616730.65;1029116.71;2013-12-05T00:00:00
7399634;574279;Nové Mìsto nad Metují;;;;;410420;Nové Mìsto nad Metují;305651;T. G. Masaryka;è.p.;171;;;54901;616727.98;1029128.59;2013-12-05T00:00:00
7399642;574279;Nové Mìsto nad Metují;;;;;410420;Nové Mìsto nad Metují;305651;T. G. Masaryka;è.p.;172;;;54901;616725.09;1029140.94;2013-12-05T00:00:00
7399651;574279;Nové Mìsto nad Metují;;;;;410420;Nové Mìsto nad Metují;305651;T. G. Masaryka;è.p.;173;;;54901;616734.01;1029103.55;2013-12-05T00:00:00
7399669;574279;Nové Mìsto nad Metují;;;;;410420;Nové Mìsto nad Metují;305880;Havlíèkova;è.p.;174;;;54901;617375.12;1029205.84;2013-12-05T00:00:00
7399677;574279;Nové Mìsto nad Metují;;;;;410420;Nové Mìsto nad Metují;305880;Havlíèkova;è.p.;175;;;54901;617734.49;1029064.91;2013-12-05T00:00:00
7399685;574279;Nové Mìsto nad Metují;;;;;410420;Nové Mìsto nad Metují;306207;Náchodská;è.p.;177;;;54901;617726.08;1029003.33;2013-12-05T00:00:00
7399693;574279;Nové Mìsto nad Metují;;;;;410420;Nové Mìsto nad Metují;306207;Náchodská;è.p.;178;;;54901;617731.65;1029033.16;2013-12-05T00:00:00
7399707;574279;Nové Mìsto nad Metují;;;;;410420;Nové Mìsto nad Metují;305880;Havlíèkova;è.p.;179;;;54901;617703.10;1029066.96;2013-12-05T00:00:00
7399715;574279;Nové Mìsto nad Metují;;;;;410420;Nové Mìsto nad Metují;306550;V Zátiší;è.p.;180;;;54901;617686.69;1029007.37;2013-12-05T00:00:00
7399723;574279;Nové Mìsto nad Metují;;;;;410420;Nové Mìsto nad Metují;305651;T. G. Masaryka;è.p.;181;;;54901;616697.54;1028985.84;2013-12-05T00:00:00
7399731;574279;Nové Mìsto nad Metují;;;;;410420;Nové Mìsto nad Metují;306550;V Zátiší;è.p.;182;;;54901;617700.97;1029004.85;2013-12-05T00:00:00
7399740;574279;Nové Mìsto nad Metují;;;;;410420;Nové Mìsto nad Metují;306550;V Zátiší;è.p.;183;;;54901;617714.34;1029002.32;2013-12-05T00:00:00
7399758;574279;Nové Mìsto nad Metují;;;;;410420;Nové Mìsto nad Metují;305880;Havlíèkova;è.p.;184;;;54901;617723.45;1029065.32;2013-12-05T00:00:00
7399774;574279;Nové Mìsto nad Metují;;;;;410420;Nové Mìsto nad Metují;305880;Havlíèkova;è.p.;186;;;54901;617715.96;1029066.12;2013-12-05T00:00:00
7399782;574279;Nové Mìsto nad Metují;;;;;410420;Nové Mìsto nad Metují;305651;T. G. Masaryka;è.p.;188;;;54901;616671.19;1028892.35;2013-12-05T00:00:00
7399791;574279;Nové Mìsto nad Metují;;;;;410420;Nové Mìsto nad Metují;305880;Havlíèkova;è.p.;189;;;54901;617656.28;1029068.97;2013-12-05T00:00:00
7399804;574279;Nové Mìsto nad Metují;;;;;410420;Nové Mìsto nad Metují;305880;Havlíèkova;è.p.;190;;;54901;617672.93;1029067.93;2013-12-05T00:00:00
7399812;574279;Nové Mìsto nad Metují;;;;;410420;Nové Mìsto nad Metují;305880;Havlíèkova;è.p.;191;;;54901;617686.56;1029066.86;2013-12-05T00:00:00
7399821;574279;Nové Mìsto nad Metují;;;;;410420;Nové Mìsto nad Metují;305651;T. G. Masaryka;è.p.;192;;;54901;616681.23;1028924.80;2013-12-05T00:00:00
7399839;574279;Nové Mìsto nad Metují;;;;;410420;Nové Mìsto nad Metují;306215;Nádražní;è.p.;193;;;54901;616974.63;1029231.11;2013-12-05T00:00:00
7399847;574279;Nové Mìsto nad Metují;;;;;410420;Nové Mìsto nad Metují;305961;Komenského;è.p.;194;;;54901;616706.14;1029696.23;2013-12-05T00:00:00
7399855;574279;Nové Mìsto nad Metují;;;;;410420;Nové Mìsto nad Metují;305669;28. øíjna;è.p.;195;;;54901;616838.57;1028964.98;2013-12-05T00:00:00
7399863;574279;Nové Mìsto nad Metují;;;;;410420;Nové Mìsto nad Metují;305669;28. øíjna;è.p.;196;;;54901;616850.24;1028958.57;2013-12-05T00:00:00
7399871;574279;Nové Mìsto nad Metují;;;;;410420;Nové Mìsto nad Metují;305651;T. G. Masaryka;è.p.;197;;;54901;616712.05;1029082.98;2013-12-05T00:00:00
7399880;574279;Nové Mìsto nad Metují;;;;;410420;Nové Mìsto nad Metují;305758;Èelakovského;è.p.;198;;;54901;616897.40;1029131.75;2013-12-05T00:00:00
7399898;574279;Nové Mìsto nad Metují;;;;;410420;Nové Mìsto nad Metují;306240;Nerudova;è.p.;199;;;54901;616748.37;1029136.26;2013-12-05T00:00:00
7399901;574279;Nové Mìsto nad Metují;;;;;410420;Nové Mìsto nad Metují;305651;T. G. Masaryka;è.p.;200;;;54901;616685.61;1028945.64;2013-12-05T00:00:00
7399910;574279;Nové Mìsto nad Metují;;;;;410420;Nové Mìsto nad Metují;305651;T. G. Masaryka;è.p.;201;;;54901;616716.27;1029195.94;2013-12-05T00:00:00
7399928;574279;Nové Mìsto nad Metují;;;;;410420;Nové Mìsto nad Metují;306207;Náchodská;è.p.;202;;;54901;617729.12;1029014.05;2013-12-05T00:00:00
7399936;574279;Nové Mìsto nad Metují;;;;;410420;Nové Mìsto nad Metují;306207;Náchodská;è.p.;203;;;54901;617729.73;1029022.74;2013-12-05T00:00:00
7399944;574279;Nové Mìsto nad Metují;;;;;410420;Nové Mìsto nad Metují;305685;Boøetínská;è.p.;204;;;54901;616732.38;1029248.44;2013-12-05T00:00:00
7399952;574279;Nové Mìsto nad Metují;;;;;410420;Nové Mìsto nad Metují;306037;Malecí;è.p.;205;;;54901;616864.02;1028721.24;2013-12-05T00:00:00
7399961;574279;Nové Mìsto nad Metují;;;;;410420;Nové Mìsto nad Metují;306207;Náchodská;è.p.;206;;;54901;617752.49;1028973.81;2013-12-05T00:00:00
7399979;574279;Nové Mìsto nad Metují;;;;;410420;Nové Mìsto nad Metují;306207;Náchodská;è.p.;207;;;54901;617746.68;1028954.32;2013-12-05T00:00:00
7399987;574279;Nové Mìsto nad Metují;;;;;410420;Nové Mìsto nad Metují;305669;28. øíjna;è.p.;208;;;54901;616864.82;1028950.12;2013-12-05T00:00:00
7399995;574279;Nové Mìsto nad Metují;;;;;410420;Nové Mìsto nad Metují;305669;28. øíjna;è.p.;209;;;54901;616877.55;1028943.48;2013-12-05T00:00:00
7400004;574279;Nové Mìsto nad Metují;;;;;410420;Nové Mìsto nad Metují;306100;Na Strážnici;è.p.;210;;;54901;617890.91;1029071.40;2013-12-05T00:00:00
7400012;574279;Nové Mìsto nad Metují;;;;;410420;Nové Mìsto nad Metují;306100;Na Strážnici;è.p.;211;;;54901;617900.00;1029071.40;2013-12-05T00:00:00
7400021;574279;Nové Mìsto nad Metují;;;;;410420;Nové Mìsto nad Metují;305855;Zborovská;è.p.;212;;;54901;617320.71;1028900.81;2013-12-05T00:00:00
7400039;574279;Nové Mìsto nad Metují;;;;;410420;Nové Mìsto nad Metují;305855;Zborovská;è.p.;213;;;54901;617329.57;1028912.88;2013-12-05T00:00:00
7400047;574279;Nové Mìsto nad Metují;;;;;410420;Nové Mìsto nad Metují;306215;Nádražní;è.p.;214;;;54901;617326.49;1029063.85;2013-12-05T00:00:00
7400055;574279;Nové Mìsto nad Metují;;;;;410420;Nové Mìsto nad Metují;306207;Náchodská;è.p.;215;;;54901;617743.62;1028934.47;2013-12-05T00:00:00
7400063;574279;Nové Mìsto nad Metují;;;;;410420;Nové Mìsto nad Metují;306207;Náchodská;è.p.;216;;;54901;617741.17;1028921.32;2013-12-05T00:00:00
7400071;574279;Nové Mìsto nad Metují;;;;;410420;Nové Mìsto nad Metují;306215;Nádražní;è.p.;217;;;54901;617310.91;1029069.22;2013-12-05T00:00:00
7400080;574279;Nové Mìsto nad Metují;;;;;410420;Nové Mìsto nad Metují;306215;Nádražní;è.p.;218;;;54901;617295.43;1029074.71;2013-12-05T00:00:00
7400098;574279;Nové Mìsto nad Metují;;;;;410420;Nové Mìsto nad Metují;306215;Nádražní;è.p.;219;;;54901;617183.88;1029150.16;2013-12-05T00:00:00
7400101;574279;Nové Mìsto nad Metují;;;;;410420;Nové Mìsto nad Metují;306100;Na Strážnici;è.p.;220;;;54901;617908.80;1029071.95;2013-12-05T00:00:00
7400110;574279;Nové Mìsto nad Metují;;;;;410420;Nové Mìsto nad Metují;306100;Na Strážnici;è.p.;221;;;54901;617922.92;1029071.40;2013-12-05T00:00:00
7400128;574279;Nové Mìsto nad Metují;;;;;410420;Nové Mìsto nad Metují;305979;Kpt. Jaroše;è.p.;222;;;54901;617828.03;1028953.25;2013-12-05T00:00:00
7400136;574279;Nové Mìsto nad Metují;;;;;410420;Nové Mìsto nad Metují;305979;Kpt. Jaroše;è.p.;223;;;54901;617834.02;1028947.27;2013-12-05T00:00:00
7400144;574279;Nové Mìsto nad Metují;;;;;410420;Nové Mìsto nad Metují;305979;Kpt. Jaroše;è.p.;224;;;54901;617840.54;1028941.69;2013-12-05T00:00:00
7400152;574279;Nové Mìsto nad Metují;;;;;410420;Nové Mìsto nad Metují;305952;Klosova;è.p.;225;;;54901;616642.77;1029655.12;2013-12-05T00:00:00
7400161;574279;Nové Mìsto nad Metují;;;;;410420;Nové Mìsto nad Metují;305952;Klosova;è.p.;226;;;54901;616628.08;1029661.83;2019-03-13T00:00:00
7400179;574279;Nové Mìsto nad Metují;;;;;410420;Nové Mìsto nad Metují;305651;T. G. Masaryka;è.p.;227;;;54901;616684.96;1028805.51;2013-12-05T00:00:00
7400187;574279;Nové Mìsto nad Metují;;;;;410420;Nové Mìsto nad Metují;305669;28. øíjna;è.p.;228;;;54901;616762.88;1029039.39;2013-12-05T00:00:00
7400195;574279;Nové Mìsto nad Metují;;;;;410420;Nové Mìsto nad Metují;305669;28. øíjna;è.p.;229;;;54901;616791.08;1029020.86;2013-12-05T00:00:00
7400209;574279;Nové Mìsto nad Metují;;;;;410420;Nové Mìsto nad Metují;305669;28. øíjna;è.p.;230;;;54901;616803.62;1029013.46;2013-12-05T00:00:00
7400217;574279;Nové Mìsto nad Metují;;;;;410420;Nové Mìsto nad Metují;305669;28. øíjna;è.p.;231;;;54901;616814.44;1029006.98;2013-12-05T00:00:00
7400225;574279;Nové Mìsto nad Metují;;;;;410420;Nové Mìsto nad Metují;305669;28. øíjna;è.p.;232;;;54901;616827.06;1029003.07;2013-12-05T00:00:00
7400233;574279;Nové Mìsto nad Metují;;;;;410420;Nové Mìsto nad Metují;305855;Zborovská;è.p.;233;;;54901;617339.42;1028928.84;2013-12-05T00:00:00
7400241;574279;Nové Mìsto nad Metují;;;;;410420;Nové Mìsto nad Metují;305669;28. øíjna;è.p.;234;;;54901;616844.22;1028990.71;2013-12-05T00:00:00
7400250;574279;Nové Mìsto nad Metují;;;;;410420;Nové Mìsto nad Metují;305936;Rašínova;è.p.;235;;;54901;616852.53;1028995.67;2013-12-05T00:00:00
7400268;574279;Nové Mìsto nad Metují;;;;;410420;Nové Mìsto nad Metují;305936;Rašínova;è.p.;236;;;54901;616860.72;1029001.50;2013-12-05T00:00:00
7400276;574279;Nové Mìsto nad Metují;;;;;410420;Nové Mìsto nad Metují;305693;Boženy Nìmcové;è.p.;237;;;54901;616824.38;1029181.45;2013-12-05T00:00:00
7400284;574279;Nové Mìsto nad Metují;;;;;410420;Nové Mìsto nad Metují;305693;Boženy Nìmcové;è.p.;238;;;54901;616827.88;1029190.04;2013-12-05T00:00:00
7400292;574279;Nové Mìsto nad Metují;;;;;410420;Nové Mìsto nad Metují;305693;Boženy Nìmcové;è.p.;239;;;54901;616834.43;1029203.20;2013-12-05T00:00:00
7400306;574279;Nové Mìsto nad Metují;;;;;410420;Nové Mìsto nad Metují;305693;Boženy Nìmcové;è.p.;240;;;54901;616838.73;1029212.25;2013-12-05T00:00:00
7400314;574279;Nové Mìsto nad Metují;;;;;410420;Nové Mìsto nad Metují;306215;Nádražní;è.p.;241;;;54901;616861.11;1029228.10;2013-12-05T00:00:00
7400322;574279;Nové Mìsto nad Metují;;;;;410420;Nové Mìsto nad Metují;306215;Nádražní;è.p.;242;;;54901;616870.14;1029224.23;2013-12-05T00:00:00
7400331;574279;Nové Mìsto nad Metují;;;;;410420;Nové Mìsto nad Metují;305758;Èelakovského;è.p.;243;;;54901;616868.39;1029196.73;2013-12-05T00:00:00
7400349;574279;Nové Mìsto nad Metují;;;;;410420;Nové Mìsto nad Metují;305758;Èelakovského;è.p.;244;;;54901;616864.01;1029188.12;2013-12-05T00:00:00
7400357;574279;Nové Mìsto nad Metují;;;;;410420;Nové Mìsto nad Metují;305758;Èelakovského;è.p.;245;;;54901;616855.86;1029173.48;2013-12-05T00:00:00
7400365;574279;Nové Mìsto nad Metují;;;;;410420;Nové Mìsto nad Metují;305758;Èelakovského;è.p.;246;;;54901;616851.37;1029164.35;2013-12-05T00:00:00
7400373;574279;Nové Mìsto nad Metují;;;;;410420;Nové Mìsto nad Metují;305758;Èelakovského;è.p.;247;;;54901;616878.64;1029161.84;2013-12-05T00:00:00
7400381;574279;Nové Mìsto nad Metují;;;;;410420;Nové Mìsto nad Metují;305758;Èelakovského;è.p.;248;;;54901;616887.33;1029156.01;2013-12-05T00:00:00
7400390;574279;Nové Mìsto nad Metují;;;;;410420;Nové Mìsto nad Metují;305758;Èelakovského;è.p.;249;;;54901;616907.06;1029143.84;2013-12-05T00:00:00
7400403;574279;Nové Mìsto nad Metují;;;;;410420;Nové Mìsto nad Metují;305758;Èelakovského;è.p.;250;;;54901;616915.76;1029139.19;2013-12-05T00:00:00
7400411;574279;Nové Mìsto nad Metují;;;;;410420;Nové Mìsto nad Metují;305758;Èelakovského;è.p.;251;;;54901;616937.37;1029125.76;2013-12-05T00:00:00
7400420;574279;Nové Mìsto nad Metují;;;;;410420;Nové Mìsto nad Metují;305758;Èelakovského;è.p.;252;;;54901;616953.87;1029144.29;2013-12-05T00:00:00
7400438;574279;Nové Mìsto nad Metují;;;;;410420;Nové Mìsto nad Metují;305758;Èelakovského;è.p.;253;;;54901;616922.96;1029162.71;2013-12-05T00:00:00
7400446;574279;Nové Mìsto nad Metují;;;;;410420;Nové Mìsto nad Metují;305758;Èelakovského;è.p.;254;;;54901;616914.76;1029167.51;2013-12-05T00:00:00
7400454;574279;Nové Mìsto nad Metují;;;;;410420;Nové Mìsto nad Metují;305758;Èelakovského;è.p.;255;;;54901;616888.47;1029184.87;2013-12-05T00:00:00
7400462;574279;Nové Mìsto nad Metují;;;;;410420;Nové Mìsto nad Metují;306215;Nádražní;è.p.;256;;;54901;616906.70;1029212.07;2013-12-05T00:00:00
7400471;574279;Nové Mìsto nad Metují;;;;;410420;Nové Mìsto nad Metují;306215;Nádražní;è.p.;257;;;54901;616918.99;1029207.14;2013-12-05T00:00:00
7400489;574279;Nové Mìsto nad Metují;;;;;410420;Nové Mìsto nad Metují;306215;Nádražní;è.p.;258;;;54901;616943.38;1029197.03;2013-12-05T00:00:00
7400497;574279;Nové Mìsto nad Metují;;;;;410420;Nové Mìsto nad Metují;306215;Nádražní;è.p.;259;;;54901;616950.91;1029191.30;2013-12-05T00:00:00
7400501;574279;Nové Mìsto nad Metují;;;;;410420;Nové Mìsto nad Metují;306410;Smetanova;è.p.;260;;;54901;616965.98;1029173.75;2013-12-05T00:00:00
7400519;574279;Nové Mìsto nad Metují;;;;;410420;Nové Mìsto nad Metují;306410;Smetanova;è.p.;261;;;54901;616970.10;1029165.15;2013-12-05T00:00:00
7400527;574279;Nové Mìsto nad Metují;;;;;410420;Nové Mìsto nad Metují;305758;Èelakovského;è.p.;262;;;54901;616988.76;1029139.59;2013-12-05T00:00:00
7400535;574279;Nové Mìsto nad Metují;;;;;410420;Nové Mìsto nad Metují;306410;Smetanova;è.p.;263;;;54901;616995.42;1029129.15;2013-12-05T00:00:00
7400543;574279;Nové Mìsto nad Metují;;;;;410420;Nové Mìsto nad Metují;305758;Èelakovského;è.p.;264;;;54901;616964.40;1029122.36;2013-12-05T00:00:00
7400551;574279;Nové Mìsto nad Metují;;;;;410420;Nové Mìsto nad Metují;305758;Èelakovského;è.p.;265;;;54901;616955.97;1029115.53;2013-12-05T00:00:00
7400560;574279;Nové Mìsto nad Metují;;;;;410420;Nové Mìsto nad Metují;305758;Èelakovského;è.p.;266;;;54901;616942.45;1029104.46;2013-12-05T00:00:00
7400578;574279;Nové Mìsto nad Metují;;;;;410420;Nové Mìsto nad Metují;305936;Rašínova;è.p.;267;;;54901;616968.05;1029076.32;2013-12-05T00:00:00
7400586;574279;Nové Mìsto nad Metují;;;;;410420;Nové Mìsto nad Metují;305936;Rašínova;è.p.;268;;;54901;616973.75;1029079.73;2017-01-05T00:00:00
7400594;574279;Nové Mìsto nad Metují;;;;;410420;Nové Mìsto nad Metují;305936;Rašínova;è.p.;269;;;54901;616984.84;1029086.94;2013-12-05T00:00:00
7400608;574279;Nové Mìsto nad Metují;;;;;410420;Nové Mìsto nad Metují;305936;Rašínova;è.p.;270;;;54901;616991.67;1029092.25;2013-12-05T00:00:00
7400616;574279;Nové Mìsto nad Metují;;;;;410420;Nové Mìsto nad Metují;305936;Rašínova;è.p.;271;;;54901;617012.28;1029105.70;2013-12-05T00:00:00
7400624;574279;Nové Mìsto nad Metují;;;;;410420;Nové Mìsto nad Metují;305936;Rašínova;è.p.;272;;;54901;617032.60;1029121.16;2013-12-05T00:00:00
7400632;574279;Nové Mìsto nad Metují;;;;;410420;Nové Mìsto nad Metují;305936;Rašínova;è.p.;273;;;54901;617048.41;1029131.59;2013-12-05T00:00:00
7400641;574279;Nové Mìsto nad Metují;;;;;410420;Nové Mìsto nad Metují;306410;Smetanova;è.p.;274;;;54901;617014.26;1029145.84;2013-12-05T00:00:00
7400659;574279;Nové Mìsto nad Metují;;;;;410420;Nové Mìsto nad Metují;306410;Smetanova;è.p.;275;;;54901;617010.02;1029152.58;2013-12-05T00:00:00
7400667;574279;Nové Mìsto nad Metují;;;;;410420;Nové Mìsto nad Metují;306410;Smetanova;è.p.;276;;;54901;616992.48;1029180.34;2013-12-05T00:00:00
7400675;574279;Nové Mìsto nad Metují;;;;;410420;Nové Mìsto nad Metují;305693;Boženy Nìmcové;è.p.;277;;;54901;616815.30;1029156.44;2013-12-05T00:00:00
7400683;574279;Nové Mìsto nad Metují;;;;;410420;Nové Mìsto nad Metují;305936;Rašínova;è.p.;278;;;54901;617005.40;1029015.85;2013-12-05T00:00:00
7400691;574279;Nové Mìsto nad Metují;;;;;410420;Nové Mìsto nad Metují;306100;Na Strážnici;è.p.;279;;;54901;617933.97;1029070.98;2013-12-05T00:00:00
7400705;574279;Nové Mìsto nad Metují;;;;;410420;Nové Mìsto nad Metují;305979;Kpt. Jaroše;è.p.;280;;;54901;617813.95;1028923.42;2013-12-05T00:00:00
7400713;574279;Nové Mìsto nad Metují;;;;;410420;Nové Mìsto nad Metují;305758;Èelakovského;è.p.;281;;;54901;616931.90;1029128.89;2013-12-05T00:00:00
7400721;574279;Nové Mìsto nad Metují;;;;;410420;Nové Mìsto nad Metují;305928;Johnova;è.p.;282;;;54901;616674.14;1029044.13;2013-12-05T00:00:00
7400730;574279;Nové Mìsto nad Metují;;;;;410420;Nové Mìsto nad Metují;305928;Johnova;è.p.;283;;;54901;616668.26;1029045.60;2013-12-05T00:00:00
7400748;574279;Nové Mìsto nad Metují;;;;;410420;Nové Mìsto nad Metují;305928;Johnova;è.p.;284;;;54901;616661.88;1029046.61;2013-12-05T00:00:00
7400756;574279;Nové Mìsto nad Metují;;;;;410420;Nové Mìsto nad Metují;305928;Johnova;è.p.;285;;;54901;616656.16;1029047.92;2013-12-05T00:00:00
7400764;574279;Nové Mìsto nad Metují;;;;;410420;Nové Mìsto nad Metují;305928;Johnova;è.p.;286;;;54901;616650.14;1029049.44;2013-12-05T00:00:00
7400772;574279;Nové Mìsto nad Metují;;;;;410420;Nové Mìsto nad Metují;305928;Johnova;è.p.;287;;;54901;616643.45;1029050.70;2013-12-05T00:00:00
7400781;574279;Nové Mìsto nad Metují;;;;;410420;Nové Mìsto nad Metují;305928;Johnova;è.p.;288;;;54901;616630.14;1029052.69;2013-12-05T00:00:00
7400799;574279;Nové Mìsto nad Metují;;;;;410420;Nové Mìsto nad Metují;305928;Johnova;è.p.;289;;;54901;616623.90;1029052.69;2013-12-05T00:00:00
7400802;574279;Nové Mìsto nad Metují;;;;;410420;Nové Mìsto nad Metují;305928;Johnova;è.p.;290;;;54901;616617.71;1029052.64;2013-12-05T00:00:00
7400811;574279;Nové Mìsto nad Metují;;;;;410420;Nové Mìsto nad Metují;305928;Johnova;è.p.;291;;;54901;616611.47;1029052.53;2013-12-05T00:00:00
7400829;574279;Nové Mìsto nad Metují;;;;;410420;Nové Mìsto nad Metují;305880;Havlíèkova;è.p.;292;;;54901;617526.14;1029121.82;2013-12-05T00:00:00
7400837;574279;Nové Mìsto nad Metují;;;;;410420;Nové Mìsto nad Metují;305928;Johnova;è.p.;293;;;54901;616698.68;1029065.63;2013-12-05T00:00:00
7400845;574279;Nové Mìsto nad Metují;;;;;410420;Nové Mìsto nad Metují;305928;Johnova;è.p.;294;;;54901;616675.76;1029070.88;2013-12-05T00:00:00
7400853;574279;Nové Mìsto nad Metují;;;;;410420;Nové Mìsto nad Metují;305928;Johnova;è.p.;295;;;54901;616669.38;1029071.75;2013-12-05T00:00:00
7400861;574279;Nové Mìsto nad Metují;;;;;410420;Nové Mìsto nad Metují;305901;Husova;è.p.;296;;;54901;616637.91;1029101.23;2013-12-05T00:00:00
7400870;574279;Nové Mìsto nad Metují;;;;;410420;Nové Mìsto nad Metují;305901;Husova;è.p.;297;;;54901;616636.95;1029107.73;2013-12-05T00:00:00
7400888;574279;Nové Mìsto nad Metují;;;;;410420;Nové Mìsto nad Metují;305901;Husova;è.p.;298;;;54901;616633.19;1029122.52;2013-12-05T00:00:00
7400896;574279;Nové Mìsto nad Metují;;;;;410420;Nové Mìsto nad Metují;305901;Husova;è.p.;299;;;54901;616631.80;1029131.05;2013-12-05T00:00:00
7400900;574279;Nové Mìsto nad Metují;;;;;410420;Nové Mìsto nad Metují;305901;Husova;è.p.;300;;;54901;616648.16;1029084.49;2013-12-05T00:00:00
7400918;574279;Nové Mìsto nad Metují;;;;;410420;Nové Mìsto nad Metují;305928;Johnova;è.p.;301;;;54901;616595.06;1029057.96;2013-12-05T00:00:00
7400926;574279;Nové Mìsto nad Metují;;;;;410420;Nové Mìsto nad Metují;305928;Johnova;è.p.;302;;;54901;616573.38;1029058.12;2013-12-05T00:00:00
7400934;574279;Nové Mìsto nad Metují;;;;;410420;Nové Mìsto nad Metují;305928;Johnova;è.p.;303;;;54901;616551.80;1029060.57;2013-12-05T00:00:00
7400942;574279;Nové Mìsto nad Metují;;;;;410420;Nové Mìsto nad Metují;305928;Johnova;è.p.;304;;;54901;616539.49;1029060.79;2013-12-05T00:00:00
7400951;574279;Nové Mìsto nad Metují;;;;;410420;Nové Mìsto nad Metují;305774;Èeskoslovenské armády;è.p.;305;;;54901;616532.85;1029036.30;2013-12-05T00:00:00
7400969;574279;Nové Mìsto nad Metují;;;;;410420;Nové Mìsto nad Metují;305774;Èeskoslovenské armády;è.p.;306;;;54901;616533.17;1029029.48;2013-12-05T00:00:00
7400977;574279;Nové Mìsto nad Metují;;;;;410420;Nové Mìsto nad Metují;305928;Johnova;è.p.;307;;;54901;616534.13;1029086.49;2013-12-05T00:00:00
7400985;574279;Nové Mìsto nad Metují;;;;;410420;Nové Mìsto nad Metují;305928;Johnova;è.p.;308;;;54901;616560.01;1029084.90;2013-12-05T00:00:00
7400993;574279;Nové Mìsto nad Metují;;;;;410420;Nové Mìsto nad Metují;305928;Johnova;è.p.;309;;;54901;616569.67;1029085.07;2013-12-05T00:00:00
7401001;574279;Nové Mìsto nad Metují;;;;;410420;Nové Mìsto nad Metují;305928;Johnova;è.p.;310;;;54901;616598.88;1029089.00;2013-12-05T00:00:00
7401019;574279;Nové Mìsto nad Metují;;;;;410420;Nové Mìsto nad Metují;305901;Husova;è.p.;311;;;54901;616594.96;1029116.15;2013-12-05T00:00:00
7401027;574279;Nové Mìsto nad Metují;;;;;410420;Nové Mìsto nad Metují;305651;T. G. Masaryka;è.p.;312;;;54901;616724.11;1028926.55;2013-12-05T00:00:00
7401035;574279;Nové Mìsto nad Metují;;;;;410420;Nové Mìsto nad Metují;305936;Rašínova;è.p.;313;;;54901;617091.66;1029114.56;2013-12-05T00:00:00
7401043;574279;Nové Mìsto nad Metují;;;;;410420;Nové Mìsto nad Metují;305651;T. G. Masaryka;è.p.;314;;;54901;616697.24;1028861.14;2013-12-05T00:00:00
7401051;574279;Nové Mìsto nad Metují;;;;;410420;Nové Mìsto nad Metují;305774;Èeskoslovenské armády;è.p.;315;;;54901;616536.04;1029117.50;2013-12-05T00:00:00
7401060;574279;Nové Mìsto nad Metují;;;;;410420;Nové Mìsto nad Metují;305901;Husova;è.p.;316;;;54901;616628.79;1029147.61;2013-12-05T00:00:00
7401078;574279;Nové Mìsto nad Metují;;;;;410420;Nové Mìsto nad Metují;306355;Pøibyslavská;è.p.;317;;;54901;616487.96;1029364.47;2013-12-05T00:00:00
7401086;574279;Nové Mìsto nad Metují;;;;;410420;Nové Mìsto nad Metují;305774;Èeskoslovenské armády;è.p.;318;;;54901;616537.62;1029142.76;2013-12-05T00:00:00
7401094;574279;Nové Mìsto nad Metují;;;;;410420;Nové Mìsto nad Metují;305774;Èeskoslovenské armády;è.p.;319;;;54901;616540.56;1029168.80;2013-12-05T00:00:00
7401108;574279;Nové Mìsto nad Metují;;;;;410420;Nové Mìsto nad Metují;306100;Na Strážnici;è.p.;320;;;54901;617849.80;1029062.67;2022-10-31T00:00:00
7401116;574279;Nové Mìsto nad Metují;;;;;410420;Nové Mìsto nad Metují;305651;T. G. Masaryka;è.p.;321;;;54901;616737.43;1029091.36;2013-12-05T00:00:00
7401124;574279;Nové Mìsto nad Metují;;;;;410420;Nové Mìsto nad Metují;305855;Zborovská;è.p.;322;;;54901;617300.71;1029005.45;2013-12-05T00:00:00
7401132;574279;Nové Mìsto nad Metují;;;;;410420;Nové Mìsto nad Metují;305855;Zborovská;è.p.;323;;;54901;617306.31;1029000.90;2013-12-05T00:00:00
7401141;574279;Nové Mìsto nad Metují;;;;;410420;Nové Mìsto nad Metují;305855;Zborovská;è.p.;324;;;54901;617346.54;1028978.49;2013-12-05T00:00:00
7401159;574279;Nové Mìsto nad Metují;;;;;410420;Nové Mìsto nad Metují;305855;Zborovská;è.p.;325;;;54901;617290.70;1028896.02;2013-12-05T00:00:00
7401167;574279;Nové Mìsto nad Metují;;;;;410420;Nové Mìsto nad Metují;306100;Na Strážnici;è.p.;326;;;54901;617954.41;1029065.42;2013-12-05T00:00:00
7401175;574279;Nové Mìsto nad Metují;;;;;410420;Nové Mìsto nad Metují;305901;Husova;è.p.;327;;;54901;616591.40;1029136.16;2013-12-05T00:00:00
7401183;574279;Nové Mìsto nad Metují;;;;;410420;Nové Mìsto nad Metují;305651;T. G. Masaryka;è.p.;328;;;54901;616692.13;1028768.75;2013-12-05T00:00:00
7401191;574279;Nové Mìsto nad Metují;;;;;410420;Nové Mìsto nad Metují;306410;Smetanova;è.p.;329;;;54901;617259.49;1028891.51;2013-12-05T00:00:00
7401205;574279;Nové Mìsto nad Metují;;;;;410420;Nové Mìsto nad Metují;306240;Nerudova;è.p.;330;;;54901;616744.02;1029227.30;2014-02-03T00:00:00
7401213;574279;Nové Mìsto nad Metují;;;;;410420;Nové Mìsto nad Metují;306410;Smetanova;è.p.;331;;;54901;617276.19;1028875.65;2013-12-05T00:00:00
7401221;574279;Nové Mìsto nad Metují;;;;;410420;Nové Mìsto nad Metují;306410;Smetanova;è.p.;332;;;54901;617293.90;1028862.69;2013-12-05T00:00:00
7401230;574279;Nové Mìsto nad Metují;;;;;410420;Nové Mìsto nad Metují;306410;Smetanova;è.p.;333;;;54901;617302.16;1028857.81;2013-12-05T00:00:00
7401248;574279;Nové Mìsto nad Metují;;;;;410420;Nové Mìsto nad Metují;306410;Smetanova;è.p.;334;;;54901;617321.90;1028840.75;2013-12-05T00:00:00
7401256;574279;Nové Mìsto nad Metují;;;;;410420;Nové Mìsto nad Metují;306410;Smetanova;è.p.;335;;;54901;617334.79;1028831.10;2013-12-05T00:00:00
7401264;574279;Nové Mìsto nad Metují;;;;;410420;Nové Mìsto nad Metují;306410;Smetanova;è.p.;336;;;54901;617341.93;1028825.21;2013-12-05T00:00:00
7401272;574279;Nové Mìsto nad Metují;;;;;410420;Nové Mìsto nad Metují;306410;Smetanova;è.p.;337;;;54901;617371.11;1028802.16;2013-12-05T00:00:00
7401281;574279;Nové Mìsto nad Metují;;;;;410420;Nové Mìsto nad Metují;306410;Smetanova;è.p.;338;;;54901;617378.09;1028796.89;2013-12-05T00:00:00
7401299;574279;Nové Mìsto nad Metují;;;;;410420;Nové Mìsto nad Metují;306410;Smetanova;è.p.;339;;;54901;617390.12;1028786.03;2013-12-05T00:00:00
7401302;574279;Nové Mìsto nad Metují;;;;;410420;Nové Mìsto nad Metují;306410;Smetanova;è.p.;340;;;54901;617407.41;1028770.95;2013-12-05T00:00:00
7401311;574279;Nové Mìsto nad Metují;;;;;410420;Nové Mìsto nad Metují;306410;Smetanova;è.p.;341;;;54901;617412.43;1028766.99;2013-12-05T00:00:00
7401329;574279;Nové Mìsto nad Metují;;;;;410420;Nové Mìsto nad Metují;306410;Smetanova;è.p.;342;;;54901;617425.52;1028757.37;2013-12-05T00:00:00
7401337;574279;Nové Mìsto nad Metují;;;;;410420;Nové Mìsto nad Metují;306410;Smetanova;è.p.;343;;;54901;617273.19;1028909.64;2013-12-05T00:00:00
7401345;574279;Nové Mìsto nad Metují;;;;;410420;Nové Mìsto nad Metují;305855;Zborovská;è.p.;344;;;54901;617306.32;1028919.14;2013-12-05T00:00:00
7401353;574279;Nové Mìsto nad Metují;;;;;410420;Nové Mìsto nad Metují;305855;Zborovská;è.p.;345;;;54901;617322.44;1028941.95;2013-12-05T00:00:00
7401361;574279;Nové Mìsto nad Metují;;;;;410420;Nové Mìsto nad Metují;305855;Zborovská;è.p.;347;;;54901;617334.67;1028958.57;2013-12-05T00:00:00
7401370;574279;Nové Mìsto nad Metují;;;;;410420;Nové Mìsto nad Metují;305855;Zborovská;è.p.;348;;;54901;617289.77;1028982.62;2013-12-05T00:00:00
7401388;574279;Nové Mìsto nad Metují;;;;;410420;Nové Mìsto nad Metují;306215;Nádražní;è.p.;349;;;54901;617157.15;1029054.99;2013-12-05T00:00:00
7401396;574279;Nové Mìsto nad Metují;;;;;410420;Nové Mìsto nad Metují;305855;Zborovská;è.p.;350;;;54901;617259.63;1028849.81;2013-12-05T00:00:00
7401400;574279;Nové Mìsto nad Metují;;;;;410420;Nové Mìsto nad Metují;306215;Nádražní;è.p.;351;;;54901;617345.99;1029057.00;2013-12-05T00:00:00
7401418;574279;Nové Mìsto nad Metují;;;;;410420;Nové Mìsto nad Metují;306215;Nádražní;è.p.;352;;;54901;617365.93;1029050.84;2013-12-05T00:00:00
7401426;574279;Nové Mìsto nad Metují;;;;;410420;Nové Mìsto nad Metují;306215;Nádražní;è.p.;353;;;54901;617388.31;1029042.25;2013-12-05T00:00:00
7401434;574279;Nové Mìsto nad Metují;;;;;410420;Nové Mìsto nad Metují;305855;Zborovská;è.p.;354;;;54901;617378.13;1029026.78;2013-12-05T00:00:00
7401442;574279;Nové Mìsto nad Metují;;;;;410420;Nové Mìsto nad Metují;305855;Zborovská;è.p.;355;;;54901;617370.52;1029013.74;2013-12-05T00:00:00
7401451;574279;Nové Mìsto nad Metují;;;;;410420;Nové Mìsto nad Metují;305693;Boženy Nìmcové;è.p.;356;;;54901;616781.88;1029146.93;2013-12-05T00:00:00
7401469;574279;Nové Mìsto nad Metují;;;;;410420;Nové Mìsto nad Metují;305651;T. G. Masaryka;è.p.;357;;;54901;616706.73;1028895.66;2013-12-05T00:00:00
7401477;574279;Nové Mìsto nad Metují;;;;;410420;Nové Mìsto nad Metují;306355;Pøibyslavská;è.p.;358;;;54901;616456.82;1029334.79;2013-12-05T00:00:00
7401485;574279;Nové Mìsto nad Metují;;;;;410420;Nové Mìsto nad Metují;305952;Klosova;è.p.;359;;;54901;616634.97;1029638.22;2013-12-05T00:00:00
7401493;574279;Nové Mìsto nad Metují;;;;;410420;Nové Mìsto nad Metují;305863;Gen. Klapálka;è.p.;360;;;54901;617505.68;1028817.98;2013-12-05T00:00:00
7401507;574279;Nové Mìsto nad Metují;;;;;410420;Nové Mìsto nad Metují;306215;Nádražní;è.p.;361;;;54901;617016.54;1029199.83;2013-12-05T00:00:00
7401515;574279;Nové Mìsto nad Metují;;;;;410420;Nové Mìsto nad Metují;306215;Nádražní;è.p.;362;;;54901;616959.95;1029223.68;2013-12-05T00:00:00
7401523;574279;Nové Mìsto nad Metují;;;;;410420;Nové Mìsto nad Metují;305901;Husova;è.p.;363;;;54901;616530.23;1029292.50;2013-12-05T00:00:00
7401531;574279;Nové Mìsto nad Metují;;;;;410420;Nové Mìsto nad Metují;305774;Èeskoslovenské armády;è.p.;364;;;54901;616529.92;1029302.89;2013-12-05T00:00:00
7401540;574279;Nové Mìsto nad Metují;;;;;410420;Nové Mìsto nad Metují;2385139;Tyršovo námìstí;è.p.;365;;;54901;616477.48;1029415.25;2019-10-24T00:00:00
7401558;574279;Nové Mìsto nad Metují;;;;;410420;Nové Mìsto nad Metují;305952;Klosova;è.p.;366;;;54901;616616.02;1029546.74;2013-12-05T00:00:00
7401566;574279;Nové Mìsto nad Metují;;;;;410420;Nové Mìsto nad Metují;305651;T. G. Masaryka;è.p.;367;;;54901;616696.43;1028447.25;2013-12-05T00:00:00
7401574;574279;Nové Mìsto nad Metují;;;;;410420;Nové Mìsto nad Metují;305774;Èeskoslovenské armády;è.p.;368;;;54901;616527.69;1029326.60;2013-12-05T00:00:00
7401582;574279;Nové Mìsto nad Metují;;;;;410420;Nové Mìsto nad Metují;305693;Boženy Nìmcové;è.p.;369;;;54901;616843.21;1029116.41;2013-12-05T00:00:00
7401591;574279;Nové Mìsto nad Metují;;;;;410420;Nové Mìsto nad Metují;305961;Komenského;è.p.;370;;;54901;616704.08;1029553.48;2013-12-05T00:00:00
7401604;574279;Nové Mìsto nad Metují;;;;;410420;Nové Mìsto nad Metují;306215;Nádražní;è.p.;371;;;54901;616990.50;1029210.93;2013-12-05T00:00:00
7401612;574279;Nové Mìsto nad Metují;;;;;410420;Nové Mìsto nad Metují;306410;Smetanova;è.p.;372;;;54901;617259.65;1028922.79;2013-12-05T00:00:00
7401621;574279;Nové Mìsto nad Metují;;;;;410420;Nové Mìsto nad Metují;305901;Husova;è.p.;373;;;54901;616501.30;1029286.37;2013-12-05T00:00:00
7401639;574279;Nové Mìsto nad Metují;;;;;410420;Nové Mìsto nad Metují;305855;Zborovská;è.p.;374;;;54901;617276.90;1028835.10;2013-12-05T00:00:00
7401647;574279;Nové Mìsto nad Metují;;;;;410420;Nové Mìsto nad Metují;305651;T. G. Masaryka;è.p.;375;;;54901;616700.21;1028740.70;2013-12-05T00:00:00
7401655;574279;Nové Mìsto nad Metují;;;;;410420;Nové Mìsto nad Metují;305774;Èeskoslovenské armády;è.p.;376;;;54901;616502.39;1029257.25;2014-01-31T00:00:00
7401663;574279;Nové Mìsto nad Metují;;;;;410420;Nové Mìsto nad Metují;306215;Nádražní;è.p.;377;;;54901;617204.76;1029102.31;2013-12-05T00:00:00
7401671;574279;Nové Mìsto nad Metují;;;;;410420;Nové Mìsto nad Metují;306215;Nádražní;è.p.;378;;;54901;617173.68;1029113.77;2013-12-05T00:00:00
7401680;574279;Nové Mìsto nad Metují;;;;;410420;Nové Mìsto nad Metují;305855;Zborovská;è.p.;379;;;54901;617243.86;1028828.02;2013-12-05T00:00:00
7401698;574279;Nové Mìsto nad Metují;;;;;410420;Nové Mìsto nad Metují;306215;Nádražní;è.p.;380;;;54901;616874.58;1029249.96;2013-12-05T00:00:00
7401701;574279;Nové Mìsto nad Metují;;;;;410420;Nové Mìsto nad Metují;306002;Leštinská;è.p.;381;;;54901;615959.25;1029095.70;2013-12-05T00:00:00
7401710;574279;Nové Mìsto nad Metují;;;;;410420;Nové Mìsto nad Metují;305961;Komenského;è.p.;382;;;54901;616780.61;1029623.78;2013-12-05T00:00:00
7401728;574279;Nové Mìsto nad Metují;;;;;410420;Nové Mìsto nad Metují;305901;Husova;è.p.;383;;;54901;616489.24;1029285.98;2013-12-05T00:00:00
7401736;574279;Nové Mìsto nad Metují;;;;;410420;Nové Mìsto nad Metují;305901;Husova;è.p.;384;;;54901;616481.48;1029286.05;2013-12-05T00:00:00
7401752;574279;Nové Mìsto nad Metují;;;;;410420;Nové Mìsto nad Metují;306410;Smetanova;è.p.;386;;;54901;617468.81;1028722.08;2013-12-05T00:00:00
7401761;574279;Nové Mìsto nad Metují;;;;;410420;Nové Mìsto nad Metují;305936;Rašínova;è.p.;387;;;54901;616901.26;1029041.41;2013-12-05T00:00:00
7401779;574279;Nové Mìsto nad Metují;;;;;410420;Nové Mìsto nad Metují;306410;Smetanova;è.p.;388;;;54901;617456.78;1028732.44;2013-12-05T00:00:00
7401787;574279;Nové Mìsto nad Metují;;;;;410420;Nové Mìsto nad Metují;306410;Smetanova;è.p.;389;;;54901;617482.58;1028712.13;2013-12-05T00:00:00
7401795;574279;Nové Mìsto nad Metují;;;;;410420;Nové Mìsto nad Metují;305901;Husova;è.p.;390;;;54901;616467.26;1029285.09;2013-12-05T00:00:00
7401809;574279;Nové Mìsto nad Metují;;;;;410420;Nové Mìsto nad Metují;305651;T. G. Masaryka;è.p.;391;;;54901;616710.23;1029265.59;2013-12-05T00:00:00
7401817;574279;Nové Mìsto nad Metují;;;;;410420;Nové Mìsto nad Metují;305855;Zborovská;è.p.;392;;;54901;617261.75;1028812.23;2013-12-05T00:00:00
7401825;574279;Nové Mìsto nad Metují;;;;;410420;Nové Mìsto nad Metují;306410;Smetanova;è.p.;393;;;54901;617472.75;1028746.92;2013-12-05T00:00:00
7401833;574279;Nové Mìsto nad Metují;;;;;410420;Nové Mìsto nad Metují;305961;Komenského;è.p.;394;;;54901;616692.46;1029449.63;2013-12-05T00:00:00
7401841;574279;Nové Mìsto nad Metují;;;;;410420;Nové Mìsto nad Metují;306410;Smetanova;è.p.;395;;;54901;617441.76;1028743.21;2013-12-05T00:00:00
7401850;574279;Nové Mìsto nad Metují;;;;;410420;Nové Mìsto nad Metují;305651;T. G. Masaryka;è.p.;396;;;54901;616727.28;1028971.14;2013-12-05T00:00:00
7401868;574279;Nové Mìsto nad Metují;;;;;410420;Nové Mìsto nad Metují;305863;Gen. Klapálka;è.p.;397;;;54901;617526.44;1028819.82;2013-12-05T00:00:00
7401876;574279;Nové Mìsto nad Metují;;;;;410420;Nové Mìsto nad Metují;306126;Na Vyhlídce;è.p.;398;;;54901;616130.45;1029332.33;2013-12-05T00:00:00
7401884;574279;Nové Mìsto nad Metují;;;;;410420;Nové Mìsto nad Metují;305847;Elektrárenská;è.p.;399;;;54901;617518.09;1029342.70;2019-03-12T00:00:00
7401892;574279;Nové Mìsto nad Metují;;;;;410420;Nové Mìsto nad Metují;305901;Husova;è.p.;400;;;54901;616461.68;1029256.29;2013-12-05T00:00:00
7401906;574279;Nové Mìsto nad Metují;;;;;410420;Nové Mìsto nad Metují;305863;Gen. Klapálka;è.p.;401;;;54901;617516.82;1028923.04;2013-12-05T00:00:00
7401914;574279;Nové Mìsto nad Metují;;;;;410420;Nové Mìsto nad Metují;305901;Husova;è.p.;402;;;54901;616584.01;1029194.90;2013-12-05T00:00:00
7401922;574279;Nové Mìsto nad Metují;;;;;410420;Nové Mìsto nad Metují;306410;Smetanova;è.p.;403;;;54901;617245.36;1028902.52;2013-12-05T00:00:00
7401931;574279;Nové Mìsto nad Metují;;;;;410420;Nové Mìsto nad Metují;305791;Èeských legií;è.p.;404;;;54901;616793.68;1029700.66;2013-12-05T00:00:00
7401949;574279;Nové Mìsto nad Metují;;;;;410420;Nové Mìsto nad Metují;306240;Nerudova;è.p.;405;;;54901;616736.76;1029221.94;2014-02-03T00:00:00
7401957;574279;Nové Mìsto nad Metují;;;;;410420;Nové Mìsto nad Metují;305952;Klosova;è.p.;406;;;54901;616662.85;1029701.02;2013-12-05T00:00:00
7401965;574279;Nové Mìsto nad Metují;;;;;410420;Nové Mìsto nad Metují;305651;T. G. Masaryka;è.p.;407;;;54901;616596.53;1028853.30;2013-12-05T00:00:00
7401973;574279;Nové Mìsto nad Metují;;;;;410420;Nové Mìsto nad Metují;305961;Komenského;è.p.;408;;;54901;616734.93;1029786.32;2013-12-05T00:00:00
7401981;574279;Nové Mìsto nad Metují;;;;;410420;Nové Mìsto nad Metují;305880;Havlíèkova;è.p.;409;;;54901;617754.22;1029246.38;2019-04-17T00:00:00
7402015;574279;Nové Mìsto nad Metují;;;;;410420;Nové Mìsto nad Metují;306410;Smetanova;è.p.;412;;;54901;617309.18;1028884.25;2013-12-05T00:00:00
7402023;574279;Nové Mìsto nad Metují;;;;;410420;Nové Mìsto nad Metují;305880;Havlíèkova;è.p.;413;;;54901;617334.24;1029125.05;2014-01-29T00:00:00
7402040;574279;Nové Mìsto nad Metují;;;;;410420;Nové Mìsto nad Metují;305669;28. øíjna;è.p.;415;;;54901;617356.17;1028656.85;2013-12-05T00:00:00
7402058;574279;Nové Mìsto nad Metují;;;;;410420;Nové Mìsto nad Metují;305880;Havlíèkova;è.p.;416;;;54901;617383.72;1029185.57;2013-12-05T00:00:00
7402066;574279;Nové Mìsto nad Metují;;;;;410420;Nové Mìsto nad Metují;305880;Havlíèkova;è.p.;417;;;54901;617383.37;1029220.31;2013-12-05T00:00:00
7402112;574279;Nové Mìsto nad Metují;;;;;410420;Nové Mìsto nad Metují;305952;Klosova;è.p.;422;;;54901;616605.07;1029633.41;2013-12-05T00:00:00
7402139;574279;Nové Mìsto nad Metují;;;;;410420;Nové Mìsto nad Metují;306207;Náchodská;è.p.;424;;;54901;617717.67;1028790.94;2013-12-05T00:00:00
7402147;574279;Nové Mìsto nad Metují;;;;;410420;Nové Mìsto nad Metují;305880;Havlíèkova;è.p.;425;;;54901;617730.22;1029095.33;2013-12-05T00:00:00
7402155;574279;Nové Mìsto nad Metují;;;;;410420;Nové Mìsto nad Metují;305651;T. G. Masaryka;è.p.;426;;;54901;616636.92;1028831.24;2013-12-05T00:00:00
7402163;574279;Nové Mìsto nad Metují;;;;;410420;Nové Mìsto nad Metují;305774;Èeskoslovenské armády;è.p.;427;;;54901;616537.84;1028961.48;2013-12-05T00:00:00
7402171;574279;Nové Mìsto nad Metují;;;;;410420;Nové Mìsto nad Metují;305774;Èeskoslovenské armády;è.p.;428;;;54901;616512.80;1028858.01;2013-12-05T00:00:00
7402180;574279;Nové Mìsto nad Metují;;;;;410420;Nové Mìsto nad Metují;306355;Pøibyslavská;è.p.;429;;;54901;616312.16;1029181.65;2013-12-05T00:00:00
7402198;574279;Nové Mìsto nad Metují;;;;;410420;Nové Mìsto nad Metují;305855;Zborovská;è.p.;430;;;54901;617353.55;1028945.87;2013-12-05T00:00:00
7402201;574279;Nové Mìsto nad Metují;;;;;410420;Nové Mìsto nad Metují;305839;Dukelská;è.p.;431;;;54901;616424.50;1029268.69;2013-12-05T00:00:00
7402210;574279;Nové Mìsto nad Metují;;;;;410420;Nové Mìsto nad Metují;306355;Pøibyslavská;è.p.;432;;;54901;616370.41;1029264.98;2013-12-05T00:00:00
7402228;574279;Nové Mìsto nad Metují;;;;;410420;Nové Mìsto nad Metují;306215;Nádražní;è.p.;433;;;54901;617048.59;1029161.65;2013-12-05T00:00:00
7402236;574279;Nové Mìsto nad Metují;;;;;410420;Nové Mìsto nad Metují;306428;Sokolská;è.p.;434;;;54901;616644.59;1029446.52;2013-12-05T00:00:00
7402244;574279;Nové Mìsto nad Metují;;;;;410420;Nové Mìsto nad Metují;305855;Zborovská;è.p.;435;;;54901;617366.20;1028963.83;2013-12-05T00:00:00
7402252;574279;Nové Mìsto nad Metují;;;;;410420;Nové Mìsto nad Metují;306126;Na Vyhlídce;è.p.;436;;;54901;616110.13;1029278.83;2013-12-05T00:00:00
7402261;574279;Nové Mìsto nad Metují;;;;;410420;Nové Mìsto nad Metují;306126;Na Vyhlídce;è.p.;437;;;54901;616120.78;1029304.92;2013-12-05T00:00:00
7402279;574279;Nové Mìsto nad Metují;;;;;410420;Nové Mìsto nad Metují;306002;Leštinská;è.p.;438;;;54901;615995.80;1029167.45;2016-04-06T00:00:00
7402287;574279;Nové Mìsto nad Metují;;;;;410420;Nové Mìsto nad Metují;306002;Leštinská;è.p.;439;;;54901;616025.11;1029147.48;2013-12-05T00:00:00
7402295;574279;Nové Mìsto nad Metují;;;;;410420;Nové Mìsto nad Metují;306207;Náchodská;è.p.;440;;;54901;617723.93;1028845.85;2013-12-05T00:00:00
7402309;574279;Nové Mìsto nad Metují;;;;;410420;Nové Mìsto nad Metují;305863;Gen. Klapálka;è.p.;441;;;54901;617476.94;1028774.38;2013-12-05T00:00:00
7402317;574279;Nové Mìsto nad Metují;;;;;410420;Nové Mìsto nad Metují;306215;Nádražní;è.p.;442;;;54901;617502.64;1029003.40;2013-12-05T00:00:00
7402325;574279;Nové Mìsto nad Metují;;;;;410420;Nové Mìsto nad Metují;306215;Nádražní;è.p.;443;;;54901;617483.02;1029009.21;2013-12-05T00:00:00
7402333;574279;Nové Mìsto nad Metují;;;;;410420;Nové Mìsto nad Metují;305936;Rašínova;è.p.;444;;;54901;617024.00;1029059.38;2013-12-05T00:00:00
7402341;574279;Nové Mìsto nad Metují;;;;;410420;Nové Mìsto nad Metují;305855;Zborovská;è.p.;445;;;54901;617230.28;1028844.23;2013-12-05T00:00:00
7402350;574279;Nové Mìsto nad Metují;;;;;410420;Nové Mìsto nad Metují;2518023;Pekelská;è.p.;446;;;54901;616264.27;1029431.92;2019-10-24T00:00:00
7402368;574279;Nové Mìsto nad Metují;;;;;410420;Nové Mìsto nad Metují;306207;Náchodská;è.p.;447;;;54901;617755.61;1029001.55;2013-12-05T00:00:00
7402376;574279;Nové Mìsto nad Metují;;;;;410420;Nové Mìsto nad Metují;305936;Rašínova;è.p.;448;;;54901;616932.79;1029018.06;2013-12-05T00:00:00
7402384;574279;Nové Mìsto nad Metují;;;;;410420;Nové Mìsto nad Metují;305651;T. G. Masaryka;è.p.;449;;;54901;616651.28;1028740.15;2013-12-05T00:00:00
7402392;574279;Nové Mìsto nad Metují;;;;;410420;Nové Mìsto nad Metují;305693;Boženy Nìmcové;è.p.;450;;;54901;616800.66;1029104.80;2013-12-05T00:00:00
7402406;574279;Nové Mìsto nad Metují;;;;;410420;Nové Mìsto nad Metují;305979;Kpt. Jaroše;è.p.;451;;;54901;617799.66;1029023.79;2013-12-05T00:00:00
7402414;574279;Nové Mìsto nad Metují;;;;;410420;Nové Mìsto nad Metují;305979;Kpt. Jaroše;è.p.;452;;;54901;617819.04;1029013.97;2013-12-05T00:00:00
7402422;574279;Nové Mìsto nad Metují;;;;;410420;Nové Mìsto nad Metují;305979;Kpt. Jaroše;è.p.;453;;;54901;617826.68;1028992.92;2013-12-05T00:00:00
7402431;574279;Nové Mìsto nad Metují;;;;;410420;Nové Mìsto nad Metují;305979;Kpt. Jaroše;è.p.;454;;;54901;617847.07;1028985.56;2013-12-05T00:00:00
7402449;574279;Nové Mìsto nad Metují;;;;;410420;Nové Mìsto nad Metují;305979;Kpt. Jaroše;è.p.;455;;;54901;617856.32;1028966.14;2013-12-05T00:00:00
7402457;574279;Nové Mìsto nad Metují;;;;;410420;Nové Mìsto nad Metují;305979;Kpt. Jaroše;è.p.;456;;;54901;617875.40;1028957.09;2013-12-05T00:00:00
7402465;574279;Nové Mìsto nad Metují;;;;;410420;Nové Mìsto nad Metují;305979;Kpt. Jaroše;è.p.;457;;;54901;617884.42;1028937.81;2013-12-05T00:00:00
7402473;574279;Nové Mìsto nad Metují;;;;;410420;Nové Mìsto nad Metují;305979;Kpt. Jaroše;è.p.;458;;;54901;617865.53;1028910.73;2013-12-05T00:00:00
7402481;574279;Nové Mìsto nad Metují;;;;;410420;Nové Mìsto nad Metují;305987;Krátká;è.p.;459;;;54901;617852.50;1028892.28;2013-12-05T00:00:00
7402490;574279;Nové Mìsto nad Metují;;;;;410420;Nové Mìsto nad Metují;305987;Krátká;è.p.;460;;;54901;617839.56;1028873.80;2013-12-05T00:00:00
7402503;574279;Nové Mìsto nad Metují;;;;;410420;Nové Mìsto nad Metují;305758;Èelakovského;è.p.;461;;;54901;616897.65;1029205.98;2013-12-05T00:00:00
7402511;574279;Nové Mìsto nad Metují;;;;;410420;Nové Mìsto nad Metují;305774;Èeskoslovenské armády;è.p.;462;;;54901;616497.82;1029095.02;2013-12-05T00:00:00
7402520;574279;Nové Mìsto nad Metují;;;;;410420;Nové Mìsto nad Metují;305774;Èeskoslovenské armády;è.p.;463;;;54901;616492.06;1029108.56;2013-12-05T00:00:00
7402538;574279;Nové Mìsto nad Metují;;;;;410420;Nové Mìsto nad Metují;306207;Náchodská;è.p.;464;;;54901;617699.78;1028909.45;2013-12-05T00:00:00
7402546;574279;Nové Mìsto nad Metují;;;;;410420;Nové Mìsto nad Metují;305855;Zborovská;è.p.;465;;;54901;617363.22;1029003.21;2013-12-05T00:00:00
7402554;574279;Nové Mìsto nad Metují;;;;;410420;Nové Mìsto nad Metují;305839;Dukelská;è.p.;466;;;54901;616444.66;1029291.89;2013-12-05T00:00:00
7402562;574279;Nové Mìsto nad Metují;;;;;410420;Nové Mìsto nad Metují;305839;Dukelská;è.p.;467;;;54901;616453.73;1029162.43;2013-12-05T00:00:00
7402571;574279;Nové Mìsto nad Metují;;;;;410420;Nové Mìsto nad Metují;305839;Dukelská;è.p.;468;;;54901;616459.58;1029149.55;2013-12-05T00:00:00
7402589;574279;Nové Mìsto nad Metují;;;;;410420;Nové Mìsto nad Metují;305839;Dukelská;è.p.;469;;;54901;616448.56;1029110.69;2013-12-05T00:00:00
7402597;574279;Nové Mìsto nad Metují;;;;;410420;Nové Mìsto nad Metují;305839;Dukelská;è.p.;470;;;54901;616454.63;1029095.81;2013-12-05T00:00:00
7402601;574279;Nové Mìsto nad Metují;;;;;410420;Nové Mìsto nad Metují;305952;Klosova;è.p.;471;;;54901;616695.36;1029676.87;2013-12-05T00:00:00
7402619;574279;Nové Mìsto nad Metují;;;;;410420;Nové Mìsto nad Metují;305839;Dukelská;è.p.;472;;;54901;616411.38;1029164.07;2013-12-05T00:00:00
7402627;574279;Nové Mìsto nad Metují;;;;;410420;Nové Mìsto nad Metují;305774;Èeskoslovenské armády;è.p.;473;;;54901;616488.50;1029050.63;2013-12-05T00:00:00
7402635;574279;Nové Mìsto nad Metují;;;;;410420;Nové Mìsto nad Metují;305774;Èeskoslovenské armády;è.p.;474;;;54901;616496.13;1029033.94;2013-12-05T00:00:00
7402643;574279;Nové Mìsto nad Metují;;;;;410420;Nové Mìsto nad Metují;305839;Dukelská;è.p.;475;;;54901;616447.17;1029052.34;2013-12-05T00:00:00
7402651;574279;Nové Mìsto nad Metují;;;;;410420;Nové Mìsto nad Metují;305839;Dukelská;è.p.;476;;;54901;616453.91;1029035.24;2013-12-05T00:00:00
7402660;574279;Nové Mìsto nad Metují;;;;;410420;Nové Mìsto nad Metují;305774;Èeskoslovenské armády;è.p.;477;;;54901;616494.57;1029162.60;2013-12-05T00:00:00
7402678;574279;Nové Mìsto nad Metují;;;;;410420;Nové Mìsto nad Metují;305774;Èeskoslovenské armády;è.p.;478;;;54901;616500.28;1029148.47;2013-12-05T00:00:00
7402686;574279;Nové Mìsto nad Metují;;;;;410420;Nové Mìsto nad Metují;305774;Èeskoslovenské armády;è.p.;479;;;54901;616520.19;1029381.13;2013-12-05T00:00:00
7402694;574279;Nové Mìsto nad Metují;;;;;410420;Nové Mìsto nad Metují;305774;Èeskoslovenské armády;è.p.;480;;;54901;616521.19;1029367.25;2013-12-05T00:00:00
7402708;574279;Nové Mìsto nad Metují;;;;;410420;Nové Mìsto nad Metují;305774;Èeskoslovenské armády;è.p.;481;;;54901;616483.87;1028989.87;2013-12-05T00:00:00
7402716;574279;Nové Mìsto nad Metují;;;;;410420;Nové Mìsto nad Metují;305774;Èeskoslovenské armády;è.p.;482;;;54901;616490.79;1028971.66;2013-12-05T00:00:00
7402724;574279;Nové Mìsto nad Metují;;;;;410420;Nové Mìsto nad Metují;305839;Dukelská;è.p.;483;;;54901;616446.94;1028990.09;2013-12-05T00:00:00
7402732;574279;Nové Mìsto nad Metují;;;;;410420;Nové Mìsto nad Metují;305839;Dukelská;è.p.;484;;;54901;616453.53;1028972.78;2013-12-05T00:00:00
7402741;574279;Nové Mìsto nad Metují;;;;;410420;Nové Mìsto nad Metují;306207;Náchodská;è.p.;485;;;54901;617687.53;1028983.44;2013-12-05T00:00:00
7402759;574279;Nové Mìsto nad Metují;;;;;410420;Nové Mìsto nad Metují;305952;Klosova;è.p.;486;;;54901;616559.81;1029495.81;2013-12-05T00:00:00
7402767;574279;Nové Mìsto nad Metují;;;;;410420;Nové Mìsto nad Metují;305952;Klosova;è.p.;487;;;54901;616569.88;1029511.94;2013-12-05T00:00:00
7402775;574279;Nové Mìsto nad Metují;;;;;410420;Nové Mìsto nad Metují;305952;Klosova;è.p.;488;;;54901;616577.06;1029531.63;2013-12-05T00:00:00
7402783;574279;Nové Mìsto nad Metují;;;;;410420;Nové Mìsto nad Metují;305952;Klosova;è.p.;489;;;54901;616603.94;1029506.94;2013-12-05T00:00:00
7402791;574279;Nové Mìsto nad Metují;;;;;410420;Nové Mìsto nad Metují;305952;Klosova;è.p.;490;;;54901;616589.75;1029501.25;2013-12-05T00:00:00
7402805;574279;Nové Mìsto nad Metují;;;;;410420;Nové Mìsto nad Metují;305952;Klosova;è.p.;491;;;54901;616583.69;1029462.13;2013-12-05T00:00:00
7402813;574279;Nové Mìsto nad Metují;;;;;410420;Nové Mìsto nad Metují;306428;Sokolská;è.p.;492;;;54901;616588.19;1029445.19;2013-12-05T00:00:00
7402821;574279;Nové Mìsto nad Metují;;;;;410420;Nové Mìsto nad Metují;306428;Sokolská;è.p.;493;;;54901;616606.75;1029446.75;2013-12-05T00:00:00
7402830;574279;Nové Mìsto nad Metují;;;;;410420;Nové Mìsto nad Metují;305901;Husova;è.p.;494;;;54901;616586.63;1029160.01;2013-12-05T00:00:00
7402848;574279;Nové Mìsto nad Metují;;;;;410420;Nové Mìsto nad Metují;306061;Na Františku;è.p.;495;;;54901;616340.73;1028900.85;2013-12-05T00:00:00
7402856;574279;Nové Mìsto nad Metují;;;;;410420;Nové Mìsto nad Metují;306061;Na Františku;è.p.;496;;;54901;616341.65;1028909.69;2013-12-05T00:00:00
7402864;574279;Nové Mìsto nad Metují;;;;;410420;Nové Mìsto nad Metují;306061;Na Františku;è.p.;497;;;54901;616344.15;1028929.05;2013-12-05T00:00:00
7402872;574279;Nové Mìsto nad Metují;;;;;410420;Nové Mìsto nad Metují;306061;Na Františku;è.p.;498;;;54901;616345.16;1028937.80;2013-12-05T00:00:00
7402881;574279;Nové Mìsto nad Metují;;;;;410420;Nové Mìsto nad Metují;306061;Na Františku;è.p.;499;;;54901;616369.90;1028934.49;2013-12-05T00:00:00
7402899;574279;Nové Mìsto nad Metují;;;;;410420;Nové Mìsto nad Metují;306061;Na Františku;è.p.;500;;;54901;616369.44;1028925.64;2013-12-05T00:00:00
7402902;574279;Nové Mìsto nad Metují;;;;;410420;Nové Mìsto nad Metují;305839;Dukelská;è.p.;501;;;54901;616394.46;1028922.87;2013-12-05T00:00:00
7402911;574279;Nové Mìsto nad Metují;;;;;410420;Nové Mìsto nad Metují;305839;Dukelská;è.p.;502;;;54901;616395.20;1028932.37;2013-12-05T00:00:00
7402929;574279;Nové Mìsto nad Metují;;;;;410420;Nové Mìsto nad Metují;305839;Dukelská;è.p.;503;;;54901;616390.77;1028894.64;2013-12-05T00:00:00
7402937;574279;Nové Mìsto nad Metují;;;;;410420;Nové Mìsto nad Metují;305839;Dukelská;è.p.;504;;;54901;616391.71;1028904.05;2013-12-05T00:00:00
7402945;574279;Nové Mìsto nad Metují;;;;;410420;Nové Mìsto nad Metují;305952;Klosova;è.p.;505;;;54901;616594.28;1029557.86;2022-05-19T00:00:00
7402953;574279;Nové Mìsto nad Metují;;;;;410420;Nové Mìsto nad Metují;305952;Klosova;è.p.;506;;;54901;616603.88;1029576.25;2022-05-19T00:00:00
7402961;574279;Nové Mìsto nad Metují;;;;;410420;Nové Mìsto nad Metují;305952;Klosova;è.p.;507;;;54901;616611.11;1029591.89;2022-05-19T00:00:00
7402970;574279;Nové Mìsto nad Metují;;;;;410420;Nové Mìsto nad Metují;305928;Johnova;è.p.;508;;;54901;616390.03;1029097.05;2013-12-05T00:00:00
7402988;574279;Nové Mìsto nad Metují;;;;;410420;Nové Mìsto nad Metují;306355;Pøibyslavská;è.p.;509;;;54901;616324.74;1029126.52;2013-12-05T00:00:00
7402996;574279;Nové Mìsto nad Metují;;;;;410420;Nové Mìsto nad Metují;305839;Dukelská;è.p.;510;;;54901;616423.80;1029239.50;2013-12-05T00:00:00
7403003;574279;Nové Mìsto nad Metují;;;;;410420;Nové Mìsto nad Metují;305839;Dukelská;è.p.;511;;;54901;616410.41;1029142.96;2013-12-05T00:00:00
7403011;574279;Nové Mìsto nad Metují;;;;;410420;Nové Mìsto nad Metují;305839;Dukelská;è.p.;512;;;54901;616408.12;1029117.75;2013-12-05T00:00:00
7403020;574279;Nové Mìsto nad Metují;;;;;410420;Nové Mìsto nad Metují;306355;Pøibyslavská;è.p.;513;;;54901;616292.44;1029147.34;2013-12-05T00:00:00
7403038;574279;Nové Mìsto nad Metují;;;;;410420;Nové Mìsto nad Metují;306355;Pøibyslavská;è.p.;514;;;54901;616280.86;1029117.85;2013-12-05T00:00:00
7403046;574279;Nové Mìsto nad Metují;;;;;410420;Nové Mìsto nad Metují;306207;Náchodská;è.p.;515;;;54901;617758.34;1028990.77;2013-12-05T00:00:00
7403054;574279;Nové Mìsto nad Metují;;;;;410420;Nové Mìsto nad Metují;306207;Náchodská;è.p.;516;;;54901;617753.50;1028982.77;2013-12-05T00:00:00
7403062;574279;Nové Mìsto nad Metují;;;;;410420;Nové Mìsto nad Metují;306355;Pøibyslavská;è.p.;517;;;54901;616323.62;1029103.73;2013-12-05T00:00:00
7403071;574279;Nové Mìsto nad Metují;;;;;410420;Nové Mìsto nad Metují;305839;Dukelská;è.p.;518;;;54901;616420.13;1029214.85;2013-12-05T00:00:00
7403089;574279;Nové Mìsto nad Metují;;;;;410420;Nové Mìsto nad Metují;305863;Gen. Klapálka;è.p.;519;;;54901;617508.97;1028901.42;2013-12-05T00:00:00
7403097;574279;Nové Mìsto nad Metují;;;;;410420;Nové Mìsto nad Metují;306207;Náchodská;è.p.;520;;;54901;617793.59;1028939.89;2013-12-05T00:00:00
7403101;574279;Nové Mìsto nad Metují;;;;;410420;Nové Mìsto nad Metují;306355;Pøibyslavská;è.p.;521;;;54901;616340.88;1029168.68;2013-12-05T00:00:00
7403119;574279;Nové Mìsto nad Metují;;;;;410420;Nové Mìsto nad Metují;305839;Dukelská;è.p.;522;;;54901;616418.00;1029190.52;2013-12-05T00:00:00
7403127;574279;Nové Mìsto nad Metují;;;;;410420;Nové Mìsto nad Metují;306355;Pøibyslavská;è.p.;523;;;54901;616328.00;1029224.79;2013-12-05T00:00:00
7403135;574279;Nové Mìsto nad Metují;;;;;410420;Nové Mìsto nad Metují;306002;Leštinská;è.p.;524;;;54901;616282.23;1029245.61;2013-12-05T00:00:00
7403143;574279;Nové Mìsto nad Metují;;;;;410420;Nové Mìsto nad Metují;306355;Pøibyslavská;è.p.;525;;;54901;616268.55;1029083.75;2013-12-05T00:00:00
7403151;574279;Nové Mìsto nad Metují;;;;;410420;Nové Mìsto nad Metují;305928;Johnova;è.p.;526;;;54901;616318.10;1029071.48;2013-12-05T00:00:00
7403160;574279;Nové Mìsto nad Metují;;;;;410420;Nové Mìsto nad Metují;305928;Johnova;è.p.;527;;;54901;616365.65;1029100.36;2013-12-05T00:00:00
7403178;574279;Nové Mìsto nad Metují;;;;;410420;Nové Mìsto nad Metují;306355;Pøibyslavská;è.p.;528;;;54901;616320.07;1029202.56;2013-12-05T00:00:00
7403186;574279;Nové Mìsto nad Metují;;;;;410420;Nové Mìsto nad Metují;306355;Pøibyslavská;è.p.;529;;;54901;616361.74;1029227.84;2013-12-05T00:00:00
7403194;574279;Nové Mìsto nad Metují;;;;;410420;Nové Mìsto nad Metují;306037;Malecí;è.p.;530;;;54901;616909.69;1028912.50;2013-12-05T00:00:00
7403208;574279;Nové Mìsto nad Metují;;;;;410420;Nové Mìsto nad Metují;306037;Malecí;è.p.;531;;;54901;616911.06;1028898.00;2013-12-05T00:00:00
7403216;574279;Nové Mìsto nad Metují;;;;;410420;Nové Mìsto nad Metují;306037;Malecí;è.p.;532;;;54901;616895.63;1028872.13;2013-12-05T00:00:00
7403224;574279;Nové Mìsto nad Metují;;;;;410420;Nové Mìsto nad Metují;306037;Malecí;è.p.;533;;;54901;616896.38;1028857.81;2013-12-05T00:00:00
7403232;574279;Nové Mìsto nad Metují;;;;;410420;Nové Mìsto nad Metují;306037;Malecí;è.p.;534;;;54901;616786.44;1028899.38;2013-12-05T00:00:00
7403241;574279;Nové Mìsto nad Metují;;;;;410420;Nové Mìsto nad Metují;306037;Malecí;è.p.;535;;;54901;616788.69;1028883.81;2013-12-05T00:00:00
7403259;574279;Nové Mìsto nad Metují;;;;;410420;Nové Mìsto nad Metují;305791;Èeských legií;è.p.;536;;;54901;616905.73;1029775.50;2013-12-05T00:00:00
7403267;574279;Nové Mìsto nad Metují;;;;;410420;Nové Mìsto nad Metují;306355;Pøibyslavská;è.p.;537;;;54901;616268.20;1029062.18;2013-12-05T00:00:00
7403275;574279;Nové Mìsto nad Metují;;;;;410420;Nové Mìsto nad Metují;306355;Pøibyslavská;è.p.;538;;;54901;616260.56;1029043.61;2013-12-05T00:00:00
7403283;574279;Nové Mìsto nad Metují;;;;;410420;Nové Mìsto nad Metují;306355;Pøibyslavská;è.p.;539;;;54901;616253.34;1029025.28;2013-12-05T00:00:00
7403291;574279;Nové Mìsto nad Metují;;;;;410420;Nové Mìsto nad Metují;306355;Pøibyslavská;è.p.;540;;;54901;616246.75;1029008.55;2013-12-05T00:00:00
7403305;574279;Nové Mìsto nad Metují;;;;;410420;Nové Mìsto nad Metují;305651;T. G. Masaryka;è.p.;541;;;54901;616720.88;1028679.88;2013-12-05T00:00:00
7403313;574279;Nové Mìsto nad Metují;;;;;410420;Nové Mìsto nad Metují;305651;T. G. Masaryka;è.p.;542;;;54901;616725.19;1028661.81;2013-12-05T00:00:00
7403321;574279;Nové Mìsto nad Metují;;;;;410420;Nové Mìsto nad Metují;305651;T. G. Masaryka;è.p.;543;;;54901;616725.88;1028649.38;2013-12-05T00:00:00
7403330;574279;Nové Mìsto nad Metují;;;;;410420;Nové Mìsto nad Metují;305821;Družstevní;è.p.;544;;;54901;616781.81;1028687.81;2013-12-05T00:00:00
7403348;574279;Nové Mìsto nad Metují;;;;;410420;Nové Mìsto nad Metují;305821;Družstevní;è.p.;545;;;54901;616783.69;1028672.50;2013-12-05T00:00:00
7403356;574279;Nové Mìsto nad Metují;;;;;410420;Nové Mìsto nad Metují;305821;Družstevní;è.p.;546;;;54901;616785.88;1028659.13;2013-12-05T00:00:00
7403364;574279;Nové Mìsto nad Metují;;;;;410420;Nové Mìsto nad Metují;306355;Pøibyslavská;è.p.;547;;;54901;616296.82;1029055.53;2013-12-05T00:00:00
7403372;574279;Nové Mìsto nad Metují;;;;;410420;Nové Mìsto nad Metují;306355;Pøibyslavská;è.p.;548;;;54901;616289.87;1029037.20;2013-12-05T00:00:00
7403381;574279;Nové Mìsto nad Metují;;;;;410420;Nové Mìsto nad Metují;306355;Pøibyslavská;è.p.;549;;;54901;616282.83;1029018.70;2013-12-05T00:00:00
7403399;574279;Nové Mìsto nad Metují;;;;;410420;Nové Mìsto nad Metují;306061;Na Františku;è.p.;550;;;54901;616344.60;1028976.74;2013-12-05T00:00:00
7403402;574279;Nové Mìsto nad Metují;;;;;410420;Nové Mìsto nad Metují;306061;Na Františku;è.p.;551;;;54901;616324.01;1028977.68;2013-12-05T00:00:00
7403411;574279;Nové Mìsto nad Metují;;;;;410420;Nové Mìsto nad Metují;306061;Na Františku;è.p.;552;;;54901;616300.60;1028981.07;2013-12-05T00:00:00
7403429;574279;Nové Mìsto nad Metují;;;;;410420;Nové Mìsto nad Metují;306061;Na Františku;è.p.;553;;;54901;616273.54;1028985.32;2013-12-05T00:00:00
7403437;574279;Nové Mìsto nad Metují;;;;;410420;Nové Mìsto nad Metují;306461;Tøešòová;è.p.;554;;;54901;616263.86;1029230.70;2013-12-05T00:00:00
7403445;574279;Nové Mìsto nad Metují;;;;;410420;Nové Mìsto nad Metují;306461;Tøešòová;è.p.;555;;;54901;616257.71;1029212.73;2013-12-05T00:00:00
7403453;574279;Nové Mìsto nad Metují;;;;;410420;Nové Mìsto nad Metují;306461;Tøešòová;è.p.;556;;;54901;616247.00;1029190.42;2013-12-05T00:00:00
7403461;574279;Nové Mìsto nad Metují;;;;;410420;Nové Mìsto nad Metují;306461;Tøešòová;è.p.;557;;;54901;616240.99;1029171.20;2013-12-05T00:00:00
7403470;574279;Nové Mìsto nad Metují;;;;;410420;Nové Mìsto nad Metují;306461;Tøešòová;è.p.;558;;;54901;616233.70;1029151.56;2013-12-05T00:00:00
7403488;574279;Nové Mìsto nad Metují;;;;;410420;Nové Mìsto nad Metují;306461;Tøešòová;è.p.;559;;;54901;616225.76;1029132.04;2013-12-05T00:00:00
7403496;574279;Nové Mìsto nad Metují;;;;;410420;Nové Mìsto nad Metují;306461;Tøešòová;è.p.;560;;;54901;616231.23;1029234.68;2013-12-05T00:00:00
7403500;574279;Nové Mìsto nad Metují;;;;;410420;Nové Mìsto nad Metují;306461;Tøešòová;è.p.;561;;;54901;616223.58;1029216.15;2013-12-05T00:00:00
7403518;574279;Nové Mìsto nad Metují;;;;;410420;Nové Mìsto nad Metují;306461;Tøešòová;è.p.;562;;;54901;616216.54;1029197.37;2013-12-05T00:00:00
7403526;574279;Nové Mìsto nad Metují;;;;;410420;Nové Mìsto nad Metují;306461;Tøešòová;è.p.;563;;;54901;616209.77;1029179.35;2013-12-05T00:00:00
7403534;574279;Nové Mìsto nad Metují;;;;;410420;Nové Mìsto nad Metují;306461;Tøešòová;è.p.;564;;;54901;616202.84;1029162.15;2013-12-05T00:00:00
7403542;574279;Nové Mìsto nad Metují;;;;;410420;Nové Mìsto nad Metují;306461;Tøešòová;è.p.;565;;;54901;616194.88;1029140.53;2013-12-05T00:00:00
7403551;574279;Nové Mìsto nad Metují;;;;;410420;Nové Mìsto nad Metují;305821;Družstevní;è.p.;566;;;54901;616768.25;1028629.31;2013-12-05T00:00:00
7403569;574279;Nové Mìsto nad Metují;;;;;410420;Nové Mìsto nad Metují;305821;Družstevní;è.p.;567;;;54901;616770.81;1028616.88;2013-12-05T00:00:00
7403577;574279;Nové Mìsto nad Metují;;;;;410420;Nové Mìsto nad Metují;305821;Družstevní;è.p.;568;;;54901;616754.06;1028590.75;2013-12-05T00:00:00
7403585;574279;Nové Mìsto nad Metují;;;;;410420;Nové Mìsto nad Metují;306037;Malecí;è.p.;569;;;54901;616756.19;1028576.13;2013-12-05T00:00:00
7403593;574279;Nové Mìsto nad Metují;;;;;410420;Nové Mìsto nad Metují;306037;Malecí;è.p.;570;;;54901;616811.31;1028615.25;2013-12-05T00:00:00
7403607;574279;Nové Mìsto nad Metují;;;;;410420;Nové Mìsto nad Metují;306037;Malecí;è.p.;571;;;54901;616809.94;1028629.31;2013-12-05T00:00:00
7403615;574279;Nové Mìsto nad Metují;;;;;410420;Nové Mìsto nad Metují;306037;Malecí;è.p.;572;;;54901;616794.63;1028587.63;2013-12-05T00:00:00
7403623;574279;Nové Mìsto nad Metují;;;;;410420;Nové Mìsto nad Metují;306037;Malecí;è.p.;573;;;54901;616796.69;1028573.25;2013-12-05T00:00:00
7403631;574279;Nové Mìsto nad Metují;;;;;410420;Nové Mìsto nad Metují;306037;Malecí;è.p.;574;;;54901;616879.38;1028831.31;2013-12-05T00:00:00
7403640;574279;Nové Mìsto nad Metují;;;;;410420;Nové Mìsto nad Metují;306037;Malecí;è.p.;575;;;54901;616881.31;1028817.81;2013-12-05T00:00:00
7403658;574279;Nové Mìsto nad Metují;;;;;410420;Nové Mìsto nad Metují;306037;Malecí;è.p.;576;;;54901;616865.19;1028790.19;2013-12-05T00:00:00
7403666;574279;Nové Mìsto nad Metují;;;;;410420;Nové Mìsto nad Metují;306037;Malecí;è.p.;577;;;54901;616866.81;1028777.44;2013-12-05T00:00:00
7403674;574279;Nové Mìsto nad Metují;;;;;410420;Nové Mìsto nad Metují;306037;Malecí;è.p.;578;;;54901;616867.44;1028692.49;2013-12-05T00:00:00
7403682;574279;Nové Mìsto nad Metují;;;;;410420;Nové Mìsto nad Metují;306037;Malecí;è.p.;579;;;54901;616848.96;1028848.23;2025-09-15T00:00:00
7403691;574279;Nové Mìsto nad Metují;;;;;410420;Nové Mìsto nad Metují;306037;Malecí;è.p.;580;;;54901;616846.72;1028865.04;2025-09-15T00:00:00
7403704;574279;Nové Mìsto nad Metují;;;;;410420;Nové Mìsto nad Metují;306037;Malecí;è.p.;581;;;54901;616829.31;1028810.44;2013-12-05T00:00:00
7403712;574279;Nové Mìsto nad Metují;;;;;410420;Nové Mìsto nad Metují;306037;Malecí;è.p.;582;;;54901;616827.69;1028822.38;2013-12-05T00:00:00
7403721;574279;Nové Mìsto nad Metují;;;;;410420;Nové Mìsto nad Metují;306037;Malecí;è.p.;583;;;54901;616817.69;1028771.75;2013-12-05T00:00:00
7403739;574279;Nové Mìsto nad Metují;;;;;410420;Nové Mìsto nad Metují;306037;Malecí;è.p.;584;;;54901;616815.50;1028784.19;2013-12-05T00:00:00
7403747;574279;Nové Mìsto nad Metují;;;;;410420;Nové Mìsto nad Metují;306037;Malecí;è.p.;585;;;54901;616815.85;1028705.60;2013-12-05T00:00:00
7403755;574279;Nové Mìsto nad Metují;;;;;410420;Nové Mìsto nad Metují;305821;Družstevní;è.p.;586;;;54901;616766.11;1028820.99;2013-12-05T00:00:00
7403763;574279;Nové Mìsto nad Metují;;;;;410420;Nové Mìsto nad Metují;305821;Družstevní;è.p.;587;;;54901;616776.28;1028760.28;2013-12-05T00:00:00
7403771;574279;Nové Mìsto nad Metují;;;;;410420;Nové Mìsto nad Metují;306037;Malecí;è.p.;588;;;54901;616819.16;1028910.90;2013-12-05T00:00:00
7403780;574279;Nové Mìsto nad Metují;;;;;410420;Nové Mìsto nad Metují;306355;Pøibyslavská;è.p.;589;;;54901;616333.00;1029248.64;2013-12-05T00:00:00
7403798;574279;Nové Mìsto nad Metují;;;;;410420;Nové Mìsto nad Metují;306002;Leštinská;è.p.;590;;;54901;616327.60;1029254.81;2013-12-05T00:00:00
7403801;574279;Nové Mìsto nad Metují;;;;;410420;Nové Mìsto nad Metují;306061;Na Františku;è.p.;591;;;54901;616314.27;1028940.89;2013-12-05T00:00:00
7403810;574279;Nové Mìsto nad Metují;;;;;410420;Nové Mìsto nad Metují;306061;Na Františku;è.p.;592;;;54901;616285.39;1028945.28;2013-12-05T00:00:00
7403828;574279;Nové Mìsto nad Metují;;;;;410420;Nové Mìsto nad Metují;306355;Pøibyslavská;è.p.;593;;;54901;616258.45;1028948.38;2013-12-05T00:00:00
7403836;574279;Nové Mìsto nad Metují;;;;;410420;Nové Mìsto nad Metují;306355;Pøibyslavská;è.p.;594;;;54901;616249.16;1028920.34;2013-12-05T00:00:00
7403844;574279;Nové Mìsto nad Metují;;;;;410420;Nové Mìsto nad Metují;306061;Na Františku;è.p.;595;;;54901;616308.00;1028911.86;2013-12-05T00:00:00
7403879;574279;Nové Mìsto nad Metují;;;;;410420;Nové Mìsto nad Metují;306355;Pøibyslavská;è.p.;598;;;54901;616348.81;1029187.25;2013-12-05T00:00:00
7403887;574279;Nové Mìsto nad Metují;;;;;410420;Nové Mìsto nad Metují;306355;Pøibyslavská;è.p.;599;;;54901;616333.81;1029150.31;2013-12-05T00:00:00
7403895;574279;Nové Mìsto nad Metují;;;;;410420;Nové Mìsto nad Metují;305936;Rašínova;è.p.;600;;;54901;616937.72;1029065.79;2013-12-05T00:00:00
7403909;574279;Nové Mìsto nad Metují;;;;;410420;Nové Mìsto nad Metují;305839;Dukelská;è.p.;601;;;54901;616436.69;1028928.88;2013-12-05T00:00:00
7403917;574279;Nové Mìsto nad Metují;;;;;410420;Nové Mìsto nad Metují;305839;Dukelská;è.p.;602;;;54901;616443.06;1028914.00;2013-12-05T00:00:00
7403925;574279;Nové Mìsto nad Metují;;;;;410420;Nové Mìsto nad Metují;305839;Dukelská;è.p.;603;;;54901;616448.75;1028898.75;2013-12-05T00:00:00
7403933;574279;Nové Mìsto nad Metují;;;;;410420;Nové Mìsto nad Metují;305839;Dukelská;è.p.;604;;;54901;616429.50;1028860.19;2013-12-05T00:00:00
7403941;574279;Nové Mìsto nad Metují;;;;;410420;Nové Mìsto nad Metují;305839;Dukelská;è.p.;605;;;54901;616435.06;1028846.63;2013-12-05T00:00:00
7403950;574279;Nové Mìsto nad Metují;;;;;410420;Nové Mìsto nad Metují;305839;Dukelská;è.p.;606;;;54901;616440.06;1028832.25;2013-12-05T00:00:00
7403968;574279;Nové Mìsto nad Metují;;;;;410420;Nové Mìsto nad Metují;306461;Tøešòová;è.p.;607;;;54901;616215.90;1029104.65;2013-12-05T00:00:00
7403976;574279;Nové Mìsto nad Metují;;;;;410420;Nové Mìsto nad Metují;306461;Tøešòová;è.p.;608;;;54901;616208.34;1029086.40;2013-12-05T00:00:00
7403984;574279;Nové Mìsto nad Metují;;;;;410420;Nové Mìsto nad Metují;306461;Tøešòová;è.p.;609;;;54901;616200.80;1029068.09;2013-12-05T00:00:00
7403992;574279;Nové Mìsto nad Metují;;;;;410420;Nové Mìsto nad Metují;306461;Tøešòová;è.p.;610;;;54901;616193.95;1029047.97;2013-12-05T00:00:00
7404000;574279;Nové Mìsto nad Metují;;;;;410420;Nové Mìsto nad Metují;306461;Tøešòová;è.p.;611;;;54901;616187.16;1029030.99;2013-12-05T00:00:00
7404018;574279;Nové Mìsto nad Metují;;;;;410420;Nové Mìsto nad Metují;306461;Tøešòová;è.p.;612;;;54901;616184.35;1029010.98;2013-12-05T00:00:00
7404026;574279;Nové Mìsto nad Metují;;;;;410420;Nové Mìsto nad Metují;306461;Tøešòová;è.p.;613;;;54901;616185.25;1029116.35;2013-12-05T00:00:00
7404034;574279;Nové Mìsto nad Metují;;;;;410420;Nové Mìsto nad Metují;306461;Tøešòová;è.p.;614;;;54901;616177.99;1029097.50;2013-12-05T00:00:00
7404042;574279;Nové Mìsto nad Metují;;;;;410420;Nové Mìsto nad Metují;306461;Tøešòová;è.p.;615;;;54901;616170.73;1029079.36;2013-12-05T00:00:00
7404051;574279;Nové Mìsto nad Metují;;;;;410420;Nové Mìsto nad Metují;306461;Tøešòová;è.p.;616;;;54901;616164.19;1029062.17;2013-12-05T00:00:00
7404069;574279;Nové Mìsto nad Metují;;;;;410420;Nové Mìsto nad Metují;306461;Tøešòová;è.p.;617;;;54901;616156.04;1029042.27;2013-12-05T00:00:00
7404077;574279;Nové Mìsto nad Metují;;;;;410420;Nové Mìsto nad Metují;306461;Tøešòová;è.p.;618;;;54901;616142.33;1029022.45;2013-12-05T00:00:00
7404085;574279;Nové Mìsto nad Metují;;;;;410420;Nové Mìsto nad Metují;306002;Leštinská;è.p.;619;;;54901;616187.21;1029227.30;2013-12-05T00:00:00
7404093;574279;Nové Mìsto nad Metují;;;;;410420;Nové Mìsto nad Metují;306533;V Aleji;è.p.;620;;;54901;616166.82;1029214.15;2013-12-05T00:00:00
7404107;574279;Nové Mìsto nad Metují;;;;;410420;Nové Mìsto nad Metují;306533;V Aleji;è.p.;621;;;54901;616160.64;1029197.95;2013-12-05T00:00:00
7404115;574279;Nové Mìsto nad Metují;;;;;410420;Nové Mìsto nad Metují;306533;V Aleji;è.p.;622;;;54901;616152.78;1029178.95;2013-12-05T00:00:00
7404123;574279;Nové Mìsto nad Metují;;;;;410420;Nové Mìsto nad Metují;306533;V Aleji;è.p.;623;;;54901;616145.80;1029161.92;2013-12-05T00:00:00
7404131;574279;Nové Mìsto nad Metují;;;;;410420;Nové Mìsto nad Metují;306533;V Aleji;è.p.;624;;;54901;616136.04;1029135.51;2013-12-05T00:00:00
7404140;574279;Nové Mìsto nad Metují;;;;;410420;Nové Mìsto nad Metují;306533;V Aleji;è.p.;625;;;54901;616128.48;1029117.10;2013-12-05T00:00:00
7404158;574279;Nové Mìsto nad Metují;;;;;410420;Nové Mìsto nad Metují;306533;V Aleji;è.p.;626;;;54901;616121.56;1029098.07;2013-12-05T00:00:00
7404166;574279;Nové Mìsto nad Metují;;;;;410420;Nové Mìsto nad Metují;306533;V Aleji;è.p.;627;;;54901;616113.92;1029079.75;2013-12-05T00:00:00
7404174;574279;Nové Mìsto nad Metují;;;;;410420;Nové Mìsto nad Metují;306533;V Aleji;è.p.;628;;;54901;616106.37;1029061.07;2013-12-05T00:00:00
7404182;574279;Nové Mìsto nad Metují;;;;;410420;Nové Mìsto nad Metují;306533;V Aleji;è.p.;629;;;54901;616103.30;1029039.00;2013-12-05T00:00:00
7404191;574279;Nové Mìsto nad Metují;;;;;410420;Nové Mìsto nad Metují;306355;Pøibyslavská;è.p.;630;;;54901;616223.75;1028936.36;2013-12-05T00:00:00
7404204;574279;Nové Mìsto nad Metují;;;;;410420;Nové Mìsto nad Metují;306355;Pøibyslavská;è.p.;631;;;54901;616221.76;1028928.89;2013-12-05T00:00:00
7404212;574279;Nové Mìsto nad Metují;;;;;410420;Nové Mìsto nad Metují;306461;Tøešòová;è.p.;632;;;54901;616207.76;1028953.27;2013-12-05T00:00:00
7404221;574279;Nové Mìsto nad Metují;;;;;410420;Nové Mìsto nad Metují;306461;Tøešòová;è.p.;633;;;54901;616188.90;1028963.40;2013-12-05T00:00:00
7404239;574279;Nové Mìsto nad Metují;;;;;410420;Nové Mìsto nad Metují;306461;Tøešòová;è.p.;634;;;54901;616169.20;1028976.28;2013-12-05T00:00:00
7404247;574279;Nové Mìsto nad Metují;;;;;410420;Nové Mìsto nad Metují;306461;Tøešòová;è.p.;635;;;54901;616197.99;1028927.02;2013-12-05T00:00:00
7404255;574279;Nové Mìsto nad Metují;;;;;410420;Nové Mìsto nad Metují;306461;Tøešòová;è.p.;636;;;54901;616173.88;1028927.93;2013-12-05T00:00:00
7404263;574279;Nové Mìsto nad Metují;;;;;410420;Nové Mìsto nad Metují;306461;Tøešòová;è.p.;637;;;54901;616151.95;1028928.98;2013-12-05T00:00:00
7404271;574279;Nové Mìsto nad Metují;;;;;410420;Nové Mìsto nad Metují;306461;Tøešòová;è.p.;638;;;54901;616140.80;1028894.72;2013-12-05T00:00:00
7404280;574279;Nové Mìsto nad Metují;;;;;410420;Nové Mìsto nad Metují;306461;Tøešòová;è.p.;639;;;54901;616143.00;1028901.86;2013-12-05T00:00:00
7404298;574279;Nové Mìsto nad Metují;;;;;410420;Nové Mìsto nad Metují;306037;Malecí;è.p.;640;;;54901;616863.27;1028611.78;2013-12-05T00:00:00
7404301;574279;Nové Mìsto nad Metují;;;;;410420;Nové Mìsto nad Metují;306037;Malecí;è.p.;641;;;54901;616844.34;1028554.22;2013-12-05T00:00:00
7404310;574279;Nové Mìsto nad Metují;;;;;410420;Nové Mìsto nad Metují;306461;Tøešòová;è.p.;642;;;54901;616140.62;1028984.62;2013-12-05T00:00:00
7404328;574279;Nové Mìsto nad Metují;;;;;410420;Nové Mìsto nad Metují;306061;Na Františku;è.p.;643;;;54901;616116.81;1028981.89;2013-12-05T00:00:00
7404336;574279;Nové Mìsto nad Metují;;;;;410420;Nové Mìsto nad Metují;306461;Tøešòová;è.p.;644;;;54901;616123.56;1028937.52;2013-12-05T00:00:00
7404344;574279;Nové Mìsto nad Metují;;;;;410420;Nové Mìsto nad Metují;306061;Na Františku;è.p.;645;;;54901;616103.07;1028942.86;2013-12-05T00:00:00
7404352;574279;Nové Mìsto nad Metují;;;;;410420;Nové Mìsto nad Metují;306061;Na Františku;è.p.;646;;;54901;616093.49;1028989.41;2013-12-05T00:00:00
7404361;574279;Nové Mìsto nad Metují;;;;;410420;Nové Mìsto nad Metují;306533;V Aleji;è.p.;647;;;54901;616076.79;1029010.15;2013-12-05T00:00:00
7404379;574279;Nové Mìsto nad Metují;;;;;410420;Nové Mìsto nad Metují;306061;Na Františku;è.p.;648;;;54901;616076.87;1028950.50;2013-12-05T00:00:00
7404387;574279;Nové Mìsto nad Metují;;;;;410420;Nové Mìsto nad Metují;306533;V Aleji;è.p.;649;;;54901;616059.01;1028960.61;2013-12-05T00:00:00
7404395;574279;Nové Mìsto nad Metují;;;;;410420;Nové Mìsto nad Metují;306533;V Aleji;è.p.;650;;;54901;616042.29;1029031.13;2013-12-05T00:00:00
7404409;574279;Nové Mìsto nad Metují;;;;;410420;Nové Mìsto nad Metují;306533;V Aleji;è.p.;651;;;54901;616023.93;1028986.86;2013-12-05T00:00:00
7404417;574279;Nové Mìsto nad Metují;;;;;410420;Nové Mìsto nad Metují;306533;V Aleji;è.p.;652;;;54901;616016.67;1028959.40;2013-12-05T00:00:00
7404425;574279;Nové Mìsto nad Metují;;;;;410420;Nové Mìsto nad Metují;306533;V Aleji;è.p.;653;;;54901;616009.00;1028935.56;2013-12-05T00:00:00
7404433;574279;Nové Mìsto nad Metují;;;;;410420;Nové Mìsto nad Metují;306533;V Aleji;è.p.;654;;;54901;616004.13;1028914.32;2013-12-05T00:00:00
7404441;574279;Nové Mìsto nad Metují;;;;;410420;Nové Mìsto nad Metují;306061;Na Františku;è.p.;655;;;54901;616343.81;1028864.23;2013-12-05T00:00:00
7404450;574279;Nové Mìsto nad Metují;;;;;410420;Nové Mìsto nad Metují;306061;Na Františku;è.p.;656;;;54901;616333.75;1028842.84;2013-12-05T00:00:00
7404468;574279;Nové Mìsto nad Metují;;;;;410420;Nové Mìsto nad Metují;306061;Na Františku;è.p.;657;;;54901;616316.91;1028821.05;2013-12-05T00:00:00
7404476;574279;Nové Mìsto nad Metují;;;;;410420;Nové Mìsto nad Metují;306061;Na Františku;è.p.;658;;;54901;616309.54;1028821.47;2013-12-05T00:00:00
7404484;574279;Nové Mìsto nad Metují;;;;;410420;Nové Mìsto nad Metují;306061;Na Františku;è.p.;659;;;54901;616297.61;1028847.69;2013-12-05T00:00:00
7404492;574279;Nové Mìsto nad Metují;;;;;410420;Nové Mìsto nad Metují;306061;Na Františku;è.p.;660;;;54901;616293.14;1028870.10;2013-12-05T00:00:00
7404506;574279;Nové Mìsto nad Metují;;;;;410420;Nové Mìsto nad Metují;306061;Na Františku;è.p.;661;;;54901;616287.57;1028891.47;2013-12-05T00:00:00
7404514;574279;Nové Mìsto nad Metují;;;;;410420;Nové Mìsto nad Metují;305839;Dukelská;è.p.;662;;;54901;616405.96;1029053.84;2013-12-05T00:00:00
7404522;574279;Nové Mìsto nad Metují;;;;;410420;Nové Mìsto nad Metují;305936;Rašínova;è.p.;663;;;54901;616865.69;1029022.56;2013-12-05T00:00:00
7404531;574279;Nové Mìsto nad Metují;;;;;410420;Nové Mìsto nad Metují;305936;Rašínova;è.p.;664;;;54901;616856.75;1029036.81;2013-12-05T00:00:00
7404549;574279;Nové Mìsto nad Metují;;;;;410420;Nové Mìsto nad Metují;305936;Rašínova;è.p.;665;;;54901;616847.63;1029048.88;2013-12-05T00:00:00
7404557;574279;Nové Mìsto nad Metují;;;;;410420;Nové Mìsto nad Metují;305936;Rašínova;è.p.;666;;;54901;616838.25;1029062.88;2013-12-05T00:00:00
7404565;574279;Nové Mìsto nad Metují;;;;;410420;Nové Mìsto nad Metují;305936;Rašínova;è.p.;667;;;54901;616829.19;1029076.50;2013-12-05T00:00:00
7404573;574279;Nové Mìsto nad Metují;;;;;410420;Nové Mìsto nad Metují;305693;Boženy Nìmcové;è.p.;668;;;54901;616783.24;1029076.36;2013-12-05T00:00:00
7404581;574279;Nové Mìsto nad Metují;;;;;410420;Nové Mìsto nad Metují;305693;Boženy Nìmcové;è.p.;669;;;54901;616789.96;1029089.96;2019-03-13T00:00:00
7404590;574279;Nové Mìsto nad Metují;;;;;410420;Nové Mìsto nad Metují;305839;Dukelská;è.p.;670;;;54901;616412.88;1028790.31;2013-12-05T00:00:00
7404603;574279;Nové Mìsto nad Metují;;;;;410420;Nové Mìsto nad Metují;305839;Dukelská;è.p.;671;;;54901;616418.06;1028776.19;2013-12-05T00:00:00
7404611;574279;Nové Mìsto nad Metují;;;;;410420;Nové Mìsto nad Metují;305839;Dukelská;è.p.;672;;;54901;616424.00;1028761.69;2013-12-05T00:00:00
7404620;574279;Nové Mìsto nad Metují;;;;;410420;Nové Mìsto nad Metují;306355;Pøibyslavská;è.p.;673;;;54901;616255.96;1028759.73;2013-12-05T00:00:00
7404638;574279;Nové Mìsto nad Metují;;;;;410420;Nové Mìsto nad Metují;306355;Pøibyslavská;è.p.;674;;;54901;616261.98;1028740.24;2013-12-05T00:00:00
7404646;574279;Nové Mìsto nad Metují;;;;;410420;Nové Mìsto nad Metují;306355;Pøibyslavská;è.p.;675;;;54901;616240.42;1028727.01;2013-12-05T00:00:00
7404654;574279;Nové Mìsto nad Metují;;;;;410420;Nové Mìsto nad Metují;306355;Pøibyslavská;è.p.;676;;;54901;616220.69;1028719.20;2013-12-05T00:00:00
7404662;574279;Nové Mìsto nad Metují;;;;;410420;Nové Mìsto nad Metují;306355;Pøibyslavská;è.p.;677;;;54901;616204.48;1028695.13;2013-12-05T00:00:00
7404671;574279;Nové Mìsto nad Metují;;;;;410420;Nové Mìsto nad Metují;306355;Pøibyslavská;è.p.;678;;;54901;616230.78;1028679.53;2013-12-05T00:00:00
7404689;574279;Nové Mìsto nad Metují;;;;;410420;Nové Mìsto nad Metují;306355;Pøibyslavská;è.p.;679;;;54901;616254.86;1028680.97;2013-12-05T00:00:00
7404697;574279;Nové Mìsto nad Metují;;;;;410420;Nové Mìsto nad Metují;306355;Pøibyslavská;è.p.;680;;;54901;616278.00;1028680.75;2013-12-05T00:00:00
7404701;574279;Nové Mìsto nad Metují;;;;;410420;Nové Mìsto nad Metují;306355;Pøibyslavská;è.p.;681;;;54901;616288.12;1028645.71;2013-12-05T00:00:00
7404719;574279;Nové Mìsto nad Metují;;;;;410420;Nové Mìsto nad Metují;305774;Èeskoslovenské armády;è.p.;682;;;54901;616271.12;1028629.50;2013-12-05T00:00:00
7404727;574279;Nové Mìsto nad Metují;;;;;410420;Nové Mìsto nad Metují;305774;Èeskoslovenské armády;è.p.;683;;;54901;616250.75;1028630.49;2013-12-05T00:00:00
7404735;574279;Nové Mìsto nad Metují;;;;;410420;Nové Mìsto nad Metují;305774;Èeskoslovenské armády;è.p.;684;;;54901;616228.70;1028633.99;2013-12-05T00:00:00
7404743;574279;Nové Mìsto nad Metují;;;;;410420;Nové Mìsto nad Metují;305774;Èeskoslovenské armády;è.p.;685;;;54901;616207.28;1028636.40;2013-12-05T00:00:00
7404751;574279;Nové Mìsto nad Metují;;;;;410420;Nové Mìsto nad Metují;306355;Pøibyslavská;è.p.;686;;;54901;616311.27;1028669.60;2013-12-05T00:00:00
7404760;574279;Nové Mìsto nad Metují;;;;;410420;Nové Mìsto nad Metují;306355;Pøibyslavská;è.p.;687;;;54901;616300.96;1028705.78;2013-12-05T00:00:00
7404778;574279;Nové Mìsto nad Metují;;;;;410420;Nové Mìsto nad Metují;306355;Pøibyslavská;è.p.;688;;;54901;616293.19;1028734.19;2013-12-05T00:00:00
7404786;574279;Nové Mìsto nad Metují;;;;;410420;Nové Mìsto nad Metují;306355;Pøibyslavská;è.p.;689;;;54901;616315.13;1028745.22;2013-12-05T00:00:00
7404794;574279;Nové Mìsto nad Metují;;;;;410420;Nové Mìsto nad Metují;306355;Pøibyslavská;è.p.;690;;;54901;616334.44;1028755.56;2013-12-05T00:00:00
7404808;574279;Nové Mìsto nad Metují;;;;;410420;Nové Mìsto nad Metují;306355;Pøibyslavská;è.p.;691;;;54901;616352.60;1028772.64;2013-12-05T00:00:00
7404816;574279;Nové Mìsto nad Metují;;;;;410420;Nové Mìsto nad Metují;306355;Pøibyslavská;è.p.;692;;;54901;616349.75;1028782.81;2013-12-05T00:00:00
7404824;574279;Nové Mìsto nad Metují;;;;;410420;Nové Mìsto nad Metují;306355;Pøibyslavská;è.p.;693;;;54901;616325.54;1028786.57;2013-12-05T00:00:00
7404832;574279;Nové Mìsto nad Metují;;;;;410420;Nové Mìsto nad Metují;306355;Pøibyslavská;è.p.;694;;;54901;616303.52;1028785.77;2013-12-05T00:00:00
7404841;574279;Nové Mìsto nad Metují;;;;;410420;Nové Mìsto nad Metují;306355;Pøibyslavská;è.p.;695;;;54901;616278.90;1028784.47;2013-12-05T00:00:00
7404859;574279;Nové Mìsto nad Metují;;;;;410420;Nové Mìsto nad Metují;306355;Pøibyslavská;è.p.;696;;;54901;616272.24;1028812.08;2013-12-05T00:00:00
7404867;574279;Nové Mìsto nad Metují;;;;;410420;Nové Mìsto nad Metují;306355;Pøibyslavská;è.p.;697;;;54901;616264.03;1028853.51;2013-12-05T00:00:00
7404875;574279;Nové Mìsto nad Metují;;;;;410420;Nové Mìsto nad Metují;306355;Pøibyslavská;è.p.;698;;;54901;616255.67;1028886.89;2013-12-05T00:00:00
7404883;574279;Nové Mìsto nad Metují;;;;;410420;Nové Mìsto nad Metují;306533;V Aleji;è.p.;699;;;54901;616034.93;1029012.60;2013-12-05T00:00:00
7404891;574279;Nové Mìsto nad Metují;;;;;410420;Nové Mìsto nad Metují;306002;Leštinská;è.p.;700;;;54901;616329.50;1029297.85;2013-12-05T00:00:00
7404905;574279;Nové Mìsto nad Metují;;;;;410420;Nové Mìsto nad Metují;305987;Krátká;è.p.;701;;;54901;617827.55;1028856.89;2013-12-05T00:00:00
7404913;574279;Nové Mìsto nad Metují;;;;;410420;Nové Mìsto nad Metují;305987;Krátká;è.p.;702;;;54901;617816.13;1028842.06;2013-12-05T00:00:00
7404921;574279;Nové Mìsto nad Metují;;;;;410420;Nové Mìsto nad Metují;305987;Krátká;è.p.;703;;;54901;617800.41;1028817.67;2013-12-05T00:00:00
7404930;574279;Nové Mìsto nad Metují;;;;;410420;Nové Mìsto nad Metují;306410;Smetanova;è.p.;704;;;54901;617193.17;1028873.83;2013-12-05T00:00:00
7404948;574279;Nové Mìsto nad Metují;;;;;410420;Nové Mìsto nad Metují;306410;Smetanova;è.p.;705;;;54901;617227.45;1028910.63;2013-12-05T00:00:00
7404956;574279;Nové Mìsto nad Metují;;;;;410420;Nové Mìsto nad Metují;305669;28. øíjna;è.p.;706;;;54901;617208.94;1028856.31;2013-12-05T00:00:00
7404964;574279;Nové Mìsto nad Metují;;;;;410420;Nové Mìsto nad Metují;306410;Smetanova;è.p.;707;;;54901;617182.61;1028889.85;2013-12-05T00:00:00
7404972;574279;Nové Mìsto nad Metují;;;;;410420;Nové Mìsto nad Metují;306410;Smetanova;è.p.;708;;;54901;617167.32;1028903.46;2013-12-05T00:00:00
7404981;574279;Nové Mìsto nad Metují;;;;;410420;Nové Mìsto nad Metují;306487;U Lesa;è.p.;709;;;54901;616004.29;1029009.98;2013-12-05T00:00:00
7404999;574279;Nové Mìsto nad Metují;;;;;410420;Nové Mìsto nad Metují;306487;U Lesa;è.p.;710;;;54901;615996.52;1028995.14;2013-12-05T00:00:00
7405006;574279;Nové Mìsto nad Metují;;;;;410420;Nové Mìsto nad Metují;306487;U Lesa;è.p.;711;;;54901;615988.48;1028979.37;2013-12-05T00:00:00
7405014;574279;Nové Mìsto nad Metují;;;;;410420;Nové Mìsto nad Metují;306487;U Lesa;è.p.;712;;;54901;615981.12;1028962.82;2013-12-05T00:00:00
7405022;574279;Nové Mìsto nad Metují;;;;;410420;Nové Mìsto nad Metují;306487;U Lesa;è.p.;713;;;54901;615975.99;1028941.50;2013-12-05T00:00:00
7405031;574279;Nové Mìsto nad Metují;;;;;410420;Nové Mìsto nad Metují;306487;U Lesa;è.p.;714;;;54901;615971.79;1028925.15;2013-12-05T00:00:00
7405049;574279;Nové Mìsto nad Metují;;;;;410420;Nové Mìsto nad Metují;306487;U Lesa;è.p.;715;;;54901;615967.49;1028908.10;2013-12-05T00:00:00
7405057;574279;Nové Mìsto nad Metují;;;;;410420;Nové Mìsto nad Metují;306487;U Lesa;è.p.;716;;;54901;615964.25;1028891.40;2013-12-05T00:00:00
7405065;574279;Nové Mìsto nad Metují;;;;;410420;Nové Mìsto nad Metují;306487;U Lesa;è.p.;717;;;54901;615963.65;1028875.37;2013-12-05T00:00:00
7405073;574279;Nové Mìsto nad Metují;;;;;410420;Nové Mìsto nad Metují;306487;U Lesa;è.p.;718;;;54901;615962.28;1028857.63;2013-12-05T00:00:00
7405081;574279;Nové Mìsto nad Metují;;;;;410420;Nové Mìsto nad Metují;306487;U Lesa;è.p.;719;;;54901;615962.50;1028840.80;2013-12-05T00:00:00
7405090;574279;Nové Mìsto nad Metují;;;;;410420;Nové Mìsto nad Metují;305693;Boženy Nìmcové;è.p.;720;;;54901;616789.05;1029221.73;2013-12-05T00:00:00
7405103;574279;Nové Mìsto nad Metují;;;;;410420;Nové Mìsto nad Metují;305901;Husova;è.p.;721;;;54901;616609.56;1029266.19;2013-12-05T00:00:00
7405111;574279;Nové Mìsto nad Metují;;;;;410420;Nové Mìsto nad Metují;305901;Husova;è.p.;722;;;54901;616611.69;1029248.38;2013-12-05T00:00:00
7405120;574279;Nové Mìsto nad Metují;;;;;410420;Nové Mìsto nad Metují;305901;Husova;è.p.;723;;;54901;616615.13;1029233.50;2013-12-05T00:00:00
7405138;574279;Nové Mìsto nad Metují;;;;;410420;Nové Mìsto nad Metují;305901;Husova;è.p.;724;;;54901;616617.13;1029218.69;2013-12-05T00:00:00
7405146;574279;Nové Mìsto nad Metují;;;;;410420;Nové Mìsto nad Metují;305901;Husova;è.p.;725;;;54901;616620.63;1029202.50;2013-12-05T00:00:00
7405154;574279;Nové Mìsto nad Metují;;;;;410420;Nové Mìsto nad Metují;305901;Husova;è.p.;726;;;54901;616623.56;1029185.00;2013-12-05T00:00:00
7405162;574279;Nové Mìsto nad Metují;;;;;410420;Nové Mìsto nad Metují;306045;Na Boøetínì;è.p.;727;;;54901;616639.44;1029378.69;2013-12-05T00:00:00
7405171;574279;Nové Mìsto nad Metují;;;;;410420;Nové Mìsto nad Metují;306045;Na Boøetínì;è.p.;728;;;54901;616637.75;1029365.13;2013-12-05T00:00:00
7405189;574279;Nové Mìsto nad Metují;;;;;410420;Nové Mìsto nad Metují;306045;Na Boøetínì;è.p.;729;;;54901;616635.94;1029344.31;2013-12-05T00:00:00
7405197;574279;Nové Mìsto nad Metují;;;;;410420;Nové Mìsto nad Metují;306045;Na Boøetínì;è.p.;730;;;54901;616635.63;1029329.13;2013-12-05T00:00:00
7405201;574279;Nové Mìsto nad Metují;;;;;410420;Nové Mìsto nad Metují;306461;Tøešòová;è.p.;731;;;54901;616114.59;1028912.58;2013-12-05T00:00:00
7405219;574279;Nové Mìsto nad Metují;;;;;410420;Nové Mìsto nad Metují;306461;Tøešòová;è.p.;732;;;54901;616093.64;1028914.77;2013-12-05T00:00:00
7405227;574279;Nové Mìsto nad Metují;;;;;410420;Nové Mìsto nad Metují;306461;Tøešòová;è.p.;733;;;54901;616071.51;1028918.84;2013-12-05T00:00:00
7405235;574279;Nové Mìsto nad Metují;;;;;410420;Nové Mìsto nad Metují;306533;V Aleji;è.p.;734;;;54901;616046.75;1028927.63;2013-12-05T00:00:00
7405243;574279;Nové Mìsto nad Metují;;;;;410420;Nové Mìsto nad Metují;306533;V Aleji;è.p.;735;;;54901;616037.04;1028886.39;2013-12-05T00:00:00
7405251;574279;Nové Mìsto nad Metují;;;;;410420;Nové Mìsto nad Metují;306461;Tøešòová;è.p.;736;;;54901;616057.04;1028881.43;2013-12-05T00:00:00
7405260;574279;Nové Mìsto nad Metují;;;;;410420;Nové Mìsto nad Metují;306461;Tøešòová;è.p.;737;;;54901;616078.95;1028873.24;2013-12-05T00:00:00
7405278;574279;Nové Mìsto nad Metují;;;;;410420;Nové Mìsto nad Metují;306461;Tøešòová;è.p.;738;;;54901;616097.75;1028864.04;2013-12-05T00:00:00
7405286;574279;Nové Mìsto nad Metují;;;;;410420;Nové Mìsto nad Metují;306533;V Aleji;è.p.;739;;;54901;616025.64;1028840.17;2013-12-05T00:00:00
7405294;574279;Nové Mìsto nad Metují;;;;;410420;Nové Mìsto nad Metují;306533;V Aleji;è.p.;740;;;54901;616022.56;1028823.02;2013-12-05T00:00:00
7405308;574279;Nové Mìsto nad Metují;;;;;410420;Nové Mìsto nad Metují;306533;V Aleji;è.p.;741;;;54901;616019.38;1028806.93;2013-12-05T00:00:00
7405316;574279;Nové Mìsto nad Metují;;;;;410420;Nové Mìsto nad Metují;306533;V Aleji;è.p.;742;;;54901;616015.56;1028790.20;2013-12-05T00:00:00
7405324;574279;Nové Mìsto nad Metují;;;;;410420;Nové Mìsto nad Metují;306533;V Aleji;è.p.;743;;;54901;616014.71;1028773.26;2013-12-05T00:00:00
7405332;574279;Nové Mìsto nad Metují;;;;;410420;Nové Mìsto nad Metují;306533;V Aleji;è.p.;744;;;54901;616013.55;1028756.43;2013-12-05T00:00:00
7405341;574279;Nové Mìsto nad Metují;;;;;410420;Nové Mìsto nad Metují;306533;V Aleji;è.p.;745;;;54901;616013.44;1028738.75;2013-12-05T00:00:00
7405359;574279;Nové Mìsto nad Metují;;;;;410420;Nové Mìsto nad Metují;306533;V Aleji;è.p.;746;;;54901;616013.25;1028721.80;2013-12-05T00:00:00
7405367;574279;Nové Mìsto nad Metují;;;;;410420;Nové Mìsto nad Metují;306533;V Aleji;è.p.;747;;;54901;616014.08;1028706.89;2013-12-05T00:00:00
7405375;574279;Nové Mìsto nad Metují;;;;;410420;Nové Mìsto nad Metují;306479;U Dubu;è.p.;748;;;54901;616057.12;1028836.07;2013-12-05T00:00:00
7405383;574279;Nové Mìsto nad Metují;;;;;410420;Nové Mìsto nad Metují;306479;U Dubu;è.p.;749;;;54901;616054.24;1028819.20;2013-12-05T00:00:00
7405391;574279;Nové Mìsto nad Metují;;;;;410420;Nové Mìsto nad Metují;306479;U Dubu;è.p.;750;;;54901;616051.55;1028802.89;2013-12-05T00:00:00
7405405;574279;Nové Mìsto nad Metují;;;;;410420;Nové Mìsto nad Metují;306479;U Dubu;è.p.;751;;;54901;616048.48;1028785.37;2013-12-05T00:00:00
7405413;574279;Nové Mìsto nad Metují;;;;;410420;Nové Mìsto nad Metují;306479;U Dubu;è.p.;752;;;54901;616046.63;1028768.87;2013-12-05T00:00:00
7405421;574279;Nové Mìsto nad Metují;;;;;410420;Nové Mìsto nad Metují;306479;U Dubu;è.p.;753;;;54901;616045.14;1028752.00;2013-12-05T00:00:00
7405430;574279;Nové Mìsto nad Metují;;;;;410420;Nové Mìsto nad Metují;306479;U Dubu;è.p.;754;;;54901;616044.96;1028734.57;2013-12-05T00:00:00
7405448;574279;Nové Mìsto nad Metují;;;;;410420;Nové Mìsto nad Metují;306479;U Dubu;è.p.;755;;;54901;616045.51;1028717.24;2013-12-05T00:00:00
7405456;574279;Nové Mìsto nad Metují;;;;;410420;Nové Mìsto nad Metují;306479;U Dubu;è.p.;756;;;54901;616047.00;1028699.91;2013-12-05T00:00:00
7405464;574279;Nové Mìsto nad Metují;;;;;410420;Nové Mìsto nad Metují;306479;U Dubu;è.p.;757;;;54901;616046.81;1028682.57;2013-12-05T00:00:00
7405472;574279;Nové Mìsto nad Metují;;;;;410420;Nové Mìsto nad Metují;306461;Tøešòová;è.p.;758;;;54901;616086.33;1028821.49;2013-12-05T00:00:00
7405481;574279;Nové Mìsto nad Metují;;;;;410420;Nové Mìsto nad Metují;306461;Tøešòová;è.p.;759;;;54901;616079.75;1028789.90;2013-12-05T00:00:00
7405499;574279;Nové Mìsto nad Metují;;;;;410420;Nové Mìsto nad Metují;306461;Tøešòová;è.p.;760;;;54901;616075.26;1028758.94;2013-12-05T00:00:00
7405502;574279;Nové Mìsto nad Metují;;;;;410420;Nové Mìsto nad Metují;306461;Tøešòová;è.p.;761;;;54901;616077.14;1028735.01;2013-12-05T00:00:00
7405511;574279;Nové Mìsto nad Metují;;;;;410420;Nové Mìsto nad Metují;306461;Tøešòová;è.p.;762;;;54901;616077.57;1028701.91;2013-12-05T00:00:00
7405529;574279;Nové Mìsto nad Metují;;;;;410420;Nové Mìsto nad Metují;306461;Tøešòová;è.p.;763;;;54901;616080.00;1028673.56;2013-12-05T00:00:00
7405537;574279;Nové Mìsto nad Metují;;;;;410420;Nové Mìsto nad Metují;305774;Èeskoslovenské armády;è.p.;765;;;54901;616159.30;1028644.76;2013-12-05T00:00:00
7405545;574279;Nové Mìsto nad Metují;;;;;410420;Nové Mìsto nad Metují;305774;Èeskoslovenské armády;è.p.;766;;;54901;616133.23;1028649.43;2013-12-05T00:00:00
7405553;574279;Nové Mìsto nad Metují;;;;;410420;Nové Mìsto nad Metují;306461;Tøešòová;è.p.;767;;;54901;616111.41;1028666.64;2013-12-05T00:00:00
7405561;574279;Nové Mìsto nad Metují;;;;;410420;Nové Mìsto nad Metují;306011;Lomená;è.p.;768;;;54901;616131.58;1028682.12;2013-12-05T00:00:00
7405570;574279;Nové Mìsto nad Metují;;;;;410420;Nové Mìsto nad Metují;306011;Lomená;è.p.;769;;;54901;616159.69;1028683.18;2013-12-05T00:00:00
7405588;574279;Nové Mìsto nad Metují;;;;;410420;Nové Mìsto nad Metují;306011;Lomená;è.p.;770;;;54901;616183.06;1028671.88;2013-12-05T00:00:00
7405596;574279;Nové Mìsto nad Metují;;;;;410420;Nové Mìsto nad Metují;306011;Lomená;è.p.;771;;;54901;616183.22;1028709.10;2013-12-05T00:00:00
7405600;574279;Nové Mìsto nad Metují;;;;;410420;Nové Mìsto nad Metují;306011;Lomená;è.p.;772;;;54901;616185.95;1028738.19;2013-12-05T00:00:00
7405618;574279;Nové Mìsto nad Metují;;;;;410420;Nové Mìsto nad Metují;306011;Lomená;è.p.;773;;;54901;616179.88;1028760.51;2013-12-05T00:00:00
7405626;574279;Nové Mìsto nad Metují;;;;;410420;Nové Mìsto nad Metují;306011;Lomená;è.p.;774;;;54901;616179.42;1028794.66;2013-12-05T00:00:00
7405634;574279;Nové Mìsto nad Metují;;;;;410420;Nové Mìsto nad Metují;306011;Lomená;è.p.;775;;;54901;616159.79;1028802.66;2013-12-05T00:00:00
7405642;574279;Nové Mìsto nad Metují;;;;;410420;Nové Mìsto nad Metují;306011;Lomená;è.p.;776;;;54901;616135.94;1028814.19;2013-12-05T00:00:00
7405651;574279;Nové Mìsto nad Metují;;;;;410420;Nové Mìsto nad Metují;306461;Tøešòová;è.p.;777;;;54901;616117.90;1028825.32;2013-12-05T00:00:00
7405669;574279;Nové Mìsto nad Metují;;;;;410420;Nové Mìsto nad Metují;306461;Tøešòová;è.p.;778;;;54901;616109.81;1028771.85;2013-12-05T00:00:00
7405677;574279;Nové Mìsto nad Metují;;;;;410420;Nové Mìsto nad Metují;306011;Lomená;è.p.;779;;;54901;616127.88;1028774.85;2013-12-05T00:00:00
7405685;574279;Nové Mìsto nad Metují;;;;;410420;Nové Mìsto nad Metují;306011;Lomená;è.p.;780;;;54901;616151.23;1028772.55;2013-12-05T00:00:00
7405693;574279;Nové Mìsto nad Metují;;;;;410420;Nové Mìsto nad Metují;306011;Lomená;è.p.;781;;;54901;616153.53;1028742.19;2013-12-05T00:00:00
7405707;574279;Nové Mìsto nad Metují;;;;;410420;Nové Mìsto nad Metují;306461;Tøešòová;è.p.;782;;;54901;616108.22;1028743.74;2013-12-05T00:00:00
7405715;574279;Nové Mìsto nad Metují;;;;;410420;Nové Mìsto nad Metují;306461;Tøešòová;è.p.;783;;;54901;616108.08;1028720.25;2013-12-05T00:00:00
7405723;574279;Nové Mìsto nad Metují;;;;;410420;Nové Mìsto nad Metují;306011;Lomená;è.p.;784;;;54901;616130.35;1028714.75;2013-12-05T00:00:00
7405731;574279;Nové Mìsto nad Metují;;;;;410420;Nové Mìsto nad Metují;306011;Lomená;è.p.;785;;;54901;616154.12;1028712.69;2013-12-05T00:00:00
7405740;574279;Nové Mìsto nad Metují;;;;;410420;Nové Mìsto nad Metují;306223;nám. 17. listopadu;è.p.;786;;;54901;616248.14;1028795.60;2013-12-05T00:00:00
7405758;574279;Nové Mìsto nad Metují;;;;;410420;Nové Mìsto nad Metují;306223;nám. 17. listopadu;è.p.;787;;;54901;616240.85;1028798.50;2013-12-05T00:00:00
7405766;574279;Nové Mìsto nad Metují;;;;;410420;Nové Mìsto nad Metují;306223;nám. 17. listopadu;è.p.;788;;;54901;616234.72;1028800.36;2013-12-05T00:00:00
7405774;574279;Nové Mìsto nad Metují;;;;;410420;Nové Mìsto nad Metují;306223;nám. 17. listopadu;è.p.;789;;;54901;616224.72;1028802.11;2013-12-05T00:00:00
7405782;574279;Nové Mìsto nad Metují;;;;;410420;Nové Mìsto nad Metují;306223;nám. 17. listopadu;è.p.;790;;;54901;616185.12;1028821.95;2013-12-05T00:00:00
7405791;574279;Nové Mìsto nad Metují;;;;;410420;Nové Mìsto nad Metují;306223;nám. 17. listopadu;è.p.;791;;;54901;616186.49;1028826.80;2013-12-05T00:00:00
7405804;574279;Nové Mìsto nad Metují;;;;;410420;Nové Mìsto nad Metují;306223;nám. 17. listopadu;è.p.;792;;;54901;616187.55;1028831.65;2013-12-05T00:00:00
7405812;574279;Nové Mìsto nad Metují;;;;;410420;Nové Mìsto nad Metují;306223;nám. 17. listopadu;è.p.;793;;;54901;616188.92;1028836.51;2013-12-05T00:00:00
7405821;574279;Nové Mìsto nad Metují;;;;;410420;Nové Mìsto nad Metují;306223;nám. 17. listopadu;è.p.;794;;;54901;616190.90;1028841.51;2013-12-05T00:00:00
7405839;574279;Nové Mìsto nad Metují;;;;;410420;Nové Mìsto nad Metují;306223;nám. 17. listopadu;è.p.;795;;;54901;616191.81;1028846.67;2013-12-05T00:00:00
7405847;574279;Nové Mìsto nad Metují;;;;;410420;Nové Mìsto nad Metují;306223;nám. 17. listopadu;è.p.;796;;;54901;616198.85;1028865.88;2013-12-05T00:00:00
7405855;574279;Nové Mìsto nad Metují;;;;;410420;Nové Mìsto nad Metují;306223;nám. 17. listopadu;è.p.;797;;;54901;616200.08;1028871.02;2013-12-05T00:00:00
7405863;574279;Nové Mìsto nad Metují;;;;;410420;Nové Mìsto nad Metují;306223;nám. 17. listopadu;è.p.;798;;;54901;616201.46;1028875.87;2013-12-05T00:00:00
7405871;574279;Nové Mìsto nad Metují;;;;;410420;Nové Mìsto nad Metují;306223;nám. 17. listopadu;è.p.;799;;;54901;616203.08;1028880.86;2013-12-05T00:00:00
7405880;574279;Nové Mìsto nad Metují;;;;;410420;Nové Mìsto nad Metují;306223;nám. 17. listopadu;è.p.;800;;;54901;616204.38;1028885.78;2013-12-05T00:00:00
7405898;574279;Nové Mìsto nad Metují;;;;;410420;Nové Mìsto nad Metují;306223;nám. 17. listopadu;è.p.;801;;;54901;616206.30;1028890.85;2013-12-05T00:00:00
7405901;574279;Nové Mìsto nad Metují;;;;;410420;Nové Mìsto nad Metují;306461;Tøešòová;è.p.;802;;;54901;616123.88;1028844.60;2013-12-05T00:00:00
7405910;574279;Nové Mìsto nad Metují;;;;;410420;Nové Mìsto nad Metují;306461;Tøešòová;è.p.;803;;;54901;616131.94;1028867.06;2013-12-05T00:00:00
7405928;574279;Nové Mìsto nad Metují;;;;;410420;Nové Mìsto nad Metují;306002;Leštinská;è.p.;804;;;54901;616271.71;1029282.95;2013-12-05T00:00:00
7405936;574279;Nové Mìsto nad Metují;;;;;410420;Nové Mìsto nad Metují;306002;Leštinská;è.p.;805;;;54901;616259.57;1029282.19;2013-12-05T00:00:00
7405944;574279;Nové Mìsto nad Metují;;;;;410420;Nové Mìsto nad Metují;306002;Leštinská;è.p.;806;;;54901;616245.91;1029284.06;2013-12-05T00:00:00
7405952;574279;Nové Mìsto nad Metují;;;;;410420;Nové Mìsto nad Metují;306002;Leštinská;è.p.;807;;;54901;616236.12;1029283.32;2013-12-05T00:00:00
7405961;574279;Nové Mìsto nad Metují;;;;;410420;Nové Mìsto nad Metují;306002;Leštinská;è.p.;808;;;54901;616226.05;1029278.81;2013-12-05T00:00:00
7405979;574279;Nové Mìsto nad Metují;;;;;410420;Nové Mìsto nad Metují;306002;Leštinská;è.p.;809;;;54901;616214.56;1029275.33;2013-12-05T00:00:00
7405987;574279;Nové Mìsto nad Metují;;;;;410420;Nové Mìsto nad Metují;306002;Leštinská;è.p.;810;;;54901;616195.63;1029268.94;2013-12-05T00:00:00
7405995;574279;Nové Mìsto nad Metují;;;;;410420;Nové Mìsto nad Metují;306002;Leštinská;è.p.;811;;;54901;616183.58;1029268.66;2013-12-05T00:00:00
7406002;574279;Nové Mìsto nad Metují;;;;;410420;Nové Mìsto nad Metují;306002;Leštinská;è.p.;812;;;54901;616173.13;1029265.65;2013-12-05T00:00:00
7406011;574279;Nové Mìsto nad Metují;;;;;410420;Nové Mìsto nad Metují;306002;Leštinská;è.p.;813;;;54901;616161.36;1029265.27;2013-12-05T00:00:00
7406029;574279;Nové Mìsto nad Metují;;;;;410420;Nové Mìsto nad Metují;306002;Leštinská;è.p.;814;;;54901;616149.59;1029266.31;2013-12-05T00:00:00
7406037;574279;Nové Mìsto nad Metují;;;;;410420;Nové Mìsto nad Metují;306169;Nad Sokolovnou;è.p.;815;;;54901;616220.08;1029325.06;2013-12-05T00:00:00
7406045;574279;Nové Mìsto nad Metují;;;;;410420;Nové Mìsto nad Metují;306169;Nad Sokolovnou;è.p.;816;;;54901;616207.72;1029324.70;2013-12-05T00:00:00
7406053;574279;Nové Mìsto nad Metují;;;;;410420;Nové Mìsto nad Metují;306169;Nad Sokolovnou;è.p.;817;;;54901;616197.00;1029325.06;2013-12-05T00:00:00
7406061;574279;Nové Mìsto nad Metují;;;;;410420;Nové Mìsto nad Metují;306169;Nad Sokolovnou;è.p.;818;;;54901;616185.73;1029322.52;2013-12-05T00:00:00
7406070;574279;Nové Mìsto nad Metují;;;;;410420;Nové Mìsto nad Metují;306169;Nad Sokolovnou;è.p.;819;;;54901;616175.37;1029317.08;2013-12-05T00:00:00
7406088;574279;Nové Mìsto nad Metují;;;;;410420;Nové Mìsto nad Metují;306169;Nad Sokolovnou;è.p.;820;;;54901;616163.56;1029313.45;2013-12-05T00:00:00
7406096;574279;Nové Mìsto nad Metují;;;;;410420;Nové Mìsto nad Metují;305774;Èeskoslovenské armády;è.p.;821;;;54901;616334.17;1028675.06;2013-12-05T00:00:00
7406100;574279;Nové Mìsto nad Metují;;;;;410420;Nové Mìsto nad Metují;305774;Èeskoslovenské armády;è.p.;822;;;54901;616358.88;1028698.05;2013-12-05T00:00:00
7406118;574279;Nové Mìsto nad Metují;;;;;410420;Nové Mìsto nad Metují;305774;Èeskoslovenské armády;è.p.;823;;;54901;616379.42;1028715.14;2013-12-05T00:00:00
7406126;574279;Nové Mìsto nad Metují;;;;;410420;Nové Mìsto nad Metují;305774;Èeskoslovenské armády;è.p.;824;;;54901;616397.31;1028732.32;2013-12-05T00:00:00
7406134;574279;Nové Mìsto nad Metují;;;;;410420;Nové Mìsto nad Metují;305774;Èeskoslovenské armády;è.p.;825;;;54901;616325.55;1028708.13;2013-12-05T00:00:00
7406142;574279;Nové Mìsto nad Metují;;;;;410420;Nové Mìsto nad Metují;305774;Èeskoslovenské armády;è.p.;826;;;54901;616345.35;1028722.78;2013-12-05T00:00:00
7406151;574279;Nové Mìsto nad Metují;;;;;410420;Nové Mìsto nad Metují;305839;Dukelská;è.p.;827;;;54901;616388.88;1028873.88;2013-12-05T00:00:00
7406169;574279;Nové Mìsto nad Metují;;;;;410420;Nové Mìsto nad Metují;305839;Dukelská;è.p.;828;;;54901;616390.44;1028860.81;2013-12-05T00:00:00
7406177;574279;Nové Mìsto nad Metují;;;;;410420;Nové Mìsto nad Metují;305839;Dukelská;è.p.;829;;;54901;616397.25;1028831.06;2013-12-05T00:00:00
7406185;574279;Nové Mìsto nad Metují;;;;;410420;Nové Mìsto nad Metují;305839;Dukelská;è.p.;830;;;54901;616402.81;1028818.31;2013-12-05T00:00:00
7406193;574279;Nové Mìsto nad Metují;;;;;410420;Nové Mìsto nad Metují;306355;Pøibyslavská;è.p.;831;;;54901;616236.18;1028988.68;2013-12-05T00:00:00
7406207;574279;Nové Mìsto nad Metují;;;;;410420;Nové Mìsto nad Metují;306533;V Aleji;è.p.;832;;;54901;615993.17;1028805.93;2013-12-05T00:00:00
7406215;574279;Nové Mìsto nad Metují;;;;;410420;Nové Mìsto nad Metují;306533;V Aleji;è.p.;833;;;54901;615988.09;1028779.52;2013-12-05T00:00:00
7406223;574279;Nové Mìsto nad Metují;;;;;410420;Nové Mìsto nad Metují;306533;V Aleji;è.p.;834;;;54901;615985.13;1028754.64;2013-12-05T00:00:00
7406231;574279;Nové Mìsto nad Metují;;;;;410420;Nové Mìsto nad Metují;306533;V Aleji;è.p.;835;;;54901;615987.98;1028730.70;2013-12-05T00:00:00
7406240;574279;Nové Mìsto nad Metují;;;;;410420;Nové Mìsto nad Metují;306487;U Lesa;è.p.;836;;;54901;615966.49;1028818.57;2013-12-05T00:00:00
7406258;574279;Nové Mìsto nad Metují;;;;;410420;Nové Mìsto nad Metují;306002;Leštinská;è.p.;837;;;54901;616084.31;1029202.42;2013-12-05T00:00:00
7406266;574279;Nové Mìsto nad Metují;;;;;410420;Nové Mìsto nad Metují;306533;V Aleji;è.p.;838;;;54901;616128.79;1029203.38;2013-12-05T00:00:00
7406274;574279;Nové Mìsto nad Metují;;;;;410420;Nové Mìsto nad Metují;306533;V Aleji;è.p.;839;;;54901;616111.99;1029160.65;2013-12-05T00:00:00
7406282;574279;Nové Mìsto nad Metují;;;;;410420;Nové Mìsto nad Metují;306410;Smetanova;è.p.;840;;;54901;617125.90;1028984.28;2013-12-05T00:00:00
7406291;574279;Nové Mìsto nad Metují;;;;;410420;Nové Mìsto nad Metují;306410;Smetanova;è.p.;841;;;54901;617110.74;1028995.99;2013-12-05T00:00:00
7406304;574279;Nové Mìsto nad Metují;;;;;410420;Nové Mìsto nad Metují;306487;U Lesa;è.p.;842;;;54901;616005.91;1029084.05;2013-12-05T00:00:00
7406312;574279;Nové Mìsto nad Metují;;;;;410420;Nové Mìsto nad Metují;306002;Leštinská;è.p.;843;;;54901;616029.46;1029235.98;2013-12-05T00:00:00
7406321;574279;Nové Mìsto nad Metují;;;;;410420;Nové Mìsto nad Metují;306061;Na Františku;è.p.;844;;;54901;616337.09;1028881.53;2013-12-05T00:00:00
7406339;574279;Nové Mìsto nad Metují;;;;;410420;Nové Mìsto nad Metují;306061;Na Františku;è.p.;845;;;54901;616376.86;1029007.83;2013-12-05T00:00:00
7406347;574279;Nové Mìsto nad Metují;;;;;410420;Nové Mìsto nad Metují;306487;U Lesa;è.p.;846;;;54901;616017.02;1029037.11;2013-12-05T00:00:00
7406355;574279;Nové Mìsto nad Metují;;;;;410420;Nové Mìsto nad Metují;305987;Krátká;è.p.;847;;;54901;617788.37;1028802.17;2013-12-05T00:00:00
7406363;574279;Nové Mìsto nad Metují;;;;;410420;Nové Mìsto nad Metují;305987;Krátká;è.p.;848;;;54901;617777.54;1028787.77;2013-12-05T00:00:00
7406371;574279;Nové Mìsto nad Metují;;;;;410420;Nové Mìsto nad Metují;305987;Krátká;è.p.;849;;;54901;617765.56;1028769.39;2013-12-05T00:00:00
7406380;574279;Nové Mìsto nad Metují;;;;;410420;Nové Mìsto nad Metují;305669;28. øíjna;è.p.;850;;;54901;616756.21;1028993.90;2013-12-05T00:00:00
7406398;574279;Nové Mìsto nad Metují;;;;;410420;Nové Mìsto nad Metují;306037;Malecí;è.p.;851;;;54901;616777.70;1028511.09;2013-12-05T00:00:00
7406401;574279;Nové Mìsto nad Metují;;;;;410420;Nové Mìsto nad Metují;306037;Malecí;è.p.;852;;;54901;616823.27;1028487.63;2013-12-05T00:00:00
7406410;574279;Nové Mìsto nad Metují;;;;;410420;Nové Mìsto nad Metují;306495;U Lípy;è.p.;853;;;54901;616318.21;1028532.26;2016-01-05T00:00:00
7406428;574279;Nové Mìsto nad Metují;;;;;410420;Nové Mìsto nad Metují;306495;U Lípy;è.p.;854;;;54901;616316.55;1028539.56;2016-01-05T00:00:00
7406436;574279;Nové Mìsto nad Metují;;;;;410420;Nové Mìsto nad Metují;306495;U Lípy;è.p.;855;;;54901;616314.51;1028546.96;2016-01-05T00:00:00
7406444;574279;Nové Mìsto nad Metují;;;;;410420;Nové Mìsto nad Metují;306495;U Lípy;è.p.;856;;;54901;616312.12;1028553.97;2016-01-05T00:00:00
7406452;574279;Nové Mìsto nad Metují;;;;;410420;Nové Mìsto nad Metují;306495;U Lípy;è.p.;857;;;54901;616309.99;1028561.69;2016-01-05T00:00:00
7406461;574279;Nové Mìsto nad Metují;;;;;410420;Nové Mìsto nad Metují;306495;U Lípy;è.p.;858;;;54901;616308.27;1028568.59;2016-01-05T00:00:00
7406479;574279;Nové Mìsto nad Metují;;;;;410420;Nové Mìsto nad Metují;306495;U Lípy;è.p.;859;;;54901;616306.24;1028576.26;2016-01-05T00:00:00
7406487;574279;Nové Mìsto nad Metují;;;;;410420;Nové Mìsto nad Metují;306495;U Lípy;è.p.;860;;;54901;616304.31;1028584.08;2016-01-05T00:00:00
7406495;574279;Nové Mìsto nad Metují;;;;;410420;Nové Mìsto nad Metují;306495;U Lípy;è.p.;861;;;54901;616330.52;1028623.81;2016-01-05T00:00:00
7406509;574279;Nové Mìsto nad Metují;;;;;410420;Nové Mìsto nad Metují;306495;U Lípy;è.p.;862;;;54901;616331.35;1028605.60;2016-01-05T00:00:00
7406517;574279;Nové Mìsto nad Metují;;;;;410420;Nové Mìsto nad Metují;306495;U Lípy;è.p.;863;;;54901;616337.70;1028589.32;2016-01-05T00:00:00
7406525;574279;Nové Mìsto nad Metují;;;;;410420;Nové Mìsto nad Metují;306495;U Lípy;è.p.;864;;;54901;616342.95;1028572.62;2016-01-05T00:00:00
7406533;574279;Nové Mìsto nad Metují;;;;;410420;Nové Mìsto nad Metují;306495;U Lípy;è.p.;865;;;54901;616351.17;1028558.59;2016-01-05T00:00:00
7406541;574279;Nové Mìsto nad Metují;;;;;410420;Nové Mìsto nad Metují;306495;U Lípy;è.p.;866;;;54901;616353.10;1028552.94;2016-01-05T00:00:00
7406550;574279;Nové Mìsto nad Metují;;;;;410420;Nové Mìsto nad Metují;306495;U Lípy;è.p.;867;;;54901;616356.57;1028547.28;2016-01-05T00:00:00
7406568;574279;Nové Mìsto nad Metují;;;;;410420;Nové Mìsto nad Metují;306495;U Lípy;è.p.;868;;;54901;616359.15;1028541.11;2016-01-05T00:00:00
7406576;574279;Nové Mìsto nad Metují;;;;;410420;Nové Mìsto nad Metují;306495;U Lípy;è.p.;869;;;54901;616361.08;1028534.69;2016-01-05T00:00:00
7406584;574279;Nové Mìsto nad Metují;;;;;410420;Nové Mìsto nad Metují;306495;U Lípy;è.p.;870;;;54901;616363.91;1028529.03;2016-01-05T00:00:00
7406592;574279;Nové Mìsto nad Metují;;;;;410420;Nové Mìsto nad Metují;306495;U Lípy;è.p.;871;;;54901;616367.00;1028523.12;2016-01-05T00:00:00
7406606;574279;Nové Mìsto nad Metují;;;;;410420;Nové Mìsto nad Metují;306495;U Lípy;è.p.;872;;;54901;616369.57;1028516.44;2016-01-05T00:00:00
7406614;574279;Nové Mìsto nad Metují;;;;;410420;Nové Mìsto nad Metují;306495;U Lípy;è.p.;873;;;54901;616371.76;1028511.04;2016-01-05T00:00:00
7406622;574279;Nové Mìsto nad Metují;;;;;410420;Nové Mìsto nad Metují;306495;U Lípy;è.p.;874;;;54901;616374.82;1028505.40;2016-01-05T00:00:00
7406631;574279;Nové Mìsto nad Metují;;;;;410420;Nové Mìsto nad Metují;306401;Sadová;è.p.;875;;;54901;616427.06;1028531.56;2016-01-05T00:00:00
7406649;574279;Nové Mìsto nad Metují;;;;;410420;Nové Mìsto nad Metují;306401;Sadová;è.p.;876;;;54901;616419.44;1028541.81;2016-01-05T00:00:00
7406657;574279;Nové Mìsto nad Metují;;;;;410420;Nové Mìsto nad Metují;306401;Sadová;è.p.;877;;;54901;616411.88;1028562.69;2016-01-05T00:00:00
7406665;574279;Nové Mìsto nad Metují;;;;;410420;Nové Mìsto nad Metují;306401;Sadová;è.p.;878;;;54901;616403.63;1028576.13;2016-01-05T00:00:00
7406673;574279;Nové Mìsto nad Metují;;;;;410420;Nové Mìsto nad Metují;306401;Sadová;è.p.;879;;;54901;616392.69;1028598.69;2016-01-05T00:00:00
7406681;574279;Nové Mìsto nad Metují;;;;;410420;Nové Mìsto nad Metují;306401;Sadová;è.p.;880;;;54901;616385.50;1028610.38;2016-01-05T00:00:00
7406690;574279;Nové Mìsto nad Metují;;;;;410420;Nové Mìsto nad Metují;306401;Sadová;è.p.;881;;;54901;616372.67;1028633.46;2016-01-05T00:00:00
7406703;574279;Nové Mìsto nad Metují;;;;;410420;Nové Mìsto nad Metují;306401;Sadová;è.p.;882;;;54901;616362.67;1028649.59;2016-01-05T00:00:00
7406711;574279;Nové Mìsto nad Metují;;;;;410420;Nové Mìsto nad Metují;306401;Sadová;è.p.;884;;;54901;616400.80;1028647.86;2016-01-05T00:00:00
7406720;574279;Nové Mìsto nad Metují;;;;;410420;Nové Mìsto nad Metují;306401;Sadová;è.p.;885;;;54901;616414.25;1028624.25;2016-01-05T00:00:00
7406738;574279;Nové Mìsto nad Metují;;;;;410420;Nové Mìsto nad Metují;306401;Sadová;è.p.;886;;;54901;616425.87;1028601.50;2016-01-05T00:00:00
7406746;574279;Nové Mìsto nad Metují;;;;;410420;Nové Mìsto nad Metují;305774;Èeskoslovenské armády;è.p.;887;;;54901;616257.88;1028588.13;2013-12-05T00:00:00
7406754;574279;Nové Mìsto nad Metují;;;;;410420;Nové Mìsto nad Metují;305774;Èeskoslovenské armády;è.p.;888;;;54901;616234.54;1028590.85;2013-12-05T00:00:00
7406762;574279;Nové Mìsto nad Metují;;;;;410420;Nové Mìsto nad Metují;305774;Èeskoslovenské armády;è.p.;889;;;54901;616216.26;1028592.51;2013-12-05T00:00:00
7406771;574279;Nové Mìsto nad Metují;;;;;410420;Nové Mìsto nad Metují;305774;Èeskoslovenské armády;è.p.;890;;;54901;616194.40;1028593.54;2013-12-05T00:00:00
7406789;574279;Nové Mìsto nad Metují;;;;;410420;Nové Mìsto nad Metují;306321;Pod Vodojemem;è.p.;891;;;54901;616202.39;1028568.13;2016-01-05T00:00:00
7406797;574279;Nové Mìsto nad Metují;;;;;410420;Nové Mìsto nad Metují;306321;Pod Vodojemem;è.p.;892;;;54901;616213.16;1028556.78;2016-01-05T00:00:00
7406801;574279;Nové Mìsto nad Metují;;;;;410420;Nové Mìsto nad Metují;306321;Pod Vodojemem;è.p.;893;;;54901;616215.49;1028551.09;2016-01-05T00:00:00
7406819;574279;Nové Mìsto nad Metují;;;;;410420;Nové Mìsto nad Metují;306321;Pod Vodojemem;è.p.;894;;;54901;616217.42;1028545.23;2016-01-05T00:00:00
7406827;574279;Nové Mìsto nad Metují;;;;;410420;Nové Mìsto nad Metují;306321;Pod Vodojemem;è.p.;895;;;54901;616219.59;1028539.26;2016-01-05T00:00:00
7406835;574279;Nové Mìsto nad Metují;;;;;410420;Nové Mìsto nad Metují;306321;Pod Vodojemem;è.p.;896;;;54901;616221.79;1028533.78;2016-01-05T00:00:00
7406843;574279;Nové Mìsto nad Metují;;;;;410420;Nové Mìsto nad Metují;306321;Pod Vodojemem;è.p.;897;;;54901;616223.97;1028528.11;2016-01-05T00:00:00
7406851;574279;Nové Mìsto nad Metují;;;;;410420;Nové Mìsto nad Metují;306321;Pod Vodojemem;è.p.;898;;;54901;616175.63;1028554.08;2016-01-05T00:00:00
7406860;574279;Nové Mìsto nad Metují;;;;;410420;Nové Mìsto nad Metují;306321;Pod Vodojemem;è.p.;899;;;54901;616172.41;1028562.33;2016-01-05T00:00:00
7406878;574279;Nové Mìsto nad Metují;;;;;410420;Nové Mìsto nad Metují;306321;Pod Vodojemem;è.p.;900;;;54901;616169.76;1028569.95;2016-01-05T00:00:00
7406886;574279;Nové Mìsto nad Metují;;;;;410420;Nové Mìsto nad Metují;306321;Pod Vodojemem;è.p.;901;;;54901;616166.31;1028576.73;2016-01-05T00:00:00
7406894;574279;Nové Mìsto nad Metují;;;;;410420;Nové Mìsto nad Metují;306321;Pod Vodojemem;è.p.;902;;;54901;616164.05;1028583.95;2016-01-05T00:00:00
7406908;574279;Nové Mìsto nad Metují;;;;;410420;Nové Mìsto nad Metují;306321;Pod Vodojemem;è.p.;903;;;54901;616161.19;1028591.02;2016-01-05T00:00:00
7406916;574279;Nové Mìsto nad Metují;;;;;410420;Nové Mìsto nad Metují;306321;Pod Vodojemem;è.p.;904;;;54901;616159.23;1028598.54;2016-01-05T00:00:00
7406924;574279;Nové Mìsto nad Metují;;;;;410420;Nové Mìsto nad Metují;306321;Pod Vodojemem;è.p.;905;;;54901;616155.61;1028606.96;2016-01-05T00:00:00
7406932;574279;Nové Mìsto nad Metují;;;;;410420;Nové Mìsto nad Metují;306533;V Aleji;è.p.;906;;;54901;615982.19;1028704.99;2013-12-05T00:00:00
7406941;574279;Nové Mìsto nad Metují;;;;;410420;Nové Mìsto nad Metují;306584;Vodárenská;è.p.;907;;;54901;616089.92;1028569.66;2016-01-05T00:00:00
7406959;574279;Nové Mìsto nad Metují;;;;;410420;Nové Mìsto nad Metují;306584;Vodárenská;è.p.;908;;;54901;616075.21;1028583.57;2016-01-05T00:00:00
7406967;574279;Nové Mìsto nad Metují;;;;;410420;Nové Mìsto nad Metují;306584;Vodárenská;è.p.;909;;;54901;616070.17;1028605.12;2016-01-05T00:00:00
7406975;574279;Nové Mìsto nad Metují;;;;;410420;Nové Mìsto nad Metují;305774;Èeskoslovenské armády;è.p.;910;;;54901;616042.54;1028639.33;2013-12-05T00:00:00
7406983;574279;Nové Mìsto nad Metují;;;;;410420;Nové Mìsto nad Metují;305774;Èeskoslovenské armády;è.p.;911;;;54901;616018.12;1028648.39;2013-12-05T00:00:00
7406991;574279;Nové Mìsto nad Metují;;;;;410420;Nové Mìsto nad Metují;306134;Na Výsluní;è.p.;912;;;54901;616023.40;1028623.01;2013-12-05T00:00:00
7407009;574279;Nové Mìsto nad Metují;;;;;410420;Nové Mìsto nad Metují;306134;Na Výsluní;è.p.;913;;;54901;616042.65;1028588.03;2013-12-05T00:00:00
7407017;574279;Nové Mìsto nad Metují;;;;;410420;Nové Mìsto nad Metují;306134;Na Výsluní;è.p.;914;;;54901;616053.19;1028570.03;2013-12-05T00:00:00
7407025;574279;Nové Mìsto nad Metují;;;;;410420;Nové Mìsto nad Metují;306134;Na Výsluní;è.p.;915;;;54901;616063.48;1028552.40;2013-12-05T00:00:00
7407033;574279;Nové Mìsto nad Metují;;;;;410420;Nové Mìsto nad Metují;305812;Družební;è.p.;916;;;54901;616082.83;1028544.41;2016-01-05T00:00:00
7407041;574279;Nové Mìsto nad Metují;;;;;410420;Nové Mìsto nad Metují;305812;Družební;è.p.;917;;;54901;616106.30;1028539.32;2016-01-05T00:00:00
7407050;574279;Nové Mìsto nad Metují;;;;;410420;Nové Mìsto nad Metují;305812;Družební;è.p.;918;;;54901;616124.65;1028535.58;2016-01-05T00:00:00
7407068;574279;Nové Mìsto nad Metují;;;;;410420;Nové Mìsto nad Metují;305812;Družební;è.p.;919;;;54901;616143.99;1028529.49;2016-01-05T00:00:00
7407076;574279;Nové Mìsto nad Metují;;;;;410420;Nové Mìsto nad Metují;305812;Družební;è.p.;920;;;54901;616164.09;1028525.17;2016-01-05T00:00:00
7407084;574279;Nové Mìsto nad Metují;;;;;410420;Nové Mìsto nad Metují;305812;Družební;è.p.;921;;;54901;616184.66;1028521.10;2016-01-05T00:00:00
7407092;574279;Nové Mìsto nad Metují;;;;;410420;Nové Mìsto nad Metují;305812;Družební;è.p.;922;;;54901;616232.33;1028509.86;2016-01-05T00:00:00
7407106;574279;Nové Mìsto nad Metují;;;;;410420;Nové Mìsto nad Metují;305812;Družební;è.p.;923;;;54901;616252.33;1028505.86;2016-01-05T00:00:00
7407114;574279;Nové Mìsto nad Metují;;;;;410420;Nové Mìsto nad Metují;305812;Družební;è.p.;924;;;54901;616271.66;1028502.75;2016-01-05T00:00:00
7407122;574279;Nové Mìsto nad Metují;;;;;410420;Nové Mìsto nad Metují;305812;Družební;è.p.;925;;;54901;616290.17;1028499.34;2016-01-05T00:00:00
7407131;574279;Nové Mìsto nad Metují;;;;;410420;Nové Mìsto nad Metují;306495;U Lípy;è.p.;926;;;54901;616327.48;1028506.62;2016-01-05T00:00:00
7407149;574279;Nové Mìsto nad Metují;;;;;410420;Nové Mìsto nad Metují;306592;Vrchovinská;è.p.;927;;;54901;616531.77;1028491.33;2013-12-05T00:00:00
7407157;574279;Nové Mìsto nad Metují;;;;;410420;Nové Mìsto nad Metují;306592;Vrchovinská;è.p.;928;;;54901;616532.69;1028484.94;2013-12-05T00:00:00
7407165;574279;Nové Mìsto nad Metují;;;;;410420;Nové Mìsto nad Metují;306592;Vrchovinská;è.p.;929;;;54901;616534.50;1028476.65;2013-12-05T00:00:00
7407173;574279;Nové Mìsto nad Metují;;;;;410420;Nové Mìsto nad Metují;306592;Vrchovinská;è.p.;930;;;54901;616534.82;1028470.75;2013-12-05T00:00:00
7407181;574279;Nové Mìsto nad Metují;;;;;410420;Nové Mìsto nad Metují;306592;Vrchovinská;è.p.;931;;;54901;616535.43;1028463.85;2013-12-05T00:00:00
7407190;574279;Nové Mìsto nad Metují;;;;;410420;Nové Mìsto nad Metují;306592;Vrchovinská;è.p.;932;;;54901;616536.75;1028456.86;2013-12-05T00:00:00
7407203;574279;Nové Mìsto nad Metují;;;;;410420;Nové Mìsto nad Metují;306592;Vrchovinská;è.p.;933;;;54901;616536.86;1028448.86;2013-12-05T00:00:00
7407211;574279;Nové Mìsto nad Metují;;;;;410420;Nové Mìsto nad Metují;306592;Vrchovinská;è.p.;934;;;54901;616537.16;1028430.04;2013-12-05T00:00:00
7407220;574279;Nové Mìsto nad Metují;;;;;410420;Nové Mìsto nad Metují;306592;Vrchovinská;è.p.;935;;;54901;616538.05;1028412.53;2013-12-05T00:00:00
7407238;574279;Nové Mìsto nad Metují;;;;;410420;Nové Mìsto nad Metují;306592;Vrchovinská;è.p.;936;;;54901;616541.20;1028392.17;2013-12-05T00:00:00
7407246;574279;Nové Mìsto nad Metují;;;;;410420;Nové Mìsto nad Metují;306592;Vrchovinská;è.p.;937;;;54901;616544.81;1028377.91;2013-12-05T00:00:00
7407254;574279;Nové Mìsto nad Metují;;;;;410420;Nové Mìsto nad Metují;306592;Vrchovinská;è.p.;938;;;54901;616545.87;1028370.85;2013-12-05T00:00:00
7407262;574279;Nové Mìsto nad Metují;;;;;410420;Nové Mìsto nad Metují;306592;Vrchovinská;è.p.;939;;;54901;616546.50;1028364.11;2013-12-05T00:00:00
7407271;574279;Nové Mìsto nad Metují;;;;;410420;Nové Mìsto nad Metují;306592;Vrchovinská;è.p.;940;;;54901;616547.66;1028356.95;2013-12-05T00:00:00
7407289;574279;Nové Mìsto nad Metují;;;;;410420;Nové Mìsto nad Metují;306592;Vrchovinská;è.p.;941;;;54901;616548.50;1028349.58;2013-12-05T00:00:00
7407297;574279;Nové Mìsto nad Metují;;;;;410420;Nové Mìsto nad Metují;306592;Vrchovinská;è.p.;942;;;54901;616549.03;1028342.94;2013-12-05T00:00:00
7407301;574279;Nové Mìsto nad Metují;;;;;410420;Nové Mìsto nad Metují;305669;28. øíjna;è.p.;943;;;54901;617321.91;1028647.06;2013-12-05T00:00:00
7407319;574279;Nové Mìsto nad Metují;;;;;410420;Nové Mìsto nad Metují;306592;Vrchovinská;è.p.;944;;;54901;616508.84;1028305.28;2013-12-05T00:00:00
7407327;574279;Nové Mìsto nad Metují;;;;;410420;Nové Mìsto nad Metují;306592;Vrchovinská;è.p.;945;;;54901;616508.13;1028312.63;2013-12-05T00:00:00
7407335;574279;Nové Mìsto nad Metují;;;;;410420;Nové Mìsto nad Metují;306592;Vrchovinská;è.p.;946;;;54901;616507.65;1028319.50;2013-12-05T00:00:00
7407343;574279;Nové Mìsto nad Metují;;;;;410420;Nové Mìsto nad Metují;306592;Vrchovinská;è.p.;947;;;54901;616506.47;1028327.08;2013-12-05T00:00:00
7407351;574279;Nové Mìsto nad Metují;;;;;410420;Nové Mìsto nad Metují;306592;Vrchovinská;è.p.;948;;;54901;616505.99;1028334.43;2013-12-05T00:00:00
7407360;574279;Nové Mìsto nad Metují;;;;;410420;Nové Mìsto nad Metují;306592;Vrchovinská;è.p.;949;;;54901;616504.80;1028342.01;2013-12-05T00:00:00
7407378;574279;Nové Mìsto nad Metují;;;;;410420;Nové Mìsto nad Metují;306592;Vrchovinská;è.p.;950;;;54901;616503.62;1028357.66;2013-12-05T00:00:00
7407386;574279;Nové Mìsto nad Metují;;;;;410420;Nové Mìsto nad Metují;306592;Vrchovinská;è.p.;951;;;54901;616502.19;1028376.62;2013-12-05T00:00:00
7407394;574279;Nové Mìsto nad Metují;;;;;410420;Nové Mìsto nad Metují;306592;Vrchovinská;è.p.;952;;;54901;616499.58;1028398.42;2013-12-05T00:00:00
7407408;574279;Nové Mìsto nad Metují;;;;;410420;Nové Mìsto nad Metují;306592;Vrchovinská;è.p.;953;;;54901;616490.76;1028415.71;2013-12-05T00:00:00
7407416;574279;Nové Mìsto nad Metují;;;;;410420;Nové Mìsto nad Metují;306592;Vrchovinská;è.p.;954;;;54901;616489.82;1028423.26;2013-12-05T00:00:00
7407424;574279;Nové Mìsto nad Metují;;;;;410420;Nové Mìsto nad Metují;306592;Vrchovinská;è.p.;955;;;54901;616488.40;1028431.52;2013-12-05T00:00:00
7407432;574279;Nové Mìsto nad Metují;;;;;410420;Nové Mìsto nad Metují;306592;Vrchovinská;è.p.;956;;;54901;616487.92;1028439.31;2013-12-05T00:00:00
7407441;574279;Nové Mìsto nad Metují;;;;;410420;Nové Mìsto nad Metují;306592;Vrchovinská;è.p.;957;;;54901;616486.74;1028446.62;2013-12-05T00:00:00
7407459;574279;Nové Mìsto nad Metují;;;;;410420;Nové Mìsto nad Metují;306592;Vrchovinská;è.p.;958;;;54901;616485.56;1028454.88;2013-12-05T00:00:00
7407467;574279;Nové Mìsto nad Metují;;;;;410420;Nové Mìsto nad Metují;306592;Vrchovinská;è.p.;959;;;54901;616484.82;1028462.38;2013-12-05T00:00:00
7407475;574279;Nové Mìsto nad Metují;;;;;410420;Nové Mìsto nad Metují;306592;Vrchovinská;è.p.;960;;;54901;616485.09;1028481.07;2013-12-05T00:00:00
7407483;574279;Nové Mìsto nad Metují;;;;;410420;Nové Mìsto nad Metují;305812;Družební;è.p.;961;;;54901;616465.23;1028481.01;2016-01-05T00:00:00
7407491;574279;Nové Mìsto nad Metují;;;;;410420;Nové Mìsto nad Metují;305812;Družební;è.p.;962;;;54901;616445.86;1028478.71;2016-01-05T00:00:00
7407505;574279;Nové Mìsto nad Metují;;;;;410420;Nové Mìsto nad Metují;305812;Družební;è.p.;963;;;54901;616425.30;1028476.12;2016-01-05T00:00:00
7407513;574279;Nové Mìsto nad Metují;;;;;410420;Nové Mìsto nad Metují;306495;U Lípy;è.p.;964;;;54901;616390.28;1028472.68;2016-01-05T00:00:00
7407521;574279;Nové Mìsto nad Metují;;;;;410420;Nové Mìsto nad Metují;306495;U Lípy;è.p.;965;;;54901;616392.27;1028467.09;2016-01-05T00:00:00
7407530;574279;Nové Mìsto nad Metují;;;;;410420;Nové Mìsto nad Metují;306495;U Lípy;è.p.;966;;;54901;616394.40;1028460.84;2016-01-05T00:00:00
7407548;574279;Nové Mìsto nad Metují;;;;;410420;Nové Mìsto nad Metují;306495;U Lípy;è.p.;967;;;54901;616397.47;1028454.94;2016-01-05T00:00:00
7407556;574279;Nové Mìsto nad Metují;;;;;410420;Nové Mìsto nad Metují;306495;U Lípy;è.p.;968;;;54901;616399.95;1028448.92;2016-01-05T00:00:00
7407564;574279;Nové Mìsto nad Metují;;;;;410420;Nové Mìsto nad Metují;306495;U Lípy;è.p.;969;;;54901;616403.57;1028443.01;2016-01-05T00:00:00
7407572;574279;Nové Mìsto nad Metují;;;;;410420;Nové Mìsto nad Metují;306495;U Lípy;è.p.;970;;;54901;616405.27;1028437.36;2016-01-05T00:00:00
7407581;574279;Nové Mìsto nad Metují;;;;;410420;Nové Mìsto nad Metují;306495;U Lípy;è.p.;971;;;54901;616408.25;1028430.94;2016-01-05T00:00:00
7407599;574279;Nové Mìsto nad Metují;;;;;410420;Nové Mìsto nad Metují;306495;U Lípy;è.p.;972;;;54901;616410.33;1028414.06;2016-01-05T00:00:00
7407602;574279;Nové Mìsto nad Metují;;;;;410420;Nové Mìsto nad Metují;306495;U Lípy;è.p.;973;;;54901;616416.50;1028394.15;2016-01-05T00:00:00
7407611;574279;Nové Mìsto nad Metují;;;;;410420;Nové Mìsto nad Metují;306592;Vrchovinská;è.p.;974;;;54901;616448.78;1028413.59;2013-12-05T00:00:00
7407629;574279;Nové Mìsto nad Metují;;;;;410420;Nové Mìsto nad Metují;306592;Vrchovinská;è.p.;975;;;54901;616468.49;1028378.04;2013-12-05T00:00:00
7407637;574279;Nové Mìsto nad Metují;;;;;410420;Nové Mìsto nad Metují;306495;U Lípy;è.p.;976;;;54901;616422.67;1028377.80;2016-01-05T00:00:00
7407645;574279;Nové Mìsto nad Metují;;;;;410420;Nové Mìsto nad Metují;306495;U Lípy;è.p.;977;;;54901;616424.73;1028372.08;2016-01-05T00:00:00
7407653;574279;Nové Mìsto nad Metují;;;;;410420;Nové Mìsto nad Metují;306495;U Lípy;è.p.;978;;;54901;616425.52;1028365.95;2016-01-05T00:00:00
7407661;574279;Nové Mìsto nad Metují;;;;;410420;Nové Mìsto nad Metují;306495;U Lípy;è.p.;979;;;54901;616427.18;1028359.79;2016-01-05T00:00:00
7407670;574279;Nové Mìsto nad Metují;;;;;410420;Nové Mìsto nad Metují;306495;U Lípy;è.p.;980;;;54901;616428.61;1028354.34;2016-01-05T00:00:00
7407688;574279;Nové Mìsto nad Metují;;;;;410420;Nové Mìsto nad Metují;306495;U Lípy;è.p.;981;;;54901;616430.49;1028348.31;2016-01-05T00:00:00
7407696;574279;Nové Mìsto nad Metují;;;;;410420;Nové Mìsto nad Metují;306495;U Lípy;è.p.;982;;;54901;616431.46;1028342.01;2016-01-05T00:00:00
7407700;574279;Nové Mìsto nad Metují;;;;;410420;Nové Mìsto nad Metují;306495;U Lípy;è.p.;983;;;54901;616433.12;1028335.85;2016-01-05T00:00:00
7407718;574279;Nové Mìsto nad Metují;;;;;410420;Nové Mìsto nad Metují;306495;U Lípy;è.p.;984;;;54901;616443.88;1028325.16;2016-01-05T00:00:00
7407726;574279;Nové Mìsto nad Metují;;;;;410420;Nové Mìsto nad Metují;306495;U Lípy;è.p.;985;;;54901;616454.24;1028310.26;2016-01-05T00:00:00
7407734;574279;Nové Mìsto nad Metují;;;;;410420;Nové Mìsto nad Metují;306495;U Lípy;è.p.;986;;;54901;616461.60;1028292.72;2016-01-05T00:00:00
7407742;574279;Nové Mìsto nad Metují;;;;;410420;Nové Mìsto nad Metují;306495;U Lípy;è.p.;987;;;54901;616426.97;1028269.98;2016-01-05T00:00:00
7407751;574279;Nové Mìsto nad Metují;;;;;410420;Nové Mìsto nad Metují;306495;U Lípy;è.p.;989;;;54901;616397.74;1028335.29;2016-01-05T00:00:00
7407769;574279;Nové Mìsto nad Metují;;;;;410420;Nové Mìsto nad Metují;306495;U Lípy;è.p.;990;;;54901;616396.26;1028342.35;2016-01-05T00:00:00
7407777;574279;Nové Mìsto nad Metují;;;;;410420;Nové Mìsto nad Metují;306495;U Lípy;è.p.;991;;;54901;616394.29;1028349.91;2016-01-05T00:00:00
7407785;574279;Nové Mìsto nad Metují;;;;;410420;Nové Mìsto nad Metují;306495;U Lípy;è.p.;992;;;54901;616392.15;1028356.98;2016-01-05T00:00:00
7407793;574279;Nové Mìsto nad Metují;;;;;410420;Nové Mìsto nad Metují;306495;U Lípy;è.p.;993;;;54901;616390.34;1028364.21;2016-01-05T00:00:00
7407807;574279;Nové Mìsto nad Metují;;;;;410420;Nové Mìsto nad Metují;306495;U Lípy;è.p.;994;;;54901;616388.86;1028371.11;2016-01-05T00:00:00
7407815;574279;Nové Mìsto nad Metují;;;;;410420;Nové Mìsto nad Metují;306495;U Lípy;è.p.;995;;;54901;616387.05;1028379.16;2016-01-05T00:00:00
7407823;574279;Nové Mìsto nad Metují;;;;;410420;Nové Mìsto nad Metují;306495;U Lípy;è.p.;996;;;54901;616383.10;1028398.88;2016-01-05T00:00:00
7407831;574279;Nové Mìsto nad Metují;;;;;410420;Nové Mìsto nad Metují;306436;Na Skalce;è.p.;997;;;54901;616361.37;1028393.29;2016-01-05T00:00:00
7407840;574279;Nové Mìsto nad Metují;;;;;410420;Nové Mìsto nad Metují;306436;Na Skalce;è.p.;998;;;54901;616341.62;1028387.21;2016-01-05T00:00:00
7407858;574279;Nové Mìsto nad Metují;;;;;410420;Nové Mìsto nad Metují;306452;Školní;è.p.;999;;;54901;617092.89;1028803.12;2013-12-05T00:00:00
7407866;574279;Nové Mìsto nad Metují;;;;;410420;Nové Mìsto nad Metují;306452;Školní;è.p.;1000;;;54901;617044.73;1028736.21;2013-12-05T00:00:00
7407874;574279;Nové Mìsto nad Metují;;;;;410420;Nové Mìsto nad Metují;305782;Èeských bratøí;è.p.;1001;;;54901;616651.33;1030265.96;2013-12-05T00:00:00
7407882;574279;Nové Mìsto nad Metují;;;;;410420;Nové Mìsto nad Metují;305782;Èeských bratøí;è.p.;1002;;;54901;616627.47;1030266.65;2013-12-05T00:00:00
7407891;574279;Nové Mìsto nad Metují;;;;;410420;Nové Mìsto nad Metují;305782;Èeských bratøí;è.p.;1003;;;54901;616604.12;1030252.14;2013-12-05T00:00:00
7407904;574279;Nové Mìsto nad Metují;;;;;410420;Nové Mìsto nad Metují;305782;Èeských bratøí;è.p.;1004;;;54901;616593.19;1030245.32;2013-12-05T00:00:00
7407912;574279;Nové Mìsto nad Metují;;;;;410420;Nové Mìsto nad Metují;306282;Pod Hradbami;è.p.;1005;;;54901;616585.31;1030235.22;2013-12-05T00:00:00
7407921;574279;Nové Mìsto nad Metují;;;;;410420;Nové Mìsto nad Metují;306339;Pod Výrovem;è.p.;1006;;;54901;616575.77;1030251.96;2013-12-05T00:00:00
7407939;574279;Nové Mìsto nad Metují;;;;;410420;Nové Mìsto nad Metují;305782;Èeských bratøí;è.p.;1008;;;54901;616539.50;1030297.22;2013-12-05T00:00:00
7407947;574279;Nové Mìsto nad Metují;;;;;410420;Nové Mìsto nad Metují;305782;Èeských bratøí;è.p.;1009;;;54901;616531.74;1030310.07;2013-12-05T00:00:00
7407955;574279;Nové Mìsto nad Metují;;;;;410420;Nové Mìsto nad Metují;305782;Èeských bratøí;è.p.;1010;;;54901;616514.91;1030310.81;2013-12-05T00:00:00
7407963;574279;Nové Mìsto nad Metují;;;;;410420;Nové Mìsto nad Metují;305782;Èeských bratøí;è.p.;1011;;;54901;616509.46;1030333.00;2013-12-05T00:00:00
7407971;574279;Nové Mìsto nad Metují;;;;;410420;Nové Mìsto nad Metují;305782;Èeských bratøí;è.p.;1012;;;54901;616497.19;1030353.39;2013-12-05T00:00:00
7407998;574279;Nové Mìsto nad Metují;;;;;410420;Nové Mìsto nad Metují;305782;Èeských bratøí;è.p.;1014;;;54901;616476.83;1030387.62;2013-12-05T00:00:00
7408005;574279;Nové Mìsto nad Metují;;;;;410420;Nové Mìsto nad Metují;305782;Èeských bratøí;è.p.;1015;;;54901;616455.59;1030408.21;2013-12-05T00:00:00
7408021;574279;Nové Mìsto nad Metují;;;;;410420;Nové Mìsto nad Metují;305782;Èeských bratøí;è.p.;1017;;;54901;616450.53;1030519.38;2013-12-05T00:00:00
7408030;574279;Nové Mìsto nad Metují;;;;;410420;Nové Mìsto nad Metují;305782;Èeských bratøí;è.p.;1018;;;54901;616416.34;1030474.89;2013-12-05T00:00:00
7408048;574279;Nové Mìsto nad Metují;;;;;410420;Nové Mìsto nad Metují;305944;Klopotovská;è.p.;1020;;;54901;616329.21;1030597.06;2013-12-05T00:00:00
7408056;574279;Nové Mìsto nad Metují;;;;;410420;Nové Mìsto nad Metují;305944;Klopotovská;è.p.;1022;;;54901;616260.39;1030623.54;2013-12-05T00:00:00
7408064;574279;Nové Mìsto nad Metují;;;;;410420;Nové Mìsto nad Metují;305944;Klopotovská;è.p.;1024;;;54901;616104.55;1030643.64;2013-12-05T00:00:00
7408072;574279;Nové Mìsto nad Metují;;;;;410420;Nové Mìsto nad Metují;305995;Lesní;è.p.;1026;;;54901;616171.53;1030697.78;2013-12-05T00:00:00
7408081;574279;Nové Mìsto nad Metují;;;;;410420;Nové Mìsto nad Metují;305995;Lesní;è.p.;1027;;;54901;616105.30;1030728.49;2013-12-05T00:00:00
7408102;574279;Nové Mìsto nad Metují;;;;;410420;Nové Mìsto nad Metují;305944;Klopotovská;è.p.;1030;;;54901;616277.68;1030646.88;2013-12-05T00:00:00
7408129;574279;Nové Mìsto nad Metují;;;;;410420;Nové Mìsto nad Metují;691925;K Bìlidlu;è.p.;1032;;;54901;616285.29;1030302.54;2013-12-05T00:00:00
7408145;574279;Nové Mìsto nad Metují;;;;;410420;Nové Mìsto nad Metují;306118;Na Táboøe;è.p.;1033;;;54901;616333.54;1030645.85;2013-12-05T00:00:00
7408153;574279;Nové Mìsto nad Metují;;;;;410420;Nové Mìsto nad Metují;305782;Èeských bratøí;è.p.;1034;;;54901;616434.56;1030512.16;2013-12-05T00:00:00
7408161;574279;Nové Mìsto nad Metují;;;;;410420;Nové Mìsto nad Metují;305782;Èeských bratøí;è.p.;1035;;;54901;616489.59;1030459.96;2013-12-05T00:00:00
7408170;574279;Nové Mìsto nad Metují;;;;;410420;Nové Mìsto nad Metují;306371;Rezecká;è.p.;1036;;;54901;616286.43;1029972.17;2013-12-05T00:00:00
7408188;574279;Nové Mìsto nad Metují;;;;;410420;Nové Mìsto nad Metují;305782;Èeských bratøí;è.p.;1037;;;54901;616503.73;1030396.87;2013-12-05T00:00:00
7408196;574279;Nové Mìsto nad Metují;;;;;410420;Nové Mìsto nad Metují;305782;Èeských bratøí;è.p.;1038;;;54901;616517.03;1030379.90;2013-12-05T00:00:00
7408200;574279;Nové Mìsto nad Metují;;;;;410420;Nové Mìsto nad Metují;305782;Èeských bratøí;è.p.;1039;;;54901;616525.62;1030365.21;2013-12-05T00:00:00
7408218;574279;Nové Mìsto nad Metují;;;;;410420;Nové Mìsto nad Metují;305782;Èeských bratøí;è.p.;1040;;;54901;616538.53;1030350.31;2013-12-05T00:00:00
7408226;574279;Nové Mìsto nad Metují;;;;;410420;Nové Mìsto nad Metují;306614;Zelená;è.p.;1041;;;54901;616472.41;1030250.51;2014-01-30T00:00:00
7408234;574279;Nové Mìsto nad Metují;;;;;410420;Nové Mìsto nad Metují;305782;Èeských bratøí;è.p.;1042;;;54901;616553.98;1030316.88;2013-12-05T00:00:00
7408242;574279;Nové Mìsto nad Metují;;;;;410420;Nové Mìsto nad Metují;305782;Èeských bratøí;è.p.;1043;;;54901;616559.75;1030308.59;2013-12-05T00:00:00
7408269;574279;Nové Mìsto nad Metují;;;;;410420;Nové Mìsto nad Metují;306339;Pod Výrovem;è.p.;1045;;;54901;616384.22;1030419.31;2013-12-05T00:00:00
7408277;574279;Nové Mìsto nad Metují;;;;;410420;Nové Mìsto nad Metují;306312;Pod Vinicemi;è.p.;1046;;;54901;616669.86;1030368.43;2013-12-05T00:00:00
7408285;574279;Nové Mìsto nad Metují;;;;;410420;Nové Mìsto nad Metují;306312;Pod Vinicemi;è.p.;1047;;;54901;616817.24;1030220.78;2013-12-05T00:00:00
7408293;574279;Nové Mìsto nad Metují;;;;;410420;Nové Mìsto nad Metují;305782;Èeských bratøí;è.p.;1048;;;54901;616599.26;1030282.85;2013-12-05T00:00:00
7408307;574279;Nové Mìsto nad Metují;;;;;410420;Nové Mìsto nad Metují;305782;Èeských bratøí;è.p.;1049;;;54901;616640.23;1030288.29;2013-12-05T00:00:00
7408315;574279;Nové Mìsto nad Metují;;;;;410420;Nové Mìsto nad Metují;306339;Pod Výrovem;è.p.;1050;;;54901;616560.44;1030254.92;2013-12-05T00:00:00
7408323;574279;Nové Mìsto nad Metují;;;;;410420;Nové Mìsto nad Metují;306339;Pod Výrovem;è.p.;1051;;;54901;616543.73;1030261.85;2013-12-05T00:00:00
7408331;574279;Nové Mìsto nad Metují;;;;;410420;Nové Mìsto nad Metují;306339;Pod Výrovem;è.p.;1052;;;54901;616529.42;1030265.18;2013-12-05T00:00:00
7408340;574279;Nové Mìsto nad Metují;;;;;410420;Nové Mìsto nad Metují;306339;Pod Výrovem;è.p.;1053;;;54901;616520.60;1030285.89;2013-12-05T00:00:00
7408358;574279;Nové Mìsto nad Metují;;;;;410420;Nové Mìsto nad Metují;306339;Pod Výrovem;è.p.;1054;;;54901;616504.90;1030289.23;2013-12-05T00:00:00
7408366;574279;Nové Mìsto nad Metují;;;;;410420;Nové Mìsto nad Metují;306339;Pod Výrovem;è.p.;1055;;;54901;616494.79;1030297.01;2013-12-05T00:00:00
7408374;574279;Nové Mìsto nad Metují;;;;;410420;Nové Mìsto nad Metují;306339;Pod Výrovem;è.p.;1056;;;54901;616426.96;1030373.69;2013-12-05T00:00:00
7408382;574279;Nové Mìsto nad Metují;;;;;410420;Nové Mìsto nad Metují;306339;Pod Výrovem;è.p.;1057;;;54901;616408.79;1030468.84;2013-12-05T00:00:00
7408391;574279;Nové Mìsto nad Metují;;;;;410420;Nové Mìsto nad Metují;306339;Pod Výrovem;è.p.;1058;;;54901;616404.82;1030393.10;2013-12-05T00:00:00
7408404;574279;Nové Mìsto nad Metují;;;;;410420;Nové Mìsto nad Metují;306339;Pod Výrovem;è.p.;1059;;;54901;616418.85;1030354.32;2013-12-05T00:00:00
7408412;574279;Nové Mìsto nad Metují;;;;;410420;Nové Mìsto nad Metují;691925;K Bìlidlu;è.p.;1060;;;54901;616346.73;1030301.48;2013-12-05T00:00:00
7408439;574279;Nové Mìsto nad Metují;;;;;410420;Nové Mìsto nad Metují;306339;Pod Výrovem;è.p.;1061;;;54901;616427.47;1030329.86;2013-12-05T00:00:00
7408447;574279;Nové Mìsto nad Metují;;;;;410420;Nové Mìsto nad Metují;306339;Pod Výrovem;è.p.;1062;;;54901;616449.68;1030309.99;2013-12-05T00:00:00
7408455;574279;Nové Mìsto nad Metují;;;;;410420;Nové Mìsto nad Metují;306339;Pod Výrovem;è.p.;1063;;;54901;616465.32;1030293.84;2013-12-05T00:00:00
7408463;574279;Nové Mìsto nad Metují;;;;;410420;Nové Mìsto nad Metují;306339;Pod Výrovem;è.p.;1064;;;54901;616471.16;1030285.09;2013-12-05T00:00:00
7408471;574279;Nové Mìsto nad Metují;;;;;410420;Nové Mìsto nad Metují;306339;Pod Výrovem;è.p.;1065;;;54901;616471.70;1030277.09;2013-12-05T00:00:00
7408480;574279;Nové Mìsto nad Metují;;;;;410420;Nové Mìsto nad Metují;306614;Zelená;è.p.;1066;;;54901;616471.64;1030268.82;2013-12-05T00:00:00
7408498;574279;Nové Mìsto nad Metují;;;;;410420;Nové Mìsto nad Metují;306614;Zelená;è.p.;1067;;;54901;616512.99;1030235.90;2013-12-05T00:00:00
7408510;574279;Nové Mìsto nad Metují;;;;;410420;Nové Mìsto nad Metují;306614;Zelená;è.p.;1069;;;54901;616527.72;1030201.05;2013-12-05T00:00:00
7408528;574279;Nové Mìsto nad Metují;;;;;410420;Nové Mìsto nad Metují;306614;Zelená;è.p.;1070;;;54901;616511.05;1030189.96;2013-12-05T00:00:00
7408536;574279;Nové Mìsto nad Metují;;;;;410420;Nové Mìsto nad Metují;306614;Zelená;è.p.;1071;;;54901;616537.87;1030172.62;2013-12-05T00:00:00
7408544;574279;Nové Mìsto nad Metují;;;;;410420;Nové Mìsto nad Metují;306614;Zelená;è.p.;1072;;;54901;616534.89;1030150.15;2013-12-05T00:00:00
7408552;574279;Nové Mìsto nad Metují;;;;;410420;Nové Mìsto nad Metují;306614;Zelená;è.p.;1073;;;54901;616550.09;1030145.59;2013-12-05T00:00:00
7408579;574279;Nové Mìsto nad Metují;;;;;410420;Nové Mìsto nad Metují;306614;Zelená;è.p.;1075;;;54901;616565.01;1030132.70;2013-12-05T00:00:00
7408587;574279;Nové Mìsto nad Metují;;;;;410420;Nové Mìsto nad Metují;306614;Zelená;è.p.;1076;;;54901;616569.79;1030114.74;2013-12-05T00:00:00
7408595;574279;Nové Mìsto nad Metují;;;;;410420;Nové Mìsto nad Metují;306282;Pod Hradbami;è.p.;1077;;;54901;616606.15;1030045.13;2014-01-29T00:00:00
7408609;574279;Nové Mìsto nad Metují;;;;;410420;Nové Mìsto nad Metují;306282;Pod Hradbami;è.p.;1078;;;54901;616631.89;1030030.06;2013-12-05T00:00:00
7408617;574279;Nové Mìsto nad Metují;;;;;410420;Nové Mìsto nad Metují;306371;Rezecká;è.p.;1079;;;54901;616319.71;1029908.17;2013-12-05T00:00:00
7408625;574279;Nové Mìsto nad Metují;;;;;410420;Nové Mìsto nad Metují;306282;Pod Hradbami;è.p.;1080;;;54901;616655.31;1030002.96;2013-12-05T00:00:00
7408641;574279;Nové Mìsto nad Metují;;;;;410420;Nové Mìsto nad Metují;306282;Pod Hradbami;è.p.;1082;;;54901;616555.90;1030176.39;2013-12-05T00:00:00
7408650;574279;Nové Mìsto nad Metují;;;;;410420;Nové Mìsto nad Metují;306282;Pod Hradbami;è.p.;1083;;;54901;616568.04;1030173.35;2013-12-05T00:00:00
7408668;574279;Nové Mìsto nad Metují;;;;;410420;Nové Mìsto nad Metují;306282;Pod Hradbami;è.p.;1084;;;54901;616574.84;1030207.41;2013-12-05T00:00:00
7408676;574279;Nové Mìsto nad Metují;;;;;410420;Nové Mìsto nad Metují;306070;Na Hradèanech;è.p.;1085;;;54901;616573.31;1029976.61;2013-12-05T00:00:00
7408684;574279;Nové Mìsto nad Metují;;;;;410420;Nové Mìsto nad Metují;306070;Na Hradèanech;è.p.;1086;;;54901;616547.29;1029948.20;2013-12-05T00:00:00
7408692;574279;Nové Mìsto nad Metují;;;;;410420;Nové Mìsto nad Metují;306070;Na Hradèanech;è.p.;1087;;;54901;616567.71;1029960.13;2013-12-05T00:00:00
7408706;574279;Nové Mìsto nad Metují;;;;;410420;Nové Mìsto nad Metují;306070;Na Hradèanech;è.p.;1088;;;54901;616429.60;1029881.90;2013-12-05T00:00:00
7408714;574279;Nové Mìsto nad Metují;;;;;410420;Nové Mìsto nad Metují;306291;Pod Hradištìm;è.p.;1089;;;54901;616416.58;1029889.80;2013-12-05T00:00:00
7408722;574279;Nové Mìsto nad Metují;;;;;410420;Nové Mìsto nad Metují;306291;Pod Hradištìm;è.p.;1090;;;54901;616438.27;1029908.40;2013-12-05T00:00:00
7408731;574279;Nové Mìsto nad Metují;;;;;410420;Nové Mìsto nad Metují;691925;K Bìlidlu;è.p.;1091;;;54901;616390.64;1030278.05;2013-12-05T00:00:00
7408749;574279;Nové Mìsto nad Metují;;;;;410420;Nové Mìsto nad Metují;306371;Rezecká;è.p.;1092;;;54901;616391.33;1029947.08;2013-12-05T00:00:00
7408765;574279;Nové Mìsto nad Metují;;;;;410420;Nové Mìsto nad Metují;305782;Èeských bratøí;è.p.;1094;;;54901;616634.29;1030251.25;2013-12-05T00:00:00
7408773;574279;Nové Mìsto nad Metují;;;;;410420;Nové Mìsto nad Metují;306070;Na Hradèanech;è.p.;1095;;;54901;616562.41;1029936.89;2013-12-05T00:00:00
7408781;574279;Nové Mìsto nad Metují;;;;;410420;Nové Mìsto nad Metují;306371;Rezecká;è.p.;1096;;;54901;616191.29;1029944.10;2013-12-05T00:00:00
7408790;574279;Nové Mìsto nad Metují;;;;;410420;Nové Mìsto nad Metují;306371;Rezecká;è.p.;1097;;;54901;616352.72;1029963.24;2013-12-05T00:00:00
7408803;574279;Nové Mìsto nad Metují;;;;;410420;Nové Mìsto nad Metují;306371;Rezecká;è.p.;1098;;;54901;616440.50;1029962.27;2013-12-05T00:00:00
7408811;574279;Nové Mìsto nad Metují;;;;;410420;Nové Mìsto nad Metují;306371;Rezecká;è.p.;1099;;;54901;616476.48;1029944.18;2013-12-05T00:00:00
7408820;574279;Nové Mìsto nad Metují;;;;;410420;Nové Mìsto nad Metují;306070;Na Hradèanech;è.p.;1100;;;54901;616481.86;1029917.63;2013-12-05T00:00:00
7408838;574279;Nové Mìsto nad Metují;;;;;410420;Nové Mìsto nad Metují;306371;Rezecká;è.p.;1101;;;54901;616485.39;1030020.47;2013-12-05T00:00:00
7408846;574279;Nové Mìsto nad Metují;;;;;410420;Nové Mìsto nad Metují;306291;Pod Hradištìm;è.p.;1102;;;54901;616436.23;1029925.56;2013-12-05T00:00:00
7408854;574279;Nové Mìsto nad Metují;;;;;410420;Nové Mìsto nad Metují;306339;Pod Výrovem;è.p.;1103;;;54901;616438.82;1030354.11;2013-12-05T00:00:00
7408862;574279;Nové Mìsto nad Metují;;;;;410420;Nové Mìsto nad Metují;306282;Pod Hradbami;è.p.;1104;;;54901;616573.75;1030152.38;2013-12-05T00:00:00
7408889;574279;Nové Mìsto nad Metují;;;;;410420;Nové Mìsto nad Metují;306371;Rezecká;è.p.;1106;;;54901;616217.64;1029974.53;2013-12-05T00:00:00
7408897;574279;Nové Mìsto nad Metují;;;;;410420;Nové Mìsto nad Metují;306118;Na Táboøe;è.p.;1107;;;54901;616342.28;1030631.89;2013-12-05T00:00:00
7408901;574279;Nové Mìsto nad Metují;;;;;410420;Nové Mìsto nad Metují;306614;Zelená;è.p.;1108;;;54901;616571.83;1030082.52;2013-12-05T00:00:00
7408943;574279;Nové Mìsto nad Metují;;;;;410420;Nové Mìsto nad Metují;306371;Rezecká;è.p.;1112;;;54901;616005.47;1030016.36;2013-12-05T00:00:00
7408960;574279;Nové Mìsto nad Metují;;;;;410420;Nové Mìsto nad Metují;305944;Klopotovská;è.p.;1114;;;54901;616201.66;1030654.05;2013-12-05T00:00:00
7408986;574279;Nové Mìsto nad Metují;;;;;410420;Nové Mìsto nad Metují;306371;Rezecká;è.p.;1116;;;54901;616195.54;1029987.76;2016-04-20T00:00:00
7408994;574279;Nové Mìsto nad Metují;;;;;410420;Nové Mìsto nad Metují;306339;Pod Výrovem;è.p.;1117;;;54901;616506.65;1030270.81;2013-12-05T00:00:00
7409001;574279;Nové Mìsto nad Metují;;;;;410420;Nové Mìsto nad Metují;306371;Rezecká;è.p.;1118;;;54901;616138.06;1029987.49;2013-12-05T00:00:00
7409010;574279;Nové Mìsto nad Metují;;;;;410420;Nové Mìsto nad Metují;306371;Rezecká;è.p.;1119;;;54901;616096.32;1029972.52;2013-12-05T00:00:00
7409028;574279;Nové Mìsto nad Metují;;;;;410420;Nové Mìsto nad Metují;305782;Èeských bratøí;è.p.;1120;;;54901;616545.75;1030285.63;2013-12-05T00:00:00
7409036;574279;Nové Mìsto nad Metují;;;;;410420;Nové Mìsto nad Metují;306371;Rezecká;è.p.;1121;;;54901;616238.67;1029966.27;2013-12-05T00:00:00
7409044;574279;Nové Mìsto nad Metují;;;;;410420;Nové Mìsto nad Metují;306371;Rezecká;è.p.;1122;;;54901;616269.15;1029915.90;2013-12-05T00:00:00
7409052;574279;Nové Mìsto nad Metují;;;;;410420;Nové Mìsto nad Metují;306291;Pod Hradištìm;è.p.;1123;;;54901;616430.97;1029893.89;2013-12-05T00:00:00
7409061;574279;Nové Mìsto nad Metují;;;;;410420;Nové Mìsto nad Metují;305944;Klopotovská;è.p.;1124;;;54901;616083.08;1030646.58;2013-12-05T00:00:00
7409079;574279;Nové Mìsto nad Metují;;;;;410420;Nové Mìsto nad Metují;306118;Na Táboøe;è.p.;1125;;;54901;616256.78;1030714.02;2013-12-05T00:00:00
7409087;574279;Nové Mìsto nad Metují;;;;;410420;Nové Mìsto nad Metují;306291;Pod Hradištìm;è.p.;1126;;;54901;616370.55;1029882.46;2013-12-05T00:00:00
7409095;574279;Nové Mìsto nad Metují;;;;;410420;Nové Mìsto nad Metují;306371;Rezecká;è.p.;1127;;;54901;616246.02;1029938.82;2013-12-05T00:00:00
7409109;574279;Nové Mìsto nad Metují;;;;;410420;Nové Mìsto nad Metují;306371;Rezecká;è.p.;1128;;;54901;616066.28;1030012.29;2013-12-05T00:00:00
7409117;574279;Nové Mìsto nad Metují;;;;;410420;Nové Mìsto nad Metují;306568;Ve Vilách;è.p.;1129;;;54901;615320.61;1030137.97;2013-12-05T00:00:00
7409125;574279;Nové Mìsto nad Metují;;;;;410420;Nové Mìsto nad Metují;306291;Pod Hradištìm;è.p.;1130;;;54901;616389.00;1029905.84;2013-12-05T00:00:00
7409133;574279;Nové Mìsto nad Metují;;;;;410420;Nové Mìsto nad Metují;306568;Ve Vilách;è.p.;1131;;;54901;615323.52;1030163.28;2013-12-05T00:00:00
7409141;574279;Nové Mìsto nad Metují;;;;;410420;Nové Mìsto nad Metují;306380;Rezek;è.p.;1132;;;54901;615231.34;1029935.88;2013-12-05T00:00:00
7409150;574279;Nové Mìsto nad Metují;;;;;410420;Nové Mìsto nad Metují;306380;Rezek;è.p.;1133;;;54901;615234.12;1029902.51;2013-12-05T00:00:00
7409168;574279;Nové Mìsto nad Metují;;;;;410420;Nové Mìsto nad Metují;306371;Rezecká;è.p.;1134;;;54901;616341.86;1029931.79;2013-12-05T00:00:00
7409176;574279;Nové Mìsto nad Metují;;;;;410420;Nové Mìsto nad Metují;306070;Na Hradèanech;è.p.;1135;;;54901;616457.58;1029860.22;2013-12-05T00:00:00
7409184;574279;Nové Mìsto nad Metují;;;;;410420;Nové Mìsto nad Metují;306371;Rezecká;è.p.;1136;;;54901;616116.09;1029964.72;2013-12-05T00:00:00
7409192;574279;Nové Mìsto nad Metují;;;;;410420;Nové Mìsto nad Metují;306070;Na Hradèanech;è.p.;1137;;;54901;616426.42;1029852.65;2013-12-05T00:00:00
7409206;574279;Nové Mìsto nad Metují;;;;;410420;Nové Mìsto nad Metují;306568;Ve Vilách;è.p.;1138;;;54901;615338.19;1030265.24;2013-12-05T00:00:00
7409214;574279;Nové Mìsto nad Metují;;;;;410420;Nové Mìsto nad Metují;306568;Ve Vilách;è.p.;1139;;;54901;615434.94;1030057.90;2013-12-05T00:00:00
7409222;574279;Nové Mìsto nad Metují;;;;;410420;Nové Mìsto nad Metují;305782;Èeských bratøí;è.p.;1140;;;54901;616465.93;1030395.87;2013-12-05T00:00:00
7409231;574279;Nové Mìsto nad Metují;;;;;410420;Nové Mìsto nad Metují;306339;Pod Výrovem;è.p.;1141;;;54901;616459.13;1030304.86;2013-12-05T00:00:00
7409249;574279;Nové Mìsto nad Metují;;;;;410420;Nové Mìsto nad Metují;306568;Ve Vilách;è.p.;1142;;;54901;615313.93;1030257.91;2013-12-05T00:00:00
7409257;574279;Nové Mìsto nad Metují;;;;;410420;Nové Mìsto nad Metují;305782;Èeských bratøí;è.p.;1143;;;54901;616501.34;1030425.27;2013-12-05T00:00:00
7409265;574279;Nové Mìsto nad Metují;;;;;410420;Nové Mìsto nad Metují;306371;Rezecká;è.p.;1144;;;54901;616391.63;1029976.94;2013-12-05T00:00:00
7409273;574279;Nové Mìsto nad Metují;;;;;410420;Nové Mìsto nad Metují;305782;Èeských bratøí;è.p.;1145;;;54901;616433.66;1030442.50;2013-12-05T00:00:00
7409281;574279;Nové Mìsto nad Metují;;;;;410420;Nové Mìsto nad Metují;305782;Èeských bratøí;è.p.;1146;;;54901;616567.21;1030300.43;2013-12-05T00:00:00
7409290;574279;Nové Mìsto nad Metují;;;;;410420;Nové Mìsto nad Metují;305944;Klopotovská;è.p.;1147;;;54901;616307.60;1030606.75;2013-12-05T00:00:00
7409303;574279;Nové Mìsto nad Metují;;;;;410420;Nové Mìsto nad Metují;305995;Lesní;è.p.;1148;;;54901;615933.14;1030753.25;2013-12-05T00:00:00
7409311;574279;Nové Mìsto nad Metují;;;;;410420;Nové Mìsto nad Metují;306568;Ve Vilách;è.p.;1149;;;54901;615301.77;1030207.04;2013-12-05T00:00:00
7409320;574279;Nové Mìsto nad Metují;;;;;410420;Nové Mìsto nad Metují;305944;Klopotovská;è.p.;1150;;;54901;616052.51;1030685.39;2013-12-05T00:00:00
7409338;574279;Nové Mìsto nad Metují;;;;;410420;Nové Mìsto nad Metují;306339;Pod Výrovem;è.p.;1151;;;54901;616460.12;1030334.54;2013-12-05T00:00:00
7409346;574279;Nové Mìsto nad Metují;;;;;410420;Nové Mìsto nad Metují;306371;Rezecká;è.p.;1152;;;54901;616158.96;1030011.17;2013-12-05T00:00:00
7409354;574279;Nové Mìsto nad Metují;;;;;410420;Nové Mìsto nad Metují;306568;Ve Vilách;è.p.;1153;;;54901;615316.04;1030241.57;2013-12-05T00:00:00
7409362;574279;Nové Mìsto nad Metují;;;;;410420;Nové Mìsto nad Metují;306568;Ve Vilách;è.p.;1154;;;54901;615376.37;1030224.46;2013-12-05T00:00:00
7409371;574279;Nové Mìsto nad Metují;;;;;410420;Nové Mìsto nad Metují;306118;Na Táboøe;è.p.;1155;;;54901;616411.93;1030590.52;2013-12-05T00:00:00
7409389;574279;Nové Mìsto nad Metují;;;;;410420;Nové Mìsto nad Metují;305995;Lesní;è.p.;1156;;;54901;616069.56;1030727.69;2013-12-05T00:00:00
7409397;574279;Nové Mìsto nad Metují;;;;;410420;Nové Mìsto nad Metují;305995;Lesní;è.p.;1157;;;54901;615989.74;1030717.90;2013-12-05T00:00:00
7409401;574279;Nové Mìsto nad Metují;;;;;410420;Nové Mìsto nad Metují;305995;Lesní;è.p.;1158;;;54901;615981.39;1030717.62;2013-12-05T00:00:00
7409419;574279;Nové Mìsto nad Metují;;;;;410420;Nové Mìsto nad Metují;305995;Lesní;è.p.;1159;;;54901;616082.80;1030727.11;2013-12-05T00:00:00
7409427;574279;Nové Mìsto nad Metují;;;;;410420;Nové Mìsto nad Metují;306371;Rezecká;è.p.;1160;;;54901;616453.71;1030017.66;2013-12-05T00:00:00
7409435;574279;Nové Mìsto nad Metují;;;;;410420;Nové Mìsto nad Metují;306070;Na Hradèanech;è.p.;1161;;;54901;616471.38;1029909.82;2013-12-05T00:00:00
7409443;574279;Nové Mìsto nad Metují;;;;;410420;Nové Mìsto nad Metují;306371;Rezecká;è.p.;1163;;;54901;616507.41;1029954.25;2013-12-05T00:00:00
7409451;574279;Nové Mìsto nad Metují;;;;;410420;Nové Mìsto nad Metují;306371;Rezecká;è.p.;1164;;;54901;616091.50;1030001.72;2013-12-05T00:00:00
7409460;574279;Nové Mìsto nad Metují;;;;;410420;Nové Mìsto nad Metují;306371;Rezecká;è.p.;1166;;;54901;616018.68;1029994.21;2013-12-05T00:00:00
7409486;574279;Nové Mìsto nad Metují;;;;;410420;Nové Mìsto nad Metují;306614;Zelená;è.p.;1168;;;54901;616565.22;1030071.14;2013-12-05T00:00:00
7409494;574279;Nové Mìsto nad Metují;;;;;410420;Nové Mìsto nad Metují;691925;K Bìlidlu;è.p.;1169;;;54901;616282.22;1030332.98;2013-12-05T00:00:00
7409524;574279;Nové Mìsto nad Metují;;;;;410420;Nové Mìsto nad Metují;306070;Na Hradèanech;è.p.;1171;;;54901;616463.48;1029905.41;2013-12-05T00:00:00
7409532;574279;Nové Mìsto nad Metují;;;;;410420;Nové Mìsto nad Metují;305782;Èeských bratøí;è.p.;1172;;;54901;616485.77;1030371.13;2017-01-31T00:00:00
7409541;574279;Nové Mìsto nad Metují;;;;;410420;Nové Mìsto nad Metují;306444;Studýnka;è.p.;1186;;;54901;615444.69;1029308.74;2013-12-05T00:00:00
7409559;574279;Nové Mìsto nad Metují;;;;;410420;Nové Mìsto nad Metují;306444;Studýnka;è.p.;1187;;;54901;615362.62;1029343.65;2013-12-05T00:00:00
7409567;574279;Nové Mìsto nad Metují;;;;;410420;Nové Mìsto nad Metují;305707;Bradla;è.p.;1191;;;54901;614372.32;1030128.86;2013-12-05T00:00:00
7409575;574279;Nové Mìsto nad Metují;;;;;410420;Nové Mìsto nad Metují;305707;Bradla;è.p.;1192;;;54901;614395.95;1030128.74;2013-12-05T00:00:00
7409591;574279;Nové Mìsto nad Metují;;;;;410420;Nové Mìsto nad Metují;305707;Bradla;è.p.;1194;;;54901;614421.11;1030135.13;2013-12-05T00:00:00
7409605;574279;Nové Mìsto nad Metují;;;;;410420;Nové Mìsto nad Metují;305707;Bradla;è.p.;1195;;;54901;614432.93;1030138.29;2013-12-05T00:00:00
7409613;574279;Nové Mìsto nad Metují;;;;;410420;Nové Mìsto nad Metují;305707;Bradla;è.p.;1196;;;54901;614451.60;1030139.55;2013-12-05T00:00:00
7409621;574279;Nové Mìsto nad Metují;;;;;410420;Nové Mìsto nad Metují;305707;Bradla;è.p.;1197;;;54901;614365.23;1030128.24;2013-12-05T00:00:00
7409630;574279;Nové Mìsto nad Metují;;;;;410420;Nové Mìsto nad Metují;305910;Husovo námìstí;è.p.;1201;;;54901;616856.57;1030136.16;2013-12-05T00:00:00
7409648;574279;Nové Mìsto nad Metují;;;;;410420;Nové Mìsto nad Metují;305910;Husovo námìstí;è.p.;1202;;;54901;616836.82;1030086.20;2013-12-05T00:00:00
7409656;574279;Nové Mìsto nad Metují;;;;;410420;Nové Mìsto nad Metují;305910;Husovo námìstí;è.p.;1203;;;54901;616779.07;1030066.67;2013-12-05T00:00:00
7409664;574279;Nové Mìsto nad Metují;;;;;410420;Nové Mìsto nad Metují;305910;Husovo námìstí;è.p.;1204;;;54901;616770.75;1030064.45;2013-12-05T00:00:00
7409672;574279;Nové Mìsto nad Metují;;;;;410420;Nové Mìsto nad Metují;305910;Husovo námìstí;è.p.;1205;;;54901;616762.44;1030062.46;2013-12-05T00:00:00
7409681;574279;Nové Mìsto nad Metují;;;;;410420;Nové Mìsto nad Metují;305910;Husovo námìstí;è.p.;1206;;;54901;616752.60;1030059.30;2013-12-05T00:00:00
7409699;574279;Nové Mìsto nad Metují;;;;;410420;Nové Mìsto nad Metují;305910;Husovo námìstí;è.p.;1207;;;54901;616743.23;1030054.63;2013-12-05T00:00:00
7409702;574279;Nové Mìsto nad Metují;;;;;410420;Nové Mìsto nad Metují;305910;Husovo námìstí;è.p.;1208;;;54901;616732.69;1030051.23;2013-12-05T00:00:00
7409711;574279;Nové Mìsto nad Metují;;;;;410420;Nové Mìsto nad Metují;305910;Husovo námìstí;è.p.;1209;;;54901;616722.62;1030045.86;2013-12-05T00:00:00
7409729;574279;Nové Mìsto nad Metují;;;;;410420;Nové Mìsto nad Metují;306517;U Zázvorky;è.p.;1210;;;54901;616730.63;1030019.72;2013-12-05T00:00:00
7409737;574279;Nové Mìsto nad Metují;;;;;410420;Nové Mìsto nad Metují;306142;Na Zadomí;è.p.;1211;;;54901;616821.40;1030162.06;2013-12-05T00:00:00
7409745;574279;Nové Mìsto nad Metují;;;;;410420;Nové Mìsto nad Metují;306517;U Zázvorky;è.p.;1212;;;54901;616704.61;1030022.14;2013-12-05T00:00:00
7409753;574279;Nové Mìsto nad Metují;;;;;410420;Nové Mìsto nad Metují;306517;U Zázvorky;è.p.;1213;;;54901;616697.90;1030041.19;2013-12-05T00:00:00
7409761;574279;Nové Mìsto nad Metují;;;;;410420;Nové Mìsto nad Metují;306517;U Zázvorky;è.p.;1214;;;54901;616698.67;1030053.59;2013-12-05T00:00:00
7409770;574279;Nové Mìsto nad Metují;;;;;410420;Nové Mìsto nad Metují;305910;Husovo námìstí;è.p.;1215;;;54901;616695.60;1030062.59;2013-12-05T00:00:00
7409788;574279;Nové Mìsto nad Metují;;;;;410420;Nové Mìsto nad Metují;305910;Husovo námìstí;è.p.;1216;;;54901;616692.73;1030068.10;2013-12-05T00:00:00
7409796;574279;Nové Mìsto nad Metují;;;;;410420;Nové Mìsto nad Metují;305910;Husovo námìstí;è.p.;1217;;;54901;616689.56;1030075.77;2013-12-05T00:00:00
7409800;574279;Nové Mìsto nad Metují;;;;;410420;Nové Mìsto nad Metují;305910;Husovo námìstí;è.p.;1218;;;54901;616683.98;1030083.81;2013-12-05T00:00:00
7409818;574279;Nové Mìsto nad Metují;;;;;410420;Nové Mìsto nad Metují;305910;Husovo námìstí;è.p.;1219;;;54901;616678.91;1030095.28;2013-12-05T00:00:00
7409826;574279;Nové Mìsto nad Metují;;;;;410420;Nové Mìsto nad Metují;305910;Husovo námìstí;è.p.;1220;;;54901;616673.47;1030104.34;2013-12-05T00:00:00
7409834;574279;Nové Mìsto nad Metují;;;;;410420;Nové Mìsto nad Metují;305910;Husovo námìstí;è.p.;1221;;;54901;616669.09;1030113.88;2013-12-05T00:00:00
7409842;574279;Nové Mìsto nad Metují;;;;;410420;Nové Mìsto nad Metují;305910;Husovo námìstí;è.p.;1222;;;54901;616662.95;1030121.74;2013-12-05T00:00:00
7409851;574279;Nové Mìsto nad Metují;;;;;410420;Nové Mìsto nad Metují;305910;Husovo námìstí;è.p.;1223;;;54901;616657.94;1030130.74;2013-12-05T00:00:00
7409869;574279;Nové Mìsto nad Metují;;;;;410420;Nové Mìsto nad Metují;305910;Husovo námìstí;è.p.;1224;;;54901;616646.68;1030138.71;2013-12-05T00:00:00
7409877;574279;Nové Mìsto nad Metují;;;;;410420;Nové Mìsto nad Metují;305910;Husovo námìstí;è.p.;1225;;;54901;616642.22;1030154.63;2013-12-05T00:00:00
7409885;574279;Nové Mìsto nad Metují;;;;;410420;Nové Mìsto nad Metují;306142;Na Zadomí;è.p.;1226;;;54901;616618.38;1030121.19;2014-01-30T00:00:00
7409893;574279;Nové Mìsto nad Metují;;;;;410420;Nové Mìsto nad Metují;305910;Husovo námìstí;è.p.;1227;;;54901;616643.62;1030195.70;2013-12-05T00:00:00
7409907;574279;Nové Mìsto nad Metují;;;;;410420;Nové Mìsto nad Metují;305910;Husovo námìstí;è.p.;1228;;;54901;616651.15;1030199.03;2013-12-05T00:00:00
7409915;574279;Nové Mìsto nad Metují;;;;;410420;Nové Mìsto nad Metují;305910;Husovo námìstí;è.p.;1229;;;54901;616657.09;1030206.39;2013-12-05T00:00:00
7409923;574279;Nové Mìsto nad Metují;;;;;410420;Nové Mìsto nad Metují;305910;Husovo námìstí;è.p.;1230;;;54901;616666.41;1030209.59;2013-12-05T00:00:00
7409931;574279;Nové Mìsto nad Metují;;;;;410420;Nové Mìsto nad Metují;305910;Husovo námìstí;è.p.;1231;;;54901;616675.03;1030214.40;2013-12-05T00:00:00
7409940;574279;Nové Mìsto nad Metují;;;;;410420;Nové Mìsto nad Metují;305910;Husovo námìstí;è.p.;1232;;;54901;616685.86;1030217.40;2013-12-05T00:00:00
7409958;574279;Nové Mìsto nad Metují;;;;;410420;Nové Mìsto nad Metují;306142;Na Zadomí;è.p.;1233;;;54901;616667.41;1030236.41;2013-12-05T00:00:00
7409966;574279;Nové Mìsto nad Metují;;;;;410420;Nové Mìsto nad Metují;306142;Na Zadomí;è.p.;1234;;;54901;616703.56;1030241.81;2013-12-05T00:00:00
7409974;574279;Nové Mìsto nad Metují;;;;;410420;Nové Mìsto nad Metují;305910;Husovo námìstí;è.p.;1235;;;54901;616710.81;1030215.98;2013-12-05T00:00:00
7409982;574279;Nové Mìsto nad Metují;;;;;410420;Nové Mìsto nad Metují;305910;Husovo námìstí;è.p.;1236;;;54901;616717.26;1030209.64;2013-12-05T00:00:00
7409991;574279;Nové Mìsto nad Metují;;;;;410420;Nové Mìsto nad Metují;305910;Husovo námìstí;è.p.;1237;;;54901;616723.40;1030201.22;2013-12-05T00:00:00
7410000;574279;Nové Mìsto nad Metují;;;;;410420;Nové Mìsto nad Metují;305910;Husovo námìstí;è.p.;1238;;;54901;616732.03;1030193.99;2013-12-05T00:00:00
7410018;574279;Nové Mìsto nad Metují;;;;;410420;Nové Mìsto nad Metují;305910;Husovo námìstí;è.p.;1239;;;54901;616739.47;1030184.49;2013-12-05T00:00:00
7410026;574279;Nové Mìsto nad Metují;;;;;410420;Nové Mìsto nad Metují;305910;Husovo námìstí;è.p.;1240;;;54901;616746.51;1030174.39;2013-12-05T00:00:00
7410034;574279;Nové Mìsto nad Metují;;;;;410420;Nové Mìsto nad Metují;305910;Husovo námìstí;è.p.;1241;;;54901;616748.30;1030160.82;2013-12-05T00:00:00
7410042;574279;Nové Mìsto nad Metují;;;;;410420;Nové Mìsto nad Metují;305910;Husovo námìstí;è.p.;1242;;;54901;616761.39;1030156.67;2013-12-05T00:00:00
7410051;574279;Nové Mìsto nad Metují;;;;;410420;Nové Mìsto nad Metují;305910;Husovo námìstí;è.p.;1243;;;54901;616764.76;1030146.17;2013-12-05T00:00:00
7410069;574279;Nové Mìsto nad Metují;;;;;410420;Nové Mìsto nad Metují;305910;Husovo námìstí;è.p.;1244;;;54901;616766.94;1030137.26;2013-12-05T00:00:00
7410077;574279;Nové Mìsto nad Metují;;;;;410420;Nové Mìsto nad Metují;305910;Husovo námìstí;è.p.;1245;;;54901;616772.00;1030130.13;2014-01-30T00:00:00
7410085;574279;Nové Mìsto nad Metují;;;;;410420;Nové Mìsto nad Metují;306142;Na Zadomí;è.p.;1246;;;54901;616610.44;1030141.29;2013-12-05T00:00:00
7410093;574279;Nové Mìsto nad Metují;;;;;410420;Nové Mìsto nad Metují;306142;Na Zadomí;è.p.;1247;;;54901;616777.85;1030194.69;2013-12-05T00:00:00
7410107;574279;Nové Mìsto nad Metují;;;;;410420;Nové Mìsto nad Metují;306142;Na Zadomí;è.p.;1248;;;54901;616764.43;1030204.72;2013-12-05T00:00:00
7410123;574279;Nové Mìsto nad Metují;;;;;410420;Nové Mìsto nad Metují;306142;Na Zadomí;è.p.;1253;;;54901;616660.44;1030085.05;2013-12-05T00:00:00
7410131;574279;Nové Mìsto nad Metují;;;;;410420;Nové Mìsto nad Metují;306177;Nad Stadionem;è.p.;1300;;;54901;616923.84;1028619.64;2013-12-05T00:00:00
7410140;574279;Nové Mìsto nad Metují;;;;;410420;Nové Mìsto nad Metují;306177;Nad Stadionem;è.p.;1301;;;54901;616921.02;1028638.32;2013-12-05T00:00:00
7410158;574279;Nové Mìsto nad Metují;;;;;410420;Nové Mìsto nad Metují;306177;Nad Stadionem;è.p.;1302;;;54901;616918.49;1028656.11;2013-12-05T00:00:00
7410166;574279;Nové Mìsto nad Metují;;;;;410420;Nové Mìsto nad Metují;306177;Nad Stadionem;è.p.;1303;;;54901;616915.63;1028692.69;2013-12-05T00:00:00
7410174;574279;Nové Mìsto nad Metují;;;;;410420;Nové Mìsto nad Metují;306177;Nad Stadionem;è.p.;1304;;;54901;616912.06;1028713.25;2013-12-05T00:00:00
7410182;574279;Nové Mìsto nad Metují;;;;;410420;Nové Mìsto nad Metují;306177;Nad Stadionem;è.p.;1305;;;54901;616909.94;1028726.88;2013-12-05T00:00:00
7410191;574279;Nové Mìsto nad Metují;;;;;410420;Nové Mìsto nad Metují;306177;Nad Stadionem;è.p.;1306;;;54901;616958.88;1028629.57;2013-12-05T00:00:00
7410204;574279;Nové Mìsto nad Metují;;;;;410420;Nové Mìsto nad Metují;306177;Nad Stadionem;è.p.;1307;;;54901;616956.65;1028647.81;2019-03-13T00:00:00
7410212;574279;Nové Mìsto nad Metují;;;;;410420;Nové Mìsto nad Metují;306177;Nad Stadionem;è.p.;1308;;;54901;616954.82;1028660.98;2019-03-13T00:00:00
7410221;574279;Nové Mìsto nad Metují;;;;;410420;Nové Mìsto nad Metují;306177;Nad Stadionem;è.p.;1309;;;54901;616949.50;1028699.06;2013-12-05T00:00:00
7410239;574279;Nové Mìsto nad Metují;;;;;410420;Nové Mìsto nad Metují;306177;Nad Stadionem;è.p.;1310;;;54901;616947.25;1028716.25;2013-12-05T00:00:00
7410247;574279;Nové Mìsto nad Metují;;;;;410420;Nové Mìsto nad Metují;306177;Nad Stadionem;è.p.;1311;;;54901;616945.50;1028736.50;2013-12-05T00:00:00
7410255;574279;Nové Mìsto nad Metují;;;;;410420;Nové Mìsto nad Metují;306177;Nad Stadionem;è.p.;1312;;;54901;616914.75;1028774.06;2013-12-05T00:00:00
7410263;574279;Nové Mìsto nad Metují;;;;;410420;Nové Mìsto nad Metují;306177;Nad Stadionem;è.p.;1313;;;54901;616921.88;1028789.63;2013-12-05T00:00:00
7410271;574279;Nové Mìsto nad Metují;;;;;410420;Nové Mìsto nad Metují;306177;Nad Stadionem;è.p.;1314;;;54901;616930.38;1028805.38;2013-12-05T00:00:00
7410280;574279;Nové Mìsto nad Metují;;;;;410420;Nové Mìsto nad Metují;306177;Nad Stadionem;è.p.;1315;;;54901;616942.69;1028831.88;2013-12-05T00:00:00
7410298;574279;Nové Mìsto nad Metují;;;;;410420;Nové Mìsto nad Metují;306177;Nad Stadionem;è.p.;1316;;;54901;616951.06;1028849.31;2013-12-05T00:00:00
7410301;574279;Nové Mìsto nad Metují;;;;;410420;Nové Mìsto nad Metují;306177;Nad Stadionem;è.p.;1317;;;54901;616958.25;1028864.31;2013-12-05T00:00:00
7410310;574279;Nové Mìsto nad Metují;;;;;410420;Nové Mìsto nad Metují;306177;Nad Stadionem;è.p.;1318;;;54901;616949.52;1028766.15;2013-12-05T00:00:00
7410328;574279;Nové Mìsto nad Metují;;;;;410420;Nové Mìsto nad Metují;306177;Nad Stadionem;è.p.;1319;;;54901;616957.65;1028782.82;2019-03-13T00:00:00
7410336;574279;Nové Mìsto nad Metují;;;;;410420;Nové Mìsto nad Metují;306177;Nad Stadionem;è.p.;1320;;;54901;616965.65;1028798.79;2019-03-13T00:00:00
7410344;574279;Nové Mìsto nad Metují;;;;;410420;Nové Mìsto nad Metují;306177;Nad Stadionem;è.p.;1321;;;54901;616978.14;1028823.45;2013-12-05T00:00:00
7410352;574279;Nové Mìsto nad Metují;;;;;410420;Nové Mìsto nad Metují;306177;Nad Stadionem;è.p.;1322;;;54901;616986.89;1028840.48;2013-12-05T00:00:00
7410361;574279;Nové Mìsto nad Metují;;;;;410420;Nové Mìsto nad Metují;306177;Nad Stadionem;è.p.;1323;;;54901;616994.09;1028856.61;2013-12-05T00:00:00
7410379;574279;Nové Mìsto nad Metují;;;;;410420;Nové Mìsto nad Metují;306495;U Lípy;è.p.;1324;;;54901;616370.36;1028423.03;2016-01-05T00:00:00
7410387;574279;Nové Mìsto nad Metují;;;;;410420;Nové Mìsto nad Metují;306495;U Lípy;è.p.;1325;;;54901;616370.39;1028430.66;2016-01-05T00:00:00
7410395;574279;Nové Mìsto nad Metují;;;;;410420;Nové Mìsto nad Metují;306495;U Lípy;è.p.;1326;;;54901;616366.90;1028437.64;2016-01-05T00:00:00
7410409;574279;Nové Mìsto nad Metují;;;;;410420;Nové Mìsto nad Metují;306495;U Lípy;è.p.;1327;;;54901;616364.28;1028444.91;2016-01-05T00:00:00
7410417;574279;Nové Mìsto nad Metují;;;;;410420;Nové Mìsto nad Metují;306495;U Lípy;è.p.;1328;;;54901;616361.37;1028452.17;2016-01-05T00:00:00
7410425;574279;Nové Mìsto nad Metují;;;;;410420;Nové Mìsto nad Metují;306495;U Lípy;è.p.;1329;;;54901;616353.80;1028456.53;2016-01-05T00:00:00
7410433;574279;Nové Mìsto nad Metují;;;;;410420;Nové Mìsto nad Metují;306495;U Lípy;è.p.;1330;;;54901;616351.18;1028463.22;2016-01-05T00:00:00
7410441;574279;Nové Mìsto nad Metují;;;;;410420;Nové Mìsto nad Metují;306495;U Lípy;è.p.;1331;;;54901;616342.73;1028468.45;2016-01-05T00:00:00
7410450;574279;Nové Mìsto nad Metují;;;;;410420;Nové Mìsto nad Metují;305812;Družební;è.p.;1332;;;54901;616324.02;1028464.56;2016-01-05T00:00:00
7410468;574279;Nové Mìsto nad Metují;;;;;410420;Nové Mìsto nad Metují;305812;Družební;è.p.;1333;;;54901;616305.17;1028464.68;2016-01-05T00:00:00
7410476;574279;Nové Mìsto nad Metují;;;;;410420;Nové Mìsto nad Metují;305812;Družební;è.p.;1334;;;54901;616285.81;1028468.06;2016-01-05T00:00:00
7410484;574279;Nové Mìsto nad Metují;;;;;410420;Nové Mìsto nad Metují;305812;Družební;è.p.;1335;;;54901;616267.61;1028467.58;2016-01-05T00:00:00
7410492;574279;Nové Mìsto nad Metují;;;;;410420;Nové Mìsto nad Metují;305812;Družební;è.p.;1336;;;54901;616235.98;1028474.09;2016-01-05T00:00:00
7410506;574279;Nové Mìsto nad Metují;;;;;410420;Nové Mìsto nad Metují;306321;Pod Vodojemem;è.p.;1337;;;54901;616244.86;1028459.12;2016-01-05T00:00:00
7410514;574279;Nové Mìsto nad Metují;;;;;410420;Nové Mìsto nad Metují;306321;Pod Vodojemem;è.p.;1338;;;54901;616254.98;1028441.02;2016-01-05T00:00:00
7410522;574279;Nové Mìsto nad Metují;;;;;410420;Nové Mìsto nad Metují;306321;Pod Vodojemem;è.p.;1339;;;54901;616266.73;1028417.00;2016-01-05T00:00:00
7410531;574279;Nové Mìsto nad Metují;;;;;410420;Nové Mìsto nad Metují;306321;Pod Vodojemem;è.p.;1340;;;54901;616283.62;1028425.14;2016-01-05T00:00:00
7410549;574279;Nové Mìsto nad Metují;;;;;410420;Nové Mìsto nad Metují;306436;Na Skalce;è.p.;1344;;;54901;616314.49;1028407.98;2016-01-05T00:00:00
7410557;574279;Nové Mìsto nad Metují;;;;;410420;Nové Mìsto nad Metují;306436;Na Skalce;è.p.;1345;;;54901;616296.73;1028398.97;2016-01-05T00:00:00
7410565;574279;Nové Mìsto nad Metují;;;;;410420;Nové Mìsto nad Metují;306321;Pod Vodojemem;è.p.;1346;;;54901;616277.80;1028389.67;2016-01-05T00:00:00
7410573;574279;Nové Mìsto nad Metují;;;;;410420;Nové Mìsto nad Metují;306321;Pod Vodojemem;è.p.;1347;;;54901;616193.75;1028462.80;2016-01-05T00:00:00
7410581;574279;Nové Mìsto nad Metují;;;;;410420;Nové Mìsto nad Metují;306321;Pod Vodojemem;è.p.;1348;;;54901;616190.29;1028469.46;2016-01-05T00:00:00
7410590;574279;Nové Mìsto nad Metují;;;;;410420;Nové Mìsto nad Metují;306321;Pod Vodojemem;è.p.;1349;;;54901;616185.35;1028474.88;2016-01-05T00:00:00
7410603;574279;Nové Mìsto nad Metují;;;;;410420;Nové Mìsto nad Metují;306321;Pod Vodojemem;è.p.;1350;;;54901;616180.29;1028481.41;2016-01-05T00:00:00
7410611;574279;Nové Mìsto nad Metují;;;;;410420;Nové Mìsto nad Metují;306321;Pod Vodojemem;è.p.;1351;;;54901;616175.87;1028487.13;2016-01-05T00:00:00
7410620;574279;Nové Mìsto nad Metují;;;;;410420;Nové Mìsto nad Metují;306321;Pod Vodojemem;è.p.;1352;;;54901;616205.07;1028449.95;2016-01-05T00:00:00
7410638;574279;Nové Mìsto nad Metují;;;;;410420;Nové Mìsto nad Metují;306321;Pod Vodojemem;è.p.;1353;;;54901;616209.47;1028443.13;2016-01-05T00:00:00
7410646;574279;Nové Mìsto nad Metují;;;;;410420;Nové Mìsto nad Metují;306321;Pod Vodojemem;è.p.;1354;;;54901;616212.66;1028436.30;2016-01-05T00:00:00
7410654;574279;Nové Mìsto nad Metují;;;;;410420;Nové Mìsto nad Metují;306321;Pod Vodojemem;è.p.;1355;;;54901;616216.16;1028429.93;2016-01-05T00:00:00
7410662;574279;Nové Mìsto nad Metují;;;;;410420;Nové Mìsto nad Metují;306321;Pod Vodojemem;è.p.;1356;;;54901;616220.56;1028423.41;2016-01-05T00:00:00
7410671;574279;Nové Mìsto nad Metují;;;;;410420;Nové Mìsto nad Metují;306321;Pod Vodojemem;è.p.;1357;;;54901;616223.76;1028416.43;2016-01-05T00:00:00
7410689;574279;Nové Mìsto nad Metují;;;;;410420;Nové Mìsto nad Metují;306321;Pod Vodojemem;è.p.;1358;;;54901;616227.86;1028398.23;2016-01-05T00:00:00
7410697;574279;Nové Mìsto nad Metují;;;;;410420;Nové Mìsto nad Metují;306436;Na Skalce;è.p.;1359;;;54901;616300.31;1028368.97;2016-01-05T00:00:00
7410701;574279;Nové Mìsto nad Metují;;;;;410420;Nové Mìsto nad Metují;306436;Na Skalce;è.p.;1360;;;54901;616308.38;1028372.10;2016-01-05T00:00:00
7410719;574279;Nové Mìsto nad Metují;;;;;410420;Nové Mìsto nad Metují;305677;Okrajová;è.p.;1361;;;54901;616323.85;1028360.76;2016-01-05T00:00:00
7410727;574279;Nové Mìsto nad Metují;;;;;410420;Nové Mìsto nad Metují;305677;Okrajová;è.p.;1362;;;54901;616329.44;1028354.68;2016-01-05T00:00:00
7410735;574279;Nové Mìsto nad Metují;;;;;410420;Nové Mìsto nad Metují;305677;Okrajová;è.p.;1363;;;54901;616335.20;1028349.42;2016-01-05T00:00:00
7410743;574279;Nové Mìsto nad Metují;;;;;410420;Nové Mìsto nad Metují;305677;Okrajová;è.p.;1364;;;54901;616341.13;1028342.68;2016-01-05T00:00:00
7410751;574279;Nové Mìsto nad Metují;;;;;410420;Nové Mìsto nad Metují;305677;Okrajová;è.p.;1365;;;54901;616346.56;1028336.44;2016-01-05T00:00:00
7410760;574279;Nové Mìsto nad Metují;;;;;410420;Nové Mìsto nad Metují;305677;Okrajová;è.p.;1366;;;54901;616352.81;1028330.36;2016-01-05T00:00:00
7410778;574279;Nové Mìsto nad Metují;;;;;410420;Nové Mìsto nad Metují;305677;Okrajová;è.p.;1367;;;54901;616358.74;1028324.28;2016-01-05T00:00:00
7410786;574279;Nové Mìsto nad Metují;;;;;410420;Nové Mìsto nad Metují;305677;Okrajová;è.p.;1368;;;54901;616364.00;1028317.71;2016-01-05T00:00:00
7410794;574279;Nové Mìsto nad Metují;;;;;410420;Nové Mìsto nad Metují;305677;Okrajová;è.p.;1369;;;54901;616370.09;1028312.12;2016-01-05T00:00:00
7410808;574279;Nové Mìsto nad Metují;;;;;410420;Nové Mìsto nad Metují;305677;Okrajová;è.p.;1371;;;54901;616384.74;1028283.69;2016-01-05T00:00:00
7410816;574279;Nové Mìsto nad Metují;;;;;410420;Nové Mìsto nad Metují;305677;Okrajová;è.p.;1372;;;54901;616392.15;1028287.47;2016-01-05T00:00:00
7410824;574279;Nové Mìsto nad Metují;;;;;410420;Nové Mìsto nad Metují;305677;Okrajová;è.p.;1373;;;54901;616399.22;1028291.91;2016-01-05T00:00:00
7410832;574279;Nové Mìsto nad Metují;;;;;410420;Nové Mìsto nad Metují;305677;Okrajová;è.p.;1374;;;54901;616406.63;1028294.87;2016-01-05T00:00:00
7410841;574279;Nové Mìsto nad Metují;;;;;410420;Nové Mìsto nad Metují;305677;Okrajová;è.p.;1375;;;54901;616413.87;1028299.47;2016-01-05T00:00:00
7410859;574279;Nové Mìsto nad Metují;;;;;410420;Nové Mìsto nad Metují;306533;V Aleji;è.p.;1376;;;54901;616069.95;1029166.61;2013-12-05T00:00:00
7410867;574279;Nové Mìsto nad Metují;;;;;410420;Nové Mìsto nad Metují;306452;Školní;è.p.;1377;;;54901;617032.80;1028622.64;2013-12-05T00:00:00
7410875;574279;Nové Mìsto nad Metují;;;;;410420;Nové Mìsto nad Metují;306584;Vodárenská;è.p.;1380;;;54901;616115.44;1028567.09;2016-01-05T00:00:00
7410883;574279;Nové Mìsto nad Metují;;;;;410420;Nové Mìsto nad Metují;306169;Nad Sokolovnou;è.p.;1390;;;54901;616268.70;1029351.06;2013-12-05T00:00:00
7410891;574279;Nové Mìsto nad Metují;;;;;410420;Nové Mìsto nad Metují;306665;Rovná;è.p.;1396;;;54901;616117.95;1028465.91;2013-12-05T00:00:00
7410905;574279;Nové Mìsto nad Metují;;;;;410420;Nové Mìsto nad Metují;306665;Rovná;è.p.;1397;;;54901;616102.96;1028478.50;2013-12-05T00:00:00
7410913;574279;Nové Mìsto nad Metují;;;;;410420;Nové Mìsto nad Metují;305669;28. øíjna;è.p.;1399;;;54901;617041.21;1028890.83;2013-12-05T00:00:00
7410921;574279;Nové Mìsto nad Metují;;;;;410420;Nové Mìsto nad Metují;306355;Pøibyslavská;è.p.;1400;;;54901;616356.74;1029204.78;2013-12-05T00:00:00
7410930;574279;Nové Mìsto nad Metují;;;;;410420;Nové Mìsto nad Metují;306134;Na Výsluní;è.p.;1401;;;54901;616040.85;1028510.36;2013-12-05T00:00:00
7410948;574279;Nové Mìsto nad Metují;;;;;410420;Nové Mìsto nad Metují;306134;Na Výsluní;è.p.;1402;;;54901;616020.33;1028521.07;2013-12-05T00:00:00
7410956;574279;Nové Mìsto nad Metují;;;;;410420;Nové Mìsto nad Metují;306126;Na Vyhlídce;è.p.;1421;;;54901;616024.57;1029325.84;2013-12-05T00:00:00
7410964;574279;Nové Mìsto nad Metují;;;;;410420;Nové Mìsto nad Metují;306126;Na Vyhlídce;è.p.;1422;;;54901;616014.53;1029318.76;2013-12-05T00:00:00
7410972;574279;Nové Mìsto nad Metují;;;;;410420;Nové Mìsto nad Metují;306126;Na Vyhlídce;è.p.;1423;;;54901;615999.56;1029312.95;2013-12-05T00:00:00
7410981;574279;Nové Mìsto nad Metují;;;;;410420;Nové Mìsto nad Metují;305651;T. G. Masaryka;è.p.;1424;;;54901;616659.43;1028290.27;2013-12-05T00:00:00
7410999;574279;Nové Mìsto nad Metují;;;;;410420;Nové Mìsto nad Metují;305651;T. G. Masaryka;è.p.;1425;;;54901;616759.00;1028252.00;2013-12-05T00:00:00
7411006;574279;Nové Mìsto nad Metují;;;;;410420;Nové Mìsto nad Metují;305651;T. G. Masaryka;è.p.;1427;;;54901;616765.62;1028156.90;2013-12-05T00:00:00
7411014;574279;Nové Mìsto nad Metují;;;;;410420;Nové Mìsto nad Metují;306215;Nádražní;è.p.;1500;;;54901;617316.52;1029053.79;2013-12-05T00:00:00
7411022;574279;Nové Mìsto nad Metují;;;;;410420;Nové Mìsto nad Metují;305651;T. G. Masaryka;è.p.;1999;;;54901;616817.93;1028427.17;2013-12-05T00:00:00
7411031;574279;Nové Mìsto nad Metují;;;;;410420;Nové Mìsto nad Metují;305651;T. G. Masaryka;è.p.;2000;;;54901;616780.69;1028435.42;2013-12-05T00:00:00
7411049;574279;Nové Mìsto nad Metují;;;;;410420;Nové Mìsto nad Metují;306207;Náchodská;è.p.;2101;;;54901;617785.17;1028718.56;2013-12-05T00:00:00
7411057;574279;Nové Mìsto nad Metují;;;;;410420;Nové Mìsto nad Metují;306444;Studýnka;è.ev.;4;;;54901;615422.27;1029307.48;2013-12-05T00:00:00
7411065;574279;Nové Mìsto nad Metují;;;;;410420;Nové Mìsto nad Metují;306444;Studýnka;è.ev.;5;;;54901;615753.94;1029689.47;2013-12-05T00:00:00
7411073;574279;Nové Mìsto nad Metují;;;;;410420;Nové Mìsto nad Metují;306444;Studýnka;è.ev.;14;;;54901;615470.12;1029495.70;2013-12-05T00:00:00
7411081;574279;Nové Mìsto nad Metují;;;;;410420;Nové Mìsto nad Metují;306444;Studýnka;è.p.;1188;;;54901;615394.27;1029327.12;2017-12-13T00:00:00
7411103;574279;Nové Mìsto nad Metují;;;;;410420;Nové Mìsto nad Metují;306444;Studýnka;è.ev.;26;;;54901;615383.77;1029426.02;2013-12-05T00:00:00
7411111;574279;Nové Mìsto nad Metují;;;;;410420;Nové Mìsto nad Metují;306444;Studýnka;è.ev.;32;;;54901;615722.00;1029667.00;2013-12-05T00:00:00
7411120;574279;Nové Mìsto nad Metují;;;;;410420;Nové Mìsto nad Metují;306444;Studýnka;è.ev.;50;;;54901;615823.85;1029623.19;2013-12-05T00:00:00
7411138;574279;Nové Mìsto nad Metují;;;;;410420;Nové Mìsto nad Metují;306444;Studýnka;è.ev.;52;;;54901;615685.51;1029643.04;2013-12-05T00:00:00
7411146;574279;Nové Mìsto nad Metují;;;;;410420;Nové Mìsto nad Metují;306444;Studýnka;è.ev.;56;;;54901;615901.96;1029667.81;2013-12-05T00:00:00
7411154;574279;Nové Mìsto nad Metují;;;;;410420;Nové Mìsto nad Metují;306380;Rezek;è.ev.;57;;;54901;615695.00;1030062.00;2013-12-05T00:00:00
7411162;574279;Nové Mìsto nad Metují;;;;;410420;Nové Mìsto nad Metují;306070;Na Hradèanech;è.ev.;61;;;54901;616338.52;1029876.35;2013-12-05T00:00:00
7411171;574279;Nové Mìsto nad Metují;;;;;410420;Nové Mìsto nad Metují;306070;Na Hradèanech;è.ev.;62;;;54901;616346.51;1029883.59;2013-12-05T00:00:00
7411189;574279;Nové Mìsto nad Metují;;;;;410420;Nové Mìsto nad Metují;306444;Studýnka;è.ev.;69;;;54901;615711.89;1029626.80;2013-12-05T00:00:00
7411197;574279;Nové Mìsto nad Metují;;;;;410420;Nové Mìsto nad Metují;306444;Studýnka;è.ev.;71;;;54901;615713.62;1029522.74;2013-12-05T00:00:00
7411201;574279;Nové Mìsto nad Metují;;;;;410420;Nové Mìsto nad Metují;306002;Leštinská;è.ev.;75;;;54901;615945.89;1029132.57;2013-12-05T00:00:00
7411219;574279;Nové Mìsto nad Metují;;;;;410420;Nové Mìsto nad Metují;306444;Studýnka;è.ev.;82;;;54901;615767.13;1029697.79;2013-12-05T00:00:00
7411227;574279;Nové Mìsto nad Metují;;;;;410420;Nové Mìsto nad Metují;306444;Studýnka;è.ev.;85;;;54901;615657.45;1029607.09;2013-12-05T00:00:00
7411235;574279;Nové Mìsto nad Metují;;;;;410420;Nové Mìsto nad Metují;306444;Studýnka;è.ev.;86;;;54901;615637.84;1029591.76;2013-12-05T00:00:00
7411243;574279;Nové Mìsto nad Metují;;;;;410420;Nové Mìsto nad Metují;306444;Studýnka;è.ev.;88;;;54901;615881.96;1029666.39;2013-12-05T00:00:00
7411251;574279;Nové Mìsto nad Metují;;;;;410420;Nové Mìsto nad Metují;306444;Studýnka;è.ev.;89;;;54901;615865.12;1029658.34;2013-12-05T00:00:00
7411260;574279;Nové Mìsto nad Metují;;;;;410420;Nové Mìsto nad Metují;306444;Studýnka;è.ev.;95;;;54901;615395.31;1029465.44;2013-12-05T00:00:00
7411278;574279;Nové Mìsto nad Metují;;;;;410420;Nové Mìsto nad Metují;306444;Studýnka;è.ev.;97;;;54901;615677.51;1029615.01;2013-12-05T00:00:00
7411286;574279;Nové Mìsto nad Metují;;;;;410420;Nové Mìsto nad Metují;305944;Klopotovská;è.ev.;111;;;54901;616181.72;1030724.87;2013-12-05T00:00:00
7411294;574279;Nové Mìsto nad Metují;;;;;410420;Nové Mìsto nad Metují;305944;Klopotovská;è.ev.;112;;;54901;616161.20;1030724.85;2013-12-05T00:00:00
7411308;574279;Nové Mìsto nad Metují;;;;;410420;Nové Mìsto nad Metují;306339;Pod Výrovem;è.ev.;123;;;54901;616112.55;1030618.90;2013-12-05T00:00:00
7411316;574279;Nové Mìsto nad Metují;;;;;410420;Nové Mìsto nad Metují;306339;Pod Výrovem;è.ev.;124;;;54901;616142.50;1030643.40;2013-12-05T00:00:00
7411324;574279;Nové Mìsto nad Metují;;;;;410420;Nové Mìsto nad Metují;691917;K Sirkárnì;è.ev.;126;;;54901;616913.09;1029632.50;2013-12-05T00:00:00
7411332;574279;Nové Mìsto nad Metují;;;;;410420;Nové Mìsto nad Metují;691917;K Sirkárnì;è.ev.;127;;;54901;616917.43;1029642.45;2013-12-05T00:00:00
7411341;574279;Nové Mìsto nad Metují;;;;;410420;Nové Mìsto nad Metují;691917;K Sirkárnì;è.ev.;128;;;54901;616968.91;1029709.55;2013-12-05T00:00:00
7411359;574279;Nové Mìsto nad Metují;;;;;410420;Nové Mìsto nad Metují;306444;Studýnka;è.ev.;131;;;54901;615794.50;1029691.85;2013-12-05T00:00:00
7411367;574279;Nové Mìsto nad Metují;;;;;410420;Nové Mìsto nad Metují;306444;Studýnka;è.ev.;132;;;54901;615802.44;1029698.88;2013-12-05T00:00:00
7411375;574279;Nové Mìsto nad Metují;;;;;410420;Nové Mìsto nad Metují;306444;Studýnka;è.ev.;133;;;54901;615727.97;1029641.77;2013-12-05T00:00:00
7411383;574279;Nové Mìsto nad Metují;;;;;410420;Nové Mìsto nad Metují;306444;Studýnka;è.ev.;134;;;54901;615736.98;1029650.73;2013-12-05T00:00:00
7411391;574279;Nové Mìsto nad Metují;;;;;410420;Nové Mìsto nad Metují;306444;Studýnka;è.ev.;135;;;54901;615753.74;1029661.65;2013-12-05T00:00:00
7411405;574279;Nové Mìsto nad Metují;;;;;410420;Nové Mìsto nad Metují;306444;Studýnka;è.ev.;136;;;54901;615660.31;1029624.00;2013-12-05T00:00:00
7411413;574279;Nové Mìsto nad Metují;;;;;410420;Nové Mìsto nad Metují;306444;Studýnka;è.ev.;137;;;54901;615819.47;1029668.58;2015-03-24T00:00:00
7411421;574279;Nové Mìsto nad Metují;;;;;410420;Nové Mìsto nad Metují;809756;Na Popluží;è.ev.;146;;;54901;617060.09;1029446.65;2013-12-05T00:00:00
7411430;574279;Nové Mìsto nad Metují;;;;;410420;Nové Mìsto nad Metují;2382431;Na Bobeèku;è.ev.;161;;;54901;616199.70;1029505.41;2019-01-09T00:00:00
7411448;574279;Nové Mìsto nad Metují;;;;;410420;Nové Mìsto nad Metují;2382431;Na Bobeèku;è.ev.;165;;;54901;616321.48;1029588.91;2019-01-09T00:00:00
7411456;574279;Nové Mìsto nad Metují;;;;;410420;Nové Mìsto nad Metují;809756;Na Popluží;è.ev.;167;;;54901;617062.88;1029405.77;2013-12-05T00:00:00
7411464;574279;Nové Mìsto nad Metují;;;;;410420;Nové Mìsto nad Metují;809764;Ke Sta schodùm;è.ev.;169;;;54901;616926.51;1030565.58;2014-02-12T00:00:00
7411472;574279;Nové Mìsto nad Metují;;;;;410420;Nové Mìsto nad Metují;809764;Ke Sta schodùm;è.ev.;171;;;54901;616880.16;1030600.72;2013-12-05T00:00:00
7411481;574279;Nové Mìsto nad Metují;;;;;410420;Nové Mìsto nad Metují;809764;Ke Sta schodùm;è.ev.;172;;;54901;616866.29;1030611.45;2013-12-05T00:00:00
7411499;574279;Nové Mìsto nad Metují;;;;;410420;Nové Mìsto nad Metují;809764;Ke Sta schodùm;è.ev.;174;;;54901;616840.79;1030630.50;2013-12-05T00:00:00
7411502;574279;Nové Mìsto nad Metují;;;;;410420;Nové Mìsto nad Metují;809764;Ke Sta schodùm;è.ev.;176;;;54901;616914.48;1030556.69;2013-12-05T00:00:00
7411511;574279;Nové Mìsto nad Metují;;;;;410420;Nové Mìsto nad Metují;809764;Ke Sta schodùm;è.ev.;179;;;54901;616877.92;1030582.47;2013-12-05T00:00:00
7411529;574279;Nové Mìsto nad Metují;;;;;410420;Nové Mìsto nad Metují;809764;Ke Sta schodùm;è.ev.;180;;;54901;616856.51;1030599.12;2013-12-05T00:00:00
7411537;574279;Nové Mìsto nad Metují;;;;;410420;Nové Mìsto nad Metují;809764;Ke Sta schodùm;è.ev.;181;;;54901;616842.00;1030602.64;2013-12-05T00:00:00
7411545;574279;Nové Mìsto nad Metují;;;;;410420;Nové Mìsto nad Metují;809764;Ke Sta schodùm;è.ev.;182;;;54901;616831.33;1030606.09;2013-12-05T00:00:00
7411553;574279;Nové Mìsto nad Metují;;;;;410420;Nové Mìsto nad Metují;809764;Ke Sta schodùm;è.ev.;183;;;54901;616822.19;1030613.69;2013-12-05T00:00:00
7411561;574279;Nové Mìsto nad Metují;;;;;410420;Nové Mìsto nad Metují;809764;Ke Sta schodùm;è.ev.;184;;;54901;616816.18;1030642.43;2013-12-05T00:00:00
7411570;574279;Nové Mìsto nad Metují;;;;;410420;Nové Mìsto nad Metují;306428;Sokolská;è.ev.;190;;;54901;616168.35;1029404.73;2013-12-05T00:00:00
7411588;574279;Nové Mìsto nad Metují;;;;;410420;Nové Mìsto nad Metují;306428;Sokolská;è.ev.;191;;;54901;616139.81;1029399.07;2013-12-05T00:00:00
7411596;574279;Nové Mìsto nad Metují;;;;;410420;Nové Mìsto nad Metují;306444;Studýnka;è.ev.;194;;;54901;615805.62;1029605.87;2013-12-05T00:00:00
7411626;574279;Nové Mìsto nad Metují;;;;;410420;Nové Mìsto nad Metují;305839;Dukelská;è.ev.;275;;;54901;616426.00;1028893.00;2013-12-05T00:00:00
7411685;574279;Nové Mìsto nad Metují;;;;;410420;Nové Mìsto nad Metují;306410;Smetanova;è.ev.;405;;;54901;617172.95;1028852.22;2013-12-05T00:00:00
24364754;574279;Nové Mìsto nad Metují;;;;;410420;Nové Mìsto nad Metují;667498;Kaštánky;è.p.;1434;;;54901;616520.12;1028221.67;2013-12-05T00:00:00
24364762;574279;Nové Mìsto nad Metují;;;;;410420;Nové Mìsto nad Metují;667498;Kaštánky;è.p.;1435;;;54901;616536.48;1028211.77;2013-12-05T00:00:00
24364771;574279;Nové Mìsto nad Metují;;;;;410420;Nové Mìsto nad Metují;667498;Kaštánky;è.p.;1436;;;54901;616545.47;1028212.54;2013-12-05T00:00:00
24364789;574279;Nové Mìsto nad Metují;;;;;410420;Nové Mìsto nad Metují;667498;Kaštánky;è.p.;1437;;;54901;616551.20;1028210.27;2013-12-05T00:00:00
25092740;574279;Nové Mìsto nad Metují;;;;;410420;Nové Mìsto nad Metují;667498;Kaštánky;è.p.;1438;;;54901;616567.79;1028225.62;2013-12-05T00:00:00
25092758;574279;Nové Mìsto nad Metují;;;;;410420;Nové Mìsto nad Metují;667498;Kaštánky;è.p.;1444;;;54901;616553.00;1028109.81;2013-12-05T00:00:00
25092766;574279;Nové Mìsto nad Metují;;;;;410420;Nové Mìsto nad Metují;305774;Èeskoslovenské armády;è.p.;764;;;54901;616181.88;1028641.69;2013-12-05T00:00:00
25092774;574279;Nové Mìsto nad Metují;;;;;410420;Nové Mìsto nad Metují;305651;T. G. Masaryka;è.p.;2001;;;54901;616815.37;1028392.27;2013-12-05T00:00:00
25092782;574279;Nové Mìsto nad Metují;;;;;410420;Nové Mìsto nad Metují;306665;Rovná;è.p.;1394;;;54901;616128.61;1028427.15;2013-12-05T00:00:00
25092791;574279;Nové Mìsto nad Metují;;;;;410420;Nové Mìsto nad Metují;306592;Vrchovinská;è.p.;1398;;;54901;616488.28;1028285.35;2013-12-05T00:00:00
25092804;574279;Nové Mìsto nad Metují;;;;;410420;Nové Mìsto nad Metují;306533;V Aleji;è.p.;1342;;;54901;616003.10;1028840.26;2013-12-05T00:00:00
25260782;574279;Nové Mìsto nad Metují;;;;;410420;Nové Mìsto nad Metují;306436;Na Skalce;è.p.;1343;;;54901;616333.12;1028413.51;2016-01-05T00:00:00
25260791;574279;Nové Mìsto nad Metují;;;;;410420;Nové Mìsto nad Metují;306002;Leštinská;è.p.;1419;;;54901;616054.14;1029235.20;2013-12-05T00:00:00
25260804;574279;Nové Mìsto nad Metují;;;;;410420;Nové Mìsto nad Metují;306207;Náchodská;è.p.;2103;;;54901;617807.44;1028493.61;2013-12-05T00:00:00
25260812;574279;Nové Mìsto nad Metují;;;;;410420;Nové Mìsto nad Metují;306533;V Aleji;è.p.;1503;;;54901;616026.63;1028857.33;2013-12-05T00:00:00
25260821;574279;Nové Mìsto nad Metují;;;;;410420;Nové Mìsto nad Metují;306592;Vrchovinská;è.p.;1433;;;54901;616539.37;1028220.70;2013-12-05T00:00:00
25260839;574279;Nové Mìsto nad Metují;;;;;106437;Krèín;306398;Øadová;è.p.;465;;;54901;618056.68;1028828.80;2013-12-05T00:00:00
25260847;574279;Nové Mìsto nad Metují;;;;;410420;Nové Mìsto nad Metují;306495;U Lípy;è.p.;988;;;54901;616400.05;1028327.73;2016-01-05T00:00:00
25260855;574279;Nové Mìsto nad Metují;;;;;410420;Nové Mìsto nad Metují;667498;Kaštánky;è.p.;1447;;;54901;616454.29;1028198.74;2013-12-05T00:00:00
25260863;574279;Nové Mìsto nad Metují;;;;;410420;Nové Mìsto nad Metují;667498;Kaštánky;è.p.;1440;;;54901;616596.86;1028180.45;2013-12-05T00:00:00
25260880;574279;Nové Mìsto nad Metují;;;;;410420;Nové Mìsto nad Metují;305693;Boženy Nìmcové;è.p.;1501;;;54901;616855.92;1029133.70;2013-12-05T00:00:00
25260898;574279;Nové Mìsto nad Metují;;;;;410420;Nové Mìsto nad Metují;305693;Boženy Nìmcové;è.p.;1502;;;54901;616835.80;1029160.34;2013-12-05T00:00:00
25289675;574279;Nové Mìsto nad Metují;;;;;410420;Nové Mìsto nad Metují;306207;Náchodská;è.p.;145;;;54901;617888.00;1028306.00;2013-12-05T00:00:00
25460099;574279;Nové Mìsto nad Metují;;;;;410420;Nové Mìsto nad Metují;306207;Náchodská;è.p.;2104;;;54901;617821.28;1028546.19;2013-12-05T00:00:00
25460102;574279;Nové Mìsto nad Metují;;;;;186520;Vrchoviny;;;è.p.;143;;;54901;616858.91;1027300.32;2014-02-14T00:00:00
25460111;574279;Nové Mìsto nad Metují;;;;;410420;Nové Mìsto nad Metují;306495;U Lípy;è.p.;1450;;;54901;616468.97;1028250.16;2016-01-05T00:00:00
25460129;574279;Nové Mìsto nad Metují;;;;;410420;Nové Mìsto nad Metují;306673;Sluneèná;è.p.;1408;;;54901;615938.96;1028539.40;2013-12-05T00:00:00
25503111;574279;Nové Mìsto nad Metují;;;;;106437;Krèín;305723;Budín;è.p.;86;;;54901;617657.62;1029446.59;2013-12-05T00:00:00
25503138;574279;Nové Mìsto nad Metují;;;;;410420;Nové Mìsto nad Metují;305880;Havlíèkova;è.p.;2200;;;54901;617632.04;1029157.45;2013-12-05T00:00:00
25503146;574279;Nové Mìsto nad Metují;;;;;410420;Nové Mìsto nad Metují;306665;Rovná;è.p.;1384;;;54901;616165.49;1028434.50;2013-12-05T00:00:00
25503154;574279;Nové Mìsto nad Metují;;;;;410420;Nové Mìsto nad Metují;2507471;Hildenská;è.p.;1403;;;54901;616050.10;1028457.62;2019-10-24T00:00:00
25503162;574279;Nové Mìsto nad Metují;;;;;410420;Nové Mìsto nad Metují;667498;Kaštánky;è.p.;1439;;;54901;616578.52;1028203.61;2013-12-05T00:00:00
25503171;574279;Nové Mìsto nad Metují;;;;;410420;Nové Mìsto nad Metují;667498;Kaštánky;è.p.;1445;;;54901;616508.85;1028170.39;2013-12-05T00:00:00
25503189;574279;Nové Mìsto nad Metují;;;;;410420;Nové Mìsto nad Metují;306207;Náchodská;è.p.;2105;;;54901;617748.53;1028583.16;2013-12-05T00:00:00
25503197;574279;Nové Mìsto nad Metují;;;;;410420;Nové Mìsto nad Metují;306207;Náchodská;è.p.;2106;;;54901;617754.89;1028639.18;2013-12-05T00:00:00
25584791;574279;Nové Mìsto nad Metují;;;;;410420;Nové Mìsto nad Metují;306673;Sluneèná;è.p.;1409;;;54901;615947.55;1028583.93;2013-12-05T00:00:00
25643444;574279;Nové Mìsto nad Metují;;;;;410420;Nové Mìsto nad Metují;717894;Luèní;è.p.;1404;;;54901;615941.60;1028456.92;2013-12-05T00:00:00
25643495;574279;Nové Mìsto nad Metují;;;;;410420;Nové Mìsto nad Metují;306321;Pod Vodojemem;è.p.;1341;;;54901;616299.21;1028439.15;2016-01-05T00:00:00
25643509;574279;Nové Mìsto nad Metují;;;;;410420;Nové Mìsto nad Metují;306495;U Lípy;è.p.;1448;;;54901;616434.03;1028237.40;2016-01-05T00:00:00
25648501;574279;Nové Mìsto nad Metují;;;;;106437;Krèín;306622;Železova louka;è.p.;67;;;54901;617775.27;1029804.45;2013-12-05T00:00:00
25665146;574279;Nové Mìsto nad Metují;;;;;410420;Nové Mìsto nad Metují;306665;Rovná;è.p.;1382;;;54901;616150.42;1028471.83;2013-12-05T00:00:00
25713451;574279;Nové Mìsto nad Metují;;;;;106437;Krèín;306541;V Zahradách;è.p.;500;;;54901;618480.73;1028726.83;2013-12-05T00:00:00
25854488;574279;Nové Mìsto nad Metují;;;;;410420;Nové Mìsto nad Metují;306665;Rovná;è.p.;1381;;;54901;616142.97;1028492.01;2013-12-05T00:00:00
25927558;574279;Nové Mìsto nad Metují;;;;;106488;Spy;816183;Nad Starèí;è.p.;85;;;54901;617278.83;1031815.19;2013-12-05T00:00:00
25985256;574279;Nové Mìsto nad Metují;;;;;410420;Nové Mìsto nad Metují;306126;Na Vyhlídce;è.p.;1420;;;54901;616072.61;1029344.82;2013-12-05T00:00:00
26041677;574279;Nové Mìsto nad Metují;;;;;410420;Nové Mìsto nad Metují;306134;Na Výsluní;è.p.;1412;;;54901;616011.03;1028568.15;2013-12-05T00:00:00
26053390;574279;Nové Mìsto nad Metují;;;;;410420;Nové Mìsto nad Metují;306207;Náchodská;è.p.;1504;;;54901;617680.79;1028858.37;2013-12-05T00:00:00
26053403;574279;Nové Mìsto nad Metují;;;;;410420;Nové Mìsto nad Metují;305651;T. G. Masaryka;è.p.;2002;;;54901;616877.20;1028356.83;2013-12-05T00:00:00
26053411;574279;Nové Mìsto nad Metují;;;;;106488;Spy;305731;Chlístovská;è.p.;19;;;54901;616482.00;1031585.00;2013-12-05T00:00:00
26053420;574279;Nové Mìsto nad Metují;;;;;106488;Spy;306576;Vlastimila Moravce;è.p.;28;;;54901;616733.00;1031315.00;2013-12-05T00:00:00
26053438;574279;Nové Mìsto nad Metují;;;;;410420;Nové Mìsto nad Metují;306673;Sluneèná;è.p.;1411;;;54901;616017.15;1028553.70;2013-12-05T00:00:00
26053446;574279;Nové Mìsto nad Metují;;;;;410420;Nové Mìsto nad Metují;306495;U Lípy;è.p.;1451;;;54901;616476.52;1028232.13;2016-01-05T00:00:00
26053454;574279;Nové Mìsto nad Metují;;;;;410420;Nové Mìsto nad Metují;306592;Vrchovinská;è.p.;1452;;;54901;616498.43;1028241.58;2013-12-05T00:00:00
26110423;574279;Nové Mìsto nad Metují;;;;;410420;Nové Mìsto nad Metují;691917;K Sirkárnì;è.p.;1506;;;54901;616962.88;1029764.93;2013-12-05T00:00:00
26163454;574279;Nové Mìsto nad Metují;;;;;106437;Krèín;306088;Na Kopci;è.p.;477;;;54901;618810.32;1028900.62;2013-12-05T00:00:00
26163462;574279;Nové Mìsto nad Metují;;;;;106437;Krèín;306185;Nahoøanská;è.p.;483;;;54901;619020.00;1027781.00;2013-12-05T00:00:00
26176297;574279;Nové Mìsto nad Metují;;;;;410420;Nové Mìsto nad Metují;305669;28. øíjna;è.p.;1505;;;54901;617309.51;1028784.98;2013-12-05T00:00:00
26218283;574279;Nové Mìsto nad Metují;;;;;410420;Nové Mìsto nad Metují;306665;Rovná;è.p.;1383;;;54901;616159.12;1028455.96;2013-12-05T00:00:00
26218305;574279;Nové Mìsto nad Metují;;;;;410420;Nové Mìsto nad Metují;306592;Vrchovinská;è.p.;1454;;;54901;616489.16;1028258.03;2013-12-05T00:00:00
26218313;574279;Nové Mìsto nad Metují;;;;;106488;Spy;816183;Nad Starèí;è.p.;86;;;54901;617293.03;1031835.45;2013-12-05T00:00:00
26265966;574279;Nové Mìsto nad Metují;;;;;410420;Nové Mìsto nad Metují;306592;Vrchovinská;è.p.;1456;;;54901;616515.00;1028265.00;2014-01-29T00:00:00
26307561;574279;Nové Mìsto nad Metují;;;;;410420;Nové Mìsto nad Metují;306665;Rovná;è.p.;1386;;;54901;616182.41;1028403.86;2013-12-05T00:00:00
26307570;574279;Nové Mìsto nad Metují;;;;;410420;Nové Mìsto nad Metují;306673;Sluneèná;è.p.;1406;;;54901;615934.52;1028494.79;2013-12-05T00:00:00
26307588;574279;Nové Mìsto nad Metují;;;;;410420;Nové Mìsto nad Metují;306207;Náchodská;è.p.;1507;;;54901;617650.39;1028700.64;2013-12-05T00:00:00
26307596;574279;Nové Mìsto nad Metují;;;;;410420;Nové Mìsto nad Metují;306673;Sluneèná;è.p.;1407;;;54901;615987.25;1028530.46;2013-12-05T00:00:00
26307600;574279;Nové Mìsto nad Metují;;;;;410420;Nové Mìsto nad Metují;306665;Rovná;è.p.;1388;;;54901;616168.09;1028326.48;2013-12-05T00:00:00
26516799;574279;Nové Mìsto nad Metují;;;;;410420;Nové Mìsto nad Metují;306487;U Lesa;è.p.;1418;;;54901;615994.52;1029071.34;2013-12-05T00:00:00
26575647;574279;Nové Mìsto nad Metují;;;;;106437;Krèín;306185;Nahoøanská;è.p.;473;;;54901;618376.25;1028939.17;2013-12-05T00:00:00
26613328;574279;Nové Mìsto nad Metují;;;;;410420;Nové Mìsto nad Metují;306665;Rovná;è.p.;1385;;;54901;616175.39;1028419.06;2013-12-05T00:00:00
26626675;574279;Nové Mìsto nad Metují;;;;;410420;Nové Mìsto nad Metují;305774;Èeskoslovenské armády;è.p.;1414;;;54901;616055.55;1028615.99;2013-12-05T00:00:00
26662167;574279;Nové Mìsto nad Metují;;;;;186520;Vrchoviny;;;è.p.;147;;;54901;616844.21;1027148.61;2013-12-05T00:00:00
26662175;574279;Nové Mìsto nad Metují;;;;;410420;Nové Mìsto nad Metují;2382431;Na Bobeèku;è.ev.;39;;;54901;615940.00;1029535.00;2019-01-09T00:00:00
26662183;574279;Nové Mìsto nad Metují;;;;;410420;Nové Mìsto nad Metují;2507471;Hildenská;è.p.;1429;;;54901;616023.56;1028471.97;2019-10-24T00:00:00
26662191;574279;Nové Mìsto nad Metují;;;;;106437;Krèín;306185;Nahoøanská;è.p.;302;;;54901;618314.87;1028895.67;2013-12-05T00:00:00
26674785;574279;Nové Mìsto nad Metují;;;;;410420;Nové Mìsto nad Metují;306665;Rovná;è.p.;1395;;;54901;616117.85;1028443.34;2013-12-05T00:00:00
26696801;574279;Nové Mìsto nad Metují;;;;;410420;Nové Mìsto nad Metují;306002;Leštinská;è.p.;2020;;;54901;616100.50;1029206.81;2013-12-05T00:00:00
26728605;574279;Nové Mìsto nad Metují;;;;;410420;Nové Mìsto nad Metují;306207;Náchodská;è.p.;2102;;;54901;617873.34;1028661.65;2013-12-05T00:00:00
26765012;574279;Nové Mìsto nad Metují;;;;;410420;Nové Mìsto nad Metují;306355;Pøibyslavská;è.p.;423;;;54901;616402.96;1029293.04;2013-12-05T00:00:00
26765021;574279;Nové Mìsto nad Metují;;;;;410420;Nové Mìsto nad Metují;306142;Na Zadomí;è.p.;1254;;;54901;616754.47;1030214.50;2013-12-05T00:00:00
26765039;574279;Nové Mìsto nad Metují;;;;;106488;Spy;799467;Na Husí Krk;è.p.;95;;;54901;616276.06;1031257.72;2013-12-05T00:00:00
26765055;574279;Nové Mìsto nad Metují;;;;;186520;Vrchoviny;;;è.p.;160;;;54901;617688.19;1027496.63;2013-12-05T00:00:00
26765063;574279;Nové Mìsto nad Metují;;;;;186520;Vrchoviny;;;è.p.;166;;;54901;616930.94;1027555.92;2013-12-05T00:00:00
26924579;574279;Nové Mìsto nad Metují;;;;;410420;Nové Mìsto nad Metují;667498;Kaštánky;è.p.;1446;;;54901;616479.37;1028185.80;2013-12-05T00:00:00
26924587;574279;Nové Mìsto nad Metují;;;;;410420;Nové Mìsto nad Metují;305774;Èeskoslovenské armády;è.p.;1461;;;54901;616549.43;1029109.73;2013-12-05T00:00:00
27077900;574279;Nové Mìsto nad Metují;;;;;106488;Spy;766372;Kosaøova;è.p.;92;;;54901;616937.81;1031605.45;2013-12-05T00:00:00
27077918;574279;Nové Mìsto nad Metují;;;;;106488;Spy;766372;Kosaøova;è.p.;94;;;54901;617072.32;1031627.39;2013-12-05T00:00:00
27242064;574279;Nové Mìsto nad Metují;;;;;106437;Krèín;783676;Osma;è.p.;481;;;54901;618978.34;1029954.91;2013-12-05T00:00:00
27242226;574279;Nové Mìsto nad Metují;;;;;410420;Nové Mìsto nad Metují;717894;Luèní;è.p.;1405;;;54901;615950.22;1028410.13;2013-12-05T00:00:00
27242340;574279;Nové Mìsto nad Metují;;;;;106437;Krèín;306266;Okružní;è.p.;334;;;54901;618099.03;1028748.28;2013-12-05T00:00:00
27242358;574279;Nové Mìsto nad Metují;;;;;106488;Spy;305731;Chlístovská;è.p.;49;;;54901;616641.30;1031600.09;2013-12-05T00:00:00
27270394;574279;Nové Mìsto nad Metují;;;;;410420;Nové Mìsto nad Metují;306215;Nádražní;è.p.;2151;;;54901;616848.74;1029235.45;2013-12-05T00:00:00
27294471;574279;Nové Mìsto nad Metují;;;;;106488;Spy;766372;Kosaøova;è.p.;91;;;54901;616909.88;1031602.96;2013-12-05T00:00:00
27294595;574279;Nové Mìsto nad Metují;;;;;186520;Vrchoviny;;;è.p.;148;;;54901;616869.85;1027072.63;2013-12-05T00:00:00
27294609;574279;Nové Mìsto nad Metují;;;;;410420;Nové Mìsto nad Metují;306371;Rezecká;è.p.;1013;;;54901;616490.55;1029993.33;2013-12-05T00:00:00
27322688;574279;Nové Mìsto nad Metují;;;;;410420;Nové Mìsto nad Metují;305812;Družební;è.p.;1516;;;54901;616627.76;1028552.91;2016-01-05T00:00:00
27322696;574279;Nové Mìsto nad Metují;;;;;410420;Nové Mìsto nad Metují;305812;Družební;è.p.;1517;;;54901;616607.98;1028557.19;2016-01-05T00:00:00
27396011;574279;Nové Mìsto nad Metují;;;;;410420;Nové Mìsto nad Metují;306665;Rovná;è.p.;1393;;;54901;616141.18;1028410.23;2013-12-05T00:00:00
27406687;574279;Nové Mìsto nad Metují;;;;;410420;Nové Mìsto nad Metují;305669;28. øíjna;è.p.;414;;;54901;617293.00;1028533.00;2013-12-05T00:00:00
27406725;574279;Nové Mìsto nad Metují;;;;;410420;Nové Mìsto nad Metují;306487;U Lesa;è.p.;1600;;;54901;616040.25;1029056.04;2013-12-05T00:00:00
27419509;574279;Nové Mìsto nad Metují;;;;;410420;Nové Mìsto nad Metují;306533;V Aleji;è.p.;1603;;;54901;616096.86;1029124.70;2013-12-05T00:00:00
27435491;574279;Nové Mìsto nad Metují;;;;;410420;Nové Mìsto nad Metují;667498;Kaštánky;è.p.;1443;;;54901;616607.17;1028126.26;2013-12-05T00:00:00
27441156;574279;Nové Mìsto nad Metují;;;;;410420;Nové Mìsto nad Metují;667498;Kaštánky;è.p.;1473;;;54901;616683.95;1028065.78;2013-12-05T00:00:00
27447235;574279;Nové Mìsto nad Metují;;;;;106437;Krèín;306151;Nad Lipami;è.p.;484;;;54901;618595.74;1028959.72;2013-12-05T00:00:00
27502619;574279;Nové Mìsto nad Metují;;;;;410420;Nové Mìsto nad Metují;306169;Nad Sokolovnou;è.p.;1610;;;54901;616241.54;1029329.37;2013-12-05T00:00:00
27507912;574279;Nové Mìsto nad Metují;;;;;410420;Nové Mìsto nad Metují;306371;Rezecká;è.p.;1019;;;54901;616329.71;1029954.79;2013-12-05T00:00:00
27507921;574279;Nové Mìsto nad Metují;;;;;410420;Nové Mìsto nad Metují;306312;Pod Vinicemi;è.p.;1031;;;54901;616619.19;1030415.01;2013-12-05T00:00:00
27515397;574279;Nové Mìsto nad Metují;;;;;186520;Vrchoviny;;;è.p.;144;;;54901;616904.25;1027287.97;2013-12-05T00:00:00
27539245;574279;Nové Mìsto nad Metují;;;;;410420;Nové Mìsto nad Metují;305901;Husova;è.p.;385;;;54901;616642.69;1029144.91;2013-12-05T00:00:00
27553876;574279;Nové Mìsto nad Metují;;;;;106488;Spy;766372;Kosaøova;è.p.;89;;;54901;616878.40;1031594.91;2013-12-05T00:00:00
27557481;574279;Nové Mìsto nad Metují;;;;;410420;Nové Mìsto nad Metují;306665;Rovná;è.p.;1387;;;54901;616187.32;1028385.83;2013-12-05T00:00:00
27561925;574279;Nové Mìsto nad Metují;;;;;106488;Spy;799467;Na Husí Krk;è.p.;96;;;54901;616235.00;1031257.00;2014-02-14T00:00:00
27616436;574279;Nové Mìsto nad Metují;;;;;106488;Spy;766372;Kosaøova;è.p.;90;;;54901;616873.04;1031610.24;2013-12-05T00:00:00
27630889;574279;Nové Mìsto nad Metují;;;;;410420;Nové Mìsto nad Metují;667498;Kaštánky;è.p.;1474;;;54901;616717.24;1028079.31;2013-12-05T00:00:00
27698521;574279;Nové Mìsto nad Metují;;;;;410420;Nové Mìsto nad Metují;306215;Nádražní;è.p.;80;;;54901;616793.03;1029301.87;2013-12-05T00:00:00
27698530;574279;Nové Mìsto nad Metují;;;;;410420;Nové Mìsto nad Metují;306487;U Lesa;è.p.;1602;;;54901;616070.22;1029109.49;2013-12-05T00:00:00
27698629;574279;Nové Mìsto nad Metují;;;;;410420;Nové Mìsto nad Metují;306134;Na Výsluní;è.p.;1415;;;54901;616030.83;1028606.03;2013-12-05T00:00:00
27744701;574279;Nové Mìsto nad Metují;;;;;106437;Krèín;306649;Stavební;è.p.;485;;;54901;618105.10;1028969.79;2013-12-05T00:00:00
27781143;574279;Nové Mìsto nad Metují;;;;;186520;Vrchoviny;;;è.p.;165;;;54901;617125.83;1027446.81;2013-12-05T00:00:00
27787869;574279;Nové Mìsto nad Metují;;;;;106437;Krèín;306631;Žižkovo námìstí;è.p.;63;;;54901;617833.17;1029326.02;2013-12-05T00:00:00
27787877;574279;Nové Mìsto nad Metují;;;;;410420;Nové Mìsto nad Metují;809756;Na Popluží;è.ev.;2;;;54901;617065.43;1029516.59;2013-12-05T00:00:00
27787885;574279;Nové Mìsto nad Metují;;;;;410420;Nové Mìsto nad Metují;2382431;Na Bobeèku;è.ev.;6;;;54901;616148.46;1029540.27;2019-01-09T00:00:00
27787893;574279;Nové Mìsto nad Metují;;;;;410420;Nové Mìsto nad Metují;2382431;Na Bobeèku;è.ev.;10;;;54901;616063.72;1029515.04;2019-01-09T00:00:00
27787907;574279;Nové Mìsto nad Metují;;;;;410420;Nové Mìsto nad Metují;2382431;Na Bobeèku;è.ev.;11;;;54901;616334.00;1029589.41;2019-01-09T00:00:00
27787915;574279;Nové Mìsto nad Metují;;;;;410420;Nové Mìsto nad Metují;809756;Na Popluží;è.ev.;19;;;54901;617045.48;1029496.54;2013-12-05T00:00:00
27787923;574279;Nové Mìsto nad Metují;;;;;410420;Nové Mìsto nad Metují;2382431;Na Bobeèku;è.ev.;23;;;54901;616336.29;1029542.81;2019-01-09T00:00:00
27787931;574279;Nové Mìsto nad Metují;;;;;410420;Nové Mìsto nad Metují;2382431;Na Bobeèku;è.ev.;40;;;54901;616038.19;1029503.22;2019-01-09T00:00:00
27787940;574279;Nové Mìsto nad Metují;;;;;410420;Nové Mìsto nad Metují;2382431;Na Bobeèku;è.ev.;41;;;54901;615955.99;1029491.43;2019-01-09T00:00:00
27787958;574279;Nové Mìsto nad Metují;;;;;410420;Nové Mìsto nad Metují;2382431;Na Bobeèku;è.ev.;42;;;54901;615957.46;1029499.31;2019-01-09T00:00:00
27787966;574279;Nové Mìsto nad Metují;;;;;410420;Nové Mìsto nad Metují;2382431;Na Bobeèku;è.ev.;43;;;54901;616019.68;1029504.17;2019-01-09T00:00:00
27787974;574279;Nové Mìsto nad Metují;;;;;410420;Nové Mìsto nad Metují;2382431;Na Bobeèku;è.ev.;45;;;54901;615958.62;1029522.06;2019-01-09T00:00:00
27787982;574279;Nové Mìsto nad Metují;;;;;410420;Nové Mìsto nad Metují;809756;Na Popluží;è.ev.;46;;;54901;617106.65;1029451.68;2013-12-05T00:00:00
27787991;574279;Nové Mìsto nad Metují;;;;;410420;Nové Mìsto nad Metují;809756;Na Popluží;è.ev.;48;;;54901;617067.95;1029499.93;2014-02-07T00:00:00
27788008;574279;Nové Mìsto nad Metují;;;;;410420;Nové Mìsto nad Metují;809756;Na Popluží;è.ev.;49;;;54901;616980.88;1029457.99;2013-12-05T00:00:00
27788016;574279;Nové Mìsto nad Metují;;;;;410420;Nové Mìsto nad Metují;306002;Leštinská;è.ev.;51;;;54901;615934.90;1029073.28;2013-12-05T00:00:00
27788024;574279;Nové Mìsto nad Metují;;;;;410420;Nové Mìsto nad Metují;809756;Na Popluží;è.ev.;53;;;54901;617011.82;1029403.81;2013-12-05T00:00:00
27788032;574279;Nové Mìsto nad Metují;;;;;410420;Nové Mìsto nad Metují;809756;Na Popluží;è.ev.;54;;;54901;617006.62;1029436.04;2013-12-05T00:00:00
27788041;574279;Nové Mìsto nad Metují;;;;;410420;Nové Mìsto nad Metují;2382431;Na Bobeèku;è.ev.;55;;;54901;615956.14;1029474.86;2019-01-09T00:00:00
27788059;574279;Nové Mìsto nad Metují;;;;;410420;Nové Mìsto nad Metují;809756;Na Popluží;è.ev.;58;;;54901;617119.13;1029469.67;2013-12-05T00:00:00
27788067;574279;Nové Mìsto nad Metují;;;;;410420;Nové Mìsto nad Metují;2382431;Na Bobeèku;è.ev.;64;;;54901;616236.99;1029588.31;2019-01-09T00:00:00
27788075;574279;Nové Mìsto nad Metují;;;;;410420;Nové Mìsto nad Metují;2382431;Na Bobeèku;è.ev.;65;;;54901;616209.65;1029571.40;2019-01-09T00:00:00
27788083;574279;Nové Mìsto nad Metují;;;;;410420;Nové Mìsto nad Metují;809756;Na Popluží;è.ev.;66;;;54901;617032.87;1029380.41;2013-12-05T00:00:00
27788091;574279;Nové Mìsto nad Metují;;;;;410420;Nové Mìsto nad Metují;809756;Na Popluží;è.ev.;67;;;54901;617090.47;1029476.55;2013-12-05T00:00:00
27788105;574279;Nové Mìsto nad Metují;;;;;410420;Nové Mìsto nad Metují;809756;Na Popluží;è.ev.;68;;;54901;617153.02;1029620.17;2013-12-05T00:00:00
27788113;574279;Nové Mìsto nad Metují;;;;;410420;Nové Mìsto nad Metují;2382431;Na Bobeèku;è.ev.;73;;;54901;615953.05;1029464.35;2019-01-09T00:00:00
27788121;574279;Nové Mìsto nad Metují;;;;;410420;Nové Mìsto nad Metují;2382431;Na Bobeèku;è.ev.;90;;;54901;615981.35;1029514.07;2019-01-09T00:00:00
27788130;574279;Nové Mìsto nad Metují;;;;;410420;Nové Mìsto nad Metují;306002;Leštinská;è.ev.;93;;;54901;615946.57;1029052.60;2013-12-05T00:00:00
27788148;574279;Nové Mìsto nad Metují;;;;;410420;Nové Mìsto nad Metují;306002;Leštinská;è.ev.;94;;;54901;615906.68;1029122.96;2013-12-05T00:00:00
27788156;574279;Nové Mìsto nad Metují;;;;;410420;Nové Mìsto nad Metují;306002;Leštinská;è.ev.;96;;;54901;616042.94;1029189.67;2013-12-05T00:00:00
27788164;574279;Nové Mìsto nad Metují;;;;;410420;Nové Mìsto nad Metují;809756;Na Popluží;è.ev.;99;;;54901;617066.96;1029434.06;2013-12-05T00:00:00
27788172;574279;Nové Mìsto nad Metují;;;;;410420;Nové Mìsto nad Metují;809756;Na Popluží;è.ev.;107;;;54901;617097.14;1029573.37;2013-12-05T00:00:00
27788181;574279;Nové Mìsto nad Metují;;;;;410420;Nové Mìsto nad Metují;306410;Smetanova;è.ev.;117;;;54901;617153.45;1028968.35;2014-02-07T00:00:00
27788199;574279;Nové Mìsto nad Metují;;;;;410420;Nové Mìsto nad Metují;809756;Na Popluží;è.ev.;151;;;54901;617227.47;1029780.99;2013-12-05T00:00:00
27788211;574279;Nové Mìsto nad Metují;;;;;410420;Nové Mìsto nad Metují;809756;Na Popluží;è.ev.;154;;;54901;617230.23;1029848.86;2013-12-05T00:00:00
27788229;574279;Nové Mìsto nad Metují;;;;;410420;Nové Mìsto nad Metují;809756;Na Popluží;è.ev.;155;;;54901;617227.16;1029834.38;2013-12-05T00:00:00
27964558;574279;Nové Mìsto nad Metují;;;;;106437;Krèín;306649;Stavební;è.p.;474;;;54901;618051.12;1028786.99;2013-12-05T00:00:00
28028236;574279;Nové Mìsto nad Metují;;;;;410420;Nové Mìsto nad Metují;306002;Leštinská;è.p.;1611;;;54901;616306.92;1029290.72;2013-12-05T00:00:00
28037740;574279;Nové Mìsto nad Metují;;;;;410420;Nové Mìsto nad Metují;305812;Družební;è.p.;96;;;54901;616695.89;1028523.04;2018-04-12T00:00:00
28045301;574279;Nové Mìsto nad Metují;;;;;410420;Nové Mìsto nad Metují;305651;T. G. Masaryka;è.p.;64;;;54901;616720.58;1029311.00;2013-12-05T00:00:00
28045319;574279;Nové Mìsto nad Metují;;;;;106437;Krèín;305979;Kpt. Jaroše;è.p.;472;;;54901;617920.87;1028799.12;2013-12-05T00:00:00
28045335;574279;Nové Mìsto nad Metují;;;;;410420;Nové Mìsto nad Metují;306037;Malecí;è.p.;2150;;;54901;616860.21;1028744.87;2017-01-02T00:00:00
28045351;574279;Nové Mìsto nad Metují;;;;;106488;Spy;305871;Halínská;è.ev.;204;;;54901;617281.29;1031749.30;2013-12-05T00:00:00
28045408;574279;Nové Mìsto nad Metují;;;;;410420;Nové Mìsto nad Metují;305880;Havlíèkova;è.p.;346;;;54901;617539.29;1029141.22;2013-12-05T00:00:00
28051459;574279;Nové Mìsto nad Metují;;;;;410420;Nové Mìsto nad Metují;2574012;Žïárská;è.ev.;200;;;54901;615451.49;1030954.44;2020-09-25T00:00:00
28051581;574279;Nové Mìsto nad Metují;;;;;106437;Krèín;305766;Èernèická;è.p.;305;;;54901;618324.49;1029812.88;2020-03-04T00:00:00
28051831;574279;Nové Mìsto nad Metují;;;;;410420;Nové Mìsto nad Metují;809764;Ke Sta schodùm;è.ev.;177;;;54901;616903.01;1030565.02;2013-12-05T00:00:00
28051840;574279;Nové Mìsto nad Metují;;;;;410420;Nové Mìsto nad Metují;809764;Ke Sta schodùm;è.ev.;175;;;54901;616926.10;1030547.41;2013-12-05T00:00:00
28051858;574279;Nové Mìsto nad Metují;;;;;410420;Nové Mìsto nad Metují;691917;K Sirkárnì;è.ev.;121;;;54901;616979.35;1029732.24;2013-12-05T00:00:00
28051866;574279;Nové Mìsto nad Metují;;;;;410420;Nové Mìsto nad Metují;306444;Studýnka;è.ev.;193;;;54901;615846.51;1029652.39;2013-12-05T00:00:00
28051874;574279;Nové Mìsto nad Metují;;;;;410420;Nové Mìsto nad Metují;306444;Studýnka;è.ev.;195;;;54901;615865.38;1029682.22;2013-12-05T00:00:00
28051882;574279;Nové Mìsto nad Metují;;;;;410420;Nové Mìsto nad Metují;306568;Ve Vilách;è.ev.;210;;;54901;615428.40;1030114.60;2013-12-05T00:00:00
28051891;574279;Nové Mìsto nad Metují;;;;;410420;Nové Mìsto nad Metují;809756;Na Popluží;è.ev.;211;;;54901;617079.37;1029421.08;2013-12-05T00:00:00
28051904;574279;Nové Mìsto nad Metují;;;;;410420;Nové Mìsto nad Metují;809756;Na Popluží;è.ev.;215;;;54901;617109.40;1029521.65;2013-12-05T00:00:00
28051912;574279;Nové Mìsto nad Metují;;;;;106437;Krèín;306622;Železova louka;è.ev.;140;;;54901;617666.84;1029905.32;2013-12-05T00:00:00
28051921;574279;Nové Mìsto nad Metují;;;;;106437;Krèín;305766;Èernèická;è.ev.;209;;;54901;618423.70;1029951.28;2013-12-05T00:00:00
28051939;574279;Nové Mìsto nad Metují;;;;;410420;Nové Mìsto nad Metují;306444;Studýnka;è.ev.;78;;;54901;615837.65;1029676.79;2013-12-05T00:00:00
28051947;574279;Nové Mìsto nad Metují;;;;;410420;Nové Mìsto nad Metují;809756;Na Popluží;è.ev.;147;;;54901;617074.95;1029553.89;2013-12-05T00:00:00
28051955;574279;Nové Mìsto nad Metují;;;;;410420;Nové Mìsto nad Metují;809756;Na Popluží;è.ev.;149;;;54901;617229.61;1029745.57;2013-12-05T00:00:00
28051963;574279;Nové Mìsto nad Metují;;;;;410420;Nové Mìsto nad Metují;809756;Na Popluží;è.ev.;166;;;54901;617179.18;1029668.50;2013-12-05T00:00:00
28051971;574279;Nové Mìsto nad Metují;;;;;410420;Nové Mìsto nad Metují;809764;Ke Sta schodùm;è.ev.;168;;;54901;616895.15;1030588.95;2013-12-05T00:00:00
28051980;574279;Nové Mìsto nad Metují;;;;;410420;Nové Mìsto nad Metují;809764;Ke Sta schodùm;è.ev.;170;;;54901;616911.99;1030576.31;2013-12-05T00:00:00
28051998;574279;Nové Mìsto nad Metují;;;;;410420;Nové Mìsto nad Metují;809764;Ke Sta schodùm;è.ev.;178;;;54901;616888.66;1030573.98;2013-12-05T00:00:00
28052005;574279;Nové Mìsto nad Metují;;;;;410420;Nové Mìsto nad Metují;809764;Ke Sta schodùm;è.ev.;185;;;54901;616798.86;1030634.02;2013-12-05T00:00:00
28126378;574279;Nové Mìsto nad Metují;;;;;410420;Nové Mìsto nad Metují;305812;Družební;è.p.;1518;;;54901;616635.00;1028622.00;2016-01-05T00:00:00
28133862;574279;Nové Mìsto nad Metují;;;;;410420;Nové Mìsto nad Metují;306665;Rovná;è.p.;1702;;;54901;616224.00;1028313.00;2013-12-05T00:00:00
28148746;574279;Nové Mìsto nad Metují;;;;;410420;Nové Mìsto nad Metují;306037;Malecí;è.ev.;362;;;54901;616771.79;1028867.50;2013-12-05T00:00:00
28148754;574279;Nové Mìsto nad Metují;;;;;410420;Nové Mìsto nad Metují;306037;Malecí;è.ev.;364;;;54901;616772.82;1028861.26;2013-12-05T00:00:00
28148762;574279;Nové Mìsto nad Metují;;;;;410420;Nové Mìsto nad Metují;306207;Náchodská;è.ev.;391;;;54901;617726.14;1028773.43;2013-12-05T00:00:00
28148771;574279;Nové Mìsto nad Metují;;;;;410420;Nové Mìsto nad Metují;306207;Náchodská;è.ev.;392;;;54901;617729.10;1028772.40;2013-12-05T00:00:00
28148797;574279;Nové Mìsto nad Metují;;;;;410420;Nové Mìsto nad Metují;305774;Èeskoslovenské armády;è.ev.;420;;;54901;616506.06;1029377.44;2013-12-05T00:00:00
28148801;574279;Nové Mìsto nad Metují;;;;;410420;Nové Mìsto nad Metují;306410;Smetanova;è.ev.;77;;;54901;617143.10;1028937.52;2013-12-05T00:00:00
28148819;574279;Nové Mìsto nad Metují;;;;;410420;Nové Mìsto nad Metují;305774;Èeskoslovenské armády;è.ev.;478;;;54901;616473.35;1028846.87;2013-12-05T00:00:00
28148843;574279;Nové Mìsto nad Metují;;;;;410420;Nové Mìsto nad Metují;305774;Èeskoslovenské armády;è.ev.;225;;;54901;616380.56;1028758.97;2013-12-05T00:00:00
28148851;574279;Nové Mìsto nad Metují;;;;;410420;Nové Mìsto nad Metují;305774;Èeskoslovenské armády;è.ev.;243;;;54901;616365.06;1028813.44;2013-12-05T00:00:00
28148878;574279;Nové Mìsto nad Metují;;;;;410420;Nové Mìsto nad Metují;305774;Èeskoslovenské armády;è.ev.;262;;;54901;616451.10;1028814.15;2013-12-05T00:00:00
28148886;574279;Nové Mìsto nad Metují;;;;;410420;Nové Mìsto nad Metují;305839;Dukelská;è.ev.;271;;;54901;616429.94;1028881.78;2013-12-05T00:00:00
28148894;574279;Nové Mìsto nad Metují;;;;;410420;Nové Mìsto nad Metují;305839;Dukelská;è.ev.;278;;;54901;616422.47;1028901.86;2013-12-05T00:00:00
28148908;574279;Nové Mìsto nad Metují;;;;;410420;Nové Mìsto nad Metují;305774;Èeskoslovenské armády;è.ev.;297;;;54901;616478.19;1029103.01;2013-12-05T00:00:00
28148916;574279;Nové Mìsto nad Metují;;;;;410420;Nové Mìsto nad Metují;2382245;Klášterní;è.ev.;322;;;54901;616624.10;1029457.11;2019-01-09T00:00:00
28148924;574279;Nové Mìsto nad Metují;;;;;410420;Nové Mìsto nad Metují;306061;Na Františku;è.ev.;346;;;54901;616368.49;1028895.06;2013-12-05T00:00:00
28148932;574279;Nové Mìsto nad Metují;;;;;410420;Nové Mìsto nad Metují;306061;Na Františku;è.ev.;347;;;54901;616368.77;1028898.75;2013-12-05T00:00:00
28148941;574279;Nové Mìsto nad Metují;;;;;410420;Nové Mìsto nad Metují;306061;Na Františku;è.ev.;349;;;54901;616370.25;1028909.72;2014-02-12T00:00:00
28148959;574279;Nové Mìsto nad Metují;;;;;410420;Nové Mìsto nad Metují;306061;Na Františku;è.ev.;350;;;54901;616364.43;1028911.22;2014-02-12T00:00:00
28148967;574279;Nové Mìsto nad Metují;;;;;410420;Nové Mìsto nad Metují;306061;Na Františku;è.ev.;351;;;54901;616363.60;1028906.95;2013-12-05T00:00:00
28148975;574279;Nové Mìsto nad Metují;;;;;410420;Nové Mìsto nad Metují;306061;Na Františku;è.ev.;352;;;54901;616363.42;1028903.26;2013-12-05T00:00:00
28148983;574279;Nové Mìsto nad Metují;;;;;410420;Nové Mìsto nad Metují;306037;Malecí;è.ev.;357;;;54901;616769.50;1028883.30;2013-12-05T00:00:00
28148991;574279;Nové Mìsto nad Metují;;;;;410420;Nové Mìsto nad Metují;306037;Malecí;è.ev.;359;;;54901;616770.53;1028876.82;2013-12-05T00:00:00
28149017;574279;Nové Mìsto nad Metují;;;;;410420;Nové Mìsto nad Metují;305651;T. G. Masaryka;è.ev.;367;;;54901;616650.21;1028695.34;2013-12-05T00:00:00
28149025;574279;Nové Mìsto nad Metují;;;;;410420;Nové Mìsto nad Metují;306061;Na Františku;è.ev.;382;;;54901;616370.96;1028906.12;2014-02-12T00:00:00
28149033;574279;Nové Mìsto nad Metují;;;;;410420;Nové Mìsto nad Metují;306550;V Zátiší;è.ev.;383;;;54901;617635.22;1029018.08;2013-12-05T00:00:00
28149041;574279;Nové Mìsto nad Metují;;;;;410420;Nové Mìsto nad Metují;306207;Náchodská;è.ev.;389;;;54901;617720.24;1028775.79;2013-12-05T00:00:00
28149050;574279;Nové Mìsto nad Metují;;;;;410420;Nové Mìsto nad Metují;306037;Malecí;è.ev.;409;;;54901;616772.03;1028857.86;2013-12-05T00:00:00
28149068;574279;Nové Mìsto nad Metují;;;;;410420;Nové Mìsto nad Metují;305774;Èeskoslovenské armády;è.ev.;428;;;54901;616479.41;1028876.28;2013-12-05T00:00:00
28149076;574279;Nové Mìsto nad Metují;;;;;410420;Nové Mìsto nad Metují;306410;Smetanova;è.ev.;436;;;54901;617172.51;1028950.85;2013-12-05T00:00:00
28149084;574279;Nové Mìsto nad Metují;;;;;410420;Nové Mìsto nad Metují;306410;Smetanova;è.ev.;445;;;54901;617183.86;1028954.19;2013-12-05T00:00:00
28149092;574279;Nové Mìsto nad Metují;;;;;410420;Nové Mìsto nad Metují;305774;Èeskoslovenské armády;è.ev.;447;;;54901;616477.63;1028965.77;2014-02-07T00:00:00
28149106;574279;Nové Mìsto nad Metují;;;;;410420;Nové Mìsto nad Metují;305839;Dukelská;è.ev.;451;;;54901;616449.26;1029172.36;2013-12-05T00:00:00
28149114;574279;Nové Mìsto nad Metují;;;;;410420;Nové Mìsto nad Metují;306410;Smetanova;è.ev.;465;;;54901;617099.61;1028870.28;2014-02-10T00:00:00
28149122;574279;Nové Mìsto nad Metují;;;;;410420;Nové Mìsto nad Metují;306550;V Zátiší;è.ev.;540;;;54901;617638.95;1029030.00;2014-02-13T00:00:00
28149131;574279;Nové Mìsto nad Metují;;;;;410420;Nové Mìsto nad Metují;306410;Smetanova;è.ev.;553;;;54901;617110.62;1028945.14;2013-12-05T00:00:00
28149149;574279;Nové Mìsto nad Metují;;;;;410420;Nové Mìsto nad Metují;306410;Smetanova;è.ev.;554;;;54901;617107.44;1028948.32;2013-12-05T00:00:00
28149157;574279;Nové Mìsto nad Metují;;;;;410420;Nové Mìsto nad Metují;306410;Smetanova;è.ev.;555;;;54901;617104.80;1028950.93;2013-12-05T00:00:00
28149165;574279;Nové Mìsto nad Metují;;;;;410420;Nové Mìsto nad Metují;306410;Smetanova;è.ev.;556;;;54901;617102.09;1028953.41;2013-12-05T00:00:00
28149173;574279;Nové Mìsto nad Metují;;;;;410420;Nové Mìsto nad Metují;306410;Smetanova;è.ev.;557;;;54901;617099.44;1028955.96;2013-12-05T00:00:00
28149181;574279;Nové Mìsto nad Metují;;;;;410420;Nové Mìsto nad Metují;306410;Smetanova;è.ev.;558;;;54901;617096.77;1028958.43;2013-12-05T00:00:00
28149190;574279;Nové Mìsto nad Metují;;;;;410420;Nové Mìsto nad Metují;305774;Èeskoslovenské armády;è.ev.;253;;;54901;616447.72;1028806.26;2013-12-05T00:00:00
28149203;574279;Nové Mìsto nad Metují;;;;;410420;Nové Mìsto nad Metují;305839;Dukelská;è.ev.;276;;;54901;616424.68;1028896.11;2013-12-05T00:00:00
28149211;574279;Nové Mìsto nad Metují;;;;;410420;Nové Mìsto nad Metují;305774;Èeskoslovenské armády;è.ev.;305;;;54901;616478.86;1029164.11;2013-12-05T00:00:00
28149475;574279;Nové Mìsto nad Metují;;;;;410420;Nové Mìsto nad Metují;306061;Na Františku;è.ev.;353;;;54901;616362.54;1028895.85;2014-02-12T00:00:00
28149483;574279;Nové Mìsto nad Metují;;;;;410420;Nové Mìsto nad Metují;306061;Na Františku;è.ev.;354;;;54901;616363.05;1028899.44;2014-02-12T00:00:00
28149491;574279;Nové Mìsto nad Metují;;;;;410420;Nové Mìsto nad Metují;306037;Malecí;è.ev.;358;;;54901;616770.13;1028880.14;2013-12-05T00:00:00
28149505;574279;Nové Mìsto nad Metují;;;;;410420;Nové Mìsto nad Metují;306037;Malecí;è.ev.;363;;;54901;616772.19;1028864.50;2013-12-05T00:00:00
28149513;574279;Nové Mìsto nad Metují;;;;;410420;Nové Mìsto nad Metují;305839;Dukelská;è.ev.;399;;;54901;616362.35;1028826.91;2013-12-05T00:00:00
28149521;574279;Nové Mìsto nad Metují;;;;;410420;Nové Mìsto nad Metují;305839;Dukelská;è.ev.;450;;;54901;616447.95;1029175.54;2013-12-05T00:00:00
28149530;574279;Nové Mìsto nad Metují;;;;;410420;Nové Mìsto nad Metují;306533;V Aleji;è.ev.;484;;;54901;616125.25;1029188.00;2013-12-05T00:00:00
28149548;574279;Nové Mìsto nad Metují;;;;;410420;Nové Mìsto nad Metují;306533;V Aleji;è.ev.;485;;;54901;616126.13;1029190.28;2013-12-05T00:00:00
28149556;574279;Nové Mìsto nad Metují;;;;;410420;Nové Mìsto nad Metují;306533;V Aleji;è.ev.;486;;;54901;616127.53;1029193.72;2013-12-05T00:00:00
28149564;574279;Nové Mìsto nad Metují;;;;;410420;Nové Mìsto nad Metují;306533;V Aleji;è.ev.;488;;;54901;616120.55;1029192.37;2013-12-05T00:00:00
28149572;574279;Nové Mìsto nad Metují;;;;;410420;Nové Mìsto nad Metují;306037;Malecí;è.ev.;360;;;54901;616770.92;1028873.66;2013-12-05T00:00:00
28149581;574279;Nové Mìsto nad Metují;;;;;410420;Nové Mìsto nad Metují;306037;Malecí;è.ev.;361;;;54901;616771.32;1028870.66;2013-12-05T00:00:00
28190301;574279;Nové Mìsto nad Metují;;;;;186520;Vrchoviny;;;è.p.;149;;;54901;616854.00;1027003.00;2013-12-05T00:00:00
28190319;574279;Nové Mìsto nad Metují;;;;;410420;Nové Mìsto nad Metují;306533;V Aleji;è.p.;1601;;;54901;616069.06;1029070.64;2013-12-05T00:00:00
28238656;574279;Nové Mìsto nad Metují;;;;;410420;Nové Mìsto nad Metují;306215;Nádražní;è.p.;155;;;54901;617311.90;1029099.95;2013-12-05T00:00:00
28261488;574279;Nové Mìsto nad Metují;;;;;410420;Nové Mìsto nad Metují;306673;Sluneèná;è.p.;1416;;;54901;615992.23;1028579.48;2013-12-05T00:00:00
28285263;574279;Nové Mìsto nad Metují;;;;;410420;Nové Mìsto nad Metují;2382431;Na Bobeèku;è.ev.;44;;;54901;615999.40;1029498.66;2019-01-09T00:00:00
28285271;574279;Nové Mìsto nad Metují;;;;;410420;Nové Mìsto nad Metují;2382431;Na Bobeèku;è.ev.;1;;;54901;616090.61;1029507.75;2019-01-09T00:00:00
28285280;574279;Nové Mìsto nad Metují;;;;;410420;Nové Mìsto nad Metují;2382431;Na Bobeèku;è.ev.;9;;;54901;615920.15;1029519.69;2019-01-09T00:00:00
28285298;574279;Nové Mìsto nad Metují;;;;;410420;Nové Mìsto nad Metují;2382431;Na Bobeèku;è.ev.;12;;;54901;616265.80;1029595.23;2019-01-09T00:00:00
28285301;574279;Nové Mìsto nad Metují;;;;;410420;Nové Mìsto nad Metují;2382431;Na Bobeèku;è.ev.;17;;;54901;615982.53;1029441.65;2019-01-09T00:00:00
28285310;574279;Nové Mìsto nad Metují;;;;;410420;Nové Mìsto nad Metují;306428;Sokolská;è.ev.;31;;;54901;616195.49;1029445.91;2014-02-07T00:00:00
28290941;574279;Nové Mìsto nad Metují;;;;;186520;Vrchoviny;;;è.p.;175;;;54901;616949.18;1027839.40;2013-12-05T00:00:00
28331885;574279;Nové Mìsto nad Metují;;;;;106437;Krèín;306649;Stavební;è.p.;287;;;54901;618119.07;1028945.46;2014-01-21T00:00:00
28342381;574279;Nové Mìsto nad Metují;;;;;106437;Krèín;306088;Na Kopci;è.p.;327;;;54901;619133.56;1029060.09;2022-08-05T00:00:00
28356195;574279;Nové Mìsto nad Metují;;;;;410420;Nové Mìsto nad Metují;667498;Kaštánky;è.p.;1469;;;54901;616690.16;1028140.85;2014-01-20T00:00:00
28361181;574279;Nové Mìsto nad Metují;;;;;410420;Nové Mìsto nad Metují;305863;Gen. Klapálka;è.p.;410;;;54901;617575.76;1028722.20;2018-04-11T00:00:00
28493141;574279;Nové Mìsto nad Metují;;;;;106437;Krèín;305804;Dobrušská;è.p.;476;;;54901;617794.50;1029839.71;2013-12-05T00:00:00
30146437;574279;Nové Mìsto nad Metují;;;;;106437;Krèín;305715;Bratøí Èapkù;è.p.;163;;;54901;618347.16;1028986.43;2014-01-20T00:00:00
30146461;574279;Nové Mìsto nad Metují;;;;;106437;Krèín;783676;Osma;è.p.;480;;;54901;619056.08;1029729.40;2013-12-05T00:00:00
30146763;574279;Nové Mìsto nad Metují;;;;;410420;Nové Mìsto nad Metují;305791;Èeských legií;è.p.;37;;;54901;616925.74;1029905.19;2013-12-05T00:00:00
30146771;574279;Nové Mìsto nad Metují;;;;;410420;Nové Mìsto nad Metují;305651;T. G. Masaryka;è.p.;38;;;54901;616694.84;1029026.25;2014-01-29T00:00:00
30146950;574279;Nové Mìsto nad Metují;;;;;410420;Nové Mìsto nad Metují;305821;Družstevní;è.ev.;197;;;54901;616720.00;1028820.00;2013-12-05T00:00:00
30146968;574279;Nové Mìsto nad Metují;;;;;410420;Nové Mìsto nad Metují;305839;Dukelská;è.ev.;274;;;54901;616426.05;1028890.95;2014-02-10T00:00:00
30631068;574279;Nové Mìsto nad Metují;;;;;410420;Nové Mìsto nad Metují;305821;Družstevní;è.ev.;153;;;54901;616707.30;1028841.69;2013-12-05T00:00:00
30644062;574279;Nové Mìsto nad Metují;;;;;410420;Nové Mìsto nad Metují;306410;Smetanova;è.ev.;404;;;54901;617169.87;1028853.33;2013-12-05T00:00:00
30842310;574279;Nové Mìsto nad Metují;;;;;106437;Krèín;306622;Železova louka;è.ev.;77;;;54901;617639.12;1029923.84;2013-12-05T00:00:00
30945950;574279;Nové Mìsto nad Metují;;;;;186520;Vrchoviny;;;è.p.;150;;;54901;616831.15;1027020.76;2014-01-31T00:00:00
31082891;574279;Nové Mìsto nad Metují;;;;;410420;Nové Mìsto nad Metují;305791;Èeských legií;è.p.;84;;;54901;616906.00;1029852.64;2013-12-05T00:00:00
31082904;574279;Nové Mìsto nad Metují;;;;;410420;Nové Mìsto nad Metují;691933;K Vodárnì;è.p.;185;;;54901;615997.27;1029632.48;2013-12-05T00:00:00
31082912;574279;Nové Mìsto nad Metují;;;;;410420;Nové Mìsto nad Metují;305987;Krátká;è.p.;2108;;;54901;617713.00;1028708.79;2013-12-05T00:00:00
31082921;574279;Nové Mìsto nad Metují;;;;;410420;Nové Mìsto nad Metují;306002;Leštinská;è.ev.;3;;;54901;615992.45;1029223.10;2013-12-05T00:00:00
31082939;574279;Nové Mìsto nad Metují;;;;;410420;Nové Mìsto nad Metují;809756;Na Popluží;è.ev.;76;;;54901;617064.31;1029538.27;2013-12-05T00:00:00
31082947;574279;Nové Mìsto nad Metují;;;;;410420;Nové Mìsto nad Metují;306410;Smetanova;è.ev.;80;;;54901;617143.78;1028946.75;2013-12-05T00:00:00
31082955;574279;Nové Mìsto nad Metují;;;;;410420;Nové Mìsto nad Metují;305669;28. øíjna;è.ev.;98;;;54901;617129.10;1028886.58;2013-12-05T00:00:00
31082963;574279;Nové Mìsto nad Metují;;;;;410420;Nové Mìsto nad Metují;305669;28. øíjna;è.ev.;100;;;54901;617127.03;1028880.42;2013-12-05T00:00:00
31082971;574279;Nové Mìsto nad Metují;;;;;410420;Nové Mìsto nad Metují;305669;28. øíjna;è.ev.;101;;;54901;617126.01;1028877.28;2013-12-05T00:00:00
31082980;574279;Nové Mìsto nad Metují;;;;;410420;Nové Mìsto nad Metují;809756;Na Popluží;è.ev.;160;;;54901;617035.95;1029476.59;2013-12-05T00:00:00
31082998;574279;Nové Mìsto nad Metují;;;;;410420;Nové Mìsto nad Metují;2382431;Na Bobeèku;è.ev.;163;;;54901;616011.58;1029440.72;2019-01-09T00:00:00
31083005;574279;Nové Mìsto nad Metují;;;;;410420;Nové Mìsto nad Metují;305839;Dukelská;è.ev.;209;;;54901;616389.66;1028787.69;2013-12-05T00:00:00
31083013;574279;Nové Mìsto nad Metují;;;;;410420;Nové Mìsto nad Metují;809764;Ke Sta schodùm;è.ev.;216;;;54901;616801.41;1030569.97;2013-12-05T00:00:00
31083021;574279;Nové Mìsto nad Metují;;;;;410420;Nové Mìsto nad Metují;809764;Ke Sta schodùm;è.ev.;218;;;54901;616791.16;1030583.86;2013-12-05T00:00:00
31083030;574279;Nové Mìsto nad Metují;;;;;410420;Nové Mìsto nad Metují;809764;Ke Sta schodùm;è.ev.;220;;;54901;616812.28;1030562.10;2014-02-07T00:00:00
31083048;574279;Nové Mìsto nad Metují;;;;;410420;Nové Mìsto nad Metují;305839;Dukelská;è.ev.;272;;;54901;616429.05;1028884.59;2013-12-05T00:00:00
31083056;574279;Nové Mìsto nad Metují;;;;;410420;Nové Mìsto nad Metují;305839;Dukelská;è.ev.;273;;;54901;616427.88;1028887.39;2013-12-05T00:00:00
31083064;574279;Nové Mìsto nad Metují;;;;;410420;Nové Mìsto nad Metují;305839;Dukelská;è.ev.;277;;;54901;616423.53;1028898.88;2013-12-05T00:00:00
31083072;574279;Nové Mìsto nad Metují;;;;;410420;Nové Mìsto nad Metují;305774;Èeskoslovenské armády;è.ev.;280;;;54901;616420.33;1028907.63;2013-12-05T00:00:00
31083081;574279;Nové Mìsto nad Metují;;;;;410420;Nové Mìsto nad Metují;305774;Èeskoslovenské armády;è.ev.;284;;;54901;616481.36;1029032.88;2013-12-05T00:00:00
31083099;574279;Nové Mìsto nad Metují;;;;;410420;Nové Mìsto nad Metují;306061;Na Františku;è.ev.;348;;;54901;616369.25;1028902.24;2013-12-05T00:00:00
31083102;574279;Nové Mìsto nad Metují;;;;;410420;Nové Mìsto nad Metují;306410;Smetanova;è.ev.;407;;;54901;617180.21;1028849.14;2013-12-05T00:00:00
31083111;574279;Nové Mìsto nad Metují;;;;;410420;Nové Mìsto nad Metují;306037;Malecí;è.ev.;411;;;54901;616749.85;1028754.62;2013-12-05T00:00:00
31083129;574279;Nové Mìsto nad Metují;;;;;410420;Nové Mìsto nad Metují;305952;Klosova;è.ev.;414;;;54901;616633.44;1029530.75;2022-10-31T00:00:00
31271502;574279;Nové Mìsto nad Metují;;;;;106437;Krèín;305766;Èernèická;è.p.;43;;;54901;618438.04;1029438.26;2014-02-14T00:00:00
31402488;574279;Nové Mìsto nad Metují;;;;;410420;Nové Mìsto nad Metují;306665;Rovná;è.p.;1704;;;54901;616245.94;1028266.37;2014-01-29T00:00:00
31402496;574279;Nové Mìsto nad Metují;;;;;410420;Nové Mìsto nad Metují;306207;Náchodská;è.p.;2100;;;54901;617701.63;1028395.20;2013-12-05T00:00:00
31402500;574279;Nové Mìsto nad Metují;;;;;410420;Nové Mìsto nad Metují;306207;Náchodská;è.p.;2107;;;54901;617881.00;1028621.00;2013-12-05T00:00:00
31402518;574279;Nové Mìsto nad Metují;;;;;410420;Nové Mìsto nad Metují;306002;Leštinská;è.ev.;7;;;54901;616378.00;1028768.00;2013-12-05T00:00:00
31402534;574279;Nové Mìsto nad Metují;;;;;410420;Nové Mìsto nad Metují;2382431;Na Bobeèku;è.ev.;108;;;54901;616246.56;1029507.20;2019-01-09T00:00:00
31402551;574279;Nové Mìsto nad Metují;;;;;410420;Nové Mìsto nad Metují;2382431;Na Bobeèku;è.ev.;113;;;54901;616231.42;1029519.05;2019-01-09T00:00:00
31402569;574279;Nové Mìsto nad Metují;;;;;410420;Nové Mìsto nad Metují;809756;Na Popluží;è.ev.;148;;;54901;617230.46;1029755.82;2013-12-05T00:00:00
31402577;574279;Nové Mìsto nad Metují;;;;;410420;Nové Mìsto nad Metují;809756;Na Popluží;è.ev.;150;;;54901;617223.31;1029794.35;2013-12-05T00:00:00
31402585;574279;Nové Mìsto nad Metují;;;;;410420;Nové Mìsto nad Metují;809756;Na Popluží;è.ev.;152;;;54901;617223.64;1029808.06;2013-12-05T00:00:00
31402593;574279;Nové Mìsto nad Metují;;;;;410420;Nové Mìsto nad Metují;809756;Na Popluží;è.ev.;156;;;54901;617225.46;1029821.85;2013-12-05T00:00:00
31402607;574279;Nové Mìsto nad Metují;;;;;410420;Nové Mìsto nad Metují;809756;Na Popluží;è.ev.;157;;;54901;617234.44;1029869.29;2013-12-05T00:00:00
31402615;574279;Nové Mìsto nad Metují;;;;;410420;Nové Mìsto nad Metují;809756;Na Popluží;è.ev.;158;;;54901;617240.31;1029882.81;2013-12-05T00:00:00
31402623;574279;Nové Mìsto nad Metují;;;;;410420;Nové Mìsto nad Metují;809764;Ke Sta schodùm;è.ev.;173;;;54901;616851.00;1030622.50;2013-12-05T00:00:00
31402631;574279;Nové Mìsto nad Metují;;;;;410420;Nové Mìsto nad Metují;306533;V Aleji;è.ev.;487;;;54901;616120.37;1029189.68;2014-02-10T00:00:00
31402640;574279;Nové Mìsto nad Metují;;;;;410420;Nové Mìsto nad Metují;306533;V Aleji;è.ev.;489;;;54901;616122.50;1029197.08;2014-02-10T00:00:00
40082105;574279;Nové Mìsto nad Metují;;;;;106437;Krèín;305804;Dobrušská;è.ev.;491;;;54901;617855.54;1029817.21;2014-02-07T00:00:00
40152715;574279;Nové Mìsto nad Metují;;;;;410420;Nové Mìsto nad Metují;306592;Vrchovinská;è.p.;1431;;;54901;616534.80;1028246.05;2014-01-29T00:00:00
40198537;574279;Nové Mìsto nad Metují;;;;;410420;Nové Mìsto nad Metují;306355;Pøibyslavská;è.p.;2125;;;54901;616376.21;1029198.87;2014-01-30T00:00:00
40198545;574279;Nové Mìsto nad Metují;;;;;410420;Nové Mìsto nad Metují;306444;Studýnka;è.ev.;81;;;54901;615695.52;1029615.51;2014-02-07T00:00:00
40198553;574279;Nové Mìsto nad Metují;;;;;410420;Nové Mìsto nad Metují;306231;námìstí Republiky;è.ev.;560;;;54901;616837.74;1029834.82;2014-02-07T00:00:00
40198561;574279;Nové Mìsto nad Metují;;;;;410420;Nové Mìsto nad Metují;306231;námìstí Republiky;è.ev.;561;;;54901;616836.68;1029834.55;2014-02-07T00:00:00
40198570;574279;Nové Mìsto nad Metují;;;;;410420;Nové Mìsto nad Metují;306231;námìstí Republiky;è.ev.;562;;;54901;616835.56;1029832.57;2014-02-07T00:00:00
40198588;574279;Nové Mìsto nad Metují;;;;;410420;Nové Mìsto nad Metují;306231;námìstí Republiky;è.ev.;563;;;54901;616833.77;1029834.36;2014-02-07T00:00:00
40198596;574279;Nové Mìsto nad Metují;;;;;410420;Nové Mìsto nad Metují;306371;Rezecká;è.ev.;3021;;;54901;616333.29;1030014.42;2014-02-07T00:00:00
40235939;574279;Nové Mìsto nad Metují;;;;;410420;Nové Mìsto nad Metují;306401;Sadová;è.p.;1539;;;54901;616439.09;1028566.86;2016-01-05T00:00:00
40258190;574279;Nové Mìsto nad Metují;;;;;410420;Nové Mìsto nad Metují;306592;Vrchovinská;è.p.;1536;;;54901;616459.35;1028588.50;2013-12-05T00:00:00
40268462;574279;Nové Mìsto nad Metují;;;;;410420;Nové Mìsto nad Metují;305774;Èeskoslovenské armády;è.p.;883;;;54901;616387.29;1028668.98;2013-12-05T00:00:00
40268535;574279;Nové Mìsto nad Metují;;;;;186520;Vrchoviny;;;è.p.;161;;;54901;617710.27;1027444.26;2013-12-05T00:00:00
40273920;574279;Nové Mìsto nad Metují;;;;;410420;Nové Mìsto nad Metují;306592;Vrchovinská;è.p.;1532;;;54901;616495.07;1028591.82;2013-12-05T00:00:00
40277232;574279;Nové Mìsto nad Metují;;;;;186520;Vrchoviny;;;è.p.;168;;;54901;616933.64;1027261.15;2013-12-05T00:00:00
40277518;574279;Nové Mìsto nad Metují;;;;;410420;Nové Mìsto nad Metují;306444;Studýnka;è.p.;1499;;;54901;615260.55;1029380.30;2019-03-12T00:00:00
40278867;574279;Nové Mìsto nad Metují;;;;;410420;Nové Mìsto nad Metují;306592;Vrchovinská;è.p.;1534;;;54901;616480.53;1028554.86;2013-12-05T00:00:00
40336069;574279;Nové Mìsto nad Metují;;;;;410420;Nové Mìsto nad Metují;809756;Na Popluží;è.ev.;15;;;54901;617098.43;1029489.47;2019-01-28T00:00:00
40336395;574279;Nové Mìsto nad Metují;;;;;410420;Nové Mìsto nad Metují;809756;Na Popluží;è.ev.;16;;;54901;617057.99;1029486.00;2013-12-05T00:00:00
40336603;574279;Nové Mìsto nad Metují;;;;;410420;Nové Mìsto nad Metují;809756;Na Popluží;è.ev.;18;;;54901;616990.24;1029473.04;2013-12-05T00:00:00
40337014;574279;Nové Mìsto nad Metují;;;;;410420;Nové Mìsto nad Metují;809756;Na Popluží;è.ev.;20;;;54901;617021.31;1029395.13;2013-12-05T00:00:00
40337928;574279;Nové Mìsto nad Metují;;;;;410420;Nové Mìsto nad Metují;306002;Leštinská;è.ev.;118;;;54901;616036.39;1029273.73;2013-12-05T00:00:00
40338533;574279;Nové Mìsto nad Metují;;;;;410420;Nové Mìsto nad Metují;306002;Leštinská;è.ev.;38;;;54901;615937.23;1029086.19;2013-12-05T00:00:00
40339408;574279;Nové Mìsto nad Metují;;;;;410420;Nové Mìsto nad Metují;809756;Na Popluží;è.ev.;60;;;54901;617191.40;1029690.82;2013-12-05T00:00:00
40339483;574279;Nové Mìsto nad Metují;;;;;410420;Nové Mìsto nad Metují;306002;Leštinská;è.ev.;92;;;54901;615960.55;1029070.12;2013-12-05T00:00:00
40339858;574279;Nové Mìsto nad Metují;;;;;410420;Nové Mìsto nad Metují;306002;Leštinská;è.ev.;119;;;54901;615953.43;1029229.30;2013-12-05T00:00:00
40375391;574279;Nové Mìsto nad Metují;;;;;410420;Nové Mìsto nad Metují;306444;Studýnka;è.ev.;27;;;54901;615731.55;1029678.39;2013-12-05T00:00:00
40378217;574279;Nové Mìsto nad Metují;;;;;410420;Nové Mìsto nad Metují;305839;Dukelská;è.p.;2126;;;54901;616391.39;1029047.33;2013-12-05T00:00:00
40663868;574279;Nové Mìsto nad Metují;;;;;106437;Krèín;306622;Železova louka;è.p.;68;;;54901;617681.06;1029826.44;2013-12-05T00:00:00
40720331;574279;Nové Mìsto nad Metují;;;;;410420;Nové Mìsto nad Metují;306592;Vrchovinská;è.p.;1533;;;54901;616494.17;1028612.66;2013-12-05T00:00:00
40720373;574279;Nové Mìsto nad Metují;;;;;410420;Nové Mìsto nad Metují;306665;Rovná;è.p.;1701;;;54901;616207.26;1028341.77;2013-12-05T00:00:00
40720659;574279;Nové Mìsto nad Metují;;;;;186520;Vrchoviny;;;è.p.;173;;;54901;616997.32;1027830.27;2013-12-05T00:00:00
40750477;574279;Nové Mìsto nad Metují;;;;;410420;Nové Mìsto nad Metují;306592;Vrchovinská;è.p.;1535;;;54901;616469.72;1028571.69;2013-12-05T00:00:00
40832287;574279;Nové Mìsto nad Metují;;;;;410420;Nové Mìsto nad Metují;306665;Rovná;è.p.;1389;;;54901;616199.93;1028280.88;2013-12-05T00:00:00
40918998;574279;Nové Mìsto nad Metují;;;;;106488;Spy;816183;Nad Starèí;è.p.;84;;;54901;617266.53;1031805.34;2013-12-05T00:00:00
41284461;574279;Nové Mìsto nad Metují;;;;;106488;Spy;306576;Vlastimila Moravce;è.p.;87;;;54901;616492.09;1031165.47;2013-12-05T00:00:00
41284551;574279;Nové Mìsto nad Metují;;;;;410420;Nové Mìsto nad Metují;306371;Rezecká;è.p.;1174;;;54901;615986.20;1030009.33;2013-12-05T00:00:00
41342593;574279;Nové Mìsto nad Metují;;;;;186520;Vrchoviny;;;è.p.;169;;;54901;616946.21;1027233.17;2013-12-05T00:00:00
41343182;574279;Nové Mìsto nad Metují;;;;;106437;Krèín;306185;Nahoøanská;è.p.;304;;;54901;618293.58;1028953.89;2013-12-05T00:00:00
41354257;574279;Nové Mìsto nad Metují;;;;;106488;Spy;305731;Chlístovská;è.p.;100;;;54901;616540.74;1031534.19;2013-12-05T00:00:00
41422023;574279;Nové Mìsto nad Metují;;;;;186520;Vrchoviny;;;è.p.;170;;;54901;616948.73;1027200.78;2013-12-05T00:00:00
41483375;574279;Nové Mìsto nad Metují;;;;;410420;Nové Mìsto nad Metují;306592;Vrchovinská;è.p.;1526;;;54901;616485.16;1028519.84;2014-02-21T00:00:00
41677994;574279;Nové Mìsto nad Metují;;;;;186520;Vrchoviny;;;è.p.;171;;;54901;616959.87;1027163.29;2013-12-05T00:00:00
41695763;574279;Nové Mìsto nad Metují;;;;;410420;Nové Mìsto nad Metují;306673;Sluneèná;è.p.;1413;;;54901;616001.08;1028513.68;2013-12-05T00:00:00
41696123;574279;Nové Mìsto nad Metují;;;;;410420;Nové Mìsto nad Metují;667498;Kaštánky;è.p.;1467;;;54901;616704.62;1028099.88;2013-12-05T00:00:00
41856589;574279;Nové Mìsto nad Metují;;;;;106437;Krèín;306622;Železova louka;è.p.;478;;;54901;617605.31;1029922.95;2013-12-05T00:00:00
42293197;574279;Nové Mìsto nad Metují;;;;;410420;Nové Mìsto nad Metují;667498;Kaštánky;è.p.;1470;;;54901;616664.14;1028139.47;2013-12-05T00:00:00
42702852;574279;Nové Mìsto nad Metují;;;;;410420;Nové Mìsto nad Metují;306401;Sadová;è.p.;1527;;;54901;616458.61;1028514.06;2016-01-05T00:00:00
70901945;574279;Nové Mìsto nad Metují;;;;;106488;Spy;305871;Halínská;è.ev.;106;;;54901;617279.92;1031700.86;2014-02-12T00:00:00
72185236;574279;Nové Mìsto nad Metují;;;;;410420;Nové Mìsto nad Metují;306665;Rovná;è.p.;1703;;;54901;616234.76;1028291.13;2014-02-21T00:00:00
72452064;574279;Nové Mìsto nad Metují;;;;;106437;Krèín;305987;Krátká;è.p.;488;;;54901;617858.88;1028818.28;2014-03-25T00:00:00
72452129;574279;Nové Mìsto nad Metují;;;;;106437;Krèín;305987;Krátká;è.p.;487;;;54901;617829.99;1028781.60;2014-03-25T00:00:00
72456922;574279;Nové Mìsto nad Metují;;;;;106437;Krèín;305987;Krátká;è.p.;489;;;54901;617884.54;1028791.78;2014-03-25T00:00:00
72456965;574279;Nové Mìsto nad Metují;;;;;106437;Krèín;305987;Krátká;è.p.;490;;;54901;617855.20;1028761.45;2014-03-25T00:00:00
72626976;574279;Nové Mìsto nad Metují;;;;;410420;Nové Mìsto nad Metují;306371;Rezecká;è.p.;1105;;;54901;616157.33;1029957.80;2014-04-30T00:00:00
72965045;574279;Nové Mìsto nad Metují;;;;;410420;Nové Mìsto nad Metují;691917;K Sirkárnì;è.ev.;120;;;54901;616945.20;1029706.25;2014-08-07T00:00:00
73047961;574279;Nové Mìsto nad Metují;;;;;410420;Nové Mìsto nad Metují;306665;Rovná;è.p.;1700;;;54901;616198.76;1028361.22;2014-09-11T00:00:00
73125946;574279;Nové Mìsto nad Metují;;;;;410420;Nové Mìsto nad Metují;809756;Na Popluží;è.ev.;159;;;54901;617240.76;1029922.43;2014-10-13T00:00:00
73126284;574279;Nové Mìsto nad Metují;;;;;106437;Krèín;306622;Železova louka;è.ev.;139;;;54901;617591.60;1030051.37;2019-03-12T00:00:00
73380423;574279;Nové Mìsto nad Metují;;;;;106488;Spy;305731;Chlístovská;è.p.;82;;;54901;616582.99;1031555.71;2015-01-27T00:00:00
73537527;574279;Nové Mìsto nad Metují;;;;;410420;Nové Mìsto nad Metují;809756;Na Popluží;è.ev.;221;;;54901;617168.58;1029652.31;2015-03-25T00:00:00
73539171;574279;Nové Mìsto nad Metují;;;;;410420;Nové Mìsto nad Metují;2382431;Na Bobeèku;è.ev.;114;;;54901;616231.97;1029515.67;2019-01-09T00:00:00
73635804;574279;Nové Mìsto nad Metují;;;;;106488;Spy;766372;Kosaøova;è.p.;93;;;54901;616817.76;1031538.08;2015-04-29T00:00:00
73718122;574279;Nové Mìsto nad Metují;;;;;410420;Nové Mìsto nad Metují;809756;Na Popluží;è.ev.;224;;;54901;617098.48;1029551.44;2015-05-26T00:00:00
73718254;574279;Nové Mìsto nad Metují;;;;;106437;Krèín;306622;Železova louka;è.p.;482;;;54901;617626.19;1029886.20;2015-05-26T00:00:00
74078828;574279;Nové Mìsto nad Metují;;;;;410420;Nové Mìsto nad Metují;306207;Náchodská;è.p.;2109;;;54901;617714.12;1028442.96;2015-09-17T00:00:00
74080962;574279;Nové Mìsto nad Metují;;;;;106437;Krèín;783676;Osma;è.p.;106;;;54901;618918.80;1029865.36;2015-09-18T00:00:00
74200411;574279;Nové Mìsto nad Metují;;;;;410420;Nové Mìsto nad Metují;667498;Kaštánky;è.p.;1468;;;54901;616703.30;1028116.84;2015-11-02T00:00:00
74323423;574279;Nové Mìsto nad Metují;;;;;410420;Nové Mìsto nad Metují;306037;Malecí;è.ev.;453;;;54901;616726.32;1028756.87;2015-12-02T00:00:00
74433351;574279;Nové Mìsto nad Metují;;;;;410420;Nové Mìsto nad Metují;306592;Vrchovinská;è.p.;1531;;;54901;616504.54;1028568.78;2016-01-06T00:00:00
74520113;574279;Nové Mìsto nad Metují;;;;;410420;Nové Mìsto nad Metují;809756;Na Popluží;è.ev.;47;;;54901;617006.97;1029487.66;2016-01-28T00:00:00
74587811;574279;Nové Mìsto nad Metují;;;;;410420;Nové Mìsto nad Metují;306215;Nádražní;è.p.;135;;;54901;616819.71;1029306.21;2016-02-15T00:00:00
74878085;574279;Nové Mìsto nad Metují;;;;;410420;Nové Mìsto nad Metují;305863;Gen. Klapálka;è.p.;140;;;54901;617541.19;1028895.04;2016-04-13T00:00:00
74889834;574279;Nové Mìsto nad Metují;;;;;410420;Nové Mìsto nad Metují;809756;Na Popluží;è.ev.;222;;;54901;617021.65;1029448.59;2016-04-15T00:00:00
74904833;574279;Nové Mìsto nad Metují;;;;;410420;Nové Mìsto nad Metují;305821;Družstevní;è.ev.;202;;;54901;616704.70;1028823.34;2016-04-20T00:00:00
74943057;574279;Nové Mìsto nad Metují;;;;;410420;Nové Mìsto nad Metují;305944;Klopotovská;è.ev.;109;;;54901;616291.96;1030560.53;2016-04-29T00:00:00
75046695;574279;Nové Mìsto nad Metují;;;;;410420;Nové Mìsto nad Metují;306665;Rovná;è.p.;1706;;;54901;616224.97;1028225.29;2016-05-25T00:00:00
75083787;574279;Nové Mìsto nad Metují;;;;;106488;Spy;2382261;Vršovská;è.ev.;225;;;54901;617422.22;1031719.21;2019-01-08T00:00:00
75278928;574279;Nové Mìsto nad Metují;;;;;410420;Nové Mìsto nad Metují;306444;Studýnka;è.ev.;83;;;54901;615740.32;1029683.20;2016-08-18T00:00:00
75496879;574279;Nové Mìsto nad Metují;;;;;410420;Nové Mìsto nad Metují;306592;Vrchovinská;è.p.;1537;;;54901;616472.99;1028628.74;2016-11-07T00:00:00
75637189;574279;Nové Mìsto nad Metují;;;;;106488;Spy;2518481;Tumlíøova;è.p.;83;;;54901;616406.26;1031615.53;2019-10-24T00:00:00
76043690;574279;Nové Mìsto nad Metují;;;;;186520;Vrchoviny;;;è.p.;183;;;54901;616833.18;1027725.21;2017-04-06T00:00:00
76242099;574279;Nové Mìsto nad Metují;;;;;410420;Nové Mìsto nad Metují;306665;Rovná;è.p.;1705;;;54901;616254.94;1028242.88;2017-06-14T00:00:00
77587057;574279;Nové Mìsto nad Metují;;;;;186520;Vrchoviny;;;è.p.;153;;;54901;616854.90;1027046.23;2017-08-22T00:00:00
77640381;574279;Nové Mìsto nad Metují;;;;;410420;Nové Mìsto nad Metují;306444;Studýnka;è.ev.;196;;;54901;615778.94;1029671.52;2017-09-12T00:00:00
77724780;574279;Nové Mìsto nad Metují;;;;;186520;Vrchoviny;;;è.p.;164;;;54901;616917.03;1027317.69;2017-10-17T00:00:00
77769627;574279;Nové Mìsto nad Metují;;;;;410420;Nové Mìsto nad Metují;305812;Družební;è.p.;1508;;;54901;616678.47;1028523.19;2018-04-12T00:00:00
77801377;574279;Nové Mìsto nad Metují;;;;;410420;Nové Mìsto nad Metují;306592;Vrchovinská;è.p.;1538;;;54901;616447.62;1028615.59;2017-11-15T00:00:00
77890094;574279;Nové Mìsto nad Metují;;;;;410420;Nové Mìsto nad Metují;305812;Družební;è.p.;1417;;;54901;616091.06;1028504.98;2018-03-21T00:00:00
77890281;574279;Nové Mìsto nad Metují;;;;;410420;Nové Mìsto nad Metují;305961;Komenského;è.p.;176;;;54901;616687.34;1029360.72;2017-12-20T00:00:00
77896432;574279;Nové Mìsto nad Metují;;;;;410420;Nové Mìsto nad Metují;306215;Nádražní;è.p.;141;;;54901;616892.37;1029257.67;2017-12-21T00:00:00
77934610;574279;Nové Mìsto nad Metují;;;;;410420;Nové Mìsto nad Metují;305651;T. G. Masaryka;è.p.;1509;;;54901;616747.05;1028867.18;2018-01-16T00:00:00
78112401;574279;Nové Mìsto nad Metují;;;;;186520;Vrchoviny;;;è.p.;191;;;54901;617063.29;1027281.87;2018-03-13T00:00:00
78314691;574279;Nové Mìsto nad Metují;;;;;186520;Vrchoviny;;;è.p.;167;;;54901;616928.40;1027293.52;2018-05-04T00:00:00
78462860;574279;Nové Mìsto nad Metují;;;;;186520;Vrchoviny;;;è.p.;179;;;54901;616980.50;1027727.67;2018-06-25T00:00:00
78466601;574279;Nové Mìsto nad Metují;;;;;186520;Vrchoviny;;;è.p.;176;;;54901;616945.52;1027758.61;2018-06-26T00:00:00
78498422;574279;Nové Mìsto nad Metují;;;;;410420;Nové Mìsto nad Metují;809781;Dubinky;è.p.;1466;;;54901;616736.30;1028094.97;2018-07-09T00:00:00
78619998;574279;Nové Mìsto nad Metují;;;;;186520;Vrchoviny;;;è.p.;180;;;54901;616981.96;1027771.48;2018-08-21T00:00:00
78717493;574279;Nové Mìsto nad Metují;;;;;410420;Nové Mìsto nad Metují;306371;Rezecká;è.ev.;226;;;54901;616135.07;1029956.28;2018-09-25T00:00:00
78882290;574279;Nové Mìsto nad Metují;;;;;410420;Nové Mìsto nad Metují;305774;Èeskoslovenské armády;è.p.;1542;;;54901;616451.81;1028711.14;2018-11-21T00:00:00
78960631;574279;Nové Mìsto nad Metují;;;;;410420;Nové Mìsto nad Metují;305651;T. G. Masaryka;è.p.;2003;;;54901;616869.17;1028313.89;2018-12-06T00:00:00
79019510;574279;Nové Mìsto nad Metují;;;;;186520;Vrchoviny;;;è.p.;82;;;54901;617201.78;1027456.74;2019-01-03T00:00:00
79197086;574279;Nové Mìsto nad Metují;;;;;106488;Spy;305731;Chlístovská;è.p.;101;;;54901;616508.56;1031552.98;2019-03-06T00:00:00
79361536;574279;Nové Mìsto nad Metují;;;;;186520;Vrchoviny;;;è.p.;172;;;54901;616984.53;1027791.12;2019-05-09T00:00:00
79443842;574279;Nové Mìsto nad Metují;;;;;410420;Nové Mìsto nad Metují;809756;Na Popluží;è.ev.;227;;;54901;617122.33;1029544.57;2019-06-07T00:00:00
79531776;574279;Nové Mìsto nad Metují;;;;;106488;Spy;799467;Na Husí Krk;è.p.;97;;;54901;616287.90;1031220.03;2019-07-03T00:00:00
79620159;574279;Nové Mìsto nad Metují;;;;;410420;Nové Mìsto nad Metují;306371;Rezecká;è.p.;1111;;;54901;616302.93;1029961.47;2019-07-29T00:00:00
79620388;574279;Nové Mìsto nad Metují;;;;;186520;Vrchoviny;;;è.p.;178;;;54901;616968.90;1027690.94;2019-07-29T00:00:00
79665578;574279;Nové Mìsto nad Metují;;;;;410420;Nové Mìsto nad Metují;306592;Vrchovinská;è.p.;1545;;;54901;616499.37;1028640.16;2019-08-14T00:00:00
79987851;574279;Nové Mìsto nad Metují;;;;;410420;Nové Mìsto nad Metují;305812;Družební;è.p.;1520;;;54901;616601.40;1028612.71;2019-10-22T00:00:00
79988008;574279;Nové Mìsto nad Metují;;;;;410420;Nové Mìsto nad Metují;305812;Družební;è.p.;1519;;;54901;616601.27;1028612.78;2019-10-22T00:00:00
80021565;574279;Nové Mìsto nad Metují;;;;;106488;Spy;766372;Kosaøova;è.p.;98;;;54901;616997.61;1031616.23;2019-11-05T00:00:00
80053220;574279;Nové Mìsto nad Metují;;;;;410420;Nové Mìsto nad Metují;809756;Na Popluží;è.ev.;228;;;54901;617030.18;1029421.79;2019-11-13T00:00:00
80126766;574279;Nové Mìsto nad Metují;;;;;106437;Krèín;306622;Železova louka;è.ev.;229;;;54901;617670.00;1029937.89;2019-12-02T00:00:00
80216455;574279;Nové Mìsto nad Metují;;;;;410420;Nové Mìsto nad Metují;306240;Nerudova;è.p.;1510;;;54901;616742.07;1029205.29;2020-01-03T00:00:00
80306284;574279;Nové Mìsto nad Metují;;;;;106437;Krèín;306649;Stavební;è.p.;486;;;54901;618085.05;1028981.30;2020-02-28T00:00:00
80518281;574279;Nové Mìsto nad Metují;;;;;186520;Vrchoviny;;;è.p.;154;;;54901;616820.15;1027115.33;2020-04-01T00:00:00
80745814;574279;Nové Mìsto nad Metují;;;;;410420;Nové Mìsto nad Metují;305812;Družební;è.p.;1528;;;54901;616555.84;1028543.57;2020-06-02T00:00:00
80962319;574279;Nové Mìsto nad Metují;;;;;410420;Nové Mìsto nad Metují;667498;Kaštánky;è.p.;1472;;;54901;616667.63;1028090.42;2020-07-15T00:00:00
81053860;574279;Nové Mìsto nad Metují;;;;;106488;Spy;306576;Vlastimila Moravce;è.p.;102;;;54901;616914.90;1031814.28;2020-08-05T00:00:00
81147708;574279;Nové Mìsto nad Metují;;;;;410420;Nové Mìsto nad Metují;306444;Studýnka;è.ev.;230;;;54901;615494.61;1029495.42;2020-09-18T00:00:00
81203144;574279;Nové Mìsto nad Metují;;;;;410420;Nové Mìsto nad Metují;305669;28. øíjna;è.p.;596;;;54901;617441.01;1028665.39;2020-10-12T00:00:00
81355149;574279;Nové Mìsto nad Metují;;;;;106437;Krèín;306096;Na Rybníku;è.p.;499;;;54901;618453.25;1028661.04;2020-12-10T00:00:00
81355327;574279;Nové Mìsto nad Metují;;;;;410420;Nové Mìsto nad Metují;306444;Studýnka;è.p.;1189;;;54901;615408.51;1029346.57;2020-12-10T00:00:00
81366574;574279;Nové Mìsto nad Metují;;;;;410420;Nové Mìsto nad Metují;2507455;Bøezinky;è.p.;1521;;;54901;616551.58;1028585.62;2020-12-14T00:00:00
81366591;574279;Nové Mìsto nad Metují;;;;;410420;Nové Mìsto nad Metují;2507455;Bøezinky;è.p.;1522;;;54901;616551.49;1028585.70;2020-12-14T00:00:00
81366663;574279;Nové Mìsto nad Metují;;;;;410420;Nové Mìsto nad Metují;2507455;Bøezinky;è.p.;1523;;;54901;616533.85;1028631.29;2020-12-14T00:00:00
81366680;574279;Nové Mìsto nad Metují;;;;;410420;Nové Mìsto nad Metují;2507455;Bøezinky;è.p.;1524;;;54901;616534.02;1028631.37;2020-12-14T00:00:00
81410255;574279;Nové Mìsto nad Metují;;;;;410420;Nové Mìsto nad Metují;305669;28. øíjna;è.p.;597;;;54901;617436.18;1028669.67;2021-01-05T00:00:00
81481802;574279;Nové Mìsto nad Metují;;;;;106488;Spy;306576;Vlastimila Moravce;è.p.;121;;;54901;616466.62;1031357.79;2021-02-04T00:00:00
81547871;574279;Nové Mìsto nad Metují;;;;;410420;Nové Mìsto nad Metují;2518023;Pekelská;è.ev.;105;;;54901;616162.90;1029419.29;2021-03-03T00:00:00
81782659;574279;Nové Mìsto nad Metují;;;;;410420;Nové Mìsto nad Metují;305685;Boøetínská;è.p.;1512;;;54901;616733.30;1029166.98;2021-05-06T00:00:00
81782781;574279;Nové Mìsto nad Metují;;;;;410420;Nové Mìsto nad Metují;306240;Nerudova;è.p.;1513;;;54901;616750.45;1029160.38;2021-05-03T00:00:00
81843534;574279;Nové Mìsto nad Metují;;;;;410420;Nové Mìsto nad Metují;306240;Nerudova;è.p.;1511;;;54901;616741.83;1029191.20;2021-05-26T00:00:00
81849362;574279;Nové Mìsto nad Metují;;;;;410420;Nové Mìsto nad Metují;305651;T. G. Masaryka;è.p.;1514;;;54901;616720.92;1029158.35;2021-05-27T00:00:00
82001588;574279;Nové Mìsto nad Metují;;;;;186520;Vrchoviny;;;è.p.;163;;;54901;616901.46;1027258.72;2021-08-02T00:00:00
82013942;574279;Nové Mìsto nad Metují;;;;;106488;Spy;2518341;Vojnarova;è.p.;122;;;54901;616824.65;1031516.93;2021-08-06T00:00:00
82252831;574279;Nové Mìsto nad Metují;;;;;106437;Krèín;2266172;Rolní;è.p.;491;;;54901;618957.01;1028937.01;2021-11-10T00:00:00
82284181;574279;Nové Mìsto nad Metují;;;;;186520;Vrchoviny;;;è.p.;177;;;54901;616945.55;1027736.90;2021-11-23T00:00:00
82284407;574279;Nové Mìsto nad Metují;;;;;410420;Nové Mìsto nad Metují;306592;Vrchovinská;è.p.;1530;;;54901;616516.98;1028533.36;2021-11-23T00:00:00
82523070;574279;Nové Mìsto nad Metují;;;;;106488;Spy;2518481;Tumlíøova;è.p.;123;;;54901;616604.99;1031358.34;2022-01-19T00:00:00
82674060;574279;Nové Mìsto nad Metují;;;;;106437;Krèín;2382474;Zemìdìlská;è.p.;492;;;54901;619179.13;1029006.23;2022-02-25T00:00:00
82946736;574279;Nové Mìsto nad Metují;;;;;410420;Nové Mìsto nad Metují;717894;Luèní;è.p.;1707;;;54901;615955.24;1028366.64;2022-05-11T00:00:00
83243674;574279;Nové Mìsto nad Metují;;;;;106437;Krèín;306088;Na Kopci;è.p.;493;;;54901;619099.57;1028907.62;2022-08-30T00:00:00
83264850;574279;Nové Mìsto nad Metují;;;;;410420;Nové Mìsto nad Metují;305847;Elektrárenská;è.p.;2129;;;54901;617504.62;1029338.86;2022-09-06T00:00:00
83268600;574279;Nové Mìsto nad Metují;;;;;410420;Nové Mìsto nad Metují;306673;Sluneèná;è.p.;1550;;;54901;615963.17;1028569.43;2022-09-07T00:00:00
83986375;574279;Nové Mìsto nad Metují;;;;;410420;Nové Mìsto nad Metují;306592;Vrchovinská;è.p.;1498;;;54901;616552.52;1028260.19;2022-10-27T00:00:00
83986758;574279;Nové Mìsto nad Metují;;;;;106488;Spy;2518341;Vojnarova;è.p.;124;;;54901;616835.05;1031472.75;2022-10-27T00:00:00
84637102;574279;Nové Mìsto nad Metují;;;;;410420;Nové Mìsto nad Metují;305863;Gen. Klapálka;è.p.;147;;;54901;617538.89;1028723.92;2022-12-19T00:00:00
84884711;574279;Nové Mìsto nad Metují;;;;;410420;Nové Mìsto nad Metují;306444;Studýnka;è.p.;1190;;;54901;615375.61;1029335.17;2023-01-18T00:00:00
84884941;574279;Nové Mìsto nad Metují;;;;;410420;Nové Mìsto nad Metují;3115330;Sta schody;è.ev.;231;;;54901;616906.81;1030508.94;2023-01-18T00:00:00
84944005;574279;Nové Mìsto nad Metují;;;;;106488;Spy;305731;Chlístovská;è.p.;99;;;54901;616545.91;1031462.63;2023-02-08T00:00:00
85117919;574279;Nové Mìsto nad Metují;;;;;186520;Vrchoviny;;;è.p.;174;;;54901;616948.56;1027796.58;2023-04-19T00:00:00
85384429;574279;Nové Mìsto nad Metují;;;;;106488;Spy;305871;Halínská;è.p.;125;;;54901;617261.27;1031691.09;2023-07-27T00:00:00
85384844;574279;Nové Mìsto nad Metují;;;;;410420;Nové Mìsto nad Metují;306207;Náchodská;è.p.;2111;;;54901;617637.87;1028615.89;2023-07-27T00:00:00
85404811;574279;Nové Mìsto nad Metují;;;;;410420;Nové Mìsto nad Metují;305774;Èeskoslovenské armády;è.p.;1544;;;54901;616417.60;1028676.86;2023-08-07T00:00:00
85628620;574279;Nové Mìsto nad Metují;;;;;410420;Nové Mìsto nad Metují;809756;Na Popluží;è.ev.;232;;;54901;617230.42;1029755.77;2023-10-02T00:00:00
85924768;574279;Nové Mìsto nad Metují;;;;;410420;Nové Mìsto nad Metují;305669;28. øíjna;è.p.;2110;;;54901;617059.92;1028914.63;2024-01-12T00:00:00
86009371;574279;Nové Mìsto nad Metují;;;;;106437;Krèín;305766;Èernèická;è.p.;494;;;54901;618388.88;1029828.62;2024-02-16T00:00:00
86050834;574279;Nové Mìsto nad Metují;;;;;410420;Nové Mìsto nad Metují;809756;Na Popluží;è.ev.;233;;;54901;617140.12;1029596.99;2024-03-07T00:00:00
86212575;574279;Nové Mìsto nad Metují;;;;;106488;Spy;816183;Nad Starèí;è.p.;126;;;54901;617237.44;1031742.87;2024-05-21T00:00:00
86249461;574279;Nové Mìsto nad Metují;;;;;410420;Nové Mìsto nad Metují;305880;Havlíèkova;è.p.;419;;;54901;617496.31;1029153.89;2024-08-05T00:00:00
86434519;574279;Nové Mìsto nad Metují;;;;;410420;Nové Mìsto nad Metují;306312;Pod Vinicemi;è.p.;1175;;;54901;616592.59;1030389.65;2024-08-01T00:00:00
86455028;574279;Nové Mìsto nad Metují;;;;;106488;Spy;306053;Na Drahách;è.p.;106;;;54901;616871.62;1031725.99;2024-08-09T00:00:00
86486276;574279;Nové Mìsto nad Metují;;;;;410420;Nové Mìsto nad Metují;305651;T. G. Masaryka;è.p.;1525;;;54901;616680.11;1028649.76;2024-08-29T00:00:00
86576844;574279;Nové Mìsto nad Metují;;;;;410420;Nové Mìsto nad Metují;306134;Na Výsluní;è.p.;1548;;;54901;615961.68;1028621.25;2024-10-16T00:00:00
86728903;574279;Nové Mìsto nad Metují;;;;;186520;Vrchoviny;;;è.p.;162;;;54901;617764.06;1027474.46;2025-01-08T00:00:00
87031850;574279;Nové Mìsto nad Metují;;;;;410420;Nové Mìsto nad Metují;;;è.ev.;33;;;54901;616581.75;1028414.40;2025-05-14T00:00:00
87039494;574279;Nové Mìsto nad Metují;;;;;106437;Krèín;306088;Na Kopci;è.p.;495;;;54901;618789.32;1028901.04;2025-05-20T00:00:00
87064588;574279;Nové Mìsto nad Metují;;;;;410420;Nové Mìsto nad Metují;305707;Bradla;è.ev.;234;;;54901;614411.79;1030130.28;2025-05-29T00:00:00
87084791;574279;Nové Mìsto nad Metují;;;;;410420;Nové Mìsto nad Metují;305774;Èeskoslovenské armády;è.p.;1543;;;54901;616431.85;1028649.29;2025-06-04T00:00:00
87128683;574279;Nové Mìsto nad Metují;;;;;106488;Spy;816183;Nad Starèí;è.p.;127;;;54901;617330.31;1031863.44;2025-06-20T00:00:00
87222655;574279;Nové Mìsto nad Metují;;;;;410420;Nové Mìsto nad Metují;306002;Leštinská;è.p.;2021;;;54901;616064.00;1029200.91;2025-08-07T00:00:00
87421755;574279;Nové Mìsto nad Metují;;;;;410420;Nové Mìsto nad Metují;809772;Kasárenská;è.p.;1551;;;54901;616612.73;1028692.51;2025-11-19T00:00:00
