Kód ADM;Kód obce;Název obce;Kód MOMC;Název MOMC;Kód obvodu Prahy;Název obvodu Prahy;Kód èásti obce;Název èásti obce;Kód ulice;Název ulice;Typ SO;Èíslo domovní;Èíslo orientaèní;Znak èísla orientaèního;PSÈ;Souøadnice Y;Souøadnice X;Platí Od
6624618;552461;Chotoviny;;;;;53406;Èervené Záhoøí;571989;Táborská;è.p.;1;;;39137;733890.71;1113125.93;2013-12-05T00:00:00
6624634;552461;Chotoviny;;;;;53406;Èervené Záhoøí;571636;Dolní;è.p.;3;;;39137;733938.02;1113244.12;2013-12-05T00:00:00
6624642;552461;Chotoviny;;;;;53406;Èervené Záhoøí;571636;Dolní;è.p.;4;;;39137;733949.07;1113278.51;2013-12-05T00:00:00
6624651;552461;Chotoviny;;;;;53406;Èervené Záhoøí;571636;Dolní;è.p.;5;;;39137;733933.91;1113304.79;2013-12-05T00:00:00
6624669;552461;Chotoviny;;;;;53406;Èervené Záhoøí;571636;Dolní;è.p.;6;;;39137;734004.34;1113293.15;2013-12-05T00:00:00
6624677;552461;Chotoviny;;;;;53406;Èervené Záhoøí;571636;Dolní;è.p.;7;;;39137;733952.76;1113311.87;2013-12-05T00:00:00
6624685;552461;Chotoviny;;;;;53406;Èervené Záhoøí;571636;Dolní;è.p.;8;;;39137;733962.20;1113386.52;2013-12-05T00:00:00
6624693;552461;Chotoviny;;;;;53406;Èervené Záhoøí;571636;Dolní;è.p.;9;;;39137;733867.49;1113334.97;2013-12-05T00:00:00
6624707;552461;Chotoviny;;;;;53406;Èervené Záhoøí;571873;Prostøední;è.p.;10;;;39137;733805.94;1113281.48;2013-12-05T00:00:00
6624715;552461;Chotoviny;;;;;53406;Èervené Záhoøí;571636;Dolní;è.p.;11;;;39137;733897.08;1113298.69;2013-12-05T00:00:00
6624723;552461;Chotoviny;;;;;53406;Èervené Záhoøí;571636;Dolní;è.p.;12;;;39137;733887.21;1113284.75;2013-12-05T00:00:00
6624731;552461;Chotoviny;;;;;53406;Èervené Záhoøí;571636;Dolní;è.p.;13;;;39137;733872.51;1113269.04;2013-12-05T00:00:00
6624740;552461;Chotoviny;;;;;53406;Èervené Záhoøí;571881;Prùbìžná;è.p.;14;;;39137;733804.50;1113165.76;2013-12-05T00:00:00
6624758;552461;Chotoviny;;;;;53406;Èervené Záhoøí;571873;Prostøední;è.p.;15;;;39137;733785.66;1113244.26;2013-12-05T00:00:00
6624766;552461;Chotoviny;;;;;53406;Èervené Záhoøí;571881;Prùbìžná;è.p.;16;;;39137;733760.94;1113259.26;2013-12-05T00:00:00
6624774;552461;Chotoviny;;;;;53406;Èervené Záhoøí;571873;Prostøední;è.p.;17;;;39137;733769.68;1113282.84;2013-12-05T00:00:00
6624782;552461;Chotoviny;;;;;53406;Èervené Záhoøí;571652;Hlinická;è.p.;18;;;39137;733755.84;1113301.09;2013-12-05T00:00:00
6624791;552461;Chotoviny;;;;;53406;Èervené Záhoøí;571997;U Lomu;è.p.;20;;;39137;733838.80;1113088.20;2017-04-18T00:00:00
6624804;552461;Chotoviny;;;;;53406;Èervené Záhoøí;571873;Prostøední;è.p.;21;;;39137;733810.03;1113327.96;2013-12-05T00:00:00
6624812;552461;Chotoviny;;;;;53406;Èervené Záhoøí;571873;Prostøední;è.p.;22;;;39137;733778.36;1113327.45;2013-12-05T00:00:00
6624821;552461;Chotoviny;;;;;53406;Èervené Záhoøí;571873;Prostøední;è.p.;23;;;39137;733777.41;1113411.40;2013-12-05T00:00:00
6624847;552461;Chotoviny;;;;;53406;Èervené Záhoøí;571652;Hlinická;è.p.;25;;;39137;733742.30;1113372.07;2013-12-05T00:00:00
6624855;552461;Chotoviny;;;;;53406;Èervené Záhoøí;571652;Hlinická;è.p.;26;;;39137;733731.65;1113347.73;2013-12-05T00:00:00
6624863;552461;Chotoviny;;;;;53406;Èervené Záhoøí;571652;Hlinická;è.p.;27;;;39137;733706.35;1113339.67;2013-12-05T00:00:00
6624871;552461;Chotoviny;;;;;53406;Èervené Záhoøí;571652;Hlinická;è.p.;28;;;39137;733724.67;1113322.18;2013-12-05T00:00:00
6624880;552461;Chotoviny;;;;;53406;Èervené Záhoøí;571652;Hlinická;è.p.;29;;;39137;733714.88;1113293.08;2013-12-05T00:00:00
6624898;552461;Chotoviny;;;;;53406;Èervené Záhoøí;571652;Hlinická;è.p.;30;;;39137;733758.36;1113191.80;2013-12-05T00:00:00
6624901;552461;Chotoviny;;;;;53406;Èervené Záhoøí;571881;Prùbìžná;è.p.;31;;;39137;733778.90;1113195.12;2013-12-05T00:00:00
6624910;552461;Chotoviny;;;;;53406;Èervené Záhoøí;571652;Hlinická;è.p.;32;;;39137;733745.81;1113407.82;2013-12-05T00:00:00
6624928;552461;Chotoviny;;;;;53406;Èervené Záhoøí;571652;Hlinická;è.p.;33;;;39137;733751.02;1113144.10;2013-12-05T00:00:00
6624936;552461;Chotoviny;;;;;53406;Èervené Záhoøí;571873;Prostøední;è.p.;34;;;39137;733819.14;1113409.85;2013-12-05T00:00:00
6624944;552461;Chotoviny;;;;;53406;Èervené Záhoøí;571679;K Václavu;è.p.;35;;;39137;734589.81;1112519.13;2013-12-05T00:00:00
6624952;552461;Chotoviny;;;;;53406;Èervené Záhoøí;571873;Prostøední;è.p.;36;;;39137;733807.53;1113353.76;2013-12-05T00:00:00
6624961;552461;Chotoviny;;;;;53406;Èervené Záhoøí;571989;Táborská;è.p.;37;;;39137;734347.64;1113123.92;2013-12-05T00:00:00
6624979;552461;Chotoviny;;;;;53406;Èervené Záhoøí;661881;Ve Dvoøe;è.p.;38;;;39137;733973.14;1113179.34;2013-12-05T00:00:00
6624987;552461;Chotoviny;;;;;53406;Èervené Záhoøí;571831;Ovocná;è.p.;39;;;39137;734300.91;1112780.85;2019-06-05T00:00:00
6624995;552461;Chotoviny;;;;;53406;Èervené Záhoøí;571849;Pod Chmelnicí;è.p.;40;;;39137;734147.24;1113321.38;2013-12-05T00:00:00
6625002;552461;Chotoviny;;;;;53406;Èervené Záhoøí;571938;Sadová;è.p.;41;;;39137;734337.30;1112813.79;2013-12-05T00:00:00
6625011;552461;Chotoviny;;;;;53406;Èervené Záhoøí;571989;Táborská;è.p.;42;;;39137;734281.68;1113132.61;2013-12-05T00:00:00
6625037;552461;Chotoviny;;;;;53406;Èervené Záhoøí;571768;Na Radlinì;è.p.;44;;;39137;733925.66;1113499.37;2013-12-05T00:00:00
6625045;552461;Chotoviny;;;;;53406;Èervené Záhoøí;571873;Prostøední;è.p.;45;;;39137;733851.57;1113500.54;2013-12-05T00:00:00
6625053;552461;Chotoviny;;;;;53406;Èervené Záhoøí;571652;Hlinická;è.p.;46;;;39137;733722.35;1113234.82;2013-12-05T00:00:00
6625061;552461;Chotoviny;;;;;53406;Èervené Záhoøí;571636;Dolní;è.p.;47;;;39137;734022.52;1113519.56;2013-12-05T00:00:00
6625070;552461;Chotoviny;;;;;53406;Èervené Záhoøí;571768;Na Radlinì;è.p.;48;;;39137;733914.98;1113461.51;2013-12-05T00:00:00
6625088;552461;Chotoviny;;;;;53406;Èervené Záhoøí;571873;Prostøední;è.p.;49;;;39137;733818.20;1113209.07;2013-12-05T00:00:00
6625096;552461;Chotoviny;;;;;53406;Èervené Záhoøí;571873;Prostøední;è.p.;50;;;39137;733769.93;1113320.92;2013-12-05T00:00:00
6625118;552461;Chotoviny;;;;;53406;Èervené Záhoøí;661881;Ve Dvoøe;è.p.;52;;;39137;733890.88;1113139.99;2022-05-11T00:00:00
6625134;552461;Chotoviny;;;;;53406;Èervené Záhoøí;572021;Višòová;è.p.;54;;;39137;734177.31;1112927.05;2013-12-05T00:00:00
6625142;552461;Chotoviny;;;;;53406;Èervené Záhoøí;571806;Nádražní;è.p.;55;;;39137;733992.15;1113091.87;2013-12-05T00:00:00
6625151;552461;Chotoviny;;;;;53406;Èervené Záhoøí;571873;Prostøední;è.p.;56;;;39137;733914.47;1113543.10;2013-12-05T00:00:00
6625169;552461;Chotoviny;;;;;53406;Èervené Záhoøí;571873;Prostøední;è.p.;57;;;39137;733890.25;1113520.44;2013-12-05T00:00:00
6625177;552461;Chotoviny;;;;;53406;Èervené Záhoøí;571989;Táborská;è.p.;58;;;39137;734447.03;1113099.29;2013-12-05T00:00:00
6625185;552461;Chotoviny;;;;;53406;Èervené Záhoøí;571989;Táborská;è.p.;59;;;39137;734416.77;1113113.53;2013-12-05T00:00:00
6625193;552461;Chotoviny;;;;;53406;Èervené Záhoøí;571873;Prostøední;è.p.;60;;;39137;733807.92;1113480.24;2013-12-05T00:00:00
6625207;552461;Chotoviny;;;;;53406;Èervené Záhoøí;571873;Prostøední;è.p.;61;;;39137;733823.69;1113514.72;2013-12-05T00:00:00
6625215;552461;Chotoviny;;;;;53406;Èervené Záhoøí;571989;Táborská;è.p.;62;;;39137;734216.47;1113136.80;2013-12-05T00:00:00
6625223;552461;Chotoviny;;;;;53406;Èervené Záhoøí;571725;Moraveèská;è.p.;63;;;39137;734448.01;1112825.24;2013-12-05T00:00:00
6625231;552461;Chotoviny;;;;;53406;Èervené Záhoøí;571938;Sadová;è.p.;64;;;39137;734374.27;1112745.72;2013-12-05T00:00:00
6625240;552461;Chotoviny;;;;;53406;Èervené Záhoøí;571873;Prostøední;è.p.;65;;;39137;733835.16;1113541.13;2013-12-05T00:00:00
6625258;552461;Chotoviny;;;;;53406;Èervené Záhoøí;571806;Nádražní;è.p.;66;;;39137;734258.40;1113045.32;2013-12-05T00:00:00
6625266;552461;Chotoviny;;;;;53406;Èervené Záhoøí;571806;Nádražní;è.p.;67;;;39137;734136.86;1113076.21;2013-12-05T00:00:00
6625274;552461;Chotoviny;;;;;53406;Èervené Záhoøí;571806;Nádražní;è.p.;68;;;39137;734183.87;1113053.62;2013-12-05T00:00:00
6625282;552461;Chotoviny;;;;;53406;Èervené Záhoøí;571938;Sadová;è.p.;69;;;39137;734414.48;1112716.91;2013-12-05T00:00:00
6625291;552461;Chotoviny;;;;;53406;Èervené Záhoøí;571831;Ovocná;è.p.;70;;;39137;734260.69;1112781.88;2013-12-05T00:00:00
6625304;552461;Chotoviny;;;;;53406;Èervené Záhoøí;571938;Sadová;è.p.;71;;;39137;734357.31;1112778.22;2013-12-05T00:00:00
6625312;552461;Chotoviny;;;;;53406;Èervené Záhoøí;571725;Moraveèská;è.p.;72;;;39137;734504.26;1112675.92;2013-12-05T00:00:00
6625321;552461;Chotoviny;;;;;53406;Èervené Záhoøí;571806;Nádražní;è.p.;73;;;39137;734093.96;1113042.42;2013-12-05T00:00:00
6625339;552461;Chotoviny;;;;;53406;Èervené Záhoøí;572021;Višòová;è.p.;74;;;39137;734167.94;1112865.61;2013-12-05T00:00:00
6625347;552461;Chotoviny;;;;;53406;Èervené Záhoøí;571679;K Václavu;è.p.;75;;;39137;734006.76;1113011.17;2013-12-05T00:00:00
6625355;552461;Chotoviny;;;;;53406;Èervené Záhoøí;571920;Rùžová;è.p.;76;;;39137;734105.78;1112983.13;2013-12-05T00:00:00
6625363;552461;Chotoviny;;;;;53406;Èervené Záhoøí;571831;Ovocná;è.p.;77;;;39137;734264.86;1112847.27;2013-12-05T00:00:00
6625371;552461;Chotoviny;;;;;53406;Èervené Záhoøí;571806;Nádražní;è.p.;78;;;39137;734107.43;1113071.07;2013-12-05T00:00:00
6625380;552461;Chotoviny;;;;;53406;Èervené Záhoøí;571679;K Václavu;è.p.;79;;;39137;734226.12;1112777.44;2013-12-05T00:00:00
6625398;552461;Chotoviny;;;;;53406;Èervené Záhoøí;571938;Sadová;è.p.;80;;;39137;734427.98;1112686.76;2013-12-05T00:00:00
6625401;552461;Chotoviny;;;;;53406;Èervené Záhoøí;571806;Nádražní;è.p.;81;;;39137;734273.61;1113068.66;2013-12-05T00:00:00
6625410;552461;Chotoviny;;;;;53406;Èervené Záhoøí;571725;Moraveèská;è.p.;82;;;39137;734501.51;1112642.85;2013-12-05T00:00:00
6625428;552461;Chotoviny;;;;;53406;Èervené Záhoøí;571938;Sadová;è.p.;83;;;39137;734399.32;1112754.13;2013-12-05T00:00:00
6625436;552461;Chotoviny;;;;;53406;Èervené Záhoøí;571806;Nádražní;è.p.;84;;;39137;734223.50;1113051.58;2013-12-05T00:00:00
6625444;552461;Chotoviny;;;;;53406;Èervené Záhoøí;571725;Moraveèská;è.p.;85;;;39137;734518.23;1112654.09;2013-12-05T00:00:00
6625452;552461;Chotoviny;;;;;53406;Èervené Záhoøí;571806;Nádražní;è.p.;86;;;39137;734078.88;1113069.91;2013-12-05T00:00:00
6625461;552461;Chotoviny;;;;;53406;Èervené Záhoøí;572021;Višòová;è.p.;87;;;39137;734190.14;1112973.95;2013-12-05T00:00:00
6625479;552461;Chotoviny;;;;;53406;Èervené Záhoøí;571695;Krátká;è.p.;88;;;39137;734218.05;1112917.84;2013-12-05T00:00:00
6625487;552461;Chotoviny;;;;;53406;Èervené Záhoøí;571831;Ovocná;è.p.;89;;;39137;734320.26;1112745.58;2013-12-05T00:00:00
6625495;552461;Chotoviny;;;;;53406;Èervené Záhoøí;571831;Ovocná;è.p.;90;;;39137;734310.68;1112763.85;2013-12-05T00:00:00
6625509;552461;Chotoviny;;;;;53406;Èervené Záhoøí;571938;Sadová;è.p.;91;;;39137;734340.81;1112859.80;2013-12-05T00:00:00
6625517;552461;Chotoviny;;;;;53406;Èervené Záhoøí;572021;Višòová;è.p.;92;;;39137;734172.69;1112892.94;2013-12-05T00:00:00
6625525;552461;Chotoviny;;;;;53406;Èervené Záhoøí;571938;Sadová;è.p.;93;;;39137;734320.80;1112893.27;2013-12-05T00:00:00
6625533;552461;Chotoviny;;;;;53406;Èervené Záhoøí;571725;Moraveèská;è.p.;94;;;39137;734410.50;1112896.34;2013-12-05T00:00:00
6625541;552461;Chotoviny;;;;;53406;Èervené Záhoøí;571938;Sadová;è.p.;95;;;39137;734299.46;1112860.37;2013-12-05T00:00:00
6625550;552461;Chotoviny;;;;;53406;Èervené Záhoøí;571971;Široká;è.p.;96;;;39137;734209.04;1112887.08;2019-06-05T00:00:00
6625568;552461;Chotoviny;;;;;53406;Èervené Záhoøí;571849;Pod Chmelnicí;è.p.;97;;;39137;734150.12;1113145.39;2013-12-05T00:00:00
6625576;552461;Chotoviny;;;;;53406;Èervené Záhoøí;571679;K Václavu;è.p.;98;;;39137;734381.96;1112704.09;2013-12-05T00:00:00
6625584;552461;Chotoviny;;;;;53406;Èervené Záhoøí;571938;Sadová;è.p.;99;;;39137;734381.79;1112790.45;2013-12-05T00:00:00
6625592;552461;Chotoviny;;;;;53406;Èervené Záhoøí;571831;Ovocná;è.p.;100;;;39137;734282.08;1112816.77;2013-12-05T00:00:00
6625606;552461;Chotoviny;;;;;53406;Èervené Záhoøí;571849;Pod Chmelnicí;è.p.;101;;;39137;734131.23;1113366.10;2013-12-05T00:00:00
6625614;552461;Chotoviny;;;;;53406;Èervené Záhoøí;571873;Prostøední;è.p.;102;;;39137;733859.84;1113543.62;2013-12-05T00:00:00
6625622;552461;Chotoviny;;;;;53406;Èervené Záhoøí;571849;Pod Chmelnicí;è.p.;103;;;39137;734179.95;1113163.39;2013-12-05T00:00:00
6625631;552461;Chotoviny;;;;;53406;Èervené Záhoøí;572021;Višòová;è.p.;104;;;39137;734161.20;1112965.31;2013-12-05T00:00:00
6625649;552461;Chotoviny;;;;;53406;Èervené Záhoøí;571806;Nádražní;è.p.;105;;;39137;734052.26;1113076.30;2013-12-05T00:00:00
6625657;552461;Chotoviny;;;;;53406;Èervené Záhoøí;571849;Pod Chmelnicí;è.p.;106;;;39137;734196.39;1113252.96;2013-12-05T00:00:00
6625665;552461;Chotoviny;;;;;53406;Èervené Záhoøí;571725;Moraveèská;è.p.;107;;;39137;734485.56;1112739.96;2013-12-05T00:00:00
6625673;552461;Chotoviny;;;;;53406;Èervené Záhoøí;571725;Moraveèská;è.p.;108;;;39137;734350.02;1112922.07;2013-12-05T00:00:00
6625681;552461;Chotoviny;;;;;53406;Èervené Záhoøí;571806;Nádražní;è.p.;109;;;39137;734306.37;1113038.66;2013-12-05T00:00:00
6625690;552461;Chotoviny;;;;;53406;Èervené Záhoøí;571725;Moraveèská;è.p.;110;;;39137;734425.52;1112811.45;2013-12-05T00:00:00
6625703;552461;Chotoviny;;;;;53406;Èervené Záhoøí;571725;Moraveèská;è.p.;111;;;39137;734445.19;1112739.52;2013-12-05T00:00:00
6625711;552461;Chotoviny;;;;;53406;Èervené Záhoøí;571725;Moraveèská;è.p.;112;;;39137;734459.40;1112722.33;2013-12-05T00:00:00
6625720;552461;Chotoviny;;;;;53406;Èervené Záhoøí;571725;Moraveèská;è.p.;113;;;39137;734455.79;1112700.50;2013-12-05T00:00:00
6625738;552461;Chotoviny;;;;;53406;Èervené Záhoøí;661881;Ve Dvoøe;è.p.;114;;;39137;733970.60;1113171.78;2013-12-05T00:00:00
6625746;552461;Chotoviny;;;;;53406;Èervené Záhoøí;571695;Krátká;è.p.;115;;;39137;734229.66;1112956.76;2013-12-05T00:00:00
6625754;552461;Chotoviny;;;;;53406;Èervené Záhoøí;571725;Moraveèská;è.p.;116;;;39137;734389.62;1112931.08;2013-12-05T00:00:00
6625762;552461;Chotoviny;;;;;53406;Èervené Záhoøí;571938;Sadová;è.p.;117;;;39137;734337.61;1112877.35;2013-12-05T00:00:00
6625771;552461;Chotoviny;;;;;53406;Èervené Záhoøí;571806;Nádražní;è.p.;118;;;39137;734012.04;1113054.25;2013-12-05T00:00:00
6625789;552461;Chotoviny;;;;;53406;Èervené Záhoøí;571806;Nádražní;è.p.;119;;;39137;734058.07;1113042.14;2013-12-05T00:00:00
6625797;552461;Chotoviny;;;;;53406;Èervené Záhoøí;571806;Nádražní;è.p.;120;;;39137;734124.74;1113043.19;2013-12-05T00:00:00
6625801;552461;Chotoviny;;;;;53406;Èervené Záhoøí;571806;Nádražní;è.p.;121;;;39137;734166.06;1113081.45;2013-12-05T00:00:00
6625819;552461;Chotoviny;;;;;53406;Èervené Záhoøí;572021;Višòová;è.p.;123;;;39137;734157.26;1112943.20;2013-12-05T00:00:00
6625827;552461;Chotoviny;;;;;53406;Èervené Záhoøí;571652;Hlinická;è.p.;124;;;39137;733741.24;1113393.41;2013-12-05T00:00:00
6625835;552461;Chotoviny;;;;;53406;Èervené Záhoøí;571831;Ovocná;è.p.;125;;;39137;734334.29;1112728.82;2013-12-05T00:00:00
6625843;552461;Chotoviny;;;;;53406;Èervené Záhoøí;571849;Pod Chmelnicí;è.p.;126;;;39137;734166.34;1113288.10;2013-12-05T00:00:00
6625851;552461;Chotoviny;;;;;53406;Èervené Záhoøí;571849;Pod Chmelnicí;è.p.;127;;;39137;734178.83;1113306.09;2013-12-05T00:00:00
6625860;552461;Chotoviny;;;;;53406;Èervené Záhoøí;571938;Sadová;è.p.;128;;;39137;734356.03;1112830.14;2016-02-02T00:00:00
6625878;552461;Chotoviny;;;;;53406;Èervené Záhoøí;571938;Sadová;è.p.;129;;;39137;734299.38;1112889.66;2015-03-24T00:00:00
6625886;552461;Chotoviny;;;;;53406;Èervené Záhoøí;572021;Višòová;è.p.;130;;;39137;734172.99;1113021.97;2013-12-05T00:00:00
6625894;552461;Chotoviny;;;;;53406;Èervené Záhoøí;571725;Moraveèská;è.p.;131;;;39137;734387.28;1112856.56;2013-12-05T00:00:00
6625908;552461;Chotoviny;;;;;53406;Èervené Záhoøí;571806;Nádražní;è.p.;132;;;39137;734196.25;1113086.39;2013-12-05T00:00:00
6625916;552461;Chotoviny;;;;;53406;Èervené Záhoøí;571849;Pod Chmelnicí;è.p.;133;;;39137;734155.67;1113167.42;2013-12-05T00:00:00
6625932;552461;Chotoviny;;;;;53406;Èervené Záhoøí;571695;Krátká;è.p.;135;;;39137;734242.50;1112992.10;2013-12-05T00:00:00
6625941;552461;Chotoviny;;;;;53406;Èervené Záhoøí;571695;Krátká;è.p.;136;;;39137;734261.22;1112934.30;2013-12-05T00:00:00
6625959;552461;Chotoviny;;;;;53406;Èervené Záhoøí;571695;Krátká;è.p.;137;;;39137;734252.95;1113012.08;2013-12-05T00:00:00
6625967;552461;Chotoviny;;;;;53406;Èervené Záhoøí;571971;Široká;è.p.;138;;;39137;734306.87;1112964.61;2013-12-05T00:00:00
6625975;552461;Chotoviny;;;;;53406;Èervené Záhoøí;571636;Dolní;è.p.;139;;;39137;733873.97;1113395.89;2013-12-05T00:00:00
6625983;552461;Chotoviny;;;;;53406;Èervené Záhoøí;571989;Táborská;è.p.;140;;;39137;734178.92;1113141.20;2013-12-05T00:00:00
6625991;552461;Chotoviny;;;;;53406;Èervené Záhoøí;572021;Višòová;è.p.;141;;;39137;734142.26;1112866.72;2013-12-05T00:00:00
6626009;552461;Chotoviny;;;;;53406;Èervené Záhoøí;571831;Ovocná;è.p.;142;;;39137;734288.05;1112743.29;2013-12-05T00:00:00
6626017;552461;Chotoviny;;;;;53406;Èervené Záhoøí;571725;Moraveèská;è.p.;143;;;39137;734434.48;1112853.31;2013-12-05T00:00:00
6626025;552461;Chotoviny;;;;;53406;Èervené Záhoøí;571725;Moraveèská;è.p.;144;;;39137;734436.43;1112790.18;2013-12-05T00:00:00
6626033;552461;Chotoviny;;;;;53406;Èervené Záhoøí;571725;Moraveèská;è.p.;145;;;39137;734445.91;1112765.21;2013-12-05T00:00:00
6626050;552461;Chotoviny;;;;;53406;Èervené Záhoøí;571725;Moraveèská;è.p.;147;;;39137;734421.58;1112877.87;2013-12-05T00:00:00
6626068;552461;Chotoviny;;;;;53406;Èervené Záhoøí;571971;Široká;è.p.;148;;;39137;734351.67;1113018.54;2013-12-05T00:00:00
6626076;552461;Chotoviny;;;;;53406;Èervené Záhoøí;571971;Široká;è.p.;149;;;39137;734341.83;1113036.19;2013-12-05T00:00:00
6626084;552461;Chotoviny;;;;;53406;Èervené Záhoøí;571920;Rùžová;è.p.;150;;;39137;734087.86;1113000.23;2013-12-05T00:00:00
6626092;552461;Chotoviny;;;;;53406;Èervené Záhoøí;571849;Pod Chmelnicí;è.p.;151;;;39137;734191.12;1113215.57;2013-12-05T00:00:00
6626106;552461;Chotoviny;;;;;53406;Èervené Záhoøí;571636;Dolní;è.p.;153;;;39137;733915.84;1113405.13;2013-12-05T00:00:00
6626114;552461;Chotoviny;;;;;53406;Èervené Záhoøí;571849;Pod Chmelnicí;è.p.;154;;;39137;734171.72;1113328.07;2013-12-05T00:00:00
6626122;552461;Chotoviny;;;;;53406;Èervené Záhoøí;571849;Pod Chmelnicí;è.p.;155;;;39137;734132.80;1113341.62;2013-12-05T00:00:00
6626131;552461;Chotoviny;;;;;53406;Èervené Záhoøí;572021;Višòová;è.p.;156;;;39137;734169.91;1113005.61;2013-12-05T00:00:00
6626149;552461;Chotoviny;;;;;53406;Èervené Záhoøí;571989;Táborská;è.p.;200;;;39137;734654.09;1113027.86;2015-09-03T00:00:00
6626173;552461;Chotoviny;;;;;53406;Èervené Záhoøí;571920;Rùžová;è.ev.;14;;;39137;734059.70;1112976.14;2013-12-05T00:00:00
6626190;552461;Chotoviny;;;;;53406;Èervené Záhoøí;571971;Široká;è.ev.;16;;;39137;734313.14;1112991.91;2013-12-05T00:00:00
6626203;552461;Chotoviny;;;;;53406;Èervené Záhoøí;571695;Krátká;è.ev.;17;;;39137;734272.70;1112980.85;2013-12-05T00:00:00
6626220;552461;Chotoviny;;;;;53406;Èervené Záhoøí;571997;U Lomu;è.ev.;31;;;39137;733752.55;1113084.47;2024-02-26T00:00:00
6626246;552461;Chotoviny;;;;;53406;Èervené Záhoøí;571989;Táborská;è.ev.;35;;;39137;734732.05;1113068.29;2019-06-05T00:00:00
6626297;552461;Chotoviny;;;;;53406;Èervené Záhoøí;661911;Polní;è.ev.;64;;;39137;734635.32;1113186.30;2013-12-05T00:00:00
6626301;552461;Chotoviny;;;;;53406;Èervené Záhoøí;571920;Rùžová;è.ev.;66;;;39137;734120.81;1112941.71;2013-12-05T00:00:00
6626319;552461;Chotoviny;;;;;53406;Èervené Záhoøí;571725;Moraveèská;è.ev.;68;;;39137;734499.30;1112718.62;2013-12-05T00:00:00
6626335;552461;Chotoviny;;;;;53414;Chotoviny;571750;Na Nádvoøí;è.p.;1;;;39137;733377.44;1112588.63;2019-06-05T00:00:00
6626343;552461;Chotoviny;;;;;53414;Chotoviny;571709;Lipová;è.p.;2;;;39137;733818.80;1112559.03;2013-12-05T00:00:00
6626351;552461;Chotoviny;;;;;53414;Chotoviny;571709;Lipová;è.p.;3;;;39137;733843.17;1112492.37;2013-12-05T00:00:00
6626360;552461;Chotoviny;;;;;53414;Chotoviny;571822;Osvobození;è.p.;5;;;39137;733743.25;1112601.21;2013-12-05T00:00:00
6626378;552461;Chotoviny;;;;;53414;Chotoviny;571822;Osvobození;è.p.;6;;;39137;733723.79;1112612.40;2013-12-05T00:00:00
6626386;552461;Chotoviny;;;;;53414;Chotoviny;571822;Osvobození;è.p.;7;;;39137;733707.86;1112621.30;2013-12-05T00:00:00
6626394;552461;Chotoviny;;;;;53414;Chotoviny;571911;Rudé armády;è.p.;8;;;39137;733690.17;1112637.60;2013-12-05T00:00:00
6626408;552461;Chotoviny;;;;;53414;Chotoviny;571911;Rudé armády;è.p.;10;;;39137;733673.70;1112674.64;2013-12-05T00:00:00
6626416;552461;Chotoviny;;;;;53414;Chotoviny;571911;Rudé armády;è.p.;12;;;39137;733634.16;1112667.27;2013-12-05T00:00:00
6626441;552461;Chotoviny;;;;;53414;Chotoviny;572004;U Parku;è.p.;15;;;39137;733457.38;1112692.51;2013-12-05T00:00:00
6626459;552461;Chotoviny;;;;;53414;Chotoviny;571962;Støíbrná alej;è.p.;16;;;39137;733504.07;1112749.17;2013-12-05T00:00:00
6626475;552461;Chotoviny;;;;;53414;Chotoviny;571962;Støíbrná alej;è.p.;18;;;39137;733472.22;1112739.36;2013-12-05T00:00:00
6626483;552461;Chotoviny;;;;;53414;Chotoviny;572004;U Parku;è.p.;20;;;39137;733396.71;1112750.76;2013-12-05T00:00:00
6626491;552461;Chotoviny;;;;;53414;Chotoviny;572004;U Parku;è.p.;21;;;39137;733426.77;1112756.11;2013-12-05T00:00:00
6626505;552461;Chotoviny;;;;;53414;Chotoviny;571687;Kaštanová;è.p.;22;;;39137;733328.48;1113037.59;2013-12-05T00:00:00
6626513;552461;Chotoviny;;;;;53414;Chotoviny;572004;U Parku;è.p.;24;;;39137;733347.24;1112764.87;2013-12-05T00:00:00
6626521;552461;Chotoviny;;;;;53414;Chotoviny;571814;Okružní;è.p.;25;;;39137;733365.98;1112727.34;2013-12-05T00:00:00
6626530;552461;Chotoviny;;;;;53414;Chotoviny;571814;Okružní;è.p.;26;;;39137;733320.81;1112750.44;2013-12-05T00:00:00
6626548;552461;Chotoviny;;;;;53414;Chotoviny;571911;Rudé armády;è.p.;28;;;39137;733492.38;1112654.84;2013-12-05T00:00:00
6626556;552461;Chotoviny;;;;;53414;Chotoviny;571911;Rudé armády;è.p.;29;;;39137;733515.59;1112644.40;2013-12-05T00:00:00
6626564;552461;Chotoviny;;;;;53414;Chotoviny;571946;Sedlecká;è.p.;30;;;39137;733591.10;1112618.12;2013-12-05T00:00:00
6626572;552461;Chotoviny;;;;;53414;Chotoviny;571890;Prùchodní;è.p.;31;;;39137;733630.35;1112601.50;2013-12-05T00:00:00
6626581;552461;Chotoviny;;;;;53414;Chotoviny;571890;Prùchodní;è.p.;32;;;39137;733660.05;1112637.43;2013-12-05T00:00:00
6626599;552461;Chotoviny;;;;;53414;Chotoviny;571822;Osvobození;è.p.;34;;;39137;733701.86;1112598.65;2013-12-05T00:00:00
6626602;552461;Chotoviny;;;;;53414;Chotoviny;571822;Osvobození;è.p.;35;;;39137;733752.88;1112616.30;2013-12-05T00:00:00
6626611;552461;Chotoviny;;;;;53414;Chotoviny;;;è.p.;36;;;39137;732686.53;1112780.98;2013-12-05T00:00:00
6626629;552461;Chotoviny;;;;;53414;Chotoviny;571822;Osvobození;è.p.;37;;;39137;733764.34;1112539.85;2013-12-05T00:00:00
6626637;552461;Chotoviny;;;;;53414;Chotoviny;572004;U Parku;è.p.;38;;;39137;733388.08;1112771.36;2013-12-05T00:00:00
6626645;552461;Chotoviny;;;;;53414;Chotoviny;571814;Okružní;è.p.;39;;;39137;733362.88;1112741.42;2013-12-05T00:00:00
6626653;552461;Chotoviny;;;;;53414;Chotoviny;571814;Okružní;è.p.;40;;;39137;733341.06;1112722.66;2013-12-05T00:00:00
6626670;552461;Chotoviny;;;;;53414;Chotoviny;571687;Kaštanová;è.p.;42;;;39137;733307.62;1112880.99;2013-12-05T00:00:00
6626688;552461;Chotoviny;;;;;53414;Chotoviny;572012;Úzká;è.p.;43;;;39137;733379.03;1112826.78;2013-12-05T00:00:00
6626696;552461;Chotoviny;;;;;53414;Chotoviny;572004;U Parku;è.p.;44;;;39137;733374.94;1112788.70;2013-12-05T00:00:00
6626700;552461;Chotoviny;;;;;53414;Chotoviny;571652;Hlinická;è.p.;45;;;39137;733725.99;1113151.05;2013-12-05T00:00:00
6626718;552461;Chotoviny;;;;;53414;Chotoviny;571946;Sedlecká;è.p.;46;;;39137;733638.13;1112640.90;2013-12-05T00:00:00
6626726;552461;Chotoviny;;;;;53414;Chotoviny;571822;Osvobození;è.p.;47;;;39137;733791.41;1112594.63;2013-12-05T00:00:00
6626734;552461;Chotoviny;;;;;53414;Chotoviny;571890;Prùchodní;è.p.;48;;;39137;733661.62;1112599.25;2013-12-05T00:00:00
6626742;552461;Chotoviny;;;;;53414;Chotoviny;571962;Støíbrná alej;è.p.;49;;;39137;733505.89;1112772.05;2013-12-05T00:00:00
6626751;552461;Chotoviny;;;;;53414;Chotoviny;571946;Sedlecká;è.p.;50;;;39137;733605.32;1112635.67;2013-12-05T00:00:00
6626769;552461;Chotoviny;;;;;53414;Chotoviny;571962;Støíbrná alej;è.p.;51;;;39137;733440.22;1112700.07;2013-12-05T00:00:00
6626777;552461;Chotoviny;;;;;53414;Chotoviny;571822;Osvobození;è.p.;52;;;39137;733745.01;1112567.29;2013-12-05T00:00:00
6626785;552461;Chotoviny;;;;;53414;Chotoviny;571962;Støíbrná alej;è.p.;54;;;39137;733489.37;1112729.63;2013-12-05T00:00:00
6626793;552461;Chotoviny;;;;;53414;Chotoviny;571911;Rudé armády;è.p.;56;;;39137;733546.98;1112642.19;2013-12-05T00:00:00
6626807;552461;Chotoviny;;;;;53414;Chotoviny;571644;Družstevní;è.p.;57;;;39137;733291.26;1112506.76;2013-12-05T00:00:00
6626815;552461;Chotoviny;;;;;53414;Chotoviny;571750;Na Nádvoøí;è.p.;58;;;39137;733325.65;1112586.28;2013-12-05T00:00:00
6626823;552461;Chotoviny;;;;;53414;Chotoviny;571644;Družstevní;è.p.;60;;;39137;733334.81;1112489.48;2013-12-05T00:00:00
6626831;552461;Chotoviny;;;;;53414;Chotoviny;571750;Na Nádvoøí;è.p.;61;;;39137;733371.83;1112525.69;2013-12-05T00:00:00
6626840;552461;Chotoviny;;;;;53414;Chotoviny;571911;Rudé armády;è.p.;62;;;39137;733558.45;1112666.90;2013-12-05T00:00:00
6626858;552461;Chotoviny;;;;;53414;Chotoviny;572047;Zámecká;è.p.;64;;;39137;733548.04;1112559.74;2013-12-05T00:00:00
6626866;552461;Chotoviny;;;;;53414;Chotoviny;571822;Osvobození;è.p.;65;;;39137;733754.29;1112550.21;2013-12-05T00:00:00
6626874;552461;Chotoviny;;;;;53414;Chotoviny;572047;Zámecká;è.p.;66;;;39137;733498.14;1112562.11;2013-12-05T00:00:00
6626882;552461;Chotoviny;;;;;53414;Chotoviny;571911;Rudé armády;è.p.;67;;;39137;733462.43;1112646.30;2013-12-05T00:00:00
6626891;552461;Chotoviny;;;;;53414;Chotoviny;571989;Táborská;è.p.;68;;;39137;733900.27;1113083.53;2013-12-05T00:00:00
6626904;552461;Chotoviny;;;;;53414;Chotoviny;572012;Úzká;è.p.;69;;;39137;733502.68;1112812.40;2013-12-05T00:00:00
6626912;552461;Chotoviny;;;;;53414;Chotoviny;571652;Hlinická;è.p.;70;;;39137;733716.61;1112859.27;2013-12-05T00:00:00
6626921;552461;Chotoviny;;;;;53414;Chotoviny;571962;Støíbrná alej;è.p.;71;;;39137;733550.08;1112780.41;2013-12-05T00:00:00
6626939;552461;Chotoviny;;;;;53414;Chotoviny;572012;Úzká;è.p.;72;;;39137;733437.59;1112822.63;2013-12-05T00:00:00
6626947;552461;Chotoviny;;;;;53414;Chotoviny;571814;Okružní;è.p.;73;;;39137;733318.88;1112735.26;2013-12-05T00:00:00
6626955;552461;Chotoviny;;;;;53414;Chotoviny;571652;Hlinická;è.p.;74;;;39137;733727.54;1112895.25;2013-12-05T00:00:00
6626963;552461;Chotoviny;;;;;53414;Chotoviny;572047;Zámecká;è.p.;75;;;39137;733714.02;1112558.90;2013-12-05T00:00:00
6626971;552461;Chotoviny;;;;;53414;Chotoviny;571733;Na Kopeèku;è.p.;76;;;39137;733815.97;1112933.80;2013-12-05T00:00:00
6626980;552461;Chotoviny;;;;;53414;Chotoviny;571733;Na Kopeèku;è.p.;77;;;39137;733822.85;1112933.43;2013-12-05T00:00:00
6626998;552461;Chotoviny;;;;;53414;Chotoviny;572047;Zámecká;è.p.;78;;;39137;733578.73;1112557.22;2013-12-05T00:00:00
6627005;552461;Chotoviny;;;;;53414;Chotoviny;571733;Na Kopeèku;è.p.;79;;;39137;733863.14;1112930.53;2013-12-05T00:00:00
6627013;552461;Chotoviny;;;;;53414;Chotoviny;571911;Rudé armády;è.p.;80;;;39137;733716.86;1112831.46;2013-12-05T00:00:00
6627021;552461;Chotoviny;;;;;53414;Chotoviny;571989;Táborská;è.p.;81;;;39137;733901.99;1112954.96;2013-12-05T00:00:00
6627030;552461;Chotoviny;;;;;53414;Chotoviny;571989;Táborská;è.p.;82;;;39137;733803.86;1112847.55;2013-12-05T00:00:00
6627048;552461;Chotoviny;;;;;53414;Chotoviny;571733;Na Kopeèku;è.p.;83;;;39137;733790.41;1112939.56;2013-12-05T00:00:00
6627056;552461;Chotoviny;;;;;53414;Chotoviny;571733;Na Kopeèku;è.p.;84;;;39137;733780.32;1112940.05;2013-12-05T00:00:00
6627064;552461;Chotoviny;;;;;53414;Chotoviny;571652;Hlinická;è.p.;85;;;39137;733741.10;1112941.90;2013-12-05T00:00:00
6627072;552461;Chotoviny;;;;;53414;Chotoviny;572012;Úzká;è.p.;86;;;39137;733459.00;1112817.01;2013-12-05T00:00:00
6627081;552461;Chotoviny;;;;;53414;Chotoviny;571962;Støíbrná alej;è.p.;87;;;39137;733539.54;1112815.34;2013-12-05T00:00:00
6627099;552461;Chotoviny;;;;;53414;Chotoviny;571709;Lipová;è.p.;88;;;39137;733836.70;1112832.49;2013-12-05T00:00:00
6627102;552461;Chotoviny;;;;;53414;Chotoviny;572004;U Parku;è.p.;89;;;39137;733351.71;1112782.64;2013-12-05T00:00:00
6627111;552461;Chotoviny;;;;;53414;Chotoviny;571733;Na Kopeèku;è.p.;90;;;39137;733858.11;1112954.93;2013-12-05T00:00:00
6627129;552461;Chotoviny;;;;;53414;Chotoviny;571989;Táborská;è.p.;91;;;39137;733848.59;1113038.42;2013-12-05T00:00:00
6627137;552461;Chotoviny;;;;;53414;Chotoviny;571733;Na Kopeèku;è.p.;92;;;39137;733824.89;1112960.86;2013-12-05T00:00:00
6627145;552461;Chotoviny;;;;;53414;Chotoviny;572047;Zámecká;è.p.;93;;;39137;733674.07;1112549.04;2013-12-05T00:00:00
6627153;552461;Chotoviny;;;;;53414;Chotoviny;571652;Hlinická;è.p.;94;;;39137;733725.35;1113002.97;2013-12-05T00:00:00
6627161;552461;Chotoviny;;;;;53414;Chotoviny;571946;Sedlecká;è.p.;95;;;39137;733609.79;1112588.01;2013-12-05T00:00:00
6627170;552461;Chotoviny;;;;;53414;Chotoviny;572047;Zámecká;è.p.;96;;;39137;733607.78;1112517.78;2013-12-05T00:00:00
6627188;552461;Chotoviny;;;;;53414;Chotoviny;571652;Hlinická;è.p.;97;;;39137;733702.71;1112916.31;2013-12-05T00:00:00
6627196;552461;Chotoviny;;;;;53414;Chotoviny;571946;Sedlecká;è.p.;98;;;39137;733602.40;1112566.04;2013-12-05T00:00:00
6627200;552461;Chotoviny;;;;;53414;Chotoviny;571679;K Václavu;è.p.;99;;;39137;733956.05;1113014.24;2013-12-05T00:00:00
6627218;552461;Chotoviny;;;;;53414;Chotoviny;571822;Osvobození;è.p.;100;;;39137;733723.02;1112586.93;2013-12-05T00:00:00
6627226;552461;Chotoviny;;;;;53414;Chotoviny;571989;Táborská;è.p.;101;;;39137;733776.89;1112819.10;2013-12-05T00:00:00
6627234;552461;Chotoviny;;;;;53414;Chotoviny;572004;U Parku;è.p.;102;;;39137;733417.48;1112706.68;2013-12-05T00:00:00
6627242;552461;Chotoviny;;;;;53414;Chotoviny;571652;Hlinická;è.p.;103;;;39137;733697.60;1112894.19;2013-12-05T00:00:00
6627251;552461;Chotoviny;;;;;53414;Chotoviny;571822;Osvobození;è.p.;104;;;39137;733751.04;1112508.34;2013-12-05T00:00:00
6627269;552461;Chotoviny;;;;;53414;Chotoviny;571733;Na Kopeèku;è.p.;105;;;39137;733780.64;1112966.20;2013-12-05T00:00:00
6627277;552461;Chotoviny;;;;;53414;Chotoviny;571792;Na Zahrádkách;è.p.;106;;;39137;733451.62;1113157.30;2013-12-05T00:00:00
6627285;552461;Chotoviny;;;;;53414;Chotoviny;571792;Na Zahrádkách;è.p.;107;;;39137;733397.11;1113138.61;2013-12-05T00:00:00
6627293;552461;Chotoviny;;;;;53414;Chotoviny;571792;Na Zahrádkách;è.p.;108;;;39137;733358.25;1113182.95;2013-12-05T00:00:00
6627307;552461;Chotoviny;;;;;53414;Chotoviny;571792;Na Zahrádkách;è.p.;109;;;39137;733381.80;1113167.95;2013-12-05T00:00:00
6627315;552461;Chotoviny;;;;;53414;Chotoviny;571679;K Václavu;è.p.;110;;;39137;734041.72;1112912.15;2013-12-05T00:00:00
6627323;552461;Chotoviny;;;;;53414;Chotoviny;572012;Úzká;è.p.;111;;;39137;733372.84;1112888.71;2013-12-05T00:00:00
6627331;552461;Chotoviny;;;;;53414;Chotoviny;571784;Na Výsluní;è.p.;112;;;39137;734101.91;1112769.77;2013-12-05T00:00:00
6627340;552461;Chotoviny;;;;;53414;Chotoviny;571784;Na Výsluní;è.p.;113;;;39137;734123.63;1112758.10;2013-12-05T00:00:00
6627358;552461;Chotoviny;;;;;53414;Chotoviny;571661;Javorová;è.p.;114;;;39137;733653.73;1112845.46;2013-12-05T00:00:00
6627366;552461;Chotoviny;;;;;53414;Chotoviny;571857;Pod Lesem;è.p.;115;;;39137;734069.30;1112838.70;2013-12-05T00:00:00
6627374;552461;Chotoviny;;;;;53414;Chotoviny;571679;K Václavu;è.p.;116;;;39137;734122.92;1112833.57;2013-12-05T00:00:00
6627382;552461;Chotoviny;;;;;53414;Chotoviny;571857;Pod Lesem;è.p.;117;;;39137;734019.68;1112753.28;2013-12-05T00:00:00
6627391;552461;Chotoviny;;;;;53414;Chotoviny;571784;Na Výsluní;è.p.;118;;;39137;734111.45;1112712.98;2013-12-05T00:00:00
6627404;552461;Chotoviny;;;;;53414;Chotoviny;571962;Støíbrná alej;è.p.;119;;;39137;733569.07;1112820.94;2013-12-05T00:00:00
6627412;552461;Chotoviny;;;;;53414;Chotoviny;571784;Na Výsluní;è.p.;120;;;39137;734054.89;1112790.28;2013-12-05T00:00:00
6627421;552461;Chotoviny;;;;;53414;Chotoviny;571784;Na Výsluní;è.p.;121;;;39137;734170.32;1112736.30;2013-12-05T00:00:00
6627439;552461;Chotoviny;;;;;53414;Chotoviny;571792;Na Zahrádkách;è.p.;122;;;39137;733425.75;1113137.47;2013-12-05T00:00:00
6627447;552461;Chotoviny;;;;;53414;Chotoviny;571792;Na Zahrádkách;è.p.;123;;;39137;733506.90;1113133.75;2013-12-05T00:00:00
6627455;552461;Chotoviny;;;;;53414;Chotoviny;571792;Na Zahrádkách;è.p.;124;;;39137;733508.81;1113157.27;2013-12-05T00:00:00
6627463;552461;Chotoviny;;;;;53414;Chotoviny;571784;Na Výsluní;è.p.;125;;;39137;734145.88;1112698.18;2013-12-05T00:00:00
6627471;552461;Chotoviny;;;;;53414;Chotoviny;571792;Na Zahrádkách;è.p.;126;;;39137;733484.37;1113133.55;2013-12-05T00:00:00
6627480;552461;Chotoviny;;;;;53414;Chotoviny;571784;Na Výsluní;è.p.;127;;;39137;734126.78;1112706.15;2013-12-05T00:00:00
6627498;552461;Chotoviny;;;;;53414;Chotoviny;571784;Na Výsluní;è.p.;128;;;39137;734091.61;1112718.94;2013-12-05T00:00:00
6627501;552461;Chotoviny;;;;;53414;Chotoviny;571962;Støíbrná alej;è.p.;129;;;39137;733592.72;1112828.41;2013-12-05T00:00:00
6627510;552461;Chotoviny;;;;;53414;Chotoviny;571679;K Václavu;è.p.;130;;;39137;734339.13;1112686.72;2013-12-05T00:00:00
6627528;552461;Chotoviny;;;;;53414;Chotoviny;571989;Táborská;è.p.;131;;;39137;733794.69;1112878.35;2013-12-05T00:00:00
6627536;552461;Chotoviny;;;;;53414;Chotoviny;571857;Pod Lesem;è.p.;132;;;39137;734042.59;1112762.40;2022-09-19T00:00:00
6627544;552461;Chotoviny;;;;;53414;Chotoviny;571679;K Václavu;è.p.;133;;;39137;734373.77;1112673.70;2013-12-05T00:00:00
6627552;552461;Chotoviny;;;;;53414;Chotoviny;571679;K Václavu;è.p.;134;;;39137;734321.27;1112689.42;2013-12-05T00:00:00
6627561;552461;Chotoviny;;;;;53414;Chotoviny;571679;K Václavu;è.p.;135;;;39137;734353.84;1112676.79;2013-12-05T00:00:00
6627579;552461;Chotoviny;;;;;53414;Chotoviny;571679;K Václavu;è.p.;136;;;39137;734387.18;1112659.90;2013-12-05T00:00:00
6627587;552461;Chotoviny;;;;;53414;Chotoviny;571679;K Václavu;è.p.;137;;;39137;734456.02;1112626.78;2013-12-05T00:00:00
6627595;552461;Chotoviny;;;;;53414;Chotoviny;571679;K Václavu;è.p.;138;;;39137;734493.47;1112609.68;2013-12-05T00:00:00
6627609;552461;Chotoviny;;;;;53414;Chotoviny;571679;K Václavu;è.p.;139;;;39137;734153.84;1112780.73;2013-12-05T00:00:00
6627617;552461;Chotoviny;;;;;53414;Chotoviny;571792;Na Zahrádkách;è.p.;140;;;39137;733364.62;1113126.65;2013-12-05T00:00:00
6627625;552461;Chotoviny;;;;;53414;Chotoviny;571962;Støíbrná alej;è.p.;141;;;39137;733653.41;1112810.48;2013-12-05T00:00:00
6627633;552461;Chotoviny;;;;;53414;Chotoviny;571962;Støíbrná alej;è.p.;142;;;39137;733613.06;1112799.11;2013-12-05T00:00:00
6627641;552461;Chotoviny;;;;;53414;Chotoviny;571776;Na Vyhlídce;è.p.;143;;;39137;734238.61;1112613.85;2013-12-05T00:00:00
6627650;552461;Chotoviny;;;;;53414;Chotoviny;571903;Pøíkrá;è.p.;144;;;39137;734190.77;1112630.51;2013-12-05T00:00:00
6627668;552461;Chotoviny;;;;;53414;Chotoviny;571776;Na Vyhlídce;è.p.;145;;;39137;734245.59;1112562.32;2013-12-05T00:00:00
6627676;552461;Chotoviny;;;;;53414;Chotoviny;571776;Na Vyhlídce;è.p.;146;;;39137;734224.77;1112567.29;2013-12-05T00:00:00
6627684;552461;Chotoviny;;;;;53414;Chotoviny;571776;Na Vyhlídce;è.p.;149;;;39137;734173.59;1112584.08;2013-12-05T00:00:00
6627692;552461;Chotoviny;;;;;53414;Chotoviny;571776;Na Vyhlídce;è.p.;150;;;39137;734152.79;1112589.46;2013-12-05T00:00:00
6627706;552461;Chotoviny;;;;;53414;Chotoviny;571776;Na Vyhlídce;è.p.;151;;;39137;734135.07;1112594.67;2013-12-05T00:00:00
6627714;552461;Chotoviny;;;;;53414;Chotoviny;571776;Na Vyhlídce;è.p.;152;;;39137;734113.59;1112600.62;2013-12-05T00:00:00
6627722;552461;Chotoviny;;;;;53414;Chotoviny;571776;Na Vyhlídce;è.p.;153;;;39137;734092.08;1112606.99;2013-12-05T00:00:00
6627731;552461;Chotoviny;;;;;53414;Chotoviny;571903;Pøíkrá;è.p.;154;;;39137;734163.39;1112688.78;2013-12-05T00:00:00
6627749;552461;Chotoviny;;;;;53414;Chotoviny;571792;Na Zahrádkách;è.p.;155;;;39137;733419.40;1113160.38;2013-12-05T00:00:00
6627757;552461;Chotoviny;;;;;53414;Chotoviny;571679;K Václavu;è.p.;156;;;39137;734421.59;1112642.88;2013-12-05T00:00:00
6627765;552461;Chotoviny;;;;;53414;Chotoviny;571792;Na Zahrádkách;è.p.;157;;;39137;733480.22;1113158.84;2013-12-05T00:00:00
6627773;552461;Chotoviny;;;;;53414;Chotoviny;571709;Lipová;è.p.;158;;;39137;733834.35;1112629.02;2013-12-05T00:00:00
6627781;552461;Chotoviny;;;;;53414;Chotoviny;571741;Na Kùskovci;è.p.;159;;;39137;733481.32;1113225.05;2013-12-05T00:00:00
6627790;552461;Chotoviny;;;;;53414;Chotoviny;571997;U Lomu;è.p.;160;;;39137;733761.33;1113074.12;2013-12-05T00:00:00
6627803;552461;Chotoviny;;;;;53414;Chotoviny;571997;U Lomu;è.p.;161;;;39137;733769.16;1113069.44;2013-12-05T00:00:00
6627811;552461;Chotoviny;;;;;53414;Chotoviny;571997;U Lomu;è.p.;162;;;39137;733776.93;1113064.88;2013-12-05T00:00:00
6627820;552461;Chotoviny;;;;;53414;Chotoviny;571997;U Lomu;è.p.;163;;;39137;733784.67;1113060.17;2013-12-05T00:00:00
6627838;552461;Chotoviny;;;;;53414;Chotoviny;571997;U Lomu;è.p.;164;;;39137;733792.35;1113055.59;2013-12-05T00:00:00
6627846;552461;Chotoviny;;;;;53414;Chotoviny;571997;U Lomu;è.p.;165;;;39137;733800.15;1113051.15;2013-12-05T00:00:00
6627854;552461;Chotoviny;;;;;53414;Chotoviny;571679;K Václavu;è.p.;166;;;39137;733976.28;1112988.31;2013-12-05T00:00:00
6627862;552461;Chotoviny;;;;;53414;Chotoviny;571784;Na Výsluní;è.p.;167;;;39137;734146.87;1112747.88;2013-12-05T00:00:00
6627871;552461;Chotoviny;;;;;53414;Chotoviny;571962;Støíbrná alej;è.p.;168;;;39137;733657.45;1112764.41;2013-12-05T00:00:00
6627889;552461;Chotoviny;;;;;53414;Chotoviny;571962;Støíbrná alej;è.p.;169;;;39137;733630.32;1112755.34;2013-12-05T00:00:00
6627897;552461;Chotoviny;;;;;53414;Chotoviny;572039;Zahradní;è.p.;170;;;39137;733349.58;1113080.92;2013-12-05T00:00:00
6627901;552461;Chotoviny;;;;;53414;Chotoviny;571865;Pod Špejcharem;è.p.;171;;;39137;733427.27;1112946.02;2013-12-05T00:00:00
6627919;552461;Chotoviny;;;;;53414;Chotoviny;571865;Pod Špejcharem;è.p.;172;;;39137;733406.28;1112950.34;2013-12-05T00:00:00
6627927;552461;Chotoviny;;;;;53414;Chotoviny;572039;Zahradní;è.p.;173;;;39137;733443.57;1113071.60;2013-12-05T00:00:00
6627935;552461;Chotoviny;;;;;53414;Chotoviny;571661;Javorová;è.p.;174;;;39137;733646.94;1112857.29;2013-12-05T00:00:00
6627943;552461;Chotoviny;;;;;53414;Chotoviny;571679;K Václavu;è.p.;175;;;39137;734002.06;1112967.35;2013-12-05T00:00:00
6627951;552461;Chotoviny;;;;;53414;Chotoviny;572039;Zahradní;è.p.;176;;;39137;733381.85;1112998.70;2013-12-05T00:00:00
6627960;552461;Chotoviny;;;;;53414;Chotoviny;572039;Zahradní;è.p.;177;;;39137;733383.03;1113007.57;2013-12-05T00:00:00
6627978;552461;Chotoviny;;;;;53414;Chotoviny;572039;Zahradní;è.p.;178;;;39137;733383.81;1113016.21;2013-12-05T00:00:00
6627986;552461;Chotoviny;;;;;53414;Chotoviny;572039;Zahradní;è.p.;179;;;39137;733384.75;1113025.17;2013-12-05T00:00:00
6627994;552461;Chotoviny;;;;;53414;Chotoviny;572039;Zahradní;è.p.;180;;;39137;733385.93;1113033.80;2013-12-05T00:00:00
6628001;552461;Chotoviny;;;;;53414;Chotoviny;572039;Zahradní;è.p.;181;;;39137;733386.63;1113042.66;2013-12-05T00:00:00
6628010;552461;Chotoviny;;;;;53414;Chotoviny;572039;Zahradní;è.p.;182;;;39137;733409.94;1112995.72;2013-12-05T00:00:00
6628028;552461;Chotoviny;;;;;53414;Chotoviny;572039;Zahradní;è.p.;183;;;39137;733411.28;1113004.51;2013-12-05T00:00:00
6628036;552461;Chotoviny;;;;;53414;Chotoviny;572039;Zahradní;è.p.;184;;;39137;733411.99;1113013.70;2013-12-05T00:00:00
6628044;552461;Chotoviny;;;;;53414;Chotoviny;572039;Zahradní;è.p.;185;;;39137;733413.01;1113022.57;2013-12-05T00:00:00
6628052;552461;Chotoviny;;;;;53414;Chotoviny;572039;Zahradní;è.p.;186;;;39137;733414.26;1113031.21;2013-12-05T00:00:00
6628061;552461;Chotoviny;;;;;53414;Chotoviny;572039;Zahradní;è.p.;187;;;39137;733415.13;1113039.70;2013-12-05T00:00:00
6628079;552461;Chotoviny;;;;;53414;Chotoviny;571954;Spojovací;è.p.;188;;;39137;734049.45;1112698.37;2013-12-05T00:00:00
6628087;552461;Chotoviny;;;;;53414;Chotoviny;571954;Spojovací;è.p.;189;;;39137;734094.37;1112682.85;2013-12-05T00:00:00
6628095;552461;Chotoviny;;;;;53414;Chotoviny;571679;K Václavu;è.p.;190;;;39137;734176.12;1112769.74;2013-12-05T00:00:00
6628109;552461;Chotoviny;;;;;53414;Chotoviny;571679;K Václavu;è.p.;191;;;39137;734263.07;1112718.76;2013-12-05T00:00:00
6628117;552461;Chotoviny;;;;;53414;Chotoviny;571679;K Václavu;è.p.;192;;;39137;734109.33;1112847.24;2013-12-05T00:00:00
6628125;552461;Chotoviny;;;;;53414;Chotoviny;571784;Na Výsluní;è.p.;193;;;39137;734075.94;1112780.41;2013-12-05T00:00:00
6628133;552461;Chotoviny;;;;;53414;Chotoviny;571857;Pod Lesem;è.p.;194;;;39137;733955.64;1112692.70;2013-12-05T00:00:00
6628141;552461;Chotoviny;;;;;53414;Chotoviny;571717;Lomená;è.p.;195;;;39137;734495.56;1112585.48;2013-12-05T00:00:00
6628150;552461;Chotoviny;;;;;53414;Chotoviny;571661;Javorová;è.p.;196;;;39137;733655.11;1112949.30;2013-12-05T00:00:00
6628168;552461;Chotoviny;;;;;53414;Chotoviny;571661;Javorová;è.p.;197;;;39137;733674.76;1112886.03;2013-12-05T00:00:00
6628176;552461;Chotoviny;;;;;53414;Chotoviny;571661;Javorová;è.p.;198;;;39137;733527.43;1113084.51;2013-12-05T00:00:00
6628184;552461;Chotoviny;;;;;53414;Chotoviny;572039;Zahradní;è.p.;199;;;39137;733536.10;1113055.37;2013-12-05T00:00:00
6628192;552461;Chotoviny;;;;;53414;Chotoviny;571911;Rudé armády;è.p.;200;;;39137;733726.72;1112749.32;2013-12-05T00:00:00
6628206;552461;Chotoviny;;;;;53414;Chotoviny;572039;Zahradní;è.p.;201;;;39137;733509.72;1113058.23;2013-12-05T00:00:00
6628214;552461;Chotoviny;;;;;53414;Chotoviny;571792;Na Zahrádkách;è.p.;202;;;39137;733454.70;1113135.42;2013-12-05T00:00:00
6628222;552461;Chotoviny;;;;;53414;Chotoviny;571687;Kaštanová;è.p.;203;;;39137;733314.43;1113106.49;2013-12-05T00:00:00
6628231;552461;Chotoviny;;;;;53414;Chotoviny;571911;Rudé armády;è.p.;204;;;39137;733734.35;1112814.26;2013-12-05T00:00:00
6628249;552461;Chotoviny;;;;;53414;Chotoviny;571962;Støíbrná alej;è.p.;205;;;39137;733594.21;1112738.72;2013-12-05T00:00:00
6628257;552461;Chotoviny;;;;;53414;Chotoviny;571989;Táborská;è.p.;206;;;39137;733936.97;1112938.20;2013-12-05T00:00:00
6628265;552461;Chotoviny;;;;;53414;Chotoviny;571989;Táborská;è.p.;207;;;39137;733944.71;1112960.80;2013-12-05T00:00:00
6628273;552461;Chotoviny;;;;;53414;Chotoviny;571857;Pod Lesem;è.p.;208;;;39137;733980.77;1112746.51;2013-12-05T00:00:00
6628281;552461;Chotoviny;;;;;53414;Chotoviny;571954;Spojovací;è.p.;209;;;39137;734071.46;1112688.55;2013-12-05T00:00:00
6628290;552461;Chotoviny;;;;;53414;Chotoviny;571679;K Václavu;è.p.;210;;;39137;734403.83;1112655.39;2013-12-05T00:00:00
6628303;552461;Chotoviny;;;;;53414;Chotoviny;571679;K Václavu;è.p.;211;;;39137;734437.03;1112633.36;2013-12-05T00:00:00
6628311;552461;Chotoviny;;;;;53414;Chotoviny;571717;Lomená;è.p.;212;;;39137;734283.58;1112644.97;2013-12-05T00:00:00
6628320;552461;Chotoviny;;;;;53414;Chotoviny;571776;Na Vyhlídce;è.p.;215;;;39137;734287.17;1112588.96;2013-12-05T00:00:00
6628338;552461;Chotoviny;;;;;53414;Chotoviny;571717;Lomená;è.p.;216;;;39137;734296.75;1112601.47;2013-12-05T00:00:00
6628346;552461;Chotoviny;;;;;53414;Chotoviny;571717;Lomená;è.p.;217;;;39137;734311.04;1112612.93;2013-12-05T00:00:00
6628354;552461;Chotoviny;;;;;53414;Chotoviny;571717;Lomená;è.p.;218;;;39137;734327.63;1112631.02;2013-12-05T00:00:00
6628362;552461;Chotoviny;;;;;53414;Chotoviny;571717;Lomená;è.p.;219;;;39137;734302.19;1112643.63;2013-12-05T00:00:00
6628371;552461;Chotoviny;;;;;53414;Chotoviny;571717;Lomená;è.p.;220;;;39137;734353.86;1112615.04;2013-12-05T00:00:00
6628389;552461;Chotoviny;;;;;53414;Chotoviny;571717;Lomená;è.p.;221;;;39137;734335.34;1112603.52;2013-12-05T00:00:00
6628397;552461;Chotoviny;;;;;53414;Chotoviny;571776;Na Vyhlídce;è.p.;222;;;39137;734319.74;1112582.39;2013-12-05T00:00:00
6628401;552461;Chotoviny;;;;;53414;Chotoviny;571717;Lomená;è.p.;224;;;39137;734373.96;1112568.86;2013-12-05T00:00:00
6628419;552461;Chotoviny;;;;;53414;Chotoviny;571717;Lomená;è.p.;225;;;39137;734372.40;1112590.68;2013-12-05T00:00:00
6628427;552461;Chotoviny;;;;;53414;Chotoviny;572047;Zámecká;è.p.;226;;;39137;733641.87;1112555.26;2013-12-05T00:00:00
6628435;552461;Chotoviny;;;;;53414;Chotoviny;571717;Lomená;è.p.;229;;;39137;734397.89;1112559.34;2013-12-05T00:00:00
6628443;552461;Chotoviny;;;;;53414;Chotoviny;571717;Lomená;è.p.;230;;;39137;734405.56;1112591.90;2013-12-05T00:00:00
6628451;552461;Chotoviny;;;;;53414;Chotoviny;571717;Lomená;è.p.;231;;;39137;734438.10;1112576.08;2013-12-05T00:00:00
6628460;552461;Chotoviny;;;;;53414;Chotoviny;571717;Lomená;è.p.;232;;;39137;734447.30;1112554.05;2013-12-05T00:00:00
6628478;552461;Chotoviny;;;;;53414;Chotoviny;571717;Lomená;è.p.;233;;;39137;734465.77;1112565.26;2013-12-05T00:00:00
6628486;552461;Chotoviny;;;;;53414;Chotoviny;571717;Lomená;è.p.;234;;;39137;734485.00;1112569.72;2013-12-05T00:00:00
6628494;552461;Chotoviny;;;;;53414;Chotoviny;571717;Lomená;è.p.;235;;;39137;734459.61;1112598.92;2013-12-05T00:00:00
6628508;552461;Chotoviny;;;;;53414;Chotoviny;571741;Na Kùskovci;è.p.;236;;;39137;733511.87;1113211.77;2013-12-05T00:00:00
6628516;552461;Chotoviny;;;;;53414;Chotoviny;571792;Na Zahrádkách;è.p.;237;;;39137;733448.22;1113110.83;2013-12-05T00:00:00
6628524;552461;Chotoviny;;;;;53414;Chotoviny;572039;Zahradní;è.p.;239;;;39137;733388.29;1113077.30;2013-12-05T00:00:00
6628532;552461;Chotoviny;;;;;53414;Chotoviny;571911;Rudé armády;è.p.;240;;;39137;733514.69;1112679.88;2013-12-05T00:00:00
6628541;552461;Chotoviny;;;;;53414;Chotoviny;571857;Pod Lesem;è.p.;241;;;39137;734063.33;1112888.85;2013-12-05T00:00:00
6628559;552461;Chotoviny;;;;;53414;Chotoviny;571857;Pod Lesem;è.p.;242;;;39137;734041.52;1112846.69;2013-12-05T00:00:00
6628567;552461;Chotoviny;;;;;53414;Chotoviny;571857;Pod Lesem;è.p.;243;;;39137;733990.44;1112785.42;2013-12-05T00:00:00
6628575;552461;Chotoviny;;;;;53414;Chotoviny;571857;Pod Lesem;è.p.;244;;;39137;733995.00;1112716.10;2013-12-05T00:00:00
6628583;552461;Chotoviny;;;;;53414;Chotoviny;571962;Støíbrná alej;è.p.;245;;;39137;733567.15;1112739.49;2013-12-05T00:00:00
6628591;552461;Chotoviny;;;;;53414;Chotoviny;571687;Kaštanová;è.p.;246;;;39137;733312.86;1113134.03;2013-12-05T00:00:00
6628605;552461;Chotoviny;;;;;53414;Chotoviny;571687;Kaštanová;è.p.;247;;;39137;733326.37;1113082.30;2013-12-05T00:00:00
6628613;552461;Chotoviny;;;;;53414;Chotoviny;571741;Na Kùskovci;è.p.;248;;;39137;733360.05;1113228.88;2013-12-05T00:00:00
6628621;552461;Chotoviny;;;;;53414;Chotoviny;571661;Javorová;è.p.;249;;;39137;733683.90;1112854.67;2013-12-05T00:00:00
6628630;552461;Chotoviny;;;;;53414;Chotoviny;572047;Zámecká;è.p.;252;;;39137;733699.42;1112510.28;2013-12-05T00:00:00
6628648;552461;Chotoviny;;;;;53414;Chotoviny;571962;Støíbrná alej;è.p.;253;;;39137;733483.53;1112759.28;2013-12-05T00:00:00
6628656;552461;Chotoviny;;;;;53414;Chotoviny;572047;Zámecká;è.p.;254;;;39137;733658.92;1112515.47;2013-12-05T00:00:00
6628664;552461;Chotoviny;;;;;53414;Chotoviny;661872;Vožická;è.p.;255;;;39137;733194.23;1112425.64;2013-12-05T00:00:00
6628672;552461;Chotoviny;;;;;53414;Chotoviny;571857;Pod Lesem;è.p.;257;;;39137;733954.27;1112728.93;2013-12-05T00:00:00
6628681;552461;Chotoviny;;;;;53414;Chotoviny;571911;Rudé armády;è.p.;260;;;39137;733761.49;1112755.32;2013-12-05T00:00:00
6628699;552461;Chotoviny;;;;;53414;Chotoviny;571989;Táborská;è.ev.;1;;;39137;733932.08;1112920.61;2019-06-05T00:00:00
6628702;552461;Chotoviny;;;;;53414;Chotoviny;571709;Lipová;è.ev.;2;;;39137;733851.65;1112814.69;2013-12-05T00:00:00
6628711;552461;Chotoviny;;;;;53414;Chotoviny;571709;Lipová;è.ev.;3;;;39137;733865.51;1112749.84;2013-12-05T00:00:00
6628729;552461;Chotoviny;;;;;53414;Chotoviny;571709;Lipová;è.ev.;4;;;39137;733816.46;1112672.40;2013-12-05T00:00:00
6628737;552461;Chotoviny;;;;;53414;Chotoviny;571709;Lipová;è.ev.;5;;;39137;733907.55;1112682.24;2013-12-05T00:00:00
6628745;552461;Chotoviny;;;;;53414;Chotoviny;571776;Na Vyhlídce;è.ev.;6;;;39137;734015.60;1112665.66;2013-12-05T00:00:00
6628770;552461;Chotoviny;;;;;53414;Chotoviny;571679;K Václavu;è.ev.;11;;;39137;734301.04;1112698.32;2013-12-05T00:00:00
6628788;552461;Chotoviny;;;;;53414;Chotoviny;571857;Pod Lesem;è.ev.;12;;;39137;734042.32;1112874.19;2013-12-05T00:00:00
6628826;552461;Chotoviny;;;;;53414;Chotoviny;572047;Zámecká;è.ev.;24;;;39137;733634.23;1112514.93;2013-12-05T00:00:00
6628851;552461;Chotoviny;;;;;53414;Chotoviny;571679;K Václavu;è.ev.;41;;;39137;734127.58;1112796.99;2013-12-05T00:00:00
6628869;552461;Chotoviny;;;;;53414;Chotoviny;571857;Pod Lesem;è.ev.;42;;;39137;734004.91;1112835.16;2013-12-05T00:00:00
6628885;552461;Chotoviny;;;;;53414;Chotoviny;571857;Pod Lesem;è.ev.;44;;;39137;734063.93;1112812.20;2013-12-05T00:00:00
6628923;552461;Chotoviny;;;;;53414;Chotoviny;571954;Spojovací;è.ev.;49;;;39137;734127.38;1112650.23;2025-10-02T00:00:00
6628931;552461;Chotoviny;;;;;53414;Chotoviny;571776;Na Vyhlídce;è.ev.;51;;;39137;734067.91;1112654.25;2013-12-05T00:00:00
6628940;552461;Chotoviny;;;;;53422;Liderovice;;;è.p.;1;;;39137;736082.94;1113266.63;2013-12-05T00:00:00
6628958;552461;Chotoviny;;;;;53422;Liderovice;;;è.p.;2;;;39137;735994.81;1113241.48;2022-10-24T00:00:00
6628966;552461;Chotoviny;;;;;53422;Liderovice;;;è.p.;3;;;39137;736093.06;1113212.88;2013-12-05T00:00:00
6628974;552461;Chotoviny;;;;;53422;Liderovice;;;è.p.;4;;;39137;736105.56;1113159.63;2013-12-05T00:00:00
6628982;552461;Chotoviny;;;;;53422;Liderovice;;;è.p.;5;;;39137;736069.19;1113172.50;2013-12-05T00:00:00
6628991;552461;Chotoviny;;;;;53422;Liderovice;;;è.p.;6;;;39137;736066.00;1113072.38;2013-12-05T00:00:00
6629008;552461;Chotoviny;;;;;53422;Liderovice;;;è.p.;7;;;39137;736038.94;1113114.75;2013-12-05T00:00:00
6629016;552461;Chotoviny;;;;;53422;Liderovice;;;è.p.;8;;;39137;735980.75;1113116.00;2013-12-05T00:00:00
6629024;552461;Chotoviny;;;;;53422;Liderovice;;;è.p.;9;;;39137;735945.19;1113099.75;2013-12-05T00:00:00
6629032;552461;Chotoviny;;;;;53422;Liderovice;;;è.p.;10;;;39137;735891.88;1113116.00;2013-12-05T00:00:00
6629041;552461;Chotoviny;;;;;53422;Liderovice;;;è.p.;11;;;39137;735912.44;1113168.13;2013-12-05T00:00:00
6629059;552461;Chotoviny;;;;;53422;Liderovice;;;è.p.;12;;;39137;735891.44;1113204.50;2013-12-05T00:00:00
6629067;552461;Chotoviny;;;;;53422;Liderovice;;;è.p.;13;;;39137;735866.81;1113240.75;2013-12-05T00:00:00
6629075;552461;Chotoviny;;;;;53422;Liderovice;;;è.p.;14;;;39137;735557.69;1112840.00;2013-12-05T00:00:00
6629083;552461;Chotoviny;;;;;53422;Liderovice;;;è.p.;15;;;39137;735501.13;1112868.75;2013-12-05T00:00:00
6629091;552461;Chotoviny;;;;;53422;Liderovice;;;è.p.;16;;;39137;736156.50;1113283.25;2013-12-05T00:00:00
6629105;552461;Chotoviny;;;;;53422;Liderovice;;;è.p.;17;;;39137;736057.88;1113122.38;2013-12-05T00:00:00
6629113;552461;Chotoviny;;;;;53422;Liderovice;;;è.p.;18;;;39137;736029.19;1113232.50;2013-12-05T00:00:00
6629121;552461;Chotoviny;;;;;53422;Liderovice;;;è.p.;19;;;39137;735307.44;1113931.75;2013-12-05T00:00:00
6629130;552461;Chotoviny;;;;;53422;Liderovice;;;è.p.;20;;;39137;736042.94;1113260.63;2013-12-05T00:00:00
6629148;552461;Chotoviny;;;;;53422;Liderovice;;;è.p.;21;;;39137;735993.69;1113147.50;2013-12-05T00:00:00
6629156;552461;Chotoviny;;;;;53422;Liderovice;;;è.p.;22;;;39137;736105.25;1113189.01;2013-12-05T00:00:00
6629164;552461;Chotoviny;;;;;53422;Liderovice;;;è.ev.;20;;;39137;735678.13;1112762.88;2013-12-05T00:00:00
6629172;552461;Chotoviny;;;;;53431;Moraveè;;;è.p.;1;;;39137;735453.66;1111769.08;2013-12-05T00:00:00
6629181;552461;Chotoviny;;;;;53431;Moraveè;;;è.p.;2;;;39137;735405.17;1111845.81;2013-12-05T00:00:00
6629199;552461;Chotoviny;;;;;53431;Moraveè;;;è.p.;3;;;39137;735303.43;1112003.27;2013-12-05T00:00:00
6629202;552461;Chotoviny;;;;;53431;Moraveè;;;è.p.;4;;;39137;735313.77;1111984.60;2013-12-05T00:00:00
6629211;552461;Chotoviny;;;;;53431;Moraveè;;;è.p.;5;;;39137;735321.30;1111965.99;2013-12-05T00:00:00
6629229;552461;Chotoviny;;;;;53431;Moraveè;;;è.p.;6;;;39137;735323.40;1111937.59;2013-12-05T00:00:00
6629237;552461;Chotoviny;;;;;53431;Moraveè;;;è.p.;7;;;39137;735340.60;1111925.23;2013-12-05T00:00:00
6629245;552461;Chotoviny;;;;;53431;Moraveè;;;è.p.;8;;;39137;735346.08;1111909.73;2013-12-05T00:00:00
6629253;552461;Chotoviny;;;;;53431;Moraveè;;;è.p.;9;;;39137;735341.42;1111888.83;2013-12-05T00:00:00
6629261;552461;Chotoviny;;;;;53431;Moraveè;;;è.p.;10;;;39137;735341.66;1111861.60;2013-12-05T00:00:00
6629270;552461;Chotoviny;;;;;53431;Moraveè;;;è.p.;11;;;39137;735367.08;1111881.89;2013-12-05T00:00:00
6629288;552461;Chotoviny;;;;;53431;Moraveè;;;è.p.;12;;;39137;735380.11;1111808.05;2013-12-05T00:00:00
6629296;552461;Chotoviny;;;;;53431;Moraveè;;;è.p.;13;;;39137;735367.38;1111749.84;2013-12-05T00:00:00
6629300;552461;Chotoviny;;;;;53431;Moraveè;;;è.p.;14;;;39137;735332.72;1111941.87;2013-12-05T00:00:00
6629318;552461;Chotoviny;;;;;53431;Moraveè;;;è.p.;15;;;39137;735312.94;1111778.43;2013-12-05T00:00:00
6629326;552461;Chotoviny;;;;;53431;Moraveè;;;è.p.;16;;;39137;735287.06;1111910.67;2013-12-05T00:00:00
6629334;552461;Chotoviny;;;;;53431;Moraveè;;;è.p.;17;;;39137;735390.65;1111760.25;2013-12-05T00:00:00
6629342;552461;Chotoviny;;;;;53431;Moraveè;;;è.p.;18;;;39137;735383.82;1111730.15;2013-12-05T00:00:00
6629351;552461;Chotoviny;;;;;53431;Moraveè;;;è.p.;19;;;39137;735429.39;1111717.67;2013-12-05T00:00:00
6629369;552461;Chotoviny;;;;;53431;Moraveè;;;è.p.;20;;;39137;735436.45;1111674.19;2013-12-05T00:00:00
6629377;552461;Chotoviny;;;;;53431;Moraveè;;;è.p.;21;;;39137;735281.83;1111744.93;2013-12-05T00:00:00
6629385;552461;Chotoviny;;;;;53431;Moraveè;;;è.p.;23;;;39137;735262.99;1111954.93;2013-12-05T00:00:00
6629393;552461;Chotoviny;;;;;53431;Moraveè;;;è.p.;24;;;39137;735228.17;1112034.13;2013-12-05T00:00:00
6629407;552461;Chotoviny;;;;;53431;Moraveè;;;è.p.;25;;;39137;735207.09;1112021.28;2013-12-05T00:00:00
6629415;552461;Chotoviny;;;;;53431;Moraveè;;;è.p.;27;;;39137;735241.89;1111694.01;2013-12-05T00:00:00
6629440;552461;Chotoviny;;;;;53431;Moraveè;;;è.p.;30;;;39137;735241.22;1112009.48;2013-12-05T00:00:00
6629458;552461;Chotoviny;;;;;53431;Moraveè;;;è.p.;31;;;39137;735411.98;1111793.10;2013-12-05T00:00:00
6629466;552461;Chotoviny;;;;;53431;Moraveè;;;è.p.;33;;;39137;735202.31;1111613.10;2013-12-05T00:00:00
6629482;552461;Chotoviny;;;;;53431;Moraveè;;;è.p.;35;;;39137;735236.60;1111829.31;2013-12-05T00:00:00
6629491;552461;Chotoviny;;;;;53431;Moraveè;;;è.p.;36;;;39137;735218.90;1111943.68;2013-12-05T00:00:00
6629521;552461;Chotoviny;;;;;53449;Polánka;;;è.p.;1;;;39137;731960.42;1113406.25;2013-12-05T00:00:00
6629539;552461;Chotoviny;;;;;53449;Polánka;;;è.p.;2;;;39137;731979.97;1113399.68;2013-12-05T00:00:00
6629547;552461;Chotoviny;;;;;53449;Polánka;;;è.p.;3;;;39137;732007.94;1113382.56;2013-12-05T00:00:00
6629555;552461;Chotoviny;;;;;53449;Polánka;;;è.p.;4;;;39137;732046.11;1113378.02;2016-05-03T00:00:00
6629563;552461;Chotoviny;;;;;53449;Polánka;;;è.p.;5;;;39137;732072.17;1113370.43;2013-12-05T00:00:00
6629571;552461;Chotoviny;;;;;53449;Polánka;;;è.p.;6;;;39137;732156.43;1113312.49;2013-12-05T00:00:00
6629580;552461;Chotoviny;;;;;53449;Polánka;;;è.p.;7;;;39137;732140.57;1113273.60;2013-12-05T00:00:00
6629598;552461;Chotoviny;;;;;53449;Polánka;;;è.p.;8;;;39137;732085.40;1113089.68;2013-12-05T00:00:00
6629601;552461;Chotoviny;;;;;53449;Polánka;;;è.p.;10;;;39137;732082.47;1113322.39;2013-12-05T00:00:00
6629610;552461;Chotoviny;;;;;53449;Polánka;;;è.p.;11;;;39137;732051.79;1113320.43;2013-12-05T00:00:00
6629636;552461;Chotoviny;;;;;53449;Polánka;;;è.p.;13;;;39137;731989.71;1113347.83;2013-12-05T00:00:00
6629644;552461;Chotoviny;;;;;53449;Polánka;;;è.p.;14;;;39137;731960.09;1113360.92;2013-12-05T00:00:00
6629652;552461;Chotoviny;;;;;53449;Polánka;;;è.p.;15;;;39137;731925.14;1113373.61;2013-12-05T00:00:00
6629661;552461;Chotoviny;;;;;53449;Polánka;;;è.p.;16;;;39137;731901.09;1113380.51;2013-12-05T00:00:00
6629679;552461;Chotoviny;;;;;53449;Polánka;;;è.p.;17;;;39137;732004.99;1112975.94;2013-12-05T00:00:00
6629687;552461;Chotoviny;;;;;53449;Polánka;;;è.p.;18;;;39137;732094.85;1113276.74;2013-12-05T00:00:00
6629695;552461;Chotoviny;;;;;53449;Polánka;;;è.ev.;56;;;39137;732179.18;1113263.10;2013-12-05T00:00:00
6629725;552461;Chotoviny;;;;;53449;Polánka;;;è.ev.;62;;;39137;732174.76;1113247.40;2013-12-05T00:00:00
6629741;552461;Chotoviny;;;;;53457;Rzavá;;;è.p.;1;;;39137;735156.13;1112305.17;2013-12-05T00:00:00
6629750;552461;Chotoviny;;;;;53457;Rzavá;;;è.p.;2;;;39137;735153.16;1112264.50;2013-12-05T00:00:00
6629768;552461;Chotoviny;;;;;53457;Rzavá;;;è.p.;4;;;39137;735197.30;1112259.67;2013-12-05T00:00:00
6629776;552461;Chotoviny;;;;;53457;Rzavá;;;è.p.;5;;;39137;735205.27;1112298.72;2013-12-05T00:00:00
6629784;552461;Chotoviny;;;;;53457;Rzavá;;;è.p.;6;;;39137;735011.56;1112228.25;2013-12-05T00:00:00
6629806;552461;Chotoviny;;;;;53457;Rzavá;;;è.p.;8;;;39137;734359.06;1111809.75;2013-12-05T00:00:00
6629814;552461;Chotoviny;;;;;53457;Rzavá;;;è.p.;10;;;39137;735114.55;1112309.56;2013-12-05T00:00:00
6629822;552461;Chotoviny;;;;;53457;Rzavá;;;è.p.;11;;;39137;735207.93;1112345.15;2013-12-05T00:00:00
6629831;552461;Chotoviny;;;;;53465;Sedleèko;;;è.p.;1;;;39137;733335.56;1111078.68;2022-10-24T00:00:00
6629849;552461;Chotoviny;;;;;53465;Sedleèko;;;è.p.;2;;;39137;733219.25;1110946.13;2013-12-05T00:00:00
6629857;552461;Chotoviny;;;;;53465;Sedleèko;;;è.p.;3;;;39137;733238.78;1110929.91;2022-10-24T00:00:00
6629865;552461;Chotoviny;;;;;53465;Sedleèko;;;è.p.;4;;;39137;733294.48;1110904.38;2022-10-24T00:00:00
6629873;552461;Chotoviny;;;;;53465;Sedleèko;;;è.p.;5;;;39137;733347.63;1110887.80;2022-10-24T00:00:00
6629881;552461;Chotoviny;;;;;53465;Sedleèko;;;è.p.;6;;;39137;733308.79;1110814.48;2022-10-24T00:00:00
6629890;552461;Chotoviny;;;;;53465;Sedleèko;;;è.p.;7;;;39137;733299.79;1110832.35;2019-01-07T00:00:00
6629903;552461;Chotoviny;;;;;53465;Sedleèko;;;è.p.;8;;;39137;733248.43;1110880.87;2022-10-24T00:00:00
6629911;552461;Chotoviny;;;;;53465;Sedleèko;;;è.p.;9;;;39137;733214.66;1110883.53;2022-10-24T00:00:00
6629920;552461;Chotoviny;;;;;53465;Sedleèko;;;è.p.;10;;;39137;733146.51;1110873.47;2022-10-24T00:00:00
6629938;552461;Chotoviny;;;;;53465;Sedleèko;;;è.p.;12;;;39137;733084.64;1110906.93;2022-10-24T00:00:00
6629946;552461;Chotoviny;;;;;53465;Sedleèko;;;è.p.;14;;;39137;732984.75;1110938.50;2013-12-05T00:00:00
6629954;552461;Chotoviny;;;;;53465;Sedleèko;;;è.p.;15;;;39137;733102.81;1110955.88;2013-12-05T00:00:00
6629962;552461;Chotoviny;;;;;53465;Sedleèko;;;è.p.;16;;;39137;733175.95;1110951.60;2022-10-24T00:00:00
6629971;552461;Chotoviny;;;;;53465;Sedleèko;;;è.p.;17;;;39137;733090.00;1111125.00;2013-12-05T00:00:00
6629989;552461;Chotoviny;;;;;53465;Sedleèko;;;è.p.;18;;;39137;733128.02;1111157.35;2018-09-21T00:00:00
6629997;552461;Chotoviny;;;;;53465;Sedleèko;;;è.p.;19;;;39137;733188.43;1111164.53;2022-10-24T00:00:00
6630006;552461;Chotoviny;;;;;53465;Sedleèko;;;è.p.;20;;;39137;733257.42;1111056.54;2022-10-24T00:00:00
6630014;552461;Chotoviny;;;;;53465;Sedleèko;;;è.p.;21;;;39137;733250.23;1111132.01;2022-10-24T00:00:00
6630022;552461;Chotoviny;;;;;53465;Sedleèko;;;è.p.;22;;;39137;733289.81;1111078.38;2013-12-05T00:00:00
6630031;552461;Chotoviny;;;;;53465;Sedleèko;;;è.p.;24;;;39137;733341.55;1110850.29;2022-10-24T00:00:00
6630049;552461;Chotoviny;;;;;53465;Sedleèko;;;è.p.;26;;;39137;733265.31;1111015.88;2013-12-05T00:00:00
6630057;552461;Chotoviny;;;;;53465;Sedleèko;;;è.p.;27;;;39137;733246.88;1111006.75;2013-12-05T00:00:00
6630065;552461;Chotoviny;;;;;53465;Sedleèko;;;è.p.;28;;;39137;733222.08;1111058.74;2022-10-24T00:00:00
6630073;552461;Chotoviny;;;;;53465;Sedleèko;;;è.p.;30;;;39137;733183.82;1110896.55;2022-10-24T00:00:00
6630081;552461;Chotoviny;;;;;53465;Sedleèko;;;è.p.;31;;;39137;733167.90;1110884.44;2022-10-24T00:00:00
6630090;552461;Chotoviny;;;;;53465;Sedleèko;;;è.p.;32;;;39137;733126.63;1110949.88;2013-12-05T00:00:00
6630103;552461;Chotoviny;;;;;53465;Sedleèko;;;è.p.;33;;;39137;733054.86;1110968.24;2022-10-24T00:00:00
6630111;552461;Chotoviny;;;;;53465;Sedleèko;;;è.p.;35;;;39137;733319.97;1110909.11;2022-10-24T00:00:00
6630120;552461;Chotoviny;;;;;53465;Sedleèko;;;è.p.;36;;;39137;733080.17;1111101.17;2022-10-24T00:00:00
6630138;552461;Chotoviny;;;;;53465;Sedleèko;;;è.p.;38;;;39137;733333.00;1110799.25;2013-12-05T00:00:00
6630146;552461;Chotoviny;;;;;53465;Sedleèko;;;è.p.;39;;;39137;733261.66;1110941.35;2022-10-24T00:00:00
6630154;552461;Chotoviny;;;;;53465;Sedleèko;;;è.p.;40;;;39137;733231.31;1111093.11;2022-10-24T00:00:00
6630162;552461;Chotoviny;;;;;53465;Sedleèko;;;è.p.;42;;;39137;733341.41;1111156.86;2022-10-24T00:00:00
6630171;552461;Chotoviny;;;;;53465;Sedleèko;;;è.p.;43;;;39137;733230.19;1111032.88;2013-12-05T00:00:00
6630189;552461;Chotoviny;;;;;53465;Sedleèko;;;è.p.;44;;;39137;733290.68;1111151.14;2022-10-24T00:00:00
6630197;552461;Chotoviny;;;;;53465;Sedleèko;;;è.p.;45;;;39137;733303.70;1110794.77;2022-10-24T00:00:00
6630201;552461;Chotoviny;;;;;53465;Sedleèko;;;è.p.;46;;;39137;733147.56;1110913.79;2013-12-05T00:00:00
6630219;552461;Chotoviny;;;;;53473;Vrážná;;;è.p.;1;;;39137;733254.53;1114839.59;2022-10-24T00:00:00
6630227;552461;Chotoviny;;;;;53473;Vrážná;;;è.p.;2;;;39137;733134.00;1114907.63;2013-12-05T00:00:00
6630235;552461;Chotoviny;;;;;53473;Vrážná;;;è.p.;3;;;39137;733149.92;1114867.38;2022-10-24T00:00:00
6630243;552461;Chotoviny;;;;;53473;Vrážná;;;è.p.;4;;;39137;733151.70;1114849.55;2022-10-24T00:00:00
6630251;552461;Chotoviny;;;;;53473;Vrážná;;;è.p.;5;;;39137;733145.70;1114815.55;2022-10-24T00:00:00
6630260;552461;Chotoviny;;;;;53473;Vrážná;;;è.p.;6;;;39137;733148.13;1114800.13;2013-12-05T00:00:00
6630278;552461;Chotoviny;;;;;53473;Vrážná;;;è.p.;7;;;39137;733146.69;1114781.63;2013-12-05T00:00:00
6630286;552461;Chotoviny;;;;;53473;Vrážná;;;è.p.;8;;;39137;733149.61;1114760.83;2022-10-24T00:00:00
6630294;552461;Chotoviny;;;;;53473;Vrážná;;;è.p.;9;;;39137;733145.69;1114746.00;2013-12-05T00:00:00
6630308;552461;Chotoviny;;;;;53473;Vrážná;;;è.p.;10;;;39137;733247.66;1114452.12;2022-10-24T00:00:00
6630316;552461;Chotoviny;;;;;53473;Vrážná;;;è.p.;11;;;39137;733276.19;1114479.13;2013-12-05T00:00:00
6630324;552461;Chotoviny;;;;;53473;Vrážná;;;è.p.;12;;;39137;733272.07;1114430.36;2022-10-24T00:00:00
6630332;552461;Chotoviny;;;;;53473;Vrážná;;;è.p.;13;;;39137;733012.06;1115153.50;2013-12-05T00:00:00
6630341;552461;Chotoviny;;;;;53473;Vrážná;;;è.p.;14;;;39137;733034.31;1114860.75;2013-12-05T00:00:00
6630375;552461;Chotoviny;;;;;53473;Vrážná;;;è.p.;18;;;39137;733209.25;1114683.38;2013-12-05T00:00:00
6630383;552461;Chotoviny;;;;;53473;Vrážná;;;è.p.;19;;;39137;733108.00;1114876.00;2013-12-05T00:00:00
6630391;552461;Chotoviny;;;;;53473;Vrážná;;;è.ev.;28;;;39137;733213.00;1114876.88;2013-12-05T00:00:00
6630405;552461;Chotoviny;;;;;53473;Vrážná;;;è.ev.;29;;;39137;733207.81;1114835.88;2013-12-05T00:00:00
6633510;552461;Chotoviny;;;;;58041;Beranova Lhota;;;è.p.;1;;;39137;731344.26;1112622.20;2013-12-05T00:00:00
6633528;552461;Chotoviny;;;;;58041;Beranova Lhota;;;è.p.;2;;;39137;731248.13;1112686.60;2013-12-05T00:00:00
6633536;552461;Chotoviny;;;;;58041;Beranova Lhota;;;è.p.;3;;;39137;731141.92;1112711.84;2013-12-05T00:00:00
6633544;552461;Chotoviny;;;;;58041;Beranova Lhota;;;è.p.;4;;;39137;731115.39;1112677.21;2013-12-05T00:00:00
6633552;552461;Chotoviny;;;;;58041;Beranova Lhota;;;è.p.;5;;;39137;731083.92;1112685.60;2013-12-05T00:00:00
6633561;552461;Chotoviny;;;;;58041;Beranova Lhota;;;è.p.;6;;;39137;731081.61;1112649.01;2013-12-05T00:00:00
6633579;552461;Chotoviny;;;;;58041;Beranova Lhota;;;è.p.;7;;;39137;731176.36;1112600.69;2013-12-05T00:00:00
6633587;552461;Chotoviny;;;;;58041;Beranova Lhota;;;è.p.;8;;;39137;731200.54;1112631.85;2013-12-05T00:00:00
6633595;552461;Chotoviny;;;;;58041;Beranova Lhota;;;è.p.;9;;;39137;731312.26;1112591.21;2022-08-25T00:00:00
6633609;552461;Chotoviny;;;;;58041;Beranova Lhota;;;è.p.;10;;;39137;731383.34;1112581.96;2013-12-05T00:00:00
6633617;552461;Chotoviny;;;;;58041;Beranova Lhota;;;è.p.;11;;;39137;731197.03;1112467.67;2013-12-05T00:00:00
6633633;552461;Chotoviny;;;;;58041;Beranova Lhota;;;è.p.;14;;;39137;731134.78;1112492.99;2013-12-05T00:00:00
6633641;552461;Chotoviny;;;;;58041;Beranova Lhota;;;è.p.;15;;;39137;731192.08;1112501.62;2013-12-05T00:00:00
6633650;552461;Chotoviny;;;;;58041;Beranova Lhota;;;è.ev.;59;;;39137;731187.36;1112682.94;2013-12-05T00:00:00
6633668;552461;Chotoviny;;;;;58041;Beranova Lhota;;;è.ev.;60;;;39137;731215.07;1112658.98;2013-12-05T00:00:00
6633676;552461;Chotoviny;;;;;58041;Beranova Lhota;;;è.p.;25;;;39137;731160.33;1112617.57;2019-07-18T00:00:00
6633684;552461;Chotoviny;;;;;58041;Beranova Lhota;;;è.ev.;65;;;39137;731197.01;1112680.42;2013-12-05T00:00:00
6633692;552461;Chotoviny;;;;;58271;Brouèkova Lhota;;;è.p.;1;;;39137;731340.61;1114545.03;2013-12-05T00:00:00
6633706;552461;Chotoviny;;;;;58271;Brouèkova Lhota;;;è.p.;2;;;39137;731340.01;1114462.70;2013-12-05T00:00:00
6633714;552461;Chotoviny;;;;;58271;Brouèkova Lhota;;;è.p.;3;;;39137;731328.94;1114368.52;2013-12-05T00:00:00
6633722;552461;Chotoviny;;;;;58271;Brouèkova Lhota;;;è.p.;4;;;39137;731369.41;1114324.86;2013-12-05T00:00:00
6633731;552461;Chotoviny;;;;;58271;Brouèkova Lhota;;;è.p.;5;;;39137;731363.08;1114376.16;2013-12-05T00:00:00
6633749;552461;Chotoviny;;;;;58271;Brouèkova Lhota;;;è.p.;6;;;39137;731392.56;1114402.92;2013-12-05T00:00:00
6633757;552461;Chotoviny;;;;;58271;Brouèkova Lhota;;;è.p.;7;;;39137;731433.96;1114437.78;2013-12-05T00:00:00
6633765;552461;Chotoviny;;;;;58271;Brouèkova Lhota;;;è.p.;8;;;39137;731382.27;1114460.83;2013-12-05T00:00:00
6633773;552461;Chotoviny;;;;;58271;Brouèkova Lhota;;;è.p.;10;;;39137;731375.73;1114429.42;2013-12-05T00:00:00
6633781;552461;Chotoviny;;;;;58271;Brouèkova Lhota;;;è.p.;11;;;39137;731360.58;1114366.14;2013-12-05T00:00:00
6633790;552461;Chotoviny;;;;;58271;Brouèkova Lhota;;;è.p.;12;;;39137;731380.79;1114502.63;2013-12-05T00:00:00
6633803;552461;Chotoviny;;;;;58271;Brouèkova Lhota;;;è.p.;13;;;39137;731341.83;1114314.45;2013-12-05T00:00:00
6633811;552461;Chotoviny;;;;;58271;Brouèkova Lhota;;;è.p.;14;;;39137;731404.40;1114483.12;2013-12-05T00:00:00
6633820;552461;Chotoviny;;;;;58271;Brouèkova Lhota;;;è.p.;15;;;39137;731350.02;1114564.58;2013-12-05T00:00:00
6633838;552461;Chotoviny;;;;;58271;Brouèkova Lhota;;;è.p.;16;;;39137;731307.70;1114340.65;2013-12-05T00:00:00
6633846;552461;Chotoviny;;;;;58271;Brouèkova Lhota;;;è.p.;19;;;39137;731428.17;1114274.54;2013-12-05T00:00:00
6633854;552461;Chotoviny;;;;;58271;Brouèkova Lhota;;;è.p.;20;;;39137;731467.44;1114262.49;2013-12-05T00:00:00
6633862;552461;Chotoviny;;;;;58271;Brouèkova Lhota;;;è.p.;21;;;39137;731333.30;1114335.60;2013-12-05T00:00:00
6633871;552461;Chotoviny;;;;;58271;Brouèkova Lhota;;;è.p.;22;;;39137;731384.75;1114387.48;2013-12-05T00:00:00
6633889;552461;Chotoviny;;;;;58289;Jeníèkova Lhota;;;è.p.;1;;;39137;731374.37;1115241.06;2013-12-05T00:00:00
6633897;552461;Chotoviny;;;;;58289;Jeníèkova Lhota;;;è.p.;2;;;39137;731483.19;1115392.38;2013-12-05T00:00:00
6633901;552461;Chotoviny;;;;;58289;Jeníèkova Lhota;;;è.p.;3;;;39137;731237.19;1115297.00;2013-12-05T00:00:00
6633919;552461;Chotoviny;;;;;58289;Jeníèkova Lhota;;;è.p.;4;;;39137;731198.38;1115247.38;2013-12-05T00:00:00
6633927;552461;Chotoviny;;;;;58289;Jeníèkova Lhota;;;è.p.;5;;;39137;731169.13;1115285.50;2013-12-05T00:00:00
6633935;552461;Chotoviny;;;;;58289;Jeníèkova Lhota;;;è.p.;6;;;39137;731131.06;1115255.88;2013-12-05T00:00:00
6633943;552461;Chotoviny;;;;;58289;Jeníèkova Lhota;;;è.p.;7;;;39137;731078.84;1115250.12;2023-07-11T00:00:00
6633951;552461;Chotoviny;;;;;58289;Jeníèkova Lhota;;;è.p.;8;;;39137;731017.44;1115287.13;2013-12-05T00:00:00
6633960;552461;Chotoviny;;;;;58289;Jeníèkova Lhota;;;è.p.;9;;;39137;730963.81;1115225.13;2013-12-05T00:00:00
6633978;552461;Chotoviny;;;;;58289;Jeníèkova Lhota;;;è.p.;10;;;39137;730929.94;1115261.63;2013-12-05T00:00:00
6633986;552461;Chotoviny;;;;;58289;Jeníèkova Lhota;;;è.p.;11;;;39137;731116.38;1115308.50;2013-12-05T00:00:00
6633994;552461;Chotoviny;;;;;58289;Jeníèkova Lhota;;;è.p.;12;;;39137;731135.69;1115322.38;2013-12-05T00:00:00
6634001;552461;Chotoviny;;;;;58289;Jeníèkova Lhota;;;è.p.;13;;;39137;731211.84;1115347.33;2013-12-05T00:00:00
6634010;552461;Chotoviny;;;;;58289;Jeníèkova Lhota;;;è.p.;14;;;39137;730875.63;1115314.63;2013-12-05T00:00:00
6634028;552461;Chotoviny;;;;;58289;Jeníèkova Lhota;;;è.p.;15;;;39137;731058.44;1115440.88;2013-12-05T00:00:00
6634036;552461;Chotoviny;;;;;58289;Jeníèkova Lhota;;;è.p.;16;;;39137;731126.00;1115428.88;2013-12-05T00:00:00
6634044;552461;Chotoviny;;;;;58289;Jeníèkova Lhota;;;è.p.;17;;;39137;731174.75;1115413.00;2013-12-05T00:00:00
6634052;552461;Chotoviny;;;;;58289;Jeníèkova Lhota;;;è.p.;18;;;39137;731200.56;1115473.38;2013-12-05T00:00:00
6634061;552461;Chotoviny;;;;;58289;Jeníèkova Lhota;;;è.p.;19;;;39137;731260.88;1115487.00;2013-12-05T00:00:00
6634079;552461;Chotoviny;;;;;58289;Jeníèkova Lhota;;;è.p.;20;;;39137;731238.44;1115416.13;2013-12-05T00:00:00
6634087;552461;Chotoviny;;;;;58289;Jeníèkova Lhota;;;è.p.;21;;;39137;731549.31;1115175.38;2013-12-05T00:00:00
6634095;552461;Chotoviny;;;;;58289;Jeníèkova Lhota;;;è.p.;22;;;39137;731291.06;1115427.75;2013-12-05T00:00:00
6634109;552461;Chotoviny;;;;;58289;Jeníèkova Lhota;;;è.p.;23;;;39137;731307.63;1115360.00;2013-12-05T00:00:00
6634117;552461;Chotoviny;;;;;58289;Jeníèkova Lhota;;;è.p.;24;;;39137;731389.43;1115396.05;2022-10-24T00:00:00
6634133;552461;Chotoviny;;;;;58289;Jeníèkova Lhota;;;è.p.;26;;;39137;731407.00;1115383.63;2013-12-05T00:00:00
6634141;552461;Chotoviny;;;;;58289;Jeníèkova Lhota;;;è.p.;27;;;39137;731472.50;1115213.50;2013-12-05T00:00:00
6634150;552461;Chotoviny;;;;;58289;Jeníèkova Lhota;;;è.p.;28;;;39137;730340.00;1115863.00;2013-12-05T00:00:00
6634168;552461;Chotoviny;;;;;58289;Jeníèkova Lhota;;;è.p.;29;;;39137;731411.75;1115394.25;2013-12-05T00:00:00
6634176;552461;Chotoviny;;;;;58289;Jeníèkova Lhota;;;è.p.;30;;;39137;731414.75;1115364.75;2013-12-05T00:00:00
6634184;552461;Chotoviny;;;;;58289;Jeníèkova Lhota;;;è.p.;31;;;39137;731075.31;1115316.38;2013-12-05T00:00:00
6634192;552461;Chotoviny;;;;;58289;Jeníèkova Lhota;;;è.p.;32;;;39137;730995.50;1115306.50;2013-12-05T00:00:00
6634206;552461;Chotoviny;;;;;58289;Jeníèkova Lhota;;;è.p.;33;;;39137;731130.69;1115350.88;2013-12-05T00:00:00
6634214;552461;Chotoviny;;;;;58289;Jeníèkova Lhota;;;è.p.;34;;;39137;730898.94;1115311.13;2013-12-05T00:00:00
6634222;552461;Chotoviny;;;;;58289;Jeníèkova Lhota;;;è.p.;35;;;39137;731095.56;1115410.13;2013-12-05T00:00:00
6634231;552461;Chotoviny;;;;;58289;Jeníèkova Lhota;;;è.p.;36;;;39137;731352.88;1115415.63;2013-12-05T00:00:00
6634249;552461;Chotoviny;;;;;58289;Jeníèkova Lhota;;;è.p.;37;;;39137;730960.88;1115304.38;2013-12-05T00:00:00
6634257;552461;Chotoviny;;;;;58289;Jeníèkova Lhota;;;è.p.;38;;;39137;731332.63;1115368.88;2013-12-05T00:00:00
6634265;552461;Chotoviny;;;;;58289;Jeníèkova Lhota;;;è.p.;40;;;39137;731291.13;1115291.13;2013-12-05T00:00:00
6634273;552461;Chotoviny;;;;;58289;Jeníèkova Lhota;;;è.p.;41;;;39137;731372.00;1115365.13;2013-12-05T00:00:00
6634290;552461;Chotoviny;;;;;58289;Jeníèkova Lhota;;;è.p.;43;;;39137;731186.44;1115286.25;2013-12-05T00:00:00
6634303;552461;Chotoviny;;;;;58289;Jeníèkova Lhota;;;è.p.;44;;;39137;731045.38;1115356.38;2013-12-05T00:00:00
6634311;552461;Chotoviny;;;;;58289;Jeníèkova Lhota;;;è.p.;45;;;39137;731308.56;1115309.75;2013-12-05T00:00:00
6634320;552461;Chotoviny;;;;;58289;Jeníèkova Lhota;;;è.p.;46;;;39137;731337.06;1115409.75;2013-12-05T00:00:00
6634338;552461;Chotoviny;;;;;58289;Jeníèkova Lhota;;;è.p.;47;;;39137;731104.00;1115320.88;2013-12-05T00:00:00
6634346;552461;Chotoviny;;;;;58289;Jeníèkova Lhota;;;è.p.;48;;;39137;730869.56;1115252.75;2013-12-05T00:00:00
6634354;552461;Chotoviny;;;;;58289;Jeníèkova Lhota;;;è.p.;49;;;39137;730877.25;1115250.88;2013-12-05T00:00:00
6634362;552461;Chotoviny;;;;;58289;Jeníèkova Lhota;;;è.p.;50;;;39137;731088.38;1115223.13;2013-12-05T00:00:00
6683819;552461;Chotoviny;;;;;145416;Øevnov;;;è.p.;1;;;39137;736812.38;1112256.38;2013-12-05T00:00:00
6683827;552461;Chotoviny;;;;;145416;Øevnov;;;è.p.;2;;;39137;736825.93;1112269.75;2013-12-05T00:00:00
6683835;552461;Chotoviny;;;;;145416;Øevnov;;;è.p.;3;;;39137;736857.44;1112286.00;2013-12-05T00:00:00
6683843;552461;Chotoviny;;;;;145416;Øevnov;;;è.p.;4;;;39137;736857.44;1112325.00;2013-12-05T00:00:00
6683851;552461;Chotoviny;;;;;145416;Øevnov;;;è.p.;6;;;39137;736853.69;1112373.63;2013-12-05T00:00:00
6683860;552461;Chotoviny;;;;;145416;Øevnov;;;è.p.;7;;;39137;736901.75;1112391.75;2013-12-05T00:00:00
6683878;552461;Chotoviny;;;;;145416;Øevnov;;;è.p.;8;;;39137;736905.50;1112407.88;2013-12-05T00:00:00
6683886;552461;Chotoviny;;;;;145416;Øevnov;;;è.p.;9;;;39137;736931.13;1112483.63;2013-12-05T00:00:00
6683894;552461;Chotoviny;;;;;145416;Øevnov;;;è.p.;11;;;39137;736854.25;1112473.00;2013-12-05T00:00:00
6683908;552461;Chotoviny;;;;;145416;Øevnov;;;è.p.;12;;;39137;736819.43;1112426.70;2021-06-08T00:00:00
6683916;552461;Chotoviny;;;;;145416;Øevnov;;;è.p.;13;;;39137;736824.31;1112390.75;2013-12-05T00:00:00
6683924;552461;Chotoviny;;;;;145416;Øevnov;;;è.p.;14;;;39137;736820.06;1112329.88;2013-12-05T00:00:00
6683932;552461;Chotoviny;;;;;145416;Øevnov;;;è.p.;15;;;39137;736754.44;1112293.25;2013-12-05T00:00:00
6683941;552461;Chotoviny;;;;;145416;Øevnov;;;è.p.;16;;;39137;736779.50;1112278.00;2013-12-05T00:00:00
6683959;552461;Chotoviny;;;;;145416;Øevnov;;;è.p.;17;;;39137;736785.90;1112371.80;2013-12-05T00:00:00
6683967;552461;Chotoviny;;;;;145416;Øevnov;;;è.p.;18;;;39137;736845.69;1112445.75;2013-12-05T00:00:00
6683975;552461;Chotoviny;;;;;145416;Øevnov;;;è.p.;19;;;39137;735766.31;1112472.50;2013-12-05T00:00:00
6683983;552461;Chotoviny;;;;;145416;Øevnov;;;è.p.;21;;;39137;736950.00;1112450.00;2013-12-05T00:00:00
6683991;552461;Chotoviny;;;;;145416;Øevnov;;;è.p.;22;;;39137;737036.94;1112501.25;2013-12-05T00:00:00
6684009;552461;Chotoviny;;;;;145416;Øevnov;;;è.p.;23;;;39137;737002.19;1112521.00;2013-12-05T00:00:00
6684025;552461;Chotoviny;;;;;145416;Øevnov;;;è.p.;26;;;39137;735795.13;1112485.75;2013-12-05T00:00:00
6684033;552461;Chotoviny;;;;;145416;Øevnov;;;è.p.;27;;;39137;736995.25;1112604.88;2013-12-05T00:00:00
6684041;552461;Chotoviny;;;;;145416;Øevnov;;;è.p.;28;;;39137;736839.81;1112463.88;2013-12-05T00:00:00
6684050;552461;Chotoviny;;;;;145416;Øevnov;;;è.p.;29;;;39137;736977.63;1112423.88;2013-12-05T00:00:00
6684068;552461;Chotoviny;;;;;145416;Øevnov;;;è.p.;30;;;39137;736744.75;1112190.88;2013-12-05T00:00:00
6684076;552461;Chotoviny;;;;;145416;Øevnov;;;è.p.;31;;;39137;736923.13;1112434.00;2013-12-05T00:00:00
6684084;552461;Chotoviny;;;;;145416;Øevnov;;;è.p.;32;;;39137;736970.69;1112546.63;2013-12-05T00:00:00
6684092;552461;Chotoviny;;;;;145416;Øevnov;;;è.p.;34;;;39137;736892.72;1112545.98;2023-02-22T00:00:00
6684106;552461;Chotoviny;;;;;145416;Øevnov;;;è.p.;35;;;39137;736883.06;1112200.00;2013-12-05T00:00:00
6684114;552461;Chotoviny;;;;;145416;Øevnov;;;è.p.;36;;;39137;736760.25;1112438.75;2013-12-05T00:00:00
6684122;552461;Chotoviny;;;;;145416;Øevnov;;;è.p.;37;;;39137;736740.00;1112410.00;2013-12-05T00:00:00
6684131;552461;Chotoviny;;;;;145416;Øevnov;;;è.p.;38;;;39137;737016.63;1112620.88;2013-12-05T00:00:00
6684149;552461;Chotoviny;;;;;145416;Øevnov;;;è.p.;39;;;39137;736815.81;1112310.63;2013-12-05T00:00:00
6684157;552461;Chotoviny;;;;;145416;Øevnov;;;è.p.;40;;;39137;737077.50;1112493.25;2013-12-05T00:00:00
6684165;552461;Chotoviny;;;;;145416;Øevnov;;;è.p.;41;;;39137;737065.19;1112635.38;2013-12-05T00:00:00
6684173;552461;Chotoviny;;;;;145416;Øevnov;;;è.p.;42;;;39137;736768.81;1112395.00;2013-12-05T00:00:00
6684181;552461;Chotoviny;;;;;145416;Øevnov;;;è.p.;43;;;39137;736893.06;1112455.50;2013-12-05T00:00:00
6684190;552461;Chotoviny;;;;;145416;Øevnov;;;è.ev.;52;;;39137;737289.19;1111446.00;2013-12-05T00:00:00
6684203;552461;Chotoviny;;;;;145416;Øevnov;;;è.ev.;53;;;39137;737251.94;1111446.75;2013-12-05T00:00:00
6684211;552461;Chotoviny;;;;;145416;Øevnov;;;è.ev.;54;;;39137;737241.50;1111449.00;2013-12-05T00:00:00
25068661;552461;Chotoviny;;;;;53406;Èervené Záhoøí;571679;K Václavu;è.p.;157;;;39137;734032.69;1112987.64;2013-12-05T00:00:00
25068679;552461;Chotoviny;;;;;53406;Èervené Záhoøí;571989;Táborská;è.ev.;72;;;39137;734635.79;1113084.87;2019-06-05T00:00:00
25068687;552461;Chotoviny;;;;;53406;Èervené Záhoøí;571989;Táborská;è.ev.;73;;;39137;734651.98;1113083.51;2021-08-25T00:00:00
25068717;552461;Chotoviny;;;;;53406;Èervené Záhoøí;661911;Polní;è.ev.;76;;;39137;734820.30;1113134.02;2013-12-05T00:00:00
25068725;552461;Chotoviny;;;;;53406;Èervené Záhoøí;661911;Polní;è.ev.;77;;;39137;734823.18;1113156.95;2013-12-05T00:00:00
25068733;552461;Chotoviny;;;;;53414;Chotoviny;571652;Hlinická;è.p.;250;;;39137;733705.91;1113055.46;2013-12-05T00:00:00
25068741;552461;Chotoviny;;;;;53414;Chotoviny;571652;Hlinická;è.ev.;69;;;39137;733684.06;1112904.88;2013-12-05T00:00:00
25068768;552461;Chotoviny;;;;;53465;Sedleèko;;;è.ev.;78;;;39137;733337.80;1111011.58;2013-12-05T00:00:00
25294962;552461;Chotoviny;;;;;53406;Èervené Záhoøí;571806;Nádražní;è.p.;158;;;39137;734296.49;1113075.08;2013-12-05T00:00:00
25294971;552461;Chotoviny;;;;;53406;Èervené Záhoøí;571881;Prùbìžná;è.p.;160;;;39137;733837.56;1113167.90;2013-12-05T00:00:00
25294989;552461;Chotoviny;;;;;53406;Èervené Záhoøí;572021;Višòová;è.p.;162;;;39137;734205.66;1113020.41;2013-12-05T00:00:00
25294997;552461;Chotoviny;;;;;53406;Èervené Záhoøí;571679;K Václavu;è.p.;164;;;39137;734115.71;1112922.39;2013-12-05T00:00:00
25462733;552461;Chotoviny;;;;;58289;Jeníèkova Lhota;;;è.p.;57;;;39137;731652.00;1115138.00;2013-12-05T00:00:00
25462741;552461;Chotoviny;;;;;53473;Vrážná;;;è.p.;20;;;39137;733298.00;1114376.00;2013-12-05T00:00:00
25462750;552461;Chotoviny;;;;;53414;Chotoviny;571644;Družstevní;è.p.;258;;;39137;733209.66;1112556.70;2013-12-05T00:00:00
25462768;552461;Chotoviny;;;;;53414;Chotoviny;572047;Zámecká;è.p.;262;;;39137;733508.31;1112524.40;2013-12-05T00:00:00
25462776;552461;Chotoviny;;;;;53406;Èervené Záhoøí;571652;Hlinická;è.p.;168;;;39137;733688.00;1113315.00;2013-12-05T00:00:00
25462784;552461;Chotoviny;;;;;53406;Èervené Záhoøí;661902;Pod Nádražím;è.p.;170;;;39137;734365.69;1113275.52;2013-12-05T00:00:00
25462792;552461;Chotoviny;;;;;53406;Èervené Záhoøí;571768;Na Radlinì;è.ev.;80;;;39137;733943.32;1113513.22;2019-06-05T00:00:00
25615386;552461;Chotoviny;;;;;53406;Èervené Záhoøí;572021;Višòová;è.p.;171;;;39137;734164.64;1112986.72;2013-12-05T00:00:00
25615394;552461;Chotoviny;;;;;53414;Chotoviny;571792;Na Zahrádkách;è.p.;238;;;39137;733327.37;1113171.37;2013-12-05T00:00:00
25615408;552461;Chotoviny;;;;;53414;Chotoviny;572039;Zahradní;è.p.;259;;;39137;733492.91;1113075.87;2013-12-05T00:00:00
25615416;552461;Chotoviny;;;;;53414;Chotoviny;571661;Javorová;è.p.;264;;;39137;733622.50;1112912.85;2013-12-05T00:00:00
25615424;552461;Chotoviny;;;;;53414;Chotoviny;572047;Zámecká;è.p.;268;;;39137;733475.53;1112526.39;2013-12-05T00:00:00
25615432;552461;Chotoviny;;;;;53414;Chotoviny;571652;Hlinická;è.p.;273;;;39137;733700.53;1112941.78;2013-12-05T00:00:00
25615441;552461;Chotoviny;;;;;53406;Èervené Záhoøí;571725;Moraveèská;è.p.;163;;;39137;734408.84;1112845.98;2013-12-05T00:00:00
25615459;552461;Chotoviny;;;;;53406;Èervené Záhoøí;571971;Široká;è.p.;166;;;39137;734371.51;1112989.67;2013-12-05T00:00:00
25615467;552461;Chotoviny;;;;;53406;Èervené Záhoøí;571873;Prostøední;è.p.;169;;;39137;733811.27;1113441.77;2013-12-05T00:00:00
25615475;552461;Chotoviny;;;;;53406;Èervené Záhoøí;571849;Pod Chmelnicí;è.p.;172;;;39137;734167.15;1113246.94;2013-12-05T00:00:00
26033356;552461;Chotoviny;;;;;53414;Chotoviny;571776;Na Vyhlídce;è.p.;147;;;39137;734204.55;1112573.85;2013-12-05T00:00:00
26033364;552461;Chotoviny;;;;;53414;Chotoviny;571903;Pøíkrá;è.p.;256;;;39137;734207.65;1112728.61;2013-12-05T00:00:00
26033372;552461;Chotoviny;;;;;53414;Chotoviny;571661;Javorová;è.p.;265;;;39137;733599.36;1112959.15;2013-12-05T00:00:00
26033381;552461;Chotoviny;;;;;53414;Chotoviny;572047;Zámecká;è.p.;266;;;39137;733405.86;1112533.63;2013-12-05T00:00:00
26033399;552461;Chotoviny;;;;;53414;Chotoviny;571661;Javorová;è.p.;269;;;39137;733560.17;1113014.80;2013-12-05T00:00:00
26033402;552461;Chotoviny;;;;;53414;Chotoviny;571784;Na Výsluní;è.p.;271;;;39137;734071.06;1112725.78;2013-12-05T00:00:00
26033411;552461;Chotoviny;;;;;53414;Chotoviny;571709;Lipová;è.p.;274;;;39137;733833.46;1112712.30;2013-12-05T00:00:00
26033429;552461;Chotoviny;;;;;53406;Èervené Záhoøí;571989;Táborská;è.p.;175;;;39137;734132.21;1113132.90;2013-12-05T00:00:00
26033437;552461;Chotoviny;;;;;53406;Èervené Záhoøí;571849;Pod Chmelnicí;è.p.;176;;;39137;734144.20;1113187.35;2013-12-05T00:00:00
26033445;552461;Chotoviny;;;;;53406;Èervené Záhoøí;661902;Pod Nádražím;è.p.;179;;;39137;734347.22;1113240.67;2013-12-05T00:00:00
26033453;552461;Chotoviny;;;;;53406;Èervené Záhoøí;571989;Táborská;è.p.;195;;;39137;734425.87;1113200.70;2013-12-05T00:00:00
26033461;552461;Chotoviny;;;;;53406;Èervené Záhoøí;738638;Prùmyslová;è.p.;220;;;39137;734609.23;1113387.36;2013-12-05T00:00:00
26033470;552461;Chotoviny;;;;;53406;Èervené Záhoøí;738638;Prùmyslová;è.p.;222;;;39137;734586.81;1113353.94;2013-12-05T00:00:00
26033488;552461;Chotoviny;;;;;58041;Beranova Lhota;;;è.p.;16;;;39137;730999.64;1112559.72;2013-12-05T00:00:00
26033496;552461;Chotoviny;;;;;58289;Jeníèkova Lhota;;;è.p.;56;;;39137;730956.00;1115268.00;2013-12-05T00:00:00
26033500;552461;Chotoviny;;;;;53457;Rzavá;;;è.p.;12;;;39137;735276.92;1112383.99;2019-06-05T00:00:00
26056267;552461;Chotoviny;;;;;53414;Chotoviny;571709;Lipová;è.p.;276;;;39137;733903.92;1112727.18;2013-12-05T00:00:00
26056275;552461;Chotoviny;;;;;53414;Chotoviny;571989;Táborská;è.p.;277;;;39137;733827.94;1112884.26;2013-12-05T00:00:00
26056283;552461;Chotoviny;;;;;53414;Chotoviny;571644;Družstevní;è.p.;279;;;39137;733240.38;1112490.10;2013-12-05T00:00:00
26056305;552461;Chotoviny;;;;;53406;Èervené Záhoøí;571989;Táborská;è.p.;199;;;39137;733962.60;1113126.40;2013-12-05T00:00:00
26085836;552461;Chotoviny;;;;;53414;Chotoviny;571661;Javorová;è.p.;270;;;39137;733630.17;1112894.27;2013-12-05T00:00:00
26085844;552461;Chotoviny;;;;;53414;Chotoviny;571717;Lomená;è.p.;275;;;39137;734252.05;1112651.43;2013-12-05T00:00:00
26085852;552461;Chotoviny;;;;;53406;Èervené Záhoøí;571881;Prùbìžná;è.p.;178;;;39137;733810.53;1113140.58;2013-12-05T00:00:00
26085861;552461;Chotoviny;;;;;53406;Èervené Záhoøí;738638;Prùmyslová;è.p.;205;;;39137;734558.21;1113392.73;2013-12-05T00:00:00
26102145;552461;Chotoviny;;;;;53406;Èervené Záhoøí;789887;U Písnièky;è.p.;204;;;39137;735249.29;1112672.73;2017-04-25T00:00:00
26495287;552461;Chotoviny;;;;;53414;Chotoviny;571741;Na Kùskovci;è.p.;278;;;39137;733446.99;1113223.04;2013-12-05T00:00:00
26507943;552461;Chotoviny;;;;;53406;Èervené Záhoøí;571636;Dolní;è.p.;190;;;39137;733908.01;1113250.05;2013-12-05T00:00:00
26511321;552461;Chotoviny;;;;;58289;Jeníèkova Lhota;;;è.p.;60;;;39137;731600.00;1115192.00;2013-12-05T00:00:00
26577470;552461;Chotoviny;;;;;53414;Chotoviny;572047;Zámecká;è.p.;267;;;39137;733428.54;1112535.12;2013-12-05T00:00:00
26591626;552461;Chotoviny;;;;;58289;Jeníèkova Lhota;;;è.ev.;102;;;39137;731545.36;1115219.43;2022-10-24T00:00:00
26666791;552461;Chotoviny;;;;;53431;Moraveè;;;è.p.;39;;;39137;735340.95;1111958.02;2013-12-05T00:00:00
26666804;552461;Chotoviny;;;;;58289;Jeníèkova Lhota;;;è.p.;55;;;39137;731193.39;1115534.14;2013-12-05T00:00:00
26666812;552461;Chotoviny;;;;;53465;Sedleèko;;;è.p.;47;;;39137;733045.90;1110907.83;2013-12-05T00:00:00
26666821;552461;Chotoviny;;;;;53406;Èervené Záhoøí;571989;Táborská;è.p.;203;;;39137;734550.27;1113046.26;2013-12-05T00:00:00
26666839;552461;Chotoviny;;;;;53406;Èervené Záhoøí;571873;Prostøední;è.p.;188;;;39137;733827.59;1113269.53;2013-12-05T00:00:00
26666847;552461;Chotoviny;;;;;53414;Chotoviny;571679;K Václavu;è.p.;283;;;39137;734233.11;1112734.29;2013-12-05T00:00:00
26666855;552461;Chotoviny;;;;;53414;Chotoviny;571776;Na Vyhlídce;è.p.;281;;;39137;734031.87;1112654.17;2013-12-05T00:00:00
26666863;552461;Chotoviny;;;;;53414;Chotoviny;571661;Javorová;è.p.;263;;;39137;733587.77;1112977.36;2013-12-05T00:00:00
26839199;552461;Chotoviny;;;;;58289;Jeníèkova Lhota;;;è.p.;53;;;39137;730945.48;1115343.64;2013-12-05T00:00:00
27064336;552461;Chotoviny;;;;;53414;Chotoviny;571989;Táborská;è.p.;280;;;39137;733903.08;1112903.31;2014-04-28T00:00:00
27064344;552461;Chotoviny;;;;;53414;Chotoviny;571717;Lomená;è.p.;282;;;39137;734421.42;1112552.99;2013-12-05T00:00:00
27258831;552461;Chotoviny;;;;;58289;Jeníèkova Lhota;;;è.p.;61;;;39137;731608.23;1115173.67;2013-12-05T00:00:00
27365603;552461;Chotoviny;;;;;53406;Èervené Záhoøí;571679;K Václavu;è.p.;165;;;39137;734530.99;1112619.63;2013-12-05T00:00:00
27490513;552461;Chotoviny;;;;;53414;Chotoviny;571946;Sedlecká;è.p.;290;;;39137;733582.27;1112643.18;2013-12-05T00:00:00
27490521;552461;Chotoviny;;;;;53414;Chotoviny;571644;Družstevní;è.p.;292;;;39137;733019.74;1112409.57;2013-12-05T00:00:00
27490530;552461;Chotoviny;;;;;53406;Èervené Záhoøí;571873;Prostøední;è.p.;185;;;39137;733792.17;1113317.07;2013-12-05T00:00:00
27490548;552461;Chotoviny;;;;;53406;Èervené Záhoøí;571989;Táborská;è.p.;206;;;39137;734837.45;1113047.74;2013-12-05T00:00:00
27490556;552461;Chotoviny;;;;;53406;Èervené Záhoøí;571989;Táborská;è.p.;207;;;39137;734864.82;1113159.61;2013-12-05T00:00:00
27490564;552461;Chotoviny;;;;;53406;Èervené Záhoøí;738638;Prùmyslová;è.p.;211;;;39137;734536.05;1113215.88;2013-12-05T00:00:00
27490572;552461;Chotoviny;;;;;53406;Èervené Záhoøí;789887;U Písnièky;è.p.;210;;;39137;735209.19;1112503.24;2013-12-05T00:00:00
27490581;552461;Chotoviny;;;;;53406;Èervené Záhoøí;789887;U Písnièky;è.p.;209;;;39137;735312.48;1112578.18;2013-12-05T00:00:00
27615545;552461;Chotoviny;;;;;53406;Èervené Záhoøí;571971;Široká;è.p.;189;;;39137;734331.47;1113060.36;2013-12-05T00:00:00
27724590;552461;Chotoviny;;;;;58289;Jeníèkova Lhota;;;è.p.;62;;;39137;730833.95;1115264.94;2013-12-05T00:00:00
27736750;552461;Chotoviny;;;;;58289;Jeníèkova Lhota;;;è.p.;52;;;39137;731140.24;1115224.50;2013-12-05T00:00:00
27736768;552461;Chotoviny;;;;;58289;Jeníèkova Lhota;;;è.p.;65;;;39137;731117.97;1115265.16;2022-10-24T00:00:00
27736776;552461;Chotoviny;;;;;53406;Èervené Záhoøí;571971;Široká;è.p.;159;;;39137;734314.71;1112923.00;2013-12-05T00:00:00
27736792;552461;Chotoviny;;;;;53414;Chotoviny;571865;Pod Špejcharem;è.p.;288;;;39137;733386.40;1112954.70;2013-12-05T00:00:00
27852351;552461;Chotoviny;;;;;53406;Èervené Záhoøí;571695;Krátká;è.p.;192;;;39137;734263.53;1112961.11;2013-12-05T00:00:00
27876501;552461;Chotoviny;;;;;58041;Beranova Lhota;;;è.p.;20;;;39137;731075.24;1112498.68;2013-12-05T00:00:00
28045700;552461;Chotoviny;;;;;53406;Èervené Záhoøí;571679;K Václavu;è.p.;180;;;39137;734063.00;1112946.00;2013-12-05T00:00:00
28045718;552461;Chotoviny;;;;;53406;Èervené Záhoøí;571768;Na Radlinì;è.p.;187;;;39137;733894.32;1113444.39;2017-04-18T00:00:00
28045726;552461;Chotoviny;;;;;53406;Èervené Záhoøí;571989;Táborská;è.p.;214;;;39137;734692.50;1112990.71;2015-09-03T00:00:00
28045734;552461;Chotoviny;;;;;53414;Chotoviny;572047;Zámecká;è.p.;285;;;39137;733618.00;1112467.00;2013-12-05T00:00:00
28185251;552461;Chotoviny;;;;;53414;Chotoviny;571661;Javorová;è.p.;301;;;39137;733645.00;1112973.00;2013-12-05T00:00:00
28192010;552461;Chotoviny;;;;;53406;Èervené Záhoøí;571725;Moraveèská;è.p.;186;;;39137;734357.85;1112899.59;2017-04-18T00:00:00
28192028;552461;Chotoviny;;;;;53414;Chotoviny;571857;Pod Lesem;è.p.;272;;;39137;734085.00;1112862.00;2013-12-05T00:00:00
28206991;552461;Chotoviny;;;;;53406;Èervené Záhoøí;571849;Pod Chmelnicí;è.p.;182;;;39137;734169.00;1113265.00;2013-12-05T00:00:00
28344472;552461;Chotoviny;;;;;53414;Chotoviny;571687;Kaštanová;è.p.;284;;;39137;733315.84;1112929.25;2017-04-18T00:00:00
28344481;552461;Chotoviny;;;;;53414;Chotoviny;572012;Úzká;è.p.;297;;;39137;733396.86;1112846.50;2013-12-05T00:00:00
28344499;552461;Chotoviny;;;;;53414;Chotoviny;571709;Lipová;è.p.;300;;;39137;734018.22;1112521.48;2013-12-05T00:00:00
28344502;552461;Chotoviny;;;;;53414;Chotoviny;571814;Okružní;è.ev.;99;;;39137;733269.00;1112761.00;2013-12-05T00:00:00
28344511;552461;Chotoviny;;;;;53406;Èervené Záhoøí;571938;Sadová;è.p.;184;;;39137;734369.26;1112808.76;2013-12-05T00:00:00
28344529;552461;Chotoviny;;;;;53406;Èervené Záhoøí;661911;Polní;è.ev.;116;;;39137;734669.17;1113090.29;2013-12-05T00:00:00
28344537;552461;Chotoviny;;;;;58289;Jeníèkova Lhota;;;è.ev.;104;;;39137;731209.46;1115217.66;2013-12-05T00:00:00
28344545;552461;Chotoviny;;;;;58289;Jeníèkova Lhota;;;è.ev.;105;;;39137;731509.93;1115240.35;2013-12-05T00:00:00
28344553;552461;Chotoviny;;;;;145416;Øevnov;;;è.ev.;115;;;39137;736956.67;1112591.11;2013-12-05T00:00:00
28344561;552461;Chotoviny;;;;;145416;Øevnov;;;è.ev.;117;;;39137;736872.78;1112519.44;2013-12-05T00:00:00
28360168;552461;Chotoviny;;;;;58041;Beranova Lhota;;;è.p.;21;;;39137;731417.26;1112623.29;2017-04-18T00:00:00
28376331;552461;Chotoviny;;;;;53414;Chotoviny;571857;Pod Lesem;è.p.;291;;;39137;733974.60;1112660.48;2017-04-18T00:00:00
28376358;552461;Chotoviny;;;;;53406;Èervené Záhoøí;571636;Dolní;è.p.;212;;;39137;733955.03;1113490.52;2017-04-18T00:00:00
28394178;552461;Chotoviny;;;;;53414;Chotoviny;571709;Lipová;è.p.;303;;;39137;733870.69;1112710.86;2017-04-18T00:00:00
28394186;552461;Chotoviny;;;;;53406;Èervené Záhoøí;571652;Hlinická;è.p.;196;;;39137;733756.10;1113630.30;2017-04-18T00:00:00
28394194;552461;Chotoviny;;;;;58041;Beranova Lhota;;;è.p.;22;;;39137;731518.00;1112504.79;2016-04-26T00:00:00
30138647;552461;Chotoviny;;;;;53406;Èervené Záhoøí;571881;Prùbìžná;è.p.;20;;;39137;733830.30;1113089.08;2013-12-05T00:00:00
30138671;552461;Chotoviny;;;;;53406;Èervené Záhoøí;571881;Prùbìžná;è.p.;134;;;39137;733821.07;1113098.70;2013-12-05T00:00:00
30138680;552461;Chotoviny;;;;;53406;Èervené Záhoøí;661911;Polní;è.ev.;35;;;39137;734732.05;1113068.29;2013-12-05T00:00:00
30138710;552461;Chotoviny;;;;;53406;Èervené Záhoøí;571636;Dolní;è.ev.;71;;;39137;733966.71;1113512.76;2013-12-05T00:00:00
30138752;552461;Chotoviny;;;;;53414;Chotoviny;571997;U Lomu;è.ev.;30;;;39137;733854.85;1113083.30;2019-06-05T00:00:00
30555957;552461;Chotoviny;;;;;53406;Èervené Záhoøí;661911;Polní;è.ev.;72;;;39137;734635.79;1113084.87;2013-12-05T00:00:00
30555965;552461;Chotoviny;;;;;53406;Èervené Záhoøí;571768;Na Radlinì;è.ev.;74;;;39137;733943.81;1113536.78;2019-06-05T00:00:00
30555973;552461;Chotoviny;;;;;53406;Èervené Záhoøí;571636;Dolní;è.ev.;75;;;39137;733957.00;1113547.62;2013-12-05T00:00:00
30646103;552461;Chotoviny;;;;;53414;Chotoviny;571679;K Václavu;è.p.;272;;;39137;734085.00;1112862.00;2013-12-05T00:00:00
30764831;552461;Chotoviny;;;;;53406;Èervené Záhoøí;571873;Prostøední;è.p.;19;;;39137;733788.15;1113229.69;2013-12-05T00:00:00
30764840;552461;Chotoviny;;;;;53406;Èervené Záhoøí;;;è.p.;215;;;39137;734407.00;1113133.00;2013-12-05T00:00:00
30764866;552461;Chotoviny;;;;;53406;Èervené Záhoøí;571989;Táborská;è.ev.;88;;;39137;734602.81;1113092.14;2013-12-05T00:00:00
30764874;552461;Chotoviny;;;;;53406;Èervené Záhoøí;571989;Táborská;è.ev.;89;;;39137;734750.21;1113066.23;2013-12-05T00:00:00
30764882;552461;Chotoviny;;;;;53406;Èervené Záhoøí;661911;Polní;è.ev.;90;;;39137;734617.83;1113172.69;2013-12-05T00:00:00
30764891;552461;Chotoviny;;;;;53406;Èervené Záhoøí;571989;Táborská;è.ev.;93;;;39137;734620.29;1113210.32;2013-12-05T00:00:00
30764904;552461;Chotoviny;;;;;53406;Èervené Záhoøí;571989;Táborská;è.ev.;94;;;39137;734684.31;1113063.90;2013-12-05T00:00:00
30764912;552461;Chotoviny;;;;;53406;Èervené Záhoøí;661911;Polní;è.ev.;96;;;39137;734673.77;1113201.99;2025-03-05T00:00:00
30764921;552461;Chotoviny;;;;;53406;Èervené Záhoøí;571768;Na Radlinì;è.ev.;97;;;39137;733943.00;1113561.00;2013-12-05T00:00:00
30764939;552461;Chotoviny;;;;;53406;Èervené Záhoøí;661911;Polní;è.ev.;111;;;39137;734717.00;1113087.00;2013-12-05T00:00:00
30764947;552461;Chotoviny;;;;;53406;Èervené Záhoøí;571849;Pod Chmelnicí;è.ev.;112;;;39137;734123.70;1113204.94;2013-12-05T00:00:00
30764955;552461;Chotoviny;;;;;53406;Èervené Záhoøí;661911;Polní;è.ev.;113;;;39137;734614.20;1113076.80;2013-12-05T00:00:00
30764963;552461;Chotoviny;;;;;53414;Chotoviny;571644;Družstevní;è.p.;63;;;39137;733173.20;1112485.63;2013-12-05T00:00:00
30764971;552461;Chotoviny;;;;;53414;Chotoviny;571962;Støíbrná alej;è.ev.;81;;;39137;733619.49;1112846.47;2013-12-05T00:00:00
30764980;552461;Chotoviny;;;;;53414;Chotoviny;571962;Støíbrná alej;è.ev.;82;;;39137;733621.20;1112844.03;2013-12-05T00:00:00
30764998;552461;Chotoviny;;;;;53414;Chotoviny;571962;Støíbrná alej;è.ev.;83;;;39137;733622.86;1112841.52;2013-12-05T00:00:00
30765005;552461;Chotoviny;;;;;53414;Chotoviny;571962;Støíbrná alej;è.ev.;84;;;39137;733624.64;1112838.75;2013-12-05T00:00:00
30765013;552461;Chotoviny;;;;;53414;Chotoviny;571962;Støíbrná alej;è.ev.;85;;;39137;733626.20;1112836.37;2013-12-05T00:00:00
30765021;552461;Chotoviny;;;;;53414;Chotoviny;571962;Støíbrná alej;è.ev.;86;;;39137;733627.94;1112833.55;2013-12-05T00:00:00
30765030;552461;Chotoviny;;;;;53414;Chotoviny;571962;Støíbrná alej;è.ev.;87;;;39137;733629.44;1112830.68;2013-12-05T00:00:00
30765048;552461;Chotoviny;;;;;53414;Chotoviny;571644;Družstevní;è.ev.;108;;;39137;733280.00;1112522.00;2013-12-05T00:00:00
30765056;552461;Chotoviny;;;;;53431;Moraveè;;;è.ev.;67;;;39137;735446.61;1111885.61;2013-12-05T00:00:00
30765064;552461;Chotoviny;;;;;53465;Sedleèko;;;è.ev.;114;;;39137;733222.00;1111178.00;2013-12-05T00:00:00
30772737;552461;Chotoviny;;;;;58041;Beranova Lhota;;;è.p.;12;;;39137;731160.80;1112488.62;2013-12-05T00:00:00
30772745;552461;Chotoviny;;;;;58041;Beranova Lhota;;;è.p.;24;;;39137;731117.01;1112645.98;2015-06-30T00:00:00
30773458;552461;Chotoviny;;;;;58289;Jeníèkova Lhota;;;è.p.;58;;;39137;731168.74;1115352.75;2013-12-05T00:00:00
30773466;552461;Chotoviny;;;;;58289;Jeníèkova Lhota;;;è.ev.;101;;;39137;731534.00;1115225.00;2013-12-05T00:00:00
30773474;552461;Chotoviny;;;;;58289;Jeníèkova Lhota;;;è.ev.;103;;;39137;731522.42;1115230.95;2013-12-05T00:00:00
30886074;552461;Chotoviny;;;;;145416;Øevnov;;;è.ev.;110;;;39137;736849.00;1112512.00;2013-12-05T00:00:00
31223192;552461;Chotoviny;;;;;53414;Chotoviny;571776;Na Vyhlídce;è.ev.;7;;;39137;734081.88;1112661.25;2013-12-05T00:00:00
31223206;552461;Chotoviny;;;;;53449;Polánka;;;è.ev.;55;;;39137;732164.61;1113222.37;2013-12-05T00:00:00
31223214;552461;Chotoviny;;;;;53457;Rzavá;;;è.ev.;79;;;39137;735095.07;1112298.13;2013-12-05T00:00:00
31236294;552461;Chotoviny;;;;;58041;Beranova Lhota;;;è.ev.;95;;;39137;731117.05;1112697.28;2019-06-05T00:00:00
31295819;552461;Chotoviny;;;;;145416;Øevnov;;;è.ev.;91;;;39137;736806.05;1112550.21;2025-05-23T00:00:00
40040801;552461;Chotoviny;;;;;53414;Chotoviny;;;è.p.;23;;;39137;733095.26;1112581.17;2017-04-18T00:00:00
40040810;552461;Chotoviny;;;;;53414;Chotoviny;571644;Družstevní;è.p.;53;;;39137;733105.57;1112545.42;2023-03-08T00:00:00
40040852;552461;Chotoviny;;;;;53431;Moraveè;;;è.ev.;118;;;39137;735265.12;1111834.88;2017-04-18T00:00:00
40298710;552461;Chotoviny;;;;;53406;Èervené Záhoøí;571873;Prostøední;è.p.;216;;;39137;733820.06;1113364.36;2013-12-05T00:00:00
40299147;552461;Chotoviny;;;;;58289;Jeníèkova Lhota;;;è.ev.;106;;;39137;731488.20;1115195.25;2013-12-05T00:00:00
40300129;552461;Chotoviny;;;;;53406;Èervené Záhoøí;571938;Sadová;è.p.;183;;;39137;734345.84;1112843.39;2013-12-05T00:00:00
40303993;552461;Chotoviny;;;;;53406;Èervené Záhoøí;571636;Dolní;è.p.;173;;;39137;733855.40;1113251.33;2013-12-05T00:00:00
40404099;552461;Chotoviny;;;;;53414;Chotoviny;571857;Pod Lesem;è.p.;289;;;39137;734045.50;1112810.09;2013-12-05T00:00:00
40404277;552461;Chotoviny;;;;;53414;Chotoviny;571661;Javorová;è.p.;305;;;39137;733615.32;1112927.70;2013-12-05T00:00:00
40442268;552461;Chotoviny;;;;;58041;Beranova Lhota;;;è.p.;17;;;39137;731578.50;1112522.93;2013-12-05T00:00:00
40539687;552461;Chotoviny;;;;;145416;Øevnov;;;è.p.;44;;;39137;736910.45;1112520.63;2013-12-05T00:00:00
40621448;552461;Chotoviny;;;;;53431;Moraveè;;;è.p.;43;;;39137;735403.96;1111693.19;2013-12-05T00:00:00
40671909;552461;Chotoviny;;;;;53414;Chotoviny;571911;Rudé armády;è.p.;295;;;39137;733519.07;1112680.77;2013-12-05T00:00:00
40718662;552461;Chotoviny;;;;;53406;Èervené Záhoøí;571652;Hlinická;è.p.;213;;;39137;733702.32;1113274.87;2013-12-05T00:00:00
40831272;552461;Chotoviny;;;;;53414;Chotoviny;571733;Na Kopeèku;è.p.;296;;;39137;733849.28;1112934.20;2013-12-05T00:00:00
40846598;552461;Chotoviny;;;;;53414;Chotoviny;661872;Vožická;è.p.;299;;;39137;733386.41;1112486.20;2013-12-05T00:00:00
41213092;552461;Chotoviny;;;;;53414;Chotoviny;571776;Na Vyhlídce;è.p.;298;;;39137;734160.85;1112633.69;2013-12-05T00:00:00
41329813;552461;Chotoviny;;;;;58041;Beranova Lhota;;;è.ev.;123;;;39137;731092.67;1112634.13;2013-12-05T00:00:00
41666186;552461;Chotoviny;;;;;53406;Èervené Záhoøí;661911;Polní;è.ev.;124;;;39137;734665.30;1113161.54;2013-12-05T00:00:00
42222877;552461;Chotoviny;;;;;53406;Èervené Záhoøí;571741;Na Kùskovci;è.p.;197;;;39137;733532.20;1113205.41;2013-12-05T00:00:00
42561892;552461;Chotoviny;;;;;53406;Èervené Záhoøí;661881;Ve Dvoøe;è.p.;193;;;39137;734001.67;1113142.16;2013-12-05T00:00:00
42614384;552461;Chotoviny;;;;;53406;Èervené Záhoøí;572021;Višòová;è.p.;191;;;39137;734125.82;1112901.09;2013-12-05T00:00:00
42666961;552461;Chotoviny;;;;;53414;Chotoviny;571661;Javorová;è.p.;287;;;39137;733577.83;1112996.39;2013-12-05T00:00:00
70837414;552461;Chotoviny;;;;;53406;Èervené Záhoøí;849057;Na Drahách;è.p.;194;;;39137;733964.99;1113573.56;2014-01-06T00:00:00
70842256;552461;Chotoviny;;;;;53431;Moraveè;;;è.p.;44;;;39137;735211.54;1111970.71;2014-01-06T00:00:00
72590521;552461;Chotoviny;;;;;58289;Jeníèkova Lhota;;;è.p.;68;;;39137;731149.27;1115309.03;2014-04-22T00:00:00
72862483;552461;Chotoviny;;;;;53406;Èervené Záhoøí;571636;Dolní;è.p.;218;;;39137;734013.74;1113562.75;2014-07-02T00:00:00
73035866;552461;Chotoviny;;;;;58041;Beranova Lhota;;;è.p.;18;;;39137;731264.87;1112472.31;2014-09-05T00:00:00
73040134;552461;Chotoviny;;;;;53414;Chotoviny;571903;Pøíkrá;è.p.;321;;;39137;734201.70;1112706.80;2014-09-09T00:00:00
73130869;552461;Chotoviny;;;;;53414;Chotoviny;571865;Pod Špejcharem;è.p.;310;;;39137;733347.35;1112929.75;2014-10-15T00:00:00
73154041;552461;Chotoviny;;;;;53414;Chotoviny;571661;Javorová;è.p.;308;;;39137;733558.23;1113079.33;2014-10-23T00:00:00
73262137;552461;Chotoviny;;;;;58289;Jeníèkova Lhota;;;è.ev.;107;;;39137;731550.93;1115214.81;2014-12-10T00:00:00
73373681;552461;Chotoviny;;;;;58289;Jeníèkova Lhota;;;è.p.;70;;;39137;731077.45;1115486.91;2015-01-26T00:00:00
73392073;552461;Chotoviny;;;;;53406;Èervené Záhoøí;738638;Prùmyslová;è.p.;217;;;39137;734848.12;1113374.19;2015-01-30T00:00:00
73468266;552461;Chotoviny;;;;;53406;Èervené Záhoøí;661911;Polní;è.ev.;125;;;39137;734692.50;1113124.03;2015-02-26T00:00:00
73629286;552461;Chotoviny;;;;;53414;Chotoviny;572004;U Parku;è.p.;314;;;39137;733294.14;1112822.22;2015-04-28T00:00:00
73654574;552461;Chotoviny;;;;;53414;Chotoviny;571661;Javorová;è.p.;312;;;39137;733549.78;1113112.13;2015-05-05T00:00:00
73745987;552461;Chotoviny;;;;;53406;Èervené Záhoøí;571849;Pod Chmelnicí;è.p.;226;;;39137;734220.38;1113171.97;2015-06-03T00:00:00
73804070;552461;Chotoviny;;;;;53406;Èervené Záhoøí;571636;Dolní;è.p.;219;;;39137;733841.90;1113201.47;2015-06-22T00:00:00
73857092;552461;Chotoviny;;;;;53414;Chotoviny;571954;Spojovací;è.p.;306;;;39137;734057.98;1112735.53;2015-07-09T00:00:00
73986895;552461;Chotoviny;;;;;53406;Èervené Záhoøí;738638;Prùmyslová;è.p.;230;;;39137;734904.92;1113413.00;2018-01-18T00:00:00
74077309;552461;Chotoviny;;;;;53431;Moraveè;;;è.p.;46;;;39137;735402.35;1111739.21;2023-06-28T00:00:00
74125117;552461;Chotoviny;;;;;53414;Chotoviny;571741;Na Kùskovci;è.p.;293;;;39137;733485.23;1113252.18;2015-10-06T00:00:00
74125281;552461;Chotoviny;;;;;53414;Chotoviny;571962;Støíbrná alej;è.p.;313;;;39137;733589.82;1112870.31;2015-10-06T00:00:00
74372459;552461;Chotoviny;;;;;58289;Jeníèkova Lhota;;;è.p.;69;;;39137;731045.86;1115505.74;2015-12-14T00:00:00
74383663;552461;Chotoviny;;;;;53465;Sedleèko;;;è.p.;48;;;39137;733345.25;1110905.04;2015-12-16T00:00:00
74668021;552461;Chotoviny;;;;;53414;Chotoviny;571661;Javorová;è.p.;307;;;39137;733624.80;1113006.44;2016-03-07T00:00:00
74674242;552461;Chotoviny;;;;;58289;Jeníèkova Lhota;;;è.p.;71;;;39137;731505.41;1115575.73;2016-03-08T00:00:00
74948504;552461;Chotoviny;;;;;53406;Èervené Záhoøí;661911;Polní;è.ev.;121;;;39137;734741.71;1113094.81;2016-05-03T00:00:00
74948563;552461;Chotoviny;;;;;53406;Èervené Záhoøí;661911;Polní;è.ev.;119;;;39137;734690.24;1113109.82;2016-05-03T00:00:00
74948580;552461;Chotoviny;;;;;58041;Beranova Lhota;;;è.p.;23;;;39137;731233.99;1112624.87;2016-05-03T00:00:00
74948610;552461;Chotoviny;;;;;145416;Øevnov;;;è.ev.;122;;;39137;736770.30;1112573.57;2016-05-03T00:00:00
75323958;552461;Chotoviny;;;;;53414;Chotoviny;571792;Na Zahrádkách;è.p.;318;;;39137;733388.40;1113105.69;2016-09-07T00:00:00
75450984;552461;Chotoviny;;;;;53406;Èervené Záhoøí;571849;Pod Chmelnicí;è.p.;152;;;39137;734143.20;1113216.09;2016-10-21T00:00:00
75535785;552461;Chotoviny;;;;;53406;Èervené Záhoøí;661911;Polní;è.ev.;126;;;39137;734703.24;1113073.22;2016-11-15T00:00:00
75695235;552461;Chotoviny;;;;;145416;Øevnov;;;è.p.;45;;;39137;736817.14;1112360.97;2017-01-04T00:00:00
75701774;552461;Chotoviny;;;;;53414;Chotoviny;572047;Zámecká;è.p.;286;;;39137;733570.23;1112508.52;2017-01-06T00:00:00
77006097;552461;Chotoviny;;;;;53414;Chotoviny;572047;Zámecká;è.p.;317;;;39137;733525.80;1112527.05;2017-06-29T00:00:00
77209397;552461;Chotoviny;;;;;53406;Èervené Záhoøí;571971;Široká;è.p.;224;;;39137;734218.81;1112831.01;2017-06-30T00:00:00
77209435;552461;Chotoviny;;;;;53414;Chotoviny;571679;K Václavu;è.p.;319;;;39137;734135.73;1112810.58;2017-06-30T00:00:00
77537211;552461;Chotoviny;;;;;53406;Èervené Záhoøí;661911;Polní;è.ev.;120;;;39137;734633.85;1113162.95;2025-01-17T00:00:00
77713231;552461;Chotoviny;;;;;53406;Èervené Záhoøí;571652;Hlinická;è.p.;223;;;39137;733789.49;1113593.80;2017-10-12T00:00:00
77743547;552461;Chotoviny;;;;;53406;Èervené Záhoøí;571741;Na Kùskovci;è.p.;198;;;39137;733565.10;1113193.52;2017-10-24T00:00:00
77892160;552461;Chotoviny;;;;;53406;Èervené Záhoøí;738638;Prùmyslová;è.p.;229;;;39137;734695.86;1113269.04;2017-12-20T00:00:00
77908520;552461;Chotoviny;;;;;53414;Chotoviny;571741;Na Kùskovci;è.p.;323;;;39137;733424.26;1113260.84;2018-01-03T00:00:00
77962923;552461;Chotoviny;;;;;53406;Èervené Záhoøí;571873;Prostøední;è.p.;233;;;39137;733802.75;1113243.74;2018-01-24T00:00:00
77971990;552461;Chotoviny;;;;;53473;Vrážná;;;è.p.;21;;;39137;733047.39;1114835.81;2018-01-29T00:00:00
78165717;552461;Chotoviny;;;;;53414;Chotoviny;571776;Na Vyhlídce;è.p.;322;;;39137;734256.82;1112604.11;2018-03-23T00:00:00
78334608;552461;Chotoviny;;;;;53414;Chotoviny;571687;Kaštanová;è.p.;333;;;39137;733323.97;1112975.57;2018-05-11T00:00:00
78360358;552461;Chotoviny;;;;;145416;Øevnov;;;è.ev.;127;;;39137;736813.18;1112571.41;2018-05-18T00:00:00
78881552;552461;Chotoviny;;;;;53465;Sedleèko;;;è.p.;49;;;39137;733279.20;1110855.86;2018-11-20T00:00:00
79372392;552461;Chotoviny;;;;;53431;Moraveè;;;è.p.;42;;;39137;735466.55;1111799.55;2019-05-14T00:00:00
79372465;552461;Chotoviny;;;;;53431;Moraveè;;;è.p.;41;;;39137;735453.61;1111804.27;2019-05-14T00:00:00
80308571;552461;Chotoviny;;;;;53465;Sedleèko;;;è.p.;50;;;39137;732941.92;1110932.53;2020-01-29T00:00:00
80367445;552461;Chotoviny;;;;;53414;Chotoviny;661872;Vožická;è.p.;329;;;39137;733128.40;1112379.12;2020-02-11T00:00:00
80473547;552461;Chotoviny;;;;;53406;Èervené Záhoøí;571636;Dolní;è.p.;236;;;39137;733981.12;1113483.19;2020-03-11T00:00:00
80473741;552461;Chotoviny;;;;;53406;Èervené Záhoøí;571636;Dolní;è.p.;239;;;39137;733979.18;1113412.22;2020-03-11T00:00:00
80526632;552461;Chotoviny;;;;;58271;Brouèkova Lhota;;;è.p.;23;;;39137;731430.95;1114581.83;2020-04-06T00:00:00
80586139;552461;Chotoviny;;;;;53406;Èervené Záhoøí;571636;Dolní;è.p.;234;;;39137;733950.63;1113431.37;2020-05-04T00:00:00
80586317;552461;Chotoviny;;;;;53406;Èervené Záhoøí;571636;Dolní;è.p.;235;;;39137;733962.84;1113448.60;2020-05-04T00:00:00
80586384;552461;Chotoviny;;;;;53406;Èervené Záhoøí;571636;Dolní;è.p.;237;;;39137;733991.79;1113464.97;2020-05-04T00:00:00
80637621;552461;Chotoviny;;;;;53414;Chotoviny;571865;Pod Špejcharem;è.p.;328;;;39137;733440.64;1112898.45;2020-05-19T00:00:00
80650139;552461;Chotoviny;;;;;53406;Èervené Záhoøí;661911;Polní;è.ev.;128;;;39137;734671.34;1113191.02;2020-05-20T00:00:00
80692940;552461;Chotoviny;;;;;53406;Èervené Záhoøí;571725;Moraveèská;è.p.;232;;;39137;734492.93;1112701.09;2020-05-26T00:00:00
80745491;552461;Chotoviny;;;;;53465;Sedleèko;;;è.p.;51;;;39137;733077.99;1110861.13;2020-06-02T00:00:00
80811639;552461;Chotoviny;;;;;53414;Chotoviny;571792;Na Zahrádkách;è.p.;325;;;39137;733302.44;1113168.41;2020-06-11T00:00:00
80814891;552461;Chotoviny;;;;;53431;Moraveè;;;è.p.;48;;;39137;735366.82;1111659.29;2020-06-12T00:00:00
81267894;552461;Chotoviny;;;;;53431;Moraveè;;;è.p.;47;;;39137;735381.36;1111688.56;2020-11-06T00:00:00
81280874;552461;Chotoviny;;;;;53406;Èervené Záhoøí;571636;Dolní;è.p.;238;;;39137;734004.79;1113438.59;2020-11-13T00:00:00
81364083;552461;Chotoviny;;;;;53414;Chotoviny;571741;Na Kùskovci;è.p.;330;;;39137;733381.39;1113209.94;2020-12-14T00:00:00
81438028;552461;Chotoviny;;;;;53414;Chotoviny;571865;Pod Špejcharem;è.p.;326;;;39137;733364.18;1112959.21;2021-01-18T00:00:00
81471157;552461;Chotoviny;;;;;58271;Brouèkova Lhota;;;è.p.;24;;;39137;731393.00;1114583.64;2021-02-01T00:00:00
81795971;552461;Chotoviny;;;;;53414;Chotoviny;571687;Kaštanová;è.p.;324;;;39137;733319.10;1112899.98;2021-05-06T00:00:00
82020531;552461;Chotoviny;;;;;53414;Chotoviny;572012;Úzká;è.p.;334;;;39137;733379.85;1112871.91;2021-08-10T00:00:00
82100705;552461;Chotoviny;;;;;53406;Èervené Záhoøí;571849;Pod Chmelnicí;è.p.;221;;;39137;734206.73;1113227.88;2021-09-14T00:00:00
82135177;552461;Chotoviny;;;;;53457;Rzavá;;;è.p.;13;;;39137;735123.41;1112336.94;2021-09-23T00:00:00
82609837;552461;Chotoviny;;;;;53414;Chotoviny;571903;Pøíkrá;è.p.;302;;;39137;734194.71;1112674.47;2022-03-09T00:00:00
82708436;552461;Chotoviny;;;;;145416;Øevnov;;;è.ev.;129;;;39137;736921.29;1112247.11;2022-03-03T00:00:00
82730881;552461;Chotoviny;;;;;53473;Vrážná;;;è.ev.;109;;;39137;733143.74;1114840.97;2022-03-08T00:00:00
82793611;552461;Chotoviny;;;;;53414;Chotoviny;571962;Støíbrná alej;è.p.;332;;;39137;733490.25;1112782.88;2022-03-25T00:00:00
82793972;552461;Chotoviny;;;;;53414;Chotoviny;571822;Osvobození;è.p.;331;;;39137;733673.04;1112626.01;2022-03-25T00:00:00
82811644;552461;Chotoviny;;;;;58289;Jeníèkova Lhota;;;è.p.;59;;;39137;731452.29;1115235.10;2022-04-01T00:00:00
83214682;552461;Chotoviny;;;;;53406;Èervené Záhoøí;571725;Moraveèská;è.p.;240;;;39137;734476.85;1112761.74;2022-08-15T00:00:00
83244387;552461;Chotoviny;;;;;58041;Beranova Lhota;;;è.p.;26;;;39137;731340.07;1112588.26;2022-08-30T00:00:00
84561475;552461;Chotoviny;;;;;53414;Chotoviny;571741;Na Kùskovci;è.p.;339;;;39137;733330.89;1113228.81;2022-11-23T00:00:00
84612681;552461;Chotoviny;;;;;53431;Moraveè;;;è.p.;45;;;39137;735451.52;1111710.73;2022-12-12T00:00:00
84612916;552461;Chotoviny;;;;;53414;Chotoviny;571644;Družstevní;è.p.;320;;;39137;732941.84;1112420.83;2022-12-12T00:00:00
84673761;552461;Chotoviny;;;;;145416;Øevnov;;;è.p.;51;;;39137;736904.31;1112563.33;2023-01-06T00:00:00
84688254;552461;Chotoviny;;;;;145416;Øevnov;;;è.p.;49;;;39137;737058.08;1112698.65;2023-01-12T00:00:00
84878550;552461;Chotoviny;;;;;53449;Polánka;;;è.ev.;130;;;39137;732138.81;1113310.44;2023-01-16T00:00:00
85013196;552461;Chotoviny;;;;;53414;Chotoviny;571946;Sedlecká;è.p.;337;;;39137;733567.99;1112591.65;2024-02-06T00:00:00
85128481;552461;Chotoviny;;;;;145416;Øevnov;;;è.ev.;131;;;39137;736790.36;1112561.43;2023-04-24T00:00:00
85250074;552461;Chotoviny;;;;;53449;Polánka;;;è.p.;20;;;39137;732116.45;1113326.49;2023-05-26T00:00:00
85384402;552461;Chotoviny;;;;;53406;Èervené Záhoøí;571873;Prostøední;è.p.;227;;;39137;733780.64;1113379.62;2023-07-27T00:00:00
85391093;552461;Chotoviny;;;;;53414;Chotoviny;661872;Vožická;è.p.;341;;;39137;733388.05;1112454.80;2023-07-31T00:00:00
85835871;552461;Chotoviny;;;;;53406;Èervené Záhoøí;3335402;Kostkova;è.p.;253;;;39137;733578.01;1113477.30;2023-12-05T00:00:00
85897965;552461;Chotoviny;;;;;145416;Øevnov;;;è.ev.;132;;;39137;736831.87;1112548.82;2024-01-04T00:00:00
85969818;552461;Chotoviny;;;;;53457;Rzavá;;;è.p.;14;;;39137;734986.53;1112239.64;2024-02-01T00:00:00
86111671;552461;Chotoviny;;;;;58289;Jeníèkova Lhota;;;è.ev.;133;;;39137;731444.51;1115427.53;2024-04-04T00:00:00
86246224;552461;Chotoviny;;;;;53406;Èervené Záhoøí;3335402;Kostkova;è.p.;247;;;39137;733739.46;1113485.63;2024-06-04T00:00:00
86261070;552461;Chotoviny;;;;;53406;Èervené Záhoøí;3335402;Kostkova;è.p.;259;;;39137;733701.77;1113519.48;2024-06-10T00:00:00
86321820;552461;Chotoviny;;;;;53449;Polánka;;;è.p.;21;;;39137;731924.94;1113409.01;2024-07-01T00:00:00
86325485;552461;Chotoviny;;;;;53431;Moraveè;;;è.p.;54;;;39137;735373.47;1111869.70;2024-07-02T00:00:00
86338447;552461;Chotoviny;;;;;53406;Èervené Záhoøí;3335402;Kostkova;è.p.;257;;;39137;733744.75;1113516.77;2024-07-09T00:00:00
86379861;552461;Chotoviny;;;;;53422;Liderovice;;;è.p.;24;;;39137;735488.35;1112899.05;2024-07-25T00:00:00
86447033;552461;Chotoviny;;;;;53414;Chotoviny;571652;Hlinická;è.p.;335;;;39137;733716.30;1112972.31;2024-08-06T00:00:00
86478796;552461;Chotoviny;;;;;53431;Moraveè;;;è.p.;49;;;39137;734934.72;1110937.94;2024-08-23T00:00:00
86488139;552461;Chotoviny;;;;;53414;Chotoviny;571709;Lipová;è.p.;223;;;39137;733928.30;1112735.19;2024-08-29T00:00:00
86574370;552461;Chotoviny;;;;;53431;Moraveè;;;è.p.;51;;;39137;735286.91;1112054.31;2024-10-15T00:00:00
86590278;552461;Chotoviny;;;;;145416;Øevnov;;;è.ev.;135;;;39137;736827.73;1112531.30;2024-10-24T00:00:00
86854348;552461;Chotoviny;;;;;53406;Èervené Záhoøí;3335402;Kostkova;è.p.;246;;;39137;733753.14;1113474.33;2025-03-07T00:00:00
87176670;552461;Chotoviny;;;;;53406;Èervené Záhoøí;3335402;Kostkova;è.p.;264;;;39137;733587.88;1113514.24;2025-07-15T00:00:00
87211181;552461;Chotoviny;;;;;53406;Èervené Záhoøí;661911;Polní;è.ev.;136;;;39137;734723.20;1113114.05;2025-08-01T00:00:00
87496283;552461;Chotoviny;;;;;53406;Èervené Záhoøí;571695;Krátká;è.p.;242;;;39137;734228.99;1112896.85;2025-12-08T00:00:00
87535360;552461;Chotoviny;;;;;58289;Jeníèkova Lhota;;;è.p.;64;;;39137;731113.89;1115417.45;2025-12-18T00:00:00
87647982;552461;Chotoviny;;;;;58289;Jeníèkova Lhota;;;è.p.;75;;;39137;731119.59;1115503.45;2026-02-18T00:00:00
