Kód ADM;Kód obce;Název obce;Kód MOMC;Název MOMC;Kód obvodu Prahy;Název obvodu Prahy;Kód èásti obce;Název èásti obce;Kód ulice;Název ulice;Typ SO;Èíslo domovní;Èíslo orientaèní;Znak èísla orientaèního;PSÈ;Souøadnice Y;Souøadnice X;Platí Od
8807647;547999;Humpolec;;;;;40061;Hnìvkovice;;;è.p.;1;;;39601;686841.45;1112900.46;2013-12-01T00:00:00
8807655;547999;Humpolec;;;;;40061;Hnìvkovice;;;è.p.;2;;;39601;686274.46;1112795.66;2013-12-01T00:00:00
8807663;547999;Humpolec;;;;;40061;Hnìvkovice;;;è.p.;3;;;39601;686794.86;1112896.83;2013-12-01T00:00:00
8807671;547999;Humpolec;;;;;40061;Hnìvkovice;;;è.p.;4;;;39601;686767.42;1112898.88;2013-12-01T00:00:00
8807680;547999;Humpolec;;;;;40061;Hnìvkovice;;;è.p.;5;;;39601;686756.52;1112895.16;2013-12-01T00:00:00
8807698;547999;Humpolec;;;;;40061;Hnìvkovice;;;è.p.;6;;;39601;686257.25;1112785.53;2013-12-01T00:00:00
8807701;547999;Humpolec;;;;;40061;Hnìvkovice;;;è.p.;7;;;39601;686731.56;1112904.84;2013-12-01T00:00:00
8807710;547999;Humpolec;;;;;40061;Hnìvkovice;;;è.p.;8;;;39601;686693.56;1112875.02;2013-12-01T00:00:00
8807728;547999;Humpolec;;;;;40061;Hnìvkovice;;;è.p.;9;;;39601;686704.71;1112925.92;2013-12-01T00:00:00
8807736;547999;Humpolec;;;;;40061;Hnìvkovice;;;è.p.;10;;;39601;686668.08;1112927.40;2013-12-01T00:00:00
8807744;547999;Humpolec;;;;;40061;Hnìvkovice;;;è.p.;11;;;39601;686650.02;1112947.80;2013-12-01T00:00:00
8807752;547999;Humpolec;;;;;40061;Hnìvkovice;;;è.p.;12;;;39601;686620.19;1112940.92;2013-12-01T00:00:00
8807761;547999;Humpolec;;;;;40061;Hnìvkovice;;;è.p.;13;;;39601;686608.74;1112933.50;2013-12-01T00:00:00
8807779;547999;Humpolec;;;;;40061;Hnìvkovice;;;è.p.;14;;;39601;686579.63;1112930.03;2013-12-01T00:00:00
8807787;547999;Humpolec;;;;;40061;Hnìvkovice;;;è.p.;15;;;39601;686475.81;1112921.75;2013-12-01T00:00:00
8807795;547999;Humpolec;;;;;40061;Hnìvkovice;;;è.p.;16;;;39601;686497.20;1112891.55;2013-12-01T00:00:00
8807809;547999;Humpolec;;;;;40061;Hnìvkovice;;;è.p.;17;;;39601;686372.10;1112845.91;2013-12-01T00:00:00
8807817;547999;Humpolec;;;;;40061;Hnìvkovice;;;è.p.;18;;;39601;686367.04;1112840.15;2013-12-01T00:00:00
8807825;547999;Humpolec;;;;;40061;Hnìvkovice;;;è.p.;19;;;39601;686357.02;1112835.04;2013-12-01T00:00:00
8807833;547999;Humpolec;;;;;40061;Hnìvkovice;;;è.p.;20;;;39601;686346.58;1112828.91;2013-12-01T00:00:00
8807841;547999;Humpolec;;;;;40061;Hnìvkovice;;;è.p.;21;;;39601;686336.97;1112822.10;2013-12-01T00:00:00
8807850;547999;Humpolec;;;;;40061;Hnìvkovice;;;è.p.;22;;;39601;686350.65;1112876.18;2013-12-01T00:00:00
8807868;547999;Humpolec;;;;;40061;Hnìvkovice;;;è.p.;23;;;39601;686824.88;1112969.88;2013-12-01T00:00:00
8807884;547999;Humpolec;;;;;40061;Hnìvkovice;;;è.p.;26;;;39601;686597.50;1112958.27;2013-12-01T00:00:00
8807892;547999;Humpolec;;;;;40061;Hnìvkovice;;;è.p.;27;;;39601;686899.61;1112938.10;2013-12-01T00:00:00
8807906;547999;Humpolec;;;;;40061;Hnìvkovice;;;è.p.;28;;;39601;686627.02;1113010.83;2013-12-01T00:00:00
8807914;547999;Humpolec;;;;;40061;Hnìvkovice;;;è.p.;29;;;39601;686260.89;1112826.95;2013-12-01T00:00:00
8807922;547999;Humpolec;;;;;40061;Hnìvkovice;;;è.p.;30;;;39601;686602.04;1113033.92;2013-12-01T00:00:00
8807931;547999;Humpolec;;;;;40061;Hnìvkovice;;;è.p.;31;;;39601;686013.18;1112637.94;2013-12-01T00:00:00
8807949;547999;Humpolec;;;;;40061;Hnìvkovice;;;è.p.;32;;;39601;686629.57;1113028.24;2013-12-01T00:00:00
8807965;547999;Humpolec;;;;;40061;Hnìvkovice;;;è.p.;34;;;39601;686653.46;1113041.01;2013-12-01T00:00:00
8807973;547999;Humpolec;;;;;40061;Hnìvkovice;;;è.p.;35;;;39601;686639.86;1113135.74;2013-12-01T00:00:00
8807981;547999;Humpolec;;;;;40061;Hnìvkovice;;;è.p.;36;;;39601;686679.74;1113051.69;2013-12-01T00:00:00
8807990;547999;Humpolec;;;;;40061;Hnìvkovice;;;è.p.;37;;;39601;686693.21;1113052.66;2013-12-01T00:00:00
8808007;547999;Humpolec;;;;;40061;Hnìvkovice;;;è.p.;38;;;39601;686751.11;1113106.36;2013-12-01T00:00:00
8808015;547999;Humpolec;;;;;40061;Hnìvkovice;;;è.p.;39;;;39601;686728.51;1113011.90;2013-12-01T00:00:00
8808023;547999;Humpolec;;;;;40061;Hnìvkovice;;;è.p.;40;;;39601;686743.25;1113006.19;2013-12-01T00:00:00
8808031;547999;Humpolec;;;;;40061;Hnìvkovice;;;è.p.;41;;;39601;686755.05;1112994.56;2013-12-01T00:00:00
8808040;547999;Humpolec;;;;;40061;Hnìvkovice;;;è.p.;42;;;39601;686764.74;1112972.59;2013-12-01T00:00:00
8808058;547999;Humpolec;;;;;40061;Hnìvkovice;;;è.p.;43;;;39601;686794.86;1112958.25;2013-12-01T00:00:00
8808066;547999;Humpolec;;;;;40061;Hnìvkovice;;;è.p.;44;;;39601;686856.95;1112951.17;2013-12-01T00:00:00
8808074;547999;Humpolec;;;;;40061;Hnìvkovice;;;è.p.;45;;;39601;686651.18;1112988.37;2013-12-01T00:00:00
8808091;547999;Humpolec;;;;;40061;Hnìvkovice;;;è.p.;47;;;39601;687885.65;1113297.66;2013-12-01T00:00:00
8808104;547999;Humpolec;;;;;40061;Hnìvkovice;;;è.p.;48;;;39601;686322.99;1112820.26;2013-12-01T00:00:00
8808112;547999;Humpolec;;;;;40061;Hnìvkovice;;;è.p.;49;;;39601;686316.25;1112806.63;2013-12-01T00:00:00
8808121;547999;Humpolec;;;;;40061;Hnìvkovice;;;è.p.;50;;;39601;686659.38;1113010.24;2013-12-01T00:00:00
8808139;547999;Humpolec;;;;;40061;Hnìvkovice;;;è.p.;51;;;39601;686320.30;1112853.21;2020-12-07T00:00:00
8808155;547999;Humpolec;;;;;40061;Hnìvkovice;;;è.p.;53;;;39601;686712.24;1113025.47;2013-12-01T00:00:00
8808163;547999;Humpolec;;;;;40061;Hnìvkovice;;;è.p.;54;;;39601;686295.25;1112847.38;2013-12-01T00:00:00
8808171;547999;Humpolec;;;;;40061;Hnìvkovice;;;è.p.;55;;;39601;685947.20;1112647.86;2013-12-01T00:00:00
8808180;547999;Humpolec;;;;;40061;Hnìvkovice;;;è.p.;56;;;39601;686071.48;1112780.49;2013-12-01T00:00:00
8808198;547999;Humpolec;;;;;40061;Hnìvkovice;;;è.p.;57;;;39601;687853.65;1113067.93;2013-12-01T00:00:00
8808201;547999;Humpolec;;;;;40061;Hnìvkovice;;;è.p.;58;;;39601;686717.05;1112973.84;2013-12-01T00:00:00
8808210;547999;Humpolec;;;;;40061;Hnìvkovice;;;è.p.;59;;;39601;686650.96;1113155.84;2013-12-01T00:00:00
8808228;547999;Humpolec;;;;;40061;Hnìvkovice;;;è.p.;60;;;39601;686706.74;1112862.55;2013-12-01T00:00:00
8808236;547999;Humpolec;;;;;40061;Hnìvkovice;;;è.p.;61;;;39601;686739.68;1113036.78;2013-12-01T00:00:00
8808244;547999;Humpolec;;;;;40061;Hnìvkovice;;;è.p.;62;;;39601;686514.58;1112985.17;2016-12-08T00:00:00
8808252;547999;Humpolec;;;;;40061;Hnìvkovice;;;è.p.;63;;;39601;686878.23;1112922.78;2013-12-01T00:00:00
8808261;547999;Humpolec;;;;;40061;Hnìvkovice;;;è.p.;64;;;39601;686242.73;1112815.37;2013-12-01T00:00:00
8808279;547999;Humpolec;;;;;40061;Hnìvkovice;;;è.p.;65;;;39601;686156.96;1112689.80;2013-12-01T00:00:00
8808287;547999;Humpolec;;;;;40061;Hnìvkovice;;;è.p.;66;;;39601;685975.67;1112719.05;2013-12-01T00:00:00
8808295;547999;Humpolec;;;;;40061;Hnìvkovice;;;è.p.;67;;;39601;686689.50;1112864.61;2013-12-01T00:00:00
8808309;547999;Humpolec;;;;;40061;Hnìvkovice;;;è.p.;68;;;39601;686631.27;1112855.87;2013-12-01T00:00:00
8808317;547999;Humpolec;;;;;40061;Hnìvkovice;;;è.p.;69;;;39601;686020.83;1112610.24;2013-12-01T00:00:00
8808325;547999;Humpolec;;;;;40061;Hnìvkovice;;;è.p.;70;;;39601;685893.54;1112684.34;2022-10-23T00:00:00
8808333;547999;Humpolec;;;;;40061;Hnìvkovice;;;è.p.;71;;;39601;686080.58;1112725.02;2013-12-01T00:00:00
8808341;547999;Humpolec;;;;;40061;Hnìvkovice;;;è.p.;72;;;39601;686496.96;1112984.22;2013-12-01T00:00:00
8808350;547999;Humpolec;;;;;40061;Hnìvkovice;;;è.p.;73;;;39601;686489.41;1112988.88;2013-12-01T00:00:00
8808368;547999;Humpolec;;;;;40061;Hnìvkovice;;;è.p.;74;;;39601;686366.99;1112896.73;2013-12-01T00:00:00
8808376;547999;Humpolec;;;;;40061;Hnìvkovice;;;è.p.;75;;;39601;686069.08;1112643.67;2013-12-01T00:00:00
8808392;547999;Humpolec;;;;;40061;Hnìvkovice;;;è.p.;77;;;39601;686621.84;1112839.92;2013-12-01T00:00:00
8808431;547999;Humpolec;;;;;40061;Hnìvkovice;;;è.p.;81;;;39601;685921.63;1112659.09;2013-12-01T00:00:00
8808449;547999;Humpolec;;;;;40061;Hnìvkovice;;;è.p.;82;;;39601;686213.04;1112800.65;2013-12-01T00:00:00
8808457;547999;Humpolec;;;;;40061;Hnìvkovice;;;è.p.;83;;;39601;686182.56;1112790.47;2013-12-01T00:00:00
8808465;547999;Humpolec;;;;;40061;Hnìvkovice;;;è.p.;84;;;39601;686192.70;1112747.06;2013-12-01T00:00:00
8808473;547999;Humpolec;;;;;40061;Hnìvkovice;;;è.p.;85;;;39601;686162.20;1112750.70;2013-12-01T00:00:00
8808481;547999;Humpolec;;;;;40061;Hnìvkovice;;;è.p.;86;;;39601;686142.94;1112741.46;2013-12-01T00:00:00
8808490;547999;Humpolec;;;;;40061;Hnìvkovice;;;è.p.;87;;;39601;686325.10;1112881.55;2013-12-01T00:00:00
8808503;547999;Humpolec;;;;;40061;Hnìvkovice;;;è.p.;88;;;39601;686209.22;1112749.76;2013-12-01T00:00:00
8808511;547999;Humpolec;;;;;40061;Hnìvkovice;;;è.p.;89;;;39601;686219.58;1112731.39;2013-12-01T00:00:00
8808538;547999;Humpolec;;;;;40061;Hnìvkovice;;;è.p.;91;;;39601;686169.56;1112779.97;2013-12-01T00:00:00
8808546;547999;Humpolec;;;;;40061;Hnìvkovice;;;è.p.;92;;;39601;686146.30;1112772.67;2013-12-01T00:00:00
8808554;547999;Humpolec;;;;;40061;Hnìvkovice;;;è.p.;93;;;39601;686165.27;1112709.34;2013-12-01T00:00:00
8808562;547999;Humpolec;;;;;40061;Hnìvkovice;;;è.p.;94;;;39601;686193.33;1112706.76;2013-12-01T00:00:00
8808571;547999;Humpolec;;;;;40061;Hnìvkovice;;;è.p.;95;;;39601;686229.06;1112707.30;2013-12-01T00:00:00
8808589;547999;Humpolec;;;;;40061;Hnìvkovice;;;è.p.;96;;;39601;686120.41;1112674.46;2013-12-01T00:00:00
8808597;547999;Humpolec;;;;;40061;Hnìvkovice;;;è.p.;97;;;39601;686208.54;1112685.35;2024-03-13T00:00:00
8808601;547999;Humpolec;;;;;40061;Hnìvkovice;;;è.p.;98;;;39601;686183.28;1112682.13;2013-12-01T00:00:00
8808619;547999;Humpolec;;;;;40061;Hnìvkovice;;;è.p.;99;;;39601;686240.78;1112770.73;2013-12-01T00:00:00
8808627;547999;Humpolec;;;;;40061;Hnìvkovice;;;è.p.;100;;;39601;686096.97;1112740.68;2013-12-01T00:00:00
8808635;547999;Humpolec;;;;;40061;Hnìvkovice;;;è.p.;101;;;39601;686112.95;1112699.79;2013-12-01T00:00:00
8808643;547999;Humpolec;;;;;40061;Hnìvkovice;;;è.p.;102;;;39601;686037.50;1112647.63;2013-12-01T00:00:00
8808651;547999;Humpolec;;;;;40061;Hnìvkovice;;;è.p.;103;;;39601;686034.62;1112674.30;2013-12-01T00:00:00
8808660;547999;Humpolec;;;;;40061;Hnìvkovice;;;è.p.;104;;;39601;686060.37;1112695.74;2013-12-01T00:00:00
8808678;547999;Humpolec;;;;;40061;Hnìvkovice;;;è.p.;105;;;39601;686006.89;1112669.91;2013-12-01T00:00:00
8808686;547999;Humpolec;;;;;40061;Hnìvkovice;;;è.p.;106;;;39601;686128.86;1112658.43;2013-12-01T00:00:00
8808694;547999;Humpolec;;;;;40061;Hnìvkovice;;;è.p.;107;;;39601;686427.41;1112892.50;2013-12-01T00:00:00
8808708;547999;Humpolec;;;;;40061;Hnìvkovice;;;è.p.;108;;;39601;686055.62;1112736.98;2013-12-01T00:00:00
8808716;547999;Humpolec;;;;;40061;Hnìvkovice;;;è.p.;109;;;39601;685939.70;1112708.52;2013-12-01T00:00:00
8808724;547999;Humpolec;;;;;40061;Hnìvkovice;;;è.p.;110;;;39601;686657.99;1112809.06;2013-12-01T00:00:00
8808732;547999;Humpolec;;;;;40061;Hnìvkovice;;;è.p.;111;;;39601;685918.15;1112701.67;2013-12-01T00:00:00
8808741;547999;Humpolec;;;;;40061;Hnìvkovice;;;è.p.;112;;;39601;686045.59;1112607.13;2013-12-01T00:00:00
8808759;547999;Humpolec;;;;;40061;Hnìvkovice;;;è.p.;113;;;39601;686640.72;1112947.78;2013-12-01T00:00:00
8808767;547999;Humpolec;;;;;40061;Hnìvkovice;;;è.p.;114;;;39601;686151.90;1112664.06;2013-12-01T00:00:00
8808775;547999;Humpolec;;;;;40061;Hnìvkovice;;;è.p.;115;;;39601;686129.84;1112625.09;2013-12-01T00:00:00
8808783;547999;Humpolec;;;;;40061;Hnìvkovice;;;è.p.;116;;;39601;686070.48;1112620.48;2013-12-01T00:00:00
8808791;547999;Humpolec;;;;;40061;Hnìvkovice;;;è.p.;117;;;39601;685866.20;1112700.00;2013-12-01T00:00:00
8808805;547999;Humpolec;;;;;40061;Hnìvkovice;;;è.p.;118;;;39601;686149.91;1112643.98;2013-12-01T00:00:00
8808813;547999;Humpolec;;;;;40061;Hnìvkovice;;;è.p.;119;;;39601;685984.61;1112626.98;2013-12-01T00:00:00
8808821;547999;Humpolec;;;;;40061;Hnìvkovice;;;è.p.;120;;;39601;685969.00;1112763.87;2013-12-01T00:00:00
8808830;547999;Humpolec;;;;;40061;Hnìvkovice;;;è.p.;121;;;39601;686147.78;1112630.47;2013-12-01T00:00:00
8808848;547999;Humpolec;;;;;40061;Hnìvkovice;;;è.p.;122;;;39601;686510.80;1112846.44;2013-12-01T00:00:00
8808864;547999;Humpolec;;;;;40061;Hnìvkovice;;;è.p.;124;;;39601;686554.47;1112829.47;2013-12-01T00:00:00
8808872;547999;Humpolec;;;;;40061;Hnìvkovice;;;è.p.;125;;;39601;685892.84;1112751.46;2013-12-01T00:00:00
8808881;547999;Humpolec;;;;;40061;Hnìvkovice;;;è.p.;126;;;39601;684777.16;1112988.52;2013-12-01T00:00:00
8808899;547999;Humpolec;;;;;40061;Hnìvkovice;;;è.p.;127;;;39601;686832.28;1112973.12;2013-12-01T00:00:00
8808902;547999;Humpolec;;;;;40061;Hnìvkovice;;;è.p.;128;;;39601;686092.54;1112772.98;2013-12-01T00:00:00
8808911;547999;Humpolec;;;;;40061;Hnìvkovice;;;è.p.;129;;;39601;686528.69;1112839.72;2013-12-01T00:00:00
8808929;547999;Humpolec;;;;;40061;Hnìvkovice;;;è.p.;130;;;39601;685935.20;1112762.33;2013-12-01T00:00:00
8808937;547999;Humpolec;;;;;40061;Hnìvkovice;;;è.p.;131;;;39601;686045.45;1112765.89;2013-12-01T00:00:00
8808945;547999;Humpolec;;;;;40061;Hnìvkovice;;;è.p.;132;;;39601;686421.68;1112826.19;2013-12-01T00:00:00
8808953;547999;Humpolec;;;;;40061;Hnìvkovice;;;è.p.;133;;;39601;686323.92;1112763.07;2013-12-01T00:00:00
8808961;547999;Humpolec;;;;;40061;Hnìvkovice;;;è.p.;134;;;39601;686453.11;1112855.69;2013-12-01T00:00:00
8808970;547999;Humpolec;;;;;40061;Hnìvkovice;;;è.p.;135;;;39601;686637.02;1113156.93;2013-12-01T00:00:00
8808988;547999;Humpolec;;;;;40061;Hnìvkovice;;;è.p.;136;;;39601;686588.31;1112864.84;2013-12-01T00:00:00
8808996;547999;Humpolec;;;;;40061;Hnìvkovice;;;è.p.;137;;;39601;686181.66;1112804.88;2013-12-01T00:00:00
8809003;547999;Humpolec;;;;;40061;Hnìvkovice;;;è.p.;138;;;39601;686118.75;1112626.57;2013-12-01T00:00:00
8809011;547999;Humpolec;;;;;40061;Hnìvkovice;;;è.p.;139;;;39601;686586.22;1112823.89;2013-12-01T00:00:00
8809020;547999;Humpolec;;;;;40061;Hnìvkovice;;;è.p.;140;;;39601;686485.26;1112863.62;2013-12-01T00:00:00
8809038;547999;Humpolec;;;;;40061;Hnìvkovice;;;è.p.;141;;;39601;686611.48;1112819.24;2013-12-01T00:00:00
8809046;547999;Humpolec;;;;;40061;Hnìvkovice;;;è.p.;142;;;39601;686763.01;1113041.68;2016-08-30T00:00:00
8809054;547999;Humpolec;;;;;40061;Hnìvkovice;;;è.p.;143;;;39601;686373.11;1112785.26;2013-12-01T00:00:00
8809062;547999;Humpolec;;;;;40061;Hnìvkovice;;;è.p.;144;;;39601;686635.34;1112916.52;2013-12-01T00:00:00
8809071;547999;Humpolec;;;;;40061;Hnìvkovice;;;è.p.;145;;;39601;686824.00;1112958.36;2013-12-01T00:00:00
8809097;547999;Humpolec;;;;;40061;Hnìvkovice;;;è.p.;147;;;39601;686397.47;1112806.79;2013-12-01T00:00:00
8809101;547999;Humpolec;;;;;40061;Hnìvkovice;;;è.p.;148;;;39601;685807.30;1112285.76;2013-12-01T00:00:00
8809135;547999;Humpolec;;;;;40061;Hnìvkovice;;;è.p.;152;;;39601;686594.55;1112891.93;2013-12-01T00:00:00
8809143;547999;Humpolec;;;;;40061;Hnìvkovice;;;è.p.;153;;;39601;686566.62;1112909.25;2013-12-01T00:00:00
8809160;547999;Humpolec;;;;;40061;Hnìvkovice;;;è.ev.;1;;;39601;686386.24;1112886.55;2013-12-01T00:00:00
8812624;547999;Humpolec;;;;;49409;Rozkoš;;;è.p.;1;;;39601;681905.72;1112438.33;2013-12-01T00:00:00
8812632;547999;Humpolec;;;;;49409;Rozkoš;;;è.p.;2;;;39601;682294.33;1112263.56;2013-12-01T00:00:00
8812641;547999;Humpolec;;;;;49409;Rozkoš;;;è.p.;3;;;39601;682270.76;1112266.58;2013-12-01T00:00:00
8812659;547999;Humpolec;;;;;49409;Rozkoš;;;è.p.;4;;;39601;682249.42;1112262.72;2013-12-01T00:00:00
8812667;547999;Humpolec;;;;;49409;Rozkoš;;;è.p.;5;;;39601;682226.79;1112265.07;2013-12-01T00:00:00
8812675;547999;Humpolec;;;;;49409;Rozkoš;;;è.p.;6;;;39601;682207.80;1112266.69;2013-12-01T00:00:00
8812683;547999;Humpolec;;;;;49409;Rozkoš;;;è.p.;7;;;39601;682198.83;1112267.42;2013-12-01T00:00:00
8812691;547999;Humpolec;;;;;49409;Rozkoš;;;è.p.;8;;;39601;682168.13;1112265.79;2013-12-01T00:00:00
8812705;547999;Humpolec;;;;;49409;Rozkoš;;;è.p.;9;;;39601;682150.01;1112265.31;2013-12-01T00:00:00
8812713;547999;Humpolec;;;;;49409;Rozkoš;;;è.p.;10;;;39601;682133.08;1112264.65;2013-12-01T00:00:00
8812721;547999;Humpolec;;;;;49409;Rozkoš;;;è.p.;11;;;39601;682120.88;1112263.86;2013-12-01T00:00:00
8812730;547999;Humpolec;;;;;49409;Rozkoš;;;è.p.;12;;;39601;682107.51;1112264.60;2022-10-23T00:00:00
8812748;547999;Humpolec;;;;;49409;Rozkoš;;;è.p.;13;;;39601;682083.86;1112261.29;2013-12-01T00:00:00
8812756;547999;Humpolec;;;;;49409;Rozkoš;;;è.p.;14;;;39601;682066.88;1112261.00;2013-12-01T00:00:00
8812764;547999;Humpolec;;;;;49409;Rozkoš;;;è.p.;15;;;39601;682049.00;1112254.95;2013-12-01T00:00:00
8812781;547999;Humpolec;;;;;49409;Rozkoš;;;è.p.;17;;;39601;682014.16;1112265.53;2013-12-01T00:00:00
8812829;547999;Humpolec;;;;;49409;Rozkoš;;;è.p.;21;;;39601;681934.56;1112167.20;2013-12-01T00:00:00
8812837;547999;Humpolec;;;;;49409;Rozkoš;;;è.p.;22;;;39601;681927.72;1112154.48;2013-12-01T00:00:00
8812845;547999;Humpolec;;;;;49409;Rozkoš;;;è.p.;23;;;39601;681946.76;1112266.96;2013-12-01T00:00:00
8812853;547999;Humpolec;;;;;49409;Rozkoš;;;è.p.;24;;;39601;681760.28;1112194.57;2013-12-01T00:00:00
8812861;547999;Humpolec;;;;;49409;Rozkoš;;;è.p.;25;;;39601;681742.02;1112189.09;2013-12-01T00:00:00
8812870;547999;Humpolec;;;;;49409;Rozkoš;;;è.p.;26;;;39601;681705.07;1112144.05;2013-12-01T00:00:00
8812888;547999;Humpolec;;;;;49409;Rozkoš;;;è.p.;27;;;39601;681705.29;1112119.67;2013-12-01T00:00:00
8812896;547999;Humpolec;;;;;49409;Rozkoš;;;è.p.;28;;;39601;681785.00;1112207.25;2013-12-01T00:00:00
8812900;547999;Humpolec;;;;;49409;Rozkoš;;;è.p.;29;;;39601;681828.84;1112233.29;2013-12-01T00:00:00
8812918;547999;Humpolec;;;;;49409;Rozkoš;;;è.p.;30;;;39601;681952.90;1112481.13;2013-12-01T00:00:00
8812934;547999;Humpolec;;;;;49409;Rozkoš;;;è.p.;32;;;39601;681890.76;1112195.54;2013-12-01T00:00:00
8812942;547999;Humpolec;;;;;49409;Rozkoš;;;è.p.;33;;;39601;681711.93;1112174.57;2013-12-01T00:00:00
8812969;547999;Humpolec;;;;;49409;Rozkoš;;;è.p.;35;;;39601;682524.65;1112272.54;2019-06-12T00:00:00
8812977;547999;Humpolec;;;;;49409;Rozkoš;;;è.p.;36;;;39601;682508.33;1112268.88;2013-12-01T00:00:00
8812985;547999;Humpolec;;;;;49409;Rozkoš;;;è.p.;37;;;39601;682488.66;1112263.00;2013-12-01T00:00:00
8812993;547999;Humpolec;;;;;49409;Rozkoš;;;è.p.;38;;;39601;682468.00;1112260.62;2013-12-01T00:00:00
8813001;547999;Humpolec;;;;;49409;Rozkoš;;;è.p.;39;;;39601;681842.84;1112239.52;2013-12-01T00:00:00
8813027;547999;Humpolec;;;;;49409;Rozkoš;;;è.p.;41;;;39601;682455.58;1112259.91;2013-12-01T00:00:00
8813035;547999;Humpolec;;;;;49409;Rozkoš;;;è.p.;42;;;39601;681671.02;1112141.46;2013-12-01T00:00:00
8813043;547999;Humpolec;;;;;49409;Rozkoš;;;è.p.;43;;;39601;682398.06;1112249.42;2013-12-01T00:00:00
8813051;547999;Humpolec;;;;;49409;Rozkoš;;;è.p.;44;;;39601;681964.53;1112524.89;2013-12-01T00:00:00
8813060;547999;Humpolec;;;;;49409;Rozkoš;;;è.p.;45;;;39601;682415.07;1112251.31;2019-06-06T00:00:00
8813078;547999;Humpolec;;;;;49409;Rozkoš;;;è.p.;46;;;39601;681712.42;1112096.84;2013-12-01T00:00:00
8813086;547999;Humpolec;;;;;49409;Rozkoš;;;è.p.;47;;;39601;681714.33;1112088.84;2013-12-01T00:00:00
8813094;547999;Humpolec;;;;;49409;Rozkoš;;;è.p.;48;;;39601;681958.76;1112508.20;2013-12-01T00:00:00
8813116;547999;Humpolec;;;;;49409;Rozkoš;;;è.p.;50;;;39601;681898.26;1112205.51;2013-12-01T00:00:00
8813124;547999;Humpolec;;;;;49409;Rozkoš;;;è.p.;51;;;39601;681887.84;1112160.32;2013-12-01T00:00:00
8813132;547999;Humpolec;;;;;49409;Rozkoš;;;è.p.;52;;;39601;681854.50;1112244.40;2013-12-01T00:00:00
8813159;547999;Humpolec;;;;;49409;Rozkoš;;;è.p.;54;;;39601;682030.72;1112630.85;2013-12-01T00:00:00
8813167;547999;Humpolec;;;;;49409;Rozkoš;;;è.p.;55;;;39601;682035.50;1112638.86;2013-12-01T00:00:00
8813175;547999;Humpolec;;;;;49409;Rozkoš;;;è.p.;56;;;39601;681912.24;1112247.51;2013-12-01T00:00:00
8813183;547999;Humpolec;;;;;49409;Rozkoš;;;è.p.;57;;;39601;682387.89;1112247.10;2013-12-01T00:00:00
8813191;547999;Humpolec;;;;;49409;Rozkoš;;;è.p.;58;;;39601;681871.25;1112246.04;2013-12-01T00:00:00
8813205;547999;Humpolec;;;;;49409;Rozkoš;;;è.p.;59;;;39601;682587.49;1112283.63;2013-12-01T00:00:00
8813213;547999;Humpolec;;;;;49409;Rozkoš;;;è.p.;60;;;39601;682009.05;1112597.79;2013-12-01T00:00:00
8813221;547999;Humpolec;;;;;49409;Rozkoš;;;è.p.;61;;;39601;681555.47;1112097.07;2013-12-01T00:00:00
8813230;547999;Humpolec;;;;;49409;Rozkoš;;;è.p.;62;;;39601;681572.91;1112102.48;2013-12-01T00:00:00
8813248;547999;Humpolec;;;;;49409;Rozkoš;;;è.p.;63;;;39601;681977.57;1112539.06;2013-12-01T00:00:00
8813256;547999;Humpolec;;;;;49409;Rozkoš;;;è.p.;64;;;39601;681946.22;1112458.00;2013-12-01T00:00:00
8813264;547999;Humpolec;;;;;49409;Rozkoš;;;è.p.;65;;;39601;681944.12;1112442.36;2013-12-01T00:00:00
8813272;547999;Humpolec;;;;;49409;Rozkoš;;;è.p.;66;;;39601;681942.80;1112428.06;2013-12-01T00:00:00
8813281;547999;Humpolec;;;;;49409;Rozkoš;;;è.p.;67;;;39601;682490.90;1112406.06;2013-12-01T00:00:00
8813299;547999;Humpolec;;;;;49409;Rozkoš;;;è.p.;68;;;39601;682456.48;1112394.75;2013-12-01T00:00:00
8813302;547999;Humpolec;;;;;49409;Rozkoš;;;è.p.;69;;;39601;681940.53;1112408.04;2013-12-01T00:00:00
8813311;547999;Humpolec;;;;;49409;Rozkoš;;;è.p.;70;;;39601;681895.62;1112381.16;2013-12-01T00:00:00
8813329;547999;Humpolec;;;;;49409;Rozkoš;;;è.p.;71;;;39601;681891.77;1112342.48;2013-12-01T00:00:00
8813337;547999;Humpolec;;;;;49409;Rozkoš;;;è.p.;72;;;39601;681998.90;1112557.88;2013-12-01T00:00:00
8813345;547999;Humpolec;;;;;49409;Rozkoš;;;è.p.;73;;;39601;681506.31;1112070.52;2013-12-01T00:00:00
8813353;547999;Humpolec;;;;;49409;Rozkoš;;;è.p.;74;;;39601;681654.00;1112192.87;2013-12-01T00:00:00
8813361;547999;Humpolec;;;;;49409;Rozkoš;;;è.p.;75;;;39601;681490.27;1112055.62;2013-12-01T00:00:00
8813370;547999;Humpolec;;;;;49409;Rozkoš;;;è.p.;76;;;39601;681495.25;1111960.21;2013-12-01T00:00:00
8813388;547999;Humpolec;;;;;49409;Rozkoš;;;è.p.;77;;;39601;681492.42;1112236.93;2013-12-01T00:00:00
8813396;547999;Humpolec;;;;;49409;Rozkoš;;;è.p.;78;;;39601;681550.16;1112233.43;2013-12-01T00:00:00
8813400;547999;Humpolec;;;;;49409;Rozkoš;;;è.p.;79;;;39601;681452.41;1112249.97;2013-12-01T00:00:00
8813418;547999;Humpolec;;;;;49409;Rozkoš;;;è.p.;80;;;39601;681514.88;1112230.70;2013-12-01T00:00:00
8813434;547999;Humpolec;;;;;49409;Rozkoš;;;è.p.;82;;;39601;681438.80;1112259.02;2013-12-01T00:00:00
8813442;547999;Humpolec;;;;;49409;Rozkoš;;;è.p.;83;;;39601;681483.87;1112132.59;2013-12-01T00:00:00
8813451;547999;Humpolec;;;;;49409;Rozkoš;;;è.p.;84;;;39601;681517.96;1112146.85;2013-12-01T00:00:00
8813469;547999;Humpolec;;;;;49409;Rozkoš;;;è.p.;85;;;39601;681705.78;1112171.55;2013-12-01T00:00:00
8813477;547999;Humpolec;;;;;49409;Rozkoš;;;è.p.;86;;;39601;681497.77;1112157.47;2013-12-01T00:00:00
8813485;547999;Humpolec;;;;;49409;Rozkoš;;;è.p.;87;;;39601;682556.44;1112386.12;2013-12-01T00:00:00
8813493;547999;Humpolec;;;;;49409;Rozkoš;;;è.p.;88;;;39601;682503.70;1112306.52;2013-12-01T00:00:00
8813507;547999;Humpolec;;;;;49409;Rozkoš;;;è.p.;89;;;39601;682564.07;1112312.41;2013-12-01T00:00:00
8813515;547999;Humpolec;;;;;49409;Rozkoš;;;è.p.;90;;;39601;681821.07;1112188.39;2013-12-01T00:00:00
8813523;547999;Humpolec;;;;;49409;Rozkoš;;;è.p.;91;;;39601;682328.33;1112240.96;2013-12-01T00:00:00
8813531;547999;Humpolec;;;;;49409;Rozkoš;;;è.p.;92;;;39601;682562.83;1112346.83;2013-12-01T00:00:00
8813540;547999;Humpolec;;;;;49409;Rozkoš;;;è.p.;93;;;39601;682543.46;1112345.39;2013-12-01T00:00:00
8813558;547999;Humpolec;;;;;49409;Rozkoš;;;è.p.;94;;;39601;682524.11;1112340.80;2013-12-01T00:00:00
8813566;547999;Humpolec;;;;;49409;Rozkoš;;;è.p.;95;;;39601;682503.34;1112338.56;2013-12-01T00:00:00
8813574;547999;Humpolec;;;;;49409;Rozkoš;;;è.p.;96;;;39601;682484.21;1112335.09;2013-12-01T00:00:00
8813582;547999;Humpolec;;;;;49409;Rozkoš;;;è.p.;97;;;39601;682465.19;1112335.51;2013-12-01T00:00:00
8813591;547999;Humpolec;;;;;49409;Rozkoš;;;è.p.;98;;;39601;682445.06;1112325.52;2013-12-01T00:00:00
8813604;547999;Humpolec;;;;;49409;Rozkoš;;;è.p.;99;;;39601;682425.07;1112325.17;2013-12-01T00:00:00
8813621;547999;Humpolec;;;;;49409;Rozkoš;;;è.p.;101;;;39601;682386.34;1112317.12;2013-12-01T00:00:00
8813639;547999;Humpolec;;;;;49409;Rozkoš;;;è.p.;102;;;39601;682366.26;1112313.54;2013-12-01T00:00:00
8813647;547999;Humpolec;;;;;49409;Rozkoš;;;è.p.;103;;;39601;682346.62;1112311.25;2013-12-01T00:00:00
8813655;547999;Humpolec;;;;;49409;Rozkoš;;;è.p.;104;;;39601;682326.75;1112306.25;2013-12-01T00:00:00
8813663;547999;Humpolec;;;;;49409;Rozkoš;;;è.p.;105;;;39601;681528.52;1112092.11;2013-12-01T00:00:00
8813671;547999;Humpolec;;;;;49409;Rozkoš;;;è.p.;106;;;39601;682570.28;1112258.43;2013-12-01T00:00:00
8813680;547999;Humpolec;;;;;49409;Rozkoš;;;è.p.;108;;;39601;681622.23;1112209.97;2013-12-01T00:00:00
8813698;547999;Humpolec;;;;;49409;Rozkoš;;;è.p.;109;;;39601;681587.04;1112220.82;2013-12-01T00:00:00
8813701;547999;Humpolec;;;;;49409;Rozkoš;;;è.p.;110;;;39601;682544.35;1112312.36;2013-12-01T00:00:00
8813710;547999;Humpolec;;;;;49409;Rozkoš;;;è.p.;111;;;39601;682590.23;1112352.02;2013-12-01T00:00:00
8813728;547999;Humpolec;;;;;49409;Rozkoš;;;è.p.;112;;;39601;682612.85;1112356.68;2013-12-01T00:00:00
8813736;547999;Humpolec;;;;;49409;Rozkoš;;;è.p.;114;;;39601;682633.25;1112326.67;2013-12-01T00:00:00
8813744;547999;Humpolec;;;;;49409;Rozkoš;;;è.p.;115;;;39601;682612.53;1112323.08;2013-12-01T00:00:00
8813752;547999;Humpolec;;;;;49409;Rozkoš;;;è.p.;116;;;39601;682056.63;1112182.52;2013-12-01T00:00:00
8813761;547999;Humpolec;;;;;49409;Rozkoš;;;è.p.;117;;;39601;682016.65;1112317.83;2013-12-01T00:00:00
8813779;547999;Humpolec;;;;;49409;Rozkoš;;;è.p.;118;;;39601;681992.28;1112344.08;2013-12-01T00:00:00
8813787;547999;Humpolec;;;;;49409;Rozkoš;;;è.p.;119;;;39601;681956.08;1112312.05;2013-12-01T00:00:00
8813795;547999;Humpolec;;;;;49409;Rozkoš;;;è.p.;121;;;39601;681873.89;1112309.67;2013-12-01T00:00:00
8813809;547999;Humpolec;;;;;49409;Rozkoš;;;è.p.;125;;;39601;681793.74;1112134.82;2013-12-01T00:00:00
8813817;547999;Humpolec;;;;;49409;Rozkoš;;;è.p.;126;;;39601;682038.02;1112181.31;2013-12-01T00:00:00
8813825;547999;Humpolec;;;;;49409;Rozkoš;;;è.p.;145;;;39601;681561.53;1112177.46;2013-12-01T00:00:00
8813833;547999;Humpolec;;;;;49409;Rozkoš;;;è.ev.;2;;;39601;681861.04;1112181.11;2013-12-01T00:00:00
8813841;547999;Humpolec;;;;;49417;Vilémov;;;è.p.;1;;;39601;682276.25;1112789.84;2013-12-01T00:00:00
8813850;547999;Humpolec;;;;;49417;Vilémov;;;è.p.;2;;;39601;682264.33;1112799.30;2013-12-01T00:00:00
8813876;547999;Humpolec;;;;;49417;Vilémov;;;è.p.;4;;;39601;682242.49;1112816.57;2013-12-01T00:00:00
8813884;547999;Humpolec;;;;;49417;Vilémov;;;è.p.;5;;;39601;682234.91;1112824.09;2013-12-01T00:00:00
8813892;547999;Humpolec;;;;;49417;Vilémov;;;è.p.;6;;;39601;682219.72;1112834.66;2013-12-01T00:00:00
8813906;547999;Humpolec;;;;;49417;Vilémov;;;è.p.;7;;;39601;682206.51;1112839.02;2013-12-01T00:00:00
8813922;547999;Humpolec;;;;;49417;Vilémov;;;è.p.;9;;;39601;682176.68;1112867.89;2013-12-01T00:00:00
8813931;547999;Humpolec;;;;;49417;Vilémov;;;è.p.;10;;;39601;682163.49;1112877.44;2013-12-01T00:00:00
8813949;547999;Humpolec;;;;;49417;Vilémov;;;è.p.;11;;;39601;682150.12;1112887.36;2013-12-01T00:00:00
8813957;547999;Humpolec;;;;;49417;Vilémov;;;è.p.;12;;;39601;682138.18;1112901.05;2013-12-01T00:00:00
8813965;547999;Humpolec;;;;;49417;Vilémov;;;è.p.;13;;;39601;682127.39;1112891.50;2013-12-01T00:00:00
8813973;547999;Humpolec;;;;;49417;Vilémov;;;è.p.;14;;;39601;682120.71;1112874.60;2013-12-01T00:00:00
8813981;547999;Humpolec;;;;;49417;Vilémov;;;è.p.;15;;;39601;682113.80;1112860.62;2013-12-01T00:00:00
8813990;547999;Humpolec;;;;;49417;Vilémov;;;è.p.;16;;;39601;682170.26;1112914.76;2013-12-01T00:00:00
8814015;547999;Humpolec;;;;;49417;Vilémov;;;è.p.;18;;;39601;682277.57;1112819.90;2013-12-01T00:00:00
8814023;547999;Humpolec;;;;;49417;Vilémov;;;è.p.;19;;;39601;682266.70;1112827.86;2013-12-01T00:00:00
8814031;547999;Humpolec;;;;;49417;Vilémov;;;è.p.;20;;;39601;682255.93;1112835.19;2013-12-01T00:00:00
8814040;547999;Humpolec;;;;;49417;Vilémov;;;è.p.;21;;;39601;682244.62;1112844.87;2013-12-01T00:00:00
8814058;547999;Humpolec;;;;;49417;Vilémov;;;è.p.;22;;;39601;682234.90;1112854.99;2013-12-01T00:00:00
8814066;547999;Humpolec;;;;;49417;Vilémov;;;è.p.;23;;;39601;682224.21;1112864.70;2013-12-01T00:00:00
8814074;547999;Humpolec;;;;;49417;Vilémov;;;è.p.;24;;;39601;682207.41;1112884.24;2013-12-01T00:00:00
8814082;547999;Humpolec;;;;;49417;Vilémov;;;è.p.;25;;;39601;682190.73;1112887.89;2013-12-01T00:00:00
8814091;547999;Humpolec;;;;;49417;Vilémov;;;è.p.;26;;;39601;682190.95;1112906.57;2015-05-25T00:00:00
8814104;547999;Humpolec;;;;;49417;Vilémov;;;è.p.;27;;;39601;682163.20;1112906.65;2013-12-01T00:00:00
8814112;547999;Humpolec;;;;;49417;Vilémov;;;è.p.;28;;;39601;682150.72;1112915.68;2013-12-01T00:00:00
8814121;547999;Humpolec;;;;;49417;Vilémov;;;è.p.;29;;;39601;682140.78;1112926.58;2013-12-01T00:00:00
8814139;547999;Humpolec;;;;;49417;Vilémov;;;è.p.;30;;;39601;682121.00;1112947.30;2013-12-01T00:00:00
8814147;547999;Humpolec;;;;;49417;Vilémov;;;è.p.;31;;;39601;682116.90;1112915.46;2013-12-01T00:00:00
8814155;547999;Humpolec;;;;;49417;Vilémov;;;è.p.;32;;;39601;682108.51;1112900.85;2013-12-01T00:00:00
8814163;547999;Humpolec;;;;;49417;Vilémov;;;è.p.;33;;;39601;682098.07;1112884.56;2013-12-01T00:00:00
8814171;547999;Humpolec;;;;;49417;Vilémov;;;è.p.;34;;;39601;682093.72;1112867.25;2013-12-01T00:00:00
8814180;547999;Humpolec;;;;;49417;Vilémov;;;è.p.;35;;;39601;682319.19;1112753.73;2013-12-01T00:00:00
8814198;547999;Humpolec;;;;;49417;Vilémov;;;è.p.;36;;;39601;682107.00;1112844.75;2013-12-01T00:00:00
8814201;547999;Humpolec;;;;;49417;Vilémov;;;è.p.;37;;;39601;682099.95;1112832.84;2013-12-01T00:00:00
8814210;547999;Humpolec;;;;;49417;Vilémov;;;è.p.;38;;;39601;682090.81;1112818.06;2013-12-01T00:00:00
8814228;547999;Humpolec;;;;;49417;Vilémov;;;è.p.;39;;;39601;682081.79;1112795.98;2013-12-01T00:00:00
8814236;547999;Humpolec;;;;;49417;Vilémov;;;è.p.;40;;;39601;681963.52;1112784.63;2013-12-01T00:00:00
8814244;547999;Humpolec;;;;;49417;Vilémov;;;è.p.;41;;;39601;682062.71;1112732.82;2013-12-01T00:00:00
8814252;547999;Humpolec;;;;;49417;Vilémov;;;è.p.;42;;;39601;682024.48;1112715.52;2013-12-01T00:00:00
8814261;547999;Humpolec;;;;;49417;Vilémov;;;è.p.;43;;;39601;682117.78;1112741.81;2013-12-01T00:00:00
8814279;547999;Humpolec;;;;;49417;Vilémov;;;è.p.;44;;;39601;682311.12;1112801.54;2013-12-01T00:00:00
8814287;547999;Humpolec;;;;;49417;Vilémov;;;è.p.;45;;;39601;682104.21;1112892.50;2013-12-01T00:00:00
8814295;547999;Humpolec;;;;;49417;Vilémov;;;è.p.;46;;;39601;682188.02;1112765.55;2013-12-01T00:00:00
8814309;547999;Humpolec;;;;;49417;Vilémov;;;è.p.;47;;;39601;682015.18;1112657.50;2013-12-01T00:00:00
8814317;547999;Humpolec;;;;;49417;Vilémov;;;è.p.;48;;;39601;682018.75;1112677.82;2013-12-01T00:00:00
8814325;547999;Humpolec;;;;;49417;Vilémov;;;è.p.;49;;;39601;682193.43;1112960.48;2013-12-01T00:00:00
8814333;547999;Humpolec;;;;;49417;Vilémov;;;è.p.;50;;;39601;682360.78;1112727.97;2013-12-01T00:00:00
8814341;547999;Humpolec;;;;;49417;Vilémov;;;è.p.;51;;;39601;682156.26;1112920.52;2013-12-01T00:00:00
8814350;547999;Humpolec;;;;;49417;Vilémov;;;è.p.;52;;;39601;682149.57;1112929.10;2013-12-01T00:00:00
8814368;547999;Humpolec;;;;;49417;Vilémov;;;è.p.;53;;;39601;682143.14;1112778.23;2013-12-01T00:00:00
8814376;547999;Humpolec;;;;;49417;Vilémov;;;è.p.;54;;;39601;682300.78;1112760.85;2013-12-01T00:00:00
8814384;547999;Humpolec;;;;;49417;Vilémov;;;è.p.;55;;;39601;682093.59;1112973.71;2013-12-01T00:00:00
8814392;547999;Humpolec;;;;;49417;Vilémov;;;è.p.;56;;;39601;682106.30;1112715.12;2013-12-01T00:00:00
8814406;547999;Humpolec;;;;;49417;Vilémov;;;è.p.;58;;;39601;682060.99;1112669.49;2013-12-01T00:00:00
8814414;547999;Humpolec;;;;;49417;Vilémov;;;è.p.;59;;;39601;682051.31;1112786.91;2013-12-01T00:00:00
8814422;547999;Humpolec;;;;;49417;Vilémov;;;è.p.;60;;;39601;682078.25;1113019.00;2013-12-01T00:00:00
8814431;547999;Humpolec;;;;;49417;Vilémov;;;è.p.;61;;;39601;682049.37;1113054.10;2013-12-01T00:00:00
8814449;547999;Humpolec;;;;;49417;Vilémov;;;è.p.;63;;;39601;682094.49;1112705.59;2013-12-01T00:00:00
8814457;547999;Humpolec;;;;;49417;Vilémov;;;è.p.;64;;;39601;681946.11;1112757.56;2013-12-01T00:00:00
8814465;547999;Humpolec;;;;;49417;Vilémov;;;è.p.;65;;;39601;682065.91;1113034.80;2013-12-01T00:00:00
8814473;547999;Humpolec;;;;;49417;Vilémov;;;è.p.;66;;;39601;682378.77;1112714.67;2013-12-01T00:00:00
8814481;547999;Humpolec;;;;;49417;Vilémov;;;è.p.;67;;;39601;682081.95;1112693.31;2013-12-01T00:00:00
8814490;547999;Humpolec;;;;;49417;Vilémov;;;è.p.;68;;;39601;682128.90;1112757.03;2013-12-01T00:00:00
8814503;547999;Humpolec;;;;;49417;Vilémov;;;è.p.;69;;;39601;682135.87;1112982.57;2013-12-01T00:00:00
8814511;547999;Humpolec;;;;;49417;Vilémov;;;è.p.;70;;;39601;682128.44;1112990.70;2013-12-01T00:00:00
8814520;547999;Humpolec;;;;;49417;Vilémov;;;è.p.;71;;;39601;681967.47;1112656.36;2013-12-01T00:00:00
8814546;547999;Humpolec;;;;;49417;Vilémov;;;è.p.;73;;;39601;682088.88;1112983.02;2013-12-01T00:00:00
8814554;547999;Humpolec;;;;;49417;Vilémov;;;è.p.;74;;;39601;682397.46;1112694.15;2013-12-01T00:00:00
8814562;547999;Humpolec;;;;;49417;Vilémov;;;è.p.;75;;;39601;682423.52;1112679.38;2013-12-01T00:00:00
8814571;547999;Humpolec;;;;;49417;Vilémov;;;è.p.;76;;;39601;682003.58;1112815.42;2013-12-01T00:00:00
8814589;547999;Humpolec;;;;;49417;Vilémov;;;è.p.;77;;;39601;682340.92;1112731.42;2013-12-01T00:00:00
8814597;547999;Humpolec;;;;;49417;Vilémov;;;è.p.;78;;;39601;681993.15;1112873.66;2013-12-01T00:00:00
8814601;547999;Humpolec;;;;;49417;Vilémov;;;è.p.;79;;;39601;681970.76;1112804.45;2013-12-01T00:00:00
8814619;547999;Humpolec;;;;;49417;Vilémov;;;è.p.;80;;;39601;682318.16;1112824.79;2013-12-01T00:00:00
8814627;547999;Humpolec;;;;;49417;Vilémov;;;è.p.;81;;;39601;681987.31;1112855.66;2013-12-01T00:00:00
8814635;547999;Humpolec;;;;;49417;Vilémov;;;è.p.;82;;;39601;682056.57;1112962.44;2013-12-01T00:00:00
8814643;547999;Humpolec;;;;;49417;Vilémov;;;è.p.;83;;;39601;682044.39;1112923.97;2013-12-01T00:00:00
8814651;547999;Humpolec;;;;;49417;Vilémov;;;è.p.;84;;;39601;682031.12;1112897.22;2013-12-01T00:00:00
8814660;547999;Humpolec;;;;;49417;Vilémov;;;è.p.;85;;;39601;682156.22;1112977.12;2013-12-01T00:00:00
8814678;547999;Humpolec;;;;;49417;Vilémov;;;è.p.;86;;;39601;682061.83;1112821.69;2013-12-01T00:00:00
8814686;547999;Humpolec;;;;;49417;Vilémov;;;è.p.;87;;;39601;682013.69;1112844.65;2013-12-01T00:00:00
8814694;547999;Humpolec;;;;;49417;Vilémov;;;è.p.;88;;;39601;681982.06;1112838.05;2013-12-01T00:00:00
8814708;547999;Humpolec;;;;;49417;Vilémov;;;è.p.;89;;;39601;682311.43;1112835.44;2013-12-01T00:00:00
8814716;547999;Humpolec;;;;;49417;Vilémov;;;è.p.;90;;;39601;682231.35;1112919.74;2013-12-01T00:00:00
8814724;547999;Humpolec;;;;;49417;Vilémov;;;è.p.;91;;;39601;682048.66;1112944.62;2013-12-01T00:00:00
8814732;547999;Humpolec;;;;;49417;Vilémov;;;è.p.;92;;;39601;682072.96;1112769.47;2013-12-01T00:00:00
8814741;547999;Humpolec;;;;;49417;Vilémov;;;è.p.;93;;;39601;682036.51;1112748.01;2013-12-01T00:00:00
8814759;547999;Humpolec;;;;;49417;Vilémov;;;è.p.;94;;;39601;682045.69;1112876.59;2013-12-01T00:00:00
8814767;547999;Humpolec;;;;;49417;Vilémov;;;è.p.;95;;;39601;682110.59;1113020.88;2013-12-01T00:00:00
8814775;547999;Humpolec;;;;;49417;Vilémov;;;è.p.;96;;;39601;682098.88;1113037.14;2013-12-01T00:00:00
8814783;547999;Humpolec;;;;;49417;Vilémov;;;è.p.;97;;;39601;682086.83;1113051.89;2013-12-01T00:00:00
8814791;547999;Humpolec;;;;;49417;Vilémov;;;è.p.;98;;;39601;682075.81;1113068.29;2013-12-01T00:00:00
8814805;547999;Humpolec;;;;;49417;Vilémov;;;è.p.;99;;;39601;682065.33;1113085.70;2013-12-01T00:00:00
8814813;547999;Humpolec;;;;;49417;Vilémov;;;è.p.;100;;;39601;682172.85;1112970.59;2013-12-01T00:00:00
8814821;547999;Humpolec;;;;;49417;Vilémov;;;è.p.;101;;;39601;682167.34;1112852.31;2013-12-01T00:00:00
8814830;547999;Humpolec;;;;;49417;Vilémov;;;è.p.;102;;;39601;682387.27;1112746.80;2013-12-01T00:00:00
8814848;547999;Humpolec;;;;;49417;Vilémov;;;è.ev.;1;;;39601;682259.88;1112958.25;2013-12-01T00:00:00
8814856;547999;Humpolec;;;;;49441;Brunka;;;è.p.;60;;;39601;685180.36;1109357.70;2013-12-01T00:00:00
8814881;547999;Humpolec;;;;;49441;Brunka;;;è.p.;64;;;39601;684998.98;1109487.80;2022-10-23T00:00:00
8814899;547999;Humpolec;;;;;49441;Brunka;;;è.p.;65;;;39601;685058.19;1109294.50;2013-12-01T00:00:00
8814902;547999;Humpolec;;;;;49441;Brunka;;;è.p.;66;;;39601;685047.25;1109565.38;2013-12-01T00:00:00
8814911;547999;Humpolec;;;;;49441;Brunka;;;è.p.;67;;;39601;685035.88;1109595.75;2013-12-01T00:00:00
8814929;547999;Humpolec;;;;;49441;Brunka;;;è.p.;68;;;39601;685030.25;1109603.50;2013-12-01T00:00:00
8814937;547999;Humpolec;;;;;49441;Brunka;;;è.p.;69;;;39601;685017.25;1109630.63;2013-12-01T00:00:00
8814945;547999;Humpolec;;;;;49441;Brunka;;;è.p.;92;;;39601;684916.69;1109668.63;2013-12-01T00:00:00
8821160;547999;Humpolec;;;;;66184;Kleteèná;;;è.p.;1;;;39601;688247.63;1114874.67;2013-12-01T00:00:00
8821178;547999;Humpolec;;;;;66184;Kleteèná;;;è.p.;2;;;39601;688095.90;1114304.13;2022-10-23T00:00:00
8821186;547999;Humpolec;;;;;66184;Kleteèná;;;è.p.;3;;;39601;688017.63;1112210.13;2013-12-01T00:00:00
8821194;547999;Humpolec;;;;;66184;Kleteèná;;;è.p.;4;;;39601;689082.81;1114501.13;2013-12-01T00:00:00
8821208;547999;Humpolec;;;;;66184;Kleteèná;;;è.p.;5;;;39601;689026.88;1114248.13;2013-12-01T00:00:00
8821216;547999;Humpolec;;;;;66184;Kleteèná;;;è.p.;6;;;39601;689541.41;1115571.40;2022-10-23T00:00:00
8821224;547999;Humpolec;;;;;66184;Kleteèná;;;è.p.;7;;;39601;688781.81;1115330.13;2013-12-01T00:00:00
8821232;547999;Humpolec;;;;;66184;Kleteèná;;;è.p.;8;;;39601;688804.81;1115306.50;2013-12-01T00:00:00
8821241;547999;Humpolec;;;;;66184;Kleteèná;;;è.p.;9;;;39601;688791.56;1115254.63;2013-12-01T00:00:00
8821259;547999;Humpolec;;;;;66184;Kleteèná;;;è.p.;10;;;39601;688750.50;1115274.63;2013-12-01T00:00:00
8821267;547999;Humpolec;;;;;66184;Kleteèná;;;è.p.;11;;;39601;688688.97;1115293.42;2022-10-23T00:00:00
8821275;547999;Humpolec;;;;;66184;Kleteèná;;;è.p.;12;;;39601;688635.87;1115320.96;2022-10-23T00:00:00
8821283;547999;Humpolec;;;;;66184;Kleteèná;;;è.p.;13;;;39601;688720.69;1115373.23;2022-10-23T00:00:00
8821291;547999;Humpolec;;;;;66184;Kleteèná;;;è.p.;14;;;39601;688642.61;1115386.79;2022-10-23T00:00:00
8821305;547999;Humpolec;;;;;66184;Kleteèná;;;è.p.;15;;;39601;688611.88;1115504.38;2013-12-01T00:00:00
8821313;547999;Humpolec;;;;;66184;Kleteèná;;;è.p.;16;;;39601;688846.44;1115078.38;2013-12-01T00:00:00
8821321;547999;Humpolec;;;;;66184;Kleteèná;;;è.p.;17;;;39601;688605.63;1115577.57;2018-05-22T00:00:00
8821330;547999;Humpolec;;;;;66184;Kleteèná;;;è.p.;18;;;39601;688615.75;1115565.63;2013-12-01T00:00:00
8821348;547999;Humpolec;;;;;66184;Kleteèná;;;è.p.;19;;;39601;688635.94;1115266.00;2013-12-01T00:00:00
8821356;547999;Humpolec;;;;;66184;Kleteèná;;;è.p.;20;;;39601;688656.00;1115566.75;2013-12-01T00:00:00
8821364;547999;Humpolec;;;;;66184;Kleteèná;;;è.p.;21;;;39601;688738.63;1115410.38;2013-12-01T00:00:00
8821372;547999;Humpolec;;;;;66184;Kleteèná;;;è.p.;22;;;39601;688754.10;1115392.38;2022-10-23T00:00:00
8821381;547999;Humpolec;;;;;66184;Kleteèná;;;è.p.;23;;;39601;688757.50;1115417.63;2013-12-01T00:00:00
8821399;547999;Humpolec;;;;;66184;Kleteèná;;;è.p.;24;;;39601;687314.81;1115345.75;2013-12-01T00:00:00
8821402;547999;Humpolec;;;;;66184;Kleteèná;;;è.p.;25;;;39601;688245.13;1114920.75;2013-12-01T00:00:00
8821411;547999;Humpolec;;;;;66184;Kleteèná;;;è.p.;26;;;39601;688604.00;1115512.75;2013-12-01T00:00:00
8821429;547999;Humpolec;;;;;66184;Kleteèná;;;è.p.;27;;;39601;688728.88;1115213.63;2013-12-01T00:00:00
8821437;547999;Humpolec;;;;;66184;Kleteèná;;;è.p.;28;;;39601;688616.68;1115284.18;2022-10-23T00:00:00
8821445;547999;Humpolec;;;;;66184;Kleteèná;;;è.p.;29;;;39601;687930.24;1115731.90;2024-11-11T00:00:00
8821453;547999;Humpolec;;;;;66184;Kleteèná;;;è.p.;30;;;39601;688631.31;1115414.38;2013-12-01T00:00:00
8821461;547999;Humpolec;;;;;66184;Kleteèná;;;è.p.;31;;;39601;688760.38;1115194.88;2013-12-01T00:00:00
8821470;547999;Humpolec;;;;;66184;Kleteèná;;;è.p.;32;;;39601;688569.68;1115587.43;2022-10-23T00:00:00
8821488;547999;Humpolec;;;;;66184;Kleteèná;;;è.p.;33;;;39601;688749.13;1115325.00;2013-12-01T00:00:00
8821496;547999;Humpolec;;;;;66184;Kleteèná;;;è.p.;34;;;39601;688677.19;1115536.25;2013-12-01T00:00:00
8821500;547999;Humpolec;;;;;66184;Kleteèná;;;è.p.;35;;;39601;688604.24;1115490.74;2022-10-23T00:00:00
8821518;547999;Humpolec;;;;;66184;Kleteèná;;;è.p.;36;;;39601;688781.00;1115169.00;2013-12-01T00:00:00
8821526;547999;Humpolec;;;;;66184;Kleteèná;;;è.p.;38;;;39601;688605.99;1115496.39;2022-10-23T00:00:00
8821534;547999;Humpolec;;;;;66184;Kleteèná;;;è.p.;39;;;39601;688610.81;1115498.13;2013-12-01T00:00:00
8821542;547999;Humpolec;;;;;66184;Kleteèná;;;è.p.;40;;;39601;688661.90;1115355.13;2022-10-23T00:00:00
8821551;547999;Humpolec;;;;;66184;Kleteèná;;;è.p.;41;;;39601;688634.81;1115562.25;2013-12-01T00:00:00
8821569;547999;Humpolec;;;;;66184;Kleteèná;;;è.p.;42;;;39601;688697.00;1115369.00;2013-12-01T00:00:00
8821577;547999;Humpolec;;;;;66184;Kleteèná;;;è.p.;43;;;39601;688711.88;1115373.88;2013-12-01T00:00:00
8821585;547999;Humpolec;;;;;66184;Kleteèná;;;è.p.;44;;;39601;688747.81;1115157.13;2013-12-01T00:00:00
8821593;547999;Humpolec;;;;;66184;Kleteèná;;;è.p.;45;;;39601;688615.94;1115510.38;2013-12-01T00:00:00
8821607;547999;Humpolec;;;;;66184;Kleteèná;;;è.p.;46;;;39601;689536.76;1115549.75;2022-10-23T00:00:00
8821615;547999;Humpolec;;;;;66184;Kleteèná;;;è.p.;47;;;39601;688794.81;1115096.88;2013-12-01T00:00:00
8821623;547999;Humpolec;;;;;66184;Kleteèná;;;è.p.;48;;;39601;688776.04;1115060.40;2022-10-23T00:00:00
8821631;547999;Humpolec;;;;;66184;Kleteèná;;;è.p.;49;;;39601;688825.70;1115085.21;2022-10-23T00:00:00
8821640;547999;Humpolec;;;;;66184;Kleteèná;;;è.p.;50;;;39601;688778.61;1115415.78;2024-11-20T00:00:00
8821658;547999;Humpolec;;;;;66184;Kleteèná;;;è.p.;51;;;39601;688799.96;1115364.01;2022-10-23T00:00:00
8821666;547999;Humpolec;;;;;66184;Kleteèná;;;è.p.;52;;;39601;688800.04;1115382.66;2013-12-01T00:00:00
8821674;547999;Humpolec;;;;;66184;Kleteèná;;;è.p.;53;;;39601;688809.68;1115402.30;2024-11-20T00:00:00
8821682;547999;Humpolec;;;;;66184;Kleteèná;;;è.p.;54;;;39601;688817.26;1115345.95;2022-10-23T00:00:00
8821691;547999;Humpolec;;;;;66184;Kleteèná;;;è.p.;55;;;39601;688852.39;1115326.71;2022-10-23T00:00:00
8821704;547999;Humpolec;;;;;66184;Kleteèná;;;è.p.;56;;;39601;688875.31;1115309.75;2013-12-01T00:00:00
8821712;547999;Humpolec;;;;;66184;Kleteèná;;;è.p.;57;;;39601;688899.38;1115302.25;2013-12-01T00:00:00
8821721;547999;Humpolec;;;;;66184;Kleteèná;;;è.p.;58;;;39601;689033.58;1115247.17;2022-10-23T00:00:00
8821739;547999;Humpolec;;;;;66184;Kleteèná;;;è.p.;59;;;39601;688949.94;1115323.38;2013-12-01T00:00:00
8821747;547999;Humpolec;;;;;66184;Kleteèná;;;è.p.;60;;;39601;688856.92;1115381.70;2022-10-23T00:00:00
8821755;547999;Humpolec;;;;;66184;Kleteèná;;;è.p.;61;;;39601;688883.28;1115459.38;2022-10-23T00:00:00
8821763;547999;Humpolec;;;;;66184;Kleteèná;;;è.p.;62;;;39601;688875.91;1115493.20;2014-07-01T00:00:00
8821771;547999;Humpolec;;;;;66184;Kleteèná;;;è.p.;63;;;39601;688869.94;1115522.34;2022-10-23T00:00:00
8821780;547999;Humpolec;;;;;66184;Kleteèná;;;è.p.;64;;;39601;688790.51;1115543.40;2022-10-23T00:00:00
8821798;547999;Humpolec;;;;;66184;Kleteèná;;;è.p.;65;;;39601;688835.42;1115498.93;2022-10-23T00:00:00
8821801;547999;Humpolec;;;;;66184;Kleteèná;;;è.p.;66;;;39601;688823.68;1115480.04;2022-10-23T00:00:00
8821810;547999;Humpolec;;;;;66184;Kleteèná;;;è.p.;67;;;39601;688745.75;1115469.93;2024-11-20T00:00:00
8821828;547999;Humpolec;;;;;66184;Kleteèná;;;è.p.;68;;;39601;688726.44;1115489.25;2013-12-01T00:00:00
8821836;547999;Humpolec;;;;;66184;Kleteèná;;;è.p.;69;;;39601;688710.54;1115535.87;2013-12-01T00:00:00
8821844;547999;Humpolec;;;;;66184;Kleteèná;;;è.p.;72;;;39601;688611.63;1115378.50;2013-12-01T00:00:00
8821852;547999;Humpolec;;;;;66184;Kleteèná;;;è.p.;73;;;39601;688663.63;1115298.50;2013-12-01T00:00:00
8821861;547999;Humpolec;;;;;66184;Kleteèná;;;è.p.;74;;;39601;688609.44;1115464.13;2013-12-01T00:00:00
8821879;547999;Humpolec;;;;;66184;Kleteèná;;;è.p.;75;;;39601;688720.50;1115203.88;2013-12-01T00:00:00
8821887;547999;Humpolec;;;;;66184;Kleteèná;;;è.p.;76;;;39601;688653.75;1115268.96;2013-12-01T00:00:00
8821909;547999;Humpolec;;;;;66184;Kleteèná;;;è.ev.;2;;;39601;690765.69;1114498.53;2016-12-13T00:00:00
8821917;547999;Humpolec;;;;;66184;Kleteèná;;;è.ev.;3;;;39601;690986.93;1114671.64;2016-12-13T00:00:00
8821933;547999;Humpolec;;;;;66184;Kleteèná;;;è.ev.;5;;;39601;690928.00;1114372.00;2013-12-01T00:00:00
8821941;547999;Humpolec;;;;;66184;Kleteèná;;;è.ev.;6;;;39601;690264.79;1114220.68;2022-10-23T00:00:00
8821950;547999;Humpolec;;;;;66184;Kleteèná;;;è.ev.;7;;;39601;690234.56;1114236.44;2022-10-23T00:00:00
8821984;547999;Humpolec;;;;;66184;Kleteèná;;;è.ev.;10;;;39601;689356.27;1113054.04;2022-03-03T00:00:00
8821992;547999;Humpolec;;;;;66184;Kleteèná;;;è.ev.;11;;;39601;689407.59;1113091.95;2013-12-01T00:00:00
8822000;547999;Humpolec;;;;;66184;Kleteèná;;;è.ev.;12;;;39601;690278.36;1115016.72;2016-12-09T00:00:00
8822018;547999;Humpolec;;;;;66184;Kleteèná;;;è.ev.;13;;;39601;689332.35;1112784.64;2017-03-21T00:00:00
8822026;547999;Humpolec;;;;;66184;Kleteèná;;;è.ev.;14;;;39601;690316.56;1114973.25;2016-12-13T00:00:00
8822042;547999;Humpolec;;;;;66184;Kleteèná;;;è.ev.;16;;;39601;690929.53;1114350.49;2016-12-13T00:00:00
8822051;547999;Humpolec;;;;;66184;Kleteèná;;;è.ev.;18;;;39601;689447.62;1113783.13;2022-10-23T00:00:00
8822069;547999;Humpolec;;;;;66184;Kleteèná;;;è.ev.;19;;;39601;690333.15;1114180.34;2013-12-01T00:00:00
8822077;547999;Humpolec;;;;;66184;Kleteèná;;;è.ev.;20;;;39601;690339.20;1114178.54;2013-12-01T00:00:00
8822107;547999;Humpolec;;;;;66184;Kleteèná;;;è.ev.;23;;;39601;690395.84;1114887.54;2019-12-16T00:00:00
8822115;547999;Humpolec;;;;;66184;Kleteèná;;;è.ev.;24;;;39601;689393.38;1113147.73;2013-12-01T00:00:00
8822123;547999;Humpolec;;;;;66184;Kleteèná;;;è.ev.;25;;;39601;690364.00;1114167.00;2013-12-01T00:00:00
8822131;547999;Humpolec;;;;;66184;Kleteèná;;;è.ev.;26;;;39601;689340.36;1112774.94;2013-12-01T00:00:00
8822166;547999;Humpolec;;;;;66184;Kleteèná;;;è.ev.;29;;;39601;690915.81;1114399.00;2013-12-01T00:00:00
8822174;547999;Humpolec;;;;;66184;Kleteèná;;;è.ev.;33;;;39601;690146.00;1115516.75;2014-09-17T00:00:00
8822182;547999;Humpolec;;;;;66184;Kleteèná;;;è.ev.;34;;;39601;690129.89;1115528.10;2025-04-14T00:00:00
8822191;547999;Humpolec;;;;;66184;Kleteèná;;;è.ev.;35;;;39601;690646.49;1114515.97;2013-12-01T00:00:00
8822204;547999;Humpolec;;;;;66184;Kleteèná;;;è.ev.;36;;;39601;690688.60;1114491.99;2022-10-23T00:00:00
8822212;547999;Humpolec;;;;;66184;Kleteèná;;;è.ev.;37;;;39601;690608.40;1114593.08;2013-12-01T00:00:00
8822221;547999;Humpolec;;;;;66184;Kleteèná;;;è.ev.;38;;;39601;690877.18;1114452.93;2013-12-01T00:00:00
8822239;547999;Humpolec;;;;;66184;Kleteèná;;;è.ev.;39;;;39601;690131.93;1115559.07;2022-10-23T00:00:00
8822247;547999;Humpolec;;;;;66184;Kleteèná;;;è.ev.;40;;;39601;690081.63;1115597.16;2022-10-23T00:00:00
8822255;547999;Humpolec;;;;;66184;Kleteèná;;;è.ev.;41;;;39601;690306.20;1115073.18;2016-12-12T00:00:00
8822263;547999;Humpolec;;;;;66184;Kleteèná;;;è.ev.;42;;;39601;690105.63;1115497.32;2022-10-23T00:00:00
8822271;547999;Humpolec;;;;;66184;Kleteèná;;;è.ev.;43;;;39601;690125.85;1115487.33;2022-10-23T00:00:00
8822280;547999;Humpolec;;;;;66184;Kleteèná;;;è.ev.;44;;;39601;690119.69;1115577.81;2013-12-01T00:00:00
8822298;547999;Humpolec;;;;;66184;Kleteèná;;;è.ev.;45;;;39601;690665.00;1114510.00;2013-12-01T00:00:00
8822301;547999;Humpolec;;;;;66184;Kleteèná;;;è.ev.;46;;;39601;690844.69;1114467.13;2013-12-01T00:00:00
8822310;547999;Humpolec;;;;;66184;Kleteèná;;;è.ev.;48;;;39601;690813.53;1114482.43;2019-06-12T00:00:00
8822328;547999;Humpolec;;;;;66184;Kleteèná;;;è.ev.;49;;;39601;690150.74;1115477.22;2022-10-23T00:00:00
8822336;547999;Humpolec;;;;;66184;Kleteèná;;;è.ev.;50;;;39601;690359.00;1115005.25;2013-12-01T00:00:00
8822344;547999;Humpolec;;;;;66184;Kleteèná;;;è.ev.;51;;;39601;691044.80;1114743.56;2016-12-12T00:00:00
8822352;547999;Humpolec;;;;;66184;Kleteèná;;;è.ev.;52;;;39601;690373.57;1114952.08;2016-12-12T00:00:00
8822361;547999;Humpolec;;;;;66184;Kleteèná;;;è.ev.;53;;;39601;690957.00;1114360.75;2013-12-01T00:00:00
8822379;547999;Humpolec;;;;;66184;Kleteèná;;;è.ev.;54;;;39601;689352.00;1113155.00;2013-12-01T00:00:00
8822387;547999;Humpolec;;;;;66184;Kleteèná;;;è.ev.;56;;;39601;690789.13;1114491.81;2017-02-28T00:00:00
8822395;547999;Humpolec;;;;;66184;Kleteèná;;;è.ev.;57;;;39601;690720.88;1114482.02;2018-03-27T00:00:00
8822409;547999;Humpolec;;;;;66184;Kleteèná;;;è.ev.;58;;;39601;690160.44;1115497.63;2013-12-01T00:00:00
8822417;547999;Humpolec;;;;;66184;Kleteèná;;;è.ev.;59;;;39601;690010.77;1114392.26;2013-12-01T00:00:00
8822425;547999;Humpolec;;;;;66184;Kleteèná;;;è.ev.;60;;;39601;689331.64;1113047.91;2022-10-23T00:00:00
8822433;547999;Humpolec;;;;;66184;Kleteèná;;;è.ev.;61;;;39601;690752.00;1114476.00;2013-12-01T00:00:00
8822441;547999;Humpolec;;;;;66184;Kleteèná;;;è.ev.;62;;;39601;690620.00;1114550.00;2013-12-01T00:00:00
8822450;547999;Humpolec;;;;;66184;Kleteèná;;;è.ev.;63;;;39601;690072.22;1115504.80;2022-10-23T00:00:00
8822468;547999;Humpolec;;;;;66184;Kleteèná;;;è.ev.;64;;;39601;689390.85;1113067.34;2022-03-03T00:00:00
8822476;547999;Humpolec;;;;;66184;Kleteèná;;;è.ev.;65;;;39601;690635.57;1114522.21;2016-12-12T00:00:00
8822492;547999;Humpolec;;;;;66184;Kleteèná;;;è.ev.;67;;;39601;689982.45;1115605.26;2022-10-23T00:00:00
8822506;547999;Humpolec;;;;;66184;Kleteèná;;;è.ev.;68;;;39601;690042.40;1115616.38;2013-12-01T00:00:00
8822514;547999;Humpolec;;;;;66184;Kleteèná;;;è.ev.;69;;;39601;690437.38;1114156.17;2022-10-23T00:00:00
8822522;547999;Humpolec;;;;;66184;Kleteèná;;;è.ev.;70;;;39601;690982.15;1114730.13;2019-12-13T00:00:00
8822531;547999;Humpolec;;;;;66184;Kleteèná;;;è.ev.;71;;;39601;690066.69;1115623.00;2013-12-01T00:00:00
8822549;547999;Humpolec;;;;;66184;Kleteèná;;;è.ev.;72;;;39601;690941.16;1114390.22;2013-12-01T00:00:00
8822557;547999;Humpolec;;;;;66184;Kleteèná;;;è.ev.;73;;;39601;690975.06;1114355.50;2013-12-01T00:00:00
8822565;547999;Humpolec;;;;;66184;Kleteèná;;;è.ev.;75;;;39601;688937.22;1115183.84;2013-12-01T00:00:00
8822573;547999;Humpolec;;;;;66184;Kleteèná;;;è.ev.;76;;;39601;688928.31;1115193.88;2013-12-01T00:00:00
8822581;547999;Humpolec;;;;;66184;Kleteèná;;;è.ev.;77;;;39601;688927.11;1115199.28;2013-12-01T00:00:00
8822590;547999;Humpolec;;;;;66184;Kleteèná;;;è.ev.;78;;;39601;689208.00;1114362.00;2013-12-01T00:00:00
8822603;547999;Humpolec;;;;;66184;Kleteèná;;;è.ev.;79;;;39601;688964.03;1115103.40;2022-10-23T00:00:00
8822611;547999;Humpolec;;;;;66184;Kleteèná;;;è.ev.;81;;;39601;688952.00;1115224.00;2013-12-01T00:00:00
8822620;547999;Humpolec;;;;;66184;Kleteèná;;;è.ev.;82;;;39601;688956.47;1115214.44;2013-12-01T00:00:00
8822638;547999;Humpolec;;;;;66184;Kleteèná;;;è.ev.;83;;;39601;689948.94;1115604.50;2022-10-23T00:00:00
8822646;547999;Humpolec;;;;;66184;Kleteèná;;;è.ev.;84;;;39601;690111.41;1114312.74;2013-12-01T00:00:00
8822654;547999;Humpolec;;;;;66184;Kleteèná;;;è.ev.;85;;;39601;689960.70;1115615.09;2022-10-23T00:00:00
8822662;547999;Humpolec;;;;;66184;Kleteèná;;;è.ev.;86;;;39601;688944.00;1115200.00;2013-12-01T00:00:00
8822671;547999;Humpolec;;;;;66184;Kleteèná;;;è.ev.;87;;;39601;690909.37;1114432.22;2022-10-23T00:00:00
8822689;547999;Humpolec;;;;;66184;Kleteèná;;;è.ev.;88;;;39601;690316.00;1114185.00;2013-12-01T00:00:00
8822697;547999;Humpolec;;;;;66184;Kleteèná;;;è.ev.;89;;;39601;690305.90;1114195.60;2013-12-01T00:00:00
8822701;547999;Humpolec;;;;;66184;Kleteèná;;;è.ev.;90;;;39601;690288.59;1114202.41;2013-12-01T00:00:00
8827290;547999;Humpolec;;;;;74021;Krasoòov;;;è.p.;1;;;39601;681532.13;1117118.13;2013-12-01T00:00:00
8827303;547999;Humpolec;;;;;74021;Krasoòov;;;è.p.;2;;;39601;681521.50;1117120.13;2013-12-01T00:00:00
8827311;547999;Humpolec;;;;;74021;Krasoòov;;;è.p.;3;;;39601;681515.06;1116999.38;2013-12-01T00:00:00
8827320;547999;Humpolec;;;;;74021;Krasoòov;;;è.p.;4;;;39601;681435.31;1116963.00;2013-12-01T00:00:00
8827338;547999;Humpolec;;;;;74021;Krasoòov;;;è.p.;5;;;39601;681430.44;1116923.38;2013-12-01T00:00:00
8827346;547999;Humpolec;;;;;74021;Krasoòov;;;è.p.;6;;;39601;681422.69;1116880.50;2013-12-01T00:00:00
8827354;547999;Humpolec;;;;;74021;Krasoòov;;;è.p.;7;;;39601;681483.13;1116855.13;2013-12-01T00:00:00
8827362;547999;Humpolec;;;;;74021;Krasoòov;;;è.p.;8;;;39601;681439.00;1116832.00;2013-12-01T00:00:00
8827371;547999;Humpolec;;;;;74021;Krasoòov;;;è.p.;9;;;39601;681434.94;1116795.50;2013-12-01T00:00:00
8827389;547999;Humpolec;;;;;74021;Krasoòov;;;è.p.;10;;;39601;681597.63;1116305.88;2013-12-01T00:00:00
8827397;547999;Humpolec;;;;;74021;Krasoòov;;;è.p.;11;;;39601;681339.13;1116771.75;2013-12-01T00:00:00
8827401;547999;Humpolec;;;;;74021;Krasoòov;;;è.p.;12;;;39601;681343.88;1116751.88;2013-12-01T00:00:00
8827419;547999;Humpolec;;;;;74021;Krasoòov;;;è.p.;13;;;39601;681425.31;1116573.00;2013-12-01T00:00:00
8827427;547999;Humpolec;;;;;74021;Krasoòov;;;è.p.;14;;;39601;681500.25;1116825.75;2013-12-01T00:00:00
8827435;547999;Humpolec;;;;;74021;Krasoòov;;;è.p.;15;;;39601;681538.88;1116809.50;2013-12-01T00:00:00
8827443;547999;Humpolec;;;;;74021;Krasoòov;;;è.p.;16;;;39601;681534.94;1116783.75;2013-12-01T00:00:00
8827451;547999;Humpolec;;;;;74021;Krasoòov;;;è.p.;17;;;39601;681479.25;1116788.25;2013-12-01T00:00:00
8827460;547999;Humpolec;;;;;74021;Krasoòov;;;è.p.;18;;;39601;681499.06;1116759.25;2013-12-01T00:00:00
8827478;547999;Humpolec;;;;;74021;Krasoòov;;;è.p.;19;;;39601;681483.06;1116746.88;2013-12-01T00:00:00
8827486;547999;Humpolec;;;;;74021;Krasoòov;;;è.p.;20;;;39601;681410.38;1116618.79;2013-12-01T00:00:00
8827494;547999;Humpolec;;;;;74021;Krasoòov;;;è.p.;21;;;39601;681526.81;1116719.88;2013-12-01T00:00:00
8827508;547999;Humpolec;;;;;74021;Krasoòov;;;è.p.;22;;;39601;681492.81;1116791.50;2013-12-01T00:00:00
8827516;547999;Humpolec;;;;;74021;Krasoòov;;;è.p.;23;;;39601;681578.44;1116721.75;2013-12-01T00:00:00
8827524;547999;Humpolec;;;;;74021;Krasoòov;;;è.p.;24;;;39601;681463.94;1117191.63;2013-12-01T00:00:00
8827532;547999;Humpolec;;;;;74021;Krasoòov;;;è.p.;25;;;39601;681565.19;1116684.50;2013-12-01T00:00:00
8827541;547999;Humpolec;;;;;74021;Krasoòov;;;è.p.;26;;;39601;681590.00;1116660.00;2013-12-01T00:00:00
8827559;547999;Humpolec;;;;;74021;Krasoòov;;;è.p.;27;;;39601;681613.38;1116691.00;2013-12-01T00:00:00
8827567;547999;Humpolec;;;;;74021;Krasoòov;;;è.p.;28;;;39601;681624.81;1116709.00;2013-12-01T00:00:00
8827575;547999;Humpolec;;;;;74021;Krasoòov;;;è.p.;29;;;39601;681634.00;1116680.25;2013-12-01T00:00:00
8827583;547999;Humpolec;;;;;74021;Krasoòov;;;è.p.;30;;;39601;681733.50;1116826.50;2013-12-01T00:00:00
8827591;547999;Humpolec;;;;;74021;Krasoòov;;;è.p.;31;;;39601;681739.13;1116866.38;2013-12-01T00:00:00
8827605;547999;Humpolec;;;;;74021;Krasoòov;;;è.p.;32;;;39601;681708.19;1116725.38;2013-12-01T00:00:00
8827613;547999;Humpolec;;;;;74021;Krasoòov;;;è.p.;33;;;39601;681679.88;1116885.00;2013-12-01T00:00:00
8827621;547999;Humpolec;;;;;74021;Krasoòov;;;è.p.;34;;;39601;681714.31;1116924.13;2013-12-01T00:00:00
8827630;547999;Humpolec;;;;;74021;Krasoòov;;;è.p.;35;;;39601;681695.44;1116909.00;2013-12-01T00:00:00
8827648;547999;Humpolec;;;;;74021;Krasoòov;;;è.p.;36;;;39601;681761.56;1116956.50;2013-12-01T00:00:00
8827656;547999;Humpolec;;;;;74021;Krasoòov;;;è.p.;37;;;39601;681813.94;1116988.50;2013-12-01T00:00:00
8827664;547999;Humpolec;;;;;74021;Krasoòov;;;è.p.;38;;;39601;681719.69;1116979.75;2013-12-01T00:00:00
8827672;547999;Humpolec;;;;;74021;Krasoòov;;;è.p.;39;;;39601;681625.63;1117094.88;2013-12-01T00:00:00
8827681;547999;Humpolec;;;;;74021;Krasoòov;;;è.p.;40;;;39601;681594.56;1117125.88;2013-12-01T00:00:00
8827699;547999;Humpolec;;;;;74021;Krasoòov;;;è.p.;41;;;39601;681412.88;1116992.38;2013-12-01T00:00:00
8827702;547999;Humpolec;;;;;74021;Krasoòov;;;è.p.;42;;;39601;681574.56;1117081.00;2013-12-01T00:00:00
8827711;547999;Humpolec;;;;;74021;Krasoòov;;;è.p.;43;;;39601;681633.31;1116388.75;2013-12-01T00:00:00
8827729;547999;Humpolec;;;;;74021;Krasoòov;;;è.p.;44;;;39601;681750.00;1116925.00;2013-12-01T00:00:00
8827737;547999;Humpolec;;;;;74021;Krasoòov;;;è.p.;45;;;39601;681797.69;1118133.38;2013-12-01T00:00:00
8827745;547999;Humpolec;;;;;74021;Krasoòov;;;è.p.;46;;;39601;681708.94;1116868.13;2013-12-01T00:00:00
8827753;547999;Humpolec;;;;;74021;Krasoòov;;;è.p.;47;;;39601;681673.25;1116943.25;2013-12-01T00:00:00
8827761;547999;Humpolec;;;;;74021;Krasoòov;;;è.p.;48;;;39601;681703.70;1115293.34;2018-04-17T00:00:00
8827770;547999;Humpolec;;;;;74021;Krasoòov;;;è.p.;49;;;39601;681485.94;1116705.38;2013-12-01T00:00:00
8827788;547999;Humpolec;;;;;74021;Krasoòov;;;è.p.;50;;;39601;681517.75;1116585.48;2013-12-01T00:00:00
8827796;547999;Humpolec;;;;;74021;Krasoòov;;;è.p.;51;;;39601;681348.94;1116527.25;2013-12-01T00:00:00
8827800;547999;Humpolec;;;;;74021;Krasoòov;;;è.p.;52;;;39601;681598.06;1116380.50;2013-12-01T00:00:00
8827818;547999;Humpolec;;;;;74021;Krasoòov;;;è.p.;53;;;39601;681492.94;1116928.63;2013-12-01T00:00:00
8827826;547999;Humpolec;;;;;74021;Krasoòov;;;è.p.;54;;;39601;681445.56;1117194.00;2013-12-01T00:00:00
8827834;547999;Humpolec;;;;;74021;Krasoòov;;;è.p.;55;;;39601;681441.44;1116813.88;2013-12-01T00:00:00
8827842;547999;Humpolec;;;;;74021;Krasoòov;;;è.p.;56;;;39601;681475.75;1117012.75;2013-12-01T00:00:00
8827851;547999;Humpolec;;;;;74021;Krasoòov;;;è.p.;57;;;39601;681500.69;1116987.50;2013-12-01T00:00:00
8827869;547999;Humpolec;;;;;74021;Krasoòov;;;è.p.;58;;;39601;681480.69;1117047.88;2013-12-01T00:00:00
8827877;547999;Humpolec;;;;;74021;Krasoòov;;;è.p.;59;;;39601;681640.88;1116435.38;2013-12-01T00:00:00
8827885;547999;Humpolec;;;;;74021;Krasoòov;;;è.p.;60;;;39601;681441.88;1116761.63;2013-12-01T00:00:00
8827893;547999;Humpolec;;;;;74021;Krasoòov;;;è.p.;61;;;39601;681643.33;1116723.71;2013-12-01T00:00:00
8827907;547999;Humpolec;;;;;74021;Krasoòov;;;è.p.;62;;;39601;681694.69;1116642.38;2013-12-01T00:00:00
8827915;547999;Humpolec;;;;;74021;Krasoòov;;;è.p.;63;;;39601;681690.81;1116625.38;2013-12-01T00:00:00
8827923;547999;Humpolec;;;;;74021;Krasoòov;;;è.p.;64;;;39601;681655.00;1116702.88;2013-12-01T00:00:00
8827931;547999;Humpolec;;;;;74021;Krasoòov;;;è.p.;65;;;39601;681696.19;1116666.63;2013-12-01T00:00:00
8827940;547999;Humpolec;;;;;74021;Krasoòov;;;è.p.;66;;;39601;681691.63;1116693.25;2013-12-01T00:00:00
8827958;547999;Humpolec;;;;;74021;Krasoòov;;;è.p.;67;;;39601;681635.00;1116644.50;2013-12-01T00:00:00
8827966;547999;Humpolec;;;;;74021;Krasoòov;;;è.p.;68;;;39601;681684.19;1116615.63;2013-12-01T00:00:00
8827974;547999;Humpolec;;;;;74021;Krasoòov;;;è.p.;69;;;39601;681658.69;1116654.75;2013-12-01T00:00:00
8827982;547999;Humpolec;;;;;74021;Krasoòov;;;è.p.;70;;;39601;681562.31;1117105.00;2013-12-01T00:00:00
8827991;547999;Humpolec;;;;;74021;Krasoòov;;;è.p.;71;;;39601;681682.69;1116583.00;2013-12-01T00:00:00
8828008;547999;Humpolec;;;;;74021;Krasoòov;;;è.p.;72;;;39601;681670.00;1116551.00;2013-12-01T00:00:00
8828016;547999;Humpolec;;;;;74021;Krasoòov;;;è.p.;73;;;39601;681655.81;1116536.13;2013-12-01T00:00:00
8828024;547999;Humpolec;;;;;74021;Krasoòov;;;è.p.;74;;;39601;681541.38;1116770.38;2013-12-01T00:00:00
8828041;547999;Humpolec;;;;;74021;Krasoòov;;;è.p.;76;;;39601;681592.13;1116475.13;2013-12-01T00:00:00
8828059;547999;Humpolec;;;;;74021;Krasoòov;;;è.p.;77;;;39601;681650.25;1116510.63;2013-12-01T00:00:00
8828067;547999;Humpolec;;;;;74021;Krasoòov;;;è.p.;78;;;39601;681646.31;1116483.75;2013-12-01T00:00:00
8828075;547999;Humpolec;;;;;74021;Krasoòov;;;è.p.;79;;;39601;681600.95;1116461.49;2013-12-01T00:00:00
8828083;547999;Humpolec;;;;;74021;Krasoòov;;;è.p.;80;;;39601;681547.00;1116438.88;2013-12-01T00:00:00
8828091;547999;Humpolec;;;;;74021;Krasoòov;;;è.p.;81;;;39601;681550.44;1116400.88;2013-12-01T00:00:00
8828105;547999;Humpolec;;;;;74021;Krasoòov;;;è.p.;82;;;39601;681644.88;1116465.75;2013-12-01T00:00:00
8828113;547999;Humpolec;;;;;74021;Krasoòov;;;è.p.;83;;;39601;681530.81;1116560.75;2013-12-01T00:00:00
8828121;547999;Humpolec;;;;;74021;Krasoòov;;;è.p.;84;;;39601;681417.81;1116778.38;2013-12-01T00:00:00
8828148;547999;Humpolec;;;;;74021;Krasoòov;;;è.p.;86;;;39601;681638.38;1116414.88;2013-12-01T00:00:00
8828156;547999;Humpolec;;;;;74021;Krasoòov;;;è.p.;88;;;39601;681674.96;1116728.75;2013-12-01T00:00:00
8828164;547999;Humpolec;;;;;74021;Krasoòov;;;è.p.;89;;;39601;681561.06;1116793.13;2013-12-01T00:00:00
8828172;547999;Humpolec;;;;;74021;Krasoòov;;;è.p.;90;;;39601;681605.00;1116435.63;2013-12-01T00:00:00
8828181;547999;Humpolec;;;;;74021;Krasoòov;;;è.p.;91;;;39601;681392.50;1117080.13;2013-12-01T00:00:00
8828199;547999;Humpolec;;;;;74021;Krasoòov;;;è.p.;92;;;39601;681601.94;1116609.00;2013-12-01T00:00:00
8828202;547999;Humpolec;;;;;74021;Krasoòov;;;è.p.;93;;;39601;682132.38;1117069.13;2013-12-01T00:00:00
8828211;547999;Humpolec;;;;;74021;Krasoòov;;;è.p.;94;;;39601;681731.69;1116908.75;2013-12-01T00:00:00
8828229;547999;Humpolec;;;;;74021;Krasoòov;;;è.p.;95;;;39601;681590.50;1116519.50;2013-12-01T00:00:00
8828237;547999;Humpolec;;;;;74021;Krasoòov;;;è.p.;96;;;39601;681601.50;1116580.00;2013-12-01T00:00:00
8828245;547999;Humpolec;;;;;74021;Krasoòov;;;è.p.;97;;;39601;681371.43;1116749.46;2017-10-16T00:00:00
8828253;547999;Humpolec;;;;;74021;Krasoòov;;;è.p.;98;;;39601;681554.75;1116327.88;2013-12-01T00:00:00
8828261;547999;Humpolec;;;;;74021;Krasoòov;;;è.p.;99;;;39601;681524.92;1116495.85;2013-12-01T00:00:00
8828270;547999;Humpolec;;;;;74021;Krasoòov;;;è.p.;100;;;39601;681560.25;1116571.38;2013-12-01T00:00:00
8828288;547999;Humpolec;;;;;74021;Krasoòov;;;è.p.;101;;;39601;681599.06;1116640.38;2013-12-01T00:00:00
8828296;547999;Humpolec;;;;;74021;Krasoòov;;;è.p.;102;;;39601;681519.06;1116561.13;2013-12-01T00:00:00
8828300;547999;Humpolec;;;;;74021;Krasoòov;;;è.p.;103;;;39601;681598.44;1116360.50;2013-12-01T00:00:00
8828318;547999;Humpolec;;;;;74021;Krasoòov;;;è.p.;104;;;39601;681604.19;1116719.50;2013-12-01T00:00:00
8828326;547999;Humpolec;;;;;74021;Krasoòov;;;è.p.;105;;;39601;681484.44;1117025.88;2013-12-01T00:00:00
8828334;547999;Humpolec;;;;;74021;Krasoòov;;;è.p.;116;;;39601;681543.00;1116512.00;2013-12-01T00:00:00
8828342;547999;Humpolec;;;;;74021;Krasoòov;;;è.p.;117;;;39601;681597.31;1116340.63;2013-12-01T00:00:00
8828351;547999;Humpolec;;;;;74021;Krasoòov;;;è.p.;118;;;39601;681396.93;1116545.76;2013-12-01T00:00:00
8828369;547999;Humpolec;;;;;74021;Krasoòov;;;è.p.;119;;;39601;681514.56;1116610.63;2013-12-01T00:00:00
8828377;547999;Humpolec;;;;;74021;Krasoòov;;;è.p.;120;;;39601;681631.69;1116329.75;2013-12-01T00:00:00
8828385;547999;Humpolec;;;;;74021;Krasoòov;;;è.p.;121;;;39601;681435.60;1116547.67;2013-12-01T00:00:00
8828393;547999;Humpolec;;;;;74021;Krasoòov;;;è.p.;122;;;39601;681429.44;1116974.88;2013-12-01T00:00:00
8828407;547999;Humpolec;;;;;74021;Krasoòov;;;è.p.;123;;;39601;681600.31;1116405.38;2013-12-01T00:00:00
8828415;547999;Humpolec;;;;;74021;Krasoòov;;;è.p.;124;;;39601;681789.94;1116884.13;2013-12-01T00:00:00
8828440;547999;Humpolec;;;;;74021;Krasoòov;;;è.ev.;3;;;39601;682049.00;1117867.00;2013-12-01T00:00:00
8828458;547999;Humpolec;;;;;74021;Krasoòov;;;è.ev.;4;;;39601;682243.38;1117730.00;2013-12-01T00:00:00
8828466;547999;Humpolec;;;;;74021;Krasoòov;;;è.ev.;5;;;39601;682497.63;1117381.75;2013-12-01T00:00:00
8828474;547999;Humpolec;;;;;74021;Krasoòov;;;è.ev.;6;;;39601;682483.17;1117638.61;2013-12-01T00:00:00
8828482;547999;Humpolec;;;;;74021;Krasoòov;;;è.ev.;7;;;39601;682561.64;1117662.48;2014-02-05T00:00:00
8828491;547999;Humpolec;;;;;74021;Krasoòov;;;è.ev.;8;;;39601;682714.94;1117587.25;2013-12-01T00:00:00
8828504;547999;Humpolec;;;;;74021;Krasoòov;;;è.ev.;9;;;39601;682449.81;1117384.88;2013-12-01T00:00:00
8828512;547999;Humpolec;;;;;74021;Krasoòov;;;è.ev.;10;;;39601;682511.00;1117728.08;2013-12-01T00:00:00
8828521;547999;Humpolec;;;;;74021;Krasoòov;;;è.ev.;11;;;39601;682187.74;1118269.36;2015-11-11T00:00:00
8828539;547999;Humpolec;;;;;74021;Krasoòov;;;è.ev.;12;;;39601;682673.81;1117549.25;2013-12-01T00:00:00
8828547;547999;Humpolec;;;;;74021;Krasoòov;;;è.ev.;13;;;39601;682153.75;1117825.50;2013-12-01T00:00:00
8828555;547999;Humpolec;;;;;74021;Krasoòov;;;è.ev.;14;;;39601;682501.31;1117695.13;2013-12-01T00:00:00
8828571;547999;Humpolec;;;;;74021;Krasoòov;;;è.ev.;16;;;39601;682526.75;1117633.25;2013-12-01T00:00:00
8828580;547999;Humpolec;;;;;74021;Krasoòov;;;è.ev.;17;;;39601;682089.50;1117862.88;2013-12-01T00:00:00
8828598;547999;Humpolec;;;;;74021;Krasoòov;;;è.ev.;18;;;39601;682077.88;1118178.73;2013-12-01T00:00:00
8828601;547999;Humpolec;;;;;74021;Krasoòov;;;è.ev.;19;;;39601;682518.38;1117677.13;2013-12-01T00:00:00
8828628;547999;Humpolec;;;;;74021;Krasoòov;;;è.ev.;21;;;39601;682240.31;1117708.63;2013-12-01T00:00:00
8828636;547999;Humpolec;;;;;74021;Krasoòov;;;è.ev.;22;;;39601;682466.19;1117666.63;2013-12-01T00:00:00
8828644;547999;Humpolec;;;;;74021;Krasoòov;;;è.ev.;23;;;39601;682481.63;1117683.63;2013-12-01T00:00:00
8828652;547999;Humpolec;;;;;74021;Krasoòov;;;è.ev.;24;;;39601;682116.00;1117852.00;2013-12-01T00:00:00
8828661;547999;Humpolec;;;;;74021;Krasoòov;;;è.ev.;25;;;39601;682032.10;1117944.89;2013-12-01T00:00:00
8828679;547999;Humpolec;;;;;74021;Krasoòov;;;è.ev.;26;;;39601;682246.19;1117670.63;2013-12-01T00:00:00
8828687;547999;Humpolec;;;;;74021;Krasoòov;;;è.ev.;27;;;39601;682118.25;1117778.13;2013-12-01T00:00:00
8828695;547999;Humpolec;;;;;74021;Krasoòov;;;è.ev.;28;;;39601;682266.19;1117388.13;2013-12-01T00:00:00
8828709;547999;Humpolec;;;;;74021;Krasoòov;;;è.ev.;29;;;39601;682106.19;1117796.38;2013-12-01T00:00:00
8828717;547999;Humpolec;;;;;74021;Krasoòov;;;è.ev.;30;;;39601;682071.88;1117783.75;2013-12-01T00:00:00
8828725;547999;Humpolec;;;;;74021;Krasoòov;;;è.ev.;31;;;39601;682390.00;1117872.13;2013-12-01T00:00:00
8828733;547999;Humpolec;;;;;74021;Krasoòov;;;è.ev.;32;;;39601;682068.75;1117832.13;2013-12-01T00:00:00
8828741;547999;Humpolec;;;;;74021;Krasoòov;;;è.ev.;33;;;39601;682161.81;1117802.63;2013-12-01T00:00:00
8828750;547999;Humpolec;;;;;74021;Krasoòov;;;è.ev.;34;;;39601;681927.69;1117668.50;2013-12-01T00:00:00
8828768;547999;Humpolec;;;;;74021;Krasoòov;;;è.ev.;35;;;39601;682069.75;1117813.75;2013-12-01T00:00:00
8828792;547999;Humpolec;;;;;74021;Krasoòov;;;è.ev.;38;;;39601;682170.90;1118241.73;2013-12-01T00:00:00
8828806;547999;Humpolec;;;;;74021;Krasoòov;;;è.ev.;39;;;39601;681535.78;1116360.42;2026-02-06T00:00:00
8828814;547999;Humpolec;;;;;74021;Krasoòov;;;è.ev.;40;;;39601;682356.25;1117957.63;2013-12-01T00:00:00
8828822;547999;Humpolec;;;;;74021;Krasoòov;;;è.ev.;41;;;39601;681365.56;1116532.88;2013-12-01T00:00:00
8828831;547999;Humpolec;;;;;74021;Krasoòov;;;è.ev.;42;;;39601;682510.38;1117425.50;2013-12-01T00:00:00
8828849;547999;Humpolec;;;;;74021;Krasoòov;;;è.ev.;43;;;39601;682247.38;1117692.25;2013-12-01T00:00:00
8828857;547999;Humpolec;;;;;74021;Krasoòov;;;è.ev.;44;;;39601;682106.28;1117336.67;2013-12-01T00:00:00
8828865;547999;Humpolec;;;;;74021;Krasoòov;;;è.ev.;45;;;39601;682549.56;1117606.50;2013-12-01T00:00:00
8828873;547999;Humpolec;;;;;74021;Krasoòov;;;è.ev.;46;;;39601;682549.44;1117432.13;2013-12-01T00:00:00
8828881;547999;Humpolec;;;;;74021;Krasoòov;;;è.ev.;47;;;39601;682059.13;1117890.75;2013-12-01T00:00:00
8828890;547999;Humpolec;;;;;74021;Krasoòov;;;è.ev.;48;;;39601;682084.19;1118228.75;2013-12-01T00:00:00
8828903;547999;Humpolec;;;;;74021;Krasoòov;;;è.ev.;49;;;39601;682099.69;1117771.38;2013-12-01T00:00:00
8828911;547999;Humpolec;;;;;74021;Krasoòov;;;è.ev.;50;;;39601;682145.55;1117367.45;2013-12-01T00:00:00
8828920;547999;Humpolec;;;;;74021;Krasoòov;;;è.ev.;51;;;39601;682522.13;1117409.63;2013-12-01T00:00:00
8828938;547999;Humpolec;;;;;74021;Krasoòov;;;è.ev.;52;;;39601;682039.75;1117888.88;2013-12-01T00:00:00
8828946;547999;Humpolec;;;;;74021;Krasoòov;;;è.ev.;53;;;39601;682001.61;1117058.70;2013-12-01T00:00:00
8828954;547999;Humpolec;;;;;74021;Krasoòov;;;è.ev.;54;;;39601;682645.00;1117140.00;2013-12-01T00:00:00
8828971;547999;Humpolec;;;;;74021;Krasoòov;;;è.ev.;56;;;39601;682537.56;1117704.00;2013-12-01T00:00:00
8828989;547999;Humpolec;;;;;74021;Krasoòov;;;è.ev.;57;;;39601;682080.56;1117766.75;2013-12-01T00:00:00
8828997;547999;Humpolec;;;;;74021;Krasoòov;;;è.ev.;58;;;39601;682079.56;1117323.88;2013-12-01T00:00:00
8829012;547999;Humpolec;;;;;74021;Krasoòov;;;è.ev.;60;;;39601;682119.38;1117342.13;2013-12-01T00:00:00
8829021;547999;Humpolec;;;;;74021;Krasoòov;;;è.ev.;61;;;39601;682529.38;1117429.82;2013-12-01T00:00:00
8829039;547999;Humpolec;;;;;74021;Krasoòov;;;è.ev.;62;;;39601;682481.55;1117398.47;2013-12-01T00:00:00
8829047;547999;Humpolec;;;;;74021;Krasoòov;;;è.ev.;63;;;39601;682559.38;1117696.88;2013-12-01T00:00:00
8829055;547999;Humpolec;;;;;74021;Krasoòov;;;è.ev.;64;;;39601;682222.69;1117743.88;2013-12-01T00:00:00
8829063;547999;Humpolec;;;;;74021;Krasoòov;;;è.ev.;65;;;39601;682219.91;1117424.09;2013-12-01T00:00:00
8829071;547999;Humpolec;;;;;74021;Krasoòov;;;è.ev.;66;;;39601;682510.19;1117598.82;2013-12-01T00:00:00
8829080;547999;Humpolec;;;;;74021;Krasoòov;;;è.ev.;67;;;39601;682261.00;1117414.00;2013-12-01T00:00:00
8829098;547999;Humpolec;;;;;74021;Krasoòov;;;è.ev.;68;;;39601;682568.44;1117633.25;2013-12-01T00:00:00
8829101;547999;Humpolec;;;;;74021;Krasoòov;;;è.ev.;69;;;39601;682504.19;1117614.75;2013-12-01T00:00:00
8829110;547999;Humpolec;;;;;74021;Krasoòov;;;è.ev.;70;;;39601;682161.47;1117380.00;2013-12-01T00:00:00
8829128;547999;Humpolec;;;;;74021;Krasoòov;;;è.ev.;71;;;39601;682493.00;1117580.00;2013-12-01T00:00:00
8829144;547999;Humpolec;;;;;74021;Krasoòov;;;è.ev.;73;;;39601;682142.97;1117802.22;2013-12-01T00:00:00
8829152;547999;Humpolec;;;;;74021;Krasoòov;;;è.ev.;74;;;39601;682588.90;1117574.00;2013-12-01T00:00:00
8829161;547999;Humpolec;;;;;74021;Krasoòov;;;è.ev.;75;;;39601;682585.84;1117568.00;2013-12-01T00:00:00
8829179;547999;Humpolec;;;;;74021;Krasoòov;;;è.ev.;76;;;39601;682229.79;1117410.00;2013-12-01T00:00:00
8834041;547999;Humpolec;;;;;81345;Lhotka;;;è.p.;1;;;39601;689707.57;1109447.43;2022-10-23T00:00:00
8834059;547999;Humpolec;;;;;81345;Lhotka;;;è.p.;2;;;39601;689434.81;1109718.13;2013-12-01T00:00:00
8834067;547999;Humpolec;;;;;81345;Lhotka;;;è.p.;3;;;39601;689696.40;1109400.36;2022-10-23T00:00:00
8834075;547999;Humpolec;;;;;81345;Lhotka;;;è.p.;4;;;39601;689628.33;1109486.10;2022-10-23T00:00:00
8834083;547999;Humpolec;;;;;81345;Lhotka;;;è.p.;5;;;39601;689647.75;1109495.91;2022-10-23T00:00:00
8834091;547999;Humpolec;;;;;81345;Lhotka;;;è.p.;7;;;39601;689692.82;1109521.79;2022-10-23T00:00:00
8834105;547999;Humpolec;;;;;81345;Lhotka;;;è.p.;8;;;39601;689631.27;1109566.04;2022-10-23T00:00:00
8834113;547999;Humpolec;;;;;81345;Lhotka;;;è.p.;9;;;39601;689592.38;1109531.50;2013-12-01T00:00:00
8834121;547999;Humpolec;;;;;81345;Lhotka;;;è.p.;10;;;39601;689583.38;1109573.75;2013-12-01T00:00:00
8834130;547999;Humpolec;;;;;81345;Lhotka;;;è.p.;11;;;39601;689726.03;1109598.59;2022-10-23T00:00:00
8834148;547999;Humpolec;;;;;81345;Lhotka;;;è.p.;13;;;39601;689563.00;1109658.00;2013-12-01T00:00:00
8834164;547999;Humpolec;;;;;81345;Lhotka;;;è.p.;15;;;39601;689536.67;1109725.14;2022-10-23T00:00:00
8834172;547999;Humpolec;;;;;81345;Lhotka;;;è.p.;16;;;39601;689298.06;1109770.13;2013-12-01T00:00:00
8834181;547999;Humpolec;;;;;81345;Lhotka;;;è.p.;17;;;39601;689601.22;1109518.05;2022-10-23T00:00:00
8834199;547999;Humpolec;;;;;81345;Lhotka;;;è.p.;18;;;39601;689703.88;1109535.38;2013-12-01T00:00:00
8834202;547999;Humpolec;;;;;81345;Lhotka;;;è.p.;20;;;39601;689560.50;1109637.13;2013-12-01T00:00:00
8834211;547999;Humpolec;;;;;81345;Lhotka;;;è.p.;21;;;39601;689516.71;1109697.10;2022-10-23T00:00:00
8834229;547999;Humpolec;;;;;81345;Lhotka;;;è.p.;22;;;39601;689671.63;1109460.00;2013-12-01T00:00:00
8834237;547999;Humpolec;;;;;81345;Lhotka;;;è.p.;23;;;39601;689330.89;1109764.37;2022-10-23T00:00:00
8834253;547999;Humpolec;;;;;81345;Lhotka;;;è.p.;25;;;39601;689399.87;1109748.50;2022-10-23T00:00:00
8834261;547999;Humpolec;;;;;81345;Lhotka;;;è.p.;26;;;39601;689434.42;1109737.94;2022-10-23T00:00:00
8834270;547999;Humpolec;;;;;81345;Lhotka;;;è.p.;27;;;39601;689321.56;1109757.25;2013-12-01T00:00:00
8834288;547999;Humpolec;;;;;81345;Lhotka;;;è.p.;28;;;39601;689563.88;1109681.31;2023-01-10T00:00:00
8849960;547999;Humpolec;;;;;119946;Petrovice;;;è.p.;1;;;39601;689592.03;1111220.78;2022-10-23T00:00:00
8849978;547999;Humpolec;;;;;119946;Petrovice;;;è.p.;2;;;39601;689560.75;1111228.31;2022-10-23T00:00:00
8849994;547999;Humpolec;;;;;119946;Petrovice;;;è.p.;4;;;39601;689495.38;1111263.00;2013-12-01T00:00:00
8850003;547999;Humpolec;;;;;119946;Petrovice;;;è.p.;5;;;39601;689536.01;1111352.74;2022-10-23T00:00:00
8850011;547999;Humpolec;;;;;119946;Petrovice;;;è.p.;6;;;39601;689462.27;1111219.52;2022-10-23T00:00:00
8850020;547999;Humpolec;;;;;119946;Petrovice;;;è.p.;7;;;39601;689430.79;1111203.57;2022-10-23T00:00:00
8850038;547999;Humpolec;;;;;119946;Petrovice;;;è.p.;8;;;39601;689361.28;1111122.24;2022-10-23T00:00:00
8850046;547999;Humpolec;;;;;119946;Petrovice;;;è.p.;9;;;39601;689332.94;1111073.30;2022-10-23T00:00:00
8850054;547999;Humpolec;;;;;119946;Petrovice;;;è.p.;10;;;39601;689379.56;1111462.66;2022-10-23T00:00:00
8850062;547999;Humpolec;;;;;119946;Petrovice;;;è.p.;11;;;39601;689397.03;1111056.56;2022-10-23T00:00:00
8850071;547999;Humpolec;;;;;119946;Petrovice;;;è.p.;12;;;39601;689516.06;1111104.63;2013-12-01T00:00:00
8850089;547999;Humpolec;;;;;119946;Petrovice;;;è.p.;13;;;39601;689843.88;1111021.75;2013-12-01T00:00:00
8850097;547999;Humpolec;;;;;119946;Petrovice;;;è.p.;14;;;39601;689802.28;1111052.63;2013-12-01T00:00:00
8850127;547999;Humpolec;;;;;119946;Petrovice;;;è.p.;17;;;39601;689799.36;1111093.03;2022-10-23T00:00:00
8850135;547999;Humpolec;;;;;119946;Petrovice;;;è.p.;18;;;39601;689775.38;1111095.50;2013-12-01T00:00:00
8850143;547999;Humpolec;;;;;119946;Petrovice;;;è.p.;19;;;39601;689760.35;1111100.01;2022-10-23T00:00:00
8850151;547999;Humpolec;;;;;119946;Petrovice;;;è.p.;20;;;39601;689659.90;1111146.68;2013-12-01T00:00:00
8850160;547999;Humpolec;;;;;119946;Petrovice;;;è.p.;21;;;39601;689649.82;1111164.41;2022-10-23T00:00:00
8850178;547999;Humpolec;;;;;119946;Petrovice;;;è.p.;22;;;39601;688505.64;1110205.10;2022-10-23T00:00:00
8850186;547999;Humpolec;;;;;119946;Petrovice;;;è.p.;23;;;39601;688428.06;1110226.50;2013-12-01T00:00:00
8850194;547999;Humpolec;;;;;119946;Petrovice;;;è.p.;24;;;39601;689682.19;1112832.25;2013-12-01T00:00:00
8850208;547999;Humpolec;;;;;119946;Petrovice;;;è.p.;25;;;39601;689672.38;1112866.38;2013-12-01T00:00:00
8850216;547999;Humpolec;;;;;119946;Petrovice;;;è.p.;26;;;39601;689714.81;1112835.13;2013-12-01T00:00:00
8850224;547999;Humpolec;;;;;119946;Petrovice;;;è.p.;27;;;39601;689490.89;1111250.19;2022-10-23T00:00:00
8850232;547999;Humpolec;;;;;119946;Petrovice;;;è.p.;28;;;39601;689461.84;1111022.15;2022-10-23T00:00:00
8850241;547999;Humpolec;;;;;119946;Petrovice;;;è.p.;29;;;39601;689819.24;1111031.38;2022-10-23T00:00:00
8850267;547999;Humpolec;;;;;119946;Petrovice;;;è.p.;31;;;39601;689878.75;1111114.50;2013-12-01T00:00:00
8850275;547999;Humpolec;;;;;119946;Petrovice;;;è.p.;32;;;39601;689820.80;1111120.74;2022-10-23T00:00:00
8850283;547999;Humpolec;;;;;119946;Petrovice;;;è.p.;33;;;39601;689447.99;1111036.74;2022-10-23T00:00:00
8850291;547999;Humpolec;;;;;119946;Petrovice;;;è.p.;34;;;39601;689509.00;1111244.75;2013-12-01T00:00:00
8850305;547999;Humpolec;;;;;119946;Petrovice;;;è.p.;35;;;39601;689339.30;1112692.00;2022-10-23T00:00:00
8850313;547999;Humpolec;;;;;119946;Petrovice;;;è.p.;36;;;39601;688677.76;1111609.84;2022-10-23T00:00:00
8850321;547999;Humpolec;;;;;119946;Petrovice;;;è.p.;37;;;39601;689487.18;1111251.62;2022-10-23T00:00:00
8850330;547999;Humpolec;;;;;119946;Petrovice;;;è.p.;38;;;39601;689427.06;1111014.25;2013-12-01T00:00:00
8850348;547999;Humpolec;;;;;119946;Petrovice;;;è.p.;39;;;39601;689364.36;1111435.61;2022-10-23T00:00:00
8850356;547999;Humpolec;;;;;119946;Petrovice;;;è.p.;40;;;39601;689391.56;1111437.13;2013-12-01T00:00:00
8850364;547999;Humpolec;;;;;119946;Petrovice;;;è.p.;41;;;39601;689894.70;1110908.59;2022-10-23T00:00:00
8850372;547999;Humpolec;;;;;119946;Petrovice;;;è.p.;42;;;39601;689835.56;1111081.25;2013-12-01T00:00:00
8850381;547999;Humpolec;;;;;119946;Petrovice;;;è.p.;43;;;39601;689729.81;1111115.57;2022-10-23T00:00:00
8850399;547999;Humpolec;;;;;119946;Petrovice;;;è.p.;44;;;39601;689413.71;1111181.49;2022-10-23T00:00:00
8850402;547999;Humpolec;;;;;119946;Petrovice;;;è.p.;45;;;39601;688696.88;1111500.03;2022-10-23T00:00:00
8850411;547999;Humpolec;;;;;119946;Petrovice;;;è.p.;46;;;39601;689576.81;1111294.00;2013-12-01T00:00:00
8850429;547999;Humpolec;;;;;119946;Petrovice;;;è.p.;47;;;39601;688694.82;1111661.10;2022-10-23T00:00:00
8850437;547999;Humpolec;;;;;119946;Petrovice;;;è.p.;48;;;39601;688740.61;1111652.87;2022-10-23T00:00:00
8850445;547999;Humpolec;;;;;119946;Petrovice;;;è.p.;49;;;39601;688765.00;1111650.88;2013-12-01T00:00:00
8850453;547999;Humpolec;;;;;119946;Petrovice;;;è.p.;50;;;39601;688798.50;1111646.00;2013-12-01T00:00:00
8850461;547999;Humpolec;;;;;119946;Petrovice;;;è.p.;51;;;39601;688829.50;1111633.50;2013-12-01T00:00:00
8850470;547999;Humpolec;;;;;119946;Petrovice;;;è.p.;52;;;39601;688852.69;1111629.00;2013-12-01T00:00:00
8850488;547999;Humpolec;;;;;119946;Petrovice;;;è.p.;53;;;39601;689305.51;1111531.23;2022-10-23T00:00:00
8850496;547999;Humpolec;;;;;119946;Petrovice;;;è.p.;54;;;39601;689692.25;1111131.88;2013-12-01T00:00:00
8850500;547999;Humpolec;;;;;119946;Petrovice;;;è.p.;55;;;39601;689245.22;1111550.02;2022-10-23T00:00:00
8850518;547999;Humpolec;;;;;119946;Petrovice;;;è.p.;56;;;39601;689272.03;1111540.60;2022-10-23T00:00:00
8850526;547999;Humpolec;;;;;119946;Petrovice;;;è.p.;57;;;39601;688775.92;1111645.31;2022-10-23T00:00:00
8850534;547999;Humpolec;;;;;119946;Petrovice;;;è.p.;58;;;39601;688879.99;1111624.78;2022-10-23T00:00:00
8850542;547999;Humpolec;;;;;119946;Petrovice;;;è.p.;59;;;39601;688909.79;1111617.66;2022-10-23T00:00:00
8850551;547999;Humpolec;;;;;119946;Petrovice;;;è.p.;60;;;39601;689214.87;1111558.95;2022-10-23T00:00:00
8850569;547999;Humpolec;;;;;119946;Petrovice;;;è.p.;61;;;39601;689494.09;1111257.63;2022-10-23T00:00:00
8850577;547999;Humpolec;;;;;119946;Petrovice;;;è.p.;62;;;39601;689848.94;1111132.75;2013-12-01T00:00:00
8850585;547999;Humpolec;;;;;119946;Petrovice;;;è.p.;63;;;39601;688678.13;1111595.50;2013-12-01T00:00:00
8850593;547999;Humpolec;;;;;119946;Petrovice;;;è.p.;64;;;39601;689490.37;1111259.39;2022-10-23T00:00:00
8850607;547999;Humpolec;;;;;119946;Petrovice;;;è.p.;65;;;39601;689820.69;1111114.70;2026-02-26T00:00:00
8850615;547999;Humpolec;;;;;119946;Petrovice;;;è.p.;66;;;39601;689160.38;1111579.00;2013-12-01T00:00:00
8850623;547999;Humpolec;;;;;119946;Petrovice;;;è.p.;68;;;39601;689857.63;1111156.25;2013-12-01T00:00:00
8850631;547999;Humpolec;;;;;119946;Petrovice;;;è.p.;69;;;39601;689487.97;1111147.76;2022-10-23T00:00:00
8850640;547999;Humpolec;;;;;119946;Petrovice;;;è.p.;70;;;39601;689334.55;1111586.36;2022-10-23T00:00:00
8850658;547999;Humpolec;;;;;119946;Petrovice;;;è.p.;71;;;39601;689342.31;1111525.25;2013-12-01T00:00:00
8850666;547999;Humpolec;;;;;119946;Petrovice;;;è.p.;72;;;39601;688703.38;1111678.25;2013-12-01T00:00:00
8850674;547999;Humpolec;;;;;119946;Petrovice;;;è.p.;73;;;39601;689280.31;1111599.63;2013-12-01T00:00:00
8850682;547999;Humpolec;;;;;119946;Petrovice;;;è.p.;74;;;39601;689298.50;1111594.63;2013-12-01T00:00:00
8850691;547999;Humpolec;;;;;119946;Petrovice;;;è.p.;75;;;39601;689868.80;1111153.08;2022-10-23T00:00:00
8850704;547999;Humpolec;;;;;119946;Petrovice;;;è.p.;76;;;39601;689514.81;1111304.00;2013-12-01T00:00:00
8850712;547999;Humpolec;;;;;119946;Petrovice;;;è.p.;77;;;39601;689549.94;1111369.25;2013-12-01T00:00:00
8850721;547999;Humpolec;;;;;119946;Petrovice;;;è.p.;78;;;39601;689439.94;1111434.25;2013-12-01T00:00:00
8850739;547999;Humpolec;;;;;119946;Petrovice;;;è.p.;80;;;39601;689353.94;1111573.63;2013-12-01T00:00:00
8850747;547999;Humpolec;;;;;119946;Petrovice;;;è.p.;82;;;39601;689462.75;1111426.80;2013-12-01T00:00:00
8850755;547999;Humpolec;;;;;119946;Petrovice;;;è.p.;83;;;39601;689471.62;1111423.74;2013-12-01T00:00:00
8850763;547999;Humpolec;;;;;119946;Petrovice;;;è.p.;84;;;39601;689490.53;1111416.74;2013-12-01T00:00:00
8850771;547999;Humpolec;;;;;119946;Petrovice;;;è.p.;85;;;39601;689499.22;1111413.80;2013-12-01T00:00:00
8850780;547999;Humpolec;;;;;119946;Petrovice;;;è.p.;86;;;39601;689317.13;1111587.25;2013-12-01T00:00:00
8850798;547999;Humpolec;;;;;119946;Petrovice;;;è.p.;87;;;39601;689470.64;1111281.60;2022-10-23T00:00:00
8850801;547999;Humpolec;;;;;119946;Petrovice;;;è.p.;88;;;39601;689474.11;1111288.15;2022-10-23T00:00:00
8850810;547999;Humpolec;;;;;119946;Petrovice;;;è.p.;89;;;39601;689476.58;1111294.64;2022-10-23T00:00:00
8850828;547999;Humpolec;;;;;119946;Petrovice;;;è.p.;90;;;39601;689479.24;1111301.61;2022-10-23T00:00:00
8850836;547999;Humpolec;;;;;119946;Petrovice;;;è.p.;91;;;39601;689482.50;1111305.88;2013-12-01T00:00:00
8850844;547999;Humpolec;;;;;119946;Petrovice;;;è.p.;92;;;39601;689484.81;1111312.63;2013-12-01T00:00:00
8850852;547999;Humpolec;;;;;119946;Petrovice;;;è.p.;96;;;39601;689516.13;1111278.63;2013-12-01T00:00:00
8850861;547999;Humpolec;;;;;119946;Petrovice;;;è.p.;97;;;39601;689542.90;1111226.35;2022-10-23T00:00:00
8850879;547999;Humpolec;;;;;119946;Petrovice;;;è.p.;98;;;39601;689429.07;1111173.10;2013-12-01T00:00:00
8850887;547999;Humpolec;;;;;119946;Petrovice;;;è.p.;99;;;39601;689793.94;1111106.85;2013-12-01T00:00:00
8850895;547999;Humpolec;;;;;119946;Petrovice;;;è.p.;100;;;39601;689390.28;1111093.58;2022-10-23T00:00:00
8850909;547999;Humpolec;;;;;119946;Petrovice;;;è.p.;101;;;39601;689457.00;1111377.00;2013-12-01T00:00:00
8850917;547999;Humpolec;;;;;119946;Petrovice;;;è.p.;102;;;39601;689409.72;1111163.05;2022-10-23T00:00:00
8850925;547999;Humpolec;;;;;119946;Petrovice;;;è.p.;103;;;39601;689599.81;1111332.38;2013-12-01T00:00:00
8850933;547999;Humpolec;;;;;119946;Petrovice;;;è.p.;104;;;39601;689434.03;1111063.95;2013-12-01T00:00:00
8850941;547999;Humpolec;;;;;119946;Petrovice;;;è.p.;105;;;39601;689598.29;1111182.52;2022-10-23T00:00:00
8850950;547999;Humpolec;;;;;119946;Petrovice;;;è.ev.;1;;;39601;689387.94;1112830.00;2013-12-01T00:00:00
8850968;547999;Humpolec;;;;;119946;Petrovice;;;è.ev.;2;;;39601;689314.11;1112578.15;2022-10-23T00:00:00
8850976;547999;Humpolec;;;;;119946;Petrovice;;;è.ev.;3;;;39601;689393.50;1112836.00;2013-12-01T00:00:00
8850984;547999;Humpolec;;;;;119946;Petrovice;;;è.ev.;4;;;39601;689831.87;1112800.84;2022-10-23T00:00:00
8850992;547999;Humpolec;;;;;119946;Petrovice;;;è.ev.;5;;;39601;690345.31;1112763.75;2013-12-01T00:00:00
8851000;547999;Humpolec;;;;;119946;Petrovice;;;è.ev.;6;;;39601;689765.59;1112806.14;2022-10-23T00:00:00
8851018;547999;Humpolec;;;;;119946;Petrovice;;;è.ev.;7;;;39601;690376.98;1112784.58;2022-10-23T00:00:00
8851026;547999;Humpolec;;;;;119946;Petrovice;;;è.ev.;8;;;39601;689336.75;1112592.13;2013-12-01T00:00:00
8851034;547999;Humpolec;;;;;119946;Petrovice;;;è.ev.;9;;;39601;689770.47;1112822.59;2022-10-23T00:00:00
8851042;547999;Humpolec;;;;;119946;Petrovice;;;è.ev.;10;;;39601;689744.55;1112824.97;2022-10-23T00:00:00
8851051;547999;Humpolec;;;;;119946;Petrovice;;;è.ev.;11;;;39601;689756.52;1112823.80;2022-10-23T00:00:00
8851077;547999;Humpolec;;;;;121223;Plaèkov;;;è.p.;1;;;39601;681202.78;1113822.58;2022-10-23T00:00:00
8851085;547999;Humpolec;;;;;121223;Plaèkov;;;è.p.;2;;;39601;681132.00;1113766.00;2013-12-01T00:00:00
8851093;547999;Humpolec;;;;;121223;Plaèkov;;;è.p.;3;;;39601;681113.03;1113774.20;2022-10-23T00:00:00
8851107;547999;Humpolec;;;;;121223;Plaèkov;;;è.p.;4;;;39601;681101.04;1113781.86;2022-10-23T00:00:00
8851115;547999;Humpolec;;;;;121223;Plaèkov;;;è.p.;5;;;39601;681140.35;1113787.34;2022-10-23T00:00:00
8851123;547999;Humpolec;;;;;121223;Plaèkov;;;è.p.;6;;;39601;681162.94;1113760.65;2022-10-23T00:00:00
8851131;547999;Humpolec;;;;;121223;Plaèkov;;;è.p.;7;;;39601;681158.65;1113779.63;2022-10-23T00:00:00
8851140;547999;Humpolec;;;;;121223;Plaèkov;;;è.p.;8;;;39601;681170.75;1113808.13;2013-12-01T00:00:00
8851158;547999;Humpolec;;;;;121223;Plaèkov;;;è.p.;9;;;39601;681215.05;1113784.50;2022-10-23T00:00:00
8851166;547999;Humpolec;;;;;121223;Plaèkov;;;è.p.;10;;;39601;681184.63;1113773.75;2013-12-01T00:00:00
8851174;547999;Humpolec;;;;;121223;Plaèkov;;;è.p.;11;;;39601;681178.00;1113776.00;2013-12-01T00:00:00
8851182;547999;Humpolec;;;;;121223;Plaèkov;;;è.p.;12;;;39601;681195.77;1113750.01;2022-10-23T00:00:00
8851191;547999;Humpolec;;;;;121223;Plaèkov;;;è.p.;13;;;39601;681175.00;1113739.00;2013-12-01T00:00:00
8851204;547999;Humpolec;;;;;121223;Plaèkov;;;è.p.;14;;;39601;681174.00;1113693.88;2013-12-01T00:00:00
8851212;547999;Humpolec;;;;;121223;Plaèkov;;;è.p.;15;;;39601;681182.69;1113667.13;2013-12-01T00:00:00
8851221;547999;Humpolec;;;;;121223;Plaèkov;;;è.p.;16;;;39601;681237.88;1113691.51;2022-10-23T00:00:00
8851239;547999;Humpolec;;;;;121223;Plaèkov;;;è.p.;17;;;39601;681228.66;1113636.00;2022-10-23T00:00:00
8851247;547999;Humpolec;;;;;121223;Plaèkov;;;è.p.;18;;;39601;681142.60;1113603.40;2022-10-23T00:00:00
8851255;547999;Humpolec;;;;;121223;Plaèkov;;;è.p.;19;;;39601;681362.66;1113478.47;2022-10-23T00:00:00
8851263;547999;Humpolec;;;;;121223;Plaèkov;;;è.p.;21;;;39601;681295.74;1113380.92;2022-10-23T00:00:00
8851271;547999;Humpolec;;;;;121223;Plaèkov;;;è.p.;22;;;39601;681196.96;1113384.48;2022-10-23T00:00:00
8851280;547999;Humpolec;;;;;121223;Plaèkov;;;è.p.;23;;;39601;681201.74;1113527.71;2022-10-23T00:00:00
8851298;547999;Humpolec;;;;;121223;Plaèkov;;;è.p.;24;;;39601;681232.25;1113734.38;2013-12-01T00:00:00
8851301;547999;Humpolec;;;;;121223;Plaèkov;;;è.p.;25;;;39601;681129.08;1113787.95;2022-03-28T00:00:00
8851310;547999;Humpolec;;;;;121223;Plaèkov;;;è.p.;26;;;39601;681201.49;1113422.56;2022-10-23T00:00:00
8851328;547999;Humpolec;;;;;121223;Plaèkov;;;è.p.;27;;;39601;681241.59;1113347.37;2022-10-23T00:00:00
8851336;547999;Humpolec;;;;;121223;Plaèkov;;;è.p.;28;;;39601;681192.50;1113627.07;2013-12-01T00:00:00
8851344;547999;Humpolec;;;;;121223;Plaèkov;;;è.p.;29;;;39601;681103.81;1113807.75;2013-12-01T00:00:00
8851352;547999;Humpolec;;;;;121223;Plaèkov;;;è.p.;30;;;39601;681234.50;1113785.88;2013-12-01T00:00:00
8851361;547999;Humpolec;;;;;121223;Plaèkov;;;è.p.;31;;;39601;681112.00;1113812.00;2013-12-01T00:00:00
8851379;547999;Humpolec;;;;;121223;Plaèkov;;;è.p.;32;;;39601;681185.82;1113677.49;2022-10-23T00:00:00
8851387;547999;Humpolec;;;;;121223;Plaèkov;;;è.p.;33;;;39601;681176.66;1113794.64;2022-10-23T00:00:00
8851395;547999;Humpolec;;;;;121223;Plaèkov;;;è.p.;34;;;39601;681261.94;1113764.63;2013-12-01T00:00:00
8851409;547999;Humpolec;;;;;121223;Plaèkov;;;è.p.;35;;;39601;681027.33;1113825.22;2022-10-23T00:00:00
8851417;547999;Humpolec;;;;;121223;Plaèkov;;;è.p.;36;;;39601;681109.18;1113869.60;2022-10-23T00:00:00
8851425;547999;Humpolec;;;;;121223;Plaèkov;;;è.p.;37;;;39601;681365.32;1113564.63;2022-10-23T00:00:00
8851433;547999;Humpolec;;;;;121223;Plaèkov;;;è.p.;38;;;39601;681277.00;1113766.13;2013-12-01T00:00:00
8851441;547999;Humpolec;;;;;121223;Plaèkov;;;è.p.;39;;;39601;681301.30;1113749.34;2022-10-23T00:00:00
8851450;547999;Humpolec;;;;;121223;Plaèkov;;;è.p.;40;;;39601;681090.63;1113696.75;2013-12-01T00:00:00
8851468;547999;Humpolec;;;;;121223;Plaèkov;;;è.p.;41;;;39601;681164.00;1113847.38;2013-12-01T00:00:00
8851476;547999;Humpolec;;;;;121223;Plaèkov;;;è.p.;42;;;39601;681314.96;1113749.33;2022-10-23T00:00:00
8851484;547999;Humpolec;;;;;121223;Plaèkov;;;è.p.;43;;;39601;681215.00;1113815.00;2013-12-01T00:00:00
8851492;547999;Humpolec;;;;;121223;Plaèkov;;;è.p.;44;;;39601;681239.00;1113834.50;2013-12-01T00:00:00
8851506;547999;Humpolec;;;;;121223;Plaèkov;;;è.p.;45;;;39601;681072.94;1113874.38;2013-12-01T00:00:00
8851514;547999;Humpolec;;;;;121223;Plaèkov;;;è.p.;46;;;39601;681335.73;1113539.18;2022-10-23T00:00:00
8851522;547999;Humpolec;;;;;121223;Plaèkov;;;è.p.;47;;;39601;681312.42;1113551.26;2022-10-23T00:00:00
8851531;547999;Humpolec;;;;;121223;Plaèkov;;;è.p.;48;;;39601;681361.32;1113644.88;2022-10-23T00:00:00
8851549;547999;Humpolec;;;;;121223;Plaèkov;;;è.p.;49;;;39601;681368.68;1113666.65;2022-10-23T00:00:00
8851557;547999;Humpolec;;;;;121223;Plaèkov;;;è.p.;50;;;39601;681316.33;1113595.33;2022-10-23T00:00:00
8851565;547999;Humpolec;;;;;121223;Plaèkov;;;è.p.;51;;;39601;681302.00;1113610.00;2013-12-01T00:00:00
8851573;547999;Humpolec;;;;;121223;Plaèkov;;;è.p.;52;;;39601;681266.00;1113838.00;2013-12-01T00:00:00
8851581;547999;Humpolec;;;;;121223;Plaèkov;;;è.p.;53;;;39601;681374.94;1113743.38;2013-12-01T00:00:00
8851590;547999;Humpolec;;;;;121223;Plaèkov;;;è.p.;54;;;39601;681295.44;1113802.25;2013-12-01T00:00:00
8851603;547999;Humpolec;;;;;121223;Plaèkov;;;è.p.;55;;;39601;681343.00;1113575.00;2013-12-01T00:00:00
8851611;547999;Humpolec;;;;;121223;Plaèkov;;;è.p.;56;;;39601;681295.44;1113784.00;2013-12-01T00:00:00
8851620;547999;Humpolec;;;;;121223;Plaèkov;;;è.p.;57;;;39601;681346.15;1113632.92;2022-10-23T00:00:00
8851638;547999;Humpolec;;;;;121223;Plaèkov;;;è.p.;58;;;39601;681218.81;1113868.39;2022-10-23T00:00:00
8851646;547999;Humpolec;;;;;121223;Plaèkov;;;è.p.;59;;;39601;681326.82;1113649.36;2022-10-23T00:00:00
8851654;547999;Humpolec;;;;;121223;Plaèkov;;;è.p.;60;;;39601;681293.00;1113840.00;2013-12-01T00:00:00
8851662;547999;Humpolec;;;;;121223;Plaèkov;;;è.p.;61;;;39601;681364.63;1113782.63;2013-12-01T00:00:00
8851671;547999;Humpolec;;;;;121223;Plaèkov;;;è.p.;62;;;39601;681353.37;1113363.62;2022-10-23T00:00:00
8851689;547999;Humpolec;;;;;121223;Plaèkov;;;è.p.;63;;;39601;681070.38;1113752.13;2013-12-01T00:00:00
8851697;547999;Humpolec;;;;;121223;Plaèkov;;;è.p.;64;;;39601;681191.38;1113774.00;2013-12-01T00:00:00
8851701;547999;Humpolec;;;;;121223;Plaèkov;;;è.p.;65;;;39601;681236.03;1113740.59;2022-10-23T00:00:00
8851719;547999;Humpolec;;;;;121223;Plaèkov;;;è.p.;66;;;39601;681090.88;1113891.75;2013-12-01T00:00:00
8851727;547999;Humpolec;;;;;121223;Plaèkov;;;è.p.;67;;;39601;681229.00;1113504.00;2013-12-01T00:00:00
8851735;547999;Humpolec;;;;;121223;Plaèkov;;;è.p.;68;;;39601;681228.41;1113473.09;2022-10-23T00:00:00
8851743;547999;Humpolec;;;;;121223;Plaèkov;;;è.p.;69;;;39601;681243.00;1113852.00;2013-12-01T00:00:00
8851751;547999;Humpolec;;;;;121223;Plaèkov;;;è.p.;70;;;39601;681123.00;1113643.00;2013-12-01T00:00:00
8851760;547999;Humpolec;;;;;121223;Plaèkov;;;è.p.;71;;;39601;681240.00;1113551.00;2013-12-01T00:00:00
8851778;547999;Humpolec;;;;;121223;Plaèkov;;;è.p.;72;;;39601;681332.25;1113580.23;2022-10-23T00:00:00
8851786;547999;Humpolec;;;;;121223;Plaèkov;;;è.p.;73;;;39601;681230.00;1113525.00;2013-12-01T00:00:00
8851794;547999;Humpolec;;;;;121223;Plaèkov;;;è.p.;74;;;39601;681250.00;1113582.00;2013-12-01T00:00:00
8851808;547999;Humpolec;;;;;121223;Plaèkov;;;è.p.;75;;;39601;681226.56;1113892.60;2022-10-23T00:00:00
8851816;547999;Humpolec;;;;;121223;Plaèkov;;;è.p.;76;;;39601;681395.19;1113527.00;2013-12-01T00:00:00
8851824;547999;Humpolec;;;;;121223;Plaèkov;;;è.p.;77;;;39601;681040.75;1113839.63;2013-12-01T00:00:00
8851832;547999;Humpolec;;;;;121223;Plaèkov;;;è.p.;78;;;39601;681062.09;1113819.94;2022-10-23T00:00:00
8851841;547999;Humpolec;;;;;121223;Plaèkov;;;è.p.;79;;;39601;681147.25;1113884.38;2013-12-01T00:00:00
8851859;547999;Humpolec;;;;;121223;Plaèkov;;;è.p.;80;;;39601;681173.38;1113860.88;2013-12-01T00:00:00
8851867;547999;Humpolec;;;;;121223;Plaèkov;;;è.p.;81;;;39601;681327.31;1113829.13;2013-12-01T00:00:00
8851883;547999;Humpolec;;;;;121223;Plaèkov;;;è.p.;83;;;39601;681344.02;1113834.73;2022-10-23T00:00:00
8851891;547999;Humpolec;;;;;121223;Plaèkov;;;è.p.;84;;;39601;680996.89;1113853.13;2022-10-23T00:00:00
8851905;547999;Humpolec;;;;;121223;Plaèkov;;;è.p.;85;;;39601;681368.64;1113832.59;2022-10-23T00:00:00
8851913;547999;Humpolec;;;;;121223;Plaèkov;;;è.p.;86;;;39601;681067.99;1113662.00;2018-10-23T00:00:00
8851921;547999;Humpolec;;;;;121223;Plaèkov;;;è.p.;87;;;39601;681387.75;1113558.88;2013-12-01T00:00:00
8851930;547999;Humpolec;;;;;121223;Plaèkov;;;è.p.;88;;;39601;681403.48;1113597.02;2022-10-23T00:00:00
8851948;547999;Humpolec;;;;;121223;Plaèkov;;;è.p.;89;;;39601;681031.18;1113864.86;2016-04-28T00:00:00
8851956;547999;Humpolec;;;;;121223;Plaèkov;;;è.p.;90;;;39601;681085.81;1113857.00;2013-12-01T00:00:00
8851964;547999;Humpolec;;;;;121223;Plaèkov;;;è.p.;91;;;39601;681248.00;1113300.00;2013-12-01T00:00:00
8851972;547999;Humpolec;;;;;121223;Plaèkov;;;è.p.;92;;;39601;681125.38;1113890.13;2013-12-01T00:00:00
8851981;547999;Humpolec;;;;;121223;Plaèkov;;;è.p.;93;;;39601;681385.68;1113488.47;2013-12-01T00:00:00
8851999;547999;Humpolec;;;;;121223;Plaèkov;;;è.p.;94;;;39601;681406.29;1113479.99;2019-08-19T00:00:00
8852014;547999;Humpolec;;;;;121223;Plaèkov;;;è.p.;96;;;39601;681376.05;1113599.74;2013-12-01T00:00:00
8852022;547999;Humpolec;;;;;121223;Plaèkov;;;è.p.;97;;;39601;681529.31;1113726.71;2013-12-01T00:00:00
8852031;547999;Humpolec;;;;;121223;Plaèkov;;;è.p.;98;;;39601;681114.56;1113916.63;2013-12-01T00:00:00
8852049;547999;Humpolec;;;;;121223;Plaèkov;;;è.p.;99;;;39601;681384.92;1113456.45;2022-10-23T00:00:00
8852057;547999;Humpolec;;;;;121223;Plaèkov;;;è.ev.;1;;;39601;681038.41;1113695.53;2013-12-01T00:00:00
8852065;547999;Humpolec;;;;;121223;Plaèkov;;;è.ev.;2;;;39601;680636.15;1111928.59;2022-10-23T00:00:00
8852073;547999;Humpolec;;;;;121223;Plaèkov;;;è.ev.;3;;;39601;680654.88;1111926.55;2022-10-23T00:00:00
8852081;547999;Humpolec;;;;;121223;Plaèkov;;;è.ev.;4;;;39601;680656.47;1111902.72;2022-10-23T00:00:00
8852090;547999;Humpolec;;;;;121223;Plaèkov;;;è.ev.;5;;;39601;680631.95;1111899.75;2022-10-23T00:00:00
8852103;547999;Humpolec;;;;;121223;Plaèkov;;;è.ev.;6;;;39601;680611.96;1111904.03;2022-10-23T00:00:00
8852111;547999;Humpolec;;;;;121223;Plaèkov;;;è.ev.;8;;;39601;680575.35;1111882.52;2014-09-02T00:00:00
8852120;547999;Humpolec;;;;;121223;Plaèkov;;;è.ev.;10;;;39601;680638.73;1111878.18;2022-10-23T00:00:00
8852138;547999;Humpolec;;;;;121223;Plaèkov;;;è.ev.;11;;;39601;680642.45;1111872.70;2013-12-01T00:00:00
8852146;547999;Humpolec;;;;;121223;Plaèkov;;;è.ev.;12;;;39601;680646.15;1111856.08;2022-10-23T00:00:00
8852154;547999;Humpolec;;;;;121223;Plaèkov;;;è.ev.;13;;;39601;680626.93;1111851.92;2022-10-23T00:00:00
8852162;547999;Humpolec;;;;;121223;Plaèkov;;;è.ev.;14;;;39601;680593.53;1111863.88;2013-12-01T00:00:00
8852171;547999;Humpolec;;;;;121223;Plaèkov;;;è.ev.;15;;;39601;680606.23;1111845.91;2022-10-23T00:00:00
8852189;547999;Humpolec;;;;;121223;Plaèkov;;;è.ev.;16;;;39601;680590.47;1111852.07;2022-10-23T00:00:00
8852197;547999;Humpolec;;;;;121223;Plaèkov;;;è.ev.;18;;;39601;680604.04;1111827.52;2022-10-23T00:00:00
8878196;547999;Humpolec;;;;;160580;Svìtlice;;;è.p.;2;;;39601;683830.31;1108745.13;2022-10-23T00:00:00
8878200;547999;Humpolec;;;;;160580;Svìtlice;;;è.p.;3;;;39601;683840.70;1108704.41;2022-10-23T00:00:00
8878218;547999;Humpolec;;;;;160580;Svìtlice;;;è.p.;4;;;39601;683832.00;1108675.13;2013-12-01T00:00:00
8878226;547999;Humpolec;;;;;160580;Svìtlice;;;è.p.;5;;;39601;683877.81;1108718.88;2013-12-01T00:00:00
8878234;547999;Humpolec;;;;;160580;Svìtlice;;;è.p.;6;;;39601;683939.62;1108807.62;2022-10-23T00:00:00
8878242;547999;Humpolec;;;;;160580;Svìtlice;;;è.p.;7;;;39601;683866.19;1108843.13;2013-12-01T00:00:00
8878269;547999;Humpolec;;;;;160580;Svìtlice;;;è.p.;9;;;39601;683847.65;1108875.62;2022-10-23T00:00:00
8878277;547999;Humpolec;;;;;160580;Svìtlice;;;è.p.;10;;;39601;683822.25;1108899.88;2013-12-01T00:00:00
8878285;547999;Humpolec;;;;;160580;Svìtlice;;;è.p.;11;;;39601;683964.13;1108887.50;2013-12-01T00:00:00
8878293;547999;Humpolec;;;;;160580;Svìtlice;;;è.p.;12;;;39601;683984.23;1108929.47;2013-12-01T00:00:00
8878307;547999;Humpolec;;;;;160580;Svìtlice;;;è.p.;13;;;39601;683938.77;1108911.06;2022-10-23T00:00:00
8878315;547999;Humpolec;;;;;160580;Svìtlice;;;è.p.;14;;;39601;683943.94;1108932.50;2013-12-01T00:00:00
8878323;547999;Humpolec;;;;;160580;Svìtlice;;;è.p.;15;;;39601;683914.12;1108949.37;2022-10-23T00:00:00
8878331;547999;Humpolec;;;;;160580;Svìtlice;;;è.p.;16;;;39601;683886.58;1108924.89;2022-10-23T00:00:00
8878340;547999;Humpolec;;;;;160580;Svìtlice;;;è.p.;17;;;39601;683691.37;1109048.36;2022-10-23T00:00:00
8878358;547999;Humpolec;;;;;160580;Svìtlice;;;è.p.;18;;;39601;683900.63;1108965.00;2013-12-01T00:00:00
8878366;547999;Humpolec;;;;;160580;Svìtlice;;;è.p.;19;;;39601;683889.44;1108977.38;2013-12-01T00:00:00
8878374;547999;Humpolec;;;;;160580;Svìtlice;;;è.p.;20;;;39601;683888.69;1109017.25;2013-12-01T00:00:00
8878382;547999;Humpolec;;;;;160580;Svìtlice;;;è.p.;21;;;39601;683808.13;1109091.50;2013-12-01T00:00:00
8878391;547999;Humpolec;;;;;160580;Svìtlice;;;è.p.;22;;;39601;683746.07;1109106.81;2013-12-01T00:00:00
8878404;547999;Humpolec;;;;;160580;Svìtlice;;;è.p.;23;;;39601;683767.19;1109080.38;2013-12-01T00:00:00
8878412;547999;Humpolec;;;;;160580;Svìtlice;;;è.p.;24;;;39601;683819.15;1109018.09;2018-06-19T00:00:00
8878439;547999;Humpolec;;;;;160580;Svìtlice;;;è.p.;26;;;39601;683840.51;1108959.16;2022-10-23T00:00:00
8878447;547999;Humpolec;;;;;160580;Svìtlice;;;è.p.;27;;;39601;683845.94;1108946.67;2022-10-23T00:00:00
8878455;547999;Humpolec;;;;;160580;Svìtlice;;;è.p.;28;;;39601;684074.00;1108845.13;2013-12-01T00:00:00
8878463;547999;Humpolec;;;;;160580;Svìtlice;;;è.p.;29;;;39601;683884.13;1108898.63;2013-12-01T00:00:00
8878480;547999;Humpolec;;;;;160580;Svìtlice;;;è.p.;33;;;39601;683766.50;1108754.04;2022-10-23T00:00:00
8878498;547999;Humpolec;;;;;160580;Svìtlice;;;è.p.;34;;;39601;683957.53;1108837.15;2022-10-23T00:00:00
8878501;547999;Humpolec;;;;;160580;Svìtlice;;;è.p.;36;;;39601;683886.38;1108959.50;2013-12-01T00:00:00
8878528;547999;Humpolec;;;;;160580;Svìtlice;;;è.p.;38;;;39601;683882.13;1108910.50;2013-12-01T00:00:00
8878536;547999;Humpolec;;;;;160580;Svìtlice;;;è.p.;40;;;39601;683936.13;1108959.75;2013-12-01T00:00:00
8878544;547999;Humpolec;;;;;160580;Svìtlice;;;è.p.;41;;;39601;683693.24;1108995.20;2022-10-23T00:00:00
8878552;547999;Humpolec;;;;;160580;Svìtlice;;;è.p.;42;;;39601;683860.63;1108814.75;2013-12-01T00:00:00
8878561;547999;Humpolec;;;;;160580;Svìtlice;;;è.p.;43;;;39601;683914.00;1108725.13;2013-12-01T00:00:00
8878579;547999;Humpolec;;;;;160580;Svìtlice;;;è.p.;45;;;39601;683828.44;1108642.88;2013-12-01T00:00:00
8878587;547999;Humpolec;;;;;160580;Svìtlice;;;è.p.;46;;;39601;683855.06;1108781.50;2013-12-01T00:00:00
8878595;547999;Humpolec;;;;;160580;Svìtlice;;;è.p.;47;;;39601;683811.90;1108750.70;2022-10-23T00:00:00
8878609;547999;Humpolec;;;;;160580;Svìtlice;;;è.p.;50;;;39601;683916.85;1108873.20;2022-08-30T00:00:00
8878617;547999;Humpolec;;;;;160580;Svìtlice;;;è.p.;52;;;39601;683694.71;1108800.16;2022-10-23T00:00:00
8878625;547999;Humpolec;;;;;160580;Svìtlice;;;è.p.;53;;;39601;684066.69;1108824.63;2013-12-01T00:00:00
8878633;547999;Humpolec;;;;;160580;Svìtlice;;;è.p.;54;;;39601;683856.76;1108667.34;2022-10-23T00:00:00
8878641;547999;Humpolec;;;;;160580;Svìtlice;;;è.p.;56;;;39601;683714.18;1108825.45;2022-10-23T00:00:00
8878650;547999;Humpolec;;;;;160580;Svìtlice;;;è.p.;57;;;39601;684063.38;1108895.88;2013-12-01T00:00:00
8878668;547999;Humpolec;;;;;160580;Svìtlice;;;è.p.;61;;;39601;683782.38;1109142.50;2013-12-01T00:00:00
8878676;547999;Humpolec;;;;;160580;Svìtlice;;;è.p.;62;;;39601;683714.19;1109271.50;2013-12-01T00:00:00
8878684;547999;Humpolec;;;;;160580;Svìtlice;;;è.p.;63;;;39601;684013.88;1108894.38;2013-12-01T00:00:00
8878692;547999;Humpolec;;;;;160580;Svìtlice;;;è.p.;65;;;39601;683856.63;1108902.63;2013-12-01T00:00:00
8878706;547999;Humpolec;;;;;160580;Svìtlice;;;è.p.;66;;;39601;684032.31;1108901.63;2013-12-01T00:00:00
8878714;547999;Humpolec;;;;;160580;Svìtlice;;;è.p.;67;;;39601;684041.19;1108908.25;2013-12-01T00:00:00
8878731;547999;Humpolec;;;;;160580;Svìtlice;;;è.p.;69;;;39601;683859.45;1108911.19;2022-10-23T00:00:00
8878749;547999;Humpolec;;;;;160580;Svìtlice;;;è.p.;70;;;39601;683845.58;1108852.97;2013-12-01T00:00:00
8878757;547999;Humpolec;;;;;160580;Svìtlice;;;è.p.;83;;;39601;683759.14;1109082.24;2022-10-23T00:00:00
8878765;547999;Humpolec;;;;;160580;Svìtlice;;;è.p.;84;;;39601;683816.44;1108906.50;2013-12-01T00:00:00
8878773;547999;Humpolec;;;;;160580;Svìtlice;;;è.p.;85;;;39601;683881.26;1108950.03;2022-10-23T00:00:00
8878781;547999;Humpolec;;;;;160580;Svìtlice;;;è.p.;87;;;39601;683732.38;1109218.75;2013-12-01T00:00:00
8878790;547999;Humpolec;;;;;160580;Svìtlice;;;è.p.;89;;;39601;683657.59;1109298.44;2022-10-23T00:00:00
8878811;547999;Humpolec;;;;;160580;Svìtlice;;;è.p.;94;;;39601;683785.13;1109038.25;2013-12-01T00:00:00
8878820;547999;Humpolec;;;;;160580;Svìtlice;;;è.p.;96;;;39601;683817.58;1109117.19;2022-10-23T00:00:00
8878838;547999;Humpolec;;;;;160580;Svìtlice;;;è.p.;97;;;39601;683776.81;1109238.00;2013-12-01T00:00:00
8878846;547999;Humpolec;;;;;160580;Svìtlice;;;è.p.;98;;;39601;683809.38;1109240.25;2013-12-01T00:00:00
8878854;547999;Humpolec;;;;;160580;Svìtlice;;;è.p.;99;;;39601;683851.75;1108644.63;2013-12-01T00:00:00
8878862;547999;Humpolec;;;;;160580;Svìtlice;;;è.p.;100;;;39601;683727.31;1109238.75;2013-12-01T00:00:00
8878871;547999;Humpolec;;;;;160580;Svìtlice;;;è.p.;101;;;39601;683929.56;1109033.50;2013-12-01T00:00:00
8878889;547999;Humpolec;;;;;160580;Svìtlice;;;è.p.;102;;;39601;683992.48;1108880.49;2022-10-23T00:00:00
8878897;547999;Humpolec;;;;;160580;Svìtlice;;;è.p.;103;;;39601;683749.88;1109268.13;2013-12-01T00:00:00
8878901;547999;Humpolec;;;;;160580;Svìtlice;;;è.p.;104;;;39601;683745.00;1109187.25;2013-12-01T00:00:00
8878919;547999;Humpolec;;;;;160580;Svìtlice;;;è.p.;105;;;39601;683790.44;1109217.00;2013-12-01T00:00:00
8878927;547999;Humpolec;;;;;160580;Svìtlice;;;è.p.;106;;;39601;683755.22;1108804.56;2022-10-23T00:00:00
8878935;547999;Humpolec;;;;;160580;Svìtlice;;;è.p.;107;;;39601;683831.63;1109243.50;2013-12-01T00:00:00
8878943;547999;Humpolec;;;;;160580;Svìtlice;;;è.p.;108;;;39601;683729.32;1108808.67;2017-02-09T00:00:00
8878951;547999;Humpolec;;;;;160580;Svìtlice;;;è.p.;109;;;39601;683817.13;1109216.26;2013-12-01T00:00:00
8878960;547999;Humpolec;;;;;160580;Svìtlice;;;è.p.;110;;;39601;683796.50;1109187.75;2013-12-01T00:00:00
8878978;547999;Humpolec;;;;;160580;Svìtlice;;;è.p.;111;;;39601;683752.94;1109164.50;2013-12-01T00:00:00
8878986;547999;Humpolec;;;;;160580;Svìtlice;;;è.p.;112;;;39601;684071.75;1108908.38;2013-12-01T00:00:00
8879001;547999;Humpolec;;;;;160598;Svìtlický Dvùr;;;è.p.;30;;;39601;684339.56;1109444.50;2013-12-01T00:00:00
8879010;547999;Humpolec;;;;;160598;Svìtlický Dvùr;;;è.p.;32;;;39601;684421.63;1109447.00;2013-12-01T00:00:00
8879036;547999;Humpolec;;;;;160598;Svìtlický Dvùr;;;è.p.;39;;;39601;684283.00;1109591.00;2013-12-01T00:00:00
8879044;547999;Humpolec;;;;;160598;Svìtlický Dvùr;;;è.p.;44;;;39601;684304.00;1109447.50;2013-12-01T00:00:00
8879052;547999;Humpolec;;;;;160598;Svìtlický Dvùr;;;è.p.;48;;;39601;684555.22;1109277.08;2022-10-23T00:00:00
8879061;547999;Humpolec;;;;;160598;Svìtlický Dvùr;;;è.p.;49;;;39601;684250.71;1109436.65;2022-10-23T00:00:00
8879079;547999;Humpolec;;;;;160598;Svìtlický Dvùr;;;è.p.;51;;;39601;684498.44;1109291.50;2013-12-01T00:00:00
8879087;547999;Humpolec;;;;;160598;Svìtlický Dvùr;;;è.p.;55;;;39601;684188.45;1109461.14;2022-10-23T00:00:00
8879095;547999;Humpolec;;;;;160598;Svìtlický Dvùr;;;è.p.;58;;;39601;684453.56;1109549.38;2013-12-01T00:00:00
8879109;547999;Humpolec;;;;;160598;Svìtlický Dvùr;;;è.p.;59;;;39601;684465.49;1109515.86;2022-10-23T00:00:00
8879117;547999;Humpolec;;;;;160598;Svìtlický Dvùr;;;è.p.;60;;;39601;684458.16;1109527.04;2022-10-23T00:00:00
8879125;547999;Humpolec;;;;;160598;Svìtlický Dvùr;;;è.p.;64;;;39601;684251.75;1109492.50;2013-12-01T00:00:00
8879133;547999;Humpolec;;;;;160598;Svìtlický Dvùr;;;è.p.;71;;;39601;684361.06;1109471.25;2013-12-01T00:00:00
8879141;547999;Humpolec;;;;;160598;Svìtlický Dvùr;;;è.p.;72;;;39601;684374.94;1109477.00;2013-12-01T00:00:00
8879150;547999;Humpolec;;;;;160598;Svìtlický Dvùr;;;è.p.;74;;;39601;684350.69;1109427.88;2013-12-01T00:00:00
8879168;547999;Humpolec;;;;;160598;Svìtlický Dvùr;;;è.p.;82;;;39601;684380.00;1109424.75;2013-12-01T00:00:00
8879176;547999;Humpolec;;;;;160598;Svìtlický Dvùr;;;è.p.;86;;;39601;684435.79;1109529.80;2022-10-23T00:00:00
8879184;547999;Humpolec;;;;;160598;Svìtlický Dvùr;;;è.p.;88;;;39601;684434.58;1109507.71;2022-10-23T00:00:00
8879192;547999;Humpolec;;;;;160598;Svìtlický Dvùr;;;è.p.;90;;;39601;684429.56;1109558.38;2013-12-01T00:00:00
8879206;547999;Humpolec;;;;;160598;Svìtlický Dvùr;;;è.p.;92;;;39601;684428.94;1109581.86;2022-10-23T00:00:00
8879214;547999;Humpolec;;;;;160598;Svìtlický Dvùr;;;è.p.;93;;;39601;684402.38;1109613.50;2013-12-01T00:00:00
8879222;547999;Humpolec;;;;;160598;Svìtlický Dvùr;;;è.p.;95;;;39601;684301.44;1109503.25;2013-12-01T00:00:00
8900418;547999;Humpolec;;;;;404349;Humpolec;378607;5. kvìtna;è.p.;1;;;39601;683766.56;1112174.25;2013-12-01T00:00:00
8900426;547999;Humpolec;;;;;404349;Humpolec;379204;Masarykova;è.p.;2;;;39601;683768.63;1112122.63;2013-12-01T00:00:00
8900434;547999;Humpolec;;;;;404349;Humpolec;379204;Masarykova;è.p.;3;;;39601;683779.63;1112101.50;2013-12-01T00:00:00
8900442;547999;Humpolec;;;;;404349;Humpolec;378801;Horní námìstí;è.p.;4;;;39601;683785.19;1112093.13;2013-12-01T00:00:00
8900451;547999;Humpolec;;;;;404349;Humpolec;378801;Horní námìstí;è.p.;5;;;39601;683798.65;1112068.50;2022-10-23T00:00:00
8900469;547999;Humpolec;;;;;404349;Humpolec;378801;Horní námìstí;è.p.;8;;;39601;683812.50;1112046.38;2013-12-01T00:00:00
8900477;547999;Humpolec;;;;;404349;Humpolec;378801;Horní námìstí;è.p.;9;;;39601;683776.19;1112024.88;2013-12-01T00:00:00
8900485;547999;Humpolec;;;;;404349;Humpolec;378801;Horní námìstí;è.p.;10;;;39601;683816.81;1112028.75;2013-12-01T00:00:00
8900493;547999;Humpolec;;;;;404349;Humpolec;379204;Masarykova;è.p.;14;;;39601;683910.06;1112184.13;2013-12-01T00:00:00
8900507;547999;Humpolec;;;;;404349;Humpolec;378739;Fügnerova;è.p.;15;;;39601;684247.50;1112532.75;2013-12-01T00:00:00
8900515;547999;Humpolec;;;;;404349;Humpolec;379018;Máchova;è.p.;16;;;39601;684212.25;1112531.00;2013-12-01T00:00:00
8900523;547999;Humpolec;;;;;404349;Humpolec;379018;Máchova;è.p.;17;;;39601;684176.56;1112532.13;2013-12-01T00:00:00
8900531;547999;Humpolec;;;;;404349;Humpolec;378739;Fügnerova;è.p.;18;;;39601;684274.94;1112453.75;2013-12-01T00:00:00
8900540;547999;Humpolec;;;;;404349;Humpolec;378739;Fügnerova;è.p.;19;;;39601;684273.00;1112473.50;2013-12-01T00:00:00
8900558;547999;Humpolec;;;;;404349;Humpolec;379018;Máchova;è.p.;20;;;39601;684216.25;1112486.00;2013-12-01T00:00:00
8900566;547999;Humpolec;;;;;404349;Humpolec;379018;Máchova;è.p.;21;;;39601;684214.19;1112494.25;2013-12-01T00:00:00
8900574;547999;Humpolec;;;;;404349;Humpolec;378674;Dolní námìstí;è.p.;22;;;39601;683822.44;1112001.75;2013-12-01T00:00:00
8900582;547999;Humpolec;;;;;404349;Humpolec;378674;Dolní námìstí;è.p.;23;;;39601;683834.81;1111994.25;2013-12-01T00:00:00
8900591;547999;Humpolec;;;;;404349;Humpolec;378674;Dolní námìstí;è.p.;24;;;39601;683802.37;1111979.82;2013-12-01T00:00:00
8900604;547999;Humpolec;;;;;404349;Humpolec;378674;Dolní námìstí;è.p.;25;;;39601;683837.19;1111986.25;2013-12-01T00:00:00
8900612;547999;Humpolec;;;;;404349;Humpolec;378674;Dolní námìstí;è.p.;26;;;39601;683843.13;1111975.00;2013-12-01T00:00:00
8900621;547999;Humpolec;;;;;404349;Humpolec;378674;Dolní námìstí;è.p.;27;;;39601;683857.19;1111979.88;2013-12-01T00:00:00
8900639;547999;Humpolec;;;;;404349;Humpolec;378674;Dolní námìstí;è.p.;28;;;39601;683874.00;1111975.00;2013-12-01T00:00:00
8900647;547999;Humpolec;;;;;404349;Humpolec;379018;Máchova;è.p.;29;;;39601;684173.31;1112492.63;2013-12-01T00:00:00
8900655;547999;Humpolec;;;;;404349;Humpolec;379018;Máchova;è.p.;30;;;39601;684180.19;1112478.75;2013-12-01T00:00:00
8900663;547999;Humpolec;;;;;404349;Humpolec;378674;Dolní námìstí;è.p.;31;;;39601;683885.81;1111950.38;2013-12-01T00:00:00
8900671;547999;Humpolec;;;;;404349;Humpolec;378674;Dolní námìstí;è.p.;32;;;39601;683885.94;1111935.75;2013-12-01T00:00:00
8900680;547999;Humpolec;;;;;404349;Humpolec;378674;Dolní námìstí;è.p.;33;;;39601;683877.33;1111925.69;2024-12-03T00:00:00
8900698;547999;Humpolec;;;;;404349;Humpolec;378674;Dolní námìstí;è.p.;34;;;39601;683892.25;1111916.38;2013-12-01T00:00:00
8900701;547999;Humpolec;;;;;404349;Humpolec;379247;Soukenická;è.p.;35;;;39601;683892.25;1111891.88;2013-12-01T00:00:00
8900710;547999;Humpolec;;;;;404349;Humpolec;378593;Jana Zábrany;è.p.;36;;;39601;683892.06;1111882.38;2013-12-01T00:00:00
8900728;547999;Humpolec;;;;;404349;Humpolec;378593;Jana Zábrany;è.p.;37;;;39601;683891.94;1111872.63;2013-12-01T00:00:00
8900736;547999;Humpolec;;;;;404349;Humpolec;378739;Fügnerova;è.p.;38;;;39601;684229.13;1112584.13;2013-12-01T00:00:00
8900744;547999;Humpolec;;;;;404349;Humpolec;379425;Žižkova;è.p.;40;;;39601;683896.31;1112023.38;2013-12-01T00:00:00
8900752;547999;Humpolec;;;;;404349;Humpolec;379425;Žižkova;è.p.;41;;;39601;683897.13;1112000.63;2013-12-01T00:00:00
8900761;547999;Humpolec;;;;;404349;Humpolec;379239;Smetanova;è.p.;42;;;39601;683936.83;1112011.87;2022-05-04T00:00:00
8900779;547999;Humpolec;;;;;404349;Humpolec;379239;Smetanova;è.p.;43;;;39601;683939.28;1111993.94;2022-05-04T00:00:00
8900787;547999;Humpolec;;;;;404349;Humpolec;379239;Smetanova;è.p.;44;;;39601;683940.80;1111979.59;2022-05-04T00:00:00
8900795;547999;Humpolec;;;;;404349;Humpolec;379239;Smetanova;è.p.;45;;;39601;683944.44;1111962.12;2022-05-04T00:00:00
8900809;547999;Humpolec;;;;;404349;Humpolec;379239;Smetanova;è.p.;46;;;39601;683946.95;1111947.70;2022-05-04T00:00:00
8900817;547999;Humpolec;;;;;404349;Humpolec;379239;Smetanova;è.p.;47;;;39601;683963.59;1111895.95;2019-05-16T00:00:00
8900825;547999;Humpolec;;;;;404349;Humpolec;379239;Smetanova;è.p.;48;;;39601;683963.13;1111895.95;2019-05-16T00:00:00
8900833;547999;Humpolec;;;;;404349;Humpolec;379239;Smetanova;è.p.;49;;;39601;683969.32;1111855.81;2022-04-12T00:00:00
8900841;547999;Humpolec;;;;;404349;Humpolec;379239;Smetanova;è.p.;50;;;39601;683955.23;1111853.36;2022-04-12T00:00:00
8900850;547999;Humpolec;;;;;404349;Humpolec;379239;Smetanova;è.p.;51;;;39601;683937.31;1111850.65;2022-04-12T00:00:00
8900868;547999;Humpolec;;;;;404349;Humpolec;379239;Smetanova;è.p.;52;;;39601;684009.30;1111859.40;2022-05-04T00:00:00
8900876;547999;Humpolec;;;;;404349;Humpolec;379239;Smetanova;è.p.;53;;;39601;684006.45;1111877.06;2022-05-04T00:00:00
8900884;547999;Humpolec;;;;;404349;Humpolec;379239;Smetanova;è.p.;54;;;39601;684004.14;1111891.48;2022-05-04T00:00:00
8900892;547999;Humpolec;;;;;404349;Humpolec;379239;Smetanova;è.p.;55;;;39601;684044.94;1111875.25;2013-12-01T00:00:00
8900906;547999;Humpolec;;;;;404349;Humpolec;378721;Rašínova;è.p.;56;;;39601;684066.75;1111866.25;2013-12-01T00:00:00
8900914;547999;Humpolec;;;;;404349;Humpolec;379239;Smetanova;è.p.;59;;;39601;684014.00;1111926.00;2013-12-01T00:00:00
8900922;547999;Humpolec;;;;;404349;Humpolec;378852;Husova;è.p.;70;;;39601;684082.75;1111873.38;2013-12-01T00:00:00
8900931;547999;Humpolec;;;;;404349;Humpolec;378852;Husova;è.p.;71;;;39601;684078.06;1111893.63;2013-12-01T00:00:00
8900949;547999;Humpolec;;;;;404349;Humpolec;379204;Masarykova;è.p.;73;;;39601;684246.38;1112428.75;2013-12-01T00:00:00
8900957;547999;Humpolec;;;;;404349;Humpolec;379204;Masarykova;è.p.;74;;;39601;684233.25;1112420.50;2013-12-01T00:00:00
8900965;547999;Humpolec;;;;;404349;Humpolec;379204;Masarykova;è.p.;75;;;39601;684199.50;1112411.63;2013-12-01T00:00:00
8900973;547999;Humpolec;;;;;404349;Humpolec;379204;Masarykova;è.p.;76;;;39601;684193.31;1112423.75;2013-12-01T00:00:00
8900981;547999;Humpolec;;;;;404349;Humpolec;379204;Masarykova;è.p.;77;;;39601;684188.56;1112439.63;2013-12-01T00:00:00
8900990;547999;Humpolec;;;;;404349;Humpolec;379204;Masarykova;è.p.;78;;;39601;684161.25;1112394.00;2013-12-01T00:00:00
8901007;547999;Humpolec;;;;;404349;Humpolec;379204;Masarykova;è.p.;79;;;39601;684156.31;1112409.75;2013-12-01T00:00:00
8901015;547999;Humpolec;;;;;404349;Humpolec;378933;Krátká;è.p.;80;;;39601;683721.06;1111481.00;2013-12-01T00:00:00
8901023;547999;Humpolec;;;;;404349;Humpolec;378933;Krátká;è.p.;81;;;39601;683738.00;1111467.25;2013-12-01T00:00:00
8901031;547999;Humpolec;;;;;404349;Humpolec;378933;Krátká;è.p.;82;;;39601;683760.41;1111458.74;2013-12-01T00:00:00
8901040;547999;Humpolec;;;;;404349;Humpolec;378933;Krátká;è.p.;83;;;39601;683743.63;1111425.25;2013-12-01T00:00:00
8901058;547999;Humpolec;;;;;404349;Humpolec;378666;Èejovská;è.p.;84;;;39601;683640.31;1111491.25;2013-12-01T00:00:00
8901066;547999;Humpolec;;;;;404349;Humpolec;378933;Krátká;è.p.;85;;;39601;683684.50;1111515.63;2013-12-01T00:00:00
8901074;547999;Humpolec;;;;;404349;Humpolec;378666;Èejovská;è.p.;86;;;39601;683616.75;1111476.50;2013-12-01T00:00:00
8901082;547999;Humpolec;;;;;404349;Humpolec;378933;Krátká;è.p.;87;;;39601;683727.38;1111437.63;2013-12-01T00:00:00
8901091;547999;Humpolec;;;;;404349;Humpolec;378933;Krátká;è.p.;88;;;39601;683712.25;1111447.38;2013-12-01T00:00:00
8901112;547999;Humpolec;;;;;404349;Humpolec;378763;Havlíèkovo námìstí;è.p.;90;;;39601;684051.63;1111987.50;2013-12-01T00:00:00
8901121;547999;Humpolec;;;;;404349;Humpolec;378763;Havlíèkovo námìstí;è.p.;91;;;39601;684039.63;1112022.88;2013-12-01T00:00:00
8901139;547999;Humpolec;;;;;404349;Humpolec;379263;Svépomocná;è.p.;96;;;39601;684396.69;1111141.13;2013-12-01T00:00:00
8901147;547999;Humpolec;;;;;404349;Humpolec;378917;Kamarytova;è.p.;97;;;39601;684085.13;1111693.13;2013-12-01T00:00:00
8901155;547999;Humpolec;;;;;404349;Humpolec;378771;Hálkova;è.p.;98;;;39601;684139.59;1112240.69;2022-10-23T00:00:00
8901163;547999;Humpolec;;;;;404349;Humpolec;379000;Lužická;è.p.;99;;;39601;683735.44;1111397.25;2013-12-01T00:00:00
8901171;547999;Humpolec;;;;;404349;Humpolec;379352;V Brance;è.p.;100;;;39601;684317.94;1111997.50;2013-12-01T00:00:00
8901180;547999;Humpolec;;;;;404349;Humpolec;379093;Nádražní;è.p.;101;;;39601;685166.25;1112296.00;2013-12-01T00:00:00
8901198;547999;Humpolec;;;;;404349;Humpolec;378771;Hálkova;è.p.;102;;;39601;684147.94;1112230.50;2013-12-01T00:00:00
8901201;547999;Humpolec;;;;;404349;Humpolec;378771;Hálkova;è.p.;103;;;39601;684125.81;1112244.88;2013-12-01T00:00:00
8901210;547999;Humpolec;;;;;404349;Humpolec;379026;Mánesova;è.p.;104;;;39601;684409.19;1111459.13;2013-12-01T00:00:00
8901228;547999;Humpolec;;;;;404349;Humpolec;378712;Dvorská;è.p.;105;;;39601;683498.69;1111712.75;2013-12-01T00:00:00
8901236;547999;Humpolec;;;;;404349;Humpolec;379140;Panský vrch;è.p.;106;;;39601;683498.42;1111688.18;2022-10-23T00:00:00
8901244;547999;Humpolec;;;;;404349;Humpolec;379026;Mánesova;è.p.;107;;;39601;684409.00;1111482.50;2013-12-01T00:00:00
8901252;547999;Humpolec;;;;;404349;Humpolec;379026;Mánesova;è.p.;108;;;39601;684408.88;1111506.88;2013-12-01T00:00:00
8901261;547999;Humpolec;;;;;404349;Humpolec;378984;Lnáøská;è.p.;109;;;39601;684287.81;1112115.13;2013-12-01T00:00:00
8901279;547999;Humpolec;;;;;404349;Humpolec;378984;Lnáøská;è.p.;110;;;39601;684276.25;1112102.63;2013-12-01T00:00:00
8901287;547999;Humpolec;;;;;404349;Humpolec;378984;Lnáøská;è.p.;111;;;39601;684239.05;1112086.99;2022-04-12T00:00:00
8901295;547999;Humpolec;;;;;404349;Humpolec;378984;Lnáøská;è.p.;112;;;39601;684219.14;1112083.95;2022-04-12T00:00:00
8901309;547999;Humpolec;;;;;404349;Humpolec;378984;Lnáøská;è.p.;113;;;39601;684181.44;1112055.63;2013-12-01T00:00:00
8901317;547999;Humpolec;;;;;404349;Humpolec;378984;Lnáøská;è.p.;114;;;39601;684163.63;1112052.75;2013-12-01T00:00:00
8901325;547999;Humpolec;;;;;404349;Humpolec;378879;Jihlavská;è.p.;115;;;39601;683398.94;1112607.75;2013-12-01T00:00:00
8901333;547999;Humpolec;;;;;404349;Humpolec;379387;Východní;è.p.;116;;;39601;683457.94;1111557.00;2013-12-01T00:00:00
8901341;547999;Humpolec;;;;;404349;Humpolec;379026;Mánesova;è.p.;117;;;39601;684407.56;1111527.13;2013-12-01T00:00:00
8901350;547999;Humpolec;;;;;404349;Humpolec;379026;Mánesova;è.p.;118;;;39601;684408.00;1111532.00;2013-12-01T00:00:00
8901368;547999;Humpolec;;;;;404349;Humpolec;378763;Havlíèkovo námìstí;è.p.;119;;;39601;684126.44;1112029.75;2013-12-01T00:00:00
8901376;547999;Humpolec;;;;;404349;Humpolec;378763;Havlíèkovo námìstí;è.p.;120;;;39601;684109.88;1112028.50;2013-12-01T00:00:00
8901384;547999;Humpolec;;;;;404349;Humpolec;379026;Mánesova;è.p.;121;;;39601;684436.50;1111570.63;2013-12-01T00:00:00
8901392;547999;Humpolec;;;;;404349;Humpolec;379140;Panský vrch;è.p.;122;;;39601;683501.56;1111668.00;2013-12-01T00:00:00
8901406;547999;Humpolec;;;;;404349;Humpolec;379140;Panský vrch;è.p.;123;;;39601;683505.63;1111650.38;2013-12-01T00:00:00
8901414;547999;Humpolec;;;;;404349;Humpolec;379077;Na Vyhlídce;è.p.;124;;;39601;683474.00;1111646.00;2013-12-01T00:00:00
8901422;547999;Humpolec;;;;;404349;Humpolec;379077;Na Vyhlídce;è.p.;125;;;39601;683451.75;1111646.50;2013-12-01T00:00:00
8901431;547999;Humpolec;;;;;404349;Humpolec;379077;Na Vyhlídce;è.p.;126;;;39601;683434.94;1111646.13;2013-12-01T00:00:00
8901449;547999;Humpolec;;;;;404349;Humpolec;378984;Lnáøská;è.p.;127;;;39601;684268.42;1112027.12;2020-02-28T00:00:00
8901457;547999;Humpolec;;;;;404349;Humpolec;378984;Lnáøská;è.p.;128;;;39601;684207.45;1111995.40;2019-08-20T00:00:00
8901465;547999;Humpolec;;;;;404349;Humpolec;378925;Komenského;è.p.;129;;;39601;684210.25;1111977.88;2013-12-01T00:00:00
8901473;547999;Humpolec;;;;;404349;Humpolec;379221;Sluníèkova;è.p.;130;;;39601;683400.00;1111641.63;2013-12-01T00:00:00
8901481;547999;Humpolec;;;;;404349;Humpolec;378925;Komenského;è.p.;131;;;39601;684219.63;1111955.38;2013-12-01T00:00:00
8901490;547999;Humpolec;;;;;404349;Humpolec;378925;Komenského;è.p.;132;;;39601;684221.94;1111947.50;2013-12-01T00:00:00
8901503;547999;Humpolec;;;;;404349;Humpolec;378925;Komenského;è.p.;133;;;39601;684226.06;1111937.00;2013-12-01T00:00:00
8901511;547999;Humpolec;;;;;404349;Humpolec;379077;Na Vyhlídce;è.p.;134;;;39601;683435.31;1111614.63;2013-12-01T00:00:00
8901520;547999;Humpolec;;;;;404349;Humpolec;379077;Na Vyhlídce;è.p.;135;;;39601;683453.38;1111616.50;2013-12-01T00:00:00
8901538;547999;Humpolec;;;;;404349;Humpolec;379204;Masarykova;è.p.;136;;;39601;684256.25;1112444.38;2013-12-01T00:00:00
8901546;547999;Humpolec;;;;;404349;Humpolec;379352;V Brance;è.p.;137;;;39601;684246.06;1111940.25;2013-12-01T00:00:00
8901554;547999;Humpolec;;;;;404349;Humpolec;379221;Sluníèkova;è.p.;138;;;39601;683396.50;1111694.50;2013-12-01T00:00:00
8901562;547999;Humpolec;;;;;404349;Humpolec;379077;Na Vyhlídce;è.p.;139;;;39601;683473.13;1111619.50;2013-12-01T00:00:00
8901571;547999;Humpolec;;;;;404349;Humpolec;378852;Husova;è.p.;140;;;39601;684109.06;1111944.13;2013-12-01T00:00:00
8901589;547999;Humpolec;;;;;404349;Humpolec;378852;Husova;è.p.;141;;;39601;684128.88;1111929.88;2013-12-01T00:00:00
8901597;547999;Humpolec;;;;;404349;Humpolec;378852;Husova;è.p.;142;;;39601;684114.44;1111927.38;2013-12-01T00:00:00
8901601;547999;Humpolec;;;;;404349;Humpolec;378852;Husova;è.p.;143;;;39601;684113.94;1111919.25;2013-12-01T00:00:00
8901619;547999;Humpolec;;;;;404349;Humpolec;378852;Husova;è.p.;144;;;39601;684116.25;1111897.25;2013-12-01T00:00:00
8901627;547999;Humpolec;;;;;404349;Humpolec;378852;Husova;è.p.;145;;;39601;684123.81;1111876.88;2013-12-01T00:00:00
8901635;547999;Humpolec;;;;;404349;Humpolec;378925;Komenského;è.p.;146;;;39601;684151.56;1111884.63;2013-12-01T00:00:00
8901643;547999;Humpolec;;;;;404349;Humpolec;378925;Komenského;è.p.;147;;;39601;684173.50;1111896.13;2013-12-01T00:00:00
8901651;547999;Humpolec;;;;;404349;Humpolec;378658;Cechovní;è.p.;148;;;39601;684256.50;1111899.75;2013-12-01T00:00:00
8901660;547999;Humpolec;;;;;404349;Humpolec;378925;Komenského;è.p.;149;;;39601;684254.38;1111920.63;2013-12-01T00:00:00
8901678;547999;Humpolec;;;;;404349;Humpolec;378658;Cechovní;è.p.;150;;;39601;684233.81;1111903.88;2013-12-01T00:00:00
8901686;547999;Humpolec;;;;;404349;Humpolec;378658;Cechovní;è.p.;151;;;39601;684261.56;1111849.88;2013-12-01T00:00:00
8901694;547999;Humpolec;;;;;404349;Humpolec;379280;Na Kasárnách;è.p.;152;;;39601;684323.44;1111809.29;2013-12-01T00:00:00
8901708;547999;Humpolec;;;;;404349;Humpolec;379280;Na Kasárnách;è.p.;153;;;39601;684344.94;1111810.50;2013-12-01T00:00:00
8901716;547999;Humpolec;;;;;404349;Humpolec;379280;Na Kasárnách;è.p.;154;;;39601;684245.19;1111794.63;2013-12-01T00:00:00
8901724;547999;Humpolec;;;;;404349;Humpolec;379221;Sluníèkova;è.p.;155;;;39601;683406.50;1111571.63;2013-12-01T00:00:00
8901732;547999;Humpolec;;;;;404349;Humpolec;378917;Kamarytova;è.p.;156;;;39601;684125.56;1111719.46;2022-10-23T00:00:00
8901741;547999;Humpolec;;;;;404349;Humpolec;378917;Kamarytova;è.p.;157;;;39601;684127.56;1111660.75;2013-12-01T00:00:00
8901759;547999;Humpolec;;;;;404349;Humpolec;379271;Školní;è.p.;158;;;39601;684079.63;1112149.75;2013-12-01T00:00:00
8901767;547999;Humpolec;;;;;404349;Humpolec;379085;Na Závodí;è.p.;160;;;39601;684168.88;1111500.13;2013-12-01T00:00:00
8901775;547999;Humpolec;;;;;404349;Humpolec;378917;Kamarytova;è.p.;161;;;39601;684060.06;1111702.63;2013-12-01T00:00:00
8901783;547999;Humpolec;;;;;404349;Humpolec;378917;Kamarytova;è.p.;162;;;39601;684095.19;1111644.88;2013-12-01T00:00:00
8901791;547999;Humpolec;;;;;404349;Humpolec;378925;Komenského;è.p.;163;;;39601;684154.73;1111857.06;2013-12-01T00:00:00
8901805;547999;Humpolec;;;;;404349;Humpolec;379140;Panský vrch;è.p.;164;;;39601;683510.50;1111561.63;2013-12-01T00:00:00
8901813;547999;Humpolec;;;;;404349;Humpolec;379387;Východní;è.p.;165;;;39601;683479.40;1111559.44;2013-12-01T00:00:00
8901821;547999;Humpolec;;;;;404349;Humpolec;378925;Komenského;è.p.;166;;;39601;684120.94;1111845.38;2013-12-01T00:00:00
8901830;547999;Humpolec;;;;;404349;Humpolec;379140;Panský vrch;è.p.;167;;;39601;683508.56;1111582.13;2013-12-01T00:00:00
8901856;547999;Humpolec;;;;;404349;Humpolec;379280;Na Kasárnách;è.p.;169;;;39601;684203.56;1111754.13;2013-12-01T00:00:00
8901864;547999;Humpolec;;;;;404349;Humpolec;379107;Nerudova;è.p.;170;;;39601;684343.00;1111121.50;2013-12-01T00:00:00
8901872;547999;Humpolec;;;;;404349;Humpolec;379107;Nerudova;è.p.;171;;;39601;684183.94;1111744.00;2013-12-01T00:00:00
8901881;547999;Humpolec;;;;;404349;Humpolec;379093;Nádražní;è.p.;172;;;39601;685335.90;1112249.60;2013-12-01T00:00:00
8901899;547999;Humpolec;;;;;404349;Humpolec;379085;Na Závodí;è.p.;173;;;39601;684179.25;1111418.63;2013-12-01T00:00:00
8901902;547999;Humpolec;;;;;404349;Humpolec;379387;Východní;è.p.;174;;;39601;683438.56;1111525.88;2013-12-01T00:00:00
8901911;547999;Humpolec;;;;;404349;Humpolec;379107;Nerudova;è.p.;175;;;39601;684156.35;1111669.70;2022-10-23T00:00:00
8901929;547999;Humpolec;;;;;404349;Humpolec;379107;Nerudova;è.p.;176;;;39601;684167.21;1111691.90;2013-12-01T00:00:00
8901937;547999;Humpolec;;;;;404349;Humpolec;379107;Nerudova;è.p.;177;;;39601;684171.00;1111711.13;2013-12-01T00:00:00
8901945;547999;Humpolec;;;;;404349;Humpolec;378917;Kamarytova;è.p.;178;;;39601;684156.94;1111738.88;2013-12-01T00:00:00
8901961;547999;Humpolec;;;;;404349;Humpolec;378917;Kamarytova;è.p.;180;;;39601;684158.00;1111612.00;2013-12-01T00:00:00
8901970;547999;Humpolec;;;;;404349;Humpolec;378712;Dvorská;è.p.;181;;;39601;683466.19;1111705.00;2013-12-01T00:00:00
8901988;547999;Humpolec;;;;;404349;Humpolec;378712;Dvorská;è.p.;182;;;39601;683441.81;1111704.88;2013-12-01T00:00:00
8901996;547999;Humpolec;;;;;404349;Humpolec;378712;Dvorská;è.p.;183;;;39601;683423.94;1111701.13;2013-12-01T00:00:00
8902003;547999;Humpolec;;;;;404349;Humpolec;378798;Hornická;è.p.;184;;;39601;683616.13;1111811.63;2013-12-01T00:00:00
8902011;547999;Humpolec;;;;;404349;Humpolec;379107;Nerudova;è.p.;185;;;39601;684139.81;1111768.38;2013-12-01T00:00:00
8902020;547999;Humpolec;;;;;404349;Humpolec;378721;Rašínova;è.p.;187;;;39601;684083.62;1111840.23;2022-10-23T00:00:00
8902038;547999;Humpolec;;;;;404349;Humpolec;378721;Rašínova;è.p.;188;;;39601;684061.88;1111834.38;2013-12-01T00:00:00
8902046;547999;Humpolec;;;;;404349;Humpolec;378721;Rašínova;è.p.;189;;;39601;684035.25;1111831.13;2013-12-01T00:00:00
8902054;547999;Humpolec;;;;;404349;Humpolec;378721;Rašínova;è.p.;190;;;39601;684013.06;1111818.63;2013-12-01T00:00:00
8902062;547999;Humpolec;;;;;404349;Humpolec;378721;Rašínova;è.p.;191;;;39601;684001.00;1111813.75;2013-12-01T00:00:00
8902071;547999;Humpolec;;;;;404349;Humpolec;378721;Rašínova;è.p.;192;;;39601;683991.69;1111809.38;2013-12-01T00:00:00
8902089;547999;Humpolec;;;;;404349;Humpolec;378721;Rašínova;è.p.;193;;;39601;683981.19;1111806.88;2013-12-01T00:00:00
8902097;547999;Humpolec;;;;;404349;Humpolec;379131;Panskodomská;è.p.;194;;;39601;683703.06;1111926.25;2013-12-01T00:00:00
8902101;547999;Humpolec;;;;;404349;Humpolec;378950;Lipnická;è.p.;195;;;39601;683474.94;1111438.13;2013-12-01T00:00:00
8902119;547999;Humpolec;;;;;404349;Humpolec;378950;Lipnická;è.p.;196;;;39601;683443.56;1111436.25;2013-12-01T00:00:00
8902127;547999;Humpolec;;;;;404349;Humpolec;379221;Sluníèkova;è.p.;197;;;39601;683404.63;1111591.25;2013-12-01T00:00:00
8902135;547999;Humpolec;;;;;404349;Humpolec;379387;Východní;è.p.;198;;;39601;683594.00;1111568.00;2013-12-01T00:00:00
8902143;547999;Humpolec;;;;;404349;Humpolec;379387;Východní;è.p.;199;;;39601;683581.00;1111567.00;2013-12-01T00:00:00
8902151;547999;Humpolec;;;;;404349;Humpolec;379158;Pelhøimovská;è.p.;201;;;39601;684819.81;1113240.00;2013-12-01T00:00:00
8902178;547999;Humpolec;;;;;404349;Humpolec;378879;Jihlavská;è.p.;206;;;39601;683542.37;1112558.27;2022-10-23T00:00:00
8902186;547999;Humpolec;;;;;404349;Humpolec;379115;Okružní;è.p.;207;;;39601;683874.94;1112687.75;2013-12-01T00:00:00
8902194;547999;Humpolec;;;;;404349;Humpolec;378739;Fügnerova;è.p.;208;;;39601;684197.69;1112776.00;2013-12-01T00:00:00
8902208;547999;Humpolec;;;;;404349;Humpolec;378739;Fügnerova;è.p.;209;;;39601;684197.44;1112764.88;2013-12-01T00:00:00
8902216;547999;Humpolec;;;;;404349;Humpolec;379018;Máchova;è.p.;210;;;39601;684073.50;1112610.00;2013-12-01T00:00:00
8902224;547999;Humpolec;;;;;404349;Humpolec;379158;Pelhøimovská;è.p.;211;;;39601;684781.88;1113206.75;2013-12-01T00:00:00
8902232;547999;Humpolec;;;;;404349;Humpolec;379158;Pelhøimovská;è.p.;212;;;39601;684775.31;1113164.38;2013-12-01T00:00:00
8902241;547999;Humpolec;;;;;404349;Humpolec;379158;Pelhøimovská;è.p.;213;;;39601;684773.06;1113141.13;2013-12-01T00:00:00
8902259;547999;Humpolec;;;;;404349;Humpolec;379158;Pelhøimovská;è.p.;214;;;39601;684809.00;1113167.00;2013-12-01T00:00:00
8902267;547999;Humpolec;;;;;404349;Humpolec;379158;Pelhøimovská;è.p.;215;;;39601;684817.19;1113207.50;2013-12-01T00:00:00
8902275;547999;Humpolec;;;;;404349;Humpolec;379158;Pelhøimovská;è.p.;216;;;39601;684726.94;1113345.63;2013-12-01T00:00:00
8902283;547999;Humpolec;;;;;404349;Humpolec;378879;Jihlavská;è.p.;217;;;39601;683349.19;1113022.88;2013-12-01T00:00:00
8902291;547999;Humpolec;;;;;404349;Humpolec;378879;Jihlavská;è.p.;218;;;39601;683427.67;1112865.72;2022-10-23T00:00:00
8902305;547999;Humpolec;;;;;404349;Humpolec;379221;Sluníèkova;è.p.;219;;;39601;683419.00;1111406.00;2013-12-01T00:00:00
8902313;547999;Humpolec;;;;;404349;Humpolec;378950;Lipnická;è.p.;220;;;39601;683251.63;1111652.00;2013-12-01T00:00:00
8902321;547999;Humpolec;;;;;404349;Humpolec;378950;Lipnická;è.p.;221;;;39601;683283.56;1111673.75;2013-12-01T00:00:00
8902330;547999;Humpolec;;;;;404349;Humpolec;379395;Zahradní;è.p.;222;;;39601;684883.88;1111694.00;2013-12-01T00:00:00
8902348;547999;Humpolec;;;;;404349;Humpolec;379395;Zahradní;è.p.;223;;;39601;684859.38;1111699.88;2013-12-01T00:00:00
8902356;547999;Humpolec;;;;;404349;Humpolec;378798;Hornická;è.p.;224;;;39601;683630.94;1111641.25;2013-12-01T00:00:00
8902364;547999;Humpolec;;;;;404349;Humpolec;379221;Sluníèkova;è.p.;225;;;39601;683406.88;1111550.63;2013-12-01T00:00:00
8902372;547999;Humpolec;;;;;404349;Humpolec;378798;Hornická;è.p.;226;;;39601;683624.00;1111687.00;2013-12-01T00:00:00
8902381;547999;Humpolec;;;;;404349;Humpolec;378909;Jiøická;è.p.;227;;;39601;685278.38;1111239.88;2013-12-01T00:00:00
8902399;547999;Humpolec;;;;;404349;Humpolec;379140;Panský vrch;è.p.;228;;;39601;683505.63;1111622.13;2013-12-01T00:00:00
8902402;547999;Humpolec;;;;;404349;Humpolec;379140;Panský vrch;è.p.;229;;;39601;683552.13;1111659.50;2013-12-01T00:00:00
8902411;547999;Humpolec;;;;;404349;Humpolec;379140;Panský vrch;è.p.;230;;;39601;683508.25;1111601.88;2013-12-01T00:00:00
8902429;547999;Humpolec;;;;;404349;Humpolec;378976;Litochleby;è.p.;231;;;39601;684299.06;1111110.00;2013-12-01T00:00:00
8902437;547999;Humpolec;;;;;404349;Humpolec;379387;Východní;è.p.;232;;;39601;683440.13;1111553.88;2013-12-01T00:00:00
8902445;547999;Humpolec;;;;;404349;Humpolec;378593;Jana Zábrany;è.p.;233;;;39601;683836.63;1111690.38;2013-12-01T00:00:00
8902453;547999;Humpolec;;;;;404349;Humpolec;378712;Dvorská;è.p.;234;;;39601;683809.06;1111734.50;2013-12-01T00:00:00
8902461;547999;Humpolec;;;;;404349;Humpolec;379140;Panský vrch;è.p.;235;;;39601;683564.13;1111639.25;2013-12-01T00:00:00
8902470;547999;Humpolec;;;;;404349;Humpolec;379140;Panský vrch;è.p.;237;;;39601;683538.69;1111618.63;2013-12-01T00:00:00
8902488;547999;Humpolec;;;;;404349;Humpolec;378593;Jana Zábrany;è.p.;238;;;39601;683849.75;1111771.75;2013-12-01T00:00:00
8902496;547999;Humpolec;;;;;404349;Humpolec;378593;Jana Zábrany;è.p.;239;;;39601;683856.06;1111782.00;2013-12-01T00:00:00
8902500;547999;Humpolec;;;;;404349;Humpolec;378593;Jana Zábrany;è.p.;240;;;39601;683860.56;1111796.63;2013-12-01T00:00:00
8902518;547999;Humpolec;;;;;404349;Humpolec;378593;Jana Zábrany;è.p.;241;;;39601;683844.38;1111808.63;2013-12-01T00:00:00
8902526;547999;Humpolec;;;;;404349;Humpolec;378593;Jana Zábrany;è.p.;242;;;39601;683864.88;1111818.63;2013-12-01T00:00:00
8902534;547999;Humpolec;;;;;404349;Humpolec;378593;Jana Zábrany;è.p.;243;;;39601;683864.00;1111836.00;2013-12-01T00:00:00
8902542;547999;Humpolec;;;;;404349;Humpolec;378593;Jana Zábrany;è.p.;244;;;39601;683864.56;1111858.25;2013-12-01T00:00:00
8902551;547999;Humpolec;;;;;404349;Humpolec;378593;Jana Zábrany;è.p.;245;;;39601;683864.56;1111872.75;2013-12-01T00:00:00
8902569;547999;Humpolec;;;;;404349;Humpolec;378593;Jana Zábrany;è.p.;246;;;39601;683868.13;1111888.75;2013-12-01T00:00:00
8902577;547999;Humpolec;;;;;404349;Humpolec;378674;Dolní námìstí;è.p.;247;;;39601;683857.50;1111888.75;2013-12-01T00:00:00
8902585;547999;Humpolec;;;;;404349;Humpolec;378674;Dolní námìstí;è.p.;248;;;39601;683845.44;1111898.00;2013-12-01T00:00:00
8902593;547999;Humpolec;;;;;404349;Humpolec;378674;Dolní námìstí;è.p.;249;;;39601;683832.31;1111902.25;2013-12-01T00:00:00
8902607;547999;Humpolec;;;;;404349;Humpolec;378674;Dolní námìstí;è.p.;250;;;39601;683820.44;1111914.75;2013-12-01T00:00:00
8902615;547999;Humpolec;;;;;404349;Humpolec;378674;Dolní námìstí;è.p.;251;;;39601;683811.44;1111895.63;2013-12-01T00:00:00
8902623;547999;Humpolec;;;;;404349;Humpolec;378674;Dolní námìstí;è.p.;252;;;39601;683802.94;1111920.13;2013-12-01T00:00:00
8902631;547999;Humpolec;;;;;404349;Humpolec;378674;Dolní námìstí;è.p.;253;;;39601;683795.38;1111932.50;2013-12-01T00:00:00
8902640;547999;Humpolec;;;;;404349;Humpolec;378674;Dolní námìstí;è.p.;254;;;39601;683786.75;1111943.38;2013-12-01T00:00:00
8902658;547999;Humpolec;;;;;404349;Humpolec;378674;Dolní námìstí;è.p.;255;;;39601;683774.00;1111956.00;2013-12-01T00:00:00
8902666;547999;Humpolec;;;;;404349;Humpolec;378674;Dolní námìstí;è.p.;256;;;39601;683763.56;1111966.00;2013-12-01T00:00:00
8902674;547999;Humpolec;;;;;404349;Humpolec;379131;Panskodomská;è.p.;257;;;39601;683725.63;1111896.75;2013-12-01T00:00:00
8902704;547999;Humpolec;;;;;404349;Humpolec;379131;Panskodomská;è.p.;260;;;39601;683690.25;1111862.25;2013-12-01T00:00:00
8902712;547999;Humpolec;;;;;404349;Humpolec;379131;Panskodomská;è.p.;261;;;39601;683691.53;1111843.80;2023-03-31T00:00:00
8902721;547999;Humpolec;;;;;404349;Humpolec;378674;Dolní námìstí;è.p.;262;;;39601;683753.25;1111814.75;2013-12-01T00:00:00
8902739;547999;Humpolec;;;;;404349;Humpolec;379131;Panskodomská;è.p.;263;;;39601;683692.88;1111825.63;2013-12-01T00:00:00
8902755;547999;Humpolec;;;;;404349;Humpolec;379131;Panskodomská;è.p.;265;;;39601;683699.00;1111782.00;2013-12-01T00:00:00
8902763;547999;Humpolec;;;;;404349;Humpolec;379131;Panskodomská;è.p.;266;;;39601;683668.75;1111858.13;2013-12-01T00:00:00
8902771;547999;Humpolec;;;;;404349;Humpolec;379131;Panskodomská;è.p.;267;;;39601;683669.75;1111877.63;2013-12-01T00:00:00
8902798;547999;Humpolec;;;;;404349;Humpolec;379131;Panskodomská;è.p.;269;;;39601;683694.13;1111919.38;2013-12-01T00:00:00
8902810;547999;Humpolec;;;;;404349;Humpolec;378712;Dvorská;è.p.;271;;;39601;683147.94;1111564.75;2013-12-01T00:00:00
8902828;547999;Humpolec;;;;;404349;Humpolec;378801;Horní námìstí;è.p.;272;;;39601;683728.44;1111992.00;2013-12-01T00:00:00
8902836;547999;Humpolec;;;;;404349;Humpolec;378801;Horní námìstí;è.p.;273;;;39601;683760.94;1112018.38;2013-12-01T00:00:00
8902844;547999;Humpolec;;;;;404349;Humpolec;378801;Horní námìstí;è.p.;274;;;39601;683710.39;1112004.53;2018-07-31T00:00:00
8902852;547999;Humpolec;;;;;404349;Humpolec;378801;Horní námìstí;è.p.;275;;;39601;683702.16;1112018.18;2022-10-23T00:00:00
8902861;547999;Humpolec;;;;;404349;Humpolec;378828;Hradská;è.p.;276;;;39601;683668.06;1112020.13;2013-12-01T00:00:00
8902879;547999;Humpolec;;;;;404349;Humpolec;378828;Hradská;è.p.;278;;;39601;683612.69;1111895.75;2013-12-01T00:00:00
8902887;547999;Humpolec;;;;;404349;Humpolec;378828;Hradská;è.p.;279;;;39601;683622.64;1112001.76;2022-10-23T00:00:00
8902895;547999;Humpolec;;;;;404349;Humpolec;378828;Hradská;è.p.;280;;;39601;683614.13;1111993.43;2019-02-04T00:00:00
8902917;547999;Humpolec;;;;;404349;Humpolec;378828;Hradská;è.p.;282;;;39601;683579.94;1111998.38;2013-12-01T00:00:00
8902925;547999;Humpolec;;;;;404349;Humpolec;379221;Sluníèkova;è.p.;283;;;39601;683409.89;1111502.28;2022-10-23T00:00:00
8902933;547999;Humpolec;;;;;404349;Humpolec;379221;Sluníèkova;è.p.;284;;;39601;683413.88;1111461.88;2013-12-01T00:00:00
8902941;547999;Humpolec;;;;;404349;Humpolec;378828;Hradská;è.p.;285;;;39601;683542.19;1111996.75;2013-12-01T00:00:00
8902950;547999;Humpolec;;;;;404349;Humpolec;379174;Podhrad;è.p.;286;;;39601;683121.46;1112079.63;2013-12-01T00:00:00
8902968;547999;Humpolec;;;;;404349;Humpolec;379221;Sluníèkova;è.p.;288;;;39601;683412.56;1111483.50;2013-12-01T00:00:00
8902976;547999;Humpolec;;;;;404349;Humpolec;378950;Lipnická;è.p.;289;;;39601;683446.25;1111465.13;2013-12-01T00:00:00
8902984;547999;Humpolec;;;;;404349;Humpolec;378771;Hálkova;è.p.;290;;;39601;683993.00;1112496.75;2013-12-01T00:00:00
8902992;547999;Humpolec;;;;;404349;Humpolec;379166;Podìbradova;è.p.;291;;;39601;683856.94;1112345.13;2013-12-01T00:00:00
8903026;547999;Humpolec;;;;;404349;Humpolec;378879;Jihlavská;è.p.;294;;;39601;683442.37;1112771.27;2013-12-01T00:00:00
8903034;547999;Humpolec;;;;;404349;Humpolec;378950;Lipnická;è.p.;295;;;39601;683465.06;1111467.63;2013-12-01T00:00:00
8903042;547999;Humpolec;;;;;404349;Humpolec;378798;Hornická;è.p.;298;;;39601;683600.25;1111617.00;2013-12-01T00:00:00
8903051;547999;Humpolec;;;;;404349;Humpolec;378798;Hornická;è.p.;299;;;39601;683601.50;1111588.00;2013-12-01T00:00:00
8903069;547999;Humpolec;;;;;404349;Humpolec;378801;Horní námìstí;è.p.;300;;;39601;683707.19;1112070.13;2013-12-01T00:00:00
8903077;547999;Humpolec;;;;;404349;Humpolec;378801;Horní námìstí;è.p.;301;;;39601;683724.88;1112080.75;2013-12-01T00:00:00
8903085;547999;Humpolec;;;;;404349;Humpolec;378950;Lipnická;è.p.;302;;;39601;683485.00;1111468.88;2013-12-01T00:00:00
8903093;547999;Humpolec;;;;;404349;Humpolec;378607;5. kvìtna;è.p.;303;;;39601;683725.38;1112142.13;2013-12-01T00:00:00
8903107;547999;Humpolec;;;;;404349;Humpolec;378801;Horní námìstí;è.p.;304;;;39601;683739.25;1112087.13;2013-12-01T00:00:00
8903115;547999;Humpolec;;;;;404349;Humpolec;379140;Panský vrch;è.p.;305;;;39601;683548.13;1111495.38;2013-12-01T00:00:00
8903123;547999;Humpolec;;;;;404349;Humpolec;378607;5. kvìtna;è.p.;306;;;39601;683754.27;1112097.19;2013-12-01T00:00:00
8903131;547999;Humpolec;;;;;404349;Humpolec;379140;Panský vrch;è.p.;307;;;39601;683547.44;1111516.25;2013-12-01T00:00:00
8903140;547999;Humpolec;;;;;404349;Humpolec;378607;5. kvìtna;è.p.;308;;;39601;683739.06;1112120.50;2013-12-01T00:00:00
8903158;547999;Humpolec;;;;;404349;Humpolec;378607;5. kvìtna;è.p.;309;;;39601;683717.19;1112148.38;2013-12-01T00:00:00
8903166;547999;Humpolec;;;;;404349;Humpolec;378828;Hradská;è.p.;310;;;39601;683640.56;1112072.25;2013-12-01T00:00:00
8903174;547999;Humpolec;;;;;404349;Humpolec;379182;Pøíèná;è.p.;311;;;39601;683641.06;1112093.25;2013-12-01T00:00:00
8903182;547999;Humpolec;;;;;404349;Humpolec;378950;Lipnická;è.p.;312;;;39601;683516.38;1111471.88;2013-12-01T00:00:00
8903191;547999;Humpolec;;;;;404349;Humpolec;379182;Pøíèná;è.p.;313;;;39601;683627.56;1112129.38;2013-12-01T00:00:00
8903204;547999;Humpolec;;;;;404349;Humpolec;378607;5. kvìtna;è.p.;314;;;39601;683603.50;1112157.50;2013-12-01T00:00:00
8903212;547999;Humpolec;;;;;404349;Humpolec;378607;5. kvìtna;è.p.;315;;;39601;683588.31;1112163.50;2013-12-01T00:00:00
8903221;547999;Humpolec;;;;;404349;Humpolec;378607;5. kvìtna;è.p.;316;;;39601;683577.94;1112169.13;2013-12-01T00:00:00
8903239;547999;Humpolec;;;;;404349;Humpolec;379140;Panský vrch;è.p.;317;;;39601;683513.25;1111510.38;2013-12-01T00:00:00
8903247;547999;Humpolec;;;;;404349;Humpolec;379387;Východní;è.p.;318;;;39601;683479.00;1111528.00;2013-12-01T00:00:00
8903255;547999;Humpolec;;;;;404349;Humpolec;378607;5. kvìtna;è.p.;319;;;39601;683546.25;1112234.38;2013-12-01T00:00:00
8903263;547999;Humpolec;;;;;404349;Humpolec;379018;Máchova;è.p.;320;;;39601;683822.13;1112430.63;2013-12-01T00:00:00
8903271;547999;Humpolec;;;;;404349;Humpolec;378607;5. kvìtna;è.p.;321;;;39601;683564.94;1112206.75;2013-12-01T00:00:00
8903280;547999;Humpolec;;;;;404349;Humpolec;379140;Panský vrch;è.p.;322;;;39601;683514.88;1111491.25;2013-12-01T00:00:00
8903301;547999;Humpolec;;;;;404349;Humpolec;379417;Zichpil;è.p.;324;;;39601;683594.13;1112229.88;2013-12-01T00:00:00
8903328;547999;Humpolec;;;;;404349;Humpolec;378607;5. kvìtna;è.p.;326;;;39601;683601.33;1112179.84;2013-12-11T00:00:00
8903344;547999;Humpolec;;;;;404349;Humpolec;379417;Zichpil;è.p.;328;;;39601;683616.69;1112230.25;2013-12-01T00:00:00
8903352;547999;Humpolec;;;;;404349;Humpolec;379417;Zichpil;è.p.;329;;;39601;683616.00;1112243.13;2013-12-01T00:00:00
8903361;547999;Humpolec;;;;;404349;Humpolec;379417;Zichpil;è.p.;330;;;39601;683621.38;1112263.88;2013-12-01T00:00:00
8903379;547999;Humpolec;;;;;404349;Humpolec;379140;Panský vrch;è.p.;331;;;39601;683546.13;1111536.63;2013-12-01T00:00:00
8903387;547999;Humpolec;;;;;404349;Humpolec;379221;Sluníèkova;è.p.;332;;;39601;683408.63;1111521.75;2013-12-01T00:00:00
8903395;547999;Humpolec;;;;;404349;Humpolec;379417;Zichpil;è.p.;333;;;39601;683633.56;1112200.38;2013-12-01T00:00:00
8903409;547999;Humpolec;;;;;404349;Humpolec;379387;Východní;è.p.;334;;;39601;683512.06;1111533.25;2013-12-01T00:00:00
8903417;547999;Humpolec;;;;;404349;Humpolec;379387;Východní;è.p.;335;;;39601;683607.31;1111543.25;2013-12-01T00:00:00
8903425;547999;Humpolec;;;;;404349;Humpolec;379417;Zichpil;è.p.;336;;;39601;683641.75;1112261.50;2013-12-01T00:00:00
8903441;547999;Humpolec;;;;;404349;Humpolec;379417;Zichpil;è.p.;338;;;39601;683651.75;1112261.50;2013-12-01T00:00:00
8903468;547999;Humpolec;;;;;404349;Humpolec;379417;Zichpil;è.p.;340;;;39601;683671.31;1112239.25;2013-12-01T00:00:00
8903476;547999;Humpolec;;;;;404349;Humpolec;379417;Zichpil;è.p.;341;;;39601;683673.94;1112226.13;2013-12-01T00:00:00
8903484;547999;Humpolec;;;;;404349;Humpolec;379417;Zichpil;è.p.;342;;;39601;683660.13;1112223.25;2013-12-01T00:00:00
8903492;547999;Humpolec;;;;;404349;Humpolec;379387;Východní;è.p.;343;;;39601;683457.75;1111526.63;2013-12-01T00:00:00
8903506;547999;Humpolec;;;;;404349;Humpolec;379417;Zichpil;è.p.;344;;;39601;683646.06;1112190.00;2013-12-01T00:00:00
8903514;547999;Humpolec;;;;;404349;Humpolec;379417;Zichpil;è.p.;345;;;39601;683661.94;1112194.00;2013-12-01T00:00:00
8903522;547999;Humpolec;;;;;404349;Humpolec;378798;Hornická;è.p.;346;;;39601;683639.75;1111558.75;2013-12-01T00:00:00
8903531;547999;Humpolec;;;;;404349;Humpolec;379417;Zichpil;è.p.;347;;;39601;683677.31;1112195.00;2013-12-01T00:00:00
8903549;547999;Humpolec;;;;;404349;Humpolec;378798;Hornická;è.p.;348;;;39601;683637.19;1111579.38;2013-12-01T00:00:00
8903557;547999;Humpolec;;;;;404349;Humpolec;379417;Zichpil;è.p.;349;;;39601;683698.88;1112203.75;2013-12-01T00:00:00
8903565;547999;Humpolec;;;;;404349;Humpolec;379417;Zichpil;è.p.;350;;;39601;683693.00;1112216.63;2013-12-01T00:00:00
8903573;547999;Humpolec;;;;;404349;Humpolec;379417;Zichpil;è.p.;351;;;39601;683691.81;1112224.13;2013-12-01T00:00:00
8903581;547999;Humpolec;;;;;404349;Humpolec;379417;Zichpil;è.p.;352;;;39601;683688.31;1112233.63;2013-12-01T00:00:00
8903590;547999;Humpolec;;;;;404349;Humpolec;379417;Zichpil;è.p.;353;;;39601;683681.31;1112243.00;2013-12-01T00:00:00
8903603;547999;Humpolec;;;;;404349;Humpolec;379417;Zichpil;è.p.;354;;;39601;683680.31;1112252.50;2013-12-01T00:00:00
8903611;547999;Humpolec;;;;;404349;Humpolec;379123;Palackého;è.p.;355;;;39601;683817.94;1112660.25;2013-12-01T00:00:00
8903620;547999;Humpolec;;;;;404349;Humpolec;379123;Palackého;è.p.;356;;;39601;683824.25;1112637.88;2013-12-01T00:00:00
8903638;547999;Humpolec;;;;;404349;Humpolec;378879;Jihlavská;è.p.;357;;;39601;683662.13;1112297.88;2013-12-01T00:00:00
8903646;547999;Humpolec;;;;;404349;Humpolec;379000;Lužická;è.p.;358;;;39601;683458.69;1110497.63;2013-12-01T00:00:00
8903654;547999;Humpolec;;;;;404349;Humpolec;378879;Jihlavská;è.p.;359;;;39601;683642.88;1112389.75;2013-12-01T00:00:00
8903662;547999;Humpolec;;;;;404349;Humpolec;379123;Palackého;è.p.;360;;;39601;683851.31;1112646.38;2013-12-01T00:00:00
8903671;547999;Humpolec;;;;;404349;Humpolec;379123;Palackého;è.p.;361;;;39601;683854.44;1112627.75;2013-12-01T00:00:00
8903689;547999;Humpolec;;;;;404349;Humpolec;379123;Palackého;è.p.;362;;;39601;683844.56;1112668.75;2013-12-01T00:00:00
8903697;547999;Humpolec;;;;;404349;Humpolec;378879;Jihlavská;è.p.;363;;;39601;683680.81;1112298.00;2013-12-01T00:00:00
8903701;547999;Humpolec;;;;;404349;Humpolec;378879;Jihlavská;è.p.;364;;;39601;683687.50;1112291.00;2013-12-01T00:00:00
8903719;547999;Humpolec;;;;;404349;Humpolec;379123;Palackého;è.p.;365;;;39601;683844.94;1112556.88;2013-12-01T00:00:00
8903727;547999;Humpolec;;;;;404349;Humpolec;378879;Jihlavská;è.p.;366;;;39601;683714.19;1112281.88;2013-12-01T00:00:00
8903735;547999;Humpolec;;;;;404349;Humpolec;378879;Jihlavská;è.p.;367;;;39601;683664.94;1112371.47;2013-12-01T00:00:00
8903743;547999;Humpolec;;;;;404349;Humpolec;378798;Hornická;è.p.;368;;;39601;683634.38;1111599.75;2013-12-01T00:00:00
8903751;547999;Humpolec;;;;;404349;Humpolec;379069;Na Skalce;è.p.;369;;;39601;684344.38;1111566.13;2013-12-01T00:00:00
8903760;547999;Humpolec;;;;;404349;Humpolec;379069;Na Skalce;è.p.;370;;;39601;684377.06;1111553.63;2013-12-01T00:00:00
8903778;547999;Humpolec;;;;;404349;Humpolec;379069;Na Skalce;è.p.;371;;;39601;684403.81;1111570.25;2013-12-01T00:00:00
8903786;547999;Humpolec;;;;;404349;Humpolec;379018;Máchova;è.p.;372;;;39601;683852.38;1112531.50;2013-12-01T00:00:00
8903794;547999;Humpolec;;;;;404349;Humpolec;379417;Zichpil;è.p.;373;;;39601;683723.06;1112217.75;2013-12-01T00:00:00
8903808;547999;Humpolec;;;;;404349;Humpolec;378879;Jihlavská;è.p.;374;;;39601;683733.06;1112202.88;2013-12-01T00:00:00
8903816;547999;Humpolec;;;;;404349;Humpolec;378879;Jihlavská;è.p.;375;;;39601;683729.75;1112188.63;2013-12-01T00:00:00
8903824;547999;Humpolec;;;;;404349;Humpolec;378607;5. kvìtna;è.p.;376;;;39601;683713.06;1112169.00;2013-12-01T00:00:00
8903832;547999;Humpolec;;;;;404349;Humpolec;379166;Podìbradova;è.p.;377;;;39601;683847.31;1112364.13;2013-12-01T00:00:00
8903841;547999;Humpolec;;;;;404349;Humpolec;378623;Arbesova;è.p.;378;;;39601;683637.00;1111346.13;2013-12-01T00:00:00
8903859;547999;Humpolec;;;;;404349;Humpolec;378623;Arbesova;è.p.;379;;;39601;683639.13;1111408.63;2013-12-01T00:00:00
8903867;547999;Humpolec;;;;;404349;Humpolec;378798;Hornická;è.p.;380;;;39601;683633.00;1111617.88;2013-12-01T00:00:00
8903883;547999;Humpolec;;;;;404349;Humpolec;378623;Arbesova;è.p.;382;;;39601;683672.44;1111408.13;2013-12-01T00:00:00
8903891;547999;Humpolec;;;;;404349;Humpolec;378704;Dusilov;è.p.;383;;;39601;683173.94;1111328.25;2013-12-01T00:00:00
8903905;547999;Humpolec;;;;;404349;Humpolec;378704;Dusilov;è.p.;384;;;39601;683025.50;1111306.63;2013-12-01T00:00:00
8903921;547999;Humpolec;;;;;404349;Humpolec;378747;Hadina;è.p.;386;;;39601;683266.00;1109814.00;2013-12-01T00:00:00
8903930;547999;Humpolec;;;;;404349;Humpolec;378747;Hadina;è.p.;387;;;39601;683425.00;1109756.25;2013-12-01T00:00:00
8903948;547999;Humpolec;;;;;404349;Humpolec;378747;Hadina;è.p.;388;;;39601;683402.19;1109813.25;2013-12-01T00:00:00
8903956;547999;Humpolec;;;;;404349;Humpolec;379204;Masarykova;è.p.;389;;;39601;684068.63;1112379.00;2013-12-01T00:00:00
8903964;547999;Humpolec;;;;;404349;Humpolec;379131;Panskodomská;è.p.;390;;;39601;683667.94;1111890.13;2013-12-01T00:00:00
8903972;547999;Humpolec;;;;;404349;Humpolec;378852;Husova;è.p.;391;;;39601;684060.63;1111934.00;2013-12-01T00:00:00
8903981;547999;Humpolec;;;;;404349;Humpolec;379140;Panský vrch;è.p.;392;;;39601;683540.31;1111599.38;2013-12-01T00:00:00
8903999;547999;Humpolec;;;;;404349;Humpolec;378895;Jiráskova;è.p.;393;;;39601;683860.38;1112258.25;2013-12-01T00:00:00
8904006;547999;Humpolec;;;;;404349;Humpolec;378917;Kamarytova;è.p.;394;;;39601;684089.44;1111748.88;2013-12-01T00:00:00
8904014;547999;Humpolec;;;;;404349;Humpolec;378917;Kamarytova;è.p.;395;;;39601;684032.00;1111724.00;2013-12-01T00:00:00
8904022;547999;Humpolec;;;;;404349;Humpolec;379140;Panský vrch;è.p.;396;;;39601;683540.63;1111581.13;2013-12-01T00:00:00
8904049;547999;Humpolec;;;;;404349;Humpolec;379387;Východní;è.p.;398;;;39601;683585.38;1111539.75;2013-12-01T00:00:00
8904057;547999;Humpolec;;;;;404349;Humpolec;379107;Nerudova;è.p.;399;;;39601;684109.56;1111803.50;2013-12-01T00:00:00
8904065;547999;Humpolec;;;;;404349;Humpolec;379018;Máchova;è.p.;400;;;39601;683807.00;1112522.00;2013-12-01T00:00:00
8904073;547999;Humpolec;;;;;404349;Humpolec;378879;Jihlavská;è.p.;401;;;39601;683366.50;1113055.38;2013-12-01T00:00:00
8904081;547999;Humpolec;;;;;404349;Humpolec;379271;Školní;è.p.;402;;;39601;684100.25;1112180.25;2013-12-01T00:00:00
8904090;547999;Humpolec;;;;;404349;Humpolec;379131;Panskodomská;è.p.;403;;;39601;683700.44;1111795.63;2013-12-01T00:00:00
8904103;547999;Humpolec;;;;;404349;Humpolec;379069;Na Skalce;è.p.;404;;;39601;684311.25;1111562.13;2013-12-01T00:00:00
8904111;547999;Humpolec;;;;;404349;Humpolec;379131;Panskodomská;è.p.;405;;;39601;683672.00;1111814.75;2013-12-01T00:00:00
8904120;547999;Humpolec;;;;;404349;Humpolec;378828;Hradská;è.p.;406;;;39601;683536.37;1112036.36;2013-12-01T00:00:00
8904138;547999;Humpolec;;;;;404349;Humpolec;379271;Školní;è.p.;407;;;39601;684137.81;1112217.63;2013-12-01T00:00:00
8904146;547999;Humpolec;;;;;404349;Humpolec;378798;Hornická;è.p.;408;;;39601;683595.00;1111656.63;2013-12-01T00:00:00
8904154;547999;Humpolec;;;;;404349;Humpolec;378640;Boèní;è.p.;409;;;39601;683800.38;1112542.13;2013-12-01T00:00:00
8904162;547999;Humpolec;;;;;404349;Humpolec;379271;Školní;è.p.;410;;;39601;684106.25;1112190.75;2013-12-01T00:00:00
8904171;547999;Humpolec;;;;;404349;Humpolec;379280;Na Kasárnách;è.p.;411;;;39601;684274.50;1111772.25;2013-12-01T00:00:00
8904197;547999;Humpolec;;;;;404349;Humpolec;379280;Na Kasárnách;è.p.;413;;;39601;684245.00;1111752.00;2013-12-01T00:00:00
8904201;547999;Humpolec;;;;;404349;Humpolec;379280;Na Kasárnách;è.p.;414;;;39601;684225.00;1111757.00;2013-12-01T00:00:00
8904219;547999;Humpolec;;;;;404349;Humpolec;378950;Lipnická;è.p.;415;;;39601;683249.06;1111607.13;2013-12-01T00:00:00
8904227;547999;Humpolec;;;;;404349;Humpolec;379000;Lužická;è.p.;416;;;39601;683722.50;1111355.50;2013-12-01T00:00:00
8904235;547999;Humpolec;;;;;404349;Humpolec;378721;Rašínova;è.p.;418;;;39601;684046.75;1111833.38;2013-12-01T00:00:00
8904243;547999;Humpolec;;;;;404349;Humpolec;378666;Èejovská;è.p.;419;;;39601;683277.56;1111317.63;2013-12-01T00:00:00
8904251;547999;Humpolec;;;;;404349;Humpolec;379271;Školní;è.p.;420;;;39601;684126.90;1112208.17;2013-12-01T00:00:00
8904278;547999;Humpolec;;;;;404349;Humpolec;378771;Hálkova;è.p.;422;;;39601;683971.31;1112440.00;2013-12-01T00:00:00
8904286;547999;Humpolec;;;;;404349;Humpolec;378666;Èejovská;è.p.;423;;;39601;682808.25;1110823.38;2013-12-01T00:00:00
8904294;547999;Humpolec;;;;;404349;Humpolec;379280;Na Kasárnách;è.p.;424;;;39601;684287.13;1111778.75;2013-12-01T00:00:00
8904308;547999;Humpolec;;;;;404349;Humpolec;379280;Na Kasárnách;è.p.;425;;;39601;684302.00;1111780.00;2013-12-01T00:00:00
8904316;547999;Humpolec;;;;;404349;Humpolec;379280;Na Kasárnách;è.p.;426;;;39601;684320.81;1111783.13;2013-12-01T00:00:00
8904324;547999;Humpolec;;;;;404349;Humpolec;379280;Na Kasárnách;è.p.;427;;;39601;684335.00;1111787.75;2013-12-01T00:00:00
8904332;547999;Humpolec;;;;;404349;Humpolec;379280;Na Kasárnách;è.p.;428;;;39601;684350.88;1111789.38;2013-12-01T00:00:00
8904341;547999;Humpolec;;;;;404349;Humpolec;379123;Palackého;è.p.;431;;;39601;683865.38;1112472.75;2013-12-01T00:00:00
8904359;547999;Humpolec;;;;;404349;Humpolec;378798;Hornická;è.p.;432;;;39601;683599.25;1111634.50;2013-12-01T00:00:00
8904367;547999;Humpolec;;;;;404349;Humpolec;378674;Dolní námìstí;è.p.;433;;;39601;683787.81;1111972.88;2013-12-01T00:00:00
8904375;547999;Humpolec;;;;;404349;Humpolec;379000;Lužická;è.p.;434;;;39601;683695.13;1111333.25;2013-12-01T00:00:00
8904383;547999;Humpolec;;;;;404349;Humpolec;378607;5. kvìtna;è.p.;435;;;39601;683683.63;1112168.13;2013-12-01T00:00:00
8904391;547999;Humpolec;;;;;404349;Humpolec;379123;Palackého;è.p.;436;;;39601;683859.56;1112497.00;2013-12-01T00:00:00
8904405;547999;Humpolec;;;;;404349;Humpolec;378895;Jiráskova;è.p.;437;;;39601;683837.81;1112269.88;2013-12-01T00:00:00
8904413;547999;Humpolec;;;;;404349;Humpolec;378976;Litochleby;è.p.;438;;;39601;684252.25;1111036.63;2013-12-01T00:00:00
8904421;547999;Humpolec;;;;;404349;Humpolec;378607;5. kvìtna;è.p.;439;;;39601;683705.00;1112151.75;2013-12-01T00:00:00
8904448;547999;Humpolec;;;;;404349;Humpolec;378801;Horní námìstí;è.p.;441;;;39601;683800.51;1112015.58;2013-12-01T00:00:00
8904456;547999;Humpolec;;;;;404349;Humpolec;378607;5. kvìtna;è.p.;442;;;39601;683733.25;1112132.88;2013-12-01T00:00:00
8904464;547999;Humpolec;;;;;404349;Humpolec;379280;Na Kasárnách;è.p.;443;;;39601;684364.00;1111788.00;2013-12-01T00:00:00
8904472;547999;Humpolec;;;;;404349;Humpolec;378607;5. kvìtna;è.p.;444;;;39601;683695.00;1112168.50;2013-12-01T00:00:00
8904481;547999;Humpolec;;;;;404349;Humpolec;379158;Pelhøimovská;è.p.;445;;;39601;684566.00;1112926.00;2013-12-01T00:00:00
8904499;547999;Humpolec;;;;;404349;Humpolec;378666;Èejovská;è.p.;446;;;39601;683491.94;1111374.63;2013-12-01T00:00:00
8904502;547999;Humpolec;;;;;404349;Humpolec;379085;Na Závodí;è.p.;447;;;39601;684021.50;1111288.88;2013-12-01T00:00:00
8904511;547999;Humpolec;;;;;404349;Humpolec;379280;Na Kasárnách;è.p.;448;;;39601;684304.06;1111806.75;2013-12-01T00:00:00
8904529;547999;Humpolec;;;;;404349;Humpolec;379280;Na Kasárnách;è.p.;449;;;39601;684288.94;1111804.38;2013-12-01T00:00:00
8904537;547999;Humpolec;;;;;404349;Humpolec;379140;Panský vrch;è.p.;450;;;39601;683547.69;1111565.50;2013-12-01T00:00:00
8904545;547999;Humpolec;;;;;404349;Humpolec;379409;Pražská;è.p.;451;;;39601;684920.13;1111791.13;2013-12-01T00:00:00
8904553;547999;Humpolec;;;;;404349;Humpolec;379107;Nerudova;è.p.;452;;;39601;684124.56;1111782.38;2013-12-01T00:00:00
8904561;547999;Humpolec;;;;;404349;Humpolec;378607;5. kvìtna;è.p.;453;;;39601;683616.69;1112176.50;2013-12-01T00:00:00
8904570;547999;Humpolec;;;;;404349;Humpolec;379085;Na Závodí;è.p.;454;;;39601;684092.69;1111586.50;2013-12-01T00:00:00
8904588;547999;Humpolec;;;;;404349;Humpolec;379085;Na Závodí;è.p.;455;;;39601;684079.50;1111595.63;2013-12-01T00:00:00
8904596;547999;Humpolec;;;;;404349;Humpolec;379085;Na Závodí;è.p.;456;;;39601;684102.75;1111578.63;2013-12-01T00:00:00
8904600;547999;Humpolec;;;;;404349;Humpolec;378771;Hálkova;è.p.;457;;;39601;683948.69;1112458.80;2013-12-16T00:00:00
8904618;547999;Humpolec;;;;;404349;Humpolec;379280;Na Kasárnách;è.p.;458;;;39601;684385.06;1111791.00;2013-12-01T00:00:00
8904626;547999;Humpolec;;;;;404349;Humpolec;379271;Školní;è.p.;459;;;39601;684070.81;1112131.38;2013-12-01T00:00:00
8904634;547999;Humpolec;;;;;404349;Humpolec;379484;Spojovací;è.p.;460;;;39601;683840.31;1111198.25;2013-12-01T00:00:00
8904642;547999;Humpolec;;;;;404349;Humpolec;379131;Panskodomská;è.p.;461;;;39601;683672.81;1111833.25;2013-12-01T00:00:00
8904651;547999;Humpolec;;;;;404349;Humpolec;379131;Panskodomská;è.p.;462;;;39601;683671.19;1111843.50;2013-12-01T00:00:00
8904669;547999;Humpolec;;;;;404349;Humpolec;378623;Arbesova;è.p.;463;;;39601;683662.06;1111473.63;2013-12-01T00:00:00
8904677;547999;Humpolec;;;;;404349;Humpolec;378623;Arbesova;è.p.;464;;;39601;683555.81;1111318.75;2013-12-01T00:00:00
8904685;547999;Humpolec;;;;;404349;Humpolec;378666;Èejovská;è.p.;465;;;39601;683511.25;1111386.50;2013-12-01T00:00:00
8904693;547999;Humpolec;;;;;404349;Humpolec;378721;Rašínova;è.p.;466;;;39601;684025.13;1111826.13;2013-12-01T00:00:00
8904707;547999;Humpolec;;;;;404349;Humpolec;379000;Lužická;è.p.;468;;;39601;683607.00;1111000.00;2013-12-01T00:00:00
8904715;547999;Humpolec;;;;;404349;Humpolec;379158;Pelhøimovská;è.p.;469;;;39601;684692.00;1113313.13;2013-12-01T00:00:00
8904731;547999;Humpolec;;;;;404349;Humpolec;379417;Zichpil;è.p.;470;;;39601;683660.63;1112287.50;2013-12-01T00:00:00
8904740;547999;Humpolec;;;;;404349;Humpolec;378879;Jihlavská;è.p.;471;;;39601;683517.13;1112610.88;2013-12-01T00:00:00
8904758;547999;Humpolec;;;;;404349;Humpolec;379344;U Vinopalny;è.p.;472;;;39601;683792.69;1112237.63;2013-12-01T00:00:00
8904766;547999;Humpolec;;;;;404349;Humpolec;379115;Okružní;è.p.;473;;;39601;683563.56;1112563.88;2013-12-01T00:00:00
8904782;547999;Humpolec;;;;;404349;Humpolec;379344;U Vinopalny;è.p.;475;;;39601;683807.31;1112280.75;2013-12-01T00:00:00
8904791;547999;Humpolec;;;;;404349;Humpolec;379166;Podìbradova;è.p.;476;;;39601;683870.75;1112348.75;2013-12-01T00:00:00
8904804;547999;Humpolec;;;;;404349;Humpolec;379344;U Vinopalny;è.p.;477;;;39601;683807.56;1112291.13;2013-12-01T00:00:00
8904812;547999;Humpolec;;;;;404349;Humpolec;379344;U Vinopalny;è.p.;478;;;39601;683802.63;1112304.88;2013-12-01T00:00:00
8904821;547999;Humpolec;;;;;404349;Humpolec;379344;U Vinopalny;è.p.;479;;;39601;683797.88;1112314.13;2013-12-01T00:00:00
8904839;547999;Humpolec;;;;;404349;Humpolec;379344;U Vinopalny;è.p.;480;;;39601;683775.06;1112344.13;2013-12-01T00:00:00
8904847;547999;Humpolec;;;;;404349;Humpolec;379344;U Vinopalny;è.p.;481;;;39601;683760.50;1112342.25;2013-12-01T00:00:00
8904855;547999;Humpolec;;;;;404349;Humpolec;379344;U Vinopalny;è.p.;482;;;39601;683753.19;1112338.00;2013-12-01T00:00:00
8904871;547999;Humpolec;;;;;404349;Humpolec;378879;Jihlavská;è.p.;484;;;39601;683706.88;1112315.75;2013-12-01T00:00:00
8904880;547999;Humpolec;;;;;404349;Humpolec;379301;U Jízdárny;è.p.;485;;;39601;683360.88;1111350.13;2013-12-01T00:00:00
8904898;547999;Humpolec;;;;;404349;Humpolec;379093;Nádražní;è.p.;486;;;39601;684492.06;1112572.25;2013-12-01T00:00:00
8904901;547999;Humpolec;;;;;404349;Humpolec;378798;Hornická;è.p.;487;;;39601;683590.94;1111676.75;2013-12-01T00:00:00
8904910;547999;Humpolec;;;;;404349;Humpolec;378623;Arbesova;è.p.;488;;;39601;683535.75;1111309.88;2013-12-01T00:00:00
8904928;547999;Humpolec;;;;;404349;Humpolec;379409;Pražská;è.p.;489;;;39601;685484.19;1111812.88;2013-12-01T00:00:00
8904936;547999;Humpolec;;;;;404349;Humpolec;379409;Pražská;è.p.;490;;;39601;685298.06;1111707.63;2013-12-01T00:00:00
8904944;547999;Humpolec;;;;;404349;Humpolec;379123;Palackého;è.p.;491;;;39601;683878.69;1112398.38;2013-12-01T00:00:00
8904952;547999;Humpolec;;;;;404349;Humpolec;379344;U Vinopalny;è.p.;492;;;39601;683770.81;1112312.13;2013-12-01T00:00:00
8904961;547999;Humpolec;;;;;404349;Humpolec;378879;Jihlavská;è.p.;493;;;39601;683736.44;1112302.75;2013-12-01T00:00:00
8904979;547999;Humpolec;;;;;404349;Humpolec;378828;Hradská;è.p.;494;;;39601;683468.81;1111969.88;2013-12-01T00:00:00
8904987;547999;Humpolec;;;;;404349;Humpolec;379166;Podìbradova;è.p.;495;;;39601;683866.00;1112364.13;2013-12-01T00:00:00
8904995;547999;Humpolec;;;;;404349;Humpolec;379166;Podìbradova;è.p.;496;;;39601;683893.31;1112368.63;2013-12-01T00:00:00
8905002;547999;Humpolec;;;;;404349;Humpolec;379344;U Vinopalny;è.p.;497;;;39601;683792.69;1112325.25;2013-12-01T00:00:00
8905029;547999;Humpolec;;;;;404349;Humpolec;378984;Lnáøská;è.p.;499;;;39601;684585.00;1112431.38;2013-12-01T00:00:00
8905037;547999;Humpolec;;;;;404349;Humpolec;379271;Školní;è.p.;500;;;39601;684147.00;1112309.00;2013-12-01T00:00:00
8905045;547999;Humpolec;;;;;404349;Humpolec;378879;Jihlavská;è.p.;501;;;39601;683760.25;1112245.75;2013-12-01T00:00:00
8905053;547999;Humpolec;;;;;404349;Humpolec;378879;Jihlavská;è.p.;502;;;39601;683759.94;1112253.38;2013-12-01T00:00:00
8905061;547999;Humpolec;;;;;404349;Humpolec;378879;Jihlavská;è.p.;503;;;39601;683762.63;1112262.13;2013-12-01T00:00:00
8905070;547999;Humpolec;;;;;404349;Humpolec;378879;Jihlavská;è.p.;504;;;39601;683764.31;1112273.75;2013-12-01T00:00:00
8905088;547999;Humpolec;;;;;404349;Humpolec;378879;Jihlavská;è.p.;505;;;39601;683767.25;1112281.88;2013-12-01T00:00:00
8905096;547999;Humpolec;;;;;404349;Humpolec;378879;Jihlavská;è.p.;506;;;39601;683766.06;1112289.75;2013-12-01T00:00:00
8905100;547999;Humpolec;;;;;404349;Humpolec;378615;Alešova;è.p.;510;;;39601;683751.50;1111691.50;2013-12-01T00:00:00
8905118;547999;Humpolec;;;;;404349;Humpolec;379271;Školní;è.p.;511;;;39601;684051.25;1112110.75;2013-12-01T00:00:00
8905126;547999;Humpolec;;;;;404349;Humpolec;378674;Dolní námìstí;è.p.;512;;;39601;683780.09;1111831.88;2013-12-01T00:00:00
8905142;547999;Humpolec;;;;;404349;Humpolec;378879;Jihlavská;è.p.;515;;;39601;683728.75;1112253.13;2013-12-01T00:00:00
8905151;547999;Humpolec;;;;;404349;Humpolec;378712;Dvorská;è.p.;517;;;39601;683766.31;1111771.88;2013-12-01T00:00:00
8905169;547999;Humpolec;;;;;404349;Humpolec;378712;Dvorská;è.p.;518;;;39601;683806.25;1111762.38;2013-12-01T00:00:00
8905177;547999;Humpolec;;;;;404349;Humpolec;379425;Žižkova;è.p.;519;;;39601;683925.08;1112126.65;2013-12-01T00:00:00
8905185;547999;Humpolec;;;;;404349;Humpolec;379425;Žižkova;è.p.;520;;;39601;683945.75;1112102.25;2013-12-01T00:00:00
8905193;547999;Humpolec;;;;;404349;Humpolec;378607;5. kvìtna;è.p.;522;;;39601;683218.94;1112330.63;2013-12-01T00:00:00
8905207;547999;Humpolec;;;;;404349;Humpolec;378887;Jindráèkové;è.p.;523;;;39601;683459.00;1112191.00;2013-12-01T00:00:00
8905223;547999;Humpolec;;;;;404349;Humpolec;378607;5. kvìtna;è.p.;525;;;39601;683278.38;1112325.75;2013-12-01T00:00:00
8905231;547999;Humpolec;;;;;404349;Humpolec;378712;Dvorská;è.p.;526;;;39601;683317.94;1111733.25;2013-12-01T00:00:00
8905240;547999;Humpolec;;;;;404349;Humpolec;379409;Pražská;è.p.;527;;;39601;684381.82;1111821.45;2022-10-23T00:00:00
8905258;547999;Humpolec;;;;;404349;Humpolec;378712;Dvorská;è.p.;528;;;39601;683846.88;1111726.75;2013-12-01T00:00:00
8905266;547999;Humpolec;;;;;404349;Humpolec;378593;Jana Zábrany;è.p.;529;;;39601;683842.94;1111714.75;2013-12-01T00:00:00
8905274;547999;Humpolec;;;;;404349;Humpolec;379107;Nerudova;è.p.;530;;;39601;684217.25;1111619.25;2013-12-01T00:00:00
8905282;547999;Humpolec;;;;;404349;Humpolec;378607;5. kvìtna;è.p.;531;;;39601;683655.25;1112167.75;2013-12-01T00:00:00
8905291;547999;Humpolec;;;;;404349;Humpolec;379395;Zahradní;è.p.;532;;;39601;684834.63;1111705.00;2013-12-01T00:00:00
8905304;547999;Humpolec;;;;;404349;Humpolec;379085;Na Závodí;è.p.;533;;;39601;684067.25;1111620.50;2013-12-01T00:00:00
8905312;547999;Humpolec;;;;;404349;Humpolec;378844;Humpolecký dvùr;è.p.;534;;;39601;683268.06;1111777.69;2020-01-22T00:00:00
8905321;547999;Humpolec;;;;;404349;Humpolec;378623;Arbesova;è.p.;535;;;39601;683508.56;1111292.50;2013-12-01T00:00:00
8905339;547999;Humpolec;;;;;404349;Humpolec;379107;Nerudova;è.p.;536;;;39601;684200.88;1111654.25;2013-12-01T00:00:00
8905347;547999;Humpolec;;;;;404349;Humpolec;378828;Hradská;è.p.;537;;;39601;683549.56;1112026.38;2013-12-01T00:00:00
8905355;547999;Humpolec;;;;;404349;Humpolec;378828;Hradská;è.p.;538;;;39601;683506.19;1111969.13;2013-12-01T00:00:00
8905363;547999;Humpolec;;;;;404349;Humpolec;378712;Dvorská;è.p.;539;;;39601;683301.44;1111704.00;2013-12-01T00:00:00
8905371;547999;Humpolec;;;;;404349;Humpolec;379409;Pražská;è.p.;540;;;39601;684367.47;1111854.49;2022-10-23T00:00:00
8905380;547999;Humpolec;;;;;404349;Humpolec;379131;Panskodomská;è.p.;541;;;39601;683674.13;1111793.00;2013-12-01T00:00:00
8905398;547999;Humpolec;;;;;404349;Humpolec;379000;Lužická;è.p.;542;;;39601;683697.00;1110882.00;2013-12-01T00:00:00
8905401;547999;Humpolec;;;;;404349;Humpolec;379131;Panskodomská;è.p.;543;;;39601;683688.00;1111906.38;2013-12-01T00:00:00
8905410;547999;Humpolec;;;;;404349;Humpolec;379409;Pražská;è.p.;544;;;39601;684848.00;1111834.00;2013-12-01T00:00:00
8905428;547999;Humpolec;;;;;404349;Humpolec;378666;Èejovská;è.p.;545;;;39601;683260.00;1111310.50;2013-12-01T00:00:00
8905436;547999;Humpolec;;;;;404349;Humpolec;378984;Lnáøská;è.p.;546;;;39601;684658.56;1112566.88;2013-12-01T00:00:00
8905444;547999;Humpolec;;;;;404349;Humpolec;379093;Nádražní;è.p.;547;;;39601;684449.56;1112652.88;2013-12-01T00:00:00
8905461;547999;Humpolec;;;;;404349;Humpolec;378607;5. kvìtna;è.p.;549;;;39601;683489.63;1112202.75;2013-12-01T00:00:00
8905479;547999;Humpolec;;;;;404349;Humpolec;379131;Panskodomská;è.p.;550;;;39601;683703.69;1111753.75;2013-12-01T00:00:00
8905487;547999;Humpolec;;;;;404349;Humpolec;379093;Nádražní;è.p.;551;;;39601;684462.56;1112651.38;2013-12-01T00:00:00
8905495;547999;Humpolec;;;;;404349;Humpolec;378666;Èejovská;è.p.;552;;;39601;683806.03;1111626.35;2013-12-01T00:00:00
8905509;547999;Humpolec;;;;;404349;Humpolec;379204;Masarykova;è.p.;553;;;39601;683806.44;1112142.88;2013-12-01T00:00:00
8905517;547999;Humpolec;;;;;404349;Humpolec;378593;Jana Zábrany;è.p.;554;;;39601;683831.06;1111645.75;2013-12-01T00:00:00
8905525;547999;Humpolec;;;;;404349;Humpolec;378712;Dvorská;è.p.;555;;;39601;683716.06;1111753.75;2013-12-01T00:00:00
8905533;547999;Humpolec;;;;;404349;Humpolec;378712;Dvorská;è.p.;556;;;39601;683729.06;1111754.38;2013-12-01T00:00:00
8905541;547999;Humpolec;;;;;404349;Humpolec;378615;Alešova;è.p.;557;;;39601;683733.94;1111750.13;2013-12-01T00:00:00
8905550;547999;Humpolec;;;;;404349;Humpolec;378615;Alešova;è.p.;558;;;39601;683731.88;1111739.00;2013-12-01T00:00:00
8905568;547999;Humpolec;;;;;404349;Humpolec;378615;Alešova;è.p.;559;;;39601;683732.50;1111730.63;2013-12-01T00:00:00
8905576;547999;Humpolec;;;;;404349;Humpolec;378615;Alešova;è.p.;560;;;39601;683733.13;1111722.25;2013-12-01T00:00:00
8905584;547999;Humpolec;;;;;404349;Humpolec;378615;Alešova;è.p.;561;;;39601;683732.69;1111715.00;2013-12-01T00:00:00
8905592;547999;Humpolec;;;;;404349;Humpolec;379409;Pražská;è.p.;562;;;39601;684411.00;1111828.00;2013-12-01T00:00:00
8905606;547999;Humpolec;;;;;404349;Humpolec;379093;Nádražní;è.p.;563;;;39601;684656.00;1112611.00;2013-12-01T00:00:00
8905614;547999;Humpolec;;;;;404349;Humpolec;379093;Nádražní;è.p.;564;;;39601;684600.00;1112659.88;2013-12-01T00:00:00
8905622;547999;Humpolec;;;;;404349;Humpolec;378798;Hornická;è.p.;565;;;39601;683616.13;1111791.00;2013-12-01T00:00:00
8905631;547999;Humpolec;;;;;404349;Humpolec;378712;Dvorská;è.p.;566;;;39601;683287.81;1111701.63;2013-12-01T00:00:00
8905657;547999;Humpolec;;;;;404349;Humpolec;379204;Masarykova;è.p.;568;;;39601;683829.44;1112158.50;2013-12-01T00:00:00
8905665;547999;Humpolec;;;;;404349;Humpolec;379409;Pražská;è.p.;569;;;39601;684625.06;1111794.25;2013-12-01T00:00:00
8905673;547999;Humpolec;;;;;404349;Humpolec;378739;Fügnerova;è.p.;570;;;39601;684297.48;1112566.94;2013-12-01T00:00:00
8905681;547999;Humpolec;;;;;404349;Humpolec;378712;Dvorská;è.p.;571;;;39601;683754.38;1111753.25;2013-12-01T00:00:00
8905690;547999;Humpolec;;;;;404349;Humpolec;378615;Alešova;è.p.;572;;;39601;683747.38;1111745.51;2022-10-23T00:00:00
8905703;547999;Humpolec;;;;;404349;Humpolec;378615;Alešova;è.p.;573;;;39601;683746.90;1111738.44;2022-10-23T00:00:00
8905711;547999;Humpolec;;;;;404349;Humpolec;379417;Zichpil;è.p.;574;;;39601;683662.25;1112214.75;2013-12-01T00:00:00
8905738;547999;Humpolec;;;;;404349;Humpolec;379093;Nádražní;è.p.;576;;;39601;684701.44;1112577.37;2022-10-23T00:00:00
8905746;547999;Humpolec;;;;;404349;Humpolec;379131;Panskodomská;è.p.;577;;;39601;683711.00;1111697.13;2013-12-01T00:00:00
8905754;547999;Humpolec;;;;;404349;Humpolec;378615;Alešova;è.p.;578;;;39601;683746.23;1111731.02;2022-10-23T00:00:00
8905762;547999;Humpolec;;;;;404349;Humpolec;378615;Alešova;è.p.;579;;;39601;683746.11;1111724.58;2022-10-23T00:00:00
8905771;547999;Humpolec;;;;;404349;Humpolec;378615;Alešova;è.p.;580;;;39601;683745.70;1111717.41;2022-10-23T00:00:00
8905789;547999;Humpolec;;;;;404349;Humpolec;378615;Alešova;è.p.;581;;;39601;683745.28;1111710.45;2022-10-23T00:00:00
8905797;547999;Humpolec;;;;;404349;Humpolec;378771;Hálkova;è.p.;582;;;39601;683991.94;1112377.00;2013-12-01T00:00:00
8905801;547999;Humpolec;;;;;404349;Humpolec;378879;Jihlavská;è.p.;583;;;39601;683586.31;1112483.38;2013-12-01T00:00:00
8905819;547999;Humpolec;;;;;404349;Humpolec;379131;Panskodomská;è.p.;584;;;39601;683711.00;1111673.00;2013-12-01T00:00:00
8905827;547999;Humpolec;;;;;404349;Humpolec;378623;Arbesova;è.p.;585;;;39601;683650.94;1111425.25;2013-12-01T00:00:00
8905835;547999;Humpolec;;;;;404349;Humpolec;378691;Dukelská;è.p.;586;;;39601;683317.31;1111747.63;2015-10-22T00:00:00
8905843;547999;Humpolec;;;;;404349;Humpolec;379395;Zahradní;è.p.;587;;;39601;684754.44;1111720.25;2013-12-01T00:00:00
8905851;547999;Humpolec;;;;;404349;Humpolec;379115;Okružní;è.p.;588;;;39601;683778.63;1112720.38;2013-12-01T00:00:00
8905860;547999;Humpolec;;;;;404349;Humpolec;379271;Školní;è.p.;589;;;39601;684169.19;1112204.88;2013-12-01T00:00:00
8905878;547999;Humpolec;;;;;404349;Humpolec;378771;Hálkova;è.p.;590;;;39601;683927.56;1112757.25;2013-12-01T00:00:00
8905886;547999;Humpolec;;;;;404349;Humpolec;378771;Hálkova;è.p.;591;;;39601;684202.50;1112236.50;2013-12-01T00:00:00
8905894;547999;Humpolec;;;;;404349;Humpolec;379271;Školní;è.p.;592;;;39601;684176.06;1112280.13;2013-12-01T00:00:00
8905908;547999;Humpolec;;;;;404349;Humpolec;379000;Lužická;è.p.;593;;;39601;683591.61;1110929.23;2013-12-01T00:00:00
8905916;547999;Humpolec;;;;;404349;Humpolec;379271;Školní;è.p.;594;;;39601;684141.25;1112103.25;2013-12-01T00:00:00
8905924;547999;Humpolec;;;;;404349;Humpolec;379271;Školní;è.p.;595;;;39601;684190.69;1112298.25;2013-12-01T00:00:00
8905932;547999;Humpolec;;;;;404349;Humpolec;379271;Školní;è.p.;596;;;39601;684202.94;1112317.50;2013-12-01T00:00:00
8905941;547999;Humpolec;;;;;404349;Humpolec;379204;Masarykova;è.p.;597;;;39601;684167.50;1112354.25;2013-12-01T00:00:00
8905959;547999;Humpolec;;;;;404349;Humpolec;378666;Èejovská;è.p.;598;;;39601;683293.88;1111325.75;2013-12-01T00:00:00
8905967;547999;Humpolec;;;;;404349;Humpolec;379204;Masarykova;è.p.;599;;;39601;683873.50;1112194.63;2013-12-01T00:00:00
8905975;547999;Humpolec;;;;;404349;Humpolec;379000;Lužická;è.p.;600;;;39601;683665.31;1110786.50;2013-12-01T00:00:00
8905983;547999;Humpolec;;;;;404349;Humpolec;378771;Hálkova;è.p.;601;;;39601;683902.00;1112511.00;2013-12-01T00:00:00
8905991;547999;Humpolec;;;;;404349;Humpolec;378712;Dvorská;è.p.;602;;;39601;683343.94;1111688.75;2013-12-01T00:00:00
8906009;547999;Humpolec;;;;;404349;Humpolec;379107;Nerudova;è.p.;603;;;39601;684333.56;1111165.25;2013-12-01T00:00:00
8906025;547999;Humpolec;;;;;404349;Humpolec;379204;Masarykova;è.p.;605;;;39601;683885.13;1112213.13;2013-12-01T00:00:00
8906033;547999;Humpolec;;;;;404349;Humpolec;379000;Lužická;è.p.;606;;;39601;683693.00;1111037.88;2013-12-01T00:00:00
8906041;547999;Humpolec;;;;;404349;Humpolec;379000;Lužická;è.p.;607;;;39601;683621.00;1110790.88;2013-12-01T00:00:00
8906050;547999;Humpolec;;;;;404349;Humpolec;379000;Lužická;è.p.;608;;;39601;683625.56;1110823.75;2013-12-01T00:00:00
8906068;547999;Humpolec;;;;;404349;Humpolec;378798;Hornická;è.p.;609;;;39601;683621.00;1111716.75;2013-12-01T00:00:00
8906076;547999;Humpolec;;;;;404349;Humpolec;378879;Jihlavská;è.p.;610;;;39601;683591.00;1112476.75;2013-12-01T00:00:00
8906084;547999;Humpolec;;;;;404349;Humpolec;378798;Hornická;è.p.;611;;;39601;683619.19;1111736.88;2013-12-01T00:00:00
8906092;547999;Humpolec;;;;;404349;Humpolec;379115;Okružní;è.p.;612;;;39601;684813.75;1112045.88;2013-12-01T00:00:00
8906106;547999;Humpolec;;;;;404349;Humpolec;378798;Hornická;è.p.;613;;;39601;683621.81;1111708.50;2013-12-01T00:00:00
8906114;547999;Humpolec;;;;;404349;Humpolec;378712;Dvorská;è.p.;614;;;39601;683642.75;1111740.63;2013-12-01T00:00:00
8906122;547999;Humpolec;;;;;404349;Humpolec;378712;Dvorská;è.p.;615;;;39601;683636.00;1111740.75;2013-12-01T00:00:00
8906149;547999;Humpolec;;;;;404349;Humpolec;379069;Na Skalce;è.p.;617;;;39601;684260.59;1111564.44;2013-12-01T00:00:00
8906157;547999;Humpolec;;;;;404349;Humpolec;378674;Dolní námìstí;è.p.;618;;;39601;683768.61;1111848.07;2022-10-23T00:00:00
8906165;547999;Humpolec;;;;;404349;Humpolec;378607;5. kvìtna;è.p.;619;;;39601;683508.63;1112188.63;2013-12-01T00:00:00
8906173;547999;Humpolec;;;;;404349;Humpolec;378607;5. kvìtna;è.p.;620;;;39601;683514.45;1112186.82;2013-12-11T00:00:00
8906181;547999;Humpolec;;;;;404349;Humpolec;378607;5. kvìtna;è.p.;621;;;39601;683526.00;1112182.38;2013-12-01T00:00:00
8906190;547999;Humpolec;;;;;404349;Humpolec;378607;5. kvìtna;è.p.;622;;;39601;683533.00;1112180.50;2013-12-01T00:00:00
8906203;547999;Humpolec;;;;;404349;Humpolec;379069;Na Skalce;è.p.;623;;;39601;684310.38;1111643.63;2013-12-01T00:00:00
8906211;547999;Humpolec;;;;;404349;Humpolec;379204;Masarykova;è.p.;624;;;39601;683897.38;1112235.88;2013-12-01T00:00:00
8906220;547999;Humpolec;;;;;404349;Humpolec;378640;Boèní;è.p.;625;;;39601;683774.44;1112646.00;2013-12-01T00:00:00
8906238;547999;Humpolec;;;;;404349;Humpolec;379107;Nerudova;è.p.;626;;;39601;684330.94;1111320.25;2013-12-01T00:00:00
8906246;547999;Humpolec;;;;;404349;Humpolec;379107;Nerudova;è.p.;627;;;39601;684332.94;1111311.88;2013-12-01T00:00:00
8906254;547999;Humpolec;;;;;404349;Humpolec;379107;Nerudova;è.p.;628;;;39601;684338.56;1111297.63;2013-12-01T00:00:00
8906262;547999;Humpolec;;;;;404349;Humpolec;378879;Jihlavská;è.p.;629;;;39601;683602.69;1112455.50;2013-12-01T00:00:00
8906271;547999;Humpolec;;;;;404349;Humpolec;379000;Lužická;è.p.;630;;;39601;683643.38;1110696.50;2013-12-01T00:00:00
8906289;547999;Humpolec;;;;;404349;Humpolec;379085;Na Závodí;è.p.;631;;;39601;684057.94;1111646.25;2013-12-01T00:00:00
8906297;547999;Humpolec;;;;;404349;Humpolec;378666;Èejovská;è.p.;632;;;39601;682786.79;1110874.22;2022-10-23T00:00:00
8906301;547999;Humpolec;;;;;404349;Humpolec;379131;Panskodomská;è.p.;633;;;39601;683682.31;1111678.00;2013-12-01T00:00:00
8906319;547999;Humpolec;;;;;404349;Humpolec;379131;Panskodomská;è.p.;634;;;39601;683682.94;1111670.88;2013-12-01T00:00:00
8906327;547999;Humpolec;;;;;404349;Humpolec;379107;Nerudova;è.p.;635;;;39601;684339.56;1111291.00;2013-12-01T00:00:00
8906335;547999;Humpolec;;;;;404349;Humpolec;378879;Jihlavská;è.p.;636;;;39601;683573.49;1112504.50;2013-12-01T00:00:00
8906343;547999;Humpolec;;;;;404349;Humpolec;379115;Okružní;è.p.;637;;;39601;684903.31;1111929.00;2013-12-01T00:00:00
8906351;547999;Humpolec;;;;;404349;Humpolec;378798;Hornická;è.p.;638;;;39601;683627.31;1111666.63;2013-12-01T00:00:00
8906378;547999;Humpolec;;;;;404349;Humpolec;379131;Panskodomská;è.p.;640;;;39601;683685.00;1111652.63;2013-12-01T00:00:00
8906386;547999;Humpolec;;;;;404349;Humpolec;379298;Tyršovo námìstí;è.p.;641;;;39601;684344.00;1112385.00;2013-12-01T00:00:00
8906394;547999;Humpolec;;;;;404349;Humpolec;379107;Nerudova;è.p.;642;;;39601;684267.13;1111540.38;2013-12-01T00:00:00
8906408;547999;Humpolec;;;;;404349;Humpolec;379158;Pelhøimovská;è.p.;643;;;39601;684616.31;1113007.75;2013-12-01T00:00:00
8906416;547999;Humpolec;;;;;404349;Humpolec;378879;Jihlavská;è.p.;644;;;39601;683559.00;1112524.13;2013-12-01T00:00:00
8906424;547999;Humpolec;;;;;404349;Humpolec;379131;Panskodomská;è.p.;645;;;39601;683677.25;1111724.88;2013-12-01T00:00:00
8906432;547999;Humpolec;;;;;404349;Humpolec;379131;Panskodomská;è.p.;646;;;39601;683677.44;1111717.25;2013-12-01T00:00:00
8906441;547999;Humpolec;;;;;404349;Humpolec;379204;Masarykova;è.p.;647;;;39601;683793.56;1112114.88;2013-12-01T00:00:00
8906459;547999;Humpolec;;;;;404349;Humpolec;378666;Èejovská;è.p.;648;;;39601;682789.44;1110884.78;2022-10-23T00:00:00
8906467;547999;Humpolec;;;;;404349;Humpolec;379158;Pelhøimovská;è.p.;649;;;39601;684690.94;1113409.00;2013-12-01T00:00:00
8906475;547999;Humpolec;;;;;404349;Humpolec;378666;Èejovská;è.p.;650;;;39601;682831.00;1111101.00;2013-12-01T00:00:00
8906483;547999;Humpolec;;;;;404349;Humpolec;379131;Panskodomská;è.p.;651;;;39601;683679.06;1111698.38;2013-12-01T00:00:00
8906491;547999;Humpolec;;;;;404349;Humpolec;379107;Nerudova;è.p.;652;;;39601;684344.44;1111273.88;2013-12-01T00:00:00
8906513;547999;Humpolec;;;;;404349;Humpolec;378828;Hradská;è.p.;654;;;39601;683103.13;1111906.25;2013-12-01T00:00:00
8906521;547999;Humpolec;;;;;404349;Humpolec;378895;Jiráskova;è.p.;655;;;39601;683827.31;1112276.50;2013-12-01T00:00:00
8906530;547999;Humpolec;;;;;404349;Humpolec;378895;Jiráskova;è.p.;656;;;39601;683913.94;1112261.50;2013-12-01T00:00:00
8906548;547999;Humpolec;;;;;404349;Humpolec;379107;Nerudova;è.p.;657;;;39601;684929.89;1109852.98;2013-12-11T00:00:00
8906556;547999;Humpolec;;;;;404349;Humpolec;379000;Lužická;è.p.;658;;;39601;683434.13;1110436.13;2013-12-01T00:00:00
8906564;547999;Humpolec;;;;;404349;Humpolec;379158;Pelhøimovská;è.p.;659;;;39601;684451.00;1112733.00;2013-12-01T00:00:00
8906572;547999;Humpolec;;;;;404349;Humpolec;378895;Jiráskova;è.p.;660;;;39601;683891.38;1112275.00;2013-12-01T00:00:00
8906581;547999;Humpolec;;;;;404349;Humpolec;379255;Svatopluka Èecha;è.p.;661;;;39601;683924.44;1112282.13;2013-12-01T00:00:00
8906599;547999;Humpolec;;;;;404349;Humpolec;379255;Svatopluka Èecha;è.p.;662;;;39601;683928.75;1112300.75;2013-12-01T00:00:00
8906602;547999;Humpolec;;;;;404349;Humpolec;379255;Svatopluka Èecha;è.p.;663;;;39601;683930.06;1112318.38;2013-12-01T00:00:00
8906611;547999;Humpolec;;;;;404349;Humpolec;379255;Svatopluka Èecha;è.p.;664;;;39601;683933.50;1112338.00;2013-12-01T00:00:00
8906629;547999;Humpolec;;;;;404349;Humpolec;379255;Svatopluka Èecha;è.p.;665;;;39601;683956.25;1112298.25;2013-12-01T00:00:00
8906637;547999;Humpolec;;;;;404349;Humpolec;378771;Hálkova;è.p.;666;;;39601;684037.06;1112331.25;2013-12-01T00:00:00
8906645;547999;Humpolec;;;;;404349;Humpolec;379204;Masarykova;è.p.;667;;;39601;684346.56;1112557.50;2013-12-01T00:00:00
8906653;547999;Humpolec;;;;;404349;Humpolec;379204;Masarykova;è.p.;668;;;39601;684354.81;1112575.88;2013-12-01T00:00:00
8906661;547999;Humpolec;;;;;404349;Humpolec;379204;Masarykova;è.p.;669;;;39601;684363.88;1112591.63;2013-12-01T00:00:00
8906670;547999;Humpolec;;;;;404349;Humpolec;379204;Masarykova;è.p.;670;;;39601;684376.44;1112610.25;2013-12-01T00:00:00
8906688;547999;Humpolec;;;;;404349;Humpolec;379158;Pelhøimovská;è.p.;671;;;39601;684460.44;1112760.75;2013-12-01T00:00:00
8906696;547999;Humpolec;;;;;404349;Humpolec;379158;Pelhøimovská;è.p.;672;;;39601;684487.81;1112802.50;2013-12-01T00:00:00
8906700;547999;Humpolec;;;;;404349;Humpolec;379158;Pelhøimovská;è.p.;673;;;39601;684472.81;1112722.75;2013-12-01T00:00:00
8906718;547999;Humpolec;;;;;404349;Humpolec;379166;Podìbradova;è.p.;674;;;39601;683881.88;1112326.75;2013-12-01T00:00:00
8906726;547999;Humpolec;;;;;404349;Humpolec;379409;Pražská;è.p.;675;;;39601;684483.13;1111789.88;2013-12-01T00:00:00
8906734;547999;Humpolec;;;;;404349;Humpolec;379409;Pražská;è.p.;676;;;39601;684511.88;1111791.00;2013-12-01T00:00:00
8906742;547999;Humpolec;;;;;404349;Humpolec;379409;Pražská;è.p.;677;;;39601;684581.25;1111796.88;2013-12-01T00:00:00
8906751;547999;Humpolec;;;;;404349;Humpolec;378666;Èejovská;è.p.;678;;;39601;683235.00;1111298.50;2013-12-01T00:00:00
8906769;547999;Humpolec;;;;;404349;Humpolec;378631;Blanická;è.p.;679;;;39601;684484.88;1111503.25;2013-12-01T00:00:00
8906777;547999;Humpolec;;;;;404349;Humpolec;379158;Pelhøimovská;è.p.;680;;;39601;684410.44;1112682.13;2013-12-01T00:00:00
8906785;547999;Humpolec;;;;;404349;Humpolec;379271;Školní;è.p.;681;;;39601;684075.50;1112190.63;2013-12-01T00:00:00
8906793;547999;Humpolec;;;;;404349;Humpolec;379336;U Stadionu;è.p.;682;;;39601;683522.69;1112635.00;2013-12-01T00:00:00
8906807;547999;Humpolec;;;;;404349;Humpolec;379344;U Vinopalny;è.p.;683;;;39601;683724.96;1112325.59;2013-12-01T00:00:00
8906815;547999;Humpolec;;;;;404349;Humpolec;379107;Nerudova;è.p.;684;;;39601;684348.06;1111258.75;2013-12-01T00:00:00
8906831;547999;Humpolec;;;;;404349;Humpolec;379131;Panskodomská;è.p.;686;;;39601;683713.63;1111649.75;2013-12-01T00:00:00
8906840;547999;Humpolec;;;;;404349;Humpolec;379131;Panskodomská;è.p.;687;;;39601;683713.44;1111655.25;2013-12-01T00:00:00
8906858;547999;Humpolec;;;;;404349;Humpolec;379131;Panskodomská;è.p.;688;;;39601;683718.50;1111610.75;2013-12-01T00:00:00
8906866;547999;Humpolec;;;;;404349;Humpolec;378895;Jiráskova;è.p.;689;;;39601;683872.63;1112284.50;2013-12-01T00:00:00
8906874;547999;Humpolec;;;;;404349;Humpolec;379131;Panskodomská;è.p.;690;;;39601;683714.63;1111633.13;2013-12-01T00:00:00
8906882;547999;Humpolec;;;;;404349;Humpolec;379131;Panskodomská;è.p.;691;;;39601;683715.25;1111640.38;2013-12-01T00:00:00
8906891;547999;Humpolec;;;;;404349;Humpolec;379328;U Nemocnice;è.p.;692;;;39601;683463.75;1112336.50;2013-12-01T00:00:00
8906904;547999;Humpolec;;;;;404349;Humpolec;378836;Hrdlièkova;è.p.;693;;;39601;683567.06;1112175.13;2013-12-01T00:00:00
8906912;547999;Humpolec;;;;;404349;Humpolec;379166;Podìbradova;è.p.;694;;;39601;683863.44;1112316.88;2013-12-01T00:00:00
8906921;547999;Humpolec;;;;;404349;Humpolec;378836;Hrdlièkova;è.p.;695;;;39601;683535.00;1112152.75;2013-12-01T00:00:00
8906939;547999;Humpolec;;;;;404349;Humpolec;378836;Hrdlièkova;è.p.;696;;;39601;683532.00;1112145.88;2013-12-01T00:00:00
8906947;547999;Humpolec;;;;;404349;Humpolec;379131;Panskodomská;è.p.;697;;;39601;683718.82;1111604.62;2013-12-01T00:00:00
8906955;547999;Humpolec;;;;;404349;Humpolec;379131;Panskodomská;è.p.;698;;;39601;683720.31;1111590.00;2013-12-01T00:00:00
8906963;547999;Humpolec;;;;;404349;Humpolec;379131;Panskodomská;è.p.;699;;;39601;683721.06;1111583.88;2013-12-01T00:00:00
8906971;547999;Humpolec;;;;;404349;Humpolec;379158;Pelhøimovská;è.p.;700;;;39601;684380.69;1112665.88;2013-12-01T00:00:00
8906980;547999;Humpolec;;;;;404349;Humpolec;379271;Školní;è.p.;701;;;39601;684144.94;1112169.25;2013-12-01T00:00:00
8906998;547999;Humpolec;;;;;404349;Humpolec;379107;Nerudova;è.p.;702;;;39601;684362.75;1111063.13;2013-12-01T00:00:00
8907005;547999;Humpolec;;;;;404349;Humpolec;379000;Lužická;è.p.;703;;;39601;683586.88;1110588.38;2013-12-01T00:00:00
8907013;547999;Humpolec;;;;;404349;Humpolec;378879;Jihlavská;è.p.;704;;;39601;683516.75;1112600.50;2013-12-01T00:00:00
8907021;547999;Humpolec;;;;;404349;Humpolec;379131;Panskodomská;è.p.;705;;;39601;683712.00;1111664.63;2013-12-01T00:00:00
8907030;547999;Humpolec;;;;;404349;Humpolec;378895;Jiráskova;è.p.;706;;;39601;683837.00;1112307.00;2013-12-01T00:00:00
8907048;547999;Humpolec;;;;;404349;Humpolec;378631;Blanická;è.p.;707;;;39601;684509.69;1111463.38;2013-12-01T00:00:00
8907056;547999;Humpolec;;;;;404349;Humpolec;379000;Lužická;è.p.;708;;;39601;683564.31;1110650.50;2013-12-01T00:00:00
8907064;547999;Humpolec;;;;;404349;Humpolec;379204;Masarykova;è.p.;709;;;39601;683818.50;1112124.50;2013-12-01T00:00:00
8907072;547999;Humpolec;;;;;404349;Humpolec;379395;Zahradní;è.p.;710;;;39601;684792.00;1111759.75;2013-12-01T00:00:00
8907081;547999;Humpolec;;;;;404349;Humpolec;379395;Zahradní;è.p.;711;;;39601;684787.81;1111738.63;2013-12-01T00:00:00
8907099;547999;Humpolec;;;;;404349;Humpolec;378836;Hrdlièkova;è.p.;712;;;39601;683503.00;1112075.75;2013-12-01T00:00:00
8907102;547999;Humpolec;;;;;404349;Humpolec;378836;Hrdlièkova;è.p.;713;;;39601;683516.69;1112118.25;2013-12-01T00:00:00
8907111;547999;Humpolec;;;;;404349;Humpolec;379085;Na Závodí;è.p.;714;;;39601;684131.00;1111557.50;2013-12-01T00:00:00
8907129;547999;Humpolec;;;;;404349;Humpolec;378623;Arbesova;è.p.;715;;;39601;683572.19;1111325.38;2013-12-01T00:00:00
8907137;547999;Humpolec;;;;;404349;Humpolec;378666;Èejovská;è.p.;716;;;39601;683384.94;1111357.50;2013-12-01T00:00:00
8907145;547999;Humpolec;;;;;404349;Humpolec;379107;Nerudova;è.p.;717;;;39601;684360.75;1111077.00;2013-12-01T00:00:00
8907153;547999;Humpolec;;;;;404349;Humpolec;379107;Nerudova;è.p.;718;;;39601;684357.69;1111094.50;2013-12-01T00:00:00
8907161;547999;Humpolec;;;;;404349;Humpolec;378976;Litochleby;è.p.;719;;;39601;684319.81;1111086.00;2013-12-01T00:00:00
8907170;547999;Humpolec;;;;;404349;Humpolec;378976;Litochleby;è.p.;720;;;39601;684306.69;1111084.50;2013-12-01T00:00:00
8907188;547999;Humpolec;;;;;404349;Humpolec;378976;Litochleby;è.p.;721;;;39601;684289.88;1111079.50;2013-12-01T00:00:00
8907196;547999;Humpolec;;;;;404349;Humpolec;378976;Litochleby;è.p.;722;;;39601;684283.81;1111078.25;2013-12-01T00:00:00
8907200;547999;Humpolec;;;;;404349;Humpolec;378976;Litochleby;è.p.;723;;;39601;684270.81;1111075.63;2013-12-01T00:00:00
8907218;547999;Humpolec;;;;;404349;Humpolec;379115;Okružní;è.p.;724;;;39601;683535.69;1112612.25;2013-12-01T00:00:00
8907226;547999;Humpolec;;;;;404349;Humpolec;378631;Blanická;è.p.;725;;;39601;684493.81;1111464.25;2013-12-01T00:00:00
8907234;547999;Humpolec;;;;;404349;Humpolec;378836;Hrdlièkova;è.p.;726;;;39601;683511.50;1112103.38;2013-12-01T00:00:00
8907242;547999;Humpolec;;;;;404349;Humpolec;378976;Litochleby;è.p.;727;;;39601;684193.50;1111059.25;2013-12-01T00:00:00
8907251;547999;Humpolec;;;;;404349;Humpolec;379271;Školní;è.p.;728;;;39601;684328.25;1112348.50;2013-12-01T00:00:00
8907269;547999;Humpolec;;;;;404349;Humpolec;379093;Nádražní;è.p.;729;;;39601;685045.69;1112371.63;2013-12-01T00:00:00
8907277;547999;Humpolec;;;;;404349;Humpolec;379271;Školní;è.p.;730;;;39601;684161.17;1112135.23;2022-10-23T00:00:00
8907285;547999;Humpolec;;;;;404349;Humpolec;378712;Dvorská;è.p.;731;;;39601;683458.69;1111740.38;2013-12-01T00:00:00
8907293;547999;Humpolec;;;;;404349;Humpolec;378623;Arbesova;è.p.;732;;;39601;683511.40;1111204.47;2022-10-23T00:00:00
8907307;547999;Humpolec;;;;;404349;Humpolec;379409;Pražská;è.p.;733;;;39601;684529.22;1111773.61;2013-12-01T00:00:00
8907315;547999;Humpolec;;;;;404349;Humpolec;379158;Pelhøimovská;è.p.;734;;;39601;684690.94;1113434.75;2013-12-01T00:00:00
8907323;547999;Humpolec;;;;;404349;Humpolec;378739;Fügnerova;è.p.;735;;;39601;684226.63;1112727.50;2013-12-01T00:00:00
8907331;547999;Humpolec;;;;;404349;Humpolec;378879;Jihlavská;è.p.;736;;;39601;683599.00;1112464.25;2013-12-01T00:00:00
8907340;547999;Humpolec;;;;;404349;Humpolec;379158;Pelhøimovská;è.p.;737;;;39601;684683.31;1113472.25;2013-12-01T00:00:00
8907358;547999;Humpolec;;;;;404349;Humpolec;379158;Pelhøimovská;è.p.;738;;;39601;684677.00;1113237.17;2022-10-23T00:00:00
8907366;547999;Humpolec;;;;;404349;Humpolec;379204;Masarykova;è.p.;739;;;39601;684028.00;1112324.88;2013-12-01T00:00:00
8907374;547999;Humpolec;;;;;404349;Humpolec;379158;Pelhøimovská;è.p.;740;;;39601;684419.82;1112738.58;2022-10-23T00:00:00
8907382;547999;Humpolec;;;;;404349;Humpolec;379409;Pražská;è.p.;741;;;39601;684711.81;1111785.63;2013-12-01T00:00:00
8907391;547999;Humpolec;;;;;404349;Humpolec;378712;Dvorská;è.p.;742;;;39601;683734.75;1111791.75;2013-12-01T00:00:00
8907404;547999;Humpolec;;;;;404349;Humpolec;378836;Hrdlièkova;è.p.;743;;;39601;683552.06;1112120.38;2013-12-01T00:00:00
8907412;547999;Humpolec;;;;;404349;Humpolec;378836;Hrdlièkova;è.p.;744;;;39601;683536.06;1112093.38;2013-12-01T00:00:00
8907421;547999;Humpolec;;;;;404349;Humpolec;379298;Tyršovo námìstí;è.p.;745;;;39601;684350.68;1112456.80;2022-10-23T00:00:00
8907439;547999;Humpolec;;;;;404349;Humpolec;378976;Litochleby;è.p.;746;;;39601;684254.00;1111072.75;2013-12-01T00:00:00
8907447;547999;Humpolec;;;;;404349;Humpolec;378844;Humpolecký dvùr;è.p.;747;;;39601;683020.50;1111600.75;2013-12-01T00:00:00
8907455;547999;Humpolec;;;;;404349;Humpolec;378976;Litochleby;è.p.;748;;;39601;684047.44;1111025.63;2013-12-01T00:00:00
8907463;547999;Humpolec;;;;;404349;Humpolec;379395;Zahradní;è.p.;749;;;39601;684790.00;1111714.50;2013-12-01T00:00:00
8907471;547999;Humpolec;;;;;404349;Humpolec;378976;Litochleby;è.p.;750;;;39601;684233.56;1111066.13;2013-12-01T00:00:00
8907498;547999;Humpolec;;;;;404349;Humpolec;378739;Fügnerova;è.p.;752;;;39601;684224.64;1112757.81;2013-12-01T00:00:00
8907501;547999;Humpolec;;;;;404349;Humpolec;378836;Hrdlièkova;è.p.;753;;;39601;683493.13;1112058.88;2013-12-01T00:00:00
8907510;547999;Humpolec;;;;;404349;Humpolec;379204;Masarykova;è.p.;754;;;39601;684395.69;1112544.00;2013-12-01T00:00:00
8907528;547999;Humpolec;;;;;404349;Humpolec;379271;Školní;è.p.;755;;;39601;684219.06;1112333.88;2013-12-01T00:00:00
8907536;547999;Humpolec;;;;;404349;Humpolec;378976;Litochleby;è.p.;756;;;39601;684172.75;1111051.75;2013-12-01T00:00:00
8907544;547999;Humpolec;;;;;404349;Humpolec;379204;Masarykova;è.p.;757;;;39601;683998.38;1112313.63;2013-12-01T00:00:00
8907552;547999;Humpolec;;;;;404349;Humpolec;379000;Lužická;è.p.;758;;;39601;683439.63;1110396.13;2013-12-01T00:00:00
8907561;547999;Humpolec;;;;;404349;Humpolec;379000;Lužická;è.p.;759;;;39601;683378.88;1110377.13;2013-12-01T00:00:00
8907579;547999;Humpolec;;;;;404349;Humpolec;379000;Lužická;è.p.;760;;;39601;683385.13;1110381.50;2013-12-01T00:00:00
8907595;547999;Humpolec;;;;;404349;Humpolec;378666;Èejovská;è.p.;762;;;39601;683524.81;1111404.75;2013-12-01T00:00:00
8907609;547999;Humpolec;;;;;404349;Humpolec;378666;Èejovská;è.p.;763;;;39601;682776.50;1110840.63;2013-12-01T00:00:00
8907617;547999;Humpolec;;;;;404349;Humpolec;379271;Školní;è.p.;764;;;39601;684269.56;1112342.63;2013-12-01T00:00:00
8907625;547999;Humpolec;;;;;404349;Humpolec;379336;U Stadionu;è.p.;765;;;39601;683515.75;1112792.50;2013-12-01T00:00:00
8907633;547999;Humpolec;;;;;404349;Humpolec;379158;Pelhøimovská;è.p.;766;;;39601;684432.63;1112782.38;2013-12-01T00:00:00
8907641;547999;Humpolec;;;;;404349;Humpolec;379107;Nerudova;è.p.;767;;;39601;684355.25;1111235.38;2013-12-01T00:00:00
8907650;547999;Humpolec;;;;;404349;Humpolec;378836;Hrdlièkova;è.p.;768;;;39601;683535.19;1112072.00;2013-12-01T00:00:00
8907676;547999;Humpolec;;;;;404349;Humpolec;378976;Litochleby;è.p.;770;;;39601;684139.19;1111048.50;2013-12-01T00:00:00
8907684;547999;Humpolec;;;;;404349;Humpolec;379107;Nerudova;è.p.;771;;;39601;684362.08;1111210.99;2022-10-23T00:00:00
8907692;547999;Humpolec;;;;;404349;Humpolec;379409;Pražská;è.p.;772;;;39601;684749.38;1111779.50;2013-12-01T00:00:00
8907706;547999;Humpolec;;;;;404349;Humpolec;378828;Hradská;è.p.;773;;;39601;683423.50;1112053.25;2013-12-01T00:00:00
8907714;547999;Humpolec;;;;;404349;Humpolec;378828;Hradská;è.p.;774;;;39601;683383.44;1112055.75;2013-12-01T00:00:00
8907722;547999;Humpolec;;;;;404349;Humpolec;379000;Lužická;è.p.;775;;;39601;683650.63;1111025.75;2013-12-01T00:00:00
8907731;547999;Humpolec;;;;;404349;Humpolec;378666;Èejovská;è.p.;776;;;39601;683478.75;1111374.25;2013-12-01T00:00:00
8907749;547999;Humpolec;;;;;404349;Humpolec;378780;Holeèkova;è.p.;777;;;39601;683471.19;1111372.63;2013-12-01T00:00:00
8907757;547999;Humpolec;;;;;404349;Humpolec;378623;Arbesova;è.p.;778;;;39601;683559.69;1111292.75;2013-12-01T00:00:00
8907765;547999;Humpolec;;;;;404349;Humpolec;378623;Arbesova;è.p.;779;;;39601;683565.56;1111297.13;2013-12-01T00:00:00
8907773;547999;Humpolec;;;;;404349;Humpolec;378771;Hálkova;è.p.;780;;;39601;684133.56;1112281.63;2013-12-01T00:00:00
8907781;547999;Humpolec;;;;;404349;Humpolec;378976;Litochleby;è.p.;781;;;39601;684219.44;1111061.88;2013-12-01T00:00:00
8907790;547999;Humpolec;;;;;404349;Humpolec;378623;Arbesova;è.p.;782;;;39601;683519.94;1111270.38;2013-12-01T00:00:00
8907803;547999;Humpolec;;;;;404349;Humpolec;378623;Arbesova;è.p.;783;;;39601;683529.19;1111276.75;2013-12-01T00:00:00
8907811;547999;Humpolec;;;;;404349;Humpolec;379107;Nerudova;è.p.;784;;;39601;684368.19;1111194.00;2013-12-01T00:00:00
8907820;547999;Humpolec;;;;;404349;Humpolec;379107;Nerudova;è.p.;785;;;39601;684369.33;1111186.34;2022-10-23T00:00:00
8907838;547999;Humpolec;;;;;404349;Humpolec;378607;5. kvìtna;è.p.;786;;;39601;683463.75;1112208.25;2013-12-01T00:00:00
8907846;547999;Humpolec;;;;;404349;Humpolec;378976;Litochleby;è.p.;787;;;39601;684126.69;1111043.88;2013-12-01T00:00:00
8907854;547999;Humpolec;;;;;404349;Humpolec;378976;Litochleby;è.p.;788;;;39601;684118.44;1111042.00;2013-12-01T00:00:00
8907862;547999;Humpolec;;;;;404349;Humpolec;379093;Nádražní;è.p.;789;;;39601;684535.70;1112674.12;2022-10-23T00:00:00
8907871;547999;Humpolec;;;;;404349;Humpolec;378828;Hradská;è.p.;790;;;39601;683326.37;1112064.08;2022-10-23T00:00:00
8907897;547999;Humpolec;;;;;404349;Humpolec;378828;Hradská;è.p.;792;;;39601;683310.25;1112068.25;2013-12-01T00:00:00
8907901;547999;Humpolec;;;;;404349;Humpolec;379115;Okružní;è.p.;793;;;39601;683572.75;1112578.75;2013-12-01T00:00:00
8907919;547999;Humpolec;;;;;404349;Humpolec;378836;Hrdlièkova;è.p.;794;;;39601;683480.75;1112040.63;2013-12-01T00:00:00
8907927;547999;Humpolec;;;;;404349;Humpolec;378666;Èejovská;è.p.;795;;;39601;682794.75;1111117.25;2013-12-01T00:00:00
8907935;547999;Humpolec;;;;;404349;Humpolec;378887;Jindráèkové;è.p.;796;;;39601;683399.44;1112089.63;2013-12-01T00:00:00
8907943;547999;Humpolec;;;;;404349;Humpolec;378887;Jindráèkové;è.p.;797;;;39601;683389.94;1112132.88;2013-12-01T00:00:00
8907951;547999;Humpolec;;;;;404349;Humpolec;378976;Litochleby;è.p.;798;;;39601;684090.50;1111035.88;2013-12-01T00:00:00
8907960;547999;Humpolec;;;;;404349;Humpolec;378623;Arbesova;è.p.;799;;;39601;683580.00;1111307.13;2013-12-01T00:00:00
8907978;547999;Humpolec;;;;;404349;Humpolec;379298;Tyršovo námìstí;è.p.;800;;;39601;684237.31;1112373.25;2013-12-01T00:00:00
8907986;547999;Humpolec;;;;;404349;Humpolec;378739;Fügnerova;è.p.;801;;;39601;684214.38;1112607.13;2013-12-01T00:00:00
8907994;547999;Humpolec;;;;;404349;Humpolec;379026;Mánesova;è.p.;802;;;39601;684402.06;1111668.75;2013-12-01T00:00:00
8908001;547999;Humpolec;;;;;404349;Humpolec;378879;Jihlavská;è.p.;803;;;39601;683689.69;1112497.13;2013-12-01T00:00:00
8908010;547999;Humpolec;;;;;404349;Humpolec;378666;Èejovská;è.p.;804;;;39601;683532.25;1111410.63;2013-12-01T00:00:00
8908028;547999;Humpolec;;;;;404349;Humpolec;378666;Èejovská;è.p.;805;;;39601;682793.13;1110906.50;2013-12-01T00:00:00
8908036;547999;Humpolec;;;;;404349;Humpolec;378887;Jindráèkové;è.p.;806;;;39601;683411.63;1112108.88;2013-12-01T00:00:00
8908044;547999;Humpolec;;;;;404349;Humpolec;378879;Jihlavská;è.p.;807;;;39601;683459.13;1112702.63;2013-12-01T00:00:00
8908052;547999;Humpolec;;;;;404349;Humpolec;378879;Jihlavská;è.p.;808;;;39601;683446.38;1112739.00;2013-12-01T00:00:00
8908061;547999;Humpolec;;;;;404349;Humpolec;379026;Mánesova;è.p.;809;;;39601;684431.44;1111783.25;2013-12-01T00:00:00
8908079;547999;Humpolec;;;;;404349;Humpolec;378712;Dvorská;è.p.;810;;;39601;683320.56;1111685.38;2013-12-01T00:00:00
8908087;547999;Humpolec;;;;;404349;Humpolec;378771;Hálkova;è.p.;811;;;39601;684265.50;1112140.25;2013-12-01T00:00:00
8908095;547999;Humpolec;;;;;404349;Humpolec;378828;Hradská;è.p.;812;;;39601;683416.31;1112017.38;2013-12-01T00:00:00
8908109;547999;Humpolec;;;;;404349;Humpolec;379221;Sluníèkova;è.p.;813;;;39601;683432.25;1111989.38;2013-12-01T00:00:00
8908117;547999;Humpolec;;;;;404349;Humpolec;379221;Sluníèkova;è.p.;814;;;39601;683432.50;1111978.25;2013-12-01T00:00:00
8908125;547999;Humpolec;;;;;404349;Humpolec;378607;5. kvìtna;è.p.;815;;;39601;683285.88;1112319.88;2013-12-01T00:00:00
8908133;547999;Humpolec;;;;;404349;Humpolec;379158;Pelhøimovská;è.p.;816;;;39601;684477.31;1112697.13;2013-12-01T00:00:00
8908141;547999;Humpolec;;;;;404349;Humpolec;378755;Hamzova;è.p.;817;;;39601;684729.56;1112705.88;2013-12-01T00:00:00
8908150;547999;Humpolec;;;;;404349;Humpolec;378828;Hradská;è.p.;818;;;39601;683517.50;1112032.38;2013-12-01T00:00:00
8908168;547999;Humpolec;;;;;404349;Humpolec;378607;5. kvìtna;è.p.;819;;;39601;683438.19;1112225.25;2013-12-01T00:00:00
8908176;547999;Humpolec;;;;;404349;Humpolec;378879;Jihlavská;è.p.;820;;;39601;683438.00;1112918.00;2013-12-01T00:00:00
8908184;547999;Humpolec;;;;;404349;Humpolec;378712;Dvorská;è.p.;821;;;39601;683302.69;1111685.13;2013-12-01T00:00:00
8908192;547999;Humpolec;;;;;404349;Humpolec;378879;Jihlavská;è.p.;822;;;39601;683615.38;1112432.38;2013-12-01T00:00:00
8908206;547999;Humpolec;;;;;404349;Humpolec;378828;Hradská;è.p.;823;;;39601;683438.69;1112012.50;2013-12-01T00:00:00
8908214;547999;Humpolec;;;;;404349;Humpolec;378739;Fügnerova;è.p.;824;;;39601;684235.69;1112560.00;2013-12-01T00:00:00
8908222;547999;Humpolec;;;;;404349;Humpolec;378828;Hradská;è.p.;825;;;39601;683348.31;1112062.25;2013-12-01T00:00:00
8908249;547999;Humpolec;;;;;404349;Humpolec;379221;Sluníèkova;è.p.;827;;;39601;683417.44;1111918.75;2013-12-01T00:00:00
8908257;547999;Humpolec;;;;;404349;Humpolec;379158;Pelhøimovská;è.p.;828;;;39601;684600.88;1112890.25;2013-12-01T00:00:00
8908265;547999;Humpolec;;;;;404349;Humpolec;379166;Podìbradova;è.p.;829;;;39601;683824.31;1112339.00;2013-12-01T00:00:00
8908273;547999;Humpolec;;;;;404349;Humpolec;379221;Sluníèkova;è.p.;830;;;39601;683407.50;1111879.13;2013-12-01T00:00:00
8908281;547999;Humpolec;;;;;404349;Humpolec;379191;Raisova;è.p.;831;;;39601;683640.81;1111315.88;2013-12-01T00:00:00
8908290;547999;Humpolec;;;;;404349;Humpolec;379123;Palackého;è.p.;832;;;39601;683881.25;1112413.13;2013-12-01T00:00:00
8908303;547999;Humpolec;;;;;404349;Humpolec;379123;Palackého;è.p.;833;;;39601;683879.13;1112421.38;2013-12-01T00:00:00
8908311;547999;Humpolec;;;;;404349;Humpolec;379123;Palackého;è.p.;834;;;39601;683876.06;1112437.88;2013-12-01T00:00:00
8908320;547999;Humpolec;;;;;404349;Humpolec;379123;Palackého;è.p.;835;;;39601;683872.63;1112447.50;2013-12-01T00:00:00
8908338;547999;Humpolec;;;;;404349;Humpolec;379221;Sluníèkova;è.p.;836;;;39601;683417.44;1111772.88;2013-12-01T00:00:00
8908346;547999;Humpolec;;;;;404349;Humpolec;378976;Litochleby;è.p.;837;;;39601;683977.88;1111032.63;2013-12-01T00:00:00
8908354;547999;Humpolec;;;;;404349;Humpolec;378879;Jihlavská;è.p.;838;;;39601;683452.13;1112719.13;2013-12-01T00:00:00
8908362;547999;Humpolec;;;;;404349;Humpolec;378763;Havlíèkovo námìstí;è.p.;839;;;39601;684122.38;1111978.13;2013-12-01T00:00:00
8908371;547999;Humpolec;;;;;404349;Humpolec;378879;Jihlavská;è.p.;840;;;39601;683577.13;1112494.25;2013-12-01T00:00:00
8908389;547999;Humpolec;;;;;404349;Humpolec;379115;Okružní;è.p.;841;;;39601;683664.00;1112684.63;2013-12-01T00:00:00
8908397;547999;Humpolec;;;;;404349;Humpolec;379221;Sluníèkova;è.p.;842;;;39601;683425.75;1111951.00;2013-12-01T00:00:00
8908401;547999;Humpolec;;;;;404349;Humpolec;379221;Sluníèkova;è.p.;843;;;39601;683422.50;1111942.25;2013-12-01T00:00:00
8908419;547999;Humpolec;;;;;404349;Humpolec;379191;Raisova;è.p.;844;;;39601;683707.75;1111304.50;2013-12-01T00:00:00
8908427;547999;Humpolec;;;;;404349;Humpolec;379123;Palackého;è.p.;845;;;39601;683900.38;1112445.88;2013-12-01T00:00:00
8908435;547999;Humpolec;;;;;404349;Humpolec;379123;Palackého;è.p.;846;;;39601;683911.13;1112400.25;2013-12-01T00:00:00
8908443;547999;Humpolec;;;;;404349;Humpolec;379026;Mánesova;è.p.;847;;;39601;684402.25;1111684.00;2013-12-01T00:00:00
8908451;547999;Humpolec;;;;;404349;Humpolec;379221;Sluníèkova;è.p.;848;;;39601;683444.06;1111914.25;2013-12-01T00:00:00
8908460;547999;Humpolec;;;;;404349;Humpolec;378984;Lnáøská;è.p.;849;;;39601;684368.00;1112204.00;2013-12-01T00:00:00
8908478;547999;Humpolec;;;;;404349;Humpolec;378976;Litochleby;è.p.;850;;;39601;684104.06;1111040.13;2013-12-01T00:00:00
8908486;547999;Humpolec;;;;;404349;Humpolec;379191;Raisova;è.p.;851;;;39601;683670.38;1111312.25;2013-12-01T00:00:00
8908494;547999;Humpolec;;;;;404349;Humpolec;379191;Raisova;è.p.;852;;;39601;683691.50;1111306.13;2013-12-01T00:00:00
8908508;547999;Humpolec;;;;;404349;Humpolec;378623;Arbesova;è.p.;853;;;39601;683604.06;1111322.75;2013-12-01T00:00:00
8908516;547999;Humpolec;;;;;404349;Humpolec;379191;Raisova;è.p.;854;;;39601;683653.13;1111314.25;2013-12-01T00:00:00
8908524;547999;Humpolec;;;;;404349;Humpolec;378623;Arbesova;è.p.;855;;;39601;683590.38;1111314.13;2013-12-01T00:00:00
8908541;547999;Humpolec;;;;;404349;Humpolec;379204;Masarykova;è.p.;857;;;39601;684135.69;1112340.13;2013-12-01T00:00:00
8908559;547999;Humpolec;;;;;404349;Humpolec;379204;Masarykova;è.p.;858;;;39601;684132.06;1112380.13;2013-12-01T00:00:00
8908567;547999;Humpolec;;;;;404349;Humpolec;379409;Pražská;è.p.;859;;;39601;684951.25;1111794.88;2013-12-01T00:00:00
8908575;547999;Humpolec;;;;;404349;Humpolec;379123;Palackého;è.p.;860;;;39601;683877.06;1112542.00;2013-12-01T00:00:00
8908583;547999;Humpolec;;;;;404349;Humpolec;379123;Palackého;è.p.;861;;;39601;683874.38;1112559.01;2013-12-01T00:00:00
8908591;547999;Humpolec;;;;;404349;Humpolec;379191;Raisova;è.p.;862;;;39601;683626.88;1111318.88;2013-12-01T00:00:00
8908605;547999;Humpolec;;;;;404349;Humpolec;378666;Èejovská;è.p.;863;;;39601;682767.56;1110798.25;2013-12-01T00:00:00
8908613;547999;Humpolec;;;;;404349;Humpolec;378666;Èejovská;è.p.;864;;;39601;683708.00;1111533.25;2013-12-01T00:00:00
8908621;547999;Humpolec;;;;;404349;Humpolec;379221;Sluníèkova;è.p.;865;;;39601;683414.81;1111910.75;2013-12-01T00:00:00
8908630;547999;Humpolec;;;;;404349;Humpolec;378712;Dvorská;è.p.;866;;;39601;683368.50;1111690.75;2013-12-01T00:00:00
8908648;547999;Humpolec;;;;;404349;Humpolec;379115;Okružní;è.p.;867;;;39601;683628.56;1112662.50;2013-12-01T00:00:00
8908656;547999;Humpolec;;;;;404349;Humpolec;379166;Podìbradova;è.p.;868;;;39601;683923.19;1112365.00;2013-12-01T00:00:00
8908664;547999;Humpolec;;;;;404349;Humpolec;379123;Palackého;è.p.;869;;;39601;683905.94;1112422.88;2013-12-01T00:00:00
8908672;547999;Humpolec;;;;;404349;Humpolec;379123;Palackého;è.p.;870;;;39601;683890.50;1112486.00;2013-12-01T00:00:00
8908681;547999;Humpolec;;;;;404349;Humpolec;378666;Èejovská;è.p.;871;;;39601;683580.25;1111453.25;2013-12-01T00:00:00
8908699;547999;Humpolec;;;;;404349;Humpolec;378771;Hálkova;è.p.;872;;;39601;684425.63;1112102.38;2013-12-01T00:00:00
8908702;547999;Humpolec;;;;;404349;Humpolec;378976;Litochleby;è.p.;873;;;39601;684019.38;1110991.63;2013-12-01T00:00:00
8908711;547999;Humpolec;;;;;404349;Humpolec;378976;Litochleby;è.p.;874;;;39601;684022.56;1110997.25;2013-12-01T00:00:00
8908729;547999;Humpolec;;;;;404349;Humpolec;378623;Arbesova;è.p.;875;;;39601;683500.19;1111252.38;2013-12-01T00:00:00
8908737;547999;Humpolec;;;;;404349;Humpolec;379026;Mánesova;è.p.;876;;;39601;684435.63;1111631.25;2013-12-01T00:00:00
8908745;547999;Humpolec;;;;;404349;Humpolec;378712;Dvorská;è.p.;877;;;39601;683531.63;1111720.63;2013-12-01T00:00:00
8908753;547999;Humpolec;;;;;404349;Humpolec;379018;Máchova;è.p.;878;;;39601;684009.25;1112539.50;2013-12-01T00:00:00
8908761;547999;Humpolec;;;;;404349;Humpolec;379018;Máchova;è.p.;879;;;39601;684017.06;1112542.25;2013-12-01T00:00:00
8908770;547999;Humpolec;;;;;404349;Humpolec;379018;Máchova;è.p.;880;;;39601;684039.06;1112543.75;2013-12-01T00:00:00
8908788;547999;Humpolec;;;;;404349;Humpolec;379018;Máchova;è.p.;881;;;39601;684046.44;1112542.00;2013-12-01T00:00:00
8908796;547999;Humpolec;;;;;404349;Humpolec;379018;Máchova;è.p.;882;;;39601;684068.19;1112539.50;2013-12-01T00:00:00
8908800;547999;Humpolec;;;;;404349;Humpolec;379018;Máchova;è.p.;883;;;39601;684075.38;1112535.88;2013-12-01T00:00:00
8908818;547999;Humpolec;;;;;404349;Humpolec;379204;Masarykova;è.p.;884;;;39601;683843.88;1112136.13;2013-12-01T00:00:00
8908826;547999;Humpolec;;;;;404349;Humpolec;379204;Masarykova;è.p.;885;;;39601;684100.44;1112319.00;2013-12-01T00:00:00
8908834;547999;Humpolec;;;;;404349;Humpolec;379123;Palackého;è.p.;886;;;39601;683829.75;1112617.63;2013-12-01T00:00:00
8908842;547999;Humpolec;;;;;404349;Humpolec;379026;Mánesova;è.p.;887;;;39601;684398.75;1111705.50;2013-12-01T00:00:00
8908851;547999;Humpolec;;;;;404349;Humpolec;379158;Pelhøimovská;è.p.;888;;;39601;684466.32;1113106.70;2022-10-23T00:00:00
8908877;547999;Humpolec;;;;;404349;Humpolec;378666;Èejovská;è.p.;890;;;39601;683596.25;1111466.50;2013-12-01T00:00:00
8908885;547999;Humpolec;;;;;404349;Humpolec;378666;Èejovská;è.p.;891;;;39601;683559.94;1111434.13;2013-12-01T00:00:00
8908893;547999;Humpolec;;;;;404349;Humpolec;379123;Palackého;è.p.;892;;;39601;683893.50;1112465.00;2013-12-01T00:00:00
8908907;547999;Humpolec;;;;;404349;Humpolec;379409;Pražská;è.p.;893;;;39601;684457.00;1111787.00;2013-12-01T00:00:00
8908915;547999;Humpolec;;;;;404349;Humpolec;378828;Hradská;è.p.;894;;;39601;683332.00;1111952.00;2013-12-01T00:00:00
8908923;547999;Humpolec;;;;;404349;Humpolec;379018;Máchova;è.p.;895;;;39601;683984.56;1112533.38;2013-12-01T00:00:00
8908931;547999;Humpolec;;;;;404349;Humpolec;379000;Lužická;è.p.;896;;;39601;683685.19;1110994.75;2013-12-01T00:00:00
8908940;547999;Humpolec;;;;;404349;Humpolec;378607;5. kvìtna;è.p.;897;;;39601;683588.94;1112122.88;2013-12-01T00:00:00
8908958;547999;Humpolec;;;;;404349;Humpolec;379123;Palackého;è.p.;898;;;39601;683838.19;1112582.63;2013-12-01T00:00:00
8908966;547999;Humpolec;;;;;404349;Humpolec;379123;Palackého;è.p.;899;;;39601;683836.31;1112592.13;2013-12-01T00:00:00
8908974;547999;Humpolec;;;;;404349;Humpolec;379379;Vosmíkova;è.p.;900;;;39601;683368.50;1111852.88;2013-12-01T00:00:00
8908982;547999;Humpolec;;;;;404349;Humpolec;379131;Panskodomská;è.p.;901;;;39601;683693.13;1111814.50;2013-12-01T00:00:00
8908991;547999;Humpolec;;;;;404349;Humpolec;379026;Mánesova;è.p.;902;;;39601;684450.44;1111682.00;2013-12-01T00:00:00
8909008;547999;Humpolec;;;;;404349;Humpolec;378771;Hálkova;è.p.;903;;;39601;684017.69;1112397.00;2013-12-01T00:00:00
8909016;547999;Humpolec;;;;;404349;Humpolec;378771;Hálkova;è.p.;904;;;39601;684006.94;1112446.25;2013-12-01T00:00:00
8909024;547999;Humpolec;;;;;404349;Humpolec;379026;Mánesova;è.p.;905;;;39601;684437.69;1111654.80;2013-12-01T00:00:00
8909032;547999;Humpolec;;;;;404349;Humpolec;378879;Jihlavská;è.p.;906;;;39601;683076.81;1113520.63;2013-12-01T00:00:00
8909041;547999;Humpolec;;;;;404349;Humpolec;379204;Masarykova;è.p.;907;;;39601;684111.63;1112369.13;2013-12-01T00:00:00
8909059;547999;Humpolec;;;;;404349;Humpolec;379026;Mánesova;è.p.;908;;;39601;684434.31;1111742.38;2013-12-01T00:00:00
8909067;547999;Humpolec;;;;;404349;Humpolec;379409;Pražská;è.p.;909;;;39601;684542.31;1111795.38;2013-12-01T00:00:00
8909075;547999;Humpolec;;;;;404349;Humpolec;379123;Palackého;è.p.;910;;;39601;683886.13;1112507.00;2013-12-01T00:00:00
8909083;547999;Humpolec;;;;;404349;Humpolec;379093;Nádražní;è.p.;911;;;39601;684523.06;1112646.24;2013-12-01T00:00:00
8909091;547999;Humpolec;;;;;404349;Humpolec;379026;Mánesova;è.p.;912;;;39601;684397.63;1111638.75;2013-12-01T00:00:00
8909105;547999;Humpolec;;;;;404349;Humpolec;379409;Pražská;è.p.;913;;;39601;684863.56;1111758.50;2013-12-01T00:00:00
8909113;547999;Humpolec;;;;;404349;Humpolec;379000;Lužická;è.p.;914;;;39601;683588.31;1110733.50;2013-12-01T00:00:00
8909121;547999;Humpolec;;;;;404349;Humpolec;378771;Hálkova;è.p.;915;;;39601;683926.69;1112621.25;2013-12-01T00:00:00
8909130;547999;Humpolec;;;;;404349;Humpolec;378640;Boèní;è.p.;916;;;39601;683784.75;1112606.50;2013-12-01T00:00:00
8909148;547999;Humpolec;;;;;404349;Humpolec;379379;Vosmíkova;è.p.;917;;;39601;683241.94;1111867.75;2013-12-01T00:00:00
8909156;547999;Humpolec;;;;;404349;Humpolec;379379;Vosmíkova;è.p.;918;;;39601;683264.50;1111866.50;2013-12-01T00:00:00
8909164;547999;Humpolec;;;;;404349;Humpolec;378771;Hálkova;è.p.;919;;;39601;683958.56;1112648.25;2013-12-01T00:00:00
8909172;547999;Humpolec;;;;;404349;Humpolec;378771;Hálkova;è.p.;920;;;39601;683960.94;1112676.75;2013-12-01T00:00:00
8909181;547999;Humpolec;;;;;404349;Humpolec;379115;Okružní;è.p.;921;;;39601;683972.31;1112676.75;2013-12-01T00:00:00
8909199;547999;Humpolec;;;;;404349;Humpolec;379204;Masarykova;è.p.;922;;;39601;683993.36;1112237.65;2016-08-30T00:00:00
8909202;547999;Humpolec;;;;;404349;Humpolec;378623;Arbesova;è.p.;923;;;39601;683474.75;1111197.50;2013-12-01T00:00:00
8909211;547999;Humpolec;;;;;404349;Humpolec;378712;Dvorská;è.p.;924;;;39601;683813.94;1111777.38;2013-12-01T00:00:00
8909229;547999;Humpolec;;;;;404349;Humpolec;378712;Dvorská;è.p.;925;;;39601;683824.19;1111751.00;2013-12-01T00:00:00
8909237;547999;Humpolec;;;;;404349;Humpolec;378771;Hálkova;è.p.;926;;;39601;683940.19;1112556.63;2013-12-01T00:00:00
8909245;547999;Humpolec;;;;;404349;Humpolec;378771;Hálkova;è.p.;927;;;39601;683931.56;1112600.75;2013-12-01T00:00:00
8909253;547999;Humpolec;;;;;404349;Humpolec;378941;Libická;è.p.;928;;;39601;684424.38;1112486.75;2013-12-01T00:00:00
8909261;547999;Humpolec;;;;;404349;Humpolec;378712;Dvorská;è.p.;929;;;39601;683724.56;1111783.25;2013-12-01T00:00:00
8909270;547999;Humpolec;;;;;404349;Humpolec;378623;Arbesova;è.p.;930;;;39601;683628.50;1111393.00;2013-12-01T00:00:00
8909288;547999;Humpolec;;;;;404349;Humpolec;378879;Jihlavská;è.p.;931;;;39601;683554.00;1112532.38;2013-12-01T00:00:00
8909296;547999;Humpolec;;;;;404349;Humpolec;378631;Blanická;è.p.;932;;;39601;684288.56;1111514.38;2013-12-01T00:00:00
8909300;547999;Humpolec;;;;;404349;Humpolec;378666;Èejovská;è.p.;933;;;39601;682840.00;1111103.00;2013-12-01T00:00:00
8909318;547999;Humpolec;;;;;404349;Humpolec;379328;U Nemocnice;è.p.;934;;;39601;683467.38;1112482.88;2013-12-01T00:00:00
8909326;547999;Humpolec;;;;;404349;Humpolec;379158;Pelhøimovská;è.p.;935;;;39601;684727.81;1113170.75;2013-12-01T00:00:00
8909334;547999;Humpolec;;;;;404349;Humpolec;379158;Pelhøimovská;è.p.;936;;;39601;684725.88;1113151.13;2013-12-01T00:00:00
8909342;547999;Humpolec;;;;;404349;Humpolec;378607;5. kvìtna;è.p.;937;;;39601;683321.79;1112298.67;2013-12-01T00:00:00
8909351;547999;Humpolec;;;;;404349;Humpolec;378879;Jihlavská;è.p.;938;;;39601;683410.06;1112766.13;2013-12-01T00:00:00
8909369;547999;Humpolec;;;;;404349;Humpolec;378879;Jihlavská;è.p.;939;;;39601;683503.56;1112624.00;2013-12-01T00:00:00
8909385;547999;Humpolec;;;;;404349;Humpolec;378879;Jihlavská;è.p.;941;;;39601;683399.31;1112809.75;2013-12-01T00:00:00
8909393;547999;Humpolec;;;;;404349;Humpolec;379123;Palackého;è.p.;942;;;39601;683859.56;1112606.25;2013-12-01T00:00:00
8909407;547999;Humpolec;;;;;404349;Humpolec;379115;Okružní;è.p.;943;;;39601;683466.69;1112555.50;2013-12-01T00:00:00
8909415;547999;Humpolec;;;;;404349;Humpolec;379115;Okružní;è.p.;944;;;39601;683448.56;1112547.13;2013-12-01T00:00:00
8909423;547999;Humpolec;;;;;404349;Humpolec;379221;Sluníèkova;è.p.;945;;;39601;683436.94;1111875.50;2013-12-01T00:00:00
8909431;547999;Humpolec;;;;;404349;Humpolec;378887;Jindráèkové;è.p.;946;;;39601;683418.63;1112185.50;2013-12-01T00:00:00
8909440;547999;Humpolec;;;;;404349;Humpolec;378887;Jindráèkové;è.p.;947;;;39601;683423.31;1112193.88;2013-12-01T00:00:00
8909458;547999;Humpolec;;;;;404349;Humpolec;378623;Arbesova;è.p.;948;;;39601;683663.75;1111446.00;2013-12-01T00:00:00
8909466;547999;Humpolec;;;;;404349;Humpolec;379379;Vosmíkova;è.p.;949;;;39601;683463.13;1111871.13;2013-12-01T00:00:00
8909491;547999;Humpolec;;;;;404349;Humpolec;379158;Pelhøimovská;è.p.;952;;;39601;684560.00;1112974.00;2013-12-01T00:00:00
8909504;547999;Humpolec;;;;;404349;Humpolec;378739;Fügnerova;è.p.;953;;;39601;684187.50;1112688.25;2013-12-01T00:00:00
8909512;547999;Humpolec;;;;;404349;Humpolec;378780;Holeèkova;è.p.;954;;;39601;683491.19;1111284.25;2013-12-01T00:00:00
8909521;547999;Humpolec;;;;;404349;Humpolec;378976;Litochleby;è.p.;956;;;39601;684052.19;1111027.38;2013-12-01T00:00:00
8909547;547999;Humpolec;;;;;404349;Humpolec;379123;Palackého;è.p.;958;;;39601;683867.13;1112586.13;2013-12-01T00:00:00
8909555;547999;Humpolec;;;;;404349;Humpolec;379107;Nerudova;è.p.;959;;;39601;684241.75;1111654.88;2013-12-01T00:00:00
8909563;547999;Humpolec;;;;;404349;Humpolec;379107;Nerudova;è.p.;960;;;39601;684260.94;1111608.63;2013-12-01T00:00:00
8909571;547999;Humpolec;;;;;404349;Humpolec;379107;Nerudova;è.p.;961;;;39601;684490.61;1110985.04;2013-12-01T00:00:00
8909580;547999;Humpolec;;;;;404349;Humpolec;379263;Svépomocná;è.p.;962;;;39601;684434.44;1111141.75;2013-12-01T00:00:00
8909598;547999;Humpolec;;;;;404349;Humpolec;379069;Na Skalce;è.p.;963;;;39601;684303.31;1111596.75;2013-12-01T00:00:00
8909601;547999;Humpolec;;;;;404349;Humpolec;379069;Na Skalce;è.p.;964;;;39601;684347.81;1111600.00;2013-12-01T00:00:00
8909610;547999;Humpolec;;;;;404349;Humpolec;379069;Na Skalce;è.p.;965;;;39601;684383.28;1111599.34;2013-12-01T00:00:00
8909628;547999;Humpolec;;;;;404349;Humpolec;378739;Fügnerova;è.p.;966;;;39601;684191.31;1112724.88;2013-12-01T00:00:00
8909636;547999;Humpolec;;;;;404349;Humpolec;379158;Pelhøimovská;è.p.;967;;;39601;684646.03;1113071.04;2013-12-01T00:00:00
8909644;547999;Humpolec;;;;;404349;Humpolec;379115;Okružní;è.p.;968;;;39601;683597.25;1112644.63;2013-12-01T00:00:00
8909652;547999;Humpolec;;;;;404349;Humpolec;378712;Dvorská;è.p.;969;;;39601;683562.25;1111762.50;2013-12-01T00:00:00
8909661;547999;Humpolec;;;;;404349;Humpolec;378798;Hornická;è.p.;970;;;39601;683585.00;1111796.88;2013-12-01T00:00:00
8909679;547999;Humpolec;;;;;404349;Humpolec;378712;Dvorská;è.p.;971;;;39601;683585.25;1111766.75;2013-12-01T00:00:00
8909687;547999;Humpolec;;;;;404349;Humpolec;378712;Dvorská;è.p.;972;;;39601;683442.81;1111734.50;2013-12-01T00:00:00
8909695;547999;Humpolec;;;;;404349;Humpolec;379379;Vosmíkova;è.p.;973;;;39601;683486.50;1111838.50;2013-12-01T00:00:00
8909709;547999;Humpolec;;;;;404349;Humpolec;379263;Svépomocná;è.p.;974;;;39601;684465.00;1111150.13;2013-12-01T00:00:00
8909717;547999;Humpolec;;;;;404349;Humpolec;378771;Hálkova;è.p.;975;;;39601;684367.00;1112025.00;2013-12-01T00:00:00
8909725;547999;Humpolec;;;;;404349;Humpolec;378771;Hálkova;è.p.;976;;;39601;684379.94;1112011.75;2013-12-01T00:00:00
8909733;547999;Humpolec;;;;;404349;Humpolec;378771;Hálkova;è.p.;977;;;39601;684248.75;1112195.00;2013-12-01T00:00:00
8909741;547999;Humpolec;;;;;404349;Humpolec;378771;Hálkova;è.p.;978;;;39601;684263.31;1112186.00;2013-12-01T00:00:00
8909750;547999;Humpolec;;;;;404349;Humpolec;378771;Hálkova;è.p.;979;;;39601;684287.63;1112165.63;2013-12-01T00:00:00
8909768;547999;Humpolec;;;;;404349;Humpolec;378771;Hálkova;è.p.;980;;;39601;684300.94;1112157.63;2013-12-01T00:00:00
8909776;547999;Humpolec;;;;;404349;Humpolec;378771;Hálkova;è.p.;981;;;39601;684226.56;1112166.25;2013-12-01T00:00:00
8909784;547999;Humpolec;;;;;404349;Humpolec;378771;Hálkova;è.p.;982;;;39601;684241.19;1112156.38;2013-12-01T00:00:00
8909792;547999;Humpolec;;;;;404349;Humpolec;379221;Sluníèkova;è.p.;983;;;39601;683449.56;1111931.75;2013-12-01T00:00:00
8909806;547999;Humpolec;;;;;404349;Humpolec;379221;Sluníèkova;è.p.;984;;;39601;683416.44;1111791.38;2013-12-01T00:00:00
8909814;547999;Humpolec;;;;;404349;Humpolec;378879;Jihlavská;è.p.;985;;;39601;683465.69;1112757.00;2013-12-01T00:00:00
8909822;547999;Humpolec;;;;;404349;Humpolec;378623;Arbesova;è.p.;986;;;39601;683468.81;1111217.00;2013-12-01T00:00:00
8909831;547999;Humpolec;;;;;404349;Humpolec;379409;Pražská;è.p.;987;;;39601;684888.56;1111782.50;2013-12-01T00:00:00
8909849;547999;Humpolec;;;;;404349;Humpolec;379158;Pelhøimovská;è.p.;988;;;39601;684728.56;1113276.25;2013-12-01T00:00:00
8909857;547999;Humpolec;;;;;404349;Humpolec;379221;Sluníèkova;è.p.;989;;;39601;683425.38;1111828.38;2013-12-01T00:00:00
8909865;547999;Humpolec;;;;;404349;Humpolec;378623;Arbesova;è.p.;990;;;39601;683690.00;1111431.00;2013-12-01T00:00:00
8909873;547999;Humpolec;;;;;404349;Humpolec;378640;Boèní;è.p.;991;;;39601;683793.88;1112568.50;2013-12-01T00:00:00
8909881;547999;Humpolec;;;;;404349;Humpolec;378712;Dvorská;è.p.;992;;;39601;683408.94;1111726.75;2013-12-01T00:00:00
8909890;547999;Humpolec;;;;;404349;Humpolec;378712;Dvorská;è.p.;993;;;39601;683525.94;1111754.38;2013-12-01T00:00:00
8909903;547999;Humpolec;;;;;404349;Humpolec;379158;Pelhøimovská;è.p.;994;;;39601;684467.50;1112681.00;2013-12-01T00:00:00
8909911;547999;Humpolec;;;;;404349;Humpolec;378836;Hrdlièkova;è.p.;995;;;39601;683508.00;1112090.00;2013-12-01T00:00:00
8909920;547999;Humpolec;;;;;404349;Humpolec;378771;Hálkova;è.p.;996;;;39601;684401.89;1111985.40;2013-12-01T00:00:00
8909938;547999;Humpolec;;;;;404349;Humpolec;378771;Hálkova;è.p.;997;;;39601;684403.81;1111979.63;2013-12-01T00:00:00
8909946;547999;Humpolec;;;;;404349;Humpolec;379093;Nádražní;è.p.;998;;;39601;684535.06;1112606.25;2013-12-01T00:00:00
8909954;547999;Humpolec;;;;;404349;Humpolec;378771;Hálkova;è.p.;999;;;39601;684312.31;1112146.88;2013-12-01T00:00:00
8909962;547999;Humpolec;;;;;404349;Humpolec;378984;Lnáøská;è.p.;1000;;;39601;684330.63;1112158.25;2013-12-01T00:00:00
8909971;547999;Humpolec;;;;;404349;Humpolec;379379;Vosmíkova;è.p.;1001;;;39601;683515.38;1111840.88;2013-12-01T00:00:00
8909989;547999;Humpolec;;;;;404349;Humpolec;379026;Mánesova;è.p.;1002;;;39601;684436.50;1111601.88;2013-12-01T00:00:00
8909997;547999;Humpolec;;;;;404349;Humpolec;379140;Panský vrch;è.p.;1003;;;39601;683486.94;1111819.63;2013-12-01T00:00:00
8910006;547999;Humpolec;;;;;404349;Humpolec;379115;Okružní;è.p.;1004;;;39601;683647.69;1112674.50;2013-12-01T00:00:00
8910014;547999;Humpolec;;;;;404349;Humpolec;378739;Fügnerova;è.p.;1005;;;39601;684194.06;1112748.63;2013-12-01T00:00:00
8910022;547999;Humpolec;;;;;404349;Humpolec;378879;Jihlavská;è.p.;1006;;;39601;683433.63;1112817.38;2013-12-01T00:00:00
8910031;547999;Humpolec;;;;;404349;Humpolec;379026;Mánesova;è.p.;1007;;;39601;684439.06;1111461.25;2013-12-01T00:00:00
8910049;547999;Humpolec;;;;;404349;Humpolec;378771;Hálkova;è.p.;1008;;;39601;683962.19;1112621.63;2013-12-01T00:00:00
8910057;547999;Humpolec;;;;;404349;Humpolec;378712;Dvorská;è.p.;1009;;;39601;683545.19;1111758.00;2013-12-01T00:00:00
8910065;547999;Humpolec;;;;;404349;Humpolec;379409;Pražská;è.p.;1010;;;39601;684668.06;1111791.13;2013-12-01T00:00:00
8910073;547999;Humpolec;;;;;404349;Humpolec;378712;Dvorská;è.p.;1011;;;39601;683424.38;1111733.00;2013-12-01T00:00:00
8910081;547999;Humpolec;;;;;404349;Humpolec;378798;Hornická;è.p.;1012;;;39601;683582.81;1111815.38;2013-12-01T00:00:00
8910090;547999;Humpolec;;;;;404349;Humpolec;379140;Panský vrch;è.p.;1013;;;39601;683520.63;1111789.13;2013-12-01T00:00:00
8910103;547999;Humpolec;;;;;404349;Humpolec;379115;Okružní;è.p.;1014;;;39601;683682.38;1112694.38;2013-12-01T00:00:00
8910111;547999;Humpolec;;;;;404349;Humpolec;379107;Nerudova;è.p.;1015;;;39601;684298.06;1111461.13;2013-12-01T00:00:00
8910120;547999;Humpolec;;;;;404349;Humpolec;379352;V Brance;è.p.;1016;;;39601;684379.50;1111966.13;2013-12-01T00:00:00
8910138;547999;Humpolec;;;;;404349;Humpolec;378631;Blanická;è.p.;1017;;;39601;684459.38;1111461.50;2013-12-01T00:00:00
8910146;547999;Humpolec;;;;;404349;Humpolec;379026;Mánesova;è.p.;1018;;;39601;684437.81;1111532.25;2013-12-01T00:00:00
8910154;547999;Humpolec;;;;;404349;Humpolec;379140;Panský vrch;è.p.;1019;;;39601;683489.75;1111803.50;2013-12-01T00:00:00
8910162;547999;Humpolec;;;;;404349;Humpolec;379140;Panský vrch;è.p.;1020;;;39601;683491.38;1111784.50;2013-12-01T00:00:00
8910171;547999;Humpolec;;;;;404349;Humpolec;379140;Panský vrch;è.p.;1021;;;39601;683519.44;1111810.25;2013-12-01T00:00:00
8910189;547999;Humpolec;;;;;404349;Humpolec;379221;Sluníèkova;è.p.;1022;;;39601;683453.19;1111946.75;2013-12-01T00:00:00
8910197;547999;Humpolec;;;;;404349;Humpolec;378984;Lnáøská;è.p.;1023;;;39601;684357.88;1112193.38;2013-12-01T00:00:00
8910201;547999;Humpolec;;;;;404349;Humpolec;379026;Mánesova;è.p.;1024;;;39601;684437.19;1111513.88;2013-12-01T00:00:00
8910219;547999;Humpolec;;;;;404349;Humpolec;379069;Na Skalce;è.p.;1025;;;39601;684456.19;1111601.13;2013-12-01T00:00:00
8910227;547999;Humpolec;;;;;404349;Humpolec;379000;Lužická;è.p.;1026;;;39601;683729.38;1111375.25;2013-12-01T00:00:00
8910235;547999;Humpolec;;;;;404349;Humpolec;378771;Hálkova;è.p.;1027;;;39601;683968.06;1112594.25;2013-12-01T00:00:00
8910243;547999;Humpolec;;;;;404349;Humpolec;379018;Máchova;è.p.;1028;;;39601;683983.50;1112564.25;2013-12-01T00:00:00
8910251;547999;Humpolec;;;;;404349;Humpolec;379018;Máchova;è.p.;1029;;;39601;683828.81;1112480.38;2013-12-01T00:00:00
8910260;547999;Humpolec;;;;;404349;Humpolec;379352;V Brance;è.p.;1030;;;39601;684337.56;1111957.75;2013-12-01T00:00:00
8910278;547999;Humpolec;;;;;404349;Humpolec;379069;Na Skalce;è.p.;1031;;;39601;684458.38;1111570.00;2013-12-01T00:00:00
8910286;547999;Humpolec;;;;;404349;Humpolec;379026;Mánesova;è.p.;1032;;;39601;684440.25;1111493.00;2013-12-01T00:00:00
8910294;547999;Humpolec;;;;;404349;Humpolec;378712;Dvorská;è.p.;1033;;;39601;683495.63;1111747.88;2013-12-01T00:00:00
8910308;547999;Humpolec;;;;;404349;Humpolec;378712;Dvorská;è.p.;1034;;;39601;683477.19;1111742.63;2013-12-01T00:00:00
8910316;547999;Humpolec;;;;;404349;Humpolec;379221;Sluníèkova;è.p.;1035;;;39601;683419.69;1111810.00;2013-12-01T00:00:00
8910324;547999;Humpolec;;;;;404349;Humpolec;379379;Vosmíkova;è.p.;1036;;;39601;683429.63;1111845.00;2013-12-01T00:00:00
8910332;547999;Humpolec;;;;;404349;Humpolec;379379;Vosmíkova;è.p.;1037;;;39601;683534.63;1111840.88;2013-12-01T00:00:00
8910341;547999;Humpolec;;;;;404349;Humpolec;379271;Školní;è.p.;1038;;;39601;684162.31;1112263.38;2013-12-01T00:00:00
8910359;547999;Humpolec;;;;;404349;Humpolec;378771;Hálkova;è.p.;1039;;;39601;683907.50;1112673.25;2013-12-01T00:00:00
8910367;547999;Humpolec;;;;;404349;Humpolec;379379;Vosmíkova;è.p.;1040;;;39601;683556.81;1111844.13;2013-12-01T00:00:00
8910375;547999;Humpolec;;;;;404349;Humpolec;378798;Hornická;è.p.;1041;;;39601;683580.75;1111844.75;2013-12-01T00:00:00
8910383;547999;Humpolec;;;;;404349;Humpolec;379158;Pelhøimovská;è.p.;1042;;;39601;684708.38;1113069.25;2013-12-01T00:00:00
8910391;547999;Humpolec;;;;;404349;Humpolec;379000;Lužická;è.p.;1043;;;39601;683556.13;1110584.38;2013-12-01T00:00:00
8910405;547999;Humpolec;;;;;404349;Humpolec;379158;Pelhøimovská;è.p.;1044;;;39601;684721.81;1113131.88;2013-12-01T00:00:00
8910413;547999;Humpolec;;;;;404349;Humpolec;379158;Pelhøimovská;è.p.;1045;;;39601;684728.38;1113189.13;2013-12-01T00:00:00
8910421;547999;Humpolec;;;;;404349;Humpolec;379158;Pelhøimovská;è.p.;1046;;;39601;684733.31;1113208.00;2013-12-01T00:00:00
8910430;547999;Humpolec;;;;;404349;Humpolec;379158;Pelhøimovská;è.p.;1047;;;39601;684728.38;1113252.13;2013-12-01T00:00:00
8910448;547999;Humpolec;;;;;404349;Humpolec;379158;Pelhøimovská;è.p.;1048;;;39601;684727.63;1113299.88;2013-12-01T00:00:00
8910456;547999;Humpolec;;;;;404349;Humpolec;379158;Pelhøimovská;è.p.;1049;;;39601;684719.38;1113117.13;2013-12-01T00:00:00
8910464;547999;Humpolec;;;;;404349;Humpolec;379158;Pelhøimovská;è.p.;1050;;;39601;684730.07;1113268.30;2022-10-23T00:00:00
8910472;547999;Humpolec;;;;;404349;Humpolec;379158;Pelhøimovská;è.p.;1051;;;39601;684852.00;1113206.00;2013-12-01T00:00:00
8910481;547999;Humpolec;;;;;404349;Humpolec;379158;Pelhøimovská;è.p.;1052;;;39601;684690.94;1113348.63;2013-12-01T00:00:00
8910499;547999;Humpolec;;;;;404349;Humpolec;379158;Pelhøimovská;è.p.;1053;;;39601;684689.13;1113364.63;2013-12-01T00:00:00
8910502;547999;Humpolec;;;;;404349;Humpolec;379158;Pelhøimovská;è.p.;1054;;;39601;684728.69;1113370.50;2013-12-01T00:00:00
8910511;547999;Humpolec;;;;;404349;Humpolec;379042;Na Dálnici;è.p.;1055;;;39601;684722.00;1113475.63;2013-12-01T00:00:00
8910529;547999;Humpolec;;;;;404349;Humpolec;379042;Na Dálnici;è.p.;1056;;;39601;684731.69;1113446.13;2013-12-01T00:00:00
8910537;547999;Humpolec;;;;;404349;Humpolec;379158;Pelhøimovská;è.p.;1057;;;39601;684691.25;1113331.25;2013-12-01T00:00:00
8910545;547999;Humpolec;;;;;404349;Humpolec;379158;Pelhøimovská;è.p.;1058;;;39601;684673.94;1113381.50;2013-12-01T00:00:00
8910553;547999;Humpolec;;;;;404349;Humpolec;379042;Na Dálnici;è.p.;1059;;;39601;684756.25;1113423.88;2013-12-01T00:00:00
8910561;547999;Humpolec;;;;;404349;Humpolec;379042;Na Dálnici;è.p.;1060;;;39601;684760.50;1113429.50;2013-12-01T00:00:00
8910570;547999;Humpolec;;;;;404349;Humpolec;379042;Na Dálnici;è.p.;1061;;;39601;684769.13;1113421.88;2013-12-01T00:00:00
8910588;547999;Humpolec;;;;;404349;Humpolec;379042;Na Dálnici;è.p.;1062;;;39601;684765.63;1113416.25;2013-12-01T00:00:00
8910596;547999;Humpolec;;;;;404349;Humpolec;379042;Na Dálnici;è.p.;1063;;;39601;684795.81;1113390.25;2013-12-01T00:00:00
8910600;547999;Humpolec;;;;;404349;Humpolec;379042;Na Dálnici;è.p.;1064;;;39601;684799.56;1113394.00;2013-12-01T00:00:00
8910618;547999;Humpolec;;;;;404349;Humpolec;379042;Na Dálnici;è.p.;1065;;;39601;684808.00;1113388.75;2013-12-01T00:00:00
8910626;547999;Humpolec;;;;;404349;Humpolec;379042;Na Dálnici;è.p.;1066;;;39601;684803.75;1113382.88;2013-12-01T00:00:00
8910634;547999;Humpolec;;;;;404349;Humpolec;379042;Na Dálnici;è.p.;1067;;;39601;684835.19;1113355.88;2013-12-01T00:00:00
8910642;547999;Humpolec;;;;;404349;Humpolec;379042;Na Dálnici;è.p.;1068;;;39601;684839.63;1113358.63;2013-12-01T00:00:00
8910651;547999;Humpolec;;;;;404349;Humpolec;379042;Na Dálnici;è.p.;1069;;;39601;684847.56;1113354.25;2013-12-01T00:00:00
8910669;547999;Humpolec;;;;;404349;Humpolec;379042;Na Dálnici;è.p.;1070;;;39601;684843.50;1113347.00;2013-12-01T00:00:00
8910685;547999;Humpolec;;;;;404349;Humpolec;379042;Na Dálnici;è.p.;1072;;;39601;684798.13;1113331.63;2013-12-01T00:00:00
8910693;547999;Humpolec;;;;;404349;Humpolec;378771;Hálkova;è.p.;1073;;;39601;684001.81;1112469.88;2013-12-01T00:00:00
8910707;547999;Humpolec;;;;;404349;Humpolec;379379;Vosmíkova;è.p.;1074;;;39601;683339.88;1111855.50;2013-12-01T00:00:00
8910715;547999;Humpolec;;;;;404349;Humpolec;379379;Vosmíkova;è.p.;1075;;;39601;683535.25;1111872.00;2013-12-01T00:00:00
8910723;547999;Humpolec;;;;;404349;Humpolec;378771;Hálkova;è.p.;1076;;;39601;683921.44;1112640.00;2013-12-01T00:00:00
8910731;547999;Humpolec;;;;;404349;Humpolec;378887;Jindráèkové;è.p.;1077;;;39601;683412.13;1112171.50;2013-12-01T00:00:00
8910740;547999;Humpolec;;;;;404349;Humpolec;378887;Jindráèkové;è.p.;1078;;;39601;683401.25;1112162.50;2013-12-01T00:00:00
8910758;547999;Humpolec;;;;;404349;Humpolec;378887;Jindráèkové;è.p.;1079;;;39601;683398.94;1112149.25;2013-12-01T00:00:00
8910766;547999;Humpolec;;;;;404349;Humpolec;378887;Jindráèkové;è.p.;1080;;;39601;683421.50;1112124.50;2013-12-01T00:00:00
8910774;547999;Humpolec;;;;;404349;Humpolec;378887;Jindráèkové;è.p.;1081;;;39601;683431.50;1112143.13;2013-12-01T00:00:00
8910782;547999;Humpolec;;;;;404349;Humpolec;378887;Jindráèkové;è.p.;1082;;;39601;683439.69;1112158.13;2013-12-01T00:00:00
8910791;547999;Humpolec;;;;;404349;Humpolec;378887;Jindráèkové;è.p.;1083;;;39601;683447.50;1112175.63;2013-12-01T00:00:00
8910804;547999;Humpolec;;;;;404349;Humpolec;378879;Jihlavská;è.p.;1084;;;39601;683465.69;1112682.25;2013-12-01T00:00:00
8910812;547999;Humpolec;;;;;404349;Humpolec;378879;Jihlavská;è.p.;1085;;;39601;683478.69;1112667.63;2013-12-01T00:00:00
8910821;547999;Humpolec;;;;;404349;Humpolec;379336;U Stadionu;è.p.;1086;;;39601;683513.13;1112685.25;2013-12-01T00:00:00
8910839;547999;Humpolec;;;;;404349;Humpolec;379336;U Stadionu;è.p.;1087;;;39601;683540.44;1112696.00;2013-12-01T00:00:00
8910847;547999;Humpolec;;;;;404349;Humpolec;379336;U Stadionu;è.p.;1088;;;39601;683535.25;1112716.75;2013-12-01T00:00:00
8910855;547999;Humpolec;;;;;404349;Humpolec;379336;U Stadionu;è.p.;1089;;;39601;683497.81;1112753.00;2013-12-01T00:00:00
8910863;547999;Humpolec;;;;;404349;Humpolec;379336;U Stadionu;è.p.;1090;;;39601;683507.19;1112835.13;2013-12-01T00:00:00
8910871;547999;Humpolec;;;;;404349;Humpolec;379336;U Stadionu;è.p.;1091;;;39601;683467.13;1112882.75;2013-12-01T00:00:00
8910880;547999;Humpolec;;;;;404349;Humpolec;379263;Svépomocná;è.p.;1092;;;39601;684425.06;1111139.75;2013-12-01T00:00:00
8910898;547999;Humpolec;;;;;404349;Humpolec;378879;Jihlavská;è.p.;1093;;;39601;683439.00;1112794.88;2013-12-01T00:00:00
8910901;547999;Humpolec;;;;;404349;Humpolec;378780;Holeèkova;è.p.;1094;;;39601;683444.81;1111365.00;2013-12-01T00:00:00
8910910;547999;Humpolec;;;;;404349;Humpolec;378666;Èejovská;è.p.;1095;;;39601;683423.94;1111362.75;2013-12-01T00:00:00
8910928;547999;Humpolec;;;;;404349;Humpolec;378780;Holeèkova;è.p.;1096;;;39601;683455.19;1111326.00;2013-12-01T00:00:00
8910936;547999;Humpolec;;;;;404349;Humpolec;378780;Holeèkova;è.p.;1097;;;39601;683461.75;1111306.88;2013-12-01T00:00:00
8910944;547999;Humpolec;;;;;404349;Humpolec;378623;Arbesova;è.p.;1098;;;39601;683469.00;1111272.00;2013-12-01T00:00:00
8910952;547999;Humpolec;;;;;404349;Humpolec;378623;Arbesova;è.p.;1099;;;39601;683451.00;1111262.25;2013-12-01T00:00:00
8910961;547999;Humpolec;;;;;404349;Humpolec;379301;U Jízdárny;è.p.;1100;;;39601;683378.13;1111307.75;2013-12-01T00:00:00
8910979;547999;Humpolec;;;;;404349;Humpolec;379301;U Jízdárny;è.p.;1101;;;39601;683381.19;1111300.88;2013-12-01T00:00:00
8910987;547999;Humpolec;;;;;404349;Humpolec;379301;U Jízdárny;è.p.;1102;;;39601;683385.13;1111287.25;2013-12-01T00:00:00
8910995;547999;Humpolec;;;;;404349;Humpolec;379301;U Jízdárny;è.p.;1103;;;39601;683387.38;1111279.88;2013-12-01T00:00:00
8911002;547999;Humpolec;;;;;404349;Humpolec;379301;U Jízdárny;è.p.;1104;;;39601;683393.06;1111265.13;2013-12-01T00:00:00
8911011;547999;Humpolec;;;;;404349;Humpolec;379301;U Jízdárny;è.p.;1105;;;39601;683395.00;1111257.88;2013-12-01T00:00:00
8911029;547999;Humpolec;;;;;404349;Humpolec;378666;Èejovská;è.p.;1106;;;39601;683332.69;1111341.63;2013-12-01T00:00:00
8911037;547999;Humpolec;;;;;404349;Humpolec;379301;U Jízdárny;è.p.;1107;;;39601;683339.69;1111318.88;2013-12-01T00:00:00
8911045;547999;Humpolec;;;;;404349;Humpolec;379301;U Jízdárny;è.p.;1108;;;39601;683349.56;1111293.88;2013-12-01T00:00:00
8911053;547999;Humpolec;;;;;404349;Humpolec;379301;U Jízdárny;è.p.;1109;;;39601;683359.88;1111271.50;2013-12-01T00:00:00
8911061;547999;Humpolec;;;;;404349;Humpolec;379301;U Jízdárny;è.p.;1110;;;39601;683366.25;1111242.88;2013-12-01T00:00:00
8911070;547999;Humpolec;;;;;404349;Humpolec;379301;U Jízdárny;è.p.;1111;;;39601;683375.69;1111224.25;2013-12-01T00:00:00
8911088;547999;Humpolec;;;;;404349;Humpolec;378623;Arbesova;è.p.;1112;;;39601;683387.56;1111187.00;2013-12-01T00:00:00
8911096;547999;Humpolec;;;;;404349;Humpolec;378623;Arbesova;è.p.;1113;;;39601;683409.94;1111197.88;2013-12-01T00:00:00
8911100;547999;Humpolec;;;;;404349;Humpolec;378623;Arbesova;è.p.;1114;;;39601;683426.19;1111208.63;2013-12-01T00:00:00
8911118;547999;Humpolec;;;;;404349;Humpolec;378623;Arbesova;è.p.;1115;;;39601;683444.88;1111220.13;2013-12-01T00:00:00
8911126;547999;Humpolec;;;;;404349;Humpolec;378623;Arbesova;è.p.;1116;;;39601;683478.44;1111242.88;2013-12-01T00:00:00
8911134;547999;Humpolec;;;;;404349;Humpolec;378623;Arbesova;è.p.;1117;;;39601;683430.38;1111249.50;2013-12-01T00:00:00
8911142;547999;Humpolec;;;;;404349;Humpolec;378623;Arbesova;è.p.;1118;;;39601;683405.13;1111234.38;2013-12-01T00:00:00
8911151;547999;Humpolec;;;;;404349;Humpolec;379221;Sluníèkova;è.p.;1119;;;39601;683377.50;1111459.00;2013-12-01T00:00:00
8911169;547999;Humpolec;;;;;404349;Humpolec;378623;Arbesova;è.p.;1120;;;39601;683661.94;1111389.50;2013-12-01T00:00:00
8911177;547999;Humpolec;;;;;404349;Humpolec;378623;Arbesova;è.p.;1121;;;39601;683650.19;1111371.25;2013-12-01T00:00:00
8911185;547999;Humpolec;;;;;404349;Humpolec;378623;Arbesova;è.p.;1122;;;39601;683606.88;1111364.38;2013-12-01T00:00:00
8911193;547999;Humpolec;;;;;404349;Humpolec;379191;Raisova;è.p.;1123;;;39601;683588.88;1111388.00;2013-12-01T00:00:00
8911207;547999;Humpolec;;;;;404349;Humpolec;378771;Hálkova;è.p.;1124;;;39601;683937.88;1112724.63;2013-12-01T00:00:00
8911215;547999;Humpolec;;;;;404349;Humpolec;379212;Rumunská;è.p.;1125;;;39601;684009.25;1112712.50;2013-12-01T00:00:00
8911223;547999;Humpolec;;;;;404349;Humpolec;379212;Rumunská;è.p.;1126;;;39601;684011.81;1112722.00;2013-12-01T00:00:00
8911231;547999;Humpolec;;;;;404349;Humpolec;379212;Rumunská;è.p.;1127;;;39601;684013.06;1112734.00;2013-12-01T00:00:00
8911240;547999;Humpolec;;;;;404349;Humpolec;379212;Rumunská;è.p.;1128;;;39601;684013.69;1112741.63;2013-12-01T00:00:00
8911258;547999;Humpolec;;;;;404349;Humpolec;379212;Rumunská;è.p.;1129;;;39601;684018.38;1112755.75;2013-12-01T00:00:00
8911266;547999;Humpolec;;;;;404349;Humpolec;379212;Rumunská;è.p.;1130;;;39601;684018.38;1112761.88;2013-12-01T00:00:00
8911274;547999;Humpolec;;;;;404349;Humpolec;379212;Rumunská;è.p.;1131;;;39601;684018.75;1112766.50;2013-12-01T00:00:00
8911282;547999;Humpolec;;;;;404349;Humpolec;379212;Rumunská;è.p.;1132;;;39601;684019.19;1112772.50;2013-12-01T00:00:00
8911291;547999;Humpolec;;;;;404349;Humpolec;379212;Rumunská;è.p.;1133;;;39601;684018.56;1112785.50;2013-12-01T00:00:00
8911304;547999;Humpolec;;;;;404349;Humpolec;379212;Rumunská;è.p.;1134;;;39601;684019.44;1112793.63;2013-12-01T00:00:00
8911312;547999;Humpolec;;;;;404349;Humpolec;379212;Rumunská;è.p.;1135;;;39601;684019.88;1112805.38;2013-12-01T00:00:00
8911321;547999;Humpolec;;;;;404349;Humpolec;379212;Rumunská;è.p.;1136;;;39601;684022.06;1112814.00;2013-12-01T00:00:00
8911339;547999;Humpolec;;;;;404349;Humpolec;378861;Hybešova;è.p.;1137;;;39601;684049.81;1112710.00;2013-12-01T00:00:00
8911347;547999;Humpolec;;;;;404349;Humpolec;378861;Hybešova;è.p.;1138;;;39601;684050.44;1112716.88;2013-12-01T00:00:00
8911355;547999;Humpolec;;;;;404349;Humpolec;378861;Hybešova;è.p.;1139;;;39601;684050.06;1112728.50;2013-12-01T00:00:00
8911363;547999;Humpolec;;;;;404349;Humpolec;378861;Hybešova;è.p.;1140;;;39601;684051.06;1112738.00;2013-12-01T00:00:00
8911371;547999;Humpolec;;;;;404349;Humpolec;378861;Hybešova;è.p.;1141;;;39601;684054.25;1112780.00;2013-12-01T00:00:00
8911380;547999;Humpolec;;;;;404349;Humpolec;378861;Hybešova;è.p.;1142;;;39601;684054.50;1112788.75;2013-12-01T00:00:00
8911398;547999;Humpolec;;;;;404349;Humpolec;378861;Hybešova;è.p.;1143;;;39601;684056.88;1112800.00;2013-12-01T00:00:00
8911401;547999;Humpolec;;;;;404349;Humpolec;378861;Hybešova;è.p.;1144;;;39601;684057.06;1112808.75;2013-12-01T00:00:00
8911410;547999;Humpolec;;;;;404349;Humpolec;378861;Hybešova;è.p.;1145;;;39601;684076.44;1112706.13;2013-12-01T00:00:00
8911428;547999;Humpolec;;;;;404349;Humpolec;378861;Hybešova;è.p.;1146;;;39601;684077.50;1112714.75;2013-12-01T00:00:00
8911436;547999;Humpolec;;;;;404349;Humpolec;378861;Hybešova;è.p.;1147;;;39601;684078.75;1112726.63;2013-12-01T00:00:00
8911444;547999;Humpolec;;;;;404349;Humpolec;378861;Hybešova;è.p.;1148;;;39601;684078.75;1112734.25;2013-12-01T00:00:00
8911452;547999;Humpolec;;;;;404349;Humpolec;378861;Hybešova;è.p.;1149;;;39601;684080.88;1112775.88;2013-12-01T00:00:00
8911461;547999;Humpolec;;;;;404349;Humpolec;378861;Hybešova;è.p.;1150;;;39601;684082.75;1112783.63;2013-12-01T00:00:00
8911479;547999;Humpolec;;;;;404349;Humpolec;378861;Hybešova;è.p.;1151;;;39601;684083.00;1112795.88;2013-12-01T00:00:00
8911487;547999;Humpolec;;;;;404349;Humpolec;378861;Hybešova;è.p.;1152;;;39601;684083.38;1112803.25;2013-12-01T00:00:00
8911495;547999;Humpolec;;;;;404349;Humpolec;378968;Lipová;è.p.;1153;;;39601;684117.00;1112701.50;2013-12-01T00:00:00
8911509;547999;Humpolec;;;;;404349;Humpolec;378968;Lipová;è.p.;1154;;;39601;684117.19;1112710.75;2013-12-01T00:00:00
8911517;547999;Humpolec;;;;;404349;Humpolec;378968;Lipová;è.p.;1155;;;39601;684117.19;1112722.00;2013-12-01T00:00:00
8911525;547999;Humpolec;;;;;404349;Humpolec;378968;Lipová;è.p.;1156;;;39601;684118.69;1112731.00;2013-12-01T00:00:00
8911533;547999;Humpolec;;;;;404349;Humpolec;378968;Lipová;è.p.;1157;;;39601;684115.69;1112743.13;2013-12-01T00:00:00
8911541;547999;Humpolec;;;;;404349;Humpolec;378968;Lipová;è.p.;1158;;;39601;684115.94;1112749.25;2013-12-01T00:00:00
8911550;547999;Humpolec;;;;;404349;Humpolec;378968;Lipová;è.p.;1159;;;39601;684115.50;1112754.88;2013-12-01T00:00:00
8911568;547999;Humpolec;;;;;404349;Humpolec;378968;Lipová;è.p.;1160;;;39601;684115.94;1112762.38;2013-12-01T00:00:00
8911576;547999;Humpolec;;;;;404349;Humpolec;378968;Lipová;è.p.;1161;;;39601;684119.31;1112772.88;2013-12-01T00:00:00
8911584;547999;Humpolec;;;;;404349;Humpolec;378968;Lipová;è.p.;1162;;;39601;684119.94;1112781.38;2013-12-01T00:00:00
8911592;547999;Humpolec;;;;;404349;Humpolec;378968;Lipová;è.p.;1163;;;39601;684119.81;1112792.75;2013-12-01T00:00:00
8911606;547999;Humpolec;;;;;404349;Humpolec;378968;Lipová;è.p.;1164;;;39601;684120.94;1112801.38;2013-12-01T00:00:00
8911614;547999;Humpolec;;;;;404349;Humpolec;379361;V Cípku;è.p.;1165;;;39601;684146.63;1112792.13;2013-12-01T00:00:00
8911622;547999;Humpolec;;;;;404349;Humpolec;379212;Rumunská;è.p.;1166;;;39601;683982.00;1112726.38;2013-12-01T00:00:00
8911631;547999;Humpolec;;;;;404349;Humpolec;379212;Rumunská;è.p.;1167;;;39601;683985.00;1112746.50;2013-12-01T00:00:00
8911649;547999;Humpolec;;;;;404349;Humpolec;379212;Rumunská;è.p.;1168;;;39601;683987.13;1112772.00;2013-12-01T00:00:00
8911657;547999;Humpolec;;;;;404349;Humpolec;379212;Rumunská;è.p.;1169;;;39601;683989.63;1112794.88;2013-12-01T00:00:00
8911665;547999;Humpolec;;;;;404349;Humpolec;379361;V Cípku;è.p.;1170;;;39601;683964.69;1112798.63;2013-12-01T00:00:00
8911673;547999;Humpolec;;;;;404349;Humpolec;379361;V Cípku;è.p.;1171;;;39601;683944.44;1112793.13;2013-12-01T00:00:00
8911681;547999;Humpolec;;;;;404349;Humpolec;378771;Hálkova;è.p.;1172;;;39601;683918.81;1112784.25;2013-12-01T00:00:00
8911690;547999;Humpolec;;;;;404349;Humpolec;378771;Hálkova;è.p.;1173;;;39601;683931.13;1112739.50;2013-12-01T00:00:00
8911703;547999;Humpolec;;;;;404349;Humpolec;379018;Máchova;è.p.;1174;;;39601;684134.31;1112549.38;2013-12-01T00:00:00
8911711;547999;Humpolec;;;;;404349;Humpolec;378607;5. kvìtna;è.p.;1175;;;39601;683339.50;1112265.63;2013-12-01T00:00:00
8911720;547999;Humpolec;;;;;404349;Humpolec;378607;5. kvìtna;è.p.;1176;;;39601;683313.63;1112239.63;2013-12-01T00:00:00
8911738;547999;Humpolec;;;;;404349;Humpolec;378607;5. kvìtna;è.p.;1177;;;39601;683286.75;1112209.50;2013-12-01T00:00:00
8911746;547999;Humpolec;;;;;404349;Humpolec;378607;5. kvìtna;è.p.;1178;;;39601;683306.06;1112175.38;2013-12-01T00:00:00
8911754;547999;Humpolec;;;;;404349;Humpolec;378607;5. kvìtna;è.p.;1179;;;39601;683330.50;1112205.38;2013-12-01T00:00:00
8911762;547999;Humpolec;;;;;404349;Humpolec;378607;5. kvìtna;è.p.;1180;;;39601;683356.00;1112232.25;2013-12-01T00:00:00
8911771;547999;Humpolec;;;;;404349;Humpolec;379221;Sluníèkova;è.p.;1181;;;39601;683379.69;1111478.75;2013-12-01T00:00:00
8911789;547999;Humpolec;;;;;404349;Humpolec;379221;Sluníèkova;è.p.;1182;;;39601;683378.88;1111496.75;2013-12-01T00:00:00
8911797;547999;Humpolec;;;;;404349;Humpolec;379221;Sluníèkova;è.p.;1183;;;39601;683371.44;1111514.25;2013-12-01T00:00:00
8911801;547999;Humpolec;;;;;404349;Humpolec;379221;Sluníèkova;è.p.;1184;;;39601;683370.69;1111546.13;2013-12-01T00:00:00
8911819;547999;Humpolec;;;;;404349;Humpolec;379221;Sluníèkova;è.p.;1185;;;39601;683373.63;1111569.13;2013-12-01T00:00:00
8911827;547999;Humpolec;;;;;404349;Humpolec;379221;Sluníèkova;è.p.;1186;;;39601;683371.81;1111585.75;2013-12-01T00:00:00
8911835;547999;Humpolec;;;;;404349;Humpolec;379077;Na Vyhlídce;è.p.;1187;;;39601;683365.88;1111608.75;2013-12-01T00:00:00
8911843;547999;Humpolec;;;;;404349;Humpolec;379077;Na Vyhlídce;è.p.;1188;;;39601;683364.81;1111637.13;2013-12-01T00:00:00
8911851;547999;Humpolec;;;;;404349;Humpolec;379077;Na Vyhlídce;è.p.;1189;;;39601;683342.50;1111607.50;2013-12-01T00:00:00
8911860;547999;Humpolec;;;;;404349;Humpolec;379077;Na Vyhlídce;è.p.;1190;;;39601;683321.19;1111605.13;2013-12-01T00:00:00
8911878;547999;Humpolec;;;;;404349;Humpolec;378950;Lipnická;è.p.;1191;;;39601;683277.75;1111599.38;2013-12-01T00:00:00
8911886;547999;Humpolec;;;;;404349;Humpolec;378950;Lipnická;è.p.;1192;;;39601;683277.06;1111588.75;2013-12-01T00:00:00
8911894;547999;Humpolec;;;;;404349;Humpolec;378950;Lipnická;è.p.;1193;;;39601;683276.81;1111579.88;2013-12-01T00:00:00
8911908;547999;Humpolec;;;;;404349;Humpolec;378950;Lipnická;è.p.;1194;;;39601;683276.13;1111572.00;2013-12-01T00:00:00
8911916;547999;Humpolec;;;;;404349;Humpolec;378950;Lipnická;è.p.;1195;;;39601;683276.13;1111562.63;2013-12-01T00:00:00
8911924;547999;Humpolec;;;;;404349;Humpolec;378950;Lipnická;è.p.;1196;;;39601;683274.94;1111553.50;2013-12-01T00:00:00
8911932;547999;Humpolec;;;;;404349;Humpolec;378950;Lipnická;è.p.;1197;;;39601;683275.19;1111544.13;2013-12-01T00:00:00
8911941;547999;Humpolec;;;;;404349;Humpolec;379387;Východní;è.p.;1198;;;39601;683325.25;1111545.50;2013-12-01T00:00:00
8911959;547999;Humpolec;;;;;404349;Humpolec;379387;Východní;è.p.;1199;;;39601;683345.13;1111547.00;2013-12-01T00:00:00
8911967;547999;Humpolec;;;;;404349;Humpolec;379387;Východní;è.p.;1200;;;39601;683347.44;1111517.88;2013-12-01T00:00:00
8911975;547999;Humpolec;;;;;404349;Humpolec;379387;Východní;è.p.;1201;;;39601;683329.25;1111513.25;2013-12-01T00:00:00
8911983;547999;Humpolec;;;;;404349;Humpolec;379387;Východní;è.p.;1202;;;39601;683310.44;1111513.25;2013-12-01T00:00:00
8911991;547999;Humpolec;;;;;404349;Humpolec;378950;Lipnická;è.p.;1203;;;39601;683275.38;1111509.75;2013-12-01T00:00:00
8912009;547999;Humpolec;;;;;404349;Humpolec;378950;Lipnická;è.p.;1204;;;39601;683282.00;1111489.63;2013-12-01T00:00:00
8912017;547999;Humpolec;;;;;404349;Humpolec;378950;Lipnická;è.p.;1205;;;39601;683311.81;1111458.25;2013-12-01T00:00:00
8912025;547999;Humpolec;;;;;404349;Humpolec;378950;Lipnická;è.p.;1206;;;39601;683333.31;1111455.63;2013-12-01T00:00:00
8912033;547999;Humpolec;;;;;404349;Humpolec;378950;Lipnická;è.p.;1207;;;39601;683353.81;1111457.13;2013-12-01T00:00:00
8912041;547999;Humpolec;;;;;404349;Humpolec;378950;Lipnická;è.p.;1208;;;39601;683383.63;1111429.25;2013-12-01T00:00:00
8912050;547999;Humpolec;;;;;404349;Humpolec;378950;Lipnická;è.p.;1209;;;39601;683364.06;1111427.63;2013-12-01T00:00:00
8912068;547999;Humpolec;;;;;404349;Humpolec;378950;Lipnická;è.p.;1210;;;39601;683345.50;1111426.75;2013-12-01T00:00:00
8912076;547999;Humpolec;;;;;404349;Humpolec;378950;Lipnická;è.p.;1211;;;39601;683325.25;1111426.38;2013-12-01T00:00:00
8912084;547999;Humpolec;;;;;404349;Humpolec;378950;Lipnická;è.p.;1212;;;39601;683304.94;1111425.13;2013-12-01T00:00:00
8912092;547999;Humpolec;;;;;404349;Humpolec;378950;Lipnická;è.p.;1213;;;39601;683285.44;1111432.00;2013-12-01T00:00:00
8912106;547999;Humpolec;;;;;404349;Humpolec;378950;Lipnická;è.p.;1214;;;39601;683269.00;1111441.00;2013-12-01T00:00:00
8912114;547999;Humpolec;;;;;404349;Humpolec;378950;Lipnická;è.p.;1215;;;39601;683255.63;1111461.00;2013-12-01T00:00:00
8912122;547999;Humpolec;;;;;404349;Humpolec;378950;Lipnická;è.p.;1216;;;39601;683245.00;1111478.00;2013-12-01T00:00:00
8912131;547999;Humpolec;;;;;404349;Humpolec;378950;Lipnická;è.p.;1217;;;39601;683238.38;1111496.63;2013-12-01T00:00:00
8912149;547999;Humpolec;;;;;404349;Humpolec;378950;Lipnická;è.p.;1218;;;39601;683238.69;1111517.50;2013-12-01T00:00:00
8912157;547999;Humpolec;;;;;404349;Humpolec;378950;Lipnická;è.p.;1219;;;39601;683237.75;1111536.38;2013-12-01T00:00:00
8912165;547999;Humpolec;;;;;404349;Humpolec;378950;Lipnická;è.p.;1220;;;39601;683240.38;1111556.25;2013-12-01T00:00:00
8912173;547999;Humpolec;;;;;404349;Humpolec;378950;Lipnická;è.p.;1221;;;39601;683245.31;1111574.00;2013-12-01T00:00:00
8912181;547999;Humpolec;;;;;404349;Humpolec;378950;Lipnická;è.p.;1222;;;39601;683250.44;1111635.50;2013-12-01T00:00:00
8912190;547999;Humpolec;;;;;404349;Humpolec;379077;Na Vyhlídce;è.p.;1223;;;39601;683279.74;1111630.94;2013-12-01T00:00:00
8912203;547999;Humpolec;;;;;404349;Humpolec;379336;U Stadionu;è.p.;1224;;;39601;683482.19;1112800.25;2013-12-01T00:00:00
8912211;547999;Humpolec;;;;;404349;Humpolec;379336;U Stadionu;è.p.;1225;;;39601;683469.88;1112820.00;2013-12-01T00:00:00
8912220;547999;Humpolec;;;;;404349;Humpolec;379336;U Stadionu;è.p.;1226;;;39601;683514.88;1112812.00;2013-12-01T00:00:00
8912238;547999;Humpolec;;;;;404349;Humpolec;379336;U Stadionu;è.p.;1227;;;39601;683523.69;1112776.75;2013-12-01T00:00:00
8912246;547999;Humpolec;;;;;404349;Humpolec;379336;U Stadionu;è.p.;1228;;;39601;683526.50;1112756.63;2013-12-01T00:00:00
8912254;547999;Humpolec;;;;;404349;Humpolec;379336;U Stadionu;è.p.;1229;;;39601;683531.50;1112736.25;2013-12-01T00:00:00
8912262;547999;Humpolec;;;;;404349;Humpolec;378682;Družstevní;è.p.;1230;;;39601;684411.06;1111182.38;2013-12-01T00:00:00
8912271;547999;Humpolec;;;;;404349;Humpolec;378682;Družstevní;è.p.;1231;;;39601;684399.44;1111225.13;2013-12-01T00:00:00
8912289;547999;Humpolec;;;;;404349;Humpolec;378682;Družstevní;è.p.;1232;;;39601;684389.19;1111263.88;2013-12-01T00:00:00
8912297;547999;Humpolec;;;;;404349;Humpolec;378682;Družstevní;è.p.;1233;;;39601;684381.19;1111305.25;2013-12-01T00:00:00
8912301;547999;Humpolec;;;;;404349;Humpolec;378631;Blanická;è.p.;1234;;;39601;684355.13;1111412.13;2013-12-01T00:00:00
8912319;547999;Humpolec;;;;;404349;Humpolec;379336;U Stadionu;è.p.;1235;;;39601;683487.81;1112782.50;2013-12-01T00:00:00
8912327;547999;Humpolec;;;;;404349;Humpolec;378682;Družstevní;è.p.;1236;;;39601;684403.70;1111409.13;2025-09-29T00:00:00
8912335;547999;Humpolec;;;;;404349;Humpolec;378682;Družstevní;è.p.;1237;;;39601;684403.94;1111405.36;2025-09-29T00:00:00
8912343;547999;Humpolec;;;;;404349;Humpolec;379034;Mírová;è.p.;1238;;;39601;684453.38;1111411.13;2013-12-01T00:00:00
8912351;547999;Humpolec;;;;;404349;Humpolec;379034;Mírová;è.p.;1239;;;39601;684455.94;1111392.38;2013-12-01T00:00:00
8912360;547999;Humpolec;;;;;404349;Humpolec;379034;Mírová;è.p.;1240;;;39601;684459.00;1111348.00;2013-12-01T00:00:00
8912378;547999;Humpolec;;;;;404349;Humpolec;378682;Družstevní;è.p.;1242;;;39601;684450.50;1111193.00;2013-12-01T00:00:00
8912386;547999;Humpolec;;;;;404349;Humpolec;378682;Družstevní;è.p.;1243;;;39601;684437.88;1111243.63;2013-12-01T00:00:00
8912394;547999;Humpolec;;;;;404349;Humpolec;378682;Družstevní;è.p.;1244;;;39601;684424.69;1111290.50;2013-12-01T00:00:00
8912408;547999;Humpolec;;;;;404349;Humpolec;379034;Mírová;è.p.;1245;;;39601;684497.25;1111208.50;2013-12-01T00:00:00
8912416;547999;Humpolec;;;;;404349;Humpolec;379034;Mírová;è.p.;1246;;;39601;684485.63;1111255.63;2013-12-01T00:00:00
8912424;547999;Humpolec;;;;;404349;Humpolec;379034;Mírová;è.p.;1247;;;39601;684469.75;1111302.50;2013-12-01T00:00:00
8912432;547999;Humpolec;;;;;404349;Humpolec;379409;Pražská;è.p.;1248;;;39601;684642.50;1111794.88;2013-12-01T00:00:00
8912441;547999;Humpolec;;;;;404349;Humpolec;378666;Èejovská;è.p.;1249;;;39601;683401.69;1111359.25;2013-12-01T00:00:00
8912459;547999;Humpolec;;;;;404349;Humpolec;379140;Panský vrch;è.p.;1250;;;39601;683539.19;1111676.75;2013-12-01T00:00:00
8912467;547999;Humpolec;;;;;404349;Humpolec;379115;Okružní;è.p.;1251;;;39601;683581.94;1112635.63;2013-12-01T00:00:00
8912475;547999;Humpolec;;;;;404349;Humpolec;379115;Okružní;è.p.;1252;;;39601;683557.00;1112624.25;2013-12-01T00:00:00
8912483;547999;Humpolec;;;;;404349;Humpolec;379263;Svépomocná;è.p.;1253;;;39601;684473.00;1111152.88;2013-12-01T00:00:00
8912491;547999;Humpolec;;;;;404349;Humpolec;379263;Svépomocná;è.p.;1254;;;39601;684498.94;1111170.75;2013-12-01T00:00:00
8912505;547999;Humpolec;;;;;404349;Humpolec;379263;Svépomocná;è.p.;1255;;;39601;684508.50;1111174.25;2013-12-01T00:00:00
8912513;547999;Humpolec;;;;;404349;Humpolec;379263;Svépomocná;è.p.;1256;;;39601;684515.38;1111177.50;2013-12-01T00:00:00
8912521;547999;Humpolec;;;;;404349;Humpolec;379263;Svépomocná;è.p.;1257;;;39601;684524.38;1111178.13;2013-12-01T00:00:00
8912530;547999;Humpolec;;;;;404349;Humpolec;379263;Svépomocná;è.p.;1258;;;39601;684533.63;1111181.00;2013-12-01T00:00:00
8912548;547999;Humpolec;;;;;404349;Humpolec;379263;Svépomocná;è.p.;1259;;;39601;684542.31;1111183.75;2013-12-01T00:00:00
8912556;547999;Humpolec;;;;;404349;Humpolec;379263;Svépomocná;è.p.;1260;;;39601;684551.69;1111185.25;2013-12-01T00:00:00
8912564;547999;Humpolec;;;;;404349;Humpolec;379263;Svépomocná;è.p.;1261;;;39601;684559.75;1111186.63;2013-12-01T00:00:00
8912572;547999;Humpolec;;;;;404349;Humpolec;379263;Svépomocná;è.p.;1262;;;39601;684567.56;1111190.75;2013-12-01T00:00:00
8912581;547999;Humpolec;;;;;404349;Humpolec;379263;Svépomocná;è.p.;1263;;;39601;684577.81;1111192.13;2013-12-01T00:00:00
8912599;547999;Humpolec;;;;;404349;Humpolec;379263;Svépomocná;è.p.;1264;;;39601;684585.00;1111195.38;2013-12-01T00:00:00
8912602;547999;Humpolec;;;;;404349;Humpolec;378950;Lipnická;è.p.;1265;;;39601;683507.50;1111438.88;2013-12-01T00:00:00
8912611;547999;Humpolec;;;;;404349;Humpolec;378950;Lipnická;è.p.;1266;;;39601;683294.19;1111468.13;2013-12-01T00:00:00
8912629;547999;Humpolec;;;;;404349;Humpolec;378950;Lipnická;è.p.;1267;;;39601;683416.81;1111432.88;2013-12-01T00:00:00
8912637;547999;Humpolec;;;;;404349;Humpolec;379077;Na Vyhlídce;è.p.;1268;;;39601;683407.68;1111610.79;2013-12-01T00:00:00
8912645;547999;Humpolec;;;;;404349;Humpolec;378623;Arbesova;è.p.;1269;;;39601;683521.94;1111300.38;2013-12-01T00:00:00
8912653;547999;Humpolec;;;;;404349;Humpolec;378976;Litochleby;è.p.;1270;;;39601;684319.38;1111113.13;2013-12-01T00:00:00
8912661;547999;Humpolec;;;;;404349;Humpolec;378976;Litochleby;è.p.;1271;;;39601;684278.50;1111109.50;2013-12-01T00:00:00
8912670;547999;Humpolec;;;;;404349;Humpolec;378976;Litochleby;è.p.;1272;;;39601;684269.69;1111107.88;2013-12-01T00:00:00
8912688;547999;Humpolec;;;;;404349;Humpolec;378976;Litochleby;è.p.;1273;;;39601;684261.94;1111104.88;2013-12-01T00:00:00
8912696;547999;Humpolec;;;;;404349;Humpolec;378976;Litochleby;è.p.;1274;;;39601;684252.69;1111104.63;2013-12-01T00:00:00
8912700;547999;Humpolec;;;;;404349;Humpolec;378976;Litochleby;è.p.;1275;;;39601;684243.75;1111102.13;2013-12-01T00:00:00
8912718;547999;Humpolec;;;;;404349;Humpolec;378976;Litochleby;è.p.;1276;;;39601;684234.56;1111100.25;2013-12-01T00:00:00
8912726;547999;Humpolec;;;;;404349;Humpolec;378976;Litochleby;è.p.;1277;;;39601;684217.06;1111093.63;2013-12-01T00:00:00
8912734;547999;Humpolec;;;;;404349;Humpolec;378976;Litochleby;è.p.;1278;;;39601;684207.88;1111093.38;2013-12-01T00:00:00
8912742;547999;Humpolec;;;;;404349;Humpolec;378976;Litochleby;è.p.;1279;;;39601;684198.94;1111092.38;2013-12-01T00:00:00
8912751;547999;Humpolec;;;;;404349;Humpolec;378976;Litochleby;è.p.;1280;;;39601;684189.75;1111089.63;2013-12-01T00:00:00
8912769;547999;Humpolec;;;;;404349;Humpolec;378976;Litochleby;è.p.;1281;;;39601;684181.13;1111087.88;2013-12-01T00:00:00
8912777;547999;Humpolec;;;;;404349;Humpolec;378976;Litochleby;è.p.;1282;;;39601;684171.88;1111086.75;2013-12-01T00:00:00
8912785;547999;Humpolec;;;;;404349;Humpolec;378976;Litochleby;è.p.;1283;;;39601;684154.31;1111082.25;2013-12-01T00:00:00
8912793;547999;Humpolec;;;;;404349;Humpolec;378976;Litochleby;è.p.;1284;;;39601;684143.94;1111079.88;2013-12-01T00:00:00
8912807;547999;Humpolec;;;;;404349;Humpolec;378976;Litochleby;è.p.;1285;;;39601;684136.31;1111078.13;2013-12-01T00:00:00
8912815;547999;Humpolec;;;;;404349;Humpolec;378976;Litochleby;è.p.;1286;;;39601;684125.63;1111075.63;2013-12-01T00:00:00
8912823;547999;Humpolec;;;;;404349;Humpolec;378976;Litochleby;è.p.;1287;;;39601;684119.75;1111074.13;2013-12-01T00:00:00
8912831;547999;Humpolec;;;;;404349;Humpolec;378976;Litochleby;è.p.;1288;;;39601;684109.69;1111072.63;2013-12-01T00:00:00
8912840;547999;Humpolec;;;;;404349;Humpolec;378976;Litochleby;è.p.;1289;;;39601;684090.94;1111067.63;2013-12-01T00:00:00
8912858;547999;Humpolec;;;;;404349;Humpolec;378976;Litochleby;è.p.;1290;;;39601;684082.31;1111066.00;2013-12-01T00:00:00
8912866;547999;Humpolec;;;;;404349;Humpolec;378976;Litochleby;è.p.;1291;;;39601;684072.94;1111063.75;2013-12-01T00:00:00
8912874;547999;Humpolec;;;;;404349;Humpolec;378976;Litochleby;è.p.;1292;;;39601;684063.88;1111062.50;2013-12-01T00:00:00
8912882;547999;Humpolec;;;;;404349;Humpolec;378976;Litochleby;è.p.;1293;;;39601;684055.50;1111060.50;2013-12-01T00:00:00
8912891;547999;Humpolec;;;;;404349;Humpolec;378976;Litochleby;è.p.;1294;;;39601;684046.31;1111058.50;2013-12-01T00:00:00
8912904;547999;Humpolec;;;;;404349;Humpolec;378976;Litochleby;è.p.;1295;;;39601;684037.00;1111055.00;2013-12-01T00:00:00
8912912;547999;Humpolec;;;;;404349;Humpolec;379336;U Stadionu;è.p.;1299;;;39601;683506.94;1112715.88;2013-12-01T00:00:00
8912921;547999;Humpolec;;;;;404349;Humpolec;379336;U Stadionu;è.p.;1300;;;39601;683559.00;1112676.88;2013-12-01T00:00:00
8912939;547999;Humpolec;;;;;404349;Humpolec;378992;Luèní;è.p.;1301;;;39601;683308.75;1111272.38;2013-12-01T00:00:00
8912947;547999;Humpolec;;;;;404349;Humpolec;378992;Luèní;è.p.;1302;;;39601;683312.50;1111264.88;2013-12-01T00:00:00
8912955;547999;Humpolec;;;;;404349;Humpolec;378992;Luèní;è.p.;1303;;;39601;683314.88;1111256.13;2013-12-01T00:00:00
8912963;547999;Humpolec;;;;;404349;Humpolec;378992;Luèní;è.p.;1304;;;39601;683317.06;1111247.38;2013-12-01T00:00:00
8912971;547999;Humpolec;;;;;404349;Humpolec;378992;Luèní;è.p.;1305;;;39601;683321.00;1111237.00;2013-12-01T00:00:00
8912980;547999;Humpolec;;;;;404349;Humpolec;378992;Luèní;è.p.;1306;;;39601;683322.00;1111229.00;2013-12-01T00:00:00
8912998;547999;Humpolec;;;;;404349;Humpolec;378623;Arbesova;è.p.;1307;;;39601;683332.25;1111192.88;2013-12-01T00:00:00
8913005;547999;Humpolec;;;;;404349;Humpolec;378623;Arbesova;è.p.;1308;;;39601;683351.13;1111201.88;2013-12-01T00:00:00
8913013;547999;Humpolec;;;;;404349;Humpolec;378623;Arbesova;è.p.;1309;;;39601;683362.13;1111170.88;2013-12-01T00:00:00
8913021;547999;Humpolec;;;;;404349;Humpolec;378623;Arbesova;è.p.;1310;;;39601;683343.88;1111160.63;2013-12-01T00:00:00
8913030;547999;Humpolec;;;;;404349;Humpolec;379085;Na Závodí;è.p.;1311;;;39601;684065.31;1111355.50;2013-12-01T00:00:00
8913048;547999;Humpolec;;;;;404349;Humpolec;379051;Na Rybníèku;è.p.;1312;;;39601;684027.56;1111359.13;2013-12-01T00:00:00
8913056;547999;Humpolec;;;;;404349;Humpolec;379051;Na Rybníèku;è.p.;1313;;;39601;684086.63;1111406.38;2013-12-01T00:00:00
8913064;547999;Humpolec;;;;;404349;Humpolec;379051;Na Rybníèku;è.p.;1314;;;39601;684042.13;1111411.00;2013-12-01T00:00:00
8913072;547999;Humpolec;;;;;404349;Humpolec;379051;Na Rybníèku;è.p.;1315;;;39601;683971.69;1111391.00;2013-12-01T00:00:00
8913081;547999;Humpolec;;;;;404349;Humpolec;379051;Na Rybníèku;è.p.;1316;;;39601;683942.44;1111457.38;2013-12-01T00:00:00
8913099;547999;Humpolec;;;;;404349;Humpolec;379051;Na Rybníèku;è.p.;1317;;;39601;684006.81;1111445.50;2013-12-01T00:00:00
8913102;547999;Humpolec;;;;;404349;Humpolec;379051;Na Rybníèku;è.p.;1318;;;39601;684015.63;1111480.00;2013-12-01T00:00:00
8913111;547999;Humpolec;;;;;404349;Humpolec;379051;Na Rybníèku;è.p.;1319;;;39601;683981.75;1111514.25;2013-12-01T00:00:00
8913129;547999;Humpolec;;;;;404349;Humpolec;379051;Na Rybníèku;è.p.;1320;;;39601;684008.06;1111543.50;2013-12-01T00:00:00
8913137;547999;Humpolec;;;;;404349;Humpolec;379085;Na Závodí;è.p.;1321;;;39601;684036.88;1111572.63;2013-12-01T00:00:00
8913145;547999;Humpolec;;;;;404349;Humpolec;379051;Na Rybníèku;è.p.;1322;;;39601;684026.75;1111611.13;2013-12-01T00:00:00
8913153;547999;Humpolec;;;;;404349;Humpolec;379051;Na Rybníèku;è.p.;1323;;;39601;684006.94;1111604.63;2013-12-01T00:00:00
8913161;547999;Humpolec;;;;;404349;Humpolec;379051;Na Rybníèku;è.p.;1324;;;39601;683983.75;1111592.25;2013-12-01T00:00:00
8913170;547999;Humpolec;;;;;404349;Humpolec;379051;Na Rybníèku;è.p.;1325;;;39601;683952.06;1111561.50;2013-12-01T00:00:00
8913188;547999;Humpolec;;;;;404349;Humpolec;379051;Na Rybníèku;è.p.;1326;;;39601;683928.13;1111554.13;2013-12-01T00:00:00
8913196;547999;Humpolec;;;;;404349;Humpolec;379000;Lužická;è.p.;1327;;;39601;683892.06;1111583.63;2013-12-01T00:00:00
8913200;547999;Humpolec;;;;;404349;Humpolec;379000;Lužická;è.p.;1328;;;39601;683910.13;1111625.75;2013-12-01T00:00:00
8913218;547999;Humpolec;;;;;404349;Humpolec;378917;Kamarytova;è.p.;1329;;;39601;683962.00;1111642.00;2013-12-01T00:00:00
8913226;547999;Humpolec;;;;;404349;Humpolec;378917;Kamarytova;è.p.;1330;;;39601;683974.56;1111658.38;2013-12-01T00:00:00
8913234;547999;Humpolec;;;;;404349;Humpolec;378917;Kamarytova;è.p.;1331;;;39601;684001.94;1111667.38;2013-12-01T00:00:00
8913242;547999;Humpolec;;;;;404349;Humpolec;379000;Lužická;è.p.;1332;;;39601;683815.00;1111576.63;2013-12-01T00:00:00
8913251;547999;Humpolec;;;;;404349;Humpolec;379000;Lužická;è.p.;1333;;;39601;683798.44;1111555.88;2013-12-01T00:00:00
8913269;547999;Humpolec;;;;;404349;Humpolec;379000;Lužická;è.p.;1334;;;39601;683783.19;1111534.88;2013-12-01T00:00:00
8913277;547999;Humpolec;;;;;404349;Humpolec;379000;Lužická;è.p.;1335;;;39601;683767.69;1111514.88;2013-12-01T00:00:00
8913285;547999;Humpolec;;;;;404349;Humpolec;379310;U Kaštanu;è.p.;1336;;;39601;684766.13;1111490.00;2013-12-01T00:00:00
8913293;547999;Humpolec;;;;;404349;Humpolec;378976;Litochleby;è.p.;1337;;;39601;683997.31;1111054.63;2013-12-01T00:00:00
8913307;547999;Humpolec;;;;;404349;Humpolec;379379;Vosmíkova;è.p.;1338;;;39601;683392.88;1111847.63;2013-12-01T00:00:00
8913315;547999;Humpolec;;;;;404349;Humpolec;379221;Sluníèkova;è.p.;1339;;;39601;683384.13;1111808.88;2013-12-01T00:00:00
8913323;547999;Humpolec;;;;;404349;Humpolec;379221;Sluníèkova;è.p.;1340;;;39601;683384.13;1111801.88;2013-12-01T00:00:00
8913331;547999;Humpolec;;;;;404349;Humpolec;379221;Sluníèkova;è.p.;1341;;;39601;683377.44;1111759.63;2013-12-01T00:00:00
8913340;547999;Humpolec;;;;;404349;Humpolec;378712;Dvorská;è.p.;1342;;;39601;683368.69;1111720.25;2013-12-01T00:00:00
8913358;547999;Humpolec;;;;;404349;Humpolec;378712;Dvorská;è.p.;1343;;;39601;683350.44;1111720.63;2013-12-01T00:00:00
8913366;547999;Humpolec;;;;;404349;Humpolec;378712;Dvorská;è.p.;1344;;;39601;683329.25;1111715.13;2013-12-01T00:00:00
8913374;547999;Humpolec;;;;;404349;Humpolec;379115;Okružní;è.p.;1345;;;39601;684673.88;1112151.75;2013-12-01T00:00:00
8913382;547999;Humpolec;;;;;404349;Humpolec;378691;Dukelská;è.p.;1346;;;39601;683302.88;1111856.00;2013-12-01T00:00:00
8913391;547999;Humpolec;;;;;404349;Humpolec;378691;Dukelská;è.p.;1347;;;39601;683299.00;1111831.38;2013-12-01T00:00:00
8913404;547999;Humpolec;;;;;404349;Humpolec;378691;Dukelská;è.p.;1348;;;39601;683325.00;1111781.25;2013-12-01T00:00:00
8913412;547999;Humpolec;;;;;404349;Humpolec;378691;Dukelská;è.p.;1349;;;39601;683346.94;1111778.38;2013-12-01T00:00:00
8913421;547999;Humpolec;;;;;404349;Humpolec;378691;Dukelská;è.p.;1350;;;39601;683330.31;1111810.50;2013-12-01T00:00:00
8913439;547999;Humpolec;;;;;404349;Humpolec;378691;Dukelská;è.p.;1351;;;39601;683351.44;1111806.63;2013-12-01T00:00:00
8913447;547999;Humpolec;;;;;404349;Humpolec;378925;Komenského;è.p.;1353;;;39601;684207.88;1111848.13;2013-12-01T00:00:00
8913455;547999;Humpolec;;;;;404349;Humpolec;379085;Na Závodí;è.p.;1357;;;39601;684081.00;1111154.00;2013-12-01T00:00:00
8913463;547999;Humpolec;;;;;404349;Humpolec;378917;Kamarytova;è.p.;1358;;;39601;683961.44;1111654.25;2013-12-01T00:00:00
8913471;547999;Humpolec;;;;;404349;Humpolec;379361;V Cípku;è.p.;1359;;;39601;684032.31;1112840.75;2013-12-01T00:00:00
8913480;547999;Humpolec;;;;;404349;Humpolec;378909;Jiøická;è.p.;1360;;;39601;684528.00;1111490.13;2013-12-01T00:00:00
8913498;547999;Humpolec;;;;;404349;Humpolec;378909;Jiøická;è.p.;1361;;;39601;684537.38;1111492.88;2013-12-01T00:00:00
8913501;547999;Humpolec;;;;;404349;Humpolec;378909;Jiøická;è.p.;1362;;;39601;684545.56;1111492.88;2013-12-01T00:00:00
8913510;547999;Humpolec;;;;;404349;Humpolec;378909;Jiøická;è.p.;1363;;;39601;684555.13;1111494.75;2013-12-01T00:00:00
8913528;547999;Humpolec;;;;;404349;Humpolec;378909;Jiøická;è.p.;1364;;;39601;684563.81;1111496.00;2013-12-01T00:00:00
8913536;547999;Humpolec;;;;;404349;Humpolec;378909;Jiøická;è.p.;1365;;;39601;684572.50;1111495.25;2013-12-01T00:00:00
8913544;547999;Humpolec;;;;;404349;Humpolec;378909;Jiøická;è.p.;1366;;;39601;684582.44;1111495.75;2013-12-01T00:00:00
8913552;547999;Humpolec;;;;;404349;Humpolec;378909;Jiøická;è.p.;1367;;;39601;684589.94;1111496.00;2013-12-01T00:00:00
8913561;547999;Humpolec;;;;;404349;Humpolec;378909;Jiøická;è.p.;1368;;;39601;684598.81;1111497.13;2013-12-01T00:00:00
8913579;547999;Humpolec;;;;;404349;Humpolec;378909;Jiøická;è.p.;1369;;;39601;684608.06;1111497.38;2013-12-01T00:00:00
8913587;547999;Humpolec;;;;;404349;Humpolec;378909;Jiøická;è.p.;1370;;;39601;684616.63;1111495.88;2013-12-01T00:00:00
8913595;547999;Humpolec;;;;;404349;Humpolec;378909;Jiøická;è.p.;1371;;;39601;684637.31;1111504.38;2013-12-01T00:00:00
8913609;547999;Humpolec;;;;;404349;Humpolec;378909;Jiøická;è.p.;1372;;;39601;684646.00;1111499.13;2013-12-01T00:00:00
8913617;547999;Humpolec;;;;;404349;Humpolec;378909;Jiøická;è.p.;1373;;;39601;684655.88;1111507.50;2013-12-01T00:00:00
8913625;547999;Humpolec;;;;;404349;Humpolec;378909;Jiøická;è.p.;1374;;;39601;684663.88;1111508.75;2013-12-01T00:00:00
8913633;547999;Humpolec;;;;;404349;Humpolec;378909;Jiøická;è.p.;1375;;;39601;684672.94;1111508.75;2013-12-01T00:00:00
8913641;547999;Humpolec;;;;;404349;Humpolec;378909;Jiøická;è.p.;1376;;;39601;684681.00;1111512.25;2013-12-01T00:00:00
8913650;547999;Humpolec;;;;;404349;Humpolec;378909;Jiøická;è.p.;1377;;;39601;684690.75;1111514.13;2013-12-01T00:00:00
8913668;547999;Humpolec;;;;;404349;Humpolec;378909;Jiøická;è.p.;1378;;;39601;684699.69;1111514.50;2013-12-01T00:00:00
8913676;547999;Humpolec;;;;;404349;Humpolec;378909;Jiøická;è.p.;1379;;;39601;684706.56;1111515.38;2013-12-01T00:00:00
8913684;547999;Humpolec;;;;;404349;Humpolec;378909;Jiøická;è.p.;1380;;;39601;684714.56;1111515.00;2013-12-01T00:00:00
8913692;547999;Humpolec;;;;;404349;Humpolec;378909;Jiøická;è.p.;1381;;;39601;684724.13;1111516.38;2013-12-01T00:00:00
8913706;547999;Humpolec;;;;;404349;Humpolec;378909;Jiøická;è.p.;1382;;;39601;684577.00;1111538.25;2013-12-01T00:00:00
8913714;547999;Humpolec;;;;;404349;Humpolec;378909;Jiøická;è.p.;1383;;;39601;684583.63;1111539.13;2013-12-01T00:00:00
8913722;547999;Humpolec;;;;;404349;Humpolec;378909;Jiøická;è.p.;1384;;;39601;684590.50;1111540.38;2013-12-01T00:00:00
8913731;547999;Humpolec;;;;;404349;Humpolec;378909;Jiøická;è.p.;1385;;;39601;684598.40;1111541.16;2013-12-01T00:00:00
8913749;547999;Humpolec;;;;;404349;Humpolec;378909;Jiøická;è.p.;1386;;;39601;684606.19;1111542.63;2013-12-01T00:00:00
8913757;547999;Humpolec;;;;;404349;Humpolec;378909;Jiøická;è.p.;1387;;;39601;684611.44;1111543.63;2013-12-01T00:00:00
8913765;547999;Humpolec;;;;;404349;Humpolec;378909;Jiøická;è.p.;1388;;;39601;684618.81;1111544.25;2013-12-01T00:00:00
8913773;547999;Humpolec;;;;;404349;Humpolec;378909;Jiøická;è.p.;1389;;;39601;684628.94;1111544.13;2013-12-01T00:00:00
8913781;547999;Humpolec;;;;;404349;Humpolec;378909;Jiøická;è.p.;1390;;;39601;684637.13;1111545.25;2013-12-01T00:00:00
8913790;547999;Humpolec;;;;;404349;Humpolec;378909;Jiøická;è.p.;1391;;;39601;684643.41;1111546.38;2013-12-01T00:00:00
8913803;547999;Humpolec;;;;;404349;Humpolec;378909;Jiøická;è.p.;1392;;;39601;684650.56;1111547.50;2013-12-01T00:00:00
8913811;547999;Humpolec;;;;;404349;Humpolec;378909;Jiøická;è.p.;1393;;;39601;684655.81;1111548.00;2013-12-01T00:00:00
8913820;547999;Humpolec;;;;;404349;Humpolec;378909;Jiøická;è.p.;1394;;;39601;684663.75;1111548.50;2013-12-01T00:00:00
8913838;547999;Humpolec;;;;;404349;Humpolec;379310;U Kaštanu;è.p.;1395;;;39601;684711.56;1111550.13;2013-12-01T00:00:00
8913846;547999;Humpolec;;;;;404349;Humpolec;379310;U Kaštanu;è.p.;1396;;;39601;684709.56;1111557.88;2013-12-01T00:00:00
8913854;547999;Humpolec;;;;;404349;Humpolec;379310;U Kaštanu;è.p.;1397;;;39601;684702.31;1111563.88;2013-12-01T00:00:00
8913862;547999;Humpolec;;;;;404349;Humpolec;379310;U Kaštanu;è.p.;1398;;;39601;684697.88;1111570.13;2013-12-01T00:00:00
8913871;547999;Humpolec;;;;;404349;Humpolec;379310;U Kaštanu;è.p.;1399;;;39601;684693.56;1111577.50;2013-12-01T00:00:00
8913889;547999;Humpolec;;;;;404349;Humpolec;379310;U Kaštanu;è.p.;1400;;;39601;684690.31;1111584.25;2013-12-01T00:00:00
8913897;547999;Humpolec;;;;;404349;Humpolec;379310;U Kaštanu;è.p.;1401;;;39601;684668.25;1111604.75;2013-12-01T00:00:00
8913901;547999;Humpolec;;;;;404349;Humpolec;379310;U Kaštanu;è.p.;1402;;;39601;684663.74;1111613.97;2013-12-01T00:00:00
8913919;547999;Humpolec;;;;;404349;Humpolec;379310;U Kaštanu;è.p.;1403;;;39601;684660.56;1111618.63;2013-12-01T00:00:00
8913927;547999;Humpolec;;;;;404349;Humpolec;379310;U Kaštanu;è.p.;1404;;;39601;684655.81;1111628.38;2013-12-01T00:00:00
8913935;547999;Humpolec;;;;;404349;Humpolec;379310;U Kaštanu;è.p.;1405;;;39601;684646.81;1111634.13;2013-12-01T00:00:00
8913943;547999;Humpolec;;;;;404349;Humpolec;379310;U Kaštanu;è.p.;1406;;;39601;684643.06;1111640.13;2013-12-01T00:00:00
8913951;547999;Humpolec;;;;;404349;Humpolec;379310;U Kaštanu;è.p.;1407;;;39601;684642.00;1111648.88;2013-12-01T00:00:00
8913960;547999;Humpolec;;;;;404349;Humpolec;379310;U Kaštanu;è.p.;1408;;;39601;684638.25;1111654.88;2013-12-01T00:00:00
8913978;547999;Humpolec;;;;;404349;Humpolec;379310;U Kaštanu;è.p.;1409;;;39601;684628.69;1111659.88;2013-12-01T00:00:00
8913986;547999;Humpolec;;;;;404349;Humpolec;379310;U Kaštanu;è.p.;1410;;;39601;684627.38;1111668.50;2013-12-01T00:00:00
8913994;547999;Humpolec;;;;;404349;Humpolec;379310;U Kaštanu;è.p.;1411;;;39601;684623.44;1111675.88;2013-12-01T00:00:00
8914001;547999;Humpolec;;;;;404349;Humpolec;379310;U Kaštanu;è.p.;1412;;;39601;684602.75;1111691.88;2013-12-01T00:00:00
8914010;547999;Humpolec;;;;;404349;Humpolec;379310;U Kaštanu;è.p.;1413;;;39601;684577.91;1111701.23;2013-12-01T00:00:00
8914028;547999;Humpolec;;;;;404349;Humpolec;378909;Jiøická;è.p.;1414;;;39601;684549.81;1111703.38;2013-12-01T00:00:00
8914036;547999;Humpolec;;;;;404349;Humpolec;378909;Jiøická;è.p.;1415;;;39601;684547.88;1111674.25;2013-12-01T00:00:00
8914044;547999;Humpolec;;;;;404349;Humpolec;378909;Jiøická;è.p.;1416;;;39601;684545.00;1111652.63;2013-12-01T00:00:00
8914061;547999;Humpolec;;;;;404349;Humpolec;378909;Jiøická;è.p.;1418;;;39601;684533.13;1111607.00;2013-12-01T00:00:00
8914079;547999;Humpolec;;;;;404349;Humpolec;378909;Jiøická;è.p.;1419;;;39601;684505.00;1111604.00;2013-12-01T00:00:00
8914087;547999;Humpolec;;;;;404349;Humpolec;379069;Na Skalce;è.p.;1420;;;39601;684478.06;1111602.13;2013-12-01T00:00:00
8914095;547999;Humpolec;;;;;404349;Humpolec;378909;Jiøická;è.p.;1421;;;39601;684493.00;1111631.00;2013-12-01T00:00:00
8914109;547999;Humpolec;;;;;404349;Humpolec;378909;Jiøická;è.p.;1422;;;39601;684512.06;1111650.00;2013-12-01T00:00:00
8914117;547999;Humpolec;;;;;404349;Humpolec;378909;Jiøická;è.p.;1423;;;39601;684482.94;1111654.63;2013-12-01T00:00:00
8914125;547999;Humpolec;;;;;404349;Humpolec;378909;Jiøická;è.p.;1424;;;39601;684481.44;1111679.88;2013-12-01T00:00:00
8914133;547999;Humpolec;;;;;404349;Humpolec;378909;Jiøická;è.p.;1425;;;39601;684517.81;1111680.75;2013-12-01T00:00:00
8914141;547999;Humpolec;;;;;404349;Humpolec;378909;Jiøická;è.p.;1426;;;39601;684522.00;1111700.00;2013-12-01T00:00:00
8914150;547999;Humpolec;;;;;404349;Humpolec;379310;U Kaštanu;è.p.;1427;;;39601;684492.31;1111702.63;2013-12-01T00:00:00
8914168;547999;Humpolec;;;;;404349;Humpolec;379115;Okružní;è.p.;1429;;;39601;683965.06;1112729.50;2013-12-01T00:00:00
8914176;547999;Humpolec;;;;;404349;Humpolec;379310;U Kaštanu;è.p.;1430;;;39601;684738.25;1111574.00;2013-12-01T00:00:00
8914184;547999;Humpolec;;;;;404349;Humpolec;379310;U Kaštanu;è.p.;1431;;;39601;684739.38;1111566.00;2013-12-01T00:00:00
8914192;547999;Humpolec;;;;;404349;Humpolec;379310;U Kaštanu;è.p.;1432;;;39601;684745.81;1111562.00;2013-12-01T00:00:00
8914206;547999;Humpolec;;;;;404349;Humpolec;379310;U Kaštanu;è.p.;1433;;;39601;684744.19;1111552.75;2013-12-01T00:00:00
8914214;547999;Humpolec;;;;;404349;Humpolec;379310;U Kaštanu;è.p.;1434;;;39601;684750.25;1111547.25;2013-12-01T00:00:00
8914222;547999;Humpolec;;;;;404349;Humpolec;379310;U Kaštanu;è.p.;1435;;;39601;684749.06;1111537.75;2013-12-01T00:00:00
8914231;547999;Humpolec;;;;;404349;Humpolec;379310;U Kaštanu;è.p.;1436;;;39601;684755.31;1111533.13;2013-12-01T00:00:00
8914249;547999;Humpolec;;;;;404349;Humpolec;379310;U Kaštanu;è.p.;1437;;;39601;684756.19;1111525.13;2013-12-01T00:00:00
8914257;547999;Humpolec;;;;;404349;Humpolec;379310;U Kaštanu;è.p.;1438;;;39601;684759.31;1111519.00;2013-12-01T00:00:00
8914265;547999;Humpolec;;;;;404349;Humpolec;379310;U Kaštanu;è.p.;1439;;;39601;684759.94;1111510.75;2013-12-01T00:00:00
8914273;547999;Humpolec;;;;;404349;Humpolec;378909;Jiøická;è.p.;1440;;;39601;684540.81;1111528.75;2013-12-01T00:00:00
8914281;547999;Humpolec;;;;;404349;Humpolec;378909;Jiøická;è.p.;1441;;;39601;684540.25;1111536.88;2013-12-01T00:00:00
8914290;547999;Humpolec;;;;;404349;Humpolec;378909;Jiøická;è.p.;1442;;;39601;684538.56;1111543.75;2013-12-01T00:00:00
8914303;547999;Humpolec;;;;;404349;Humpolec;378909;Jiøická;è.p.;1443;;;39601;684536.69;1111550.75;2013-12-01T00:00:00
8914311;547999;Humpolec;;;;;404349;Humpolec;378909;Jiøická;è.p.;1444;;;39601;684536.69;1111558.63;2013-12-01T00:00:00
8914320;547999;Humpolec;;;;;404349;Humpolec;378909;Jiøická;è.p.;1445;;;39601;684536.25;1111565.88;2013-12-01T00:00:00
8914338;547999;Humpolec;;;;;404349;Humpolec;379069;Na Skalce;è.p.;1446;;;39601;684500.56;1111583.88;2013-12-01T00:00:00
8914346;547999;Humpolec;;;;;404349;Humpolec;379069;Na Skalce;è.p.;1447;;;39601;684479.13;1111568.00;2013-12-01T00:00:00
8914354;547999;Humpolec;;;;;404349;Humpolec;379310;U Kaštanu;è.p.;1448;;;39601;684489.31;1111742.75;2013-12-01T00:00:00
8914362;547999;Humpolec;;;;;404349;Humpolec;378771;Hálkova;è.p.;1449;;;39601;683909.54;1112640.98;2022-10-23T00:00:00
8914371;547999;Humpolec;;;;;404349;Humpolec;378739;Fügnerova;è.p.;1450;;;39601;684227.88;1112780.75;2013-12-01T00:00:00
8914389;547999;Humpolec;;;;;404349;Humpolec;378739;Fügnerova;è.p.;1451;;;39601;684236.44;1112800.63;2013-12-01T00:00:00
8914397;547999;Humpolec;;;;;404349;Humpolec;379361;V Cípku;è.p.;1452;;;39601;684269.95;1112790.86;2022-10-23T00:00:00
8914401;547999;Humpolec;;;;;404349;Humpolec;379361;V Cípku;è.p.;1453;;;39601;684278.13;1112787.50;2013-12-01T00:00:00
8914419;547999;Humpolec;;;;;404349;Humpolec;379361;V Cípku;è.p.;1454;;;39601;684285.56;1112784.63;2013-12-01T00:00:00
8914427;547999;Humpolec;;;;;404349;Humpolec;379361;V Cípku;è.p.;1455;;;39601;684293.31;1112782.38;2013-12-01T00:00:00
8914435;547999;Humpolec;;;;;404349;Humpolec;379361;V Cípku;è.p.;1456;;;39601;684304.75;1112780.00;2013-12-01T00:00:00
8914443;547999;Humpolec;;;;;404349;Humpolec;379361;V Cípku;è.p.;1457;;;39601;684310.25;1112775.63;2013-12-01T00:00:00
8914451;547999;Humpolec;;;;;404349;Humpolec;379361;V Cípku;è.p.;1458;;;39601;684319.50;1112772.25;2013-12-01T00:00:00
8914460;547999;Humpolec;;;;;404349;Humpolec;379361;V Cípku;è.p.;1459;;;39601;684292.06;1112821.88;2013-12-01T00:00:00
8914478;547999;Humpolec;;;;;404349;Humpolec;379361;V Cípku;è.p.;1460;;;39601;684297.81;1112821.38;2013-12-01T00:00:00
8914486;547999;Humpolec;;;;;404349;Humpolec;379361;V Cípku;è.p.;1461;;;39601;684306.13;1112817.00;2013-12-01T00:00:00
8914494;547999;Humpolec;;;;;404349;Humpolec;379361;V Cípku;è.p.;1462;;;39601;684314.56;1112813.75;2013-12-01T00:00:00
8914508;547999;Humpolec;;;;;404349;Humpolec;379361;V Cípku;è.p.;1463;;;39601;684328.02;1112809.44;2013-12-01T00:00:00
8914516;547999;Humpolec;;;;;404349;Humpolec;379361;V Cípku;è.p.;1464;;;39601;684331.00;1112803.50;2013-12-01T00:00:00
8914532;547999;Humpolec;;;;;404349;Humpolec;379476;Sadová;è.p.;1466;;;39601;684261.31;1112829.00;2013-12-01T00:00:00
8914541;547999;Humpolec;;;;;404349;Humpolec;379476;Sadová;è.p.;1467;;;39601;684266.69;1112837.63;2013-12-01T00:00:00
8914559;547999;Humpolec;;;;;404349;Humpolec;379476;Sadová;è.p.;1468;;;39601;684273.06;1112846.13;2013-12-01T00:00:00
8914567;547999;Humpolec;;;;;404349;Humpolec;379476;Sadová;è.p.;1469;;;39601;684277.44;1112852.63;2013-12-01T00:00:00
8914575;547999;Humpolec;;;;;404349;Humpolec;379476;Sadová;è.p.;1470;;;39601;684281.13;1112859.75;2013-12-01T00:00:00
8914583;547999;Humpolec;;;;;404349;Humpolec;379476;Sadová;è.p.;1471;;;39601;684284.56;1112868.00;2013-12-01T00:00:00
8914591;547999;Humpolec;;;;;404349;Humpolec;379476;Sadová;è.p.;1472;;;39601;684290.06;1112875.00;2013-12-01T00:00:00
8914605;547999;Humpolec;;;;;404349;Humpolec;379476;Sadová;è.p.;1473;;;39601;684296.47;1112879.41;2013-12-01T00:00:00
8914613;547999;Humpolec;;;;;404349;Humpolec;379476;Sadová;è.p.;1474;;;39601;684300.13;1112887.25;2013-12-01T00:00:00
8914621;547999;Humpolec;;;;;404349;Humpolec;379433;Lesní;è.p.;1479;;;39601;684268.13;1112895.88;2013-12-01T00:00:00
8914630;547999;Humpolec;;;;;404349;Humpolec;379433;Lesní;è.p.;1480;;;39601;684249.63;1112902.25;2013-12-01T00:00:00
8914648;547999;Humpolec;;;;;404349;Humpolec;379433;Lesní;è.p.;1481;;;39601;684262.25;1112930.25;2013-12-01T00:00:00
8914656;547999;Humpolec;;;;;404349;Humpolec;379433;Lesní;è.p.;1482;;;39601;684281.50;1112923.88;2013-12-01T00:00:00
8914664;547999;Humpolec;;;;;404349;Humpolec;379433;Lesní;è.p.;1483;;;39601;684299.00;1112914.00;2013-12-01T00:00:00
8914672;547999;Humpolec;;;;;404349;Humpolec;379433;Lesní;è.p.;1484;;;39601;684311.38;1112910.88;2013-12-01T00:00:00
8914681;547999;Humpolec;;;;;404349;Humpolec;379441;Na Houpaèkách;è.p.;1485;;;39601;684329.06;1112928.88;2013-12-01T00:00:00
8914699;547999;Humpolec;;;;;404349;Humpolec;379441;Na Houpaèkách;è.p.;1486;;;39601;684309.31;1112936.00;2013-12-01T00:00:00
8914702;547999;Humpolec;;;;;404349;Humpolec;379441;Na Houpaèkách;è.p.;1487;;;39601;684293.94;1112942.88;2013-12-01T00:00:00
8914711;547999;Humpolec;;;;;404349;Humpolec;379441;Na Houpaèkách;è.p.;1488;;;39601;684274.31;1112949.38;2013-12-01T00:00:00
8914737;547999;Humpolec;;;;;404349;Humpolec;379441;Na Houpaèkách;è.p.;1490;;;39601;684309.88;1112973.13;2013-12-01T00:00:00
8914761;547999;Humpolec;;;;;404349;Humpolec;379468;Pod Tratí;è.p.;1493;;;39601;684354.24;1112982.31;2013-12-01T00:00:00
8914788;547999;Humpolec;;;;;404349;Humpolec;379468;Pod Tratí;è.p.;1495;;;39601;684318.25;1112992.38;2013-12-01T00:00:00
8914800;547999;Humpolec;;;;;404349;Humpolec;379476;Sadová;è.p.;1497;;;39601;684377.50;1112957.63;2013-12-01T00:00:00
8914826;547999;Humpolec;;;;;404349;Humpolec;379174;Podhrad;è.p.;1521;;;39601;683156.63;1112042.75;2013-12-01T00:00:00
8914834;547999;Humpolec;;;;;404349;Humpolec;379182;Pøíèná;è.p.;1525;;;39601;683673.31;1112105.13;2013-12-01T00:00:00
8914842;547999;Humpolec;;;;;404349;Humpolec;379239;Smetanova;è.p.;1526;;;39601;683994.50;1111991.38;2013-12-01T00:00:00
8914851;547999;Humpolec;;;;;404349;Humpolec;379361;V Cípku;è.p.;1530;;;39601;684071.31;1112837.50;2013-12-01T00:00:00
8914869;547999;Humpolec;;;;;404349;Humpolec;378828;Hradská;è.p.;1535;;;39601;683540.63;1111945.75;2013-12-01T00:00:00
8914877;547999;Humpolec;;;;;404349;Humpolec;379000;Lužická;è.p.;1536;;;39601;683872.00;1111489.88;2013-12-01T00:00:00
8914885;547999;Humpolec;;;;;404349;Humpolec;379484;Spojovací;è.p.;1538;;;39601;683785.00;1111355.00;2013-12-01T00:00:00
8914893;547999;Humpolec;;;;;404349;Humpolec;379484;Spojovací;è.p.;1539;;;39601;683816.63;1111350.67;2013-12-01T00:00:00
8914907;547999;Humpolec;;;;;404349;Humpolec;378607;5. kvìtna;è.p.;1540;;;39601;683231.81;1112414.13;2013-12-01T00:00:00
8914915;547999;Humpolec;;;;;404349;Humpolec;379409;Pražská;è.ev.;1;;;39601;685062.49;1111759.59;2013-12-12T00:00:00
8914931;547999;Humpolec;;;;;404349;Humpolec;379409;Pražská;è.ev.;2;;;39601;685059.13;1111759.17;2013-12-01T00:00:00
8914966;547999;Humpolec;;;;;404349;Humpolec;379409;Pražská;è.ev.;4;;;39601;685052.96;1111758.05;2013-12-01T00:00:00
8914974;547999;Humpolec;;;;;404349;Humpolec;379409;Pražská;è.ev.;5;;;39601;685049.43;1111761.33;2013-12-01T00:00:00
8914982;547999;Humpolec;;;;;404349;Humpolec;379409;Pražská;è.ev.;6;;;39601;685046.91;1111758.01;2013-12-01T00:00:00
8914991;547999;Humpolec;;;;;404349;Humpolec;379409;Pražská;è.ev.;7;;;39601;685043.38;1111758.05;2013-12-01T00:00:00
8915008;547999;Humpolec;;;;;404349;Humpolec;379409;Pražská;è.ev.;8;;;39601;685040.38;1111757.54;2013-12-01T00:00:00
8915016;547999;Humpolec;;;;;404349;Humpolec;379409;Pražská;è.ev.;9;;;39601;685037.41;1111757.77;2013-12-01T00:00:00
8915024;547999;Humpolec;;;;;404349;Humpolec;379409;Pražská;è.ev.;10;;;39601;685034.47;1111757.67;2013-12-01T00:00:00
8915032;547999;Humpolec;;;;;404349;Humpolec;379409;Pražská;è.ev.;11;;;39601;685030.82;1111759.45;2013-12-01T00:00:00
8915041;547999;Humpolec;;;;;404349;Humpolec;379409;Pražská;è.ev.;12;;;39601;685028.32;1111756.34;2013-12-01T00:00:00
8915059;547999;Humpolec;;;;;404349;Humpolec;379409;Pražská;è.ev.;13;;;39601;685025.29;1111755.98;2013-12-01T00:00:00
8915067;547999;Humpolec;;;;;404349;Humpolec;379409;Pražská;è.ev.;14;;;39601;685022.42;1111755.48;2013-12-01T00:00:00
8915075;547999;Humpolec;;;;;404349;Humpolec;379409;Pražská;è.ev.;15;;;39601;685019.39;1111755.33;2013-12-01T00:00:00
8915083;547999;Humpolec;;;;;404349;Humpolec;379409;Pražská;è.ev.;16;;;39601;685016.00;1111755.00;2013-12-01T00:00:00
8915091;547999;Humpolec;;;;;404349;Humpolec;379409;Pražská;è.ev.;17;;;39601;685013.43;1111754.55;2013-12-01T00:00:00
8915105;547999;Humpolec;;;;;404349;Humpolec;379409;Pražská;è.ev.;18;;;39601;685010.14;1111754.91;2013-12-12T00:00:00
8915113;547999;Humpolec;;;;;404349;Humpolec;379409;Pražská;è.ev.;19;;;39601;685008.07;1111771.27;2013-12-01T00:00:00
8915121;547999;Humpolec;;;;;404349;Humpolec;379409;Pražská;è.ev.;20;;;39601;685010.89;1111769.37;2013-12-01T00:00:00
8915130;547999;Humpolec;;;;;404349;Humpolec;379409;Pražská;è.ev.;21;;;39601;685013.70;1111771.90;2013-12-01T00:00:00
8915148;547999;Humpolec;;;;;404349;Humpolec;379409;Pražská;è.ev.;22;;;39601;685017.15;1111769.94;2013-12-01T00:00:00
8915156;547999;Humpolec;;;;;404349;Humpolec;379409;Pražská;è.ev.;23;;;39601;685019.97;1111772.21;2013-12-01T00:00:00
8915164;547999;Humpolec;;;;;404349;Humpolec;379409;Pražská;è.ev.;24;;;39601;685023.14;1111770.27;2013-12-01T00:00:00
8915172;547999;Humpolec;;;;;404349;Humpolec;379409;Pražská;è.ev.;25;;;39601;685025.81;1111773.17;2013-12-01T00:00:00
8915181;547999;Humpolec;;;;;404349;Humpolec;379409;Pražská;è.ev.;26;;;39601;685028.25;1111770.81;2013-12-01T00:00:00
8915199;547999;Humpolec;;;;;404349;Humpolec;379409;Pražská;è.ev.;27;;;39601;685031.16;1111773.75;2013-12-12T00:00:00
8915202;547999;Humpolec;;;;;404349;Humpolec;379409;Pražská;è.ev.;28;;;39601;685034.01;1111772.92;2013-12-01T00:00:00
8915211;547999;Humpolec;;;;;404349;Humpolec;379409;Pražská;è.ev.;29;;;39601;685036.99;1111773.61;2013-12-01T00:00:00
8915229;547999;Humpolec;;;;;404349;Humpolec;379409;Pražská;è.ev.;30;;;39601;685040.19;1111774.38;2013-12-01T00:00:00
8915237;547999;Humpolec;;;;;404349;Humpolec;379409;Pražská;è.ev.;31;;;39601;685039.54;1111780.48;2013-12-01T00:00:00
8915245;547999;Humpolec;;;;;404349;Humpolec;379409;Pražská;è.ev.;32;;;39601;685036.34;1111780.84;2013-12-16T00:00:00
8915253;547999;Humpolec;;;;;404349;Humpolec;379409;Pražská;è.ev.;33;;;39601;685033.37;1111780.82;2013-12-01T00:00:00
8915261;547999;Humpolec;;;;;404349;Humpolec;379409;Pražská;è.ev.;34;;;39601;685030.39;1111780.45;2013-12-01T00:00:00
8915270;547999;Humpolec;;;;;404349;Humpolec;379409;Pražská;è.ev.;35;;;39601;685028.37;1111777.28;2013-12-01T00:00:00
8915288;547999;Humpolec;;;;;404349;Humpolec;379409;Pražská;è.ev.;36;;;39601;685025.12;1111780.84;2013-12-01T00:00:00
8915296;547999;Humpolec;;;;;404349;Humpolec;379409;Pražská;è.ev.;37;;;39601;685022.25;1111776.62;2013-12-01T00:00:00
8915300;547999;Humpolec;;;;;404349;Humpolec;379409;Pražská;è.ev.;38;;;39601;685019.06;1111780.15;2013-12-01T00:00:00
8915318;547999;Humpolec;;;;;404349;Humpolec;379409;Pražská;è.ev.;39;;;39601;685016.19;1111776.05;2013-12-01T00:00:00
8915326;547999;Humpolec;;;;;404349;Humpolec;379409;Pražská;è.ev.;40;;;39601;685013.11;1111779.65;2013-12-01T00:00:00
8915334;547999;Humpolec;;;;;404349;Humpolec;379409;Pražská;è.ev.;41;;;39601;685010.41;1111775.60;2013-12-01T00:00:00
8915342;547999;Humpolec;;;;;404349;Humpolec;379409;Pražská;è.ev.;42;;;39601;685007.09;1111779.04;2013-12-01T00:00:00
8915351;547999;Humpolec;;;;;404349;Humpolec;379409;Pražská;è.ev.;43;;;39601;685005.82;1111791.01;2013-12-01T00:00:00
8915369;547999;Humpolec;;;;;404349;Humpolec;379409;Pražská;è.ev.;44;;;39601;685008.69;1111794.31;2013-12-01T00:00:00
8915377;547999;Humpolec;;;;;404349;Humpolec;379409;Pražská;è.ev.;45;;;39601;685012.00;1111791.81;2013-12-01T00:00:00
8915385;547999;Humpolec;;;;;404349;Humpolec;379409;Pražská;è.ev.;46;;;39601;685014.63;1111795.05;2013-12-01T00:00:00
8915393;547999;Humpolec;;;;;404349;Humpolec;379409;Pražská;è.ev.;47;;;39601;685017.90;1111792.26;2013-12-01T00:00:00
8915407;547999;Humpolec;;;;;404349;Humpolec;379409;Pražská;è.ev.;48;;;39601;685020.61;1111795.70;2013-12-01T00:00:00
8915415;547999;Humpolec;;;;;404349;Humpolec;379409;Pražská;è.ev.;49;;;39601;685024.01;1111792.50;2013-12-01T00:00:00
8915423;547999;Humpolec;;;;;404349;Humpolec;379409;Pražská;è.ev.;50;;;39601;685026.60;1111796.44;2013-12-01T00:00:00
8915431;547999;Humpolec;;;;;404349;Humpolec;379409;Pražská;è.ev.;51;;;39601;685029.95;1111792.91;2013-12-01T00:00:00
8915440;547999;Humpolec;;;;;404349;Humpolec;379409;Pražská;è.ev.;52;;;39601;685032.70;1111796.97;2013-12-01T00:00:00
8915458;547999;Humpolec;;;;;404349;Humpolec;379409;Pražská;è.ev.;53;;;39601;685032.08;1111803.73;2013-12-01T00:00:00
8915466;547999;Humpolec;;;;;404349;Humpolec;379409;Pražská;è.ev.;54;;;39601;685029.34;1111799.30;2013-12-01T00:00:00
8915474;547999;Humpolec;;;;;404349;Humpolec;379409;Pražská;è.ev.;55;;;39601;685026.18;1111803.03;2013-12-01T00:00:00
8915482;547999;Humpolec;;;;;404349;Humpolec;379409;Pražská;è.ev.;56;;;39601;685023.48;1111798.69;2013-12-01T00:00:00
8915491;547999;Humpolec;;;;;404349;Humpolec;379409;Pražská;è.ev.;57;;;39601;685020.07;1111802.54;2013-12-01T00:00:00
8915504;547999;Humpolec;;;;;404349;Humpolec;379409;Pražská;è.ev.;58;;;39601;685017.16;1111799.93;2013-12-01T00:00:00
8915512;547999;Humpolec;;;;;404349;Humpolec;379409;Pražská;è.ev.;59;;;39601;685013.97;1111801.80;2013-12-01T00:00:00
8915521;547999;Humpolec;;;;;404349;Humpolec;379409;Pražská;è.ev.;60;;;39601;685011.51;1111797.58;2013-12-01T00:00:00
8915539;547999;Humpolec;;;;;404349;Humpolec;379409;Pražská;è.ev.;61;;;39601;685008.15;1111801.01;2013-12-01T00:00:00
8915547;547999;Humpolec;;;;;404349;Humpolec;379409;Pražská;è.ev.;62;;;39601;685005.32;1111797.05;2013-12-01T00:00:00
8915555;547999;Humpolec;;;;;404349;Humpolec;379085;Na Závodí;è.ev.;63;;;39601;684185.44;1111235.80;2013-12-01T00:00:00
8915563;547999;Humpolec;;;;;404349;Humpolec;379085;Na Závodí;è.ev.;64;;;39601;684182.44;1111235.83;2013-12-01T00:00:00
8915571;547999;Humpolec;;;;;404349;Humpolec;379085;Na Závodí;è.ev.;65;;;39601;684179.07;1111236.38;2013-12-01T00:00:00
8915580;547999;Humpolec;;;;;404349;Humpolec;379085;Na Závodí;è.ev.;66;;;39601;684175.88;1111236.54;2013-12-01T00:00:00
8915598;547999;Humpolec;;;;;404349;Humpolec;379085;Na Závodí;è.ev.;67;;;39601;684173.21;1111239.54;2013-12-12T00:00:00
8915601;547999;Humpolec;;;;;404349;Humpolec;379085;Na Závodí;è.ev.;68;;;39601;684170.36;1111238.76;2013-12-01T00:00:00
8915610;547999;Humpolec;;;;;404349;Humpolec;379085;Na Závodí;è.ev.;69;;;39601;684167.31;1111238.86;2013-12-01T00:00:00
8915628;547999;Humpolec;;;;;404349;Humpolec;379085;Na Závodí;è.ev.;70;;;39601;684164.17;1111238.75;2013-12-01T00:00:00
8915636;547999;Humpolec;;;;;404349;Humpolec;379085;Na Závodí;è.ev.;71;;;39601;684161.06;1111238.91;2013-12-01T00:00:00
8915644;547999;Humpolec;;;;;404349;Humpolec;379085;Na Závodí;è.ev.;72;;;39601;684157.97;1111239.15;2013-12-01T00:00:00
8915652;547999;Humpolec;;;;;404349;Humpolec;379085;Na Závodí;è.ev.;73;;;39601;684154.71;1111239.58;2013-12-01T00:00:00
8915661;547999;Humpolec;;;;;404349;Humpolec;379085;Na Závodí;è.ev.;74;;;39601;684151.58;1111239.48;2013-12-01T00:00:00
8915679;547999;Humpolec;;;;;404349;Humpolec;379085;Na Závodí;è.ev.;75;;;39601;684148.48;1111239.93;2013-12-01T00:00:00
8915687;547999;Humpolec;;;;;404349;Humpolec;379085;Na Závodí;è.ev.;76;;;39601;684145.60;1111239.99;2013-12-01T00:00:00
8915695;547999;Humpolec;;;;;404349;Humpolec;379085;Na Závodí;è.ev.;77;;;39601;684142.58;1111240.04;2013-12-01T00:00:00
8915709;547999;Humpolec;;;;;404349;Humpolec;379085;Na Závodí;è.ev.;78;;;39601;684139.36;1111239.97;2013-12-01T00:00:00
8915717;547999;Humpolec;;;;;404349;Humpolec;379085;Na Závodí;è.ev.;79;;;39601;684135.56;1111239.62;2013-12-01T00:00:00
8915725;547999;Humpolec;;;;;404349;Humpolec;379085;Na Závodí;è.ev.;80;;;39601;684133.45;1111240.34;2013-12-01T00:00:00
8915733;547999;Humpolec;;;;;404349;Humpolec;379085;Na Závodí;è.ev.;81;;;39601;684129.68;1111239.96;2013-12-01T00:00:00
8915741;547999;Humpolec;;;;;404349;Humpolec;379085;Na Závodí;è.ev.;82;;;39601;684127.41;1111240.66;2013-12-01T00:00:00
8915750;547999;Humpolec;;;;;404349;Humpolec;379085;Na Závodí;è.ev.;83;;;39601;684124.32;1111240.32;2013-12-01T00:00:00
8915768;547999;Humpolec;;;;;404349;Humpolec;379085;Na Závodí;è.ev.;84;;;39601;684120.92;1111240.31;2013-12-01T00:00:00
8915776;547999;Humpolec;;;;;404349;Humpolec;379085;Na Závodí;è.ev.;85;;;39601;684174.12;1111253.68;2013-12-12T00:00:00
8915784;547999;Humpolec;;;;;404349;Humpolec;379085;Na Závodí;è.ev.;86;;;39601;684170.46;1111254.26;2013-12-01T00:00:00
8915792;547999;Humpolec;;;;;404349;Humpolec;379085;Na Závodí;è.ev.;87;;;39601;684167.93;1111255.10;2013-12-01T00:00:00
8915806;547999;Humpolec;;;;;404349;Humpolec;379085;Na Závodí;è.ev.;88;;;39601;684164.70;1111254.72;2013-12-01T00:00:00
8915814;547999;Humpolec;;;;;404349;Humpolec;379085;Na Závodí;è.ev.;89;;;39601;684161.75;1111254.73;2013-12-01T00:00:00
8915822;547999;Humpolec;;;;;404349;Humpolec;379085;Na Závodí;è.ev.;90;;;39601;684158.85;1111254.75;2013-12-01T00:00:00
8915831;547999;Humpolec;;;;;404349;Humpolec;379085;Na Závodí;è.ev.;91;;;39601;684155.49;1111255.08;2013-12-01T00:00:00
8915849;547999;Humpolec;;;;;404349;Humpolec;379085;Na Závodí;è.ev.;92;;;39601;684152.57;1111255.23;2013-12-01T00:00:00
8915857;547999;Humpolec;;;;;404349;Humpolec;379085;Na Závodí;è.ev.;93;;;39601;684148.58;1111255.35;2013-12-01T00:00:00
8915865;547999;Humpolec;;;;;404349;Humpolec;379085;Na Závodí;è.ev.;94;;;39601;684146.30;1111254.99;2013-12-01T00:00:00
8915873;547999;Humpolec;;;;;404349;Humpolec;379085;Na Závodí;è.ev.;95;;;39601;684143.18;1111254.94;2013-12-01T00:00:00
8915881;547999;Humpolec;;;;;404349;Humpolec;379085;Na Závodí;è.ev.;96;;;39601;684139.18;1111256.26;2013-12-01T00:00:00
8915890;547999;Humpolec;;;;;404349;Humpolec;379085;Na Závodí;è.ev.;97;;;39601;684137.12;1111255.36;2013-12-01T00:00:00
8915903;547999;Humpolec;;;;;404349;Humpolec;379085;Na Závodí;è.ev.;98;;;39601;684133.66;1111256.43;2013-12-01T00:00:00
8915911;547999;Humpolec;;;;;404349;Humpolec;379085;Na Závodí;è.ev.;99;;;39601;684130.60;1111256.36;2013-12-01T00:00:00
8915920;547999;Humpolec;;;;;404349;Humpolec;379085;Na Závodí;è.ev.;100;;;39601;684128.40;1111255.66;2013-12-01T00:00:00
8915938;547999;Humpolec;;;;;404349;Humpolec;379085;Na Závodí;è.ev.;101;;;39601;684125.20;1111254.60;2013-12-11T00:00:00
8915946;547999;Humpolec;;;;;404349;Humpolec;379085;Na Závodí;è.ev.;102;;;39601;684121.27;1111256.85;2013-12-01T00:00:00
8915954;547999;Humpolec;;;;;404349;Humpolec;379085;Na Závodí;è.ev.;103;;;39601;684119.27;1111256.08;2013-12-11T00:00:00
8915962;547999;Humpolec;;;;;404349;Humpolec;379085;Na Závodí;è.ev.;104;;;39601;684116.41;1111257.65;2014-09-15T00:00:00
8915971;547999;Humpolec;;;;;404349;Humpolec;379085;Na Závodí;è.ev.;105;;;39601;684113.28;1111256.50;2013-12-01T00:00:00
8915989;547999;Humpolec;;;;;404349;Humpolec;379085;Na Závodí;è.ev.;106;;;39601;684109.00;1111257.00;2013-12-01T00:00:00
8915997;547999;Humpolec;;;;;404349;Humpolec;379085;Na Závodí;è.ev.;107;;;39601;684106.34;1111257.48;2013-12-01T00:00:00
8916004;547999;Humpolec;;;;;404349;Humpolec;379085;Na Závodí;è.ev.;108;;;39601;684104.36;1111257.13;2013-12-01T00:00:00
8916012;547999;Humpolec;;;;;404349;Humpolec;379085;Na Závodí;è.ev.;109;;;39601;684100.42;1111257.94;2013-12-01T00:00:00
8916021;547999;Humpolec;;;;;404349;Humpolec;379085;Na Závodí;è.ev.;110;;;39601;684098.24;1111257.14;2013-12-11T00:00:00
8916039;547999;Humpolec;;;;;404349;Humpolec;379085;Na Závodí;è.ev.;111;;;39601;684095.38;1111257.36;2013-12-01T00:00:00
8916047;547999;Humpolec;;;;;404349;Humpolec;379085;Na Závodí;è.ev.;112;;;39601;684092.52;1111257.83;2013-12-01T00:00:00
8916055;547999;Humpolec;;;;;404349;Humpolec;379085;Na Závodí;è.ev.;113;;;39601;684089.32;1111257.44;2013-12-01T00:00:00
8916063;547999;Humpolec;;;;;404349;Humpolec;379085;Na Závodí;è.ev.;114;;;39601;684086.24;1111257.25;2013-12-11T00:00:00
8916071;547999;Humpolec;;;;;404349;Humpolec;379085;Na Závodí;è.ev.;115;;;39601;684083.50;1111257.98;2013-12-01T00:00:00
8916080;547999;Humpolec;;;;;404349;Humpolec;379085;Na Závodí;è.ev.;116;;;39601;684079.34;1111259.11;2013-12-01T00:00:00
8916098;547999;Humpolec;;;;;404349;Humpolec;379085;Na Závodí;è.ev.;117;;;39601;684186.33;1111261.51;2013-12-11T00:00:00
8916101;547999;Humpolec;;;;;404349;Humpolec;379085;Na Závodí;è.ev.;118;;;39601;684183.66;1111262.67;2022-10-23T00:00:00
8916110;547999;Humpolec;;;;;404349;Humpolec;379085;Na Závodí;è.ev.;119;;;39601;684180.44;1111259.75;2013-12-01T00:00:00
8916128;547999;Humpolec;;;;;404349;Humpolec;379085;Na Závodí;è.ev.;120;;;39601;684178.00;1111261.00;2013-12-01T00:00:00
8916136;547999;Humpolec;;;;;404349;Humpolec;379085;Na Závodí;è.ev.;121;;;39601;684174.17;1111261.08;2013-12-01T00:00:00
8916144;547999;Humpolec;;;;;404349;Humpolec;379085;Na Závodí;è.ev.;122;;;39601;684171.14;1111261.30;2013-12-01T00:00:00
8916152;547999;Humpolec;;;;;404349;Humpolec;379085;Na Závodí;è.ev.;123;;;39601;684169.00;1111261.00;2013-12-01T00:00:00
8916161;547999;Humpolec;;;;;404349;Humpolec;379085;Na Závodí;è.ev.;124;;;39601;684164.96;1111261.72;2013-12-01T00:00:00
8916179;547999;Humpolec;;;;;404349;Humpolec;379085;Na Závodí;è.ev.;125;;;39601;684161.86;1111261.61;2013-12-01T00:00:00
8916187;547999;Humpolec;;;;;404349;Humpolec;379085;Na Závodí;è.ev.;126;;;39601;684158.97;1111261.36;2013-12-01T00:00:00
8916195;547999;Humpolec;;;;;404349;Humpolec;379085;Na Závodí;è.ev.;127;;;39601;684155.80;1111262.36;2013-12-01T00:00:00
8916209;547999;Humpolec;;;;;404349;Humpolec;379085;Na Závodí;è.ev.;128;;;39601;684153.00;1111261.00;2013-12-01T00:00:00
8916217;547999;Humpolec;;;;;404349;Humpolec;379085;Na Závodí;è.ev.;129;;;39601;684148.69;1111262.15;2013-12-01T00:00:00
8916225;547999;Humpolec;;;;;404349;Humpolec;379085;Na Závodí;è.ev.;130;;;39601;684146.61;1111264.26;2013-12-01T00:00:00
8916233;547999;Humpolec;;;;;404349;Humpolec;379085;Na Závodí;è.ev.;131;;;39601;684143.55;1111264.14;2013-12-01T00:00:00
8916241;547999;Humpolec;;;;;404349;Humpolec;379085;Na Závodí;è.ev.;132;;;39601;684140.69;1111262.96;2013-12-01T00:00:00
8916250;547999;Humpolec;;;;;404349;Humpolec;379085;Na Závodí;è.ev.;133;;;39601;684136.84;1111262.62;2013-12-01T00:00:00
8916268;547999;Humpolec;;;;;404349;Humpolec;379085;Na Závodí;è.ev.;134;;;39601;684134.76;1111263.17;2013-12-01T00:00:00
8916276;547999;Humpolec;;;;;404349;Humpolec;379085;Na Závodí;è.ev.;135;;;39601;684131.76;1111263.59;2013-12-01T00:00:00
8916284;547999;Humpolec;;;;;404349;Humpolec;379085;Na Závodí;è.ev.;136;;;39601;684128.57;1111263.20;2013-12-01T00:00:00
8916292;547999;Humpolec;;;;;404349;Humpolec;379085;Na Závodí;è.ev.;137;;;39601;684125.71;1111263.67;2013-12-01T00:00:00
8916306;547999;Humpolec;;;;;404349;Humpolec;379085;Na Závodí;è.ev.;138;;;39601;684122.85;1111263.74;2013-12-01T00:00:00
8916314;547999;Humpolec;;;;;404349;Humpolec;379085;Na Závodí;è.ev.;139;;;39601;684120.00;1111263.00;2013-12-01T00:00:00
8916322;547999;Humpolec;;;;;404349;Humpolec;379085;Na Závodí;è.ev.;140;;;39601;684116.79;1111264.03;2013-12-01T00:00:00
8916331;547999;Humpolec;;;;;404349;Humpolec;379085;Na Závodí;è.ev.;141;;;39601;684113.66;1111264.10;2013-12-11T00:00:00
8916349;547999;Humpolec;;;;;404349;Humpolec;379085;Na Závodí;è.ev.;142;;;39601;684110.86;1111264.97;2013-12-11T00:00:00
8916357;547999;Humpolec;;;;;404349;Humpolec;379085;Na Závodí;è.ev.;143;;;39601;684106.70;1111264.06;2013-12-01T00:00:00
8916365;547999;Humpolec;;;;;404349;Humpolec;379085;Na Závodí;è.ev.;144;;;39601;684104.68;1111264.73;2013-12-01T00:00:00
8916373;547999;Humpolec;;;;;404349;Humpolec;379085;Na Závodí;è.ev.;145;;;39601;684101.68;1111265.01;2013-12-01T00:00:00
8916381;547999;Humpolec;;;;;404349;Humpolec;379085;Na Závodí;è.ev.;146;;;39601;684097.73;1111264.46;2013-12-01T00:00:00
8916390;547999;Humpolec;;;;;404349;Humpolec;379085;Na Závodí;è.ev.;147;;;39601;684095.95;1111265.23;2013-12-01T00:00:00
8916403;547999;Humpolec;;;;;404349;Humpolec;379085;Na Závodí;è.ev.;148;;;39601;684092.55;1111265.05;2013-12-01T00:00:00
8916411;547999;Humpolec;;;;;404349;Humpolec;379085;Na Závodí;è.ev.;149;;;39601;684089.66;1111265.20;2013-12-01T00:00:00
8916420;547999;Humpolec;;;;;404349;Humpolec;379085;Na Závodí;è.ev.;150;;;39601;684085.70;1111265.14;2013-12-01T00:00:00
8916438;547999;Humpolec;;;;;404349;Humpolec;379085;Na Závodí;è.ev.;151;;;39601;684082.92;1111265.27;2013-12-01T00:00:00
8916446;547999;Humpolec;;;;;404349;Humpolec;379085;Na Závodí;è.ev.;152;;;39601;684153.71;1111278.04;2013-12-01T00:00:00
8916454;547999;Humpolec;;;;;404349;Humpolec;379085;Na Závodí;è.ev.;153;;;39601;684150.01;1111279.05;2013-12-01T00:00:00
8916462;547999;Humpolec;;;;;404349;Humpolec;379085;Na Závodí;è.ev.;154;;;39601;684147.31;1111279.39;2013-12-01T00:00:00
8916471;547999;Humpolec;;;;;404349;Humpolec;379085;Na Závodí;è.ev.;155;;;39601;684144.52;1111278.42;2013-12-01T00:00:00
8916489;547999;Humpolec;;;;;404349;Humpolec;379085;Na Závodí;è.ev.;156;;;39601;684140.76;1111279.85;2013-12-01T00:00:00
8916497;547999;Humpolec;;;;;404349;Humpolec;379085;Na Závodí;è.ev.;157;;;39601;684138.11;1111278.64;2013-12-01T00:00:00
8916501;547999;Humpolec;;;;;404349;Humpolec;379085;Na Závodí;è.ev.;158;;;39601;684135.17;1111278.39;2013-12-01T00:00:00
8916519;547999;Humpolec;;;;;404349;Humpolec;379085;Na Závodí;è.ev.;159;;;39601;684132.17;1111278.80;2013-12-01T00:00:00
8916527;547999;Humpolec;;;;;404349;Humpolec;379085;Na Závodí;è.ev.;160;;;39601;684129.10;1111278.88;2013-12-01T00:00:00
8916535;547999;Humpolec;;;;;404349;Humpolec;379085;Na Závodí;è.ev.;161;;;39601;684126.03;1111279.02;2013-12-01T00:00:00
8916543;547999;Humpolec;;;;;404349;Humpolec;379085;Na Závodí;è.ev.;162;;;39601;684123.10;1111278.91;2013-12-01T00:00:00
8916551;547999;Humpolec;;;;;404349;Humpolec;379085;Na Závodí;è.ev.;163;;;39601;684119.57;1111279.45;2013-12-01T00:00:00
8916560;547999;Humpolec;;;;;404349;Humpolec;379085;Na Závodí;è.ev.;164;;;39601;684116.90;1111279.33;2013-12-01T00:00:00
8916578;547999;Humpolec;;;;;404349;Humpolec;379085;Na Závodí;è.ev.;165;;;39601;684113.56;1111279.54;2013-12-01T00:00:00
8916586;547999;Humpolec;;;;;404349;Humpolec;379085;Na Závodí;è.ev.;166;;;39601;684110.95;1111278.96;2013-12-01T00:00:00
8916594;547999;Humpolec;;;;;404349;Humpolec;379085;Na Závodí;è.ev.;167;;;39601;684107.62;1111281.02;2013-12-01T00:00:00
8916608;547999;Humpolec;;;;;404349;Humpolec;379085;Na Závodí;è.ev.;168;;;39601;684104.56;1111280.31;2013-12-01T00:00:00
8916616;547999;Humpolec;;;;;404349;Humpolec;379085;Na Závodí;è.ev.;169;;;39601;684101.42;1111279.32;2013-12-01T00:00:00
8916624;547999;Humpolec;;;;;404349;Humpolec;379085;Na Závodí;è.ev.;170;;;39601;684099.00;1111280.00;2013-12-01T00:00:00
8916632;547999;Humpolec;;;;;404349;Humpolec;379085;Na Závodí;è.ev.;171;;;39601;684095.31;1111279.68;2013-12-01T00:00:00
8916641;547999;Humpolec;;;;;404349;Humpolec;379085;Na Závodí;è.ev.;172;;;39601;684092.23;1111279.62;2013-12-01T00:00:00
8916659;547999;Humpolec;;;;;404349;Humpolec;379085;Na Závodí;è.ev.;173;;;39601;684154.02;1111285.13;2013-12-01T00:00:00
8916667;547999;Humpolec;;;;;404349;Humpolec;379085;Na Závodí;è.ev.;174;;;39601;684150.91;1111285.66;2013-12-01T00:00:00
8916675;547999;Humpolec;;;;;404349;Humpolec;379085;Na Závodí;è.ev.;175;;;39601;684147.84;1111285.42;2013-12-01T00:00:00
8916683;547999;Humpolec;;;;;404349;Humpolec;379085;Na Závodí;è.ev.;176;;;39601;684144.91;1111285.62;2013-12-01T00:00:00
8916691;547999;Humpolec;;;;;404349;Humpolec;379085;Na Závodí;è.ev.;177;;;39601;684141.58;1111285.64;2013-12-01T00:00:00
8916705;547999;Humpolec;;;;;404349;Humpolec;379085;Na Závodí;è.ev.;178;;;39601;684137.91;1111285.50;2013-12-01T00:00:00
8916713;547999;Humpolec;;;;;404349;Humpolec;379085;Na Závodí;è.ev.;179;;;39601;684135.57;1111286.46;2013-12-01T00:00:00
8916721;547999;Humpolec;;;;;404349;Humpolec;379085;Na Závodí;è.ev.;180;;;39601;684132.70;1111286.14;2013-12-01T00:00:00
8916730;547999;Humpolec;;;;;404349;Humpolec;379085;Na Závodí;è.ev.;181;;;39601;684129.43;1111286.62;2013-12-01T00:00:00
8916748;547999;Humpolec;;;;;404349;Humpolec;379085;Na Závodí;è.ev.;182;;;39601;684125.57;1111286.16;2013-12-01T00:00:00
8916756;547999;Humpolec;;;;;404349;Humpolec;379085;Na Závodí;è.ev.;183;;;39601;684123.30;1111286.31;2013-12-01T00:00:00
8916764;547999;Humpolec;;;;;404349;Humpolec;379085;Na Závodí;è.ev.;184;;;39601;684120.23;1111286.99;2013-12-01T00:00:00
8916772;547999;Humpolec;;;;;404349;Humpolec;379085;Na Závodí;è.ev.;185;;;39601;684117.03;1111287.13;2013-12-01T00:00:00
8916781;547999;Humpolec;;;;;404349;Humpolec;379085;Na Závodí;è.ev.;186;;;39601;684114.29;1111287.64;2014-09-16T00:00:00
8916799;547999;Humpolec;;;;;404349;Humpolec;379085;Na Závodí;è.ev.;187;;;39601;684111.02;1111287.02;2013-12-01T00:00:00
8916802;547999;Humpolec;;;;;404349;Humpolec;379085;Na Závodí;è.ev.;188;;;39601;684107.75;1111287.50;2013-12-01T00:00:00
8916811;547999;Humpolec;;;;;404349;Humpolec;379085;Na Závodí;è.ev.;189;;;39601;684104.96;1111287.58;2013-12-01T00:00:00
8916829;547999;Humpolec;;;;;404349;Humpolec;379085;Na Závodí;è.ev.;190;;;39601;684101.89;1111287.66;2013-12-01T00:00:00
8916837;547999;Humpolec;;;;;404349;Humpolec;379085;Na Závodí;è.ev.;191;;;39601;684098.75;1111287.74;2013-12-01T00:00:00
8916845;547999;Humpolec;;;;;404349;Humpolec;379085;Na Závodí;è.ev.;192;;;39601;684095.70;1111288.15;2013-12-01T00:00:00
8916853;547999;Humpolec;;;;;404349;Humpolec;379085;Na Závodí;è.ev.;193;;;39601;684092.79;1111288.36;2013-12-01T00:00:00
8916861;547999;Humpolec;;;;;404349;Humpolec;379085;Na Závodí;è.ev.;194;;;39601;684154.32;1111299.95;2013-12-01T00:00:00
8916870;547999;Humpolec;;;;;404349;Humpolec;379085;Na Závodí;è.ev.;195;;;39601;684150.62;1111301.68;2013-12-01T00:00:00
8916888;547999;Humpolec;;;;;404349;Humpolec;379085;Na Závodí;è.ev.;196;;;39601;684147.82;1111301.74;2013-12-01T00:00:00
8916896;547999;Humpolec;;;;;404349;Humpolec;379085;Na Závodí;è.ev.;197;;;39601;684145.45;1111300.77;2013-12-01T00:00:00
8916900;547999;Humpolec;;;;;404349;Humpolec;379085;Na Závodí;è.ev.;198;;;39601;684141.93;1111300.98;2013-12-01T00:00:00
8916918;547999;Humpolec;;;;;404349;Humpolec;379085;Na Závodí;è.ev.;199;;;39601;684139.13;1111301.66;2013-12-01T00:00:00
8916926;547999;Humpolec;;;;;404349;Humpolec;379085;Na Závodí;è.ev.;200;;;39601;684136.19;1111301.53;2013-12-01T00:00:00
8916934;547999;Humpolec;;;;;404349;Humpolec;379085;Na Závodí;è.ev.;201;;;39601;684132.92;1111301.81;2013-12-01T00:00:00
8916942;547999;Humpolec;;;;;404349;Humpolec;379085;Na Závodí;è.ev.;202;;;39601;684129.11;1111302.68;2013-12-01T00:00:00
8916951;547999;Humpolec;;;;;404349;Humpolec;379085;Na Závodí;è.ev.;203;;;39601;684126.71;1111301.50;2013-12-01T00:00:00
8916969;547999;Humpolec;;;;;404349;Humpolec;379085;Na Závodí;è.ev.;204;;;39601;684122.51;1111303.11;2013-12-01T00:00:00
8916977;547999;Humpolec;;;;;404349;Humpolec;379085;Na Závodí;è.ev.;205;;;39601;684120.91;1111302.32;2013-12-01T00:00:00
8916985;547999;Humpolec;;;;;404349;Humpolec;379085;Na Závodí;è.ev.;206;;;39601;684117.45;1111302.53;2013-12-01T00:00:00
8916993;547999;Humpolec;;;;;404349;Humpolec;379085;Na Závodí;è.ev.;207;;;39601;684114.24;1111302.67;2013-12-01T00:00:00
8917001;547999;Humpolec;;;;;404349;Humpolec;379085;Na Závodí;è.ev.;208;;;39601;684108.30;1111303.29;2013-12-01T00:00:00
8917019;547999;Humpolec;;;;;404349;Humpolec;379085;Na Závodí;è.ev.;209;;;39601;684111.24;1111303.35;2013-12-01T00:00:00
8917027;547999;Humpolec;;;;;404349;Humpolec;379085;Na Závodí;è.ev.;210;;;39601;684105.38;1111301.88;2014-09-16T00:00:00
8917035;547999;Humpolec;;;;;404349;Humpolec;379085;Na Závodí;è.ev.;211;;;39601;684102.57;1111303.05;2013-12-01T00:00:00
8917043;547999;Humpolec;;;;;404349;Humpolec;379085;Na Závodí;è.ev.;212;;;39601;684099.19;1111303.52;2013-12-01T00:00:00
8917051;547999;Humpolec;;;;;404349;Humpolec;379085;Na Závodí;è.ev.;213;;;39601;684154.63;1111307.94;2013-12-01T00:00:00
8917060;547999;Humpolec;;;;;404349;Humpolec;379085;Na Závodí;è.ev.;214;;;39601;684151.65;1111307.88;2013-12-11T00:00:00
8917078;547999;Humpolec;;;;;404349;Humpolec;379085;Na Závodí;è.ev.;215;;;39601;684148.65;1111308.09;2013-12-01T00:00:00
8917086;547999;Humpolec;;;;;404349;Humpolec;379085;Na Závodí;è.ev.;216;;;39601;684145.45;1111308.24;2013-12-01T00:00:00
8917094;547999;Humpolec;;;;;404349;Humpolec;379085;Na Závodí;è.ev.;217;;;39601;684142.38;1111308.18;2013-12-01T00:00:00
8917108;547999;Humpolec;;;;;404349;Humpolec;379085;Na Závodí;è.ev.;218;;;39601;684139.25;1111308.66;2013-12-01T00:00:00
8917116;547999;Humpolec;;;;;404349;Humpolec;379085;Na Závodí;è.ev.;219;;;39601;684135.91;1111308.93;2013-12-01T00:00:00
8917124;547999;Humpolec;;;;;404349;Humpolec;379085;Na Závodí;è.ev.;220;;;39601;684133.24;1111308.94;2013-12-01T00:00:00
8917132;547999;Humpolec;;;;;404349;Humpolec;379085;Na Závodí;è.ev.;221;;;39601;684130.17;1111309.42;2013-12-01T00:00:00
8917141;547999;Humpolec;;;;;404349;Humpolec;379085;Na Závodí;è.ev.;222;;;39601;684127.04;1111309.16;2013-12-01T00:00:00
8917159;547999;Humpolec;;;;;404349;Humpolec;379085;Na Závodí;è.ev.;223;;;39601;684124.24;1111309.44;2013-12-01T00:00:00
8917167;547999;Humpolec;;;;;404349;Humpolec;379085;Na Závodí;è.ev.;224;;;39601;684121.04;1111309.45;2013-12-01T00:00:00
8917175;547999;Humpolec;;;;;404349;Humpolec;379085;Na Závodí;è.ev.;225;;;39601;684117.70;1111309.39;2013-12-01T00:00:00
8917183;547999;Humpolec;;;;;404349;Humpolec;379085;Na Závodí;è.ev.;226;;;39601;684114.83;1111310.33;2013-12-01T00:00:00
8917191;547999;Humpolec;;;;;404349;Humpolec;379085;Na Závodí;è.ev.;227;;;39601;684111.93;1111311.48;2022-10-23T00:00:00
8917205;547999;Humpolec;;;;;404349;Humpolec;379085;Na Závodí;è.ev.;228;;;39601;684108.87;1111311.48;2022-10-23T00:00:00
8917213;547999;Humpolec;;;;;404349;Humpolec;379085;Na Závodí;è.ev.;229;;;39601;684105.88;1111311.80;2022-10-23T00:00:00
8917221;547999;Humpolec;;;;;404349;Humpolec;379085;Na Závodí;è.ev.;230;;;39601;684102.56;1111310.31;2013-12-01T00:00:00
8917230;547999;Humpolec;;;;;404349;Humpolec;379085;Na Závodí;è.ev.;231;;;39601;684099.50;1111310.58;2013-12-01T00:00:00
8917248;547999;Humpolec;;;;;404349;Humpolec;379085;Na Závodí;è.ev.;232;;;39601;684155.73;1111324.26;2013-12-01T00:00:00
8917256;547999;Humpolec;;;;;404349;Humpolec;379085;Na Závodí;è.ev.;233;;;39601;684146.67;1111323.76;2014-09-16T00:00:00
8917264;547999;Humpolec;;;;;404349;Humpolec;379085;Na Závodí;è.ev.;234;;;39601;684152.73;1111325.72;2013-12-01T00:00:00
8917272;547999;Humpolec;;;;;404349;Humpolec;379085;Na Závodí;è.ev.;235;;;39601;684149.34;1111324.45;2013-12-01T00:00:00
8917281;547999;Humpolec;;;;;404349;Humpolec;379085;Na Závodí;è.ev.;236;;;39601;684143.60;1111324.71;2013-12-01T00:00:00
8917299;547999;Humpolec;;;;;404349;Humpolec;379085;Na Závodí;è.ev.;237;;;39601;684140.48;1111324.70;2013-12-01T00:00:00
8917302;547999;Humpolec;;;;;404349;Humpolec;379085;Na Závodí;è.ev.;238;;;39601;684137.55;1111325.16;2013-12-01T00:00:00
8917311;547999;Humpolec;;;;;404349;Humpolec;379085;Na Závodí;è.ev.;239;;;39601;684134.11;1111326.20;2013-12-01T00:00:00
8917329;547999;Humpolec;;;;;404349;Humpolec;379085;Na Závodí;è.ev.;240;;;39601;684131.56;1111325.41;2013-12-01T00:00:00
8917337;547999;Humpolec;;;;;404349;Humpolec;379085;Na Závodí;è.ev.;241;;;39601;684128.03;1111326.79;2013-12-01T00:00:00
8917345;547999;Humpolec;;;;;404349;Humpolec;379085;Na Závodí;è.ev.;242;;;39601;684125.70;1111325.74;2013-12-01T00:00:00
8917353;547999;Humpolec;;;;;404349;Humpolec;379085;Na Závodí;è.ev.;243;;;39601;684122.43;1111325.92;2013-12-01T00:00:00
8917361;547999;Humpolec;;;;;404349;Humpolec;379085;Na Závodí;è.ev.;244;;;39601;684119.77;1111325.79;2013-12-01T00:00:00
8917370;547999;Humpolec;;;;;404349;Humpolec;379085;Na Závodí;è.ev.;245;;;39601;684116.78;1111325.13;2013-12-01T00:00:00
8917388;547999;Humpolec;;;;;404349;Humpolec;379085;Na Závodí;è.ev.;246;;;39601;684113.25;1111326.50;2013-12-01T00:00:00
8917396;547999;Humpolec;;;;;404349;Humpolec;379085;Na Závodí;è.ev.;247;;;39601;684110.58;1111326.63;2013-12-01T00:00:00
8917400;547999;Humpolec;;;;;404349;Humpolec;379085;Na Závodí;è.ev.;248;;;39601;684106.93;1111327.83;2013-12-01T00:00:00
8917418;547999;Humpolec;;;;;404349;Humpolec;379085;Na Závodí;è.ev.;249;;;39601;684103.73;1111327.80;2013-12-01T00:00:00
8917426;547999;Humpolec;;;;;404349;Humpolec;379085;Na Závodí;è.ev.;250;;;39601;684155.41;1111331.72;2013-12-01T00:00:00
8917434;547999;Humpolec;;;;;404349;Humpolec;379085;Na Závodí;è.ev.;251;;;39601;684152.94;1111330.46;2013-12-01T00:00:00
8917442;547999;Humpolec;;;;;404349;Humpolec;379085;Na Závodí;è.ev.;252;;;39601;684150.00;1111331.00;2013-12-01T00:00:00
8917451;547999;Humpolec;;;;;404349;Humpolec;379085;Na Závodí;è.ev.;253;;;39601;684146.75;1111332.38;2013-12-01T00:00:00
8917469;547999;Humpolec;;;;;404349;Humpolec;379085;Na Závodí;è.ev.;254;;;39601;684143.75;1111332.69;2013-12-01T00:00:00
8917477;547999;Humpolec;;;;;404349;Humpolec;379085;Na Závodí;è.ev.;255;;;39601;684140.82;1111331.50;2013-12-01T00:00:00
8917485;547999;Humpolec;;;;;404349;Humpolec;379085;Na Závodí;è.ev.;256;;;39601;684138.03;1111333.08;2013-12-11T00:00:00
8917493;547999;Humpolec;;;;;404349;Humpolec;379085;Na Závodí;è.ev.;257;;;39601;684135.03;1111331.55;2013-12-01T00:00:00
8917507;547999;Humpolec;;;;;404349;Humpolec;379085;Na Závodí;è.ev.;258;;;39601;684131.77;1111332.81;2013-12-01T00:00:00
8917515;547999;Humpolec;;;;;404349;Humpolec;379085;Na Závodí;è.ev.;259;;;39601;684128.77;1111333.86;2013-12-11T00:00:00
8917523;547999;Humpolec;;;;;404349;Humpolec;379085;Na Závodí;è.ev.;260;;;39601;684125.08;1111333.20;2013-12-01T00:00:00
8917531;547999;Humpolec;;;;;404349;Humpolec;379085;Na Závodí;è.ev.;261;;;39601;684122.70;1111334.31;2013-12-11T00:00:00
8917540;547999;Humpolec;;;;;404349;Humpolec;379085;Na Závodí;è.ev.;262;;;39601;684120.18;1111333.25;2013-12-01T00:00:00
8917558;547999;Humpolec;;;;;404349;Humpolec;379085;Na Závodí;è.ev.;263;;;39601;684116.85;1111333.84;2013-12-01T00:00:00
8917566;547999;Humpolec;;;;;404349;Humpolec;379085;Na Závodí;è.ev.;264;;;39601;684113.78;1111334.49;2013-12-11T00:00:00
8917574;547999;Humpolec;;;;;404349;Humpolec;379085;Na Závodí;è.ev.;265;;;39601;684110.86;1111333.83;2013-12-01T00:00:00
8917582;547999;Humpolec;;;;;404349;Humpolec;379085;Na Závodí;è.ev.;266;;;39601;684107.66;1111334.09;2013-12-01T00:00:00
8917591;547999;Humpolec;;;;;404349;Humpolec;379085;Na Závodí;è.ev.;267;;;39601;684104.13;1111334.29;2013-12-01T00:00:00
8917604;547999;Humpolec;;;;;404349;Humpolec;379085;Na Závodí;è.ev.;268;;;39601;684156.86;1111348.10;2013-12-01T00:00:00
8917612;547999;Humpolec;;;;;404349;Humpolec;379085;Na Závodí;è.ev.;269;;;39601;684153.52;1111347.29;2013-12-01T00:00:00
8917621;547999;Humpolec;;;;;404349;Humpolec;379085;Na Závodí;è.ev.;270;;;39601;684150.32;1111347.54;2013-12-01T00:00:00
8917639;547999;Humpolec;;;;;404349;Humpolec;379085;Na Závodí;è.ev.;271;;;39601;684147.60;1111346.22;2013-12-11T00:00:00
8917647;547999;Humpolec;;;;;404349;Humpolec;379085;Na Závodí;è.ev.;272;;;39601;684144.66;1111348.06;2013-12-01T00:00:00
8917655;547999;Humpolec;;;;;404349;Humpolec;379085;Na Závodí;è.ev.;273;;;39601;684141.33;1111347.92;2013-12-01T00:00:00
8917663;547999;Humpolec;;;;;404349;Humpolec;379085;Na Závodí;è.ev.;274;;;39601;684138.47;1111346.65;2013-12-11T00:00:00
8917671;547999;Humpolec;;;;;404349;Humpolec;379085;Na Závodí;è.ev.;275;;;39601;684134.85;1111349.28;2013-12-01T00:00:00
8917680;547999;Humpolec;;;;;404349;Humpolec;379085;Na Závodí;è.ev.;276;;;39601;684132.48;1111348.36;2013-12-01T00:00:00
8917698;547999;Humpolec;;;;;404349;Humpolec;379085;Na Závodí;è.ev.;277;;;39601;684129.41;1111348.28;2013-12-01T00:00:00
8917701;547999;Humpolec;;;;;404349;Humpolec;379085;Na Závodí;è.ev.;278;;;39601;684126.41;1111348.48;2013-12-01T00:00:00
8917710;547999;Humpolec;;;;;404349;Humpolec;379085;Na Závodí;è.ev.;279;;;39601;684156.41;1111354.77;2013-12-01T00:00:00
8917728;547999;Humpolec;;;;;404349;Humpolec;379085;Na Závodí;è.ev.;280;;;39601;684153.98;1111354.47;2013-12-01T00:00:00
8917736;547999;Humpolec;;;;;404349;Humpolec;379085;Na Závodí;è.ev.;281;;;39601;684151.12;1111355.06;2013-12-01T00:00:00
8917744;547999;Humpolec;;;;;404349;Humpolec;379085;Na Závodí;è.ev.;282;;;39601;684147.98;1111355.19;2013-12-01T00:00:00
8917752;547999;Humpolec;;;;;404349;Humpolec;379085;Na Závodí;è.ev.;283;;;39601;684144.85;1111355.66;2013-12-01T00:00:00
8917761;547999;Humpolec;;;;;404349;Humpolec;379085;Na Závodí;è.ev.;284;;;39601;684141.99;1111355.59;2013-12-01T00:00:00
8917779;547999;Humpolec;;;;;404349;Humpolec;379085;Na Závodí;è.ev.;285;;;39601;684138.99;1111355.52;2013-12-11T00:00:00
8917787;547999;Humpolec;;;;;404349;Humpolec;379085;Na Závodí;è.ev.;286;;;39601;684135.02;1111355.79;2013-12-01T00:00:00
8917795;547999;Humpolec;;;;;404349;Humpolec;379085;Na Závodí;è.ev.;287;;;39601;684133.06;1111356.33;2013-12-01T00:00:00
8917809;547999;Humpolec;;;;;404349;Humpolec;379085;Na Závodí;è.ev.;288;;;39601;684130.20;1111356.19;2013-12-01T00:00:00
8917817;547999;Humpolec;;;;;404349;Humpolec;379085;Na Závodí;è.ev.;289;;;39601;684127.04;1111356.19;2013-12-01T00:00:00
8917825;547999;Humpolec;;;;;404349;Humpolec;379085;Na Závodí;è.ev.;290;;;39601;684124.12;1111356.13;2013-12-01T00:00:00
8917833;547999;Humpolec;;;;;404349;Humpolec;379085;Na Závodí;è.ev.;291;;;39601;684121.05;1111356.39;2013-12-01T00:00:00
8917841;547999;Humpolec;;;;;404349;Humpolec;379085;Na Závodí;è.ev.;292;;;39601;684117.87;1111356.72;2013-12-01T00:00:00
8917850;547999;Humpolec;;;;;404349;Humpolec;379085;Na Závodí;è.ev.;293;;;39601;684158.04;1111369.81;2013-12-01T00:00:00
8917868;547999;Humpolec;;;;;404349;Humpolec;379085;Na Závodí;è.ev.;294;;;39601;684153.87;1111371.50;2013-12-01T00:00:00
8917876;547999;Humpolec;;;;;404349;Humpolec;379085;Na Závodí;è.ev.;295;;;39601;684150.95;1111371.48;2013-12-01T00:00:00
8917884;547999;Humpolec;;;;;404349;Humpolec;379085;Na Závodí;è.ev.;296;;;39601;684148.19;1111371.93;2013-12-01T00:00:00
8917892;547999;Humpolec;;;;;404349;Humpolec;379085;Na Závodí;è.ev.;297;;;39601;684145.76;1111371.70;2013-12-01T00:00:00
8917906;547999;Humpolec;;;;;404349;Humpolec;379085;Na Závodí;è.ev.;298;;;39601;684142.69;1111372.11;2013-12-01T00:00:00
8917914;547999;Humpolec;;;;;404349;Humpolec;379085;Na Závodí;è.ev.;299;;;39601;684139.75;1111371.46;2013-12-01T00:00:00
8917922;547999;Humpolec;;;;;404349;Humpolec;379085;Na Závodí;è.ev.;300;;;39601;684136.96;1111372.76;2014-09-16T00:00:00
8917931;547999;Humpolec;;;;;404349;Humpolec;379085;Na Závodí;è.ev.;301;;;39601;684133.75;1111372.73;2013-12-16T00:00:00
8917949;547999;Humpolec;;;;;404349;Humpolec;379085;Na Závodí;è.ev.;302;;;39601;684130.95;1111371.62;2013-12-01T00:00:00
8917957;547999;Humpolec;;;;;404349;Humpolec;379085;Na Závodí;è.ev.;303;;;39601;684127.15;1111372.72;2013-12-01T00:00:00
8917965;547999;Humpolec;;;;;404349;Humpolec;379085;Na Závodí;è.ev.;304;;;39601;684125.08;1111371.58;2013-12-01T00:00:00
8917973;547999;Humpolec;;;;;404349;Humpolec;379085;Na Závodí;è.ev.;305;;;39601;684121.05;1111372.77;2013-12-01T00:00:00
8917981;547999;Humpolec;;;;;404349;Humpolec;379085;Na Závodí;è.ev.;306;;;39601;684118.06;1111372.98;2013-12-01T00:00:00
8917990;547999;Humpolec;;;;;404349;Humpolec;379085;Na Závodí;è.ev.;307;;;39601;684115.73;1111372.07;2013-12-01T00:00:00
8918007;547999;Humpolec;;;;;404349;Humpolec;379085;Na Závodí;è.ev.;308;;;39601;684066.33;1111506.43;2013-12-01T00:00:00
8918015;547999;Humpolec;;;;;404349;Humpolec;379085;Na Závodí;è.ev.;309;;;39601;684068.76;1111507.58;2013-12-01T00:00:00
8918023;547999;Humpolec;;;;;404349;Humpolec;379085;Na Závodí;è.ev.;310;;;39601;684070.65;1111509.43;2013-12-01T00:00:00
8918031;547999;Humpolec;;;;;404349;Humpolec;379085;Na Závodí;è.ev.;311;;;39601;684073.03;1111511.76;2013-12-11T00:00:00
8918040;547999;Humpolec;;;;;404349;Humpolec;379085;Na Závodí;è.ev.;312;;;39601;684076.34;1111512.18;2013-12-01T00:00:00
8918058;547999;Humpolec;;;;;404349;Humpolec;379085;Na Závodí;è.ev.;313;;;39601;684079.18;1111513.19;2013-12-01T00:00:00
8918066;547999;Humpolec;;;;;404349;Humpolec;379085;Na Závodí;è.ev.;314;;;39601;684081.83;1111514.45;2013-12-01T00:00:00
8918074;547999;Humpolec;;;;;404349;Humpolec;379085;Na Závodí;è.ev.;315;;;39601;684084.77;1111514.50;2013-12-01T00:00:00
8918082;547999;Humpolec;;;;;404349;Humpolec;379085;Na Závodí;è.ev.;316;;;39601;684087.18;1111517.39;2013-12-01T00:00:00
8918091;547999;Humpolec;;;;;404349;Humpolec;379085;Na Závodí;è.ev.;317;;;39601;684090.15;1111517.55;2013-12-01T00:00:00
8918104;547999;Humpolec;;;;;404349;Humpolec;379085;Na Závodí;è.ev.;318;;;39601;684092.86;1111518.62;2013-12-01T00:00:00
8918112;547999;Humpolec;;;;;404349;Humpolec;379085;Na Závodí;è.ev.;319;;;39601;684095.77;1111520.23;2013-12-01T00:00:00
8918121;547999;Humpolec;;;;;404349;Humpolec;379085;Na Závodí;è.ev.;320;;;39601;684098.54;1111521.50;2013-12-01T00:00:00
8918139;547999;Humpolec;;;;;404349;Humpolec;379085;Na Závodí;è.ev.;321;;;39601;684101.64;1111521.38;2013-12-01T00:00:00
8918147;547999;Humpolec;;;;;404349;Humpolec;379085;Na Závodí;è.ev.;322;;;39601;684103.63;1111524.96;2013-12-01T00:00:00
8918155;547999;Humpolec;;;;;404349;Humpolec;379085;Na Závodí;è.ev.;323;;;39601;684106.21;1111526.04;2013-12-01T00:00:00
8918163;547999;Humpolec;;;;;404349;Humpolec;379085;Na Závodí;è.ev.;324;;;39601;684110.08;1111525.46;2013-12-01T00:00:00
8918171;547999;Humpolec;;;;;404349;Humpolec;379085;Na Závodí;è.ev.;325;;;39601;684112.78;1111526.79;2013-12-01T00:00:00
8918180;547999;Humpolec;;;;;404349;Humpolec;379085;Na Závodí;è.ev.;326;;;39601;684115.96;1111528.16;2013-12-01T00:00:00
8918198;547999;Humpolec;;;;;404349;Humpolec;379085;Na Závodí;è.ev.;327;;;39601;684117.26;1111530.81;2013-12-01T00:00:00
8918201;547999;Humpolec;;;;;404349;Humpolec;379085;Na Závodí;è.ev.;328;;;39601;684068.20;1111501.40;2013-12-01T00:00:00
8918210;547999;Humpolec;;;;;404349;Humpolec;379085;Na Závodí;è.ev.;329;;;39601;684071.03;1111500.53;2013-12-11T00:00:00
8918228;547999;Humpolec;;;;;404349;Humpolec;379085;Na Závodí;è.ev.;330;;;39601;684073.99;1111502.19;2013-12-01T00:00:00
8918236;547999;Humpolec;;;;;404349;Humpolec;379085;Na Závodí;è.ev.;331;;;39601;684076.31;1111504.41;2013-12-01T00:00:00
8918244;547999;Humpolec;;;;;404349;Humpolec;379085;Na Závodí;è.ev.;332;;;39601;684079.15;1111505.44;2013-12-01T00:00:00
8918252;547999;Humpolec;;;;;404349;Humpolec;379085;Na Závodí;è.ev.;333;;;39601;684081.97;1111506.21;2013-12-01T00:00:00
8918261;547999;Humpolec;;;;;404349;Humpolec;379085;Na Závodí;è.ev.;334;;;39601;684085.00;1111506.00;2013-12-01T00:00:00
8918279;547999;Humpolec;;;;;404349;Humpolec;379085;Na Závodí;è.ev.;335;;;39601;684087.51;1111508.81;2013-12-01T00:00:00
8918287;547999;Humpolec;;;;;404349;Humpolec;379085;Na Závodí;è.ev.;336;;;39601;684090.06;1111510.03;2013-12-01T00:00:00
8918295;547999;Humpolec;;;;;404349;Humpolec;379085;Na Závodí;è.ev.;337;;;39601;684092.99;1111511.47;2013-12-01T00:00:00
8918309;547999;Humpolec;;;;;404349;Humpolec;379085;Na Závodí;è.ev.;338;;;39601;684096.00;1111512.00;2013-12-01T00:00:00
8918317;547999;Humpolec;;;;;404349;Humpolec;379085;Na Závodí;è.ev.;339;;;39601;684098.46;1111513.69;2013-12-01T00:00:00
8918325;547999;Humpolec;;;;;404349;Humpolec;379085;Na Závodí;è.ev.;340;;;39601;684101.28;1111514.63;2013-12-01T00:00:00
8918333;547999;Humpolec;;;;;404349;Humpolec;379085;Na Závodí;è.ev.;341;;;39601;684104.12;1111515.43;2013-12-01T00:00:00
8918341;547999;Humpolec;;;;;404349;Humpolec;379085;Na Závodí;è.ev.;342;;;39601;684107.15;1111516.90;2013-12-01T00:00:00
8918350;547999;Humpolec;;;;;404349;Humpolec;379085;Na Závodí;è.ev.;343;;;39601;684109.82;1111518.54;2013-12-01T00:00:00
8918368;547999;Humpolec;;;;;404349;Humpolec;379085;Na Závodí;è.ev.;344;;;39601;684112.69;1111518.98;2013-12-01T00:00:00
8918376;547999;Humpolec;;;;;404349;Humpolec;379085;Na Závodí;è.ev.;345;;;39601;684115.39;1111520.31;2013-12-01T00:00:00
8918384;547999;Humpolec;;;;;404349;Humpolec;379085;Na Závodí;è.ev.;346;;;39601;684117.96;1111521.52;2013-12-12T00:00:00
8918392;547999;Humpolec;;;;;404349;Humpolec;379085;Na Závodí;è.ev.;347;;;39601;684120.76;1111522.66;2013-12-01T00:00:00
8918406;547999;Humpolec;;;;;404349;Humpolec;379085;Na Závodí;è.ev.;348;;;39601;684080.50;1111488.45;2013-12-01T00:00:00
8918414;547999;Humpolec;;;;;404349;Humpolec;379085;Na Závodí;è.ev.;349;;;39601;684083.39;1111489.49;2013-12-01T00:00:00
8918422;547999;Humpolec;;;;;404349;Humpolec;379085;Na Závodí;è.ev.;350;;;39601;684086.23;1111490.65;2013-12-01T00:00:00
8918431;547999;Humpolec;;;;;404349;Humpolec;379085;Na Závodí;è.ev.;351;;;39601;684088.95;1111491.86;2013-12-01T00:00:00
8918449;547999;Humpolec;;;;;404349;Humpolec;379085;Na Závodí;è.ev.;352;;;39601;684091.55;1111493.43;2013-12-01T00:00:00
8918457;547999;Humpolec;;;;;404349;Humpolec;379085;Na Závodí;è.ev.;353;;;39601;684094.45;1111494.46;2013-12-01T00:00:00
8918465;547999;Humpolec;;;;;404349;Humpolec;379085;Na Závodí;è.ev.;354;;;39601;684097.51;1111495.34;2013-12-01T00:00:00
8918473;547999;Humpolec;;;;;404349;Humpolec;379085;Na Závodí;è.ev.;355;;;39601;684100.35;1111496.73;2013-12-01T00:00:00
8918481;547999;Humpolec;;;;;404349;Humpolec;379085;Na Závodí;è.ev.;356;;;39601;684102.90;1111497.60;2013-12-01T00:00:00
8918490;547999;Humpolec;;;;;404349;Humpolec;379085;Na Závodí;è.ev.;357;;;39601;684104.00;1111500.09;2013-12-01T00:00:00
8918503;547999;Humpolec;;;;;404349;Humpolec;379085;Na Závodí;è.ev.;358;;;39601;684107.00;1111500.00;2013-12-01T00:00:00
8918511;547999;Humpolec;;;;;404349;Humpolec;379085;Na Závodí;è.ev.;359;;;39601;684109.14;1111503.58;2013-12-01T00:00:00
8918520;547999;Humpolec;;;;;404349;Humpolec;379085;Na Závodí;è.ev.;360;;;39601;684111.87;1111504.73;2013-12-01T00:00:00
8918538;547999;Humpolec;;;;;404349;Humpolec;379085;Na Závodí;è.ev.;361;;;39601;684114.87;1111505.35;2013-12-12T00:00:00
8918546;547999;Humpolec;;;;;404349;Humpolec;379085;Na Závodí;è.ev.;362;;;39601;684118.20;1111506.24;2013-12-01T00:00:00
8918554;547999;Humpolec;;;;;404349;Humpolec;379085;Na Závodí;è.ev.;363;;;39601;684120.46;1111507.78;2013-12-12T00:00:00
8918562;547999;Humpolec;;;;;404349;Humpolec;379085;Na Závodí;è.ev.;364;;;39601;684123.66;1111508.27;2013-12-01T00:00:00
8918571;547999;Humpolec;;;;;404349;Humpolec;379085;Na Závodí;è.ev.;365;;;39601;684127.84;1111508.54;2013-12-01T00:00:00
8918589;547999;Humpolec;;;;;404349;Humpolec;379085;Na Závodí;è.ev.;366;;;39601;684129.46;1111511.03;2013-12-01T00:00:00
8918597;547999;Humpolec;;;;;404349;Humpolec;379085;Na Závodí;è.ev.;367;;;39601;684131.93;1111512.18;2013-12-01T00:00:00
8918601;547999;Humpolec;;;;;404349;Humpolec;379085;Na Závodí;è.ev.;368;;;39601;684082.64;1111482.48;2013-12-01T00:00:00
8918619;547999;Humpolec;;;;;404349;Humpolec;379085;Na Závodí;è.ev.;369;;;39601;684085.48;1111483.81;2013-12-01T00:00:00
8918627;547999;Humpolec;;;;;404349;Humpolec;379085;Na Závodí;è.ev.;370;;;39601;684088.25;1111485.26;2013-12-01T00:00:00
8918635;547999;Humpolec;;;;;404349;Humpolec;379085;Na Závodí;è.ev.;371;;;39601;684090.65;1111485.59;2013-12-01T00:00:00
8918643;547999;Humpolec;;;;;404349;Humpolec;379085;Na Závodí;è.ev.;372;;;39601;684094.04;1111487.46;2013-12-01T00:00:00
8918651;547999;Humpolec;;;;;404349;Humpolec;379085;Na Závodí;è.ev.;373;;;39601;684096.94;1111488.45;2013-12-01T00:00:00
8918660;547999;Humpolec;;;;;404349;Humpolec;379085;Na Závodí;è.ev.;374;;;39601;684099.66;1111489.72;2013-12-01T00:00:00
8918678;547999;Humpolec;;;;;404349;Humpolec;379085;Na Závodí;è.ev.;375;;;39601;684102.38;1111490.88;2013-12-01T00:00:00
8918686;547999;Humpolec;;;;;404349;Humpolec;379085;Na Závodí;è.ev.;376;;;39601;684105.04;1111492.50;2013-12-01T00:00:00
8918694;547999;Humpolec;;;;;404349;Humpolec;379085;Na Závodí;è.ev.;377;;;39601;684107.32;1111492.44;2013-12-01T00:00:00
8918708;547999;Humpolec;;;;;404349;Humpolec;379085;Na Závodí;è.ev.;378;;;39601;684110.65;1111494.47;2013-12-01T00:00:00
8918716;547999;Humpolec;;;;;404349;Humpolec;379085;Na Závodí;è.ev.;379;;;39601;684113.12;1111494.74;2013-12-01T00:00:00
8918724;547999;Humpolec;;;;;404349;Humpolec;379085;Na Závodí;è.ev.;380;;;39601;684115.92;1111496.09;2013-12-01T00:00:00
8918732;547999;Humpolec;;;;;404349;Humpolec;379085;Na Závodí;è.ev.;381;;;39601;684118.98;1111497.24;2013-12-01T00:00:00
8918741;547999;Humpolec;;;;;404349;Humpolec;379085;Na Závodí;è.ev.;382;;;39601;684121.78;1111498.32;2013-12-01T00:00:00
8918759;547999;Humpolec;;;;;404349;Humpolec;379085;Na Závodí;è.ev.;383;;;39601;684124.24;1111499.73;2013-12-01T00:00:00
8918767;547999;Humpolec;;;;;404349;Humpolec;379085;Na Závodí;è.ev.;384;;;39601;684127.24;1111500.42;2013-12-01T00:00:00
8918775;547999;Humpolec;;;;;404349;Humpolec;379085;Na Závodí;è.ev.;385;;;39601;684129.84;1111502.23;2013-12-01T00:00:00
8918783;547999;Humpolec;;;;;404349;Humpolec;379085;Na Závodí;è.ev.;386;;;39601;684132.57;1111502.99;2013-12-01T00:00:00
8918791;547999;Humpolec;;;;;404349;Humpolec;379085;Na Závodí;è.ev.;387;;;39601;684135.32;1111505.00;2013-12-01T00:00:00
8918805;547999;Humpolec;;;;;404349;Humpolec;379085;Na Závodí;è.ev.;388;;;39601;684186.02;1111252.95;2013-12-01T00:00:00
8918813;547999;Humpolec;;;;;404349;Humpolec;379085;Na Závodí;è.ev.;389;;;39601;684183.01;1111253.25;2013-12-01T00:00:00
8918821;547999;Humpolec;;;;;404349;Humpolec;379085;Na Závodí;è.ev.;390;;;39601;684180.19;1111253.02;2013-12-01T00:00:00
8918830;547999;Humpolec;;;;;404349;Humpolec;379085;Na Závodí;è.ev.;391;;;39601;684177.16;1111252.61;2013-12-01T00:00:00
8918848;547999;Humpolec;;;;;404349;Humpolec;379085;Na Závodí;è.ev.;392;;;39601;684079.49;1111265.43;2013-12-01T00:00:00
8918856;547999;Humpolec;;;;;404349;Humpolec;379085;Na Závodí;è.ev.;393;;;39601;684143.02;1111490.30;2013-12-01T00:00:00
8918864;547999;Humpolec;;;;;404349;Humpolec;379085;Na Závodí;è.ev.;394;;;39601;684140.05;1111489.32;2013-12-01T00:00:00
8918872;547999;Humpolec;;;;;404349;Humpolec;379085;Na Závodí;è.ev.;395;;;39601;684137.27;1111485.02;2022-10-23T00:00:00
8918881;547999;Humpolec;;;;;404349;Humpolec;379085;Na Závodí;è.ev.;396;;;39601;684134.41;1111483.75;2022-10-23T00:00:00
8918899;547999;Humpolec;;;;;404349;Humpolec;379085;Na Závodí;è.ev.;397;;;39601;684131.75;1111485.47;2013-12-01T00:00:00
8918902;547999;Humpolec;;;;;404349;Humpolec;379085;Na Závodí;è.ev.;398;;;39601;684128.93;1111484.14;2013-12-01T00:00:00
8918911;547999;Humpolec;;;;;404349;Humpolec;379085;Na Závodí;è.ev.;399;;;39601;684126.09;1111480.17;2022-10-23T00:00:00
8918929;547999;Humpolec;;;;;404349;Humpolec;379085;Na Závodí;è.ev.;400;;;39601;684123.08;1111481.86;2013-12-01T00:00:00
8918937;547999;Humpolec;;;;;404349;Humpolec;379085;Na Závodí;è.ev.;401;;;39601;684120.43;1111480.79;2013-12-01T00:00:00
8918945;547999;Humpolec;;;;;404349;Humpolec;379085;Na Závodí;è.ev.;402;;;39601;684117.71;1111479.47;2013-12-01T00:00:00
8918953;547999;Humpolec;;;;;404349;Humpolec;379085;Na Závodí;è.ev.;403;;;39601;684114.74;1111478.34;2013-12-01T00:00:00
8918961;547999;Humpolec;;;;;404349;Humpolec;379085;Na Závodí;è.ev.;404;;;39601;684112.09;1111477.00;2013-12-01T00:00:00
8918970;547999;Humpolec;;;;;404349;Humpolec;379085;Na Závodí;è.ev.;405;;;39601;684109.11;1111472.83;2022-10-23T00:00:00
8918988;547999;Humpolec;;;;;404349;Humpolec;379085;Na Závodí;è.ev.;406;;;39601;684106.45;1111474.36;2013-12-01T00:00:00
8918996;547999;Humpolec;;;;;404349;Humpolec;379085;Na Závodí;è.ev.;407;;;39601;684103.54;1111473.36;2013-12-01T00:00:00
8919003;547999;Humpolec;;;;;404349;Humpolec;379085;Na Závodí;è.ev.;408;;;39601;684100.68;1111472.11;2013-12-01T00:00:00
8919011;547999;Humpolec;;;;;404349;Humpolec;379085;Na Závodí;è.ev.;409;;;39601;684097.78;1111470.95;2013-12-01T00:00:00
8919020;547999;Humpolec;;;;;404349;Humpolec;379085;Na Závodí;è.ev.;410;;;39601;684095.08;1111469.59;2013-12-01T00:00:00
8919038;547999;Humpolec;;;;;404349;Humpolec;379085;Na Závodí;è.ev.;411;;;39601;684092.36;1111468.56;2013-12-01T00:00:00
8919046;547999;Humpolec;;;;;404349;Humpolec;379085;Na Závodí;è.ev.;412;;;39601;684089.70;1111467.19;2013-12-01T00:00:00
8919054;547999;Humpolec;;;;;404349;Humpolec;379085;Na Závodí;è.ev.;413;;;39601;684086.71;1111465.99;2013-12-01T00:00:00
8919062;547999;Humpolec;;;;;404349;Humpolec;379085;Na Závodí;è.ev.;414;;;39601;684083.83;1111464.73;2013-12-01T00:00:00
8919071;547999;Humpolec;;;;;404349;Humpolec;379085;Na Závodí;è.ev.;415;;;39601;684086.45;1111458.66;2013-12-01T00:00:00
8919089;547999;Humpolec;;;;;404349;Humpolec;379085;Na Závodí;è.ev.;416;;;39601;684089.24;1111460.02;2013-12-01T00:00:00
8919097;547999;Humpolec;;;;;404349;Humpolec;379085;Na Závodí;è.ev.;417;;;39601;684091.99;1111461.31;2013-12-01T00:00:00
8919101;547999;Humpolec;;;;;404349;Humpolec;379085;Na Závodí;è.ev.;418;;;39601;684094.92;1111462.51;2013-12-01T00:00:00
8919119;547999;Humpolec;;;;;404349;Humpolec;379085;Na Závodí;è.ev.;419;;;39601;684097.33;1111463.84;2013-12-01T00:00:00
8919127;547999;Humpolec;;;;;404349;Humpolec;379085;Na Závodí;è.ev.;420;;;39601;684100.22;1111464.76;2013-12-01T00:00:00
8919135;547999;Humpolec;;;;;404349;Humpolec;379085;Na Závodí;è.ev.;421;;;39601;684103.36;1111466.29;2013-12-01T00:00:00
8919143;547999;Humpolec;;;;;404349;Humpolec;379085;Na Závodí;è.ev.;422;;;39601;684106.17;1111467.43;2013-12-01T00:00:00
8919151;547999;Humpolec;;;;;404349;Humpolec;379085;Na Závodí;è.ev.;423;;;39601;684108.96;1111468.78;2013-12-01T00:00:00
8919160;547999;Humpolec;;;;;404349;Humpolec;379085;Na Závodí;è.ev.;424;;;39601;684111.24;1111468.54;2013-12-12T00:00:00
8919178;547999;Humpolec;;;;;404349;Humpolec;379085;Na Závodí;è.ev.;425;;;39601;684114.70;1111471.02;2013-12-01T00:00:00
8919186;547999;Humpolec;;;;;404349;Humpolec;379085;Na Závodí;è.ev.;426;;;39601;684117.33;1111469.33;2022-10-23T00:00:00
8919194;547999;Humpolec;;;;;404349;Humpolec;379085;Na Závodí;è.ev.;427;;;39601;684119.97;1111473.67;2013-12-01T00:00:00
8919208;547999;Humpolec;;;;;404349;Humpolec;379085;Na Závodí;è.ev.;428;;;39601;684122.97;1111474.73;2013-12-01T00:00:00
8919216;547999;Humpolec;;;;;404349;Humpolec;379085;Na Závodí;è.ev.;429;;;39601;684125.66;1111475.94;2013-12-01T00:00:00
8919224;547999;Humpolec;;;;;404349;Humpolec;379085;Na Závodí;è.ev.;430;;;39601;684128.52;1111477.48;2013-12-01T00:00:00
8919232;547999;Humpolec;;;;;404349;Humpolec;379085;Na Závodí;è.ev.;431;;;39601;684131.24;1111478.60;2013-12-01T00:00:00
8919241;547999;Humpolec;;;;;404349;Humpolec;379085;Na Závodí;è.ev.;432;;;39601;684134.23;1111479.53;2013-12-01T00:00:00
8919259;547999;Humpolec;;;;;404349;Humpolec;379085;Na Závodí;è.ev.;433;;;39601;684137.01;1111477.86;2022-10-23T00:00:00
8919267;547999;Humpolec;;;;;404349;Humpolec;379085;Na Závodí;è.ev.;434;;;39601;684139.91;1111482.07;2013-12-01T00:00:00
8919275;547999;Humpolec;;;;;404349;Humpolec;379085;Na Závodí;è.ev.;435;;;39601;684142.63;1111480.28;2022-10-23T00:00:00
8919283;547999;Humpolec;;;;;404349;Humpolec;379085;Na Závodí;è.ev.;436;;;39601;684145.45;1111484.50;2013-12-01T00:00:00
8919291;547999;Humpolec;;;;;404349;Humpolec;379085;Na Závodí;è.ev.;437;;;39601;684151.44;1111467.04;2022-10-23T00:00:00
8919305;547999;Humpolec;;;;;404349;Humpolec;379085;Na Závodí;è.ev.;438;;;39601;684148.47;1111468.92;2013-12-01T00:00:00
8919313;547999;Humpolec;;;;;404349;Humpolec;379085;Na Závodí;è.ev.;439;;;39601;684145.87;1111467.94;2013-12-01T00:00:00
8919321;547999;Humpolec;;;;;404349;Humpolec;379085;Na Závodí;è.ev.;440;;;39601;684142.86;1111466.52;2013-12-01T00:00:00
8919330;547999;Humpolec;;;;;404349;Humpolec;379085;Na Závodí;è.ev.;441;;;39601;684140.25;1111465.36;2013-12-01T00:00:00
8919348;547999;Humpolec;;;;;404349;Humpolec;379085;Na Závodí;è.ev.;442;;;39601;684137.33;1111464.09;2013-12-01T00:00:00
8919356;547999;Humpolec;;;;;404349;Humpolec;379085;Na Závodí;è.ev.;443;;;39601;684134.61;1111462.97;2013-12-01T00:00:00
8919364;547999;Humpolec;;;;;404349;Humpolec;379085;Na Závodí;è.ev.;444;;;39601;684131.61;1111461.73;2013-12-01T00:00:00
8919372;547999;Humpolec;;;;;404349;Humpolec;379085;Na Závodí;è.ev.;445;;;39601;684127.56;1111461.28;2013-12-01T00:00:00
8919381;547999;Humpolec;;;;;404349;Humpolec;379085;Na Závodí;è.ev.;446;;;39601;684126.27;1111459.50;2013-12-01T00:00:00
8919399;547999;Humpolec;;;;;404349;Humpolec;379085;Na Závodí;è.ev.;447;;;39601;684123.41;1111458.19;2013-12-01T00:00:00
8919402;547999;Humpolec;;;;;404349;Humpolec;379085;Na Závodí;è.ev.;448;;;39601;684119.51;1111457.19;2013-12-01T00:00:00
8919411;547999;Humpolec;;;;;404349;Humpolec;379085;Na Závodí;è.ev.;449;;;39601;684117.70;1111455.89;2013-12-01T00:00:00
8919429;547999;Humpolec;;;;;404349;Humpolec;379085;Na Závodí;è.ev.;450;;;39601;684114.95;1111454.57;2013-12-01T00:00:00
8919437;547999;Humpolec;;;;;404349;Humpolec;379085;Na Závodí;è.ev.;451;;;39601;684112.37;1111453.26;2013-12-01T00:00:00
8919445;547999;Humpolec;;;;;404349;Humpolec;379085;Na Závodí;è.ev.;452;;;39601;684109.61;1111452.25;2013-12-01T00:00:00
8919453;547999;Humpolec;;;;;404349;Humpolec;379085;Na Závodí;è.ev.;453;;;39601;684106.57;1111450.96;2013-12-01T00:00:00
8919461;547999;Humpolec;;;;;404349;Humpolec;379085;Na Závodí;è.ev.;454;;;39601;684103.71;1111449.78;2013-12-01T00:00:00
8919470;547999;Humpolec;;;;;404349;Humpolec;379085;Na Závodí;è.ev.;455;;;39601;684101.22;1111448.49;2013-12-01T00:00:00
8919488;547999;Humpolec;;;;;404349;Humpolec;379085;Na Závodí;è.ev.;456;;;39601;684098.38;1111447.20;2013-12-01T00:00:00
8919496;547999;Humpolec;;;;;404349;Humpolec;379085;Na Závodí;è.ev.;457;;;39601;684095.35;1111446.10;2013-12-01T00:00:00
8919500;547999;Humpolec;;;;;404349;Humpolec;379085;Na Závodí;è.ev.;458;;;39601;684092.51;1111444.73;2013-12-01T00:00:00
8919518;547999;Humpolec;;;;;404349;Humpolec;379085;Na Závodí;è.ev.;459;;;39601;684095.30;1111439.06;2013-12-01T00:00:00
8919526;547999;Humpolec;;;;;404349;Humpolec;379085;Na Závodí;è.ev.;460;;;39601;684098.13;1111440.24;2013-12-01T00:00:00
8919534;547999;Humpolec;;;;;404349;Humpolec;379085;Na Závodí;è.ev.;461;;;39601;684100.56;1111441.52;2013-12-01T00:00:00
8919542;547999;Humpolec;;;;;404349;Humpolec;379085;Na Závodí;è.ev.;462;;;39601;684103.53;1111442.77;2013-12-01T00:00:00
8919551;547999;Humpolec;;;;;404349;Humpolec;379085;Na Závodí;è.ev.;463;;;39601;684106.30;1111443.98;2013-12-01T00:00:00
8919569;547999;Humpolec;;;;;404349;Humpolec;379085;Na Závodí;è.ev.;464;;;39601;684109.29;1111444.94;2013-12-01T00:00:00
8919577;547999;Humpolec;;;;;404349;Humpolec;379085;Na Závodí;è.ev.;465;;;39601;684112.11;1111446.28;2013-12-01T00:00:00
8919585;547999;Humpolec;;;;;404349;Humpolec;379085;Na Závodí;è.ev.;466;;;39601;684114.74;1111447.40;2013-12-01T00:00:00
8919593;547999;Humpolec;;;;;404349;Humpolec;379085;Na Závodí;è.ev.;467;;;39601;684117.46;1111448.49;2013-12-01T00:00:00
8919607;547999;Humpolec;;;;;404349;Humpolec;379085;Na Závodí;è.ev.;468;;;39601;684120.46;1111449.74;2013-12-01T00:00:00
8919615;547999;Humpolec;;;;;404349;Humpolec;379085;Na Závodí;è.ev.;469;;;39601;684123.05;1111451.17;2013-12-01T00:00:00
8919623;547999;Humpolec;;;;;404349;Humpolec;379085;Na Závodí;è.ev.;470;;;39601;684125.79;1111452.38;2013-12-01T00:00:00
8919631;547999;Humpolec;;;;;404349;Humpolec;379085;Na Závodí;è.ev.;471;;;39601;684128.22;1111451.58;2013-12-01T00:00:00
8919640;547999;Humpolec;;;;;404349;Humpolec;379085;Na Závodí;è.ev.;472;;;39601;684131.34;1111454.80;2013-12-01T00:00:00
8919658;547999;Humpolec;;;;;404349;Humpolec;379085;Na Závodí;è.ev.;473;;;39601;684134.44;1111455.98;2013-12-01T00:00:00
8919666;547999;Humpolec;;;;;404349;Humpolec;379085;Na Závodí;è.ev.;474;;;39601;684137.06;1111457.20;2013-12-01T00:00:00
8919674;547999;Humpolec;;;;;404349;Humpolec;379085;Na Závodí;è.ev.;475;;;39601;684139.96;1111458.49;2013-12-01T00:00:00
8919682;547999;Humpolec;;;;;404349;Humpolec;379085;Na Závodí;è.ev.;476;;;39601;684142.52;1111459.33;2013-12-01T00:00:00
8919691;547999;Humpolec;;;;;404349;Humpolec;379085;Na Závodí;è.ev.;477;;;39601;684145.25;1111460.76;2013-12-01T00:00:00
8919704;547999;Humpolec;;;;;404349;Humpolec;379085;Na Závodí;è.ev.;478;;;39601;684148.19;1111461.78;2013-12-01T00:00:00
8919739;547999;Humpolec;;;;;404349;Humpolec;379085;Na Závodí;è.ev.;481;;;39601;684073.36;1111486.07;2013-12-01T00:00:00
8919747;547999;Humpolec;;;;;404349;Humpolec;379085;Na Závodí;è.ev.;482;;;39601;684077.66;1111486.88;2013-12-01T00:00:00
8919755;547999;Humpolec;;;;;404349;Humpolec;379085;Na Závodí;è.ev.;483;;;39601;684077.08;1111480.17;2013-12-01T00:00:00
8919763;547999;Humpolec;;;;;404349;Humpolec;379085;Na Závodí;è.ev.;484;;;39601;684079.69;1111481.32;2013-12-01T00:00:00
8919801;547999;Humpolec;;;;;404349;Humpolec;379085;Na Závodí;è.ev.;488;;;39601;684079.94;1111436.69;2013-12-01T00:00:00
8919810;547999;Humpolec;;;;;404349;Humpolec;379085;Na Závodí;è.ev.;489;;;39601;684079.00;1111439.61;2013-12-01T00:00:00
8919828;547999;Humpolec;;;;;404349;Humpolec;379085;Na Závodí;è.ev.;490;;;39601;684077.71;1111442.20;2013-12-01T00:00:00
8919836;547999;Humpolec;;;;;404349;Humpolec;379085;Na Závodí;è.ev.;491;;;39601;684076.34;1111445.13;2013-12-01T00:00:00
8919844;547999;Humpolec;;;;;404349;Humpolec;379085;Na Závodí;è.ev.;492;;;39601;684075.31;1111448.04;2013-12-01T00:00:00
8919852;547999;Humpolec;;;;;404349;Humpolec;379085;Na Závodí;è.ev.;493;;;39601;684074.15;1111450.83;2013-12-01T00:00:00
8919861;547999;Humpolec;;;;;404349;Humpolec;379085;Na Závodí;è.ev.;494;;;39601;684072.92;1111453.70;2013-12-01T00:00:00
8919879;547999;Humpolec;;;;;404349;Humpolec;379085;Na Závodí;è.ev.;495;;;39601;684071.73;1111456.55;2013-12-01T00:00:00
8919887;547999;Humpolec;;;;;404349;Humpolec;379085;Na Závodí;è.ev.;496;;;39601;684070.66;1111459.19;2013-12-01T00:00:00
8919895;547999;Humpolec;;;;;404349;Humpolec;379085;Na Závodí;è.ev.;497;;;39601;684069.53;1111461.94;2013-12-01T00:00:00
8919909;547999;Humpolec;;;;;404349;Humpolec;379085;Na Závodí;è.ev.;498;;;39601;684068.42;1111464.69;2013-12-01T00:00:00
8919917;547999;Humpolec;;;;;404349;Humpolec;379085;Na Závodí;è.ev.;499;;;39601;684067.08;1111467.68;2013-12-01T00:00:00
8919925;547999;Humpolec;;;;;404349;Humpolec;379085;Na Závodí;è.ev.;500;;;39601;684065.84;1111470.65;2013-12-01T00:00:00
8919933;547999;Humpolec;;;;;404349;Humpolec;379085;Na Závodí;è.ev.;501;;;39601;684064.72;1111473.31;2013-12-01T00:00:00
8919941;547999;Humpolec;;;;;404349;Humpolec;379085;Na Závodí;è.ev.;502;;;39601;684063.52;1111476.28;2013-12-01T00:00:00
8919950;547999;Humpolec;;;;;404349;Humpolec;379085;Na Závodí;è.ev.;503;;;39601;684062.61;1111479.14;2013-12-01T00:00:00
8919968;547999;Humpolec;;;;;404349;Humpolec;379085;Na Závodí;è.ev.;504;;;39601;684061.31;1111481.90;2013-12-01T00:00:00
8919976;547999;Humpolec;;;;;404349;Humpolec;379085;Na Závodí;è.ev.;505;;;39601;684060.03;1111484.93;2013-12-01T00:00:00
8919984;547999;Humpolec;;;;;404349;Humpolec;379085;Na Závodí;è.ev.;506;;;39601;684058.82;1111487.61;2013-12-01T00:00:00
8919992;547999;Humpolec;;;;;404349;Humpolec;379085;Na Závodí;è.ev.;507;;;39601;684057.58;1111490.24;2013-12-01T00:00:00
8920001;547999;Humpolec;;;;;404349;Humpolec;379085;Na Závodí;è.ev.;508;;;39601;684056.44;1111493.09;2013-12-01T00:00:00
8920010;547999;Humpolec;;;;;404349;Humpolec;379085;Na Závodí;è.ev.;509;;;39601;684055.33;1111495.84;2013-12-01T00:00:00
8920028;547999;Humpolec;;;;;404349;Humpolec;379085;Na Závodí;è.ev.;510;;;39601;684054.41;1111498.53;2013-12-01T00:00:00
8920036;547999;Humpolec;;;;;404349;Humpolec;379085;Na Závodí;è.ev.;511;;;39601;684053.12;1111501.57;2013-12-01T00:00:00
8920044;547999;Humpolec;;;;;404349;Humpolec;379085;Na Závodí;è.ev.;512;;;39601;684051.53;1111504.94;2013-12-01T00:00:00
8920052;547999;Humpolec;;;;;404349;Humpolec;379085;Na Závodí;è.ev.;513;;;39601;684050.44;1111507.67;2013-12-01T00:00:00
8920061;547999;Humpolec;;;;;404349;Humpolec;379085;Na Závodí;è.ev.;514;;;39601;684049.24;1111510.38;2013-12-01T00:00:00
8920079;547999;Humpolec;;;;;404349;Humpolec;379085;Na Závodí;è.ev.;515;;;39601;684123.11;1111349.77;2013-12-01T00:00:00
8920087;547999;Humpolec;;;;;404349;Humpolec;379085;Na Závodí;è.ev.;516;;;39601;684120.08;1111350.07;2013-12-01T00:00:00
8920095;547999;Humpolec;;;;;404349;Humpolec;379085;Na Závodí;è.ev.;517;;;39601;684116.77;1111350.25;2013-12-01T00:00:00
8920109;547999;Humpolec;;;;;404349;Humpolec;379085;Na Závodí;è.ev.;518;;;39601;684113.74;1111350.36;2013-12-01T00:00:00
8920117;547999;Humpolec;;;;;404349;Humpolec;379085;Na Závodí;è.ev.;519;;;39601;684111.29;1111348.18;2013-12-01T00:00:00
8920125;547999;Humpolec;;;;;404349;Humpolec;379085;Na Závodí;è.ev.;520;;;39601;684111.11;1111357.20;2013-12-01T00:00:00
8920133;547999;Humpolec;;;;;404349;Humpolec;379085;Na Závodí;è.ev.;521;;;39601;684114.34;1111356.89;2013-12-01T00:00:00
8920141;547999;Humpolec;;;;;404349;Humpolec;379085;Na Závodí;è.ev.;522;;;39601;684095.31;1111304.59;2013-12-01T00:00:00
8920150;547999;Humpolec;;;;;404349;Humpolec;379085;Na Závodí;è.ev.;523;;;39601;684088.30;1111288.33;2013-12-01T00:00:00
8920168;547999;Humpolec;;;;;404349;Humpolec;379085;Na Závodí;è.ev.;524;;;39601;684088.27;1111282.16;2013-12-01T00:00:00
8920176;547999;Humpolec;;;;;404349;Humpolec;379115;Okružní;è.ev.;571;;;39601;684503.61;1113020.35;2013-12-01T00:00:00
8920184;547999;Humpolec;;;;;404349;Humpolec;379115;Okružní;è.ev.;572;;;39601;684505.10;1113022.92;2013-12-01T00:00:00
8920192;547999;Humpolec;;;;;404349;Humpolec;379115;Okružní;è.ev.;573;;;39601;684506.73;1113025.39;2013-12-01T00:00:00
8920206;547999;Humpolec;;;;;404349;Humpolec;379115;Okružní;è.ev.;574;;;39601;684508.54;1113027.87;2013-12-01T00:00:00
8920214;547999;Humpolec;;;;;404349;Humpolec;379115;Okružní;è.ev.;575;;;39601;684511.80;1113027.59;2022-10-23T00:00:00
8920222;547999;Humpolec;;;;;404349;Humpolec;379115;Okružní;è.ev.;576;;;39601;684512.20;1113032.65;2013-12-01T00:00:00
8920231;547999;Humpolec;;;;;404349;Humpolec;379115;Okružní;è.ev.;577;;;39601;684514.07;1113035.03;2013-12-01T00:00:00
8920249;547999;Humpolec;;;;;404349;Humpolec;379115;Okružní;è.ev.;578;;;39601;684515.83;1113037.47;2013-12-01T00:00:00
8920257;547999;Humpolec;;;;;404349;Humpolec;379115;Okružní;è.ev.;579;;;39601;684517.34;1113039.94;2013-12-01T00:00:00
8920265;547999;Humpolec;;;;;404349;Humpolec;379115;Okružní;è.ev.;580;;;39601;684518.90;1113042.41;2013-12-01T00:00:00
8920273;547999;Humpolec;;;;;404349;Humpolec;379115;Okružní;è.ev.;581;;;39601;684520.70;1113045.13;2013-12-01T00:00:00
8920281;547999;Humpolec;;;;;404349;Humpolec;379115;Okružní;è.ev.;582;;;39601;684523.22;1113045.30;2013-12-01T00:00:00
8920290;547999;Humpolec;;;;;404349;Humpolec;379115;Okružní;è.ev.;583;;;39601;684525.38;1113047.63;2013-12-01T00:00:00
8920303;547999;Humpolec;;;;;404349;Humpolec;379115;Okružní;è.ev.;584;;;39601;684526.95;1113050.17;2013-12-01T00:00:00
8920311;547999;Humpolec;;;;;404349;Humpolec;379115;Okružní;è.ev.;585;;;39601;684527.34;1113055.05;2013-12-01T00:00:00
8920320;547999;Humpolec;;;;;404349;Humpolec;379115;Okružní;è.ev.;586;;;39601;684529.01;1113057.28;2013-12-01T00:00:00
8920338;547999;Humpolec;;;;;404349;Humpolec;379115;Okružní;è.ev.;587;;;39601;684530.34;1113059.96;2013-12-01T00:00:00
8920346;547999;Humpolec;;;;;404349;Humpolec;379115;Okružní;è.ev.;588;;;39601;684534.07;1113059.73;2013-12-01T00:00:00
8920362;547999;Humpolec;;;;;404349;Humpolec;379115;Okružní;è.ev.;591;;;39601;684512.01;1113060.50;2013-12-01T00:00:00
8920371;547999;Humpolec;;;;;404349;Humpolec;379115;Okružní;è.ev.;592;;;39601;684510.12;1113058.50;2013-12-01T00:00:00
8920389;547999;Humpolec;;;;;404349;Humpolec;379115;Okružní;è.ev.;593;;;39601;684508.31;1113055.95;2013-12-01T00:00:00
8920397;547999;Humpolec;;;;;404349;Humpolec;379115;Okružní;è.ev.;594;;;39601;684508.04;1113052.22;2013-12-01T00:00:00
8920401;547999;Humpolec;;;;;404349;Humpolec;379115;Okružní;è.ev.;595;;;39601;684505.61;1113050.61;2013-12-12T00:00:00
8920419;547999;Humpolec;;;;;404349;Humpolec;379115;Okružní;è.ev.;596;;;39601;684505.13;1113046.79;2022-10-23T00:00:00
8920427;547999;Humpolec;;;;;404349;Humpolec;379115;Okružní;è.ev.;597;;;39601;684501.42;1113046.25;2013-12-12T00:00:00
8920435;547999;Humpolec;;;;;404349;Humpolec;379115;Okružní;è.ev.;598;;;39601;684501.70;1113041.80;2013-12-01T00:00:00
8920443;547999;Humpolec;;;;;404349;Humpolec;379115;Okružní;è.ev.;599;;;39601;684500.07;1113039.47;2013-12-01T00:00:00
8920451;547999;Humpolec;;;;;404349;Humpolec;379115;Okružní;è.ev.;600;;;39601;684496.32;1113038.71;2013-12-01T00:00:00
8920460;547999;Humpolec;;;;;404349;Humpolec;379115;Okružní;è.ev.;601;;;39601;684494.99;1113036.93;2013-12-01T00:00:00
8920478;547999;Humpolec;;;;;404349;Humpolec;379115;Okružní;è.ev.;602;;;39601;684493.45;1113034.73;2013-12-01T00:00:00
8920486;547999;Humpolec;;;;;404349;Humpolec;379115;Okružní;è.ev.;603;;;39601;684491.35;1113030.96;2013-12-01T00:00:00
8920494;547999;Humpolec;;;;;404349;Humpolec;379115;Okružní;è.ev.;604;;;39601;684489.72;1113028.55;2013-12-01T00:00:00
8920508;547999;Humpolec;;;;;404349;Humpolec;379115;Okružní;è.ev.;605;;;39601;684484.99;1113033.04;2013-12-01T00:00:00
8920516;547999;Humpolec;;;;;404349;Humpolec;379115;Okružní;è.ev.;606;;;39601;684486.99;1113035.49;2013-12-01T00:00:00
8920524;547999;Humpolec;;;;;404349;Humpolec;379115;Okružní;è.ev.;607;;;39601;684489.52;1113035.60;2022-10-23T00:00:00
8920532;547999;Humpolec;;;;;404349;Humpolec;379115;Okružní;è.ev.;608;;;39601;684488.07;1113040.18;2013-12-12T00:00:00
8920541;547999;Humpolec;;;;;404349;Humpolec;379115;Okružní;è.ev.;609;;;39601;684491.44;1113043.17;2013-12-01T00:00:00
8920559;547999;Humpolec;;;;;404349;Humpolec;379115;Okružní;è.ev.;610;;;39601;684493.32;1113045.57;2013-12-01T00:00:00
8920567;547999;Humpolec;;;;;404349;Humpolec;379115;Okružní;è.ev.;611;;;39601;684493.76;1113047.26;2013-12-01T00:00:00
8920575;547999;Humpolec;;;;;404349;Humpolec;379115;Okružní;è.ev.;612;;;39601;684498.00;1113048.16;2022-10-23T00:00:00
8920583;547999;Humpolec;;;;;404349;Humpolec;379115;Okružní;è.ev.;615;;;39601;684500.43;1113057.55;2013-12-12T00:00:00
8920613;547999;Humpolec;;;;;404349;Humpolec;379115;Okružní;è.ev.;618;;;39601;684505.60;1113064.84;2013-12-01T00:00:00
8920621;547999;Humpolec;;;;;404349;Humpolec;379115;Okružní;è.ev.;620;;;39601;684484.37;1113061.08;2013-12-12T00:00:00
8920630;547999;Humpolec;;;;;404349;Humpolec;379115;Okružní;è.ev.;621;;;39601;684480.82;1113060.06;2013-12-01T00:00:00
8920648;547999;Humpolec;;;;;404349;Humpolec;379115;Okružní;è.ev.;622;;;39601;684479.25;1113057.45;2013-12-01T00:00:00
8920656;547999;Humpolec;;;;;404349;Humpolec;379115;Okružní;è.ev.;623;;;39601;684481.52;1113052.07;2013-12-01T00:00:00
8920664;547999;Humpolec;;;;;404349;Humpolec;379115;Okružní;è.ev.;624;;;39601;684480.04;1113049.70;2013-12-01T00:00:00
8920672;547999;Humpolec;;;;;404349;Humpolec;379115;Okružní;è.ev.;625;;;39601;684478.18;1113047.19;2013-12-01T00:00:00
8920681;547999;Humpolec;;;;;404349;Humpolec;379115;Okružní;è.ev.;626;;;39601;684474.00;1113047.00;2013-12-01T00:00:00
8920699;547999;Humpolec;;;;;404349;Humpolec;379115;Okružní;è.ev.;627;;;39601;684474.85;1113042.24;2013-12-01T00:00:00
8920702;547999;Humpolec;;;;;404349;Humpolec;379115;Okružní;è.ev.;628;;;39601;684473.28;1113039.70;2013-12-01T00:00:00
8920711;547999;Humpolec;;;;;404349;Humpolec;379115;Okružní;è.ev.;629;;;39601;684535.82;1113062.19;2013-12-01T00:00:00
8920729;547999;Humpolec;;;;;404349;Humpolec;379115;Okružní;è.ev.;630;;;39601;684535.00;1113066.00;2013-12-01T00:00:00
8920737;547999;Humpolec;;;;;404349;Humpolec;379409;Pražská;è.ev.;631;;;39601;685035.46;1111799.80;2013-12-01T00:00:00
8920745;547999;Humpolec;;;;;404349;Humpolec;379409;Pražská;è.ev.;632;;;39601;685038.08;1111803.98;2013-12-01T00:00:00
8920753;547999;Humpolec;;;;;404349;Humpolec;379409;Pražská;è.ev.;633;;;39601;685041.44;1111804.18;2013-12-01T00:00:00
8920761;547999;Humpolec;;;;;404349;Humpolec;379409;Pražská;è.ev.;634;;;39601;685036.28;1111793.73;2013-12-01T00:00:00
8920770;547999;Humpolec;;;;;404349;Humpolec;379409;Pražská;è.ev.;635;;;39601;685038.13;1111795.76;2013-12-01T00:00:00
8920788;547999;Humpolec;;;;;404349;Humpolec;379409;Pražská;è.ev.;636;;;39601;685041.12;1111795.69;2013-12-16T00:00:00
8920796;547999;Humpolec;;;;;404349;Humpolec;379409;Pražská;è.ev.;637;;;39601;685044.00;1111796.00;2013-12-01T00:00:00
8920800;547999;Humpolec;;;;;404349;Humpolec;379409;Pražská;è.ev.;638;;;39601;685055.22;1111783.79;2013-12-01T00:00:00
8920818;547999;Humpolec;;;;;404349;Humpolec;379409;Pražská;è.ev.;639;;;39601;685052.00;1111781.00;2013-12-01T00:00:00
8920826;547999;Humpolec;;;;;404349;Humpolec;379409;Pražská;è.ev.;640;;;39601;685048.44;1111780.97;2013-12-16T00:00:00
8920834;547999;Humpolec;;;;;404349;Humpolec;379409;Pražská;è.ev.;641;;;39601;685046.44;1111779.49;2013-12-01T00:00:00
8920842;547999;Humpolec;;;;;404349;Humpolec;379409;Pražská;è.ev.;642;;;39601;685043.33;1111782.68;2013-12-01T00:00:00
8920851;547999;Humpolec;;;;;404349;Humpolec;379409;Pražská;è.ev.;643;;;39601;685044.15;1111774.89;2013-12-01T00:00:00
8920869;547999;Humpolec;;;;;404349;Humpolec;379409;Pražská;è.ev.;644;;;39601;685047.47;1111773.01;2013-12-01T00:00:00
8920877;547999;Humpolec;;;;;404349;Humpolec;379409;Pražská;è.ev.;645;;;39601;685050.06;1111775.65;2013-12-01T00:00:00
8920885;547999;Humpolec;;;;;404349;Humpolec;379409;Pražská;è.ev.;646;;;39601;685052.13;1111773.26;2013-12-01T00:00:00
8920893;547999;Humpolec;;;;;404349;Humpolec;379409;Pražská;è.ev.;647;;;39601;685055.05;1111773.62;2013-12-01T00:00:00
8920923;547999;Humpolec;;;;;404349;Humpolec;379085;Na Závodí;è.ev.;650;;;39601;684048.24;1111513.34;2013-12-01T00:00:00
8920931;547999;Humpolec;;;;;404349;Humpolec;379085;Na Závodí;è.ev.;651;;;39601;684047.25;1111516.24;2013-12-01T00:00:00
8920940;547999;Humpolec;;;;;404349;Humpolec;379085;Na Závodí;è.ev.;652;;;39601;684045.90;1111518.88;2013-12-01T00:00:00
8920958;547999;Humpolec;;;;;404349;Humpolec;379085;Na Závodí;è.ev.;653;;;39601;684059.57;1111520.70;2013-12-01T00:00:00
8920966;547999;Humpolec;;;;;404349;Humpolec;379085;Na Závodí;è.ev.;654;;;39601;684062.53;1111522.19;2013-12-01T00:00:00
8920974;547999;Humpolec;;;;;404349;Humpolec;379085;Na Závodí;è.ev.;655;;;39601;684065.34;1111523.07;2013-12-01T00:00:00
8920982;547999;Humpolec;;;;;404349;Humpolec;379085;Na Závodí;è.ev.;656;;;39601;684068.00;1111524.55;2013-12-01T00:00:00
8920991;547999;Humpolec;;;;;404349;Humpolec;379085;Na Závodí;è.ev.;657;;;39601;684070.67;1111525.81;2013-12-01T00:00:00
8921008;547999;Humpolec;;;;;404349;Humpolec;379085;Na Závodí;è.ev.;658;;;39601;684073.63;1111527.07;2013-12-01T00:00:00
8921016;547999;Humpolec;;;;;404349;Humpolec;379085;Na Závodí;è.ev.;659;;;39601;684075.51;1111527.90;2013-12-01T00:00:00
8921024;547999;Humpolec;;;;;404349;Humpolec;379085;Na Závodí;è.ev.;660;;;39601;684079.32;1111529.22;2013-12-01T00:00:00
8921032;547999;Humpolec;;;;;404349;Humpolec;379085;Na Závodí;è.ev.;661;;;39601;684082.13;1111530.48;2013-12-01T00:00:00
8921041;547999;Humpolec;;;;;404349;Humpolec;379085;Na Závodí;è.ev.;662;;;39601;684084.94;1111531.73;2013-12-01T00:00:00
8921059;547999;Humpolec;;;;;404349;Humpolec;379085;Na Závodí;è.ev.;663;;;39601;684087.53;1111533.21;2013-12-01T00:00:00
8921067;547999;Humpolec;;;;;404349;Humpolec;379085;Na Závodí;è.ev.;664;;;39601;684090.57;1111534.25;2013-12-01T00:00:00
8921075;547999;Humpolec;;;;;404349;Humpolec;379085;Na Závodí;è.ev.;665;;;39601;684093.23;1111535.36;2013-12-01T00:00:00
8921083;547999;Humpolec;;;;;404349;Humpolec;379085;Na Závodí;è.ev.;666;;;39601;684095.97;1111536.77;2013-12-01T00:00:00
8921091;547999;Humpolec;;;;;404349;Humpolec;379085;Na Závodí;è.ev.;667;;;39601;684098.85;1111538.17;2013-12-01T00:00:00
8921105;547999;Humpolec;;;;;404349;Humpolec;379085;Na Závodí;è.ev.;668;;;39601;684100.92;1111539.01;2013-12-01T00:00:00
8921113;547999;Humpolec;;;;;404349;Humpolec;379085;Na Závodí;è.ev.;669;;;39601;684104.33;1111540.39;2013-12-01T00:00:00
8921130;547999;Humpolec;;;;;404349;Humpolec;379085;Na Závodí;è.ev.;671;;;39601;684116.87;1111240.73;2013-12-01T00:00:00
8921148;547999;Humpolec;;;;;404349;Humpolec;379085;Na Závodí;è.ev.;672;;;39601;684113.92;1111240.86;2013-12-01T00:00:00
8921156;547999;Humpolec;;;;;404349;Humpolec;379085;Na Závodí;è.ev.;673;;;39601;684138.42;1111409.42;2013-12-01T00:00:00
8921164;547999;Humpolec;;;;;404349;Humpolec;379085;Na Závodí;è.ev.;674;;;39601;684140.80;1111413.42;2013-12-01T00:00:00
8921172;547999;Humpolec;;;;;404349;Humpolec;379085;Na Závodí;è.ev.;675;;;39601;684143.03;1111415.12;2013-12-01T00:00:00
8921181;547999;Humpolec;;;;;404349;Humpolec;379085;Na Závodí;è.ev.;676;;;39601;684145.76;1111414.92;2013-12-01T00:00:00
8921199;547999;Humpolec;;;;;404349;Humpolec;379085;Na Závodí;è.ev.;677;;;39601;684148.92;1111416.15;2013-12-01T00:00:00
8921202;547999;Humpolec;;;;;404349;Humpolec;379085;Na Závodí;è.ev.;678;;;39601;684151.86;1111417.11;2022-10-23T00:00:00
8921211;547999;Humpolec;;;;;404349;Humpolec;379085;Na Závodí;è.ev.;679;;;39601;684135.25;1111425.34;2013-12-12T00:00:00
8921229;547999;Humpolec;;;;;404349;Humpolec;379085;Na Závodí;è.ev.;680;;;39601;684136.26;1111429.38;2013-12-01T00:00:00
8921237;547999;Humpolec;;;;;404349;Humpolec;379085;Na Závodí;è.ev.;681;;;39601;684139.27;1111429.60;2013-12-12T00:00:00
8921245;547999;Humpolec;;;;;404349;Humpolec;379085;Na Závodí;è.ev.;682;;;39601;684142.07;1111431.27;2013-12-01T00:00:00
8921253;547999;Humpolec;;;;;404349;Humpolec;379085;Na Závodí;è.ev.;683;;;39601;684143.17;1111434.91;2013-12-01T00:00:00
8921261;547999;Humpolec;;;;;404349;Humpolec;379085;Na Závodí;è.ev.;684;;;39601;684147.00;1111437.00;2013-12-01T00:00:00
8921270;547999;Humpolec;;;;;404349;Humpolec;379085;Na Závodí;è.ev.;685;;;39601;684149.67;1111436.74;2013-12-01T00:00:00
8921288;547999;Humpolec;;;;;404349;Humpolec;379085;Na Závodí;è.ev.;686;;;39601;684151.34;1111439.25;2013-12-12T00:00:00
8921296;547999;Humpolec;;;;;404349;Humpolec;379085;Na Závodí;è.ev.;687;;;39601;684154.90;1111439.43;2022-10-23T00:00:00
8921300;547999;Humpolec;;;;;404349;Humpolec;379085;Na Závodí;è.ev.;688;;;39601;684157.34;1111441.16;2022-10-23T00:00:00
8921318;547999;Humpolec;;;;;404349;Humpolec;379085;Na Závodí;è.ev.;689;;;39601;684159.69;1111442.93;2022-10-23T00:00:00
8921326;547999;Humpolec;;;;;404349;Humpolec;379085;Na Závodí;è.ev.;690;;;39601;684161.49;1111447.93;2013-12-01T00:00:00
8921334;547999;Humpolec;;;;;404349;Humpolec;379107;Nerudova;è.ev.;700;;;39601;684385.65;1111129.06;2013-12-01T00:00:00
8921342;547999;Humpolec;;;;;404349;Humpolec;379107;Nerudova;è.ev.;701;;;39601;684386.78;1111125.99;2013-12-01T00:00:00
8921351;547999;Humpolec;;;;;404349;Humpolec;379107;Nerudova;è.ev.;702;;;39601;684388.12;1111120.02;2013-12-01T00:00:00
8921369;547999;Humpolec;;;;;404349;Humpolec;379107;Nerudova;è.ev.;705;;;39601;684392.50;1111107.17;2013-12-01T00:00:00
8921385;547999;Humpolec;;;;;404349;Humpolec;379000;Lužická;è.ev.;710;;;39601;683733.89;1110904.56;2013-12-01T00:00:00
8921393;547999;Humpolec;;;;;404349;Humpolec;379000;Lužická;è.ev.;711;;;39601;683732.26;1110905.71;2013-12-11T00:00:00
8921407;547999;Humpolec;;;;;404349;Humpolec;379000;Lužická;è.ev.;712;;;39601;683728.16;1110906.35;2013-12-01T00:00:00
8921415;547999;Humpolec;;;;;404349;Humpolec;379000;Lužická;è.ev.;713;;;39601;683724.86;1110906.86;2013-12-01T00:00:00
8921423;547999;Humpolec;;;;;404349;Humpolec;379000;Lužická;è.ev.;714;;;39601;683721.76;1110907.98;2013-12-01T00:00:00
8921431;547999;Humpolec;;;;;404349;Humpolec;379085;Na Závodí;è.ev.;715;;;39601;684110.86;1111241.50;2013-12-01T00:00:00
23120835;547999;Humpolec;;;;;404349;Humpolec;379271;Školní;è.p.;417;;;39601;684098.00;1112164.00;2013-12-01T00:00:00
23120843;547999;Humpolec;;;;;66184;Kleteèná;;;è.p.;71;;;39601;688602.02;1115410.20;2013-12-01T00:00:00
23120851;547999;Humpolec;;;;;74021;Krasoòov;;;è.p.;126;;;39601;681525.47;1116526.00;2013-12-01T00:00:00
25094459;547999;Humpolec;;;;;404349;Humpolec;379158;Pelhøimovská;è.p.;1527;;;39601;684569.56;1112846.00;2013-12-01T00:00:00
25144162;547999;Humpolec;;;;;404349;Humpolec;378712;Dvorská;è.p.;1354;;;39601;683196.63;1111602.88;2013-12-01T00:00:00
25322460;547999;Humpolec;;;;;404349;Humpolec;378640;Boèní;è.p.;1541;;;39601;683773.06;1112491.13;2013-12-01T00:00:00
25348477;547999;Humpolec;;;;;49409;Rozkoš;;;è.p.;120;;;39601;681454.78;1112204.51;2013-12-01T00:00:00
25356313;547999;Humpolec;;;;;404349;Humpolec;704474;Vilová;è.p.;1556;;;39601;683941.00;1112906.13;2013-12-01T00:00:00
25369237;547999;Humpolec;;;;;404349;Humpolec;379158;Pelhøimovská;è.p.;1549;;;39601;684470.00;1112782.00;2013-12-01T00:00:00
25369245;547999;Humpolec;;;;;404349;Humpolec;379476;Sadová;è.p.;1498;;;39601;684316.92;1112852.84;2022-10-23T00:00:00
25378741;547999;Humpolec;;;;;404349;Humpolec;379433;Lesní;è.p.;1502;;;39601;684369.50;1112870.75;2013-12-01T00:00:00
25378759;547999;Humpolec;;;;;404349;Humpolec;704474;Vilová;è.p.;1555;;;39601;683943.90;1112872.92;2022-10-23T00:00:00
25400789;547999;Humpolec;;;;;404349;Humpolec;379191;Raisova;è.p.;1524;;;39601;683543.31;1111393.50;2013-12-01T00:00:00
25442783;547999;Humpolec;;;;;404349;Humpolec;378747;Hadina;è.p.;1529;;;39601;683466.97;1109801.58;2022-10-23T00:00:00
25486535;547999;Humpolec;;;;;404349;Humpolec;379018;Máchova;è.p.;1607;;;39601;683937.00;1112522.00;2013-12-01T00:00:00
25551680;547999;Humpolec;;;;;404349;Humpolec;379361;V Cípku;è.p.;1552;;;39601;683914.88;1112817.88;2013-12-01T00:00:00
25586661;547999;Humpolec;;;;;404349;Humpolec;378879;Jihlavská;è.p.;1608;;;39601;683673.00;1112329.00;2013-12-01T00:00:00
25598333;547999;Humpolec;;;;;74021;Krasoòov;;;è.p.;106;;;39601;681502.19;1116928.50;2013-12-01T00:00:00
25609891;547999;Humpolec;;;;;404349;Humpolec;379158;Pelhøimovská;è.p.;1606;;;39601;684831.31;1113154.88;2013-12-01T00:00:00
25662856;547999;Humpolec;;;;;404349;Humpolec;379158;Pelhøimovská;è.p.;1623;;;39601;684696.00;1113029.00;2013-12-01T00:00:00
25684949;547999;Humpolec;;;;;160598;Svìtlický Dvùr;;;è.p.;115;;;39601;684405.62;1109434.56;2013-12-01T00:00:00
25696483;547999;Humpolec;;;;;404349;Humpolec;704474;Vilová;è.p.;1553;;;39601;683902.09;1112856.40;2013-12-01T00:00:00
25760271;547999;Humpolec;;;;;404349;Humpolec;378755;Hamzova;è.p.;1590;;;39601;684609.18;1112754.02;2013-12-01T00:00:00
25760289;547999;Humpolec;;;;;404349;Humpolec;378879;Jihlavská;è.p.;1585;;;39601;683444.92;1112951.41;2013-12-01T00:00:00
25764365;547999;Humpolec;;;;;404349;Humpolec;379441;Na Houpaèkách;è.p.;1500;;;39601;684386.88;1112904.25;2013-12-01T00:00:00
25766139;547999;Humpolec;;;;;404349;Humpolec;378640;Boèní;è.p.;1542;;;39601;683768.00;1112526.00;2013-12-01T00:00:00
25837290;547999;Humpolec;;;;;404349;Humpolec;378666;Èejovská;è.p.;1586;;;39601;683119.05;1111289.65;2013-12-01T00:00:00
25840304;547999;Humpolec;;;;;404349;Humpolec;378844;Humpolecký dvùr;è.p.;1597;;;39601;683254.85;1111707.81;2013-12-01T00:00:00
25840312;547999;Humpolec;;;;;404349;Humpolec;379158;Pelhøimovská;è.p.;1640;;;39601;684491.20;1112726.19;2013-12-01T00:00:00
25854712;547999;Humpolec;;;;;404349;Humpolec;704474;Vilová;è.p.;1559;;;39601;683887.15;1112913.51;2013-12-01T00:00:00
25871145;547999;Humpolec;;;;;160580;Svìtlice;;;è.p.;122;;;39601;683682.70;1109102.81;2013-12-01T00:00:00
25911490;547999;Humpolec;;;;;40061;Hnìvkovice;;;è.p.;156;;;39601;686597.37;1112845.25;2013-12-01T00:00:00
25929925;547999;Humpolec;;;;;404349;Humpolec;379018;Máchova;è.p.;1544;;;39601;683744.04;1112428.88;2013-12-01T00:00:00
25929933;547999;Humpolec;;;;;404349;Humpolec;379476;Sadová;è.p.;1499;;;39601;684350.96;1112910.35;2013-12-01T00:00:00
26023610;547999;Humpolec;;;;;40061;Hnìvkovice;;;è.p.;160;;;39601;686552.00;1112976.00;2013-12-01T00:00:00
26033712;547999;Humpolec;;;;;66184;Kleteèná;;;è.p.;77;;;39601;688832.59;1115487.95;2013-12-01T00:00:00
26041707;547999;Humpolec;;;;;404349;Humpolec;379158;Pelhøimovská;è.p.;1605;;;39601;684819.25;1113145.25;2013-12-01T00:00:00
26041715;547999;Humpolec;;;;;404349;Humpolec;378844;Humpolecký dvùr;è.p.;1596;;;39601;683251.69;1111730.47;2013-12-01T00:00:00
26088703;547999;Humpolec;;;;;404349;Humpolec;742198;Vìtrná;è.p.;1615;;;39601;684853.00;1111551.00;2013-12-01T00:00:00
26110491;547999;Humpolec;;;;;49409;Rozkoš;;;è.p.;122;;;39601;681992.19;1112315.12;2013-12-01T00:00:00
26120674;547999;Humpolec;;;;;404349;Humpolec;379441;Na Houpaèkách;è.p.;1505;;;39601;684397.08;1112942.00;2013-12-01T00:00:00
26131633;547999;Humpolec;;;;;160580;Svìtlice;;;è.p.;114;;;39601;683793.94;1108754.34;2022-10-23T00:00:00
26163161;547999;Humpolec;;;;;404349;Humpolec;379158;Pelhøimovská;è.p.;1662;;;39601;684727.00;1113242.00;2013-12-01T00:00:00
26185393;547999;Humpolec;;;;;404349;Humpolec;704474;Vilová;è.p.;1558;;;39601;683906.37;1112916.85;2013-12-01T00:00:00
26196069;547999;Humpolec;;;;;404349;Humpolec;379085;Na Závodí;è.p.;296;;;39601;684113.00;1111562.00;2013-12-01T00:00:00
26199921;547999;Humpolec;;;;;404349;Humpolec;379085;Na Závodí;è.p.;467;;;39601;683979.00;1111119.00;2013-12-01T00:00:00
26199939;547999;Humpolec;;;;;81345;Lhotka;;;è.p.;12;;;39601;689372.73;1109777.31;2013-12-01T00:00:00
26199947;547999;Humpolec;;;;;40061;Hnìvkovice;;;è.p.;154;;;39601;686680.73;1113165.33;2013-12-01T00:00:00
26287641;547999;Humpolec;;;;;66184;Kleteèná;;;è.p.;78;;;39601;688871.00;1115330.00;2013-12-01T00:00:00
26418550;547999;Humpolec;;;;;404349;Humpolec;378828;Hradská;è.p.;1681;;;39601;683563.98;1112020.82;2013-12-01T00:00:00
26421941;547999;Humpolec;;;;;404349;Humpolec;379026;Mánesova;è.p.;1672;;;39601;684397.00;1111795.00;2013-12-01T00:00:00
26428440;547999;Humpolec;;;;;404349;Humpolec;379158;Pelhøimovská;è.p.;1675;;;39601;684928.15;1113188.45;2013-12-01T00:00:00
26435691;547999;Humpolec;;;;;404349;Humpolec;378691;Dukelská;è.p.;1599;;;39601;683293.00;1111772.00;2013-12-01T00:00:00
26451344;547999;Humpolec;;;;;160580;Svìtlice;;;è.p.;120;;;39601;684094.00;1108974.00;2013-12-01T00:00:00
26451964;547999;Humpolec;;;;;404349;Humpolec;378976;Litochleby;è.p.;1653;;;39601;683959.74;1111037.75;2013-12-01T00:00:00
26453444;547999;Humpolec;;;;;404349;Humpolec;379204;Masarykova;è.p.;1656;;;39601;684012.86;1112294.07;2013-12-01T00:00:00
26460840;547999;Humpolec;;;;;404349;Humpolec;378984;Lnáøská;è.p.;1602;;;39601;684710.96;1112443.28;2013-12-01T00:00:00
26470608;547999;Humpolec;;;;;404349;Humpolec;378674;Dolní námìstí;è.p.;1685;;;39601;683809.00;1111984.00;2013-12-01T00:00:00
26473895;547999;Humpolec;;;;;404349;Humpolec;379000;Lužická;è.p.;1667;;;39601;683710.00;1110810.00;2013-12-01T00:00:00
26477769;547999;Humpolec;;;;;404349;Humpolec;704474;Vilová;è.p.;1637;;;39601;683816.04;1112804.04;2013-12-01T00:00:00
26480123;547999;Humpolec;;;;;404349;Humpolec;704474;Vilová;è.p.;1638;;;39601;683860.75;1112817.85;2013-12-01T00:00:00
26481863;547999;Humpolec;;;;;404349;Humpolec;379158;Pelhøimovská;è.p.;1624;;;39601;684729.63;1113054.51;2013-12-01T00:00:00
26482584;547999;Humpolec;;;;;404349;Humpolec;742198;Vìtrná;è.p.;1612;;;39601;684873.87;1111561.47;2013-12-01T00:00:00
26483645;547999;Humpolec;;;;;404349;Humpolec;378879;Jihlavská;è.p.;1688;;;39601;683452.36;1112772.87;2013-12-01T00:00:00
26490447;547999;Humpolec;;;;;404349;Humpolec;379361;V Cípku;è.p.;1616;;;39601;684092.18;1112881.28;2013-12-01T00:00:00
26513056;547999;Humpolec;;;;;404349;Humpolec;379344;U Vinopalny;è.p.;1687;;;39601;683736.17;1112330.49;2013-12-01T00:00:00
26521008;547999;Humpolec;;;;;40061;Hnìvkovice;;;è.p.;163;;;39601;686636.68;1112771.44;2013-12-01T00:00:00
26567601;547999;Humpolec;;;;;404349;Humpolec;379247;Soukenická;è.p.;1674;;;39601;684041.51;1111902.25;2013-12-01T00:00:00
26576091;547999;Humpolec;;;;;160580;Svìtlice;;;è.p.;128;;;39601;684023.10;1108592.44;2013-12-01T00:00:00
26580365;547999;Humpolec;;;;;404349;Humpolec;378984;Lnáøská;è.p.;1654;;;39601;684586.68;1112523.16;2013-12-01T00:00:00
26580624;547999;Humpolec;;;;;40061;Hnìvkovice;;;è.p.;165;;;39601;686031.27;1112769.81;2013-12-01T00:00:00
26581027;547999;Humpolec;;;;;404349;Humpolec;768227;U Sokolovny;è.p.;1690;;;39601;684386.26;1112356.70;2013-12-01T00:00:00
26582139;547999;Humpolec;;;;;404349;Humpolec;379107;Nerudova;è.p.;1680;;;39601;684260.68;1111259.02;2020-09-08T00:00:00
26584611;547999;Humpolec;;;;;404349;Humpolec;379409;Pražská;è.p.;1649;;;39601;685413.51;1111803.67;2013-12-01T00:00:00
26585197;547999;Humpolec;;;;;404349;Humpolec;379000;Lužická;è.p.;1532;;;39601;683552.23;1110811.64;2013-12-01T00:00:00
26585421;547999;Humpolec;;;;;404349;Humpolec;378771;Hálkova;è.p.;1652;;;39601;684547.00;1112031.00;2013-12-01T00:00:00
26586487;547999;Humpolec;;;;;49417;Vilémov;;;è.p.;105;;;39601;682269.22;1112973.64;2013-12-01T00:00:00
26587432;547999;Humpolec;;;;;404349;Humpolec;379085;Na Závodí;è.p.;1537;;;39601;683964.09;1111624.21;2013-12-01T00:00:00
26592452;547999;Humpolec;;;;;404349;Humpolec;378666;Èejovská;è.p.;1676;;;39601;683758.26;1111650.40;2013-12-01T00:00:00
26646226;547999;Humpolec;;;;;404349;Humpolec;741442;Pod Vilémovem;è.p.;1617;;;39601;682472.89;1112710.06;2013-12-01T00:00:00
26667282;547999;Humpolec;;;;;404349;Humpolec;379166;Podìbradova;è.p.;516;;;39601;683952.00;1112363.32;2013-12-01T00:00:00
26690128;547999;Humpolec;;;;;404349;Humpolec;379115;Okružní;è.p.;1298;;;39601;684742.00;1111910.00;2013-12-01T00:00:00
26695146;547999;Humpolec;;;;;74021;Krasoòov;;;è.p.;107;;;39601;681446.69;1116682.38;2013-12-01T00:00:00
26701197;547999;Humpolec;;;;;404349;Humpolec;378682;Družstevní;è.p.;1241;;;39601;684413.79;1111360.76;2013-12-01T00:00:00
26707365;547999;Humpolec;;;;;404349;Humpolec;704474;Vilová;è.p.;1554;;;39601;683920.87;1112862.22;2013-12-01T00:00:00
26720621;547999;Humpolec;;;;;404349;Humpolec;379425;Žižkova;è.p.;1550;;;39601;683986.81;1112049.13;2013-12-01T00:00:00
26720639;547999;Humpolec;;;;;404349;Humpolec;379425;Žižkova;è.p.;1626;;;39601;683977.10;1112099.93;2013-12-01T00:00:00
26775115;547999;Humpolec;;;;;404349;Humpolec;379158;Pelhøimovská;è.p.;1528;;;39601;684564.59;1112839.79;2013-12-01T00:00:00
26828634;547999;Humpolec;;;;;40061;Hnìvkovice;;;è.p.;24;;;39601;686483.58;1112966.15;2013-12-01T00:00:00
26828642;547999;Humpolec;;;;;40061;Hnìvkovice;;;è.p.;151;;;39601;686615.13;1112876.88;2013-12-01T00:00:00
26828651;547999;Humpolec;;;;;40061;Hnìvkovice;;;è.ev.;2;;;39601;686691.58;1112989.72;2013-12-01T00:00:00
26828669;547999;Humpolec;;;;;49409;Rozkoš;;;è.p.;113;;;39601;682631.85;1112358.86;2013-12-01T00:00:00
26828677;547999;Humpolec;;;;;49409;Rozkoš;;;è.p.;123;;;39601;681536.62;1112038.88;2013-12-01T00:00:00
26828685;547999;Humpolec;;;;;49409;Rozkoš;;;è.p.;127;;;39601;682583.69;1112388.35;2013-12-01T00:00:00
26828693;547999;Humpolec;;;;;49409;Rozkoš;;;è.p.;130;;;39601;682211.66;1112245.33;2013-12-01T00:00:00
26828707;547999;Humpolec;;;;;49417;Vilémov;;;è.p.;57;;;39601;682054.83;1113050.92;2013-12-01T00:00:00
26828715;547999;Humpolec;;;;;49417;Vilémov;;;è.p.;104;;;39601;682118.36;1112954.90;2013-12-01T00:00:00
26828723;547999;Humpolec;;;;;49441;Brunka;;;è.p.;1519;;;39601;684924.31;1109648.95;2013-12-01T00:00:00
26828731;547999;Humpolec;;;;;66184;Kleteèná;;;è.ev.;17;;;39601;689340.00;1112795.00;2013-12-01T00:00:00
26828740;547999;Humpolec;;;;;74021;Krasoòov;;;è.p.;109;;;39601;681678.19;1116329.50;2013-12-01T00:00:00
26828758;547999;Humpolec;;;;;119946;Petrovice;;;è.p.;108;;;39601;689424.00;1111112.25;2013-12-01T00:00:00
26828766;547999;Humpolec;;;;;121223;Plaèkov;;;è.p.;20;;;39601;681380.00;1113355.00;2013-12-01T00:00:00
26828774;547999;Humpolec;;;;;160580;Svìtlice;;;è.p.;117;;;39601;683772.38;1109206.38;2013-12-01T00:00:00
26828782;547999;Humpolec;;;;;160580;Svìtlice;;;è.p.;121;;;39601;683835.57;1108968.01;2013-12-01T00:00:00
26828791;547999;Humpolec;;;;;404349;Humpolec;378712;Dvorská;è.p.;202;;;39601;683338.44;1111689.13;2013-12-01T00:00:00
26828804;547999;Humpolec;;;;;404349;Humpolec;379476;Sadová;è.p.;1504;;;39601;684334.80;1112886.97;2013-12-01T00:00:00
26828812;547999;Humpolec;;;;;404349;Humpolec;379018;Máchova;è.p.;1522;;;39601;684090.93;1112518.82;2013-12-01T00:00:00
26828821;547999;Humpolec;;;;;404349;Humpolec;379018;Máchova;è.p.;1543;;;39601;683781.56;1112449.00;2013-12-01T00:00:00
26828839;547999;Humpolec;;;;;404349;Humpolec;379018;Máchova;è.p.;1545;;;39601;683686.99;1112428.29;2013-12-01T00:00:00
26828847;547999;Humpolec;;;;;404349;Humpolec;379361;V Cípku;è.p.;1551;;;39601;683938.09;1112827.93;2013-12-01T00:00:00
26828855;547999;Humpolec;;;;;404349;Humpolec;379093;Nádražní;è.p.;1581;;;39601;684962.02;1112309.37;2013-12-01T00:00:00
26828863;547999;Humpolec;;;;;404349;Humpolec;379093;Nádražní;è.p.;1582;;;39601;684981.63;1112402.13;2013-12-01T00:00:00
26828871;547999;Humpolec;;;;;404349;Humpolec;378798;Hornická;è.p.;1587;;;39601;683616.90;1111839.90;2013-12-01T00:00:00
26828880;547999;Humpolec;;;;;404349;Humpolec;378887;Jindráèkové;è.p.;1588;;;39601;683388.88;1112122.63;2013-12-01T00:00:00
26828898;547999;Humpolec;;;;;404349;Humpolec;379093;Nádražní;è.p.;1589;;;39601;685657.43;1112312.35;2022-10-23T00:00:00
26828901;547999;Humpolec;;;;;404349;Humpolec;378844;Humpolecký dvùr;è.p.;1591;;;39601;683223.14;1111707.20;2013-12-01T00:00:00
26828910;547999;Humpolec;;;;;404349;Humpolec;704474;Vilová;è.p.;1600;;;39601;683813.00;1112885.00;2013-12-01T00:00:00
26828928;547999;Humpolec;;;;;404349;Humpolec;379336;U Stadionu;è.p.;1609;;;39601;683547.00;1112880.00;2013-12-01T00:00:00
26828936;547999;Humpolec;;;;;404349;Humpolec;379484;Spojovací;è.p.;1622;;;39601;683905.00;1111283.00;2013-12-01T00:00:00
26828944;547999;Humpolec;;;;;404349;Humpolec;379387;Východní;è.p.;1625;;;39601;683425.27;1111548.02;2013-12-01T00:00:00
26828952;547999;Humpolec;;;;;404349;Humpolec;379115;Okružní;è.p.;1628;;;39601;684452.46;1112561.74;2013-12-01T00:00:00
26828961;547999;Humpolec;;;;;404349;Humpolec;379107;Nerudova;è.p.;1629;;;39601;684263.00;1111554.00;2013-12-01T00:00:00
26828979;547999;Humpolec;;;;;404349;Humpolec;378771;Hálkova;è.p.;1630;;;39601;684388.84;1112062.00;2013-12-01T00:00:00
26828987;547999;Humpolec;;;;;404349;Humpolec;379280;Na Kasárnách;è.p.;1632;;;39601;684164.00;1111817.00;2013-12-01T00:00:00
26828995;547999;Humpolec;;;;;404349;Humpolec;378984;Lnáøská;è.p.;1633;;;39601;684429.14;1112193.16;2013-12-01T00:00:00
26829002;547999;Humpolec;;;;;404349;Humpolec;378984;Lnáøská;è.p.;1636;;;39601;684511.75;1112179.96;2025-10-08T00:00:00
26829011;547999;Humpolec;;;;;404349;Humpolec;379000;Lužická;è.p.;1642;;;39601;683740.00;1110709.00;2013-12-01T00:00:00
26829029;547999;Humpolec;;;;;404349;Humpolec;379000;Lužická;è.p.;1643;;;39601;683713.00;1110711.00;2013-12-01T00:00:00
26829037;547999;Humpolec;;;;;404349;Humpolec;379000;Lužická;è.p.;1644;;;39601;683852.00;1110751.00;2013-12-01T00:00:00
26829045;547999;Humpolec;;;;;404349;Humpolec;379000;Lužická;è.p.;1645;;;39601;683812.24;1110780.71;2013-12-01T00:00:00
26829053;547999;Humpolec;;;;;404349;Humpolec;379271;Školní;è.p.;1646;;;39601;684097.03;1112067.60;2013-12-01T00:00:00
26829061;547999;Humpolec;;;;;404349;Humpolec;378828;Hradská;è.p.;1660;;;39601;683594.06;1112074.71;2013-12-01T00:00:00
27063291;547999;Humpolec;;;;;40061;Hnìvkovice;;;è.p.;161;;;39601;686611.39;1112585.89;2013-12-01T00:00:00
27063305;547999;Humpolec;;;;;40061;Hnìvkovice;;;è.p.;162;;;39601;686586.65;1112783.09;2013-12-01T00:00:00
27063313;547999;Humpolec;;;;;119946;Petrovice;;;è.p.;107;;;39601;688495.22;1110192.85;2022-10-23T00:00:00
27063321;547999;Humpolec;;;;;404349;Humpolec;379000;Lužická;è.p.;1531;;;39601;683563.91;1110758.31;2013-12-01T00:00:00
27063330;547999;Humpolec;;;;;404349;Humpolec;378879;Jihlavská;è.p.;1534;;;39601;683453.09;1112901.52;2013-12-01T00:00:00
27063348;547999;Humpolec;;;;;404349;Humpolec;379425;Žižkova;è.p.;1627;;;39601;684001.14;1112146.61;2013-12-01T00:00:00
27063356;547999;Humpolec;;;;;404349;Humpolec;773263;V Kopci;è.p.;1663;;;39601;682656.42;1112368.10;2013-12-01T00:00:00
27063364;547999;Humpolec;;;;;404349;Humpolec;379107;Nerudova;è.p.;1679;;;39601;684113.32;1111793.23;2013-12-01T00:00:00
27063372;547999;Humpolec;;;;;404349;Humpolec;379174;Podhrad;è.p.;1683;;;39601;683239.36;1112146.79;2013-12-01T00:00:00
27063381;547999;Humpolec;;;;;404349;Humpolec;379174;Podhrad;è.p.;1684;;;39601;683281.24;1112144.85;2013-12-01T00:00:00
27116425;547999;Humpolec;;;;;121223;Plaèkov;;;è.p.;100;;;39601;681139.54;1113833.05;2022-10-23T00:00:00
27116468;547999;Humpolec;;;;;404349;Humpolec;781576;CTPark Humpolec;è.p.;1571;;;39601;684550.19;1113444.88;2013-12-01T00:00:00
27126200;547999;Humpolec;;;;;404349;Humpolec;781576;CTPark Humpolec;è.p.;1572;;;39601;684442.84;1113401.95;2013-12-01T00:00:00
27126218;547999;Humpolec;;;;;404349;Humpolec;781576;CTPark Humpolec;è.p.;1573;;;39601;684361.00;1113517.00;2013-12-01T00:00:00
27126226;547999;Humpolec;;;;;404349;Humpolec;781576;CTPark Humpolec;è.p.;1574;;;39601;684382.00;1113549.00;2013-12-01T00:00:00
27126234;547999;Humpolec;;;;;404349;Humpolec;781576;CTPark Humpolec;è.p.;1575;;;39601;684277.29;1113594.30;2013-12-01T00:00:00
27126251;547999;Humpolec;;;;;404349;Humpolec;781576;CTPark Humpolec;è.p.;1577;;;39601;684398.00;1113594.00;2013-12-01T00:00:00
27126269;547999;Humpolec;;;;;404349;Humpolec;781576;CTPark Humpolec;è.p.;1578;;;39601;684302.86;1113641.36;2013-12-01T00:00:00
27126871;547999;Humpolec;;;;;404349;Humpolec;773263;V Kopci;è.p.;951;;;39601;682888.76;1112264.99;2022-10-23T00:00:00
27126889;547999;Humpolec;;;;;404349;Humpolec;379417;Zichpil;è.p.;429;;;39601;683636.22;1112225.03;2022-10-23T00:00:00
27126897;547999;Humpolec;;;;;66184;Kleteèná;;;è.p.;70;;;39601;690024.00;1115616.00;2013-12-01T00:00:00
27126901;547999;Humpolec;;;;;49409;Rozkoš;;;è.p.;128;;;39601;681957.86;1112265.11;2013-12-01T00:00:00
27126919;547999;Humpolec;;;;;404349;Humpolec;378771;Hálkova;è.p.;1611;;;39601;684425.15;1112032.88;2013-12-01T00:00:00
27126927;547999;Humpolec;;;;;404349;Humpolec;378771;Hálkova;è.p.;1631;;;39601;684440.30;1112058.30;2013-12-01T00:00:00
27126935;547999;Humpolec;;;;;404349;Humpolec;379000;Lužická;è.p.;1641;;;39601;683788.00;1110722.00;2013-12-01T00:00:00
27126943;547999;Humpolec;;;;;404349;Humpolec;379204;Masarykova;è.p.;1621;;;39601;683969.00;1112301.00;2013-12-01T00:00:00
27126951;547999;Humpolec;;;;;404349;Humpolec;379204;Masarykova;è.p.;1610;;;39601;683830.00;1112135.00;2013-12-01T00:00:00
27126978;547999;Humpolec;;;;;404349;Humpolec;379085;Na Závodí;è.p.;604;;;39601;684065.76;1111202.77;2022-10-23T00:00:00
27126986;547999;Humpolec;;;;;404349;Humpolec;379115;Okružní;è.p.;1296;;;39601;684719.44;1112072.13;2013-12-01T00:00:00
27127001;547999;Humpolec;;;;;404349;Humpolec;379158;Pelhøimovská;è.p.;1650;;;39601;684518.46;1112764.97;2013-12-01T00:00:00
27127010;547999;Humpolec;;;;;404349;Humpolec;379409;Pražská;è.p.;1648;;;39601;685109.34;1111891.24;2013-12-01T00:00:00
27127036;547999;Humpolec;;;;;404349;Humpolec;378984;Lnáøská;è.p.;1635;;;39601;684539.41;1112091.74;2013-12-01T00:00:00
27224040;547999;Humpolec;;;;;74021;Krasoòov;;;è.p.;110;;;39601;681619.39;1117126.32;2013-12-01T00:00:00
27236731;547999;Humpolec;;;;;404349;Humpolec;378917;Kamarytova;è.p.;1659;;;39601;684050.90;1111800.46;2013-12-01T00:00:00
27236749;547999;Humpolec;;;;;81345;Lhotka;;;è.p.;29;;;39601;689692.40;1109479.08;2013-12-01T00:00:00
27236757;547999;Humpolec;;;;;404349;Humpolec;378666;Èejovská;è.p.;1689;;;39601;683769.72;1111614.45;2013-12-01T00:00:00
27236919;547999;Humpolec;;;;;404349;Humpolec;379352;V Brance;è.p.;1707;;;39601;684323.27;1111874.68;2013-12-01T00:00:00
27262391;547999;Humpolec;;;;;404349;Humpolec;379115;Okružní;è.p.;1601;;;39601;683653.23;1112771.09;2013-12-01T00:00:00
27287181;547999;Humpolec;;;;;404349;Humpolec;379158;Pelhøimovská;è.p.;1677;;;39601;684615.50;1112929.40;2013-12-01T00:00:00
27287203;547999;Humpolec;;;;;49409;Rozkoš;;;è.p.;132;;;39601;682457.66;1112251.75;2013-12-01T00:00:00
27287211;547999;Humpolec;;;;;404349;Humpolec;768227;U Sokolovny;è.p.;1691;;;39601;684337.67;1112308.30;2013-12-01T00:00:00
27287246;547999;Humpolec;;;;;404349;Humpolec;378844;Humpolecký dvùr;è.p.;1593;;;39601;683224.01;1111742.73;2013-12-01T00:00:00
27314731;547999;Humpolec;;;;;160580;Svìtlice;;;è.p.;130;;;39601;684020.45;1108527.74;2013-12-01T00:00:00
27321070;547999;Humpolec;;;;;404349;Humpolec;379280;Na Kasárnách;è.p.;1523;;;39601;684202.07;1111719.73;2013-12-01T00:00:00
27321088;547999;Humpolec;;;;;404349;Humpolec;379280;Na Kasárnách;è.p.;1661;;;39601;684288.82;1111738.66;2013-12-01T00:00:00
27321096;547999;Humpolec;;;;;404349;Humpolec;768227;U Sokolovny;è.p.;1692;;;39601;684360.12;1112275.38;2013-12-01T00:00:00
27321100;547999;Humpolec;;;;;404349;Humpolec;379409;Pražská;è.p.;1706;;;39601;684709.13;1111854.01;2013-12-01T00:00:00
27321118;547999;Humpolec;;;;;49417;Vilémov;;;è.ev.;2;;;39601;682286.53;1112853.88;2013-12-01T00:00:00
27328121;547999;Humpolec;;;;;160580;Svìtlice;;;è.p.;119;;;39601;684052.54;1108960.08;2013-12-01T00:00:00
27365395;547999;Humpolec;;;;;404349;Humpolec;378933;Krátká;è.p.;1708;;;39601;683698.83;1111500.43;2013-12-01T00:00:00
27376087;547999;Humpolec;;;;;49417;Vilémov;;;è.p.;107;;;39601;682155.24;1112794.15;2013-12-01T00:00:00
27385523;547999;Humpolec;;;;;404349;Humpolec;379409;Pražská;è.p.;1669;;;39601;685131.31;1112074.46;2013-12-01T00:00:00
27385531;547999;Humpolec;;;;;404349;Humpolec;379204;Masarykova;è.p.;1670;;;39601;683869.90;1112181.71;2013-12-01T00:00:00
27385540;547999;Humpolec;;;;;404349;Humpolec;379000;Lužická;è.p.;1673;;;39601;683375.33;1110264.68;2013-12-01T00:00:00
27405591;547999;Humpolec;;;;;74021;Krasoòov;;;è.p.;108;;;39601;681448.88;1116937.79;2013-12-01T00:00:00
27427277;547999;Humpolec;;;;;404349;Humpolec;379158;Pelhøimovská;è.p.;1705;;;39601;684712.62;1113042.42;2013-12-01T00:00:00
27437353;547999;Humpolec;;;;;404349;Humpolec;379107;Nerudova;è.p.;1712;;;39601;684304.44;1111259.88;2013-12-01T00:00:00
27454584;547999;Humpolec;;;;;40061;Hnìvkovice;;;è.p.;158;;;39601;686125.63;1112774.73;2013-12-01T00:00:00
27454592;547999;Humpolec;;;;;160580;Svìtlice;;;è.p.;124;;;39601;683928.86;1108622.31;2022-10-23T00:00:00
27485170;547999;Humpolec;;;;;404349;Humpolec;742198;Vìtrná;è.p.;1614;;;39601;684917.39;1111564.12;2013-12-01T00:00:00
27519252;547999;Humpolec;;;;;404349;Humpolec;378607;5. kvìtna;è.p.;1704;;;39601;683250.90;1112317.49;2013-12-01T00:00:00
27531821;547999;Humpolec;;;;;404349;Humpolec;379409;Pražská;è.p.;1678;;;39601;684687.87;1111786.42;2013-12-01T00:00:00
27531830;547999;Humpolec;;;;;404349;Humpolec;379093;Nádražní;è.p.;1749;;;39601;684553.95;1112640.73;2013-12-01T00:00:00
27548341;547999;Humpolec;;;;;404349;Humpolec;379468;Pod Tratí;è.p.;1512;;;39601;684298.41;1113042.13;2013-12-01T00:00:00
27548384;547999;Humpolec;;;;;404349;Humpolec;791946;Polní;è.p.;1716;;;39601;683755.51;1112955.54;2013-12-01T00:00:00
27548392;547999;Humpolec;;;;;404349;Humpolec;379468;Pod Tratí;è.p.;1508;;;39601;684381.40;1113003.80;2013-12-01T00:00:00
27575560;547999;Humpolec;;;;;404349;Humpolec;379468;Pod Tratí;è.p.;1511;;;39601;684320.93;1113033.57;2013-12-01T00:00:00
27575578;547999;Humpolec;;;;;404349;Humpolec;379395;Zahradní;è.p.;1620;;;39601;684915.82;1111682.88;2013-12-01T00:00:00
27587142;547999;Humpolec;;;;;404349;Humpolec;379271;Školní;è.p.;1686;;;39601;684099.19;1112094.38;2013-12-11T00:00:00
27593959;547999;Humpolec;;;;;74021;Krasoòov;;;è.p.;111;;;39601;681304.21;1116550.28;2013-12-01T00:00:00
27635074;547999;Humpolec;;;;;404349;Humpolec;794813;V Aleji;è.p.;1741;;;39601;683914.50;1113068.26;2013-12-01T00:00:00
27635082;547999;Humpolec;;;;;404349;Humpolec;379107;Nerudova;è.p.;1711;;;39601;684299.51;1111284.32;2013-12-01T00:00:00
27635091;547999;Humpolec;;;;;160580;Svìtlice;;;è.p.;132;;;39601;683695.90;1109075.33;2013-12-01T00:00:00
27645193;547999;Humpolec;;;;;40061;Hnìvkovice;;;è.p.;166;;;39601;686641.49;1112874.56;2013-12-01T00:00:00
27645207;547999;Humpolec;;;;;49409;Rozkoš;;;è.p.;134;;;39601;681921.10;1112198.17;2013-12-01T00:00:00
27652009;547999;Humpolec;;;;;404349;Humpolec;794813;V Aleji;è.p.;1740;;;39601;683918.34;1113045.51;2013-12-01T00:00:00
27658546;547999;Humpolec;;;;;404349;Humpolec;379336;U Stadionu;è.p.;1709;;;39601;683501.37;1112860.56;2013-12-01T00:00:00
27658554;547999;Humpolec;;;;;121223;Plaèkov;;;è.ev.;20;;;39601;681210.02;1113702.89;2013-12-01T00:00:00
27671798;547999;Humpolec;;;;;160580;Svìtlice;;;è.p.;118;;;39601;683671.91;1109259.93;2013-12-01T00:00:00
27671801;547999;Humpolec;;;;;404349;Humpolec;379263;Svépomocná;è.p.;1764;;;39601;684597.93;1111232.29;2013-12-01T00:00:00
27682871;547999;Humpolec;;;;;40061;Hnìvkovice;;;è.p.;168;;;39601;685863.68;1112738.47;2013-12-01T00:00:00
27686311;547999;Humpolec;;;;;404349;Humpolec;378771;Hálkova;è.p.;1647;;;39601;684075.46;1112237.67;2013-12-01T00:00:00
27688909;547999;Humpolec;;;;;404349;Humpolec;378771;Hálkova;è.p.;1703;;;39601;684621.24;1112142.70;2013-12-01T00:00:00
27688917;547999;Humpolec;;;;;404349;Humpolec;379433;Lesní;è.p.;1503;;;39601;684352.96;1112877.34;2013-12-01T00:00:00
27688925;547999;Humpolec;;;;;40061;Hnìvkovice;;;è.p.;169;;;39601;686630.91;1112993.67;2013-12-01T00:00:00
27688933;547999;Humpolec;;;;;404349;Humpolec;794813;V Aleji;è.p.;1745;;;39601;683953.97;1113036.06;2013-12-01T00:00:00
27688976;547999;Humpolec;;;;;404349;Humpolec;379395;Zahradní;è.p.;1613;;;39601;684808.14;1111560.27;2013-12-01T00:00:00
27696901;547999;Humpolec;;;;;404349;Humpolec;379361;V Cípku;è.p.;1701;;;39601;684077.76;1112901.92;2013-12-01T00:00:00
27701760;547999;Humpolec;;;;;404349;Humpolec;379336;U Stadionu;è.p.;1665;;;39601;683498.87;1112896.12;2013-12-01T00:00:00
27701778;547999;Humpolec;;;;;404349;Humpolec;379085;Na Závodí;è.p.;1668;;;39601;684130.83;1111389.61;2013-12-01T00:00:00
27707369;547999;Humpolec;;;;;404349;Humpolec;704474;Vilová;è.p.;1734;;;39601;683871.95;1113013.74;2013-12-01T00:00:00
27724468;547999;Humpolec;;;;;404349;Humpolec;379280;Na Kasárnách;è.p.;1671;;;39601;684252.52;1111734.61;2013-12-01T00:00:00
27731448;547999;Humpolec;;;;;404349;Humpolec;379263;Svépomocná;è.p.;1750;;;39601;684552.17;1111216.04;2013-12-01T00:00:00
27738248;547999;Humpolec;;;;;404349;Humpolec;379263;Svépomocná;è.p.;1766;;;39601;684602.90;1111200.80;2013-12-01T00:00:00
27743802;547999;Humpolec;;;;;404349;Humpolec;379107;Nerudova;è.p.;1710;;;39601;684292.94;1111304.26;2013-12-01T00:00:00
27779840;547999;Humpolec;;;;;66184;Kleteèná;;;è.p.;83;;;39601;688141.00;1114908.00;2013-12-01T00:00:00
27805280;547999;Humpolec;;;;;404349;Humpolec;379263;Svépomocná;è.p.;1765;;;39601;684593.82;1111197.84;2013-12-01T00:00:00
27826236;547999;Humpolec;;;;;49409;Rozkoš;;;è.p.;140;;;39601;682777.51;1112557.24;2013-12-01T00:00:00
27852237;547999;Humpolec;;;;;404349;Humpolec;379352;V Brance;è.p.;1569;;;39601;684405.96;1111859.75;2013-12-01T00:00:00
27852245;547999;Humpolec;;;;;160580;Svìtlice;;;è.p.;133;;;39601;683848.06;1108848.23;2013-12-01T00:00:00
27852253;547999;Humpolec;;;;;404349;Humpolec;781576;CTPark Humpolec;è.p.;1579;;;39601;684246.92;1113517.27;2013-12-01T00:00:00
27867901;547999;Humpolec;;;;;404349;Humpolec;378771;Hálkova;è.p.;1666;;;39601;684446.64;1111863.34;2013-12-01T00:00:00
27876161;547999;Humpolec;;;;;404349;Humpolec;704474;Vilová;è.p.;1736;;;39601;683877.78;1112967.13;2013-12-01T00:00:00
27876217;547999;Humpolec;;;;;404349;Humpolec;378828;Hradská;è.p.;1794;;;39601;683554.42;1111972.35;2013-12-01T00:00:00
27926761;547999;Humpolec;;;;;404349;Humpolec;379441;Na Houpaèkách;è.p.;1506;;;39601;684413.47;1112931.57;2013-12-11T00:00:00
27926770;547999;Humpolec;;;;;404349;Humpolec;378607;5. kvìtna;è.p.;1793;;;39601;683302.71;1112272.04;2013-12-01T00:00:00
27933407;547999;Humpolec;;;;;404349;Humpolec;794813;V Aleji;è.p.;1738;;;39601;683919.01;1112996.73;2013-12-01T00:00:00
27940845;547999;Humpolec;;;;;160580;Svìtlice;;;è.p.;134;;;39601;684022.34;1108951.15;2013-12-01T00:00:00
27973247;547999;Humpolec;;;;;404349;Humpolec;378721;Rašínova;è.p.;1702;;;39601;684003.00;1111754.00;2013-12-01T00:00:00
27983463;547999;Humpolec;;;;;404349;Humpolec;379468;Pod Tratí;è.p.;1509;;;39601;684357.59;1113012.65;2013-12-01T00:00:00
27983471;547999;Humpolec;;;;;404349;Humpolec;379000;Lužická;è.p.;1805;;;39601;683696.00;1111236.00;2013-12-01T00:00:00
27992144;547999;Humpolec;;;;;404349;Humpolec;791946;Polní;è.p.;1718;;;39601;683730.00;1112999.00;2013-12-01T00:00:00
27998088;547999;Humpolec;;;;;404349;Humpolec;768227;U Sokolovny;è.p.;1693;;;39601;684388.89;1112236.48;2013-12-01T00:00:00
28005627;547999;Humpolec;;;;;121223;Plaèkov;;;è.p.;102;;;39601;681140.00;1113925.00;2013-12-01T00:00:00
28011139;547999;Humpolec;;;;;40061;Hnìvkovice;;;è.p.;159;;;39601;686254.40;1112743.42;2013-12-01T00:00:00
28011155;547999;Humpolec;;;;;74021;Krasoòov;;;è.p.;115;;;39601;681583.00;1116523.00;2013-12-01T00:00:00
28011163;547999;Humpolec;;;;;404349;Humpolec;704474;Vilová;è.p.;1727;;;39601;683822.00;1113003.00;2013-12-01T00:00:00
28017862;547999;Humpolec;;;;;404349;Humpolec;379395;Zahradní;è.p.;1798;;;39601;684939.13;1111701.81;2013-12-01T00:00:00
28040589;547999;Humpolec;;;;;404349;Humpolec;791946;Polní;è.p.;1722;;;39601;683753.00;1113038.00;2013-12-01T00:00:00
28047133;547999;Humpolec;;;;;404349;Humpolec;378666;Èejovská;è.p.;204;;;39601;682749.00;1111074.00;2013-12-01T00:00:00
28081129;547999;Humpolec;;;;;404349;Humpolec;791946;Polní;è.p.;1719;;;39601;683722.00;1113024.00;2013-12-01T00:00:00
28101693;547999;Humpolec;;;;;404349;Humpolec;379000;Lužická;è.p.;1799;;;39601;683768.69;1111476.57;2013-12-01T00:00:00
28105923;547999;Humpolec;;;;;404349;Humpolec;791946;Polní;è.p.;1715;;;39601;683754.00;1112933.00;2013-12-01T00:00:00
28151348;547999;Humpolec;;;;;49417;Vilémov;;;è.p.;106;;;39601;682027.73;1112987.49;2013-12-01T00:00:00
28197372;547999;Humpolec;;;;;404349;Humpolec;379310;U Kaštanu;è.p.;1428;;;39601;684476.73;1111704.08;2013-12-01T00:00:00
28259734;547999;Humpolec;;;;;121223;Plaèkov;;;è.p.;101;;;39601;681129.56;1113967.63;2013-12-01T00:00:00
28295242;547999;Humpolec;;;;;404349;Humpolec;794813;V Aleji;è.p.;1746;;;39601;683948.23;1113011.54;2013-12-01T00:00:00
28303261;547999;Humpolec;;;;;404349;Humpolec;704474;Vilová;è.p.;1735;;;39601;683870.09;1112997.42;2013-12-01T00:00:00
28303270;547999;Humpolec;;;;;49417;Vilémov;;;è.p.;108;;;39601;682036.57;1112849.08;2013-12-01T00:00:00
28303288;547999;Humpolec;;;;;404349;Humpolec;378879;Jihlavská;è.ev.;691;;;39601;683493.42;1113114.11;2013-12-01T00:00:00
28303300;547999;Humpolec;;;;;121223;Plaèkov;;;è.p.;105;;;39601;681213.81;1113958.94;2013-12-11T00:00:00
28303318;547999;Humpolec;;;;;160598;Svìtlický Dvùr;;;è.p.;135;;;39601;684326.79;1109445.10;2013-12-11T00:00:00
28319893;547999;Humpolec;;;;;404349;Humpolec;791946;Polní;è.p.;1723;;;39601;683763.72;1113015.08;2013-12-01T00:00:00
28355032;547999;Humpolec;;;;;40061;Hnìvkovice;;;è.p.;164;;;39601;686441.38;1112799.35;2013-12-01T00:00:00
28355041;547999;Humpolec;;;;;404349;Humpolec;379158;Pelhøimovská;è.p.;1800;;;39601;684435.64;1113093.78;2013-12-11T00:00:00
28371071;547999;Humpolec;;;;;160598;Svìtlický Dvùr;;;è.p.;131;;;39601;684257.73;1109530.23;2013-12-11T00:00:00
28394968;547999;Humpolec;;;;;404349;Humpolec;378984;Lnáøská;è.p.;1825;;;39601;684520.52;1112225.30;2013-12-11T00:00:00
28445490;547999;Humpolec;;;;;404349;Humpolec;379018;Máchova;è.p.;1546;;;39601;683705.71;1112466.50;2013-12-11T00:00:00
28474350;547999;Humpolec;;;;;404349;Humpolec;791946;Polní;è.p.;1721;;;39601;683743.28;1113058.25;2013-12-11T00:00:00
28474392;547999;Humpolec;;;;;404349;Humpolec;379352;V Brance;è.p.;1518;;;39601;684251.64;1111925.68;2013-12-01T00:00:00
30167515;547999;Humpolec;;;;;404349;Humpolec;379107;Nerudova;è.p.;957;;;39601;684292.68;1110897.48;2013-12-01T00:00:00
30746094;547999;Humpolec;;;;;40061;Hnìvkovice;;;è.ev.;3;;;39601;686691.00;1112987.00;2013-12-01T00:00:00
30746108;547999;Humpolec;;;;;40061;Hnìvkovice;;;è.ev.;5;;;39601;686689.00;1112980.00;2013-12-01T00:00:00
30758122;547999;Humpolec;;;;;49409;Rozkoš;;;è.p.;107;;;39601;681978.59;1112306.45;2013-12-01T00:00:00
30784034;547999;Humpolec;;;;;66184;Kleteèná;;;è.ev.;91;;;39601;690383.38;1114153.59;2022-10-23T00:00:00
30784042;547999;Humpolec;;;;;66184;Kleteèná;;;è.ev.;92;;;39601;690395.89;1114944.57;2013-12-01T00:00:00
30784051;547999;Humpolec;;;;;66184;Kleteèná;;;è.ev.;93;;;39601;690899.35;1114412.46;2013-12-01T00:00:00
30784069;547999;Humpolec;;;;;66184;Kleteèná;;;è.ev.;96;;;39601;688938.00;1115210.00;2013-12-01T00:00:00
30784077;547999;Humpolec;;;;;66184;Kleteèná;;;è.ev.;98;;;39601;690926.10;1114426.99;2013-12-01T00:00:00
30784085;547999;Humpolec;;;;;66184;Kleteèná;;;è.ev.;99;;;39601;690218.85;1114239.23;2013-12-01T00:00:00
30795273;547999;Humpolec;;;;;74021;Krasoòov;;;è.ev.;77;;;39601;682475.53;1117336.12;2013-12-01T00:00:00
30795281;547999;Humpolec;;;;;74021;Krasoòov;;;è.ev.;78;;;39601;681798.59;1118090.00;2013-12-01T00:00:00
30795290;547999;Humpolec;;;;;74021;Krasoòov;;;è.ev.;79;;;39601;682154.02;1117790.68;2013-12-01T00:00:00
30795303;547999;Humpolec;;;;;74021;Krasoòov;;;è.ev.;80;;;39601;682231.00;1118127.00;2013-12-01T00:00:00
30795311;547999;Humpolec;;;;;74021;Krasoòov;;;è.ev.;87;;;39601;682216.44;1117764.50;2013-12-01T00:00:00
30795320;547999;Humpolec;;;;;74021;Krasoòov;;;è.ev.;111;;;39601;682512.81;1117669.13;2013-12-01T00:00:00
30854890;547999;Humpolec;;;;;119946;Petrovice;;;è.p.;95;;;39601;689574.00;1111342.00;2013-12-01T00:00:00
30911117;547999;Humpolec;;;;;160598;Svìtlický Dvùr;;;è.p.;68;;;39601;684277.06;1109469.25;2013-12-01T00:00:00
30911125;547999;Humpolec;;;;;160598;Svìtlický Dvùr;;;è.p.;91;;;39601;684422.96;1109460.97;2022-10-23T00:00:00
30997208;547999;Humpolec;;;;;404349;Humpolec;379158;Pelhøimovská;è.p.;507;;;39601;684664.09;1113273.39;2013-12-01T00:00:00
30997216;547999;Humpolec;;;;;404349;Humpolec;379158;Pelhøimovská;è.p.;509;;;39601;684678.90;1113250.97;2013-12-01T00:00:00
30997224;547999;Humpolec;;;;;404349;Humpolec;379158;Pelhøimovská;è.p.;1603;;;39601;684782.38;1113117.00;2013-12-01T00:00:00
30997232;547999;Humpolec;;;;;404349;Humpolec;379158;Pelhøimovská;è.p.;1604;;;39601;684898.13;1113164.89;2013-12-01T00:00:00
30997241;547999;Humpolec;;;;;404349;Humpolec;379271;Školní;è.p.;1808;;;39601;684026.07;1112190.02;2013-12-01T00:00:00
30997259;547999;Humpolec;;;;;404349;Humpolec;379395;Zahradní;è.ev.;570;;;39601;684801.43;1111507.83;2013-12-01T00:00:00
30997267;547999;Humpolec;;;;;404349;Humpolec;379115;Okružní;è.ev.;613;;;39601;684503.13;1113060.58;2013-12-01T00:00:00
30997275;547999;Humpolec;;;;;404349;Humpolec;379484;Spojovací;è.ev.;720;;;39601;683985.05;1111355.75;2013-12-01T00:00:00
30997283;547999;Humpolec;;;;;404349;Humpolec;379484;Spojovací;è.ev.;721;;;39601;683981.97;1111354.94;2013-12-01T00:00:00
30997291;547999;Humpolec;;;;;404349;Humpolec;379484;Spojovací;è.ev.;722;;;39601;683979.08;1111353.88;2013-12-01T00:00:00
30997305;547999;Humpolec;;;;;404349;Humpolec;379484;Spojovací;è.ev.;723;;;39601;683976.26;1111352.82;2013-12-01T00:00:00
30997313;547999;Humpolec;;;;;404349;Humpolec;379484;Spojovací;è.ev.;724;;;39601;683973.52;1111351.94;2013-12-01T00:00:00
30997321;547999;Humpolec;;;;;404349;Humpolec;379484;Spojovací;è.ev.;725;;;39601;683970.41;1111350.88;2013-12-01T00:00:00
30997330;547999;Humpolec;;;;;404349;Humpolec;379484;Spojovací;è.ev.;726;;;39601;683965.43;1111351.13;2013-12-01T00:00:00
30997348;547999;Humpolec;;;;;404349;Humpolec;379484;Spojovací;è.ev.;728;;;39601;683981.98;1111368.84;2013-12-01T00:00:00
30997356;547999;Humpolec;;;;;404349;Humpolec;379484;Spojovací;è.ev.;729;;;39601;683978.98;1111367.75;2013-12-01T00:00:00
30997364;547999;Humpolec;;;;;404349;Humpolec;379484;Spojovací;è.ev.;730;;;39601;683976.27;1111366.79;2013-12-01T00:00:00
30997372;547999;Humpolec;;;;;404349;Humpolec;379484;Spojovací;è.ev.;731;;;39601;683973.60;1111366.13;2013-12-01T00:00:00
30997381;547999;Humpolec;;;;;404349;Humpolec;379484;Spojovací;è.ev.;734;;;39601;683965.74;1111360.67;2013-12-01T00:00:00
30997399;547999;Humpolec;;;;;404349;Humpolec;379484;Spojovací;è.ev.;735;;;39601;683962.98;1111362.43;2013-12-01T00:00:00
30997402;547999;Humpolec;;;;;404349;Humpolec;379484;Spojovací;è.ev.;737;;;39601;683957.00;1111359.00;2013-12-01T00:00:00
30997411;547999;Humpolec;;;;;404349;Humpolec;379484;Spojovací;è.ev.;738;;;39601;683954.00;1111358.00;2013-12-01T00:00:00
31212727;547999;Humpolec;;;;;40061;Hnìvkovice;;;è.ev.;4;;;39601;686690.28;1112984.54;2013-12-01T00:00:00
31220495;547999;Humpolec;;;;;49409;Rozkoš;;;è.p.;133;;;39601;681832.53;1112287.13;2013-12-01T00:00:00
31243720;547999;Humpolec;;;;;66184;Kleteèná;;;è.ev.;80;;;39601;688969.51;1115201.70;2013-12-01T00:00:00
31280480;547999;Humpolec;;;;;119946;Petrovice;;;è.p.;67;;;39601;689243.63;1111243.44;2013-12-01T00:00:00
31280498;547999;Humpolec;;;;;119946;Petrovice;;;è.p.;93;;;39601;688438.00;1110256.00;2013-12-01T00:00:00
31306829;547999;Humpolec;;;;;160598;Svìtlický Dvùr;;;è.p.;31;;;39601;684199.31;1109469.17;2013-12-01T00:00:00
31349307;547999;Humpolec;;;;;404349;Humpolec;379352;V Brance;è.p.;1352;;;39601;684293.94;1111923.28;2013-12-01T00:00:00
31349315;547999;Humpolec;;;;;404349;Humpolec;379115;Okružní;è.ev.;569;;;39601;684538.45;1113069.62;2013-12-12T00:00:00
31349323;547999;Humpolec;;;;;404349;Humpolec;379115;Okružní;è.ev.;619;;;39601;684485.67;1113063.61;2013-12-12T00:00:00
31349331;547999;Humpolec;;;;;404349;Humpolec;379484;Spojovací;è.ev.;727;;;39601;683985.56;1111367.80;2013-12-01T00:00:00
31349340;547999;Humpolec;;;;;404349;Humpolec;379484;Spojovací;è.ev.;733;;;39601;683968.37;1111361.79;2013-12-01T00:00:00
31349358;547999;Humpolec;;;;;404349;Humpolec;379484;Spojovací;è.ev.;736;;;39601;683959.04;1111360.72;2013-12-01T00:00:00
40053989;547999;Humpolec;;;;;66184;Kleteèná;;;è.p.;89;;;39601;689405.82;1113826.13;2014-01-16T00:00:00
40282341;547999;Humpolec;;;;;160580;Svìtlice;;;è.p.;113;;;39601;683675.91;1108792.27;2013-12-01T00:00:00
40282376;547999;Humpolec;;;;;404349;Humpolec;794813;V Aleji;è.p.;1743;;;39601;683939.63;1113085.79;2013-12-01T00:00:00
40282490;547999;Humpolec;;;;;121223;Plaèkov;;;è.p.;104;;;39601;681552.74;1113878.70;2013-12-01T00:00:00
40282511;547999;Humpolec;;;;;404349;Humpolec;379158;Pelhøimovská;è.p.;1797;;;39601;684796.81;1113275.76;2013-12-01T00:00:00
40284182;547999;Humpolec;;;;;404349;Humpolec;378712;Dvorská;è.p.;1821;;;39601;683675.80;1111770.59;2013-12-01T00:00:00
40289842;547999;Humpolec;;;;;404349;Humpolec;379115;Okružní;è.ev.;614;;;39601;684498.18;1113055.20;2013-12-01T00:00:00
40309509;547999;Humpolec;;;;;404349;Humpolec;829897;Emericha Dítì;è.p.;1776;;;39601;684630.64;1111262.00;2013-12-01T00:00:00
40309568;547999;Humpolec;;;;;404349;Humpolec;829897;Emericha Dítì;è.p.;1777;;;39601;684638.64;1111239.06;2013-12-01T00:00:00
40309703;547999;Humpolec;;;;;74021;Krasoòov;;;è.p.;112;;;39601;681442.46;1117089.58;2013-12-01T00:00:00
40309827;547999;Humpolec;;;;;404349;Humpolec;704474;Vilová;è.p.;1730;;;39601;683798.62;1113070.92;2013-12-01T00:00:00
40364828;547999;Humpolec;;;;;66184;Kleteèná;;;è.p.;79;;;39601;688854.49;1115165.85;2013-12-01T00:00:00
40384403;547999;Humpolec;;;;;404349;Humpolec;829897;Emericha Dítì;è.p.;1774;;;39601;684616.52;1111306.92;2013-12-01T00:00:00
40422968;547999;Humpolec;;;;;404349;Humpolec;378879;Jihlavská;è.p.;1824;;;39601;683716.75;1112342.82;2013-12-01T00:00:00
40451623;547999;Humpolec;;;;;404349;Humpolec;379131;Panskodomská;è.p.;1804;;;39601;683698.11;1111883.30;2013-12-01T00:00:00
40482499;547999;Humpolec;;;;;404349;Humpolec;704474;Vilová;è.p.;1728;;;39601;683824.91;1113029.47;2013-12-01T00:00:00
40519716;547999;Humpolec;;;;;160598;Svìtlický Dvùr;;;è.p.;116;;;39601;684303.40;1109538.20;2013-12-01T00:00:00
40519732;547999;Humpolec;;;;;119946;Petrovice;;;è.p.;109;;;39601;688708.67;1111613.93;2013-12-01T00:00:00
40520145;547999;Humpolec;;;;;160598;Svìtlický Dvùr;;;è.p.;126;;;39601;684331.13;1109516.84;2013-12-01T00:00:00
40593835;547999;Humpolec;;;;;404349;Humpolec;378771;Hálkova;è.p.;1568;;;39601;684118.16;1112255.08;2013-12-01T00:00:00
40611043;547999;Humpolec;;;;;404349;Humpolec;379018;Máchova;è.p.;1700;;;39601;683808.88;1112474.11;2013-12-01T00:00:00
40620221;547999;Humpolec;;;;;404349;Humpolec;829897;Emericha Dítì;è.p.;1769;;;39601;684565.71;1111393.23;2013-12-01T00:00:00
40656136;547999;Humpolec;;;;;404349;Humpolec;378976;Litochleby;è.p.;1651;;;39601;684002.85;1110947.80;2013-12-01T00:00:00
40746496;547999;Humpolec;;;;;40061;Hnìvkovice;;;è.p.;167;;;39601;686664.38;1113129.02;2013-12-01T00:00:00
40746771;547999;Humpolec;;;;;404349;Humpolec;379158;Pelhøimovská;è.p.;1801;;;39601;684763.03;1112918.84;2013-12-01T00:00:00
40811514;547999;Humpolec;;;;;404349;Humpolec;378879;Jihlavská;è.p.;1548;;;39601;683676.19;1112459.28;2013-12-01T00:00:00
41059280;547999;Humpolec;;;;;404349;Humpolec;871869;Jana Jokla;è.p.;1815;;;39601;683893.66;1110899.55;2013-12-01T00:00:00
41405099;547999;Humpolec;;;;;404349;Humpolec;379034;Mírová;è.p.;1754;;;39601;684520.77;1111304.95;2013-12-01T00:00:00
41407989;547999;Humpolec;;;;;404349;Humpolec;379093;Nádražní;è.p.;1583;;;39601;685056.84;1112283.48;2013-12-01T00:00:00
41408063;547999;Humpolec;;;;;404349;Humpolec;379107;Nerudova;è.p.;1823;;;39601;684195.56;1111590.85;2013-12-01T00:00:00
41423861;547999;Humpolec;;;;;404349;Humpolec;829897;Emericha Dítì;è.p.;1759;;;39601;684571.92;1111348.77;2013-12-01T00:00:00
41424093;547999;Humpolec;;;;;66184;Kleteèná;;;è.p.;80;;;39601;688596.41;1115266.78;2013-12-01T00:00:00
41424115;547999;Humpolec;;;;;49409;Rozkoš;;;è.p.;136;;;39601;681447.27;1112139.99;2013-12-01T00:00:00
41594525;547999;Humpolec;;;;;404349;Humpolec;378895;Jiráskova;è.p.;1795;;;39601;683857.62;1112289.72;2013-12-01T00:00:00
41598211;547999;Humpolec;;;;;404349;Humpolec;829897;Emericha Dítì;è.p.;1762;;;39601;684587.86;1111277.38;2013-12-01T00:00:00
41620836;547999;Humpolec;;;;;404349;Humpolec;871869;Jana Jokla;è.p.;1811;;;39601;683935.43;1110904.84;2013-12-01T00:00:00
41642376;547999;Humpolec;;;;;49409;Rozkoš;;;è.p.;131;;;39601;681595.38;1112094.52;2013-12-01T00:00:00
41691369;547999;Humpolec;;;;;404349;Humpolec;781576;CTPark Humpolec;è.p.;1570;;;39601;684442.82;1113514.57;2013-12-01T00:00:00
41731484;547999;Humpolec;;;;;40061;Hnìvkovice;;;è.p.;170;;;39601;686384.58;1112747.94;2013-12-01T00:00:00
41770650;547999;Humpolec;;;;;404349;Humpolec;379441;Na Houpaèkách;è.p.;1507;;;39601;684427.22;1112925.56;2013-12-01T00:00:00
41901410;547999;Humpolec;;;;;404349;Humpolec;871869;Jana Jokla;è.p.;1810;;;39601;683941.15;1110926.37;2013-12-01T00:00:00
41965566;547999;Humpolec;;;;;404349;Humpolec;379034;Mírová;è.p.;1755;;;39601;684515.77;1111335.42;2013-12-01T00:00:00
42002699;547999;Humpolec;;;;;49417;Vilémov;;;è.p.;110;;;39601;681988.23;1112770.61;2013-12-01T00:00:00
42117348;547999;Humpolec;;;;;404349;Humpolec;829897;Emericha Dítì;è.p.;1760;;;39601;684577.58;1111321.80;2013-12-01T00:00:00
42137187;547999;Humpolec;;;;;49409;Rozkoš;;;è.p.;135;;;39601;682342.91;1112275.35;2013-12-01T00:00:00
42291291;547999;Humpolec;;;;;404349;Humpolec;379425;Žižkova;è.p.;1682;;;39601;683921.41;1112097.60;2013-12-01T00:00:00
42298083;547999;Humpolec;;;;;49409;Rozkoš;;;è.p.;137;;;39601;681877.73;1112381.07;2013-12-01T00:00:00
42299284;547999;Humpolec;;;;;404349;Humpolec;379000;Lužická;è.p.;1837;;;39601;683731.02;1110988.63;2013-12-01T00:00:00
42400716;547999;Humpolec;;;;;404349;Humpolec;379093;Nádražní;è.p.;1748;;;39601;684524.86;1112660.16;2013-12-01T00:00:00
42412757;547999;Humpolec;;;;;404349;Humpolec;378798;Hornická;è.p.;1822;;;39601;683589.19;1111707.39;2013-12-01T00:00:00
42426910;547999;Humpolec;;;;;404349;Humpolec;768227;U Sokolovny;è.p.;1694;;;39601;684406.35;1112315.40;2013-12-01T00:00:00
42533414;547999;Humpolec;;;;;404349;Humpolec;379085;Na Závodí;è.p.;1840;;;39601;684189.99;1111310.79;2013-12-01T00:00:00
42623839;547999;Humpolec;;;;;66184;Kleteèná;;;è.ev.;95;;;39601;690083.60;1115565.38;2013-12-01T00:00:00
42623936;547999;Humpolec;;;;;66184;Kleteèná;;;è.ev.;97;;;39601;690110.56;1115543.79;2013-12-01T00:00:00
42703891;547999;Humpolec;;;;;404349;Humpolec;379034;Mírová;è.p.;1756;;;39601;684510.86;1111360.71;2013-12-01T00:00:00
42734240;547999;Humpolec;;;;;404349;Humpolec;829897;Emericha Dítì;è.p.;1775;;;39601;684622.07;1111283.05;2013-12-01T00:00:00
42787301;547999;Humpolec;;;;;404349;Humpolec;871869;Jana Jokla;è.p.;1812;;;39601;683922.55;1110885.77;2013-12-01T00:00:00
42846528;547999;Humpolec;;;;;121223;Plaèkov;;;è.p.;103;;;39601;681021.50;1113759.62;2013-12-01T00:00:00
68243316;547999;Humpolec;;;;;404349;Humpolec;742198;Vìtrná;è.p.;1830;;;39601;684829.64;1111550.32;2013-12-10T00:00:00
68243472;547999;Humpolec;;;;;404349;Humpolec;379085;Na Závodí;è.p.;1842;;;39601;684123.41;1111548.57;2013-12-10T00:00:00
70012393;547999;Humpolec;;;;;404349;Humpolec;794813;V Aleji;è.p.;1737;;;39601;683915.77;1112973.81;2013-12-12T00:00:00
70017000;547999;Humpolec;;;;;404349;Humpolec;379409;Pražská;è.ev.;3;;;39601;685055.73;1111758.70;2013-12-12T00:00:00
70819696;547999;Humpolec;;;;;404349;Humpolec;829897;Emericha Dítì;è.p.;1771;;;39601;684599.63;1111373.68;2013-12-30T00:00:00
70820295;547999;Humpolec;;;;;404349;Humpolec;829897;Emericha Dítì;è.p.;1773;;;39601;684611.10;1111328.33;2013-12-30T00:00:00
71664050;547999;Humpolec;;;;;404349;Humpolec;379310;U Kaštanu;è.p.;1520;;;39601;684575.32;1111744.60;2014-02-03T00:00:00
71723633;547999;Humpolec;;;;;404349;Humpolec;871869;Jana Jokla;è.p.;1818;;;39601;683962.45;1110952.33;2014-02-05T00:00:00
71736433;547999;Humpolec;;;;;74021;Krasoòov;;;è.ev.;82;;;39601;682559.98;1117668.39;2014-02-05T00:00:00
71946781;547999;Humpolec;;;;;404349;Humpolec;379034;Mírová;è.p.;1753;;;39601;684526.66;1111285.86;2014-02-13T00:00:00
72281774;547999;Humpolec;;;;;66184;Kleteèná;;;è.p.;85;;;39601;688774.83;1115363.67;2014-02-28T00:00:00
72410396;547999;Humpolec;;;;;49409;Rozkoš;;;è.p.;129;;;39601;682430.63;1112254.70;2014-03-19T00:00:00
72777061;547999;Humpolec;;;;;404349;Humpolec;871869;Jana Jokla;è.p.;1817;;;39601;683926.18;1110962.31;2014-06-13T00:00:00
72806079;547999;Humpolec;;;;;160580;Svìtlice;;;è.p.;136;;;39601;684164.15;1108979.65;2014-06-17T00:00:00
72825405;547999;Humpolec;;;;;404349;Humpolec;379131;Panskodomská;è.p.;1802;;;39601;683710.69;1111890.39;2014-06-18T00:00:00
72859008;547999;Humpolec;;;;;66184;Kleteèná;;;è.p.;81;;;39601;688904.13;1115486.89;2014-07-01T00:00:00
72871911;547999;Humpolec;;;;;404349;Humpolec;378771;Hálkova;è.p.;1845;;;39601;684627.81;1112013.99;2014-07-07T00:00:00
72875496;547999;Humpolec;;;;;40061;Hnìvkovice;;;è.p.;172;;;39601;686361.59;1112726.22;2014-07-08T00:00:00
73014907;547999;Humpolec;;;;;49409;Rozkoš;;;è.p.;138;;;39601;681930.10;1112316.77;2014-08-28T00:00:00
73024431;547999;Humpolec;;;;;404349;Humpolec;379158;Pelhøimovská;è.ev.;693;;;39601;684805.57;1112945.92;2014-09-02T00:00:00
73043940;547999;Humpolec;;;;;404349;Humpolec;379107;Nerudova;è.p.;1848;;;39601;684322.51;1111384.80;2014-09-10T00:00:00
73044245;547999;Humpolec;;;;;74021;Krasoòov;;;è.ev.;81;;;39601;682414.84;1117387.36;2014-09-10T00:00:00
73138452;547999;Humpolec;;;;;40061;Hnìvkovice;;;è.p.;171;;;39601;686403.64;1112764.68;2014-10-17T00:00:00
73148253;547999;Humpolec;;;;;404349;Humpolec;379336;U Stadionu;è.p.;1826;;;39601;683499.71;1112878.38;2014-10-22T00:00:00
73266027;547999;Humpolec;;;;;404349;Humpolec;379107;Nerudova;è.p.;1836;;;39601;684372.59;1111170.93;2014-12-11T00:00:00
73320706;547999;Humpolec;;;;;404349;Humpolec;378844;Humpolecký dvùr;è.p.;1595;;;39601;683258.84;1111748.01;2015-01-07T00:00:00
73340561;547999;Humpolec;;;;;404349;Humpolec;379034;Mírová;è.p.;1752;;;39601;684533.53;1111264.00;2015-01-13T00:00:00
73485306;547999;Humpolec;;;;;404349;Humpolec;379000;Lužická;è.p.;1838;;;39601;683734.65;1110941.54;2015-03-05T00:00:00
73556599;547999;Humpolec;;;;;121223;Plaèkov;;;è.p.;106;;;39601;681482.73;1113839.32;2015-03-31T00:00:00
73591602;547999;Humpolec;;;;;404349;Humpolec;379107;Nerudova;è.p.;1849;;;39601;684299.93;1110086.11;2015-04-15T00:00:00
73620670;547999;Humpolec;;;;;404349;Humpolec;378607;5. kvìtna;è.p.;1792;;;39601;683284.35;1112266.09;2015-04-24T00:00:00
73635782;547999;Humpolec;;;;;404349;Humpolec;379158;Pelhøimovská;è.p.;1827;;;39601;684658.32;1112986.14;2015-04-29T00:00:00
73658987;547999;Humpolec;;;;;404349;Humpolec;379131;Panskodomská;è.p.;1803;;;39601;683705.78;1111884.38;2015-05-06T00:00:00
73666840;547999;Humpolec;;;;;121223;Plaèkov;;;è.p.;107;;;39601;681201.96;1114032.30;2015-05-11T00:00:00
73825417;547999;Humpolec;;;;;404349;Humpolec;378712;Dvorská;è.p.;1843;;;39601;683268.73;1111390.89;2015-07-24T00:00:00
73825441;547999;Humpolec;;;;;404349;Humpolec;378712;Dvorská;è.p.;1844;;;39601;683246.77;1111401.53;2015-07-24T00:00:00
73972215;547999;Humpolec;;;;;404349;Humpolec;378712;Dvorská;è.p.;1592;;;39601;683200.32;1111656.22;2015-08-20T00:00:00
74149385;547999;Humpolec;;;;;160580;Svìtlice;;;è.p.;127;;;39601;684094.62;1108897.25;2015-10-15T00:00:00
74240374;547999;Humpolec;;;;;40061;Hnìvkovice;;;è.p.;173;;;39601;686821.90;1113131.38;2015-11-10T00:00:00
74246755;547999;Humpolec;;;;;74021;Krasoòov;;;è.ev.;72;;;39601;682476.93;1117606.01;2015-11-11T00:00:00
74356607;547999;Humpolec;;;;;404349;Humpolec;829897;Emericha Dítì;è.p.;1761;;;39601;684585.32;1111304.04;2015-12-14T00:00:00
74377523;547999;Humpolec;;;;;66184;Kleteèná;;;è.ev.;94;;;39601;690020.76;1115521.88;2015-12-16T00:00:00
74377671;547999;Humpolec;;;;;66184;Kleteèná;;;è.ev.;100;;;39601;690005.39;1115550.06;2015-12-16T00:00:00
74377698;547999;Humpolec;;;;;404349;Humpolec;791946;Polní;è.p.;1717;;;39601;683744.55;1112975.10;2015-12-16T00:00:00
74413180;547999;Humpolec;;;;;404349;Humpolec;379034;Mírová;è.p.;1751;;;39601;684540.84;1111242.42;2015-12-29T00:00:00
74497588;547999;Humpolec;;;;;404349;Humpolec;379093;Nádražní;è.p.;1867;;;39601;684623.83;1112636.71;2016-01-22T00:00:00
74513265;547999;Humpolec;;;;;119946;Petrovice;;;è.p.;110;;;39601;689396.89;1111555.31;2016-01-27T00:00:00
74529064;547999;Humpolec;;;;;404349;Humpolec;379409;Pražská;è.p.;1834;;;39601;685352.55;1111866.92;2016-02-01T00:00:00
74659367;547999;Humpolec;;;;;404349;Humpolec;934968;Oldøicha Kociana;è.p.;1854;;;39601;683246.68;1111934.60;2016-03-03T00:00:00
74730231;547999;Humpolec;;;;;404349;Humpolec;379263;Svépomocná;è.p.;1868;;;39601;684456.74;1111135.09;2016-03-17T00:00:00
74909959;547999;Humpolec;;;;;404349;Humpolec;781576;CTPark Humpolec;è.p.;1580;;;39601;684153.34;1113432.34;2016-04-21T00:00:00
75020190;547999;Humpolec;;;;;49417;Vilémov;;;è.p.;103;;;39601;682017.51;1113050.34;2016-05-18T00:00:00
75193213;547999;Humpolec;;;;;404349;Humpolec;791946;Polní;è.p.;1724;;;39601;683773.65;1112989.88;2016-07-14T00:00:00
75210657;547999;Humpolec;;;;;404349;Humpolec;379093;Nádražní;è.p.;1869;;;39601;685004.40;1112305.05;2022-11-15T00:00:00
75239591;547999;Humpolec;;;;;404349;Humpolec;704474;Vilová;è.p.;1731;;;39601;683863.52;1113086.20;2016-08-02T00:00:00
75343908;547999;Humpolec;;;;;404349;Humpolec;829897;Emericha Dítì;è.p.;1772;;;39601;684602.92;1111351.87;2016-09-15T00:00:00
75355795;547999;Humpolec;;;;;404349;Humpolec;934968;Oldøicha Kociana;è.p.;1857;;;39601;683211.72;1111896.20;2016-09-21T00:00:00
75360748;547999;Humpolec;;;;;404349;Humpolec;379034;Mírová;è.p.;1757;;;39601;684510.93;1111384.65;2016-09-22T00:00:00
75561816;547999;Humpolec;;;;;121223;Plaèkov;;;è.p.;111;;;39601;681412.40;1113819.73;2016-11-23T00:00:00
75697882;547999;Humpolec;;;;;404349;Humpolec;704474;Vilová;è.p.;1726;;;39601;683827.42;1112979.04;2017-01-05T00:00:00
75793482;547999;Humpolec;;;;;404349;Humpolec;379158;Pelhøimovská;è.p.;1796;;;39601;684763.89;1113090.08;2017-02-01T00:00:00
75966751;547999;Humpolec;;;;;160580;Svìtlice;;;è.p.;137;;;39601;683997.01;1108551.15;2017-03-22T00:00:00
76075842;547999;Humpolec;;;;;404349;Humpolec;379077;Na Vyhlídce;è.p.;1832;;;39601;683297.96;1111632.11;2017-04-13T00:00:00
77477626;547999;Humpolec;;;;;404349;Humpolec;934968;Oldøicha Kociana;è.p.;1858;;;39601;683213.26;1111938.46;2017-07-12T00:00:00
77545117;547999;Humpolec;;;;;404349;Humpolec;379280;Na Kasárnách;è.p.;1862;;;39601;684260.28;1111767.37;2017-08-03T00:00:00
77622723;547999;Humpolec;;;;;160580;Svìtlice;;;è.p.;140;;;39601;683835.24;1109212.24;2017-09-05T00:00:00
77632222;547999;Humpolec;;;;;121223;Plaèkov;;;è.p.;110;;;39601;681140.18;1113655.12;2017-09-08T00:00:00
77687159;547999;Humpolec;;;;;404349;Humpolec;934968;Oldøicha Kociana;è.p.;1851;;;39601;683250.71;1112003.34;2017-10-02T00:00:00
77705289;547999;Humpolec;;;;;404349;Humpolec;379328;U Nemocnice;è.p.;1789;;;39601;683529.98;1112283.79;2017-10-09T00:00:00
77706137;547999;Humpolec;;;;;404349;Humpolec;934968;Oldøicha Kociana;è.p.;1859;;;39601;683213.58;1111968.79;2017-10-10T00:00:00
77749812;547999;Humpolec;;;;;121223;Plaèkov;;;è.p.;109;;;39601;681197.41;1113653.16;2017-10-26T00:00:00
77804864;547999;Humpolec;;;;;404349;Humpolec;794813;V Aleji;è.p.;1739;;;39601;683914.67;1113017.54;2017-11-16T00:00:00
77815921;547999;Humpolec;;;;;404349;Humpolec;791946;Polní;è.p.;1725;;;39601;683785.59;1112967.94;2017-11-22T00:00:00
77837991;547999;Humpolec;;;;;404349;Humpolec;934968;Oldøicha Kociana;è.p.;1856;;;39601;683246.41;1111892.65;2017-11-30T00:00:00
78193290;547999;Humpolec;;;;;404349;Humpolec;829897;Emericha Dítì;è.p.;1770;;;39601;684597.34;1111392.62;2018-03-29T00:00:00
78220050;547999;Humpolec;;;;;404349;Humpolec;379085;Na Závodí;è.p.;1567;;;39601;684193.31;1111413.18;2018-04-06T00:00:00
78275920;547999;Humpolec;;;;;121223;Plaèkov;;;è.p.;112;;;39601;681189.17;1114076.77;2018-04-20T00:00:00
78476097;547999;Humpolec;;;;;121223;Plaèkov;;;è.p.;108;;;39601;681200.60;1113888.36;2018-06-28T00:00:00
78555710;547999;Humpolec;;;;;404349;Humpolec;378771;Hálkova;è.p.;1888;;;39601;684081.18;1112433.09;2018-07-27T00:00:00
78735432;547999;Humpolec;;;;;404349;Humpolec;829897;Emericha Dítì;è.p.;1758;;;39601;684563.99;1111367.63;2018-10-03T00:00:00
78760208;547999;Humpolec;;;;;74021;Krasoòov;;;è.p.;125;;;39601;681591.67;1116283.36;2018-10-11T00:00:00
78785731;547999;Humpolec;;;;;404349;Humpolec;378691;Dukelská;è.p.;1563;;;39601;683298.34;1111736.58;2018-10-19T00:00:00
78790468;547999;Humpolec;;;;;404349;Humpolec;379221;Sluníèkova;è.p.;1791;;;39601;683396.94;1111669.17;2018-10-31T00:00:00
78929105;547999;Humpolec;;;;;404349;Humpolec;379361;V Cípku;è.p.;1866;;;39601;684125.75;1112930.54;2018-11-29T00:00:00
78929130;547999;Humpolec;;;;;66184;Kleteèná;;;è.p.;88;;;39601;688753.10;1115091.73;2018-11-29T00:00:00
78999111;547999;Humpolec;;;;;404349;Humpolec;378976;Litochleby;è.p.;1863;;;39601;684158.15;1111019.74;2018-12-20T00:00:00
79033709;547999;Humpolec;;;;;404349;Humpolec;378771;Hálkova;è.p.;1880;;;39601;684345.05;1112049.88;2019-01-08T00:00:00
79099840;547999;Humpolec;;;;;404349;Humpolec;934968;Oldøicha Kociana;è.p.;1860;;;39601;683219.55;1112007.02;2019-01-29T00:00:00
79201687;547999;Humpolec;;;;;160580;Svìtlice;;;è.p.;129;;;39601;683657.21;1109373.60;2019-03-07T00:00:00
79258981;547999;Humpolec;;;;;66184;Kleteèná;;;è.p.;82;;;39601;688804.35;1115188.94;2019-03-28T00:00:00
79268986;547999;Humpolec;;;;;404349;Humpolec;704474;Vilová;è.p.;1729;;;39601;683812.32;1113049.26;2019-04-02T00:00:00
79272371;547999;Humpolec;;;;;49417;Vilémov;;;è.p.;113;;;39601;682030.44;1112728.79;2019-04-03T00:00:00
79351026;547999;Humpolec;;;;;404349;Humpolec;379115;Okružní;è.ev.;739;;;39601;684488.72;1113066.27;2019-05-07T00:00:00
79430571;547999;Humpolec;;;;;404349;Humpolec;829897;Emericha Dítì;è.p.;1763;;;39601;684595.23;1111252.64;2019-06-04T00:00:00
79430678;547999;Humpolec;;;;;404349;Humpolec;2239779;Jakuba Hrušky;è.p.;1903;;;39601;684890.70;1111408.10;2019-06-04T00:00:00
79604749;547999;Humpolec;;;;;404349;Humpolec;378607;5. kvìtna;è.p.;1785;;;39601;683195.08;1112235.27;2019-07-23T00:00:00
79631541;547999;Humpolec;;;;;404349;Humpolec;379361;V Cípku;è.p.;1874;;;39601;684182.44;1112792.54;2019-07-31T00:00:00
79753221;547999;Humpolec;;;;;404349;Humpolec;379093;Nádražní;è.p.;1747;;;39601;684811.78;1112572.43;2019-08-23T00:00:00
79871844;547999;Humpolec;;;;;404349;Humpolec;2239779;Jakuba Hrušky;è.p.;1896;;;39601;684669.97;1111426.14;2019-09-10T00:00:00
79885331;547999;Humpolec;;;;;40061;Hnìvkovice;;;è.p.;176;;;39601;686026.39;1112709.94;2019-09-16T00:00:00
79887732;547999;Humpolec;;;;;404349;Humpolec;2516250;Terasy;è.p.;1926;;;39601;684692.51;1112907.37;2019-09-30T00:00:00
79952143;547999;Humpolec;;;;;404349;Humpolec;378879;Jihlavská;è.p.;1846;;;39601;683645.30;1112420.28;2019-10-09T00:00:00
80008658;547999;Humpolec;;;;;404349;Humpolec;934968;Oldøicha Kociana;è.p.;1850;;;39601;683255.27;1112022.94;2019-10-31T00:00:00
80041248;547999;Humpolec;;;;;74021;Krasoòov;;;è.ev.;37;;;39601;682262.21;1118034.50;2019-11-11T00:00:00
80048111;547999;Humpolec;;;;;119946;Petrovice;;;è.p.;79;;;39601;689842.68;1111096.98;2019-11-13T00:00:00
80106919;547999;Humpolec;;;;;404349;Humpolec;378976;Litochleby;è.p.;1864;;;39601;684067.26;1111021.65;2019-11-27T00:00:00
80296700;547999;Humpolec;;;;;74021;Krasoòov;;;è.ev.;84;;;39601;681491.60;1116901.98;2020-01-28T00:00:00
80343902;547999;Humpolec;;;;;74021;Krasoòov;;;è.ev.;83;;;39601;681325.42;1116776.77;2020-02-05T00:00:00
80445501;547999;Humpolec;;;;;404349;Humpolec;378984;Lnáøská;è.p.;1833;;;39601;684249.43;1112016.04;2020-03-02T00:00:00
80454143;547999;Humpolec;;;;;66184;Kleteèná;;;è.p.;90;;;39601;688536.42;1115633.92;2020-03-04T00:00:00
80487017;547999;Humpolec;;;;;160598;Svìtlický Dvùr;;;è.p.;139;;;39601;684228.02;1109467.93;2020-03-17T00:00:00
80494889;547999;Humpolec;;;;;404349;Humpolec;379336;U Stadionu;è.p.;1664;;;39601;683550.08;1112646.02;2020-03-18T00:00:00
80496377;547999;Humpolec;;;;;119946;Petrovice;;;è.p.;81;;;39601;689253.64;1111563.33;2020-03-19T00:00:00
80498744;547999;Humpolec;;;;;404349;Humpolec;791946;Polní;è.p.;1720;;;39601;683702.92;1113048.97;2020-03-20T00:00:00
80520847;547999;Humpolec;;;;;404349;Humpolec;2516250;Terasy;è.p.;1929;;;39601;684648.01;1112876.92;2020-04-02T00:00:00
80521002;547999;Humpolec;;;;;404349;Humpolec;2516250;Terasy;è.p.;1954;;;39601;684707.19;1112847.83;2020-04-02T00:00:00
80521029;547999;Humpolec;;;;;404349;Humpolec;2516250;Terasy;è.p.;1930;;;39601;684637.87;1112862.40;2020-04-02T00:00:00
80569404;547999;Humpolec;;;;;404349;Humpolec;2516250;Terasy;è.p.;1932;;;39601;684624.07;1112828.57;2020-04-27T00:00:00
80569498;547999;Humpolec;;;;;404349;Humpolec;2516250;Terasy;è.p.;1928;;;39601;684662.88;1112888.00;2020-04-24T00:00:00
80638694;547999;Humpolec;;;;;49409;Rozkoš;;;è.p.;139;;;39601;682406.28;1112286.90;2020-05-19T00:00:00
80708994;547999;Humpolec;;;;;404349;Humpolec;379204;Masarykova;è.p.;1655;;;39601;683997.21;1112255.39;2020-05-27T00:00:00
80779298;547999;Humpolec;;;;;404349;Humpolec;2516250;Terasy;è.p.;1950;;;39601;684666.39;1112842.13;2020-06-08T00:00:00
80956394;547999;Humpolec;;;;;404349;Humpolec;379361;V Cípku;è.p.;1873;;;39601;684031.36;1112905.44;2020-07-14T00:00:00
80964320;547999;Humpolec;;;;;49409;Rozkoš;;;è.p.;141;;;39601;681453.58;1112311.58;2020-07-15T00:00:00
81031696;547999;Humpolec;;;;;404349;Humpolec;378828;Hradská;è.p.;1564;;;39601;683564.80;1112042.34;2020-07-29T00:00:00
81075057;547999;Humpolec;;;;;404349;Humpolec;379361;V Cípku;è.p.;1879;;;39601;683982.02;1112976.59;2020-08-17T00:00:00
81079770;547999;Humpolec;;;;;49417;Vilémov;;;è.p.;114;;;39601;682358.64;1112764.34;2020-08-18T00:00:00
81164203;547999;Humpolec;;;;;404349;Humpolec;2239779;Jakuba Hrušky;è.p.;1901;;;39601;684819.96;1111411.96;2020-09-24T00:00:00
81201630;547999;Humpolec;;;;;404349;Humpolec;378755;Hamzova;è.p.;1560;;;39601;684582.71;1112784.02;2020-10-12T00:00:00
81310323;547999;Humpolec;;;;;404349;Humpolec;2239779;Jakuba Hrušky;è.p.;1915;;;39601;684890.55;1111375.68;2020-11-25T00:00:00
81321228;547999;Humpolec;;;;;404349;Humpolec;379115;Okružní;è.p.;1780;;;39601;684830.84;1112124.53;2020-11-30T00:00:00
81323701;547999;Humpolec;;;;;404349;Humpolec;378879;Jihlavská;è.p.;1876;;;39601;683428.31;1112841.83;2020-11-30T00:00:00
81324596;547999;Humpolec;;;;;404349;Humpolec;2239779;Jakuba Hrušky;è.p.;1897;;;39601;684649.79;1111421.29;2020-11-30T00:00:00
81336161;547999;Humpolec;;;;;49417;Vilémov;;;è.p.;121;;;39601;681971.44;1112692.50;2020-12-03T00:00:00
81373741;547999;Humpolec;;;;;404349;Humpolec;2239779;Jakuba Hrušky;è.p.;1899;;;39601;684737.01;1111400.83;2020-12-16T00:00:00
81377371;547999;Humpolec;;;;;49417;Vilémov;;;è.p.;111;;;39601;681968.16;1112732.65;2020-12-17T00:00:00
81431848;547999;Humpolec;;;;;40061;Hnìvkovice;;;è.p.;178;;;39601;686271.62;1112717.83;2021-01-14T00:00:00
81460678;547999;Humpolec;;;;;404349;Humpolec;379131;Panskodomská;è.p.;1566;;;39601;683678.16;1111737.05;2021-01-27T00:00:00
81474369;547999;Humpolec;;;;;404349;Humpolec;379115;Okružní;è.ev.;740;;;39601;684507.57;1113066.46;2021-02-02T00:00:00
81474580;547999;Humpolec;;;;;404349;Humpolec;;;è.ev.;741;;;39601;684509.76;1113068.60;2021-02-02T00:00:00
81511752;547999;Humpolec;;;;;404349;Humpolec;2516250;Terasy;è.p.;1927;;;39601;684677.68;1112898.44;2021-02-17T00:00:00
81549822;547999;Humpolec;;;;;404349;Humpolec;2516250;Terasy;è.p.;1944;;;39601;684749.71;1112847.55;2021-03-03T00:00:00
81549890;547999;Humpolec;;;;;404349;Humpolec;2516250;Terasy;è.p.;1953;;;39601;684691.26;1112834.86;2021-03-03T00:00:00
81565411;547999;Humpolec;;;;;160580;Svìtlice;;;è.p.;141;;;39601;683860.00;1108791.66;2021-03-10T00:00:00
81590016;547999;Humpolec;;;;;404349;Humpolec;379361;V Cípku;è.p.;1878;;;39601;683985.45;1112855.82;2021-03-19T00:00:00
81596014;547999;Humpolec;;;;;160598;Svìtlický Dvùr;;;è.ev.;1;;;39601;684133.83;1109457.32;2021-03-23T00:00:00
81604416;547999;Humpolec;;;;;404349;Humpolec;2239779;Jakuba Hrušky;è.p.;1916;;;39601;684920.41;1111381.90;2021-03-26T00:00:00
81671270;547999;Humpolec;;;;;404349;Humpolec;2239779;Jakuba Hrušky;è.p.;1911;;;39601;684753.55;1111353.93;2021-04-20T00:00:00
81733542;547999;Humpolec;;;;;40061;Hnìvkovice;;;è.p.;174;;;39601;686170.11;1112829.42;2021-04-26T00:00:00
81749651;547999;Humpolec;;;;;404349;Humpolec;2516250;Terasy;è.p.;1943;;;39601;684737.63;1112836.27;2021-04-27T00:00:00
81780851;547999;Humpolec;;;;;404349;Humpolec;2239779;Jakuba Hrušky;è.p.;1894;;;39601;684719.49;1111431.67;2022-01-05T00:00:00
81847181;547999;Humpolec;;;;;404349;Humpolec;934968;Oldøicha Kociana;è.p.;1853;;;39601;683246.93;1111959.21;2021-05-27T00:00:00
81851162;547999;Humpolec;;;;;160580;Svìtlice;;;è.p.;143;;;39601;684167.95;1108921.49;2021-05-28T00:00:00
81856385;547999;Humpolec;;;;;404349;Humpolec;379158;Pelhøimovská;è.p.;1465;;;39601;684727.51;1113324.81;2021-06-03T00:00:00
81870108;547999;Humpolec;;;;;404349;Humpolec;379115;Okružní;è.p.;1778;;;39601;684742.46;1112214.96;2021-06-03T00:00:00
81932740;547999;Humpolec;;;;;404349;Humpolec;2239779;Jakuba Hrušky;è.p.;1891;;;39601;684788.96;1111443.14;2021-06-29T00:00:00
81961928;547999;Humpolec;;;;;404349;Humpolec;2516250;Terasy;è.p.;1941;;;39601;684712.93;1112812.13;2021-07-14T00:00:00
81977948;547999;Humpolec;;;;;404349;Humpolec;379115;Okružní;è.p.;1779;;;39601;684804.37;1112196.85;2021-07-21T00:00:00
81978421;547999;Humpolec;;;;;404349;Humpolec;2516250;Terasy;è.p.;1933;;;39601;684618.47;1112810.14;2021-07-21T00:00:00
81978472;547999;Humpolec;;;;;404349;Humpolec;2516250;Terasy;è.p.;1931;;;39601;684630.56;1112845.87;2021-07-21T00:00:00
81978537;547999;Humpolec;;;;;404349;Humpolec;2516250;Terasy;è.p.;1949;;;39601;684681.09;1112860.59;2021-07-21T00:00:00
82012539;547999;Humpolec;;;;;404349;Humpolec;2239779;Jakuba Hrušky;è.p.;1905;;;39601;684801.92;1111397.16;2021-08-06T00:00:00
82046697;547999;Humpolec;;;;;404349;Humpolec;2516250;Terasy;è.p.;1937;;;39601;684663.43;1112763.89;2021-08-25T00:00:00
82046930;547999;Humpolec;;;;;119946;Petrovice;;;è.p.;115;;;39601;689226.08;1111241.37;2021-08-25T00:00:00
82054061;547999;Humpolec;;;;;404349;Humpolec;2516250;Terasy;è.p.;1942;;;39601;684725.11;1112823.46;2021-08-30T00:00:00
82097674;547999;Humpolec;;;;;404349;Humpolec;2516250;Terasy;è.p.;1938;;;39601;684676.05;1112775.66;2021-09-13T00:00:00
82097917;547999;Humpolec;;;;;66184;Kleteèná;;;è.p.;86;;;39601;688656.07;1115284.73;2021-09-13T00:00:00
82098034;547999;Humpolec;;;;;404349;Humpolec;2239779;Jakuba Hrušky;è.p.;1909;;;39601;684680.56;1111345.15;2021-09-13T00:00:00
82103607;547999;Humpolec;;;;;404349;Humpolec;2516250;Terasy;è.p.;1940;;;39601;684700.65;1112800.08;2021-09-15T00:00:00
82160015;547999;Humpolec;;;;;404349;Humpolec;2516250;Terasy;è.p.;1939;;;39601;684688.14;1112788.24;2021-10-06T00:00:00
82199671;547999;Humpolec;;;;;404349;Humpolec;379361;V Cípku;è.p.;1847;;;39601;683978.38;1112885.81;2021-10-20T00:00:00
82203318;547999;Humpolec;;;;;404349;Humpolec;2239779;Jakuba Hrušky;è.p.;1898;;;39601;684695.77;1111392.75;2021-10-21T00:00:00
82209308;547999;Humpolec;;;;;404349;Humpolec;379484;Spojovací;è.ev.;732;;;39601;683971.11;1111362.97;2021-10-25T00:00:00
82255857;547999;Humpolec;;;;;404349;Humpolec;2516250;Terasy;è.p.;1948;;;39601;684698.53;1112871.40;2021-11-11T00:00:00
82267651;547999;Humpolec;;;;;119946;Petrovice;;;è.p.;111;;;39601;689879.41;1111062.11;2021-11-16T00:00:00
82333025;547999;Humpolec;;;;;49409;Rozkoš;;;è.p.;143;;;39601;681510.43;1112048.55;2021-12-11T00:00:00
82401969;547999;Humpolec;;;;;40061;Hnìvkovice;;;è.p.;177;;;39601;686301.79;1112727.39;2021-12-29T00:00:00
82402027;547999;Humpolec;;;;;404349;Humpolec;379468;Pod Tratí;è.p.;1496;;;39601;684294.58;1113000.91;2021-12-29T00:00:00
82402043;547999;Humpolec;;;;;404349;Humpolec;379000;Lužická;è.p.;1877;;;39601;683523.67;1110505.00;2021-12-29T00:00:00
82438455;547999;Humpolec;;;;;160580;Svìtlice;;;è.p.;142;;;39601;683835.64;1109262.16;2022-01-06T00:00:00
82468583;547999;Humpolec;;;;;49417;Vilémov;;;è.p.;117;;;39601;682251.80;1112723.43;2022-01-13T00:00:00
82490295;547999;Humpolec;;;;;404349;Humpolec;2516250;Terasy;è.p.;1955;;;39601;684718.20;1112862.58;2022-01-14T00:00:00
82496331;547999;Humpolec;;;;;404349;Humpolec;2239779;Jakuba Hrušky;è.p.;1908;;;39601;684679.44;1111384.27;2022-01-18T00:00:00
82539162;547999;Humpolec;;;;;404349;Humpolec;379476;Sadová;è.p.;1492;;;39601;684344.52;1112958.04;2022-01-25T00:00:00
82539189;547999;Humpolec;;;;;121223;Plaèkov;;;è.p.;114;;;39601;681247.88;1114007.48;2022-01-25T00:00:00
82651531;547999;Humpolec;;;;;40061;Hnìvkovice;;;è.p.;175;;;39601;686668.90;1112774.39;2022-02-17T00:00:00
82679690;547999;Humpolec;;;;;404349;Humpolec;379000;Lužická;è.p.;1881;;;39601;683808.13;1110956.14;2022-03-01T00:00:00
82706450;547999;Humpolec;;;;;404349;Humpolec;2516250;Terasy;è.p.;1952;;;39601;684673.54;1112815.95;2022-03-02T00:00:00
82731276;547999;Humpolec;;;;;404349;Humpolec;2516250;Terasy;è.p.;1951;;;39601;684655.02;1112804.46;2022-03-09T00:00:00
82741646;547999;Humpolec;;;;;49417;Vilémov;;;è.p.;119;;;39601;682202.78;1113026.35;2022-03-14T00:00:00
82749639;547999;Humpolec;;;;;404349;Humpolec;2239779;Jakuba Hrušky;è.p.;1900;;;39601;684778.31;1111408.92;2022-03-16T00:00:00
82875707;547999;Humpolec;;;;;404349;Humpolec;2516250;Terasy;è.p.;1945;;;39601;684762.18;1112860.32;2022-04-12T00:00:00
82876266;547999;Humpolec;;;;;404349;Humpolec;2516250;Terasy;è.p.;1936;;;39601;684651.97;1112752.20;2022-04-13T00:00:00
82876304;547999;Humpolec;;;;;404349;Humpolec;2516250;Terasy;è.p.;1935;;;39601;684637.89;1112778.23;2022-04-13T00:00:00
82876321;547999;Humpolec;;;;;404349;Humpolec;2516250;Terasy;è.p.;1934;;;39601;684628.77;1112792.20;2022-04-13T00:00:00
82904090;547999;Humpolec;;;;;404349;Humpolec;379395;Zahradní;è.p.;1831;;;39601;684746.31;1111741.11;2022-04-27T00:00:00
82909903;547999;Humpolec;;;;;404349;Humpolec;2239779;Jakuba Hrušky;è.p.;1895;;;39601;684695.94;1111428.10;2022-04-28T00:00:00
82933944;547999;Humpolec;;;;;404349;Humpolec;379000;Lužická;è.p.;1807;;;39601;683632.25;1111087.91;2022-05-06T00:00:00
82981221;547999;Humpolec;;;;;404349;Humpolec;934968;Oldøicha Kociana;è.p.;1852;;;39601;683256.58;1111979.14;2022-05-24T00:00:00
83023585;547999;Humpolec;;;;;74021;Krasoòov;;;è.ev.;15;;;39601;681900.63;1117840.75;2022-06-21T00:00:00
83072438;547999;Humpolec;;;;;404349;Humpolec;378879;Jihlavská;è.p.;1820;;;39601;683756.53;1112207.01;2022-06-24T00:00:00
83079777;547999;Humpolec;;;;;404349;Humpolec;379395;Zahradní;è.p.;1515;;;39601;684750.00;1111678.06;2022-06-28T00:00:00
83086579;547999;Humpolec;;;;;404349;Humpolec;2239779;Jakuba Hrušky;è.p.;1892;;;39601;684765.00;1111440.65;2022-06-30T00:00:00
83107827;547999;Humpolec;;;;;49417;Vilémov;;;è.p.;122;;;39601;682232.15;1112728.69;2022-07-13T00:00:00
83185046;547999;Humpolec;;;;;404349;Humpolec;379069;Na Skalce;è.p.;1516;;;39601;684248.68;1111704.00;2022-08-04T00:00:00
83208071;547999;Humpolec;;;;;49417;Vilémov;;;è.p.;120;;;39601;682229.01;1113005.36;2022-08-11T00:00:00
83245596;547999;Humpolec;;;;;404349;Humpolec;2239779;Jakuba Hrušky;è.p.;1910;;;39601;684712.72;1111348.80;2022-08-30T00:00:00
83245626;547999;Humpolec;;;;;404349;Humpolec;2239779;Jakuba Hrušky;è.p.;1913;;;39601;684815.26;1111364.46;2022-08-30T00:00:00
83245758;547999;Humpolec;;;;;404349;Humpolec;378666;Èejovská;è.p.;1783;;;39601;682816.94;1111088.05;2022-09-06T00:00:00
83245791;547999;Humpolec;;;;;404349;Humpolec;2516250;Terasy;è.p.;1924;;;39601;684686.73;1112945.02;2022-08-30T00:00:00
83245863;547999;Humpolec;;;;;404349;Humpolec;2516250;Terasy;è.p.;1922;;;39601;684663.95;1112960.51;2022-08-30T00:00:00
83245910;547999;Humpolec;;;;;404349;Humpolec;2516250;Terasy;è.p.;1923;;;39601;684675.08;1112952.62;2022-08-30T00:00:00
83245944;547999;Humpolec;;;;;74021;Krasoòov;;;è.p.;113;;;39601;681435.59;1117026.71;2022-08-30T00:00:00
83351850;547999;Humpolec;;;;;121223;Plaèkov;;;è.p.;115;;;39601;681345.91;1113738.62;2022-10-11T00:00:00
83352091;547999;Humpolec;;;;;160598;Svìtlický Dvùr;;;è.p.;145;;;39601;684448.98;1109596.56;2022-10-11T00:00:00
83356631;547999;Humpolec;;;;;404349;Humpolec;378631;Blanická;è.p.;1889;;;39601;685238.06;1111264.48;2022-10-11T00:00:00
83468145;547999;Humpolec;;;;;404349;Humpolec;379310;U Kaštanu;è.p.;1514;;;39601;684710.87;1111617.34;2022-10-14T00:00:00
83708146;547999;Humpolec;;;;;404349;Humpolec;379204;Masarykova;è.p.;1784;;;39601;684385.13;1112497.73;2022-10-20T00:00:00
84563630;547999;Humpolec;;;;;404349;Humpolec;378712;Dvorská;è.p.;1355;;;39601;683191.86;1111571.56;2022-11-24T00:00:00
84565888;547999;Humpolec;;;;;404349;Humpolec;378909;Jiøická;è.p.;1417;;;39601;684539.66;1111629.58;2022-11-24T00:00:00
84579005;547999;Humpolec;;;;;404349;Humpolec;378968;Lipová;è.p.;1875;;;39601;684146.09;1112743.61;2022-11-30T00:00:00
84597500;547999;Humpolec;;;;;404349;Humpolec;2516250;Terasy;è.p.;1921;;;39601;684652.43;1112968.98;2022-12-07T00:00:00
84626526;547999;Humpolec;;;;;404349;Humpolec;379395;Zahradní;è.p.;1861;;;39601;684900.37;1111649.84;2022-12-15T00:00:00
84641029;547999;Humpolec;;;;;404349;Humpolec;378666;Èejovská;è.p.;1782;;;39601;682789.46;1111079.03;2022-12-20T00:00:00
84656476;547999;Humpolec;;;;;404349;Humpolec;379000;Lužická;è.p.;1839;;;39601;683715.21;1110948.39;2022-12-28T00:00:00
84661348;547999;Humpolec;;;;;404349;Humpolec;379361;V Cípku;è.p.;1478;;;39601;684043.59;1112971.04;2023-01-02T00:00:00
84890991;547999;Humpolec;;;;;160580;Svìtlice;;;è.p.;144;;;39601;683907.30;1108647.68;2023-01-20T00:00:00
85033332;547999;Humpolec;;;;;404349;Humpolec;871869;Jana Jokla;è.p.;1813;;;39601;683909.93;1110854.36;2023-03-16T00:00:00
85081345;547999;Humpolec;;;;;404349;Humpolec;379158;Pelhøimovská;è.p.;1872;;;39601;684753.99;1113069.44;2023-04-03T00:00:00
85111121;547999;Humpolec;;;;;404349;Humpolec;379395;Zahradní;è.p.;1477;;;39601;684845.27;1111649.89;2023-04-18T00:00:00
85151165;547999;Humpolec;;;;;119946;Petrovice;;;è.p.;113;;;39601;689805.94;1111069.35;2023-05-02T00:00:00
85151416;547999;Humpolec;;;;;404349;Humpolec;2239779;Jakuba Hrušky;è.p.;1902;;;39601;684857.85;1111427.50;2023-05-02T00:00:00
85240303;547999;Humpolec;;;;;404349;Humpolec;379077;Na Vyhlídce;è.p.;1565;;;39601;683317.92;1111632.87;2023-05-23T00:00:00
85253928;547999;Humpolec;;;;;404349;Humpolec;2239779;Jakuba Hrušky;è.p.;1893;;;39601;684742.35;1111434.33;2023-05-31T00:00:00
85317675;547999;Humpolec;;;;;404349;Humpolec;379352;V Brance;è.p.;1517;;;39601;684412.38;1111938.62;2023-06-23T00:00:00
85417564;547999;Humpolec;;;;;66184;Kleteèná;;;è.p.;84;;;39601;688692.44;1115135.81;2023-08-14T00:00:00
85550663;547999;Humpolec;;;;;404349;Humpolec;379174;Podhrad;è.p.;1699;;;39601;683244.72;1112097.72;2023-08-25T00:00:00
85550728;547999;Humpolec;;;;;404349;Humpolec;2516250;Terasy;è.p.;1920;;;39601;684641.37;1112975.76;2023-08-25T00:00:00
85614165;547999;Humpolec;;;;;121223;Plaèkov;;;è.ev.;19;;;39601;681358.49;1113718.98;2023-09-22T00:00:00
85738611;547999;Humpolec;;;;;404349;Humpolec;;;è.ev.;692;;;39601;684799.78;1111659.07;2023-11-20T00:00:00
85825352;547999;Humpolec;;;;;40061;Hnìvkovice;;;è.p.;182;;;39601;686055.79;1112693.05;2023-11-30T00:00:00
85912000;547999;Humpolec;;;;;404349;Humpolec;378909;Jiøická;è.p.;1634;;;39601;684557.40;1111693.74;2024-01-09T00:00:00
85915548;547999;Humpolec;;;;;66184;Kleteèná;;;è.p.;97;;;39601;687300.05;1115342.21;2024-01-11T00:00:00
85926302;547999;Humpolec;;;;;49409;Rozkoš;;;è.ev.;3;;;39601;682071.03;1112218.23;2024-01-15T00:00:00
85926507;547999;Humpolec;;;;;66184;Kleteèná;;;è.p.;91;;;39601;688598.59;1115344.09;2024-01-15T00:00:00
85926744;547999;Humpolec;;;;;404349;Humpolec;2516250;Terasy;è.p.;1946;;;39601;684745.25;1112875.62;2024-01-29T00:00:00
85961418;547999;Humpolec;;;;;121223;Plaèkov;;;è.p.;113;;;39601;681089.63;1113958.12;2024-01-29T00:00:00
86052977;547999;Humpolec;;;;;404349;Humpolec;;;è.ev.;773;;;39601;684348.13;1113270.87;2024-03-06T00:00:00
86054490;547999;Humpolec;;;;;404349;Humpolec;379115;Okružní;è.p.;1976;;;39601;684630.92;1112204.42;2024-03-07T00:00:00
86054759;547999;Humpolec;;;;;404349;Humpolec;379115;Okružní;è.p.;1975;;;39601;684562.48;1112294.82;2024-03-07T00:00:00
86112660;547999;Humpolec;;;;;404349;Humpolec;378607;5. kvìtna;è.p.;1657;;;39601;683227.39;1112371.08;2024-04-04T00:00:00
86161831;547999;Humpolec;;;;;160598;Svìtlický Dvùr;;;è.p.;146;;;39601;684391.35;1109631.83;2024-05-17T00:00:00
86174088;547999;Humpolec;;;;;49417;Vilémov;;;è.p.;118;;;39601;682206.01;1112731.66;2024-05-02T00:00:00
86229494;547999;Humpolec;;;;;49409;Rozkoš;;;è.p.;142;;;39601;681879.28;1112218.86;2024-05-29T00:00:00
86229532;547999;Humpolec;;;;;404349;Humpolec;2239779;Jakuba Hrušky;è.p.;1904;;;39601;684860.11;1111400.78;2024-05-29T00:00:00
86300873;547999;Humpolec;;;;;404349;Humpolec;2239779;Jakuba Hrušky;è.p.;1907;;;39601;684718.80;1111382.11;2024-06-24T00:00:00
86376675;547999;Humpolec;;;;;404349;Humpolec;2239779;Jakuba Hrušky;è.p.;1914;;;39601;684870.56;1111371.85;2024-09-27T00:00:00
86379712;547999;Humpolec;;;;;404349;Humpolec;2516250;Terasy;è.p.;1947;;;39601;684727.90;1112892.76;2024-07-25T00:00:00
86428349;547999;Humpolec;;;;;404349;Humpolec;378844;Humpolecký dvùr;è.p.;1819;;;39601;683224.55;1111780.09;2024-07-30T00:00:00
86461362;547999;Humpolec;;;;;40061;Hnìvkovice;;;è.p.;179;;;39601;686874.54;1112971.86;2024-08-14T00:00:00
86466178;547999;Humpolec;;;;;404349;Humpolec;;;è.ev.;817;;;39601;684555.62;1113290.43;2024-08-16T00:00:00
86473379;547999;Humpolec;;;;;404349;Humpolec;2239779;Jakuba Hrušky;è.p.;1890;;;39601;684812.76;1111442.44;2024-08-21T00:00:00
86499939;547999;Humpolec;;;;;404349;Humpolec;379026;Mánesova;è.p.;1978;;;39601;684375.70;1111639.48;2024-09-06T00:00:00
86547356;547999;Humpolec;;;;;404349;Humpolec;379000;Lužická;è.p.;1882;;;39601;683687.96;1111212.89;2024-10-02T00:00:00
86548280;547999;Humpolec;;;;;404349;Humpolec;379000;Lužická;è.p.;1883;;;39601;683681.10;1111209.64;2024-10-02T00:00:00
86558056;547999;Humpolec;;;;;404349;Humpolec;379395;Zahradní;è.p.;1513;;;39601;684789.06;1111591.58;2024-10-07T00:00:00
86559311;547999;Humpolec;;;;;119946;Petrovice;;;è.p.;114;;;39601;689533.05;1111240.96;2024-10-07T00:00:00
86567241;547999;Humpolec;;;;;404349;Humpolec;2239779;Jakuba Hrušky;è.p.;1912;;;39601;684780.72;1111366.11;2024-10-10T00:00:00
86592530;547999;Humpolec;;;;;66184;Kleteèná;;;è.ev.;101;;;39601;689544.29;1115531.68;2024-10-25T00:00:00
86653067;547999;Humpolec;;;;;74021;Krasoòov;;;è.p.;128;;;39601;681365.09;1116567.87;2024-11-22T00:00:00
86795511;547999;Humpolec;;;;;40061;Hnìvkovice;;;è.p.;180;;;39601;686805.43;1112913.46;2025-02-05T00:00:00
86835408;547999;Humpolec;;;;;404349;Humpolec;379131;Panskodomská;è.p.;1829;;;39601;683679.33;1111895.78;2025-02-27T00:00:00
86838946;547999;Humpolec;;;;;404349;Humpolec;;;è.ev.;694;;;39601;683491.38;1112916.14;2025-03-03T00:00:00
86967614;547999;Humpolec;;;;;49417;Vilémov;;;è.ev.;3;;;39601;682374.50;1112808.68;2025-04-04T00:00:00
86992180;547999;Humpolec;;;;;404349;Humpolec;378828;Hradská;è.p.;1835;;;39601;683560.29;1112001.48;2025-04-23T00:00:00
86992864;547999;Humpolec;;;;;404349;Humpolec;379280;Na Kasárnách;è.p.;1977;;;39601;684198.14;1111725.69;2025-04-23T00:00:00
86993046;547999;Humpolec;;;;;404349;Humpolec;379191;Raisova;è.ev.;695;;;39601;683577.11;1111354.59;2025-04-23T00:00:00
87036720;547999;Humpolec;;;;;49409;Rozkoš;;;è.p.;144;;;39601;681509.83;1111994.97;2025-05-16T00:00:00
87043467;547999;Humpolec;;;;;404349;Humpolec;379000;Lužická;è.p.;1884;;;39601;683549.86;1110502.16;2025-05-21T00:00:00
87251191;547999;Humpolec;;;;;404349;Humpolec;379000;Lužická;è.p.;1885;;;39601;683492.57;1110551.70;2025-08-27T00:00:00
87251248;547999;Humpolec;;;;;404349;Humpolec;379000;Lužická;è.p.;1886;;;39601;683485.41;1110535.76;2025-08-27T00:00:00
87404036;547999;Humpolec;;;;;74021;Krasoòov;;;è.p.;127;;;39601;681513.10;1116663.65;2025-11-12T00:00:00
87508907;547999;Humpolec;;;;;404349;Humpolec;934968;Oldøicha Kociana;è.p.;1855;;;39601;683246.46;1111918.52;2025-12-09T00:00:00
87605945;547999;Humpolec;;;;;404349;Humpolec;2239779;Jakuba Hrušky;è.p.;1906;;;39601;684760.97;1111392.83;2026-01-30T00:00:00
87640406;547999;Humpolec;;;;;404349;Humpolec;;;è.ev.;696;;;39601;684579.58;1113257.56;2026-02-17T00:00:00
