Kód ADM;Kód obce;Název obce;Kód MOMC;Název MOMC;Kód obvodu Prahy;Název obvodu Prahy;Kód èásti obce;Název èásti obce;Kód ulice;Název ulice;Typ SO;Èíslo domovní;Èíslo orientaèní;Znak èísla orientaèního;PSÈ;Souøadnice Y;Souøadnice X;Platí Od
12459861;598062;Bystøice;;;;;16926;Bystøice;;;è.p.;1;;;73995;441139.73;1126466.66;2013-11-29T00:00:00
12459879;598062;Bystøice;;;;;16926;Bystøice;;;è.p.;2;;;73995;439201.93;1124704.91;2013-11-29T00:00:00
12459887;598062;Bystøice;;;;;16926;Bystøice;;;è.p.;3;;;73995;441071.82;1126309.76;2015-03-12T00:00:00
12459895;598062;Bystøice;;;;;16926;Bystøice;;;è.p.;4;;;73995;441053.99;1126368.03;2013-11-29T00:00:00
12459909;598062;Bystøice;;;;;16926;Bystøice;;;è.p.;5;;;73995;441067.04;1126341.50;2013-11-29T00:00:00
12459917;598062;Bystøice;;;;;16926;Bystøice;;;è.p.;6;;;73995;441227.16;1126427.78;2013-11-29T00:00:00
12459925;598062;Bystøice;;;;;16926;Bystøice;;;è.p.;7;;;73995;439730.50;1125769.20;2013-11-29T00:00:00
12459933;598062;Bystøice;;;;;16926;Bystøice;;;è.p.;8;;;73995;440409.32;1127165.55;2013-11-29T00:00:00
12459941;598062;Bystøice;;;;;16926;Bystøice;;;è.p.;9;;;73995;441008.27;1126291.32;2013-11-29T00:00:00
12459950;598062;Bystøice;;;;;16926;Bystøice;;;è.p.;10;;;73995;441104.14;1126764.08;2013-11-29T00:00:00
12459968;598062;Bystøice;;;;;16926;Bystøice;;;è.p.;11;;;73995;440688.32;1126152.41;2013-11-29T00:00:00
12459976;598062;Bystøice;;;;;16926;Bystøice;;;è.p.;12;;;73995;440577.90;1126195.55;2020-10-20T00:00:00
12459984;598062;Bystøice;;;;;16926;Bystøice;;;è.p.;13;;;73995;440492.39;1126125.14;2013-11-29T00:00:00
12459992;598062;Bystøice;;;;;16926;Bystøice;;;è.p.;14;;;73995;440535.75;1126089.68;2013-11-29T00:00:00
12460001;598062;Bystøice;;;;;16926;Bystøice;;;è.p.;15;;;73995;437730.18;1126742.82;2013-11-29T00:00:00
12460010;598062;Bystøice;;;;;16926;Bystøice;;;è.p.;16;;;73995;440185.98;1125874.11;2013-11-29T00:00:00
12460028;598062;Bystøice;;;;;16926;Bystøice;;;è.p.;17;;;73995;439752.74;1126403.74;2013-11-29T00:00:00
12460036;598062;Bystøice;;;;;16926;Bystøice;;;è.p.;18;;;73995;440007.96;1125726.09;2013-11-29T00:00:00
12460044;598062;Bystøice;;;;;16926;Bystøice;;;è.p.;19;;;73995;439798.58;1125332.30;2013-11-29T00:00:00
12460052;598062;Bystøice;;;;;16926;Bystøice;;;è.p.;20;;;73995;439710.91;1125291.31;2023-03-23T00:00:00
12460061;598062;Bystøice;;;;;16926;Bystøice;;;è.p.;21;;;73995;439508.67;1125262.03;2013-11-29T00:00:00
12460079;598062;Bystøice;;;;;16926;Bystøice;;;è.p.;22;;;73995;439467.23;1125213.37;2013-11-29T00:00:00
12460087;598062;Bystøice;;;;;16926;Bystøice;;;è.p.;23;;;73995;439423.07;1125089.11;2013-11-29T00:00:00
12460095;598062;Bystøice;;;;;16926;Bystøice;;;è.p.;24;;;73995;439280.77;1125050.89;2013-11-29T00:00:00
12460109;598062;Bystøice;;;;;16926;Bystøice;;;è.p.;25;;;73995;438929.15;1124437.36;2013-11-29T00:00:00
12460117;598062;Bystøice;;;;;16926;Bystøice;;;è.p.;26;;;73995;441876.78;1128389.83;2013-11-29T00:00:00
12460125;598062;Bystøice;;;;;16926;Bystøice;;;è.p.;27;;;73995;438849.77;1125217.23;2013-11-29T00:00:00
12460133;598062;Bystøice;;;;;16926;Bystøice;;;è.p.;28;;;73995;439104.91;1124807.88;2013-11-29T00:00:00
12460141;598062;Bystøice;;;;;16926;Bystøice;;;è.p.;29;;;73995;439146.58;1124957.57;2013-11-29T00:00:00
12460150;598062;Bystøice;;;;;16926;Bystøice;;;è.p.;30;;;73995;439286.97;1125237.17;2013-11-29T00:00:00
12460168;598062;Bystøice;;;;;16926;Bystøice;;;è.p.;31;;;73995;439139.00;1125436.68;2013-11-29T00:00:00
12460176;598062;Bystøice;;;;;16926;Bystøice;;;è.p.;32;;;73995;439381.90;1125375.10;2013-11-29T00:00:00
12460184;598062;Bystøice;;;;;16926;Bystøice;;;è.p.;33;;;73995;439455.55;1125306.21;2013-11-29T00:00:00
12460192;598062;Bystøice;;;;;16926;Bystøice;;;è.p.;34;;;73995;439477.85;1125337.85;2013-11-29T00:00:00
12460206;598062;Bystøice;;;;;16926;Bystøice;;;è.p.;35;;;73995;439435.87;1125363.06;2013-11-29T00:00:00
12460214;598062;Bystøice;;;;;16926;Bystøice;;;è.p.;36;;;73995;439716.75;1125609.28;2013-11-29T00:00:00
12460222;598062;Bystøice;;;;;16926;Bystøice;;;è.p.;37;;;73995;439445.45;1125551.08;2013-11-29T00:00:00
12460231;598062;Bystøice;;;;;16926;Bystøice;;;è.p.;38;;;73995;439067.51;1126063.95;2013-11-29T00:00:00
12460249;598062;Bystøice;;;;;16926;Bystøice;;;è.p.;39;;;73995;438694.39;1126190.53;2013-11-29T00:00:00
12460257;598062;Bystøice;;;;;16926;Bystøice;;;è.p.;40;;;73995;438436.40;1126072.99;2013-11-29T00:00:00
12460265;598062;Bystøice;;;;;16926;Bystøice;;;è.p.;41;;;73995;438524.63;1126321.29;2013-11-29T00:00:00
12460273;598062;Bystøice;;;;;16926;Bystøice;;;è.p.;42;;;73995;438445.50;1126290.71;2013-11-29T00:00:00
12460281;598062;Bystøice;;;;;16926;Bystøice;;;è.p.;43;;;73995;439058.50;1126234.57;2013-11-29T00:00:00
12460290;598062;Bystøice;;;;;16926;Bystøice;;;è.p.;44;;;73995;439176.29;1126097.22;2013-11-29T00:00:00
12460303;598062;Bystøice;;;;;16926;Bystøice;;;è.p.;45;;;73995;439255.29;1126391.46;2013-11-29T00:00:00
12460311;598062;Bystøice;;;;;16926;Bystøice;;;è.p.;46;;;73995;439406.19;1126697.09;2013-11-29T00:00:00
12460320;598062;Bystøice;;;;;16926;Bystøice;;;è.p.;47;;;73995;440129.65;1126395.39;2013-11-29T00:00:00
12460338;598062;Bystøice;;;;;16926;Bystøice;;;è.p.;48;;;73995;440156.69;1126192.68;2013-11-29T00:00:00
12460346;598062;Bystøice;;;;;16926;Bystøice;;;è.p.;49;;;73995;440065.74;1126209.94;2013-11-29T00:00:00
12460354;598062;Bystøice;;;;;16926;Bystøice;;;è.p.;50;;;73995;439144.89;1127489.88;2013-11-29T00:00:00
12460362;598062;Bystøice;;;;;16926;Bystøice;;;è.p.;51;;;73995;440379.20;1126183.77;2013-11-29T00:00:00
12460371;598062;Bystøice;;;;;16926;Bystøice;;;è.p.;52;;;73995;440419.56;1126255.54;2013-11-29T00:00:00
12460389;598062;Bystøice;;;;;16926;Bystøice;;;è.p.;53;;;73995;440425.97;1126312.36;2013-11-29T00:00:00
12460397;598062;Bystøice;;;;;16926;Bystøice;;;è.p.;54;;;73995;440228.39;1125465.71;2013-11-29T00:00:00
12460401;598062;Bystøice;;;;;16926;Bystøice;;;è.p.;55;;;73995;440568.44;1126408.96;2013-11-29T00:00:00
12460419;598062;Bystøice;;;;;16926;Bystøice;;;è.p.;56;;;73995;440783.52;1126426.36;2013-11-29T00:00:00
12460427;598062;Bystøice;;;;;16926;Bystøice;;;è.p.;57;;;73995;440736.97;1126367.73;2013-11-29T00:00:00
12460435;598062;Bystøice;;;;;16926;Bystøice;;;è.p.;58;;;73995;440791.51;1126427.75;2013-11-29T00:00:00
12460443;598062;Bystøice;;;;;16926;Bystøice;;;è.p.;59;;;73995;440827.48;1126529.85;2013-11-29T00:00:00
12460451;598062;Bystøice;;;;;16926;Bystøice;;;è.p.;60;;;73995;440903.18;1126583.34;2013-11-29T00:00:00
12460460;598062;Bystøice;;;;;16926;Bystøice;;;è.p.;61;;;73995;440602.88;1126690.86;2013-11-29T00:00:00
12460478;598062;Bystøice;;;;;16926;Bystøice;;;è.p.;62;;;73995;441383.32;1127480.77;2013-11-29T00:00:00
12460486;598062;Bystøice;;;;;16926;Bystøice;;;è.p.;63;;;73995;441231.12;1127233.28;2013-11-29T00:00:00
12460494;598062;Bystøice;;;;;16926;Bystøice;;;è.p.;64;;;73995;441444.94;1127292.43;2013-11-29T00:00:00
12460508;598062;Bystøice;;;;;16926;Bystøice;;;è.p.;65;;;73995;441851.02;1127533.40;2017-06-05T00:00:00
12460532;598062;Bystøice;;;;;16926;Bystøice;;;è.p.;68;;;73995;441940.35;1128320.49;2013-11-29T00:00:00
12460541;598062;Bystøice;;;;;16926;Bystøice;;;è.p.;69;;;73995;441915.34;1128134.26;2013-11-29T00:00:00
12460559;598062;Bystøice;;;;;16926;Bystøice;;;è.p.;70;;;73995;441568.97;1127694.37;2013-11-29T00:00:00
12460567;598062;Bystøice;;;;;16926;Bystøice;;;è.p.;71;;;73995;439312.19;1127411.22;2013-11-29T00:00:00
12460575;598062;Bystøice;;;;;16926;Bystøice;;;è.p.;72;;;73995;439325.80;1127606.28;2013-11-29T00:00:00
12460583;598062;Bystøice;;;;;16926;Bystøice;;;è.p.;73;;;73995;439557.73;1127206.02;2013-11-29T00:00:00
12460591;598062;Bystøice;;;;;16926;Bystøice;;;è.p.;74;;;73995;439199.21;1127559.83;2013-11-29T00:00:00
12460605;598062;Bystøice;;;;;16926;Bystøice;;;è.p.;75;;;73995;439104.18;1127593.17;2025-09-01T00:00:00
12460613;598062;Bystøice;;;;;16926;Bystøice;;;è.p.;76;;;73995;437580.07;1126727.53;2013-11-29T00:00:00
12460621;598062;Bystøice;;;;;16926;Bystøice;;;è.p.;77;;;73995;437703.09;1126753.10;2013-11-29T00:00:00
12460648;598062;Bystøice;;;;;16926;Bystøice;;;è.p.;79;;;73995;441375.26;1126126.25;2013-11-29T00:00:00
12460656;598062;Bystøice;;;;;16926;Bystøice;;;è.p.;80;;;73995;440263.17;1125819.67;2013-11-29T00:00:00
12460664;598062;Bystøice;;;;;16926;Bystøice;;;è.p.;81;;;73995;438408.96;1126990.25;2013-11-29T00:00:00
12460672;598062;Bystøice;;;;;16926;Bystøice;;;è.p.;82;;;73995;441885.82;1125533.62;2013-11-29T00:00:00
12460681;598062;Bystøice;;;;;16926;Bystøice;;;è.p.;83;;;73995;440947.43;1126238.58;2013-11-29T00:00:00
12460699;598062;Bystøice;;;;;16926;Bystøice;;;è.p.;84;;;73995;437687.62;1127403.47;2013-11-29T00:00:00
12460702;598062;Bystøice;;;;;16926;Bystøice;;;è.p.;85;;;73995;437635.43;1127506.10;2013-11-29T00:00:00
12460711;598062;Bystøice;;;;;16926;Bystøice;;;è.p.;86;;;73995;437656.41;1127564.09;2013-11-29T00:00:00
12460729;598062;Bystøice;;;;;16926;Bystøice;;;è.p.;87;;;73995;440436.86;1126024.47;2021-02-05T00:00:00
12460737;598062;Bystøice;;;;;16926;Bystøice;;;è.p.;88;;;73995;439028.04;1124970.48;2013-11-29T00:00:00
12460753;598062;Bystøice;;;;;16926;Bystøice;;;è.p.;90;;;73995;438160.96;1127475.61;2019-07-19T00:00:00
12460761;598062;Bystøice;;;;;16926;Bystøice;;;è.p.;91;;;73995;438509.30;1127028.81;2016-02-16T00:00:00
12460770;598062;Bystøice;;;;;16926;Bystøice;;;è.p.;92;;;73995;439967.61;1126424.86;2013-11-29T00:00:00
12460788;598062;Bystøice;;;;;16926;Bystøice;;;è.p.;93;;;73995;438638.92;1127339.62;2013-11-29T00:00:00
12460796;598062;Bystøice;;;;;16926;Bystøice;;;è.p.;94;;;73995;438851.22;1127832.07;2013-11-29T00:00:00
12460800;598062;Bystøice;;;;;16926;Bystøice;;;è.p.;95;;;73995;439732.08;1127964.10;2013-11-29T00:00:00
12460826;598062;Bystøice;;;;;16926;Bystøice;;;è.p.;97;;;73995;438638.09;1127405.82;2013-11-29T00:00:00
12460834;598062;Bystøice;;;;;16926;Bystøice;;;è.p.;98;;;73995;441022.00;1126645.49;2013-11-29T00:00:00
12460842;598062;Bystøice;;;;;16926;Bystøice;;;è.p.;99;;;73995;441625.90;1127318.77;2013-11-29T00:00:00
12460851;598062;Bystøice;;;;;16926;Bystøice;;;è.p.;100;;;73995;439938.58;1126623.15;2013-11-29T00:00:00
12460869;598062;Bystøice;;;;;16926;Bystøice;;;è.p.;101;;;73995;442267.63;1124921.07;2013-11-29T00:00:00
12460877;598062;Bystøice;;;;;16926;Bystøice;;;è.p.;102;;;73995;438331.91;1127180.73;2013-11-29T00:00:00
12460885;598062;Bystøice;;;;;16926;Bystøice;;;è.p.;103;;;73995;437745.69;1127817.00;2013-11-29T00:00:00
12460893;598062;Bystøice;;;;;16926;Bystøice;;;è.p.;104;;;73995;441510.17;1127606.61;2013-11-29T00:00:00
12460907;598062;Bystøice;;;;;16926;Bystøice;;;è.p.;105;;;73995;440616.33;1126141.92;2013-11-29T00:00:00
12460915;598062;Bystøice;;;;;16926;Bystøice;;;è.p.;106;;;73995;440790.49;1126008.72;2013-11-29T00:00:00
12460923;598062;Bystøice;;;;;16926;Bystøice;;;è.p.;107;;;73995;440575.70;1126119.70;2013-11-29T00:00:00
12460931;598062;Bystøice;;;;;16926;Bystøice;;;è.p.;108;;;73995;437439.35;1126417.75;2013-11-29T00:00:00
12460958;598062;Bystøice;;;;;16926;Bystøice;;;è.p.;110;;;73995;440158.12;1125871.03;2013-11-29T00:00:00
12460966;598062;Bystøice;;;;;16926;Bystøice;;;è.p.;111;;;73995;439396.61;1126356.29;2013-11-29T00:00:00
12460974;598062;Bystøice;;;;;16926;Bystøice;;;è.p.;112;;;73995;440462.36;1126279.43;2013-11-29T00:00:00
12460982;598062;Bystøice;;;;;16926;Bystøice;;;è.p.;113;;;73995;439054.47;1124568.71;2013-11-29T00:00:00
12460991;598062;Bystøice;;;;;16926;Bystøice;;;è.p.;114;;;73995;441541.81;1125597.57;2022-06-16T00:00:00
12461008;598062;Bystøice;;;;;16926;Bystøice;;;è.p.;115;;;73995;442078.16;1128636.78;2013-11-29T00:00:00
12461016;598062;Bystøice;;;;;16926;Bystøice;;;è.p.;116;;;73995;442094.78;1128756.76;2013-11-29T00:00:00
12461024;598062;Bystøice;;;;;16926;Bystøice;;;è.p.;117;;;73995;437336.83;1127245.09;2013-11-29T00:00:00
12461032;598062;Bystøice;;;;;16926;Bystøice;;;è.p.;118;;;73995;439257.78;1126329.02;2013-11-29T00:00:00
12461041;598062;Bystøice;;;;;16926;Bystøice;;;è.p.;119;;;73995;441000.83;1126212.54;2013-11-29T00:00:00
12461059;598062;Bystøice;;;;;16926;Bystøice;;;è.p.;120;;;73995;438803.01;1124393.54;2013-11-29T00:00:00
12461067;598062;Bystøice;;;;;16926;Bystøice;;;è.p.;121;;;73995;439143.82;1125700.17;2013-11-29T00:00:00
12461075;598062;Bystøice;;;;;16926;Bystøice;;;è.p.;122;;;73995;439520.02;1127967.75;2013-11-29T00:00:00
12461083;598062;Bystøice;;;;;16926;Bystøice;;;è.p.;123;;;73995;440237.52;1126276.50;2013-11-29T00:00:00
12461091;598062;Bystøice;;;;;16926;Bystøice;;;è.p.;124;;;73995;439292.06;1127945.31;2013-11-29T00:00:00
12461105;598062;Bystøice;;;;;16926;Bystøice;;;è.p.;125;;;73995;439221.64;1127796.39;2013-11-29T00:00:00
12461113;598062;Bystøice;;;;;16926;Bystøice;;;è.p.;126;;;73995;440935.00;1126314.86;2013-11-29T00:00:00
12461121;598062;Bystøice;;;;;16926;Bystøice;;;è.p.;127;;;73995;437934.58;1127325.50;2013-11-29T00:00:00
12461130;598062;Bystøice;;;;;16926;Bystøice;;;è.p.;128;;;73995;439091.50;1126083.85;2013-11-29T00:00:00
12461148;598062;Bystøice;;;;;16926;Bystøice;;;è.p.;129;;;73995;441027.17;1126285.79;2013-11-29T00:00:00
12461156;598062;Bystøice;;;;;16926;Bystøice;;;è.p.;130;;;73995;439400.33;1127776.92;2013-11-29T00:00:00
12461164;598062;Bystøice;;;;;16926;Bystøice;;;è.p.;131;;;73995;439233.33;1127878.89;2013-11-29T00:00:00
12461172;598062;Bystøice;;;;;16926;Bystøice;;;è.p.;132;;;73995;442211.03;1125683.36;2013-11-29T00:00:00
12461181;598062;Bystøice;;;;;16926;Bystøice;;;è.p.;133;;;73995;438841.76;1127927.21;2013-11-29T00:00:00
12461199;598062;Bystøice;;;;;16926;Bystøice;;;è.p.;134;;;73995;438160.59;1127253.36;2013-11-29T00:00:00
12461202;598062;Bystøice;;;;;16926;Bystøice;;;è.p.;135;;;73995;440461.59;1126044.64;2013-11-29T00:00:00
12461211;598062;Bystøice;;;;;16926;Bystøice;;;è.p.;136;;;73995;438988.59;1127889.94;2013-11-29T00:00:00
12461229;598062;Bystøice;;;;;16926;Bystøice;;;è.p.;137;;;73995;439916.94;1125274.89;2013-11-29T00:00:00
12461237;598062;Bystøice;;;;;16926;Bystøice;;;è.p.;138;;;73995;438121.22;1127975.07;2013-11-29T00:00:00
12461245;598062;Bystøice;;;;;16926;Bystøice;;;è.p.;139;;;73995;440938.61;1126242.71;2013-11-29T00:00:00
12461253;598062;Bystøice;;;;;16926;Bystøice;;;è.p.;140;;;73995;441060.95;1126321.36;2013-11-29T00:00:00
12461261;598062;Bystøice;;;;;16926;Bystøice;;;è.p.;141;;;73995;441187.46;1126236.44;2013-11-29T00:00:00
12461270;598062;Bystøice;;;;;16926;Bystøice;;;è.p.;142;;;73995;441272.37;1126487.10;2013-11-29T00:00:00
12461288;598062;Bystøice;;;;;16926;Bystøice;;;è.p.;143;;;73995;440195.53;1125536.91;2013-11-29T00:00:00
12461296;598062;Bystøice;;;;;16926;Bystøice;;;è.p.;144;;;73995;441634.92;1125698.42;2013-11-29T00:00:00
12461300;598062;Bystøice;;;;;16926;Bystøice;;;è.p.;145;;;73995;440695.65;1126434.10;2013-11-29T00:00:00
12461318;598062;Bystøice;;;;;16926;Bystøice;;;è.p.;146;;;73995;440270.39;1126266.83;2013-11-29T00:00:00
12461326;598062;Bystøice;;;;;16926;Bystøice;;;è.p.;147;;;73995;440216.06;1126255.05;2019-11-12T00:00:00
12461334;598062;Bystøice;;;;;16926;Bystøice;;;è.p.;148;;;73995;440161.85;1126254.18;2013-11-29T00:00:00
12461342;598062;Bystøice;;;;;16926;Bystøice;;;è.p.;149;;;73995;440118.20;1126239.87;2013-11-29T00:00:00
12461351;598062;Bystøice;;;;;16926;Bystøice;;;è.p.;150;;;73995;440122.63;1126197.40;2013-11-29T00:00:00
12461369;598062;Bystøice;;;;;16926;Bystøice;;;è.p.;151;;;73995;436648.10;1127527.13;2013-11-29T00:00:00
12461385;598062;Bystøice;;;;;16926;Bystøice;;;è.p.;153;;;73995;441825.67;1127489.85;2013-11-29T00:00:00
12461393;598062;Bystøice;;;;;16926;Bystøice;;;è.p.;154;;;73995;436900.20;1127652.75;2013-11-29T00:00:00
12461407;598062;Bystøice;;;;;16926;Bystøice;;;è.p.;155;;;73995;436878.60;1127618.26;2013-11-29T00:00:00
12461423;598062;Bystøice;;;;;16926;Bystøice;;;è.p.;157;;;73995;437223.69;1128129.93;2013-11-29T00:00:00
12461431;598062;Bystøice;;;;;16926;Bystøice;;;è.p.;158;;;73995;437470.48;1128195.89;2013-11-29T00:00:00
12461440;598062;Bystøice;;;;;16926;Bystøice;;;è.p.;159;;;73995;441448.92;1127829.30;2013-11-29T00:00:00
12461458;598062;Bystøice;;;;;16926;Bystøice;;;è.p.;160;;;73995;441820.53;1127930.26;2013-11-29T00:00:00
12461466;598062;Bystøice;;;;;16926;Bystøice;;;è.p.;161;;;73995;438155.19;1127179.65;2013-11-29T00:00:00
12461474;598062;Bystøice;;;;;16926;Bystøice;;;è.p.;162;;;73995;438436.17;1127777.54;2013-11-29T00:00:00
12461482;598062;Bystøice;;;;;16926;Bystøice;;;è.p.;163;;;73995;441154.92;1126517.05;2013-11-29T00:00:00
12461491;598062;Bystøice;;;;;16926;Bystøice;;;è.p.;164;;;73995;438779.07;1127047.43;2013-11-29T00:00:00
12461504;598062;Bystøice;;;;;16926;Bystøice;;;è.p.;165;;;73995;438724.44;1125874.72;2013-11-29T00:00:00
12461512;598062;Bystøice;;;;;16926;Bystøice;;;è.p.;166;;;73995;438647.86;1125941.20;2013-11-29T00:00:00
12461521;598062;Bystøice;;;;;16926;Bystøice;;;è.p.;167;;;73995;440390.30;1126178.55;2013-11-29T00:00:00
12461539;598062;Bystøice;;;;;16926;Bystøice;;;è.p.;168;;;73995;439420.68;1127148.74;2013-11-29T00:00:00
12461547;598062;Bystøice;;;;;16926;Bystøice;;;è.p.;169;;;73995;439492.92;1127354.96;2013-11-29T00:00:00
12461555;598062;Bystøice;;;;;16926;Bystøice;;;è.p.;170;;;73995;439791.33;1127296.05;2013-11-29T00:00:00
12461563;598062;Bystøice;;;;;16926;Bystøice;;;è.p.;171;;;73995;439861.53;1127954.25;2013-11-29T00:00:00
12461571;598062;Bystøice;;;;;16926;Bystøice;;;è.p.;172;;;73995;441212.33;1126538.19;2013-11-29T00:00:00
12461580;598062;Bystøice;;;;;16926;Bystøice;;;è.p.;173;;;73995;441189.52;1126491.40;2013-11-29T00:00:00
12461601;598062;Bystøice;;;;;16926;Bystøice;;;è.p.;175;;;73995;441005.41;1126266.99;2013-11-29T00:00:00
12461610;598062;Bystøice;;;;;16926;Bystøice;;;è.p.;176;;;73995;441022.66;1126298.72;2013-11-29T00:00:00
12461628;598062;Bystøice;;;;;16926;Bystøice;;;è.p.;177;;;73995;439970.62;1127954.31;2013-11-29T00:00:00
12461636;598062;Bystøice;;;;;16926;Bystøice;;;è.p.;178;;;73995;442192.69;1128706.07;2013-11-29T00:00:00
12461644;598062;Bystøice;;;;;16926;Bystøice;;;è.p.;179;;;73995;441001.37;1126766.07;2013-11-29T00:00:00
12461652;598062;Bystøice;;;;;16926;Bystøice;;;è.p.;180;;;73995;442212.94;1125001.07;2013-11-29T00:00:00
12461661;598062;Bystøice;;;;;16926;Bystøice;;;è.p.;181;;;73995;440482.72;1126133.41;2013-11-29T00:00:00
12461679;598062;Bystøice;;;;;16926;Bystøice;;;è.p.;182;;;73995;439353.57;1125083.80;2013-11-29T00:00:00
12461695;598062;Bystøice;;;;;16926;Bystøice;;;è.p.;184;;;73995;440125.18;1125438.25;2013-11-29T00:00:00
12461709;598062;Bystøice;;;;;16926;Bystøice;;;è.p.;185;;;73995;440208.96;1125972.24;2013-11-29T00:00:00
12461717;598062;Bystøice;;;;;16926;Bystøice;;;è.p.;186;;;73995;439794.60;1127913.85;2013-11-29T00:00:00
12461725;598062;Bystøice;;;;;16926;Bystøice;;;è.p.;187;;;73995;440081.63;1125813.02;2013-11-29T00:00:00
12461733;598062;Bystøice;;;;;16926;Bystøice;;;è.p.;188;;;73995;439947.55;1125728.97;2013-11-29T00:00:00
12461741;598062;Bystøice;;;;;16926;Bystøice;;;è.p.;189;;;73995;439201.58;1125899.94;2013-11-29T00:00:00
12461750;598062;Bystøice;;;;;16926;Bystøice;;;è.p.;190;;;73995;439665.54;1125264.85;2013-11-29T00:00:00
12461768;598062;Bystøice;;;;;16926;Bystøice;;;è.p.;191;;;73995;439371.55;1125105.36;2013-11-29T00:00:00
12461776;598062;Bystøice;;;;;16926;Bystøice;;;è.p.;192;;;73995;441814.47;1125300.35;2013-11-29T00:00:00
12461784;598062;Bystøice;;;;;16926;Bystøice;;;è.p.;193;;;73995;438845.67;1124634.84;2022-11-28T00:00:00
12461792;598062;Bystøice;;;;;16926;Bystøice;;;è.p.;194;;;73995;439152.98;1124628.26;2013-11-29T00:00:00
12461806;598062;Bystøice;;;;;16926;Bystøice;;;è.p.;195;;;73995;439164.15;1124714.56;2013-11-29T00:00:00
12461814;598062;Bystøice;;;;;16926;Bystøice;;;è.p.;196;;;73995;440356.82;1125821.39;2013-11-29T00:00:00
12461822;598062;Bystøice;;;;;16926;Bystøice;;;è.p.;197;;;73995;439323.97;1125232.51;2013-11-29T00:00:00
12461831;598062;Bystøice;;;;;16926;Bystøice;;;è.p.;198;;;73995;441444.61;1127171.26;2013-11-29T00:00:00
12461849;598062;Bystøice;;;;;16926;Bystøice;;;è.p.;199;;;73995;439104.29;1125512.13;2013-11-29T00:00:00
12461857;598062;Bystøice;;;;;16926;Bystøice;;;è.p.;200;;;73995;439480.35;1125547.04;2013-11-29T00:00:00
12461865;598062;Bystøice;;;;;16926;Bystøice;;;è.p.;201;;;73995;438774.10;1126108.48;2013-11-29T00:00:00
12461873;598062;Bystøice;;;;;16926;Bystøice;;;è.p.;202;;;73995;438800.15;1126145.73;2013-11-29T00:00:00
12461881;598062;Bystøice;;;;;16926;Bystøice;;;è.p.;203;;;73995;438453.07;1126162.21;2013-11-29T00:00:00
12461890;598062;Bystøice;;;;;16926;Bystøice;;;è.p.;204;;;73995;439236.13;1126420.91;2013-11-29T00:00:00
12461903;598062;Bystøice;;;;;16926;Bystøice;;;è.p.;205;;;73995;439174.03;1126463.00;2013-11-29T00:00:00
12461911;598062;Bystøice;;;;;16926;Bystøice;;;è.p.;206;;;73995;439146.43;1126486.99;2013-11-29T00:00:00
12461920;598062;Bystøice;;;;;16926;Bystøice;;;è.p.;207;;;73995;439454.77;1126687.09;2013-11-29T00:00:00
12461946;598062;Bystøice;;;;;16926;Bystøice;;;è.p.;209;;;73995;440225.05;1126413.92;2013-11-29T00:00:00
12461954;598062;Bystøice;;;;;16926;Bystøice;;;è.p.;210;;;73995;440194.21;1126475.43;2023-05-03T00:00:00
12461962;598062;Bystøice;;;;;16926;Bystøice;;;è.p.;211;;;73995;438086.02;1127592.91;2013-11-29T00:00:00
12461971;598062;Bystøice;;;;;16926;Bystøice;;;è.p.;212;;;73995;440527.04;1126381.83;2013-11-29T00:00:00
12461997;598062;Bystøice;;;;;16926;Bystøice;;;è.p.;214;;;73995;441080.92;1126261.83;2013-11-29T00:00:00
12462004;598062;Bystøice;;;;;16926;Bystøice;;;è.p.;215;;;73995;440674.31;1126619.88;2013-11-29T00:00:00
12462012;598062;Bystøice;;;;;16926;Bystøice;;;è.p.;216;;;73995;440807.63;1126446.39;2013-11-29T00:00:00
12462021;598062;Bystøice;;;;;16926;Bystøice;;;è.p.;217;;;73995;439936.96;1127385.64;2013-11-29T00:00:00
12462039;598062;Bystøice;;;;;16926;Bystøice;;;è.p.;218;;;73995;440923.18;1126586.09;2013-11-29T00:00:00
12462047;598062;Bystøice;;;;;16926;Bystøice;;;è.p.;219;;;73995;440938.64;1126567.51;2013-11-29T00:00:00
12462055;598062;Bystøice;;;;;16926;Bystøice;;;è.p.;220;;;73995;441046.63;1126711.10;2013-11-29T00:00:00
12462063;598062;Bystøice;;;;;16926;Bystøice;;;è.p.;221;;;73995;441060.20;1126718.80;2017-01-25T00:00:00
12462080;598062;Bystøice;;;;;16926;Bystøice;;;è.p.;223;;;73995;440122.51;1127151.06;2013-11-29T00:00:00
12462098;598062;Bystøice;;;;;16926;Bystøice;;;è.p.;224;;;73995;440210.95;1125507.41;2013-11-29T00:00:00
12462101;598062;Bystøice;;;;;16926;Bystøice;;;è.p.;225;;;73995;438136.07;1127457.80;2013-11-29T00:00:00
12462110;598062;Bystøice;;;;;16926;Bystøice;;;è.p.;226;;;73995;438505.21;1126997.20;2013-11-29T00:00:00
12462128;598062;Bystøice;;;;;16926;Bystøice;;;è.p.;227;;;73995;440192.08;1127247.90;2013-11-29T00:00:00
12462136;598062;Bystøice;;;;;16926;Bystøice;;;è.p.;228;;;73995;440162.46;1125545.66;2013-11-29T00:00:00
12462152;598062;Bystøice;;;;;16926;Bystøice;;;è.p.;230;;;73995;439077.55;1127728.50;2013-11-29T00:00:00
12462179;598062;Bystøice;;;;;16926;Bystøice;;;è.p.;232;;;73995;440651.66;1127839.63;2013-11-29T00:00:00
12462187;598062;Bystøice;;;;;16926;Bystøice;;;è.p.;233;;;73995;440696.62;1127743.22;2013-11-29T00:00:00
12462195;598062;Bystøice;;;;;16926;Bystøice;;;è.p.;234;;;73995;441661.17;1127903.35;2013-11-29T00:00:00
12462209;598062;Bystøice;;;;;16926;Bystøice;;;è.p.;235;;;73995;440707.23;1127723.38;2013-11-29T00:00:00
12462217;598062;Bystøice;;;;;16926;Bystøice;;;è.p.;236;;;73995;441132.09;1127374.59;2013-11-29T00:00:00
12462225;598062;Bystøice;;;;;16926;Bystøice;;;è.p.;237;;;73995;441084.30;1127411.26;2013-11-29T00:00:00
12462233;598062;Bystøice;;;;;16926;Bystøice;;;è.p.;238;;;73995;440509.20;1126881.27;2013-11-29T00:00:00
12462241;598062;Bystøice;;;;;16926;Bystøice;;;è.p.;239;;;73995;442044.80;1125323.46;2013-11-29T00:00:00
12462250;598062;Bystøice;;;;;16926;Bystøice;;;è.p.;240;;;73995;440276.12;1125843.14;2013-11-29T00:00:00
12462268;598062;Bystøice;;;;;16926;Bystøice;;;è.p.;241;;;73995;442039.94;1127961.47;2013-11-29T00:00:00
12462276;598062;Bystøice;;;;;16926;Bystøice;;;è.p.;242;;;73995;441936.82;1128199.86;2013-11-29T00:00:00
12462284;598062;Bystøice;;;;;16926;Bystøice;;;è.p.;243;;;73995;441925.06;1127608.77;2013-11-29T00:00:00
12462292;598062;Bystøice;;;;;16926;Bystøice;;;è.p.;244;;;73995;441879.29;1127627.92;2015-06-03T00:00:00
12462306;598062;Bystøice;;;;;16926;Bystøice;;;è.p.;245;;;73995;441902.70;1127591.40;2013-11-29T00:00:00
12462314;598062;Bystøice;;;;;16926;Bystøice;;;è.p.;246;;;73995;439785.25;1126026.12;2024-10-22T00:00:00
12462322;598062;Bystøice;;;;;16926;Bystøice;;;è.p.;247;;;73995;440538.20;1127877.03;2013-11-29T00:00:00
12462331;598062;Bystøice;;;;;16926;Bystøice;;;è.p.;248;;;73995;438113.64;1126978.04;2013-11-29T00:00:00
12462357;598062;Bystøice;;;;;16926;Bystøice;;;è.p.;250;;;73995;440052.97;1125755.35;2013-11-29T00:00:00
12462365;598062;Bystøice;;;;;16926;Bystøice;;;è.p.;251;;;73995;440884.28;1126264.21;2013-11-29T00:00:00
12462373;598062;Bystøice;;;;;16926;Bystøice;;;è.p.;252;;;73995;437985.46;1127995.65;2013-11-29T00:00:00
12462381;598062;Bystøice;;;;;16926;Bystøice;;;è.p.;253;;;73995;439437.41;1127221.02;2013-11-29T00:00:00
12462390;598062;Bystøice;;;;;16926;Bystøice;;;è.p.;254;;;73995;440680.50;1126600.90;2013-11-29T00:00:00
12462403;598062;Bystøice;;;;;16926;Bystøice;;;è.p.;255;;;73995;438457.60;1126155.57;2013-11-29T00:00:00
12462420;598062;Bystøice;;;;;16926;Bystøice;;;è.p.;257;;;73995;438765.30;1126716.68;2013-11-29T00:00:00
12462438;598062;Bystøice;;;;;16926;Bystøice;;;è.p.;258;;;73995;440182.09;1127338.51;2013-11-29T00:00:00
12462446;598062;Bystøice;;;;;16926;Bystøice;;;è.p.;259;;;73995;438018.55;1127023.13;2013-11-29T00:00:00
12462462;598062;Bystøice;;;;;16926;Bystøice;;;è.p.;261;;;73995;439746.79;1127432.58;2013-11-29T00:00:00
12462471;598062;Bystøice;;;;;16926;Bystøice;;;è.p.;262;;;73995;441845.46;1127990.62;2013-11-29T00:00:00
12462497;598062;Bystøice;;;;;16926;Bystøice;;;è.p.;264;;;73995;440617.42;1127843.66;2013-11-29T00:00:00
12462501;598062;Bystøice;;;;;16926;Bystøice;;;è.p.;265;;;73995;441057.36;1126272.20;2013-11-29T00:00:00
12462519;598062;Bystøice;;;;;16926;Bystøice;;;è.p.;266;;;73995;439801.00;1125806.90;2013-11-29T00:00:00
12462527;598062;Bystøice;;;;;16926;Bystøice;;;è.p.;267;;;73995;441551.89;1127401.38;2013-11-29T00:00:00
12462535;598062;Bystøice;;;;;16926;Bystøice;;;è.p.;268;;;73995;441896.86;1128083.30;2013-11-29T00:00:00
12462543;598062;Bystøice;;;;;16926;Bystøice;;;è.p.;269;;;73995;438918.21;1127069.02;2013-11-29T00:00:00
12462551;598062;Bystøice;;;;;16926;Bystøice;;;è.p.;270;;;73995;439635.41;1125221.46;2013-11-29T00:00:00
12462560;598062;Bystøice;;;;;16926;Bystøice;;;è.p.;271;;;73995;439271.80;1126195.90;2013-11-29T00:00:00
12462578;598062;Bystøice;;;;;16926;Bystøice;;;è.p.;272;;;73995;440615.69;1127816.01;2023-05-23T00:00:00
12462586;598062;Bystøice;;;;;16926;Bystøice;;;è.p.;273;;;73995;439561.89;1126122.49;2013-11-29T00:00:00
12462594;598062;Bystøice;;;;;16926;Bystøice;;;è.p.;274;;;73995;438250.05;1127714.65;2013-11-29T00:00:00
12462608;598062;Bystøice;;;;;16926;Bystøice;;;è.p.;275;;;73995;439594.69;1127995.60;2013-11-29T00:00:00
12462616;598062;Bystøice;;;;;16926;Bystøice;;;è.p.;276;;;73995;441091.05;1126293.50;2013-11-29T00:00:00
12462624;598062;Bystøice;;;;;16926;Bystøice;;;è.p.;277;;;73995;440660.37;1127766.56;2013-11-29T00:00:00
12462632;598062;Bystøice;;;;;16926;Bystøice;;;è.p.;278;;;73995;440314.63;1125785.30;2013-11-29T00:00:00
12462641;598062;Bystøice;;;;;16926;Bystøice;;;è.p.;279;;;73995;438858.84;1127455.52;2013-11-29T00:00:00
12462659;598062;Bystøice;;;;;16926;Bystøice;;;è.p.;280;;;73995;441377.07;1127628.35;2013-11-29T00:00:00
12462667;598062;Bystøice;;;;;16926;Bystøice;;;è.p.;281;;;73995;441172.82;1126416.32;2013-11-29T00:00:00
12462675;598062;Bystøice;;;;;16926;Bystøice;;;è.p.;282;;;73995;439042.52;1127621.14;2013-11-29T00:00:00
12462683;598062;Bystøice;;;;;16926;Bystøice;;;è.p.;283;;;73995;439660.74;1126706.44;2013-11-29T00:00:00
12462691;598062;Bystøice;;;;;16926;Bystøice;;;è.p.;284;;;73995;438908.12;1124516.83;2013-11-29T00:00:00
12462705;598062;Bystøice;;;;;16926;Bystøice;;;è.p.;285;;;73995;438601.55;1126607.85;2013-11-29T00:00:00
12462713;598062;Bystøice;;;;;16926;Bystøice;;;è.p.;286;;;73995;438852.38;1127237.44;2013-11-29T00:00:00
12462721;598062;Bystøice;;;;;16926;Bystøice;;;è.p.;287;;;73995;441116.65;1126749.74;2013-11-29T00:00:00
12462730;598062;Bystøice;;;;;16926;Bystøice;;;è.p.;288;;;73995;440695.64;1126052.91;2013-11-29T00:00:00
12462748;598062;Bystøice;;;;;16926;Bystøice;;;è.p.;289;;;73995;441111.01;1126103.96;2013-11-29T00:00:00
12462756;598062;Bystøice;;;;;16926;Bystøice;;;è.p.;290;;;73995;441125.59;1125644.04;2013-11-29T00:00:00
12462764;598062;Bystøice;;;;;16926;Bystøice;;;è.p.;291;;;73995;439450.47;1127864.66;2013-11-29T00:00:00
12462772;598062;Bystøice;;;;;16926;Bystøice;;;è.p.;292;;;73995;438104.69;1127514.75;2013-11-29T00:00:00
12462781;598062;Bystøice;;;;;16926;Bystøice;;;è.p.;293;;;73995;441001.74;1126775.40;2013-11-29T00:00:00
12462799;598062;Bystøice;;;;;16926;Bystøice;;;è.p.;294;;;73995;439914.07;1126181.97;2013-11-29T00:00:00
12462802;598062;Bystøice;;;;;16926;Bystøice;;;è.p.;295;;;73995;440126.15;1125591.25;2013-11-29T00:00:00
12462811;598062;Bystøice;;;;;16926;Bystøice;;;è.p.;296;;;73995;441717.95;1127891.14;2013-11-29T00:00:00
12462829;598062;Bystøice;;;;;16926;Bystøice;;;è.p.;297;;;73995;438927.25;1127382.20;2013-11-29T00:00:00
12462845;598062;Bystøice;;;;;16926;Bystøice;;;è.p.;299;;;73995;439006.95;1127003.72;2013-11-29T00:00:00
12462853;598062;Bystøice;;;;;16926;Bystøice;;;è.p.;300;;;73995;441127.07;1126244.41;2013-11-29T00:00:00
12462861;598062;Bystøice;;;;;16926;Bystøice;;;è.p.;301;;;73995;438703.75;1126884.29;2013-11-29T00:00:00
12462870;598062;Bystøice;;;;;16926;Bystøice;;;è.p.;302;;;73995;440451.76;1127047.08;2023-10-23T00:00:00
12462888;598062;Bystøice;;;;;16926;Bystøice;;;è.p.;303;;;73995;440282.61;1124693.62;2013-11-29T00:00:00
12462896;598062;Bystøice;;;;;16926;Bystøice;;;è.p.;304;;;73995;438851.16;1127322.86;2013-11-29T00:00:00
12462918;598062;Bystøice;;;;;16926;Bystøice;;;è.p.;306;;;73995;440131.04;1127319.01;2013-11-29T00:00:00
12462926;598062;Bystøice;;;;;16926;Bystøice;;;è.p.;307;;;73995;441697.09;1125738.60;2024-06-05T00:00:00
12462934;598062;Bystøice;;;;;16926;Bystøice;;;è.p.;308;;;73995;441031.62;1125686.17;2013-11-29T00:00:00
12462942;598062;Bystøice;;;;;16926;Bystøice;;;è.p.;309;;;73995;441354.27;1125352.22;2013-11-29T00:00:00
12462951;598062;Bystøice;;;;;16926;Bystøice;;;è.p.;310;;;73995;440024.74;1126376.43;2013-11-29T00:00:00
12462969;598062;Bystøice;;;;;16926;Bystøice;;;è.p.;311;;;73995;440771.34;1126100.99;2013-11-29T00:00:00
12462977;598062;Bystøice;;;;;16926;Bystøice;;;è.p.;312;;;73995;439604.52;1126349.53;2013-11-29T00:00:00
12462985;598062;Bystøice;;;;;16926;Bystøice;;;è.p.;313;;;73995;440169.60;1126331.83;2013-11-29T00:00:00
12462993;598062;Bystøice;;;;;16926;Bystøice;;;è.p.;314;;;73995;440413.95;1126413.16;2013-11-29T00:00:00
12463001;598062;Bystøice;;;;;16926;Bystøice;;;è.p.;315;;;73995;441217.61;1125724.54;2023-07-24T00:00:00
12463019;598062;Bystøice;;;;;16926;Bystøice;;;è.p.;316;;;73995;441478.45;1127627.49;2013-11-29T00:00:00
12463027;598062;Bystøice;;;;;16926;Bystøice;;;è.p.;317;;;73995;439297.79;1126141.23;2013-11-29T00:00:00
12463035;598062;Bystøice;;;;;16926;Bystøice;;;è.p.;318;;;73995;439951.23;1127335.39;2013-11-29T00:00:00
12463043;598062;Bystøice;;;;;16926;Bystøice;;;è.p.;319;;;73995;439202.95;1125204.89;2013-11-29T00:00:00
12463051;598062;Bystøice;;;;;16926;Bystøice;;;è.p.;320;;;73995;440808.87;1127488.33;2013-11-29T00:00:00
12463078;598062;Bystøice;;;;;16926;Bystøice;;;è.p.;322;;;73995;440733.06;1126077.61;2013-11-29T00:00:00
12463086;598062;Bystøice;;;;;16926;Bystøice;;;è.p.;323;;;73995;441564.60;1125335.88;2013-11-29T00:00:00
12463094;598062;Bystøice;;;;;16926;Bystøice;;;è.p.;324;;;73995;441054.01;1126147.68;2013-11-29T00:00:00
12463116;598062;Bystøice;;;;;16926;Bystøice;;;è.p.;326;;;73995;439062.78;1124832.21;2013-11-29T00:00:00
12463124;598062;Bystøice;;;;;16926;Bystøice;;;è.p.;327;;;73995;441932.49;1125350.31;2013-11-29T00:00:00
12463132;598062;Bystøice;;;;;16926;Bystøice;;;è.p.;328;;;73995;440099.15;1127408.87;2013-11-29T00:00:00
12463141;598062;Bystøice;;;;;16926;Bystøice;;;è.p.;329;;;73995;437536.36;1127972.02;2013-11-29T00:00:00
12463159;598062;Bystøice;;;;;16926;Bystøice;;;è.p.;330;;;73995;439387.50;1126222.01;2013-11-29T00:00:00
12463167;598062;Bystøice;;;;;16926;Bystøice;;;è.p.;331;;;73995;440169.05;1125126.27;2013-11-29T00:00:00
12463175;598062;Bystøice;;;;;16926;Bystøice;;;è.p.;332;;;73995;441514.29;1125397.05;2013-11-29T00:00:00
12463183;598062;Bystøice;;;;;16926;Bystøice;;;è.p.;333;;;73995;440547.34;1126391.48;2013-11-29T00:00:00
12463191;598062;Bystøice;;;;;16926;Bystøice;;;è.p.;334;;;73995;440919.04;1126181.50;2013-11-29T00:00:00
12463205;598062;Bystøice;;;;;16926;Bystøice;;;è.p.;335;;;73995;439592.68;1125980.36;2013-11-29T00:00:00
12463213;598062;Bystøice;;;;;16926;Bystøice;;;è.p.;336;;;73995;440264.70;1125883.37;2013-11-29T00:00:00
12463221;598062;Bystøice;;;;;16926;Bystøice;;;è.p.;337;;;73995;439895.76;1126683.27;2013-11-29T00:00:00
12463230;598062;Bystøice;;;;;16926;Bystøice;;;è.p.;338;;;73995;440292.17;1126299.39;2013-11-29T00:00:00
12463256;598062;Bystøice;;;;;16926;Bystøice;;;è.p.;340;;;73995;439961.77;1125533.28;2013-11-29T00:00:00
12463264;598062;Bystøice;;;;;16926;Bystøice;;;è.p.;341;;;73995;438384.54;1127037.81;2013-11-29T00:00:00
12463272;598062;Bystøice;;;;;16926;Bystøice;;;è.p.;342;;;73995;441749.32;1128006.81;2016-06-22T00:00:00
12463281;598062;Bystøice;;;;;16926;Bystøice;;;è.p.;343;;;73995;441947.60;1128178.49;2013-11-29T00:00:00
12463299;598062;Bystøice;;;;;16926;Bystøice;;;è.p.;344;;;73995;441949.96;1128183.77;2013-11-29T00:00:00
12463302;598062;Bystøice;;;;;16926;Bystøice;;;è.p.;345;;;73995;441961.89;1128123.46;2013-11-29T00:00:00
12463311;598062;Bystøice;;;;;16926;Bystøice;;;è.p.;346;;;73995;441480.38;1125661.56;2013-11-29T00:00:00
12463329;598062;Bystøice;;;;;16926;Bystøice;;;è.p.;347;;;73995;439857.61;1127908.30;2013-11-29T00:00:00
12463337;598062;Bystøice;;;;;16926;Bystøice;;;è.p.;348;;;73995;438757.18;1126160.78;2013-11-29T00:00:00
12463345;598062;Bystøice;;;;;16926;Bystøice;;;è.p.;349;;;73995;439594.87;1126848.58;2013-11-29T00:00:00
12463353;598062;Bystøice;;;;;16926;Bystøice;;;è.p.;350;;;73995;440220.45;1124819.47;2013-11-29T00:00:00
12463361;598062;Bystøice;;;;;16926;Bystøice;;;è.p.;351;;;73995;440200.16;1124911.43;2013-11-29T00:00:00
12463370;598062;Bystøice;;;;;16926;Bystøice;;;è.p.;352;;;73995;440173.65;1124955.08;2013-11-29T00:00:00
12463388;598062;Bystøice;;;;;16926;Bystøice;;;è.p.;353;;;73995;438715.68;1124486.17;2023-03-21T00:00:00
12463396;598062;Bystøice;;;;;16926;Bystøice;;;è.p.;354;;;73995;439250.43;1124833.01;2013-11-29T00:00:00
12463400;598062;Bystøice;;;;;16926;Bystøice;;;è.p.;355;;;73995;440244.96;1126226.40;2013-11-29T00:00:00
12463418;598062;Bystøice;;;;;16926;Bystøice;;;è.p.;356;;;73995;439637.94;1126410.35;2013-11-29T00:00:00
12463426;598062;Bystøice;;;;;16926;Bystøice;;;è.p.;357;;;73995;440193.18;1126201.93;2013-11-29T00:00:00
12463434;598062;Bystøice;;;;;16926;Bystøice;;;è.p.;358;;;73995;439171.98;1124642.70;2013-11-29T00:00:00
12463442;598062;Bystøice;;;;;16926;Bystøice;;;è.p.;359;;;73995;438561.71;1127345.81;2013-11-29T00:00:00
12463451;598062;Bystøice;;;;;16926;Bystøice;;;è.p.;360;;;73995;440260.33;1126531.49;2013-11-29T00:00:00
12463469;598062;Bystøice;;;;;16926;Bystøice;;;è.p.;361;;;73995;439613.57;1127341.25;2013-11-29T00:00:00
12463477;598062;Bystøice;;;;;16926;Bystøice;;;è.p.;362;;;73995;440698.84;1126402.12;2013-11-29T00:00:00
12463485;598062;Bystøice;;;;;16926;Bystøice;;;è.p.;363;;;73995;439672.60;1126747.74;2013-11-29T00:00:00
12463493;598062;Bystøice;;;;;16926;Bystøice;;;è.p.;364;;;73995;438639.82;1124296.70;2013-11-29T00:00:00
12463507;598062;Bystøice;;;;;16926;Bystøice;;;è.p.;365;;;73995;440720.44;1126490.32;2013-11-29T00:00:00
12463515;598062;Bystøice;;;;;16926;Bystøice;;;è.p.;366;;;73995;440743.09;1125982.98;2013-11-29T00:00:00
12463523;598062;Bystøice;;;;;16926;Bystøice;;;è.p.;367;;;73995;441126.14;1125879.18;2013-11-29T00:00:00
12463531;598062;Bystøice;;;;;16926;Bystøice;;;è.p.;368;;;73995;440154.20;1127964.58;2013-11-29T00:00:00
12463540;598062;Bystøice;;;;;16926;Bystøice;;;è.p.;369;;;73995;439294.74;1126312.64;2013-11-29T00:00:00
12463558;598062;Bystøice;;;;;16926;Bystøice;;;è.p.;370;;;73995;440697.67;1124935.11;2013-11-29T00:00:00
12463574;598062;Bystøice;;;;;16926;Bystøice;;;è.p.;372;;;73995;439397.69;1125438.53;2013-11-29T00:00:00
12463582;598062;Bystøice;;;;;16926;Bystøice;;;è.p.;373;;;73995;437367.10;1128207.67;2013-11-29T00:00:00
12463591;598062;Bystøice;;;;;16926;Bystøice;;;è.p.;374;;;73995;439147.40;1125691.48;2013-11-29T00:00:00
12463604;598062;Bystøice;;;;;16926;Bystøice;;;è.p.;375;;;73995;439123.83;1126479.38;2013-11-29T00:00:00
12463612;598062;Bystøice;;;;;16926;Bystøice;;;è.p.;376;;;73995;440746.45;1126344.05;2013-11-29T00:00:00
12463621;598062;Bystøice;;;;;16926;Bystøice;;;è.p.;377;;;73995;437509.07;1127422.70;2019-04-05T00:00:00
12463639;598062;Bystøice;;;;;16926;Bystøice;;;è.p.;378;;;73995;439265.81;1127495.18;2013-11-29T00:00:00
12463647;598062;Bystøice;;;;;16926;Bystøice;;;è.p.;379;;;73995;440222.31;1124998.15;2013-11-29T00:00:00
12463655;598062;Bystøice;;;;;16926;Bystøice;;;è.p.;380;;;73995;441085.80;1126001.17;2013-11-29T00:00:00
12463663;598062;Bystøice;;;;;16926;Bystøice;;;è.p.;381;;;73995;440839.22;1126595.61;2013-11-29T00:00:00
12463671;598062;Bystøice;;;;;16926;Bystøice;;;è.p.;382;;;73995;439890.05;1125425.64;2013-11-29T00:00:00
12463680;598062;Bystøice;;;;;16926;Bystøice;;;è.p.;383;;;73995;438802.35;1127492.80;2013-11-29T00:00:00
12463698;598062;Bystøice;;;;;16926;Bystøice;;;è.p.;384;;;73995;441481.57;1127660.51;2013-11-29T00:00:00
12463701;598062;Bystøice;;;;;16926;Bystøice;;;è.p.;385;;;73995;437567.84;1128192.50;2013-11-29T00:00:00
12463710;598062;Bystøice;;;;;16926;Bystøice;;;è.p.;386;;;73995;441727.21;1127654.65;2013-11-29T00:00:00
12463728;598062;Bystøice;;;;;16926;Bystøice;;;è.p.;387;;;73995;441338.94;1127360.33;2013-11-29T00:00:00
12463736;598062;Bystøice;;;;;16926;Bystøice;;;è.p.;388;;;73995;440528.38;1127465.75;2013-11-29T00:00:00
12463744;598062;Bystøice;;;;;16926;Bystøice;;;è.p.;389;;;73995;441363.40;1127911.53;2013-11-29T00:00:00
12463752;598062;Bystøice;;;;;16926;Bystøice;;;è.p.;390;;;73995;440746.11;1126324.51;2021-06-29T00:00:00
12463761;598062;Bystøice;;;;;16926;Bystøice;;;è.p.;391;;;73995;438842.65;1127451.08;2013-11-29T00:00:00
12463779;598062;Bystøice;;;;;16926;Bystøice;;;è.p.;392;;;73995;441008.52;1126113.91;2020-12-18T00:00:00
12463787;598062;Bystøice;;;;;16926;Bystøice;;;è.p.;393;;;73995;441212.10;1125927.06;2013-11-29T00:00:00
12463795;598062;Bystøice;;;;;16926;Bystøice;;;è.p.;394;;;73995;438662.82;1124434.40;2013-11-29T00:00:00
12463809;598062;Bystøice;;;;;16926;Bystøice;;;è.p.;395;;;73995;440017.00;1125676.19;2013-11-29T00:00:00
12463817;598062;Bystøice;;;;;16926;Bystøice;;;è.p.;396;;;73995;439981.77;1125541.93;2013-11-29T00:00:00
12463825;598062;Bystøice;;;;;16926;Bystøice;;;è.p.;397;;;73995;441047.84;1127642.06;2013-11-29T00:00:00
12463833;598062;Bystøice;;;;;16926;Bystøice;;;è.p.;398;;;73995;441359.69;1127756.40;2013-11-29T00:00:00
12463841;598062;Bystøice;;;;;16926;Bystøice;;;è.p.;399;;;73995;440734.36;1126132.32;2013-11-29T00:00:00
12463850;598062;Bystøice;;;;;16926;Bystøice;;;è.p.;400;;;73995;440410.09;1125873.11;2013-11-29T00:00:00
12463868;598062;Bystøice;;;;;16926;Bystøice;;;è.p.;401;;;73995;441515.71;1126168.50;2013-11-29T00:00:00
12463876;598062;Bystøice;;;;;16926;Bystøice;;;è.p.;402;;;73995;440890.30;1126020.51;2013-11-29T00:00:00
12463884;598062;Bystøice;;;;;16926;Bystøice;;;è.p.;403;;;73995;440898.14;1125979.33;2013-11-29T00:00:00
12463892;598062;Bystøice;;;;;16926;Bystøice;;;è.p.;404;;;73995;439808.75;1127100.04;2025-08-19T00:00:00
12463906;598062;Bystøice;;;;;16926;Bystøice;;;è.p.;405;;;73995;440327.11;1126585.62;2013-11-29T00:00:00
12463914;598062;Bystøice;;;;;16926;Bystøice;;;è.p.;406;;;73995;441507.87;1127280.52;2021-10-04T00:00:00
12463922;598062;Bystøice;;;;;16926;Bystøice;;;è.p.;407;;;73995;440051.12;1127904.49;2013-11-29T00:00:00
12463931;598062;Bystøice;;;;;16926;Bystøice;;;è.p.;408;;;73995;442005.94;1128316.41;2013-11-29T00:00:00
12463949;598062;Bystøice;;;;;16926;Bystøice;;;è.p.;409;;;73995;441484.03;1127503.60;2013-11-29T00:00:00
12463957;598062;Bystøice;;;;;16926;Bystøice;;;è.p.;410;;;73995;441113.30;1126312.22;2013-11-29T00:00:00
12463965;598062;Bystøice;;;;;16926;Bystøice;;;è.p.;411;;;73995;442002.72;1128189.53;2013-11-29T00:00:00
12463973;598062;Bystøice;;;;;16926;Bystøice;;;è.p.;412;;;73995;440991.21;1125111.61;2013-11-29T00:00:00
12463981;598062;Bystøice;;;;;16926;Bystøice;;;è.p.;413;;;73995;438973.87;1124663.35;2013-11-29T00:00:00
12463990;598062;Bystøice;;;;;16926;Bystøice;;;è.p.;414;;;73995;440338.54;1126256.17;2013-11-29T00:00:00
12464007;598062;Bystøice;;;;;16926;Bystøice;;;è.p.;415;;;73995;440754.02;1127765.17;2013-11-29T00:00:00
12464015;598062;Bystøice;;;;;16926;Bystøice;;;è.p.;416;;;73995;440838.30;1126152.60;2013-11-29T00:00:00
12464023;598062;Bystøice;;;;;16926;Bystøice;;;è.p.;417;;;73995;440770.15;1127550.36;2013-11-29T00:00:00
12464031;598062;Bystøice;;;;;16926;Bystøice;;;è.p.;418;;;73995;438583.91;1127237.40;2013-11-29T00:00:00
12464058;598062;Bystøice;;;;;16926;Bystøice;;;è.p.;420;;;73995;440218.07;1125689.29;2013-11-29T00:00:00
12464066;598062;Bystøice;;;;;16926;Bystøice;;;è.p.;421;;;73995;440016.30;1126813.97;2013-11-29T00:00:00
12464074;598062;Bystøice;;;;;16926;Bystøice;;;è.p.;422;;;73995;440070.00;1126735.15;2013-11-29T00:00:00
12464082;598062;Bystøice;;;;;16926;Bystøice;;;è.p.;423;;;73995;441127.30;1127425.03;2013-11-29T00:00:00
12464091;598062;Bystøice;;;;;16926;Bystøice;;;è.p.;424;;;73995;441866.42;1125730.36;2013-11-29T00:00:00
12464104;598062;Bystøice;;;;;16926;Bystøice;;;è.p.;425;;;73995;439536.84;1125256.71;2013-11-29T00:00:00
12464112;598062;Bystøice;;;;;16926;Bystøice;;;è.p.;426;;;73995;440602.55;1126487.89;2013-11-29T00:00:00
12464121;598062;Bystøice;;;;;16926;Bystøice;;;è.p.;427;;;73995;438895.54;1126086.45;2013-11-29T00:00:00
12464139;598062;Bystøice;;;;;16926;Bystøice;;;è.p.;428;;;73995;440988.42;1125193.40;2013-11-29T00:00:00
12464147;598062;Bystøice;;;;;16926;Bystøice;;;è.p.;429;;;73995;439348.50;1124883.06;2023-08-08T00:00:00
12464155;598062;Bystøice;;;;;16926;Bystøice;;;è.p.;430;;;73995;440665.16;1126457.37;2013-11-29T00:00:00
12464163;598062;Bystøice;;;;;16926;Bystøice;;;è.p.;431;;;73995;439526.09;1125165.44;2013-11-29T00:00:00
12464171;598062;Bystøice;;;;;16926;Bystøice;;;è.p.;432;;;73995;439552.72;1127214.51;2013-11-29T00:00:00
12464180;598062;Bystøice;;;;;16926;Bystøice;;;è.p.;433;;;73995;438749.04;1127266.93;2013-11-29T00:00:00
12464198;598062;Bystøice;;;;;16926;Bystøice;;;è.p.;434;;;73995;441956.08;1127770.50;2013-11-29T00:00:00
12464201;598062;Bystøice;;;;;16926;Bystøice;;;è.p.;435;;;73995;441679.76;1127560.23;2013-11-29T00:00:00
12464210;598062;Bystøice;;;;;16926;Bystøice;;;è.p.;436;;;73995;439606.14;1125889.79;2013-11-29T00:00:00
12464228;598062;Bystøice;;;;;16926;Bystøice;;;è.p.;437;;;73995;440387.73;1124894.58;2013-11-29T00:00:00
12464236;598062;Bystøice;;;;;16926;Bystøice;;;è.p.;438;;;73995;440231.38;1124918.05;2020-01-13T00:00:00
12464244;598062;Bystøice;;;;;16926;Bystøice;;;è.p.;439;;;73995;440766.84;1126269.63;2023-11-27T00:00:00
12464252;598062;Bystøice;;;;;16926;Bystøice;;;è.p.;440;;;73995;440718.38;1126016.93;2013-11-29T00:00:00
12464261;598062;Bystøice;;;;;16926;Bystøice;;;è.p.;441;;;73995;439010.84;1124891.47;2013-11-29T00:00:00
12464287;598062;Bystøice;;;;;16926;Bystøice;;;è.p.;443;;;73995;441192.06;1126147.05;2013-11-29T00:00:00
12464295;598062;Bystøice;;;;;16926;Bystøice;;;è.p.;444;;;73995;441102.70;1125785.56;2013-11-29T00:00:00
12464309;598062;Bystøice;;;;;16926;Bystøice;;;è.p.;445;;;73995;439620.70;1125997.09;2013-11-29T00:00:00
12464317;598062;Bystøice;;;;;16926;Bystøice;;;è.p.;446;;;73995;441198.73;1125643.05;2013-11-29T00:00:00
12464325;598062;Bystøice;;;;;16926;Bystøice;;;è.p.;447;;;73995;440034.43;1126230.48;2013-11-29T00:00:00
12464333;598062;Bystøice;;;;;16926;Bystøice;;;è.p.;448;;;73995;440457.57;1126397.50;2013-11-29T00:00:00
12464341;598062;Bystøice;;;;;16926;Bystøice;;;è.p.;449;;;73995;439281.42;1126620.48;2013-11-29T00:00:00
12464350;598062;Bystøice;;;;;16926;Bystøice;;;è.p.;450;;;73995;439950.36;1126455.46;2013-11-29T00:00:00
12464368;598062;Bystøice;;;;;16926;Bystøice;;;è.p.;451;;;73995;441004.08;1126717.92;2013-11-29T00:00:00
12464376;598062;Bystøice;;;;;16926;Bystøice;;;è.p.;452;;;73995;439126.82;1125785.00;2013-11-29T00:00:00
12464384;598062;Bystøice;;;;;16926;Bystøice;;;è.p.;453;;;73995;439135.45;1127710.90;2013-11-29T00:00:00
12464392;598062;Bystøice;;;;;16926;Bystøice;;;è.p.;454;;;73995;440929.99;1125448.02;2013-11-29T00:00:00
12464406;598062;Bystøice;;;;;16926;Bystøice;;;è.p.;455;;;73995;440163.55;1125689.81;2013-11-29T00:00:00
12464414;598062;Bystøice;;;;;16926;Bystøice;;;è.p.;456;;;73995;441849.20;1125593.99;2013-11-29T00:00:00
12464422;598062;Bystøice;;;;;16926;Bystøice;;;è.p.;457;;;73995;437984.79;1127750.57;2013-11-29T00:00:00
12464431;598062;Bystøice;;;;;16926;Bystøice;;;è.p.;458;;;73995;440433.64;1126355.13;2013-11-29T00:00:00
12464449;598062;Bystøice;;;;;16926;Bystøice;;;è.p.;459;;;73995;440516.65;1124857.21;2013-11-29T00:00:00
12464457;598062;Bystøice;;;;;16926;Bystøice;;;è.p.;460;;;73995;441225.85;1126329.92;2013-11-29T00:00:00
12464465;598062;Bystøice;;;;;16926;Bystøice;;;è.p.;461;;;73995;441030.39;1126251.06;2013-11-29T00:00:00
12464473;598062;Bystøice;;;;;16926;Bystøice;;;è.p.;462;;;73995;439697.42;1125242.08;2013-11-29T00:00:00
12464481;598062;Bystøice;;;;;16926;Bystøice;;;è.p.;463;;;73995;440824.67;1126539.33;2013-11-29T00:00:00
12464490;598062;Bystøice;;;;;16926;Bystøice;;;è.p.;464;;;73995;439792.50;1125087.74;2013-11-29T00:00:00
12464503;598062;Bystøice;;;;;16926;Bystøice;;;è.p.;465;;;73995;442017.33;1125075.86;2013-11-29T00:00:00
12464520;598062;Bystøice;;;;;16926;Bystøice;;;è.p.;467;;;73995;440267.52;1126390.08;2013-11-29T00:00:00
12464538;598062;Bystøice;;;;;16926;Bystøice;;;è.p.;468;;;73995;441496.10;1126244.72;2013-11-29T00:00:00
12464546;598062;Bystøice;;;;;16926;Bystøice;;;è.p.;469;;;73995;441944.62;1125583.87;2013-11-29T00:00:00
12464554;598062;Bystøice;;;;;16926;Bystøice;;;è.p.;470;;;73995;441379.60;1126377.57;2013-11-29T00:00:00
12464562;598062;Bystøice;;;;;16926;Bystøice;;;è.p.;471;;;73995;440240.46;1125761.58;2013-11-29T00:00:00
12464571;598062;Bystøice;;;;;16926;Bystøice;;;è.p.;472;;;73995;440413.44;1126460.33;2013-11-29T00:00:00
12464589;598062;Bystøice;;;;;16926;Bystøice;;;è.p.;473;;;73995;440064.18;1127049.23;2013-11-29T00:00:00
12464597;598062;Bystøice;;;;;16926;Bystøice;;;è.p.;474;;;73995;439102.78;1124586.02;2013-11-29T00:00:00
12464601;598062;Bystøice;;;;;16926;Bystøice;;;è.p.;475;;;73995;441180.34;1126432.74;2013-11-29T00:00:00
12464619;598062;Bystøice;;;;;16926;Bystøice;;;è.p.;476;;;73995;440283.39;1125914.65;2013-11-29T00:00:00
12464627;598062;Bystøice;;;;;16926;Bystøice;;;è.p.;477;;;73995;440263.96;1125735.36;2013-11-29T00:00:00
12464635;598062;Bystøice;;;;;16926;Bystøice;;;è.p.;478;;;73995;440320.36;1126158.97;2013-11-29T00:00:00
12464643;598062;Bystøice;;;;;16926;Bystøice;;;è.p.;479;;;73995;440927.20;1127401.37;2013-11-29T00:00:00
12464651;598062;Bystøice;;;;;16926;Bystøice;;;è.p.;480;;;73995;440089.79;1125582.91;2013-11-29T00:00:00
12464660;598062;Bystøice;;;;;16926;Bystøice;;;è.p.;481;;;73995;441420.80;1125666.47;2013-11-29T00:00:00
12464678;598062;Bystøice;;;;;16926;Bystøice;;;è.p.;482;;;73995;441278.53;1126228.10;2013-11-29T00:00:00
12464686;598062;Bystøice;;;;;16926;Bystøice;;;è.p.;483;;;73995;440609.42;1125665.66;2013-11-29T00:00:00
12464694;598062;Bystøice;;;;;16926;Bystøice;;;è.p.;484;;;73995;440273.22;1125942.90;2013-11-29T00:00:00
12464708;598062;Bystøice;;;;;16926;Bystøice;;;è.p.;485;;;73995;440990.70;1127769.22;2013-11-29T00:00:00
12464716;598062;Bystøice;;;;;16926;Bystøice;;;è.p.;486;;;73995;441042.90;1125226.55;2013-11-29T00:00:00
12464724;598062;Bystøice;;;;;16926;Bystøice;;;è.p.;487;;;73995;439370.64;1124918.22;2013-11-29T00:00:00
12464732;598062;Bystøice;;;;;16926;Bystøice;;;è.p.;488;;;73995;438168.06;1127537.61;2013-11-29T00:00:00
12464741;598062;Bystøice;;;;;16926;Bystøice;;;è.p.;489;;;73995;441040.23;1126074.10;2013-11-29T00:00:00
12464759;598062;Bystøice;;;;;16926;Bystøice;;;è.p.;490;;;73995;441067.72;1126391.50;2017-01-16T00:00:00
12464767;598062;Bystøice;;;;;16926;Bystøice;;;è.p.;491;;;73995;440392.75;1125857.44;2013-11-29T00:00:00
12464775;598062;Bystøice;;;;;16926;Bystøice;;;è.p.;492;;;73995;440987.88;1127808.95;2013-11-29T00:00:00
12464783;598062;Bystøice;;;;;16926;Bystøice;;;è.p.;493;;;73995;442099.35;1125096.33;2013-11-29T00:00:00
12464791;598062;Bystøice;;;;;16926;Bystøice;;;è.p.;494;;;73995;441274.47;1125738.48;2013-11-29T00:00:00
12464805;598062;Bystøice;;;;;16926;Bystøice;;;è.p.;495;;;73995;440837.29;1126190.86;2017-09-04T00:00:00
12464813;598062;Bystøice;;;;;16926;Bystøice;;;è.p.;496;;;73995;440896.64;1126245.22;2013-11-29T00:00:00
12464821;598062;Bystøice;;;;;16926;Bystøice;;;è.p.;497;;;73995;441042.26;1126390.36;2013-11-29T00:00:00
12464830;598062;Bystøice;;;;;16926;Bystøice;;;è.p.;498;;;73995;441207.93;1127682.91;2013-11-29T00:00:00
12464848;598062;Bystøice;;;;;16926;Bystøice;;;è.p.;499;;;73995;441031.96;1126754.19;2013-11-29T00:00:00
12464856;598062;Bystøice;;;;;16926;Bystøice;;;è.p.;500;;;73995;440883.44;1126178.86;2013-11-29T00:00:00
12464864;598062;Bystøice;;;;;16926;Bystøice;;;è.p.;501;;;73995;439897.95;1126988.75;2013-11-29T00:00:00
12464872;598062;Bystøice;;;;;16926;Bystøice;;;è.p.;502;;;73995;441228.67;1125590.10;2013-11-29T00:00:00
12464881;598062;Bystøice;;;;;16926;Bystøice;;;è.p.;503;;;73995;439654.48;1127391.12;2013-11-29T00:00:00
12464899;598062;Bystøice;;;;;16926;Bystøice;;;è.p.;504;;;73995;440326.30;1124952.89;2013-11-29T00:00:00
12464902;598062;Bystøice;;;;;16926;Bystøice;;;è.p.;505;;;73995;440401.54;1126977.20;2013-11-29T00:00:00
12464911;598062;Bystøice;;;;;16926;Bystøice;;;è.p.;506;;;73995;442101.23;1125219.65;2023-10-09T00:00:00
12464929;598062;Bystøice;;;;;16926;Bystøice;;;è.p.;507;;;73995;440993.37;1126411.75;2013-11-29T00:00:00
12464937;598062;Bystøice;;;;;16926;Bystøice;;;è.p.;508;;;73995;441824.48;1125406.06;2013-11-29T00:00:00
12464945;598062;Bystøice;;;;;16926;Bystøice;;;è.p.;509;;;73995;439423.38;1127712.42;2013-11-29T00:00:00
12464953;598062;Bystøice;;;;;16926;Bystøice;;;è.p.;510;;;73995;440447.16;1125958.39;2013-11-29T00:00:00
12464961;598062;Bystøice;;;;;16926;Bystøice;;;è.p.;511;;;73995;440276.80;1125265.34;2013-11-29T00:00:00
12464970;598062;Bystøice;;;;;16926;Bystøice;;;è.p.;512;;;73995;441132.76;1125825.36;2013-11-29T00:00:00
12464988;598062;Bystøice;;;;;16926;Bystøice;;;è.p.;513;;;73995;440192.49;1125800.49;2013-11-29T00:00:00
12464996;598062;Bystøice;;;;;16926;Bystøice;;;è.p.;514;;;73995;439714.02;1127325.81;2013-11-29T00:00:00
12465003;598062;Bystøice;;;;;16926;Bystøice;;;è.p.;515;;;73995;440854.40;1126201.55;2013-11-29T00:00:00
12465011;598062;Bystøice;;;;;16926;Bystøice;;;è.p.;516;;;73995;438589.03;1124681.03;2013-11-29T00:00:00
12465020;598062;Bystøice;;;;;16926;Bystøice;;;è.p.;517;;;73995;441972.95;1125601.68;2013-11-29T00:00:00
12465038;598062;Bystøice;;;;;16926;Bystøice;;;è.p.;518;;;73995;441096.58;1125723.29;2013-11-29T00:00:00
12465046;598062;Bystøice;;;;;16926;Bystøice;;;è.p.;519;;;73995;439367.05;1125069.65;2013-11-29T00:00:00
12465054;598062;Bystøice;;;;;16926;Bystøice;;;è.p.;520;;;73995;440852.26;1126253.75;2013-11-29T00:00:00
12465062;598062;Bystøice;;;;;16926;Bystøice;;;è.p.;521;;;73995;439432.56;1124989.35;2013-11-29T00:00:00
12465089;598062;Bystøice;;;;;16926;Bystøice;;;è.p.;523;;;73995;441416.03;1127374.38;2013-11-29T00:00:00
12465097;598062;Bystøice;;;;;16926;Bystøice;;;è.p.;524;;;73995;437625.61;1126686.07;2013-11-29T00:00:00
12465101;598062;Bystøice;;;;;16926;Bystøice;;;è.p.;525;;;73995;440056.09;1127481.76;2013-11-29T00:00:00
12465119;598062;Bystøice;;;;;16926;Bystøice;;;è.p.;526;;;73995;439088.18;1126877.10;2013-11-29T00:00:00
12465127;598062;Bystøice;;;;;16926;Bystøice;;;è.p.;527;;;73995;440063.55;1125562.51;2013-11-29T00:00:00
12465135;598062;Bystøice;;;;;16926;Bystøice;;;è.p.;528;;;73995;438851.52;1124604.86;2016-11-21T00:00:00
12465143;598062;Bystøice;;;;;16926;Bystøice;;;è.p.;529;;;73995;440222.72;1125875.70;2017-07-28T00:00:00
12465160;598062;Bystøice;;;;;16926;Bystøice;;;è.p.;531;;;73995;442168.83;1125028.18;2013-11-29T00:00:00
12465178;598062;Bystøice;;;;;16926;Bystøice;;;è.p.;532;;;73995;437831.81;1127460.71;2013-11-29T00:00:00
12465186;598062;Bystøice;;;;;16926;Bystøice;;;è.p.;533;;;73995;439613.12;1124681.56;2013-11-29T00:00:00
12465208;598062;Bystøice;;;;;16926;Bystøice;;;è.p.;535;;;73995;440679.35;1126432.24;2013-11-29T00:00:00
12465216;598062;Bystøice;;;;;16926;Bystøice;;;è.p.;536;;;73995;442005.45;1125279.43;2013-11-29T00:00:00
12465224;598062;Bystøice;;;;;16926;Bystøice;;;è.p.;537;;;73995;440385.17;1125652.31;2013-11-29T00:00:00
12465232;598062;Bystøice;;;;;16926;Bystøice;;;è.p.;538;;;73995;441508.14;1126098.27;2013-11-29T00:00:00
12465241;598062;Bystøice;;;;;16926;Bystøice;;;è.p.;539;;;73995;438912.47;1127861.36;2013-11-29T00:00:00
12465259;598062;Bystøice;;;;;16926;Bystøice;;;è.p.;540;;;73995;439917.98;1125744.36;2013-11-29T00:00:00
12465267;598062;Bystøice;;;;;16926;Bystøice;;;è.p.;541;;;73995;440185.53;1125613.55;2013-11-29T00:00:00
12465275;598062;Bystøice;;;;;16926;Bystøice;;;è.p.;542;;;73995;440845.44;1126196.97;2013-11-29T00:00:00
12465283;598062;Bystøice;;;;;16926;Bystøice;;;è.p.;543;;;73995;439041.32;1126325.10;2013-11-29T00:00:00
12465291;598062;Bystøice;;;;;16926;Bystøice;;;è.p.;544;;;73995;441138.81;1126215.66;2013-11-29T00:00:00
12465305;598062;Bystøice;;;;;16926;Bystøice;;;è.p.;545;;;73995;441723.03;1127730.79;2013-11-29T00:00:00
12465313;598062;Bystøice;;;;;16926;Bystøice;;;è.p.;546;;;73995;438195.80;1127538.60;2013-11-29T00:00:00
12465321;598062;Bystøice;;;;;16926;Bystøice;;;è.p.;547;;;73995;440039.37;1127978.17;2013-11-29T00:00:00
12465330;598062;Bystøice;;;;;16926;Bystøice;;;è.p.;548;;;73995;440991.25;1126044.99;2013-11-29T00:00:00
12465348;598062;Bystøice;;;;;16926;Bystøice;;;è.p.;549;;;73995;439507.06;1124930.74;2013-11-29T00:00:00
12465356;598062;Bystøice;;;;;16926;Bystøice;;;è.p.;550;;;73995;439512.68;1127746.33;2013-11-29T00:00:00
12465364;598062;Bystøice;;;;;16926;Bystøice;;;è.p.;551;;;73995;440072.51;1126303.33;2013-11-29T00:00:00
12465372;598062;Bystøice;;;;;16926;Bystøice;;;è.p.;552;;;73995;439363.24;1124748.38;2013-11-29T00:00:00
12465381;598062;Bystøice;;;;;16926;Bystøice;;;è.p.;553;;;73995;438841.85;1127842.75;2013-11-29T00:00:00
12465399;598062;Bystøice;;;;;16926;Bystøice;;;è.p.;554;;;73995;440513.61;1126417.31;2013-11-29T00:00:00
12465402;598062;Bystøice;;;;;16926;Bystøice;;;è.p.;555;;;73995;440357.16;1126449.29;2013-11-29T00:00:00
12465411;598062;Bystøice;;;;;16926;Bystøice;;;è.p.;556;;;73995;439952.93;1125696.25;2013-11-29T00:00:00
12465437;598062;Bystøice;;;;;16926;Bystøice;;;è.p.;558;;;73995;441683.46;1126225.24;2013-11-29T00:00:00
12465445;598062;Bystøice;;;;;16926;Bystøice;;;è.p.;559;;;73995;441956.53;1125435.40;2013-11-29T00:00:00
12465453;598062;Bystøice;;;;;16926;Bystøice;;;è.p.;560;;;73995;441991.42;1125442.90;2013-11-29T00:00:00
12465461;598062;Bystøice;;;;;16926;Bystøice;;;è.p.;561;;;73995;442042.13;1125195.73;2013-11-29T00:00:00
12465470;598062;Bystøice;;;;;16926;Bystøice;;;è.p.;562;;;73995;439330.06;1126557.42;2013-11-29T00:00:00
12465488;598062;Bystøice;;;;;16926;Bystøice;;;è.p.;563;;;73995;439131.03;1126198.03;2013-11-29T00:00:00
12465496;598062;Bystøice;;;;;16926;Bystøice;;;è.p.;564;;;73995;439664.08;1125286.00;2013-11-29T00:00:00
12465500;598062;Bystøice;;;;;16926;Bystøice;;;è.p.;565;;;73995;441363.43;1128171.84;2013-11-29T00:00:00
12465518;598062;Bystøice;;;;;16926;Bystøice;;;è.p.;566;;;73995;441970.17;1125551.19;2013-11-29T00:00:00
12465526;598062;Bystøice;;;;;16926;Bystøice;;;è.p.;567;;;73995;440480.04;1126403.33;2013-11-29T00:00:00
12465534;598062;Bystøice;;;;;16926;Bystøice;;;è.p.;568;;;73995;440199.79;1126317.26;2013-11-29T00:00:00
12465542;598062;Bystøice;;;;;16926;Bystøice;;;è.p.;569;;;73995;440140.91;1126302.31;2013-11-29T00:00:00
12465551;598062;Bystøice;;;;;16926;Bystøice;;;è.p.;570;;;73995;440233.13;1126323.95;2013-11-29T00:00:00
12465569;598062;Bystøice;;;;;16926;Bystøice;;;è.p.;571;;;73995;440117.42;1126681.46;2013-11-29T00:00:00
12465577;598062;Bystøice;;;;;16926;Bystøice;;;è.p.;572;;;73995;439909.98;1126401.02;2013-11-29T00:00:00
12465585;598062;Bystøice;;;;;16926;Bystøice;;;è.p.;573;;;73995;439472.14;1126051.05;2013-11-29T00:00:00
12465593;598062;Bystøice;;;;;16926;Bystøice;;;è.p.;574;;;73995;439734.03;1125632.28;2013-11-29T00:00:00
12465607;598062;Bystøice;;;;;16926;Bystøice;;;è.p.;575;;;73995;439690.82;1126014.62;2013-11-29T00:00:00
12465615;598062;Bystøice;;;;;16926;Bystøice;;;è.p.;576;;;73995;439427.74;1125903.47;2013-11-29T00:00:00
12465623;598062;Bystøice;;;;;16926;Bystøice;;;è.p.;577;;;73995;438922.89;1127307.48;2013-11-29T00:00:00
12465631;598062;Bystøice;;;;;16926;Bystøice;;;è.p.;578;;;73995;438350.57;1127917.25;2013-11-29T00:00:00
12465640;598062;Bystøice;;;;;16926;Bystøice;;;è.p.;579;;;73995;440349.95;1125316.93;2013-11-29T00:00:00
12465658;598062;Bystøice;;;;;16926;Bystøice;;;è.p.;580;;;73995;440536.74;1125399.74;2013-11-29T00:00:00
12465666;598062;Bystøice;;;;;16926;Bystøice;;;è.p.;581;;;73995;441005.49;1126796.56;2013-11-29T00:00:00
12465674;598062;Bystøice;;;;;16926;Bystøice;;;è.p.;582;;;73995;440013.72;1127761.51;2013-11-29T00:00:00
12465682;598062;Bystøice;;;;;16926;Bystøice;;;è.p.;583;;;73995;438970.13;1124746.70;2013-11-29T00:00:00
12465691;598062;Bystøice;;;;;16926;Bystøice;;;è.p.;584;;;73995;440908.00;1126574.67;2013-11-29T00:00:00
12465704;598062;Bystøice;;;;;16926;Bystøice;;;è.p.;585;;;73995;439954.00;1125529.29;2013-11-29T00:00:00
12465712;598062;Bystøice;;;;;16926;Bystøice;;;è.p.;586;;;73995;441050.30;1126403.84;2013-11-29T00:00:00
12465721;598062;Bystøice;;;;;16926;Bystøice;;;è.p.;587;;;73995;440312.37;1125975.67;2013-11-29T00:00:00
12465739;598062;Bystøice;;;;;16926;Bystøice;;;è.p.;588;;;73995;440688.52;1126464.11;2013-11-29T00:00:00
12465747;598062;Bystøice;;;;;16926;Bystøice;;;è.p.;589;;;73995;441514.68;1127541.89;2013-11-29T00:00:00
12465755;598062;Bystøice;;;;;16926;Bystøice;;;è.p.;590;;;73995;439322.98;1124727.24;2013-11-29T00:00:00
12465763;598062;Bystøice;;;;;16926;Bystøice;;;è.p.;591;;;73995;441030.04;1125749.16;2013-11-29T00:00:00
12465780;598062;Bystøice;;;;;16926;Bystøice;;;è.p.;593;;;73995;438098.31;1127558.70;2013-11-29T00:00:00
12465798;598062;Bystøice;;;;;16926;Bystøice;;;è.p.;594;;;73995;440327.42;1125528.63;2019-01-07T00:00:00
12465801;598062;Bystøice;;;;;16926;Bystøice;;;è.p.;595;;;73995;442112.90;1125210.88;2013-11-29T00:00:00
12465810;598062;Bystøice;;;;;16926;Bystøice;;;è.p.;596;;;73995;441302.29;1125628.62;2013-11-29T00:00:00
12465828;598062;Bystøice;;;;;16926;Bystøice;;;è.p.;597;;;73995;441607.78;1125440.04;2013-11-29T00:00:00
12465836;598062;Bystøice;;;;;16926;Bystøice;;;è.p.;598;;;73995;439627.68;1125193.69;2013-11-29T00:00:00
12465844;598062;Bystøice;;;;;16926;Bystøice;;;è.p.;599;;;73995;439003.48;1127022.56;2013-11-29T00:00:00
12465852;598062;Bystøice;;;;;16926;Bystøice;;;è.p.;600;;;73995;441505.07;1125610.41;2013-11-29T00:00:00
12465879;598062;Bystøice;;;;;16926;Bystøice;;;è.p.;602;;;73995;441879.16;1125547.01;2013-11-29T00:00:00
12465887;598062;Bystøice;;;;;16926;Bystøice;;;è.p.;603;;;73995;439262.85;1126128.60;2013-11-29T00:00:00
12465895;598062;Bystøice;;;;;16926;Bystøice;;;è.p.;604;;;73995;440598.62;1125305.57;2023-05-16T00:00:00
12465909;598062;Bystøice;;;;;16926;Bystøice;;;è.p.;605;;;73995;440456.83;1126946.64;2013-11-29T00:00:00
12465917;598062;Bystøice;;;;;16926;Bystøice;;;è.p.;606;;;73995;441976.44;1125372.96;2013-11-29T00:00:00
12465925;598062;Bystøice;;;;;16926;Bystøice;;;è.p.;607;;;73995;441440.68;1127400.76;2013-11-29T00:00:00
12465933;598062;Bystøice;;;;;16926;Bystøice;;;è.p.;608;;;73995;439742.24;1126131.80;2013-11-29T00:00:00
12465941;598062;Bystøice;;;;;16926;Bystøice;;;è.p.;609;;;73995;441134.64;1126075.97;2013-11-29T00:00:00
12465950;598062;Bystøice;;;;;16926;Bystøice;;;è.p.;610;;;73995;440866.28;1126275.55;2013-11-29T00:00:00
12465968;598062;Bystøice;;;;;16926;Bystøice;;;è.p.;611;;;73995;439446.30;1124919.46;2013-11-29T00:00:00
12465976;598062;Bystøice;;;;;16926;Bystøice;;;è.p.;612;;;73995;439180.32;1125196.69;2013-11-29T00:00:00
12465984;598062;Bystøice;;;;;16926;Bystøice;;;è.p.;613;;;73995;439747.96;1126313.11;2013-11-29T00:00:00
12465992;598062;Bystøice;;;;;16926;Bystøice;;;è.p.;614;;;73995;439720.13;1126088.81;2013-11-29T00:00:00
12466000;598062;Bystøice;;;;;16926;Bystøice;;;è.p.;615;;;73995;439549.55;1124986.02;2013-11-29T00:00:00
12466018;598062;Bystøice;;;;;16926;Bystøice;;;è.p.;616;;;73995;441239.94;1126531.00;2024-07-08T00:00:00
12466026;598062;Bystøice;;;;;16926;Bystøice;;;è.p.;617;;;73995;438710.10;1126329.29;2013-11-29T00:00:00
12466034;598062;Bystøice;;;;;16926;Bystøice;;;è.p.;618;;;73995;439653.96;1126911.28;2013-11-29T00:00:00
12466042;598062;Bystøice;;;;;16926;Bystøice;;;è.p.;619;;;73995;440422.98;1126077.37;2013-11-29T00:00:00
12466051;598062;Bystøice;;;;;16926;Bystøice;;;è.p.;620;;;73995;440658.64;1124808.36;2013-11-29T00:00:00
12466069;598062;Bystøice;;;;;16926;Bystøice;;;è.p.;621;;;73995;439951.25;1125658.39;2013-11-29T00:00:00
12466077;598062;Bystøice;;;;;16926;Bystøice;;;è.p.;622;;;73995;440024.24;1126486.50;2013-11-29T00:00:00
12466085;598062;Bystøice;;;;;16926;Bystøice;;;è.p.;623;;;73995;441168.43;1126423.94;2013-11-29T00:00:00
12466093;598062;Bystøice;;;;;16926;Bystøice;;;è.p.;624;;;73995;439635.44;1125998.65;2013-11-29T00:00:00
12466107;598062;Bystøice;;;;;16926;Bystøice;;;è.p.;625;;;73995;441347.24;1128117.55;2013-11-29T00:00:00
12466115;598062;Bystøice;;;;;16926;Bystøice;;;è.p.;626;;;73995;441781.05;1127879.89;2021-04-22T00:00:00
12466123;598062;Bystøice;;;;;16926;Bystøice;;;è.p.;627;;;73995;439135.63;1125830.34;2013-11-29T00:00:00
12466131;598062;Bystøice;;;;;16926;Bystøice;;;è.p.;628;;;73995;441593.99;1127366.26;2013-11-29T00:00:00
12466140;598062;Bystøice;;;;;16926;Bystøice;;;è.p.;629;;;73995;440241.57;1125431.90;2013-11-29T00:00:00
12466158;598062;Bystøice;;;;;16926;Bystøice;;;è.p.;630;;;73995;438896.80;1127243.44;2013-11-29T00:00:00
12466166;598062;Bystøice;;;;;16926;Bystøice;;;è.p.;631;;;73995;440221.67;1125540.52;2013-11-29T00:00:00
12466174;598062;Bystøice;;;;;16926;Bystøice;;;è.p.;632;;;73995;440294.93;1125082.88;2013-11-29T00:00:00
12466182;598062;Bystøice;;;;;16926;Bystøice;;;è.p.;633;;;73995;437522.63;1126454.33;2013-11-29T00:00:00
12466191;598062;Bystøice;;;;;16926;Bystøice;;;è.p.;634;;;73995;441608.03;1125658.90;2013-11-29T00:00:00
12466204;598062;Bystøice;;;;;16926;Bystøice;;;è.p.;635;;;73995;439682.21;1125772.59;2013-11-29T00:00:00
12466212;598062;Bystøice;;;;;16926;Bystøice;;;è.p.;636;;;73995;439614.37;1126953.82;2013-11-29T00:00:00
12466221;598062;Bystøice;;;;;16926;Bystøice;;;è.p.;637;;;73995;441783.42;1127471.98;2013-11-29T00:00:00
12466239;598062;Bystøice;;;;;16926;Bystøice;;;è.p.;638;;;73995;441542.33;1125554.23;2013-11-29T00:00:00
12466247;598062;Bystøice;;;;;16926;Bystøice;;;è.p.;639;;;73995;440169.66;1126609.90;2013-11-29T00:00:00
12466255;598062;Bystøice;;;;;16926;Bystøice;;;è.p.;640;;;73995;440479.58;1126372.06;2013-11-29T00:00:00
12466263;598062;Bystøice;;;;;16926;Bystøice;;;è.p.;641;;;73995;439480.73;1125940.41;2013-11-29T00:00:00
12466271;598062;Bystøice;;;;;16926;Bystøice;;;è.p.;642;;;73995;439487.52;1127169.27;2013-11-29T00:00:00
12466280;598062;Bystøice;;;;;16926;Bystøice;;;è.p.;643;;;73995;441660.16;1127513.91;2013-11-29T00:00:00
12466298;598062;Bystøice;;;;;16926;Bystøice;;;è.p.;644;;;73995;440306.58;1125567.18;2013-11-29T00:00:00
12466301;598062;Bystøice;;;;;16926;Bystøice;;;è.p.;645;;;73995;440261.73;1125783.25;2013-11-29T00:00:00
12466310;598062;Bystøice;;;;;16926;Bystøice;;;è.p.;646;;;73995;441357.29;1127849.33;2018-04-17T00:00:00
12466328;598062;Bystøice;;;;;16926;Bystøice;;;è.p.;647;;;73995;439972.31;1125396.00;2013-11-29T00:00:00
12466336;598062;Bystøice;;;;;16926;Bystøice;;;è.p.;648;;;73995;439672.50;1127245.29;2013-11-29T00:00:00
12466344;598062;Bystøice;;;;;16926;Bystøice;;;è.p.;649;;;73995;441577.21;1127454.02;2013-11-29T00:00:00
12466352;598062;Bystøice;;;;;16926;Bystøice;;;è.p.;650;;;73995;440877.41;1126646.39;2013-11-29T00:00:00
12466361;598062;Bystøice;;;;;16926;Bystøice;;;è.p.;651;;;73995;439190.51;1125853.19;2013-11-29T00:00:00
12466379;598062;Bystøice;;;;;16926;Bystøice;;;è.p.;652;;;73995;441573.38;1127578.11;2013-11-29T00:00:00
12466387;598062;Bystøice;;;;;16926;Bystøice;;;è.p.;653;;;73995;440301.55;1127616.63;2013-11-29T00:00:00
12466395;598062;Bystøice;;;;;16926;Bystøice;;;è.p.;654;;;73995;438387.93;1127519.64;2013-11-29T00:00:00
12466409;598062;Bystøice;;;;;16926;Bystøice;;;è.p.;655;;;73995;442067.54;1128561.67;2013-11-29T00:00:00
12466417;598062;Bystøice;;;;;16926;Bystøice;;;è.p.;656;;;73995;438771.61;1127051.44;2013-11-29T00:00:00
12466425;598062;Bystøice;;;;;16926;Bystøice;;;è.p.;657;;;73995;439684.53;1125228.62;2013-11-29T00:00:00
12466433;598062;Bystøice;;;;;16926;Bystøice;;;è.p.;658;;;73995;441414.06;1127422.80;2013-11-29T00:00:00
12466441;598062;Bystøice;;;;;16926;Bystøice;;;è.p.;659;;;73995;438987.75;1124787.02;2013-11-29T00:00:00
12466450;598062;Bystøice;;;;;16926;Bystøice;;;è.p.;660;;;73995;441065.77;1125756.32;2013-11-29T00:00:00
12466468;598062;Bystøice;;;;;16926;Bystøice;;;è.p.;661;;;73995;440059.93;1126363.98;2013-11-29T00:00:00
12466476;598062;Bystøice;;;;;16926;Bystøice;;;è.p.;662;;;73995;439723.90;1125174.06;2013-11-29T00:00:00
12466484;598062;Bystøice;;;;;16926;Bystøice;;;è.p.;663;;;73995;440224.73;1125933.04;2013-11-29T00:00:00
12466492;598062;Bystøice;;;;;16926;Bystøice;;;è.p.;664;;;73995;440425.49;1127130.77;2013-11-29T00:00:00
12466506;598062;Bystøice;;;;;16926;Bystøice;;;è.p.;665;;;73995;441325.09;1127304.31;2013-11-29T00:00:00
12466514;598062;Bystøice;;;;;16926;Bystøice;;;è.p.;666;;;73995;440246.82;1125770.68;2013-11-29T00:00:00
12466522;598062;Bystøice;;;;;16926;Bystøice;;;è.p.;667;;;73995;441112.06;1126269.18;2017-06-20T00:00:00
12466531;598062;Bystøice;;;;;16926;Bystøice;;;è.p.;668;;;73995;441498.80;1125527.56;2013-11-29T00:00:00
12466549;598062;Bystøice;;;;;16926;Bystøice;;;è.p.;669;;;73995;440305.17;1126717.13;2013-11-29T00:00:00
12466557;598062;Bystøice;;;;;16926;Bystøice;;;è.p.;670;;;73995;441070.16;1126353.97;2013-11-29T00:00:00
12466565;598062;Bystøice;;;;;16926;Bystøice;;;è.p.;671;;;73995;440861.07;1126635.20;2013-11-29T00:00:00
12466573;598062;Bystøice;;;;;16926;Bystøice;;;è.p.;672;;;73995;442004.93;1125591.15;2013-11-29T00:00:00
12466581;598062;Bystøice;;;;;16926;Bystøice;;;è.p.;673;;;73995;441556.19;1127219.36;2013-11-29T00:00:00
12466590;598062;Bystøice;;;;;16926;Bystøice;;;è.p.;674;;;73995;439946.55;1127151.32;2013-11-29T00:00:00
12466603;598062;Bystøice;;;;;16926;Bystøice;;;è.p.;675;;;73995;440194.28;1125063.28;2013-11-29T00:00:00
12466611;598062;Bystøice;;;;;16926;Bystøice;;;è.p.;676;;;73995;441047.45;1126263.69;2013-11-29T00:00:00
12466620;598062;Bystøice;;;;;16926;Bystøice;;;è.p.;677;;;73995;440448.16;1125905.81;2013-11-29T00:00:00
12466638;598062;Bystøice;;;;;16926;Bystøice;;;è.p.;678;;;73995;441262.90;1126353.33;2013-11-29T00:00:00
12466646;598062;Bystøice;;;;;16926;Bystøice;;;è.p.;679;;;73995;439975.43;1126875.98;2013-11-29T00:00:00
12466654;598062;Bystøice;;;;;16926;Bystøice;;;è.p.;680;;;73995;441785.05;1127703.17;2013-11-29T00:00:00
12466662;598062;Bystøice;;;;;16926;Bystøice;;;è.p.;681;;;73995;441627.61;1127557.88;2013-11-29T00:00:00
12466671;598062;Bystøice;;;;;16926;Bystøice;;;è.p.;682;;;73995;441501.98;1126071.55;2013-11-29T00:00:00
12466689;598062;Bystøice;;;;;16926;Bystøice;;;è.p.;683;;;73995;438773.75;1127448.39;2013-11-29T00:00:00
12466697;598062;Bystøice;;;;;16926;Bystøice;;;è.p.;684;;;73995;438726.79;1127266.75;2013-11-29T00:00:00
12466701;598062;Bystøice;;;;;16926;Bystøice;;;è.p.;685;;;73995;440923.35;1126817.64;2021-05-25T00:00:00
12466719;598062;Bystøice;;;;;16926;Bystøice;;;è.p.;686;;;73995;441965.76;1125337.40;2013-11-29T00:00:00
12466727;598062;Bystøice;;;;;16926;Bystøice;;;è.p.;687;;;73995;439799.84;1126126.74;2017-10-19T00:00:00
12466735;598062;Bystøice;;;;;16926;Bystøice;;;è.p.;688;;;73995;439283.26;1125870.31;2013-11-29T00:00:00
12466743;598062;Bystøice;;;;;16926;Bystøice;;;è.p.;689;;;73995;439562.20;1124858.27;2013-11-29T00:00:00
12466751;598062;Bystøice;;;;;16926;Bystøice;;;è.p.;690;;;73995;439869.49;1127461.80;2013-11-29T00:00:00
12466760;598062;Bystøice;;;;;16926;Bystøice;;;è.p.;691;;;73995;441630.27;1127878.13;2013-11-29T00:00:00
12466778;598062;Bystøice;;;;;16926;Bystøice;;;è.p.;692;;;73995;441768.97;1127741.99;2013-11-29T00:00:00
12466786;598062;Bystøice;;;;;16926;Bystøice;;;è.p.;693;;;73995;441511.16;1127191.49;2013-11-29T00:00:00
12466794;598062;Bystøice;;;;;16926;Bystøice;;;è.p.;694;;;73995;441670.05;1127535.29;2013-11-29T00:00:00
12466808;598062;Bystøice;;;;;16926;Bystøice;;;è.p.;695;;;73995;439674.96;1126394.42;2013-11-29T00:00:00
12466816;598062;Bystøice;;;;;16926;Bystøice;;;è.p.;696;;;73995;439405.91;1124961.58;2013-11-29T00:00:00
12466824;598062;Bystøice;;;;;16926;Bystøice;;;è.p.;697;;;73995;440382.85;1125138.41;2013-11-29T00:00:00
12466832;598062;Bystøice;;;;;16926;Bystøice;;;è.p.;698;;;73995;439943.65;1125457.23;2013-11-29T00:00:00
12466841;598062;Bystøice;;;;;16926;Bystøice;;;è.p.;699;;;73995;440862.35;1126206.93;2013-11-29T00:00:00
12466859;598062;Bystøice;;;;;16926;Bystøice;;;è.p.;700;;;73995;440648.72;1126042.68;2013-11-29T00:00:00
12466867;598062;Bystøice;;;;;16926;Bystøice;;;è.p.;701;;;73995;440623.02;1126020.43;2013-11-29T00:00:00
12466875;598062;Bystøice;;;;;16926;Bystøice;;;è.p.;702;;;73995;439022.36;1124694.14;2013-11-29T00:00:00
12466883;598062;Bystøice;;;;;16926;Bystøice;;;è.p.;703;;;73995;440802.57;1127590.98;2013-11-29T00:00:00
12466891;598062;Bystøice;;;;;16926;Bystøice;;;è.p.;704;;;73995;440857.22;1126165.23;2013-11-29T00:00:00
12466905;598062;Bystøice;;;;;16926;Bystøice;;;è.p.;705;;;73995;439383.04;1124822.05;2013-11-29T00:00:00
12466913;598062;Bystøice;;;;;16926;Bystøice;;;è.p.;706;;;73995;439427.65;1124738.99;2013-11-29T00:00:00
12466921;598062;Bystøice;;;;;16926;Bystøice;;;è.p.;707;;;73995;440036.25;1125643.91;2013-11-29T00:00:00
12466930;598062;Bystøice;;;;;16926;Bystøice;;;è.p.;708;;;73995;438851.95;1126125.76;2013-11-29T00:00:00
12466948;598062;Bystøice;;;;;16926;Bystøice;;;è.p.;709;;;73995;441442.00;1125301.39;2013-11-29T00:00:00
12466956;598062;Bystøice;;;;;16926;Bystøice;;;è.p.;710;;;73995;440078.32;1125620.71;2013-11-29T00:00:00
12466964;598062;Bystøice;;;;;16926;Bystøice;;;è.p.;711;;;73995;439413.83;1127938.33;2025-08-20T00:00:00
12466972;598062;Bystøice;;;;;16926;Bystøice;;;è.p.;712;;;73995;441903.79;1128093.55;2013-11-29T00:00:00
12466981;598062;Bystøice;;;;;16926;Bystøice;;;è.p.;713;;;73995;441808.72;1127915.78;2013-11-29T00:00:00
12466999;598062;Bystøice;;;;;16926;Bystøice;;;è.p.;714;;;73995;440008.89;1125372.92;2013-11-29T00:00:00
12467006;598062;Bystøice;;;;;16926;Bystøice;;;è.p.;715;;;73995;440105.00;1125386.67;2013-11-29T00:00:00
12467014;598062;Bystøice;;;;;16926;Bystøice;;;è.p.;716;;;73995;439337.16;1126683.04;2013-11-29T00:00:00
12467022;598062;Bystøice;;;;;16926;Bystøice;;;è.p.;717;;;73995;440237.17;1125707.34;2013-11-29T00:00:00
12467031;598062;Bystøice;;;;;16926;Bystøice;;;è.p.;718;;;73995;440651.84;1126562.67;2013-11-29T00:00:00
12467049;598062;Bystøice;;;;;16926;Bystøice;;;è.p.;719;;;73995;440229.07;1126493.99;2013-11-29T00:00:00
12467065;598062;Bystøice;;;;;16926;Bystøice;;;è.p.;721;;;73995;440202.06;1125920.94;2013-11-29T00:00:00
12467073;598062;Bystøice;;;;;16926;Bystøice;;;è.p.;722;;;73995;438738.83;1127512.58;2013-11-29T00:00:00
12467081;598062;Bystøice;;;;;16926;Bystøice;;;è.p.;723;;;73995;438315.57;1127597.87;2013-11-29T00:00:00
12467090;598062;Bystøice;;;;;16926;Bystøice;;;è.p.;724;;;73995;439962.90;1125416.41;2013-11-29T00:00:00
12467103;598062;Bystøice;;;;;16926;Bystøice;;;è.p.;725;;;73995;437664.78;1127638.04;2013-11-29T00:00:00
12467111;598062;Bystøice;;;;;16926;Bystøice;;;è.p.;726;;;73995;440368.67;1126380.47;2013-11-29T00:00:00
12467120;598062;Bystøice;;;;;16926;Bystøice;;;è.p.;727;;;73995;441157.50;1125781.34;2022-06-01T00:00:00
12467138;598062;Bystøice;;;;;16926;Bystøice;;;è.p.;728;;;73995;439757.07;1125189.90;2013-11-29T00:00:00
12467146;598062;Bystøice;;;;;16926;Bystøice;;;è.p.;729;;;73995;437926.78;1127034.30;2013-11-29T00:00:00
12467154;598062;Bystøice;;;;;16926;Bystøice;;;è.p.;730;;;73995;441077.46;1127450.29;2013-11-29T00:00:00
12467162;598062;Bystøice;;;;;16926;Bystøice;;;è.p.;731;;;73995;440617.36;1125648.92;2013-11-29T00:00:00
12467171;598062;Bystøice;;;;;16926;Bystøice;;;è.p.;732;;;73995;440357.10;1126503.77;2013-11-29T00:00:00
12467189;598062;Bystøice;;;;;16926;Bystøice;;;è.p.;733;;;73995;439282.48;1125919.71;2013-11-29T00:00:00
12467197;598062;Bystøice;;;;;16926;Bystøice;;;è.p.;734;;;73995;438929.79;1126986.97;2013-11-29T00:00:00
12467201;598062;Bystøice;;;;;16926;Bystøice;;;è.p.;735;;;73995;440268.75;1125522.67;2013-11-29T00:00:00
12467219;598062;Bystøice;;;;;16926;Bystøice;;;è.p.;736;;;73995;441329.98;1128055.33;2013-11-29T00:00:00
12467227;598062;Bystøice;;;;;16926;Bystøice;;;è.p.;737;;;73995;441298.49;1127276.84;2013-11-29T00:00:00
12467235;598062;Bystøice;;;;;16926;Bystøice;;;è.p.;738;;;73995;440243.04;1126457.84;2013-11-29T00:00:00
12467243;598062;Bystøice;;;;;16926;Bystøice;;;è.p.;739;;;73995;441280.68;1126317.60;2013-11-29T00:00:00
12467251;598062;Bystøice;;;;;16926;Bystøice;;;è.p.;740;;;73995;439144.01;1124948.90;2013-11-29T00:00:00
12467260;598062;Bystøice;;;;;16926;Bystøice;;;è.p.;741;;;73995;440661.40;1127867.02;2013-11-29T00:00:00
12467278;598062;Bystøice;;;;;16926;Bystøice;;;è.p.;742;;;73995;440101.14;1125638.41;2013-11-29T00:00:00
12467286;598062;Bystøice;;;;;16926;Bystøice;;;è.p.;743;;;73995;441745.11;1127515.70;2013-11-29T00:00:00
12467294;598062;Bystøice;;;;;16926;Bystøice;;;è.p.;744;;;73995;439577.58;1125055.07;2013-11-29T00:00:00
12467308;598062;Bystøice;;;;;16926;Bystøice;;;è.p.;745;;;73995;438484.81;1127477.36;2013-11-29T00:00:00
12467316;598062;Bystøice;;;;;16926;Bystøice;;;è.p.;746;;;73995;440054.10;1125599.23;2013-11-29T00:00:00
12467324;598062;Bystøice;;;;;16926;Bystøice;;;è.p.;747;;;73995;439992.54;1126345.92;2017-01-25T00:00:00
12467332;598062;Bystøice;;;;;16926;Bystøice;;;è.p.;748;;;73995;442170.42;1128732.43;2013-11-29T00:00:00
12467341;598062;Bystøice;;;;;16926;Bystøice;;;è.p.;749;;;73995;441809.83;1127646.00;2013-11-29T00:00:00
12467359;598062;Bystøice;;;;;16926;Bystøice;;;è.p.;750;;;73995;439396.24;1124841.93;2013-11-29T00:00:00
12467367;598062;Bystøice;;;;;16926;Bystøice;;;è.p.;751;;;73995;439358.93;1124983.63;2013-11-29T00:00:00
12467375;598062;Bystøice;;;;;16926;Bystøice;;;è.p.;752;;;73995;441284.01;1126391.25;2013-11-29T00:00:00
12467383;598062;Bystøice;;;;;16926;Bystøice;;;è.p.;753;;;73995;440190.07;1126384.85;2013-11-29T00:00:00
12467391;598062;Bystøice;;;;;16926;Bystøice;;;è.p.;754;;;73995;441320.64;1127775.54;2013-11-29T00:00:00
12467405;598062;Bystøice;;;;;16926;Bystøice;;;è.p.;755;;;73995;441162.59;1125655.14;2013-11-29T00:00:00
12467413;598062;Bystøice;;;;;16926;Bystøice;;;è.p.;756;;;73995;440052.80;1126765.25;2013-11-29T00:00:00
12467421;598062;Bystøice;;;;;16926;Bystøice;;;è.p.;757;;;73995;439468.99;1126322.40;2013-11-29T00:00:00
12467430;598062;Bystøice;;;;;16926;Bystøice;;;è.p.;758;;;73995;440936.97;1126277.63;2013-11-29T00:00:00
12467448;598062;Bystøice;;;;;16926;Bystøice;;;è.p.;759;;;73995;437937.14;1127763.56;2013-11-29T00:00:00
12467456;598062;Bystøice;;;;;16926;Bystøice;;;è.p.;760;;;73995;439264.52;1126223.40;2013-11-29T00:00:00
12467464;598062;Bystøice;;;;;16926;Bystøice;;;è.p.;761;;;73995;439390.34;1126229.57;2013-11-29T00:00:00
12467472;598062;Bystøice;;;;;16926;Bystøice;;;è.p.;762;;;73995;442004.57;1128338.96;2013-11-29T00:00:00
12467481;598062;Bystøice;;;;;16926;Bystøice;;;è.p.;763;;;73995;440525.81;1127890.45;2013-11-29T00:00:00
12467499;598062;Bystøice;;;;;16926;Bystøice;;;è.p.;764;;;73995;439506.01;1125203.23;2013-11-29T00:00:00
12467502;598062;Bystøice;;;;;16926;Bystøice;;;è.p.;765;;;73995;438796.71;1124648.94;2013-11-29T00:00:00
12467511;598062;Bystøice;;;;;16926;Bystøice;;;è.p.;766;;;73995;439893.77;1125320.27;2013-11-29T00:00:00
12467529;598062;Bystøice;;;;;16926;Bystøice;;;è.p.;767;;;73995;441991.55;1128159.52;2013-11-29T00:00:00
12467537;598062;Bystøice;;;;;16926;Bystøice;;;è.p.;768;;;73995;441354.95;1126411.95;2013-11-29T00:00:00
12467545;598062;Bystøice;;;;;16926;Bystøice;;;è.p.;769;;;73995;439083.66;1124915.82;2013-11-29T00:00:00
12467553;598062;Bystøice;;;;;16926;Bystøice;;;è.p.;770;;;73995;439107.40;1125739.52;2013-11-29T00:00:00
12467561;598062;Bystøice;;;;;16926;Bystøice;;;è.p.;771;;;73995;442108.17;1128535.62;2013-11-29T00:00:00
12467570;598062;Bystøice;;;;;16926;Bystøice;;;è.p.;772;;;73995;441391.81;1127093.22;2013-11-29T00:00:00
12467588;598062;Bystøice;;;;;16926;Bystøice;;;è.p.;773;;;73995;439826.58;1126592.67;2013-11-29T00:00:00
12467618;598062;Bystøice;;;;;16926;Bystøice;;;è.p.;776;;;73995;439263.21;1126674.68;2013-11-29T00:00:00
12467626;598062;Bystøice;;;;;16926;Bystøice;;;è.p.;777;;;73995;438378.19;1127555.07;2013-11-29T00:00:00
12467634;598062;Bystøice;;;;;16926;Bystøice;;;è.p.;778;;;73995;440293.25;1125588.24;2013-11-29T00:00:00
12467642;598062;Bystøice;;;;;16926;Bystøice;;;è.p.;779;;;73995;438133.49;1127592.14;2013-11-29T00:00:00
12467651;598062;Bystøice;;;;;16926;Bystøice;;;è.p.;780;;;73995;440593.23;1126353.77;2013-11-29T00:00:00
12467669;598062;Bystøice;;;;;16926;Bystøice;;;è.p.;781;;;73995;441030.58;1125279.30;2013-11-29T00:00:00
12467677;598062;Bystøice;;;;;16926;Bystøice;;;è.p.;782;;;73995;441266.62;1125980.01;2013-11-29T00:00:00
12467685;598062;Bystøice;;;;;16926;Bystøice;;;è.p.;783;;;73995;441635.01;1127480.50;2015-04-16T00:00:00
12467693;598062;Bystøice;;;;;16926;Bystøice;;;è.p.;784;;;73995;438451.25;1126176.64;2013-11-29T00:00:00
12467707;598062;Bystøice;;;;;16926;Bystøice;;;è.p.;785;;;73995;439497.84;1125113.91;2013-11-29T00:00:00
12467715;598062;Bystøice;;;;;16926;Bystøice;;;è.p.;786;;;73995;442068.64;1125135.10;2013-11-29T00:00:00
12467723;598062;Bystøice;;;;;16926;Bystøice;;;è.p.;787;;;73995;441497.40;1127521.12;2013-11-29T00:00:00
12467731;598062;Bystøice;;;;;16926;Bystøice;;;è.p.;788;;;73995;438719.05;1126401.60;2013-11-29T00:00:00
12467740;598062;Bystøice;;;;;16926;Bystøice;;;è.p.;789;;;73995;441881.14;1128059.16;2013-11-29T00:00:00
12467758;598062;Bystøice;;;;;16926;Bystøice;;;è.p.;790;;;73995;441552.31;1125423.91;2013-11-29T00:00:00
12467766;598062;Bystøice;;;;;16926;Bystøice;;;è.p.;791;;;73995;441370.69;1127155.99;2013-11-29T00:00:00
12467774;598062;Bystøice;;;;;16926;Bystøice;;;è.p.;792;;;73995;440168.52;1125520.53;2013-11-29T00:00:00
12467782;598062;Bystøice;;;;;16926;Bystøice;;;è.p.;793;;;73995;438998.95;1125012.07;2013-11-29T00:00:00
12467791;598062;Bystøice;;;;;16926;Bystøice;;;è.p.;794;;;73995;440241.67;1125180.62;2013-11-29T00:00:00
12467804;598062;Bystøice;;;;;16926;Bystøice;;;è.p.;795;;;73995;440682.18;1127716.00;2013-11-29T00:00:00
12467812;598062;Bystøice;;;;;16926;Bystøice;;;è.p.;796;;;73995;441951.04;1128090.39;2013-11-29T00:00:00
12467821;598062;Bystøice;;;;;16926;Bystøice;;;è.p.;797;;;73995;441733.46;1127660.87;2013-11-29T00:00:00
12467839;598062;Bystøice;;;;;16926;Bystøice;;;è.p.;798;;;73995;440805.01;1126249.20;2013-11-29T00:00:00
12467847;598062;Bystøice;;;;;16926;Bystøice;;;è.p.;799;;;73995;439552.93;1126363.72;2013-11-29T00:00:00
12467855;598062;Bystøice;;;;;16926;Bystøice;;;è.p.;800;;;73995;441094.53;1126051.50;2013-11-29T00:00:00
12467863;598062;Bystøice;;;;;16926;Bystøice;;;è.p.;801;;;73995;441108.97;1126039.38;2013-11-29T00:00:00
12467871;598062;Bystøice;;;;;16926;Bystøice;;;è.p.;802;;;73995;441122.69;1126028.88;2013-11-29T00:00:00
12467880;598062;Bystøice;;;;;16926;Bystøice;;;è.p.;803;;;73995;441137.09;1126015.75;2013-11-29T00:00:00
12467898;598062;Bystøice;;;;;16926;Bystøice;;;è.p.;804;;;73995;441589.65;1127483.58;2013-11-29T00:00:00
12467901;598062;Bystøice;;;;;16926;Bystøice;;;è.p.;805;;;73995;440267.96;1125193.40;2013-11-29T00:00:00
12467910;598062;Bystøice;;;;;16926;Bystøice;;;è.p.;806;;;73995;439100.83;1124960.29;2013-11-29T00:00:00
12467928;598062;Bystøice;;;;;16926;Bystøice;;;è.p.;807;;;73995;441917.88;1128030.79;2013-11-29T00:00:00
12467936;598062;Bystøice;;;;;16926;Bystøice;;;è.p.;808;;;73995;439369.26;1126316.60;2013-11-29T00:00:00
12467952;598062;Bystøice;;;;;16926;Bystøice;;;è.p.;810;;;73995;440339.82;1126557.82;2013-11-29T00:00:00
12467961;598062;Bystøice;;;;;16926;Bystøice;;;è.p.;811;;;73995;438754.59;1124487.17;2013-11-29T00:00:00
12467979;598062;Bystøice;;;;;16926;Bystøice;;;è.p.;812;;;73995;440113.56;1125476.46;2013-11-29T00:00:00
12467987;598062;Bystøice;;;;;16926;Bystøice;;;è.p.;813;;;73995;439379.14;1125493.46;2013-11-29T00:00:00
12467995;598062;Bystøice;;;;;16926;Bystøice;;;è.p.;814;;;73995;441401.61;1126354.67;2013-11-29T00:00:00
12468002;598062;Bystøice;;;;;16926;Bystøice;;;è.p.;815;;;73995;439990.26;1127085.79;2013-11-29T00:00:00
12468011;598062;Bystøice;;;;;16926;Bystøice;;;è.p.;816;;;73995;441342.12;1126428.75;2013-11-29T00:00:00
12468029;598062;Bystøice;;;;;16926;Bystøice;;;è.p.;817;;;73995;440349.08;1126532.41;2013-11-29T00:00:00
12468037;598062;Bystøice;;;;;16926;Bystøice;;;è.p.;818;;;73995;441376.25;1127134.22;2013-11-29T00:00:00
12468045;598062;Bystøice;;;;;16926;Bystøice;;;è.p.;819;;;73995;442011.42;1128485.74;2013-11-29T00:00:00
12468053;598062;Bystøice;;;;;16926;Bystøice;;;è.p.;820;;;73995;442020.52;1128530.04;2013-11-29T00:00:00
12468061;598062;Bystøice;;;;;16926;Bystøice;;;è.p.;821;;;73995;441310.79;1126346.63;2013-11-29T00:00:00
12468070;598062;Bystøice;;;;;16926;Bystøice;;;è.p.;822;;;73995;439476.72;1125101.86;2013-11-29T00:00:00
12468088;598062;Bystøice;;;;;16926;Bystøice;;;è.p.;823;;;73995;439102.67;1124545.75;2013-11-29T00:00:00
12468096;598062;Bystøice;;;;;16926;Bystøice;;;è.p.;824;;;73995;439696.85;1126858.83;2013-11-29T00:00:00
12468100;598062;Bystøice;;;;;16926;Bystøice;;;è.p.;825;;;73995;441360.60;1127185.24;2013-11-29T00:00:00
12468118;598062;Bystøice;;;;;16926;Bystøice;;;è.p.;826;;;73995;441279.94;1125652.75;2013-11-29T00:00:00
12468126;598062;Bystøice;;;;;16926;Bystøice;;;è.p.;827;;;73995;438179.97;1127513.88;2013-11-29T00:00:00
12468134;598062;Bystøice;;;;;16926;Bystøice;;;è.p.;828;;;73995;441743.22;1127799.91;2013-11-29T00:00:00
12468142;598062;Bystøice;;;;;16926;Bystøice;;;è.p.;829;;;73995;439269.32;1126232.88;2013-11-29T00:00:00
12468151;598062;Bystøice;;;;;16926;Bystøice;;;è.p.;830;;;73995;439687.51;1125179.58;2013-11-29T00:00:00
12468169;598062;Bystøice;;;;;16926;Bystøice;;;è.p.;831;;;73995;442023.89;1128403.58;2018-11-23T00:00:00
12468177;598062;Bystøice;;;;;16926;Bystøice;;;è.p.;832;;;73995;439704.65;1126354.49;2013-11-29T00:00:00
12468185;598062;Bystøice;;;;;16926;Bystøice;;;è.p.;833;;;73995;441119.72;1127514.67;2013-11-29T00:00:00
12468193;598062;Bystøice;;;;;16926;Bystøice;;;è.p.;834;;;73995;440066.35;1125403.62;2013-11-29T00:00:00
12468207;598062;Bystøice;;;;;16926;Bystøice;;;è.p.;835;;;73995;441499.04;1127460.23;2013-11-29T00:00:00
12468215;598062;Bystøice;;;;;16926;Bystøice;;;è.p.;836;;;73995;442047.84;1125038.75;2013-11-29T00:00:00
12468223;598062;Bystøice;;;;;16926;Bystøice;;;è.p.;837;;;73995;440181.69;1125493.74;2013-11-29T00:00:00
12468240;598062;Bystøice;;;;;16926;Bystøice;;;è.p.;839;;;73995;439081.23;1125818.21;2013-11-29T00:00:00
12468258;598062;Bystøice;;;;;16926;Bystøice;;;è.p.;840;;;73995;441076.25;1126018.94;2013-11-29T00:00:00
12468266;598062;Bystøice;;;;;16926;Bystøice;;;è.p.;841;;;73995;440238.36;1125966.08;2013-11-29T00:00:00
12468274;598062;Bystøice;;;;;16926;Bystøice;;;è.p.;842;;;73995;439155.70;1125836.82;2013-11-29T00:00:00
12468282;598062;Bystøice;;;;;16926;Bystøice;;;è.p.;843;;;73995;441457.01;1127199.20;2013-11-29T00:00:00
12468291;598062;Bystøice;;;;;16926;Bystøice;;;è.p.;844;;;73995;441571.58;1127539.12;2013-11-29T00:00:00
12468304;598062;Bystøice;;;;;16926;Bystøice;;;è.p.;845;;;73995;440315.93;1125214.64;2013-11-29T00:00:00
12468312;598062;Bystøice;;;;;16926;Bystøice;;;è.p.;846;;;73995;441553.77;1127516.27;2013-11-29T00:00:00
12468321;598062;Bystøice;;;;;16926;Bystøice;;;è.p.;847;;;73995;440046.66;1125551.04;2013-11-29T00:00:00
12468339;598062;Bystøice;;;;;16926;Bystøice;;;è.p.;848;;;73995;440832.35;1125923.39;2013-11-29T00:00:00
12468347;598062;Bystøice;;;;;16926;Bystøice;;;è.p.;849;;;73995;441408.10;1125755.97;2013-11-29T00:00:00
12468355;598062;Bystøice;;;;;16926;Bystøice;;;è.p.;850;;;73995;440376.21;1126464.10;2013-11-29T00:00:00
12468363;598062;Bystøice;;;;;16926;Bystøice;;;è.p.;851;;;73995;440293.30;1125614.85;2013-11-29T00:00:00
12468371;598062;Bystøice;;;;;16926;Bystøice;;;è.p.;852;;;73995;439111.09;1125384.26;2019-10-03T00:00:00
12468380;598062;Bystøice;;;;;16926;Bystøice;;;è.p.;853;;;73995;439604.22;1125164.08;2013-11-29T00:00:00
12468398;598062;Bystøice;;;;;16926;Bystøice;;;è.p.;854;;;73995;442103.71;1128512.01;2013-11-29T00:00:00
12468401;598062;Bystøice;;;;;16926;Bystøice;;;è.p.;855;;;73995;439957.98;1126592.67;2013-11-29T00:00:00
12468410;598062;Bystøice;;;;;16926;Bystøice;;;è.p.;856;;;73995;441319.22;1127237.11;2013-11-29T00:00:00
12468428;598062;Bystøice;;;;;16926;Bystøice;;;è.p.;857;;;73995;440821.36;1126141.96;2013-11-29T00:00:00
12468436;598062;Bystøice;;;;;16926;Bystøice;;;è.p.;858;;;73995;440240.41;1125555.93;2013-11-29T00:00:00
12468444;598062;Bystøice;;;;;16926;Bystøice;;;è.p.;859;;;73995;440267.77;1125547.13;2013-11-29T00:00:00
12468452;598062;Bystøice;;;;;16926;Bystøice;;;è.p.;860;;;73995;439983.64;1125489.22;2013-11-29T00:00:00
12468461;598062;Bystøice;;;;;16926;Bystøice;;;è.p.;861;;;73995;441734.08;1127773.87;2013-11-29T00:00:00
12468479;598062;Bystøice;;;;;16926;Bystøice;;;è.p.;862;;;73995;440135.35;1125780.84;2013-11-29T00:00:00
12468487;598062;Bystøice;;;;;16926;Bystøice;;;è.p.;863;;;73995;441235.93;1125742.61;2013-11-29T00:00:00
12468495;598062;Bystøice;;;;;16926;Bystøice;;;è.p.;864;;;73995;441920.65;1128378.66;2013-11-29T00:00:00
12468509;598062;Bystøice;;;;;16926;Bystøice;;;è.p.;865;;;73995;441035.99;1125991.23;2013-11-29T00:00:00
12468517;598062;Bystøice;;;;;16926;Bystøice;;;è.p.;866;;;73995;439517.55;1125081.14;2013-11-29T00:00:00
12468525;598062;Bystøice;;;;;16926;Bystøice;;;è.p.;867;;;73995;441190.37;1125750.06;2013-11-29T00:00:00
12468533;598062;Bystøice;;;;;16926;Bystøice;;;è.p.;868;;;73995;441621.53;1127612.47;2013-11-29T00:00:00
12468541;598062;Bystøice;;;;;16926;Bystøice;;;è.p.;869;;;73995;440314.72;1126524.19;2013-11-29T00:00:00
12468550;598062;Bystøice;;;;;16926;Bystøice;;;è.p.;870;;;73995;440322.92;1126501.45;2013-11-29T00:00:00
12468568;598062;Bystøice;;;;;16926;Bystøice;;;è.p.;871;;;73995;441443.21;1126307.48;2013-11-29T00:00:00
12468576;598062;Bystøice;;;;;16926;Bystøice;;;è.p.;872;;;73995;439068.83;1124751.06;2013-11-29T00:00:00
12468584;598062;Bystøice;;;;;16926;Bystøice;;;è.p.;873;;;73995;440291.42;1125203.05;2013-11-29T00:00:00
12468592;598062;Bystøice;;;;;16926;Bystøice;;;è.p.;874;;;73995;441660.52;1127625.74;2013-11-29T00:00:00
12468606;598062;Bystøice;;;;;16926;Bystøice;;;è.p.;875;;;73995;440280.40;1125970.21;2013-11-29T00:00:00
12468614;598062;Bystøice;;;;;16926;Bystøice;;;è.p.;876;;;73995;440918.26;1126153.79;2013-11-29T00:00:00
12468622;598062;Bystøice;;;;;16926;Bystøice;;;è.p.;877;;;73995;441442.54;1127365.87;2013-11-29T00:00:00
12468631;598062;Bystøice;;;;;16926;Bystøice;;;è.p.;878;;;73995;440618.46;1126649.41;2013-11-29T00:00:00
12468649;598062;Bystøice;;;;;16926;Bystøice;;;è.p.;879;;;73995;439504.83;1125070.57;2013-11-29T00:00:00
12468657;598062;Bystøice;;;;;16926;Bystøice;;;è.p.;880;;;73995;441216.95;1125656.43;2013-11-29T00:00:00
12468665;598062;Bystøice;;;;;16926;Bystøice;;;è.p.;881;;;73995;440082.66;1126260.01;2013-11-29T00:00:00
12468673;598062;Bystøice;;;;;16926;Bystøice;;;è.p.;882;;;73995;439967.55;1125477.50;2013-11-29T00:00:00
12468681;598062;Bystøice;;;;;16926;Bystøice;;;è.p.;883;;;73995;439510.57;1125156.26;2013-11-29T00:00:00
12468690;598062;Bystøice;;;;;16926;Bystøice;;;è.p.;884;;;73995;442097.80;1128494.54;2013-11-29T00:00:00
12468703;598062;Bystøice;;;;;16926;Bystøice;;;è.p.;885;;;73995;439598.19;1127290.36;2013-11-29T00:00:00
12468711;598062;Bystøice;;;;;16926;Bystøice;;;è.p.;886;;;73995;442065.91;1128364.34;2013-11-29T00:00:00
12468720;598062;Bystøice;;;;;16926;Bystøice;;;è.p.;887;;;73995;442040.12;1128435.56;2013-11-29T00:00:00
12468738;598062;Bystøice;;;;;16926;Bystøice;;;è.p.;888;;;73995;441090.81;1125682.68;2013-11-29T00:00:00
12468746;598062;Bystøice;;;;;16926;Bystøice;;;è.p.;889;;;73995;441045.45;1125732.87;2013-11-29T00:00:00
12468754;598062;Bystøice;;;;;16926;Bystøice;;;è.p.;890;;;73995;439168.31;1125418.25;2013-11-29T00:00:00
12468762;598062;Bystøice;;;;;16926;Bystøice;;;è.p.;891;;;73995;439922.04;1125808.52;2013-11-29T00:00:00
12468771;598062;Bystøice;;;;;16926;Bystøice;;;è.p.;892;;;73995;441578.53;1125486.09;2023-03-09T00:00:00
12468789;598062;Bystøice;;;;;16926;Bystøice;;;è.p.;893;;;73995;439980.17;1125437.75;2013-11-29T00:00:00
12468797;598062;Bystøice;;;;;16926;Bystøice;;;è.p.;894;;;73995;440805.44;1126132.14;2013-11-29T00:00:00
12468801;598062;Bystøice;;;;;16926;Bystøice;;;è.p.;895;;;73995;440520.15;1126472.48;2013-11-29T00:00:00
12468819;598062;Bystøice;;;;;16926;Bystøice;;;è.p.;896;;;73995;438859.84;1124417.09;2013-11-29T00:00:00
12468827;598062;Bystøice;;;;;16926;Bystøice;;;è.p.;897;;;73995;442224.26;1124965.11;2013-11-29T00:00:00
12468835;598062;Bystøice;;;;;16926;Bystøice;;;è.p.;898;;;73995;441246.86;1125639.38;2013-11-29T00:00:00
12468843;598062;Bystøice;;;;;16926;Bystøice;;;è.p.;899;;;73995;442065.46;1128543.25;2013-11-29T00:00:00
12468851;598062;Bystøice;;;;;16926;Bystøice;;;è.p.;900;;;73995;441169.13;1125984.63;2013-11-29T00:00:00
12468860;598062;Bystøice;;;;;16926;Bystøice;;;è.p.;901;;;73995;441180.81;1125974.13;2013-11-29T00:00:00
12468878;598062;Bystøice;;;;;16926;Bystøice;;;è.p.;902;;;73995;441179.66;1125923.38;2013-11-29T00:00:00
12468886;598062;Bystøice;;;;;16926;Bystøice;;;è.p.;903;;;73995;441165.72;1125935.00;2013-11-29T00:00:00
12468894;598062;Bystøice;;;;;16926;Bystøice;;;è.p.;904;;;73995;441384.28;1127115.13;2013-11-29T00:00:00
12468908;598062;Bystøice;;;;;16926;Bystøice;;;è.p.;905;;;73995;441522.08;1127215.86;2013-11-29T00:00:00
12468916;598062;Bystøice;;;;;16926;Bystøice;;;è.p.;906;;;73995;440377.98;1125836.44;2013-11-29T00:00:00
12468924;598062;Bystøice;;;;;16926;Bystøice;;;è.p.;907;;;73995;440206.53;1125416.33;2013-11-29T00:00:00
12468932;598062;Bystøice;;;;;16926;Bystøice;;;è.p.;908;;;73995;440779.95;1126511.32;2013-11-29T00:00:00
12468941;598062;Bystøice;;;;;16926;Bystøice;;;è.p.;909;;;73995;440759.01;1126585.25;2013-11-29T00:00:00
12468959;598062;Bystøice;;;;;16926;Bystøice;;;è.p.;910;;;73995;441060.37;1125716.74;2013-11-29T00:00:00
12468967;598062;Bystøice;;;;;16926;Bystøice;;;è.p.;911;;;73995;440468.27;1125920.08;2013-11-29T00:00:00
12468975;598062;Bystøice;;;;;16926;Bystøice;;;è.p.;912;;;73995;441960.14;1128220.70;2013-11-29T00:00:00
12468983;598062;Bystøice;;;;;16926;Bystøice;;;è.p.;913;;;73995;439501.22;1124985.54;2013-11-29T00:00:00
12468991;598062;Bystøice;;;;;16926;Bystøice;;;è.p.;914;;;73995;439171.33;1125845.35;2013-11-29T00:00:00
12469009;598062;Bystøice;;;;;16926;Bystøice;;;è.p.;915;;;73995;441688.75;1127781.04;2013-11-29T00:00:00
12469017;598062;Bystøice;;;;;16926;Bystøice;;;è.p.;916;;;73995;439522.75;1125936.84;2013-11-29T00:00:00
12469025;598062;Bystøice;;;;;16926;Bystøice;;;è.p.;917;;;73995;441121.90;1127478.30;2013-11-29T00:00:00
12469033;598062;Bystøice;;;;;16926;Bystøice;;;è.p.;918;;;73995;440491.08;1126459.99;2013-11-29T00:00:00
12469041;598062;Bystøice;;;;;16926;Bystøice;;;è.p.;919;;;73995;441538.95;1127362.51;2013-11-29T00:00:00
12469050;598062;Bystøice;;;;;16926;Bystøice;;;è.p.;920;;;73995;440515.91;1125838.96;2013-11-29T00:00:00
12469068;598062;Bystøice;;;;;16926;Bystøice;;;è.p.;921;;;73995;440489.04;1125883.12;2013-11-29T00:00:00
12469076;598062;Bystøice;;;;;16926;Bystøice;;;è.p.;922;;;73995;442086.97;1128457.88;2013-11-29T00:00:00
12469084;598062;Bystøice;;;;;16926;Bystøice;;;è.p.;923;;;73995;442183.62;1124952.02;2013-11-29T00:00:00
12469092;598062;Bystøice;;;;;16926;Bystøice;;;è.p.;924;;;73995;440429.86;1125889.07;2013-11-29T00:00:00
12469106;598062;Bystøice;;;;;16926;Bystøice;;;è.p.;925;;;73995;441789.16;1127784.11;2025-09-23T00:00:00
12469114;598062;Bystøice;;;;;16926;Bystøice;;;è.p.;926;;;73995;442056.29;1128506.01;2013-11-29T00:00:00
12469122;598062;Bystøice;;;;;16926;Bystøice;;;è.p.;927;;;73995;442082.90;1128443.09;2013-11-29T00:00:00
12469131;598062;Bystøice;;;;;16926;Bystøice;;;è.p.;928;;;73995;442093.66;1128475.86;2013-11-29T00:00:00
12469149;598062;Bystøice;;;;;16926;Bystøice;;;è.p.;929;;;73995;440528.87;1126040.69;2013-11-29T00:00:00
12469157;598062;Bystøice;;;;;16926;Bystøice;;;è.p.;930;;;73995;441473.17;1126268.32;2013-11-29T00:00:00
12469165;598062;Bystøice;;;;;16926;Bystøice;;;è.p.;931;;;73995;439710.35;1127169.07;2013-11-29T00:00:00
12469173;598062;Bystøice;;;;;16926;Bystøice;;;è.p.;932;;;73995;439580.89;1125207.56;2013-11-29T00:00:00
12469181;598062;Bystøice;;;;;16926;Bystøice;;;è.p.;933;;;73995;440994.87;1125965.90;2013-11-29T00:00:00
12469190;598062;Bystøice;;;;;16926;Bystøice;;;è.p.;934;;;73995;440777.80;1126592.03;2013-11-29T00:00:00
12469203;598062;Bystøice;;;;;16926;Bystøice;;;è.p.;935;;;73995;439459.00;1124934.94;2013-11-29T00:00:00
12469211;598062;Bystøice;;;;;16926;Bystøice;;;è.p.;936;;;73995;440707.87;1126124.42;2013-11-29T00:00:00
12469220;598062;Bystøice;;;;;16926;Bystøice;;;è.p.;937;;;73995;441597.87;1127549.40;2013-11-29T00:00:00
12469238;598062;Bystøice;;;;;16926;Bystøice;;;è.p.;938;;;73995;442049.93;1128477.01;2013-11-29T00:00:00
12469246;598062;Bystøice;;;;;16926;Bystøice;;;è.p.;939;;;73995;441903.85;1128272.78;2013-11-29T00:00:00
12469254;598062;Bystøice;;;;;16926;Bystøice;;;è.p.;940;;;73995;441837.74;1127866.53;2013-11-29T00:00:00
12469262;598062;Bystøice;;;;;16926;Bystøice;;;è.p.;941;;;73995;440823.31;1126249.88;2013-11-29T00:00:00
12469271;598062;Bystøice;;;;;16926;Bystøice;;;è.p.;942;;;73995;441569.01;1127325.27;2013-11-29T00:00:00
12469289;598062;Bystøice;;;;;16926;Bystøice;;;è.p.;943;;;73995;439015.88;1124660.38;2013-11-29T00:00:00
12469297;598062;Bystøice;;;;;16926;Bystøice;;;è.p.;944;;;73995;438975.38;1124620.38;2013-11-29T00:00:00
12469301;598062;Bystøice;;;;;16926;Bystøice;;;è.p.;945;;;73995;440288.56;1127650.21;2013-11-29T00:00:00
12469319;598062;Bystøice;;;;;16926;Bystøice;;;è.p.;946;;;73995;441064.35;1126037.42;2013-11-29T00:00:00
12469327;598062;Bystøice;;;;;16926;Bystøice;;;è.p.;947;;;73995;441483.75;1127441.61;2013-11-29T00:00:00
12469335;598062;Bystøice;;;;;16926;Bystøice;;;è.p.;948;;;73995;439864.80;1126415.81;2013-11-29T00:00:00
12469343;598062;Bystøice;;;;;16926;Bystøice;;;è.p.;949;;;73995;439035.23;1124722.42;2013-11-29T00:00:00
12469351;598062;Bystøice;;;;;16926;Bystøice;;;è.p.;950;;;73995;441988.62;1128453.13;2013-11-29T00:00:00
12469360;598062;Bystøice;;;;;16926;Bystøice;;;è.p.;951;;;73995;439555.15;1125274.87;2013-11-29T00:00:00
12469378;598062;Bystøice;;;;;16926;Bystøice;;;è.p.;952;;;73995;439992.11;1125409.84;2013-11-29T00:00:00
12469386;598062;Bystøice;;;;;16926;Bystøice;;;è.p.;953;;;73995;442029.06;1125383.46;2013-11-29T00:00:00
12469394;598062;Bystøice;;;;;16926;Bystøice;;;è.p.;954;;;73995;440025.13;1125812.00;2013-11-29T00:00:00
12469416;598062;Bystøice;;;;;16926;Bystøice;;;è.p.;956;;;73995;441411.73;1127115.00;2013-11-29T00:00:00
12469424;598062;Bystøice;;;;;16926;Bystøice;;;è.p.;957;;;73995;441536.86;1126138.46;2013-11-29T00:00:00
12469432;598062;Bystøice;;;;;16926;Bystøice;;;è.p.;958;;;73995;439013.09;1124829.35;2013-11-29T00:00:00
12469441;598062;Bystøice;;;;;16926;Bystøice;;;è.p.;959;;;73995;441591.95;1127590.36;2013-11-29T00:00:00
12469459;598062;Bystøice;;;;;16926;Bystøice;;;è.p.;960;;;73995;439108.18;1125825.33;2013-11-29T00:00:00
12469467;598062;Bystøice;;;;;16926;Bystøice;;;è.p.;961;;;73995;440565.77;1126322.64;2013-11-29T00:00:00
12469475;598062;Bystøice;;;;;16926;Bystøice;;;è.p.;962;;;73995;440499.01;1127090.19;2013-11-29T00:00:00
12469483;598062;Bystøice;;;;;16926;Bystøice;;;è.p.;963;;;73995;441569.48;1127613.55;2013-11-29T00:00:00
12469491;598062;Bystøice;;;;;16926;Bystøice;;;è.p.;964;;;73995;440725.92;1126568.32;2013-11-29T00:00:00
12469505;598062;Bystøice;;;;;16926;Bystøice;;;è.p.;965;;;73995;439734.25;1126035.51;2013-11-29T00:00:00
12469513;598062;Bystøice;;;;;16926;Bystøice;;;è.p.;966;;;73995;441461.14;1127418.77;2013-11-29T00:00:00
12469521;598062;Bystøice;;;;;16926;Bystøice;;;è.p.;967;;;73995;442007.24;1128445.21;2013-11-29T00:00:00
12469530;598062;Bystøice;;;;;16926;Bystøice;;;è.p.;968;;;73995;440007.71;1125616.64;2013-11-29T00:00:00
12469548;598062;Bystøice;;;;;16926;Bystøice;;;è.p.;969;;;73995;441603.05;1127509.10;2013-11-29T00:00:00
12469556;598062;Bystøice;;;;;16926;Bystøice;;;è.p.;970;;;73995;440129.90;1125662.81;2013-11-29T00:00:00
12469564;598062;Bystøice;;;;;16926;Bystøice;;;è.p.;971;;;73995;440956.53;1125941.13;2013-11-29T00:00:00
12469572;598062;Bystøice;;;;;16926;Bystøice;;;è.p.;972;;;73995;440954.50;1125963.71;2013-11-29T00:00:00
12469581;598062;Bystøice;;;;;16926;Bystøice;;;è.p.;973;;;73995;439573.50;1124820.40;2013-11-29T00:00:00
12469599;598062;Bystøice;;;;;16926;Bystøice;;;è.p.;974;;;73995;440626.11;1126188.34;2013-11-29T00:00:00
12469602;598062;Bystøice;;;;;16926;Bystøice;;;è.p.;975;;;73995;439547.88;1125182.72;2013-11-29T00:00:00
12469611;598062;Bystøice;;;;;16926;Bystøice;;;è.p.;976;;;73995;439980.97;1125668.42;2013-11-29T00:00:00
12469629;598062;Bystøice;;;;;16926;Bystøice;;;è.p.;977;;;73995;442029.07;1128460.19;2013-11-29T00:00:00
12469637;598062;Bystøice;;;;;16926;Bystøice;;;è.p.;978;;;73995;440211.45;1126382.01;2013-11-29T00:00:00
12469645;598062;Bystøice;;;;;16926;Bystøice;;;è.p.;979;;;73995;441314.14;1127408.33;2013-11-29T00:00:00
12469653;598062;Bystøice;;;;;16926;Bystøice;;;è.p.;980;;;73995;440985.65;1125986.87;2013-11-29T00:00:00
12469661;598062;Bystøice;;;;;16926;Bystøice;;;è.p.;981;;;73995;441517.85;1127315.50;2013-11-29T00:00:00
12469670;598062;Bystøice;;;;;16926;Bystøice;;;è.p.;982;;;73995;440645.62;1126198.90;2013-11-29T00:00:00
12469688;598062;Bystøice;;;;;16926;Bystøice;;;è.p.;983;;;73995;441500.01;1127167.03;2013-11-29T00:00:00
12469696;598062;Bystøice;;;;;16926;Bystøice;;;è.p.;984;;;73995;441941.44;1125373.06;2013-11-29T00:00:00
12469718;598062;Bystøice;;;;;16926;Bystøice;;;è.p.;986;;;73995;440195.84;1126438.98;2013-11-29T00:00:00
12469726;598062;Bystøice;;;;;16926;Bystøice;;;è.p.;987;;;73995;437967.38;1127466.91;2013-11-29T00:00:00
12469734;598062;Bystøice;;;;;16926;Bystøice;;;è.p.;988;;;73995;441202.33;1125780.48;2013-11-29T00:00:00
12469742;598062;Bystøice;;;;;16926;Bystøice;;;è.p.;989;;;73995;442118.05;1128565.87;2013-11-29T00:00:00
12469751;598062;Bystøice;;;;;16926;Bystøice;;;è.p.;990;;;73995;441994.53;1125469.80;2016-11-28T00:00:00
12469769;598062;Bystøice;;;;;16926;Bystøice;;;è.p.;991;;;73995;441509.01;1127341.91;2013-11-29T00:00:00
12469777;598062;Bystøice;;;;;16926;Bystøice;;;è.p.;992;;;73995;440193.90;1126324.48;2013-11-29T00:00:00
12469785;598062;Bystøice;;;;;16926;Bystøice;;;è.p.;993;;;73995;441301.73;1126424.86;2013-11-29T00:00:00
12469793;598062;Bystøice;;;;;16926;Bystøice;;;è.p.;994;;;73995;441646.60;1127654.20;2013-11-29T00:00:00
12469807;598062;Bystøice;;;;;16926;Bystøice;;;è.p.;995;;;73995;440130.18;1125599.44;2013-11-29T00:00:00
12469815;598062;Bystøice;;;;;16926;Bystøice;;;è.p.;996;;;73995;440194.85;1125581.52;2013-11-29T00:00:00
12469823;598062;Bystøice;;;;;16926;Bystøice;;;è.p.;997;;;73995;438774.51;1124384.61;2013-11-29T00:00:00
12469831;598062;Bystøice;;;;;16926;Bystøice;;;è.p.;998;;;73995;441213.85;1126004.87;2013-11-29T00:00:00
12469840;598062;Bystøice;;;;;16926;Bystøice;;;è.p.;999;;;73995;439849.55;1126127.39;2013-11-29T00:00:00
12469858;598062;Bystøice;;;;;16926;Bystøice;;;è.p.;1000;;;73995;441378.27;1127281.44;2013-11-29T00:00:00
12469866;598062;Bystøice;;;;;16926;Bystøice;;;è.p.;1001;;;73995;441218.58;1125761.94;2013-11-29T00:00:00
12469874;598062;Bystøice;;;;;16926;Bystøice;;;è.p.;1002;;;73995;441077.17;1126653.48;2013-11-29T00:00:00
12469882;598062;Bystøice;;;;;16926;Bystøice;;;è.p.;1003;;;73995;440012.98;1125511.91;2013-11-29T00:00:00
12469891;598062;Bystøice;;;;;16926;Bystøice;;;è.p.;1004;;;73995;440209.53;1125618.36;2013-11-29T00:00:00
12469904;598062;Bystøice;;;;;16926;Bystøice;;;è.p.;1005;;;73995;438188.56;1127587.90;2013-11-29T00:00:00
12469912;598062;Bystøice;;;;;16926;Bystøice;;;è.p.;1006;;;73995;437736.39;1127587.86;2015-08-17T00:00:00
12469921;598062;Bystøice;;;;;16926;Bystøice;;;è.p.;1007;;;73995;440901.60;1126135.64;2013-11-29T00:00:00
12469939;598062;Bystøice;;;;;16926;Bystøice;;;è.p.;1008;;;73995;439777.66;1126101.42;2013-11-29T00:00:00
12469947;598062;Bystøice;;;;;16926;Bystøice;;;è.p.;1009;;;73995;441076.74;1125696.16;2013-11-29T00:00:00
12469955;598062;Bystøice;;;;;16926;Bystøice;;;è.p.;1010;;;73995;439417.22;1126199.16;2013-11-29T00:00:00
12469963;598062;Bystøice;;;;;16926;Bystøice;;;è.p.;1011;;;73995;440303.44;1126566.89;2013-11-29T00:00:00
12469971;598062;Bystøice;;;;;16926;Bystøice;;;è.p.;1012;;;73995;440546.43;1126825.89;2013-11-29T00:00:00
12469980;598062;Bystøice;;;;;16926;Bystøice;;;è.p.;1013;;;73995;440704.91;1126251.43;2013-11-29T00:00:00
12469998;598062;Bystøice;;;;;16926;Bystøice;;;è.p.;1014;;;73995;440451.38;1126452.43;2013-11-29T00:00:00
12470007;598062;Bystøice;;;;;16926;Bystøice;;;è.p.;1015;;;73995;441875.62;1127952.66;2013-11-29T00:00:00
12470015;598062;Bystøice;;;;;16926;Bystøice;;;è.p.;1016;;;73995;440105.26;1125504.30;2013-11-29T00:00:00
12470023;598062;Bystøice;;;;;16926;Bystøice;;;è.p.;1017;;;73995;438372.73;1127623.32;2013-11-29T00:00:00
12470031;598062;Bystøice;;;;;16926;Bystøice;;;è.p.;1018;;;73995;439158.28;1124991.60;2013-11-29T00:00:00
12470040;598062;Bystøice;;;;;16926;Bystøice;;;è.p.;1019;;;73995;440292.72;1125734.88;2013-11-29T00:00:00
12470058;598062;Bystøice;;;;;16926;Bystøice;;;è.p.;1020;;;73995;440959.94;1125829.56;2013-11-29T00:00:00
12470066;598062;Bystøice;;;;;16926;Bystøice;;;è.p.;1021;;;73995;441875.66;1127929.84;2013-11-29T00:00:00
12470074;598062;Bystøice;;;;;16926;Bystøice;;;è.p.;1022;;;73995;441185.08;1125799.11;2013-11-29T00:00:00
12470082;598062;Bystøice;;;;;16926;Bystøice;;;è.p.;1023;;;73995;442107.26;1128728.20;2013-11-29T00:00:00
12470091;598062;Bystøice;;;;;16926;Bystøice;;;è.p.;1024;;;73995;439979.67;1126563.83;2013-11-29T00:00:00
12470104;598062;Bystøice;;;;;16926;Bystøice;;;è.p.;1025;;;73995;440196.18;1125470.06;2013-11-29T00:00:00
12470112;598062;Bystøice;;;;;16926;Bystøice;;;è.p.;1026;;;73995;439332.62;1127598.21;2013-11-29T00:00:00
12470121;598062;Bystøice;;;;;16926;Bystøice;;;è.p.;1027;;;73995;441249.66;1126380.47;2013-11-29T00:00:00
12470139;598062;Bystøice;;;;;16926;Bystøice;;;è.p.;1028;;;73995;441331.22;1127398.72;2013-11-29T00:00:00
12470147;598062;Bystøice;;;;;16926;Bystøice;;;è.p.;1029;;;73995;440844.34;1126075.64;2013-11-29T00:00:00
12470155;598062;Bystøice;;;;;16926;Bystøice;;;è.p.;1030;;;73995;441015.84;1126006.01;2013-11-29T00:00:00
12470163;598062;Bystøice;;;;;16926;Bystøice;;;è.p.;1031;;;73995;440430.84;1125943.35;2013-11-29T00:00:00
12470171;598062;Bystøice;;;;;16926;Bystøice;;;è.p.;1032;;;73995;441456.60;1127461.32;2013-11-29T00:00:00
12470180;598062;Bystøice;;;;;16926;Bystøice;;;è.p.;1033;;;73995;440082.25;1125434.16;2013-11-29T00:00:00
12470198;598062;Bystøice;;;;;16926;Bystøice;;;è.p.;1034;;;73995;441546.94;1125375.84;2013-11-29T00:00:00
12470201;598062;Bystøice;;;;;16926;Bystøice;;;è.p.;1035;;;73995;439543.83;1126010.85;2013-11-29T00:00:00
12470210;598062;Bystøice;;;;;16926;Bystøice;;;è.p.;1036;;;73995;442025.80;1125466.63;2013-11-29T00:00:00
12470228;598062;Bystøice;;;;;16926;Bystøice;;;è.p.;1037;;;73995;440444.88;1126464.45;2020-08-10T00:00:00
12470236;598062;Bystøice;;;;;16926;Bystøice;;;è.p.;1038;;;73995;440421.44;1126493.47;2013-11-29T00:00:00
12470244;598062;Bystøice;;;;;16926;Bystøice;;;è.p.;1039;;;73995;440582.89;1125997.35;2013-11-29T00:00:00
12470252;598062;Bystøice;;;;;16926;Bystøice;;;è.p.;1040;;;73995;440568.70;1125989.11;2013-11-29T00:00:00
12470261;598062;Bystøice;;;;;16926;Bystøice;;;è.p.;1041;;;73995;440289.21;1127093.89;2013-11-29T00:00:00
12470279;598062;Bystøice;;;;;16926;Bystøice;;;è.p.;1042;;;73995;440178.39;1126406.38;2013-11-29T00:00:00
12470287;598062;Bystøice;;;;;16926;Bystøice;;;è.p.;1043;;;73995;441010.06;1125951.46;2013-11-29T00:00:00
12470295;598062;Bystøice;;;;;16926;Bystøice;;;è.p.;1044;;;73995;441864.24;1125571.59;2013-11-29T00:00:00
12470309;598062;Bystøice;;;;;16926;Bystøice;;;è.p.;1045;;;73995;441331.35;1126373.89;2013-11-29T00:00:00
12470317;598062;Bystøice;;;;;16926;Bystøice;;;è.p.;1046;;;73995;441275.57;1127248.20;2013-11-29T00:00:00
12470325;598062;Bystøice;;;;;16926;Bystøice;;;è.p.;1047;;;73995;441489.02;1127369.56;2013-11-29T00:00:00
12470333;598062;Bystøice;;;;;16926;Bystøice;;;è.p.;1048;;;73995;440727.15;1127710.79;2013-11-29T00:00:00
12470341;598062;Bystøice;;;;;16926;Bystøice;;;è.p.;1049;;;73995;441858.36;1127917.44;2013-11-29T00:00:00
12470350;598062;Bystøice;;;;;16926;Bystøice;;;è.p.;1050;;;73995;440178.82;1125752.09;2013-11-29T00:00:00
12470368;598062;Bystøice;;;;;16926;Bystøice;;;è.p.;1051;;;73995;440186.10;1125440.08;2013-11-29T00:00:00
12470376;598062;Bystøice;;;;;16926;Bystøice;;;è.p.;1052;;;73995;439920.86;1125496.11;2013-11-29T00:00:00
12470384;598062;Bystøice;;;;;16926;Bystøice;;;è.p.;1053;;;73995;439235.20;1125861.46;2013-11-29T00:00:00
12470392;598062;Bystøice;;;;;16926;Bystøice;;;è.p.;1054;;;73995;440055.62;1125431.02;2013-11-29T00:00:00
12470406;598062;Bystøice;;;;;16926;Bystøice;;;è.p.;1055;;;73995;441352.10;1127077.23;2013-11-29T00:00:00
12470414;598062;Bystøice;;;;;16926;Bystøice;;;è.p.;1056;;;73995;440832.35;1126094.45;2013-11-29T00:00:00
12470422;598062;Bystøice;;;;;16926;Bystøice;;;è.p.;1057;;;73995;441805.80;1127462.83;2013-11-29T00:00:00
12470431;598062;Bystøice;;;;;16926;Bystøice;;;è.p.;1058;;;73995;440902.84;1126638.88;2013-11-29T00:00:00
12470449;598062;Bystøice;;;;;16926;Bystøice;;;è.p.;1059;;;73995;440082.18;1125364.64;2013-11-29T00:00:00
12470457;598062;Bystøice;;;;;16926;Bystøice;;;è.p.;1060;;;73995;439306.80;1125070.33;2013-11-29T00:00:00
12470465;598062;Bystøice;;;;;16926;Bystøice;;;è.p.;1061;;;73995;440109.74;1125416.16;2013-11-29T00:00:00
12470473;598062;Bystøice;;;;;16926;Bystøice;;;è.p.;1062;;;73995;440008.55;1125578.72;2013-11-29T00:00:00
12470481;598062;Bystøice;;;;;16926;Bystøice;;;è.p.;1063;;;73995;440442.36;1126064.44;2013-11-29T00:00:00
12470490;598062;Bystøice;;;;;16926;Bystøice;;;è.p.;1064;;;73995;441486.63;1127263.52;2013-11-29T00:00:00
12470503;598062;Bystøice;;;;;16926;Bystøice;;;è.p.;1065;;;73995;441099.80;1126190.52;2013-11-29T00:00:00
12470511;598062;Bystøice;;;;;16926;Bystøice;;;è.p.;1066;;;73995;441246.52;1125684.69;2013-11-29T00:00:00
12470520;598062;Bystøice;;;;;16926;Bystøice;;;è.p.;1067;;;73995;441887.86;1127556.17;2013-11-29T00:00:00
12470538;598062;Bystøice;;;;;16926;Bystøice;;;è.p.;1068;;;73995;440242.83;1125840.85;2013-11-29T00:00:00
12470546;598062;Bystøice;;;;;16926;Bystøice;;;è.p.;1069;;;73995;439031.84;1124980.99;2013-11-29T00:00:00
12470554;598062;Bystøice;;;;;16926;Bystøice;;;è.p.;1070;;;73995;440033.99;1125493.87;2013-11-29T00:00:00
12470562;598062;Bystøice;;;;;16926;Bystøice;;;è.p.;1071;;;73995;438345.48;1127540.57;2013-11-29T00:00:00
12470571;598062;Bystøice;;;;;16926;Bystøice;;;è.p.;1072;;;73995;440285.46;1126339.78;2013-11-29T00:00:00
12470589;598062;Bystøice;;;;;16926;Bystøice;;;è.p.;1073;;;73995;439430.91;1124895.12;2013-11-29T00:00:00
12470597;598062;Bystøice;;;;;16926;Bystøice;;;è.p.;1074;;;73995;440147.60;1125428.79;2013-11-29T00:00:00
12470601;598062;Bystøice;;;;;16926;Bystøice;;;è.p.;1075;;;73995;440187.51;1125716.08;2013-11-29T00:00:00
12470619;598062;Bystøice;;;;;16926;Bystøice;;;è.p.;1076;;;73995;440222.07;1126359.54;2013-11-29T00:00:00
12470627;598062;Bystøice;;;;;16926;Bystøice;;;è.p.;1077;;;73995;440158.02;1125457.23;2013-11-29T00:00:00
12470635;598062;Bystøice;;;;;16926;Bystøice;;;è.p.;1078;;;73995;440130.59;1126223.27;2013-11-29T00:00:00
12470643;598062;Bystøice;;;;;16926;Bystøice;;;è.p.;1079;;;73995;440456.24;1126493.11;2013-11-29T00:00:00
12470651;598062;Bystøice;;;;;16926;Bystøice;;;è.p.;1080;;;73995;440095.30;1125538.31;2013-11-29T00:00:00
12470660;598062;Bystøice;;;;;16926;Bystøice;;;è.p.;1081;;;73995;441238.43;1125991.62;2013-11-29T00:00:00
12470678;598062;Bystøice;;;;;16926;Bystøice;;;è.p.;1082;;;73995;439897.08;1125478.23;2013-11-29T00:00:00
12470686;598062;Bystøice;;;;;16926;Bystøice;;;è.p.;1083;;;73995;440198.28;1125736.22;2013-11-29T00:00:00
12470694;598062;Bystøice;;;;;16926;Bystøice;;;è.p.;1084;;;73995;440992.79;1126013.44;2013-11-29T00:00:00
12470708;598062;Bystøice;;;;;16926;Bystøice;;;è.p.;1085;;;73995;441353.86;1127325.59;2013-11-29T00:00:00
12470716;598062;Bystøice;;;;;16926;Bystøice;;;è.p.;1086;;;73995;441563.78;1127426.32;2013-11-29T00:00:00
12470724;598062;Bystøice;;;;;16926;Bystøice;;;è.p.;1087;;;73995;440315.20;1126468.69;2013-11-29T00:00:00
12470732;598062;Bystøice;;;;;16926;Bystøice;;;è.p.;1088;;;73995;441961.88;1128055.77;2013-11-29T00:00:00
12470741;598062;Bystøice;;;;;16926;Bystøice;;;è.p.;1089;;;73995;440206.44;1125851.79;2013-11-29T00:00:00
12470759;598062;Bystøice;;;;;16926;Bystøice;;;è.p.;1090;;;73995;440149.21;1125562.82;2013-11-29T00:00:00
12470767;598062;Bystøice;;;;;16926;Bystøice;;;è.p.;1091;;;73995;440219.26;1125747.45;2013-11-29T00:00:00
12470775;598062;Bystøice;;;;;16926;Bystøice;;;è.p.;1092;;;73995;440303.07;1125710.72;2013-11-29T00:00:00
12470783;598062;Bystøice;;;;;16926;Bystøice;;;è.p.;1093;;;73995;440090.85;1126345.53;2013-11-29T00:00:00
12470791;598062;Bystøice;;;;;16926;Bystøice;;;è.p.;1094;;;73995;441543.99;1127601.76;2013-11-29T00:00:00
12470805;598062;Bystøice;;;;;16926;Bystøice;;;è.p.;1095;;;73995;440536.40;1126441.53;2013-11-29T00:00:00
12470813;598062;Bystøice;;;;;16926;Bystøice;;;è.p.;1096;;;73995;441043.90;1126047.58;2013-11-29T00:00:00
12470821;598062;Bystøice;;;;;16926;Bystøice;;;è.p.;1097;;;73995;441252.98;1126445.60;2013-11-29T00:00:00
12470830;598062;Bystøice;;;;;16926;Bystøice;;;è.p.;1098;;;73995;440881.58;1126316.99;2013-11-29T00:00:00
12470848;598062;Bystøice;;;;;16926;Bystøice;;;è.p.;1099;;;73995;440029.63;1125455.12;2013-11-29T00:00:00
12470856;598062;Bystøice;;;;;16926;Bystøice;;;è.p.;1100;;;73995;440290.97;1125757.28;2013-11-29T00:00:00
12470864;598062;Bystøice;;;;;16926;Bystøice;;;è.p.;1101;;;73995;440373.20;1125898.77;2013-11-29T00:00:00
12470872;598062;Bystøice;;;;;16926;Bystøice;;;è.p.;1102;;;73995;440239.07;1125898.49;2013-11-29T00:00:00
12470881;598062;Bystøice;;;;;16926;Bystøice;;;è.p.;1103;;;73995;440350.60;1125873.34;2013-11-29T00:00:00
12470899;598062;Bystøice;;;;;16926;Bystøice;;;è.p.;1104;;;73995;440323.82;1125642.02;2013-11-29T00:00:00
12470902;598062;Bystøice;;;;;16926;Bystøice;;;è.p.;1105;;;73995;440319.09;1125650.16;2013-11-29T00:00:00
12470911;598062;Bystøice;;;;;16926;Bystøice;;;è.p.;1106;;;73995;440318.52;1125660.38;2013-11-29T00:00:00
12470929;598062;Bystøice;;;;;16926;Bystøice;;;è.p.;1107;;;73995;440314.55;1125667.95;2013-11-29T00:00:00
12470937;598062;Bystøice;;;;;16926;Bystøice;;;è.p.;1108;;;73995;440313.22;1125677.42;2013-11-29T00:00:00
12470945;598062;Bystøice;;;;;16926;Bystøice;;;è.p.;1109;;;73995;440306.45;1125682.98;2025-02-27T00:00:00
12470953;598062;Bystøice;;;;;16926;Bystøice;;;è.p.;1110;;;73995;439916.16;1125432.94;2013-11-29T00:00:00
12470961;598062;Bystøice;;;;;16926;Bystøice;;;è.p.;1111;;;73995;440393.86;1126286.71;2013-11-29T00:00:00
12470970;598062;Bystøice;;;;;16926;Bystøice;;;è.p.;1112;;;73995;440384.38;1126305.73;2013-11-29T00:00:00
12470988;598062;Bystøice;;;;;16926;Bystøice;;;è.p.;1113;;;73995;440377.51;1126325.63;2013-11-29T00:00:00
12470996;598062;Bystøice;;;;;16926;Bystøice;;;è.p.;1114;;;73995;440041.50;1125448.78;2014-05-22T00:00:00
12471003;598062;Bystøice;;;;;16926;Bystøice;;;è.p.;1115;;;73995;440377.09;1125798.26;2013-11-29T00:00:00
12471011;598062;Bystøice;;;;;16926;Bystøice;;;è.p.;1116;;;73995;439920.85;1125782.38;2013-11-29T00:00:00
12471020;598062;Bystøice;;;;;16926;Bystøice;;;è.p.;1117;;;73995;440414.53;1125931.53;2013-11-29T00:00:00
12471038;598062;Bystøice;;;;;16926;Bystøice;;;è.p.;1118;;;73995;439861.09;1125368.29;2013-11-29T00:00:00
12471046;598062;Bystøice;;;;;16926;Bystøice;;;è.p.;1119;;;73995;440512.91;1126071.14;2013-11-29T00:00:00
12471054;598062;Bystøice;;;;;16926;Bystøice;;;è.p.;1120;;;73995;440391.12;1126376.00;2013-11-29T00:00:00
12471062;598062;Bystøice;;;;;16926;Bystøice;;;è.p.;1121;;;73995;441725.97;1127528.00;2013-11-29T00:00:00
12471071;598062;Bystøice;;;;;16926;Bystøice;;;è.p.;1122;;;73995;441785.14;1127456.66;2013-11-29T00:00:00
12471089;598062;Bystøice;;;;;16926;Bystøice;;;è.p.;1123;;;73995;440811.62;1126063.21;2013-11-29T00:00:00
12471097;598062;Bystøice;;;;;16926;Bystøice;;;è.p.;1124;;;73995;441211.72;1126054.89;2018-10-17T00:00:00
12471119;598062;Bystøice;;;;;16926;Bystøice;;;è.p.;1126;;;73995;441681.81;1127844.43;2013-11-29T00:00:00
12471127;598062;Bystøice;;;;;16926;Bystøice;;;è.p.;1127;;;73995;439937.07;1125507.08;2013-11-29T00:00:00
12471135;598062;Bystøice;;;;;16926;Bystøice;;;è.p.;1128;;;73995;440634.08;1126602.34;2013-11-29T00:00:00
12471143;598062;Bystøice;;;;;16926;Bystøice;;;è.p.;1129;;;73995;440462.38;1126314.59;2013-11-29T00:00:00
12471151;598062;Bystøice;;;;;16926;Bystøice;;;è.p.;1130;;;73995;440172.07;1125823.35;2013-11-29T00:00:00
12471160;598062;Bystøice;;;;;16926;Bystøice;;;è.p.;1131;;;73995;441193.38;1125671.31;2013-11-29T00:00:00
12471178;598062;Bystøice;;;;;16926;Bystøice;;;è.p.;1132;;;73995;440465.12;1125981.34;2013-11-29T00:00:00
12471186;598062;Bystøice;;;;;16926;Bystøice;;;è.p.;1133;;;73995;440046.45;1126386.69;2013-11-29T00:00:00
12471194;598062;Bystøice;;;;;16926;Bystøice;;;è.p.;1134;;;73995;440277.12;1125801.24;2013-11-29T00:00:00
12471208;598062;Bystøice;;;;;16926;Bystøice;;;è.p.;1135;;;73995;440342.45;1125808.22;2013-11-29T00:00:00
12471216;598062;Bystøice;;;;;16926;Bystøice;;;è.p.;1136;;;73995;439568.15;1125141.42;2013-11-29T00:00:00
12471224;598062;Bystøice;;;;;16926;Bystøice;;;è.p.;1137;;;73995;440398.87;1126336.66;2013-11-29T00:00:00
12471232;598062;Bystøice;;;;;16926;Bystøice;;;è.p.;1138;;;73995;440541.53;1126206.90;2013-11-29T00:00:00
12471241;598062;Bystøice;;;;;16926;Bystøice;;;è.p.;1139;;;73995;441715.09;1127612.14;2013-11-29T00:00:00
12471259;598062;Bystøice;;;;;16926;Bystøice;;;è.p.;1140;;;73995;440786.91;1126401.12;2013-11-29T00:00:00
12471267;598062;Bystøice;;;;;16926;Bystøice;;;è.p.;1141;;;73995;439143.41;1125820.47;2013-11-29T00:00:00
12471275;598062;Bystøice;;;;;16926;Bystøice;;;è.p.;1142;;;73995;439453.92;1124812.96;2013-11-29T00:00:00
12471283;598062;Bystøice;;;;;16926;Bystøice;;;è.p.;1143;;;73995;441323.10;1126324.17;2013-11-29T00:00:00
12471291;598062;Bystøice;;;;;16926;Bystøice;;;è.p.;1144;;;73995;441403.28;1127315.00;2013-11-29T00:00:00
12471305;598062;Bystøice;;;;;16926;Bystøice;;;è.p.;1145;;;73995;442018.30;1128004.78;2013-11-29T00:00:00
12471313;598062;Bystøice;;;;;16926;Bystøice;;;è.p.;1146;;;73995;441260.59;1125715.92;2013-11-29T00:00:00
12471321;598062;Bystøice;;;;;16926;Bystøice;;;è.p.;1147;;;73995;441090.68;1126670.78;2013-11-29T00:00:00
12471330;598062;Bystøice;;;;;16926;Bystøice;;;è.p.;1148;;;73995;439597.85;1125238.47;2013-11-29T00:00:00
12471348;598062;Bystøice;;;;;16926;Bystøice;;;è.p.;1149;;;73995;440966.13;1126026.42;2013-11-29T00:00:00
12471356;598062;Bystøice;;;;;16926;Bystøice;;;è.p.;1150;;;73995;440097.99;1125954.62;2013-11-29T00:00:00
12471364;598062;Bystøice;;;;;16926;Bystøice;;;è.p.;1151;;;73995;440141.33;1125758.05;2013-11-29T00:00:00
12471372;598062;Bystøice;;;;;16926;Bystøice;;;è.p.;1152;;;73995;440043.55;1126181.08;2013-11-29T00:00:00
12471381;598062;Bystøice;;;;;16926;Bystøice;;;è.p.;1153;;;73995;439994.24;1126541.80;2013-11-29T00:00:00
12471399;598062;Bystøice;;;;;16926;Bystøice;;;è.p.;1154;;;73995;440996.22;1125728.26;2013-11-29T00:00:00
12471402;598062;Bystøice;;;;;16926;Bystøice;;;è.p.;1155;;;73995;440983.24;1125744.84;2013-11-29T00:00:00
12471411;598062;Bystøice;;;;;16926;Bystøice;;;è.p.;1156;;;73995;441856.10;1128091.80;2017-09-05T00:00:00
12471429;598062;Bystøice;;;;;16926;Bystøice;;;è.p.;1157;;;73995;441303.65;1125666.17;2013-11-29T00:00:00
12471437;598062;Bystøice;;;;;16926;Bystøice;;;è.p.;1158;;;73995;441251.69;1126482.83;2013-11-29T00:00:00
12471445;598062;Bystøice;;;;;16926;Bystøice;;;è.p.;1159;;;73995;441413.65;1127296.24;2013-11-29T00:00:00
12471453;598062;Bystøice;;;;;16926;Bystøice;;;è.p.;1160;;;73995;440609.75;1125291.12;2013-11-29T00:00:00
12471461;598062;Bystøice;;;;;16926;Bystøice;;;è.p.;1161;;;73995;441923.72;1128153.47;2013-11-29T00:00:00
12471470;598062;Bystøice;;;;;16926;Bystøice;;;è.p.;1162;;;73995;440313.84;1126304.49;2013-11-29T00:00:00
12471488;598062;Bystøice;;;;;16926;Bystøice;;;è.p.;1163;;;73995;440683.75;1126116.09;2013-11-29T00:00:00
12471496;598062;Bystøice;;;;;16926;Bystøice;;;è.p.;1164;;;73995;440271.51;1126001.73;2013-11-29T00:00:00
12471500;598062;Bystøice;;;;;16926;Bystøice;;;è.p.;1165;;;73995;441623.48;1127446.89;2013-11-29T00:00:00
12471518;598062;Bystøice;;;;;16926;Bystøice;;;è.p.;1166;;;73995;440952.06;1126374.38;2013-11-29T00:00:00
12471526;598062;Bystøice;;;;;16926;Bystøice;;;è.p.;1167;;;73995;440478.77;1126489.86;2013-11-29T00:00:00
12471534;598062;Bystøice;;;;;16926;Bystøice;;;è.p.;1168;;;73995;441335.02;1125630.25;2013-11-29T00:00:00
12471542;598062;Bystøice;;;;;16926;Bystøice;;;è.p.;1169;;;73995;440618.34;1126508.56;2013-11-29T00:00:00
12471551;598062;Bystøice;;;;;16926;Bystøice;;;è.p.;1170;;;73995;441665.54;1127867.78;2013-11-29T00:00:00
12471569;598062;Bystøice;;;;;16926;Bystøice;;;è.p.;1171;;;73995;440053.52;1126454.97;2013-11-29T00:00:00
12471577;598062;Bystøice;;;;;16926;Bystøice;;;è.p.;1172;;;73995;441292.25;1127233.56;2013-11-29T00:00:00
12471585;598062;Bystøice;;;;;16926;Bystøice;;;è.p.;1173;;;73995;441299.98;1127217.18;2013-11-29T00:00:00
12471593;598062;Bystøice;;;;;16926;Bystøice;;;è.p.;1174;;;73995;440019.46;1126504.97;2013-11-29T00:00:00
12471607;598062;Bystøice;;;;;16926;Bystøice;;;è.p.;1175;;;73995;441316.03;1127183.89;2013-11-29T00:00:00
12471615;598062;Bystøice;;;;;16926;Bystøice;;;è.p.;1176;;;73995;441281.16;1127314.08;2013-11-29T00:00:00
12471623;598062;Bystøice;;;;;16926;Bystøice;;;è.p.;1177;;;73995;441261.41;1127328.64;2013-11-29T00:00:00
12471631;598062;Bystøice;;;;;16926;Bystøice;;;è.p.;1178;;;73995;441247.78;1127344.15;2013-11-29T00:00:00
12471640;598062;Bystøice;;;;;16926;Bystøice;;;è.p.;1179;;;73995;441231.04;1127358.58;2013-11-29T00:00:00
12471658;598062;Bystøice;;;;;16926;Bystøice;;;è.p.;1180;;;73995;439548.23;1125115.46;2013-11-29T00:00:00
12471666;598062;Bystøice;;;;;16926;Bystøice;;;è.p.;1181;;;73995;441018.51;1126188.10;2013-11-29T00:00:00
12471674;598062;Bystøice;;;;;16926;Bystøice;;;è.p.;1182;;;73995;439389.08;1124941.92;2013-11-29T00:00:00
12471682;598062;Bystøice;;;;;16926;Bystøice;;;è.p.;1183;;;73995;441482.49;1127566.21;2013-11-29T00:00:00
12471691;598062;Bystøice;;;;;16926;Bystøice;;;è.p.;1184;;;73995;440079.11;1125951.11;2013-11-29T00:00:00
12471704;598062;Bystøice;;;;;16926;Bystøice;;;è.p.;1185;;;73995;441798.59;1127605.19;2013-11-29T00:00:00
12471712;598062;Bystøice;;;;;16926;Bystøice;;;è.p.;1186;;;73995;441108.73;1126698.10;2013-11-29T00:00:00
12471721;598062;Bystøice;;;;;16926;Bystøice;;;è.p.;1187;;;73995;441110.87;1126690.86;2013-11-29T00:00:00
12471739;598062;Bystøice;;;;;16926;Bystøice;;;è.p.;1188;;;73995;440053.34;1125939.36;2013-11-29T00:00:00
12471747;598062;Bystøice;;;;;16926;Bystøice;;;è.p.;1189;;;73995;440148.05;1125400.05;2013-11-29T00:00:00
12471755;598062;Bystøice;;;;;16926;Bystøice;;;è.p.;1190;;;73995;439834.92;1125328.79;2013-11-29T00:00:00
12471763;598062;Bystøice;;;;;16926;Bystøice;;;è.p.;1191;;;73995;440210.48;1126218.81;2013-11-29T00:00:00
12471771;598062;Bystøice;;;;;16926;Bystøice;;;è.p.;1192;;;73995;440460.22;1125798.29;2013-11-29T00:00:00
12471780;598062;Bystøice;;;;;16926;Bystøice;;;è.p.;1193;;;73995;440940.71;1126147.26;2013-11-29T00:00:00
12471798;598062;Bystøice;;;;;16926;Bystøice;;;è.p.;1194;;;73995;442085.76;1125249.18;2013-11-29T00:00:00
12471801;598062;Bystøice;;;;;16926;Bystøice;;;è.p.;1195;;;73995;440570.28;1126368.19;2013-11-29T00:00:00
12471810;598062;Bystøice;;;;;16926;Bystøice;;;è.p.;1196;;;73995;441231.32;1125705.72;2013-11-29T00:00:00
12471828;598062;Bystøice;;;;;16926;Bystøice;;;è.p.;1197;;;73995;440432.52;1126285.19;2013-11-29T00:00:00
12471836;598062;Bystøice;;;;;16926;Bystøice;;;è.p.;1198;;;73995;441647.23;1126275.05;2013-11-29T00:00:00
12471844;598062;Bystøice;;;;;16926;Bystøice;;;è.p.;1199;;;73995;441370.96;1125715.45;2013-11-29T00:00:00
12471852;598062;Bystøice;;;;;16926;Bystøice;;;è.p.;1200;;;73995;439147.00;1125488.85;2013-11-29T00:00:00
12471861;598062;Bystøice;;;;;16926;Bystøice;;;è.p.;1201;;;73995;441117.07;1127373.96;2013-11-29T00:00:00
12471879;598062;Bystøice;;;;;16926;Bystøice;;;è.p.;1202;;;73995;440112.11;1125970.80;2024-08-20T00:00:00
12471887;598062;Bystøice;;;;;16926;Bystøice;;;è.p.;1203;;;73995;440372.16;1126217.59;2025-10-08T00:00:00
12471895;598062;Bystøice;;;;;16926;Bystøice;;;è.p.;1204;;;73995;439772.45;1126631.79;2013-11-29T00:00:00
12471909;598062;Bystøice;;;;;16926;Bystøice;;;è.p.;1205;;;73995;439863.19;1126159.20;2013-11-29T00:00:00
12471917;598062;Bystøice;;;;;16926;Bystøice;;;è.p.;1206;;;73995;441168.00;1125818.95;2013-11-29T00:00:00
12471925;598062;Bystøice;;;;;16926;Bystøice;;;è.p.;1207;;;73995;441972.71;1125249.05;2013-11-29T00:00:00
12471933;598062;Bystøice;;;;;16926;Bystøice;;;è.p.;1208;;;73995;442017.77;1125237.77;2013-11-29T00:00:00
12471941;598062;Bystøice;;;;;16926;Bystøice;;;è.p.;1209;;;73995;440549.16;1126163.97;2013-11-29T00:00:00
12471950;598062;Bystøice;;;;;16926;Bystøice;;;è.p.;1210;;;73995;439340.22;1124958.70;2013-11-29T00:00:00
12471968;598062;Bystøice;;;;;16926;Bystøice;;;è.p.;1211;;;73995;439519.85;1124850.28;2013-11-29T00:00:00
12471976;598062;Bystøice;;;;;16926;Bystøice;;;è.p.;1212;;;73995;438667.60;1124304.69;2013-11-29T00:00:00
12471984;598062;Bystøice;;;;;16926;Bystøice;;;è.p.;1213;;;73995;441250.28;1127390.79;2013-11-29T00:00:00
12471992;598062;Bystøice;;;;;16926;Bystøice;;;è.p.;1214;;;73995;439591.77;1125183.88;2013-11-29T00:00:00
12472000;598062;Bystøice;;;;;16926;Bystøice;;;è.p.;1215;;;73995;441471.05;1126148.71;2013-11-29T00:00:00
12472018;598062;Bystøice;;;;;16926;Bystøice;;;è.p.;1216;;;73995;439861.84;1125549.40;2013-11-29T00:00:00
12472026;598062;Bystøice;;;;;16926;Bystøice;;;è.p.;1217;;;73995;440047.40;1126307.98;2013-11-29T00:00:00
12472034;598062;Bystøice;;;;;16926;Bystøice;;;è.p.;1218;;;73995;442054.12;1128306.46;2013-11-29T00:00:00
12472042;598062;Bystøice;;;;;16926;Bystøice;;;è.p.;1219;;;73995;440234.35;1126394.14;2013-11-29T00:00:00
12472051;598062;Bystøice;;;;;16926;Bystøice;;;è.p.;1220;;;73995;437869.94;1127488.92;2013-11-29T00:00:00
12472069;598062;Bystøice;;;;;16926;Bystøice;;;è.p.;1221;;;73995;441659.89;1127492.01;2013-11-29T00:00:00
12472077;598062;Bystøice;;;;;16926;Bystøice;;;è.p.;1222;;;73995;441343.44;1127593.48;2013-11-29T00:00:00
12472085;598062;Bystøice;;;;;16926;Bystøice;;;è.p.;1223;;;73995;441308.13;1127201.07;2013-11-29T00:00:00
12472093;598062;Bystøice;;;;;16926;Bystøice;;;è.p.;1224;;;73995;440907.03;1126869.86;2013-11-29T00:00:00
12472107;598062;Bystøice;;;;;16926;Bystøice;;;è.p.;1225;;;73995;439742.14;1125952.61;2013-11-29T00:00:00
12472123;598062;Bystøice;;;;;16926;Bystøice;;;è.p.;1227;;;73995;441000.03;1126869.73;2017-03-28T00:00:00
12472131;598062;Bystøice;;;;;16926;Bystøice;;;è.p.;1228;;;73995;440055.71;1125360.97;2013-11-29T00:00:00
12472140;598062;Bystøice;;;;;16926;Bystøice;;;è.p.;1229;;;73995;440034.02;1125354.77;2013-11-29T00:00:00
12472158;598062;Bystøice;;;;;16926;Bystøice;;;è.p.;1230;;;73995;441000.30;1125170.16;2013-11-29T00:00:00
12472166;598062;Bystøice;;;;;16926;Bystøice;;;è.p.;1231;;;73995;439970.56;1125372.27;2013-11-29T00:00:00
12472174;598062;Bystøice;;;;;16926;Bystøice;;;è.p.;1232;;;73995;439878.27;1125461.55;2013-11-29T00:00:00
12472182;598062;Bystøice;;;;;16926;Bystøice;;;è.p.;1233;;;73995;437858.27;1127598.07;2013-11-29T00:00:00
12472191;598062;Bystøice;;;;;16926;Bystøice;;;è.p.;1234;;;73995;441479.62;1127393.11;2013-11-29T00:00:00
12472204;598062;Bystøice;;;;;16926;Bystøice;;;è.p.;1235;;;73995;439929.28;1125851.34;2013-11-29T00:00:00
12472212;598062;Bystøice;;;;;16926;Bystøice;;;è.p.;1236;;;73995;441335.03;1127102.00;2013-11-29T00:00:00
12472221;598062;Bystøice;;;;;16926;Bystøice;;;è.p.;1237;;;73995;441493.17;1127692.20;2013-11-29T00:00:00
12472239;598062;Bystøice;;;;;16926;Bystøice;;;è.p.;1238;;;73995;440938.64;1125881.52;2013-11-29T00:00:00
12472247;598062;Bystøice;;;;;16926;Bystøice;;;è.p.;1239;;;73995;438440.43;1127487.01;2013-11-29T00:00:00
12472255;598062;Bystøice;;;;;16926;Bystøice;;;è.p.;1240;;;73995;440114.84;1126975.29;2013-11-29T00:00:00
12472263;598062;Bystøice;;;;;16926;Bystøice;;;è.p.;1241;;;73995;441387.47;1125585.83;2015-08-10T00:00:00
12472271;598062;Bystøice;;;;;16926;Bystøice;;;è.p.;1242;;;73995;438707.36;1124474.94;2023-08-23T00:00:00
12472280;598062;Bystøice;;;;;16926;Bystøice;;;è.p.;1243;;;73995;438974.22;1124787.28;2013-11-29T00:00:00
12472298;598062;Bystøice;;;;;16926;Bystøice;;;è.p.;1244;;;73995;440036.96;1125474.87;2013-11-29T00:00:00
12472301;598062;Bystøice;;;;;16926;Bystøice;;;è.p.;1245;;;73995;439895.02;1126097.63;2013-11-29T00:00:00
12472310;598062;Bystøice;;;;;16926;Bystøice;;;è.p.;1246;;;73995;438153.52;1127461.61;2013-11-29T00:00:00
12472328;598062;Bystøice;;;;;16926;Bystøice;;;è.p.;1247;;;73995;441108.77;1126282.27;2013-11-29T00:00:00
12472336;598062;Bystøice;;;;;16926;Bystøice;;;è.p.;1248;;;73995;440845.39;1126133.77;2013-11-29T00:00:00
12472352;598062;Bystøice;;;;;16926;Bystøice;;;è.p.;1250;;;73995;440089.73;1125238.96;2013-11-29T00:00:00
12472361;598062;Bystøice;;;;;16926;Bystøice;;;è.p.;1251;;;73995;440352.68;1127447.37;2013-11-29T00:00:00
12472379;598062;Bystøice;;;;;16926;Bystøice;;;è.p.;1252;;;73995;439943.42;1126199.43;2013-11-29T00:00:00
12472387;598062;Bystøice;;;;;16926;Bystøice;;;è.p.;1253;;;73995;440644.06;1125336.12;2013-11-29T00:00:00
12472395;598062;Bystøice;;;;;16926;Bystøice;;;è.p.;1254;;;73995;441322.71;1127153.33;2013-11-29T00:00:00
12472409;598062;Bystøice;;;;;16926;Bystøice;;;è.p.;1255;;;73995;441268.15;1127374.99;2013-11-29T00:00:00
12472417;598062;Bystøice;;;;;16926;Bystøice;;;è.p.;1256;;;73995;439313.64;1126173.09;2013-11-29T00:00:00
12472425;598062;Bystøice;;;;;16926;Bystøice;;;è.p.;1257;;;73995;439645.45;1125193.64;2013-11-29T00:00:00
12472433;598062;Bystøice;;;;;16926;Bystøice;;;è.p.;1258;;;73995;441167.61;1125847.13;2013-11-29T00:00:00
12472441;598062;Bystøice;;;;;16926;Bystøice;;;è.p.;1259;;;73995;441599.11;1127637.04;2013-11-29T00:00:00
12472450;598062;Bystøice;;;;;16926;Bystøice;;;è.ev.;1;;;73995;441980.13;1125630.86;2013-11-29T00:00:00
12472468;598062;Bystøice;;;;;16926;Bystøice;;;è.ev.;2;;;73995;442014.22;1128214.15;2013-11-29T00:00:00
12472484;598062;Bystøice;;;;;16926;Bystøice;;;è.ev.;4;;;73995;440016.81;1126640.23;2013-11-29T00:00:00
12472492;598062;Bystøice;;;;;16926;Bystøice;;;è.ev.;5;;;73995;438658.04;1127828.99;2013-11-29T00:00:00
12472506;598062;Bystøice;;;;;16926;Bystøice;;;è.ev.;6;;;73995;438778.15;1126328.80;2013-11-29T00:00:00
12472514;598062;Bystøice;;;;;16926;Bystøice;;;è.ev.;7;;;73995;442016.68;1128508.55;2013-11-29T00:00:00
12472522;598062;Bystøice;;;;;16926;Bystøice;;;è.ev.;8;;;73995;437172.73;1127572.63;2013-11-29T00:00:00
12472531;598062;Bystøice;;;;;16926;Bystøice;;;è.ev.;9;;;73995;437741.76;1127441.64;2013-11-29T00:00:00
12472549;598062;Bystøice;;;;;16926;Bystøice;;;è.ev.;10;;;73995;441782.02;1127913.21;2013-11-29T00:00:00
12472557;598062;Bystøice;;;;;16926;Bystøice;;;è.p.;1584;;;73995;440196.06;1124960.20;2021-04-26T00:00:00
12472565;598062;Bystøice;;;;;16926;Bystøice;;;è.ev.;12;;;73995;437758.54;1126721.39;2013-11-29T00:00:00
12472573;598062;Bystøice;;;;;16926;Bystøice;;;è.ev.;13;;;73995;441650.78;1126226.08;2013-11-29T00:00:00
12472581;598062;Bystøice;;;;;16926;Bystøice;;;è.ev.;14;;;73995;438898.19;1127039.19;2013-11-29T00:00:00
12472590;598062;Bystøice;;;;;16926;Bystøice;;;è.ev.;15;;;73995;440187.33;1125964.88;2013-11-29T00:00:00
12472611;598062;Bystøice;;;;;16926;Bystøice;;;è.ev.;17;;;73995;439467.35;1127036.83;2013-11-29T00:00:00
12472646;598062;Bystøice;;;;;16926;Bystøice;;;è.ev.;20;;;73995;437697.88;1127597.53;2013-11-29T00:00:00
12472654;598062;Bystøice;;;;;16926;Bystøice;;;è.ev.;21;;;73995;438022.20;1127094.17;2013-11-29T00:00:00
12472662;598062;Bystøice;;;;;16926;Bystøice;;;è.ev.;22;;;73995;440165.99;1125943.89;2013-11-29T00:00:00
12472671;598062;Bystøice;;;;;16926;Bystøice;;;è.ev.;23;;;73995;441298.91;1127421.65;2013-11-29T00:00:00
12472689;598062;Bystøice;;;;;16926;Bystøice;;;è.ev.;24;;;73995;440845.49;1127210.04;2013-11-29T00:00:00
12472697;598062;Bystøice;;;;;16926;Bystøice;;;è.ev.;25;;;73995;437528.03;1127264.96;2013-11-29T00:00:00
12472701;598062;Bystøice;;;;;16926;Bystøice;;;è.ev.;26;;;73995;437489.28;1127174.85;2013-11-29T00:00:00
12472735;598062;Bystøice;;;;;16926;Bystøice;;;è.ev.;29;;;73995;438142.66;1127500.16;2013-11-29T00:00:00
12472751;598062;Bystøice;;;;;16926;Bystøice;;;è.ev.;31;;;73995;441373.35;1127907.89;2013-11-29T00:00:00
12472760;598062;Bystøice;;;;;16926;Bystøice;;;è.ev.;32;;;73995;437616.29;1126792.92;2013-11-29T00:00:00
12472786;598062;Bystøice;;;;;16926;Bystøice;;;è.ev.;34;;;73995;441760.00;1127615.00;2013-11-29T00:00:00
12472808;598062;Bystøice;;;;;16926;Bystøice;;;è.ev.;36;;;73995;441379.58;1125768.76;2013-11-29T00:00:00
24967301;598062;Bystøice;;;;;16926;Bystøice;;;è.p.;1260;;;73995;440919.15;1126940.37;2013-11-29T00:00:00
24967319;598062;Bystøice;;;;;16926;Bystøice;;;è.p.;1261;;;73995;440834.37;1127007.73;2013-11-29T00:00:00
24967327;598062;Bystøice;;;;;16926;Bystøice;;;è.p.;1262;;;73995;440140.20;1125198.45;2013-11-29T00:00:00
24967343;598062;Bystøice;;;;;16926;Bystøice;;;è.p.;1264;;;73995;441189.48;1125950.48;2013-11-29T00:00:00
24967351;598062;Bystøice;;;;;16926;Bystøice;;;è.p.;1265;;;73995;441360.03;1127218.68;2013-11-29T00:00:00
24967360;598062;Bystøice;;;;;16926;Bystøice;;;è.p.;1266;;;73995;441583.34;1125687.05;2013-11-29T00:00:00
24967378;598062;Bystøice;;;;;16926;Bystøice;;;è.p.;1267;;;73995;439013.34;1125871.90;2013-11-29T00:00:00
24967386;598062;Bystøice;;;;;16926;Bystøice;;;è.p.;1268;;;73995;441153.99;1126294.58;2013-11-29T00:00:00
24967394;598062;Bystøice;;;;;16926;Bystøice;;;è.p.;1269;;;73995;441528.60;1127501.25;2013-11-29T00:00:00
24967408;598062;Bystøice;;;;;16926;Bystøice;;;è.p.;1270;;;73995;439559.68;1127081.57;2023-01-10T00:00:00
24967416;598062;Bystøice;;;;;16926;Bystøice;;;è.p.;1271;;;73995;439625.53;1125030.75;2013-11-29T00:00:00
24967424;598062;Bystøice;;;;;16926;Bystøice;;;è.p.;1272;;;73995;439676.02;1125952.68;2022-11-07T00:00:00
24967432;598062;Bystøice;;;;;16926;Bystøice;;;è.p.;1273;;;73995;440561.61;1125746.54;2013-11-29T00:00:00
24967441;598062;Bystøice;;;;;16926;Bystøice;;;è.p.;1274;;;73995;441865.51;1127762.74;2019-11-12T00:00:00
24967459;598062;Bystøice;;;;;16926;Bystøice;;;è.p.;1275;;;73995;441893.93;1127745.36;2013-11-29T00:00:00
25267779;598062;Bystøice;;;;;16926;Bystøice;;;è.p.;1286;;;73995;440578.29;1125718.81;2013-11-29T00:00:00
25288504;598062;Bystøice;;;;;16926;Bystøice;;;è.p.;1290;;;73995;439881.62;1126612.45;2013-11-29T00:00:00
25289641;598062;Bystøice;;;;;16926;Bystøice;;;è.p.;1281;;;73995;441916.41;1128287.54;2013-11-29T00:00:00
25297554;598062;Bystøice;;;;;16926;Bystøice;;;è.p.;1284;;;73995;440107.63;1125726.38;2013-11-29T00:00:00
25319353;598062;Bystøice;;;;;16926;Bystøice;;;è.p.;1294;;;73995;442002.23;1128309.42;2013-11-29T00:00:00
25323741;598062;Bystøice;;;;;16926;Bystøice;;;è.p.;1292;;;73995;440802.84;1127511.60;2013-11-29T00:00:00
25423959;598062;Bystøice;;;;;16926;Bystøice;;;è.p.;1300;;;73995;440509.10;1126279.15;2013-11-29T00:00:00
25427750;598062;Bystøice;;;;;16926;Bystøice;;;è.p.;1301;;;73995;438233.64;1127590.37;2013-11-29T00:00:00
25432231;598062;Bystøice;;;;;16926;Bystøice;;;è.p.;1279;;;73995;440300.25;1125007.76;2013-11-29T00:00:00
25436333;598062;Bystøice;;;;;16926;Bystøice;;;è.p.;1288;;;73995;440539.20;1125786.30;2013-11-29T00:00:00
25441914;598062;Bystøice;;;;;16926;Bystøice;;;è.p.;1289;;;73995;441508.63;1127758.09;2013-11-29T00:00:00
25483943;598062;Bystøice;;;;;16926;Bystøice;;;è.p.;1285;;;73995;441400.29;1125477.16;2013-11-29T00:00:00
25501381;598062;Bystøice;;;;;16926;Bystøice;;;è.p.;1276;;;73995;441806.55;1127807.90;2013-11-29T00:00:00
25501399;598062;Bystøice;;;;;16926;Bystøice;;;è.p.;1277;;;73995;439935.61;1125345.62;2013-11-29T00:00:00
25501402;598062;Bystøice;;;;;16926;Bystøice;;;è.p.;1278;;;73995;439944.52;1125321.94;2013-11-29T00:00:00
25501411;598062;Bystøice;;;;;16926;Bystøice;;;è.p.;1280;;;73995;440409.71;1126049.64;2013-11-29T00:00:00
25501429;598062;Bystøice;;;;;16926;Bystøice;;;è.p.;1282;;;73995;439986.11;1126159.23;2013-11-29T00:00:00
25501437;598062;Bystøice;;;;;16926;Bystøice;;;è.p.;1283;;;73995;441593.47;1127349.02;2013-11-29T00:00:00
25501445;598062;Bystøice;;;;;16926;Bystøice;;;è.p.;1287;;;73995;441861.51;1128315.20;2013-11-29T00:00:00
25501453;598062;Bystøice;;;;;16926;Bystøice;;;è.p.;1291;;;73995;440890.76;1125935.61;2013-11-29T00:00:00
25501461;598062;Bystøice;;;;;16926;Bystøice;;;è.p.;1293;;;73995;438814.15;1125792.56;2013-11-29T00:00:00
25501470;598062;Bystøice;;;;;16926;Bystøice;;;è.p.;1295;;;73995;441842.35;1127802.83;2013-11-29T00:00:00
25501488;598062;Bystøice;;;;;16926;Bystøice;;;è.p.;1296;;;73995;441525.64;1127734.97;2013-11-29T00:00:00
25501496;598062;Bystøice;;;;;16926;Bystøice;;;è.p.;1297;;;73995;439649.01;1126708.68;2013-11-29T00:00:00
25501500;598062;Bystøice;;;;;16926;Bystøice;;;è.p.;1298;;;73995;441973.89;1128270.42;2013-11-29T00:00:00
25501518;598062;Bystøice;;;;;16926;Bystøice;;;è.p.;1299;;;73995;439759.15;1126929.57;2013-11-29T00:00:00
25501526;598062;Bystøice;;;;;16926;Bystøice;;;è.p.;1303;;;73995;440498.27;1127507.81;2013-11-29T00:00:00
25501534;598062;Bystøice;;;;;16926;Bystøice;;;è.p.;1304;;;73995;441750.07;1127591.02;2013-11-29T00:00:00
25501542;598062;Bystøice;;;;;16926;Bystøice;;;è.p.;1305;;;73995;439529.05;1127109.59;2013-11-29T00:00:00
25565265;598062;Bystøice;;;;;16926;Bystøice;;;è.p.;1302;;;73995;441100.63;1126323.82;2013-11-29T00:00:00
25565273;598062;Bystøice;;;;;16926;Bystøice;;;è.p.;1307;;;73995;439989.33;1126278.85;2013-11-29T00:00:00
25565281;598062;Bystøice;;;;;16926;Bystøice;;;è.p.;1308;;;73995;440274.37;1126582.41;2013-11-29T00:00:00
25565290;598062;Bystøice;;;;;16926;Bystøice;;;è.p.;1309;;;73995;439813.57;1126046.19;2013-11-29T00:00:00
25565303;598062;Bystøice;;;;;16926;Bystøice;;;è.p.;1310;;;73995;440613.49;1125740.76;2013-11-29T00:00:00
25565311;598062;Bystøice;;;;;16926;Bystøice;;;è.p.;1311;;;73995;440600.40;1125768.75;2013-11-29T00:00:00
25573241;598062;Bystøice;;;;;16926;Bystøice;;;è.p.;1306;;;73995;439672.47;1127003.31;2018-06-11T00:00:00
25661493;598062;Bystøice;;;;;16926;Bystøice;;;è.p.;1313;;;73995;441741.12;1127569.63;2013-11-29T00:00:00
25860518;598062;Bystøice;;;;;16926;Bystøice;;;è.p.;1314;;;73995;441257.36;1125867.82;2013-11-29T00:00:00
25870025;598062;Bystøice;;;;;16926;Bystøice;;;è.p.;1317;;;73995;440683.03;1125818.96;2013-11-29T00:00:00
25910574;598062;Bystøice;;;;;16926;Bystøice;;;è.p.;1319;;;73995;441324.38;1127461.93;2013-11-29T00:00:00
25937316;598062;Bystøice;;;;;16926;Bystøice;;;è.p.;1326;;;73995;439663.81;1127960.87;2013-11-29T00:00:00
25979701;598062;Bystøice;;;;;16926;Bystøice;;;è.p.;1320;;;73995;439743.18;1125215.06;2013-11-29T00:00:00
26001543;598062;Bystøice;;;;;16926;Bystøice;;;è.p.;1315;;;73995;440108.09;1125094.82;2013-11-29T00:00:00
26004402;598062;Bystøice;;;;;16926;Bystøice;;;è.p.;1324;;;73995;439372.31;1125453.53;2013-11-29T00:00:00
26042193;598062;Bystøice;;;;;16926;Bystøice;;;è.p.;1331;;;73995;439431.71;1125040.01;2013-11-29T00:00:00
26056631;598062;Bystøice;;;;;16926;Bystøice;;;è.p.;1329;;;73995;441290.62;1128001.37;2013-11-29T00:00:00
26069032;598062;Bystøice;;;;;16926;Bystøice;;;è.p.;1328;;;73995;437707.59;1127461.83;2013-11-29T00:00:00
26094843;598062;Bystøice;;;;;16926;Bystøice;;;è.p.;1337;;;73995;439494.57;1125599.22;2013-11-29T00:00:00
26115671;598062;Bystøice;;;;;16926;Bystøice;;;è.p.;1335;;;73995;440550.26;1125662.85;2013-11-29T00:00:00
26134373;598062;Bystøice;;;;;16926;Bystøice;;;è.p.;1340;;;73995;441692.66;1127951.99;2013-11-29T00:00:00
26152461;598062;Bystøice;;;;;16926;Bystøice;;;è.p.;1322;;;73995;440389.30;1125046.34;2013-11-29T00:00:00
26186772;598062;Bystøice;;;;;16926;Bystøice;;;è.p.;1342;;;73995;439854.63;1126739.81;2013-11-29T00:00:00
26189071;598062;Bystøice;;;;;16926;Bystøice;;;è.p.;1350;;;73995;440689.17;1126210.17;2013-11-29T00:00:00
26200554;598062;Bystøice;;;;;16926;Bystøice;;;è.p.;1334;;;73995;439792.34;1126881.02;2013-11-29T00:00:00
26282046;598062;Bystøice;;;;;16926;Bystøice;;;è.p.;1341;;;73995;441349.02;1125527.49;2013-11-29T00:00:00
26298961;598062;Bystøice;;;;;16926;Bystøice;;;è.p.;1351;;;73995;439725.08;1126952.06;2013-11-29T00:00:00
26318121;598062;Bystøice;;;;;16926;Bystøice;;;è.p.;1318;;;73995;440434.86;1124938.34;2013-11-29T00:00:00
26318130;598062;Bystøice;;;;;16926;Bystøice;;;è.p.;1321;;;73995;439721.98;1125205.75;2013-11-29T00:00:00
26318148;598062;Bystøice;;;;;16926;Bystøice;;;è.p.;1325;;;73995;440397.49;1124995.27;2013-11-29T00:00:00
26318156;598062;Bystøice;;;;;16926;Bystøice;;;è.p.;1332;;;73995;440586.52;1125791.49;2013-11-29T00:00:00
26318164;598062;Bystøice;;;;;16926;Bystøice;;;è.p.;1333;;;73995;440334.41;1125151.47;2013-11-29T00:00:00
26318172;598062;Bystøice;;;;;16926;Bystøice;;;è.p.;1336;;;73995;438721.16;1127439.06;2013-11-29T00:00:00
26318181;598062;Bystøice;;;;;16926;Bystøice;;;è.p.;1338;;;73995;440670.31;1125629.06;2013-11-29T00:00:00
26318199;598062;Bystøice;;;;;16926;Bystøice;;;è.p.;1339;;;73995;441361.16;1127398.70;2013-11-29T00:00:00
26318202;598062;Bystøice;;;;;16926;Bystøice;;;è.p.;1344;;;73995;440551.48;1125858.18;2013-11-29T00:00:00
26318211;598062;Bystøice;;;;;16926;Bystøice;;;è.p.;1346;;;73995;439730.04;1126793.11;2013-11-29T00:00:00
26492857;598062;Bystøice;;;;;16926;Bystøice;;;è.p.;1352;;;73995;439814.64;1127274.17;2013-11-29T00:00:00
26514362;598062;Bystøice;;;;;16926;Bystøice;;;è.p.;1355;;;73995;439753.52;1126070.64;2013-11-29T00:00:00
26543362;598062;Bystøice;;;;;16926;Bystøice;;;è.p.;1353;;;73995;440454.73;1126362.89;2013-11-29T00:00:00
26553694;598062;Bystøice;;;;;16926;Bystøice;;;è.p.;1345;;;73995;440110.95;1125055.95;2013-11-29T00:00:00
26585413;598062;Bystøice;;;;;16926;Bystøice;;;è.p.;1347;;;73995;440348.02;1125211.08;2013-11-29T00:00:00
26628147;598062;Bystøice;;;;;16926;Bystøice;;;è.p.;1323;;;73995;436927.52;1127710.70;2013-11-29T00:00:00
26670381;598062;Bystøice;;;;;16926;Bystøice;;;è.p.;1363;;;73995;440572.69;1125816.99;2013-11-29T00:00:00
26696398;598062;Bystøice;;;;;16926;Bystøice;;;è.p.;1358;;;73995;438285.06;1127541.48;2013-11-29T00:00:00
26752735;598062;Bystøice;;;;;16926;Bystøice;;;è.p.;1361;;;73995;440591.38;1126887.29;2013-11-29T00:00:00
26752743;598062;Bystøice;;;;;16926;Bystøice;;;è.p.;1343;;;73995;440567.92;1125840.06;2013-11-29T00:00:00
26752751;598062;Bystøice;;;;;16926;Bystøice;;;è.p.;1327;;;73995;441756.00;1125326.96;2013-11-29T00:00:00
26752760;598062;Bystøice;;;;;16926;Bystøice;;;è.p.;1312;;;73995;440440.00;1127233.44;2013-11-29T00:00:00
27004694;598062;Bystøice;;;;;16926;Bystøice;;;è.p.;1362;;;73995;440643.70;1125676.37;2013-11-29T00:00:00
27124533;598062;Bystøice;;;;;16926;Bystøice;;;è.p.;1330;;;73995;439477.65;1124958.58;2013-11-29T00:00:00
27124541;598062;Bystøice;;;;;16926;Bystøice;;;è.p.;1349;;;73995;440118.06;1125025.64;2013-11-29T00:00:00
27143244;598062;Bystøice;;;;;16926;Bystøice;;;è.p.;1369;;;73995;439845.80;1126662.35;2013-11-29T00:00:00
27150381;598062;Bystøice;;;;;16926;Bystøice;;;è.p.;1364;;;73995;441036.10;1125323.37;2013-11-29T00:00:00
27249743;598062;Bystøice;;;;;16926;Bystøice;;;è.p.;1356;;;73995;441336.70;1125419.46;2013-11-29T00:00:00
27249794;598062;Bystøice;;;;;16926;Bystøice;;;è.p.;1360;;;73995;440900.74;1125431.80;2013-11-29T00:00:00
27267458;598062;Bystøice;;;;;16926;Bystøice;;;è.p.;1359;;;73995;440532.04;1125888.40;2013-11-29T00:00:00
27324141;598062;Bystøice;;;;;16926;Bystøice;;;è.p.;1370;;;73995;440363.29;1125517.83;2013-11-29T00:00:00
27324150;598062;Bystøice;;;;;16926;Bystøice;;;è.p.;1368;;;73995;439932.58;1126548.05;2023-05-03T00:00:00
27331253;598062;Bystøice;;;;;16926;Bystøice;;;è.p.;1367;;;73995;439784.73;1125204.46;2013-11-29T00:00:00
27358569;598062;Bystøice;;;;;16926;Bystøice;;;è.p.;1348;;;73995;440854.01;1126133.33;2013-11-29T00:00:00
27358577;598062;Bystøice;;;;;16926;Bystøice;;;è.p.;1354;;;73995;441835.47;1127595.44;2013-11-29T00:00:00
27358585;598062;Bystøice;;;;;16926;Bystøice;;;è.p.;1357;;;73995;439650.57;1126976.28;2013-11-29T00:00:00
27358593;598062;Bystøice;;;;;16926;Bystøice;;;è.p.;1365;;;73995;439959.00;1126508.00;2013-11-29T00:00:00
27358607;598062;Bystøice;;;;;16926;Bystøice;;;è.p.;1366;;;73995;439452.04;1125008.14;2013-11-29T00:00:00
27358615;598062;Bystøice;;;;;16926;Bystøice;;;è.ev.;64;;;73995;441685.60;1127879.88;2013-11-29T00:00:00
27358623;598062;Bystøice;;;;;16926;Bystøice;;;è.ev.;83;;;73995;437694.30;1127562.20;2013-11-29T00:00:00
27379680;598062;Bystøice;;;;;16926;Bystøice;;;è.p.;1316;;;73995;439864.32;1125480.74;2013-11-29T00:00:00
27379698;598062;Bystøice;;;;;16926;Bystøice;;;è.p.;1371;;;73995;440283.72;1125506.16;2013-11-29T00:00:00
27379701;598062;Bystøice;;;;;16926;Bystøice;;;è.p.;1372;;;73995;439761.63;1126863.45;2013-11-29T00:00:00
27474143;598062;Bystøice;;;;;16926;Bystøice;;;è.p.;1373;;;73995;440012.73;1125343.85;2013-11-29T00:00:00
27535061;598062;Bystøice;;;;;16926;Bystøice;;;è.p.;325;;;73995;440921.75;1126507.05;2013-11-29T00:00:00
27558410;598062;Bystøice;;;;;16926;Bystøice;;;è.p.;1378;;;73995;439502.66;1127040.01;2013-11-29T00:00:00
27558428;598062;Bystøice;;;;;16926;Bystøice;;;è.p.;1374;;;73995;440067.48;1125886.62;2013-11-29T00:00:00
27558436;598062;Bystøice;;;;;16926;Bystøice;;;è.p.;1375;;;73995;440758.08;1126504.30;2013-11-29T00:00:00
27558452;598062;Bystøice;;;;;16926;Bystøice;;;è.p.;1376;;;73995;441332.04;1127288.69;2013-11-29T00:00:00
27558461;598062;Bystøice;;;;;16926;Bystøice;;;è.p.;1377;;;73995;440979.12;1125493.89;2013-11-29T00:00:00
27573265;598062;Bystøice;;;;;16926;Bystøice;;;è.p.;1380;;;73995;440362.27;1125095.49;2013-11-29T00:00:00
27573273;598062;Bystøice;;;;;16926;Bystøice;;;è.p.;1381;;;73995;440624.69;1125716.39;2013-11-29T00:00:00
27573281;598062;Bystøice;;;;;16926;Bystøice;;;è.p.;1385;;;73995;440153.73;1125833.58;2013-11-29T00:00:00
27685519;598062;Bystøice;;;;;16926;Bystøice;;;è.p.;1382;;;73995;440541.44;1125765.74;2013-11-29T00:00:00
27685535;598062;Bystøice;;;;;16926;Bystøice;;;è.p.;1379;;;73995;440376.47;1125494.22;2013-11-29T00:00:00
27693406;598062;Bystøice;;;;;16926;Bystøice;;;è.p.;1383;;;73995;441302.40;1125571.18;2013-11-29T00:00:00
27693414;598062;Bystøice;;;;;16926;Bystøice;;;è.p.;1386;;;73995;441349.95;1127375.96;2013-11-29T00:00:00
27693422;598062;Bystøice;;;;;16926;Bystøice;;;è.p.;1388;;;73995;439181.76;1125832.71;2013-11-29T00:00:00
27693571;598062;Bystøice;;;;;16926;Bystøice;;;è.p.;1387;;;73995;440661.25;1126147.95;2013-11-29T00:00:00
27705455;598062;Bystøice;;;;;16926;Bystøice;;;è.p.;1390;;;73995;440025.15;1126248.29;2013-11-29T00:00:00
27722881;598062;Bystøice;;;;;16926;Bystøice;;;è.p.;1384;;;73995;441684.78;1125507.71;2013-11-29T00:00:00
27722899;598062;Bystøice;;;;;16926;Bystøice;;;è.p.;1389;;;73995;441261.62;1125418.35;2013-11-29T00:00:00
27754464;598062;Bystøice;;;;;16926;Bystøice;;;è.p.;1391;;;73995;440243.93;1126017.78;2013-11-29T00:00:00
27868176;598062;Bystøice;;;;;16926;Bystøice;;;è.p.;1392;;;73995;441472.45;1125316.20;2013-11-29T00:00:00
27886158;598062;Bystøice;;;;;16926;Bystøice;;;è.p.;1396;;;73995;439654.79;1124686.60;2013-11-29T00:00:00
27890945;598062;Bystøice;;;;;16926;Bystøice;;;è.p.;1393;;;73995;441863.31;1128127.45;2013-11-29T00:00:00
27890953;598062;Bystøice;;;;;16926;Bystøice;;;è.p.;1394;;;73995;440097.65;1125750.11;2013-11-29T00:00:00
27890961;598062;Bystøice;;;;;16926;Bystøice;;;è.p.;1395;;;73995;441630.12;1127793.35;2013-11-29T00:00:00
27917801;598062;Bystøice;;;;;16926;Bystøice;;;è.p.;1397;;;73995;440672.79;1127800.02;2013-11-29T00:00:00
27995704;598062;Bystøice;;;;;16926;Bystøice;;;è.p.;1398;;;73995;439959.00;1126153.00;2013-11-29T00:00:00
27995712;598062;Bystøice;;;;;16926;Bystøice;;;è.p.;1399;;;73995;440448.06;1126257.46;2023-02-23T00:00:00
27995721;598062;Bystøice;;;;;16926;Bystøice;;;è.p.;1400;;;73995;440370.00;1125553.00;2013-11-29T00:00:00
27995739;598062;Bystøice;;;;;16926;Bystøice;;;è.p.;1401;;;73995;440123.87;1125543.12;2013-11-29T00:00:00
28031148;598062;Bystøice;;;;;16926;Bystøice;;;è.p.;1402;;;73995;441271.79;1125893.82;2013-11-29T00:00:00
28031156;598062;Bystøice;;;;;16926;Bystøice;;;è.p.;1403;;;73995;441485.00;1125493.00;2013-11-29T00:00:00
28031164;598062;Bystøice;;;;;16926;Bystøice;;;è.p.;1404;;;73995;440872.00;1127494.00;2013-11-29T00:00:00
28031172;598062;Bystøice;;;;;16926;Bystøice;;;è.p.;1405;;;73995;438274.00;1127591.00;2013-11-29T00:00:00
28073134;598062;Bystøice;;;;;16926;Bystøice;;;è.p.;1406;;;73995;440642.00;1125589.00;2013-11-29T00:00:00
28098030;598062;Bystøice;;;;;16926;Bystøice;;;è.p.;1407;;;73995;441448.00;1125586.00;2013-11-29T00:00:00
28098048;598062;Bystøice;;;;;16926;Bystøice;;;è.p.;1408;;;73995;439959.51;1126632.68;2013-11-29T00:00:00
28172132;598062;Bystøice;;;;;16926;Bystøice;;;è.p.;1409;;;73995;442179.00;1124925.00;2013-11-29T00:00:00
28172141;598062;Bystøice;;;;;16926;Bystøice;;;è.p.;1410;;;73995;440047.00;1125288.00;2013-11-29T00:00:00
28192168;598062;Bystøice;;;;;16926;Bystøice;;;è.p.;174;;;73995;440695.41;1125453.34;2013-11-29T00:00:00
28235371;598062;Bystøice;;;;;16926;Bystøice;;;è.p.;1411;;;73995;440989.00;1125222.00;2013-11-29T00:00:00
28257626;598062;Bystøice;;;;;16926;Bystøice;;;è.p.;1412;;;73995;440313.00;1124825.00;2013-11-29T00:00:00
28257634;598062;Bystøice;;;;;16926;Bystøice;;;è.p.;1413;;;73995;441091.94;1125934.51;2013-11-29T00:00:00
28257642;598062;Bystøice;;;;;16926;Bystøice;;;è.p.;1414;;;73995;436647.07;1127400.00;2013-11-29T00:00:00
28269136;598062;Bystøice;;;;;16926;Bystøice;;;è.p.;1417;;;73995;440514.63;1125914.87;2013-11-29T00:00:00
28269241;598062;Bystøice;;;;;16926;Bystøice;;;è.p.;1415;;;73995;440312.10;1125503.73;2013-11-29T00:00:00
28269250;598062;Bystøice;;;;;16926;Bystøice;;;è.p.;1416;;;73995;440973.03;1125929.42;2013-11-29T00:00:00
28269268;598062;Bystøice;;;;;16926;Bystøice;;;è.p.;1418;;;73995;440031.67;1126200.55;2013-11-29T00:00:00
28269276;598062;Bystøice;;;;;16926;Bystøice;;;è.p.;1419;;;73995;440507.60;1126177.47;2013-11-29T00:00:00
28307810;598062;Bystøice;;;;;16926;Bystøice;;;è.p.;1420;;;73995;440019.68;1125914.83;2013-11-29T00:00:00
28307828;598062;Bystøice;;;;;16926;Bystøice;;;è.p.;1421;;;73995;442152.17;1128748.91;2013-11-29T00:00:00
28307836;598062;Bystøice;;;;;16926;Bystøice;;;è.p.;1422;;;73995;438693.18;1127370.32;2013-11-29T00:00:00
28307844;598062;Bystøice;;;;;16926;Bystøice;;;è.p.;1423;;;73995;439084.23;1127609.83;2013-11-29T00:00:00
28307852;598062;Bystøice;;;;;16926;Bystøice;;;è.p.;1424;;;73995;441145.71;1125677.06;2013-11-29T00:00:00
28307861;598062;Bystøice;;;;;16926;Bystøice;;;è.p.;1425;;;73995;440227.88;1125220.78;2013-11-29T00:00:00
28400631;598062;Bystøice;;;;;16926;Bystøice;;;è.p.;1430;;;73995;439827.53;1126685.73;2013-11-29T00:00:00
31197256;598062;Bystøice;;;;;16926;Bystøice;;;è.p.;1426;;;73995;442044.23;1125255.74;2022-12-20T00:00:00
40264033;598062;Bystøice;;;;;16926;Bystøice;;;è.p.;1427;;;73995;439631.01;1126370.04;2013-11-29T00:00:00
40289974;598062;Bystøice;;;;;16926;Bystøice;;;è.p.;1429;;;73995;437667.05;1127581.99;2013-11-29T00:00:00
40498581;598062;Bystøice;;;;;16926;Bystøice;;;è.p.;1441;;;73995;440901.34;1126359.25;2013-11-29T00:00:00
40544907;598062;Bystøice;;;;;16926;Bystøice;;;è.p.;1435;;;73995;439824.59;1126133.43;2013-11-29T00:00:00
40546080;598062;Bystøice;;;;;16926;Bystøice;;;è.p.;1433;;;73995;442253.06;1124927.96;2013-11-29T00:00:00
40567923;598062;Bystøice;;;;;16926;Bystøice;;;è.p.;1436;;;73995;441865.22;1125624.15;2013-11-29T00:00:00
40576400;598062;Bystøice;;;;;16926;Bystøice;;;è.p.;1437;;;73995;440220.36;1125028.96;2013-11-29T00:00:00
40877353;598062;Bystøice;;;;;16926;Bystøice;;;è.p.;1446;;;73995;439961.11;1127411.22;2013-11-29T00:00:00
40877841;598062;Bystøice;;;;;16926;Bystøice;;;è.p.;1438;;;73995;439696.32;1125051.12;2013-11-29T00:00:00
40973808;598062;Bystøice;;;;;16926;Bystøice;;;è.p.;1439;;;73995;439993.44;1125092.16;2013-11-29T00:00:00
40996409;598062;Bystøice;;;;;16926;Bystøice;;;è.p.;1445;;;73995;440885.90;1126431.19;2013-11-29T00:00:00
40999548;598062;Bystøice;;;;;16926;Bystøice;;;è.p.;1448;;;73995;439899.11;1126502.09;2013-11-29T00:00:00
41002091;598062;Bystøice;;;;;16926;Bystøice;;;è.p.;1431;;;73995;440955.48;1125861.11;2013-11-29T00:00:00
41003535;598062;Bystøice;;;;;16926;Bystøice;;;è.p.;1440;;;73995;439719.22;1126889.74;2013-11-29T00:00:00
41003683;598062;Bystøice;;;;;16926;Bystøice;;;è.p.;1442;;;73995;440251.71;1126440.77;2013-11-29T00:00:00
41008359;598062;Bystøice;;;;;16926;Bystøice;;;è.ev.;37;;;73995;439972.75;1125284.58;2013-11-29T00:00:00
41017170;598062;Bystøice;;;;;16926;Bystøice;;;è.p.;1450;;;73995;439126.75;1125721.18;2013-11-29T00:00:00
41027906;598062;Bystøice;;;;;16926;Bystøice;;;è.p.;1447;;;73995;440130.29;1126361.94;2013-11-29T00:00:00
41180569;598062;Bystøice;;;;;16926;Bystøice;;;è.p.;1449;;;73995;440333.80;1125574.93;2013-11-29T00:00:00
41180950;598062;Bystøice;;;;;16926;Bystøice;;;è.p.;1451;;;73995;440308.47;1125278.09;2013-11-29T00:00:00
41258096;598062;Bystøice;;;;;16926;Bystøice;;;è.p.;1452;;;73995;440931.82;1125512.44;2013-11-29T00:00:00
41258118;598062;Bystøice;;;;;16926;Bystøice;;;è.p.;1454;;;73995;440917.50;1125530.29;2013-11-29T00:00:00
41258223;598062;Bystøice;;;;;16926;Bystøice;;;è.p.;1457;;;73995;441048.75;1125575.52;2013-11-29T00:00:00
41261208;598062;Bystøice;;;;;16926;Bystøice;;;è.p.;1455;;;73995;440913.97;1125534.07;2013-11-29T00:00:00
41281497;598062;Bystøice;;;;;16926;Bystøice;;;è.p.;1456;;;73995;440459.14;1126228.75;2013-11-29T00:00:00
41282086;598062;Bystøice;;;;;16926;Bystøice;;;è.p.;1458;;;73995;441023.94;1125603.06;2013-11-29T00:00:00
41398726;598062;Bystøice;;;;;16926;Bystøice;;;è.p.;1453;;;73995;440928.17;1125516.36;2013-11-29T00:00:00
41422465;598062;Bystøice;;;;;16926;Bystøice;;;è.p.;1459;;;73995;439246.50;1127773.36;2013-11-29T00:00:00
41615247;598062;Bystøice;;;;;16926;Bystøice;;;è.ev.;38;;;73995;442014.79;1125354.39;2022-05-04T00:00:00
41627822;598062;Bystøice;;;;;16926;Bystøice;;;è.p.;1432;;;73995;441073.65;1126543.93;2013-11-29T00:00:00
41632451;598062;Bystøice;;;;;16926;Bystøice;;;è.p.;321;;;73995;440698.84;1125426.27;2013-11-29T00:00:00
41641914;598062;Bystøice;;;;;16926;Bystøice;;;è.p.;1460;;;73995;441017.40;1126679.80;2013-11-29T00:00:00
41667778;598062;Bystøice;;;;;16926;Bystøice;;;è.p.;1462;;;73995;441242.16;1125575.20;2013-11-29T00:00:00
41679385;598062;Bystøice;;;;;16926;Bystøice;;;è.p.;1461;;;73995;441446.58;1125621.46;2013-11-29T00:00:00
41758650;598062;Bystøice;;;;;16926;Bystøice;;;è.p.;1428;;;73995;441568.45;1126085.02;2013-11-29T00:00:00
41786114;598062;Bystøice;;;;;16926;Bystøice;;;è.p.;1463;;;73995;441355.65;1126210.33;2013-11-29T00:00:00
41802314;598062;Bystøice;;;;;16926;Bystøice;;;è.p.;1464;;;73995;440705.70;1126553.67;2013-11-29T00:00:00
42002991;598062;Bystøice;;;;;16926;Bystøice;;;è.p.;1465;;;73995;440282.93;1125336.24;2013-11-29T00:00:00
42023343;598062;Bystøice;;;;;16926;Bystøice;;;è.p.;1466;;;73995;440881.14;1125632.06;2013-11-29T00:00:00
42191939;598062;Bystøice;;;;;16926;Bystøice;;;è.p.;1443;;;73995;440825.53;1126424.84;2013-11-29T00:00:00
42209421;598062;Bystøice;;;;;16926;Bystøice;;;è.p.;1467;;;73995;441177.19;1125602.46;2013-11-29T00:00:00
42400813;598062;Bystøice;;;;;16926;Bystøice;;;è.p.;1468;;;73995;440432.87;1126216.20;2013-11-29T00:00:00
42532159;598062;Bystøice;;;;;16926;Bystøice;;;è.p.;1469;;;73995;440302.52;1125369.13;2013-11-29T00:00:00
42535395;598062;Bystøice;;;;;16926;Bystøice;;;è.p.;1470;;;73995;441011.23;1125403.14;2013-11-29T00:00:00
42596459;598062;Bystøice;;;;;16926;Bystøice;;;è.p.;1471;;;73995;439980.64;1126205.85;2013-11-29T00:00:00
42672732;598062;Bystøice;;;;;16926;Bystøice;;;è.p.;1472;;;73995;441682.48;1127656.44;2013-11-29T00:00:00
42740860;598062;Bystøice;;;;;16926;Bystøice;;;è.p.;1473;;;73995;440862.03;1125658.38;2013-11-29T00:00:00
42784972;598062;Bystøice;;;;;16926;Bystøice;;;è.p.;1474;;;73995;441618.40;1127755.67;2013-11-29T00:00:00
42792878;598062;Bystøice;;;;;16926;Bystøice;;;è.p.;1475;;;73995;440977.87;1125363.21;2013-11-29T00:00:00
42810701;598062;Bystøice;;;;;16926;Bystøice;;;è.p.;1476;;;73995;440293.11;1125308.73;2013-11-29T00:00:00
42829801;598062;Bystøice;;;;;16926;Bystøice;;;è.p.;1477;;;73995;441776.57;1127967.09;2013-11-29T00:00:00
51362635;598062;Bystøice;;;;;16926;Bystøice;;;è.p.;1478;;;73995;440848.87;1125443.86;2013-12-03T00:00:00
70518297;598062;Bystøice;;;;;16926;Bystøice;;;è.p.;1479;;;73995;441634.03;1127910.76;2013-12-19T00:00:00
70528314;598062;Bystøice;;;;;16926;Bystøice;;;è.p.;1480;;;73995;439975.35;1125165.19;2013-12-20T00:00:00
72676116;598062;Bystøice;;;;;16926;Bystøice;;;è.p.;1481;;;73995;439991.89;1125122.36;2014-05-20T00:00:00
72688521;598062;Bystøice;;;;;16926;Bystøice;;;è.p.;1434;;;73995;439716.04;1125362.82;2014-05-22T00:00:00
72772077;598062;Bystøice;;;;;16926;Bystøice;;;è.p.;1482;;;73995;439735.51;1126453.80;2014-06-16T00:00:00
72892072;598062;Bystøice;;;;;16926;Bystøice;;;è.p.;1483;;;73995;440902.24;1125482.26;2014-07-15T00:00:00
72908882;598062;Bystøice;;;;;16926;Bystøice;;;è.p.;1484;;;73995;442014.24;1128038.06;2014-07-22T00:00:00
73052469;598062;Bystøice;;;;;16926;Bystøice;;;è.p.;1485;;;73995;441703.43;1127850.61;2014-09-15T00:00:00
73154903;598062;Bystøice;;;;;16926;Bystøice;;;è.p.;1487;;;73995;442122.97;1125045.34;2014-10-24T00:00:00
73204005;598062;Bystøice;;;;;16926;Bystøice;;;è.p.;1486;;;73995;438890.10;1127349.72;2014-11-18T00:00:00
73251771;598062;Bystøice;;;;;16926;Bystøice;;;è.p.;1490;;;73995;439825.76;1126315.54;2014-12-08T00:00:00
73263826;598062;Bystøice;;;;;16926;Bystøice;;;è.p.;1489;;;73995;440004.26;1127455.94;2014-12-11T00:00:00
73373338;598062;Bystøice;;;;;16926;Bystøice;;;è.p.;1488;;;73995;441225.11;1126503.58;2015-01-26T00:00:00
73411060;598062;Bystøice;;;;;16926;Bystøice;;;è.p.;1494;;;73995;439513.43;1127733.44;2015-02-06T00:00:00
73477991;598062;Bystøice;;;;;16926;Bystøice;;;è.p.;1492;;;73995;440403.45;1125532.63;2015-03-04T00:00:00
73489964;598062;Bystøice;;;;;16926;Bystøice;;;è.p.;1491;;;73995;440337.15;1125397.02;2015-03-09T00:00:00
73561746;598062;Bystøice;;;;;16926;Bystøice;;;è.p.;1444;;;73995;441437.31;1126849.96;2015-04-01T00:00:00
73848956;598062;Bystøice;;;;;16926;Bystøice;;;è.p.;1495;;;73995;441538.86;1127269.75;2015-07-09T00:00:00
73875465;598062;Bystøice;;;;;16926;Bystøice;;;è.p.;1500;;;73995;439146.68;1127774.38;2015-07-20T00:00:00
73925136;598062;Bystøice;;;;;16926;Bystøice;;;è.p.;1497;;;73995;442076.57;1128598.42;2015-08-10T00:00:00
73946371;598062;Bystøice;;;;;16926;Bystøice;;;è.p.;1493;;;73995;440953.45;1125997.75;2015-08-10T00:00:00
73956937;598062;Bystøice;;;;;16926;Bystøice;;;è.p.;1496;;;73995;439518.68;1125094.18;2015-08-13T00:00:00
73958352;598062;Bystøice;;;;;16926;Bystøice;;;è.p.;1499;;;73995;440872.76;1125525.23;2015-08-17T00:00:00
74020285;598062;Bystøice;;;;;16926;Bystøice;;;è.p.;1498;;;73995;441790.25;1125775.70;2015-09-04T00:00:00
74290436;598062;Bystøice;;;;;16926;Bystøice;;;è.p.;1502;;;73995;439701.93;1126827.16;2015-11-27T00:00:00
74367633;598062;Bystøice;;;;;16926;Bystøice;;;è.p.;1503;;;73995;438725.69;1127298.55;2015-12-14T00:00:00
74379429;598062;Bystøice;;;;;16926;Bystøice;;;è.p.;1506;;;73995;441084.27;1126177.56;2015-12-16T00:00:00
74453513;598062;Bystøice;;;;;16926;Bystøice;;;è.p.;1507;;;73995;436672.70;1127480.79;2016-01-15T00:00:00
74505912;598062;Bystøice;;;;;16926;Bystøice;;;è.p.;1504;;;73995;441437.04;1125386.03;2016-01-27T00:00:00
74607758;598062;Bystøice;;;;;16926;Bystøice;;;è.ev.;40;;;73995;438540.72;1127570.48;2016-02-18T00:00:00
74948733;598062;Bystøice;;;;;16926;Bystøice;;;è.p.;1510;;;73995;439941.65;1125226.86;2016-05-03T00:00:00
74949586;598062;Bystøice;;;;;16926;Bystøice;;;è.p.;1508;;;73995;440354.37;1125716.11;2016-05-03T00:00:00
75042886;598062;Bystøice;;;;;16926;Bystøice;;;è.p.;1509;;;73995;440382.66;1124744.21;2016-05-26T00:00:00
75050871;598062;Bystøice;;;;;16926;Bystøice;;;è.p.;1513;;;73995;441967.34;1128150.64;2016-05-26T00:00:00
75064227;598062;Bystøice;;;;;16926;Bystøice;;;è.p.;1512;;;73995;440957.96;1125427.66;2016-06-05T00:00:00
75065401;598062;Bystøice;;;;;16926;Bystøice;;;è.p.;1511;;;73995;440960.05;1125425.28;2016-06-07T00:00:00
75143275;598062;Bystøice;;;;;16926;Bystøice;;;è.p.;1505;;;73995;440597.77;1126230.23;2016-06-27T00:00:00
75144816;598062;Bystøice;;;;;16926;Bystøice;;;è.p.;1515;;;73995;440311.68;1125849.89;2016-06-30T00:00:00
75209314;598062;Bystøice;;;;;16926;Bystøice;;;è.p.;1514;;;73995;440957.06;1125533.55;2016-07-20T00:00:00
75233738;598062;Bystøice;;;;;16926;Bystøice;;;è.p.;1516;;;73995;440995.81;1125429.52;2016-07-27T00:00:00
75325187;598062;Bystøice;;;;;16926;Bystøice;;;è.p.;1517;;;73995;439566.09;1126946.22;2016-09-08T00:00:00
75384388;598062;Bystøice;;;;;16926;Bystøice;;;è.p.;1518;;;73995;441505.06;1125486.61;2016-10-03T00:00:00
75463342;598062;Bystøice;;;;;16926;Bystøice;;;è.p.;1519;;;73995;441686.51;1127935.76;2016-10-26T00:00:00
75500779;598062;Bystøice;;;;;16926;Bystøice;;;è.p.;1501;;;73995;440985.52;1126142.25;2016-11-07T00:00:00
75552892;598062;Bystøice;;;;;16926;Bystøice;;;è.p.;1520;;;73995;441196.59;1126574.80;2016-11-21T00:00:00
75665930;598062;Bystøice;;;;;16926;Bystøice;;;è.p.;1521;;;73995;440881.67;1125506.62;2016-12-21T00:00:00
75726491;598062;Bystøice;;;;;16926;Bystøice;;;è.p.;1523;;;73995;441303.88;1127449.29;2017-01-16T00:00:00
75807882;598062;Bystøice;;;;;16926;Bystøice;;;è.p.;1524;;;73995;438744.90;1124456.10;2017-02-08T00:00:00
75918935;598062;Bystøice;;;;;16926;Bystøice;;;è.p.;1525;;;73995;440894.82;1125671.54;2017-03-14T00:00:00
75942143;598062;Bystøice;;;;;16926;Bystøice;;;è.p.;1522;;;73995;441471.17;1127481.38;2017-03-20T00:00:00
75943484;598062;Bystøice;;;;;16926;Bystøice;;;è.p.;1526;;;73995;439822.31;1125246.49;2017-03-20T00:00:00
76250539;598062;Bystøice;;;;;16926;Bystøice;;;è.p.;1527;;;73995;440051.06;1127071.13;2017-06-19T00:00:00
76309908;598062;Bystøice;;;;;16926;Bystøice;;;è.p.;1125;;;73995;441199.40;1126074.18;2018-10-17T00:00:00
76321452;598062;Bystøice;;;;;16926;Bystøice;;;è.p.;1529;;;73995;440963.32;1125325.01;2017-06-26T00:00:00
76322505;598062;Bystøice;;;;;16926;Bystøice;;;è.p.;1528;;;73995;440991.47;1125333.63;2017-06-26T00:00:00
77537254;598062;Bystøice;;;;;16926;Bystøice;;;è.p.;1531;;;73995;440862.23;1125483.55;2017-08-03T00:00:00
77543106;598062;Bystøice;;;;;16926;Bystøice;;;è.p.;1530;;;73995;440963.78;1126439.58;2017-08-03T00:00:00
77625463;598062;Bystøice;;;;;16926;Bystøice;;;è.p.;1532;;;73995;440182.47;1125328.66;2017-09-06T00:00:00
77638158;598062;Bystøice;;;;;16926;Bystøice;;;è.p.;1533;;;73995;441445.33;1125560.61;2017-09-12T00:00:00
77760085;598062;Bystøice;;;;;16926;Bystøice;;;è.p.;1537;;;73995;440526.25;1125819.78;2017-11-01T00:00:00
77801229;598062;Bystøice;;;;;16926;Bystøice;;;è.p.;1536;;;73995;440031.15;1126785.16;2017-11-23T00:00:00
77806751;598062;Bystøice;;;;;16926;Bystøice;;;è.p.;1538;;;73995;439347.14;1125705.27;2017-11-23T00:00:00
77918801;598062;Bystøice;;;;;16926;Bystøice;;;è.p.;1534;;;73995;442091.49;1128687.80;2018-01-10T00:00:00
77918835;598062;Bystøice;;;;;16926;Bystøice;;;è.p.;1535;;;73995;442068.19;1128717.31;2018-01-10T00:00:00
77976495;598062;Bystøice;;;;;16926;Bystøice;;;è.p.;1540;;;73995;440169.25;1125048.60;2018-01-31T00:00:00
78041732;598062;Bystøice;;;;;16926;Bystøice;;;è.p.;1539;;;73995;440097.62;1127003.45;2018-02-21T00:00:00
78060460;598062;Bystøice;;;;;16926;Bystøice;;;è.p.;1541;;;73995;440444.96;1125504.08;2018-02-28T00:00:00
78064058;598062;Bystøice;;;;;16926;Bystøice;;;è.p.;1542;;;73995;439536.53;1125105.45;2018-02-28T00:00:00
78091080;598062;Bystøice;;;;;16926;Bystøice;;;è.p.;1543;;;73995;440359.27;1126960.27;2018-03-08T00:00:00
78319676;598062;Bystøice;;;;;16926;Bystøice;;;è.p.;1545;;;73995;441830.77;1128119.03;2018-05-10T00:00:00
78333725;598062;Bystøice;;;;;16926;Bystøice;;;è.p.;1546;;;73995;440877.12;1125463.85;2018-05-15T00:00:00
78393990;598062;Bystøice;;;;;16926;Bystøice;;;è.p.;1544;;;73995;441200.48;1126446.71;2018-05-31T00:00:00
78556538;598062;Bystøice;;;;;16926;Bystøice;;;è.p.;1547;;;73995;440697.88;1125971.86;2018-07-27T00:00:00
78740193;598062;Bystøice;;;;;16926;Bystøice;;;è.p.;1548;;;73995;441546.96;1127288.38;2018-10-09T00:00:00
78886082;598062;Bystøice;;;;;16926;Bystøice;;;è.p.;1549;;;73995;439660.07;1127173.95;2018-11-23T00:00:00
78899648;598062;Bystøice;;;;;16926;Bystøice;;;è.p.;1550;;;73995;439537.28;1127019.23;2018-11-26T00:00:00
78938686;598062;Bystøice;;;;;16926;Bystøice;;;è.p.;1552;;;73995;440997.40;1125245.52;2018-12-03T00:00:00
78966434;598062;Bystøice;;;;;16926;Bystøice;;;è.p.;1553;;;73995;440988.36;1125273.56;2018-12-11T00:00:00
79004024;598062;Bystøice;;;;;16926;Bystøice;;;è.p.;1551;;;73995;440300.36;1126252.34;2018-12-20T00:00:00
79009611;598062;Bystøice;;;;;16926;Bystøice;;;è.p.;1555;;;73995;441174.39;1125701.83;2019-01-02T00:00:00
79172822;598062;Bystøice;;;;;16926;Bystøice;;;è.p.;1556;;;73995;439726.89;1127850.94;2019-02-26T00:00:00
79380107;598062;Bystøice;;;;;16926;Bystøice;;;è.p.;1557;;;73995;440845.27;1125502.06;2019-05-17T00:00:00
79413871;598062;Bystøice;;;;;16926;Bystøice;;;è.p.;1554;;;73995;440928.51;1125551.83;2019-05-31T00:00:00
79588093;598062;Bystøice;;;;;16926;Bystøice;;;è.p.;1558;;;73995;442016.99;1125580.85;2019-07-18T00:00:00
79867570;598062;Bystøice;;;;;16926;Bystøice;;;è.p.;1559;;;73995;440822.78;1125640.45;2019-09-10T00:00:00
79966730;598062;Bystøice;;;;;16926;Bystøice;;;è.p.;1562;;;73995;441907.75;1125456.18;2019-10-14T00:00:00
80019544;598062;Bystøice;;;;;16926;Bystøice;;;è.p.;1563;;;73995;441588.79;1125365.34;2019-11-04T00:00:00
80034632;598062;Bystøice;;;;;16926;Bystøice;;;è.p.;1564;;;73995;440558.00;1126450.73;2019-11-08T00:00:00
80055222;598062;Bystøice;;;;;16926;Bystøice;;;è.p.;1560;;;73995;441429.68;1125719.14;2019-11-14T00:00:00
80096042;598062;Bystøice;;;;;16926;Bystøice;;;è.p.;1561;;;73995;440221.48;1125588.63;2019-11-25T00:00:00
80237517;598062;Bystøice;;;;;16926;Bystøice;;;è.p.;1565;;;73995;441770.90;1127501.51;2020-01-10T00:00:00
80406793;598062;Bystøice;;;;;16926;Bystøice;;;è.p.;1567;;;73995;440499.74;1126501.42;2020-02-21T00:00:00
80590764;598062;Bystøice;;;;;16926;Bystøice;;;è.p.;1568;;;73995;441974.78;1128240.51;2020-05-07T00:00:00
80593127;598062;Bystøice;;;;;16926;Bystøice;;;è.p.;1566;;;73995;441636.31;1127739.73;2020-05-07T00:00:00
80906001;598062;Bystøice;;;;;16926;Bystøice;;;è.p.;1569;;;73995;440908.07;1125635.74;2020-07-01T00:00:00
80981496;598062;Bystøice;;;;;16926;Bystøice;;;è.p.;1572;;;73995;441466.41;1126200.87;2020-07-17T00:00:00
81043163;598062;Bystøice;;;;;16926;Bystøice;;;è.p.;1581;;;73995;439854.76;1127039.79;2020-07-31T00:00:00
81112572;598062;Bystøice;;;;;16926;Bystøice;;;è.p.;1575;;;73995;440634.98;1126629.33;2020-09-02T00:00:00
81193556;598062;Bystøice;;;;;16926;Bystøice;;;è.p.;1571;;;73995;441179.87;1126632.65;2020-10-07T00:00:00
81318138;598062;Bystøice;;;;;16926;Bystøice;;;è.p.;1574;;;73995;440897.70;1125592.18;2020-11-27T00:00:00
81319533;598062;Bystøice;;;;;16926;Bystøice;;;è.ev.;41;;;73995;441906.07;1125093.91;2020-11-27T00:00:00
81342730;598062;Bystøice;;;;;16926;Bystøice;;;è.p.;1573;;;73995;440837.56;1125563.49;2020-12-07T00:00:00
81350368;598062;Bystøice;;;;;16926;Bystøice;;;è.p.;1576;;;73995;440816.17;1125476.02;2020-12-09T00:00:00
81356013;598062;Bystøice;;;;;16926;Bystøice;;;è.p.;1577;;;73995;440873.81;1126590.31;2020-12-10T00:00:00
81435509;598062;Bystøice;;;;;16926;Bystøice;;;è.p.;1578;;;73995;440801.12;1125613.64;2021-01-18T00:00:00
81463472;598062;Bystøice;;;;;16926;Bystøice;;;è.p.;1582;;;73995;440078.16;1126517.73;2021-01-29T00:00:00
81463553;598062;Bystøice;;;;;16926;Bystøice;;;è.p.;1579;;;73995;440089.48;1126483.62;2021-01-29T00:00:00
81479271;598062;Bystøice;;;;;16926;Bystøice;;;è.p.;1570;;;73995;437172.98;1128059.65;2021-02-05T00:00:00
81623933;598062;Bystøice;;;;;16926;Bystøice;;;è.p.;1583;;;73995;441310.49;1126287.09;2021-04-07T00:00:00
81655231;598062;Bystøice;;;;;16926;Bystøice;;;è.p.;1585;;;73995;440631.64;1125618.37;2021-04-16T00:00:00
81800282;598062;Bystøice;;;;;16926;Bystøice;;;è.p.;1586;;;73995;441296.66;1128036.34;2021-05-10T00:00:00
81808747;598062;Bystøice;;;;;16926;Bystøice;;;è.p.;1587;;;73995;439786.68;1125409.83;2021-05-12T00:00:00
81833067;598062;Bystøice;;;;;16926;Bystøice;;;è.p.;1588;;;73995;440863.02;1125593.24;2021-05-25T00:00:00
81835329;598062;Bystøice;;;;;16926;Bystøice;;;è.p.;1589;;;73995;441615.64;1127668.40;2021-05-25T00:00:00
81888848;598062;Bystøice;;;;;16926;Bystøice;;;è.p.;1580;;;73995;440996.38;1125291.27;2021-06-10T00:00:00
81895097;598062;Bystøice;;;;;16926;Bystøice;;;è.p.;1590;;;73995;441387.87;1125695.18;2021-06-14T00:00:00
81935307;598062;Bystøice;;;;;16926;Bystøice;;;è.p.;1591;;;73995;440120.45;1126330.48;2021-07-01T00:00:00
82052492;598062;Bystøice;;;;;16926;Bystøice;;;è.p.;1592;;;73995;442092.28;1125055.57;2021-08-27T00:00:00
82184160;598062;Bystøice;;;;;16926;Bystøice;;;è.p.;1593;;;73995;439416.57;1125865.50;2021-10-14T00:00:00
82189498;598062;Bystøice;;;;;16926;Bystøice;;;è.ev.;42;;;73995;438475.82;1127396.72;2021-10-18T00:00:00
82260877;598062;Bystøice;;;;;16926;Bystøice;;;è.p.;1594;;;73995;438696.78;1127264.39;2021-11-15T00:00:00
82426643;598062;Bystøice;;;;;16926;Bystøice;;;è.p.;1595;;;73995;439302.62;1124978.23;2022-01-03T00:00:00
82490759;598062;Bystøice;;;;;16926;Bystøice;;;è.p.;1596;;;73995;442193.54;1125053.46;2022-01-18T00:00:00
82594970;598062;Bystøice;;;;;16926;Bystøice;;;è.p.;1600;;;73995;441027.28;1125383.91;2022-01-31T00:00:00
82617503;598062;Bystøice;;;;;16926;Bystøice;;;è.p.;1597;;;73995;440852.44;1125611.86;2022-02-08T00:00:00
82829837;598062;Bystøice;;;;;16926;Bystøice;;;è.p.;1599;;;73995;440077.66;1127128.93;2022-04-11T00:00:00
82900531;598062;Bystøice;;;;;16926;Bystøice;;;è.p.;1598;;;73995;441647.98;1127770.69;2022-04-26T00:00:00
83050566;598062;Bystøice;;;;;16926;Bystøice;;;è.p.;1601;;;73995;441895.97;1125382.91;2022-06-16T00:00:00
83133321;598062;Bystøice;;;;;16926;Bystøice;;;è.p.;1602;;;73995;440596.48;1126142.43;2022-07-15T00:00:00
83211721;598062;Bystøice;;;;;16926;Bystøice;;;è.p.;1603;;;73995;440956.74;1125293.99;2022-08-12T00:00:00
83253114;598062;Bystøice;;;;;16926;Bystøice;;;è.p.;1605;;;73995;440682.51;1126512.64;2022-09-01T00:00:00
84262532;598062;Bystøice;;;;;16926;Bystøice;;;è.p.;1606;;;73995;440029.79;1125215.79;2022-11-12T00:00:00
84572671;598062;Bystøice;;;;;16926;Bystøice;;;è.p.;1608;;;73995;440486.58;1124875.90;2022-11-28T00:00:00
84590092;598062;Bystøice;;;;;16926;Bystøice;;;è.p.;1604;;;73995;441220.43;1126465.51;2022-12-05T00:00:00
84668911;598062;Bystøice;;;;;16926;Bystøice;;;è.p.;1607;;;73995;440643.77;1127782.94;2023-01-06T00:00:00
84914190;598062;Bystøice;;;;;16926;Bystøice;;;è.p.;1609;;;73995;440509.63;1126368.92;2023-02-02T00:00:00
85249645;598062;Bystøice;;;;;16926;Bystøice;;;è.p.;1610;;;73995;440976.76;1126751.46;2023-05-26T00:00:00
85249840;598062;Bystøice;;;;;16926;Bystøice;;;è.p.;1611;;;73995;440142.56;1127133.27;2023-05-26T00:00:00
85296597;598062;Bystøice;;;;;16926;Bystøice;;;è.p.;1613;;;73995;440940.87;1125370.47;2023-06-19T00:00:00
85297607;598062;Bystøice;;;;;16926;Bystøice;;;è.p.;1612;;;73995;440860.17;1126580.99;2023-06-19T00:00:00
85319031;598062;Bystøice;;;;;16926;Bystøice;;;è.p.;1614;;;73995;440570.07;1124790.15;2023-06-27T00:00:00
85333034;598062;Bystøice;;;;;16926;Bystøice;;;è.p.;1616;;;73995;441800.32;1127988.90;2023-07-04T00:00:00
85387959;598062;Bystøice;;;;;16926;Bystøice;;;è.p.;1615;;;73995;440395.16;1125709.90;2023-08-04T00:00:00
85591831;598062;Bystøice;;;;;16926;Bystøice;;;è.p.;1617;;;73995;441776.46;1127623.08;2023-09-13T00:00:00
85618306;598062;Bystøice;;;;;16926;Bystøice;;;è.p.;1618;;;73995;441473.16;1127799.06;2023-09-25T00:00:00
85766372;598062;Bystøice;;;;;16926;Bystøice;;;è.p.;1619;;;73995;440894.86;1125560.13;2023-11-20T00:00:00
85872989;598062;Bystøice;;;;;16926;Bystøice;;;è.p.;1620;;;73995;440290.55;1125633.65;2023-12-18T00:00:00
85877930;598062;Bystøice;;;;;16926;Bystøice;;;è.p.;1621;;;73995;440780.74;1125582.87;2023-12-20T00:00:00
85904503;598062;Bystøice;;;;;16926;Bystøice;;;è.p.;1622;;;73995;439884.09;1125272.14;2024-01-08T00:00:00
86367056;598062;Bystøice;;;;;16926;Bystøice;;;è.p.;1624;;;73995;440504.14;1124894.01;2024-07-22T00:00:00
86455125;598062;Bystøice;;;;;16926;Bystøice;;;è.p.;1625;;;73995;441235.82;1125855.36;2024-08-20T00:00:00
86545671;598062;Bystøice;;;;;16926;Bystøice;;;è.ev.;43;;;73995;441961.66;1125016.28;2024-10-07T00:00:00
86656317;598062;Bystøice;;;;;16926;Bystøice;;;è.p.;1627;;;73995;441370.41;1125864.10;2024-11-25T00:00:00
86747053;598062;Bystøice;;;;;16926;Bystøice;;;è.p.;1629;;;73995;440382.77;1125607.46;2025-01-20T00:00:00
86768883;598062;Bystøice;;;;;16926;Bystøice;;;è.p.;1626;;;73995;439755.88;1125604.79;2025-01-22T00:00:00
86806432;598062;Bystøice;;;;;16926;Bystøice;;;è.p.;1628;;;73995;442021.68;1128095.62;2025-02-11T00:00:00
86982915;598062;Bystøice;;;;;16926;Bystøice;;;è.p.;1630;;;73995;439993.47;1125183.00;2025-04-16T00:00:00
86994123;598062;Bystøice;;;;;16926;Bystøice;;;è.p.;1631;;;73995;439259.56;1124761.09;2025-04-24T00:00:00
86999591;598062;Bystøice;;;;;16926;Bystøice;;;è.p.;1623;;;73995;439268.23;1124742.52;2025-04-28T00:00:00
87024250;598062;Bystøice;;;;;16926;Bystøice;;;è.p.;1632;;;73995;439290.17;1124775.82;2025-05-13T00:00:00
87075521;598062;Bystøice;;;;;16926;Bystøice;;;è.p.;1633;;;73995;441390.57;1127261.47;2025-06-03T00:00:00
87132869;598062;Bystøice;;;;;16926;Bystøice;;;è.p.;1634;;;73995;441362.67;1125678.22;2025-06-23T00:00:00
87251612;598062;Bystøice;;;;;16926;Bystøice;;;è.p.;1636;;;73995;438592.45;1126786.43;2025-08-27T00:00:00
87255693;598062;Bystøice;;;;;16926;Bystøice;;;è.p.;1635;;;73995;440201.48;1125996.41;2025-09-01T00:00:00
87261332;598062;Bystøice;;;;;16926;Bystøice;;;è.p.;1637;;;73995;439612.20;1127212.12;2025-09-03T00:00:00
87270994;598062;Bystøice;;;;;16926;Bystøice;;;è.p.;1640;;;73995;439393.62;1124875.43;2025-09-11T00:00:00
87358379;598062;Bystøice;;;;;16926;Bystøice;;;è.p.;1638;;;73995;439933.62;1125404.81;2025-10-30T00:00:00
87484277;598062;Bystøice;;;;;16926;Bystøice;;;è.p.;1639;;;73995;439302.13;1124799.67;2025-12-03T00:00:00
87496887;598062;Bystøice;;;;;16926;Bystøice;;;è.p.;1641;;;73995;441184.65;1126026.07;2025-12-09T00:00:00
87536943;598062;Bystøice;;;;;16926;Bystøice;;;è.p.;1642;;;73995;441078.81;1125608.30;2025-12-22T00:00:00
87615321;598062;Bystøice;;;;;16926;Bystøice;;;è.p.;1643;;;73995;441900.64;1128324.74;2026-02-05T00:00:00
