Kód ADM;Kód obce;Název obce;Kód MOMC;Název MOMC;Kód obvodu Prahy;Název obvodu Prahy;Kód èásti obce;Název èásti obce;Kód ulice;Název ulice;Typ SO;Èíslo domovní;Èíslo orientaèní;Znak èísla orientaèního;PSÈ;Souøadnice Y;Souøadnice X;Platí Od
16385268;538833;Sulice;;;;;159425;Nechánice;1125079;K Vrchánovu;è.p.;54;;;25168;737100.24;1063361.30;2013-12-31T00:00:00
16385276;538833;Sulice;;;;;159425;Nechánice;1124218;Jílovská;è.p.;55;;;25168;736878.05;1062538.86;2013-12-31T00:00:00
16385284;538833;Sulice;;;;;159425;Nechánice;1125176;Svažitá;è.p.;56;;;25168;736969.64;1063310.29;2013-12-31T00:00:00
16385292;538833;Sulice;;;;;159425;Nechánice;1125176;Svažitá;è.p.;57;;;25168;736936.93;1063344.53;2022-12-22T00:00:00
16385306;538833;Sulice;;;;;159425;Nechánice;1125176;Svažitá;è.p.;58;;;25168;736890.61;1063341.44;2013-12-31T00:00:00
16385314;538833;Sulice;;;;;159425;Nechánice;1125176;Svažitá;è.p.;59;;;25168;736841.52;1063305.77;2013-12-31T00:00:00
16385322;538833;Sulice;;;;;159425;Nechánice;1125176;Svažitá;è.p.;60;;;25168;736851.20;1063231.51;2013-12-31T00:00:00
16385357;538833;Sulice;;;;;159425;Nechánice;1124218;Jílovská;è.p.;63;;;25168;736635.35;1062470.29;2013-12-31T00:00:00
16385365;538833;Sulice;;;;;159425;Nechánice;1125095;Nad Chvátalkou;è.p.;64;;;25168;737806.03;1063686.24;2022-10-18T00:00:00
16385373;538833;Sulice;;;;;159425;Nechánice;1125176;Svažitá;è.p.;65;;;25168;737000.31;1063263.09;2013-12-31T00:00:00
16385381;538833;Sulice;;;;;159425;Nechánice;1125079;K Vrchánovu;è.p.;66;;;25168;737029.09;1063315.93;2013-12-31T00:00:00
16385390;538833;Sulice;;;;;159425;Nechánice;1125176;Svažitá;è.p.;67;;;25168;736850.57;1063269.36;2015-02-25T00:00:00
16385403;538833;Sulice;;;;;159425;Nechánice;1125176;Svažitá;è.p.;68;;;25168;736817.87;1063231.73;2013-12-31T00:00:00
16385411;538833;Sulice;;;;;159425;Nechánice;1125176;Svažitá;è.p.;69;;;25168;736930.46;1063255.88;2013-12-31T00:00:00
16385420;538833;Sulice;;;;;159425;Nechánice;1125176;Svažitá;è.p.;70;;;25168;736833.41;1063252.50;2013-12-31T00:00:00
16385438;538833;Sulice;;;;;159425;Nechánice;1125176;Svažitá;è.p.;71;;;25168;736795.36;1063217.06;2013-12-31T00:00:00
16385446;538833;Sulice;;;;;159425;Nechánice;1125079;K Vrchánovu;è.p.;72;;;25168;737136.34;1063407.77;2023-07-26T00:00:00
16385454;538833;Sulice;;;;;159425;Nechánice;1125176;Svažitá;è.p.;73;;;25168;737083.07;1063122.57;2022-10-18T00:00:00
16385462;538833;Sulice;;;;;159425;Nechánice;1125176;Svažitá;è.p.;74;;;25168;736771.49;1063226.31;2013-12-31T00:00:00
16385471;538833;Sulice;;;;;159425;Nechánice;1125176;Svažitá;è.p.;75;;;25168;736817.20;1063271.69;2013-12-31T00:00:00
16385489;538833;Sulice;;;;;159425;Nechánice;1125176;Svažitá;è.p.;76;;;25168;736980.90;1063214.80;2013-12-31T00:00:00
16385497;538833;Sulice;;;;;159425;Nechánice;1125079;K Vrchánovu;è.p.;77;;;25168;737147.31;1063357.01;2013-12-31T00:00:00
16385501;538833;Sulice;;;;;159425;Nechánice;1125176;Svažitá;è.p.;78;;;25168;737025.04;1063215.70;2013-12-31T00:00:00
16385519;538833;Sulice;;;;;159425;Nechánice;1124218;Jílovská;è.p.;79;;;25168;737320.36;1062902.78;2013-12-31T00:00:00
16385527;538833;Sulice;;;;;159425;Nechánice;1125176;Svažitá;è.p.;80;;;25168;737055.80;1063170.55;2023-02-06T00:00:00
16385535;538833;Sulice;;;;;159425;Nechánice;1124218;Jílovská;è.p.;81;;;25168;737377.97;1062847.87;2024-01-09T00:00:00
16385543;538833;Sulice;;;;;159425;Nechánice;1125176;Svažitá;è.p.;82;;;25168;736905.92;1063283.42;2013-12-31T00:00:00
16385551;538833;Sulice;;;;;159425;Nechánice;1125079;K Vrchánovu;è.p.;83;;;25168;736986.75;1063305.18;2023-01-19T00:00:00
16385560;538833;Sulice;;;;;159425;Nechánice;1125176;Svažitá;è.p.;84;;;25168;737026.72;1063239.69;2013-12-31T00:00:00
16385578;538833;Sulice;;;;;159425;Nechánice;1125079;K Vrchánovu;è.p.;85;;;25168;737069.85;1063371.91;2013-12-31T00:00:00
16385586;538833;Sulice;;;;;159425;Nechánice;1125176;Svažitá;è.p.;163;;;25168;737050.62;1063196.39;2013-12-31T00:00:00
16385594;538833;Sulice;;;;;159425;Nechánice;1125176;Svažitá;è.p.;164;;;25168;736975.29;1063239.33;2023-07-11T00:00:00
16385608;538833;Sulice;;;;;159425;Nechánice;1125079;K Vrchánovu;è.p.;165;;;25168;737113.53;1063405.32;2013-12-31T00:00:00
16385616;538833;Sulice;;;;;159425;Nechánice;1125176;Svažitá;è.p.;178;;;25168;736962.21;1063269.43;2013-12-31T00:00:00
16385624;538833;Sulice;;;;;159425;Nechánice;1125176;Svažitá;è.p.;182;;;25168;737159.71;1063000.40;2013-12-31T00:00:00
16385632;538833;Sulice;;;;;159425;Nechánice;1125079;K Vrchánovu;è.p.;211;;;25168;737120.28;1063371.01;2013-12-31T00:00:00
16385641;538833;Sulice;;;;;159425;Nechánice;1125079;K Vrchánovu;è.p.;212;;;25168;737027.74;1063279.36;2013-12-31T00:00:00
16385659;538833;Sulice;;;;;159425;Nechánice;1125095;Nad Chvátalkou;è.p.;218;;;25168;737087.41;1063403.29;2013-12-31T00:00:00
16385667;538833;Sulice;;;;;159425;Nechánice;1125176;Svažitá;è.p.;229;;;25168;737093.59;1063131.88;2013-12-31T00:00:00
16385675;538833;Sulice;;;;;159425;Nechánice;1125176;Svažitá;è.p.;261;;;25168;737077.57;1063166.73;2013-12-31T00:00:00
16385683;538833;Sulice;;;;;159425;Nechánice;1125095;Nad Chvátalkou;è.p.;262;;;25168;737356.00;1063532.87;2013-12-31T00:00:00
16385691;538833;Sulice;;;;;159425;Nechánice;1125095;Nad Chvátalkou;è.p.;263;;;25168;737411.89;1063569.09;2013-12-31T00:00:00
16385730;538833;Sulice;;;;;159425;Nechánice;1125176;Svažitá;è.ev.;5;;;25168;737147.37;1062940.25;2015-12-09T00:00:00
16385756;538833;Sulice;;;;;159425;Nechánice;1125176;Svažitá;è.ev.;7;;;25168;737156.30;1062974.95;2013-12-31T00:00:00
16385764;538833;Sulice;;;;;159425;Nechánice;1125176;Svažitá;è.ev.;8;;;25168;737144.47;1062961.31;2013-12-31T00:00:00
16385772;538833;Sulice;;;;;159425;Nechánice;1125176;Svažitá;è.ev.;10;;;25168;737103.25;1063082.06;2013-12-31T00:00:00
16385781;538833;Sulice;;;;;159425;Nechánice;1125095;Nad Chvátalkou;è.ev.;11;;;25168;737812.72;1063711.10;2022-10-18T00:00:00
16385799;538833;Sulice;;;;;159425;Nechánice;1125176;Svažitá;è.ev.;14;;;25168;737119.97;1063051.79;2015-07-03T00:00:00
16385802;538833;Sulice;;;;;159425;Nechánice;1125176;Svažitá;è.ev.;15;;;25168;737147.21;1062871.26;2013-12-31T00:00:00
16385811;538833;Sulice;;;;;159425;Nechánice;1125150;Zahradní;è.ev.;16;;;25168;737025.94;1063546.40;2013-12-31T00:00:00
16385829;538833;Sulice;;;;;159425;Nechánice;1125176;Svažitá;è.ev.;40;;;25168;736861.78;1063300.87;2015-02-25T00:00:00
16385837;538833;Sulice;;;;;159433;Sulice;1123955;K Návsi;è.p.;1;;;25168;735593.02;1062182.83;2014-01-07T00:00:00
16385845;538833;Sulice;;;;;159433;Sulice;1123912;Sulická náves;è.p.;2;;;25168;735532.54;1062118.42;2014-01-07T00:00:00
16385853;538833;Sulice;;;;;159433;Sulice;1123912;Sulická náves;è.p.;3;;;25168;735534.44;1062088.55;2014-01-07T00:00:00
16385861;538833;Sulice;;;;;159433;Sulice;1123912;Sulická náves;è.p.;4;;;25168;735576.23;1062098.92;2014-01-07T00:00:00
16385870;538833;Sulice;;;;;159433;Sulice;1123912;Sulická náves;è.p.;5;;;25168;735601.75;1062091.23;2022-12-13T00:00:00
16385888;538833;Sulice;;;;;159433;Sulice;1123912;Sulická náves;è.p.;6;;;25168;735614.03;1062104.51;2014-01-07T00:00:00
16385896;538833;Sulice;;;;;159433;Sulice;1123955;K Návsi;è.p.;7;;;25168;735661.97;1062019.97;2014-01-07T00:00:00
16385900;538833;Sulice;;;;;159433;Sulice;1123955;K Návsi;è.p.;8;;;25168;735688.90;1062026.43;2014-01-07T00:00:00
16385918;538833;Sulice;;;;;159433;Sulice;1123955;K Návsi;è.p.;9;;;25168;735682.70;1062004.79;2022-12-19T00:00:00
16385926;538833;Sulice;;;;;159433;Sulice;1123955;K Návsi;è.p.;10;;;25168;735733.10;1062021.44;2015-10-12T00:00:00
16385934;538833;Sulice;;;;;159433;Sulice;1123955;K Návsi;è.p.;11;;;25168;735674.12;1062071.59;2014-01-07T00:00:00
16385942;538833;Sulice;;;;;159433;Sulice;1123955;K Návsi;è.p.;12;;;25168;735650.62;1062106.58;2022-05-20T00:00:00
16385951;538833;Sulice;;;;;159433;Sulice;1123955;K Návsi;è.p.;13;;;25168;735686.05;1062103.54;2022-10-03T00:00:00
16385969;538833;Sulice;;;;;159433;Sulice;1124170;U Rybníka;è.p.;14;;;25168;735720.00;1062068.79;2022-10-18T00:00:00
16385977;538833;Sulice;;;;;159433;Sulice;1124170;U Rybníka;è.p.;15;;;25168;735772.15;1062097.67;2014-01-07T00:00:00
16385985;538833;Sulice;;;;;159433;Sulice;1124137;Na Rozcestí;è.p.;16;;;25168;735657.84;1061934.12;2014-01-07T00:00:00
16385993;538833;Sulice;;;;;159433;Sulice;1123955;K Návsi;è.p.;17;;;25168;735605.09;1062301.23;2014-01-07T00:00:00
16386001;538833;Sulice;;;;;159433;Sulice;1123955;K Návsi;è.p.;18;;;25168;735658.38;1062189.20;2025-06-03T00:00:00
16386019;538833;Sulice;;;;;159433;Sulice;1123955;K Návsi;è.p.;19;;;25168;735636.20;1062263.66;2014-01-07T00:00:00
16386027;538833;Sulice;;;;;320901;Hluboèinka;1124293;Hlavní;è.p.;20;;;25168;735309.81;1061322.70;2013-12-31T00:00:00
16386035;538833;Sulice;;;;;159433;Sulice;1123955;K Návsi;è.p.;21;;;25168;735686.39;1061981.30;2014-01-07T00:00:00
16386043;538833;Sulice;;;;;159433;Sulice;1123955;K Návsi;è.p.;22;;;25168;735673.73;1061955.02;2014-01-23T00:00:00
16386051;538833;Sulice;;;;;159433;Sulice;1123955;K Návsi;è.p.;23;;;25168;735688.24;1061935.58;2014-01-07T00:00:00
16386060;538833;Sulice;;;;;320901;Hluboèinka;1125516;Úvozová;è.p.;24;;;25168;735202.93;1061384.02;2013-12-31T00:00:00
16386078;538833;Sulice;;;;;320901;Hluboèinka;1124293;Hlavní;è.p.;25;;;25168;735343.28;1061321.97;2013-12-31T00:00:00
16386086;538833;Sulice;;;;;159433;Sulice;1124137;Na Rozcestí;è.p.;26;;;25168;735656.16;1061968.72;2024-07-24T00:00:00
16386094;538833;Sulice;;;;;320901;Hluboèinka;1124293;Hlavní;è.p.;27;;;25168;735226.63;1061396.25;2013-12-31T00:00:00
16386108;538833;Sulice;;;;;159433;Sulice;1123912;Sulická náves;è.p.;28;;;25168;735648.45;1062151.44;2014-01-07T00:00:00
16386116;538833;Sulice;;;;;320901;Hluboèinka;1125516;Úvozová;è.p.;29;;;25168;735265.26;1061340.14;2013-12-31T00:00:00
16386124;538833;Sulice;;;;;159433;Sulice;1123955;K Návsi;è.p.;30;;;25168;735653.62;1062007.07;2014-01-07T00:00:00
16386132;538833;Sulice;;;;;159433;Sulice;1123955;K Návsi;è.p.;31;;;25168;735671.26;1062055.34;2014-01-07T00:00:00
16386141;538833;Sulice;;;;;159433;Sulice;1123912;Sulická náves;è.p.;32;;;25168;735629.07;1062094.29;2014-01-07T00:00:00
16386159;538833;Sulice;;;;;159433;Sulice;1123955;K Návsi;è.p.;33;;;25168;735604.36;1062219.22;2014-01-07T00:00:00
16386167;538833;Sulice;;;;;159433;Sulice;1124137;Na Rozcestí;è.p.;34;;;25168;735657.37;1061914.64;2014-01-07T00:00:00
16386175;538833;Sulice;;;;;159433;Sulice;1124137;Na Rozcestí;è.p.;35;;;25168;735677.03;1061881.06;2023-03-28T00:00:00
16386183;538833;Sulice;;;;;320901;Hluboèinka;1124293;Hlavní;è.p.;36;;;25168;735131.46;1061509.48;2022-10-18T00:00:00
16386191;538833;Sulice;;;;;159433;Sulice;1124196;Sulická;è.p.;37;;;25168;735592.32;1062396.59;2014-01-07T00:00:00
16386205;538833;Sulice;;;;;159433;Sulice;1124196;Sulická;è.p.;38;;;25168;735626.66;1062400.22;2014-01-07T00:00:00
16386213;538833;Sulice;;;;;159433;Sulice;1124196;Sulická;è.p.;39;;;25168;735589.66;1062479.75;2014-01-07T00:00:00
16386221;538833;Sulice;;;;;159433;Sulice;1124196;Sulická;è.p.;40;;;25168;735735.41;1062424.01;2014-01-07T00:00:00
16386230;538833;Sulice;;;;;159433;Sulice;1124196;Sulická;è.p.;41;;;25168;735571.29;1062364.34;2014-01-07T00:00:00
16386248;538833;Sulice;;;;;159433;Sulice;1124196;Sulická;è.p.;42;;;25168;735583.05;1062366.30;2014-01-07T00:00:00
16386256;538833;Sulice;;;;;159433;Sulice;1124196;Sulická;è.p.;43;;;25168;735599.21;1062367.53;2014-01-07T00:00:00
16386264;538833;Sulice;;;;;159433;Sulice;1124196;Sulická;è.p.;44;;;25168;735683.73;1062415.21;2023-09-14T00:00:00
16386272;538833;Sulice;;;;;320901;Hluboèinka;1124293;Hlavní;è.p.;45;;;25168;735528.40;1060996.17;2013-12-31T00:00:00
16386281;538833;Sulice;;;;;159433;Sulice;1124218;Jílovská;è.p.;46;;;25168;735543.86;1062510.20;2014-01-07T00:00:00
16386299;538833;Sulice;;;;;159433;Sulice;1123912;Sulická náves;è.p.;47;;;25168;735562.33;1062091.90;2014-01-07T00:00:00
16386302;538833;Sulice;;;;;159433;Sulice;1123955;K Návsi;è.p.;48;;;25168;735712.02;1062010.89;2014-01-07T00:00:00
16386311;538833;Sulice;;;;;320901;Hluboèinka;1125559;Toèitá;è.p.;49;;;25168;735125.85;1061664.61;2023-03-24T00:00:00
16386337;538833;Sulice;;;;;320901;Hluboèinka;1124293;Hlavní;è.p.;51;;;25168;735512.96;1060898.83;2023-05-23T00:00:00
16386345;538833;Sulice;;;;;159433;Sulice;1124196;Sulická;è.p.;52;;;25168;735646.25;1062403.87;2014-01-07T00:00:00
16386353;538833;Sulice;;;;;320901;Hluboèinka;1124293;Hlavní;è.p.;53;;;25168;735541.75;1060870.26;2013-12-31T00:00:00
16386361;538833;Sulice;;;;;159433;Sulice;1123955;K Návsi;è.p.;147;;;25168;735543.86;1062330.94;2014-01-07T00:00:00
16386370;538833;Sulice;;;;;159433;Sulice;1124196;Sulická;è.p.;172;;;25168;735692.25;1062362.52;2014-01-07T00:00:00
16386388;538833;Sulice;;;;;159433;Sulice;1123955;K Návsi;è.p.;180;;;25168;735729.73;1061955.35;2014-01-07T00:00:00
16386396;538833;Sulice;;;;;159433;Sulice;1124196;Sulická;è.p.;213;;;25168;735736.14;1062376.62;2014-01-07T00:00:00
16386400;538833;Sulice;;;;;159433;Sulice;1124196;Sulická;è.p.;214;;;25168;735620.28;1062351.57;2023-03-24T00:00:00
16386418;538833;Sulice;;;;;159433;Sulice;1123955;K Návsi;è.p.;215;;;25168;735567.51;1062302.76;2014-01-07T00:00:00
16386426;538833;Sulice;;;;;159433;Sulice;1123955;K Návsi;è.p.;216;;;25168;735595.30;1062259.98;2014-01-07T00:00:00
16386434;538833;Sulice;;;;;320901;Hluboèinka;1124293;Hlavní;è.p.;217;;;25168;735414.56;1061078.48;2013-12-31T00:00:00
16386442;538833;Sulice;;;;;320901;Hluboèinka;1124293;Hlavní;è.p.;230;;;25168;735279.03;1061373.27;2013-12-31T00:00:00
16386451;538833;Sulice;;;;;159433;Sulice;1124153;Jahodová;è.p.;231;;;25168;735577.39;1061954.14;2014-01-07T00:00:00
16386469;538833;Sulice;;;;;159433;Sulice;1124153;Jahodová;è.p.;232;;;25168;735536.28;1061949.65;2014-01-07T00:00:00
16386477;538833;Sulice;;;;;159433;Sulice;1124153;Jahodová;è.p.;266;;;25168;735522.56;1062000.68;2014-01-07T00:00:00
16386493;538833;Sulice;;;;;159433;Sulice;1124218;Jílovská;è.p.;268;;;25168;735481.82;1062507.99;2014-01-07T00:00:00
16386507;538833;Sulice;;;;;159433;Sulice;1124251;Na Vršku;è.p.;269;;;25168;735442.18;1062534.37;2014-01-07T00:00:00
16386515;538833;Sulice;;;;;159433;Sulice;1124251;Na Vršku;è.p.;270;;;25168;735444.63;1062562.40;2014-01-07T00:00:00
16386540;538833;Sulice;;;;;159433;Sulice;1124251;Na Vršku;è.p.;273;;;25168;735402.99;1062523.92;2022-10-18T00:00:00
16386558;538833;Sulice;;;;;159433;Sulice;1124251;Na Vršku;è.p.;274;;;25168;735379.41;1062564.45;2014-01-07T00:00:00
16386566;538833;Sulice;;;;;159433;Sulice;1123955;K Návsi;è.p.;275;;;25168;735673.34;1062121.86;2014-01-07T00:00:00
16386574;538833;Sulice;;;;;159441;Želivec;1124391;Platanová;è.ev.;1;;;25168;734089.09;1063406.25;2013-12-31T00:00:00
16386639;538833;Sulice;;;;;159441;Želivec;1124293;Hlavní;è.p.;86;;;25168;734038.88;1063115.45;2013-12-31T00:00:00
16386647;538833;Sulice;;;;;159441;Želivec;1124293;Hlavní;è.p.;87;;;25168;734004.97;1063144.24;2013-12-31T00:00:00
16386655;538833;Sulice;;;;;159441;Želivec;1123998;Staroželivecká;è.p.;88;;;25168;733929.02;1062986.40;2014-01-23T00:00:00
16386663;538833;Sulice;;;;;159441;Želivec;1124293;Hlavní;è.p.;89;;;25168;734023.21;1062931.74;2013-12-31T00:00:00
16386671;538833;Sulice;;;;;159441;Želivec;1124315;U Zvonièky;è.p.;90;;;25168;733959.91;1062827.46;2013-12-31T00:00:00
16386680;538833;Sulice;;;;;159441;Želivec;1123998;Staroželivecká;è.p.;91;;;25168;733857.07;1062867.17;2015-04-22T00:00:00
16386698;538833;Sulice;;;;;159441;Želivec;1123998;Staroželivecká;è.p.;92;;;25168;733748.79;1062949.82;2013-12-31T00:00:00
16386701;538833;Sulice;;;;;159441;Želivec;1124391;Platanová;è.p.;93;;;25168;734010.15;1063504.99;2013-12-31T00:00:00
16386710;538833;Sulice;;;;;159441;Želivec;1124293;Hlavní;è.p.;94;;;25168;733955.18;1063298.99;2021-11-16T00:00:00
16386728;538833;Sulice;;;;;159441;Želivec;1123998;Staroželivecká;è.p.;95;;;25168;733817.34;1062711.09;2013-12-31T00:00:00
16386736;538833;Sulice;;;;;159441;Želivec;1124439;Kostelecká;è.p.;96;;;25168;734034.82;1063646.87;2013-12-31T00:00:00
16386744;538833;Sulice;;;;;159441;Želivec;1124897;Na Køížkách;è.p.;97;;;25168;734244.93;1062314.52;2025-04-15T00:00:00
16386752;538833;Sulice;;;;;159441;Želivec;1124897;Na Køížkách;è.p.;98;;;25168;734236.85;1062328.44;2013-12-31T00:00:00
16386761;538833;Sulice;;;;;159441;Želivec;1124897;Na Køížkách;è.p.;99;;;25168;734234.74;1062343.97;2013-12-31T00:00:00
16386779;538833;Sulice;;;;;159441;Želivec;1124897;Na Køížkách;è.p.;100;;;25168;734237.90;1062360.56;2013-12-31T00:00:00
16386787;538833;Sulice;;;;;159441;Želivec;1124897;Na Køížkách;è.p.;101;;;25168;734242.92;1062294.96;2023-05-15T00:00:00
16386809;538833;Sulice;;;;;159441;Želivec;1124293;Hlavní;è.p.;103;;;25168;733995.20;1063644.12;2013-12-31T00:00:00
16386825;538833;Sulice;;;;;159441;Želivec;1123998;Staroželivecká;è.p.;105;;;25168;733826.89;1062867.92;2025-08-04T00:00:00
16386833;538833;Sulice;;;;;159441;Želivec;1124293;Hlavní;è.p.;106;;;25168;734017.78;1063249.26;2013-12-31T00:00:00
16386841;538833;Sulice;;;;;159441;Želivec;1124897;Na Køížkách;è.p.;107;;;25168;734232.92;1062397.45;2013-12-31T00:00:00
16386850;538833;Sulice;;;;;159441;Želivec;1123998;Staroželivecká;è.p.;108;;;25168;733842.95;1062715.36;2025-05-30T00:00:00
16386868;538833;Sulice;;;;;159441;Želivec;1124293;Hlavní;è.p.;109;;;25168;733960.23;1063929.86;2023-02-09T00:00:00
16386876;538833;Sulice;;;;;159441;Želivec;1124293;Hlavní;è.p.;110;;;25168;733961.81;1063905.90;2013-12-31T00:00:00
16386884;538833;Sulice;;;;;159441;Želivec;1124293;Hlavní;è.p.;111;;;25168;733949.11;1063981.33;2013-12-31T00:00:00
16386892;538833;Sulice;;;;;159441;Želivec;1124293;Hlavní;è.p.;112;;;25168;733950.49;1063958.55;2022-10-18T00:00:00
16386906;538833;Sulice;;;;;159441;Želivec;1123998;Staroželivecká;è.p.;113;;;25168;733936.64;1062962.03;2018-01-23T00:00:00
16386914;538833;Sulice;;;;;159441;Želivec;1124315;U Zvonièky;è.p.;114;;;25168;733924.34;1062926.49;2013-12-31T00:00:00
16386922;538833;Sulice;;;;;159441;Želivec;1124293;Hlavní;è.p.;115;;;25168;734015.39;1063603.66;2013-12-31T00:00:00
16386931;538833;Sulice;;;;;159441;Želivec;1124293;Hlavní;è.p.;116;;;25168;733998.19;1063624.64;2013-12-31T00:00:00
16386949;538833;Sulice;;;;;159441;Želivec;1124439;Kostelecká;è.p.;117;;;25168;733998.94;1063581.67;2013-12-31T00:00:00
16386957;538833;Sulice;;;;;159441;Želivec;1124293;Hlavní;è.p.;118;;;25168;733993.71;1063853.44;2013-12-31T00:00:00
16386965;538833;Sulice;;;;;159441;Želivec;1124439;Kostelecká;è.p.;119;;;25168;734038.84;1063609.63;2015-11-18T00:00:00
16386973;538833;Sulice;;;;;159441;Želivec;1124293;Hlavní;è.p.;120;;;25168;733947.02;1063859.13;2023-11-13T00:00:00
16386981;538833;Sulice;;;;;159441;Želivec;1124498;Mezi Domky;è.p.;121;;;25168;733933.90;1063817.10;2022-10-25T00:00:00
16387007;538833;Sulice;;;;;159441;Želivec;1124536;Na Kopeèku;è.p.;123;;;25168;733956.40;1063895.66;2013-12-31T00:00:00
16387015;538833;Sulice;;;;;159441;Želivec;1124536;Na Kopeèku;è.p.;124;;;25168;733887.17;1063863.93;2022-11-11T00:00:00
16387023;538833;Sulice;;;;;159441;Želivec;1123998;Staroželivecká;è.p.;125;;;25168;733903.17;1062993.94;2013-12-31T00:00:00
16387031;538833;Sulice;;;;;159441;Želivec;1124510;Ke Skalce;è.p.;126;;;25168;733990.22;1063817.72;2013-12-31T00:00:00
16387040;538833;Sulice;;;;;159441;Želivec;1124510;Ke Skalce;è.p.;127;;;25168;734047.28;1063811.73;2013-12-31T00:00:00
16387058;538833;Sulice;;;;;159441;Želivec;1124013;Úzká;è.p.;128;;;25168;733960.27;1063391.91;2013-12-31T00:00:00
16387066;538833;Sulice;;;;;159441;Želivec;1124633;Schovaná;è.p.;129;;;25168;734049.61;1063919.00;2023-01-23T00:00:00
16387074;538833;Sulice;;;;;159441;Želivec;1124293;Hlavní;è.p.;130;;;25168;733996.95;1063904.15;2013-12-31T00:00:00
16387082;538833;Sulice;;;;;159441;Želivec;1124293;Hlavní;è.p.;131;;;25168;734034.66;1063276.60;2014-01-23T00:00:00
16387091;538833;Sulice;;;;;159441;Želivec;1124293;Hlavní;è.p.;132;;;25168;733948.82;1063419.22;2022-09-07T00:00:00
16387104;538833;Sulice;;;;;159441;Želivec;1124293;Hlavní;è.p.;133;;;25168;733997.76;1063883.53;2022-03-21T00:00:00
16387112;538833;Sulice;;;;;159441;Želivec;1124498;Mezi Domky;è.p.;134;;;25168;733870.34;1063805.87;2013-12-31T00:00:00
16387121;538833;Sulice;;;;;159441;Želivec;1124412;Štiøínská;è.p.;135;;;25168;733855.70;1063560.73;2022-10-18T00:00:00
16387139;538833;Sulice;;;;;159441;Želivec;1124536;Na Kopeèku;è.p.;136;;;25168;733921.15;1063894.61;2013-12-31T00:00:00
16387147;538833;Sulice;;;;;159441;Želivec;1124412;Štiøínská;è.p.;137;;;25168;733832.32;1063548.20;2022-12-19T00:00:00
16387155;538833;Sulice;;;;;159441;Želivec;1124510;Ke Skalce;è.p.;138;;;25168;734077.43;1063780.25;2013-12-31T00:00:00
16387163;538833;Sulice;;;;;159441;Želivec;1124293;Hlavní;è.p.;139;;;25168;734001.18;1063964.85;2013-12-31T00:00:00
16387171;538833;Sulice;;;;;159441;Želivec;1124412;Štiøínská;è.p.;140;;;25168;733961.10;1063522.59;2013-12-31T00:00:00
16387198;538833;Sulice;;;;;159441;Želivec;1124293;Hlavní;è.p.;142;;;25168;733962.73;1063469.44;2013-12-31T00:00:00
16387201;538833;Sulice;;;;;159441;Želivec;1124412;Štiøínská;è.p.;143;;;25168;733932.95;1063517.86;2022-10-18T00:00:00
16387210;538833;Sulice;;;;;159441;Želivec;1124412;Štiøínská;è.p.;144;;;25168;733903.34;1063510.29;2013-12-31T00:00:00
16387228;538833;Sulice;;;;;159441;Želivec;1124412;Štiøínská;è.p.;145;;;25168;733881.71;1063508.18;2013-12-31T00:00:00
16387236;538833;Sulice;;;;;159441;Želivec;1124293;Hlavní;è.p.;146;;;25168;733953.86;1063611.98;2013-12-31T00:00:00
16387244;538833;Sulice;;;;;159441;Želivec;1123998;Staroželivecká;è.p.;148;;;25168;733783.80;1062922.72;2013-12-31T00:00:00
16387252;538833;Sulice;;;;;159441;Želivec;1124633;Schovaná;è.p.;149;;;25168;734098.18;1063905.31;2023-05-12T00:00:00
16387261;538833;Sulice;;;;;159441;Želivec;1124439;Kostelecká;è.p.;150;;;25168;734105.46;1063619.43;2020-12-13T00:00:00
16387279;538833;Sulice;;;;;159441;Želivec;1124439;Kostelecká;è.p.;151;;;25168;734004.67;1063551.95;2013-12-31T00:00:00
16387287;538833;Sulice;;;;;159441;Želivec;1124579;Osmidomí;è.p.;152;;;25168;733983.24;1064066.01;2013-12-31T00:00:00
16387295;538833;Sulice;;;;;159441;Želivec;1124358;Ve Vilkách;è.p.;153;;;25168;733884.54;1063277.83;2013-12-31T00:00:00
16387309;538833;Sulice;;;;;159441;Želivec;1124391;Platanová;è.p.;154;;;25168;734025.69;1063299.51;2013-12-31T00:00:00
16387317;538833;Sulice;;;;;159433;Sulice;1124196;Sulická;è.p.;155;;;25168;735636.84;1062374.79;2020-12-16T00:00:00
16387325;538833;Sulice;;;;;159441;Želivec;1124391;Platanová;è.p.;156;;;25168;734020.10;1063366.71;2013-12-31T00:00:00
16387333;538833;Sulice;;;;;159441;Želivec;1124391;Platanová;è.p.;157;;;25168;734025.82;1063319.82;2013-12-31T00:00:00
16387341;538833;Sulice;;;;;159441;Želivec;1124391;Platanová;è.p.;158;;;25168;734070.48;1063445.15;2023-01-20T00:00:00
16387350;538833;Sulice;;;;;159441;Želivec;1124391;Platanová;è.p.;159;;;25168;734091.09;1063424.25;2013-12-31T00:00:00
16387368;538833;Sulice;;;;;159441;Želivec;1124391;Platanová;è.p.;160;;;25168;734077.25;1063368.28;2013-12-31T00:00:00
16387376;538833;Sulice;;;;;159441;Želivec;1124391;Platanová;è.p.;161;;;25168;734052.35;1063529.92;2025-09-01T00:00:00
16387384;538833;Sulice;;;;;159441;Želivec;1124391;Platanová;è.p.;162;;;25168;734022.78;1063382.98;2013-12-31T00:00:00
16387392;538833;Sulice;;;;;159441;Želivec;1124293;Hlavní;è.p.;166;;;25168;733994.46;1063842.70;2013-12-31T00:00:00
16387406;538833;Sulice;;;;;159441;Želivec;1124391;Platanová;è.p.;167;;;25168;734011.86;1063484.55;2022-10-18T00:00:00
16387414;538833;Sulice;;;;;159441;Želivec;1124391;Platanová;è.p.;168;;;25168;734071.89;1063228.49;2013-12-31T00:00:00
16387422;538833;Sulice;;;;;159441;Želivec;1124391;Platanová;è.p.;170;;;25168;734067.71;1063470.52;2013-12-31T00:00:00
16387431;538833;Sulice;;;;;159441;Želivec;1124331;Rovná;è.p.;171;;;25168;733728.92;1063220.04;2013-12-31T00:00:00
16387449;538833;Sulice;;;;;159441;Želivec;1124358;Ve Vilkách;è.p.;173;;;25168;733847.05;1063296.31;2013-12-31T00:00:00
16387457;538833;Sulice;;;;;159441;Želivec;1124391;Platanová;è.p.;174;;;25168;734078.50;1063317.79;2013-12-31T00:00:00
16387465;538833;Sulice;;;;;159441;Želivec;1124358;Ve Vilkách;è.p.;175;;;25168;733896.01;1063257.26;2013-12-31T00:00:00
16387473;538833;Sulice;;;;;159441;Želivec;1124293;Hlavní;è.p.;176;;;25168;733956.60;1063493.54;2013-12-31T00:00:00
16387481;538833;Sulice;;;;;159441;Želivec;1124293;Hlavní;è.p.;177;;;25168;733931.02;1063489.85;2013-12-31T00:00:00
16387490;538833;Sulice;;;;;159441;Želivec;1124293;Hlavní;è.p.;179;;;25168;733952.22;1063573.06;2014-04-17T00:00:00
16387503;538833;Sulice;;;;;159441;Želivec;1124358;Ve Vilkách;è.p.;181;;;25168;733789.37;1063283.11;2013-12-31T00:00:00
16387511;538833;Sulice;;;;;159441;Želivec;1124391;Platanová;è.p.;183;;;25168;734079.23;1063265.45;2015-12-30T00:00:00
16387520;538833;Sulice;;;;;159441;Želivec;1124391;Platanová;è.p.;184;;;25168;734083.16;1063388.84;2013-12-31T00:00:00
16387538;538833;Sulice;;;;;159441;Želivec;1124013;Úzká;è.p.;185;;;25168;733831.23;1063381.15;2013-12-31T00:00:00
16387546;538833;Sulice;;;;;159441;Želivec;1124013;Úzká;è.p.;186;;;25168;733843.47;1063379.25;2013-12-31T00:00:00
16387554;538833;Sulice;;;;;159441;Želivec;1124391;Platanová;è.p.;187;;;25168;734076.63;1063347.84;2013-12-31T00:00:00
16387562;538833;Sulice;;;;;159441;Želivec;1124439;Kostelecká;è.p.;188;;;25168;734067.21;1063587.92;2013-12-31T00:00:00
16387571;538833;Sulice;;;;;159441;Želivec;1124013;Úzká;è.p.;189;;;25168;733886.37;1063385.45;2013-12-31T00:00:00
16387589;538833;Sulice;;;;;159441;Želivec;1123998;Staroželivecká;è.p.;190;;;25168;733850.16;1062911.96;2013-12-31T00:00:00
16387597;538833;Sulice;;;;;159441;Želivec;1124358;Ve Vilkách;è.p.;191;;;25168;733813.14;1063267.31;2013-12-31T00:00:00
16387601;538833;Sulice;;;;;159441;Želivec;1124358;Ve Vilkách;è.p.;192;;;25168;733895.01;1063213.92;2013-12-31T00:00:00
16387619;538833;Sulice;;;;;159441;Želivec;1124358;Ve Vilkách;è.p.;193;;;25168;733862.85;1063233.92;2013-12-31T00:00:00
16387627;538833;Sulice;;;;;159441;Želivec;1124358;Ve Vilkách;è.p.;194;;;25168;733889.03;1063188.72;2013-12-31T00:00:00
16387635;538833;Sulice;;;;;159441;Želivec;1124358;Ve Vilkách;è.p.;195;;;25168;733919.21;1063197.24;2013-12-31T00:00:00
16387643;538833;Sulice;;;;;159441;Želivec;1124358;Ve Vilkách;è.p.;196;;;25168;733799.11;1063243.81;2013-12-31T00:00:00
16387651;538833;Sulice;;;;;159441;Želivec;1124391;Platanová;è.p.;197;;;25168;734040.82;1063403.66;2024-08-22T00:00:00
16387660;538833;Sulice;;;;;159441;Želivec;1124315;U Zvonièky;è.p.;198;;;25168;733905.19;1062894.66;2013-12-31T00:00:00
16387678;538833;Sulice;;;;;159441;Želivec;1124391;Platanová;è.p.;199;;;25168;734063.72;1063495.00;2013-12-31T00:00:00
16387686;538833;Sulice;;;;;159441;Želivec;1124358;Ve Vilkách;è.p.;200;;;25168;733774.33;1063262.04;2013-12-31T00:00:00
16387694;538833;Sulice;;;;;159441;Želivec;1124358;Ve Vilkách;è.p.;201;;;25168;733907.08;1063179.07;2013-12-31T00:00:00
16387708;538833;Sulice;;;;;159441;Želivec;1123998;Staroželivecká;è.p.;202;;;25168;733749.12;1062883.79;2013-12-31T00:00:00
16387716;538833;Sulice;;;;;159441;Želivec;1124358;Ve Vilkách;è.p.;203;;;25168;733958.77;1063211.72;2013-12-31T00:00:00
16387724;538833;Sulice;;;;;159441;Želivec;1124358;Ve Vilkách;è.p.;204;;;25168;733929.76;1063222.52;2013-12-31T00:00:00
16387732;538833;Sulice;;;;;159441;Želivec;1124391;Platanová;è.p.;205;;;25168;734086.66;1063284.58;2013-12-31T00:00:00
16387741;538833;Sulice;;;;;159441;Želivec;1124358;Ve Vilkách;è.p.;206;;;25168;733836.41;1063253.08;2013-12-31T00:00:00
16387759;538833;Sulice;;;;;159441;Želivec;1124358;Ve Vilkách;è.p.;207;;;25168;733871.23;1063210.75;2013-12-31T00:00:00
16387767;538833;Sulice;;;;;159441;Želivec;1124358;Ve Vilkách;è.p.;208;;;25168;733828.50;1063229.65;2013-12-31T00:00:00
16387775;538833;Sulice;;;;;159441;Želivec;1124358;Ve Vilkách;è.p.;209;;;25168;733792.95;1063328.62;2013-12-31T00:00:00
16387783;538833;Sulice;;;;;159441;Želivec;1124358;Ve Vilkách;è.p.;210;;;25168;733818.39;1063310.22;2013-12-31T00:00:00
16387791;538833;Sulice;;;;;159441;Želivec;1124293;Hlavní;è.p.;219;;;25168;733955.06;1063456.25;2013-12-31T00:00:00
16387805;538833;Sulice;;;;;159441;Želivec;1124013;Úzká;è.p.;220;;;25168;733899.75;1063388.11;2014-08-20T00:00:00
16387813;538833;Sulice;;;;;159441;Želivec;1124412;Štiøínská;è.p.;221;;;25168;733891.85;1063559.20;2013-12-31T00:00:00
16387821;538833;Sulice;;;;;159441;Želivec;1124293;Hlavní;è.p.;222;;;25168;734030.00;1063090.00;2013-12-31T00:00:00
16387830;538833;Sulice;;;;;159441;Želivec;1124439;Kostelecká;è.p.;223;;;25168;734045.53;1063639.87;2013-12-31T00:00:00
16387848;538833;Sulice;;;;;159441;Želivec;1124510;Ke Skalce;è.p.;224;;;25168;734042.79;1063848.70;2013-12-31T00:00:00
16387856;538833;Sulice;;;;;159441;Želivec;1124412;Štiøínská;è.p.;225;;;25168;733914.86;1063565.30;2013-12-31T00:00:00
16387864;538833;Sulice;;;;;159441;Želivec;1124412;Štiøínská;è.p.;226;;;25168;733928.15;1063565.91;2013-12-31T00:00:00
16387872;538833;Sulice;;;;;159441;Želivec;1124391;Platanová;è.p.;227;;;25168;734017.93;1063422.91;2013-12-31T00:00:00
16387881;538833;Sulice;;;;;159441;Želivec;1124293;Hlavní;è.p.;228;;;25168;733945.25;1063167.58;2013-12-31T00:00:00
16387899;538833;Sulice;;;;;159441;Želivec;1124013;Úzká;è.p.;233;;;25168;733969.24;1063354.43;2013-12-31T00:00:00
16387902;538833;Sulice;;;;;159441;Želivec;1124293;Hlavní;è.p.;234;;;25168;734010.38;1063014.82;2013-12-31T00:00:00
16387911;538833;Sulice;;;;;159441;Želivec;1124498;Mezi Domky;è.p.;235;;;25168;733834.43;1063783.76;2022-10-18T00:00:00
16387929;538833;Sulice;;;;;159441;Želivec;1124315;U Zvonièky;è.p.;236;;;25168;733967.40;1062962.70;2013-12-31T00:00:00
16387937;538833;Sulice;;;;;159441;Želivec;1124293;Hlavní;è.p.;237;;;25168;734017.38;1063676.59;2013-12-31T00:00:00
16387945;538833;Sulice;;;;;159441;Želivec;1124293;Hlavní;è.p.;238;;;25168;733933.13;1063629.14;2013-12-31T00:00:00
16387953;538833;Sulice;;;;;159441;Želivec;1124331;Rovná;è.p.;239;;;25168;733775.70;1063191.42;2013-12-31T00:00:00
16387961;538833;Sulice;;;;;159441;Želivec;1123998;Staroželivecká;è.p.;240;;;25168;733901.00;1062953.00;2013-12-31T00:00:00
16387970;538833;Sulice;;;;;159441;Želivec;1124579;Osmidomí;è.p.;241;;;25168;734236.90;1064063.01;2013-12-31T00:00:00
16387988;538833;Sulice;;;;;159441;Želivec;1124579;Osmidomí;è.p.;242;;;25168;734186.91;1064005.77;2013-12-31T00:00:00
16388003;538833;Sulice;;;;;159441;Želivec;1124579;Osmidomí;è.p.;244;;;25168;734152.79;1064012.40;2013-12-31T00:00:00
16388011;538833;Sulice;;;;;159441;Želivec;1124579;Osmidomí;è.p.;245;;;25168;734110.77;1064074.12;2013-12-31T00:00:00
16388020;538833;Sulice;;;;;159441;Želivec;1124579;Osmidomí;è.p.;246;;;25168;734215.03;1063998.55;2013-12-31T00:00:00
16388038;538833;Sulice;;;;;159441;Želivec;1124579;Osmidomí;è.p.;247;;;25168;734175.92;1064064.11;2013-12-31T00:00:00
16388046;538833;Sulice;;;;;159441;Želivec;1124579;Osmidomí;è.p.;248;;;25168;734116.98;1064006.20;2013-12-31T00:00:00
16388054;538833;Sulice;;;;;159441;Želivec;1124579;Osmidomí;è.p.;249;;;25168;734145.13;1064067.41;2013-12-31T00:00:00
16388062;538833;Sulice;;;;;159441;Želivec;1123998;Staroželivecká;è.p.;250;;;25168;733815.94;1062788.30;2013-12-31T00:00:00
16388071;538833;Sulice;;;;;159441;Želivec;1124498;Mezi Domky;è.p.;251;;;25168;733909.50;1063778.39;2022-10-18T00:00:00
16388089;538833;Sulice;;;;;159441;Želivec;1124498;Mezi Domky;è.p.;252;;;25168;733901.78;1063770.53;2013-12-31T00:00:00
16388097;538833;Sulice;;;;;159441;Želivec;1124498;Mezi Domky;è.p.;253;;;25168;733883.67;1063771.92;2022-10-18T00:00:00
16388119;538833;Sulice;;;;;159441;Želivec;1124498;Mezi Domky;è.p.;255;;;25168;733859.38;1063761.94;2013-12-31T00:00:00
16388127;538833;Sulice;;;;;159441;Želivec;1124498;Mezi Domky;è.p.;256;;;25168;733845.49;1063755.23;2013-12-31T00:00:00
16388135;538833;Sulice;;;;;159441;Želivec;1123998;Staroželivecká;è.p.;257;;;25168;733790.82;1062762.71;2013-12-31T00:00:00
16388143;538833;Sulice;;;;;159441;Želivec;1124331;Rovná;è.p.;258;;;25168;733925.07;1063100.28;2013-12-31T00:00:00
16388151;538833;Sulice;;;;;159441;Želivec;1124331;Rovná;è.p.;259;;;25168;733877.18;1063115.32;2013-12-31T00:00:00
16388160;538833;Sulice;;;;;159441;Želivec;1124013;Úzká;è.p.;260;;;25168;733939.11;1063354.06;2013-12-31T00:00:00
16388178;538833;Sulice;;;;;159441;Želivec;1124391;Platanová;è.ev.;2;;;25168;734037.90;1063460.71;2022-10-18T00:00:00
16388194;538833;Sulice;;;;;159441;Želivec;1123998;Staroželivecká;è.ev.;17;;;25168;733795.82;1062807.00;2020-12-06T00:00:00
16388208;538833;Sulice;;;;;159441;Želivec;1123998;Staroželivecká;è.ev.;18;;;25168;733819.32;1062772.41;2022-10-18T00:00:00
16388216;538833;Sulice;;;;;159441;Želivec;1124579;Osmidomí;è.ev.;19;;;25168;734038.31;1064068.26;2013-12-31T00:00:00
16388224;538833;Sulice;;;;;159441;Želivec;1124579;Osmidomí;è.ev.;20;;;25168;734263.56;1064004.56;2013-12-31T00:00:00
16388232;538833;Sulice;;;;;159441;Želivec;1124579;Osmidomí;è.ev.;21;;;25168;734063.86;1064082.31;2013-12-31T00:00:00
16388241;538833;Sulice;;;;;159441;Želivec;1124579;Osmidomí;è.ev.;22;;;25168;734062.73;1064070.00;2013-12-31T00:00:00
16388259;538833;Sulice;;;;;159441;Želivec;1124579;Osmidomí;è.ev.;23;;;25168;734090.88;1064071.25;2013-12-31T00:00:00
16388267;538833;Sulice;;;;;159441;Želivec;1124579;Osmidomí;è.ev.;24;;;25168;734092.30;1064032.04;2022-10-18T00:00:00
16388275;538833;Sulice;;;;;159441;Želivec;1124579;Osmidomí;è.ev.;25;;;25168;734076.00;1064031.43;2013-12-31T00:00:00
16388291;538833;Sulice;;;;;159441;Želivec;1124579;Osmidomí;è.ev.;27;;;25168;734046.28;1064027.29;2013-12-31T00:00:00
16388305;538833;Sulice;;;;;159441;Želivec;1124579;Osmidomí;è.ev.;28;;;25168;734029.10;1064035.60;2021-10-20T00:00:00
16388313;538833;Sulice;;;;;159441;Želivec;1124013;Úzká;è.ev.;29;;;25168;733793.60;1063356.50;2013-12-31T00:00:00
16388321;538833;Sulice;;;;;159441;Želivec;1124579;Osmidomí;è.ev.;30;;;25168;734020.81;1064087.20;2013-12-31T00:00:00
16388364;538833;Sulice;;;;;159441;Želivec;1124579;Osmidomí;è.ev.;34;;;25168;734265.24;1063976.45;2022-10-18T00:00:00
16388372;538833;Sulice;;;;;159441;Želivec;1124579;Osmidomí;è.ev.;35;;;25168;734234.90;1063996.32;2013-12-31T00:00:00
16388381;538833;Sulice;;;;;159441;Želivec;1124579;Osmidomí;è.ev.;36;;;25168;734268.44;1064059.11;2022-10-18T00:00:00
16388399;538833;Sulice;;;;;159441;Želivec;1124579;Osmidomí;è.ev.;37;;;25168;734287.98;1064028.79;2013-12-31T00:00:00
16388402;538833;Sulice;;;;;159441;Želivec;1124579;Osmidomí;è.ev.;38;;;25168;734243.36;1064016.31;2013-12-31T00:00:00
16388411;538833;Sulice;;;;;159441;Želivec;1124293;Hlavní;è.p.;324;;;25168;733958.88;1063986.78;2018-08-14T00:00:00
16388429;538833;Sulice;;;;;159441;Želivec;1124579;Osmidomí;è.ev.;41;;;25168;734277.76;1063987.08;2013-12-31T00:00:00
16388437;538833;Sulice;;;;;159441;Želivec;1124579;Osmidomí;è.ev.;42;;;25168;734290.22;1064012.30;2013-12-31T00:00:00
25315510;538833;Sulice;;;;;159433;Sulice;1123955;K Návsi;è.p.;169;;;25168;735716.76;1061914.33;2014-01-07T00:00:00
25315528;538833;Sulice;;;;;159441;Želivec;1124293;Hlavní;è.p.;276;;;25168;733930.11;1063664.13;2013-12-31T00:00:00
25315536;538833;Sulice;;;;;159441;Želivec;1124331;Rovná;è.p.;277;;;25168;733812.06;1063176.59;2013-12-31T00:00:00
25315544;538833;Sulice;;;;;159441;Želivec;1124293;Hlavní;è.p.;280;;;25168;733973.08;1063327.22;2013-12-31T00:00:00
25315552;538833;Sulice;;;;;159441;Želivec;1124439;Kostelecká;è.p.;281;;;25168;734038.14;1063560.81;2022-10-18T00:00:00
25315561;538833;Sulice;;;;;159441;Želivec;1124471;K Hájku;è.p.;282;;;25168;733742.24;1063627.24;2013-12-31T00:00:00
25315587;538833;Sulice;;;;;159441;Želivec;1124471;K Hájku;è.p.;284;;;25168;733940.00;1063715.00;2013-12-31T00:00:00
25315595;538833;Sulice;;;;;159441;Želivec;1124471;K Hájku;è.p.;285;;;25168;733771.22;1063624.77;2013-12-31T00:00:00
25315609;538833;Sulice;;;;;159433;Sulice;1124196;Sulická;è.p.;700;;;25168;735709.93;1062418.63;2014-01-07T00:00:00
25315617;538833;Sulice;;;;;159433;Sulice;1123891;U Kaplièky;è.p.;701;;;25168;735563.61;1061831.79;2014-01-07T00:00:00
25315633;538833;Sulice;;;;;159433;Sulice;1123891;U Kaplièky;è.p.;703;;;25168;735542.00;1061822.00;2014-01-07T00:00:00
25315641;538833;Sulice;;;;;159433;Sulice;1123891;U Kaplièky;è.p.;704;;;25168;735519.05;1061857.21;2014-01-07T00:00:00
25315650;538833;Sulice;;;;;159433;Sulice;1123891;U Kaplièky;è.p.;705;;;25168;735517.74;1061812.22;2014-02-05T00:00:00
25315706;538833;Sulice;;;;;159433;Sulice;1124099;Soubìžná;è.p.;710;;;25168;735590.05;1061796.60;2014-01-07T00:00:00
25315803;538833;Sulice;;;;;159433;Sulice;1124111;Na Stráni;è.p.;720;;;25168;735801.00;1062003.00;2014-01-23T00:00:00
25315811;538833;Sulice;;;;;320901;Hluboèinka;1125371;Sluneèná;è.p.;801;;;25168;735415.04;1061237.87;2013-12-31T00:00:00
25315820;538833;Sulice;;;;;320901;Hluboèinka;1125371;Sluneèná;è.p.;802;;;25168;735426.12;1061272.10;2013-12-31T00:00:00
25315838;538833;Sulice;;;;;320901;Hluboèinka;1125371;Sluneèná;è.p.;803;;;25168;735429.38;1061277.56;2013-12-31T00:00:00
25315846;538833;Sulice;;;;;320901;Hluboèinka;1125371;Sluneèná;è.p.;804;;;25168;735430.35;1061292.20;2013-12-31T00:00:00
25315854;538833;Sulice;;;;;320901;Hluboèinka;1125371;Sluneèná;è.p.;805;;;25168;735438.64;1061313.92;2013-12-31T00:00:00
25315862;538833;Sulice;;;;;320901;Hluboèinka;1124293;Hlavní;è.p.;806;;;25168;735403.98;1061199.55;2013-12-31T00:00:00
25315871;538833;Sulice;;;;;320901;Hluboèinka;1125371;Sluneèná;è.p.;807;;;25168;735388.00;1061252.00;2013-12-31T00:00:00
25315889;538833;Sulice;;;;;320901;Hluboèinka;1124293;Hlavní;è.p.;808;;;25168;735354.83;1061287.76;2014-02-24T00:00:00
25315897;538833;Sulice;;;;;320901;Hluboèinka;1124293;Hlavní;è.p.;809;;;25168;735427.72;1061044.57;2013-12-31T00:00:00
25315901;538833;Sulice;;;;;320901;Hluboèinka;1124293;Hlavní;è.p.;810;;;25168;735436.21;1060973.13;2013-12-31T00:00:00
25315919;538833;Sulice;;;;;320901;Hluboèinka;1124293;Hlavní;è.p.;811;;;25168;735577.23;1060961.73;2013-12-31T00:00:00
25315927;538833;Sulice;;;;;320901;Hluboèinka;1124293;Hlavní;è.p.;812;;;25168;735472.15;1060935.55;2013-12-31T00:00:00
25315935;538833;Sulice;;;;;320901;Hluboèinka;1124293;Hlavní;è.p.;813;;;25168;735699.39;1060808.01;2013-12-31T00:00:00
25315960;538833;Sulice;;;;;320901;Hluboèinka;1125371;Sluneèná;è.p.;816;;;25168;735451.23;1061189.81;2013-12-31T00:00:00
25315978;538833;Sulice;;;;;320901;Hluboèinka;1125371;Sluneèná;è.p.;817;;;25168;735447.68;1061218.11;2013-12-31T00:00:00
25315986;538833;Sulice;;;;;320901;Hluboèinka;1125397;Krátká;è.p.;818;;;25168;735490.08;1061199.62;2013-12-31T00:00:00
25316001;538833;Sulice;;;;;320901;Hluboèinka;1125371;Sluneèná;è.p.;820;;;25168;735456.80;1061241.48;2013-12-31T00:00:00
25316010;538833;Sulice;;;;;320901;Hluboèinka;1125371;Sluneèná;è.p.;821;;;25168;735461.53;1061267.16;2013-12-31T00:00:00
25316028;538833;Sulice;;;;;320901;Hluboèinka;1125371;Sluneèná;è.p.;822;;;25168;735395.43;1061183.40;2013-12-31T00:00:00
25316044;538833;Sulice;;;;;320901;Hluboèinka;1125371;Sluneèná;è.p.;824;;;25168;735465.12;1061289.62;2013-12-31T00:00:00
25316052;538833;Sulice;;;;;320901;Hluboèinka;1125419;Na Vyhlídce;è.p.;825;;;25168;735476.06;1061331.45;2013-12-31T00:00:00
25316061;538833;Sulice;;;;;320901;Hluboèinka;1125419;Na Vyhlídce;è.p.;826;;;25168;735492.00;1061289.95;2014-01-23T00:00:00
25316079;538833;Sulice;;;;;320901;Hluboèinka;1125419;Na Vyhlídce;è.p.;828;;;25168;735515.60;1061303.50;2013-12-31T00:00:00
25316087;538833;Sulice;;;;;320901;Hluboèinka;1125419;Na Vyhlídce;è.p.;829;;;25168;735500.27;1061370.41;2022-10-18T00:00:00
25316095;538833;Sulice;;;;;320901;Hluboèinka;1125419;Na Vyhlídce;è.p.;830;;;25168;735518.39;1061327.33;2022-10-18T00:00:00
25316109;538833;Sulice;;;;;320901;Hluboèinka;1125419;Na Vyhlídce;è.p.;831;;;25168;735509.57;1061392.15;2013-12-31T00:00:00
25316117;538833;Sulice;;;;;320901;Hluboèinka;1125419;Na Vyhlídce;è.p.;832;;;25168;735528.31;1061351.33;2013-12-31T00:00:00
25316125;538833;Sulice;;;;;320901;Hluboèinka;1125419;Na Vyhlídce;è.p.;833;;;25168;735513.94;1061411.43;2022-10-18T00:00:00
25316133;538833;Sulice;;;;;320901;Hluboèinka;1125419;Na Vyhlídce;è.p.;834;;;25168;735542.43;1061375.07;2013-12-31T00:00:00
25316141;538833;Sulice;;;;;320901;Hluboèinka;1125419;Na Vyhlídce;è.p.;835;;;25168;735524.32;1061435.25;2022-10-18T00:00:00
25316150;538833;Sulice;;;;;320901;Hluboèinka;1125419;Na Vyhlídce;è.p.;836;;;25168;735541.49;1061405.62;2023-01-20T00:00:00
25316168;538833;Sulice;;;;;320901;Hluboèinka;1125419;Na Vyhlídce;è.p.;837;;;25168;735532.85;1061453.25;2013-12-31T00:00:00
25316176;538833;Sulice;;;;;320901;Hluboèinka;1125419;Na Vyhlídce;è.p.;838;;;25168;735555.56;1061422.11;2013-12-31T00:00:00
25316184;538833;Sulice;;;;;320901;Hluboèinka;1125419;Na Vyhlídce;è.p.;839;;;25168;735540.22;1061478.78;2013-12-31T00:00:00
25316192;538833;Sulice;;;;;320901;Hluboèinka;1125419;Na Vyhlídce;è.p.;840;;;25168;735562.67;1061450.40;2013-12-31T00:00:00
25316206;538833;Sulice;;;;;320901;Hluboèinka;1125419;Na Vyhlídce;è.p.;841;;;25168;735543.87;1061495.43;2022-10-18T00:00:00
25316222;538833;Sulice;;;;;320901;Hluboèinka;1125419;Na Vyhlídce;è.p.;843;;;25168;735555.84;1061520.61;2013-12-31T00:00:00
25316231;538833;Sulice;;;;;320901;Hluboèinka;1125419;Na Vyhlídce;è.p.;844;;;25168;735574.45;1061495.06;2022-10-18T00:00:00
25316249;538833;Sulice;;;;;320901;Hluboèinka;1125419;Na Vyhlídce;è.p.;845;;;25168;735562.70;1061540.60;2013-12-31T00:00:00
25316265;538833;Sulice;;;;;320901;Hluboèinka;1125419;Na Vyhlídce;è.p.;847;;;25168;735569.27;1061564.32;2013-12-31T00:00:00
25316273;538833;Sulice;;;;;320901;Hluboèinka;1125419;Na Vyhlídce;è.p.;848;;;25168;735587.20;1061543.13;2013-12-31T00:00:00
25316281;538833;Sulice;;;;;320901;Hluboèinka;1125419;Na Vyhlídce;è.p.;849;;;25168;735576.57;1061585.54;2013-12-31T00:00:00
25316290;538833;Sulice;;;;;320901;Hluboèinka;1125419;Na Vyhlídce;è.p.;850;;;25168;735600.44;1061562.32;2013-12-31T00:00:00
25316303;538833;Sulice;;;;;320901;Hluboèinka;1125419;Na Vyhlídce;è.p.;851;;;25168;735584.23;1061607.94;2013-12-31T00:00:00
25316311;538833;Sulice;;;;;320901;Hluboèinka;1125419;Na Vyhlídce;è.p.;852;;;25168;735611.31;1061586.17;2013-12-31T00:00:00
25316320;538833;Sulice;;;;;320901;Hluboèinka;1125419;Na Vyhlídce;è.p.;853;;;25168;735592.36;1061634.12;2022-10-18T00:00:00
25316338;538833;Sulice;;;;;320901;Hluboèinka;1125419;Na Vyhlídce;è.p.;854;;;25168;735621.94;1061615.83;2013-12-31T00:00:00
25316346;538833;Sulice;;;;;320901;Hluboèinka;1125419;Na Vyhlídce;è.p.;855;;;25168;735614.05;1061653.40;2013-12-31T00:00:00
25316354;538833;Sulice;;;;;320901;Hluboèinka;1125419;Na Vyhlídce;è.p.;856;;;25168;735639.22;1061633.65;2013-12-31T00:00:00
25316362;538833;Sulice;;;;;320901;Hluboèinka;1125419;Na Vyhlídce;è.p.;857;;;25168;735631.17;1061675.08;2013-12-31T00:00:00
25316371;538833;Sulice;;;;;320901;Hluboèinka;1125419;Na Vyhlídce;è.p.;858;;;25168;735681.06;1061657.41;2024-03-13T00:00:00
25316389;538833;Sulice;;;;;320901;Hluboèinka;1125419;Na Vyhlídce;è.p.;859;;;25168;735651.69;1061687.97;2013-12-31T00:00:00
25316401;538833;Sulice;;;;;320901;Hluboèinka;1125419;Na Vyhlídce;è.p.;861;;;25168;735676.44;1061695.86;2013-12-31T00:00:00
25316419;538833;Sulice;;;;;320901;Hluboèinka;1125338;Ke Kaplièce;è.p.;862;;;25168;735709.83;1061612.47;2013-12-31T00:00:00
25316427;538833;Sulice;;;;;320901;Hluboèinka;1125338;Ke Kaplièce;è.p.;863;;;25168;735678.22;1061725.84;2013-12-31T00:00:00
25316435;538833;Sulice;;;;;320901;Hluboèinka;1125338;Ke Kaplièce;è.p.;864;;;25168;735733.87;1061678.97;2013-12-31T00:00:00
25316443;538833;Sulice;;;;;320901;Hluboèinka;1125338;Ke Kaplièce;è.p.;865;;;25168;735723.13;1061705.63;2013-12-31T00:00:00
25316460;538833;Sulice;;;;;320901;Hluboèinka;1125338;Ke Kaplièce;è.p.;867;;;25168;735703.46;1061773.64;2013-12-31T00:00:00
25316478;538833;Sulice;;;;;320901;Hluboèinka;1125338;Ke Kaplièce;è.p.;868;;;25168;735830.41;1061760.18;2016-03-14T00:00:00
25316486;538833;Sulice;;;;;320901;Hluboèinka;1125338;Ke Kaplièce;è.p.;869;;;25168;735750.45;1061618.82;2013-12-31T00:00:00
25316494;538833;Sulice;;;;;320901;Hluboèinka;1125516;Úvozová;è.p.;870;;;25168;735093.65;1061465.17;2013-12-31T00:00:00
25316508;538833;Sulice;;;;;320901;Hluboèinka;1124293;Hlavní;è.p.;871;;;25168;735351.01;1061149.20;2013-12-31T00:00:00
25316516;538833;Sulice;;;;;320901;Hluboèinka;1124293;Hlavní;è.p.;872;;;25168;735344.13;1061212.61;2013-12-31T00:00:00
25316524;538833;Sulice;;;;;320901;Hluboèinka;1124293;Hlavní;è.p.;873;;;25168;735326.08;1061237.55;2013-12-31T00:00:00
25316541;538833;Sulice;;;;;320901;Hluboèinka;1125516;Úvozová;è.p.;875;;;25168;735219.91;1061319.96;2013-12-31T00:00:00
25316567;538833;Sulice;;;;;320901;Hluboèinka;1125516;Úvozová;è.p.;877;;;25168;735154.46;1061388.26;2013-12-31T00:00:00
25316575;538833;Sulice;;;;;320901;Hluboèinka;1125516;Úvozová;è.p.;878;;;25168;735132.97;1061400.18;2013-12-31T00:00:00
25316583;538833;Sulice;;;;;320901;Hluboèinka;1125516;Úvozová;è.p.;879;;;25168;735012.34;1061437.52;2013-12-31T00:00:00
25316591;538833;Sulice;;;;;320901;Hluboèinka;1125516;Úvozová;è.p.;880;;;25168;734997.36;1061457.12;2022-02-28T00:00:00
25316613;538833;Sulice;;;;;320901;Hluboèinka;1124293;Hlavní;è.p.;882;;;25168;735129.53;1061450.18;2014-07-17T00:00:00
25316621;538833;Sulice;;;;;320901;Hluboèinka;1125516;Úvozová;è.p.;883;;;25168;735147.62;1061428.06;2013-12-31T00:00:00
25316672;538833;Sulice;;;;;320901;Hluboèinka;1125532;Chmelová;è.p.;888;;;25168;735056.59;1061474.79;2013-12-31T00:00:00
25316702;538833;Sulice;;;;;320901;Hluboèinka;1125532;Chmelová;è.p.;891;;;25168;735104.56;1061531.56;2013-12-31T00:00:00
25316761;538833;Sulice;;;;;320901;Hluboèinka;1125192;U Lesa;è.p.;897;;;25168;736048.64;1060745.74;2022-10-18T00:00:00
25316788;538833;Sulice;;;;;320901;Hluboèinka;1125214;K Borovinì;è.p.;899;;;25168;736105.55;1060593.27;2013-12-31T00:00:00
25316796;538833;Sulice;;;;;320901;Hluboèinka;1124293;Hlavní;è.p.;900;;;25168;735683.28;1060684.86;2022-10-18T00:00:00
25316800;538833;Sulice;;;;;320901;Hluboèinka;1125214;K Borovinì;è.p.;901;;;25168;735934.16;1060846.12;2013-12-31T00:00:00
25316818;538833;Sulice;;;;;320901;Hluboèinka;1125214;K Borovinì;è.p.;902;;;25168;735899.29;1060841.52;2013-12-31T00:00:00
25316826;538833;Sulice;;;;;320901;Hluboèinka;1125214;K Borovinì;è.p.;903;;;25168;735945.67;1060824.95;2013-12-31T00:00:00
25316834;538833;Sulice;;;;;320901;Hluboèinka;1125214;K Borovinì;è.p.;904;;;25168;735908.21;1060824.77;2013-12-31T00:00:00
25316842;538833;Sulice;;;;;320901;Hluboèinka;1125214;K Borovinì;è.p.;905;;;25168;735955.24;1060805.57;2013-12-31T00:00:00
25316851;538833;Sulice;;;;;320901;Hluboèinka;1125214;K Borovinì;è.p.;906;;;25168;735917.71;1060806.56;2013-12-31T00:00:00
25316869;538833;Sulice;;;;;320901;Hluboèinka;1125214;K Borovinì;è.p.;907;;;25168;735966.60;1060786.11;2013-12-31T00:00:00
25316877;538833;Sulice;;;;;320901;Hluboèinka;1125214;K Borovinì;è.p.;908;;;25168;735928.21;1060788.54;2013-12-31T00:00:00
25316885;538833;Sulice;;;;;320901;Hluboèinka;1125214;K Borovinì;è.p.;909;;;25168;735980.81;1060767.59;2013-12-31T00:00:00
25316893;538833;Sulice;;;;;320901;Hluboèinka;1125214;K Borovinì;è.p.;910;;;25168;735940.11;1060770.43;2013-12-31T00:00:00
25316907;538833;Sulice;;;;;320901;Hluboèinka;1125214;K Borovinì;è.p.;911;;;25168;735989.07;1060750.09;2013-12-31T00:00:00
25316915;538833;Sulice;;;;;320901;Hluboèinka;1125214;K Borovinì;è.p.;912;;;25168;735952.93;1060753.54;2013-12-31T00:00:00
25316923;538833;Sulice;;;;;320901;Hluboèinka;1125214;K Borovinì;è.p.;913;;;25168;736001.77;1060725.62;2013-12-31T00:00:00
25316931;538833;Sulice;;;;;320901;Hluboèinka;1125214;K Borovinì;è.p.;914;;;25168;735958.54;1060737.21;2013-12-31T00:00:00
25316940;538833;Sulice;;;;;320901;Hluboèinka;1125214;K Borovinì;è.p.;915;;;25168;736008.59;1060706.78;2022-10-18T00:00:00
25316958;538833;Sulice;;;;;320901;Hluboèinka;1125214;K Borovinì;è.p.;916;;;25168;735973.15;1060708.83;2013-12-31T00:00:00
25316966;538833;Sulice;;;;;320901;Hluboèinka;1125214;K Borovinì;è.p.;917;;;25168;736019.15;1060686.98;2013-12-31T00:00:00
25316974;538833;Sulice;;;;;320901;Hluboèinka;1125214;K Borovinì;è.p.;918;;;25168;735983.55;1060688.56;2013-12-31T00:00:00
25316982;538833;Sulice;;;;;320901;Hluboèinka;1125214;K Borovinì;è.p.;919;;;25168;736027.87;1060667.63;2022-10-18T00:00:00
25316991;538833;Sulice;;;;;320901;Hluboèinka;1125214;K Borovinì;è.p.;920;;;25168;735995.25;1060670.69;2013-12-31T00:00:00
25317008;538833;Sulice;;;;;320901;Hluboèinka;1125214;K Borovinì;è.p.;921;;;25168;736039.23;1060647.80;2022-10-18T00:00:00
25317016;538833;Sulice;;;;;320901;Hluboèinka;1125214;K Borovinì;è.p.;922;;;25168;736000.66;1060660.15;2013-12-31T00:00:00
25317024;538833;Sulice;;;;;320901;Hluboèinka;1125214;K Borovinì;è.p.;923;;;25168;736050.43;1060631.91;2022-10-18T00:00:00
25317032;538833;Sulice;;;;;320901;Hluboèinka;1125214;K Borovinì;è.p.;924;;;25168;736009.10;1060641.33;2013-12-31T00:00:00
25317041;538833;Sulice;;;;;320901;Hluboèinka;1125192;U Lesa;è.p.;925;;;25168;735872.67;1060822.29;2013-12-31T00:00:00
25317059;538833;Sulice;;;;;320901;Hluboèinka;1125214;K Borovinì;è.p.;926;;;25168;736019.32;1060624.76;2013-12-31T00:00:00
25317067;538833;Sulice;;;;;320901;Hluboèinka;1125192;U Lesa;è.p.;927;;;25168;735877.76;1060800.80;2013-12-31T00:00:00
25317075;538833;Sulice;;;;;320901;Hluboèinka;1125214;K Borovinì;è.p.;928;;;25168;736030.83;1060607.37;2022-10-18T00:00:00
25317083;538833;Sulice;;;;;320901;Hluboèinka;1125192;U Lesa;è.p.;929;;;25168;735887.00;1060783.91;2013-12-31T00:00:00
25317091;538833;Sulice;;;;;320901;Hluboèinka;1125192;U Lesa;è.p.;930;;;25168;735845.30;1060820.76;2013-12-31T00:00:00
25317105;538833;Sulice;;;;;320901;Hluboèinka;1125192;U Lesa;è.p.;931;;;25168;735906.33;1060760.77;2022-10-18T00:00:00
25317113;538833;Sulice;;;;;320901;Hluboèinka;1125192;U Lesa;è.p.;932;;;25168;735846.03;1060793.06;2013-12-31T00:00:00
25317121;538833;Sulice;;;;;320901;Hluboèinka;1125192;U Lesa;è.p.;933;;;25168;735922.95;1060738.23;2013-12-31T00:00:00
25317130;538833;Sulice;;;;;320901;Hluboèinka;1125192;U Lesa;è.p.;934;;;25168;735864.35;1060771.40;2013-12-31T00:00:00
25317156;538833;Sulice;;;;;320901;Hluboèinka;1125192;U Lesa;è.p.;936;;;25168;735873.30;1060757.61;2022-10-18T00:00:00
25317181;538833;Sulice;;;;;320901;Hluboèinka;1125192;U Lesa;è.p.;939;;;25168;735961.39;1060663.22;2013-12-31T00:00:00
25317199;538833;Sulice;;;;;320901;Hluboèinka;1125192;U Lesa;è.p.;940;;;25168;735903.28;1060713.51;2014-02-03T00:00:00
25317202;538833;Sulice;;;;;320901;Hluboèinka;1125192;U Lesa;è.p.;941;;;25168;735964.35;1060645.01;2022-10-18T00:00:00
25317211;538833;Sulice;;;;;320901;Hluboèinka;1125192;U Lesa;è.p.;942;;;25168;735916.23;1060689.41;2013-12-31T00:00:00
25317229;538833;Sulice;;;;;320901;Hluboèinka;1125192;U Lesa;è.p.;943;;;25168;735976.79;1060623.64;2022-10-18T00:00:00
25317237;538833;Sulice;;;;;320901;Hluboèinka;1125192;U Lesa;è.p.;944;;;25168;735922.74;1060662.98;2013-12-31T00:00:00
25317245;538833;Sulice;;;;;320901;Hluboèinka;1125192;U Lesa;è.p.;945;;;25168;735997.70;1060605.46;2013-12-31T00:00:00
25317253;538833;Sulice;;;;;320901;Hluboèinka;1125192;U Lesa;è.p.;946;;;25168;735939.45;1060646.61;2013-12-31T00:00:00
25317261;538833;Sulice;;;;;320901;Hluboèinka;1125192;U Lesa;è.p.;947;;;25168;736005.12;1060576.71;2022-10-18T00:00:00
25317270;538833;Sulice;;;;;320901;Hluboèinka;1125192;U Lesa;è.p.;948;;;25168;735947.66;1060621.88;2022-10-18T00:00:00
25317288;538833;Sulice;;;;;320901;Hluboèinka;1125192;U Lesa;è.p.;949;;;25168;736072.00;1060657.00;2013-12-31T00:00:00
25317296;538833;Sulice;;;;;320901;Hluboèinka;1125192;U Lesa;è.p.;950;;;25168;735962.13;1060597.72;2013-12-31T00:00:00
25317300;538833;Sulice;;;;;320901;Hluboèinka;1125192;U Lesa;è.p.;951;;;25168;736081.79;1060680.31;2013-12-31T00:00:00
25317318;538833;Sulice;;;;;320901;Hluboèinka;1125192;U Lesa;è.p.;952;;;25168;735974.29;1060572.60;2013-12-31T00:00:00
25317326;538833;Sulice;;;;;320901;Hluboèinka;1125192;U Lesa;è.p.;953;;;25168;736064.58;1060700.79;2013-12-31T00:00:00
25317334;538833;Sulice;;;;;320901;Hluboèinka;1125192;U Lesa;è.p.;954;;;25168;735986.13;1060558.60;2013-12-31T00:00:00
25317342;538833;Sulice;;;;;320901;Hluboèinka;1125192;U Lesa;è.p.;955;;;25168;736043.76;1060713.16;2013-12-31T00:00:00
25317369;538833;Sulice;;;;;320901;Hluboèinka;1125192;U Lesa;è.p.;957;;;25168;736025.10;1060732.13;2022-10-18T00:00:00
25317377;538833;Sulice;;;;;320901;Hluboèinka;1125192;U Lesa;è.p.;958;;;25168;736028.72;1060555.58;2022-10-18T00:00:00
25317385;538833;Sulice;;;;;320901;Hluboèinka;1271342;Pøíèná;è.p.;959;;;25168;736014.78;1060760.41;2014-03-31T00:00:00
25317393;538833;Sulice;;;;;320901;Hluboèinka;1125192;U Lesa;è.p.;960;;;25168;736040.70;1060571.72;2022-10-18T00:00:00
25317407;538833;Sulice;;;;;320901;Hluboèinka;1125192;U Lesa;è.p.;961;;;25168;735998.05;1060787.47;2013-12-31T00:00:00
25317415;538833;Sulice;;;;;320901;Hluboèinka;1125192;U Lesa;è.p.;962;;;25168;736054.00;1060594.00;2013-12-31T00:00:00
25317423;538833;Sulice;;;;;320901;Hluboèinka;1125192;U Lesa;è.p.;963;;;25168;735990.48;1060815.45;2013-12-31T00:00:00
25317431;538833;Sulice;;;;;320901;Hluboèinka;1125214;K Borovinì;è.p.;964;;;25168;736073.15;1060604.92;2022-10-18T00:00:00
25317440;538833;Sulice;;;;;320901;Hluboèinka;1125257;K Potoku;è.p.;965;;;25168;735967.24;1060843.93;2013-12-31T00:00:00
25317458;538833;Sulice;;;;;320901;Hluboèinka;1125192;U Lesa;è.p.;966;;;25168;736086.57;1060630.83;2022-10-18T00:00:00
25317474;538833;Sulice;;;;;320901;Hluboèinka;1125192;U Lesa;è.p.;968;;;25168;736106.92;1060646.46;2022-10-18T00:00:00
25317482;538833;Sulice;;;;;320901;Hluboèinka;1125257;K Potoku;è.p.;969;;;25168;736034.18;1060888.68;2013-12-31T00:00:00
25317491;538833;Sulice;;;;;320901;Hluboèinka;1125192;U Lesa;è.p.;970;;;25168;736106.29;1060669.95;2013-12-31T00:00:00
25317504;538833;Sulice;;;;;320901;Hluboèinka;1125192;U Lesa;è.p.;971;;;25168;736005.51;1060881.80;2013-12-31T00:00:00
25317512;538833;Sulice;;;;;320901;Hluboèinka;1125192;U Lesa;è.p.;972;;;25168;736126.60;1060687.35;2013-12-31T00:00:00
25317521;538833;Sulice;;;;;320901;Hluboèinka;1125257;K Potoku;è.p.;973;;;25168;735973.91;1060879.23;2022-10-18T00:00:00
25317539;538833;Sulice;;;;;320901;Hluboèinka;1125192;U Lesa;è.p.;974;;;25168;736100.68;1060711.94;2013-12-31T00:00:00
25317547;538833;Sulice;;;;;320901;Hluboèinka;1125257;K Potoku;è.p.;975;;;25168;735956.45;1060874.60;2013-12-31T00:00:00
25317555;538833;Sulice;;;;;320901;Hluboèinka;1125192;U Lesa;è.p.;976;;;25168;736074.86;1060723.62;2013-12-31T00:00:00
25317563;538833;Sulice;;;;;320901;Hluboèinka;1125257;K Potoku;è.p.;977;;;25168;735927.67;1060875.05;2022-10-18T00:00:00
25317571;538833;Sulice;;;;;320901;Hluboèinka;1125192;U Lesa;è.p.;978;;;25168;736054.30;1060736.12;2022-10-18T00:00:00
25317580;538833;Sulice;;;;;320901;Hluboèinka;1125257;K Potoku;è.p.;979;;;25168;735904.99;1060868.48;2013-12-31T00:00:00
25317601;538833;Sulice;;;;;320901;Hluboèinka;1125257;K Potoku;è.p.;981;;;25168;735884.08;1060867.20;2013-12-31T00:00:00
25317610;538833;Sulice;;;;;320901;Hluboèinka;1125192;U Lesa;è.p.;982;;;25168;736032.55;1060784.22;2013-12-31T00:00:00
25317628;538833;Sulice;;;;;320901;Hluboèinka;1125257;K Potoku;è.p.;983;;;25168;735863.46;1060859.11;2013-12-31T00:00:00
25317636;538833;Sulice;;;;;320901;Hluboèinka;1125192;U Lesa;è.p.;984;;;25168;736020.14;1060804.80;2013-12-31T00:00:00
25317644;538833;Sulice;;;;;320901;Hluboèinka;1125257;K Potoku;è.p.;985;;;25168;735829.94;1060848.36;2013-12-31T00:00:00
25317652;538833;Sulice;;;;;320901;Hluboèinka;1125192;U Lesa;è.p.;986;;;25168;736011.85;1060827.51;2022-10-18T00:00:00
25317661;538833;Sulice;;;;;320901;Hluboèinka;1125257;K Potoku;è.p.;987;;;25168;735813.18;1060841.06;2013-12-31T00:00:00
25317679;538833;Sulice;;;;;320901;Hluboèinka;1125192;U Lesa;è.p.;988;;;25168;736012.02;1060852.72;2013-12-31T00:00:00
25317687;538833;Sulice;;;;;320901;Hluboèinka;1125257;K Potoku;è.p.;989;;;25168;736108.52;1060882.74;2013-12-31T00:00:00
25317695;538833;Sulice;;;;;320901;Hluboèinka;1125257;K Potoku;è.p.;990;;;25168;736046.09;1060864.12;2022-10-18T00:00:00
25317709;538833;Sulice;;;;;320901;Hluboèinka;1125273;Javorová;è.p.;991;;;25168;735828.40;1060875.60;2013-12-31T00:00:00
25317717;538833;Sulice;;;;;320901;Hluboèinka;1125257;K Potoku;è.p.;992;;;25168;736068.96;1060876.79;2013-12-31T00:00:00
25317725;538833;Sulice;;;;;320901;Hluboèinka;1125273;Javorová;è.p.;993;;;25168;735812.23;1060898.97;2024-03-01T00:00:00
25317733;538833;Sulice;;;;;320901;Hluboèinka;1125273;Javorová;è.p.;994;;;25168;735853.71;1060895.51;2013-12-31T00:00:00
25317741;538833;Sulice;;;;;320901;Hluboèinka;1125273;Javorová;è.p.;995;;;25168;735806.02;1060920.32;2022-10-18T00:00:00
25317750;538833;Sulice;;;;;320901;Hluboèinka;1125273;Javorová;è.p.;996;;;25168;735842.43;1060921.24;2022-10-18T00:00:00
25317768;538833;Sulice;;;;;320901;Hluboèinka;1125273;Javorová;è.p.;997;;;25168;735802.95;1060944.65;2013-12-31T00:00:00
25317784;538833;Sulice;;;;;320901;Hluboèinka;1125273;Javorová;è.p.;999;;;25168;735794.07;1060965.29;2022-10-18T00:00:00
25317792;538833;Sulice;;;;;320901;Hluboèinka;1125273;Javorová;è.p.;1000;;;25168;735830.06;1060971.69;2013-12-31T00:00:00
25317806;538833;Sulice;;;;;320901;Hluboèinka;1125273;Javorová;è.p.;1001;;;25168;735790.67;1060986.01;2020-12-17T00:00:00
25317814;538833;Sulice;;;;;320901;Hluboèinka;1125273;Javorová;è.p.;1002;;;25168;735821.62;1060990.63;2022-10-18T00:00:00
25317822;538833;Sulice;;;;;320901;Hluboèinka;1125273;Javorová;è.p.;1003;;;25168;735780.35;1061010.37;2022-10-18T00:00:00
25317831;538833;Sulice;;;;;320901;Hluboèinka;1125273;Javorová;è.p.;1004;;;25168;735818.68;1061016.84;2013-12-31T00:00:00
25317849;538833;Sulice;;;;;320901;Hluboèinka;1125273;Javorová;è.p.;1005;;;25168;735764.29;1061027.04;2022-10-18T00:00:00
25317857;538833;Sulice;;;;;320901;Hluboèinka;1125273;Javorová;è.p.;1006;;;25168;735806.95;1061036.52;2022-10-18T00:00:00
25317865;538833;Sulice;;;;;320901;Hluboèinka;1125273;Javorová;è.p.;1007;;;25168;735765.92;1061050.21;2013-12-31T00:00:00
25317873;538833;Sulice;;;;;320901;Hluboèinka;1125273;Javorová;è.p.;1008;;;25168;735795.01;1061075.32;2013-12-31T00:00:00
25317881;538833;Sulice;;;;;320901;Hluboèinka;1125273;Javorová;è.p.;1009;;;25168;735759.18;1061075.40;2013-12-31T00:00:00
25317903;538833;Sulice;;;;;320901;Hluboèinka;1125273;Javorová;è.p.;1011;;;25168;735746.43;1061097.42;2013-12-31T00:00:00
25317920;538833;Sulice;;;;;320901;Hluboèinka;1125273;Javorová;è.p.;1013;;;25168;735728.13;1061117.99;2013-12-31T00:00:00
25317938;538833;Sulice;;;;;320901;Hluboèinka;1125273;Javorová;è.p.;1014;;;25168;735760.41;1061139.68;2013-12-31T00:00:00
25317946;538833;Sulice;;;;;320901;Hluboèinka;1125273;Javorová;è.p.;1015;;;25168;735722.79;1061135.95;2013-12-31T00:00:00
25317954;538833;Sulice;;;;;320901;Hluboèinka;1125273;Javorová;è.p.;1016;;;25168;735759.12;1061166.03;2013-12-31T00:00:00
25317962;538833;Sulice;;;;;320901;Hluboèinka;1125273;Javorová;è.p.;1017;;;25168;735709.11;1061162.57;2013-12-31T00:00:00
25317971;538833;Sulice;;;;;320901;Hluboèinka;1125273;Javorová;è.p.;1018;;;25168;735748.12;1061184.52;2013-12-31T00:00:00
25317989;538833;Sulice;;;;;320901;Hluboèinka;1125273;Javorová;è.p.;1019;;;25168;735705.77;1061188.38;2013-12-31T00:00:00
25317997;538833;Sulice;;;;;320901;Hluboèinka;1125273;Javorová;è.p.;1020;;;25168;735740.72;1061208.53;2013-12-31T00:00:00
25318004;538833;Sulice;;;;;320901;Hluboèinka;1125273;Javorová;è.p.;1021;;;25168;735699.14;1061205.66;2013-12-31T00:00:00
25318021;538833;Sulice;;;;;320901;Hluboèinka;1125273;Javorová;è.p.;1023;;;25168;735673.76;1061233.01;2014-06-27T00:00:00
25318039;538833;Sulice;;;;;320901;Hluboèinka;1125354;Údolí;è.p.;1024;;;25168;735719.03;1061270.93;2013-12-31T00:00:00
25318047;538833;Sulice;;;;;320901;Hluboèinka;1125273;Javorová;è.p.;1025;;;25168;735695.05;1061275.07;2013-12-31T00:00:00
25318055;538833;Sulice;;;;;320901;Hluboèinka;1125354;Údolí;è.p.;1026;;;25168;735747.37;1061268.22;2013-12-31T00:00:00
25318063;538833;Sulice;;;;;320901;Hluboèinka;1125273;Javorová;è.p.;1027;;;25168;735670.45;1061282.65;2013-12-31T00:00:00
25318071;538833;Sulice;;;;;320901;Hluboèinka;1125231;Ke Hvìzdárnì;è.p.;1028;;;25168;735722.44;1061299.57;2013-12-31T00:00:00
25318101;538833;Sulice;;;;;320901;Hluboèinka;1125231;Ke Hvìzdárnì;è.p.;1031;;;25168;735701.41;1061339.49;2013-12-31T00:00:00
25318110;538833;Sulice;;;;;320901;Hluboèinka;1125231;Ke Hvìzdárnì;è.p.;1032;;;25168;735728.49;1061373.88;2019-05-15T00:00:00
25318209;538833;Sulice;;;;;320901;Hluboèinka;1125214;K Borovinì;è.p.;1041;;;25168;735890.62;1060906.36;2022-10-18T00:00:00
25318217;538833;Sulice;;;;;320901;Hluboèinka;1125214;K Borovinì;è.p.;1042;;;25168;735929.27;1060904.87;2013-12-31T00:00:00
25318225;538833;Sulice;;;;;320901;Hluboèinka;1125214;K Borovinì;è.p.;1043;;;25168;735889.97;1060930.15;2013-12-31T00:00:00
25318233;538833;Sulice;;;;;320901;Hluboèinka;1125214;K Borovinì;è.p.;1044;;;25168;735917.50;1060929.28;2022-10-18T00:00:00
25318241;538833;Sulice;;;;;320901;Hluboèinka;1125214;K Borovinì;è.p.;1045;;;25168;735879.92;1060952.00;2013-12-31T00:00:00
25318250;538833;Sulice;;;;;320901;Hluboèinka;1125214;K Borovinì;è.p.;1046;;;25168;735911.56;1060954.87;2022-10-18T00:00:00
25318268;538833;Sulice;;;;;320901;Hluboèinka;1125214;K Borovinì;è.p.;1047;;;25168;735878.36;1060977.81;2013-12-31T00:00:00
25318276;538833;Sulice;;;;;320901;Hluboèinka;1125214;K Borovinì;è.p.;1048;;;25168;735911.33;1060978.34;2013-12-31T00:00:00
25318284;538833;Sulice;;;;;320901;Hluboèinka;1125214;K Borovinì;è.p.;1049;;;25168;735870.71;1061000.46;2013-12-31T00:00:00
25318292;538833;Sulice;;;;;320901;Hluboèinka;1125214;K Borovinì;è.p.;1050;;;25168;735897.95;1061003.54;2022-10-18T00:00:00
25318306;538833;Sulice;;;;;320901;Hluboèinka;1125214;K Borovinì;è.p.;1051;;;25168;735864.12;1061023.37;2013-12-31T00:00:00
25318314;538833;Sulice;;;;;320901;Hluboèinka;1125214;K Borovinì;è.p.;1052;;;25168;735894.98;1061026.79;2013-12-31T00:00:00
25318322;538833;Sulice;;;;;320901;Hluboèinka;1125214;K Borovinì;è.p.;1053;;;25168;735851.57;1061040.70;2022-10-18T00:00:00
25318331;538833;Sulice;;;;;320901;Hluboèinka;1125192;U Lesa;è.p.;1054;;;25168;735991.22;1060929.79;2022-10-18T00:00:00
25318349;538833;Sulice;;;;;320901;Hluboèinka;1125192;U Lesa;è.p.;1055;;;25168;735973.90;1060912.33;2013-12-31T00:00:00
25318357;538833;Sulice;;;;;320901;Hluboèinka;1125192;U Lesa;è.p.;1056;;;25168;735985.18;1060952.34;2022-10-18T00:00:00
25318365;538833;Sulice;;;;;320901;Hluboèinka;1125192;U Lesa;è.p.;1057;;;25168;735961.80;1060927.25;2013-12-31T00:00:00
25318373;538833;Sulice;;;;;320901;Hluboèinka;1125192;U Lesa;è.p.;1058;;;25168;735978.23;1060973.87;2023-04-18T00:00:00
25318381;538833;Sulice;;;;;320901;Hluboèinka;1125192;U Lesa;è.p.;1059;;;25168;735962.33;1060951.13;2013-12-31T00:00:00
25318390;538833;Sulice;;;;;320901;Hluboèinka;1125192;U Lesa;è.p.;1060;;;25168;735981.12;1060996.09;2013-12-31T00:00:00
25318403;538833;Sulice;;;;;159425;Nechánice;1125036;Zelená;è.p.;504;;;25168;737159.63;1063088.15;2013-12-31T00:00:00
25318411;538833;Sulice;;;;;159425;Nechánice;1124650;Lomená;è.p.;505;;;25168;737154.74;1063199.92;2013-12-31T00:00:00
25318420;538833;Sulice;;;;;159425;Nechánice;1124650;Lomená;è.p.;506;;;25168;737168.49;1063161.40;2013-12-31T00:00:00
25318438;538833;Sulice;;;;;159425;Nechánice;1124650;Lomená;è.p.;507;;;25168;737197.95;1063183.43;2013-12-31T00:00:00
25318454;538833;Sulice;;;;;159425;Nechánice;1124650;Lomená;è.p.;509;;;25168;737258.34;1063163.91;2013-12-31T00:00:00
25318462;538833;Sulice;;;;;159425;Nechánice;1124650;Lomená;è.p.;510;;;25168;737241.84;1063132.19;2013-12-31T00:00:00
25694472;538833;Sulice;;;;;320901;Hluboèinka;1124293;Hlavní;è.p.;1100;;;25168;735148.02;1061581.91;2013-12-31T00:00:00
25694481;538833;Sulice;;;;;159425;Nechánice;1125036;Zelená;è.p.;500;;;25168;737113.65;1063107.58;2013-12-31T00:00:00
25734873;538833;Sulice;;;;;159441;Želivec;1124331;Rovná;è.p.;278;;;25168;733765.79;1063221.99;2013-12-31T00:00:00
25734881;538833;Sulice;;;;;159441;Želivec;1124331;Rovná;è.p.;279;;;25168;733755.51;1063241.11;2013-12-31T00:00:00
25734890;538833;Sulice;;;;;159441;Želivec;1124471;K Hájku;è.p.;286;;;25168;733910.48;1063709.88;2013-12-31T00:00:00
25734903;538833;Sulice;;;;;159441;Želivec;1124471;K Hájku;è.p.;287;;;25168;733792.95;1063634.33;2022-10-18T00:00:00
25734938;538833;Sulice;;;;;159441;Želivec;1124471;K Hájku;è.p.;290;;;25168;733788.26;1063664.60;2013-12-31T00:00:00
25734954;538833;Sulice;;;;;159441;Želivec;1124471;K Hájku;è.p.;292;;;25168;733812.47;1063681.88;2022-10-18T00:00:00
25734971;538833;Sulice;;;;;159441;Želivec;1124471;K Hájku;è.p.;294;;;25168;733831.90;1063693.46;2013-12-31T00:00:00
25734989;538833;Sulice;;;;;159441;Želivec;1124412;Štiøínská;è.p.;295;;;25168;733848.87;1063594.85;2018-04-20T00:00:00
25735004;538833;Sulice;;;;;159441;Želivec;1124471;K Hájku;è.p.;297;;;25168;733870.98;1063675.02;2013-12-31T00:00:00
25735012;538833;Sulice;;;;;159441;Želivec;1124471;K Hájku;è.p.;298;;;25168;733857.38;1063703.02;2013-12-31T00:00:00
25735021;538833;Sulice;;;;;159441;Želivec;1124455;K Lukám;è.p.;299;;;25168;734154.99;1063601.36;2013-12-31T00:00:00
25735039;538833;Sulice;;;;;159441;Želivec;1124455;K Lukám;è.p.;300;;;25168;734154.99;1063631.97;2013-12-31T00:00:00
25735055;538833;Sulice;;;;;159441;Želivec;1124455;K Lukám;è.p.;302;;;25168;734183.79;1063620.52;2022-10-18T00:00:00
25735063;538833;Sulice;;;;;159441;Želivec;1124455;K Lukám;è.p.;303;;;25168;734183.00;1063596.00;2013-12-31T00:00:00
25735071;538833;Sulice;;;;;159441;Želivec;1124455;K Lukám;è.p.;304;;;25168;734195.44;1063569.10;2013-12-31T00:00:00
25735080;538833;Sulice;;;;;159425;Nechánice;1125036;Zelená;è.p.;501;;;25168;737138.24;1063133.67;2013-12-31T00:00:00
25735098;538833;Sulice;;;;;159425;Nechánice;1125036;Zelená;è.p.;502;;;25168;737136.77;1063086.74;2013-12-31T00:00:00
25735101;538833;Sulice;;;;;159425;Nechánice;1125036;Zelená;è.p.;503;;;25168;737174.70;1063120.11;2013-12-31T00:00:00
25857347;538833;Sulice;;;;;159425;Nechánice;1125079;K Vrchánovu;è.p.;570;;;25168;737155.10;1063313.97;2013-12-31T00:00:00
25858807;538833;Sulice;;;;;159425;Nechánice;1125079;K Vrchánovu;è.p.;571;;;25168;737195.51;1063366.15;2013-12-31T00:00:00
25864882;538833;Sulice;;;;;159433;Sulice;1123955;K Návsi;è.p.;724;;;25168;735771.27;1061814.76;2014-01-07T00:00:00
25867920;538833;Sulice;;;;;159433;Sulice;1123955;K Návsi;è.p.;722;;;25168;735732.79;1061871.56;2014-05-07T00:00:00
25869141;538833;Sulice;;;;;159425;Nechánice;1125079;K Vrchánovu;è.p.;596;;;25168;737108.17;1063287.12;2013-12-31T00:00:00
25872796;538833;Sulice;;;;;159425;Nechánice;1125133;Džbánka;è.p.;556;;;25168;737425.64;1063371.32;2014-05-27T00:00:00
25873725;538833;Sulice;;;;;159425;Nechánice;1125117;Obrnìná;è.p.;600;;;25168;737452.12;1063496.88;2013-12-31T00:00:00
25874284;538833;Sulice;;;;;159433;Sulice;1124111;Na Stráni;è.p.;721;;;25168;735766.89;1061901.32;2014-01-07T00:00:00
25878344;538833;Sulice;;;;;159425;Nechánice;1125117;Obrnìná;è.p.;599;;;25168;737393.98;1063496.09;2013-12-31T00:00:00
25878689;538833;Sulice;;;;;159425;Nechánice;1125079;K Vrchánovu;è.p.;595;;;25168;737072.88;1063302.21;2013-12-31T00:00:00
25892151;538833;Sulice;;;;;159425;Nechánice;1125150;Zahradní;è.p.;597;;;25168;737012.49;1063486.71;2013-12-31T00:00:00
25895320;538833;Sulice;;;;;159433;Sulice;1124234;Ke Kostelci;è.p.;726;;;25168;735520.48;1062559.14;2014-01-07T00:00:00
25903918;538833;Sulice;;;;;159425;Nechánice;1125176;Svažitá;è.p.;594;;;25168;736958.44;1063170.87;2013-12-31T00:00:00
25904434;538833;Sulice;;;;;159425;Nechánice;1125133;Džbánka;è.p.;555;;;25168;737419.94;1063350.88;2013-12-31T00:00:00
25906119;538833;Sulice;;;;;159433;Sulice;1123955;K Návsi;è.p.;723;;;25168;735771.09;1061844.79;2014-01-07T00:00:00
25907913;538833;Sulice;;;;;159425;Nechánice;1125095;Nad Chvátalkou;è.p.;598;;;25168;737321.70;1063494.24;2017-08-08T00:00:00
25909215;538833;Sulice;;;;;159433;Sulice;1123912;Sulická náves;è.p.;725;;;25168;735524.23;1062052.11;2014-01-07T00:00:00
26028051;538833;Sulice;;;;;159433;Sulice;1123971;Pod Remízkem;è.p.;730;;;25168;735275.34;1062462.41;2014-01-07T00:00:00
26028077;538833;Sulice;;;;;159433;Sulice;1123971;Pod Remízkem;è.p.;732;;;25168;735247.13;1062476.98;2014-01-07T00:00:00
26028115;538833;Sulice;;;;;159433;Sulice;1123971;Pod Remízkem;è.p.;736;;;25168;735237.59;1062537.35;2014-01-07T00:00:00
26028131;538833;Sulice;;;;;159433;Sulice;1123971;Pod Remízkem;è.p.;738;;;25168;735226.26;1062565.60;2014-01-07T00:00:00
26028191;538833;Sulice;;;;;320901;Hluboèinka;1125192;U Lesa;è.p.;1061;;;25168;735949.35;1060974.33;2022-10-18T00:00:00
26028204;538833;Sulice;;;;;320901;Hluboèinka;1125192;U Lesa;è.p.;1062;;;25168;735986.77;1061020.61;2013-12-31T00:00:00
26028212;538833;Sulice;;;;;320901;Hluboèinka;1125192;U Lesa;è.p.;1063;;;25168;735950.15;1060996.89;2021-03-16T00:00:00
26028239;538833;Sulice;;;;;320901;Hluboèinka;1125290;Spojovací;è.p.;1065;;;25168;735925.77;1061020.96;2013-12-31T00:00:00
26028247;538833;Sulice;;;;;320901;Hluboèinka;1125290;Spojovací;è.p.;1066;;;25168;735942.65;1061048.59;2013-12-31T00:00:00
26028255;538833;Sulice;;;;;320901;Hluboèinka;1125290;Spojovací;è.p.;1067;;;25168;735914.75;1061055.39;2013-12-31T00:00:00
26028263;538833;Sulice;;;;;320901;Hluboèinka;1125290;Spojovací;è.p.;1068;;;25168;735883.34;1061063.07;2022-10-18T00:00:00
26028271;538833;Sulice;;;;;320901;Hluboèinka;1125290;Spojovací;è.p.;1069;;;25168;735854.24;1061070.38;2022-10-18T00:00:00
26028280;538833;Sulice;;;;;320901;Hluboèinka;1125290;Spojovací;è.p.;1070;;;25168;735836.79;1061078.07;2013-12-31T00:00:00
26028344;538833;Sulice;;;;;320901;Hluboèinka;1125311;Luèní;è.p.;1076;;;25168;735884.46;1061145.65;2013-12-31T00:00:00
26028387;538833;Sulice;;;;;320901;Hluboèinka;1125311;Luèní;è.p.;1080;;;25168;735929.07;1061125.45;2013-12-31T00:00:00
26028395;538833;Sulice;;;;;320901;Hluboèinka;1125311;Luèní;è.p.;1081;;;25168;735948.41;1061085.98;2013-12-31T00:00:00
26028417;538833;Sulice;;;;;320901;Hluboèinka;1125311;Luèní;è.p.;1083;;;25168;735980.46;1061109.18;2013-12-31T00:00:00
26028441;538833;Sulice;;;;;320901;Hluboèinka;1125192;U Lesa;è.p.;1086;;;25168;736010.13;1061044.64;2013-12-31T00:00:00
26028468;538833;Sulice;;;;;320901;Hluboèinka;1125192;U Lesa;è.p.;1088;;;25168;736041.41;1061087.22;2022-12-16T00:00:00
26028476;538833;Sulice;;;;;320901;Hluboèinka;1125192;U Lesa;è.p.;1089;;;25168;736074.88;1061103.05;2013-12-31T00:00:00
26028484;538833;Sulice;;;;;320901;Hluboèinka;1125559;Toèitá;è.p.;1101;;;25168;735159.42;1061565.65;2016-02-26T00:00:00
26028492;538833;Sulice;;;;;320901;Hluboèinka;1125559;Toèitá;è.p.;1102;;;25168;735173.69;1061611.85;2013-12-31T00:00:00
26028514;538833;Sulice;;;;;320901;Hluboèinka;1125559;Toèitá;è.p.;1104;;;25168;735146.72;1061634.38;2013-12-31T00:00:00
26028522;538833;Sulice;;;;;320901;Hluboèinka;1125559;Toèitá;è.p.;1105;;;25168;735222.42;1061620.23;2014-02-13T00:00:00
26028549;538833;Sulice;;;;;320901;Hluboèinka;1125559;Toèitá;è.p.;1107;;;25168;735193.79;1061645.21;2022-10-18T00:00:00
26028557;538833;Sulice;;;;;320901;Hluboèinka;1124293;Hlavní;è.p.;1108;;;25168;735088.65;1061682.11;2013-12-31T00:00:00
26028565;538833;Sulice;;;;;320901;Hluboèinka;1125559;Toèitá;è.p.;1109;;;25168;735177.85;1061664.22;2013-12-31T00:00:00
26028581;538833;Sulice;;;;;320901;Hluboèinka;1125591;Vìtrná;è.p.;1111;;;25168;735105.98;1061718.87;2014-11-10T00:00:00
26028590;538833;Sulice;;;;;320901;Hluboèinka;1125591;Vìtrná;è.p.;1112;;;25168;735055.77;1061745.59;2025-10-22T00:00:00
26028611;538833;Sulice;;;;;320901;Hluboèinka;1125591;Vìtrná;è.p.;1114;;;25168;735068.29;1061763.87;2013-12-31T00:00:00
26418487;538833;Sulice;;;;;159441;Želivec;1124510;Ke Skalce;è.p.;307;;;25168;734153.43;1063767.06;2013-12-31T00:00:00
26427940;538833;Sulice;;;;;159441;Želivec;1123998;Staroželivecká;è.p.;315;;;25168;733801.73;1062789.74;2013-12-31T00:00:00
26436698;538833;Sulice;;;;;159441;Želivec;1124391;Platanová;è.p.;306;;;25168;734025.29;1063343.90;2014-01-23T00:00:00
26439093;538833;Sulice;;;;;159441;Želivec;1124552;Lipová;è.p.;308;;;25168;734062.08;1063961.94;2013-12-31T00:00:00
26455463;538833;Sulice;;;;;159441;Želivec;1124013;Úzká;è.p.;311;;;25168;733908.48;1063354.07;2013-12-31T00:00:00
26456745;538833;Sulice;;;;;159441;Želivec;1123998;Staroželivecká;è.p.;318;;;25168;733899.34;1062663.11;2013-12-31T00:00:00
26459191;538833;Sulice;;;;;159441;Želivec;1124013;Úzká;è.p.;312;;;25168;733878.60;1063357.22;2018-01-10T00:00:00
26462150;538833;Sulice;;;;;159441;Želivec;1124471;K Hájku;è.p.;309;;;25168;733934.00;1063713.00;2013-12-31T00:00:00
26465493;538833;Sulice;;;;;159441;Želivec;1124331;Rovná;è.p.;313;;;25168;733868.44;1063148.56;2013-12-31T00:00:00
26469952;538833;Sulice;;;;;159441;Želivec;1123998;Staroželivecká;è.p.;319;;;25168;733858.01;1062678.33;2013-12-31T00:00:00
26470551;538833;Sulice;;;;;159441;Želivec;1123998;Staroželivecká;è.p.;316;;;25168;733835.41;1062889.95;2013-12-31T00:00:00
26479818;538833;Sulice;;;;;159441;Želivec;1124293;Hlavní;è.p.;310;;;25168;734042.67;1063149.81;2013-12-31T00:00:00
26486491;538833;Sulice;;;;;159441;Želivec;1123998;Staroželivecká;è.p.;317;;;25168;733804.12;1062913.61;2013-12-31T00:00:00
26798999;538833;Sulice;;;;;159425;Nechánice;1125010;Heømánková;è.p.;536;;;25168;737266.54;1063009.84;2013-12-31T00:00:00
26799006;538833;Sulice;;;;;159425;Nechánice;1125010;Heømánková;è.p.;540;;;25168;737295.72;1062956.35;2013-12-31T00:00:00
26799014;538833;Sulice;;;;;159441;Želivec;1124579;Osmidomí;è.ev.;49;;;25168;734271.58;1064043.45;2013-12-31T00:00:00
26799022;538833;Sulice;;;;;320901;Hluboèinka;1125192;U Lesa;è.p.;50;;;25168;736180.74;1060672.63;2013-12-31T00:00:00
26799031;538833;Sulice;;;;;320901;Hluboèinka;1125419;Na Vyhlídce;è.p.;827;;;25168;735497.80;1061344.74;2013-12-31T00:00:00
27268845;538833;Sulice;;;;;159433;Sulice;1123955;K Návsi;è.p.;777;;;25168;735583.54;1062281.10;2014-01-07T00:00:00
27268861;538833;Sulice;;;;;159433;Sulice;1124218;Jílovská;è.p.;779;;;25168;735997.89;1062376.87;2014-01-07T00:00:00
27268870;538833;Sulice;;;;;159433;Sulice;1124153;Jahodová;è.p.;780;;;25168;735618.33;1061945.09;2014-01-07T00:00:00
27268934;538833;Sulice;;;;;159433;Sulice;1125371;Sluneèná;è.p.;786;;;25168;735614.53;1061720.01;2014-01-07T00:00:00
27268951;538833;Sulice;;;;;159433;Sulice;1125371;Sluneèná;è.p.;788;;;25168;735587.34;1061686.16;2024-02-29T00:00:00
27268969;538833;Sulice;;;;;159433;Sulice;1125371;Sluneèná;è.p.;789;;;25168;735568.95;1061663.29;2024-02-29T00:00:00
27268985;538833;Sulice;;;;;159433;Sulice;1124099;Soubìžná;è.p.;791;;;25168;735507.84;1061681.85;2014-01-07T00:00:00
27271862;538833;Sulice;;;;;159441;Želivec;1124013;Úzká;è.p.;320;;;25168;733908.38;1063318.86;2013-12-31T00:00:00
27271889;538833;Sulice;;;;;159441;Želivec;1124536;Na Kopeèku;è.p.;322;;;25168;733842.15;1063847.71;2013-12-31T00:00:00
27271897;538833;Sulice;;;;;159441;Želivec;1124358;Ve Vilkách;è.p.;323;;;25168;733972.03;1063211.79;2013-12-31T00:00:00
27271919;538833;Sulice;;;;;159441;Želivec;1124579;Osmidomí;è.p.;325;;;25168;734061.45;1064032.49;2013-12-31T00:00:00
27271960;538833;Sulice;;;;;159441;Želivec;1124510;Ke Skalce;è.p.;330;;;25168;734089.05;1063803.40;2013-12-31T00:00:00
27272001;538833;Sulice;;;;;159441;Želivec;1124510;Ke Skalce;è.p.;334;;;25168;734135.00;1063809.00;2013-12-31T00:00:00
27272109;538833;Sulice;;;;;159441;Želivec;1124293;Hlavní;è.p.;344;;;25168;734034.47;1062997.25;2013-12-31T00:00:00
27272117;538833;Sulice;;;;;159441;Želivec;1124293;Hlavní;è.p.;345;;;25168;734126.79;1062941.06;2013-12-31T00:00:00
27272141;538833;Sulice;;;;;159441;Želivec;1124374;Školní;è.p.;348;;;25168;734062.92;1063178.54;2013-12-31T00:00:00
27272150;538833;Sulice;;;;;159441;Želivec;1124374;Školní;è.p.;349;;;25168;734113.94;1063223.51;2013-12-31T00:00:00
27379957;538833;Sulice;;;;;159425;Nechánice;1125176;Svažitá;è.p.;550;;;25168;736925.00;1063158.00;2013-12-31T00:00:00
27560091;538833;Sulice;;;;;159425;Nechánice;1125010;Heømánková;è.p.;531;;;25168;737161.18;1063046.25;2013-12-31T00:00:00
27900525;538833;Sulice;;;;;159441;Želivec;1124838;Osiková;è.p.;355;;;25168;734255.65;1062499.11;2014-01-07T00:00:00
27900606;538833;Sulice;;;;;159441;Želivec;1124838;Osiková;è.p.;363;;;25168;734250.13;1062466.48;2014-01-07T00:00:00
27900614;538833;Sulice;;;;;159441;Želivec;1124617;Sakurová;è.p.;364;;;25168;734295.23;1062422.27;2014-01-07T00:00:00
27900631;538833;Sulice;;;;;159441;Želivec;1124617;Sakurová;è.p.;366;;;25168;734340.28;1062419.41;2014-01-07T00:00:00
27900649;538833;Sulice;;;;;159441;Želivec;1124617;Sakurová;è.p.;367;;;25168;734368.13;1062419.69;2014-01-07T00:00:00
27900657;538833;Sulice;;;;;159441;Želivec;1124854;Kaštanová;è.p.;368;;;25168;734396.27;1062424.39;2014-01-07T00:00:00
27900673;538833;Sulice;;;;;159441;Želivec;1124595;Akátová;è.p.;370;;;25168;734456.77;1062364.07;2014-01-07T00:00:00
27900681;538833;Sulice;;;;;159441;Želivec;1124595;Akátová;è.p.;371;;;25168;734421.21;1062357.44;2014-01-07T00:00:00
27900703;538833;Sulice;;;;;159441;Želivec;1124595;Akátová;è.p.;373;;;25168;734371.76;1062353.40;2014-01-07T00:00:00
27900720;538833;Sulice;;;;;159441;Želivec;1124871;Vrbová;è.p.;375;;;25168;734307.80;1062358.57;2014-01-07T00:00:00
27900746;538833;Sulice;;;;;159441;Želivec;1124617;Sakurová;è.p.;377;;;25168;734331.69;1062396.65;2014-01-07T00:00:00
27900754;538833;Sulice;;;;;159441;Želivec;1124617;Sakurová;è.p.;378;;;25168;734364.43;1062390.11;2014-01-07T00:00:00
27900762;538833;Sulice;;;;;159441;Želivec;1124617;Sakurová;è.p.;379;;;25168;734396.10;1062392.67;2014-01-07T00:00:00
27900771;538833;Sulice;;;;;159441;Želivec;1124951;Dubová;è.p.;380;;;25168;734147.00;1062462.00;2014-01-07T00:00:00
27900797;538833;Sulice;;;;;159441;Želivec;1124919;K Rybníèku;è.p.;382;;;25168;734148.48;1062415.95;2014-01-07T00:00:00
27900819;538833;Sulice;;;;;159441;Želivec;1124951;Dubová;è.p.;384;;;25168;734118.67;1062444.08;2014-01-07T00:00:00
27901475;538833;Sulice;;;;;159441;Želivec;1124978;Azalková;è.p.;428;;;25168;733906.51;1062504.82;2024-10-08T00:00:00
27901637;538833;Sulice;;;;;159441;Želivec;1124978;Azalková;è.p.;444;;;25168;733849.89;1062491.57;2014-01-08T00:00:00
27901645;538833;Sulice;;;;;159441;Želivec;1124978;Azalková;è.p.;445;;;25168;733854.86;1062520.83;2014-01-07T00:00:00
27901874;538833;Sulice;;;;;159441;Želivec;1124595;Akátová;è.p.;468;;;25168;734450.73;1062328.76;2017-01-11T00:00:00
27901904;538833;Sulice;;;;;159441;Želivec;1124595;Akátová;è.p.;471;;;25168;734368.93;1062332.98;2014-01-07T00:00:00
27901912;538833;Sulice;;;;;159441;Želivec;1124595;Akátová;è.p.;472;;;25168;734342.63;1062331.96;2014-01-07T00:00:00
27901947;538833;Sulice;;;;;159441;Želivec;1124871;Vrbová;è.p.;475;;;25168;734277.78;1062335.42;2014-01-07T00:00:00
27901980;538833;Sulice;;;;;159441;Želivec;1124871;Vrbová;è.p.;479;;;25168;734257.15;1062427.80;2014-01-07T00:00:00
27901998;538833;Sulice;;;;;159441;Želivec;1124218;Jílovská;è.p.;480;;;25168;734668.89;1062140.18;2014-01-07T00:00:00
28455720;538833;Sulice;;;;;159425;Nechánice;1125010;Heømánková;è.p.;539;;;25168;737327.44;1062976.66;2013-12-31T00:00:00
30909627;538833;Sulice;;;;;159425;Nechánice;1125176;Svažitá;è.p.;549;;;25168;737148.24;1063020.34;2013-12-31T00:00:00
30909635;538833;Sulice;;;;;159425;Nechánice;;;è.ev.;45;;;25168;737163.64;1062819.62;2014-01-02T00:00:00
30909643;538833;Sulice;;;;;159425;Nechánice;1125176;Svažitá;è.p.;698;;;25168;736933.54;1063278.01;2023-05-17T00:00:00
30909724;538833;Sulice;;;;;159441;Želivec;;;è.ev.;57;;;25168;733806.58;1063475.06;2013-12-05T00:00:00
30967287;538833;Sulice;;;;;320901;Hluboèinka;1125214;K Borovinì;è.ev.;44;;;25168;736154.20;1060616.84;2022-10-18T00:00:00
40165558;538833;Sulice;;;;;320901;Hluboèinka;1125214;K Borovinì;è.ev.;12;;;25168;736152.01;1060644.03;2013-12-31T00:00:00
40165566;538833;Sulice;;;;;320901;Hluboèinka;;;è.ev.;43;;;25168;736126.87;1060633.56;2014-01-02T00:00:00
40380459;538833;Sulice;;;;;159425;Nechánice;1125036;Zelená;è.p.;520;;;25168;737209.61;1063072.16;2013-12-31T00:00:00
40796671;538833;Sulice;;;;;159433;Sulice;1123971;Pod Remízkem;è.p.;753;;;25168;735128.67;1062556.11;2014-01-07T00:00:00
41244338;538833;Sulice;;;;;320901;Hluboèinka;1124293;Hlavní;è.p.;1097;;;25168;735222.90;1061455.70;2013-12-31T00:00:00
41252446;538833;Sulice;;;;;320901;Hluboèinka;1124293;Hlavní;è.p.;1098;;;25168;735219.66;1061477.11;2013-12-31T00:00:00
41378709;538833;Sulice;;;;;320901;Hluboèinka;1124293;Hlavní;è.p.;1099;;;25168;735245.64;1061419.15;2013-12-31T00:00:00
41560728;538833;Sulice;;;;;159425;Nechánice;1125010;Heømánková;è.p.;537;;;25168;737276.04;1062968.28;2013-12-31T00:00:00
42552311;538833;Sulice;;;;;159425;Nechánice;1125176;Svažitá;è.ev.;51;;;25168;736934.99;1063224.88;2013-12-31T00:00:00
70829055;538833;Sulice;;;;;320901;Hluboèinka;1125214;K Borovinì;è.ev.;47;;;25168;736122.33;1060593.79;2014-10-27T00:00:00
70831700;538833;Sulice;;;;;159441;Želivec;1124579;Osmidomí;è.ev.;48;;;25168;734243.26;1063981.88;2014-01-07T00:00:00
71089268;538833;Sulice;;;;;159441;Želivec;1124871;Vrbová;è.p.;474;;;25168;734278.73;1062315.11;2014-01-21T00:00:00
71747893;538833;Sulice;;;;;159425;Nechánice;1125176;Svažitá;è.ev.;9;;;25168;736782.75;1063264.01;2014-02-06T00:00:00
71905090;538833;Sulice;;;;;159441;Želivec;1124897;Na Køížkách;è.p.;102;;;25168;734231.12;1062378.76;2020-07-24T00:00:00
72609419;538833;Sulice;;;;;320901;Hluboèinka;1125532;Chmelová;è.p.;890;;;25168;735091.68;1061515.29;2014-04-25T00:00:00
72624914;538833;Sulice;;;;;159441;Želivec;1124595;Akátová;è.p.;469;;;25168;734428.50;1062334.40;2023-01-24T00:00:00
72649054;538833;Sulice;;;;;159433;Sulice;1124277;Okružní;è.p.;764;;;25168;735360.11;1062282.64;2014-05-12T00:00:00
72883341;538833;Sulice;;;;;159441;Želivec;1124633;Schovaná;è.p.;1310;;;25168;734116.35;1063890.60;2014-07-10T00:00:00
72897627;538833;Sulice;;;;;159425;Nechánice;1125176;Svažitá;è.p.;544;;;25168;737030.47;1063135.01;2014-07-16T00:00:00
72977965;538833;Sulice;;;;;159441;Želivec;1124978;Azalková;è.p.;423;;;25168;733956.52;1062572.12;2014-08-13T00:00:00
72985381;538833;Sulice;;;;;159441;Želivec;1124854;Kaštanová;è.p.;458;;;25168;734415.48;1062456.11;2014-08-15T00:00:00
72999730;538833;Sulice;;;;;159441;Želivec;1124838;Osiková;è.p.;353;;;25168;734320.51;1062497.10;2014-08-21T00:00:00
73059242;538833;Sulice;;;;;159433;Sulice;1124099;Soubìžná;è.p.;711;;;25168;735536.29;1061782.03;2014-09-16T00:00:00
73082937;538833;Sulice;;;;;159441;Želivec;1124838;Osiková;è.p.;354;;;25168;734285.78;1062498.58;2014-09-25T00:00:00
73111562;538833;Sulice;;;;;159441;Želivec;1124471;K Hájku;è.p.;288;;;25168;733888.92;1063699.54;2014-10-07T00:00:00
73112861;538833;Sulice;;;;;159441;Želivec;1124854;Kaštanová;è.p.;350;;;25168;734234.16;1062604.73;2014-10-07T00:00:00
73132381;538833;Sulice;;;;;159441;Želivec;1124595;Akátová;è.p.;470;;;25168;734389.61;1062329.90;2014-10-15T00:00:00
73183083;538833;Sulice;;;;;159441;Želivec;1124978;Azalková;è.p.;424;;;25168;733922.08;1062555.36;2014-11-05T00:00:00
73198617;538833;Sulice;;;;;159441;Želivec;1124595;Akátová;è.p.;473;;;25168;734310.08;1062319.73;2014-11-12T00:00:00
73233803;538833;Sulice;;;;;159433;Sulice;1123955;K Návsi;è.ev.;52;;;25168;735674.76;1061860.54;2014-11-27T00:00:00
73243451;538833;Sulice;;;;;159433;Sulice;1124277;Okružní;è.p.;763;;;25168;735236.58;1062397.76;2014-12-02T00:00:00
73250848;538833;Sulice;;;;;159425;Nechánice;1125095;Nad Chvátalkou;è.p.;613;;;25168;737198.05;1063433.81;2014-12-04T00:00:00
73293571;538833;Sulice;;;;;159441;Želivec;1124293;Hlavní;è.p.;321;;;25168;733954.45;1063593.36;2014-12-19T00:00:00
73322661;538833;Sulice;;;;;159425;Nechánice;1125176;Svažitá;è.p.;541;;;25168;736746.06;1063288.79;2015-01-07T00:00:00
73368741;538833;Sulice;;;;;159441;Želivec;1124951;Dubová;è.p.;399;;;25168;734038.71;1062555.58;2015-01-22T00:00:00
73484733;538833;Sulice;;;;;159433;Sulice;1124099;Soubìžná;è.p.;714;;;25168;735554.23;1061763.22;2015-03-05T00:00:00
73488861;538833;Sulice;;;;;159441;Želivec;1124978;Azalková;è.p.;429;;;25168;733931.29;1062443.34;2015-03-06T00:00:00
73505536;538833;Sulice;;;;;159433;Sulice;1124277;Okružní;è.p.;758;;;25168;735317.78;1062340.36;2015-03-12T00:00:00
73555801;538833;Sulice;;;;;320901;Hluboèinka;1125478;Na Oblouku;è.p.;1213;;;25168;735704.43;1061029.66;2015-03-31T00:00:00
73602698;538833;Sulice;;;;;159441;Želivec;1124951;Dubová;è.p.;406;;;25168;734080.19;1062621.14;2015-04-17T00:00:00
73619868;538833;Sulice;;;;;159441;Želivec;1124951;Dubová;è.p.;395;;;25168;734015.70;1062490.56;2015-04-23T00:00:00
73655368;538833;Sulice;;;;;159425;Nechánice;1125133;Džbánka;è.p.;568;;;25168;737490.25;1063263.76;2015-05-05T00:00:00
73689211;538833;Sulice;;;;;320901;Hluboèinka;1125478;Na Oblouku;è.p.;1203;;;25168;735634.95;1061023.66;2015-05-15T00:00:00
73709930;538833;Sulice;;;;;320901;Hluboèinka;1125516;Úvozová;è.p.;1095;;;25168;735086.23;1061428.31;2015-05-21T00:00:00
73715689;538833;Sulice;;;;;159441;Želivec;1124854;Kaštanová;è.p.;463;;;25168;734491.68;1062373.03;2015-05-25T00:00:00
73729841;538833;Sulice;;;;;159433;Sulice;1124277;Okružní;è.p.;754;;;25168;735276.16;1062423.15;2015-05-28T00:00:00
73734438;538833;Sulice;;;;;159425;Nechánice;1125079;K Vrchánovu;è.p.;545;;;25168;737039.32;1063282.12;2015-06-01T00:00:00
73800872;538833;Sulice;;;;;159441;Želivec;1124854;Kaštanová;è.p.;415;;;25168;734158.57;1062646.58;2015-06-22T00:00:00
73820750;538833;Sulice;;;;;159441;Želivec;1124854;Kaštanová;è.p.;359;;;25168;734367.58;1062457.76;2015-06-25T00:00:00
73914631;538833;Sulice;;;;;320901;Hluboèinka;1125273;Javorová;è.p.;998;;;25168;735831.34;1060949.89;2015-07-28T00:00:00
73914746;538833;Sulice;;;;;320901;Hluboèinka;1125257;K Potoku;è.p.;967;;;25168;736050.69;1060902.45;2015-07-28T00:00:00
73975893;538833;Sulice;;;;;159441;Želivec;1124374;Školní;è.p.;343;;;25168;734171.40;1063215.19;2015-08-24T00:00:00
73999962;538833;Sulice;;;;;159433;Sulice;1124153;Jahodová;è.p.;708;;;25168;735482.50;1061927.08;2015-08-31T00:00:00
74001477;538833;Sulice;;;;;159441;Želivec;1124471;K Hájku;è.p.;1320;;;25168;733864.07;1063697.75;2015-09-01T00:00:00
74102419;538833;Sulice;;;;;159425;Nechánice;1125036;Zelená;è.p.;526;;;25168;737317.54;1063035.29;2015-09-24T00:00:00
74172671;538833;Sulice;;;;;159433;Sulice;1123939;Zadní;è.p.;62;;;25168;735637.67;1062358.42;2015-10-22T00:00:00
74204246;538833;Sulice;;;;;159441;Želivec;1124595;Akátová;è.p.;372;;;25168;734396.54;1062353.46;2015-11-03T00:00:00
74329162;538833;Sulice;;;;;159441;Želivec;1124951;Dubová;è.p.;389;;;25168;734083.58;1062457.05;2015-12-03T00:00:00
74370383;538833;Sulice;;;;;159441;Želivec;1124871;Vrbová;è.p.;477;;;25168;734273.18;1062385.01;2015-12-14T00:00:00
74372513;538833;Sulice;;;;;159441;Želivec;1124412;Štiøínská;è.p.;326;;;25168;733900.16;1063501.19;2015-12-22T00:00:00
74395319;538833;Sulice;;;;;159441;Želivec;1124471;K Hájku;è.p.;1321;;;25168;733936.55;1063686.00;2015-12-21T00:00:00
74401271;538833;Sulice;;;;;159441;Želivec;1124854;Kaštanová;è.p.;456;;;25168;734386.52;1062485.33;2015-12-22T00:00:00
74523058;538833;Sulice;;;;;159441;Želivec;1124978;Azalková;è.p.;443;;;25168;733843.13;1062454.57;2016-01-29T00:00:00
74553046;538833;Sulice;;;;;159441;Želivec;1124897;Na Køížkách;è.p.;383;;;25168;734186.33;1062498.85;2016-02-08T00:00:00
74603582;538833;Sulice;;;;;159425;Nechánice;1125176;Svažitá;è.p.;638;;;25168;736903.66;1063378.67;2016-02-17T00:00:00
74683306;538833;Sulice;;;;;159425;Nechánice;1125079;K Vrchánovu;è.p.;573;;;25168;737180.90;1063342.92;2016-03-09T00:00:00
74737821;538833;Sulice;;;;;159441;Želivec;1124838;Osiková;è.p.;356;;;25168;734219.72;1062497.90;2016-03-18T00:00:00
74971107;538833;Sulice;;;;;159441;Želivec;1124978;Azalková;è.p.;431;;;25168;733948.94;1062414.97;2016-05-05T00:00:00
75035278;538833;Sulice;;;;;159441;Želivec;1124854;Kaštanová;è.p.;352;;;25168;734292.31;1062539.52;2016-05-23T00:00:00
75073889;538833;Sulice;;;;;159425;Nechánice;1125133;Džbánka;è.p.;569;;;25168;737496.11;1063220.67;2016-06-02T00:00:00
75093111;538833;Sulice;;;;;320901;Hluboèinka;1125435;Dlouhá;è.p.;1227;;;25168;735723.37;1060885.04;2016-06-08T00:00:00
75093758;538833;Sulice;;;;;320901;Hluboèinka;1125273;Javorová;è.p.;1012;;;25168;735772.12;1061113.99;2016-06-09T00:00:00
75138379;538833;Sulice;;;;;159433;Sulice;1123891;U Kaplièky;è.p.;707;;;25168;735496.17;1061829.20;2016-06-22T00:00:00
75191431;538833;Sulice;;;;;159433;Sulice;1124277;Okružní;è.p.;765;;;25168;735390.88;1062269.56;2016-07-13T00:00:00
75252279;538833;Sulice;;;;;159441;Želivec;1124510;Ke Skalce;è.p.;331;;;25168;734071.00;1063854.20;2016-08-05T00:00:00
75252538;538833;Sulice;;;;;159433;Sulice;1124251;Na Vršku;è.p.;271;;;25168;735439.81;1062592.22;2016-08-05T00:00:00
75266334;538833;Sulice;;;;;159425;Nechánice;1125133;Džbánka;è.p.;565;;;25168;737412.80;1063250.70;2016-08-12T00:00:00
75291185;538833;Sulice;;;;;320901;Hluboèinka;1124293;Hlavní;è.p.;814;;;25168;735363.36;1061308.54;2016-08-24T00:00:00
75295831;538833;Sulice;;;;;159441;Želivec;1124510;Ke Skalce;è.p.;341;;;25168;734158.29;1063820.70;2016-08-25T00:00:00
75330431;538833;Sulice;;;;;159425;Nechánice;1124650;Lomená;è.p.;513;;;25168;737114.78;1063194.39;2016-09-09T00:00:00
75348993;538833;Sulice;;;;;159425;Nechánice;1125036;Zelená;è.p.;523;;;25168;737243.47;1063087.86;2016-09-19T00:00:00
75412632;538833;Sulice;;;;;159441;Želivec;1124854;Kaštanová;è.p.;369;;;25168;734435.37;1062390.48;2016-10-12T00:00:00
75448530;538833;Sulice;;;;;159441;Želivec;1124897;Na Køížkách;è.p.;413;;;25168;734173.28;1062523.96;2016-10-20T00:00:00
75584859;538833;Sulice;;;;;320901;Hluboèinka;1125478;Na Oblouku;è.p.;1205;;;25168;735663.36;1061029.84;2016-11-28T00:00:00
75629291;538833;Sulice;;;;;159433;Sulice;1124277;Okružní;è.p.;755;;;25168;735260.01;1062267.67;2016-12-09T00:00:00
75629887;538833;Sulice;;;;;159441;Želivec;1124871;Vrbová;è.p.;478;;;25168;734261.73;1062407.33;2016-12-09T00:00:00
75647362;538833;Sulice;;;;;159441;Želivec;1124935;Oøechová;è.p.;403;;;25168;734109.97;1062528.70;2016-12-14T00:00:00
75694808;538833;Sulice;;;;;159441;Želivec;1124951;Dubová;è.p.;392;;;25168;734006.51;1062426.36;2017-01-04T00:00:00
75774445;538833;Sulice;;;;;159441;Želivec;1124293;Hlavní;è.p.;499;;;25168;734470.95;1062509.54;2017-01-26T00:00:00
75774674;538833;Sulice;;;;;159433;Sulice;1123971;Pod Remízkem;è.p.;731;;;25168;735303.33;1062487.92;2017-01-26T00:00:00
75857464;538833;Sulice;;;;;159441;Želivec;1124854;Kaštanová;è.p.;460;;;25168;734441.20;1062425.92;2017-02-21T00:00:00
75932091;538833;Sulice;;;;;159425;Nechánice;1125052;Jetelová;è.p.;651;;;25168;737265.49;1063199.74;2017-03-15T00:00:00
76014746;538833;Sulice;;;;;159441;Želivec;1124838;Osiková;è.p.;360;;;25168;734326.90;1062476.55;2017-03-31T00:00:00
76037851;538833;Sulice;;;;;159433;Sulice;1123971;Pod Remízkem;è.p.;734;;;25168;735255.46;1062518.63;2017-04-05T00:00:00
76073181;538833;Sulice;;;;;159441;Želivec;1124951;Dubová;è.p.;386;;;25168;734093.64;1062428.10;2017-04-12T00:00:00
76110303;538833;Sulice;;;;;159441;Želivec;1124951;Dubová;è.p.;396;;;25168;733987.42;1062507.42;2022-05-20T00:00:00
76122875;538833;Sulice;;;;;159425;Nechánice;1125079;K Vrchánovu;è.p.;581;;;25168;737008.61;1063350.87;2017-04-28T00:00:00
76128318;538833;Sulice;;;;;159441;Želivec;1124978;Azalková;è.p.;441;;;25168;733847.30;1062388.52;2017-05-03T00:00:00
76204847;538833;Sulice;;;;;159441;Želivec;1124552;Lipová;è.p.;1304;;;25168;734132.27;1063948.77;2017-06-05T00:00:00
76301494;538833;Sulice;;;;;159441;Želivec;1124871;Vrbová;è.p.;476;;;25168;734273.47;1062356.70;2017-06-16T00:00:00
77246110;538833;Sulice;;;;;159441;Želivec;1124854;Kaštanová;è.p.;467;;;25168;734489.31;1062332.92;2017-07-04T00:00:00
77483057;538833;Sulice;;;;;159441;Želivec;1124331;Rovná;è.p.;327;;;25168;733788.77;1063179.80;2017-07-13T00:00:00
77532996;538833;Sulice;;;;;159441;Želivec;1124331;Rovná;è.p.;314;;;25168;733833.78;1063164.02;2017-07-27T00:00:00
77647734;538833;Sulice;;;;;159425;Nechánice;1125095;Nad Chvátalkou;è.p.;699;;;25168;737608.17;1063691.54;2017-09-14T00:00:00
77655117;538833;Sulice;;;;;159441;Želivec;1124935;Oøechová;è.p.;401;;;25168;734079.95;1062509.06;2017-09-19T00:00:00
77657349;538833;Sulice;;;;;320901;Hluboèinka;1125435;Dlouhá;è.p.;1236;;;25168;735611.28;1060974.09;2017-09-19T00:00:00
77657390;538833;Sulice;;;;;320901;Hluboèinka;1125435;Dlouhá;è.p.;1241;;;25168;735569.17;1061095.14;2017-09-19T00:00:00
77679393;538833;Sulice;;;;;320901;Hluboèinka;1125478;Na Oblouku;è.p.;1207;;;25168;735678.94;1060999.67;2017-09-27T00:00:00
77679989;538833;Sulice;;;;;159441;Želivec;1124854;Kaštanová;è.p.;448;;;25168;733944.34;1062646.94;2017-09-27T00:00:00
77697316;538833;Sulice;;;;;159441;Želivec;1124978;Azalková;è.p.;434;;;25168;733895.51;1062429.32;2017-10-05T00:00:00
77699441;538833;Sulice;;;;;159425;Nechánice;1125176;Svažitá;è.p.;546;;;25168;737010.97;1063169.03;2017-10-06T00:00:00
77735510;538833;Sulice;;;;;159425;Nechánice;2139812;Jitrocelová;è.p.;636;;;25168;737357.27;1063238.74;2017-10-20T00:00:00
77759001;538833;Sulice;;;;;320901;Hluboèinka;2154552;Sportovní;è.p.;1190;;;25168;735642.29;1060695.05;2017-10-31T00:00:00
77775481;538833;Sulice;;;;;320901;Hluboèinka;1125435;Dlouhá;è.p.;1232;;;25168;735659.41;1060920.80;2017-11-06T00:00:00
77776038;538833;Sulice;;;;;320901;Hluboèinka;1125435;Dlouhá;è.p.;1229;;;25168;735691.20;1060920.53;2017-11-06T00:00:00
77789717;538833;Sulice;;;;;320901;Hluboèinka;1125478;Na Oblouku;è.p.;1212;;;25168;735708.11;1061061.69;2017-11-09T00:00:00
77829301;538833;Sulice;;;;;320901;Hluboèinka;1125435;Dlouhá;è.p.;1237;;;25168;735611.00;1061009.51;2017-11-28T00:00:00
77841972;538833;Sulice;;;;;159441;Želivec;1124854;Kaštanová;è.p.;461;;;25168;734456.99;1062407.63;2017-12-04T00:00:00
77842961;538833;Sulice;;;;;159441;Želivec;1124471;K Hájku;è.p.;289;;;25168;733809.70;1063651.37;2025-08-04T00:00:00
77897072;538833;Sulice;;;;;159441;Želivec;1124838;Osiková;è.p.;362;;;25168;734263.82;1062473.84;2017-12-21T00:00:00
77931149;538833;Sulice;;;;;159441;Želivec;1124471;K Hájku;è.p.;293;;;25168;733837.44;1063617.59;2018-01-12T00:00:00
77943945;538833;Sulice;;;;;320901;Hluboèinka;1125435;Dlouhá;è.p.;1228;;;25168;735702.36;1060870.28;2018-01-17T00:00:00
77949226;538833;Sulice;;;;;159441;Želivec;1124510;Ke Skalce;è.p.;332;;;25168;734108.69;1063802.29;2018-01-18T00:00:00
77980999;538833;Sulice;;;;;159425;Nechánice;1125133;Džbánka;è.p.;557;;;25168;737420.85;1063298.69;2018-02-01T00:00:00
78055881;538833;Sulice;;;;;159441;Želivec;1124951;Dubová;è.p.;400;;;25168;734012.52;1062571.68;2018-02-26T00:00:00
78321743;538833;Sulice;;;;;159425;Nechánice;1125133;Džbánka;è.p.;563;;;25168;737468.25;1063262.02;2018-05-16T00:00:00
78352762;538833;Sulice;;;;;159425;Nechánice;2260085;U Obory;è.p.;1501;;;25168;736589.81;1063949.66;2018-05-16T00:00:00
78370922;538833;Sulice;;;;;159441;Želivec;1124331;Rovná;è.p.;346;;;25168;733817.59;1063150.97;2018-05-23T00:00:00
78407168;538833;Sulice;;;;;320901;Hluboèinka;1125435;Dlouhá;è.p.;1226;;;25168;735718.53;1060853.89;2018-06-05T00:00:00
78545943;538833;Sulice;;;;;159433;Sulice;1124277;Okružní;è.p.;761;;;25168;735289.61;1062386.97;2018-07-24T00:00:00
78591619;538833;Sulice;;;;;320901;Hluboèinka;1125435;Dlouhá;è.p.;1235;;;25168;735635.89;1060984.38;2018-08-10T00:00:00
78672163;538833;Sulice;;;;;159441;Želivec;1124439;Kostelecká;è.p.;1323;;;25168;734251.14;1063628.46;2018-09-10T00:00:00
78672449;538833;Sulice;;;;;320901;Hluboèinka;1125435;Dlouhá;è.p.;1234;;;25168;735634.96;1060944.29;2018-09-10T00:00:00
78706467;538833;Sulice;;;;;320901;Hluboèinka;1125435;Dlouhá;è.p.;1233;;;25168;735655.59;1060965.58;2018-09-20T00:00:00
78784310;538833;Sulice;;;;;159441;Želivec;1124617;Sakurová;è.p.;365;;;25168;734315.30;1062416.65;2018-10-18T00:00:00
79009891;538833;Sulice;;;;;320901;Hluboèinka;1125311;Luèní;è.p.;1077;;;25168;735882.89;1061114.49;2018-12-21T00:00:00
79053807;538833;Sulice;;;;;159441;Želivec;1124978;Azalková;è.p.;436;;;25168;733913.76;1062415.93;2019-01-11T00:00:00
79069614;538833;Sulice;;;;;159441;Želivec;1124935;Oøechová;è.p.;385;;;25168;734129.61;1062496.72;2019-01-17T00:00:00
79070728;538833;Sulice;;;;;159425;Nechánice;1124994;Lesní;è.p.;657;;;25168;737341.63;1063166.10;2019-01-17T00:00:00
79091831;538833;Sulice;;;;;159441;Želivec;1124293;Hlavní;è.p.;1330;;;25168;733976.44;1063271.12;2019-01-25T00:00:00
79120130;538833;Sulice;;;;;159425;Nechánice;1125176;Svažitá;è.p.;697;;;25168;736930.44;1063185.03;2019-02-05T00:00:00
79170226;538833;Sulice;;;;;159441;Želivec;1124978;Azalková;è.p.;439;;;25168;733959.31;1062381.17;2019-02-21T00:00:00
79170242;538833;Sulice;;;;;320901;Hluboèinka;1125478;Na Oblouku;è.p.;1206;;;25168;735637.22;1061050.69;2019-02-21T00:00:00
79171737;538833;Sulice;;;;;320901;Hluboèinka;1125435;Dlouhá;è.p.;1223;;;25168;735772.01;1060835.51;2019-02-22T00:00:00
79186459;538833;Sulice;;;;;320901;Hluboèinka;1125575;Krajní;è.p.;1120;;;25168;735019.20;1061518.90;2019-03-13T00:00:00
79260667;538833;Sulice;;;;;159425;Nechánice;1125133;Džbánka;è.p.;558;;;25168;737524.44;1063305.87;2019-03-28T00:00:00
79315178;538833;Sulice;;;;;159441;Želivec;1124838;Osiková;è.p.;361;;;25168;734303.16;1062476.53;2019-04-18T00:00:00
79346031;538833;Sulice;;;;;159433;Sulice;1123971;Pod Remízkem;è.p.;747;;;25168;735148.75;1062605.92;2019-05-06T00:00:00
79361102;538833;Sulice;;;;;159425;Nechánice;1125133;Džbánka;è.p.;561;;;25168;737428.63;1063284.26;2019-09-24T00:00:00
79372112;538833;Sulice;;;;;320901;Hluboèinka;1125494;Na Rovinì;è.p.;1221;;;25168;735514.93;1061125.31;2019-05-14T00:00:00
79425062;538833;Sulice;;;;;159425;Nechánice;1125036;Zelená;è.p.;524;;;25168;737278.25;1063049.78;2019-06-03T00:00:00
79479634;538833;Sulice;;;;;320901;Hluboèinka;1125478;Na Oblouku;è.p.;1211;;;25168;735708.12;1061008.95;2022-02-15T00:00:00
79481540;538833;Sulice;;;;;159441;Želivec;1124471;K Hájku;è.p.;291;;;25168;733835.87;1063669.78;2019-06-18T00:00:00
79487262;538833;Sulice;;;;;159433;Sulice;1124251;Na Vršku;è.p.;272;;;25168;735417.66;1062497.14;2019-06-19T00:00:00
79505473;538833;Sulice;;;;;320901;Hluboèinka;1125451;Na Okruhu;è.p.;1200;;;25168;735758.10;1060899.40;2019-06-25T00:00:00
79505589;538833;Sulice;;;;;159441;Želivec;1124510;Ke Skalce;è.p.;333;;;25168;734104.69;1063851.87;2019-06-25T00:00:00
79508383;538833;Sulice;;;;;159441;Želivec;1124013;Úzká;è.p.;1331;;;25168;733800.84;1063383.04;2019-06-26T00:00:00
79605028;538833;Sulice;;;;;159441;Želivec;1124951;Dubová;è.p.;388;;;25168;734060.19;1062418.44;2019-07-23T00:00:00
79616526;538833;Sulice;;;;;159441;Želivec;1124951;Dubová;è.p.;409;;;25168;734137.23;1062560.91;2019-07-26T00:00:00
79655998;538833;Sulice;;;;;159441;Želivec;1124978;Azalková;è.p.;438;;;25168;733929.40;1062399.28;2019-08-22T00:00:00
79834817;538833;Sulice;;;;;159425;Nechánice;1124650;Lomená;è.p.;515;;;25168;737092.65;1063200.82;2019-08-29T00:00:00
79834833;538833;Sulice;;;;;159433;Sulice;1124277;Okružní;è.p.;768;;;25168;735359.03;1062356.30;2019-08-29T00:00:00
79834850;538833;Sulice;;;;;320901;Hluboèinka;1125435;Dlouhá;è.p.;1231;;;25168;735670.82;1060945.33;2019-10-23T00:00:00
79836640;538833;Sulice;;;;;159441;Želivec;1124412;Štiøínská;è.p.;296;;;25168;733814.98;1063489.81;2019-08-29T00:00:00
79910122;538833;Sulice;;;;;320901;Hluboèinka;1125494;Na Rovinì;è.p.;1217;;;25168;735648.39;1061123.21;2019-09-24T00:00:00
79910220;538833;Sulice;;;;;159441;Želivec;1124897;Na Køížkách;è.p.;357;;;25168;734219.55;1062539.40;2019-09-24T00:00:00
79910904;538833;Sulice;;;;;159441;Želivec;1124854;Kaštanová;è.p.;459;;;25168;734430.73;1062443.41;2019-09-24T00:00:00
79960537;538833;Sulice;;;;;159441;Želivec;1124854;Kaštanová;è.p.;419;;;25168;734000.62;1062663.18;2019-10-11T00:00:00
79979831;538833;Sulice;;;;;159425;Nechánice;1125079;K Vrchánovu;è.p.;582;;;25168;737329.47;1063209.10;2019-10-18T00:00:00
80000703;538833;Sulice;;;;;320901;Hluboèinka;1125435;Dlouhá;è.p.;1240;;;25168;735568.19;1061021.48;2019-10-29T00:00:00
80027539;538833;Sulice;;;;;159425;Nechánice;1125133;Džbánka;è.p.;552;;;25168;737505.60;1063343.86;2019-11-06T00:00:00
80059325;538833;Sulice;;;;;320901;Hluboèinka;1125478;Na Oblouku;è.p.;1210;;;25168;735682.01;1061065.85;2019-11-15T00:00:00
80059457;538833;Sulice;;;;;159425;Nechánice;1125079;K Vrchánovu;è.p.;577;;;25168;737177.99;1063385.78;2019-12-13T00:00:00
80059929;538833;Sulice;;;;;159425;Nechánice;1125133;Džbánka;è.p.;554;;;25168;737532.60;1063339.01;2019-11-15T00:00:00
80060048;538833;Sulice;;;;;320901;Hluboèinka;1125478;Na Oblouku;è.p.;1208;;;25168;735659.14;1061059.43;2019-11-15T00:00:00
80091458;538833;Sulice;;;;;320901;Hluboèinka;1124293;Hlavní;è.p.;1193;;;25168;735520.62;1060831.83;2019-11-22T00:00:00
80173781;538833;Sulice;;;;;320901;Hluboèinka;1125494;Na Rovinì;è.p.;1219;;;25168;735676.18;1061132.22;2019-12-13T00:00:00
80231632;538833;Sulice;;;;;320901;Hluboèinka;1125338;Ke Kaplièce;è.p.;1040;;;25168;735728.03;1061478.87;2020-01-09T00:00:00
80239404;538833;Sulice;;;;;320901;Hluboèinka;1125478;Na Oblouku;è.p.;1204;;;25168;735613.88;1061047.30;2020-01-10T00:00:00
80239595;538833;Sulice;;;;;320901;Hluboèinka;1125311;Luèní;è.p.;1073;;;25168;735835.69;1061124.85;2020-01-10T00:00:00
80239773;538833;Sulice;;;;;320901;Hluboèinka;1124293;Hlavní;è.p.;1129;;;25168;735461.65;1061085.64;2020-01-10T00:00:00
80239889;538833;Sulice;;;;;159441;Želivec;1124331;Rovná;è.p.;1333;;;25168;733894.35;1063140.73;2020-01-10T00:00:00
80240135;538833;Sulice;;;;;320901;Hluboèinka;1125435;Dlouhá;è.p.;1225;;;25168;735752.26;1060855.11;2020-01-10T00:00:00
80261566;538833;Sulice;;;;;159441;Želivec;1124951;Dubová;è.p.;398;;;25168;734001.01;1062538.03;2020-01-17T00:00:00
80261761;538833;Sulice;;;;;159441;Želivec;1124897;Na Køížkách;è.p.;411;;;25168;734185.48;1062546.70;2020-08-04T00:00:00
80282512;538833;Sulice;;;;;320901;Hluboèinka;1125494;Na Rovinì;è.p.;1215;;;25168;735616.06;1061125.29;2020-01-23T00:00:00
80390773;538833;Sulice;;;;;159441;Želivec;1124854;Kaštanová;è.p.;450;;;25168;733968.82;1062681.65;2020-02-17T00:00:00
80458432;538833;Sulice;;;;;320901;Hluboèinka;1125435;Dlouhá;è.p.;1230;;;25168;735678.19;1060899.97;2020-03-05T00:00:00
80458521;538833;Sulice;;;;;320901;Hluboèinka;1124293;Hlavní;è.p.;1192;;;25168;735550.68;1060778.00;2020-03-05T00:00:00
80461328;538833;Sulice;;;;;159425;Nechánice;1125176;Svažitá;è.ev.;55;;;25168;737101.26;1063005.24;2020-03-05T00:00:00
80606482;538833;Sulice;;;;;159425;Nechánice;1125010;Heømánková;è.p.;534;;;25168;737242.23;1063011.55;2020-05-13T00:00:00
80616267;538833;Sulice;;;;;320901;Hluboèinka;1124293;Hlavní;è.p.;1194;;;25168;735576.59;1060844.79;2020-05-15T00:00:00
80616399;538833;Sulice;;;;;320901;Hluboèinka;1124293;Hlavní;è.p.;1195;;;25168;735563.78;1060837.65;2020-05-15T00:00:00
80840710;538833;Sulice;;;;;159425;Nechánice;1125133;Džbánka;è.p.;551;;;25168;737477.72;1063368.49;2020-06-18T00:00:00
80841511;538833;Sulice;;;;;159441;Želivec;1124498;Mezi Domky;è.p.;1336;;;25168;733926.20;1063783.93;2020-06-18T00:00:00
80865691;538833;Sulice;;;;;320901;Hluboèinka;1125435;Dlouhá;è.p.;1242;;;25168;735548.84;1061046.07;2020-06-23T00:00:00
80876838;538833;Sulice;;;;;320901;Hluboèinka;1124293;Hlavní;è.p.;1191;;;25168;735587.70;1060795.66;2020-06-25T00:00:00
81009089;538833;Sulice;;;;;159441;Želivec;1123998;Staroželivecká;è.p.;305;;;25168;733828.32;1062752.28;2020-07-23T00:00:00
81010991;538833;Sulice;;;;;159441;Želivec;1124951;Dubová;è.p.;394;;;25168;733980.80;1062473.10;2020-07-23T00:00:00
81011318;538833;Sulice;;;;;159441;Želivec;1124978;Azalková;è.p.;425;;;25168;733938.74;1062526.80;2020-07-23T00:00:00
81040113;538833;Sulice;;;;;159433;Sulice;1124277;Okružní;è.p.;776;;;25168;735292.75;1062361.15;2020-07-30T00:00:00
81096241;538833;Sulice;;;;;159441;Želivec;1124919;K Rybníèku;è.p.;381;;;25168;734168.86;1062433.30;2020-08-25T00:00:00
81199449;538833;Sulice;;;;;159441;Želivec;1124978;Azalková;è.p.;426;;;25168;733909.32;1062531.09;2020-10-09T00:00:00
81199643;538833;Sulice;;;;;320901;Hluboèinka;1124293;Hlavní;è.p.;1199;;;25168;735573.04;1060922.00;2020-10-09T00:00:00
81229291;538833;Sulice;;;;;159441;Želivec;1124552;Lipová;è.p.;1302;;;25168;734052.04;1063994.16;2020-10-20T00:00:00
81319274;538833;Sulice;;;;;320901;Hluboèinka;1125435;Dlouhá;è.p.;1222;;;25168;735758.06;1060799.74;2020-11-27T00:00:00
81349521;538833;Sulice;;;;;159441;Želivec;1124978;Azalková;è.p.;440;;;25168;733873.40;1062371.73;2020-12-08T00:00:00
81383088;538833;Sulice;;;;;159441;Želivec;1124951;Dubová;è.p.;397;;;25168;734021.00;1062527.28;2020-12-18T00:00:00
81383321;538833;Sulice;;;;;320901;Hluboèinka;1125494;Na Rovinì;è.p.;1131;;;25168;735478.66;1061156.87;2020-12-18T00:00:00
81440006;538833;Sulice;;;;;159441;Želivec;1124951;Dubová;è.p.;407;;;25168;734127.51;1062582.60;2021-01-18T00:00:00
81505442;538833;Sulice;;;;;320901;Hluboèinka;1125494;Na Rovinì;è.p.;1246;;;25168;735547.94;1061115.24;2021-02-15T00:00:00
81505884;538833;Sulice;;;;;159425;Nechánice;2260085;U Obory;è.p.;1500;;;25168;736588.07;1063986.51;2021-02-15T00:00:00
81506104;538833;Sulice;;;;;159433;Sulice;1124277;Okružní;è.p.;759;;;25168;735256.38;1062345.27;2021-02-15T00:00:00
81520361;538833;Sulice;;;;;159425;Nechánice;1125079;K Vrchánovu;è.p.;645;;;25168;737411.47;1063234.92;2021-02-19T00:00:00
81580088;538833;Sulice;;;;;159433;Sulice;1124277;Okružní;è.p.;767;;;25168;735387.94;1062294.93;2021-03-17T00:00:00
81611196;538833;Sulice;;;;;159425;Nechánice;1125176;Svažitá;è.p.;603;;;25168;736879.75;1063207.58;2021-03-30T00:00:00
81611544;538833;Sulice;;;;;320901;Hluboèinka;1125214;K Borovinì;è.ev.;56;;;25168;736084.28;1060593.46;2021-03-30T00:00:00
81626533;538833;Sulice;;;;;159441;Želivec;1124293;Hlavní;è.p.;494;;;25168;734319.90;1062585.03;2021-04-08T00:00:00
81640056;538833;Sulice;;;;;159441;Želivec;1124854;Kaštanová;è.p.;455;;;25168;734367.31;1062504.05;2021-04-13T00:00:00
81790074;538833;Sulice;;;;;320901;Hluboèinka;1125532;Chmelová;è.p.;889;;;25168;735078.97;1061490.10;2021-05-05T00:00:00
81792921;538833;Sulice;;;;;159441;Želivec;1124391;Platanová;è.p.;1339;;;25168;734027.46;1063444.28;2021-05-05T00:00:00
81797044;538833;Sulice;;;;;320901;Hluboèinka;1125478;Na Oblouku;è.p.;1209;;;25168;735708.51;1060984.47;2022-08-01T00:00:00
81820046;538833;Sulice;;;;;159433;Sulice;1124153;Jahodová;è.p.;778;;;25168;735609.08;1061915.47;2021-05-17T00:00:00
81820402;538833;Sulice;;;;;320901;Hluboèinka;1125478;Na Oblouku;è.p.;1259;;;25168;735589.54;1061041.91;2021-05-18T00:00:00
81890206;538833;Sulice;;;;;159441;Želivec;1124471;K Hájku;è.p.;283;;;25168;733751.45;1063613.06;2021-06-10T00:00:00
81892608;538833;Sulice;;;;;159425;Nechánice;1125079;K Vrchánovu;è.p.;575;;;25168;737203.99;1063291.64;2021-06-11T00:00:00
81904827;538833;Sulice;;;;;159425;Nechánice;2260085;U Obory;è.p.;1504;;;25168;736620.40;1063861.66;2021-06-16T00:00:00
81962240;538833;Sulice;;;;;320901;Hluboèinka;1124293;Hlavní;è.p.;884;;;25168;735147.27;1061493.98;2021-07-14T00:00:00
82057770;538833;Sulice;;;;;159441;Želivec;1124935;Oøechová;è.p.;405;;;25168;734078.15;1062571.22;2021-08-30T00:00:00
82114404;538833;Sulice;;;;;159433;Sulice;1124277;Okružní;è.p.;766;;;25168;735359.31;1062320.96;2021-09-16T00:00:00
82116491;538833;Sulice;;;;;320901;Hluboèinka;1125311;Luèní;è.p.;1074;;;25168;735855.28;1061149.60;2021-11-03T00:00:00
82158584;538833;Sulice;;;;;320901;Hluboèinka;1124293;Hlavní;è.p.;894;;;25168;735054.20;1061591.95;2022-01-26T00:00:00
82217653;538833;Sulice;;;;;159425;Nechánice;2139812;Jitrocelová;è.p.;631;;;25168;737360.26;1063356.40;2021-11-05T00:00:00
82230111;538833;Sulice;;;;;159425;Nechánice;1124650;Lomená;è.p.;517;;;25168;737078.76;1063211.19;2021-11-02T00:00:00
82230153;538833;Sulice;;;;;159425;Nechánice;2139812;Jitrocelová;è.p.;632;;;25168;737355.53;1063316.98;2021-11-02T00:00:00
82230170;538833;Sulice;;;;;159441;Želivec;1124633;Schovaná;è.p.;1311;;;25168;733995.20;1063941.80;2021-11-02T00:00:00
82249237;538833;Sulice;;;;;320901;Hluboèinka;1125494;Na Rovinì;è.p.;1130;;;25168;735492.26;1061108.24;2021-11-09T00:00:00
82293163;538833;Sulice;;;;;320901;Hluboèinka;1125435;Dlouhá;è.p.;1244;;;25168;735518.92;1061064.01;2021-11-25T00:00:00
82293392;538833;Sulice;;;;;159433;Sulice;1123971;Pod Remízkem;è.p.;752;;;25168;735165.54;1062559.21;2021-11-25T00:00:00
82293554;538833;Sulice;;;;;159425;Nechánice;1125176;Svažitá;è.p.;640;;;25168;736849.71;1063380.35;2021-11-25T00:00:00
82331308;538833;Sulice;;;;;159441;Želivec;1124331;Rovná;è.p.;1332;;;25168;733950.55;1063135.21;2021-12-09T00:00:00
82336491;538833;Sulice;;;;;320901;Hluboèinka;1125451;Na Okruhu;è.p.;1201;;;25168;735750.38;1060931.03;2021-12-13T00:00:00
82532796;538833;Sulice;;;;;159441;Želivec;1124978;Azalková;è.p.;427;;;25168;733924.99;1062480.53;2022-01-21T00:00:00
82532834;538833;Sulice;;;;;159425;Nechánice;2139812;Jitrocelová;è.p.;635;;;25168;737360.24;1063268.46;2022-01-21T00:00:00
82623473;538833;Sulice;;;;;159441;Želivec;1124854;Kaštanová;è.p.;351;;;25168;734273.13;1062566.56;2022-02-09T00:00:00
82623805;538833;Sulice;;;;;159433;Sulice;1124277;Okružní;è.p.;762;;;25168;735310.50;1062406.62;2022-02-09T00:00:00
82790981;538833;Sulice;;;;;320901;Hluboèinka;1125494;Na Rovinì;è.p.;1243;;;25168;735579.53;1061123.31;2022-03-24T00:00:00
82791414;538833;Sulice;;;;;159441;Želivec;1124951;Dubová;è.p.;404;;;25168;734059.18;1062613.54;2022-03-24T00:00:00
82892881;538833;Sulice;;;;;159441;Želivec;1124854;Kaštanová;è.p.;465;;;25168;734514.98;1062345.27;2022-04-21T00:00:00
82940649;538833;Sulice;;;;;159425;Nechánice;1125133;Džbánka;è.p.;560;;;25168;737529.80;1063263.50;2022-05-09T00:00:00
82989524;538833;Sulice;;;;;159441;Želivec;1124897;Na Køížkách;è.p.;358;;;25168;734214.19;1062572.07;2022-05-25T00:00:00
83052551;538833;Sulice;;;;;159441;Želivec;1124854;Kaštanová;è.p.;417;;;25168;734072.97;1062683.27;2022-06-17T00:00:00
83071334;538833;Sulice;;;;;320901;Hluboèinka;1125435;Dlouhá;è.p.;1238;;;25168;735587.96;1060996.38;2022-06-24T00:00:00
83150854;538833;Sulice;;;;;159425;Nechánice;1125176;Svažitá;è.p.;604;;;25168;736877.12;1063235.25;2022-07-21T00:00:00
83150919;538833;Sulice;;;;;159425;Nechánice;1125176;Svažitá;è.p.;639;;;25168;736873.73;1063381.69;2022-07-21T00:00:00
83158456;538833;Sulice;;;;;320901;Hluboèinka;1125311;Luèní;è.p.;1079;;;25168;735912.09;1061104.73;2022-07-25T00:00:00
83180630;538833;Sulice;;;;;159433;Sulice;1124277;Okružní;è.p.;769;;;25168;735386.07;1062313.92;2022-08-02T00:00:00
83274031;538833;Sulice;;;;;159425;Nechánice;1125176;Svažitá;è.p.;602;;;25168;736892.18;1063181.94;2022-09-08T00:00:00
83274430;538833;Sulice;;;;;159441;Želivec;1124552;Lipová;è.p.;1303;;;25168;734086.98;1063994.63;2022-09-08T00:00:00
83958690;538833;Sulice;;;;;320901;Hluboèinka;1125354;Údolí;è.p.;1035;;;25168;735753.38;1061533.05;2022-10-27T00:00:00
83980059;538833;Sulice;;;;;159425;Nechánice;2139791;Kopretinová;è.p.;617;;;25168;737468.63;1063406.95;2022-10-27T00:00:00
84567902;538833;Sulice;;;;;320901;Hluboèinka;1125435;Dlouhá;è.p.;1224;;;25168;735741.47;1060829.54;2022-11-25T00:00:00
84633441;538833;Sulice;;;;;159441;Želivec;1123998;Staroželivecká;è.ev.;58;;;25168;733783.06;1062815.90;2022-12-16T00:00:00
84970201;538833;Sulice;;;;;159441;Želivec;1124951;Dubová;è.p.;410;;;25168;734145.33;1062601.60;2023-02-17T00:00:00
85021261;538833;Sulice;;;;;159425;Nechánice;1125079;K Vrchánovu;è.p.;572;;;25168;737155.64;1063280.99;2023-03-10T00:00:00
85104817;538833;Sulice;;;;;159441;Želivec;1124412;Štiøínská;è.p.;141;;;25168;733847.57;1063488.51;2023-04-14T00:00:00
85105015;538833;Sulice;;;;;159425;Nechánice;1125052;Jetelová;è.p.;653;;;25168;737207.76;1063220.43;2023-04-14T00:00:00
85160717;538833;Sulice;;;;;320901;Hluboèinka;3195147;Tavolníková;è.p.;1117;;;25168;735146.74;1061692.67;2023-05-04T00:00:00
85257648;538833;Sulice;;;;;159425;Nechánice;2139839;Kopøivová;è.p.;628;;;25168;737238.50;1063352.42;2023-05-30T00:00:00
85265560;538833;Sulice;;;;;159441;Želivec;1124293;Hlavní;è.p.;1319;;;25168;734053.96;1063882.22;2023-06-02T00:00:00
85325279;538833;Sulice;;;;;159441;Želivec;1124293;Hlavní;è.p.;1345;;;25168;734075.45;1062963.49;2023-06-27T00:00:00
85375110;538833;Sulice;;;;;159441;Želivec;3195180;Jižní Terasy;è.p.;1365;;;25168;733937.51;1062802.11;2023-07-24T00:00:00
85413127;538833;Sulice;;;;;159441;Želivec;3195180;Jižní Terasy;è.p.;1363;;;25168;733946.13;1062785.59;2023-08-10T00:00:00
85413241;538833;Sulice;;;;;159433;Sulice;1123971;Pod Remízkem;è.p.;750;;;25168;735185.08;1062515.24;2023-08-10T00:00:00
85413381;538833;Sulice;;;;;159425;Nechánice;2139839;Kopøivová;è.p.;622;;;25168;737267.91;1063354.58;2023-08-10T00:00:00
85584550;538833;Sulice;;;;;320901;Hluboèinka;1125354;Údolí;è.p.;1033;;;25168;735737.23;1061591.28;2023-09-08T00:00:00
85587915;538833;Sulice;;;;;159441;Želivec;1124951;Dubová;è.p.;393;;;25168;734011.05;1062450.53;2023-09-11T00:00:00
85588032;538833;Sulice;;;;;159441;Želivec;1124854;Kaštanová;è.p.;449;;;25168;733953.78;1062663.32;2023-09-11T00:00:00
85618951;538833;Sulice;;;;;159425;Nechánice;2154579;Mátová;è.p.;663;;;25168;737397.40;1063435.28;2023-09-25T00:00:00
85621498;538833;Sulice;;;;;159441;Želivec;1124854;Kaštanová;è.p.;466;;;25168;734534.74;1062322.86;2023-09-26T00:00:00
85728837;538833;Sulice;;;;;159425;Nechánice;1125176;Svažitá;è.ev.;104;;;25168;737136.31;1062918.76;2023-11-02T00:00:00
85778214;538833;Sulice;;;;;159425;Nechánice;2260085;U Obory;è.p.;1505;;;25168;736615.12;1063924.86;2023-11-22T00:00:00
85868451;538833;Sulice;;;;;320901;Hluboèinka;1125231;Ke Hvìzdárnì;è.p.;1030;;;25168;735723.40;1061341.67;2023-12-18T00:00:00
85872733;538833;Sulice;;;;;159441;Želivec;1124871;Vrbová;è.p.;376;;;25168;734295.77;1062395.26;2023-12-18T00:00:00
85940682;538833;Sulice;;;;;159433;Sulice;1125338;Ke Kaplièce;è.p.;783;;;25168;735653.38;1061781.23;2024-02-20T00:00:00
85957780;538833;Sulice;;;;;320901;Hluboèinka;1124293;Hlavní;è.p.;893;;;25168;735083.99;1061592.58;2024-01-26T00:00:00
85960985;538833;Sulice;;;;;159441;Želivec;1124978;Azalková;è.p.;433;;;25168;733973.93;1062396.41;2024-02-01T00:00:00
85990710;538833;Sulice;;;;;159441;Želivec;3195180;Jižní Terasy;è.p.;1370;;;25168;733911.82;1062783.57;2024-02-08T00:00:00
85990752;538833;Sulice;;;;;159441;Želivec;3195180;Jižní Terasy;è.p.;1368;;;25168;733924.06;1062760.92;2024-02-08T00:00:00
86009338;538833;Sulice;;;;;159433;Sulice;1123971;Pod Remízkem;è.p.;735;;;25168;735273.56;1062526.71;2024-02-16T00:00:00
86134167;538833;Sulice;;;;;159425;Nechánice;1125079;K Vrchánovu;è.p.;583;;;25168;737360.59;1063201.62;2024-04-15T00:00:00
86235087;538833;Sulice;;;;;159441;Želivec;1124951;Dubová;è.p.;408;;;25168;734113.40;1062617.40;2024-05-30T00:00:00
86236521;538833;Sulice;;;;;320901;Hluboèinka;1124293;Hlavní;è.p.;823;;;25168;735373.15;1061229.64;2024-05-31T00:00:00
86239279;538833;Sulice;;;;;159425;Nechánice;2139839;Kopøivová;è.p.;579;;;25168;737262.55;1063264.85;2024-06-03T00:00:00
86285220;538833;Sulice;;;;;159425;Nechánice;2139839;Kopøivová;è.p.;630;;;25168;737239.94;1063313.78;2024-06-18T00:00:00
86500724;538833;Sulice;;;;;159433;Sulice;1124099;Soubìžná;è.p.;717;;;25168;735599.66;1061829.11;2024-09-09T00:00:00
86559176;538833;Sulice;;;;;320901;Hluboèinka;3194850;Mokøady;è.p.;1123;;;25168;735315.50;1061142.03;2024-10-07T00:00:00
86559443;538833;Sulice;;;;;320901;Hluboèinka;3194850;Mokøady;è.p.;1124;;;25168;735331.46;1061177.35;2024-10-07T00:00:00
86559494;538833;Sulice;;;;;320901;Hluboèinka;3194850;Mokøady;è.p.;1122;;;25168;735328.92;1061095.26;2024-10-07T00:00:00
86706365;538833;Sulice;;;;;320901;Hluboèinka;1125354;Údolí;è.p.;1034;;;25168;735749.39;1061561.08;2024-12-18T00:00:00
86771329;538833;Sulice;;;;;159425;Nechánice;2139839;Kopøivová;è.p.;627;;;25168;737313.75;1063287.29;2025-01-22T00:00:00
86811592;538833;Sulice;;;;;159441;Želivec;1124951;Dubová;è.p.;391;;;25168;734055.61;1062440.35;2025-02-13T00:00:00
86817957;538833;Sulice;;;;;320901;Hluboèinka;3194850;Mokøady;è.p.;1127;;;25168;735256.49;1061243.99;2025-02-18T00:00:00
86818244;538833;Sulice;;;;;320901;Hluboèinka;3194850;Mokøady;è.p.;1128;;;25168;735243.98;1061265.81;2025-02-18T00:00:00
86868152;538833;Sulice;;;;;159441;Želivec;1124579;Osmidomí;è.p.;243;;;25168;734207.38;1064062.48;2025-03-14T00:00:00
86959123;538833;Sulice;;;;;159433;Sulice;3195147;Tavolníková;è.p.;265;;;25168;735393.12;1062015.62;2025-04-01T00:00:00
86975234;538833;Sulice;;;;;320901;Hluboèinka;3194850;Mokøady;è.p.;1125;;;25168;735304.99;1061200.27;2025-04-24T00:00:00
87083191;538833;Sulice;;;;;320901;Hluboèinka;1125311;Luèní;è.p.;1078;;;25168;735897.94;1061138.05;2025-06-04T00:00:00
87115247;538833;Sulice;;;;;320901;Hluboèinka;3194850;Mokøady;è.p.;1126;;;25168;735292.65;1061220.46;2025-06-16T00:00:00
87142406;538833;Sulice;;;;;159425;Nechánice;1125133;Džbánka;è.p.;559;;;25168;737469.08;1063294.84;2025-06-26T00:00:00
87197715;538833;Sulice;;;;;159441;Želivec;1124633;Schovaná;è.p.;1315;;;25168;734153.63;1063885.29;2025-07-24T00:00:00
87197961;538833;Sulice;;;;;159441;Želivec;3195180;Jižní Terasy;è.p.;1364;;;25168;733967.07;1062746.45;2025-07-24T00:00:00
87205521;538833;Sulice;;;;;159425;Nechánice;1125176;Svažitá;è.ev.;5001;;;25168;737115.73;1063023.98;2025-07-30T00:00:00
87231182;538833;Sulice;;;;;320901;Hluboèinka;1125559;Toèitá;è.p.;1110;;;25168;735115.52;1061638.80;2025-08-13T00:00:00
87294931;538833;Sulice;;;;;159433;Sulice;1123971;Pod Remízkem;è.p.;733;;;25168;735285.62;1062504.87;2025-09-25T00:00:00
87316269;538833;Sulice;;;;;159425;Nechánice;1125079;K Vrchánovu;è.p.;647;;;25168;737286.51;1063226.69;2025-10-09T00:00:00
87492539;538833;Sulice;;;;;159425;Nechánice;1125095;Nad Chvátalkou;è.ev.;5004;;;25168;737487.02;1063544.51;2025-12-05T00:00:00
87492725;538833;Sulice;;;;;159441;Želivec;1124854;Kaštanová;è.p.;457;;;25168;734397.86;1062473.92;2025-12-05T00:00:00
87518392;538833;Sulice;;;;;320901;Hluboèinka;1125451;Na Okruhu;è.p.;1202;;;25168;735721.94;1060937.25;2025-12-12T00:00:00
87561557;538833;Sulice;;;;;320901;Hluboèinka;1124293;Hlavní;è.p.;887;;;25168;735285.52;1061283.78;2026-01-07T00:00:00
87589893;538833;Sulice;;;;;320901;Hluboèinka;1124293;Hlavní;è.p.;815;;;25168;735535.94;1060975.84;2026-01-22T00:00:00
