Kód ADM;Kód obce;Název obce;Kód MOMC;Název MOMC;Kód obvodu Prahy;Název obvodu Prahy;Kód èásti obce;Název èásti obce;Kód ulice;Název ulice;Typ SO;Èíslo domovní;Èíslo orientaèní;Znak èísla orientaèního;PSÈ;Souøadnice Y;Souøadnice X;Platí Od
13190211;583286;Lelekovice;;;;;79898;Lelekovice;811068;Hlavní;è.p.;1;46;;66431;599493.00;1150088.65;2013-12-01T00:00:00
13190229;583286;Lelekovice;;;;;79898;Lelekovice;811068;Hlavní;è.p.;2;44;;66431;599466.95;1150053.00;2013-12-01T00:00:00
13190237;583286;Lelekovice;;;;;79898;Lelekovice;811068;Hlavní;è.p.;3;42;;66431;599459.60;1150045.00;2013-12-01T00:00:00
13190245;583286;Lelekovice;;;;;79898;Lelekovice;811068;Hlavní;è.p.;4;38;;66431;599442.12;1150019.91;2013-12-01T00:00:00
13190253;583286;Lelekovice;;;;;79898;Lelekovice;811068;Hlavní;è.p.;5;34;;66431;599412.48;1149997.69;2013-12-01T00:00:00
13190261;583286;Lelekovice;;;;;79898;Lelekovice;811068;Hlavní;è.p.;6;24;;66431;599320.96;1149954.12;2013-12-01T00:00:00
13190270;583286;Lelekovice;;;;;79898;Lelekovice;811068;Hlavní;è.p.;7;20;;66431;599302.80;1149942.95;2013-12-01T00:00:00
13190288;583286;Lelekovice;;;;;79898;Lelekovice;811068;Hlavní;è.p.;8;18;;66431;599286.68;1149927.73;2013-12-01T00:00:00
13190296;583286;Lelekovice;;;;;79898;Lelekovice;811068;Hlavní;è.p.;9;12;;66431;599255.55;1149905.38;2013-12-01T00:00:00
13190300;583286;Lelekovice;;;;;79898;Lelekovice;811068;Hlavní;è.p.;10;10;;66431;599253.18;1149880.51;2013-12-01T00:00:00
13190318;583286;Lelekovice;;;;;79898;Lelekovice;811068;Hlavní;è.p.;11;8;;66431;599237.93;1149869.16;2013-12-01T00:00:00
13190326;583286;Lelekovice;;;;;79898;Lelekovice;811068;Hlavní;è.p.;12;6;;66431;599219.46;1149852.51;2013-12-01T00:00:00
13190334;583286;Lelekovice;;;;;79898;Lelekovice;811068;Hlavní;è.p.;13;2;;66431;599253.90;1149760.36;2013-12-01T00:00:00
13190351;583286;Lelekovice;;;;;79898;Lelekovice;811114;Kout;è.p.;15;1;;66431;599181.67;1149805.92;2013-12-01T00:00:00
13190369;583286;Lelekovice;;;;;79898;Lelekovice;811114;Kout;è.p.;16;26;;66431;599213.51;1149762.72;2013-12-01T00:00:00
13190377;583286;Lelekovice;;;;;79898;Lelekovice;811114;Kout;è.p.;17;24;;66431;599210.56;1149773.80;2013-12-01T00:00:00
13190385;583286;Lelekovice;;;;;79898;Lelekovice;811114;Kout;è.p.;18;22;;66431;599185.36;1149774.82;2013-12-01T00:00:00
13190393;583286;Lelekovice;;;;;79898;Lelekovice;811114;Kout;è.p.;19;8;;66431;599154.30;1149830.47;2013-12-01T00:00:00
13190407;583286;Lelekovice;;;;;79898;Lelekovice;811114;Kout;è.p.;20;20;;66431;599174.76;1149745.94;2013-12-01T00:00:00
13190415;583286;Lelekovice;;;;;79898;Lelekovice;811114;Kout;è.p.;21;18;;66431;599158.41;1149736.68;2013-12-01T00:00:00
13190423;583286;Lelekovice;;;;;79898;Lelekovice;811114;Kout;è.p.;22;16;;66431;599168.76;1149779.28;2013-12-01T00:00:00
13190431;583286;Lelekovice;;;;;79898;Lelekovice;811114;Kout;è.p.;23;14;;66431;599162.86;1149792.08;2013-12-01T00:00:00
13190440;583286;Lelekovice;;;;;79898;Lelekovice;811114;Kout;è.p.;24;12;;66431;599155.51;1149810.58;2013-12-01T00:00:00
13190458;583286;Lelekovice;;;;;79898;Lelekovice;811114;Kout;è.p.;25;10;;66431;599159.32;1149821.49;2013-12-01T00:00:00
13190466;583286;Lelekovice;;;;;79898;Lelekovice;811114;Kout;è.p.;26;6;;66431;599149.28;1149840.61;2013-12-01T00:00:00
13190474;583286;Lelekovice;;;;;79898;Lelekovice;811114;Kout;è.p.;27;4;;66431;599145.39;1149853.84;2013-12-01T00:00:00
13190482;583286;Lelekovice;;;;;79898;Lelekovice;811297;Zahumení;è.p.;28;1;;66431;599135.05;1149872.42;2013-12-01T00:00:00
13190491;583286;Lelekovice;;;;;79898;Lelekovice;811297;Zahumení;è.p.;29;3;;66431;599119.14;1149867.97;2013-12-01T00:00:00
13190512;583286;Lelekovice;;;;;79898;Lelekovice;811068;Hlavní;è.p.;31;96;;66431;599812.37;1150409.42;2013-12-01T00:00:00
13190521;583286;Lelekovice;;;;;79898;Lelekovice;811297;Zahumení;è.p.;32;26;;66431;599059.25;1149707.95;2013-12-01T00:00:00
13190539;583286;Lelekovice;;;;;79898;Lelekovice;811297;Zahumení;è.p.;33;22;;66431;599063.50;1149749.78;2013-12-01T00:00:00
13190547;583286;Lelekovice;;;;;79898;Lelekovice;811297;Zahumení;è.p.;34;20;;66431;599061.00;1149780.00;2013-12-01T00:00:00
13190555;583286;Lelekovice;;;;;79898;Lelekovice;811297;Zahumení;è.p.;35;18;;66431;599061.10;1149794.54;2013-12-01T00:00:00
13190563;583286;Lelekovice;;;;;79898;Lelekovice;811297;Zahumení;è.p.;36;16;;66431;599036.99;1149785.88;2013-12-01T00:00:00
13190571;583286;Lelekovice;;;;;79898;Lelekovice;811297;Zahumení;è.p.;38;12;;66431;599029.10;1149812.34;2013-12-01T00:00:00
13190580;583286;Lelekovice;;;;;79898;Lelekovice;811297;Zahumení;è.p.;39;10;;66431;599021.36;1149830.77;2013-12-01T00:00:00
13190598;583286;Lelekovice;;;;;79898;Lelekovice;811262;Za Kostelem;è.p.;40;1;;66431;598992.76;1149791.61;2013-12-01T00:00:00
13190601;583286;Lelekovice;;;;;79898;Lelekovice;811297;Zahumení;è.p.;41;65;;66431;599083.08;1149285.56;2020-08-21T00:00:00
13190628;583286;Lelekovice;;;;;79898;Lelekovice;811203;Poòava;è.p.;43;3;;66431;599070.06;1149914.12;2022-01-12T00:00:00
13190636;583286;Lelekovice;;;;;79898;Lelekovice;811203;Poòava;è.p.;44;5;;66431;599047.41;1149928.38;2013-12-01T00:00:00
13190644;583286;Lelekovice;;;;;79898;Lelekovice;811203;Poòava;è.p.;45;7;;66431;599037.65;1149937.09;2013-12-01T00:00:00
13190652;583286;Lelekovice;;;;;79898;Lelekovice;811203;Poòava;è.p.;46;9;;66431;599022.70;1149948.17;2013-12-01T00:00:00
13190661;583286;Lelekovice;;;;;79898;Lelekovice;811203;Poòava;è.p.;47;11;;66431;599006.55;1149962.54;2013-12-01T00:00:00
13190679;583286;Lelekovice;;;;;79898;Lelekovice;811203;Poòava;è.p.;48;13;;66431;598989.80;1149972.67;2013-12-01T00:00:00
13190695;583286;Lelekovice;;;;;79898;Lelekovice;811157;Paseky;è.p.;50;3;;66431;598911.29;1149861.59;2013-12-01T00:00:00
13190709;583286;Lelekovice;;;;;79898;Lelekovice;811203;Poòava;è.p.;51;15;;66431;598949.46;1149990.84;2013-12-01T00:00:00
13190717;583286;Lelekovice;;;;;79898;Lelekovice;811203;Poòava;è.p.;52;17;;66431;598937.50;1149996.09;2021-11-15T00:00:00
13190725;583286;Lelekovice;;;;;79898;Lelekovice;811203;Poòava;è.p.;53;19;;66431;598892.59;1149983.95;2013-12-01T00:00:00
13190733;583286;Lelekovice;;;;;79898;Lelekovice;811203;Poòava;è.p.;54;113;;66431;598308.00;1150074.35;2021-11-09T00:00:00
13190741;583286;Lelekovice;;;;;79898;Lelekovice;811203;Poòava;è.p.;55;23;;66431;598867.02;1149976.25;2013-12-01T00:00:00
13190750;583286;Lelekovice;;;;;79898;Lelekovice;811203;Poòava;è.p.;56;27;;66431;598834.88;1149965.78;2021-10-11T00:00:00
13190768;583286;Lelekovice;;;;;79898;Lelekovice;811203;Poòava;è.p.;57;29;;66431;598831.59;1149941.13;2013-12-01T00:00:00
13190776;583286;Lelekovice;;;;;79898;Lelekovice;811203;Poòava;è.p.;58;31;;66431;598815.82;1149972.80;2013-12-01T00:00:00
13190784;583286;Lelekovice;;;;;79898;Lelekovice;811203;Poòava;è.p.;59;37;;66431;598763.22;1150005.16;2013-12-01T00:00:00
13190806;583286;Lelekovice;;;;;79898;Lelekovice;811203;Poòava;è.p.;61;46;;66431;598768.82;1150030.05;2013-12-01T00:00:00
13190814;583286;Lelekovice;;;;;79898;Lelekovice;811203;Poòava;è.p.;62;40;;66431;598825.69;1149987.66;2013-12-01T00:00:00
13190822;583286;Lelekovice;;;;;79898;Lelekovice;811203;Poòava;è.p.;63;36;;66431;598874.67;1149999.00;2013-12-01T00:00:00
13190831;583286;Lelekovice;;;;;79898;Lelekovice;811271;Za Potokem;è.p.;64;1;;66431;598827.02;1150055.28;2013-12-01T00:00:00
13190849;583286;Lelekovice;;;;;79898;Lelekovice;811271;Za Potokem;è.p.;65;3;;66431;598839.06;1150050.53;2013-12-01T00:00:00
13190857;583286;Lelekovice;;;;;79898;Lelekovice;811271;Za Potokem;è.p.;66;4;;66431;598851.44;1150062.16;2013-12-01T00:00:00
13190865;583286;Lelekovice;;;;;79898;Lelekovice;811203;Poòava;è.p.;67;34;;66431;598891.59;1150011.78;2013-12-01T00:00:00
13190873;583286;Lelekovice;;;;;79898;Lelekovice;811203;Poòava;è.p.;68;32;;66431;598933.60;1150015.21;2013-12-01T00:00:00
13190881;583286;Lelekovice;;;;;79898;Lelekovice;811203;Poòava;è.p.;69;28;;66431;598999.00;1150040.51;2019-11-15T00:00:00
13190890;583286;Lelekovice;;;;;79898;Lelekovice;811203;Poòava;è.p.;70;26;;66431;598983.50;1150028.80;2013-12-01T00:00:00
13190911;583286;Lelekovice;;;;;79898;Lelekovice;811203;Poòava;è.p.;72;8;;66431;599097.81;1149920.06;2013-12-01T00:00:00
13190920;583286;Lelekovice;;;;;79898;Lelekovice;811076;K Hasièce;è.p.;73;2;;66431;599166.78;1149911.93;2013-12-01T00:00:00
13190938;583286;Lelekovice;;;;;79898;Lelekovice;811068;Hlavní;è.p.;74;3;;66431;599182.98;1149871.50;2013-12-01T00:00:00
13190946;583286;Lelekovice;;;;;79898;Lelekovice;811068;Hlavní;è.p.;75;7;;66431;599229.26;1149905.54;2013-12-01T00:00:00
13190954;583286;Lelekovice;;;;;79898;Lelekovice;811068;Hlavní;è.p.;76;9;;66431;599241.11;1149917.79;2013-12-01T00:00:00
13190962;583286;Lelekovice;;;;;79898;Lelekovice;811068;Hlavní;è.p.;77;27;;66431;599456.53;1150112.46;2013-12-01T00:00:00
13190971;583286;Lelekovice;;;;;79898;Lelekovice;811190;Podemlýn;è.p.;78;2;;66431;599485.24;1150158.25;2013-12-01T00:00:00
13190989;583286;Lelekovice;;;;;79898;Lelekovice;811190;Podemlýn;è.p.;79;1;;66431;599465.49;1150187.48;2013-12-01T00:00:00
13190997;583286;Lelekovice;;;;;79898;Lelekovice;811190;Podemlýn;è.p.;80;9;;66431;599405.49;1150288.62;2013-12-01T00:00:00
13191004;583286;Lelekovice;;;;;79898;Lelekovice;811190;Podemlýn;è.p.;81;13;;66431;599388.26;1150302.20;2013-12-01T00:00:00
13191012;583286;Lelekovice;;;;;79898;Lelekovice;811190;Podemlýn;è.p.;82;17;;66431;599363.50;1150315.42;2013-12-01T00:00:00
13191021;583286;Lelekovice;;;;;79898;Lelekovice;811190;Podemlýn;è.p.;83;21;;66431;599332.69;1150316.66;2013-12-01T00:00:00
13191039;583286;Lelekovice;;;;;79898;Lelekovice;811190;Podemlýn;è.p.;84;23;;66431;599299.38;1150308.68;2013-12-01T00:00:00
13191047;583286;Lelekovice;;;;;79898;Lelekovice;811190;Podemlýn;è.p.;85;25;;66431;599284.63;1150324.88;2013-12-01T00:00:00
13191055;583286;Lelekovice;;;;;79898;Lelekovice;811190;Podemlýn;è.p.;86;24;;66431;599309.51;1150334.60;2013-12-01T00:00:00
13191063;583286;Lelekovice;;;;;79898;Lelekovice;811190;Podemlýn;è.p.;87;20;;66431;599330.70;1150330.53;2013-12-01T00:00:00
13191071;583286;Lelekovice;;;;;79898;Lelekovice;811068;Hlavní;è.p.;88;14;;66431;599266.04;1149914.24;2013-12-01T00:00:00
13191080;583286;Lelekovice;;;;;79898;Lelekovice;811084;K Hluku;è.p.;89;20;;66431;599389.05;1150411.81;2013-12-01T00:00:00
13191098;583286;Lelekovice;;;;;79898;Lelekovice;811084;K Hluku;è.p.;90;24;;66431;599342.44;1150430.68;2013-12-01T00:00:00
13191101;583286;Lelekovice;;;;;79898;Lelekovice;811190;Podemlýn;è.p.;91;50;;66431;598962.46;1150541.03;2013-12-01T00:00:00
13191110;583286;Lelekovice;;;;;79898;Lelekovice;811254;Ve Dvoøe;è.p.;92;2;;66431;599560.13;1150223.14;2013-12-01T00:00:00
13191128;583286;Lelekovice;;;;;79898;Lelekovice;811254;Ve Dvoøe;è.p.;93;5;;66431;599538.87;1150258.00;2013-12-01T00:00:00
13191136;583286;Lelekovice;;;;;79898;Lelekovice;811068;Hlavní;è.p.;94;21;;66431;599360.56;1150030.99;2013-12-01T00:00:00
13191144;583286;Lelekovice;;;;;79898;Lelekovice;811084;K Hluku;è.p.;95;28;;66431;599121.02;1150577.48;2013-12-01T00:00:00
13191152;583286;Lelekovice;;;;;79898;Lelekovice;811190;Podemlýn;è.p.;96;18;;66431;599355.67;1150330.19;2013-12-01T00:00:00
13191161;583286;Lelekovice;;;;;79898;Lelekovice;811271;Za Potokem;è.p.;97;2;;66431;598872.85;1150036.98;2013-12-01T00:00:00
13191179;583286;Lelekovice;;;;;79898;Lelekovice;811084;K Hluku;è.p.;98;22;;66431;599376.14;1150416.12;2013-12-01T00:00:00
13191187;583286;Lelekovice;;;;;79898;Lelekovice;811203;Poòava;è.p.;99;21;;66431;598877.21;1149982.22;2013-12-01T00:00:00
13191195;583286;Lelekovice;;;;;79898;Lelekovice;811190;Podemlýn;è.p.;100;22;;66431;599318.01;1150332.20;2013-12-01T00:00:00
13191209;583286;Lelekovice;;;;;79898;Lelekovice;811068;Hlavní;è.p.;101;4;;66431;599208.84;1149844.92;2013-12-01T00:00:00
13191217;583286;Lelekovice;;;;;79898;Lelekovice;811068;Hlavní;è.p.;102;32;;66431;599372.94;1149981.64;2013-12-01T00:00:00
13191225;583286;Lelekovice;;;;;79898;Lelekovice;811297;Zahumení;è.p.;103;19;;66431;599087.64;1149712.71;2013-12-01T00:00:00
13191250;583286;Lelekovice;;;;;79898;Lelekovice;811203;Poòava;è.p.;106;43;;66431;598723.89;1150028.16;2013-12-01T00:00:00
13191268;583286;Lelekovice;;;;;79898;Lelekovice;811068;Hlavní;è.p.;107;22;;66431;599310.28;1149948.29;2013-12-01T00:00:00
13191276;583286;Lelekovice;;;;;79898;Lelekovice;811190;Podemlýn;è.p.;108;19;;66431;599343.82;1150314.74;2013-12-01T00:00:00
13191284;583286;Lelekovice;;;;;79898;Lelekovice;811203;Poòava;è.p.;109;41;;66431;598740.25;1150026.17;2024-04-17T00:00:00
13191292;583286;Lelekovice;;;;;79898;Lelekovice;811254;Ve Dvoøe;è.p.;110;7;;66431;599549.23;1150269.58;2013-12-01T00:00:00
13191306;583286;Lelekovice;;;;;79898;Lelekovice;811068;Hlavní;è.p.;111;45;;66431;599627.84;1150306.28;2013-12-01T00:00:00
13191314;583286;Lelekovice;;;;;79898;Lelekovice;811203;Poòava;è.p.;112;24;;66431;598979.07;1150019.96;2013-12-01T00:00:00
13191322;583286;Lelekovice;;;;;79898;Lelekovice;811297;Zahumení;è.p.;113;9;;66431;599082.77;1149829.37;2013-12-01T00:00:00
13191349;583286;Lelekovice;;;;;79898;Lelekovice;811068;Hlavní;è.p.;115;26;;66431;599329.12;1149960.24;2013-12-01T00:00:00
13191357;583286;Lelekovice;;;;;79898;Lelekovice;811157;Paseky;è.p.;116;4;;66431;598925.69;1149925.18;2013-12-01T00:00:00
13191365;583286;Lelekovice;;;;;79898;Lelekovice;811068;Hlavní;è.p.;117;28;;66431;599344.01;1149967.48;2013-12-01T00:00:00
13191373;583286;Lelekovice;;;;;79898;Lelekovice;811238;Tišnovka;è.p.;118;15;;66431;599819.81;1150910.55;2013-12-01T00:00:00
13191381;583286;Lelekovice;;;;;79898;Lelekovice;811076;K Hasièce;è.p.;119;8;;66431;599188.56;1149938.21;2013-12-01T00:00:00
13191390;583286;Lelekovice;;;;;79898;Lelekovice;811190;Podemlýn;è.p.;120;14;;66431;599376.49;1150329.66;2013-12-01T00:00:00
13191403;583286;Lelekovice;;;;;79898;Lelekovice;811190;Podemlýn;è.p.;121;26;;66431;599299.05;1150340.83;2013-12-01T00:00:00
13191411;583286;Lelekovice;;;;;79898;Lelekovice;811114;Kout;è.p.;122;2;;66431;599140.05;1149863.85;2013-12-01T00:00:00
13191420;583286;Lelekovice;;;;;79898;Lelekovice;811203;Poòava;è.p.;123;39;;66431;598747.07;1150015.54;2013-12-01T00:00:00
13191438;583286;Lelekovice;;;;;79898;Lelekovice;811203;Poòava;è.p.;124;42;;66431;598814.58;1150000.38;2013-12-01T00:00:00
13191446;583286;Lelekovice;;;;;79898;Lelekovice;811203;Poòava;è.p.;125;44;;66431;598801.60;1150010.79;2013-12-01T00:00:00
13191454;583286;Lelekovice;;;;;79898;Lelekovice;811254;Ve Dvoøe;è.p.;126;3;;66431;599529.13;1150245.42;2013-12-01T00:00:00
13191462;583286;Lelekovice;;;;;79898;Lelekovice;811068;Hlavní;è.p.;127;37;;66431;599585.41;1150262.77;2013-12-01T00:00:00
13191471;583286;Lelekovice;;;;;79898;Lelekovice;811068;Hlavní;è.p.;128;41;;66431;599613.30;1150295.05;2013-12-01T00:00:00
13191489;583286;Lelekovice;;;;;79898;Lelekovice;811068;Hlavní;è.p.;129;47;;66431;599639.79;1150316.54;2013-12-01T00:00:00
13191497;583286;Lelekovice;;;;;79898;Lelekovice;811076;K Hasièce;è.p.;130;6;;66431;599181.75;1149930.72;2013-12-01T00:00:00
13191501;583286;Lelekovice;;;;;79898;Lelekovice;811203;Poòava;è.p.;131;6;;66431;599105.42;1149916.45;2013-12-01T00:00:00
13191519;583286;Lelekovice;;;;;79898;Lelekovice;811203;Poòava;è.p.;132;4;;66431;599110.38;1149911.15;2013-12-01T00:00:00
13191527;583286;Lelekovice;;;;;79898;Lelekovice;811203;Poòava;è.p.;133;2;;66431;599121.32;1149905.68;2013-12-01T00:00:00
13191543;583286;Lelekovice;;;;;79898;Lelekovice;811203;Poòava;è.p.;137;60;;66431;598551.41;1150077.58;2013-12-01T00:00:00
13191551;583286;Lelekovice;;;;;79898;Lelekovice;811203;Poòava;è.p.;138;62;;66431;598544.95;1150082.37;2013-12-01T00:00:00
13191560;583286;Lelekovice;;;;;79898;Lelekovice;811203;Poòava;è.p.;139;49;;66431;598688.41;1150038.01;2013-12-01T00:00:00
13191578;583286;Lelekovice;;;;;79898;Lelekovice;811203;Poòava;è.p.;140;51;;66431;598679.35;1150040.17;2013-12-01T00:00:00
13191586;583286;Lelekovice;;;;;79898;Lelekovice;811203;Poòava;è.p.;141;58;;66431;598560.87;1150067.51;2020-12-14T00:00:00
13191594;583286;Lelekovice;;;;;79898;Lelekovice;811211;Pøíhon;è.p.;142;2;;66431;598626.60;1150018.86;2013-12-01T00:00:00
13191608;583286;Lelekovice;;;;;79898;Lelekovice;811211;Pøíhon;è.p.;143;4;;66431;598623.26;1150012.98;2013-12-01T00:00:00
13191616;583286;Lelekovice;;;;;79898;Lelekovice;811297;Zahumení;è.p.;144;7;;66431;599088.67;1149838.27;2013-12-01T00:00:00
13191624;583286;Lelekovice;;;;;79898;Lelekovice;811211;Pøíhon;è.p.;145;6;;66431;598619.25;1150005.22;2013-12-01T00:00:00
13191632;583286;Lelekovice;;;;;79898;Lelekovice;811211;Pøíhon;è.p.;146;8;;66431;598623.44;1149996.64;2022-01-06T00:00:00
13191641;583286;Lelekovice;;;;;79898;Lelekovice;811211;Pøíhon;è.p.;147;10;;66431;598617.98;1149987.95;2022-01-06T00:00:00
13191659;583286;Lelekovice;;;;;79898;Lelekovice;811203;Poòava;è.p.;148;55;;66431;598625.00;1150035.05;2013-12-01T00:00:00
13191667;583286;Lelekovice;;;;;79898;Lelekovice;811203;Poòava;è.p.;149;57;;66431;598612.96;1150036.92;2013-12-01T00:00:00
13191675;583286;Lelekovice;;;;;79898;Lelekovice;811203;Poòava;è.p.;150;59;;66431;598603.06;1150037.06;2013-12-01T00:00:00
13191683;583286;Lelekovice;;;;;79898;Lelekovice;811076;K Hasièce;è.p.;151;4;;66431;599175.49;1149923.23;2013-12-01T00:00:00
13191691;583286;Lelekovice;;;;;79898;Lelekovice;811297;Zahumení;è.p.;152;33;;66431;599082.69;1149568.15;2013-12-01T00:00:00
13191705;583286;Lelekovice;;;;;79898;Lelekovice;811084;K Hluku;è.p.;153;4;;66431;599459.53;1150318.27;2013-12-01T00:00:00
13191713;583286;Lelekovice;;;;;79898;Lelekovice;811297;Zahumení;è.p.;154;55;;66431;599107.34;1149355.82;2013-12-01T00:00:00
13191721;583286;Lelekovice;;;;;79898;Lelekovice;811297;Zahumení;è.p.;155;57;;66431;599101.40;1149345.80;2019-08-19T00:00:00
13191748;583286;Lelekovice;;;;;79898;Lelekovice;811203;Poòava;è.p.;157;45;;66431;598709.61;1150029.35;2013-12-01T00:00:00
13191764;583286;Lelekovice;;;;;79898;Lelekovice;811297;Zahumení;è.p.;159;72;;66431;599021.05;1149363.68;2013-12-01T00:00:00
13191772;583286;Lelekovice;;;;;79898;Lelekovice;811211;Pøíhon;è.p.;160;14;;66431;598604.54;1149979.39;2013-12-01T00:00:00
13191781;583286;Lelekovice;;;;;79898;Lelekovice;811211;Pøíhon;è.p.;161;16;;66431;598600.26;1149970.43;2013-12-01T00:00:00
13191799;583286;Lelekovice;;;;;79898;Lelekovice;811297;Zahumení;è.p.;162;24;;66431;599062.70;1149718.88;2013-12-01T00:00:00
13191802;583286;Lelekovice;;;;;79898;Lelekovice;811211;Pøíhon;è.p.;163;20;;66431;598590.09;1149953.97;2013-12-01T00:00:00
13191811;583286;Lelekovice;;;;;79898;Lelekovice;811068;Hlavní;è.p.;164;68;;66431;599670.47;1150288.18;2013-12-01T00:00:00
13191829;583286;Lelekovice;;;;;79898;Lelekovice;811211;Pøíhon;è.p.;165;5;;66431;598628.54;1149987.98;2022-01-03T00:00:00
13191837;583286;Lelekovice;;;;;79898;Lelekovice;811211;Pøíhon;è.p.;166;7;;66431;598631.32;1149972.15;2013-12-01T00:00:00
13191845;583286;Lelekovice;;;;;79898;Lelekovice;811211;Pøíhon;è.p.;167;9;;66431;598623.48;1149970.53;2013-12-01T00:00:00
13191853;583286;Lelekovice;;;;;79898;Lelekovice;811211;Pøíhon;è.p.;168;18;;66431;598594.24;1149961.73;2013-12-01T00:00:00
13191861;583286;Lelekovice;;;;;79898;Lelekovice;811297;Zahumení;è.p.;169;38;;66431;599056.75;1149564.20;2025-02-03T00:00:00
13191870;583286;Lelekovice;;;;;79898;Lelekovice;811297;Zahumení;è.p.;170;40;;66431;599057.70;1149550.24;2013-12-01T00:00:00
13191888;583286;Lelekovice;;;;;79898;Lelekovice;811203;Poòava;è.p.;171;68;;66431;598496.28;1150109.86;2021-06-04T00:00:00
13191896;583286;Lelekovice;;;;;79898;Lelekovice;811297;Zahumení;è.p.;172;42;;66431;599055.58;1149528.41;2013-12-01T00:00:00
13191900;583286;Lelekovice;;;;;79898;Lelekovice;811211;Pøíhon;è.p.;173;3;;66431;598639.51;1149997.83;2013-12-01T00:00:00
13191918;583286;Lelekovice;;;;;79898;Lelekovice;811114;Kout;è.p.;174;3;;66431;599187.76;1149811.00;2013-12-01T00:00:00
13191926;583286;Lelekovice;;;;;79898;Lelekovice;811203;Poòava;è.p.;175;75;;66431;598497.05;1150085.75;2024-08-03T00:00:00
13191934;583286;Lelekovice;;;;;79898;Lelekovice;811297;Zahumení;è.p.;176;53;;66431;599108.28;1149375.23;2013-12-01T00:00:00
13191942;583286;Lelekovice;;;;;79898;Lelekovice;811106;Koretina;è.p.;177;20;;66431;599244.97;1149183.09;2022-10-18T00:00:00
13191969;583286;Lelekovice;;;;;79898;Lelekovice;811297;Zahumení;è.p.;179;51;;66431;599107.11;1149397.51;2022-05-26T00:00:00
13191977;583286;Lelekovice;;;;;79898;Lelekovice;811190;Podemlýn;è.p.;180;29;;66431;599244.29;1150345.43;2013-12-01T00:00:00
13191985;583286;Lelekovice;;;;;79898;Lelekovice;811068;Hlavní;è.p.;181;35;;66431;599578.47;1150251.18;2013-12-01T00:00:00
13191993;583286;Lelekovice;;;;;79898;Lelekovice;811203;Poòava;è.p.;182;18;;66431;599051.58;1149953.22;2013-12-01T00:00:00
13192001;583286;Lelekovice;;;;;79898;Lelekovice;811068;Hlavní;è.p.;183;70;;66431;599684.29;1150305.68;2013-12-01T00:00:00
13192019;583286;Lelekovice;;;;;79898;Lelekovice;811203;Poòava;è.p.;185;35;;66431;598774.40;1149990.60;2013-12-01T00:00:00
13192027;583286;Lelekovice;;;;;79898;Lelekovice;811165;Pindula;è.p.;186;20;;66431;599198.72;1150310.02;2013-12-01T00:00:00
13192035;583286;Lelekovice;;;;;79898;Lelekovice;811165;Pindula;è.p.;187;8;;66431;599328.04;1150275.12;2013-12-01T00:00:00
13192043;583286;Lelekovice;;;;;79898;Lelekovice;811238;Tišnovka;è.p.;188;1;;66431;599985.46;1150626.31;2013-12-01T00:00:00
13192051;583286;Lelekovice;;;;;79898;Lelekovice;811246;U Vápenice;è.p.;189;1;;66431;599134.41;1149446.77;2013-12-01T00:00:00
13192060;583286;Lelekovice;;;;;79898;Lelekovice;811203;Poòava;è.p.;190;63;;66431;598573.44;1150040.01;2026-02-18T00:00:00
13192078;583286;Lelekovice;;;;;79898;Lelekovice;811246;U Vápenice;è.p.;191;5;;66431;599179.02;1149407.34;2013-12-01T00:00:00
13192086;583286;Lelekovice;;;;;79898;Lelekovice;811203;Poòava;è.p.;192;95;;66431;598398.43;1150146.48;2013-12-01T00:00:00
13192116;583286;Lelekovice;;;;;79898;Lelekovice;811246;U Vápenice;è.p.;195;3;;66431;599161.74;1149422.71;2013-12-01T00:00:00
13192124;583286;Lelekovice;;;;;79898;Lelekovice;811165;Pindula;è.p.;196;22;;66431;599189.50;1150312.21;2013-12-01T00:00:00
13192132;583286;Lelekovice;;;;;79898;Lelekovice;811068;Hlavní;è.p.;197;64;;66431;599651.68;1150276.20;2013-12-01T00:00:00
13192141;583286;Lelekovice;;;;;79898;Lelekovice;811106;Koretina;è.p.;198;22;;66431;599253.33;1149183.10;2013-12-01T00:00:00
13192159;583286;Lelekovice;;;;;79898;Lelekovice;811203;Poòava;è.p.;199;91;;66431;598418.36;1150133.61;2013-12-01T00:00:00
13192167;583286;Lelekovice;;;;;79898;Lelekovice;811203;Poòava;è.p.;200;89;;66431;598422.71;1150130.23;2013-12-01T00:00:00
13192175;583286;Lelekovice;;;;;79898;Lelekovice;811165;Pindula;è.p.;201;10;;66431;599305.14;1150279.58;2013-12-01T00:00:00
13192183;583286;Lelekovice;;;;;79898;Lelekovice;811068;Hlavní;è.p.;202;29;;66431;599535.53;1150182.71;2013-12-01T00:00:00
13192191;583286;Lelekovice;;;;;79898;Lelekovice;811165;Pindula;è.p.;203;1;;66431;599361.98;1150201.29;2013-12-01T00:00:00
13192205;583286;Lelekovice;;;;;79898;Lelekovice;811203;Poòava;è.p.;204;81;;66431;598461.78;1150105.09;2013-12-01T00:00:00
13192213;583286;Lelekovice;;;;;79898;Lelekovice;811203;Poòava;è.p.;205;79;;66431;598467.72;1150099.45;2013-12-01T00:00:00
13192221;583286;Lelekovice;;;;;79898;Lelekovice;811084;K Hluku;è.p.;206;18;;66431;599402.25;1150399.17;2013-12-01T00:00:00
13192230;583286;Lelekovice;;;;;79898;Lelekovice;811203;Poòava;è.p.;207;10;;66431;599084.16;1149929.39;2013-12-01T00:00:00
13192248;583286;Lelekovice;;;;;79898;Lelekovice;811106;Koretina;è.p.;208;28;;66431;599288.02;1149163.22;2022-07-26T00:00:00
13192256;583286;Lelekovice;;;;;79898;Lelekovice;811203;Poòava;è.p.;209;83;;66431;598446.88;1150113.59;2013-12-01T00:00:00
13192264;583286;Lelekovice;;;;;79898;Lelekovice;811068;Hlavní;è.p.;210;13;;66431;599286.39;1149960.23;2013-12-01T00:00:00
13192272;583286;Lelekovice;;;;;79898;Lelekovice;811203;Poòava;è.p.;211;85;;66431;598436.54;1150116.88;2013-12-01T00:00:00
13192281;583286;Lelekovice;;;;;79898;Lelekovice;811190;Podemlýn;è.p.;213;31;;66431;599228.22;1150354.68;2013-12-01T00:00:00
13192299;583286;Lelekovice;;;;;79898;Lelekovice;811297;Zahumení;è.p.;214;59;;66431;599097.18;1149326.59;2013-12-01T00:00:00
13192302;583286;Lelekovice;;;;;79898;Lelekovice;811190;Podemlýn;è.p.;215;8;;66431;599431.84;1150309.27;2013-12-01T00:00:00
13192311;583286;Lelekovice;;;;;79898;Lelekovice;811068;Hlavní;è.p.;216;66;;66431;599663.02;1150271.83;2013-12-01T00:00:00
13192329;583286;Lelekovice;;;;;79898;Lelekovice;811211;Pøíhon;è.p.;217;13;;66431;598612.27;1149954.26;2021-09-08T00:00:00
13192337;583286;Lelekovice;;;;;79898;Lelekovice;811165;Pindula;è.p.;218;26;;66431;599164.73;1150315.93;2013-12-01T00:00:00
13192345;583286;Lelekovice;;;;;79898;Lelekovice;811246;U Vápenice;è.p.;219;26;;66431;599333.66;1149222.81;2013-12-01T00:00:00
13192353;583286;Lelekovice;;;;;79898;Lelekovice;811297;Zahumení;è.p.;220;50;;66431;599066.00;1149473.77;2013-12-01T00:00:00
13192361;583286;Lelekovice;;;;;79898;Lelekovice;811190;Podemlýn;è.p.;221;15;;66431;599380.27;1150312.90;2013-12-01T00:00:00
13192370;583286;Lelekovice;;;;;79898;Lelekovice;811203;Poòava;è.p.;222;97;;66431;598388.67;1150150.83;2013-12-01T00:00:00
13192388;583286;Lelekovice;;;;;79898;Lelekovice;811203;Poòava;è.p.;223;99;;66431;598378.55;1150134.47;2013-12-01T00:00:00
13192396;583286;Lelekovice;;;;;79898;Lelekovice;811203;Poòava;è.p.;224;101;;66431;598378.55;1150129.68;2013-12-01T00:00:00
13192400;583286;Lelekovice;;;;;79898;Lelekovice;811165;Pindula;è.p.;225;24;;66431;599174.89;1150313.08;2013-12-01T00:00:00
13192426;583286;Lelekovice;;;;;79898;Lelekovice;811190;Podemlýn;è.p.;227;37;;66431;599202.27;1150364.05;2013-12-01T00:00:00
13192434;583286;Lelekovice;;;;;79898;Lelekovice;811203;Poòava;è.p.;228;77;;66431;598483.62;1150091.28;2013-12-01T00:00:00
13192451;583286;Lelekovice;;;;;79898;Lelekovice;811203;Poòava;è.p.;230;70;;66431;598490.05;1150117.40;2013-12-01T00:00:00
13192469;583286;Lelekovice;;;;;79898;Lelekovice;811203;Poòava;è.p.;231;66;;66431;598518.68;1150097.28;2013-12-01T00:00:00
13192477;583286;Lelekovice;;;;;79898;Lelekovice;811297;Zahumení;è.p.;232;41;;66431;599091.55;1149506.88;2013-12-01T00:00:00
13192485;583286;Lelekovice;;;;;79898;Lelekovice;811106;Koretina;è.p.;233;21;;66431;599294.16;1149190.15;2013-12-01T00:00:00
13192493;583286;Lelekovice;;;;;79898;Lelekovice;811203;Poòava;è.p.;234;67;;66431;598548.44;1150045.36;2013-12-01T00:00:00
13192507;583286;Lelekovice;;;;;79898;Lelekovice;811220;Skalka;è.p.;235;16;;66431;599372.62;1149707.04;2013-12-01T00:00:00
13192515;583286;Lelekovice;;;;;79898;Lelekovice;811297;Zahumení;è.p.;236;48;;66431;599060.89;1149484.36;2013-12-01T00:00:00
13192523;583286;Lelekovice;;;;;79898;Lelekovice;811297;Zahumení;è.p.;237;46;;66431;599051.14;1149495.68;2013-12-01T00:00:00
13192531;583286;Lelekovice;;;;;79898;Lelekovice;811068;Hlavní;è.p.;238;72;;66431;599694.42;1150309.73;2013-12-01T00:00:00
13192540;583286;Lelekovice;;;;;79898;Lelekovice;811190;Podemlýn;è.p.;239;45;;66431;599165.71;1150380.62;2013-12-01T00:00:00
13192558;583286;Lelekovice;;;;;79898;Lelekovice;811190;Podemlýn;è.p.;240;41;;66431;599185.17;1150373.36;2013-12-01T00:00:00
13192566;583286;Lelekovice;;;;;79898;Lelekovice;811246;U Vápenice;è.p.;241;24;;66431;599322.58;1149231.48;2013-12-01T00:00:00
13192574;583286;Lelekovice;;;;;79898;Lelekovice;811246;U Vápenice;è.p.;242;22;;66431;599316.62;1149237.44;2013-12-01T00:00:00
13192582;583286;Lelekovice;;;;;79898;Lelekovice;811271;Za Potokem;è.p.;243;5;;66431;598775.81;1150121.46;2013-12-01T00:00:00
13192591;583286;Lelekovice;;;;;79898;Lelekovice;811238;Tišnovka;è.p.;244;7;;66431;599943.57;1150732.92;2013-12-01T00:00:00
13192604;583286;Lelekovice;;;;;79898;Lelekovice;811297;Zahumení;è.p.;245;17;;66431;599086.21;1149727.52;2013-12-01T00:00:00
13192612;583286;Lelekovice;;;;;79898;Lelekovice;811190;Podemlýn;è.p.;246;39;;66431;599191.59;1150369.57;2013-12-01T00:00:00
13192621;583286;Lelekovice;;;;;79898;Lelekovice;811297;Zahumení;è.p.;247;21;;66431;599120.18;1149691.92;2013-12-01T00:00:00
13192639;583286;Lelekovice;;;;;79898;Lelekovice;811297;Zahumení;è.p.;248;66;;66431;599057.63;1149351.20;2013-12-01T00:00:00
13192647;583286;Lelekovice;;;;;79898;Lelekovice;811190;Podemlýn;è.p.;249;6;;66431;599482.30;1150281.09;2013-12-01T00:00:00
13192655;583286;Lelekovice;;;;;79898;Lelekovice;811068;Hlavní;è.p.;250;15;;66431;599299.95;1149979.95;2013-12-01T00:00:00
13192663;583286;Lelekovice;;;;;79898;Lelekovice;811190;Podemlýn;è.p.;251;35;;66431;599209.78;1150361.02;2013-12-01T00:00:00
13192671;583286;Lelekovice;;;;;79898;Lelekovice;811190;Podemlýn;è.p.;252;43;;66431;599173.78;1150377.88;2013-12-01T00:00:00
13192680;583286;Lelekovice;;;;;79898;Lelekovice;811297;Zahumení;è.p.;253;52;;66431;599022.57;1149447.87;2013-12-01T00:00:00
13192698;583286;Lelekovice;;;;;79898;Lelekovice;811297;Zahumení;è.p.;254;62;;66431;599073.24;1149385.21;2013-12-01T00:00:00
13192701;583286;Lelekovice;;;;;79898;Lelekovice;811084;K Hluku;è.p.;255;1;;66431;599425.15;1150346.58;2013-12-01T00:00:00
13192710;583286;Lelekovice;;;;;79898;Lelekovice;811068;Hlavní;è.p.;256;74;;66431;599715.79;1150312.12;2013-12-01T00:00:00
13192728;583286;Lelekovice;;;;;79898;Lelekovice;811297;Zahumení;è.p.;257;70;;66431;599055.58;1149307.21;2013-12-01T00:00:00
13192736;583286;Lelekovice;;;;;79898;Lelekovice;811203;Poòava;è.p.;258;64;;66431;598526.41;1150092.45;2013-12-01T00:00:00
13192744;583286;Lelekovice;;;;;79898;Lelekovice;811068;Hlavní;è.p.;259;36;;66431;599427.94;1150015.49;2020-10-07T00:00:00
13192752;583286;Lelekovice;;;;;79898;Lelekovice;811297;Zahumení;è.p.;260;69;;66431;599052.87;1149273.82;2013-12-01T00:00:00
13192761;583286;Lelekovice;;;;;79898;Lelekovice;811297;Zahumení;è.p.;261;68;;66431;599064.48;1149328.69;2024-06-10T00:00:00
13192779;583286;Lelekovice;;;;;79898;Lelekovice;811246;U Vápenice;è.p.;262;18;;66431;599288.20;1149246.78;2013-12-01T00:00:00
13192787;583286;Lelekovice;;;;;79898;Lelekovice;811190;Podemlýn;è.p.;263;27;;66431;599253.84;1150340.13;2013-12-01T00:00:00
13192795;583286;Lelekovice;;;;;79898;Lelekovice;811297;Zahumení;è.p.;264;60;;66431;599056.47;1149397.59;2013-12-01T00:00:00
13192809;583286;Lelekovice;;;;;79898;Lelekovice;811068;Hlavní;è.p.;265;84;;66431;599752.96;1150376.05;2013-12-01T00:00:00
13192817;583286;Lelekovice;;;;;79898;Lelekovice;811173;Plástky;è.p.;266;32;;66431;598436.10;1150478.59;2013-12-01T00:00:00
13192825;583286;Lelekovice;;;;;79898;Lelekovice;811246;U Vápenice;è.p.;267;20;;66431;599301.12;1149245.79;2013-12-01T00:00:00
13192833;583286;Lelekovice;;;;;79898;Lelekovice;811068;Hlavní;è.p.;268;54;;66431;599576.53;1150166.89;2013-12-01T00:00:00
13192841;583286;Lelekovice;;;;;79898;Lelekovice;811165;Pindula;è.p.;269;2;;66431;599377.97;1150249.21;2013-12-01T00:00:00
13192850;583286;Lelekovice;;;;;79898;Lelekovice;811297;Zahumení;è.p.;271;58;;66431;599051.14;1149414.16;2013-12-01T00:00:00
13192868;583286;Lelekovice;;;;;79898;Lelekovice;811190;Podemlýn;è.p.;272;49;;66431;599138.08;1150386.10;2013-12-01T00:00:00
13192876;583286;Lelekovice;;;;;79898;Lelekovice;811297;Zahumení;è.p.;273;73;;66431;599043.94;1149212.99;2013-12-01T00:00:00
13192884;583286;Lelekovice;;;;;79898;Lelekovice;811297;Zahumení;è.p.;274;77;;66431;599012.08;1149197.79;2013-12-01T00:00:00
13192892;583286;Lelekovice;;;;;79898;Lelekovice;811068;Hlavní;è.p.;275;82;;66431;599747.98;1150365.51;2013-12-01T00:00:00
13192906;583286;Lelekovice;;;;;79898;Lelekovice;811068;Hlavní;è.p.;276;80;;66431;599741.45;1150365.74;2013-12-01T00:00:00
13192914;583286;Lelekovice;;;;;79898;Lelekovice;811220;Skalka;è.p.;277;12;;66431;599312.36;1149770.60;2023-07-20T00:00:00
13192922;583286;Lelekovice;;;;;79898;Lelekovice;811106;Koretina;è.p.;278;2;;66431;599123.62;1149332.96;2013-12-01T00:00:00
13192931;583286;Lelekovice;;;;;79898;Lelekovice;811106;Koretina;è.p.;279;8;;66431;599129.87;1149249.92;2013-12-01T00:00:00
13192949;583286;Lelekovice;;;;;79898;Lelekovice;811092;K Radosti;è.p.;280;2;;66431;599941.66;1150652.00;2013-12-01T00:00:00
13192957;583286;Lelekovice;;;;;79898;Lelekovice;811165;Pindula;è.p.;281;18;;66431;599209.64;1150306.59;2013-12-01T00:00:00
13192965;583286;Lelekovice;;;;;79898;Lelekovice;811220;Skalka;è.p.;282;14;;66431;599348.85;1149729.90;2013-12-01T00:00:00
13192973;583286;Lelekovice;;;;;79898;Lelekovice;811106;Koretina;è.p.;283;16;;66431;599208.46;1149139.06;2013-12-01T00:00:00
13192981;583286;Lelekovice;;;;;79898;Lelekovice;811297;Zahumení;è.p.;284;36;;66431;599059.47;1149603.07;2013-12-01T00:00:00
13192990;583286;Lelekovice;;;;;79898;Lelekovice;811203;Poòava;è.p.;285;90;;66431;598304.41;1150276.17;2013-12-01T00:00:00
13193007;583286;Lelekovice;;;;;79898;Lelekovice;811190;Podemlýn;è.p.;286;47;;66431;599147.50;1150385.43;2013-12-01T00:00:00
13193015;583286;Lelekovice;;;;;79898;Lelekovice;811092;K Radosti;è.p.;287;7;;66431;599920.91;1150596.32;2013-12-01T00:00:00
13193023;583286;Lelekovice;;;;;79898;Lelekovice;811220;Skalka;è.p.;288;6;;66431;599288.15;1149791.60;2013-12-01T00:00:00
13193040;583286;Lelekovice;;;;;79898;Lelekovice;811190;Podemlýn;è.p.;290;75;;66431;598954.82;1150464.76;2013-12-01T00:00:00
13193066;583286;Lelekovice;;;;;79898;Lelekovice;811220;Skalka;è.p.;292;5;;66431;599394.32;1149851.99;2013-12-01T00:00:00
13193074;583286;Lelekovice;;;;;79898;Lelekovice;811220;Skalka;è.p.;293;2;;66431;599226.35;1149856.18;2013-12-01T00:00:00
13193082;583286;Lelekovice;;;;;79898;Lelekovice;811084;K Hluku;è.p.;294;5;;66431;599419.23;1150361.04;2013-12-01T00:00:00
13193091;583286;Lelekovice;;;;;79898;Lelekovice;811190;Podemlýn;è.p.;295;71;;66431;598976.44;1150456.11;2013-12-01T00:00:00
13193104;583286;Lelekovice;;;;;79898;Lelekovice;811190;Podemlýn;è.p.;296;69;;66431;598981.99;1150451.41;2013-12-01T00:00:00
13193112;583286;Lelekovice;;;;;79898;Lelekovice;811220;Skalka;è.p.;297;10;;66431;599302.85;1149771.64;2013-12-01T00:00:00
13193121;583286;Lelekovice;;;;;79898;Lelekovice;811068;Hlavní;è.p.;298;83;;66431;599868.07;1150566.23;2013-12-01T00:00:00
13193139;583286;Lelekovice;;;;;79898;Lelekovice;811297;Zahumení;è.p.;299;28;;66431;599062.99;1149688.42;2021-01-13T00:00:00
13193147;583286;Lelekovice;;;;;79898;Lelekovice;811092;K Radosti;è.p.;300;1;;66431;599853.19;1150602.06;2013-12-01T00:00:00
13193155;583286;Lelekovice;;;;;79898;Lelekovice;811203;Poòava;è.p.;301;12;;66431;599075.03;1149934.19;2013-12-01T00:00:00
13193163;583286;Lelekovice;;;;;79898;Lelekovice;811068;Hlavní;è.p.;302;43;;66431;599619.42;1150299.06;2013-12-01T00:00:00
13193171;583286;Lelekovice;;;;;79898;Lelekovice;811203;Poòava;è.p.;303;65;;66431;598557.63;1150042.19;2013-12-01T00:00:00
13193180;583286;Lelekovice;;;;;79898;Lelekovice;811068;Hlavní;è.p.;304;81;;66431;599850.77;1150561.39;2013-12-01T00:00:00
13193198;583286;Lelekovice;;;;;79898;Lelekovice;811068;Hlavní;è.p.;305;58;;66431;599620.92;1150241.39;2013-12-01T00:00:00
13193201;583286;Lelekovice;;;;;79898;Lelekovice;811084;K Hluku;è.p.;306;2;;66431;599461.12;1150309.39;2013-12-01T00:00:00
13193210;583286;Lelekovice;;;;;79898;Lelekovice;811297;Zahumení;è.p.;307;2;;66431;599067.92;1149858.44;2013-12-01T00:00:00
13193228;583286;Lelekovice;;;;;79898;Lelekovice;811297;Zahumení;è.p.;308;4;;66431;599065.20;1149845.97;2022-09-16T00:00:00
13193236;583286;Lelekovice;;;;;79898;Lelekovice;811297;Zahumení;è.p.;309;6;;66431;599055.36;1149833.04;2013-12-01T00:00:00
13193244;583286;Lelekovice;;;;;79898;Lelekovice;811068;Hlavní;è.p.;310;98;;66431;599822.19;1150412.88;2013-12-01T00:00:00
13193252;583286;Lelekovice;;;;;79898;Lelekovice;811068;Hlavní;è.p.;311;88;;66431;599772.92;1150385.55;2013-12-01T00:00:00
13193261;583286;Lelekovice;;;;;79898;Lelekovice;811301;Úvoz;è.p.;312;30;;66431;599936.23;1150073.75;2013-12-01T00:00:00
13193279;583286;Lelekovice;;;;;79898;Lelekovice;811297;Zahumení;è.p.;313;71;;66431;599037.91;1149260.54;2013-12-01T00:00:00
13193287;583286;Lelekovice;;;;;79898;Lelekovice;811106;Koretina;è.p.;314;9;;66431;599197.46;1149248.32;2013-12-01T00:00:00
13193295;583286;Lelekovice;;;;;79898;Lelekovice;811297;Zahumení;è.p.;315;23;;66431;599118.97;1149646.86;2013-12-01T00:00:00
13193309;583286;Lelekovice;;;;;79898;Lelekovice;811246;U Vápenice;è.p.;316;21;;66431;599248.23;1149342.28;2013-12-01T00:00:00
13193317;583286;Lelekovice;;;;;79898;Lelekovice;811297;Zahumení;è.p.;317;8;;66431;599048.64;1149818.07;2013-12-01T00:00:00
13193325;583286;Lelekovice;;;;;79898;Lelekovice;811092;K Radosti;è.p.;318;3;;66431;599883.46;1150591.50;2013-12-01T00:00:00
13193333;583286;Lelekovice;;;;;79898;Lelekovice;811246;U Vápenice;è.p.;319;27;;66431;599278.21;1149320.66;2013-12-01T00:00:00
13193341;583286;Lelekovice;;;;;79898;Lelekovice;811106;Koretina;è.p.;320;17;;66431;599261.97;1149209.02;2013-12-01T00:00:00
13193350;583286;Lelekovice;;;;;79898;Lelekovice;811246;U Vápenice;è.p.;321;6;;66431;599192.27;1149317.30;2013-12-01T00:00:00
13193368;583286;Lelekovice;;;;;79898;Lelekovice;811068;Hlavní;è.p.;322;86;;66431;599761.60;1150379.63;2013-12-01T00:00:00
13193376;583286;Lelekovice;;;;;79898;Lelekovice;811246;U Vápenice;è.p.;323;4;;66431;599164.90;1149332.28;2013-12-01T00:00:00
13193384;583286;Lelekovice;;;;;79898;Lelekovice;811203;Poòava;è.p.;324;42;a;66431;598809.33;1150003.32;2018-09-11T00:00:00
13193392;583286;Lelekovice;;;;;79898;Lelekovice;811297;Zahumení;è.p.;325;37;;66431;599084.59;1149535.31;2013-12-01T00:00:00
13193406;583286;Lelekovice;;;;;79898;Lelekovice;811246;U Vápenice;è.p.;326;2;;66431;599155.19;1149361.22;2013-12-01T00:00:00
13193414;583286;Lelekovice;;;;;79898;Lelekovice;811068;Hlavní;è.p.;327;53;;66431;599690.83;1150405.01;2013-12-01T00:00:00
13193422;583286;Lelekovice;;;;;79898;Lelekovice;811190;Podemlýn;è.p.;328;77;;66431;598946.04;1150512.12;2013-12-01T00:00:00
13193431;583286;Lelekovice;;;;;79898;Lelekovice;811246;U Vápenice;è.p.;329;13;;66431;599211.04;1149373.99;2013-12-01T00:00:00
13193449;583286;Lelekovice;;;;;79898;Lelekovice;811203;Poòava;è.p.;330;56;;66431;598595.31;1150078.20;2013-12-01T00:00:00
13193457;583286;Lelekovice;;;;;79898;Lelekovice;811068;Hlavní;è.p.;331;55;;66431;599703.97;1150418.80;2013-12-01T00:00:00
13193465;583286;Lelekovice;;;;;79898;Lelekovice;811068;Hlavní;è.p.;332;71;;66431;599761.67;1150539.75;2013-12-01T00:00:00
13193473;583286;Lelekovice;;;;;79898;Lelekovice;811068;Hlavní;è.p.;333;76;;66431;599748.99;1150290.16;2024-01-08T00:00:00
13193481;583286;Lelekovice;;;;;79898;Lelekovice;811068;Hlavní;è.p.;334;40;;66431;599451.67;1150035.49;2021-05-03T00:00:00
13193490;583286;Lelekovice;;;;;79898;Lelekovice;811262;Za Kostelem;è.p.;335;2;;66431;598938.39;1149793.21;2013-12-01T00:00:00
13193503;583286;Lelekovice;;;;;79898;Lelekovice;811262;Za Kostelem;è.p.;336;3;;66431;598981.04;1149767.76;2013-12-01T00:00:00
13193511;583286;Lelekovice;;;;;79898;Lelekovice;811297;Zahumení;è.p.;337;31;;66431;599111.25;1149592.59;2013-12-01T00:00:00
13193520;583286;Lelekovice;;;;;79898;Lelekovice;811203;Poòava;è.p.;338;30;;66431;598958.84;1150021.67;2013-12-01T00:00:00
13193538;583286;Lelekovice;;;;;79898;Lelekovice;811246;U Vápenice;è.p.;339;39;;66431;599342.66;1149279.49;2013-12-01T00:00:00
13193554;583286;Lelekovice;;;;;79898;Lelekovice;811068;Hlavní;è.p.;341;102;;66431;599870.02;1150472.01;2013-12-01T00:00:00
13193562;583286;Lelekovice;;;;;79898;Lelekovice;811246;U Vápenice;è.p.;342;41;;66431;599354.82;1149269.71;2013-12-01T00:00:00
13193571;583286;Lelekovice;;;;;79898;Lelekovice;811246;U Vápenice;è.p.;343;10;;66431;599231.09;1149292.26;2013-12-01T00:00:00
13193589;583286;Lelekovice;;;;;79898;Lelekovice;811122;Mackovec;è.p.;344;13;;66431;598476.45;1149856.44;2013-12-01T00:00:00
13193597;583286;Lelekovice;;;;;79898;Lelekovice;811122;Mackovec;è.p.;345;3;;66431;598499.95;1149983.70;2013-12-01T00:00:00
13193601;583286;Lelekovice;;;;;79898;Lelekovice;811122;Mackovec;è.p.;346;5;;66431;598500.76;1149959.14;2013-12-01T00:00:00
13193619;583286;Lelekovice;;;;;79898;Lelekovice;811122;Mackovec;è.p.;347;15;;66431;598489.15;1149828.30;2013-12-01T00:00:00
13193627;583286;Lelekovice;;;;;79898;Lelekovice;811068;Hlavní;è.p.;348;52;;66431;599563.95;1150143.80;2013-12-01T00:00:00
13193635;583286;Lelekovice;;;;;79898;Lelekovice;811122;Mackovec;è.p.;349;9;;66431;598497.07;1149907.14;2013-12-01T00:00:00
13193643;583286;Lelekovice;;;;;79898;Lelekovice;811301;Úvoz;è.p.;350;2;;66431;599600.26;1150163.04;2013-12-01T00:00:00
13193651;583286;Lelekovice;;;;;79898;Lelekovice;811106;Koretina;è.p.;351;6;;66431;599119.56;1149296.38;2013-12-01T00:00:00
13193660;583286;Lelekovice;;;;;79898;Lelekovice;811122;Mackovec;è.p.;352;7;;66431;598493.54;1149934.10;2013-12-01T00:00:00
13193678;583286;Lelekovice;;;;;79898;Lelekovice;811246;U Vápenice;è.p.;353;29;;66431;599292.63;1149311.43;2013-12-01T00:00:00
13193686;583286;Lelekovice;;;;;79898;Lelekovice;811106;Koretina;è.p.;354;3;;66431;599168.32;1149289.13;2013-12-01T00:00:00
13193694;583286;Lelekovice;;;;;79898;Lelekovice;811122;Mackovec;è.p.;355;11;;66431;598485.19;1149882.74;2013-12-01T00:00:00
13193708;583286;Lelekovice;;;;;79898;Lelekovice;811122;Mackovec;è.p.;356;19;;66431;598459.08;1149806.05;2013-12-01T00:00:00
13193716;583286;Lelekovice;;;;;79898;Lelekovice;811246;U Vápenice;è.p.;357;37;;66431;599334.98;1149283.63;2013-12-01T00:00:00
13193724;583286;Lelekovice;;;;;79898;Lelekovice;811246;U Vápenice;è.p.;358;35;;66431;599320.57;1149292.60;2013-12-01T00:00:00
13193732;583286;Lelekovice;;;;;79898;Lelekovice;811092;K Radosti;è.p.;359;9;;66431;599928.06;1150616.57;2013-12-01T00:00:00
13193741;583286;Lelekovice;;;;;79898;Lelekovice;811092;K Radosti;è.p.;360;13;;66431;599892.74;1150654.10;2013-12-01T00:00:00
13193759;583286;Lelekovice;;;;;79898;Lelekovice;811289;Za Zahradami;è.p.;361;22;;66431;599501.51;1150341.34;2013-12-01T00:00:00
13193767;583286;Lelekovice;;;;;79898;Lelekovice;811131;Na Hrázi;è.p.;362;5;;66431;599427.88;1150173.05;2013-12-01T00:00:00
13193775;583286;Lelekovice;;;;;79898;Lelekovice;811131;Na Hrázi;è.p.;363;9;;66431;599396.31;1150195.80;2013-12-01T00:00:00
13193783;583286;Lelekovice;;;;;79898;Lelekovice;811297;Zahumení;è.p.;364;47;;66431;599104.89;1149488.99;2013-12-01T00:00:00
13193791;583286;Lelekovice;;;;;79898;Lelekovice;811297;Zahumení;è.p.;365;49;;66431;599115.37;1149474.81;2013-12-01T00:00:00
13193805;583286;Lelekovice;;;;;79898;Lelekovice;811106;Koretina;è.p.;366;19;;66431;599275.42;1149201.19;2013-12-01T00:00:00
13193813;583286;Lelekovice;;;;;79898;Lelekovice;811106;Koretina;è.p.;367;11;;66431;599219.17;1149236.38;2013-12-01T00:00:00
13193821;583286;Lelekovice;;;;;79898;Lelekovice;811106;Koretina;è.p.;368;18;;66431;599223.43;1149194.41;2013-12-01T00:00:00
13193830;583286;Lelekovice;;;;;79898;Lelekovice;811106;Koretina;è.p.;369;49;;66431;599332.75;1149082.28;2013-12-01T00:00:00
13193848;583286;Lelekovice;;;;;79898;Lelekovice;811106;Koretina;è.p.;370;47;;66431;599343.06;1149076.12;2022-01-18T00:00:00
13193856;583286;Lelekovice;;;;;79898;Lelekovice;811106;Koretina;è.p.;371;43;;66431;599393.11;1149039.16;2013-12-01T00:00:00
13193864;583286;Lelekovice;;;;;79898;Lelekovice;811106;Koretina;è.p.;372;51;;66431;599316.52;1149105.33;2013-12-01T00:00:00
13193872;583286;Lelekovice;;;;;79898;Lelekovice;811084;K Hluku;è.p.;373;16;;66431;599431.25;1150387.73;2013-12-01T00:00:00
13193881;583286;Lelekovice;;;;;79898;Lelekovice;811157;Paseky;è.p.;374;5;;66431;598884.58;1149829.60;2013-12-01T00:00:00
13193899;583286;Lelekovice;;;;;79898;Lelekovice;811157;Paseky;è.p.;375;16;;66431;598843.54;1149839.89;2013-12-01T00:00:00
13193902;583286;Lelekovice;;;;;79898;Lelekovice;811157;Paseky;è.p.;376;18;;66431;598834.92;1149839.89;2013-12-01T00:00:00
13193911;583286;Lelekovice;;;;;79898;Lelekovice;811157;Paseky;è.p.;377;20;;66431;598825.83;1149840.12;2013-12-01T00:00:00
13193929;583286;Lelekovice;;;;;79898;Lelekovice;811157;Paseky;è.p.;378;22;;66431;598816.75;1149840.12;2013-12-01T00:00:00
13193937;583286;Lelekovice;;;;;79898;Lelekovice;811157;Paseky;è.p.;379;24;;66431;598807.21;1149840.12;2013-12-01T00:00:00
13193945;583286;Lelekovice;;;;;79898;Lelekovice;811157;Paseky;è.p.;380;26;;66431;598798.70;1149840.24;2013-12-01T00:00:00
13193953;583286;Lelekovice;;;;;79898;Lelekovice;811157;Paseky;è.p.;381;28;;66431;598783.52;1149840.66;2013-12-01T00:00:00
13193961;583286;Lelekovice;;;;;79898;Lelekovice;811157;Paseky;è.p.;382;30;;66431;598774.85;1149840.66;2013-12-01T00:00:00
13193970;583286;Lelekovice;;;;;79898;Lelekovice;811157;Paseky;è.p.;383;32;;66431;598765.99;1149841.14;2013-12-01T00:00:00
13193988;583286;Lelekovice;;;;;79898;Lelekovice;811157;Paseky;è.p.;384;34;;66431;598756.83;1149840.95;2013-12-01T00:00:00
13193996;583286;Lelekovice;;;;;79898;Lelekovice;811157;Paseky;è.p.;385;36;;66431;598747.97;1149840.95;2013-12-01T00:00:00
13194003;583286;Lelekovice;;;;;79898;Lelekovice;811157;Paseky;è.p.;386;38;;66431;598738.72;1149840.85;2013-12-01T00:00:00
13194011;583286;Lelekovice;;;;;79898;Lelekovice;811203;Poòava;è.p.;387;33;;66431;598785.03;1149970.42;2013-12-01T00:00:00
13194020;583286;Lelekovice;;;;;79898;Lelekovice;811238;Tišnovka;è.p.;388;13;;66431;599870.90;1150833.15;2013-12-01T00:00:00
13194038;583286;Lelekovice;;;;;79898;Lelekovice;811246;U Vápenice;è.p.;389;12;;66431;599249.91;1149279.08;2013-12-01T00:00:00
13194046;583286;Lelekovice;;;;;79898;Lelekovice;811068;Hlavní;è.p.;390;63;;66431;599728.74;1150493.87;2013-12-01T00:00:00
13194054;583286;Lelekovice;;;;;79898;Lelekovice;811301;Úvoz;è.p.;391;6;;66431;599641.14;1150142.22;2013-12-01T00:00:00
13194062;583286;Lelekovice;;;;;79898;Lelekovice;811106;Koretina;è.p.;392;53;;66431;599302.52;1149127.19;2013-12-01T00:00:00
13194071;583286;Lelekovice;;;;;79898;Lelekovice;811157;Paseky;è.p.;393;15;;66431;598847.39;1149806.23;2013-12-01T00:00:00
13194089;583286;Lelekovice;;;;;79898;Lelekovice;811157;Paseky;è.p.;394;17;;66431;598838.45;1149804.28;2013-12-01T00:00:00
13194097;583286;Lelekovice;;;;;79898;Lelekovice;811157;Paseky;è.p.;395;19;;66431;598831.16;1149804.58;2013-12-01T00:00:00
13194101;583286;Lelekovice;;;;;79898;Lelekovice;811157;Paseky;è.p.;396;21;;66431;598822.51;1149804.58;2013-12-01T00:00:00
13194119;583286;Lelekovice;;;;;79898;Lelekovice;811157;Paseky;è.p.;397;23;;66431;598813.01;1149803.17;2022-07-20T00:00:00
13194127;583286;Lelekovice;;;;;79898;Lelekovice;811157;Paseky;è.p.;398;25;;66431;598805.71;1149805.06;2013-12-01T00:00:00
13194135;583286;Lelekovice;;;;;79898;Lelekovice;811157;Paseky;è.p.;399;27;;66431;598791.42;1149806.07;2013-12-01T00:00:00
13194143;583286;Lelekovice;;;;;79898;Lelekovice;811157;Paseky;è.p.;400;29;;66431;598783.33;1149806.26;2013-12-01T00:00:00
13194151;583286;Lelekovice;;;;;79898;Lelekovice;811157;Paseky;è.p.;401;31;;66431;598774.94;1149806.26;2013-12-01T00:00:00
13194160;583286;Lelekovice;;;;;79898;Lelekovice;811157;Paseky;è.p.;402;33;;66431;598766.66;1149806.45;2013-12-01T00:00:00
13194178;583286;Lelekovice;;;;;79898;Lelekovice;811157;Paseky;è.p.;403;35;;66431;598758.27;1149806.55;2013-12-01T00:00:00
13194186;583286;Lelekovice;;;;;79898;Lelekovice;811157;Paseky;è.p.;404;37;;66431;598749.80;1149806.45;2013-12-01T00:00:00
13194194;583286;Lelekovice;;;;;79898;Lelekovice;811190;Podemlýn;è.p.;405;57;;66431;599040.59;1150420.24;2013-12-01T00:00:00
13194208;583286;Lelekovice;;;;;79898;Lelekovice;811068;Hlavní;è.p.;406;50;;66431;599543.88;1150129.22;2013-12-01T00:00:00
13194216;583286;Lelekovice;;;;;79898;Lelekovice;811131;Na Hrázi;è.p.;407;7;;66431;599409.06;1150183.96;2013-12-01T00:00:00
13194224;583286;Lelekovice;;;;;79898;Lelekovice;811157;Paseky;è.p.;408;7;;66431;598867.31;1149804.96;2013-12-01T00:00:00
13194232;583286;Lelekovice;;;;;79898;Lelekovice;811092;K Radosti;è.p.;409;11;;66431;599915.59;1150630.57;2013-12-01T00:00:00
13194241;583286;Lelekovice;;;;;79898;Lelekovice;811203;Poòava;è.p.;410;71;;66431;598522.58;1150049.40;2013-12-01T00:00:00
13194259;583286;Lelekovice;;;;;79898;Lelekovice;811203;Poòava;è.p.;411;73;;66431;598509.96;1150052.20;2013-12-01T00:00:00
13194267;583286;Lelekovice;;;;;79898;Lelekovice;811122;Mackovec;è.p.;412;17;;66431;598462.29;1149827.19;2013-12-01T00:00:00
13194275;583286;Lelekovice;;;;;79898;Lelekovice;811122;Mackovec;è.p.;413;23;;66431;598454.84;1149762.83;2013-12-01T00:00:00
13194283;583286;Lelekovice;;;;;79898;Lelekovice;811106;Koretina;è.p.;414;38;;66431;599373.50;1149105.33;2013-12-01T00:00:00
13194291;583286;Lelekovice;;;;;79898;Lelekovice;811190;Podemlýn;è.p.;415;61;;66431;599011.40;1150416.28;2013-12-01T00:00:00
13194305;583286;Lelekovice;;;;;79898;Lelekovice;811190;Podemlýn;è.p.;416;59;;66431;599030.71;1150423.32;2013-12-01T00:00:00
13194313;583286;Lelekovice;;;;;79898;Lelekovice;811246;U Vápenice;è.p.;417;33;;66431;599312.13;1149296.83;2013-12-01T00:00:00
13194321;583286;Lelekovice;;;;;79898;Lelekovice;811068;Hlavní;è.p.;418;61;;66431;599704.42;1150492.45;2013-12-01T00:00:00
13194330;583286;Lelekovice;;;;;79898;Lelekovice;811106;Koretina;è.p.;419;34;;66431;599346.44;1149118.41;2013-12-01T00:00:00
13194348;583286;Lelekovice;;;;;79898;Lelekovice;811106;Koretina;è.p.;420;36;;66431;599355.43;1149113.88;2013-12-01T00:00:00
13194356;583286;Lelekovice;;;;;79898;Lelekovice;811297;Zahumení;è.p.;421;29;;66431;599115.81;1149611.54;2013-12-01T00:00:00
13194364;583286;Lelekovice;;;;;79898;Lelekovice;811106;Koretina;è.p.;422;39;;66431;599455.52;1149081.05;2013-12-01T00:00:00
13194372;583286;Lelekovice;;;;;79898;Lelekovice;811106;Koretina;è.p.;423;40;;66431;599388.78;1149092.46;2013-12-01T00:00:00
13194381;583286;Lelekovice;;;;;79898;Lelekovice;811131;Na Hrázi;è.p.;424;1;;66431;599410.30;1150135.42;2013-12-01T00:00:00
13194399;583286;Lelekovice;;;;;79898;Lelekovice;811301;Úvoz;è.p.;425;4;;66431;599616.23;1150163.14;2013-12-01T00:00:00
13194402;583286;Lelekovice;;;;;79898;Lelekovice;811220;Skalka;è.p.;426;3;;66431;599321.30;1149785.89;2013-12-01T00:00:00
13194411;583286;Lelekovice;;;;;79898;Lelekovice;811157;Paseky;è.p.;427;40;;66431;598721.23;1149841.81;2013-12-01T00:00:00
13194429;583286;Lelekovice;;;;;79898;Lelekovice;811246;U Vápenice;è.p.;428;23;;66431;599264.41;1149333.29;2013-12-01T00:00:00
13194437;583286;Lelekovice;;;;;79898;Lelekovice;811157;Paseky;è.p.;429;46;;66431;598703.88;1149786.23;2013-12-01T00:00:00
13194445;583286;Lelekovice;;;;;79898;Lelekovice;811106;Koretina;è.p.;430;14;;66431;599193.23;1149217.24;2013-12-01T00:00:00
13194453;583286;Lelekovice;;;;;79898;Lelekovice;811068;Hlavní;è.p.;431;92;;66431;599790.71;1150395.52;2013-12-01T00:00:00
13194461;583286;Lelekovice;;;;;79898;Lelekovice;811068;Hlavní;è.p.;432;94;;66431;599797.74;1150398.49;2013-12-01T00:00:00
13194470;583286;Lelekovice;;;;;79898;Lelekovice;811165;Pindula;è.p.;433;4;;66431;599368.56;1150262.78;2013-12-01T00:00:00
13194488;583286;Lelekovice;;;;;79898;Lelekovice;811165;Pindula;è.p.;434;6;;66431;599353.73;1150270.11;2013-12-01T00:00:00
13194496;583286;Lelekovice;;;;;79898;Lelekovice;811122;Mackovec;è.p.;435;31;;66431;598475.74;1149695.23;2013-12-01T00:00:00
13194500;583286;Lelekovice;;;;;79898;Lelekovice;811122;Mackovec;è.p.;436;33;;66431;598499.79;1149674.01;2013-12-01T00:00:00
13194518;583286;Lelekovice;;;;;79898;Lelekovice;811122;Mackovec;è.p.;437;6;;66431;598464.44;1149939.31;2013-12-01T00:00:00
13194526;583286;Lelekovice;;;;;79898;Lelekovice;811190;Podemlýn;è.p.;438;51;;66431;599114.58;1150395.88;2013-12-01T00:00:00
13194534;583286;Lelekovice;;;;;79898;Lelekovice;811297;Zahumení;è.p.;439;15;;66431;599086.00;1149764.00;2013-12-01T00:00:00
13194542;583286;Lelekovice;;;;;79898;Lelekovice;811211;Pøíhon;è.p.;440;12;;66431;598608.28;1149984.05;2013-12-01T00:00:00
13194551;583286;Lelekovice;;;;;79898;Lelekovice;811246;U Vápenice;è.p.;441;14;;66431;599263.50;1149269.08;2013-12-01T00:00:00
13194569;583286;Lelekovice;;;;;79898;Lelekovice;811297;Zahumení;è.p.;442;11;;66431;599131.68;1149829.22;2013-12-01T00:00:00
13194577;583286;Lelekovice;;;;;79898;Lelekovice;811106;Koretina;è.p.;443;10;;66431;599128.46;1149238.14;2022-03-21T00:00:00
13194585;583286;Lelekovice;;;;;79898;Lelekovice;811068;Hlavní;è.p.;444;5;;66431;599190.39;1149891.76;2013-12-01T00:00:00
13194593;583286;Lelekovice;;;;;79898;Lelekovice;811068;Hlavní;è.p.;445;56;;66431;599601.82;1150222.60;2013-12-01T00:00:00
13194607;583286;Lelekovice;;;;;79898;Lelekovice;811122;Mackovec;è.p.;446;8;;66431;598462.59;1149910.20;2013-12-01T00:00:00
13194615;583286;Lelekovice;;;;;79898;Lelekovice;811246;U Vápenice;è.p.;447;17;;66431;599229.94;1149359.65;2013-12-01T00:00:00
13194623;583286;Lelekovice;;;;;79898;Lelekovice;811068;Hlavní;è.p.;448;67;;66431;599771.13;1150503.70;2013-12-01T00:00:00
13194631;583286;Lelekovice;;;;;79898;Lelekovice;811068;Hlavní;è.p.;449;48;;66431;599494.46;1150106.20;2013-12-01T00:00:00
13194640;583286;Lelekovice;;;;;79898;Lelekovice;811106;Koretina;è.p.;450;32;;66431;599328.14;1149128.46;2013-12-01T00:00:00
13194658;583286;Lelekovice;;;;;79898;Lelekovice;811122;Mackovec;è.p.;451;18;;66431;598517.22;1149626.41;2013-12-01T00:00:00
13194666;583286;Lelekovice;;;;;79898;Lelekovice;811068;Hlavní;è.p.;452;90;;66431;599780.75;1150388.56;2013-12-01T00:00:00
13194674;583286;Lelekovice;;;;;79898;Lelekovice;811157;Paseky;è.p.;453;44;;66431;598709.96;1149810.48;2013-12-01T00:00:00
13194682;583286;Lelekovice;;;;;79898;Lelekovice;811122;Mackovec;è.p.;454;10;;66431;598435.62;1149837.29;2013-12-01T00:00:00
13194691;583286;Lelekovice;;;;;79898;Lelekovice;811190;Podemlýn;è.p.;455;53;;66431;599088.44;1150403.63;2025-12-03T00:00:00
13194704;583286;Lelekovice;;;;;79898;Lelekovice;811106;Koretina;è.p.;456;42;;66431;599367.93;1149078.41;2013-12-01T00:00:00
13194712;583286;Lelekovice;;;;;79898;Lelekovice;811246;U Vápenice;è.p.;457;43;;66431;599365.77;1149262.73;2013-12-01T00:00:00
13194721;583286;Lelekovice;;;;;79898;Lelekovice;811122;Mackovec;è.p.;458;27;;66431;598454.45;1149722.68;2013-12-01T00:00:00
13194739;583286;Lelekovice;;;;;79898;Lelekovice;811297;Zahumení;è.p.;459;67;;66431;599083.48;1149256.92;2013-12-01T00:00:00
13194747;583286;Lelekovice;;;;;79898;Lelekovice;811122;Mackovec;è.p.;460;21;;66431;598460.69;1149789.88;2013-12-01T00:00:00
13194755;583286;Lelekovice;;;;;79898;Lelekovice;811068;Hlavní;è.p.;461;65;;66431;599760.49;1150485.31;2013-12-01T00:00:00
13194763;583286;Lelekovice;;;;;79898;Lelekovice;811106;Koretina;è.p.;462;5;;66431;599176.14;1149269.72;2014-01-31T00:00:00
13194771;583286;Lelekovice;;;;;79898;Lelekovice;811246;U Vápenice;è.p.;463;31;;66431;599299.93;1149305.24;2013-12-01T00:00:00
13194780;583286;Lelekovice;;;;;79898;Lelekovice;811246;U Vápenice;è.p.;464;25;;66431;599313.85;1149368.51;2013-12-01T00:00:00
13194798;583286;Lelekovice;;;;;79898;Lelekovice;811068;Hlavní;è.p.;465;79;;66431;599836.97;1150559.18;2013-12-01T00:00:00
13194801;583286;Lelekovice;;;;;79898;Lelekovice;811246;U Vápenice;è.p.;466;59;;66431;599595.07;1149161.39;2013-12-01T00:00:00
13194810;583286;Lelekovice;;;;;79898;Lelekovice;811254;Ve Dvoøe;è.p.;467;1;;66431;599507.02;1150215.19;2022-03-16T00:00:00
13194828;583286;Lelekovice;;;;;79898;Lelekovice;811181;Pod Strážnou;è.p.;468;5;;66431;599543.91;1150434.98;2013-12-01T00:00:00
13194836;583286;Lelekovice;;;;;79898;Lelekovice;811122;Mackovec;è.p.;469;16;;66431;598475.42;1149607.57;2013-12-01T00:00:00
13194844;583286;Lelekovice;;;;;79898;Lelekovice;811190;Podemlýn;è.p.;470;55;;66431;599060.74;1150395.78;2013-12-01T00:00:00
13194852;583286;Lelekovice;;;;;79898;Lelekovice;811181;Pod Strážnou;è.p.;471;2;;66431;599654.17;1150374.98;2013-12-01T00:00:00
13194861;583286;Lelekovice;;;;;79898;Lelekovice;811246;U Vápenice;è.p.;472;9;;66431;599196.66;1149390.18;2013-12-01T00:00:00
13194879;583286;Lelekovice;;;;;79898;Lelekovice;811246;U Vápenice;è.p.;473;42;;66431;599494.96;1149119.81;2013-12-01T00:00:00
13194887;583286;Lelekovice;;;;;79898;Lelekovice;811246;U Vápenice;è.p.;474;44;;66431;599514.44;1149149.67;2025-11-05T00:00:00
13194895;583286;Lelekovice;;;;;79898;Lelekovice;;;è.ev.;14;;;66431;599387.21;1149326.93;2014-01-31T00:00:00
13194909;583286;Lelekovice;;;;;79898;Lelekovice;;;è.ev.;701;;;66431;599014.71;1150618.46;2013-12-01T00:00:00
13194917;583286;Lelekovice;;;;;79898;Lelekovice;;;è.ev.;702;;;66431;599005.26;1150627.70;2013-12-01T00:00:00
13194925;583286;Lelekovice;;;;;79898;Lelekovice;;;è.ev.;703;;;66431;598993.59;1150637.28;2013-12-01T00:00:00
13194933;583286;Lelekovice;;;;;79898;Lelekovice;;;è.ev.;704;;;66431;598976.30;1150650.61;2013-12-01T00:00:00
13194941;583286;Lelekovice;;;;;79898;Lelekovice;;;è.ev.;705;;;66431;598939.82;1150677.44;2013-12-01T00:00:00
13194950;583286;Lelekovice;;;;;79898;Lelekovice;;;è.ev.;706;;;66431;599016.05;1150657.85;2013-12-01T00:00:00
13194968;583286;Lelekovice;;;;;79898;Lelekovice;;;è.ev.;707;;;66431;599035.63;1150654.39;2013-12-01T00:00:00
13194976;583286;Lelekovice;;;;;79898;Lelekovice;;;è.ev.;708;;;66431;599057.98;1150651.09;2013-12-01T00:00:00
13194984;583286;Lelekovice;;;;;79898;Lelekovice;;;è.ev.;709;;;66431;599158.33;1150608.22;2013-12-01T00:00:00
13194992;583286;Lelekovice;;;;;79898;Lelekovice;;;è.ev.;710;;;66431;599070.82;1150402.30;2014-02-05T00:00:00
13195000;583286;Lelekovice;;;;;79898;Lelekovice;;;è.ev.;711;;;66431;598538.54;1150434.64;2013-12-01T00:00:00
13195018;583286;Lelekovice;;;;;79898;Lelekovice;;;è.ev.;712;;;66431;598542.90;1150488.18;2013-12-01T00:00:00
13195026;583286;Lelekovice;;;;;79898;Lelekovice;;;è.ev.;713;;;66431;598580.25;1150509.46;2013-12-01T00:00:00
13195034;583286;Lelekovice;;;;;79898;Lelekovice;;;è.ev.;714;;;66431;598262.39;1150550.30;2013-12-01T00:00:00
13195069;583286;Lelekovice;;;;;79898;Lelekovice;;;è.ev.;717;;;66431;599050.36;1150600.48;2013-12-01T00:00:00
13195077;583286;Lelekovice;;;;;79898;Lelekovice;;;è.ev.;718;;;66431;598460.21;1150551.52;2013-12-01T00:00:00
13195085;583286;Lelekovice;;;;;79898;Lelekovice;;;è.ev.;719;;;66431;598417.44;1149956.70;2013-12-01T00:00:00
13195093;583286;Lelekovice;;;;;79898;Lelekovice;;;è.ev.;720;;;66431;598363.62;1149934.01;2013-12-01T00:00:00
13195115;583286;Lelekovice;;;;;79898;Lelekovice;;;è.ev.;722;;;66431;598582.39;1149759.67;2013-12-01T00:00:00
13195123;583286;Lelekovice;;;;;79898;Lelekovice;;;è.ev.;723;;;66431;598596.12;1149724.27;2013-12-01T00:00:00
13195131;583286;Lelekovice;;;;;79898;Lelekovice;;;è.ev.;724;;;66431;598382.27;1149507.62;2013-12-01T00:00:00
13195140;583286;Lelekovice;;;;;79898;Lelekovice;;;è.ev.;725;;;66431;598361.85;1149478.78;2013-12-01T00:00:00
13195158;583286;Lelekovice;;;;;79898;Lelekovice;;;è.ev.;726;;;66431;599156.44;1149198.07;2013-12-01T00:00:00
13195166;583286;Lelekovice;;;;;79898;Lelekovice;;;è.ev.;727;;;66431;599189.57;1149142.71;2013-12-01T00:00:00
13195174;583286;Lelekovice;;;;;79898;Lelekovice;;;è.ev.;728;;;66431;599386.99;1148977.95;2013-12-01T00:00:00
13195182;583286;Lelekovice;;;;;79898;Lelekovice;;;è.ev.;729;;;66431;599483.97;1149940.66;2013-12-01T00:00:00
13195191;583286;Lelekovice;;;;;79898;Lelekovice;;;è.ev.;730;;;66431;599556.84;1149727.34;2013-12-01T00:00:00
13195204;583286;Lelekovice;;;;;79898;Lelekovice;;;è.ev.;731;;;66431;598513.50;1150605.13;2013-12-01T00:00:00
13195212;583286;Lelekovice;;;;;79898;Lelekovice;;;è.ev.;732;;;66431;599246.70;1150705.00;2013-12-01T00:00:00
13195221;583286;Lelekovice;;;;;79898;Lelekovice;;;è.ev.;733;;;66431;598659.81;1149846.12;2013-12-01T00:00:00
13195239;583286;Lelekovice;;;;;79898;Lelekovice;;;è.ev.;734;;;66431;598944.91;1150405.27;2013-12-01T00:00:00
13195247;583286;Lelekovice;;;;;79898;Lelekovice;;;è.ev.;735;;;66431;599140.65;1150608.84;2013-12-01T00:00:00
13195255;583286;Lelekovice;;;;;79898;Lelekovice;;;è.ev.;736;;;66431;599136.31;1150611.79;2013-12-01T00:00:00
13195263;583286;Lelekovice;;;;;79898;Lelekovice;;;è.ev.;737;;;66431;599783.31;1150947.35;2013-12-01T00:00:00
13195271;583286;Lelekovice;;;;;79898;Lelekovice;;;è.ev.;738;;;66431;598463.11;1149439.67;2013-12-01T00:00:00
13195280;583286;Lelekovice;;;;;79898;Lelekovice;811203;Poòava;è.p.;695;94;;66431;598308.00;1150043.24;2022-12-02T00:00:00
13195298;583286;Lelekovice;;;;;79898;Lelekovice;;;è.ev.;740;;;66431;599772.39;1150593.40;2013-12-01T00:00:00
13195301;583286;Lelekovice;;;;;79898;Lelekovice;;;è.ev.;741;;;66431;599790.87;1150939.61;2013-12-01T00:00:00
13195310;583286;Lelekovice;;;;;79898;Lelekovice;;;è.ev.;742;;;66431;599118.16;1150664.86;2013-12-01T00:00:00
13195328;583286;Lelekovice;;;;;79898;Lelekovice;;;è.ev.;743;;;66431;598921.58;1149753.24;2013-12-01T00:00:00
13195336;583286;Lelekovice;;;;;79898;Lelekovice;;;è.ev.;744;;;66431;599781.49;1150609.70;2013-12-01T00:00:00
13195344;583286;Lelekovice;;;;;79898;Lelekovice;;;è.ev.;745;;;66431;599739.87;1150604.65;2013-12-01T00:00:00
13195352;583286;Lelekovice;;;;;79898;Lelekovice;;;è.ev.;746;;;66431;599679.45;1151092.19;2013-12-01T00:00:00
13195361;583286;Lelekovice;;;;;79898;Lelekovice;;;è.ev.;747;;;66431;599089.97;1150565.19;2013-12-01T00:00:00
13195379;583286;Lelekovice;;;;;79898;Lelekovice;;;è.ev.;748;;;66431;598569.59;1150393.83;2019-08-01T00:00:00
13195387;583286;Lelekovice;;;;;79898;Lelekovice;;;è.ev.;749;;;66431;598238.11;1149997.24;2013-12-01T00:00:00
13195395;583286;Lelekovice;;;;;79898;Lelekovice;;;è.ev.;750;;;66431;599632.01;1151154.53;2013-12-01T00:00:00
13195409;583286;Lelekovice;;;;;79898;Lelekovice;;;è.ev.;751;;;66431;599689.58;1151074.14;2013-12-01T00:00:00
13195417;583286;Lelekovice;;;;;79898;Lelekovice;;;è.ev.;752;;;66431;599414.49;1149037.74;2013-12-01T00:00:00
13195425;583286;Lelekovice;;;;;79898;Lelekovice;;;è.ev.;753;;;66431;599251.41;1149387.41;2013-12-01T00:00:00
13195433;583286;Lelekovice;;;;;79898;Lelekovice;;;è.ev.;754;;;66431;598606.72;1150605.59;2013-12-01T00:00:00
13195441;583286;Lelekovice;;;;;79898;Lelekovice;;;è.ev.;755;;;66431;598858.10;1150357.36;2013-12-01T00:00:00
13195450;583286;Lelekovice;;;;;79898;Lelekovice;;;è.ev.;756;;;66431;598377.52;1149872.89;2013-12-01T00:00:00
13195468;583286;Lelekovice;;;;;79898;Lelekovice;;;è.ev.;757;;;66431;599472.48;1151395.95;2013-12-01T00:00:00
13195476;583286;Lelekovice;;;;;79898;Lelekovice;;;è.ev.;758;;;66431;598753.50;1149462.31;2013-12-01T00:00:00
13195484;583286;Lelekovice;;;;;79898;Lelekovice;;;è.ev.;759;;;66431;599175.51;1150628.54;2013-12-01T00:00:00
13195506;583286;Lelekovice;;;;;79898;Lelekovice;;;è.ev.;761;;;66431;598785.08;1150437.98;2013-12-01T00:00:00
13195514;583286;Lelekovice;;;;;79898;Lelekovice;;;è.ev.;762;;;66431;598508.12;1150571.83;2013-12-01T00:00:00
13195531;583286;Lelekovice;;;;;79898;Lelekovice;;;è.ev.;765;;;66431;598829.99;1149721.42;2013-12-01T00:00:00
13195549;583286;Lelekovice;;;;;79898;Lelekovice;;;è.ev.;766;;;66431;598586.24;1150638.24;2013-12-01T00:00:00
13195557;583286;Lelekovice;;;;;79898;Lelekovice;;;è.ev.;767;;;66431;598490.71;1150545.27;2013-12-01T00:00:00
13195565;583286;Lelekovice;;;;;79898;Lelekovice;;;è.ev.;768;;;66431;598991.97;1150665.82;2013-12-01T00:00:00
13195573;583286;Lelekovice;;;;;79898;Lelekovice;;;è.ev.;769;;;66431;598977.24;1150674.32;2013-12-01T00:00:00
13195581;583286;Lelekovice;;;;;79898;Lelekovice;;;è.ev.;770;;;66431;598964.59;1150680.04;2013-12-01T00:00:00
13195590;583286;Lelekovice;;;;;79898;Lelekovice;;;è.ev.;771;;;66431;598767.95;1150497.94;2013-12-01T00:00:00
13195603;583286;Lelekovice;;;;;79898;Lelekovice;;;è.ev.;772;;;66431;598774.86;1150481.67;2013-12-01T00:00:00
13195611;583286;Lelekovice;;;;;79898;Lelekovice;;;è.ev.;773;;;66431;598785.12;1150505.47;2021-09-14T00:00:00
13195620;583286;Lelekovice;;;;;79898;Lelekovice;;;è.ev.;774;;;66431;599156.64;1150639.28;2013-12-01T00:00:00
13195638;583286;Lelekovice;;;;;79898;Lelekovice;;;è.ev.;775;;;66431;599415.63;1148951.75;2013-12-01T00:00:00
13195646;583286;Lelekovice;;;;;79898;Lelekovice;;;è.ev.;776;;;66431;598667.77;1150457.24;2013-12-01T00:00:00
13195654;583286;Lelekovice;;;;;79898;Lelekovice;;;è.ev.;777;;;66431;598683.85;1150415.64;2013-12-01T00:00:00
13195662;583286;Lelekovice;;;;;79898;Lelekovice;;;è.ev.;778;;;66431;599488.12;1151414.64;2013-12-01T00:00:00
13195671;583286;Lelekovice;;;;;79898;Lelekovice;;;è.ev.;779;;;66431;599630.19;1151190.45;2013-12-01T00:00:00
13195689;583286;Lelekovice;;;;;79898;Lelekovice;;;è.ev.;780;;;66431;599770.94;1150953.91;2013-12-01T00:00:00
13195697;583286;Lelekovice;;;;;79898;Lelekovice;;;è.ev.;781;;;66431;598790.02;1150451.49;2013-12-01T00:00:00
13195701;583286;Lelekovice;;;;;79898;Lelekovice;;;è.ev.;782;;;66431;598796.57;1150541.84;2019-06-19T00:00:00
13195719;583286;Lelekovice;;;;;79898;Lelekovice;;;è.ev.;783;;;66431;598675.35;1150434.24;2013-12-01T00:00:00
13195727;583286;Lelekovice;;;;;79898;Lelekovice;;;è.ev.;784;;;66431;599094.88;1150656.64;2013-12-01T00:00:00
13195735;583286;Lelekovice;;;;;79898;Lelekovice;;;è.ev.;785;;;66431;598699.24;1150516.96;2013-12-01T00:00:00
13195743;583286;Lelekovice;;;;;79898;Lelekovice;;;è.ev.;786;;;66431;598629.41;1149873.60;2013-12-01T00:00:00
13195751;583286;Lelekovice;;;;;79898;Lelekovice;;;è.ev.;787;;;66431;599955.07;1150001.78;2013-12-01T00:00:00
13195760;583286;Lelekovice;;;;;79898;Lelekovice;;;è.ev.;789;;;66431;599586.00;1149742.93;2013-12-01T00:00:00
13195778;583286;Lelekovice;;;;;79898;Lelekovice;;;è.ev.;790;;;66431;599570.67;1149772.02;2013-12-01T00:00:00
13195786;583286;Lelekovice;;;;;79898;Lelekovice;;;è.ev.;791;;;66431;598641.84;1150341.74;2021-05-03T00:00:00
13195794;583286;Lelekovice;;;;;79898;Lelekovice;;;è.ev.;792;;;66431;599849.15;1150647.91;2013-12-01T00:00:00
13195808;583286;Lelekovice;;;;;79898;Lelekovice;;;è.ev.;793;;;66431;598553.95;1150551.60;2013-12-01T00:00:00
13195816;583286;Lelekovice;;;;;79898;Lelekovice;;;è.ev.;794;;;66431;598745.35;1150517.50;2013-12-01T00:00:00
13195824;583286;Lelekovice;;;;;79898;Lelekovice;;;è.ev.;796;;;66431;598663.75;1150530.11;2013-12-01T00:00:00
13195832;583286;Lelekovice;;;;;79898;Lelekovice;;;è.ev.;798;;;66431;600108.13;1149919.13;2013-12-01T00:00:00
13195841;583286;Lelekovice;;;;;79898;Lelekovice;;;è.ev.;799;;;66431;599489.71;1149609.64;2013-12-01T00:00:00
13195859;583286;Lelekovice;;;;;79898;Lelekovice;;;è.ev.;800;;;66431;599416.01;1148974.42;2013-12-01T00:00:00
13195867;583286;Lelekovice;;;;;79898;Lelekovice;;;è.ev.;801;;;66431;599538.02;1149665.43;2013-12-01T00:00:00
13195875;583286;Lelekovice;;;;;79898;Lelekovice;;;è.ev.;802;;;66431;599578.93;1150300.44;2013-12-01T00:00:00
13195883;583286;Lelekovice;;;;;79898;Lelekovice;;;è.ev.;803;;;66431;599178.59;1150520.72;2013-12-01T00:00:00
13195891;583286;Lelekovice;;;;;79898;Lelekovice;;;è.ev.;804;;;66431;598547.07;1150507.69;2013-12-01T00:00:00
13195905;583286;Lelekovice;;;;;79898;Lelekovice;;;è.ev.;805;;;66431;599153.53;1150576.97;2013-12-01T00:00:00
13195913;583286;Lelekovice;;;;;79898;Lelekovice;;;è.ev.;806;;;66431;599418.29;1149007.98;2013-12-01T00:00:00
13195921;583286;Lelekovice;;;;;79898;Lelekovice;;;è.ev.;807;;;66431;598644.98;1150373.46;2013-12-01T00:00:00
13195948;583286;Lelekovice;;;;;79898;Lelekovice;;;è.ev.;810;;;66431;599283.27;1149420.88;2013-12-01T00:00:00
13195956;583286;Lelekovice;;;;;79898;Lelekovice;;;è.ev.;811;;;66431;598690.71;1150450.10;2013-12-01T00:00:00
13195964;583286;Lelekovice;;;;;79898;Lelekovice;;;è.ev.;812;;;66431;599395.87;1149000.63;2013-12-01T00:00:00
13195981;583286;Lelekovice;;;;;79898;Lelekovice;;;è.ev.;814;;;66431;599345.10;1149346.89;2013-12-01T00:00:00
13195999;583286;Lelekovice;;;;;79898;Lelekovice;;;è.ev.;815;;;66431;599512.53;1149517.13;2013-12-01T00:00:00
13196006;583286;Lelekovice;;;;;79898;Lelekovice;;;è.ev.;816;;;66431;599525.22;1149525.03;2013-12-01T00:00:00
13196014;583286;Lelekovice;;;;;79898;Lelekovice;;;è.ev.;817;;;66431;599509.60;1149496.72;2013-12-01T00:00:00
13196031;583286;Lelekovice;;;;;79898;Lelekovice;;;è.ev.;819;;;66431;598615.51;1150402.04;2013-12-01T00:00:00
13196049;583286;Lelekovice;;;;;79898;Lelekovice;;;è.ev.;820;;;66431;598805.55;1150557.69;2013-12-01T00:00:00
13196057;583286;Lelekovice;;;;;79898;Lelekovice;;;è.ev.;821;;;66431;598970.30;1149545.67;2013-12-01T00:00:00
13196065;583286;Lelekovice;;;;;79898;Lelekovice;;;è.ev.;822;;;66431;599418.12;1149748.98;2013-12-01T00:00:00
13196073;583286;Lelekovice;;;;;79898;Lelekovice;;;è.ev.;823;;;66431;599541.39;1149647.20;2013-12-01T00:00:00
13196081;583286;Lelekovice;;;;;79898;Lelekovice;;;è.ev.;824;;;66431;599575.23;1149681.83;2013-12-01T00:00:00
13196090;583286;Lelekovice;;;;;79898;Lelekovice;;;è.ev.;825;;;66431;598705.32;1150432.36;2013-12-01T00:00:00
13196103;583286;Lelekovice;;;;;79898;Lelekovice;;;è.ev.;826;;;66431;599605.21;1149632.03;2013-12-01T00:00:00
13196111;583286;Lelekovice;;;;;79898;Lelekovice;;;è.ev.;827;;;66431;598966.29;1149556.01;2013-12-01T00:00:00
13196120;583286;Lelekovice;;;;;79898;Lelekovice;;;è.ev.;828;;;66431;599260.52;1149448.23;2013-12-01T00:00:00
13196138;583286;Lelekovice;;;;;79898;Lelekovice;;;è.ev.;829;;;66431;599430.32;1148960.86;2013-12-01T00:00:00
13196146;583286;Lelekovice;;;;;79898;Lelekovice;;;è.ev.;830;;;66431;598679.77;1150499.14;2013-12-01T00:00:00
13196154;583286;Lelekovice;;;;;79898;Lelekovice;;;è.ev.;831;;;66431;599456.52;1149509.10;2013-12-01T00:00:00
13196162;583286;Lelekovice;;;;;79898;Lelekovice;811190;Podemlýn;è.p.;673;7;;66431;599403.65;1150253.47;2021-01-05T00:00:00
13196201;583286;Lelekovice;;;;;79898;Lelekovice;;;è.ev.;836;;;66431;598963.96;1150444.99;2013-12-01T00:00:00
13196235;583286;Lelekovice;;;;;79898;Lelekovice;;;è.ev.;839;;;66431;598650.75;1150386.78;2013-12-01T00:00:00
13196243;583286;Lelekovice;;;;;79898;Lelekovice;;;è.ev.;840;;;66431;599424.87;1149717.61;2013-12-01T00:00:00
13196260;583286;Lelekovice;;;;;79898;Lelekovice;;;è.ev.;842;;;66431;598898.99;1150625.54;2013-12-01T00:00:00
13196278;583286;Lelekovice;;;;;79898;Lelekovice;;;è.ev.;843;;;66431;598572.56;1150457.75;2013-12-01T00:00:00
13196286;583286;Lelekovice;;;;;79898;Lelekovice;;;è.ev.;844;;;66431;598927.36;1150598.61;2013-12-01T00:00:00
13196294;583286;Lelekovice;;;;;79898;Lelekovice;;;è.ev.;845;;;66431;599418.98;1149579.69;2013-12-01T00:00:00
13196316;583286;Lelekovice;;;;;79898;Lelekovice;;;è.ev.;847;;;66431;598621.20;1150376.56;2020-08-31T00:00:00
13196324;583286;Lelekovice;;;;;79898;Lelekovice;;;è.ev.;849;;;66431;598925.10;1150352.17;2013-12-01T00:00:00
13196332;583286;Lelekovice;;;;;79898;Lelekovice;;;è.ev.;850;;;66431;599287.02;1150800.83;2021-03-17T00:00:00
13196341;583286;Lelekovice;;;;;79898;Lelekovice;;;è.ev.;851;;;66431;598546.29;1150630.42;2022-09-16T00:00:00
13196359;583286;Lelekovice;;;;;79898;Lelekovice;;;è.ev.;852;;;66431;598585.55;1150434.82;2013-12-01T00:00:00
13196375;583286;Lelekovice;;;;;79898;Lelekovice;;;è.ev.;854;;;66431;598761.57;1150386.32;2013-12-01T00:00:00
13196383;583286;Lelekovice;;;;;79898;Lelekovice;811203;Poòava;è.p.;135;50;;66431;598644.65;1150064.03;2019-08-14T00:00:00
13196391;583286;Lelekovice;;;;;79898;Lelekovice;;;è.ev.;856;;;66431;598629.97;1150058.15;2021-03-29T00:00:00
13196405;583286;Lelekovice;;;;;79898;Lelekovice;811297;Zahumení;è.p.;37;14;;66431;599033.89;1149806.19;2013-12-01T00:00:00
13196413;583286;Lelekovice;;;;;79898;Lelekovice;;;è.ev.;858;;;66431;598428.82;1150120.06;2013-12-01T00:00:00
13196421;583286;Lelekovice;;;;;79898;Lelekovice;811211;Pøíhon;è.p.;649;11;;66431;598617.72;1149956.11;2017-10-09T00:00:00
13196430;583286;Lelekovice;;;;;79898;Lelekovice;;;è.ev.;860;;;66431;599796.87;1150138.52;2013-12-01T00:00:00
13196448;583286;Lelekovice;;;;;79898;Lelekovice;;;è.ev.;861;;;66431;599219.70;1150685.25;2013-12-01T00:00:00
13196456;583286;Lelekovice;;;;;79898;Lelekovice;;;è.ev.;862;;;66431;598561.43;1150521.60;2013-12-01T00:00:00
13196464;583286;Lelekovice;;;;;79898;Lelekovice;;;è.ev.;863;;;66431;599305.50;1149827.13;2013-12-01T00:00:00
13196472;583286;Lelekovice;;;;;79898;Lelekovice;;;è.ev.;864;;;66431;598824.50;1150364.70;2013-12-01T00:00:00
13196481;583286;Lelekovice;;;;;79898;Lelekovice;;;è.ev.;865;;;66431;599425.37;1149728.88;2025-03-13T00:00:00
13196499;583286;Lelekovice;;;;;79898;Lelekovice;;;è.ev.;866;;;66431;599119.11;1149803.57;2026-02-20T00:00:00
13196502;583286;Lelekovice;;;;;79898;Lelekovice;;;è.ev.;867;;;66431;599275.20;1150767.26;2013-12-01T00:00:00
13196511;583286;Lelekovice;;;;;79898;Lelekovice;;;è.ev.;868;;;66431;599751.44;1151008.63;2013-12-01T00:00:00
13196529;583286;Lelekovice;;;;;79898;Lelekovice;;;è.ev.;869;;;66431;598545.19;1149822.75;2013-12-01T00:00:00
25203550;583286;Lelekovice;;;;;79898;Lelekovice;811106;Koretina;è.p.;486;33;;66431;599401.15;1149131.97;2013-12-01T00:00:00
25350609;583286;Lelekovice;;;;;79898;Lelekovice;811173;Plástky;è.p.;501;6;;66431;599214.55;1150231.44;2013-12-01T00:00:00
25485849;583286;Lelekovice;;;;;79898;Lelekovice;811297;Zahumení;è.p.;483;27;;66431;599088.83;1149629.35;2018-01-17T00:00:00
25546333;583286;Lelekovice;;;;;79898;Lelekovice;811289;Za Zahradami;è.p.;509;18;;66431;599513.08;1150364.65;2013-12-01T00:00:00
25696807;583286;Lelekovice;;;;;79898;Lelekovice;811203;Poòava;è.p.;523;105;;66431;598358.48;1150094.06;2013-12-01T00:00:00
25729527;583286;Lelekovice;;;;;79898;Lelekovice;811173;Plástky;è.p.;507;17;;66431;599242.99;1150184.01;2013-12-01T00:00:00
25783343;583286;Lelekovice;;;;;79898;Lelekovice;811289;Za Zahradami;è.p.;511;10;;66431;599523.38;1150391.50;2013-12-01T00:00:00
25792458;583286;Lelekovice;;;;;79898;Lelekovice;811246;U Vápenice;è.p.;498;50;;66431;599579.58;1149115.58;2013-12-01T00:00:00
25819917;583286;Lelekovice;;;;;79898;Lelekovice;811289;Za Zahradami;è.p.;493;16;;66431;599478.17;1150395.55;2013-12-01T00:00:00
25862081;583286;Lelekovice;;;;;79898;Lelekovice;811190;Podemlýn;è.p.;527;40;;66431;599103.82;1150434.43;2013-12-01T00:00:00
25880721;583286;Lelekovice;;;;;79898;Lelekovice;811289;Za Zahradami;è.p.;499;14;;66431;599440.46;1150428.79;2013-12-01T00:00:00
25883640;583286;Lelekovice;;;;;79898;Lelekovice;811289;Za Zahradami;è.p.;524;8;;66431;599549.79;1150366.97;2013-12-01T00:00:00
25889605;583286;Lelekovice;;;;;79898;Lelekovice;;;è.ev.;873;;;66431;599920.94;1150073.38;2013-12-01T00:00:00
25893106;583286;Lelekovice;;;;;79898;Lelekovice;811173;Plástky;è.p.;518;1;;66431;599310.10;1150238.18;2013-12-01T00:00:00
25907603;583286;Lelekovice;;;;;79898;Lelekovice;811289;Za Zahradami;è.p.;496;20;;66431;599537.99;1150343.05;2013-12-01T00:00:00
25908596;583286;Lelekovice;;;;;79898;Lelekovice;811203;Poòava;è.p.;500;84;;66431;598427.97;1150161.37;2013-12-01T00:00:00
26064031;583286;Lelekovice;;;;;79898;Lelekovice;811173;Plástky;è.p.;495;7;;66431;599312.56;1150182.67;2013-12-01T00:00:00
26064049;583286;Lelekovice;;;;;79898;Lelekovice;811289;Za Zahradami;è.p.;506;1;;66431;599593.26;1150303.25;2013-12-01T00:00:00
26083540;583286;Lelekovice;;;;;79898;Lelekovice;811173;Plástky;è.p.;517;3;;66431;599321.45;1150223.73;2013-12-01T00:00:00
26121719;583286;Lelekovice;;;;;79898;Lelekovice;811173;Plástky;è.p.;521;4;;66431;599258.36;1150217.07;2013-12-01T00:00:00
26122464;583286;Lelekovice;;;;;79898;Lelekovice;811190;Podemlýn;è.p.;528;42;;66431;599081.36;1150441.89;2013-12-01T00:00:00
26178478;583286;Lelekovice;;;;;79898;Lelekovice;811173;Plástky;è.p.;488;8;;66431;599189.45;1150237.93;2013-12-01T00:00:00
26272288;583286;Lelekovice;;;;;79898;Lelekovice;;;è.ev.;878;;;66431;598796.16;1150523.50;2013-12-01T00:00:00
26285703;583286;Lelekovice;;;;;79898;Lelekovice;811246;U Vápenice;è.p.;481;30;;66431;599363.41;1149201.69;2021-10-21T00:00:00
26306450;583286;Lelekovice;;;;;79898;Lelekovice;811238;Tišnovka;è.p.;503;9;;66431;599901.57;1150780.19;2013-12-01T00:00:00
26379244;583286;Lelekovice;;;;;79898;Lelekovice;811173;Plástky;è.p.;489;10;;66431;599165.28;1150241.02;2013-12-01T00:00:00
26379252;583286;Lelekovice;;;;;79898;Lelekovice;811106;Koretina;è.p.;492;1;;66431;599134.16;1149405.77;2013-12-01T00:00:00
26379261;583286;Lelekovice;;;;;79898;Lelekovice;811173;Plástky;è.p.;513;13;;66431;599264.26;1150140.74;2013-12-01T00:00:00
26379279;583286;Lelekovice;;;;;79898;Lelekovice;811157;Paseky;è.p.;515;8;;66431;598873.63;1149879.27;2013-12-01T00:00:00
26379287;583286;Lelekovice;;;;;79898;Lelekovice;811173;Plástky;è.p.;520;2;;66431;599277.51;1150198.85;2013-12-01T00:00:00
26379295;583286;Lelekovice;;;;;79898;Lelekovice;811246;U Vápenice;è.p.;525;40;;66431;599475.26;1149143.61;2013-12-01T00:00:00
26379309;583286;Lelekovice;;;;;79898;Lelekovice;811106;Koretina;è.p.;529;31;;66431;599376.44;1149142.86;2013-12-01T00:00:00
26502569;583286;Lelekovice;;;;;79898;Lelekovice;811084;K Hluku;è.p.;505;7;;66431;599397.03;1150374.72;2013-12-01T00:00:00
26506050;583286;Lelekovice;;;;;79898;Lelekovice;811220;Skalka;è.p.;538;1;;66431;599299.63;1149807.23;2013-12-01T00:00:00
26509318;583286;Lelekovice;;;;;79898;Lelekovice;811084;K Hluku;è.p.;537;3;;66431;599422.51;1150353.30;2013-12-01T00:00:00
26518589;583286;Lelekovice;;;;;79898;Lelekovice;811173;Plástky;è.p.;539;18;;66431;599059.56;1150259.73;2013-12-01T00:00:00
26537036;583286;Lelekovice;;;;;79898;Lelekovice;811211;Pøíhon;è.p.;535;22;;66431;598555.48;1149941.75;2013-12-01T00:00:00
26558866;583286;Lelekovice;;;;;79898;Lelekovice;811246;U Vápenice;è.p.;497;52;;66431;599593.96;1149127.02;2021-11-04T00:00:00
26564866;583286;Lelekovice;;;;;79898;Lelekovice;811190;Podemlýn;è.p.;548;30;;66431;599227.71;1150381.44;2013-12-01T00:00:00
26569167;583286;Lelekovice;;;;;79898;Lelekovice;811106;Koretina;è.p.;530;27;;66431;599342.90;1149161.88;2013-12-01T00:00:00
26578191;583286;Lelekovice;;;;;79898;Lelekovice;811190;Podemlýn;è.p.;546;44;;66431;599063.35;1150449.26;2013-12-01T00:00:00
26719215;583286;Lelekovice;;;;;79898;Lelekovice;811246;U Vápenice;è.p.;484;11;;66431;599205.64;1149382.68;2013-12-01T00:00:00
26719223;583286;Lelekovice;;;;;79898;Lelekovice;811068;Hlavní;è.p.;478;59;;66431;599683.76;1150485.73;2013-12-01T00:00:00
26719231;583286;Lelekovice;;;;;79898;Lelekovice;;;è.ev.;875;;;66431;598543.49;1149790.63;2013-12-01T00:00:00
26719240;583286;Lelekovice;;;;;79898;Lelekovice;811092;K Radosti;è.p.;494;4;;66431;599904.34;1150689.23;2013-12-01T00:00:00
26719258;583286;Lelekovice;;;;;79898;Lelekovice;811190;Podemlýn;è.p.;516;34;;66431;599200.08;1150395.32;2013-12-01T00:00:00
26719266;583286;Lelekovice;;;;;79898;Lelekovice;811211;Pøíhon;è.p.;476;29;;66431;598577.00;1149804.78;2013-12-01T00:00:00
26948826;583286;Lelekovice;;;;;79898;Lelekovice;811246;U Vápenice;è.p.;475;7;;66431;599186.78;1149400.35;2013-12-01T00:00:00
26948834;583286;Lelekovice;;;;;79898;Lelekovice;811181;Pod Strážnou;è.p.;480;3;;66431;599591.00;1150389.03;2013-12-01T00:00:00
26948842;583286;Lelekovice;;;;;79898;Lelekovice;811246;U Vápenice;è.p.;482;53;;66431;599497.16;1149190.89;2013-12-01T00:00:00
26948851;583286;Lelekovice;;;;;79898;Lelekovice;811203;Poòava;è.p.;485;25;;66431;598863.67;1149953.92;2013-12-01T00:00:00
26948869;583286;Lelekovice;;;;;79898;Lelekovice;811246;U Vápenice;è.p.;487;15;;66431;599242.88;1149385.94;2013-12-01T00:00:00
26948877;583286;Lelekovice;;;;;79898;Lelekovice;811173;Plástky;è.p.;490;11;;66431;599286.93;1150158.40;2013-12-01T00:00:00
26948885;583286;Lelekovice;;;;;79898;Lelekovice;811246;U Vápenice;è.p.;491;49;;66431;599440.17;1149218.64;2013-12-01T00:00:00
26948893;583286;Lelekovice;;;;;79898;Lelekovice;811092;K Radosti;è.p.;504;5;;66431;599886.08;1150611.15;2013-12-01T00:00:00
26948907;583286;Lelekovice;;;;;79898;Lelekovice;811289;Za Zahradami;è.p.;510;12;;66431;599480.12;1150431.12;2013-12-01T00:00:00
26948915;583286;Lelekovice;;;;;79898;Lelekovice;811246;U Vápenice;è.p.;526;34;;66431;599398.27;1149182.96;2013-12-01T00:00:00
26948923;583286;Lelekovice;;;;;79898;Lelekovice;811173;Plástky;è.p.;540;14;;66431;599111.89;1150247.36;2013-12-01T00:00:00
26948931;583286;Lelekovice;;;;;79898;Lelekovice;811297;Zahumení;è.p.;551;75;;66431;599006.23;1149222.17;2013-12-01T00:00:00
26948940;583286;Lelekovice;;;;;79898;Lelekovice;;;è.ev.;788;;;66431;598683.13;1150526.31;2013-12-01T00:00:00
27085775;583286;Lelekovice;;;;;79898;Lelekovice;811246;U Vápenice;è.p.;549;48;;66431;599559.60;1149116.95;2013-12-01T00:00:00
27259650;583286;Lelekovice;;;;;79898;Lelekovice;811246;U Vápenice;è.p.;533;51;;66431;599469.12;1149203.13;2013-12-01T00:00:00
27299929;583286;Lelekovice;;;;;79898;Lelekovice;811246;U Vápenice;è.p.;477;45;;66431;599388.77;1149248.06;2013-12-01T00:00:00
27299937;583286;Lelekovice;;;;;79898;Lelekovice;811297;Zahumení;è.p.;502;79;;66431;598975.13;1149203.15;2013-12-01T00:00:00
27299945;583286;Lelekovice;;;;;79898;Lelekovice;811190;Podemlýn;è.p.;508;63;;66431;598985.64;1150393.94;2013-12-01T00:00:00
27299953;583286;Lelekovice;;;;;79898;Lelekovice;811181;Pod Strážnou;è.p.;512;1;;66431;599637.71;1150360.26;2013-12-01T00:00:00
27299961;583286;Lelekovice;;;;;79898;Lelekovice;811246;U Vápenice;è.p.;532;47;;66431;599412.83;1149236.85;2013-12-01T00:00:00
27299970;583286;Lelekovice;;;;;79898;Lelekovice;811246;U Vápenice;è.p.;534;46;;66431;599539.04;1149121.76;2013-12-01T00:00:00
27299988;583286;Lelekovice;;;;;79898;Lelekovice;811211;Pøíhon;è.p.;536;19;;66431;598632.11;1149746.29;2013-12-01T00:00:00
27299996;583286;Lelekovice;;;;;79898;Lelekovice;811173;Plástky;è.p.;545;57;;66431;598402.64;1150433.30;2013-12-01T00:00:00
27300005;583286;Lelekovice;;;;;79898;Lelekovice;811190;Podemlýn;è.p.;552;46;;66431;599033.03;1150468.90;2013-12-01T00:00:00
27300013;583286;Lelekovice;;;;;79898;Lelekovice;811297;Zahumení;è.p.;554;54;;66431;599059.65;1149440.12;2013-12-01T00:00:00
27330192;583286;Lelekovice;;;;;79898;Lelekovice;811173;Plástky;è.p.;547;31;;66431;599078.89;1150201.62;2013-12-01T00:00:00
27367231;583286;Lelekovice;;;;;79898;Lelekovice;811181;Pod Strážnou;è.p.;479;4;;66431;599623.44;1150408.76;2013-12-01T00:00:00
27436187;583286;Lelekovice;;;;;79898;Lelekovice;811203;Poòava;è.p.;566;82;;66431;598442.85;1150152.95;2013-12-01T00:00:00
27436195;583286;Lelekovice;;;;;79898;Lelekovice;811203;Poòava;è.p.;557;88;;66431;598307.93;1150259.99;2013-12-01T00:00:00
27436209;583286;Lelekovice;;;;;79898;Lelekovice;811068;Hlavní;è.p.;555;60;;66431;599639.30;1150238.85;2013-12-01T00:00:00
27436217;583286;Lelekovice;;;;;79898;Lelekovice;811246;U Vápenice;è.p.;531;38;;66431;599440.11;1149158.84;2013-12-01T00:00:00
27457729;583286;Lelekovice;;;;;79898;Lelekovice;811203;Poòava;è.p.;564;78;;66431;598463.09;1150141.17;2013-12-01T00:00:00
27457737;583286;Lelekovice;;;;;79898;Lelekovice;811203;Poòava;è.p.;565;80;;66431;598450.17;1150148.21;2013-12-01T00:00:00
27549739;583286;Lelekovice;;;;;79898;Lelekovice;811173;Plástky;è.p.;541;23;;66431;599205.19;1150141.61;2013-12-01T00:00:00
27549747;583286;Lelekovice;;;;;79898;Lelekovice;811211;Pøíhon;è.p.;556;25;;66431;598580.60;1149912.70;2013-12-01T00:00:00
27549755;583286;Lelekovice;;;;;79898;Lelekovice;811203;Poòava;è.p.;562;74;;66431;598473.28;1150135.08;2013-12-01T00:00:00
27647129;583286;Lelekovice;;;;;79898;Lelekovice;811173;Plástky;è.p.;542;53;;66431;598972.51;1150288.21;2013-12-01T00:00:00
27647137;583286;Lelekovice;;;;;79898;Lelekovice;811122;Mackovec;è.p.;559;12;;66431;598423.79;1149807.30;2013-12-01T00:00:00
27647145;583286;Lelekovice;;;;;79898;Lelekovice;811203;Poòava;è.p.;563;76;;66431;598467.54;1150137.87;2013-12-01T00:00:00
27647153;583286;Lelekovice;;;;;79898;Lelekovice;811211;Pøíhon;è.p.;578;1;;66431;598663.65;1150018.45;2013-12-01T00:00:00
27726860;583286;Lelekovice;;;;;79898;Lelekovice;;;è.ev.;874;;;66431;599457.30;1149706.01;2013-12-01T00:00:00
27739945;583286;Lelekovice;;;;;79898;Lelekovice;811203;Poòava;è.p.;561;72;;66431;598478.37;1150131.63;2013-12-01T00:00:00
27832422;583286;Lelekovice;;;;;79898;Lelekovice;811301;Úvoz;è.p.;570;3;;66431;599641.99;1150193.82;2013-12-01T00:00:00
27832431;583286;Lelekovice;;;;;79898;Lelekovice;811238;Tišnovka;è.p.;581;11;;66431;599879.26;1150817.11;2013-12-01T00:00:00
28028783;583286;Lelekovice;;;;;79898;Lelekovice;811068;Hlavní;è.p.;558;62;;66431;599650.00;1150253.00;2013-12-01T00:00:00
28048865;583286;Lelekovice;;;;;79898;Lelekovice;811262;Za Kostelem;è.p.;568;15;;66431;598930.00;1149621.00;2013-12-01T00:00:00
28048938;583286;Lelekovice;;;;;79898;Lelekovice;811068;Hlavní;è.p.;582;11;;66431;599260.00;1149941.00;2013-12-01T00:00:00
28048946;583286;Lelekovice;;;;;79898;Lelekovice;811173;Plástky;è.p.;544;51;;66431;598959.25;1150264.19;2013-12-01T00:00:00
28048954;583286;Lelekovice;;;;;79898;Lelekovice;;;è.ev.;884;;;66431;599542.41;1149912.77;2013-12-01T00:00:00
28126912;583286;Lelekovice;;;;;79898;Lelekovice;811211;Pøíhon;è.p.;584;23;;66431;598601.00;1149911.00;2013-12-01T00:00:00
28186583;583286;Lelekovice;;;;;79898;Lelekovice;811190;Podemlýn;è.p.;553;28;;66431;599272.00;1150365.00;2013-12-01T00:00:00
28201558;583286;Lelekovice;;;;;79898;Lelekovice;811211;Pøíhon;è.p.;577;15;;66431;598653.00;1149885.00;2013-12-01T00:00:00
28219520;583286;Lelekovice;;;;;79898;Lelekovice;811173;Plástky;è.p.;576;41;;66431;598981.20;1150236.80;2013-12-01T00:00:00
28242955;583286;Lelekovice;;;;;79898;Lelekovice;811165;Pindula;è.p.;519;3;;66431;599245.91;1150257.99;2013-12-01T00:00:00
28306660;583286;Lelekovice;;;;;79898;Lelekovice;811262;Za Kostelem;è.p.;567;13;;66431;598937.00;1149594.00;2013-12-01T00:00:00
28315111;583286;Lelekovice;;;;;79898;Lelekovice;811297;Zahumení;è.p.;579;43;;66431;599133.88;1149525.02;2022-09-12T00:00:00
28349865;583286;Lelekovice;;;;;79898;Lelekovice;;;è.ev.;882;;;66431;599504.45;1149862.39;2013-12-01T00:00:00
28349873;583286;Lelekovice;;;;;79898;Lelekovice;;;è.ev.;881;;;66431;598623.24;1150522.74;2013-12-01T00:00:00
28349881;583286;Lelekovice;;;;;79898;Lelekovice;;;è.ev.;880;;;66431;599331.65;1151308.48;2013-12-01T00:00:00
28349890;583286;Lelekovice;;;;;79898;Lelekovice;;;è.ev.;877;;;66431;598592.05;1150373.41;2013-12-01T00:00:00
28349903;583286;Lelekovice;;;;;79898;Lelekovice;;;è.ev.;872;;;66431;599619.34;1149732.05;2013-12-01T00:00:00
28349911;583286;Lelekovice;;;;;79898;Lelekovice;811157;Paseky;è.p.;637;45;;66431;598721.83;1149708.81;2019-09-16T00:00:00
28349920;583286;Lelekovice;;;;;79898;Lelekovice;;;è.ev.;764;;;66431;598947.38;1149467.26;2013-12-01T00:00:00
28349938;583286;Lelekovice;;;;;79898;Lelekovice;;;è.ev.;876;;;66431;599489.17;1149583.81;2013-12-01T00:00:00
28349954;583286;Lelekovice;;;;;79898;Lelekovice;811190;Podemlýn;è.p.;270;38;;66431;599145.64;1150418.82;2013-12-01T00:00:00
28476956;583286;Lelekovice;;;;;79898;Lelekovice;811173;Plástky;è.p.;543;22;;66431;599021.74;1150273.51;2013-12-01T00:00:00
28494067;583286;Lelekovice;;;;;79898;Lelekovice;811220;Skalka;è.p.;597;1;a;66431;599269.36;1149835.77;2014-01-31T00:00:00
30803721;583286;Lelekovice;;;;;79898;Lelekovice;;;è.ev.;110;;;66431;598546.44;1150594.79;2013-12-01T00:00:00
30803730;583286;Lelekovice;;;;;79898;Lelekovice;;;è.ev.;848;;;66431;598554.99;1150403.51;2013-12-01T00:00:00
30803748;583286;Lelekovice;;;;;79898;Lelekovice;;;è.ev.;883;;;66431;599480.50;1149718.85;2013-12-01T00:00:00
30803756;583286;Lelekovice;;;;;79898;Lelekovice;;;è.ev.;902;;;66431;599565.41;1150231.55;2013-12-01T00:00:00
30803764;583286;Lelekovice;;;;;79898;Lelekovice;;;è.ev.;903;;;66431;598654.06;1150094.70;2013-12-01T00:00:00
31253920;583286;Lelekovice;;;;;79898;Lelekovice;811122;Mackovec;è.p.;514;25;;66431;598453.04;1149740.72;2013-12-16T00:00:00
31253938;583286;Lelekovice;;;;;79898;Lelekovice;811106;Koretina;è.p.;550;12;;66431;599164.00;1149239.00;2013-12-01T00:00:00
31253946;583286;Lelekovice;;;;;79898;Lelekovice;811122;Mackovec;è.p.;560;14;;66431;598415.65;1149775.27;2013-12-01T00:00:00
31253954;583286;Lelekovice;;;;;79898;Lelekovice;811262;Za Kostelem;è.p.;569;17;;66431;598875.66;1149710.11;2013-12-01T00:00:00
31253962;583286;Lelekovice;;;;;79898;Lelekovice;811203;Poòava;è.p.;580;16;;66431;599061.71;1149949.42;2013-12-01T00:00:00
31253971;583286;Lelekovice;;;;;79898;Lelekovice;811262;Za Kostelem;è.p.;583;10;;66431;598931.26;1149713.67;2013-12-01T00:00:00
31253997;583286;Lelekovice;;;;;79898;Lelekovice;;;è.ev.;901;;;66431;599747.18;1150429.82;2013-12-01T00:00:00
40613178;583286;Lelekovice;;;;;79898;Lelekovice;811157;Paseky;è.p.;586;2;;66431;598941.89;1149955.62;2014-01-31T00:00:00
40721141;583286;Lelekovice;;;;;79898;Lelekovice;811301;Úvoz;è.p.;604;28;;66431;599915.20;1150086.84;2013-12-01T00:00:00
40770257;583286;Lelekovice;;;;;79898;Lelekovice;811076;K Hasièce;è.p.;585;1;;66431;599154.25;1149930.17;2013-12-01T00:00:00
41242173;583286;Lelekovice;;;;;79898;Lelekovice;811190;Podemlýn;è.p.;589;12;;66431;599401.76;1150324.42;2013-12-01T00:00:00
41242718;583286;Lelekovice;;;;;79898;Lelekovice;811084;K Hluku;è.p.;592;8;;66431;599453.87;1150349.76;2014-01-31T00:00:00
41242882;583286;Lelekovice;;;;;79898;Lelekovice;811084;K Hluku;è.p.;593;10;;66431;599448.45;1150361.47;2013-12-01T00:00:00
41242971;583286;Lelekovice;;;;;79898;Lelekovice;811084;K Hluku;è.p.;591;6;;66431;599457.25;1150342.09;2013-12-01T00:00:00
41281047;583286;Lelekovice;;;;;79898;Lelekovice;811190;Podemlýn;è.p.;603;16;;66431;599367.63;1150328.81;2013-12-01T00:00:00
41734432;583286;Lelekovice;;;;;79898;Lelekovice;811297;Zahumení;è.p.;600;45;;66431;599125.49;1149552.47;2013-12-01T00:00:00
42267170;583286;Lelekovice;;;;;79898;Lelekovice;811173;Plástky;è.p.;601;39;;66431;599007.39;1150240.15;2013-12-01T00:00:00
42449588;583286;Lelekovice;;;;;79898;Lelekovice;811203;Poòava;è.p.;605;107;;66431;598379.97;1150052.70;2013-12-01T00:00:00
42513065;583286;Lelekovice;;;;;79898;Lelekovice;811122;Mackovec;è.p.;596;2;;66431;598476.92;1149995.34;2013-12-01T00:00:00
42559197;583286;Lelekovice;;;;;79898;Lelekovice;811238;Tišnovka;è.ev.;885;;;66431;599712.68;1151064.57;2013-12-01T00:00:00
42559227;583286;Lelekovice;;;;;79898;Lelekovice;811084;K Hluku;è.p.;595;14;;66431;599445.50;1150375.00;2013-12-01T00:00:00
42559278;583286;Lelekovice;;;;;79898;Lelekovice;811084;K Hluku;è.p.;594;12;;66431;599448.08;1150369.87;2013-12-01T00:00:00
42586071;583286;Lelekovice;;;;;79898;Lelekovice;811211;Pøíhon;è.ev.;886;;;66431;598555.14;1149762.20;2013-12-01T00:00:00
71829989;583286;Lelekovice;;;;;79898;Lelekovice;811157;Paseky;è.p.;587;14;;66431;598803.33;1149880.10;2014-02-10T00:00:00
72468131;583286;Lelekovice;;;;;79898;Lelekovice;811190;Podemlýn;è.p.;606;6;a;66431;599478.79;1150275.23;2014-03-26T00:00:00
72486511;583286;Lelekovice;;;;;79898;Lelekovice;811068;Hlavní;è.p.;602;73;;66431;599776.68;1150563.78;2014-03-31T00:00:00
72900024;583286;Lelekovice;;;;;79898;Lelekovice;811246;U Vápenice;è.p.;599;1;b;66431;599185.00;1149452.48;2014-07-16T00:00:00
73019259;583286;Lelekovice;;;;;79898;Lelekovice;811173;Plástky;è.p.;575;55;;66431;598877.63;1150273.47;2014-08-29T00:00:00
73229229;583286;Lelekovice;;;;;79898;Lelekovice;811203;Poòava;è.p.;212;86;;66431;598411.36;1150169.47;2014-11-26T00:00:00
73283118;583286;Lelekovice;;;;;79898;Lelekovice;811203;Poòava;è.p.;621;22;b;66431;599008.07;1150007.71;2014-12-17T00:00:00
73550736;583286;Lelekovice;;;;;79898;Lelekovice;811190;Podemlýn;è.p.;627;73;;66431;598947.45;1150447.85;2015-03-30T00:00:00
73684821;583286;Lelekovice;;;;;79898;Lelekovice;811173;Plástky;è.p.;618;30;;66431;598855.62;1150316.49;2015-05-14T00:00:00
73839167;583286;Lelekovice;;;;;79898;Lelekovice;811301;Úvoz;è.p.;642;36;;66431;599973.16;1150046.36;2015-07-03T00:00:00
73839272;583286;Lelekovice;;;;;79898;Lelekovice;811220;Skalka;è.p.;571;8;;66431;599290.75;1149781.43;2015-07-03T00:00:00
74134965;583286;Lelekovice;;;;;79898;Lelekovice;811297;Zahumení;è.p.;619;63;;66431;599097.55;1149289.63;2015-10-09T00:00:00
74319299;583286;Lelekovice;;;;;79898;Lelekovice;811297;Zahumení;è.p.;634;51;a;66431;599107.53;1149418.70;2015-11-30T00:00:00
74596845;583286;Lelekovice;;;;;79898;Lelekovice;811165;Pindula;è.p.;610;30;;66431;599094.34;1150311.07;2016-02-16T00:00:00
74943111;583286;Lelekovice;;;;;79898;Lelekovice;811157;Paseky;è.p.;643;6;;66431;598907.77;1149899.60;2016-04-29T00:00:00
75027038;583286;Lelekovice;;;;;79898;Lelekovice;811050;Chmelníky;è.p.;645;;;66431;600020.61;1150138.16;2016-05-19T00:00:00
75047764;583286;Lelekovice;;;;;79898;Lelekovice;811106;Koretina;è.p.;641;24;;66431;599266.65;1149178.92;2016-05-26T00:00:00
75205581;583286;Lelekovice;;;;;79898;Lelekovice;811246;U Vápenice;è.p.;598;1;a;66431;599173.48;1149464.51;2016-07-18T00:00:00
75244209;583286;Lelekovice;;;;;79898;Lelekovice;811173;Plástky;è.p.;588;21;;66431;599181.69;1150194.95;2016-08-03T00:00:00
75358999;583286;Lelekovice;;;;;79898;Lelekovice;811068;Hlavní;è.p.;636;31;;66431;599556.76;1150216.60;2016-09-21T00:00:00
75530341;583286;Lelekovice;;;;;79898;Lelekovice;811050;Chmelníky;è.p.;646;19;;66431;600059.30;1150122.24;2016-11-14T00:00:00
75575931;583286;Lelekovice;;;;;79898;Lelekovice;811173;Plástky;è.p.;616;28;;66431;598907.68;1150309.59;2016-11-24T00:00:00
75792842;583286;Lelekovice;;;;;79898;Lelekovice;811262;Za Kostelem;è.p.;631;11;;66431;598976.09;1149656.38;2017-02-01T00:00:00
75839768;583286;Lelekovice;;;;;79898;Lelekovice;811246;U Vápenice;è.p.;633;19;;66431;599237.37;1149349.31;2017-02-15T00:00:00
75904861;583286;Lelekovice;;;;;79898;Lelekovice;811122;Mackovec;è.p.;620;4;;66431;598474.09;1149975.47;2017-03-08T00:00:00
76130045;583286;Lelekovice;;;;;79898;Lelekovice;811068;Hlavní;è.p.;644;19;;66431;599351.27;1150002.55;2017-05-03T00:00:00
76216373;583286;Lelekovice;;;;;79898;Lelekovice;811106;Koretina;è.p.;640;7;;66431;599188.40;1149261.80;2017-06-06T00:00:00
77513959;583286;Lelekovice;;;;;79898;Lelekovice;811068;Hlavní;è.p.;628;30;;66431;599356.03;1149980.25;2017-07-20T00:00:00
77614372;583286;Lelekovice;;;;;79898;Lelekovice;811203;Poòava;è.p.;624;22;d;66431;599027.25;1150014.67;2017-08-31T00:00:00
77841379;583286;Lelekovice;;;;;79898;Lelekovice;811165;Pindula;è.p.;609;28;;66431;599114.56;1150303.93;2017-12-01T00:00:00
77866941;583286;Lelekovice;;;;;79898;Lelekovice;811165;Pindula;è.p.;613;36;;66431;599014.22;1150324.74;2017-12-13T00:00:00
77867041;583286;Lelekovice;;;;;79898;Lelekovice;811173;Plástky;è.p.;614;26;;66431;598984.49;1150319.72;2017-12-13T00:00:00
77898451;583286;Lelekovice;;;;;79898;Lelekovice;811203;Poòava;è.p.;623;22;e;66431;599042.37;1150002.02;2017-12-22T00:00:00
77941624;583286;Lelekovice;;;;;79898;Lelekovice;;;è.ev.;887;;;66431;598692.55;1150475.04;2018-01-17T00:00:00
77965841;583286;Lelekovice;;;;;79898;Lelekovice;811297;Zahumení;è.p.;635;61;;66431;599088.50;1149316.21;2018-01-25T00:00:00
78144451;583286;Lelekovice;;;;;79898;Lelekovice;811289;Za Zahradami;è.p.;590;24;;66431;599470.79;1150336.63;2018-03-19T00:00:00
78410185;583286;Lelekovice;;;;;79898;Lelekovice;811301;Úvoz;è.p.;647;32;;66431;599946.70;1150099.86;2018-06-06T00:00:00
78889146;583286;Lelekovice;;;;;79898;Lelekovice;811203;Poòava;è.p.;622;22;a;66431;599013.56;1149978.95;2018-11-22T00:00:00
79304656;583286;Lelekovice;;;;;79898;Lelekovice;811165;Pindula;è.p.;611;32;;66431;599067.43;1150322.48;2019-04-15T00:00:00
79336671;583286;Lelekovice;;;;;79898;Lelekovice;811203;Poòava;è.p.;625;22;c;66431;599017.01;1150029.31;2019-04-30T00:00:00
79445454;583286;Lelekovice;;;;;79898;Lelekovice;811297;Zahumení;è.p.;639;64;;66431;599083.25;1149358.89;2019-06-10T00:00:00
79476848;583286;Lelekovice;;;;;79898;Lelekovice;811122;Mackovec;è.p.;648;35;;66431;598507.98;1149662.79;2019-06-17T00:00:00
79503365;583286;Lelekovice;;;;;79898;Lelekovice;811165;Pindula;è.p.;612;34;;66431;599042.28;1150323.12;2019-06-25T00:00:00
79539165;583286;Lelekovice;;;;;79898;Lelekovice;811190;Podemlýn;è.p.;632;65;a;66431;598919.12;1150420.60;2019-07-08T00:00:00
79674267;583286;Lelekovice;;;;;79898;Lelekovice;811076;K Hasièce;è.p.;651;2;a;66431;599149.91;1149900.34;2019-08-19T00:00:00
79848559;583286;Lelekovice;;;;;79898;Lelekovice;811173;Plástky;è.p.;617;28;a;66431;598877.57;1150309.28;2019-09-03T00:00:00
79984207;583286;Lelekovice;;;;;79898;Lelekovice;811238;Tišnovka;è.ev.;890;;;66431;599742.60;1151030.67;2019-10-21T00:00:00
80296891;583286;Lelekovice;;;;;79898;Lelekovice;811246;U Vápenice;è.p.;573;28;;66431;599351.62;1149213.22;2020-01-28T00:00:00
80734103;583286;Lelekovice;;;;;79898;Lelekovice;;;è.ev.;891;;;66431;598456.64;1149453.33;2020-06-01T00:00:00
81145144;583286;Lelekovice;;;;;79898;Lelekovice;;;è.ev.;889;;;66431;599461.06;1149735.94;2020-11-23T00:00:00
81428570;583286;Lelekovice;;;;;79898;Lelekovice;811165;Pindula;è.p.;630;14;;66431;599248.47;1150289.01;2021-01-13T00:00:00
81833181;583286;Lelekovice;;;;;79898;Lelekovice;811068;Hlavní;è.p.;657;78;;66431;599746.14;1150326.90;2021-05-21T00:00:00
81949014;583286;Lelekovice;;;;;79898;Lelekovice;811165;Pindula;è.p.;656;14;a;66431;599234.30;1150297.02;2021-07-07T00:00:00
82020078;583286;Lelekovice;;;;;79898;Lelekovice;811301;Úvoz;è.p.;652;34;;66431;599958.62;1150076.67;2021-08-10T00:00:00
82251479;583286;Lelekovice;;;;;79898;Lelekovice;811165;Pindula;è.p.;629;12;;66431;599270.05;1150278.29;2021-11-09T00:00:00
82396167;583286;Lelekovice;;;;;79898;Lelekovice;811068;Hlavní;è.p.;684;106;;66431;599942.85;1150529.16;2021-12-22T00:00:00
82396230;583286;Lelekovice;;;;;79898;Lelekovice;811068;Hlavní;è.p.;683;104;;66431;599913.63;1150513.22;2021-12-22T00:00:00
82438129;583286;Lelekovice;;;;;79898;Lelekovice;811173;Plástky;è.p.;669;15;;66431;599263.57;1150165.86;2022-01-05T00:00:00
82756121;583286;Lelekovice;;;;;79898;Lelekovice;811076;K Hasièce;è.p.;660;3;;66431;599182.05;1150005.29;2022-03-18T00:00:00
82945039;583286;Lelekovice;;;;;79898;Lelekovice;811262;Za Kostelem;è.p.;659;9;;66431;598971.72;1149682.30;2022-05-11T00:00:00
82975981;583286;Lelekovice;;;;;79898;Lelekovice;811068;Hlavní;è.p.;685;108;;66431;599975.11;1150559.83;2022-05-20T00:00:00
83156640;583286;Lelekovice;;;;;79898;Lelekovice;;;è.ev.;892;;;66431;599451.28;1150652.25;2022-07-25T00:00:00
83157387;583286;Lelekovice;;;;;79898;Lelekovice;;;è.ev.;893;;;66431;599461.57;1150693.01;2022-07-25T00:00:00
83188550;583286;Lelekovice;;;;;79898;Lelekovice;;;è.ev.;894;;;66431;598872.78;1150662.72;2022-08-04T00:00:00
83198539;583286;Lelekovice;;;;;79898;Lelekovice;811190;Podemlýn;è.p.;663;49;a;66431;599126.01;1150399.25;2022-08-08T00:00:00
84648830;583286;Lelekovice;;;;;79898;Lelekovice;811203;Poòava;è.p.;655;38;;66431;598853.08;1149993.12;2022-12-21T00:00:00
84673192;583286;Lelekovice;;;;;79898;Lelekovice;811203;Poòava;è.p.;665;53;;66431;598662.77;1150037.99;2023-01-05T00:00:00
85130630;583286;Lelekovice;;;;;79898;Lelekovice;811289;Za Zahradami;è.p.;686;2;;66431;599625.87;1150344.95;2023-04-24T00:00:00
85144975;583286;Lelekovice;;;;;79898;Lelekovice;3203999;Na Dlouhých;è.p.;702;3;;66431;599869.93;1150388.03;2023-04-28T00:00:00
85144991;583286;Lelekovice;;;;;79898;Lelekovice;3203999;Na Dlouhých;è.p.;705;6;;66431;599880.96;1150351.63;2023-04-28T00:00:00
85145068;583286;Lelekovice;;;;;79898;Lelekovice;3203999;Na Dlouhých;è.p.;708;9;;66431;599898.96;1150317.60;2023-04-28T00:00:00
85145629;583286;Lelekovice;;;;;79898;Lelekovice;3203999;Na Dlouhých;è.p.;711;12;;66431;599913.22;1150274.90;2023-04-28T00:00:00
85145734;583286;Lelekovice;;;;;79898;Lelekovice;3203999;Na Dlouhých;è.p.;712;13;;66431;599922.34;1150266.39;2023-04-28T00:00:00
85145891;583286;Lelekovice;;;;;79898;Lelekovice;3203999;Na Dlouhých;è.p.;715;16;;66431;599940.19;1150218.44;2023-04-28T00:00:00
85145912;583286;Lelekovice;;;;;79898;Lelekovice;3203999;Na Dlouhých;è.p.;716;17;;66431;599950.05;1150210.93;2023-04-28T00:00:00
85146111;583286;Lelekovice;;;;;79898;Lelekovice;3203999;Na Dlouhých;è.p.;717;18;;66431;599955.04;1150191.80;2023-04-28T00:00:00
85146196;583286;Lelekovice;;;;;79898;Lelekovice;3203999;Na Dlouhých;è.p.;718;19;;66431;599958.04;1150181.30;2023-04-28T00:00:00
85146293;583286;Lelekovice;;;;;79898;Lelekovice;3203999;Na Dlouhých;è.p.;719;20;;66431;599962.70;1150162.65;2023-04-28T00:00:00
85168734;583286;Lelekovice;;;;;79898;Lelekovice;811068;Hlavní;è.p.;727;110;;66431;600003.98;1150417.08;2023-05-10T00:00:00
85168815;583286;Lelekovice;;;;;79898;Lelekovice;811068;Hlavní;è.p.;728;112;;66431;599916.90;1150389.67;2023-05-10T00:00:00
85169048;583286;Lelekovice;;;;;79898;Lelekovice;811068;Hlavní;è.p.;729;114;;66431;599904.89;1150444.09;2023-05-10T00:00:00
85181269;583286;Lelekovice;;;;;79898;Lelekovice;811157;Paseky;è.p.;670;41;;66431;598737.29;1149745.52;2023-05-15T00:00:00
85258008;583286;Lelekovice;;;;;79898;Lelekovice;3203999;Na Dlouhých;è.p.;714;15;;66431;599935.53;1150237.78;2023-05-31T00:00:00
85258024;583286;Lelekovice;;;;;79898;Lelekovice;3203999;Na Dlouhých;è.p.;713;14;;66431;599924.84;1150253.94;2023-05-31T00:00:00
85258067;583286;Lelekovice;;;;;79898;Lelekovice;3203999;Na Dlouhých;è.p.;710;11;;66431;599909.63;1150294.23;2023-05-31T00:00:00
85258121;583286;Lelekovice;;;;;79898;Lelekovice;3203999;Na Dlouhých;è.p.;709;10;;66431;599899.20;1150305.36;2023-05-31T00:00:00
85258156;583286;Lelekovice;;;;;79898;Lelekovice;3203999;Na Dlouhých;è.p.;707;8;;66431;599889.98;1150327.88;2023-05-31T00:00:00
85258199;583286;Lelekovice;;;;;79898;Lelekovice;3203999;Na Dlouhých;è.p.;706;7;;66431;599889.31;1150341.03;2023-05-31T00:00:00
85258211;583286;Lelekovice;;;;;79898;Lelekovice;3203999;Na Dlouhých;è.p.;704;5;;66431;599879.16;1150363.92;2023-05-31T00:00:00
85258261;583286;Lelekovice;;;;;79898;Lelekovice;3203999;Na Dlouhých;è.p.;703;4;;66431;599869.64;1150374.75;2023-05-31T00:00:00
85258385;583286;Lelekovice;;;;;79898;Lelekovice;3203999;Na Dlouhých;è.p.;701;2;;66431;599860.94;1150398.77;2023-05-31T00:00:00
85258725;583286;Lelekovice;;;;;79898;Lelekovice;3203999;Na Dlouhých;è.p.;700;1;;66431;599859.85;1150410.71;2023-05-31T00:00:00
85270059;583286;Lelekovice;;;;;79898;Lelekovice;;;è.ev.;895;;;66431;598120.82;1147693.82;2023-06-05T00:00:00
85554910;583286;Lelekovice;;;;;79898;Lelekovice;811122;Mackovec;è.p.;668;14;a;66431;598440.66;1149660.90;2023-08-28T00:00:00
85636657;583286;Lelekovice;;;;;79898;Lelekovice;811297;Zahumení;è.p.;732;35;a;66431;599079.45;1149554.60;2023-10-04T00:00:00
85637301;583286;Lelekovice;;;;;79898;Lelekovice;811297;Zahumení;è.p.;607;35;;66431;599079.37;1149557.85;2023-10-04T00:00:00
85837784;583286;Lelekovice;;;;;79898;Lelekovice;811297;Zahumení;è.p.;677;2;a;66431;599080.30;1149901.71;2023-12-05T00:00:00
86055712;583286;Lelekovice;;;;;79898;Lelekovice;;;è.ev.;905;;;66431;599070.11;1149993.05;2024-03-07T00:00:00
86293087;583286;Lelekovice;;;;;79898;Lelekovice;811297;Zahumení;è.p.;679;2;c;66431;599080.84;1149891.51;2024-06-24T00:00:00
86328166;583286;Lelekovice;;;;;79898;Lelekovice;811190;Podemlýn;è.p.;667;5;;66431;599461.88;1150258.85;2024-07-03T00:00:00
86378384;583286;Lelekovice;;;;;79898;Lelekovice;811114;Kout;è.p.;687;5;;66431;599201.64;1149811.15;2024-07-25T00:00:00
86378457;583286;Lelekovice;;;;;79898;Lelekovice;811114;Kout;è.p.;688;7;;66431;599218.22;1149786.49;2024-07-25T00:00:00
86432354;583286;Lelekovice;;;;;79898;Lelekovice;811157;Paseky;è.p.;661;9;;66431;598850.95;1149753.16;2024-07-31T00:00:00
86867997;583286;Lelekovice;;;;;79898;Lelekovice;811297;Zahumení;è.p.;678;2;b;66431;599079.96;1149890.08;2026-02-25T00:00:00
87163802;583286;Lelekovice;;;;;79898;Lelekovice;811173;Plástky;è.p.;615;26;a;66431;598946.51;1150318.56;2025-07-08T00:00:00
87182149;583286;Lelekovice;;;;;79898;Lelekovice;811203;Poòava;è.p.;690;93;;66431;598410.00;1150139.69;2025-07-17T00:00:00
87228823;583286;Lelekovice;;;;;79898;Lelekovice;811211;Pøíhon;è.p.;676;1;a;66431;598657.71;1150005.03;2025-08-13T00:00:00
87308991;583286;Lelekovice;;;;;79898;Lelekovice;811246;U Vápenice;è.p.;733;61;;66431;599636.85;1149158.73;2025-10-06T00:00:00
87397455;583286;Lelekovice;;;;;79898;Lelekovice;811173;Plástky;è.p.;666;25;;66431;599161.52;1150136.92;2025-11-11T00:00:00
87617901;583286;Lelekovice;;;;;79898;Lelekovice;;;è.ev.;899;;;66431;599428.27;1149690.78;2026-02-06T00:00:00
87632241;583286;Lelekovice;;;;;79898;Lelekovice;811203;Poòava;è.p.;738;63;a;66431;598567.42;1150020.08;2026-02-18T00:00:00
87634546;583286;Lelekovice;;;;;79898;Lelekovice;811068;Hlavní;è.p.;682;17;;66431;599328.50;1149987.42;2026-02-16T00:00:00
