Kód ADM;Kód obce;Název obce;Kód MOMC;Název MOMC;Kód obvodu Prahy;Název obvodu Prahy;Kód èásti obce;Název èásti obce;Kód ulice;Název ulice;Typ SO;Èíslo domovní;Èíslo orientaèní;Znak èísla orientaèního;PSÈ;Souøadnice Y;Souøadnice X;Platí Od
1072722;558371;Starý Plzenec;;;;;155144;Sedlec;1936719;Tymákovská;è.p.;2;;;33202;814982.98;1076443.70;2016-10-17T00:00:00
1072731;558371;Starý Plzenec;;;;;155144;Sedlec;1936395;Na Potocích;è.p.;3;;;33202;814918.31;1076575.46;2016-10-26T00:00:00
1072749;558371;Starý Plzenec;;;;;155144;Sedlec;1936719;Tymákovská;è.p.;4;;;33202;814967.80;1076397.30;2016-10-17T00:00:00
1072757;558371;Starý Plzenec;;;;;155144;Sedlec;1936719;Tymákovská;è.p.;5;;;33202;814939.22;1076417.85;2016-10-17T00:00:00
1072765;558371;Starý Plzenec;;;;;155144;Sedlec;1936719;Tymákovská;è.p.;6;;;33202;814955.66;1076455.46;2016-10-17T00:00:00
1072773;558371;Starý Plzenec;;;;;155144;Sedlec;1936719;Tymákovská;è.p.;7;;;33202;814960.10;1076503.14;2016-10-17T00:00:00
1072781;558371;Starý Plzenec;;;;;155144;Sedlec;1936719;Tymákovská;è.p.;8;;;33202;814947.30;1076528.03;2016-10-17T00:00:00
1072790;558371;Starý Plzenec;;;;;155144;Sedlec;1936719;Tymákovská;è.p.;9;;;33202;814940.44;1076552.40;2016-10-17T00:00:00
1072803;558371;Starý Plzenec;;;;;155144;Sedlec;1936719;Tymákovská;è.p.;10;;;33202;814904.38;1076645.11;2016-10-17T00:00:00
1072811;558371;Starý Plzenec;;;;;155144;Sedlec;1936719;Tymákovská;è.p.;11;;;33202;814921.24;1076672.65;2016-10-17T00:00:00
1072820;558371;Starý Plzenec;;;;;155144;Sedlec;1936115;Lesní;è.p.;12;;;33202;814920.59;1076690.10;2016-10-26T00:00:00
1072838;558371;Starý Plzenec;;;;;155144;Sedlec;1936611;Strmá;è.p.;13;;;33202;814918.22;1076749.23;2016-10-17T00:00:00
1072846;558371;Starý Plzenec;;;;;155144;Sedlec;1936611;Strmá;è.p.;14;;;33202;814890.71;1076805.34;2016-10-17T00:00:00
1072854;558371;Starý Plzenec;;;;;155144;Sedlec;1936611;Strmá;è.p.;15;;;33202;814850.38;1076803.88;2016-10-17T00:00:00
1072862;558371;Starý Plzenec;;;;;155144;Sedlec;1936093;K Jezu;è.p.;16;;;33202;814886.77;1076846.34;2016-10-20T00:00:00
1072889;558371;Starý Plzenec;;;;;155144;Sedlec;1936093;K Jezu;è.p.;18;;;33202;814925.19;1076852.88;2016-10-20T00:00:00
1072897;558371;Starý Plzenec;;;;;155144;Sedlec;1936093;K Jezu;è.p.;19;;;33202;814933.66;1076841.02;2016-10-20T00:00:00
1072901;558371;Starý Plzenec;;;;;155144;Sedlec;1936093;K Jezu;è.p.;20;;;33202;814919.69;1076822.95;2016-10-20T00:00:00
1072935;558371;Starý Plzenec;;;;;155144;Sedlec;1936093;K Jezu;è.p.;23;;;33202;814938.95;1076782.32;2016-10-20T00:00:00
1072943;558371;Starý Plzenec;;;;;155144;Sedlec;1936611;Strmá;è.p.;24;;;33202;814945.37;1076751.70;2016-10-26T00:00:00
1072951;558371;Starý Plzenec;;;;;155144;Sedlec;1936719;Tymákovská;è.p.;25;;;33202;814956.28;1076605.23;2016-10-17T00:00:00
1072960;558371;Starý Plzenec;;;;;155144;Sedlec;1936115;Lesní;è.p.;26;;;33202;814878.43;1076770.28;2016-10-17T00:00:00
1072978;558371;Starý Plzenec;;;;;155144;Sedlec;1936115;Lesní;è.p.;27;;;33202;814886.70;1076677.20;2016-10-17T00:00:00
1072986;558371;Starý Plzenec;;;;;155144;Sedlec;1936115;Lesní;è.p.;28;;;33202;814853.67;1076784.24;2016-10-17T00:00:00
1072994;558371;Starý Plzenec;;;;;155144;Sedlec;1936395;Na Potocích;è.p.;29;;;33202;814915.44;1076606.26;2016-10-26T00:00:00
1073010;558371;Starý Plzenec;;;;;155144;Sedlec;1936719;Tymákovská;è.p.;31;;;33202;814963.21;1076672.13;2016-10-17T00:00:00
1073028;558371;Starý Plzenec;;;;;155144;Sedlec;1936115;Lesní;è.p.;32;;;33202;814865.38;1076782.00;2016-10-17T00:00:00
1073044;558371;Starý Plzenec;;;;;155144;Sedlec;1936611;Strmá;è.p.;34;;;33202;814916.08;1076784.05;2016-10-17T00:00:00
1073061;558371;Starý Plzenec;;;;;155144;Sedlec;1936093;K Jezu;è.p.;36;;;33202;814884.62;1076909.01;2016-10-20T00:00:00
1073079;558371;Starý Plzenec;;;;;155144;Sedlec;1936719;Tymákovská;è.p.;37;;;33202;814939.36;1076704.54;2016-10-17T00:00:00
1073087;558371;Starý Plzenec;;;;;155144;Sedlec;1936115;Lesní;è.p.;38;;;33202;814893.32;1076751.61;2016-10-17T00:00:00
1073095;558371;Starý Plzenec;;;;;155144;Sedlec;1936433;Na Vršku;è.p.;39;;;33202;814755.10;1076870.56;2016-10-18T00:00:00
1073109;558371;Starý Plzenec;;;;;155144;Sedlec;1936719;Tymákovská;è.p.;40;;;33202;814959.40;1076377.04;2016-10-17T00:00:00
1073117;558371;Starý Plzenec;;;;;155144;Sedlec;1936611;Strmá;è.p.;41;;;33202;814830.25;1076800.88;2016-10-17T00:00:00
1073125;558371;Starý Plzenec;;;;;155144;Sedlec;1936719;Tymákovská;è.p.;42;;;33202;815192.37;1076775.54;2016-10-17T00:00:00
1073133;558371;Starý Plzenec;;;;;155144;Sedlec;1936093;K Jezu;è.p.;43;;;33202;814901.50;1076873.19;2016-10-20T00:00:00
1073141;558371;Starý Plzenec;;;;;155144;Sedlec;1936115;Lesní;è.p.;44;;;33202;814788.32;1076790.62;2016-10-17T00:00:00
1073150;558371;Starý Plzenec;;;;;155144;Sedlec;1936433;Na Vršku;è.p.;45;;;33202;814738.23;1076885.52;2016-10-18T00:00:00
1073168;558371;Starý Plzenec;;;;;155144;Sedlec;1936719;Tymákovská;è.p.;46;;;33202;814960.33;1076517.94;2016-10-17T00:00:00
1073176;558371;Starý Plzenec;;;;;155144;Sedlec;1936115;Lesní;è.p.;47;;;33202;814839.01;1076785.46;2016-10-17T00:00:00
1073184;558371;Starý Plzenec;;;;;155144;Sedlec;1936719;Tymákovská;è.p.;48;;;33202;814984.27;1076728.13;2016-10-17T00:00:00
1073192;558371;Starý Plzenec;;;;;155144;Sedlec;1936611;Strmá;è.p.;49;;;33202;814918.96;1076727.23;2016-10-17T00:00:00
1073206;558371;Starý Plzenec;;;;;155144;Sedlec;1936719;Tymákovská;è.p.;50;;;33202;814946.03;1076434.61;2016-10-17T00:00:00
1073214;558371;Starý Plzenec;;;;;155144;Sedlec;1936093;K Jezu;è.p.;51;;;33202;814846.63;1076932.00;2016-10-20T00:00:00
1073222;558371;Starý Plzenec;;;;;155144;Sedlec;1936093;K Jezu;è.p.;52;;;33202;814840.64;1076960.89;2016-10-20T00:00:00
1073231;558371;Starý Plzenec;;;;;155144;Sedlec;1936093;K Jezu;è.p.;53;;;33202;814838.41;1076993.55;2016-10-20T00:00:00
1073257;558371;Starý Plzenec;;;;;155144;Sedlec;1936093;K Jezu;è.p.;55;;;33202;814885.36;1076864.13;2016-10-20T00:00:00
1073290;558371;Starý Plzenec;;;;;155144;Sedlec;1936093;K Jezu;è.p.;59;;;33202;814940.19;1076830.75;2016-10-20T00:00:00
1073303;558371;Starý Plzenec;;;;;155144;Sedlec;1936093;K Jezu;è.p.;60;;;33202;814862.83;1076863.11;2016-10-20T00:00:00
1073311;558371;Starý Plzenec;;;;;155144;Sedlec;1936115;Lesní;è.p.;61;;;33202;814812.31;1076771.51;2016-10-17T00:00:00
1073320;558371;Starý Plzenec;;;;;155144;Sedlec;1936476;Nad Roklí;è.p.;62;;;33202;814687.05;1076866.28;2016-10-26T00:00:00
1073338;558371;Starý Plzenec;;;;;155144;Sedlec;1936093;K Jezu;è.p.;63;;;33202;814955.00;1076783.54;2016-10-20T00:00:00
1073346;558371;Starý Plzenec;;;;;155144;Sedlec;1936093;K Jezu;è.p.;64;;;33202;814827.24;1077046.93;2016-10-20T00:00:00
1073354;558371;Starý Plzenec;;;;;155144;Sedlec;1936093;K Jezu;è.p.;65;;;33202;814896.15;1076886.87;2016-10-20T00:00:00
1073362;558371;Starý Plzenec;;;;;155144;Sedlec;1936476;Nad Roklí;è.p.;66;;;33202;814704.65;1076852.48;2016-10-17T00:00:00
1073371;558371;Starý Plzenec;;;;;155144;Sedlec;1936395;Na Potocích;è.p.;67;;;33202;814845.17;1076501.21;2016-10-24T00:00:00
1073389;558371;Starý Plzenec;;;;;155144;Sedlec;1936719;Tymákovská;è.p.;68;;;33202;814897.97;1076226.47;2016-10-17T00:00:00
1073397;558371;Starý Plzenec;;;;;155144;Sedlec;1936395;Na Potocích;è.p.;69;;;33202;814598.00;1076432.55;2016-10-24T00:00:00
1073401;558371;Starý Plzenec;;;;;155144;Sedlec;1936395;Na Potocích;è.p.;70;;;33202;814572.94;1076417.36;2016-10-24T00:00:00
1073419;558371;Starý Plzenec;;;;;155144;Sedlec;1936751;V Kolonii;è.p.;71;;;33202;814845.06;1076365.50;2016-10-14T00:00:00
1073427;558371;Starý Plzenec;;;;;155144;Sedlec;1936751;V Kolonii;è.p.;72;;;33202;814870.76;1076366.10;2016-10-14T00:00:00
1073435;558371;Starý Plzenec;;;;;155144;Sedlec;1936433;Na Vršku;è.p.;73;;;33202;814736.40;1076926.83;2016-10-18T00:00:00
1073443;558371;Starý Plzenec;;;;;155144;Sedlec;1936352;Mezi Ploty;è.p.;74;;;33202;814968.69;1076339.01;2016-10-27T00:00:00
1073451;558371;Starý Plzenec;;;;;155144;Sedlec;1936352;Mezi Ploty;è.p.;75;;;33202;814994.46;1076340.09;2016-10-27T00:00:00
1073460;558371;Starý Plzenec;;;;;155144;Sedlec;1936751;V Kolonii;è.p.;76;;;33202;814861.42;1076387.59;2016-10-14T00:00:00
1073478;558371;Starý Plzenec;;;;;155144;Sedlec;1936719;Tymákovská;è.p.;77;;;33202;814904.08;1076200.53;2016-10-17T00:00:00
1073486;558371;Starý Plzenec;;;;;155144;Sedlec;1936751;V Kolonii;è.p.;78;;;33202;814881.33;1076341.46;2016-10-14T00:00:00
1073494;558371;Starý Plzenec;;;;;155144;Sedlec;1936654;Sutická;è.p.;79;;;33202;814884.46;1076318.45;2016-10-27T00:00:00
1073508;558371;Starý Plzenec;;;;;155144;Sedlec;1936751;V Kolonii;è.p.;80;;;33202;814843.50;1076423.70;2016-10-14T00:00:00
1073516;558371;Starý Plzenec;;;;;155144;Sedlec;1936671;Školní;è.p.;81;;;33202;815351.53;1076919.30;2016-10-19T00:00:00
1073524;558371;Starý Plzenec;;;;;155144;Sedlec;390160;Smetanova;è.p.;82;;;33202;815478.51;1076981.56;2016-10-24T00:00:00
1073532;558371;Starý Plzenec;;;;;155144;Sedlec;390160;Smetanova;è.p.;83;;;33202;815473.52;1076923.26;2016-10-24T00:00:00
1073541;558371;Starý Plzenec;;;;;155144;Sedlec;390160;Smetanova;è.p.;84;;;33202;815481.25;1076891.08;2016-10-24T00:00:00
1073559;558371;Starý Plzenec;;;;;155144;Sedlec;390160;Smetanova;è.p.;85;;;33202;815486.11;1076871.71;2016-10-24T00:00:00
1073567;558371;Starý Plzenec;;;;;155144;Sedlec;390160;Smetanova;è.p.;86;;;33202;815504.72;1076836.66;2016-10-24T00:00:00
1073575;558371;Starý Plzenec;;;;;155144;Sedlec;1936573;Pøíèní;è.p.;87;;;33202;815467.69;1076798.96;2016-10-19T00:00:00
1073583;558371;Starý Plzenec;;;;;155144;Sedlec;1936573;Pøíèní;è.p.;88;;;33202;815449.64;1076835.67;2016-10-19T00:00:00
1073591;558371;Starý Plzenec;;;;;155144;Sedlec;1936573;Pøíèní;è.p.;89;;;33202;815444.18;1076845.45;2016-10-19T00:00:00
1073605;558371;Starý Plzenec;;;;;155144;Sedlec;1936573;Pøíèní;è.p.;90;;;33202;815428.25;1076867.50;2016-10-19T00:00:00
1073613;558371;Starý Plzenec;;;;;155144;Sedlec;1936573;Pøíèní;è.p.;91;;;33202;815464.25;1076805.57;2016-10-19T00:00:00
1073621;558371;Starý Plzenec;;;;;155144;Sedlec;1936573;Pøíèní;è.p.;92;;;33202;815422.30;1076957.97;2016-10-26T00:00:00
1073630;558371;Starý Plzenec;;;;;155144;Sedlec;1936671;Školní;è.p.;93;;;33202;815436.69;1076963.63;2016-10-19T00:00:00
1073648;558371;Starý Plzenec;;;;;155144;Sedlec;1936719;Tymákovská;è.p.;94;;;33202;814909.19;1076130.63;2016-10-17T00:00:00
1073656;558371;Starý Plzenec;;;;;155144;Sedlec;1936671;Školní;è.p.;95;;;33202;815455.86;1077005.38;2016-10-19T00:00:00
1073664;558371;Starý Plzenec;;;;;155144;Sedlec;1936671;Školní;è.p.;96;;;33202;815436.34;1076996.22;2016-10-19T00:00:00
1073672;558371;Starý Plzenec;;;;;155144;Sedlec;1936671;Školní;è.p.;97;;;33202;815415.89;1076987.55;2016-10-19T00:00:00
1073681;558371;Starý Plzenec;;;;;155144;Sedlec;1936671;Školní;è.p.;98;;;33202;815391.32;1076975.74;2016-10-19T00:00:00
1073699;558371;Starý Plzenec;;;;;155144;Sedlec;1936671;Školní;è.p.;99;;;33202;815373.48;1076986.80;2016-10-19T00:00:00
1073702;558371;Starý Plzenec;;;;;155144;Sedlec;1936671;Školní;è.p.;100;;;33202;815317.36;1076945.98;2016-10-19T00:00:00
1073711;558371;Starý Plzenec;;;;;155144;Sedlec;1936671;Školní;è.p.;101;;;33202;815306.47;1076941.24;2016-10-19T00:00:00
1073729;558371;Starý Plzenec;;;;;155144;Sedlec;1936671;Školní;è.p.;102;;;33202;815291.45;1076936.78;2016-10-19T00:00:00
1073737;558371;Starý Plzenec;;;;;155144;Sedlec;1936671;Školní;è.p.;103;;;33202;815273.32;1076929.85;2016-10-19T00:00:00
1073745;558371;Starý Plzenec;;;;;155144;Sedlec;1935321;Úslavská;è.p.;104;;;33202;815225.66;1077016.42;2016-10-12T00:00:00
1073753;558371;Starý Plzenec;;;;;155144;Sedlec;1935321;Úslavská;è.p.;105;;;33202;815224.75;1077028.63;2016-10-12T00:00:00
1073761;558371;Starý Plzenec;;;;;155144;Sedlec;1935321;Úslavská;è.p.;106;;;33202;815221.34;1077075.90;2016-10-12T00:00:00
1073770;558371;Starý Plzenec;;;;;155144;Sedlec;1935321;Úslavská;è.p.;107;;;33202;815217.44;1077126.25;2016-10-12T00:00:00
1073788;558371;Starý Plzenec;;;;;155144;Sedlec;1935321;Úslavská;è.p.;108;;;33202;815215.68;1077157.53;2016-10-12T00:00:00
1073796;558371;Starý Plzenec;;;;;155144;Sedlec;1935321;Úslavská;è.p.;109;;;33202;815215.24;1077173.97;2016-10-12T00:00:00
1073800;558371;Starý Plzenec;;;;;155144;Sedlec;1936719;Tymákovská;è.p.;110;;;33202;814907.01;1076171.27;2016-10-17T00:00:00
1073818;558371;Starý Plzenec;;;;;155144;Sedlec;1936719;Tymákovská;è.p.;111;;;33202;814907.57;1076154.78;2016-10-17T00:00:00
1073826;558371;Starý Plzenec;;;;;155144;Sedlec;1936671;Školní;è.p.;112;;;33202;815444.07;1076966.39;2016-10-19T00:00:00
1073834;558371;Starý Plzenec;;;;;155144;Sedlec;390160;Smetanova;è.p.;113;;;33202;815475.06;1076918.55;2016-10-24T00:00:00
1073842;558371;Starý Plzenec;;;;;155144;Sedlec;390160;Smetanova;è.p.;114;;;33202;815488.81;1076865.47;2016-10-24T00:00:00
1073851;558371;Starý Plzenec;;;;;155144;Sedlec;1936719;Tymákovská;è.p.;115;;;33202;814912.44;1076103.39;2016-10-17T00:00:00
1073869;558371;Starý Plzenec;;;;;155144;Sedlec;1936719;Tymákovská;è.p.;116;;;33202;814909.54;1076097.40;2016-10-17T00:00:00
1073877;558371;Starý Plzenec;;;;;155144;Sedlec;1936433;Na Vršku;è.p.;117;;;33202;814690.44;1076916.28;2016-10-18T00:00:00
1073885;558371;Starý Plzenec;;;;;155144;Sedlec;1936433;Na Vršku;è.p.;118;;;33202;814733.67;1076938.66;2016-10-18T00:00:00
1073893;558371;Starý Plzenec;;;;;155144;Sedlec;1936433;Na Vršku;è.p.;119;;;33202;814702.38;1077001.50;2016-10-18T00:00:00
1073907;558371;Starý Plzenec;;;;;155144;Sedlec;1936433;Na Vršku;è.p.;120;;;33202;814712.76;1076973.93;2016-10-18T00:00:00
1073915;558371;Starý Plzenec;;;;;155144;Sedlec;390160;Smetanova;è.p.;121;;;33202;815544.33;1076789.59;2016-10-24T00:00:00
1073923;558371;Starý Plzenec;;;;;155144;Sedlec;390160;Smetanova;è.p.;122;;;33202;815478.21;1077012.62;2016-10-26T00:00:00
1073931;558371;Starý Plzenec;;;;;155144;Sedlec;1936433;Na Vršku;è.p.;123;;;33202;814670.91;1077016.95;2016-10-18T00:00:00
1073940;558371;Starý Plzenec;;;;;155144;Sedlec;1936433;Na Vršku;è.p.;124;;;33202;814664.69;1077030.00;2016-10-18T00:00:00
1073958;558371;Starý Plzenec;;;;;155144;Sedlec;1936433;Na Vršku;è.p.;125;;;33202;814688.08;1076951.27;2016-10-18T00:00:00
1073966;558371;Starý Plzenec;;;;;155144;Sedlec;1936433;Na Vršku;è.p.;126;;;33202;814688.45;1076932.28;2016-10-18T00:00:00
1073974;558371;Starý Plzenec;;;;;155144;Sedlec;1936719;Tymákovská;è.p.;127;;;33202;814899.54;1076043.72;2016-10-17T00:00:00
1073982;558371;Starý Plzenec;;;;;155144;Sedlec;1936433;Na Vršku;è.p.;128;;;33202;814681.95;1076965.66;2016-10-18T00:00:00
1073991;558371;Starý Plzenec;;;;;155144;Sedlec;1936093;K Jezu;è.p.;129;;;33202;814618.25;1077792.88;2016-10-24T00:00:00
1074008;558371;Starý Plzenec;;;;;155144;Sedlec;389862;Kollárova;è.p.;130;;;33202;815971.88;1077010.11;2016-10-24T00:00:00
1074024;558371;Starý Plzenec;;;;;155144;Sedlec;1936719;Tymákovská;è.p.;132;;;33202;814898.69;1076030.63;2016-10-17T00:00:00
1074032;558371;Starý Plzenec;;;;;155144;Sedlec;1936573;Pøíèní;è.p.;133;;;33202;815409.61;1076892.95;2016-10-19T00:00:00
1074041;558371;Starý Plzenec;;;;;155144;Sedlec;1936719;Tymákovská;è.p.;134;;;33202;814925.50;1076383.64;2016-10-17T00:00:00
1074059;558371;Starý Plzenec;;;;;155144;Sedlec;390160;Smetanova;è.p.;135;;;33202;815663.67;1076765.10;2016-10-26T00:00:00
1074067;558371;Starý Plzenec;;;;;155144;Sedlec;390160;Smetanova;è.p.;136;;;33202;815656.77;1076729.21;2016-10-26T00:00:00
1074075;558371;Starý Plzenec;;;;;155144;Sedlec;390160;Smetanova;è.p.;137;;;33202;815686.93;1076726.59;2016-10-26T00:00:00
1074083;558371;Starý Plzenec;;;;;155144;Sedlec;1936735;Úvozová;è.p.;138;;;33202;815052.13;1076335.42;2016-10-27T00:00:00
1074091;558371;Starý Plzenec;;;;;155144;Sedlec;1936719;Tymákovská;è.p.;139;;;33202;814954.53;1076478.25;2016-10-17T00:00:00
1074105;558371;Starý Plzenec;;;;;155144;Sedlec;390160;Smetanova;è.p.;140;;;33202;815699.07;1076716.87;2016-10-26T00:00:00
1074113;558371;Starý Plzenec;;;;;155144;Sedlec;1936719;Tymákovská;è.p.;141;;;33202;814971.90;1076702.27;2016-10-17T00:00:00
1074121;558371;Starý Plzenec;;;;;155144;Sedlec;1936328;Za Dvorem;è.p.;142;;;33202;815048.96;1076399.52;2016-10-19T00:00:00
1074130;558371;Starý Plzenec;;;;;155144;Sedlec;1936719;Tymákovská;è.p.;143;;;33202;814907.25;1076073.63;2016-10-17T00:00:00
1074148;558371;Starý Plzenec;;;;;155144;Sedlec;1936433;Na Vršku;è.p.;144;;;33202;814650.21;1076873.82;2016-10-26T00:00:00
1074156;558371;Starý Plzenec;;;;;155144;Sedlec;390160;Smetanova;è.p.;145;;;33202;815715.00;1076696.88;2016-10-26T00:00:00
1074164;558371;Starý Plzenec;;;;;155144;Sedlec;389978;Mikoláše Alše;è.p.;146;;;33202;815976.56;1076849.38;2016-10-24T00:00:00
1074172;558371;Starý Plzenec;;;;;155144;Sedlec;1935321;Úslavská;è.p.;147;;;33202;815212.65;1077217.63;2016-10-12T00:00:00
1074181;558371;Starý Plzenec;;;;;155144;Sedlec;1936328;Za Dvorem;è.p.;148;;;33202;815075.33;1076380.08;2016-10-27T00:00:00
1074199;558371;Starý Plzenec;;;;;155144;Sedlec;1936433;Na Vršku;è.p.;149;;;33202;814648.46;1077062.83;2016-10-18T00:00:00
1074202;558371;Starý Plzenec;;;;;155144;Sedlec;1936301;V Mlází;è.p.;150;;;33202;814600.16;1077008.97;2016-10-18T00:00:00
1074211;558371;Starý Plzenec;;;;;155144;Sedlec;1936301;V Mlází;è.p.;151;;;33202;814559.38;1077123.38;2016-10-18T00:00:00
1074229;558371;Starý Plzenec;;;;;155144;Sedlec;1936301;V Mlází;è.p.;152;;;33202;814565.56;1077107.00;2016-10-18T00:00:00
1074237;558371;Starý Plzenec;;;;;155144;Sedlec;1936751;V Kolonii;è.p.;153;;;33202;814883.91;1076323.66;2016-10-14T00:00:00
1074245;558371;Starý Plzenec;;;;;155144;Sedlec;1936433;Na Vršku;è.p.;154;;;33202;814620.68;1077100.01;2016-10-18T00:00:00
1074261;558371;Starý Plzenec;;;;;155144;Sedlec;1936590;Spojovací;è.p.;156;;;33202;815201.72;1076241.38;2016-10-19T00:00:00
1074270;558371;Starý Plzenec;;;;;155144;Sedlec;389978;Mikoláše Alše;è.p.;157;;;33202;815947.55;1076861.47;2013-12-01T00:00:00
1074288;558371;Starý Plzenec;;;;;155144;Sedlec;389978;Mikoláše Alše;è.p.;158;;;33202;815945.62;1076867.81;2013-12-01T00:00:00
1074296;558371;Starý Plzenec;;;;;155144;Sedlec;389978;Mikoláše Alše;è.p.;159;;;33202;815920.45;1076887.15;2013-12-01T00:00:00
1074300;558371;Starý Plzenec;;;;;155144;Sedlec;389978;Mikoláše Alše;è.p.;160;;;33202;815917.61;1076893.73;2013-12-01T00:00:00
1074318;558371;Starý Plzenec;;;;;155144;Sedlec;389978;Mikoláše Alše;è.p.;161;;;33202;815906.03;1076921.23;2013-12-01T00:00:00
1074326;558371;Starý Plzenec;;;;;155144;Sedlec;389978;Mikoláše Alše;è.p.;162;;;33202;815904.06;1076928.79;2013-12-01T00:00:00
1074334;558371;Starý Plzenec;;;;;155144;Sedlec;389862;Kollárova;è.p.;163;;;33202;815891.61;1076964.97;2016-10-26T00:00:00
1074342;558371;Starý Plzenec;;;;;155144;Sedlec;389978;Mikoláše Alše;è.p.;164;;;33202;815894.82;1076955.45;2013-12-01T00:00:00
1074351;558371;Starý Plzenec;;;;;155144;Sedlec;389978;Mikoláše Alše;è.p.;165;;;33202;815954.07;1076945.27;2013-12-01T00:00:00
1074369;558371;Starý Plzenec;;;;;155144;Sedlec;389978;Mikoláše Alše;è.p.;166;;;33202;815951.74;1076951.48;2013-12-01T00:00:00
1074377;558371;Starý Plzenec;;;;;155144;Sedlec;389978;Mikoláše Alše;è.p.;167;;;33202;815925.06;1076970.67;2013-12-01T00:00:00
1074385;558371;Starý Plzenec;;;;;155144;Sedlec;389862;Kollárova;è.p.;168;;;33202;815922.62;1076978.73;2016-10-24T00:00:00
1074393;558371;Starý Plzenec;;;;;155144;Sedlec;389978;Mikoláše Alše;è.p.;169;;;33202;815860.42;1076925.18;2013-12-01T00:00:00
1074407;558371;Starý Plzenec;;;;;155144;Sedlec;389978;Mikoláše Alše;è.p.;170;;;33202;815857.91;1076933.41;2013-12-01T00:00:00
1074415;558371;Starý Plzenec;;;;;155144;Sedlec;389978;Mikoláše Alše;è.p.;171;;;33202;815873.42;1076888.93;2013-12-01T00:00:00
1074423;558371;Starý Plzenec;;;;;155144;Sedlec;389978;Mikoláše Alše;è.p.;172;;;33202;815870.33;1076898.89;2013-12-01T00:00:00
1074431;558371;Starý Plzenec;;;;;155144;Sedlec;389978;Mikoláše Alše;è.p.;173;;;33202;815908.73;1076838.83;2013-12-01T00:00:00
1074440;558371;Starý Plzenec;;;;;155144;Sedlec;389978;Mikoláše Alše;è.p.;174;;;33202;815906.44;1076845.00;2013-12-01T00:00:00
1074458;558371;Starý Plzenec;;;;;155144;Sedlec;1936352;Mezi Ploty;è.p.;176;;;33202;815016.48;1076338.72;2016-10-27T00:00:00
1074466;558371;Starý Plzenec;;;;;155144;Sedlec;1936450;Na Výsluní;è.p.;177;;;33202;814963.06;1076245.77;2016-10-26T00:00:00
1074474;558371;Starý Plzenec;;;;;155144;Sedlec;1936719;Tymákovská;è.p.;178;;;33202;814950.98;1076189.75;2016-10-17T00:00:00
1074482;558371;Starý Plzenec;;;;;155144;Sedlec;1936115;Lesní;è.p.;179;;;33202;814603.68;1076875.75;2016-10-17T00:00:00
1074491;558371;Starý Plzenec;;;;;155144;Sedlec;1936093;K Jezu;è.p.;180;;;33202;814842.14;1077158.31;2016-10-20T00:00:00
1074504;558371;Starý Plzenec;;;;;155144;Sedlec;1936450;Na Výsluní;è.p.;181;;;33202;815085.84;1076266.65;2016-10-19T00:00:00
1074512;558371;Starý Plzenec;;;;;155144;Sedlec;1936450;Na Výsluní;è.p.;182;;;33202;815124.84;1076261.62;2016-10-19T00:00:00
1074521;558371;Starý Plzenec;;;;;155144;Sedlec;1936093;K Jezu;è.p.;183;;;33202;814835.34;1077272.41;2016-10-20T00:00:00
1074547;558371;Starý Plzenec;;;;;155144;Sedlec;1936697;Turistická;è.p.;185;;;33202;815021.19;1076026.75;2016-10-19T00:00:00
1074555;558371;Starý Plzenec;;;;;155144;Sedlec;1936093;K Jezu;è.p.;186;;;33202;814836.25;1077251.38;2016-10-20T00:00:00
1074563;558371;Starý Plzenec;;;;;155144;Sedlec;1936450;Na Výsluní;è.p.;187;;;33202;815103.89;1076222.81;2016-10-19T00:00:00
1074598;558371;Starý Plzenec;;;;;155144;Sedlec;1936328;Za Dvorem;è.p.;190;;;33202;815093.17;1076359.39;2016-10-19T00:00:00
1074601;558371;Starý Plzenec;;;;;155144;Sedlec;1936697;Turistická;è.p.;191;;;33202;815053.67;1076027.13;2016-10-19T00:00:00
1074610;558371;Starý Plzenec;;;;;155144;Sedlec;1936697;Turistická;è.p.;192;;;33202;815104.98;1075964.05;2016-10-19T00:00:00
1074628;558371;Starý Plzenec;;;;;155144;Sedlec;1936433;Na Vršku;è.p.;193;;;33202;814680.46;1077105.15;2016-10-18T00:00:00
1074636;558371;Starý Plzenec;;;;;155144;Sedlec;1936590;Spojovací;è.p.;194;;;33202;815197.34;1076174.85;2016-10-19T00:00:00
1074644;558371;Starý Plzenec;;;;;155144;Sedlec;390160;Smetanova;è.p.;195;;;33202;815577.46;1076756.27;2016-10-24T00:00:00
1074652;558371;Starý Plzenec;;;;;155144;Sedlec;1936719;Tymákovská;è.p.;196;;;33202;814941.77;1076074.48;2016-10-17T00:00:00
1074661;558371;Starý Plzenec;;;;;155144;Sedlec;1936671;Školní;è.p.;197;;;33202;815301.64;1076904.77;2016-10-19T00:00:00
1074679;558371;Starý Plzenec;;;;;155144;Sedlec;1936719;Tymákovská;è.p.;198;;;33202;814938.77;1076042.51;2016-10-27T00:00:00
1074687;558371;Starý Plzenec;;;;;155144;Sedlec;1936093;K Jezu;è.p.;199;;;33202;814942.15;1076817.00;2016-10-20T00:00:00
1074695;558371;Starý Plzenec;;;;;155144;Sedlec;1936301;V Mlází;è.p.;200;;;33202;814602.23;1076917.74;2016-10-18T00:00:00
1074709;558371;Starý Plzenec;;;;;155144;Sedlec;1936719;Tymákovská;è.p.;201;;;33202;814996.13;1076573.28;2016-10-17T00:00:00
1074717;558371;Starý Plzenec;;;;;155144;Sedlec;390160;Smetanova;è.p.;202;;;33202;815472.29;1076948.91;2016-10-24T00:00:00
1074725;558371;Starý Plzenec;;;;;155144;Sedlec;1936344;Zahradní;è.p.;203;;;33202;815060.83;1076103.41;2016-10-19T00:00:00
1074733;558371;Starý Plzenec;;;;;155144;Sedlec;1936344;Zahradní;è.p.;204;;;33202;815130.69;1076143.88;2016-10-19T00:00:00
1074741;558371;Starý Plzenec;;;;;155144;Sedlec;1936735;Úvozová;è.p.;205;;;33202;815011.39;1076393.63;2016-10-27T00:00:00
1074750;558371;Starý Plzenec;;;;;155144;Sedlec;1936476;Nad Roklí;è.p.;206;;;33202;814707.86;1076812.64;2016-10-17T00:00:00
1074768;558371;Starý Plzenec;;;;;155144;Sedlec;1936328;Za Dvorem;è.p.;207;;;33202;815255.56;1076233.67;2016-10-19T00:00:00
1074776;558371;Starý Plzenec;;;;;155144;Sedlec;1936328;Za Dvorem;è.p.;208;;;33202;815115.35;1076333.77;2016-10-19T00:00:00
1074784;558371;Starý Plzenec;;;;;155144;Sedlec;1936328;Za Dvorem;è.p.;209;;;33202;815139.49;1076307.56;2016-10-19T00:00:00
1074792;558371;Starý Plzenec;;;;;155144;Sedlec;1935321;Úslavská;è.p.;210;;;33202;815227.34;1076995.19;2016-10-12T00:00:00
1074806;558371;Starý Plzenec;;;;;155144;Sedlec;389994;Nádražní;è.p.;211;;;33202;815671.12;1076799.92;2016-10-26T00:00:00
1074814;558371;Starý Plzenec;;;;;155144;Sedlec;1936697;Turistická;è.p.;212;;;33202;815085.61;1076045.82;2016-10-19T00:00:00
1074822;558371;Starý Plzenec;;;;;155144;Sedlec;1936719;Tymákovská;è.p.;213;;;33202;814953.33;1076222.82;2016-10-17T00:00:00
1074831;558371;Starý Plzenec;;;;;155144;Sedlec;1936450;Na Výsluní;è.p.;214;;;33202;814928.66;1076288.69;2016-10-26T00:00:00
1074849;558371;Starý Plzenec;;;;;155144;Sedlec;1936573;Pøíèní;è.p.;215;;;33202;815497.73;1076789.47;2016-10-19T00:00:00
1074857;558371;Starý Plzenec;;;;;155144;Sedlec;1936450;Na Výsluní;è.p.;216;;;33202;815134.63;1076212.99;2016-10-19T00:00:00
1074865;558371;Starý Plzenec;;;;;155144;Sedlec;1936450;Na Výsluní;è.p.;217;;;33202;815168.21;1076244.07;2016-10-26T00:00:00
1074873;558371;Starý Plzenec;;;;;155144;Sedlec;1936093;K Jezu;è.p.;218;;;33202;814844.50;1077229.21;2016-10-20T00:00:00
1074881;558371;Starý Plzenec;;;;;155144;Sedlec;1936450;Na Výsluní;è.p.;219;;;33202;814992.47;1076281.02;2016-10-19T00:00:00
1074890;558371;Starý Plzenec;;;;;155144;Sedlec;1936450;Na Výsluní;è.p.;220;;;33202;814994.07;1076248.23;2016-10-19T00:00:00
1074903;558371;Starý Plzenec;;;;;155144;Sedlec;1936433;Na Vršku;è.p.;221;;;33202;814610.11;1077122.71;2016-10-18T00:00:00
1074911;558371;Starý Plzenec;;;;;155144;Sedlec;1936751;V Kolonii;è.p.;222;;;33202;814905.23;1076393.03;2016-10-14T00:00:00
1074920;558371;Starý Plzenec;;;;;155144;Sedlec;1936450;Na Výsluní;è.p.;224;;;33202;815164.49;1076197.02;2016-10-26T00:00:00
1074938;558371;Starý Plzenec;;;;;155144;Sedlec;1936093;K Jezu;è.p.;225;;;33202;814874.85;1077317.99;2016-10-20T00:00:00
1074946;558371;Starý Plzenec;;;;;155144;Sedlec;1936328;Za Dvorem;è.p.;226;;;33202;815148.30;1076341.80;2016-10-19T00:00:00
1074954;558371;Starý Plzenec;;;;;155152;Starý Plzenec;;;è.ev.;155;;;33202;816043.42;1077592.66;2013-12-01T00:00:00
1074962;558371;Starý Plzenec;;;;;155144;Sedlec;1936131;Mechová;è.ev.;201;;;33202;814474.25;1077760.88;2016-10-14T00:00:00
1074971;558371;Starý Plzenec;;;;;155144;Sedlec;1936093;K Jezu;è.ev.;202;;;33202;814552.18;1077812.84;2016-10-24T00:00:00
1074989;558371;Starý Plzenec;;;;;155144;Sedlec;1936093;K Jezu;è.ev.;203;;;33202;814547.83;1077803.57;2016-10-24T00:00:00
1074997;558371;Starý Plzenec;;;;;155144;Sedlec;1936093;K Jezu;è.ev.;204;;;33202;814551.79;1077800.81;2016-10-24T00:00:00
1075004;558371;Starý Plzenec;;;;;155144;Sedlec;1936093;K Jezu;è.ev.;205;;;33202;814562.89;1077802.28;2016-10-24T00:00:00
1075021;558371;Starý Plzenec;;;;;155144;Sedlec;1936093;K Jezu;è.ev.;207;;;33202;814569.79;1077794.65;2016-10-24T00:00:00
1075039;558371;Starý Plzenec;;;;;155144;Sedlec;1936093;K Jezu;è.ev.;208;;;33202;814576.14;1077793.18;2016-10-24T00:00:00
1075047;558371;Starý Plzenec;;;;;155144;Sedlec;1936093;K Jezu;è.ev.;209;;;33202;814583.61;1077799.13;2016-10-24T00:00:00
1075055;558371;Starý Plzenec;;;;;155144;Sedlec;1936093;K Jezu;è.ev.;210;;;33202;814592.74;1077799.25;2016-10-24T00:00:00
1075063;558371;Starý Plzenec;;;;;155144;Sedlec;1936093;K Jezu;è.ev.;211;;;33202;814598.87;1077787.00;2016-10-24T00:00:00
1075080;558371;Starý Plzenec;;;;;155144;Sedlec;1936093;K Jezu;è.ev.;213;;;33202;814600.65;1077798.16;2016-10-24T00:00:00
1075101;558371;Starý Plzenec;;;;;155144;Sedlec;1936093;K Jezu;è.ev.;215;;;33202;814634.60;1077774.57;2016-10-24T00:00:00
1075110;558371;Starý Plzenec;;;;;155144;Sedlec;1936093;K Jezu;è.ev.;216;;;33202;814653.41;1077784.50;2016-10-24T00:00:00
1075128;558371;Starý Plzenec;;;;;155144;Sedlec;1936093;K Jezu;è.ev.;217;;;33202;814666.13;1077782.06;2016-10-24T00:00:00
1075136;558371;Starý Plzenec;;;;;155144;Sedlec;1936093;K Jezu;è.ev.;218;;;33202;814672.99;1077778.67;2016-10-24T00:00:00
1075144;558371;Starý Plzenec;;;;;155144;Sedlec;1936093;K Jezu;è.ev.;219;;;33202;814675.75;1077777.41;2016-10-24T00:00:00
1075152;558371;Starý Plzenec;;;;;155144;Sedlec;1936093;K Jezu;è.ev.;220;;;33202;814669.27;1077769.72;2016-10-24T00:00:00
1075161;558371;Starý Plzenec;;;;;155144;Sedlec;1936093;K Jezu;è.ev.;221;;;33202;814668.66;1077761.47;2016-10-24T00:00:00
1075179;558371;Starý Plzenec;;;;;155144;Sedlec;1936093;K Jezu;è.ev.;222;;;33202;814682.77;1077772.58;2016-10-24T00:00:00
1075195;558371;Starý Plzenec;;;;;155144;Sedlec;1936093;K Jezu;è.ev.;224;;;33202;814712.46;1077753.01;2016-10-24T00:00:00
1075209;558371;Starý Plzenec;;;;;155144;Sedlec;1936093;K Jezu;è.ev.;225;;;33202;814729.58;1077730.94;2016-10-24T00:00:00
1075217;558371;Starý Plzenec;;;;;155144;Sedlec;1936131;Mechová;è.ev.;226;;;33202;814520.50;1077656.75;2016-10-14T00:00:00
1075225;558371;Starý Plzenec;;;;;155144;Sedlec;1936328;Za Dvorem;è.p.;228;;;33202;815110.12;1076384.81;2016-10-19T00:00:00
1075233;558371;Starý Plzenec;;;;;155144;Sedlec;1936417;Na Štice;è.ev.;229;;;33202;815288.81;1077611.88;2016-10-13T00:00:00
1075241;558371;Starý Plzenec;;;;;155144;Sedlec;1936751;V Kolonii;è.p.;230;;;33202;814850.62;1076454.43;2016-10-27T00:00:00
1075250;558371;Starý Plzenec;;;;;155144;Sedlec;1936417;Na Štice;è.ev.;231;;;33202;815293.27;1077664.03;2016-10-13T00:00:00
1075268;558371;Starý Plzenec;;;;;155144;Sedlec;1936417;Na Štice;è.ev.;232;;;33202;815264.10;1077549.64;2016-10-13T00:00:00
1075276;558371;Starý Plzenec;;;;;155144;Sedlec;1936093;K Jezu;è.ev.;233;;;33202;814781.17;1077693.93;2016-10-24T00:00:00
1075292;558371;Starý Plzenec;;;;;155144;Sedlec;1936093;K Jezu;è.ev.;235;;;33202;814661.45;1077773.62;2016-10-24T00:00:00
1075314;558371;Starý Plzenec;;;;;155144;Sedlec;1936093;K Jezu;è.ev.;237;;;33202;814696.70;1077746.98;2016-10-24T00:00:00
1075322;558371;Starý Plzenec;;;;;155144;Sedlec;1936093;K Jezu;è.ev.;238;;;33202;814766.46;1077707.02;2016-10-24T00:00:00
1075331;558371;Starý Plzenec;;;;;155144;Sedlec;1936093;K Jezu;è.ev.;239;;;33202;814584.05;1077790.40;2016-10-24T00:00:00
1075349;558371;Starý Plzenec;;;;;155144;Sedlec;1936093;K Jezu;è.ev.;240;;;33202;814757.76;1077714.84;2016-10-24T00:00:00
1075357;558371;Starý Plzenec;;;;;155144;Sedlec;1936433;Na Vršku;è.ev.;241;;;33202;814678.26;1077153.05;2016-10-18T00:00:00
1075373;558371;Starý Plzenec;;;;;155144;Sedlec;1936093;K Jezu;è.ev.;243;;;33202;814688.98;1077761.20;2016-10-24T00:00:00
1075390;558371;Starý Plzenec;;;;;155144;Sedlec;1936417;Na Štice;è.ev.;246;;;33202;815176.39;1077711.82;2016-10-13T00:00:00
1075403;558371;Starý Plzenec;;;;;155144;Sedlec;1936301;V Mlází;è.ev.;247;;;33202;814597.22;1077048.47;2016-10-18T00:00:00
1075411;558371;Starý Plzenec;;;;;155144;Sedlec;1936433;Na Vršku;è.ev.;248;;;33202;814595.40;1077136.61;2016-10-26T00:00:00
1075420;558371;Starý Plzenec;;;;;155144;Sedlec;1936417;Na Štice;è.ev.;249;;;33202;815207.97;1077699.85;2016-10-13T00:00:00
1075438;558371;Starý Plzenec;;;;;155144;Sedlec;1936417;Na Štice;è.ev.;250;;;33202;815229.92;1077698.91;2016-10-13T00:00:00
1075446;558371;Starý Plzenec;;;;;155144;Sedlec;1936093;K Jezu;è.ev.;251;;;33202;814750.00;1077723.13;2016-10-24T00:00:00
1075454;558371;Starý Plzenec;;;;;155144;Sedlec;1936697;Turistická;è.ev.;252;;;33202;815136.76;1075987.40;2016-10-26T00:00:00
1075462;558371;Starý Plzenec;;;;;155144;Sedlec;1936697;Turistická;è.ev.;253;;;33202;814988.16;1075978.60;2016-10-19T00:00:00
1075471;558371;Starý Plzenec;;;;;155144;Sedlec;1936557;Polní;è.ev.;254;;;33202;815042.30;1075920.30;2016-10-18T00:00:00
1075501;558371;Starý Plzenec;;;;;155144;Sedlec;1936697;Turistická;è.ev.;257;;;33202;815346.00;1075795.13;2016-10-19T00:00:00
1075519;558371;Starý Plzenec;;;;;155144;Sedlec;1936697;Turistická;è.ev.;258;;;33202;815321.25;1075821.34;2016-10-19T00:00:00
1075535;558371;Starý Plzenec;;;;;155144;Sedlec;1936590;Spojovací;è.ev.;260;;;33202;815197.51;1076148.59;2016-10-19T00:00:00
1075543;558371;Starý Plzenec;;;;;155144;Sedlec;1936514;Pod Duby;è.ev.;261;;;33202;815262.00;1075741.13;2016-10-26T00:00:00
1075551;558371;Starý Plzenec;;;;;155144;Sedlec;1936557;Polní;è.ev.;262;;;33202;815208.15;1075851.99;2016-10-18T00:00:00
1075560;558371;Starý Plzenec;;;;;155144;Sedlec;1936514;Pod Duby;è.ev.;263;;;33202;815190.21;1075752.40;2016-10-18T00:00:00
1075586;558371;Starý Plzenec;;;;;155144;Sedlec;1936697;Turistická;è.ev.;265;;;33202;815237.11;1076038.76;2016-10-19T00:00:00
1075594;558371;Starý Plzenec;;;;;155144;Sedlec;1936697;Turistická;è.ev.;266;;;33202;815358.70;1075861.80;2016-10-19T00:00:00
1075608;558371;Starý Plzenec;;;;;155144;Sedlec;1936093;K Jezu;è.ev.;267;;;33202;814842.68;1077202.81;2016-10-20T00:00:00
1075616;558371;Starý Plzenec;;;;;155144;Sedlec;1936093;K Jezu;è.ev.;268;;;33202;814841.01;1077189.03;2016-10-20T00:00:00
1075632;558371;Starý Plzenec;;;;;155144;Sedlec;1936131;Mechová;è.ev.;270;;;33202;814510.09;1077598.31;2016-10-14T00:00:00
1075641;558371;Starý Plzenec;;;;;155144;Sedlec;1936131;Mechová;è.ev.;271;;;33202;814495.16;1077612.91;2016-10-14T00:00:00
1075659;558371;Starý Plzenec;;;;;155144;Sedlec;1936301;V Mlází;è.ev.;272;;;33202;814593.62;1077024.06;2016-10-18T00:00:00
1075667;558371;Starý Plzenec;;;;;155144;Sedlec;1936093;K Jezu;è.ev.;273;;;33202;814722.04;1077749.65;2016-10-24T00:00:00
1075675;558371;Starý Plzenec;;;;;155144;Sedlec;1936131;Mechová;è.ev.;274;;;33202;814482.76;1077627.47;2016-10-14T00:00:00
1075683;558371;Starý Plzenec;;;;;155144;Sedlec;1936417;Na Štice;è.ev.;275;;;33202;815216.81;1077699.97;2016-10-13T00:00:00
1075705;558371;Starý Plzenec;;;;;155144;Sedlec;1936417;Na Štice;è.ev.;277;;;33202;815264.06;1077684.09;2016-10-13T00:00:00
1075721;558371;Starý Plzenec;;;;;155144;Sedlec;1936328;Za Dvorem;è.ev.;280;;;33202;815371.93;1076157.14;2016-10-31T00:00:00
1075748;558371;Starý Plzenec;;;;;155144;Sedlec;1936417;Na Štice;è.ev.;282;;;33202;815267.38;1077577.07;2016-10-13T00:00:00
1075756;558371;Starý Plzenec;;;;;155144;Sedlec;1936557;Polní;è.ev.;283;;;33202;815297.67;1075782.94;2016-10-18T00:00:00
1075764;558371;Starý Plzenec;;;;;155144;Sedlec;1936131;Mechová;è.ev.;284;;;33202;814410.18;1077671.53;2016-10-14T00:00:00
1075772;558371;Starý Plzenec;;;;;155144;Sedlec;1936131;Mechová;è.ev.;285;;;33202;814436.46;1077656.31;2016-10-14T00:00:00
1075781;558371;Starý Plzenec;;;;;155144;Sedlec;1936131;Mechová;è.ev.;286;;;33202;814455.63;1077645.17;2016-10-14T00:00:00
1075799;558371;Starý Plzenec;;;;;155144;Sedlec;1936131;Mechová;è.ev.;287;;;33202;814422.03;1077664.28;2016-10-14T00:00:00
1075802;558371;Starý Plzenec;;;;;155144;Sedlec;1936131;Mechová;è.ev.;288;;;33202;814524.66;1077585.32;2016-10-14T00:00:00
1075811;558371;Starý Plzenec;;;;;155144;Sedlec;1936131;Mechová;è.ev.;289;;;33202;814515.72;1077591.91;2016-10-14T00:00:00
1075829;558371;Starý Plzenec;;;;;155144;Sedlec;1936131;Mechová;è.ev.;290;;;33202;814468.35;1077637.67;2016-10-14T00:00:00
1075837;558371;Starý Plzenec;;;;;155144;Sedlec;1936433;Na Vršku;è.ev.;291;;;33202;814696.49;1077068.11;2016-10-18T00:00:00
1075853;558371;Starý Plzenec;;;;;155144;Sedlec;1936590;Spojovací;è.ev.;293;;;33202;815236.66;1076066.81;2016-10-19T00:00:00
1075861;558371;Starý Plzenec;;;;;155144;Sedlec;1936590;Spojovací;è.ev.;294;;;33202;815215.42;1076121.73;2016-10-19T00:00:00
1075870;558371;Starý Plzenec;;;;;155144;Sedlec;1936131;Mechová;è.ev.;295;;;33202;814508.50;1077631.24;2016-10-14T00:00:00
1075888;558371;Starý Plzenec;;;;;155144;Sedlec;1936093;K Jezu;è.ev.;296;;;33202;814784.66;1077689.22;2016-10-24T00:00:00
1075896;558371;Starý Plzenec;;;;;155144;Sedlec;1936093;K Jezu;è.ev.;297;;;33202;814807.09;1077660.27;2016-10-24T00:00:00
1075969;558371;Starý Plzenec;;;;;155144;Sedlec;1936093;K Jezu;è.ev.;304;;;33202;814796.94;1077671.13;2016-10-24T00:00:00
1075977;558371;Starý Plzenec;;;;;155144;Sedlec;1936131;Mechová;è.ev.;305;;;33202;814488.34;1077656.91;2016-10-14T00:00:00
1075985;558371;Starý Plzenec;;;;;155144;Sedlec;1936557;Polní;è.ev.;306;;;33202;815281.42;1075806.48;2016-10-18T00:00:00
1075993;558371;Starý Plzenec;;;;;155144;Sedlec;1936697;Turistická;è.ev.;307;;;33202;815304.46;1075943.14;2016-10-19T00:00:00
1076001;558371;Starý Plzenec;;;;;155144;Sedlec;1936301;V Mlází;è.ev.;308;;;33202;814582.02;1077062.49;2016-10-18T00:00:00
1076019;558371;Starý Plzenec;;;;;155144;Sedlec;1936697;Turistická;è.ev.;309;;;33202;815393.30;1075821.95;2016-10-19T00:00:00
1076027;558371;Starý Plzenec;;;;;155144;Sedlec;1935321;Úslavská;è.ev.;310;;;33202;815207.86;1077348.96;2016-10-12T00:00:00
1076035;558371;Starý Plzenec;;;;;155144;Sedlec;1936093;K Jezu;è.ev.;311;;;33202;814657.56;1077763.81;2016-10-24T00:00:00
1076043;558371;Starý Plzenec;;;;;155144;Sedlec;1936531;Pod Strání;è.ev.;312;;;33202;815256.50;1077518.27;2016-10-13T00:00:00
1076051;558371;Starý Plzenec;;;;;155144;Sedlec;1936417;Na Štice;è.ev.;313;;;33202;815328.87;1077724.33;2016-10-13T00:00:00
1076060;558371;Starý Plzenec;;;;;155144;Sedlec;1936590;Spojovací;è.ev.;314;;;33202;815123.06;1075909.88;2016-10-26T00:00:00
1076086;558371;Starý Plzenec;;;;;155144;Sedlec;1936301;V Mlází;è.ev.;316;;;33202;814631.87;1077000.98;2016-10-18T00:00:00
1076094;558371;Starý Plzenec;;;;;155144;Sedlec;1936557;Polní;è.ev.;317;;;33202;815237.75;1075857.63;2016-10-18T00:00:00
1076108;558371;Starý Plzenec;;;;;155144;Sedlec;1936301;V Mlází;è.ev.;318;;;33202;814623.94;1076939.36;2016-10-18T00:00:00
1076116;558371;Starý Plzenec;;;;;155144;Sedlec;1935321;Úslavská;è.ev.;319;;;33202;815191.07;1077271.66;2016-10-12T00:00:00
1076124;558371;Starý Plzenec;;;;;155144;Sedlec;1936697;Turistická;è.ev.;320;;;33202;815295.30;1075871.84;2016-10-19T00:00:00
1076132;558371;Starý Plzenec;;;;;155144;Sedlec;1935321;Úslavská;è.ev.;321;;;33202;815196.21;1077289.95;2016-10-12T00:00:00
1076141;558371;Starý Plzenec;;;;;155144;Sedlec;1936131;Mechová;è.ev.;322;;;33202;814495.39;1077684.95;2016-10-14T00:00:00
1076159;558371;Starý Plzenec;;;;;155144;Sedlec;1936557;Polní;è.ev.;323;;;33202;815316.45;1075762.14;2016-10-18T00:00:00
1076175;558371;Starý Plzenec;;;;;155144;Sedlec;1936697;Turistická;è.ev.;325;;;33202;815215.36;1075944.51;2016-10-19T00:00:00
1076183;558371;Starý Plzenec;;;;;155144;Sedlec;1936115;Lesní;è.ev.;326;;;33202;814807.23;1076792.36;2016-10-17T00:00:00
1076191;558371;Starý Plzenec;;;;;155144;Sedlec;1936093;K Jezu;è.ev.;327;;;33202;814787.65;1077207.94;2016-10-20T00:00:00
1076213;558371;Starý Plzenec;;;;;155144;Sedlec;1936433;Na Vršku;è.ev.;329;;;33202;814666.74;1077122.17;2016-10-18T00:00:00
1076230;558371;Starý Plzenec;;;;;155144;Sedlec;1936131;Mechová;è.ev.;331;;;33202;814510.66;1077742.30;2016-10-14T00:00:00
1076248;558371;Starý Plzenec;;;;;155144;Sedlec;1936131;Mechová;è.ev.;332;;;33202;814500.00;1077769.06;2016-10-14T00:00:00
1076256;558371;Starý Plzenec;;;;;155144;Sedlec;1936344;Zahradní;è.ev.;333;;;33202;815148.98;1076071.98;2016-10-27T00:00:00
1076264;558371;Starý Plzenec;;;;;155144;Sedlec;1936514;Pod Duby;è.ev.;334;;;33202;815193.14;1075706.50;2016-10-18T00:00:00
1076272;558371;Starý Plzenec;;;;;155144;Sedlec;1936395;Na Potocích;è.ev.;335;;;33202;814481.98;1076249.28;2016-10-26T00:00:00
1076281;558371;Starý Plzenec;;;;;155144;Sedlec;1936557;Polní;è.ev.;336;;;33202;815067.36;1075925.42;2016-10-18T00:00:00
1076299;558371;Starý Plzenec;;;;;155144;Sedlec;1936131;Mechová;è.ev.;337;;;33202;814524.06;1077736.45;2016-10-14T00:00:00
1076302;558371;Starý Plzenec;;;;;155144;Sedlec;1936131;Mechová;è.ev.;338;;;33202;814513.25;1077761.50;2016-10-14T00:00:00
1076311;558371;Starý Plzenec;;;;;155144;Sedlec;1936395;Na Potocích;è.ev.;339;;;33202;814764.44;1076500.50;2016-10-24T00:00:00
1076329;558371;Starý Plzenec;;;;;155144;Sedlec;1936131;Mechová;è.ev.;340;;;33202;814494.66;1077752.89;2016-10-14T00:00:00
1076337;558371;Starý Plzenec;;;;;155144;Sedlec;1936131;Mechová;è.ev.;341;;;33202;814545.82;1077727.02;2016-10-14T00:00:00
1076345;558371;Starý Plzenec;;;;;155144;Sedlec;1936697;Turistická;è.ev.;342;;;33202;815120.51;1076029.56;2016-10-19T00:00:00
1076353;558371;Starý Plzenec;;;;;155144;Sedlec;1936131;Mechová;è.ev.;343;;;33202;814552.07;1077745.05;2016-10-14T00:00:00
1076361;558371;Starý Plzenec;;;;;155144;Sedlec;1936131;Mechová;è.ev.;344;;;33202;814532.73;1077752.67;2016-10-14T00:00:00
1076370;558371;Starý Plzenec;;;;;155144;Sedlec;1936417;Na Štice;è.ev.;345;;;33202;815299.85;1077640.68;2016-10-13T00:00:00
1076388;558371;Starý Plzenec;;;;;155144;Sedlec;1936719;Tymákovská;è.ev.;346;;;33202;814866.24;1076259.44;2016-10-27T00:00:00
1076418;558371;Starý Plzenec;;;;;155144;Sedlec;1936417;Na Štice;è.ev.;349;;;33202;815358.20;1077715.79;2016-10-13T00:00:00
1076426;558371;Starý Plzenec;;;;;155144;Sedlec;1936131;Mechová;è.ev.;350;;;33202;814533.33;1077778.52;2016-10-14T00:00:00
1076434;558371;Starý Plzenec;;;;;155144;Sedlec;1936131;Mechová;è.ev.;351;;;33202;814475.03;1077726.45;2016-10-14T00:00:00
1076442;558371;Starý Plzenec;;;;;155144;Sedlec;1936131;Mechová;è.ev.;352;;;33202;814521.11;1077784.65;2016-10-14T00:00:00
1076451;558371;Starý Plzenec;;;;;155144;Sedlec;1936557;Polní;è.ev.;353;;;33202;815193.44;1075905.75;2016-10-18T00:00:00
1076469;558371;Starý Plzenec;;;;;155144;Sedlec;1935321;Úslavská;è.ev.;354;;;33202;815187.19;1077257.00;2016-10-12T00:00:00
1076477;558371;Starý Plzenec;;;;;155144;Sedlec;1936051;Cihláøská;è.ev.;355;;;33202;814534.65;1076243.19;2016-10-24T00:00:00
1076485;558371;Starý Plzenec;;;;;155144;Sedlec;1936131;Mechová;è.ev.;356;;;33202;814559.53;1077765.72;2016-10-14T00:00:00
1076493;558371;Starý Plzenec;;;;;155144;Sedlec;1936697;Turistická;è.ev.;357;;;33202;815238.27;1076000.63;2016-10-19T00:00:00
1076507;558371;Starý Plzenec;;;;;155144;Sedlec;1936395;Na Potocích;è.ev.;358;;;33202;814397.61;1076227.82;2016-10-24T00:00:00
1076515;558371;Starý Plzenec;;;;;155144;Sedlec;1936638;Støední;è.ev.;359;;;33202;814543.09;1076274.63;2016-10-27T00:00:00
1076523;558371;Starý Plzenec;;;;;155144;Sedlec;1936051;Cihláøská;è.ev.;360;;;33202;814549.34;1076249.37;2016-10-24T00:00:00
1076531;558371;Starý Plzenec;;;;;155144;Sedlec;1936051;Cihláøská;è.ev.;361;;;33202;814641.14;1076305.67;2016-10-24T00:00:00
1076558;558371;Starý Plzenec;;;;;155144;Sedlec;1936051;Cihláøská;è.ev.;363;;;33202;814690.89;1076384.48;2016-10-24T00:00:00
1076566;558371;Starý Plzenec;;;;;155144;Sedlec;1936051;Cihláøská;è.ev.;364;;;33202;814515.95;1076271.39;2016-10-26T00:00:00
1076574;558371;Starý Plzenec;;;;;155144;Sedlec;1936433;Na Vršku;è.ev.;365;;;33202;814648.75;1076983.54;2016-10-18T00:00:00
1076582;558371;Starý Plzenec;;;;;155144;Sedlec;1936344;Zahradní;è.ev.;383;;;33202;814978.31;1076162.99;2016-10-19T00:00:00
1076604;558371;Starý Plzenec;;;;;155144;Sedlec;1936557;Polní;è.p.;260;;;33202;814981.01;1075936.06;2016-10-18T00:00:00
1076612;558371;Starý Plzenec;;;;;155144;Sedlec;1936638;Støední;è.ev.;387;;;33202;814529.20;1076271.93;2016-11-01T00:00:00
1076621;558371;Starý Plzenec;;;;;155144;Sedlec;1936697;Turistická;è.ev.;388;;;33202;815316.61;1075918.38;2016-10-19T00:00:00
1076639;558371;Starý Plzenec;;;;;155144;Sedlec;1936051;Cihláøská;è.ev.;389;;;33202;814593.55;1076270.11;2016-10-24T00:00:00
1076647;558371;Starý Plzenec;;;;;155144;Sedlec;1936697;Turistická;è.ev.;390;;;33202;815330.11;1075892.19;2016-10-19T00:00:00
1076655;558371;Starý Plzenec;;;;;155144;Sedlec;1936697;Turistická;è.ev.;391;;;33202;815268.95;1075897.98;2016-10-19T00:00:00
1076663;558371;Starý Plzenec;;;;;155144;Sedlec;1936093;K Jezu;è.ev.;393;;;33202;814880.98;1077337.51;2016-10-20T00:00:00
1076671;558371;Starý Plzenec;;;;;155144;Sedlec;1936051;Cihláøská;è.ev.;394;;;33202;814685.31;1076350.21;2016-10-24T00:00:00
1076698;558371;Starý Plzenec;;;;;155144;Sedlec;1936638;Støední;è.ev.;396;;;33202;814602.58;1076320.53;2016-10-27T00:00:00
1076701;558371;Starý Plzenec;;;;;155144;Sedlec;1936697;Turistická;è.p.;281;;;33202;815197.57;1075961.98;2016-10-19T00:00:00
1076710;558371;Starý Plzenec;;;;;155144;Sedlec;1936051;Cihláøská;è.ev.;398;;;33202;814712.02;1076371.71;2016-10-24T00:00:00
1076728;558371;Starý Plzenec;;;;;155144;Sedlec;1936697;Turistická;è.ev.;399;;;33202;815253.62;1075900.29;2016-10-19T00:00:00
1076736;558371;Starý Plzenec;;;;;155144;Sedlec;1936077;Hlinìná;è.ev.;400;;;33202;814740.11;1076387.97;2016-10-14T00:00:00
1076744;558371;Starý Plzenec;;;;;155144;Sedlec;1936051;Cihláøská;è.ev.;402;;;33202;814562.13;1076261.12;2016-10-24T00:00:00
1076752;558371;Starý Plzenec;;;;;155144;Sedlec;1936433;Na Vršku;è.ev.;403;;;33202;814651.43;1077160.68;2016-10-18T00:00:00
1076761;558371;Starý Plzenec;;;;;155144;Sedlec;1936131;Mechová;è.ev.;404;;;33202;814547.13;1077773.20;2016-10-14T00:00:00
1076779;558371;Starý Plzenec;;;;;155144;Sedlec;1936433;Na Vršku;è.ev.;405;;;33202;814717.99;1077035.95;2016-10-18T00:00:00
1076795;558371;Starý Plzenec;;;;;155144;Sedlec;1936638;Støední;è.ev.;407;;;33202;814632.54;1076342.25;2016-10-27T00:00:00
1076809;558371;Starý Plzenec;;;;;155144;Sedlec;1936638;Støední;è.ev.;408;;;33202;814558.57;1076282.44;2016-10-27T00:00:00
1076817;558371;Starý Plzenec;;;;;155144;Sedlec;1936077;Hlinìná;è.ev.;409;;;33202;814729.76;1076383.46;2016-10-14T00:00:00
1076825;558371;Starý Plzenec;;;;;155144;Sedlec;1936051;Cihláøská;è.ev.;410;;;33202;814500.09;1076237.10;2016-10-24T00:00:00
1076833;558371;Starý Plzenec;;;;;155152;Starý Plzenec;389951;Máchova;è.p.;1194;;;33202;816982.41;1076611.16;2013-12-28T00:00:00
1076841;558371;Starý Plzenec;;;;;155152;Starý Plzenec;390119;Raisova;è.p.;2;;;33202;816527.44;1075595.52;2013-12-28T00:00:00
1076850;558371;Starý Plzenec;;;;;155152;Starý Plzenec;389943;Malostranské námìstí;è.p.;3;;;33202;816527.78;1075574.86;2013-12-28T00:00:00
1076868;558371;Starý Plzenec;;;;;155152;Starý Plzenec;389943;Malostranské námìstí;è.p.;4;;;33202;816535.71;1075562.82;2013-12-28T00:00:00
1076876;558371;Starý Plzenec;;;;;155152;Starý Plzenec;389943;Malostranské námìstí;è.p.;5;;;33202;816513.14;1075535.40;2013-12-28T00:00:00
1076884;558371;Starý Plzenec;;;;;155152;Starý Plzenec;389943;Malostranské námìstí;è.p.;6;;;33202;816506.94;1075522.24;2013-12-28T00:00:00
1076892;558371;Starý Plzenec;;;;;155152;Starý Plzenec;389943;Malostranské námìstí;è.p.;7;;;33202;816489.43;1075502.90;2013-12-28T00:00:00
1076906;558371;Starý Plzenec;;;;;155152;Starý Plzenec;389943;Malostranské námìstí;è.p.;8;;;33202;816467.96;1075490.84;2013-12-28T00:00:00
1076914;558371;Starý Plzenec;;;;;155152;Starý Plzenec;389765;Hradištì Plzeòského;è.p.;9;;;33202;816479.68;1075665.00;2013-12-28T00:00:00
1076922;558371;Starý Plzenec;;;;;155152;Starý Plzenec;389714;Havlíèkova;è.p.;10;;;33202;816706.22;1075444.69;2013-12-28T00:00:00
1076931;558371;Starý Plzenec;;;;;155152;Starý Plzenec;389943;Malostranské námìstí;è.p.;11;;;33202;816461.70;1075527.88;2013-12-28T00:00:00
1076949;558371;Starý Plzenec;;;;;155152;Starý Plzenec;389943;Malostranské námìstí;è.p.;12;;;33202;816494.88;1075571.21;2013-12-28T00:00:00
1076957;558371;Starý Plzenec;;;;;155152;Starý Plzenec;389765;Hradištì Plzeòského;è.p.;13;;;33202;816491.00;1075620.57;2013-12-28T00:00:00
1076965;558371;Starý Plzenec;;;;;155152;Starý Plzenec;389765;Hradištì Plzeòského;è.p.;14;;;33202;816490.14;1075700.77;2013-12-28T00:00:00
1076973;558371;Starý Plzenec;;;;;155152;Starý Plzenec;389765;Hradištì Plzeòského;è.p.;15;;;33202;816497.58;1075771.58;2013-12-28T00:00:00
1076990;558371;Starý Plzenec;;;;;155152;Starý Plzenec;389765;Hradištì Plzeòského;è.p.;17;;;33202;816519.44;1075748.19;2013-12-28T00:00:00
1077007;558371;Starý Plzenec;;;;;155152;Starý Plzenec;389765;Hradištì Plzeòského;è.p.;18;;;33202;816547.02;1075769.64;2013-12-28T00:00:00
1077015;558371;Starý Plzenec;;;;;155152;Starý Plzenec;390119;Raisova;è.p.;19;;;33202;816575.90;1075644.86;2013-12-28T00:00:00
1077031;558371;Starý Plzenec;;;;;155152;Starý Plzenec;390232;Tøebízského námìstí;è.p.;21;;;33202;816633.82;1075621.52;2013-12-28T00:00:00
1077040;558371;Starý Plzenec;;;;;155152;Starý Plzenec;389714;Havlíèkova;è.p.;23;;;33202;816625.27;1075663.84;2013-12-28T00:00:00
1077058;558371;Starý Plzenec;;;;;155152;Starý Plzenec;389714;Havlíèkova;è.p.;24;;;33202;816663.70;1075664.19;2013-12-28T00:00:00
1077066;558371;Starý Plzenec;;;;;155152;Starý Plzenec;389714;Havlíèkova;è.p.;25;;;33202;816622.00;1075699.91;2013-12-28T00:00:00
1077074;558371;Starý Plzenec;;;;;155152;Starý Plzenec;389714;Havlíèkova;è.p.;26;;;33202;816663.77;1075735.13;2013-12-28T00:00:00
1077082;558371;Starý Plzenec;;;;;155152;Starý Plzenec;390089;Podhradní;è.p.;29;;;33202;816244.71;1075728.07;2013-12-28T00:00:00
1077091;558371;Starý Plzenec;;;;;155152;Starý Plzenec;389773;Husova;è.p.;30;;;33202;816485.25;1076018.25;2013-12-28T00:00:00
1077104;558371;Starý Plzenec;;;;;155152;Starý Plzenec;390003;Masarykovo námìstí;è.p.;33;;;33202;816430.25;1076078.49;2013-12-28T00:00:00
1077112;558371;Starý Plzenec;;;;;155152;Starý Plzenec;390003;Masarykovo námìstí;è.p.;34;;;33202;816423.93;1076108.70;2013-12-28T00:00:00
1077121;558371;Starý Plzenec;;;;;155152;Starý Plzenec;390003;Masarykovo námìstí;è.p.;35;;;33202;816420.08;1076130.75;2013-12-28T00:00:00
1077139;558371;Starý Plzenec;;;;;155152;Starý Plzenec;390003;Masarykovo námìstí;è.p.;36;;;33202;816426.09;1076144.62;2013-12-28T00:00:00
1077147;558371;Starý Plzenec;;;;;155152;Starý Plzenec;390003;Masarykovo námìstí;è.p.;37;;;33202;816434.10;1076162.66;2013-12-28T00:00:00
1077155;558371;Starý Plzenec;;;;;155152;Starý Plzenec;389552;Baslova;è.p.;38;;;33202;816455.36;1076178.54;2013-12-28T00:00:00
1077180;558371;Starý Plzenec;;;;;155152;Starý Plzenec;389552;Baslova;è.p.;41;;;33202;816528.08;1076228.02;2013-12-28T00:00:00
1077198;558371;Starý Plzenec;;;;;155152;Starý Plzenec;389552;Baslova;è.p.;42;;;33202;816541.03;1076238.66;2013-12-28T00:00:00
1077201;558371;Starý Plzenec;;;;;155152;Starý Plzenec;390186;Svatopluka Èecha;è.p.;44;;;33202;816383.52;1076017.60;2014-02-12T00:00:00
1077210;558371;Starý Plzenec;;;;;155152;Starý Plzenec;390305;Žižkova;è.p.;45;;;33202;816464.45;1076263.79;2013-12-28T00:00:00
1077228;558371;Starý Plzenec;;;;;155152;Starý Plzenec;389552;Baslova;è.p.;46;;;33202;816538.56;1076272.27;2013-12-28T00:00:00
1077236;558371;Starý Plzenec;;;;;155152;Starý Plzenec;390305;Žižkova;è.p.;47;;;33202;816518.38;1076260.40;2013-12-28T00:00:00
1077244;558371;Starý Plzenec;;;;;155152;Starý Plzenec;390305;Žižkova;è.p.;48;;;33202;816507.44;1076274.42;2013-12-28T00:00:00
1077252;558371;Starý Plzenec;;;;;155152;Starý Plzenec;390305;Žižkova;è.p.;49;;;33202;816580.76;1076295.82;2013-12-28T00:00:00
1077261;558371;Starý Plzenec;;;;;155152;Starý Plzenec;390305;Žižkova;è.p.;50;;;33202;816567.79;1076300.99;2013-12-28T00:00:00
1077279;558371;Starý Plzenec;;;;;155152;Starý Plzenec;390305;Žižkova;è.p.;51;;;33202;816497.59;1076306.21;2013-12-28T00:00:00
1077287;558371;Starý Plzenec;;;;;155152;Starý Plzenec;390003;Masarykovo námìstí;è.p.;52;;;33202;816446.12;1076251.92;2013-12-28T00:00:00
1077295;558371;Starý Plzenec;;;;;155152;Starý Plzenec;390003;Masarykovo námìstí;è.p.;53;;;33202;816440.11;1076229.26;2013-12-28T00:00:00
1077309;558371;Starý Plzenec;;;;;155152;Starý Plzenec;390003;Masarykovo námìstí;è.p.;54;;;33202;816416.92;1076297.38;2013-12-28T00:00:00
1077317;558371;Starý Plzenec;;;;;155152;Starý Plzenec;390003;Masarykovo námìstí;è.p.;57;;;33202;816383.28;1076223.11;2013-12-28T00:00:00
1077325;558371;Starý Plzenec;;;;;155152;Starý Plzenec;390160;Smetanova;è.p.;58;;;33202;816367.01;1076226.61;2013-12-28T00:00:00
1077333;558371;Starý Plzenec;;;;;155152;Starý Plzenec;390160;Smetanova;è.p.;63;;;33202;816189.27;1076257.62;2013-12-28T00:00:00
1077341;558371;Starý Plzenec;;;;;155152;Starý Plzenec;390160;Smetanova;è.p.;64;;;33202;816216.56;1076250.79;2013-12-28T00:00:00
1077368;558371;Starý Plzenec;;;;;155152;Starý Plzenec;390160;Smetanova;è.p.;66;;;33202;816266.25;1076232.59;2013-12-28T00:00:00
1077384;558371;Starý Plzenec;;;;;155152;Starý Plzenec;390160;Smetanova;è.p.;68;;;33202;816292.14;1076212.11;2013-12-28T00:00:00
1077392;558371;Starý Plzenec;;;;;155152;Starý Plzenec;390160;Smetanova;è.p.;69;;;33202;816319.78;1076217.71;2013-12-28T00:00:00
1077406;558371;Starý Plzenec;;;;;155152;Starý Plzenec;390003;Masarykovo námìstí;è.p.;70;;;33202;816357.22;1076186.40;2013-12-28T00:00:00
1077414;558371;Starý Plzenec;;;;;155152;Starý Plzenec;390003;Masarykovo námìstí;è.p.;71;;;33202;816378.56;1076166.45;2013-12-28T00:00:00
1077422;558371;Starý Plzenec;;;;;155152;Starý Plzenec;390003;Masarykovo námìstí;è.p.;72;;;33202;816378.73;1076146.84;2013-12-28T00:00:00
1077431;558371;Starý Plzenec;;;;;155152;Starý Plzenec;390003;Masarykovo námìstí;è.p.;73;;;33202;816376.81;1076133.19;2013-12-28T00:00:00
1077449;558371;Starý Plzenec;;;;;155152;Starý Plzenec;390003;Masarykovo námìstí;è.p.;74;;;33202;816382.41;1076112.89;2013-12-28T00:00:00
1077457;558371;Starý Plzenec;;;;;155152;Starý Plzenec;390003;Masarykovo námìstí;è.p.;75;;;33202;816361.76;1076091.18;2013-12-28T00:00:00
1077465;558371;Starý Plzenec;;;;;155152;Starý Plzenec;390003;Masarykovo námìstí;è.p.;76;;;33202;816398.59;1076068.01;2013-12-28T00:00:00
1077473;558371;Starý Plzenec;;;;;155152;Starý Plzenec;390046;Palackého;è.p.;77;;;33202;816362.81;1076066.09;2013-12-28T00:00:00
1077481;558371;Starý Plzenec;;;;;155152;Starý Plzenec;390186;Svatopluka Èecha;è.p.;78;;;33202;816349.69;1076026.09;2013-12-28T00:00:00
1077490;558371;Starý Plzenec;;;;;155152;Starý Plzenec;390046;Palackého;è.p.;79;;;33202;816287.42;1076048.30;2013-12-28T00:00:00
1077503;558371;Starý Plzenec;;;;;155152;Starý Plzenec;390046;Palackého;è.p.;80;;;33202;816269.22;1076010.84;2013-12-28T00:00:00
1077511;558371;Starý Plzenec;;;;;155152;Starý Plzenec;390186;Svatopluka Èecha;è.p.;81;;;33202;816302.06;1076017.88;2013-12-28T00:00:00
1077520;558371;Starý Plzenec;;;;;155152;Starý Plzenec;390186;Svatopluka Èecha;è.p.;82;;;33202;816336.48;1076029.94;2013-12-28T00:00:00
1077538;558371;Starý Plzenec;;;;;155152;Starý Plzenec;390186;Svatopluka Èecha;è.p.;83;;;33202;816351.57;1076006.51;2013-12-28T00:00:00
1077546;558371;Starý Plzenec;;;;;155152;Starý Plzenec;390186;Svatopluka Èecha;è.p.;84;;;33202;816366.13;1076023.29;2013-12-28T00:00:00
1077554;558371;Starý Plzenec;;;;;155152;Starý Plzenec;390186;Svatopluka Èecha;è.p.;85;;;33202;816376.91;1076004.20;2013-12-28T00:00:00
1077562;558371;Starý Plzenec;;;;;155152;Starý Plzenec;390186;Svatopluka Èecha;è.p.;86;;;33202;816424.17;1075996.24;2013-12-28T00:00:00
1077571;558371;Starý Plzenec;;;;;155152;Starý Plzenec;390186;Svatopluka Èecha;è.p.;87;;;33202;816453.04;1076003.06;2013-12-28T00:00:00
1077597;558371;Starý Plzenec;;;;;155152;Starý Plzenec;390186;Svatopluka Èecha;è.p.;89;;;33202;816335.27;1076014.50;2013-12-28T00:00:00
1077601;558371;Starý Plzenec;;;;;155152;Starý Plzenec;389943;Malostranské námìstí;è.p.;90;;;33202;816453.84;1075523.68;2013-12-28T00:00:00
1077619;558371;Starý Plzenec;;;;;155152;Starý Plzenec;389773;Husova;è.p.;91;;;33202;816554.00;1075968.00;2013-12-28T00:00:00
1077627;558371;Starý Plzenec;;;;;155152;Starý Plzenec;389889;Kozinova;è.p.;92;;;33202;816594.56;1075967.79;2013-12-28T00:00:00
1077635;558371;Starý Plzenec;;;;;155152;Starý Plzenec;389765;Hradištì Plzeòského;è.p.;93;;;33202;816526.01;1075764.25;2013-12-28T00:00:00
1077643;558371;Starý Plzenec;;;;;155152;Starý Plzenec;390186;Svatopluka Èecha;è.p.;94;;;33202;816365.63;1076005.76;2013-12-28T00:00:00
1077660;558371;Starý Plzenec;;;;;155152;Starý Plzenec;390119;Raisova;è.p.;96;;;33202;816572.06;1075615.94;2013-12-28T00:00:00
1077678;558371;Starý Plzenec;;;;;155152;Starý Plzenec;390232;Tøebízského námìstí;è.p.;97;;;33202;816636.68;1075587.64;2013-12-28T00:00:00
1077686;558371;Starý Plzenec;;;;;155152;Starý Plzenec;389773;Husova;è.p.;98;;;33202;816563.92;1075947.11;2013-12-28T00:00:00
1077694;558371;Starý Plzenec;;;;;155152;Starý Plzenec;389943;Malostranské námìstí;è.p.;99;;;33202;816464.94;1075553.21;2013-12-28T00:00:00
1077716;558371;Starý Plzenec;;;;;155152;Starý Plzenec;389943;Malostranské námìstí;è.p.;102;;;33202;816443.98;1075470.36;2013-12-28T00:00:00
1077724;558371;Starý Plzenec;;;;;155152;Starý Plzenec;389714;Havlíèkova;è.p.;103;;;33202;816643.00;1075623.14;2013-12-28T00:00:00
1077732;558371;Starý Plzenec;;;;;155152;Starý Plzenec;390046;Palackého;è.p.;104;;;33202;816334.91;1076053.05;2013-12-28T00:00:00
1077741;558371;Starý Plzenec;;;;;155152;Starý Plzenec;389757;Hollmanova;è.p.;105;;;33202;816525.09;1075463.58;2013-12-28T00:00:00
1077759;558371;Starý Plzenec;;;;;155152;Starý Plzenec;389820;K vykopávkám;è.p.;107;;;33202;816466.12;1075572.83;2013-12-28T00:00:00
1077767;558371;Starý Plzenec;;;;;155152;Starý Plzenec;390119;Raisova;è.p.;108;;;33202;816509.91;1075655.03;2013-12-28T00:00:00
1077775;558371;Starý Plzenec;;;;;155152;Starý Plzenec;904252;Na Høišti;è.p.;109;;;33202;817081.19;1076992.26;2013-12-28T00:00:00
1077791;558371;Starý Plzenec;;;;;155152;Starý Plzenec;389552;Baslova;è.p.;111;;;33202;816568.45;1076247.45;2013-12-28T00:00:00
1077805;558371;Starý Plzenec;;;;;155152;Starý Plzenec;389561;Bezruèova;è.p.;112;;;33202;817107.80;1076169.00;2013-12-28T00:00:00
1077813;558371;Starý Plzenec;;;;;155152;Starý Plzenec;389714;Havlíèkova;è.p.;113;;;33202;816639.28;1075634.31;2013-12-28T00:00:00
1077821;558371;Starý Plzenec;;;;;155152;Starý Plzenec;390305;Žižkova;è.p.;115;;;33202;816605.43;1076255.31;2013-12-28T00:00:00
1077830;558371;Starý Plzenec;;;;;155152;Starý Plzenec;389943;Malostranské námìstí;è.p.;116;;;33202;816365.88;1075423.25;2013-12-28T00:00:00
1077856;558371;Starý Plzenec;;;;;155152;Starý Plzenec;390305;Žižkova;è.p.;118;;;33202;816658.91;1076262.23;2013-12-28T00:00:00
1077864;558371;Starý Plzenec;;;;;155152;Starý Plzenec;389773;Husova;è.p.;119;;;33202;816506.43;1075996.18;2013-12-28T00:00:00
1077872;558371;Starý Plzenec;;;;;155152;Starý Plzenec;389765;Hradištì Plzeòského;è.p.;120;;;33202;816505.12;1075743.45;2013-12-28T00:00:00
1077881;558371;Starý Plzenec;;;;;155152;Starý Plzenec;390003;Masarykovo námìstí;è.p.;121;;;33202;816387.30;1076239.92;2013-12-28T00:00:00
1077902;558371;Starý Plzenec;;;;;155152;Starý Plzenec;390305;Žižkova;è.p.;123;;;33202;816478.06;1076289.09;2013-12-28T00:00:00
1077911;558371;Starý Plzenec;;;;;155152;Starý Plzenec;390305;Žižkova;è.p.;124;;;33202;816621.92;1076256.70;2013-12-28T00:00:00
1077929;558371;Starý Plzenec;;;;;155152;Starý Plzenec;389943;Malostranské námìstí;è.p.;125;;;33202;816531.62;1075554.51;2013-12-28T00:00:00
1077945;558371;Starý Plzenec;;;;;155152;Starý Plzenec;389943;Malostranské námìstí;è.p.;127;;;33202;816543.16;1075586.53;2013-12-28T00:00:00
1077953;558371;Starý Plzenec;;;;;155152;Starý Plzenec;390003;Masarykovo námìstí;è.p.;128;;;33202;816424.24;1076096.22;2013-12-28T00:00:00
1077961;558371;Starý Plzenec;;;;;155152;Starý Plzenec;390089;Podhradní;è.p.;129;;;33202;816063.65;1075693.48;2013-12-28T00:00:00
1077970;558371;Starý Plzenec;;;;;155152;Starý Plzenec;389765;Hradištì Plzeòského;è.p.;130;;;33202;816517.60;1075688.54;2013-12-28T00:00:00
1077988;558371;Starý Plzenec;;;;;155152;Starý Plzenec;389943;Malostranské námìstí;è.p.;131;;;33202;816517.85;1075484.77;2013-12-28T00:00:00
1077996;558371;Starý Plzenec;;;;;155152;Starý Plzenec;389943;Malostranské námìstí;è.p.;132;;;33202;816468.75;1075587.52;2014-02-12T00:00:00
1078011;558371;Starý Plzenec;;;;;155152;Starý Plzenec;389765;Hradištì Plzeòského;è.p.;135;;;33202;816510.39;1075703.14;2013-12-28T00:00:00
1078020;558371;Starý Plzenec;;;;;155152;Starý Plzenec;389943;Malostranské námìstí;è.p.;136;;;33202;816454.40;1075482.29;2013-12-28T00:00:00
1078038;558371;Starý Plzenec;;;;;155152;Starý Plzenec;390160;Smetanova;è.p.;138;;;33202;816206.76;1076254.64;2013-12-28T00:00:00
1078046;558371;Starý Plzenec;;;;;155152;Starý Plzenec;390003;Masarykovo námìstí;è.p.;139;;;33202;816441.03;1076242.98;2013-12-28T00:00:00
1078054;558371;Starý Plzenec;;;;;155152;Starý Plzenec;389943;Malostranské námìstí;è.p.;141;;;33202;816398.53;1075452.90;2013-12-28T00:00:00
1078062;558371;Starý Plzenec;;;;;155152;Starý Plzenec;389773;Husova;è.p.;143;;;33202;816441.65;1076064.15;2013-12-28T00:00:00
1078071;558371;Starý Plzenec;;;;;155152;Starý Plzenec;389889;Kozinova;è.p.;144;;;33202;816578.80;1075954.93;2013-12-28T00:00:00
1078089;558371;Starý Plzenec;;;;;155152;Starý Plzenec;389943;Malostranské námìstí;è.p.;145;;;33202;816419.48;1075521.20;2013-12-28T00:00:00
1078097;558371;Starý Plzenec;;;;;155152;Starý Plzenec;390089;Podhradní;è.p.;146;;;33202;816217.13;1075715.37;2013-12-28T00:00:00
1078101;558371;Starý Plzenec;;;;;155152;Starý Plzenec;390089;Podhradní;è.p.;147;;;33202;816196.05;1075708.07;2013-12-28T00:00:00
1078119;558371;Starý Plzenec;;;;;155152;Starý Plzenec;389871;Komenského;è.p.;148;;;33202;816572.00;1075708.98;2013-12-28T00:00:00
1078127;558371;Starý Plzenec;;;;;155152;Starý Plzenec;389871;Komenského;è.p.;149;;;33202;816553.05;1075706.80;2013-12-28T00:00:00
1078135;558371;Starý Plzenec;;;;;155152;Starý Plzenec;389871;Komenského;è.p.;150;;;33202;816545.39;1075678.36;2013-12-28T00:00:00
1078143;558371;Starý Plzenec;;;;;155152;Starý Plzenec;389871;Komenského;è.p.;151;;;33202;816542.91;1075665.21;2013-12-28T00:00:00
1078151;558371;Starý Plzenec;;;;;155152;Starý Plzenec;389871;Komenského;è.p.;152;;;33202;816567.09;1075662.85;2013-12-28T00:00:00
1078160;558371;Starý Plzenec;;;;;155152;Starý Plzenec;389871;Komenského;è.p.;153;;;33202;816564.86;1075678.49;2013-12-28T00:00:00
1078178;558371;Starý Plzenec;;;;;155152;Starý Plzenec;389765;Hradištì Plzeòského;è.p.;154;;;33202;816442.75;1075521.63;2013-12-28T00:00:00
1078186;558371;Starý Plzenec;;;;;155152;Starý Plzenec;389871;Komenského;è.p.;156;;;33202;816558.76;1075737.95;2013-12-28T00:00:00
1078194;558371;Starý Plzenec;;;;;155152;Starý Plzenec;389871;Komenského;è.p.;157;;;33202;816556.71;1075723.40;2013-12-28T00:00:00
1078208;558371;Starý Plzenec;;;;;155152;Starý Plzenec;389871;Komenského;è.p.;158;;;33202;816570.48;1075699.59;2013-12-28T00:00:00
1078216;558371;Starý Plzenec;;;;;155152;Starý Plzenec;389871;Komenského;è.p.;159;;;33202;816567.84;1075690.03;2013-12-28T00:00:00
1078224;558371;Starý Plzenec;;;;;155152;Starý Plzenec;389871;Komenského;è.p.;160;;;33202;816550.84;1075694.25;2013-12-28T00:00:00
1078232;558371;Starý Plzenec;;;;;155152;Starý Plzenec;389765;Hradištì Plzeòského;è.p.;161;;;33202;816512.76;1075715.53;2013-12-28T00:00:00
1078241;558371;Starý Plzenec;;;;;155152;Starý Plzenec;389871;Komenského;è.p.;162;;;33202;816562.75;1075646.22;2013-12-28T00:00:00
1078259;558371;Starý Plzenec;;;;;155152;Starý Plzenec;390089;Podhradní;è.p.;163;;;33202;816119.90;1075694.58;2013-12-28T00:00:00
1078267;558371;Starý Plzenec;;;;;155152;Starý Plzenec;390160;Smetanova;è.p.;165;;;33202;816049.13;1076339.69;2013-12-28T00:00:00
1078291;558371;Starý Plzenec;;;;;155152;Starý Plzenec;390046;Palackého;è.p.;169;;;33202;816294.54;1075997.23;2013-12-28T00:00:00
1078305;558371;Starý Plzenec;;;;;155152;Starý Plzenec;389765;Hradištì Plzeòského;è.p.;170;;;33202;816519.44;1075728.90;2013-12-28T00:00:00
1078313;558371;Starý Plzenec;;;;;155152;Starý Plzenec;389765;Hradištì Plzeòského;è.p.;171;;;33202;816532.15;1075726.31;2013-12-28T00:00:00
1078321;558371;Starý Plzenec;;;;;155152;Starý Plzenec;389684;Rašínova;è.p.;172;;;33202;816062.60;1076330.06;2013-12-28T00:00:00
1078330;558371;Starý Plzenec;;;;;155152;Starý Plzenec;389994;Nádražní;è.p.;174;;;33202;816090.94;1076502.61;2013-12-28T00:00:00
1078348;558371;Starý Plzenec;;;;;155152;Starý Plzenec;390071;Pod tratí;è.p.;175;;;33202;815663.11;1076916.76;2020-12-16T00:00:00
1078356;558371;Starý Plzenec;;;;;155152;Starý Plzenec;390089;Podhradní;è.p.;178;;;33202;816107.51;1075695.38;2013-12-28T00:00:00
1078364;558371;Starý Plzenec;;;;;155152;Starý Plzenec;390089;Podhradní;è.p.;179;;;33202;816096.62;1075695.28;2013-12-28T00:00:00
1078372;558371;Starý Plzenec;;;;;155152;Starý Plzenec;390089;Podhradní;è.p.;180;;;33202;816053.36;1075694.18;2013-12-28T00:00:00
1078381;558371;Starý Plzenec;;;;;155152;Starý Plzenec;390119;Raisova;è.p.;181;;;33202;816541.05;1075648.83;2013-12-28T00:00:00
1078399;558371;Starý Plzenec;;;;;155152;Starý Plzenec;389765;Hradištì Plzeòského;è.p.;182;;;33202;816517.07;1075739.14;2013-12-28T00:00:00
1078402;558371;Starý Plzenec;;;;;155152;Starý Plzenec;390046;Palackého;è.p.;183;;;33202;816280.54;1075989.88;2013-12-28T00:00:00
1078411;558371;Starý Plzenec;;;;;155152;Starý Plzenec;390046;Palackého;è.p.;184;;;33202;816281.29;1076057.58;2013-12-28T00:00:00
1078429;558371;Starý Plzenec;;;;;155152;Starý Plzenec;390046;Palackého;è.p.;185;;;33202;816351.62;1076083.66;2013-12-28T00:00:00
1078437;558371;Starý Plzenec;;;;;155152;Starý Plzenec;390305;Žižkova;è.p.;186;;;33202;816588.94;1076255.77;2013-12-28T00:00:00
1078445;558371;Starý Plzenec;;;;;155152;Starý Plzenec;390101;Radyòská;è.p.;187;;;33202;816346.56;1077651.29;2013-12-28T00:00:00
1078453;558371;Starý Plzenec;;;;;155152;Starý Plzenec;390101;Radyòská;è.p.;188;;;33202;816327.44;1077539.97;2013-12-28T00:00:00
1078461;558371;Starý Plzenec;;;;;155152;Starý Plzenec;389790;Jiráskova;è.p.;189;;;33202;816131.19;1076156.65;2013-12-28T00:00:00
1078470;558371;Starý Plzenec;;;;;155152;Starý Plzenec;390160;Smetanova;è.p.;190;;;33202;816149.20;1076291.90;2013-12-28T00:00:00
1078488;558371;Starý Plzenec;;;;;155152;Starý Plzenec;390305;Žižkova;è.p.;191;;;33202;816464.60;1076286.21;2013-12-28T00:00:00
1078496;558371;Starý Plzenec;;;;;155152;Starý Plzenec;390305;Žižkova;è.p.;192;;;33202;816706.48;1076269.20;2013-12-28T00:00:00
1078500;558371;Starý Plzenec;;;;;155152;Starý Plzenec;390283;Vrchlického;è.p.;193;;;33202;816331.50;1076086.63;2013-12-28T00:00:00
1078518;558371;Starý Plzenec;;;;;155152;Starý Plzenec;389714;Havlíèkova;è.p.;194;;;33202;816656.65;1075490.01;2013-12-28T00:00:00
1078526;558371;Starý Plzenec;;;;;155152;Starý Plzenec;389790;Jiráskova;è.p.;195;;;33202;816179.29;1076318.59;2013-12-28T00:00:00
1078534;558371;Starý Plzenec;;;;;155152;Starý Plzenec;389994;Nádražní;è.p.;196;;;33202;816093.92;1076454.86;2013-12-28T00:00:00
1078542;558371;Starý Plzenec;;;;;155152;Starý Plzenec;;;è.p.;197;;;33202;817379.16;1077987.67;2013-12-28T00:00:00
1078551;558371;Starý Plzenec;;;;;155152;Starý Plzenec;389561;Bezruèova;è.p.;198;;;33202;817114.10;1076167.39;2013-12-28T00:00:00
1078569;558371;Starý Plzenec;;;;;155152;Starý Plzenec;390038;Nerudova;è.p.;199;;;33202;815908.12;1076478.62;2013-12-28T00:00:00
1078577;558371;Starý Plzenec;;;;;155152;Starý Plzenec;389790;Jiráskova;è.p.;200;;;33202;816157.25;1076317.28;2013-12-28T00:00:00
1078585;558371;Starý Plzenec;;;;;155152;Starý Plzenec;390038;Nerudova;è.p.;201;;;33202;816215.33;1076344.50;2013-12-28T00:00:00
1078593;558371;Starý Plzenec;;;;;155152;Starý Plzenec;389684;Rašínova;è.p.;202;;;33202;816108.26;1076341.09;2013-12-28T00:00:00
1078607;558371;Starý Plzenec;;;;;155152;Starý Plzenec;389790;Jiráskova;è.p.;203;;;33202;816124.02;1076134.59;2013-12-28T00:00:00
1078615;558371;Starý Plzenec;;;;;155152;Starý Plzenec;390160;Smetanova;è.p.;204;;;33202;816100.92;1076309.23;2013-12-28T00:00:00
1078623;558371;Starý Plzenec;;;;;155152;Starý Plzenec;390003;Masarykovo námìstí;è.p.;205;;;33202;816420.08;1076119.80;2013-12-28T00:00:00
1078631;558371;Starý Plzenec;;;;;155152;Starý Plzenec;390003;Masarykovo námìstí;è.p.;206;;;33202;816447.04;1076175.92;2013-12-28T00:00:00
1078640;558371;Starý Plzenec;;;;;155152;Starý Plzenec;389552;Baslova;è.p.;207;;;33202;816463.06;1076189.33;2013-12-28T00:00:00
1078658;558371;Starý Plzenec;;;;;155152;Starý Plzenec;390160;Smetanova;è.p.;210;;;33202;816309.46;1076222.44;2013-12-28T00:00:00
1078666;558371;Starý Plzenec;;;;;155152;Starý Plzenec;390003;Masarykovo námìstí;è.p.;211;;;33202;816385.21;1076160.50;2013-12-28T00:00:00
1078674;558371;Starý Plzenec;;;;;155152;Starý Plzenec;390003;Masarykovo námìstí;è.p.;212;;;33202;816370.51;1076097.66;2013-12-28T00:00:00
1078682;558371;Starý Plzenec;;;;;155152;Starý Plzenec;390241;U Mlýna;è.p.;213;;;33202;817089.28;1075488.78;2013-12-28T00:00:00
1078691;558371;Starý Plzenec;;;;;155152;Starý Plzenec;389889;Kozinova;è.p.;214;;;33202;816584.09;1075964.26;2013-12-28T00:00:00
1078704;558371;Starý Plzenec;;;;;155152;Starý Plzenec;390305;Žižkova;è.p.;215;;;33202;816595.42;1076257.62;2013-12-28T00:00:00
1078712;558371;Starý Plzenec;;;;;155152;Starý Plzenec;390160;Smetanova;è.p.;217;;;33202;816094.89;1076282.75;2013-12-28T00:00:00
1078739;558371;Starý Plzenec;;;;;155152;Starý Plzenec;390160;Smetanova;è.p.;220;;;33202;815891.52;1076339.81;2013-12-28T00:00:00
1078747;558371;Starý Plzenec;;;;;155152;Starý Plzenec;390046;Palackého;è.p.;221;;;33202;816336.22;1076040.80;2013-12-28T00:00:00
1078755;558371;Starý Plzenec;;;;;155152;Starý Plzenec;389692;Haškanova;è.p.;224;;;33202;815987.15;1076107.74;2013-12-28T00:00:00
1078763;558371;Starý Plzenec;;;;;155152;Starý Plzenec;389692;Haškanova;è.p.;225;;;33202;815989.87;1076075.44;2013-12-28T00:00:00
1078771;558371;Starý Plzenec;;;;;155152;Starý Plzenec;389790;Jiráskova;è.p.;226;;;33202;816080.94;1076093.05;2013-12-28T00:00:00
1078780;558371;Starý Plzenec;;;;;155152;Starý Plzenec;390046;Palackého;è.p.;227;;;33202;816357.22;1076096.26;2013-12-28T00:00:00
1078798;558371;Starý Plzenec;;;;;155152;Starý Plzenec;390283;Vrchlického;è.p.;228;;;33202;816146.76;1076119.54;2013-12-28T00:00:00
1078801;558371;Starý Plzenec;;;;;155152;Starý Plzenec;390151;Sládkova;è.p.;229;;;33202;816036.00;1076643.35;2013-12-01T00:00:00
1078810;558371;Starý Plzenec;;;;;155152;Starý Plzenec;390151;Sládkova;è.p.;230;;;33202;816050.30;1077027.22;2013-12-01T00:00:00
1078828;558371;Starý Plzenec;;;;;155152;Starý Plzenec;390101;Radyòská;è.p.;231;;;33202;816371.55;1076513.78;2013-12-28T00:00:00
1078836;558371;Starý Plzenec;;;;;155152;Starý Plzenec;390101;Radyòská;è.p.;232;;;33202;816360.91;1077370.36;2013-12-28T00:00:00
1078844;558371;Starý Plzenec;;;;;155152;Starý Plzenec;389790;Jiráskova;è.p.;233;;;33202;816122.80;1076099.41;2013-12-28T00:00:00
1078861;558371;Starý Plzenec;;;;;155152;Starý Plzenec;389862;Kollárova;è.p.;235;;;33202;816142.51;1077080.33;2013-12-01T00:00:00
1078879;558371;Starý Plzenec;;;;;155152;Starý Plzenec;389773;Husova;è.p.;236;;;33202;816493.82;1076011.19;2013-12-28T00:00:00
1078887;558371;Starý Plzenec;;;;;155152;Starý Plzenec;390101;Radyòská;è.p.;237;;;33202;816390.10;1077264.17;2013-12-28T00:00:00
1078895;558371;Starý Plzenec;;;;;155152;Starý Plzenec;390101;Radyòská;è.p.;238;;;33202;816435.83;1077221.65;2013-12-28T00:00:00
1078909;558371;Starý Plzenec;;;;;155152;Starý Plzenec;389862;Kollárova;è.p.;240;;;33202;816402.31;1077157.98;2013-12-01T00:00:00
1078941;558371;Starý Plzenec;;;;;155152;Starý Plzenec;390101;Radyòská;è.p.;244;;;33202;816435.97;1076718.17;2013-12-28T00:00:00
1078950;558371;Starý Plzenec;;;;;155152;Starý Plzenec;390101;Radyòská;è.p.;245;;;33202;816436.86;1076725.81;2013-12-28T00:00:00
1078968;558371;Starý Plzenec;;;;;155152;Starý Plzenec;389773;Husova;è.p.;246;;;33202;816560.01;1075912.17;2013-12-28T00:00:00
1078976;558371;Starý Plzenec;;;;;155152;Starý Plzenec;390101;Radyòská;è.p.;247;;;33202;816336.76;1077460.58;2013-12-28T00:00:00
1078984;558371;Starý Plzenec;;;;;155152;Starý Plzenec;390101;Radyòská;è.p.;248;;;33202;816451.75;1076783.00;2013-12-28T00:00:00
1078992;558371;Starý Plzenec;;;;;155152;Starý Plzenec;389692;Haškanova;è.p.;249;;;33202;816038.45;1076066.53;2013-12-28T00:00:00
1079000;558371;Starý Plzenec;;;;;155152;Starý Plzenec;390089;Podhradní;è.p.;250;;;33202;816398.09;1075728.47;2013-12-28T00:00:00
1079018;558371;Starý Plzenec;;;;;155152;Starý Plzenec;390089;Podhradní;è.p.;251;;;33202;816390.59;1075727.47;2013-12-28T00:00:00
1079026;558371;Starý Plzenec;;;;;155152;Starý Plzenec;390101;Radyòská;è.p.;252;;;33202;816439.14;1077193.50;2013-12-28T00:00:00
1079034;558371;Starý Plzenec;;;;;155152;Starý Plzenec;390160;Smetanova;è.p.;253;;;33202;816020.44;1076357.72;2013-12-28T00:00:00
1079042;558371;Starý Plzenec;;;;;155152;Starý Plzenec;390038;Nerudova;è.p.;255;;;33202;816198.36;1076350.27;2013-12-28T00:00:00
1079051;558371;Starý Plzenec;;;;;155152;Starý Plzenec;389714;Havlíèkova;è.p.;256;;;33202;816709.43;1075431.20;2013-12-28T00:00:00
1079069;558371;Starý Plzenec;;;;;155152;Starý Plzenec;390283;Vrchlického;è.p.;257;;;33202;816321.00;1076063.35;2013-12-28T00:00:00
1079077;558371;Starý Plzenec;;;;;155152;Starý Plzenec;389862;Kollárova;è.p.;258;;;33202;816310.20;1077120.44;2013-12-01T00:00:00
1079085;558371;Starý Plzenec;;;;;155152;Starý Plzenec;390101;Radyòská;è.p.;259;;;33202;816478.10;1077027.58;2013-12-28T00:00:00
1079093;558371;Starý Plzenec;;;;;155152;Starý Plzenec;390089;Podhradní;è.p.;260;;;33202;815736.08;1075714.04;2013-12-28T00:00:00
1079107;558371;Starý Plzenec;;;;;155152;Starý Plzenec;390089;Podhradní;è.p.;261;;;33202;815744.85;1075714.18;2013-12-28T00:00:00
1079115;558371;Starý Plzenec;;;;;155152;Starý Plzenec;390101;Radyòská;è.p.;262;;;33202;816429.72;1077267.38;2013-12-28T00:00:00
1079123;558371;Starý Plzenec;;;;;155152;Starý Plzenec;390038;Nerudova;è.p.;263;;;33202;816142.03;1076333.56;2013-12-28T00:00:00
1079131;558371;Starý Plzenec;;;;;155152;Starý Plzenec;390101;Radyòská;è.p.;265;;;33202;816461.94;1076881.45;2013-12-28T00:00:00
1079140;558371;Starý Plzenec;;;;;155152;Starý Plzenec;390283;Vrchlického;è.p.;266;;;33202;816183.32;1076114.81;2013-12-28T00:00:00
1079158;558371;Starý Plzenec;;;;;155152;Starý Plzenec;389871;Komenského;è.p.;267;;;33202;816562.96;1075761.45;2013-12-28T00:00:00
1079166;558371;Starý Plzenec;;;;;155152;Starý Plzenec;390283;Vrchlického;è.p.;268;;;33202;816305.44;1076070.36;2013-12-28T00:00:00
1079174;558371;Starý Plzenec;;;;;155152;Starý Plzenec;390283;Vrchlického;è.p.;269;;;33202;816296.86;1076074.03;2013-12-28T00:00:00
1079182;558371;Starý Plzenec;;;;;155152;Starý Plzenec;389790;Jiráskova;è.p.;270;;;33202;816118.77;1076088.38;2013-12-28T00:00:00
1079191;558371;Starý Plzenec;;;;;155152;Starý Plzenec;390101;Radyòská;è.p.;271;;;33202;816369.76;1077506.58;2013-12-01T00:00:00
1079204;558371;Starý Plzenec;;;;;155152;Starý Plzenec;390101;Radyòská;è.p.;272;;;33202;816397.39;1077383.03;2013-12-28T00:00:00
1079212;558371;Starý Plzenec;;;;;155152;Starý Plzenec;390101;Radyòská;è.p.;273;;;33202;816440.30;1076744.41;2013-12-28T00:00:00
1079221;558371;Starý Plzenec;;;;;155152;Starý Plzenec;390101;Radyòská;è.p.;274;;;33202;816419.28;1077309.03;2013-12-28T00:00:00
1079239;558371;Starý Plzenec;;;;;155152;Starý Plzenec;389561;Bezruèova;è.p.;275;;;33202;816906.28;1076253.30;2013-12-28T00:00:00
1079247;558371;Starý Plzenec;;;;;155152;Starý Plzenec;389561;Bezruèova;è.p.;276;;;33202;816914.73;1076249.95;2013-12-28T00:00:00
1079255;558371;Starý Plzenec;;;;;155152;Starý Plzenec;389862;Kollárova;è.p.;277;;;33202;816358.62;1077156.56;2013-12-01T00:00:00
1079263;558371;Starý Plzenec;;;;;155152;Starý Plzenec;389862;Kollárova;è.p.;278;;;33202;816345.90;1077157.08;2013-12-01T00:00:00
1079271;558371;Starý Plzenec;;;;;155152;Starý Plzenec;389960;Mánesova;è.p.;279;;;33202;815974.61;1076390.80;2013-12-28T00:00:00
1079280;558371;Starý Plzenec;;;;;155152;Starý Plzenec;390101;Radyòská;è.p.;280;;;33202;816436.69;1077031.78;2013-12-28T00:00:00
1079298;558371;Starý Plzenec;;;;;155152;Starý Plzenec;390101;Radyòská;è.p.;281;;;33202;816412.41;1077339.85;2013-12-28T00:00:00
1079301;558371;Starý Plzenec;;;;;155152;Starý Plzenec;390101;Radyòská;è.p.;282;;;33202;816382.24;1077568.22;2013-12-28T00:00:00
1079310;558371;Starý Plzenec;;;;;155152;Starý Plzenec;390101;Radyòská;è.p.;283;;;33202;816381.41;1076551.73;2013-12-28T00:00:00
1079328;558371;Starý Plzenec;;;;;155152;Starý Plzenec;389901;Dr. Beneše;è.p.;284;;;33202;816388.39;1076592.17;2013-12-01T00:00:00
1079336;558371;Starý Plzenec;;;;;155152;Starý Plzenec;390038;Nerudova;è.p.;285;;;33202;816059.46;1076424.58;2013-12-28T00:00:00
1079344;558371;Starý Plzenec;;;;;155152;Starý Plzenec;390089;Podhradní;è.p.;286;;;33202;816350.83;1075722.97;2013-12-28T00:00:00
1079352;558371;Starý Plzenec;;;;;155152;Starý Plzenec;389561;Bezruèova;è.p.;287;;;33202;816929.76;1076244.85;2013-12-28T00:00:00
1079361;558371;Starý Plzenec;;;;;155152;Starý Plzenec;390101;Radyòská;è.p.;288;;;33202;816450.48;1076819.55;2013-12-28T00:00:00
1079379;558371;Starý Plzenec;;;;;155152;Starý Plzenec;389901;Dr. Beneše;è.p.;289;;;33202;816352.32;1076565.58;2013-12-01T00:00:00
1079387;558371;Starý Plzenec;;;;;155152;Starý Plzenec;390101;Radyòská;è.p.;290;;;33202;816457.10;1076855.09;2013-12-28T00:00:00
1079395;558371;Starý Plzenec;;;;;155152;Starý Plzenec;390101;Radyòská;è.p.;291;;;33202;816447.80;1077122.72;2013-12-28T00:00:00
1079409;558371;Starý Plzenec;;;;;155152;Starý Plzenec;390160;Smetanova;è.p.;292;;;33202;816334.12;1076211.94;2013-12-28T00:00:00
1079417;558371;Starý Plzenec;;;;;155152;Starý Plzenec;389790;Jiráskova;è.p.;293;;;33202;816186.81;1076346.77;2013-12-28T00:00:00
1079425;558371;Starý Plzenec;;;;;155152;Starý Plzenec;390038;Nerudova;è.p.;294;;;33202;816051.41;1076429.66;2013-12-28T00:00:00
1079433;558371;Starý Plzenec;;;;;155152;Starý Plzenec;390283;Vrchlického;è.p.;295;;;33202;816145.36;1076151.40;2013-12-28T00:00:00
1079441;558371;Starý Plzenec;;;;;155152;Starý Plzenec;390101;Radyòská;è.p.;296;;;33202;816485.23;1076956.98;2013-12-28T00:00:00
1079450;558371;Starý Plzenec;;;;;155152;Starý Plzenec;390020;Nepomucká;è.p.;297;;;33202;815901.40;1076664.14;2013-12-01T00:00:00
1079468;558371;Starý Plzenec;;;;;155152;Starý Plzenec;390038;Nerudova;è.p.;298;;;33202;816036.71;1076439.11;2013-12-28T00:00:00
1079476;558371;Starý Plzenec;;;;;155152;Starý Plzenec;389960;Mánesova;è.p.;299;;;33202;815980.03;1076405.85;2013-12-28T00:00:00
1079484;558371;Starý Plzenec;;;;;155152;Starý Plzenec;390038;Nerudova;è.p.;300;;;33202;815914.95;1076476.35;2013-12-28T00:00:00
1079492;558371;Starý Plzenec;;;;;155152;Starý Plzenec;389561;Bezruèova;è.p.;301;;;33202;816871.80;1076257.87;2013-12-28T00:00:00
1079506;558371;Starý Plzenec;;;;;155152;Starý Plzenec;389994;Nádražní;è.p.;302;;;33202;816044.06;1076476.56;2013-12-28T00:00:00
1079514;558371;Starý Plzenec;;;;;155152;Starý Plzenec;390151;Sládkova;è.p.;303;;;33202;816104.76;1076602.91;2013-12-01T00:00:00
1079522;558371;Starý Plzenec;;;;;155152;Starý Plzenec;390101;Radyòská;è.p.;305;;;33202;816355.94;1078154.41;2013-12-01T00:00:00
1079531;558371;Starý Plzenec;;;;;155152;Starý Plzenec;390127;Riegrova;è.p.;306;;;33202;816438.13;1076455.40;2013-12-28T00:00:00
1079549;558371;Starý Plzenec;;;;;155152;Starý Plzenec;390127;Riegrova;è.p.;307;;;33202;816445.23;1076453.63;2013-12-28T00:00:00
1079557;558371;Starý Plzenec;;;;;155152;Starý Plzenec;389668;Habrmanova;è.p.;308;;;33202;816461.82;1076493.51;2013-12-28T00:00:00
1079565;558371;Starý Plzenec;;;;;155152;Starý Plzenec;389609;Èelakovského;è.p.;309;;;33202;816450.97;1076536.64;2013-12-28T00:00:00
1079573;558371;Starý Plzenec;;;;;155152;Starý Plzenec;389609;Èelakovského;è.p.;310;;;33202;816459.42;1076536.22;2013-12-28T00:00:00
1079581;558371;Starý Plzenec;;;;;155152;Starý Plzenec;389722;Hálkova;è.p.;312;;;33202;816361.83;1076895.19;2013-12-01T00:00:00
1079590;558371;Starý Plzenec;;;;;155152;Starý Plzenec;389579;Boženy Nìmcové;è.p.;313;;;33202;816418.92;1076856.88;2013-12-01T00:00:00
1079603;558371;Starý Plzenec;;;;;155152;Starý Plzenec;389579;Boženy Nìmcové;è.p.;314;;;33202;816408.83;1076858.12;2013-12-01T00:00:00
1079611;558371;Starý Plzenec;;;;;155152;Starý Plzenec;390101;Radyòská;è.p.;315;;;33202;816436.34;1076900.31;2013-12-28T00:00:00
1079620;558371;Starý Plzenec;;;;;155152;Starý Plzenec;390101;Radyòská;è.p.;316;;;33202;816438.97;1076906.53;2013-12-28T00:00:00
1079638;558371;Starý Plzenec;;;;;155152;Starý Plzenec;389790;Jiráskova;è.p.;317;;;33202;816098.13;1076056.00;2013-12-28T00:00:00
1079646;558371;Starý Plzenec;;;;;155152;Starý Plzenec;389790;Jiráskova;è.p.;318;;;33202;816112.65;1076067.90;2013-12-28T00:00:00
1079654;558371;Starý Plzenec;;;;;155152;Starý Plzenec;390101;Radyòská;è.p.;319;;;33202;816457.99;1077085.28;2013-12-28T00:00:00
1079662;558371;Starý Plzenec;;;;;155152;Starý Plzenec;389561;Bezruèova;è.p.;320;;;33202;816954.84;1076235.99;2013-12-28T00:00:00
1079671;558371;Starý Plzenec;;;;;155152;Starý Plzenec;389668;Habrmanova;è.p.;321;;;33202;816487.29;1076462.61;2013-12-28T00:00:00
1079689;558371;Starý Plzenec;;;;;155152;Starý Plzenec;389668;Habrmanova;è.p.;322;;;33202;816487.39;1076469.18;2013-12-28T00:00:00
1079697;558371;Starý Plzenec;;;;;155152;Starý Plzenec;389609;Èelakovského;è.p.;323;;;33202;816457.35;1076572.27;2013-12-28T00:00:00
1079701;558371;Starý Plzenec;;;;;155152;Starý Plzenec;389609;Èelakovského;è.p.;324;;;33202;816464.02;1076571.28;2013-12-28T00:00:00
1079719;558371;Starý Plzenec;;;;;155152;Starý Plzenec;390101;Radyòská;è.p.;325;;;33202;816409.82;1076750.97;2013-12-28T00:00:00
1079727;558371;Starý Plzenec;;;;;155152;Starý Plzenec;389722;Hálkova;è.p.;326;;;33202;816343.10;1076760.21;2013-12-01T00:00:00
1079735;558371;Starý Plzenec;;;;;155152;Starý Plzenec;389722;Hálkova;è.p.;327;;;33202;816344.25;1076770.48;2013-12-01T00:00:00
1079743;558371;Starý Plzenec;;;;;155152;Starý Plzenec;390011;Náprstkova;è.p.;328;;;33202;816048.31;1077169.69;2013-12-01T00:00:00
1079751;558371;Starý Plzenec;;;;;155152;Starý Plzenec;390011;Náprstkova;è.p.;329;;;33202;816057.71;1077170.10;2013-12-01T00:00:00
1079760;558371;Starý Plzenec;;;;;155152;Starý Plzenec;390101;Radyòská;è.p.;331;;;33202;816448.64;1076985.78;2013-12-28T00:00:00
1079778;558371;Starý Plzenec;;;;;155152;Starý Plzenec;389722;Hálkova;è.p.;332;;;33202;816361.83;1076885.51;2013-12-01T00:00:00
1079786;558371;Starý Plzenec;;;;;155152;Starý Plzenec;389609;Èelakovského;è.p.;333;;;33202;816501.48;1076527.57;2020-07-14T00:00:00
1079794;558371;Starý Plzenec;;;;;155152;Starý Plzenec;389609;Èelakovského;è.p.;334;;;33202;816518.80;1076525.57;2013-12-28T00:00:00
1079808;558371;Starý Plzenec;;;;;155152;Starý Plzenec;389668;Habrmanova;è.p.;335;;;33202;816483.41;1076616.15;2013-12-28T00:00:00
1079816;558371;Starý Plzenec;;;;;155152;Starý Plzenec;389668;Habrmanova;è.p.;336;;;33202;816506.24;1076746.32;2013-12-28T00:00:00
1079824;558371;Starý Plzenec;;;;;155152;Starý Plzenec;389668;Habrmanova;è.p.;337;;;33202;816506.74;1076756.00;2013-12-28T00:00:00
1079832;558371;Starý Plzenec;;;;;155152;Starý Plzenec;390151;Sládkova;è.p.;338;;;33202;816060.88;1076889.93;2013-12-01T00:00:00
1079841;558371;Starý Plzenec;;;;;155152;Starý Plzenec;390151;Sládkova;è.p.;339;;;33202;816078.50;1076633.53;2013-12-01T00:00:00
1079859;558371;Starý Plzenec;;;;;155152;Starý Plzenec;390151;Sládkova;è.p.;340;;;33202;816025.09;1077130.13;2013-12-01T00:00:00
1079867;558371;Starý Plzenec;;;;;155152;Starý Plzenec;390151;Sládkova;è.p.;341;;;33202;816022.87;1077142.16;2013-12-01T00:00:00
1079875;558371;Starý Plzenec;;;;;155152;Starý Plzenec;390003;Masarykovo námìstí;è.p.;342;;;33202;816384.94;1076069.85;2013-12-28T00:00:00
1079883;558371;Starý Plzenec;;;;;155152;Starý Plzenec;389951;Máchova;è.p.;344;;;33202;816520.23;1076658.30;2013-12-28T00:00:00
1079891;558371;Starý Plzenec;;;;;155152;Starý Plzenec;389862;Kollárova;è.p.;345;;;33202;816055.83;1077049.90;2013-12-01T00:00:00
1079905;558371;Starý Plzenec;;;;;155152;Starý Plzenec;389714;Havlíèkova;è.p.;346;;;33202;816698.22;1075464.09;2013-12-28T00:00:00
1079913;558371;Starý Plzenec;;;;;155152;Starý Plzenec;389668;Habrmanova;è.p.;347;;;33202;816526.73;1076691.30;2013-12-28T00:00:00
1079930;558371;Starý Plzenec;;;;;155152;Starý Plzenec;389951;Máchova;è.p.;349;;;33202;816490.95;1076663.36;2013-12-28T00:00:00
1079956;558371;Starý Plzenec;;;;;155152;Starý Plzenec;390160;Smetanova;è.p.;351;;;33202;816011.52;1076364.19;2013-12-28T00:00:00
1079964;558371;Starý Plzenec;;;;;155152;Starý Plzenec;389862;Kollárova;è.p.;352;;;33202;816236.51;1077111.86;2013-12-01T00:00:00
1079972;558371;Starý Plzenec;;;;;155152;Starý Plzenec;389862;Kollárova;è.p.;353;;;33202;816235.25;1077115.14;2013-12-01T00:00:00
1079981;558371;Starý Plzenec;;;;;155152;Starý Plzenec;389862;Kollárova;è.p.;354;;;33202;816243.29;1077119.06;2013-12-01T00:00:00
1079999;558371;Starý Plzenec;;;;;155152;Starý Plzenec;389862;Kollárova;è.p.;355;;;33202;816244.39;1077113.94;2013-12-01T00:00:00
1080008;558371;Starý Plzenec;;;;;155152;Starý Plzenec;389862;Kollárova;è.p.;356;;;33202;816206.93;1077099.41;2013-12-01T00:00:00
1080016;558371;Starý Plzenec;;;;;155152;Starý Plzenec;389862;Kollárova;è.p.;357;;;33202;816204.99;1077103.42;2013-12-01T00:00:00
1080024;558371;Starý Plzenec;;;;;155152;Starý Plzenec;389862;Kollárova;è.p.;358;;;33202;816213.84;1077107.30;2013-12-01T00:00:00
1080032;558371;Starý Plzenec;;;;;155152;Starý Plzenec;389862;Kollárova;è.p.;359;;;33202;816215.91;1077102.87;2013-12-01T00:00:00
1080041;558371;Starý Plzenec;;;;;155152;Starý Plzenec;389757;Hollmanova;è.p.;360;;;33202;816463.32;1075427.77;2013-12-28T00:00:00
1080059;558371;Starý Plzenec;;;;;155152;Starý Plzenec;389757;Hollmanova;è.p.;361;;;33202;816463.32;1075433.55;2013-12-28T00:00:00
1080067;558371;Starý Plzenec;;;;;155152;Starý Plzenec;389757;Hollmanova;è.p.;362;;;33202;816470.10;1075435.31;2013-12-28T00:00:00
1080075;558371;Starý Plzenec;;;;;155152;Starý Plzenec;389757;Hollmanova;è.p.;363;;;33202;816471.73;1075431.04;2013-12-28T00:00:00
1080083;558371;Starý Plzenec;;;;;155152;Starý Plzenec;389757;Hollmanova;è.p.;364;;;33202;816502.87;1075441.21;2013-12-28T00:00:00
1080091;558371;Starý Plzenec;;;;;155152;Starý Plzenec;389757;Hollmanova;è.p.;365;;;33202;816501.86;1075445.61;2013-12-28T00:00:00
1080105;558371;Starý Plzenec;;;;;155152;Starý Plzenec;389757;Hollmanova;è.p.;366;;;33202;816492.44;1075444.86;2013-12-28T00:00:00
1080113;558371;Starý Plzenec;;;;;155152;Starý Plzenec;389757;Hollmanova;è.p.;367;;;33202;816494.58;1075438.45;2013-12-28T00:00:00
1080130;558371;Starý Plzenec;;;;;155152;Starý Plzenec;390101;Radyòská;è.p.;369;;;33202;816450.86;1076960.33;2013-12-28T00:00:00
1080148;558371;Starý Plzenec;;;;;155152;Starý Plzenec;389692;Haškanova;è.p.;370;;;33202;816068.12;1076048.75;2013-12-28T00:00:00
1080156;558371;Starý Plzenec;;;;;155152;Starý Plzenec;662798;Modøínová;è.p.;371;;;33202;816491.38;1077135.50;2013-12-28T00:00:00
1080164;558371;Starý Plzenec;;;;;155152;Starý Plzenec;389714;Havlíèkova;è.p.;372;;;33202;816619.27;1075782.09;2013-12-28T00:00:00
1080172;558371;Starý Plzenec;;;;;155152;Starý Plzenec;389714;Havlíèkova;è.p.;374;;;33202;816694.33;1075409.06;2013-12-28T00:00:00
1080181;558371;Starý Plzenec;;;;;155152;Starý Plzenec;389731;Herejkova;è.p.;375;;;33202;816743.43;1075628.10;2013-12-28T00:00:00
1080199;558371;Starý Plzenec;;;;;155152;Starý Plzenec;389714;Havlíèkova;è.p.;376;;;33202;816680.22;1075590.82;2013-12-28T00:00:00
1080202;558371;Starý Plzenec;;;;;155152;Starý Plzenec;389684;Rašínova;è.p.;377;;;33202;816090.77;1076404.27;2013-12-28T00:00:00
1080211;558371;Starý Plzenec;;;;;155152;Starý Plzenec;389714;Havlíèkova;è.p.;378;;;33202;816716.17;1075406.92;2013-12-28T00:00:00
1080237;558371;Starý Plzenec;;;;;155152;Starý Plzenec;389633;Elišky Krásnohorské;è.p.;380;;;33202;816296.18;1077260.44;2013-12-01T00:00:00
1080245;558371;Starý Plzenec;;;;;155152;Starý Plzenec;390011;Náprstkova;è.p.;381;;;33202;816051.00;1077196.26;2013-12-01T00:00:00
1080253;558371;Starý Plzenec;;;;;155152;Starý Plzenec;390011;Náprstkova;è.p.;382;;;33202;816042.49;1077196.12;2013-12-01T00:00:00
1080261;558371;Starý Plzenec;;;;;155152;Starý Plzenec;389897;Kpt. Jaroše;è.p.;383;;;33202;816516.16;1076831.27;2013-12-28T00:00:00
1080270;558371;Starý Plzenec;;;;;155152;Starý Plzenec;390101;Radyòská;è.p.;384;;;33202;816414.57;1076793.59;2013-12-28T00:00:00
1080288;558371;Starý Plzenec;;;;;155152;Starý Plzenec;389731;Herejkova;è.p.;385;;;33202;816782.87;1075651.04;2013-12-28T00:00:00
1080296;558371;Starý Plzenec;;;;;155152;Starý Plzenec;390101;Radyòská;è.p.;386;;;33202;816401.09;1076682.79;2013-12-28T00:00:00
1080300;558371;Starý Plzenec;;;;;155152;Starý Plzenec;389749;Heydukova;è.p.;387;;;33202;816550.74;1076477.85;2013-12-28T00:00:00
1080318;558371;Starý Plzenec;;;;;155152;Starý Plzenec;390151;Sládkova;è.p.;388;;;33202;816032.67;1076605.73;2013-12-01T00:00:00
1080326;558371;Starý Plzenec;;;;;155152;Starý Plzenec;389561;Bezruèova;è.p.;389;;;33202;817221.03;1076153.83;2013-12-28T00:00:00
1080334;558371;Starý Plzenec;;;;;155152;Starý Plzenec;389668;Habrmanova;è.p.;390;;;33202;816511.46;1076610.71;2013-12-28T00:00:00
1080342;558371;Starý Plzenec;;;;;155152;Starý Plzenec;389790;Jiráskova;è.p.;391;;;33202;816152.01;1076211.78;2013-12-28T00:00:00
1080351;558371;Starý Plzenec;;;;;155152;Starý Plzenec;389641;Erbenova;è.p.;392;;;33202;816636.35;1076437.32;2013-12-28T00:00:00
1080369;558371;Starý Plzenec;;;;;155152;Starý Plzenec;389749;Heydukova;è.p.;393;;;33202;816593.73;1076581.17;2013-12-28T00:00:00
1080377;558371;Starý Plzenec;;;;;155152;Starý Plzenec;389609;Èelakovského;è.p.;394;;;33202;816601.76;1076545.94;2013-12-28T00:00:00
1080385;558371;Starý Plzenec;;;;;155152;Starý Plzenec;389960;Mánesova;è.p.;395;;;33202;815996.82;1076438.41;2013-12-28T00:00:00
1080393;558371;Starý Plzenec;;;;;155152;Starý Plzenec;389641;Erbenova;è.p.;396;;;33202;816654.39;1076535.32;2013-12-28T00:00:00
1080407;558371;Starý Plzenec;;;;;155152;Starý Plzenec;389749;Heydukova;è.p.;398;;;33202;816575.82;1076483.92;2013-12-28T00:00:00
1080415;558371;Starý Plzenec;;;;;155152;Starý Plzenec;389668;Habrmanova;è.p.;399;;;33202;816543.28;1076791.40;2013-12-28T00:00:00
1080431;558371;Starý Plzenec;;;;;155152;Starý Plzenec;389641;Erbenova;è.p.;401;;;33202;816637.71;1076475.02;2013-12-28T00:00:00
1080440;558371;Starý Plzenec;;;;;155152;Starý Plzenec;389951;Máchova;è.p.;402;;;33202;816550.03;1076686.71;2013-12-28T00:00:00
1080458;558371;Starý Plzenec;;;;;155152;Starý Plzenec;389749;Heydukova;è.p.;403;;;33202;816605.27;1076801.84;2013-12-28T00:00:00
1080466;558371;Starý Plzenec;;;;;155152;Starý Plzenec;390089;Podhradní;è.p.;404;;;33202;816329.56;1075718.85;2013-12-28T00:00:00
1080474;558371;Starý Plzenec;;;;;155152;Starý Plzenec;389749;Heydukova;è.p.;405;;;33202;816571.62;1076449.68;2013-12-28T00:00:00
1080482;558371;Starý Plzenec;;;;;155152;Starý Plzenec;389609;Èelakovského;è.p.;406;;;33202;816558.36;1076518.57;2013-12-28T00:00:00
1080491;558371;Starý Plzenec;;;;;155152;Starý Plzenec;389749;Heydukova;è.p.;408;;;33202;816598.92;1076597.86;2013-12-28T00:00:00
1080504;558371;Starý Plzenec;;;;;155152;Starý Plzenec;389561;Bezruèova;è.p.;409;;;33202;816986.78;1076221.09;2013-12-28T00:00:00
1080512;558371;Starý Plzenec;;;;;155152;Starý Plzenec;389714;Havlíèkova;è.p.;410;;;33202;816700.48;1075365.71;2013-12-28T00:00:00
1080521;558371;Starý Plzenec;;;;;155152;Starý Plzenec;389951;Máchova;è.p.;411;;;33202;816558.52;1076651.74;2013-12-28T00:00:00
1080539;558371;Starý Plzenec;;;;;155152;Starý Plzenec;389951;Máchova;è.p.;412;;;33202;816567.05;1076650.14;2013-12-28T00:00:00
1080547;558371;Starý Plzenec;;;;;155152;Starý Plzenec;390151;Sládkova;è.p.;413;;;33202;816014.08;1077036.70;2013-12-01T00:00:00
1080555;558371;Starý Plzenec;;;;;155152;Starý Plzenec;390101;Radyòská;è.p.;414;;;33202;816413.67;1076823.12;2013-12-28T00:00:00
1080563;558371;Starý Plzenec;;;;;155152;Starý Plzenec;389579;Boženy Nìmcové;è.p.;415;;;33202;816406.36;1076823.50;2013-12-01T00:00:00
1080571;558371;Starý Plzenec;;;;;155152;Starý Plzenec;389561;Bezruèova;è.p.;416;;;33202;816944.75;1076268.04;2013-12-28T00:00:00
1080580;558371;Starý Plzenec;;;;;155152;Starý Plzenec;389641;Erbenova;è.p.;417;;;33202;816682.55;1076497.18;2013-12-28T00:00:00
1080598;558371;Starý Plzenec;;;;;155152;Starý Plzenec;389749;Heydukova;è.p.;418;;;33202;816583.60;1076514.48;2013-12-28T00:00:00
1080601;558371;Starý Plzenec;;;;;155152;Starý Plzenec;389609;Èelakovského;è.p.;419;;;33202;816600.77;1076512.62;2013-12-28T00:00:00
1080610;558371;Starý Plzenec;;;;;155152;Starý Plzenec;390101;Radyòská;è.p.;420;;;33202;816446.02;1076934.74;2013-12-28T00:00:00
1080628;558371;Starý Plzenec;;;;;155152;Starý Plzenec;389668;Habrmanova;è.p.;421;;;33202;816512.73;1076784.02;2013-12-28T00:00:00
1080636;558371;Starý Plzenec;;;;;155152;Starý Plzenec;389609;Èelakovského;è.p.;422;;;33202;816627.08;1076541.00;2013-12-28T00:00:00
1080644;558371;Starý Plzenec;;;;;155152;Starý Plzenec;389731;Herejkova;è.p.;423;;;33202;816696.74;1075650.52;2013-12-28T00:00:00
1080652;558371;Starý Plzenec;;;;;155152;Starý Plzenec;390143;Sladkovského;è.p.;424;;;33202;816743.08;1076588.22;2013-12-28T00:00:00
1080661;558371;Starý Plzenec;;;;;155152;Starý Plzenec;389951;Máchova;è.p.;425;;;33202;816634.17;1076669.90;2013-12-28T00:00:00
1080679;558371;Starý Plzenec;;;;;155152;Starý Plzenec;390101;Radyòská;è.p.;426;;;33202;816339.16;1077558.40;2013-12-28T00:00:00
1080687;558371;Starý Plzenec;;;;;155152;Starý Plzenec;389919;Lipová;è.p.;427;;;33202;817110.05;1076472.61;2013-12-28T00:00:00
1080695;558371;Starý Plzenec;;;;;155152;Starý Plzenec;389951;Máchova;è.p.;428;;;33202;816669.83;1076630.12;2013-12-28T00:00:00
1080709;558371;Starý Plzenec;;;;;155152;Starý Plzenec;662798;Modøínová;è.p.;429;;;33202;816510.31;1077143.86;2013-12-28T00:00:00
1080717;558371;Starý Plzenec;;;;;155152;Starý Plzenec;389862;Kollárova;è.p.;430;;;33202;816218.19;1077144.93;2013-12-01T00:00:00
1080725;558371;Starý Plzenec;;;;;155152;Starý Plzenec;390020;Nepomucká;è.p.;431;;;33202;816011.24;1076615.36;2013-12-01T00:00:00
1080733;558371;Starý Plzenec;;;;;155152;Starý Plzenec;390143;Sladkovského;è.p.;432;;;33202;816775.45;1076614.67;2013-12-28T00:00:00
1080741;558371;Starý Plzenec;;;;;155152;Starý Plzenec;389951;Máchova;è.p.;433;;;33202;816706.27;1076626.28;2013-12-28T00:00:00
1080750;558371;Starý Plzenec;;;;;155152;Starý Plzenec;389595;Èachna;è.p.;434;;;33202;816945.69;1076479.75;2013-12-28T00:00:00
1080768;558371;Starý Plzenec;;;;;155152;Starý Plzenec;389595;Èachna;è.p.;435;;;33202;816948.28;1076489.34;2013-12-28T00:00:00
1080776;558371;Starý Plzenec;;;;;155152;Starý Plzenec;389595;Èachna;è.p.;436;;;33202;816952.11;1076504.79;2013-12-28T00:00:00
1080784;558371;Starý Plzenec;;;;;155152;Starý Plzenec;389595;Èachna;è.p.;437;;;33202;816953.22;1076513.94;2013-12-28T00:00:00
1080792;558371;Starý Plzenec;;;;;155152;Starý Plzenec;389595;Èachna;è.p.;438;;;33202;816957.42;1076528.77;2013-12-28T00:00:00
1080806;558371;Starý Plzenec;;;;;155152;Starý Plzenec;389595;Èachna;è.p.;439;;;33202;816959.27;1076536.06;2013-12-28T00:00:00
1080814;558371;Starý Plzenec;;;;;155152;Starý Plzenec;389595;Èachna;è.p.;440;;;33202;816962.86;1076552.13;2013-12-28T00:00:00
1080822;558371;Starý Plzenec;;;;;155152;Starý Plzenec;389595;Èachna;è.p.;441;;;33202;816964.96;1076559.17;2013-12-28T00:00:00
1080831;558371;Starý Plzenec;;;;;155152;Starý Plzenec;389595;Èachna;è.p.;442;;;33202;816967.80;1076574.38;2013-12-28T00:00:00
1080849;558371;Starý Plzenec;;;;;155152;Starý Plzenec;389595;Èachna;è.p.;443;;;33202;816969.03;1076582.04;2013-12-28T00:00:00
1080857;558371;Starý Plzenec;;;;;155152;Starý Plzenec;390151;Sládkova;è.p.;444;;;33202;816053.69;1076963.66;2013-12-01T00:00:00
1080865;558371;Starý Plzenec;;;;;155152;Starý Plzenec;390151;Sládkova;è.p.;445;;;33202;816053.97;1076954.53;2013-12-01T00:00:00
1080873;558371;Starý Plzenec;;;;;155152;Starý Plzenec;389609;Èelakovského;è.p.;446;;;33202;816733.08;1076521.22;2013-12-28T00:00:00
1080881;558371;Starý Plzenec;;;;;155152;Starý Plzenec;390011;Náprstkova;è.p.;447;;;33202;816094.76;1077174.39;2013-12-01T00:00:00
1080890;558371;Starý Plzenec;;;;;155152;Starý Plzenec;389919;Lipová;è.p.;448;;;33202;817109.38;1076466.70;2013-12-28T00:00:00
1080903;558371;Starý Plzenec;;;;;155152;Starý Plzenec;389749;Heydukova;è.p.;449;;;33202;816614.82;1076705.05;2013-12-28T00:00:00
1080920;558371;Starý Plzenec;;;;;155152;Starý Plzenec;389749;Heydukova;è.p.;451;;;33202;816545.52;1076446.00;2013-12-28T00:00:00
1080938;558371;Starý Plzenec;;;;;155152;Starý Plzenec;389951;Máchova;è.p.;452;;;33202;816610.75;1076676.65;2013-12-28T00:00:00
1080946;558371;Starý Plzenec;;;;;155152;Starý Plzenec;389561;Bezruèova;è.p.;453;;;33202;817018.81;1076235.02;2013-12-28T00:00:00
1080954;558371;Starý Plzenec;;;;;155152;Starý Plzenec;389714;Havlíèkova;è.p.;454;;;33202;816694.13;1075386.74;2013-12-28T00:00:00
1080962;558371;Starý Plzenec;;;;;155152;Starý Plzenec;389714;Havlíèkova;è.p.;455;;;33202;816788.16;1075242.83;2013-12-28T00:00:00
1080971;558371;Starý Plzenec;;;;;155152;Starý Plzenec;389749;Heydukova;è.p.;456;;;33202;816574.34;1076463.52;2013-12-28T00:00:00
1080989;558371;Starý Plzenec;;;;;155152;Starý Plzenec;390101;Radyòská;è.p.;457;;;33202;816394.29;1076617.85;2013-12-28T00:00:00
1080997;558371;Starý Plzenec;;;;;155152;Starý Plzenec;389561;Bezruèova;è.p.;458;;;33202;817098.30;1076198.28;2013-12-28T00:00:00
1081004;558371;Starý Plzenec;;;;;155152;Starý Plzenec;389633;Elišky Krásnohorské;è.p.;459;;;33202;816318.05;1077293.68;2013-12-01T00:00:00
1081012;558371;Starý Plzenec;;;;;155152;Starý Plzenec;389714;Havlíèkova;è.p.;460;;;33202;816728.05;1075370.91;2013-12-28T00:00:00
1081021;558371;Starý Plzenec;;;;;155152;Starý Plzenec;389561;Bezruèova;è.p.;461;;;33202;816995.33;1076246.03;2013-12-28T00:00:00
1081039;558371;Starý Plzenec;;;;;155152;Starý Plzenec;390011;Náprstkova;è.p.;462;;;33202;816115.22;1077177.71;2013-12-01T00:00:00
1081047;558371;Starý Plzenec;;;;;155152;Starý Plzenec;390101;Radyòská;è.p.;463;;;33202;816411.49;1076771.76;2013-12-28T00:00:00
1081055;558371;Starý Plzenec;;;;;155152;Starý Plzenec;390143;Sladkovského;è.p.;464;;;33202;816769.52;1076582.78;2013-12-28T00:00:00
1081063;558371;Starý Plzenec;;;;;155152;Starý Plzenec;389668;Habrmanova;è.p.;465;;;33202;816516.29;1076804.65;2013-12-28T00:00:00
1081071;558371;Starý Plzenec;;;;;155152;Starý Plzenec;389668;Habrmanova;è.p.;466;;;33202;816538.95;1076767.20;2013-12-28T00:00:00
1081080;558371;Starý Plzenec;;;;;155152;Starý Plzenec;389609;Èelakovského;è.p.;467;;;33202;816729.13;1076489.39;2013-12-28T00:00:00
1081098;558371;Starý Plzenec;;;;;155152;Starý Plzenec;389749;Heydukova;è.p.;468;;;33202;816599.66;1076613.68;2013-12-28T00:00:00
1081101;558371;Starý Plzenec;;;;;155152;Starý Plzenec;390038;Nerudova;è.p.;469;;;33202;815974.08;1076450.27;2013-12-28T00:00:00
1081128;558371;Starý Plzenec;;;;;155152;Starý Plzenec;390160;Smetanova;è.p.;471;;;33202;815919.67;1076426.99;2013-12-28T00:00:00
1081136;558371;Starý Plzenec;;;;;155152;Starý Plzenec;389609;Èelakovského;è.p.;472;;;33202;816505.77;1076562.75;2013-12-28T00:00:00
1081144;558371;Starý Plzenec;;;;;155152;Starý Plzenec;389951;Máchova;è.p.;473;;;33202;816750.13;1076617.63;2013-12-28T00:00:00
1081152;558371;Starý Plzenec;;;;;155152;Starý Plzenec;390143;Sladkovského;è.p.;474;;;33202;816725.05;1076463.68;2013-12-28T00:00:00
1081161;558371;Starý Plzenec;;;;;155152;Starý Plzenec;390097;Podskalí;è.p.;475;;;33202;815613.71;1076822.02;2013-12-01T00:00:00
1081179;558371;Starý Plzenec;;;;;155152;Starý Plzenec;389609;Èelakovského;è.p.;476;;;33202;816778.29;1076515.29;2013-12-28T00:00:00
1081187;558371;Starý Plzenec;;;;;155152;Starý Plzenec;389641;Erbenova;è.p.;477;;;33202;816673.90;1076447.36;2013-12-28T00:00:00
1081195;558371;Starý Plzenec;;;;;155152;Starý Plzenec;389714;Havlíèkova;è.p.;478;;;33202;816679.72;1075573.96;2013-12-28T00:00:00
1081209;558371;Starý Plzenec;;;;;155152;Starý Plzenec;389749;Heydukova;è.p.;479;;;33202;816635.32;1076814.08;2013-12-28T00:00:00
1081225;558371;Starý Plzenec;;;;;155152;Starý Plzenec;389919;Lipová;è.p.;481;;;33202;817118.10;1076514.73;2013-12-28T00:00:00
1081233;558371;Starý Plzenec;;;;;155152;Starý Plzenec;390160;Smetanova;è.p.;482;;;33202;816161.63;1076262.87;2013-12-28T00:00:00
1081241;558371;Starý Plzenec;;;;;155152;Starý Plzenec;389609;Èelakovského;è.p.;483;;;33202;816650.31;1076504.59;2013-12-28T00:00:00
1081250;558371;Starý Plzenec;;;;;155152;Starý Plzenec;389901;Dr. Beneše;è.p.;484;;;33202;816320.80;1076579.17;2013-12-01T00:00:00
1081268;558371;Starý Plzenec;;;;;155152;Starý Plzenec;389951;Máchova;è.p.;485;;;33202;816607.44;1076641.12;2013-12-28T00:00:00
1081276;558371;Starý Plzenec;;;;;155152;Starý Plzenec;390127;Riegrova;è.p.;486;;;33202;816513.27;1076424.49;2013-12-28T00:00:00
1081284;558371;Starý Plzenec;;;;;155152;Starý Plzenec;389609;Èelakovského;è.p.;487;;;33202;816689.10;1076530.99;2013-12-28T00:00:00
1081292;558371;Starý Plzenec;;;;;155152;Starý Plzenec;389951;Máchova;è.p.;488;;;33202;816462.41;1076669.66;2013-12-28T00:00:00
1081306;558371;Starý Plzenec;;;;;155152;Starý Plzenec;390097;Podskalí;è.p.;489;;;33202;815628.24;1076831.11;2013-12-01T00:00:00
1081322;558371;Starý Plzenec;;;;;155152;Starý Plzenec;390089;Podhradní;è.p.;491;;;33202;816312.75;1075718.37;2013-12-28T00:00:00
1081331;558371;Starý Plzenec;;;;;155152;Starý Plzenec;390020;Nepomucká;è.p.;492;;;33202;816301.46;1076506.73;2013-12-01T00:00:00
1081349;558371;Starý Plzenec;;;;;155152;Starý Plzenec;390011;Náprstkova;è.p.;493;;;33202;816098.33;1077202.82;2013-12-01T00:00:00
1081357;558371;Starý Plzenec;;;;;155152;Starý Plzenec;390101;Radyòská;è.p.;494;;;33202;816473.39;1076914.06;2013-12-28T00:00:00
1081365;558371;Starý Plzenec;;;;;155152;Starý Plzenec;389714;Havlíèkova;è.p.;495;;;33202;816628.49;1075681.84;2013-12-28T00:00:00
1081373;558371;Starý Plzenec;;;;;155152;Starý Plzenec;389595;Èachna;è.p.;496;;;33202;817112.74;1076485.87;2013-12-28T00:00:00
1081381;558371;Starý Plzenec;;;;;155152;Starý Plzenec;389919;Lipová;è.p.;497;;;33202;817113.54;1076492.31;2013-12-28T00:00:00
1081390;558371;Starý Plzenec;;;;;155152;Starý Plzenec;389919;Lipová;è.p.;498;;;33202;817116.49;1076505.47;2013-12-28T00:00:00
1081403;558371;Starý Plzenec;;;;;155152;Starý Plzenec;389714;Havlíèkova;è.p.;499;;;33202;816692.82;1075487.11;2013-12-28T00:00:00
1081411;558371;Starý Plzenec;;;;;155152;Starý Plzenec;389960;Mánesova;è.p.;500;;;33202;815982.83;1076471.62;2013-12-28T00:00:00
1081420;558371;Starý Plzenec;;;;;155152;Starý Plzenec;390101;Radyòská;è.p.;501;;;33202;816343.60;1077442.98;2013-12-28T00:00:00
1081438;558371;Starý Plzenec;;;;;155152;Starý Plzenec;389692;Haškanova;è.p.;502;;;33202;816126.12;1076036.57;2013-12-28T00:00:00
1081446;558371;Starý Plzenec;;;;;155152;Starý Plzenec;390089;Podhradní;è.p.;503;;;33202;816436.18;1075750.02;2013-12-28T00:00:00
1081454;558371;Starý Plzenec;;;;;155152;Starý Plzenec;390101;Radyòská;è.p.;504;;;33202;816391.08;1076648.38;2013-12-28T00:00:00
1081462;558371;Starý Plzenec;;;;;155152;Starý Plzenec;389722;Hálkova;è.p.;505;;;33202;816362.38;1076939.86;2013-12-01T00:00:00
1081471;558371;Starý Plzenec;;;;;155152;Starý Plzenec;390097;Podskalí;è.p.;506;;;33202;815677.94;1076863.70;2013-12-01T00:00:00
1081489;558371;Starý Plzenec;;;;;155152;Starý Plzenec;389722;Hálkova;è.p.;507;;;33202;816362.80;1076965.17;2013-12-01T00:00:00
1081497;558371;Starý Plzenec;;;;;155152;Starý Plzenec;389960;Mánesova;è.p.;508;;;33202;815996.47;1076495.78;2013-12-28T00:00:00
1081501;558371;Starý Plzenec;;;;;155152;Starý Plzenec;389641;Erbenova;è.p.;509;;;33202;816691.96;1076707.85;2013-12-28T00:00:00
1081519;558371;Starý Plzenec;;;;;155152;Starý Plzenec;389561;Bezruèova;è.p.;510;;;33202;816939.42;1076242.97;2013-12-28T00:00:00
1081527;558371;Starý Plzenec;;;;;155152;Starý Plzenec;389561;Bezruèova;è.p.;511;;;33202;817030.46;1076229.60;2013-12-28T00:00:00
1081535;558371;Starý Plzenec;;;;;155152;Starý Plzenec;389609;Èelakovského;è.p.;512;;;33202;816561.86;1076551.88;2013-12-28T00:00:00
1081543;558371;Starý Plzenec;;;;;155152;Starý Plzenec;389951;Máchova;è.p.;513;;;33202;816830.42;1076601.81;2013-12-28T00:00:00
1081551;558371;Starý Plzenec;;;;;155152;Starý Plzenec;389714;Havlíèkova;è.p.;514;;;33202;816687.94;1075530.62;2013-12-28T00:00:00
1081560;558371;Starý Plzenec;;;;;155152;Starý Plzenec;389561;Bezruèova;è.p.;515;;;33202;817981.94;1076111.80;2013-12-28T00:00:00
1081578;558371;Starý Plzenec;;;;;155152;Starý Plzenec;390097;Podskalí;è.p.;516;;;33202;815582.57;1076797.75;2013-12-01T00:00:00
1081586;558371;Starý Plzenec;;;;;155152;Starý Plzenec;389951;Máchova;è.p.;517;;;33202;816463.21;1076701.23;2013-12-28T00:00:00
1081594;558371;Starý Plzenec;;;;;155152;Starý Plzenec;390224;Tomáškova;è.p.;518;;;33202;816083.76;1077016.29;2013-12-01T00:00:00
1081608;558371;Starý Plzenec;;;;;155152;Starý Plzenec;389561;Bezruèova;è.p.;519;;;33202;816863.85;1076288.44;2013-12-28T00:00:00
1081616;558371;Starý Plzenec;;;;;155152;Starý Plzenec;389587;Brožíkova;è.p.;520;;;33202;815896.23;1076487.90;2013-12-28T00:00:00
1081624;558371;Starý Plzenec;;;;;155152;Starý Plzenec;390097;Podskalí;è.p.;521;;;33202;815600.74;1076811.90;2013-12-01T00:00:00
1081632;558371;Starý Plzenec;;;;;155152;Starý Plzenec;389587;Brožíkova;è.p.;522;;;33202;815909.00;1076504.53;2013-12-28T00:00:00
1081641;558371;Starý Plzenec;;;;;155152;Starý Plzenec;389731;Herejkova;è.p.;523;;;33202;816749.15;1075653.54;2013-12-28T00:00:00
1081659;558371;Starý Plzenec;;;;;155152;Starý Plzenec;389579;Boženy Nìmcové;è.p.;524;;;33202;816357.60;1076830.31;2013-12-01T00:00:00
1081667;558371;Starý Plzenec;;;;;155152;Starý Plzenec;390038;Nerudova;è.p.;525;;;33202;815930.17;1076470.22;2013-12-28T00:00:00
1081675;558371;Starý Plzenec;;;;;155152;Starý Plzenec;390038;Nerudova;è.p.;526;;;33202;815939.09;1076466.89;2013-12-28T00:00:00
1081683;558371;Starý Plzenec;;;;;155152;Starý Plzenec;389561;Bezruèova;è.p.;527;;;33202;817112.75;1076199.71;2013-12-28T00:00:00
1081691;558371;Starý Plzenec;;;;;155152;Starý Plzenec;390097;Podskalí;è.p.;528;;;33202;815687.54;1076868.63;2013-12-01T00:00:00
1081705;558371;Starý Plzenec;;;;;155152;Starý Plzenec;389706;Havlenova;è.p.;529;;;33202;816110.15;1077270.85;2013-12-01T00:00:00
1081713;558371;Starý Plzenec;;;;;155152;Starý Plzenec;389617;Dobrovského;è.p.;530;;;33202;816309.95;1077419.24;2013-12-01T00:00:00
1081721;558371;Starý Plzenec;;;;;155152;Starý Plzenec;389609;Èelakovského;è.p.;531;;;33202;816529.49;1076558.67;2013-12-28T00:00:00
1081730;558371;Starý Plzenec;;;;;155152;Starý Plzenec;389714;Havlíèkova;è.p.;532;;;33202;816681.61;1075555.58;2013-12-28T00:00:00
1081748;558371;Starý Plzenec;;;;;155152;Starý Plzenec;390127;Riegrova;è.p.;533;;;33202;816642.28;1076376.26;2013-12-28T00:00:00
1081756;558371;Starý Plzenec;;;;;155152;Starý Plzenec;390097;Podskalí;è.p.;534;;;33202;815642.39;1076836.69;2013-12-01T00:00:00
1081764;558371;Starý Plzenec;;;;;155152;Starý Plzenec;389587;Brožíkova;è.p.;535;;;33202;815924.57;1076528.16;2013-12-28T00:00:00
1081781;558371;Starý Plzenec;;;;;155152;Starý Plzenec;787264;Na Smetaníku;è.p.;537;;;33202;815914.51;1077809.96;2013-12-01T00:00:00
1081799;558371;Starý Plzenec;;;;;155152;Starý Plzenec;;;è.p.;538;;;33202;817388.28;1078009.73;2013-12-28T00:00:00
1081802;558371;Starý Plzenec;;;;;155152;Starý Plzenec;389668;Habrmanova;è.p.;539;;;33202;816545.95;1076980.80;2013-12-28T00:00:00
1081811;558371;Starý Plzenec;;;;;155152;Starý Plzenec;389706;Havlenova;è.p.;540;;;33202;816107.08;1077293.62;2013-12-01T00:00:00
1081829;558371;Starý Plzenec;;;;;155152;Starý Plzenec;389749;Heydukova;è.p.;541;;;33202;816631.49;1076941.06;2013-12-28T00:00:00
1081837;558371;Starý Plzenec;;;;;155152;Starý Plzenec;390151;Sládkova;è.p.;542;;;33202;816017.82;1076997.97;2013-12-01T00:00:00
1081845;558371;Starý Plzenec;;;;;155152;Starý Plzenec;390062;Pod Hùrkou;è.p.;543;;;33202;815549.90;1075863.58;2013-12-28T00:00:00
1081853;558371;Starý Plzenec;;;;;155152;Starý Plzenec;389552;Baslova;è.p.;545;;;33202;816499.89;1076239.74;2013-12-28T00:00:00
1081861;558371;Starý Plzenec;;;;;155152;Starý Plzenec;390151;Sládkova;è.p.;546;;;33202;816024.44;1076920.13;2013-12-01T00:00:00
1081870;558371;Starý Plzenec;;;;;155152;Starý Plzenec;389561;Bezruèova;è.p.;547;;;33202;817182.18;1076182.39;2013-12-28T00:00:00
1081888;558371;Starý Plzenec;;;;;155152;Starý Plzenec;389897;Kpt. Jaroše;è.p.;548;;;33202;816528.00;1076871.52;2013-12-28T00:00:00
1081896;558371;Starý Plzenec;;;;;155152;Starý Plzenec;390020;Nepomucká;è.p.;549;;;33202;815990.58;1076624.09;2013-12-01T00:00:00
1081900;558371;Starý Plzenec;;;;;155152;Starý Plzenec;390151;Sládkova;è.p.;550;;;33202;816074.14;1076715.74;2013-12-01T00:00:00
1081918;558371;Starý Plzenec;;;;;155152;Starý Plzenec;389951;Máchova;è.p.;551;;;33202;816662.68;1076666.97;2013-12-28T00:00:00
1081926;558371;Starý Plzenec;;;;;155152;Starý Plzenec;389633;Elišky Krásnohorské;è.p.;552;;;33202;816317.12;1077260.70;2013-12-01T00:00:00
1081934;558371;Starý Plzenec;;;;;155152;Starý Plzenec;389951;Máchova;è.p.;553;;;33202;816668.92;1076666.46;2013-12-28T00:00:00
1081942;558371;Starý Plzenec;;;;;155152;Starý Plzenec;389749;Heydukova;è.p.;554;;;33202;816624.62;1076757.27;2013-12-28T00:00:00
1081951;558371;Starý Plzenec;;;;;155152;Starý Plzenec;389633;Elišky Krásnohorské;è.p.;555;;;33202;816279.60;1077257.87;2013-12-01T00:00:00
1081969;558371;Starý Plzenec;;;;;155152;Starý Plzenec;389676;Gorkého;è.p.;556;;;33202;816157.56;1076759.07;2013-12-01T00:00:00
1081977;558371;Starý Plzenec;;;;;155152;Starý Plzenec;389668;Habrmanova;è.p.;557;;;33202;816542.26;1076961.18;2013-12-28T00:00:00
1081985;558371;Starý Plzenec;;;;;155152;Starý Plzenec;389561;Bezruèova;è.p.;558;;;33202;817076.53;1076209.73;2013-12-28T00:00:00
1081993;558371;Starý Plzenec;;;;;155152;Starý Plzenec;389561;Bezruèova;è.p.;559;;;33202;816890.42;1076286.97;2013-12-28T00:00:00
1082001;558371;Starý Plzenec;;;;;155152;Starý Plzenec;389676;Gorkého;è.p.;560;;;33202;816174.62;1076792.31;2013-12-01T00:00:00
1082019;558371;Starý Plzenec;;;;;155152;Starý Plzenec;389641;Erbenova;è.p.;561;;;33202;816715.00;1076787.08;2013-12-28T00:00:00
1082027;558371;Starý Plzenec;;;;;155152;Starý Plzenec;389935;Luèní;è.p.;562;;;33202;816893.09;1076168.54;2013-12-28T00:00:00
1082035;558371;Starý Plzenec;;;;;155152;Starý Plzenec;389561;Bezruèova;è.p.;563;;;33202;816966.49;1076259.72;2013-12-28T00:00:00
1082043;558371;Starý Plzenec;;;;;155152;Starý Plzenec;662798;Modøínová;è.p.;564;;;33202;816678.85;1077220.92;2013-12-28T00:00:00
1082051;558371;Starý Plzenec;;;;;155152;Starý Plzenec;389935;Luèní;è.p.;565;;;33202;816888.28;1076178.64;2013-12-28T00:00:00
1082060;558371;Starý Plzenec;;;;;155152;Starý Plzenec;390089;Podhradní;è.p.;566;;;33202;815858.10;1075702.65;2013-12-28T00:00:00
1082078;558371;Starý Plzenec;;;;;155152;Starý Plzenec;389676;Gorkého;è.p.;567;;;33202;816103.53;1076806.17;2013-12-01T00:00:00
1082086;558371;Starý Plzenec;;;;;155152;Starý Plzenec;389676;Gorkého;è.p.;568;;;33202;816127.57;1076771.89;2013-12-01T00:00:00
1082094;558371;Starý Plzenec;;;;;155152;Starý Plzenec;389641;Erbenova;è.p.;569;;;33202;816702.91;1076744.41;2013-12-28T00:00:00
1082108;558371;Starý Plzenec;;;;;155152;Starý Plzenec;389676;Gorkého;è.p.;570;;;33202;816145.51;1076770.35;2013-12-01T00:00:00
1082116;558371;Starý Plzenec;;;;;155152;Starý Plzenec;390151;Sládkova;è.p.;571;;;33202;816025.42;1076905.57;2013-12-01T00:00:00
1082124;558371;Starý Plzenec;;;;;155152;Starý Plzenec;389579;Boženy Nìmcové;è.p.;572;;;33202;816128.16;1076845.07;2013-12-01T00:00:00
1082132;558371;Starý Plzenec;;;;;155152;Starý Plzenec;390151;Sládkova;è.p.;573;;;33202;816069.91;1076784.46;2013-12-01T00:00:00
1082141;558371;Starý Plzenec;;;;;155152;Starý Plzenec;389676;Gorkého;è.p.;574;;;33202;816098.10;1076778.30;2013-12-01T00:00:00
1082159;558371;Starý Plzenec;;;;;155152;Starý Plzenec;662798;Modøínová;è.p.;575;;;33202;816670.45;1077184.24;2013-12-28T00:00:00
1082167;558371;Starý Plzenec;;;;;155152;Starý Plzenec;390151;Sládkova;è.p.;576;;;33202;816069.40;1076762.53;2013-12-01T00:00:00
1082175;558371;Starý Plzenec;;;;;155152;Starý Plzenec;389641;Erbenova;è.p.;577;;;33202;816686.62;1076691.42;2013-12-28T00:00:00
1082183;558371;Starý Plzenec;;;;;155152;Starý Plzenec;390151;Sládkova;è.p.;578;;;33202;816022.24;1076949.28;2013-12-01T00:00:00
1082191;558371;Starý Plzenec;;;;;155152;Starý Plzenec;389641;Erbenova;è.p.;579;;;33202;816720.73;1076800.96;2013-12-28T00:00:00
1082205;558371;Starý Plzenec;;;;;155152;Starý Plzenec;389897;Kpt. Jaroše;è.p.;580;;;33202;816708.77;1076839.81;2013-12-28T00:00:00
1082213;558371;Starý Plzenec;;;;;155152;Starý Plzenec;389676;Gorkého;è.p.;581;;;33202;816171.91;1076765.10;2013-12-01T00:00:00
1082221;558371;Starý Plzenec;;;;;155152;Starý Plzenec;389749;Heydukova;è.p.;582;;;33202;816630.48;1076782.75;2013-12-28T00:00:00
1082230;558371;Starý Plzenec;;;;;155152;Starý Plzenec;390224;Tomáškova;è.p.;583;;;33202;816089.36;1076972.37;2013-12-01T00:00:00
1082248;558371;Starý Plzenec;;;;;155152;Starý Plzenec;390224;Tomáškova;è.p.;584;;;33202;816097.10;1076971.68;2013-12-01T00:00:00
1082256;558371;Starý Plzenec;;;;;155152;Starý Plzenec;390089;Podhradní;è.p.;585;;;33202;816375.01;1075672.73;2013-12-28T00:00:00
1082264;558371;Starý Plzenec;;;;;155152;Starý Plzenec;389561;Bezruèova;è.p.;586;;;33202;817167.56;1076186.04;2013-12-28T00:00:00
1082272;558371;Starý Plzenec;;;;;155152;Starý Plzenec;389749;Heydukova;è.p.;587;;;33202;816621.70;1076738.68;2013-12-28T00:00:00
1082281;558371;Starý Plzenec;;;;;155152;Starý Plzenec;389609;Èelakovského;è.p.;588;;;33202;816759.76;1076482.84;2013-12-28T00:00:00
1082299;558371;Starý Plzenec;;;;;155152;Starý Plzenec;389862;Kollárova;è.p.;589;;;33202;816041.12;1077081.58;2013-12-01T00:00:00
1082302;558371;Starý Plzenec;;;;;155152;Starý Plzenec;389749;Heydukova;è.p.;590;;;33202;816666.12;1077137.24;2013-12-28T00:00:00
1082311;558371;Starý Plzenec;;;;;155152;Starý Plzenec;390097;Podskalí;è.p.;591;;;33202;815657.83;1076849.28;2013-12-01T00:00:00
1082329;558371;Starý Plzenec;;;;;155152;Starý Plzenec;389935;Luèní;è.p.;592;;;33202;816927.92;1076103.16;2013-12-28T00:00:00
1082337;558371;Starý Plzenec;;;;;155152;Starý Plzenec;390089;Podhradní;è.p.;593;;;33202;816358.22;1075675.53;2013-12-28T00:00:00
1082345;558371;Starý Plzenec;;;;;155152;Starý Plzenec;389706;Havlenova;è.p.;595;;;33202;816152.77;1077186.34;2013-12-01T00:00:00
1082353;558371;Starý Plzenec;;;;;155152;Starý Plzenec;787264;Na Smetaníku;è.p.;596;;;33202;815823.50;1077796.69;2013-12-01T00:00:00
1082361;558371;Starý Plzenec;;;;;155152;Starý Plzenec;389641;Erbenova;è.p.;597;;;33202;816718.82;1076696.67;2013-12-28T00:00:00
1082370;558371;Starý Plzenec;;;;;155152;Starý Plzenec;389901;Dr. Beneše;è.p.;598;;;33202;816138.98;1076688.04;2013-12-01T00:00:00
1082388;558371;Starý Plzenec;;;;;155152;Starý Plzenec;389706;Havlenova;è.p.;599;;;33202;816145.97;1077240.90;2013-12-01T00:00:00
1082396;558371;Starý Plzenec;;;;;155152;Starý Plzenec;389749;Heydukova;è.p.;600;;;33202;816626.66;1076921.96;2013-12-28T00:00:00
1082400;558371;Starý Plzenec;;;;;155152;Starý Plzenec;389684;Rašínova;è.p.;601;;;33202;816079.57;1076382.22;2013-12-28T00:00:00
1082418;558371;Starý Plzenec;;;;;155152;Starý Plzenec;389897;Kpt. Jaroše;è.p.;602;;;33202;816642.83;1076850.12;2013-12-28T00:00:00
1082426;558371;Starý Plzenec;;;;;155152;Starý Plzenec;389871;Komenského;è.p.;603;;;33202;816574.67;1075722.04;2013-12-28T00:00:00
1082434;558371;Starý Plzenec;;;;;155152;Starý Plzenec;389641;Erbenova;è.p.;604;;;33202;816697.31;1076726.20;2013-12-28T00:00:00
1082442;558371;Starý Plzenec;;;;;155152;Starý Plzenec;389641;Erbenova;è.p.;605;;;33202;816724.81;1076717.04;2013-12-28T00:00:00
1082451;558371;Starý Plzenec;;;;;155152;Starý Plzenec;389951;Máchova;è.p.;606;;;33202;816741.23;1076652.47;2013-12-28T00:00:00
1082469;558371;Starý Plzenec;;;;;155152;Starý Plzenec;390038;Nerudova;è.p.;607;;;33202;816027.62;1076445.06;2013-12-28T00:00:00
1082477;558371;Starý Plzenec;;;;;155152;Starý Plzenec;389919;Lipová;è.p.;608;;;33202;817100.79;1076418.65;2013-12-28T00:00:00
1082485;558371;Starý Plzenec;;;;;155152;Starý Plzenec;389749;Heydukova;è.p.;609;;;33202;816642.44;1077007.04;2013-12-28T00:00:00
1082493;558371;Starý Plzenec;;;;;155152;Starý Plzenec;390151;Sládkova;è.p.;610;;;33202;816015.19;1077015.26;2013-12-01T00:00:00
1082507;558371;Starý Plzenec;;;;;155152;Starý Plzenec;389749;Heydukova;è.p.;611;;;33202;816659.76;1077100.44;2013-12-28T00:00:00
1082515;558371;Starý Plzenec;;;;;155152;Starý Plzenec;389749;Heydukova;è.p.;612;;;33202;816658.99;1077092.55;2013-12-28T00:00:00
1082523;558371;Starý Plzenec;;;;;155152;Starý Plzenec;389951;Máchova;è.p.;613;;;33202;816802.84;1076642.53;2013-12-28T00:00:00
1082531;558371;Starý Plzenec;;;;;155152;Starý Plzenec;389897;Kpt. Jaroše;è.p.;614;;;33202;816684.71;1076840.95;2013-12-28T00:00:00
1082540;558371;Starý Plzenec;;;;;155152;Starý Plzenec;389706;Havlenova;è.p.;615;;;33202;816151.38;1077192.77;2013-12-01T00:00:00
1082558;558371;Starý Plzenec;;;;;155152;Starý Plzenec;389901;Dr. Beneše;è.p.;616;;;33202;816325.00;1076613.99;2013-12-01T00:00:00
1082566;558371;Starý Plzenec;;;;;155152;Starý Plzenec;389731;Herejkova;è.p.;617;;;33202;816708.04;1075610.05;2013-12-28T00:00:00
1082574;558371;Starý Plzenec;;;;;155152;Starý Plzenec;389749;Heydukova;è.p.;618;;;33202;816652.76;1077065.67;2013-12-28T00:00:00
1082582;558371;Starý Plzenec;;;;;155152;Starý Plzenec;389749;Heydukova;è.p.;619;;;33202;816653.26;1077059.56;2013-12-28T00:00:00
1082591;558371;Starý Plzenec;;;;;155152;Starý Plzenec;389641;Erbenova;è.p.;620;;;33202;816699.23;1076596.62;2013-12-28T00:00:00
1082604;558371;Starý Plzenec;;;;;155152;Starý Plzenec;389617;Dobrovského;è.p.;621;;;33202;816309.95;1077390.61;2013-12-01T00:00:00
1082612;558371;Starý Plzenec;;;;;155152;Starý Plzenec;389722;Hálkova;è.p.;622;;;33202;816284.54;1076592.76;2013-12-01T00:00:00
1082621;558371;Starý Plzenec;;;;;155152;Starý Plzenec;390160;Smetanova;è.p.;623;;;33202;816348.29;1076234.31;2013-12-28T00:00:00
1082639;558371;Starý Plzenec;;;;;155152;Starý Plzenec;389706;Havlenova;è.p.;624;;;33202;816154.03;1077172.51;2013-12-01T00:00:00
1082647;558371;Starý Plzenec;;;;;155152;Starý Plzenec;389706;Havlenova;è.p.;625;;;33202;816152.77;1077179.36;2013-12-01T00:00:00
1082655;558371;Starý Plzenec;;;;;155152;Starý Plzenec;389749;Heydukova;è.p.;626;;;33202;816587.68;1076550.15;2013-12-28T00:00:00
1082663;558371;Starý Plzenec;;;;;155152;Starý Plzenec;390305;Žižkova;è.p.;627;;;33202;816605.27;1076290.30;2013-12-28T00:00:00
1082671;558371;Starý Plzenec;;;;;155152;Starý Plzenec;390160;Smetanova;è.p.;628;;;33202;815875.93;1076461.82;2013-12-28T00:00:00
1082680;558371;Starý Plzenec;;;;;155152;Starý Plzenec;389579;Boženy Nìmcové;è.p.;629;;;33202;816108.15;1076845.72;2013-12-01T00:00:00
1082698;558371;Starý Plzenec;;;;;155152;Starý Plzenec;390101;Radyòská;è.p.;630;;;33202;816401.08;1076473.36;2013-12-28T00:00:00
1082701;558371;Starý Plzenec;;;;;155152;Starý Plzenec;389951;Máchova;è.p.;631;;;33202;816823.46;1076640.62;2013-12-28T00:00:00
1082710;558371;Starý Plzenec;;;;;155152;Starý Plzenec;389579;Boženy Nìmcové;è.p.;632;;;33202;816158.70;1076845.97;2013-12-01T00:00:00
1082728;558371;Starý Plzenec;;;;;155152;Starý Plzenec;390283;Vrchlického;è.p.;633;;;33202;816221.64;1076123.39;2013-12-28T00:00:00
1082736;558371;Starý Plzenec;;;;;155152;Starý Plzenec;390101;Radyòská;è.p.;634;;;33202;816465.88;1077061.71;2013-12-28T00:00:00
1082744;558371;Starý Plzenec;;;;;155152;Starý Plzenec;389633;Elišky Krásnohorské;è.p.;635;;;33202;816372.12;1077244.24;2013-12-01T00:00:00
1082752;558371;Starý Plzenec;;;;;155152;Starý Plzenec;389676;Gorkého;è.p.;636;;;33202;816114.50;1076774.33;2013-12-01T00:00:00
1082761;558371;Starý Plzenec;;;;;155152;Starý Plzenec;389641;Erbenova;è.p.;637;;;33202;816697.50;1076559.05;2013-12-28T00:00:00
1082779;558371;Starý Plzenec;;;;;155152;Starý Plzenec;787264;Na Smetaníku;è.p.;638;;;33202;815819.81;1077873.68;2013-12-01T00:00:00
1082795;558371;Starý Plzenec;;;;;155152;Starý Plzenec;390283;Vrchlického;è.p.;640;;;33202;816185.95;1076135.82;2013-12-28T00:00:00
1082809;558371;Starý Plzenec;;;;;155152;Starý Plzenec;389641;Erbenova;è.p.;642;;;33202;816729.13;1076735.36;2013-12-28T00:00:00
1082817;558371;Starý Plzenec;;;;;155152;Starý Plzenec;390291;Výrovna;è.p.;643;;;33202;816266.01;1077581.18;2013-12-01T00:00:00
1082825;558371;Starý Plzenec;;;;;155152;Starý Plzenec;389935;Luèní;è.p.;644;;;33202;816900.17;1076150.40;2013-12-28T00:00:00
1082833;558371;Starý Plzenec;;;;;155152;Starý Plzenec;390151;Sládkova;è.p.;645;;;33202;815991.22;1077142.85;2013-12-01T00:00:00
1082841;558371;Starý Plzenec;;;;;155152;Starý Plzenec;389731;Herejkova;è.p.;646;;;33202;817135.86;1075393.86;2013-12-28T00:00:00
1082850;558371;Starý Plzenec;;;;;155152;Starý Plzenec;390151;Sládkova;è.p.;647;;;33202;815997.16;1077105.65;2013-12-01T00:00:00
1082868;558371;Starý Plzenec;;;;;155152;Starý Plzenec;389609;Èelakovského;è.p.;648;;;33202;816631.78;1076507.31;2013-12-28T00:00:00
1082876;558371;Starý Plzenec;;;;;155152;Starý Plzenec;389919;Lipová;è.p.;649;;;33202;817104.82;1076445.09;2013-12-28T00:00:00
1082884;558371;Starý Plzenec;;;;;155152;Starý Plzenec;389951;Máchova;è.p.;650;;;33202;816771.02;1076646.61;2013-12-28T00:00:00
1082892;558371;Starý Plzenec;;;;;155152;Starý Plzenec;389561;Bezruèova;è.p.;651;;;33202;817091.16;1076174.77;2013-12-28T00:00:00
1082906;558371;Starý Plzenec;;;;;155152;Starý Plzenec;389561;Bezruèova;è.p.;652;;;33202;817062.85;1076185.51;2013-12-28T00:00:00
1082914;558371;Starý Plzenec;;;;;155152;Starý Plzenec;389561;Bezruèova;è.p.;653;;;33202;817069.42;1076182.56;2013-12-28T00:00:00
1082922;558371;Starý Plzenec;;;;;155152;Starý Plzenec;389561;Bezruèova;è.p.;654;;;33202;817085.12;1076177.06;2013-12-28T00:00:00
1082931;558371;Starý Plzenec;;;;;155152;Starý Plzenec;390151;Sládkova;è.p.;655;;;33202;815993.29;1077125.70;2013-12-01T00:00:00
1082949;558371;Starý Plzenec;;;;;155152;Starý Plzenec;389544;Andrejšky;è.p.;656;;;33202;817221.68;1076891.80;2015-09-23T00:00:00
1082957;558371;Starý Plzenec;;;;;155152;Starý Plzenec;787264;Na Smetaníku;è.p.;657;;;33202;815973.43;1077909.84;2019-02-26T00:00:00
1082965;558371;Starý Plzenec;;;;;155152;Starý Plzenec;390291;Výrovna;è.p.;658;;;33202;816195.10;1077576.98;2013-12-01T00:00:00
1082981;558371;Starý Plzenec;;;;;155152;Starý Plzenec;389927;Ke Høišti;è.p.;660;;;33202;816741.10;1076687.24;2013-12-28T00:00:00
1083007;558371;Starý Plzenec;;;;;155152;Starý Plzenec;389641;Erbenova;è.p.;662;;;33202;816640.92;1076452.28;2013-12-28T00:00:00
1083015;558371;Starý Plzenec;;;;;155152;Starý Plzenec;389641;Erbenova;è.p.;663;;;33202;816709.53;1076773.32;2013-12-28T00:00:00
1083023;558371;Starý Plzenec;;;;;155152;Starý Plzenec;389749;Heydukova;è.p.;664;;;33202;816598.02;1076753.83;2013-12-28T00:00:00
1083040;558371;Starý Plzenec;;;;;155152;Starý Plzenec;389765;Hradištì Plzeòského;è.p.;667;;;33202;816492.51;1075720.71;2013-12-28T00:00:00
1083058;558371;Starý Plzenec;;;;;155152;Starý Plzenec;389676;Gorkého;è.p.;668;;;33202;816404.82;1076720.02;2013-12-01T00:00:00
1083066;558371;Starý Plzenec;;;;;155152;Starý Plzenec;389749;Heydukova;è.p.;669;;;33202;816572.98;1076602.43;2013-12-28T00:00:00
1083074;558371;Starý Plzenec;;;;;155152;Starý Plzenec;389951;Máchova;è.p.;670;;;33202;817004.12;1076575.36;2013-12-28T00:00:00
1083082;558371;Starý Plzenec;;;;;155152;Starý Plzenec;389706;Havlenova;è.p.;671;;;33202;816162.13;1077203.80;2013-12-01T00:00:00
1083091;558371;Starý Plzenec;;;;;155152;Starý Plzenec;389641;Erbenova;è.p.;672;;;33202;816726.97;1076836.11;2013-12-28T00:00:00
1083104;558371;Starý Plzenec;;;;;155152;Starý Plzenec;389901;Dr. Beneše;è.p.;673;;;33202;816119.76;1076659.18;2013-12-01T00:00:00
1083112;558371;Starý Plzenec;;;;;155152;Starý Plzenec;389897;Kpt. Jaroše;è.p.;674;;;33202;816570.26;1076878.40;2013-12-28T00:00:00
1083121;558371;Starý Plzenec;;;;;155152;Starý Plzenec;390097;Podskalí;è.p.;675;;;33202;815551.17;1076895.90;2013-12-01T00:00:00
1083139;558371;Starý Plzenec;;;;;155152;Starý Plzenec;389579;Boženy Nìmcové;è.p.;676;;;33202;816130.28;1076879.28;2013-12-01T00:00:00
1083147;558371;Starý Plzenec;;;;;155152;Starý Plzenec;389978;Mikoláše Alše;è.p.;677;;;33202;815938.61;1076803.96;2013-12-01T00:00:00
1083155;558371;Starý Plzenec;;;;;155152;Starý Plzenec;389978;Mikoláše Alše;è.p.;678;;;33202;815960.81;1076811.27;2013-12-01T00:00:00
1083163;558371;Starý Plzenec;;;;;155152;Starý Plzenec;389731;Herejkova;è.p.;679;;;33202;816742.06;1075658.00;2013-12-28T00:00:00
1083171;558371;Starý Plzenec;;;;;155152;Starý Plzenec;787264;Na Smetaníku;è.p.;680;;;33202;815973.45;1077921.93;2013-12-01T00:00:00
1083180;558371;Starý Plzenec;;;;;155152;Starý Plzenec;390135;Samota;è.p.;681;;;33202;819417.82;1075236.34;2013-12-28T00:00:00
1083198;558371;Starý Plzenec;;;;;155152;Starý Plzenec;389722;Hálkova;è.p.;682;;;33202;816268.78;1076564.17;2013-12-01T00:00:00
1083201;558371;Starý Plzenec;;;;;155152;Starý Plzenec;390151;Sládkova;è.p.;683;;;33202;816033.47;1076799.75;2013-12-01T00:00:00
1083210;558371;Starý Plzenec;;;;;155152;Starý Plzenec;389579;Boženy Nìmcové;è.p.;684;;;33202;816184.05;1076880.11;2013-12-01T00:00:00
1083228;558371;Starý Plzenec;;;;;155152;Starý Plzenec;390089;Podhradní;è.p.;685;;;33202;816186.25;1075707.47;2013-12-28T00:00:00
1083236;558371;Starý Plzenec;;;;;155152;Starý Plzenec;389676;Gorkého;è.p.;686;;;33202;816222.48;1076785.37;2013-12-01T00:00:00
1083244;558371;Starý Plzenec;;;;;155152;Starý Plzenec;389676;Gorkého;è.p.;687;;;33202;816136.38;1076801.94;2013-12-01T00:00:00
1083252;558371;Starý Plzenec;;;;;155152;Starý Plzenec;389722;Hálkova;è.p.;688;;;33202;816306.91;1076761.11;2013-12-01T00:00:00
1083261;558371;Starý Plzenec;;;;;155152;Starý Plzenec;389595;Èachna;è.p.;689;;;33202;817018.94;1076570.67;2013-12-28T00:00:00
1083279;558371;Starý Plzenec;;;;;155152;Starý Plzenec;390097;Podskalí;è.p.;690;;;33202;815543.78;1076864.35;2013-12-01T00:00:00
1083287;558371;Starý Plzenec;;;;;155152;Starý Plzenec;389781;Jetelová;è.p.;692;;;33202;817012.15;1076538.28;2013-12-28T00:00:00
1083295;558371;Starý Plzenec;;;;;155152;Starý Plzenec;389731;Herejkova;è.p.;693;;;33202;816750.85;1075608.53;2013-12-28T00:00:00
1083317;558371;Starý Plzenec;;;;;155152;Starý Plzenec;389706;Havlenova;è.p.;695;;;33202;816146.77;1077226.01;2013-12-01T00:00:00
1083325;558371;Starý Plzenec;;;;;155152;Starý Plzenec;390151;Sládkova;è.p.;696;;;33202;816003.18;1077074.32;2013-12-01T00:00:00
1083333;558371;Starý Plzenec;;;;;155152;Starý Plzenec;390135;Samota;è.p.;697;;;33202;819273.20;1075772.12;2013-12-28T00:00:00
1083341;558371;Starý Plzenec;;;;;155152;Starý Plzenec;389901;Dr. Beneše;è.p.;698;;;33202;816085.74;1076666.27;2013-12-01T00:00:00
1083350;558371;Starý Plzenec;;;;;155152;Starý Plzenec;389731;Herejkova;è.p.;699;;;33202;816925.04;1075530.61;2013-12-28T00:00:00
1083368;558371;Starý Plzenec;;;;;155152;Starý Plzenec;389901;Dr. Beneše;è.p.;700;;;33202;816119.12;1076695.61;2013-12-01T00:00:00
1083376;558371;Starý Plzenec;;;;;155152;Starý Plzenec;389978;Mikoláše Alše;è.p.;701;;;33202;815879.86;1076997.44;2013-12-01T00:00:00
1083384;558371;Starý Plzenec;;;;;155152;Starý Plzenec;389978;Mikoláše Alše;è.p.;702;;;33202;815876.68;1077006.98;2013-12-01T00:00:00
1083392;558371;Starý Plzenec;;;;;155152;Starý Plzenec;389978;Mikoláše Alše;è.p.;703;;;33202;815866.87;1077037.28;2013-12-01T00:00:00
1083406;558371;Starý Plzenec;;;;;155152;Starý Plzenec;389978;Mikoláše Alše;è.p.;704;;;33202;815863.97;1077047.51;2013-12-01T00:00:00
1083414;558371;Starý Plzenec;;;;;155152;Starý Plzenec;389978;Mikoláše Alše;è.p.;705;;;33202;815862.17;1077077.37;2013-12-01T00:00:00
1083422;558371;Starý Plzenec;;;;;155152;Starý Plzenec;389978;Mikoláše Alše;è.p.;706;;;33202;815859.68;1077082.90;2013-12-01T00:00:00
1083431;558371;Starý Plzenec;;;;;155152;Starý Plzenec;389978;Mikoláše Alše;è.p.;707;;;33202;815862.45;1077116.51;2013-12-01T00:00:00
1083449;558371;Starý Plzenec;;;;;155152;Starý Plzenec;389978;Mikoláše Alše;è.p.;708;;;33202;815860.79;1077122.19;2013-12-01T00:00:00
1083457;558371;Starý Plzenec;;;;;155152;Starý Plzenec;389978;Mikoláše Alše;è.p.;709;;;33202;815858.99;1077154.97;2013-12-01T00:00:00
1083465;558371;Starý Plzenec;;;;;155152;Starý Plzenec;389978;Mikoláše Alše;è.p.;710;;;33202;815857.05;1077162.16;2013-12-01T00:00:00
1083473;558371;Starý Plzenec;;;;;155152;Starý Plzenec;389978;Mikoláše Alše;è.p.;711;;;33202;815821.11;1077080.83;2013-12-01T00:00:00
1083481;558371;Starý Plzenec;;;;;155152;Starý Plzenec;389978;Mikoláše Alše;è.p.;712;;;33202;815817.52;1077089.96;2013-12-01T00:00:00
1083490;558371;Starý Plzenec;;;;;155152;Starý Plzenec;389978;Mikoláše Alše;è.p.;713;;;33202;815824.01;1077123.43;2013-12-01T00:00:00
1083503;558371;Starý Plzenec;;;;;155152;Starý Plzenec;389978;Mikoláše Alše;è.p.;714;;;33202;815821.11;1077129.93;2013-12-01T00:00:00
1083511;558371;Starý Plzenec;;;;;155152;Starý Plzenec;389978;Mikoláše Alše;è.p.;715;;;33202;815823.88;1077029.10;2013-12-01T00:00:00
1083520;558371;Starý Plzenec;;;;;155152;Starý Plzenec;389978;Mikoláše Alše;è.p.;716;;;33202;815821.53;1077038.50;2013-12-01T00:00:00
1083538;558371;Starý Plzenec;;;;;155152;Starý Plzenec;389978;Mikoláše Alše;è.p.;717;;;33202;815841.71;1076990.23;2013-12-01T00:00:00
1083546;558371;Starý Plzenec;;;;;155152;Starý Plzenec;389978;Mikoláše Alše;è.p.;718;;;33202;815839.64;1076997.01;2013-12-01T00:00:00
1083554;558371;Starý Plzenec;;;;;155152;Starý Plzenec;389935;Luèní;è.p.;719;;;33202;816938.13;1076086.34;2013-12-28T00:00:00
1083562;558371;Starý Plzenec;;;;;155152;Starý Plzenec;389731;Herejkova;è.p.;720;;;33202;816946.70;1075514.01;2013-12-28T00:00:00
1083571;558371;Starý Plzenec;;;;;155152;Starý Plzenec;390097;Podskalí;è.p.;721;;;33202;815658.22;1077042.85;2013-12-01T00:00:00
1083589;558371;Starý Plzenec;;;;;155152;Starý Plzenec;389722;Hálkova;è.p.;722;;;33202;816325.61;1076972.09;2013-12-01T00:00:00
1083597;558371;Starý Plzenec;;;;;155152;Starý Plzenec;389625;Dvoøákova;è.p.;723;;;33202;816734.56;1076391.01;2013-12-28T00:00:00
1083601;558371;Starý Plzenec;;;;;155152;Starý Plzenec;390054;Pionýrù;è.p.;724;;;33202;816918.41;1076671.37;2013-12-28T00:00:00
1083627;558371;Starý Plzenec;;;;;155152;Starý Plzenec;389544;Andrejšky;è.p.;726;;;33202;817531.84;1076888.92;2013-12-28T00:00:00
1083635;558371;Starý Plzenec;;;;;155152;Starý Plzenec;389803;Jungmannova;è.p.;727;;;33202;816746.67;1076323.16;2013-12-28T00:00:00
1083643;558371;Starý Plzenec;;;;;155152;Starý Plzenec;389731;Herejkova;è.p.;728;;;33202;816715.62;1075619.16;2013-12-28T00:00:00
1083651;558371;Starý Plzenec;;;;;155152;Starý Plzenec;389625;Dvoøákova;è.p.;729;;;33202;816687.74;1076388.91;2013-12-28T00:00:00
1083660;558371;Starý Plzenec;;;;;155152;Starý Plzenec;389803;Jungmannova;è.p.;730;;;33202;816826.97;1076472.71;2013-12-28T00:00:00
1083678;558371;Starý Plzenec;;;;;155152;Starý Plzenec;389803;Jungmannova;è.p.;731;;;33202;816771.50;1076391.88;2013-12-28T00:00:00
1083686;558371;Starý Plzenec;;;;;155152;Starý Plzenec;390097;Podskalí;è.p.;732;;;33202;815551.56;1076914.59;2013-12-01T00:00:00
1083694;558371;Starý Plzenec;;;;;155152;Starý Plzenec;389803;Jungmannova;è.p.;733;;;33202;816765.94;1076349.48;2013-12-28T00:00:00
1083708;558371;Starý Plzenec;;;;;155152;Starý Plzenec;389625;Dvoøákova;è.p.;734;;;33202;816708.00;1076389.41;2013-12-28T00:00:00
1083716;558371;Starý Plzenec;;;;;155152;Starý Plzenec;389935;Luèní;è.p.;735;;;33202;816952.07;1076113.74;2013-12-28T00:00:00
1083724;558371;Starý Plzenec;;;;;155152;Starý Plzenec;389986;Na Klínu;è.p.;736;;;33202;817181.38;1076274.74;2013-12-28T00:00:00
1083732;558371;Starý Plzenec;;;;;155152;Starý Plzenec;389561;Bezruèova;è.p.;737;;;33202;817047.46;1076224.67;2013-12-28T00:00:00
1083741;558371;Starý Plzenec;;;;;155152;Starý Plzenec;389790;Jiráskova;è.p.;738;;;33202;816096.44;1076144.75;2013-12-28T00:00:00
1083759;558371;Starý Plzenec;;;;;155152;Starý Plzenec;390038;Nerudova;è.p.;739;;;33202;816267.11;1076334.52;2013-12-28T00:00:00
1083767;558371;Starý Plzenec;;;;;155152;Starý Plzenec;390038;Nerudova;è.p.;740;;;33202;816240.87;1076339.07;2013-12-28T00:00:00
1083775;558371;Starý Plzenec;;;;;155152;Starý Plzenec;390097;Podskalí;è.p.;741;;;33202;815602.42;1076980.14;2013-12-01T00:00:00
1083783;558371;Starý Plzenec;;;;;155152;Starý Plzenec;389722;Hálkova;è.p.;742;;;33202;816254.68;1076522.12;2013-12-01T00:00:00
1083791;558371;Starý Plzenec;;;;;155152;Starý Plzenec;390071;Pod tratí;è.p.;743;;;33202;815613.19;1077038.82;2013-12-01T00:00:00
1083805;558371;Starý Plzenec;;;;;155152;Starý Plzenec;389846;U Sedlce;è.p.;744;;;33202;815531.97;1077208.93;2013-12-01T00:00:00
1083813;558371;Starý Plzenec;;;;;155152;Starý Plzenec;389846;U Sedlce;è.p.;745;;;33202;815530.57;1077213.98;2013-12-01T00:00:00
1083821;558371;Starý Plzenec;;;;;155152;Starý Plzenec;389846;U Sedlce;è.p.;746;;;33202;815526.64;1077240.07;2013-12-01T00:00:00
1083830;558371;Starý Plzenec;;;;;155152;Starý Plzenec;389846;U Sedlce;è.p.;747;;;33202;815525.38;1077245.82;2013-12-01T00:00:00
1083848;558371;Starý Plzenec;;;;;155152;Starý Plzenec;389846;U Sedlce;è.p.;748;;;33202;815521.03;1077277.94;2013-12-01T00:00:00
1083856;558371;Starý Plzenec;;;;;155152;Starý Plzenec;389846;U Sedlce;è.p.;749;;;33202;815519.77;1077282.57;2013-12-01T00:00:00
1083864;558371;Starý Plzenec;;;;;155152;Starý Plzenec;389846;U Sedlce;è.p.;750;;;33202;815554.96;1077212.29;2013-12-01T00:00:00
1083872;558371;Starý Plzenec;;;;;155152;Starý Plzenec;389846;U Sedlce;è.p.;751;;;33202;815553.56;1077218.61;2013-12-01T00:00:00
1083881;558371;Starý Plzenec;;;;;155152;Starý Plzenec;389846;U Sedlce;è.p.;752;;;33202;815550.05;1077243.71;2013-12-01T00:00:00
1083899;558371;Starý Plzenec;;;;;155152;Starý Plzenec;389846;U Sedlce;è.p.;753;;;33202;815548.51;1077248.90;2013-12-01T00:00:00
1083902;558371;Starý Plzenec;;;;;155152;Starý Plzenec;389846;U Sedlce;è.p.;754;;;33202;815543.18;1077281.30;2013-12-01T00:00:00
1083911;558371;Starý Plzenec;;;;;155152;Starý Plzenec;389846;U Sedlce;è.p.;755;;;33202;815543.88;1077287.76;2013-12-01T00:00:00
1083929;558371;Starý Plzenec;;;;;155152;Starý Plzenec;389951;Máchova;è.p.;756;;;33202;816914.06;1076588.96;2013-12-28T00:00:00
1083937;558371;Starý Plzenec;;;;;155152;Starý Plzenec;389722;Hálkova;è.p.;757;;;33202;816330.52;1077110.76;2013-12-01T00:00:00
1083945;558371;Starý Plzenec;;;;;155152;Starý Plzenec;389803;Jungmannova;è.p.;758;;;33202;816848.96;1076547.80;2013-12-28T00:00:00
1083953;558371;Starý Plzenec;;;;;155152;Starý Plzenec;389625;Dvoøákova;è.p.;759;;;33202;816669.09;1076387.68;2013-12-28T00:00:00
1083961;558371;Starý Plzenec;;;;;155152;Starý Plzenec;390283;Vrchlického;è.p.;760;;;33202;816204.49;1076134.94;2013-12-28T00:00:00
1083970;558371;Starý Plzenec;;;;;155152;Starý Plzenec;390267;Topolová;è.p.;761;;;33202;817267.76;1076344.22;2013-12-28T00:00:00
1083988;558371;Starý Plzenec;;;;;155152;Starý Plzenec;390267;Topolová;è.p.;762;;;33202;817237.74;1076215.22;2013-12-28T00:00:00
1083996;558371;Starý Plzenec;;;;;155152;Starý Plzenec;389722;Hálkova;è.p.;763;;;33202;816331.62;1077085.72;2013-12-01T00:00:00
1084003;558371;Starý Plzenec;;;;;155152;Starý Plzenec;389641;Erbenova;è.p.;764;;;33202;816664.64;1076595.75;2013-12-28T00:00:00
1084011;558371;Starý Plzenec;;;;;155152;Starý Plzenec;390038;Nerudova;è.p.;765;;;33202;816328.00;1076310.38;2013-12-28T00:00:00
1084020;558371;Starý Plzenec;;;;;155152;Starý Plzenec;390038;Nerudova;è.p.;766;;;33202;816306.25;1076314.25;2013-12-28T00:00:00
1084038;558371;Starý Plzenec;;;;;155152;Starý Plzenec;390097;Podskalí;è.p.;767;;;33202;815660.42;1076991.83;2013-12-01T00:00:00
1084046;558371;Starý Plzenec;;;;;155152;Starý Plzenec;389862;Kollárova;è.p.;768;;;33202;816277.93;1077159.90;2013-12-01T00:00:00
1084054;558371;Starý Plzenec;;;;;155152;Starý Plzenec;390267;Topolová;è.p.;769;;;33202;817244.17;1076234.99;2013-12-28T00:00:00
1084062;558371;Starý Plzenec;;;;;155152;Starý Plzenec;390267;Topolová;è.p.;770;;;33202;817258.57;1076303.16;2013-12-28T00:00:00
1084071;558371;Starý Plzenec;;;;;155152;Starý Plzenec;389561;Bezruèova;è.p.;772;;;33202;817235.29;1076188.72;2013-12-28T00:00:00
1084089;558371;Starý Plzenec;;;;;155152;Starý Plzenec;389846;U Sedlce;è.p.;773;;;33202;815562.25;1077184.38;2013-12-01T00:00:00
1084097;558371;Starý Plzenec;;;;;155152;Starý Plzenec;390101;Radyòská;è.p.;774;;;33202;816421.62;1077079.22;2013-12-28T00:00:00
1084101;558371;Starý Plzenec;;;;;155152;Starý Plzenec;390267;Topolová;è.p.;775;;;33202;817270.05;1076362.46;2013-12-28T00:00:00
1084119;558371;Starý Plzenec;;;;;155152;Starý Plzenec;390038;Nerudova;è.p.;777;;;33202;816158.12;1076356.14;2013-12-28T00:00:00
1084127;558371;Starý Plzenec;;;;;155152;Starý Plzenec;389935;Luèní;è.p.;778;;;33202;816755.49;1076215.84;2013-12-28T00:00:00
1084135;558371;Starý Plzenec;;;;;155152;Starý Plzenec;389595;Èachna;è.p.;779;;;33202;816919.74;1076511.83;2013-12-28T00:00:00
1084143;558371;Starý Plzenec;;;;;155152;Starý Plzenec;389676;Gorkého;è.p.;780;;;33202;816303.12;1076728.43;2013-12-01T00:00:00
1084151;558371;Starý Plzenec;;;;;155152;Starý Plzenec;389587;Brožíkova;è.p.;781;;;33202;815882.76;1076522.91;2013-12-28T00:00:00
1084160;558371;Starý Plzenec;;;;;155152;Starý Plzenec;389803;Jungmannova;è.p.;782;;;33202;816842.53;1076526.17;2013-12-28T00:00:00
1084178;558371;Starý Plzenec;;;;;155152;Starý Plzenec;390097;Podskalí;è.p.;783;;;33202;815657.18;1077050.90;2013-12-01T00:00:00
1084186;558371;Starý Plzenec;;;;;155152;Starý Plzenec;390038;Nerudova;è.p.;784;;;33202;816030.56;1076402.25;2013-12-28T00:00:00
1084194;558371;Starý Plzenec;;;;;155152;Starý Plzenec;390038;Nerudova;è.p.;785;;;33202;816016.88;1076410.75;2013-12-28T00:00:00
1084208;558371;Starý Plzenec;;;;;155152;Starý Plzenec;389960;Mánesova;è.p.;786;;;33202;815952.56;1076414.56;2013-12-28T00:00:00
1084216;558371;Starý Plzenec;;;;;155152;Starý Plzenec;389595;Èachna;è.p.;788;;;33202;816899.24;1076414.50;2013-12-28T00:00:00
1084224;558371;Starý Plzenec;;;;;155152;Starý Plzenec;389803;Jungmannova;è.p.;789;;;33202;816821.53;1076448.48;2013-12-28T00:00:00
1084232;558371;Starý Plzenec;;;;;155152;Starý Plzenec;389803;Jungmannova;è.p.;791;;;33202;816816.71;1076425.87;2013-12-28T00:00:00
1084241;558371;Starý Plzenec;;;;;155152;Starý Plzenec;389609;Èelakovského;è.p.;792;;;33202;816917.40;1076491.07;2013-12-28T00:00:00
1084259;558371;Starý Plzenec;;;;;155152;Starý Plzenec;390186;Svatopluka Èecha;è.p.;793;;;33202;816390.92;1075997.37;2013-12-28T00:00:00
1084267;558371;Starý Plzenec;;;;;155152;Starý Plzenec;389609;Èelakovského;è.p.;794;;;33202;816877.24;1076496.14;2013-12-28T00:00:00
1084275;558371;Starý Plzenec;;;;;155152;Starý Plzenec;389579;Boženy Nìmcové;è.p.;795;;;33202;816224.42;1076881.50;2013-12-01T00:00:00
1084283;558371;Starý Plzenec;;;;;155152;Starý Plzenec;389986;Na Klínu;è.p.;796;;;33202;817233.15;1076300.71;2013-12-28T00:00:00
1084291;558371;Starý Plzenec;;;;;155152;Starý Plzenec;389846;U Sedlce;è.p.;797;;;33202;815563.65;1077294.35;2013-12-01T00:00:00
1084305;558371;Starý Plzenec;;;;;155152;Starý Plzenec;389927;Ke Høišti;è.p.;798;;;33202;816804.75;1076685.97;2013-12-28T00:00:00
1084313;558371;Starý Plzenec;;;;;155152;Starý Plzenec;662798;Modøínová;è.p.;799;;;33202;816575.74;1077158.38;2013-12-28T00:00:00
1084321;558371;Starý Plzenec;;;;;155152;Starý Plzenec;389846;U Sedlce;è.p.;800;;;33202;815563.65;1077142.86;2013-12-01T00:00:00
1084330;558371;Starý Plzenec;;;;;155152;Starý Plzenec;389846;U Sedlce;è.p.;801;;;33202;815562.81;1077100.78;2013-12-01T00:00:00
1084348;558371;Starý Plzenec;;;;;155152;Starý Plzenec;389846;U Sedlce;è.p.;802;;;33202;815560.85;1077056.46;2013-12-01T00:00:00
1084356;558371;Starý Plzenec;;;;;155152;Starý Plzenec;389846;U Sedlce;è.p.;803;;;33202;815526.78;1077052.95;2013-12-01T00:00:00
1084364;558371;Starý Plzenec;;;;;155152;Starý Plzenec;389595;Èachna;è.p.;804;;;33202;816987.81;1076401.89;2013-12-28T00:00:00
1084372;558371;Starý Plzenec;;;;;155152;Starý Plzenec;390097;Podskalí;è.p.;806;;;33202;815519.38;1076995.73;2013-12-01T00:00:00
1084381;558371;Starý Plzenec;;;;;155152;Starý Plzenec;390071;Pod tratí;è.p.;807;;;33202;815572.19;1077021.56;2016-12-12T00:00:00
1084399;558371;Starý Plzenec;;;;;155152;Starý Plzenec;389595;Èachna;è.p.;808;;;33202;816931.73;1076410.30;2013-12-28T00:00:00
1084402;558371;Starý Plzenec;;;;;155152;Starý Plzenec;389641;Erbenova;è.p.;809;;;33202;816775.98;1076825.92;2013-12-28T00:00:00
1084411;558371;Starý Plzenec;;;;;155152;Starý Plzenec;389790;Jiráskova;è.p.;810;;;33202;816217.95;1076385.02;2013-12-28T00:00:00
1084429;558371;Starý Plzenec;;;;;155152;Starý Plzenec;389790;Jiráskova;è.p.;811;;;33202;816221.98;1076397.97;2013-12-28T00:00:00
1084437;558371;Starý Plzenec;;;;;155152;Starý Plzenec;390038;Nerudova;è.p.;812;;;33202;816259.00;1076371.88;2013-12-28T00:00:00
1084445;558371;Starý Plzenec;;;;;155152;Starý Plzenec;390038;Nerudova;è.p.;813;;;33202;816262.38;1076386.63;2013-12-28T00:00:00
1084453;558371;Starý Plzenec;;;;;155152;Starý Plzenec;389668;Habrmanova;è.p.;814;;;33202;816569.76;1076952.14;2013-12-28T00:00:00
1084461;558371;Starý Plzenec;;;;;155152;Starý Plzenec;389595;Èachna;è.p.;815;;;33202;816903.93;1076437.24;2013-12-28T00:00:00
1084470;558371;Starý Plzenec;;;;;155152;Starý Plzenec;389595;Èachna;è.p.;816;;;33202;816925.18;1076532.23;2013-12-28T00:00:00
1084488;558371;Starý Plzenec;;;;;155152;Starý Plzenec;389625;Dvoøákova;è.p.;817;;;33202;816859.95;1076418.08;2013-12-28T00:00:00
1084496;558371;Starý Plzenec;;;;;155152;Starý Plzenec;389668;Habrmanova;è.p.;818;;;33202;816585.29;1077044.91;2013-12-28T00:00:00
1084500;558371;Starý Plzenec;;;;;155152;Starý Plzenec;389951;Máchova;è.p.;819;;;33202;816710.04;1076662.02;2013-12-28T00:00:00
1084518;558371;Starý Plzenec;;;;;155152;Starý Plzenec;389595;Èachna;è.p.;820;;;33202;816934.69;1076431.19;2013-12-28T00:00:00
1084526;558371;Starý Plzenec;;;;;155152;Starý Plzenec;389951;Máchova;è.p.;821;;;33202;816580.45;1076684.67;2013-12-28T00:00:00
1084534;558371;Starý Plzenec;;;;;155152;Starý Plzenec;389722;Hálkova;è.p.;822;;;33202;816301.63;1076631.88;2013-12-01T00:00:00
1084542;558371;Starý Plzenec;;;;;155152;Starý Plzenec;389722;Hálkova;è.p.;823;;;33202;816309.81;1076653.13;2013-12-01T00:00:00
1084551;558371;Starý Plzenec;;;;;155152;Starý Plzenec;389731;Herejkova;è.p.;824;;;33202;816998.96;1075478.76;2013-12-28T00:00:00
1084569;558371;Starý Plzenec;;;;;155152;Starý Plzenec;389951;Máchova;è.p.;825;;;33202;816899.90;1076623.86;2013-12-28T00:00:00
1084577;558371;Starý Plzenec;;;;;155152;Starý Plzenec;389595;Èachna;è.p.;826;;;33202;816994.11;1076442.31;2013-12-28T00:00:00
1084585;558371;Starý Plzenec;;;;;155152;Starý Plzenec;389650;Frièova;è.p.;828;;;33202;816787.82;1076804.14;2013-12-28T00:00:00
1084593;558371;Starý Plzenec;;;;;155152;Starý Plzenec;389595;Èachna;è.p.;829;;;33202;816941.12;1076452.82;2013-12-28T00:00:00
1084607;558371;Starý Plzenec;;;;;155152;Starý Plzenec;390283;Vrchlického;è.p.;830;;;33202;816342.17;1076080.68;2013-12-28T00:00:00
1084615;558371;Starý Plzenec;;;;;155152;Starý Plzenec;389650;Frièova;è.p.;831;;;33202;816804.75;1076764.28;2013-12-28T00:00:00
1084623;558371;Starý Plzenec;;;;;155152;Starý Plzenec;390097;Podskalí;è.p.;833;;;33202;815593.73;1077030.25;2013-12-01T00:00:00
1084631;558371;Starý Plzenec;;;;;155152;Starý Plzenec;389951;Máchova;è.p.;834;;;33202;816863.41;1076598.72;2013-12-28T00:00:00
1084640;558371;Starý Plzenec;;;;;155152;Starý Plzenec;389927;Ke Høišti;è.p.;835;;;33202;816878.20;1076753.70;2013-12-28T00:00:00
1084658;558371;Starý Plzenec;;;;;155152;Starý Plzenec;389862;Kollárova;è.p.;836;;;33202;816242.56;1077157.13;2013-12-01T00:00:00
1084666;558371;Starý Plzenec;;;;;155152;Starý Plzenec;390101;Radyòská;è.p.;837;;;33202;816483.19;1076994.94;2013-12-28T00:00:00
1084674;558371;Starý Plzenec;;;;;155152;Starý Plzenec;389544;Andrejšky;è.p.;838;;;33202;817088.92;1076815.14;2019-07-11T00:00:00
1084682;558371;Starý Plzenec;;;;;155152;Starý Plzenec;389803;Jungmannova;è.p.;839;;;33202;816836.11;1076505.16;2013-12-28T00:00:00
1084691;558371;Starý Plzenec;;;;;155152;Starý Plzenec;389749;Heydukova;è.p.;840;;;33202;816593.05;1076725.18;2013-12-28T00:00:00
1084704;558371;Starý Plzenec;;;;;155152;Starý Plzenec;389927;Ke Høišti;è.p.;841;;;33202;816883.93;1076807.58;2013-12-28T00:00:00
1084712;558371;Starý Plzenec;;;;;155152;Starý Plzenec;390241;U Mlýna;è.p.;843;;;33202;817157.90;1075456.38;2013-12-28T00:00:00
1084721;558371;Starý Plzenec;;;;;155152;Starý Plzenec;389846;U Sedlce;è.p.;844;;;33202;815528.74;1077095.31;2013-12-01T00:00:00
1084739;558371;Starý Plzenec;;;;;155152;Starý Plzenec;389927;Ke Høišti;è.p.;845;;;33202;816836.06;1076739.06;2013-12-28T00:00:00
1084747;558371;Starý Plzenec;;;;;155152;Starý Plzenec;389927;Ke Høišti;è.p.;846;;;33202;816898.21;1076719.19;2013-12-28T00:00:00
1084755;558371;Starý Plzenec;;;;;155152;Starý Plzenec;389668;Habrmanova;è.p.;847;;;33202;816542.51;1076955.33;2013-12-28T00:00:00
1084763;558371;Starý Plzenec;;;;;155152;Starý Plzenec;390097;Podskalí;è.p.;848;;;33202;815548.45;1076936.66;2013-12-01T00:00:00
1084771;558371;Starý Plzenec;;;;;155152;Starý Plzenec;390101;Radyòská;è.p.;849;;;33202;816404.11;1076483.38;2013-12-28T00:00:00
1084780;558371;Starý Plzenec;;;;;155152;Starý Plzenec;389781;Jetelová;è.p.;850;;;33202;816990.28;1076421.67;2013-12-28T00:00:00
1084798;558371;Starý Plzenec;;;;;155152;Starý Plzenec;389579;Boženy Nìmcové;è.p.;851;;;33202;816110.47;1076880.46;2013-12-01T00:00:00
1084801;558371;Starý Plzenec;;;;;155152;Starý Plzenec;389927;Ke Høišti;è.p.;852;;;33202;816847.65;1076814.71;2013-12-28T00:00:00
1084810;558371;Starý Plzenec;;;;;155152;Starý Plzenec;390283;Vrchlického;è.p.;853;;;33202;816209.04;1076084.71;2013-12-28T00:00:00
1084828;558371;Starý Plzenec;;;;;155152;Starý Plzenec;389579;Boženy Nìmcové;è.p.;854;;;33202;816149.22;1076890.49;2013-12-01T00:00:00
1084836;558371;Starý Plzenec;;;;;155152;Starý Plzenec;389919;Lipová;è.p.;855;;;33202;817066.88;1076429.08;2013-12-28T00:00:00
1084844;558371;Starý Plzenec;;;;;155152;Starý Plzenec;389846;U Sedlce;è.p.;856;;;33202;815531.44;1077142.63;2013-12-01T00:00:00
1084852;558371;Starý Plzenec;;;;;155152;Starý Plzenec;389846;U Sedlce;è.p.;857;;;33202;815527.00;1077159.75;2013-12-01T00:00:00
1084861;558371;Starý Plzenec;;;;;155152;Starý Plzenec;390101;Radyòská;è.p.;858;;;33202;816431.57;1077054.46;2013-12-28T00:00:00
1084879;558371;Starý Plzenec;;;;;155152;Starý Plzenec;390097;Podskalí;è.p.;859;;;33202;815569.72;1076829.30;2013-12-01T00:00:00
1084887;558371;Starý Plzenec;;;;;155152;Starý Plzenec;390119;Raisova;è.p.;860;;;33202;816528.40;1075658.38;2013-12-28T00:00:00
1084895;558371;Starý Plzenec;;;;;155152;Starý Plzenec;389722;Hálkova;è.p.;861;;;33202;816324.23;1076688.56;2013-12-01T00:00:00
1084909;558371;Starý Plzenec;;;;;155152;Starý Plzenec;389722;Hálkova;è.p.;862;;;33202;816330.26;1076704.10;2013-12-01T00:00:00
1084917;558371;Starý Plzenec;;;;;155152;Starý Plzenec;389927;Ke Høišti;è.p.;863;;;33202;816825.62;1076819.55;2013-12-28T00:00:00
1084925;558371;Starý Plzenec;;;;;155152;Starý Plzenec;389781;Jetelová;è.p.;864;;;33202;817041.90;1076503.72;2013-12-28T00:00:00
1084933;558371;Starý Plzenec;;;;;155152;Starý Plzenec;389781;Jetelová;è.p.;865;;;33202;817044.85;1076514.19;2013-12-28T00:00:00
1084941;558371;Starý Plzenec;;;;;155152;Starý Plzenec;389781;Jetelová;è.p.;866;;;33202;817045.79;1076521.31;2013-12-28T00:00:00
1084950;558371;Starý Plzenec;;;;;155152;Starý Plzenec;389781;Jetelová;è.p.;867;;;33202;817046.59;1076531.38;2013-12-28T00:00:00
1084968;558371;Starý Plzenec;;;;;155152;Starý Plzenec;389579;Boženy Nìmcové;è.p.;868;;;33202;816235.31;1076847.51;2013-12-01T00:00:00
1084976;558371;Starý Plzenec;;;;;155152;Starý Plzenec;390097;Podskalí;è.p.;869;;;33202;815537.68;1076997.80;2013-12-01T00:00:00
1084984;558371;Starý Plzenec;;;;;155152;Starý Plzenec;389625;Dvoøákova;è.p.;871;;;33202;816783.24;1076434.02;2013-12-28T00:00:00
1084992;558371;Starý Plzenec;;;;;155152;Starý Plzenec;389919;Lipová;è.p.;873;;;33202;817057.86;1076312.61;2013-12-28T00:00:00
1085000;558371;Starý Plzenec;;;;;155152;Starý Plzenec;389919;Lipová;è.p.;874;;;33202;817059.20;1076328.18;2013-12-28T00:00:00
1085018;558371;Starý Plzenec;;;;;155152;Starý Plzenec;389676;Gorkého;è.p.;875;;;33202;816369.66;1076735.94;2013-12-01T00:00:00
1085026;558371;Starý Plzenec;;;;;155152;Starý Plzenec;389668;Habrmanova;è.p.;876;;;33202;816564.66;1076927.43;2013-12-28T00:00:00
1085034;558371;Starý Plzenec;;;;;155152;Starý Plzenec;389927;Ke Høišti;è.p.;879;;;33202;816857.58;1076748.23;2013-12-28T00:00:00
1085042;558371;Starý Plzenec;;;;;155152;Starý Plzenec;390224;Tomáškova;è.p.;880;;;33202;816419.06;1076994.36;2013-12-01T00:00:00
1085051;558371;Starý Plzenec;;;;;155152;Starý Plzenec;389927;Ke Høišti;è.p.;882;;;33202;816851.34;1076692.20;2013-12-28T00:00:00
1085069;558371;Starý Plzenec;;;;;155152;Starý Plzenec;389722;Hálkova;è.p.;883;;;33202;816262.37;1076547.63;2013-12-01T00:00:00
1085077;558371;Starý Plzenec;;;;;155152;Starý Plzenec;389668;Habrmanova;è.p.;887;;;33202;816562.63;1076906.16;2013-12-28T00:00:00
1085085;558371;Starý Plzenec;;;;;155152;Starý Plzenec;390160;Smetanova;è.p.;888;;;33202;816300.35;1076264.07;2013-12-28T00:00:00
1085093;558371;Starý Plzenec;;;;;155152;Starý Plzenec;659428;Krátká;è.p.;889;;;33202;816924.76;1076312.61;2013-12-28T00:00:00
1085107;558371;Starý Plzenec;;;;;155152;Starý Plzenec;390097;Podskalí;è.p.;890;;;33202;815543.65;1077004.04;2013-12-01T00:00:00
1085115;558371;Starý Plzenec;;;;;155152;Starý Plzenec;390097;Podskalí;è.p.;891;;;33202;815545.59;1076957.43;2013-12-01T00:00:00
1085123;558371;Starý Plzenec;;;;;155152;Starý Plzenec;389927;Ke Høišti;è.p.;892;;;33202;816819.77;1076729.51;2013-12-28T00:00:00
1085131;558371;Starý Plzenec;;;;;155152;Starý Plzenec;389609;Èelakovského;è.p.;894;;;33202;817035.06;1076472.18;2013-12-28T00:00:00
1085140;558371;Starý Plzenec;;;;;155152;Starý Plzenec;390054;Pionýrù;è.p.;895;;;33202;816953.10;1076654.71;2013-12-28T00:00:00
1085158;558371;Starý Plzenec;;;;;155152;Starý Plzenec;389927;Ke Høišti;è.p.;896;;;33202;816788.84;1076716.79;2013-12-28T00:00:00
1085166;558371;Starý Plzenec;;;;;155152;Starý Plzenec;390097;Podskalí;è.p.;897;;;33202;815612.93;1076847.73;2013-12-01T00:00:00
1085174;558371;Starý Plzenec;;;;;155152;Starý Plzenec;390097;Podskalí;è.p.;898;;;33202;815629.80;1077044.15;2013-12-01T00:00:00
1085182;558371;Starý Plzenec;;;;;155152;Starý Plzenec;389609;Èelakovského;è.p.;899;;;33202;817053.97;1076469.63;2013-12-28T00:00:00
1085191;558371;Starý Plzenec;;;;;155152;Starý Plzenec;389722;Hálkova;è.p.;900;;;33202;816363.56;1077087.80;2013-12-01T00:00:00
1085204;558371;Starý Plzenec;;;;;155152;Starý Plzenec;389579;Boženy Nìmcové;è.p.;901;;;33202;816307.88;1076832.13;2013-12-01T00:00:00
1085212;558371;Starý Plzenec;;;;;155152;Starý Plzenec;389579;Boženy Nìmcové;è.p.;902;;;33202;816285.94;1076834.38;2013-12-01T00:00:00
1085221;558371;Starý Plzenec;;;;;155152;Starý Plzenec;389781;Jetelová;è.p.;903;;;33202;817030.43;1076436.13;2013-12-28T00:00:00
1085239;558371;Starý Plzenec;;;;;155152;Starý Plzenec;389668;Habrmanova;è.p.;904;;;33202;816576.25;1076977.62;2013-12-28T00:00:00
1085247;558371;Starý Plzenec;;;;;155152;Starý Plzenec;389668;Habrmanova;è.p.;905;;;33202;816574.08;1076966.79;2013-12-28T00:00:00
1085255;558371;Starý Plzenec;;;;;155152;Starý Plzenec;662798;Modøínová;è.p.;906;;;33202;816640.28;1077176.08;2013-12-28T00:00:00
1085263;558371;Starý Plzenec;;;;;155152;Starý Plzenec;389862;Kollárova;è.p.;907;;;33202;815932.40;1077031.47;2013-12-01T00:00:00
1085271;558371;Starý Plzenec;;;;;155152;Starý Plzenec;389951;Máchova;è.p.;908;;;33202;817088.72;1076554.46;2013-12-28T00:00:00
1085280;558371;Starý Plzenec;;;;;155152;Starý Plzenec;389951;Máchova;è.p.;909;;;33202;817078.93;1076557.01;2013-12-28T00:00:00
1085298;558371;Starý Plzenec;;;;;155152;Starý Plzenec;389951;Máchova;è.p.;910;;;33202;817070.61;1076558.63;2013-12-28T00:00:00
1085301;558371;Starý Plzenec;;;;;155152;Starý Plzenec;389633;Elišky Krásnohorské;è.p.;911;;;33202;816068.69;1077262.75;2013-12-01T00:00:00
1085310;558371;Starý Plzenec;;;;;155152;Starý Plzenec;389927;Ke Høišti;è.p.;912;;;33202;816856.94;1076814.08;2013-12-28T00:00:00
1085328;558371;Starý Plzenec;;;;;155152;Starý Plzenec;389811;K lomu;è.p.;913;;;33202;816736.52;1076925.65;2013-12-28T00:00:00
1085336;558371;Starý Plzenec;;;;;155152;Starý Plzenec;389609;Èelakovského;è.p.;914;;;33202;817047.85;1076434.52;2013-12-28T00:00:00
1085344;558371;Starý Plzenec;;;;;155152;Starý Plzenec;389811;K lomu;è.p.;915;;;33202;816732.06;1076874.83;2013-12-28T00:00:00
1085352;558371;Starý Plzenec;;;;;155152;Starý Plzenec;389561;Bezruèova;è.p.;916;;;33202;817207.11;1076187.49;2013-12-28T00:00:00
1085361;558371;Starý Plzenec;;;;;155152;Starý Plzenec;389722;Hálkova;è.p.;917;;;33202;816365.77;1077060.27;2013-12-01T00:00:00
1085379;558371;Starý Plzenec;;;;;155152;Starý Plzenec;389919;Lipová;è.p.;918;;;33202;817088.85;1076324.28;2013-12-28T00:00:00
1085387;558371;Starý Plzenec;;;;;155152;Starý Plzenec;389986;Na Klínu;è.p.;919;;;33202;817251.83;1076269.76;2013-12-28T00:00:00
1085395;558371;Starý Plzenec;;;;;155152;Starý Plzenec;389811;K lomu;è.p.;920;;;33202;816811.49;1076918.63;2013-12-28T00:00:00
1085409;558371;Starý Plzenec;;;;;155152;Starý Plzenec;389986;Na Klínu;è.p.;921;;;33202;817125.07;1076321.87;2013-12-28T00:00:00
1085417;558371;Starý Plzenec;;;;;155152;Starý Plzenec;389986;Na Klínu;è.p.;922;;;33202;817124.58;1076315.11;2013-12-28T00:00:00
1085433;558371;Starý Plzenec;;;;;155152;Starý Plzenec;389579;Boženy Nìmcové;è.p.;924;;;33202;816204.13;1076844.30;2013-12-01T00:00:00
1085441;558371;Starý Plzenec;;;;;155152;Starý Plzenec;389951;Máchova;è.p.;925;;;33202;816944.77;1076618.00;2013-12-28T00:00:00
1085450;558371;Starý Plzenec;;;;;155152;Starý Plzenec;389731;Herejkova;è.p.;926;;;33202;816981.10;1075492.46;2013-12-28T00:00:00
1085468;558371;Starý Plzenec;;;;;155152;Starý Plzenec;389811;K lomu;è.p.;927;;;33202;816819.77;1076915.57;2013-12-28T00:00:00
1085476;558371;Starý Plzenec;;;;;155152;Starý Plzenec;389811;K lomu;è.p.;928;;;33202;816734.10;1076883.49;2013-12-28T00:00:00
1085484;558371;Starý Plzenec;;;;;155152;Starý Plzenec;389803;Jungmannova;è.p.;929;;;33202;816822.44;1076576.03;2013-12-28T00:00:00
1085492;558371;Starý Plzenec;;;;;155152;Starý Plzenec;389749;Heydukova;è.p.;930;;;33202;816601.58;1076779.43;2013-12-28T00:00:00
1085506;558371;Starý Plzenec;;;;;155152;Starý Plzenec;389986;Na Klínu;è.p.;931;;;33202;817159.78;1076274.26;2013-12-28T00:00:00
1085514;558371;Starý Plzenec;;;;;155152;Starý Plzenec;390160;Smetanova;è.p.;932;;;33202;816321.87;1076247.27;2013-12-28T00:00:00
1085522;558371;Starý Plzenec;;;;;155152;Starý Plzenec;390038;Nerudova;è.p.;933;;;33202;816341.82;1076357.36;2013-12-28T00:00:00
1085531;558371;Starý Plzenec;;;;;155152;Starý Plzenec;390038;Nerudova;è.p.;934;;;33202;816308.58;1076359.64;2013-12-28T00:00:00
1085549;558371;Starý Plzenec;;;;;155152;Starý Plzenec;390178;Sudova;è.p.;935;;;33202;816734.79;1075535.25;2013-12-28T00:00:00
1085557;558371;Starý Plzenec;;;;;155152;Starý Plzenec;389811;K lomu;è.p.;936;;;33202;816792.53;1076921.43;2013-12-28T00:00:00
1085565;558371;Starý Plzenec;;;;;155152;Starý Plzenec;389595;Èachna;è.p.;937;;;33202;816933.82;1076555.46;2013-12-28T00:00:00
1085573;558371;Starý Plzenec;;;;;155152;Starý Plzenec;389901;Dr. Beneše;è.p.;938;;;33202;815974.29;1076762.23;2013-12-01T00:00:00
1085581;558371;Starý Plzenec;;;;;155152;Starý Plzenec;389919;Lipová;è.p.;939;;;33202;817089.12;1076312.61;2013-12-28T00:00:00
1085590;558371;Starý Plzenec;;;;;155152;Starý Plzenec;389650;Frièova;è.p.;940;;;33202;816859.35;1076642.53;2013-12-28T00:00:00
1085603;558371;Starý Plzenec;;;;;155152;Starý Plzenec;389811;K lomu;è.p.;943;;;33202;816747.59;1076993.14;2013-12-28T00:00:00
1085611;558371;Starý Plzenec;;;;;155152;Starý Plzenec;389811;K lomu;è.p.;944;;;33202;816801.82;1076918.12;2013-12-28T00:00:00
1085620;558371;Starý Plzenec;;;;;155152;Starý Plzenec;389731;Herejkova;è.p.;945;;;33202;816855.68;1075496.75;2013-12-28T00:00:00
1085638;558371;Starý Plzenec;;;;;155152;Starý Plzenec;389749;Heydukova;è.p.;946;;;33202;816679.49;1076988.30;2013-12-28T00:00:00
1085646;558371;Starý Plzenec;;;;;155152;Starý Plzenec;389633;Elišky Krásnohorské;è.p.;947;;;33202;816211.63;1077247.46;2013-12-01T00:00:00
1085654;558371;Starý Plzenec;;;;;155152;Starý Plzenec;389854;Ke skalce;è.p.;948;;;33202;815586.59;1076899.14;2013-12-01T00:00:00
1085662;558371;Starý Plzenec;;;;;155152;Starý Plzenec;389749;Heydukova;è.p.;949;;;33202;816676.81;1076970.34;2013-12-28T00:00:00
1085671;558371;Starý Plzenec;;;;;155152;Starý Plzenec;389749;Heydukova;è.p.;950;;;33202;816678.59;1076979.26;2013-12-28T00:00:00
1085689;558371;Starý Plzenec;;;;;155152;Starý Plzenec;389749;Heydukova;è.p.;951;;;33202;816681.90;1076995.56;2013-12-28T00:00:00
1085697;558371;Starý Plzenec;;;;;155152;Starý Plzenec;389749;Heydukova;è.p.;952;;;33202;816682.92;1077004.48;2013-12-28T00:00:00
1085701;558371;Starý Plzenec;;;;;155152;Starý Plzenec;389749;Heydukova;è.p.;953;;;33202;816683.56;1077012.12;2013-12-28T00:00:00
1085719;558371;Starý Plzenec;;;;;155152;Starý Plzenec;389749;Heydukova;è.p.;954;;;33202;816685.72;1077020.65;2013-12-28T00:00:00
1085727;558371;Starý Plzenec;;;;;155152;Starý Plzenec;389919;Lipová;è.p.;955;;;33202;817081.93;1076259.16;2013-12-28T00:00:00
1085735;558371;Starý Plzenec;;;;;155152;Starý Plzenec;389951;Máchova;è.p.;956;;;33202;816919.64;1076621.55;2013-12-28T00:00:00
1085743;558371;Starý Plzenec;;;;;155152;Starý Plzenec;389811;K lomu;è.p.;957;;;33202;816773.94;1076923.73;2013-12-28T00:00:00
1085751;558371;Starý Plzenec;;;;;155152;Starý Plzenec;389633;Elišky Krásnohorské;è.p.;958;;;33202;816373.75;1077300.66;2013-12-01T00:00:00
1085760;558371;Starý Plzenec;;;;;155152;Starý Plzenec;389811;K lomu;è.p.;959;;;33202;816734.86;1076892.15;2013-12-28T00:00:00
1085778;558371;Starý Plzenec;;;;;155152;Starý Plzenec;389811;K lomu;è.p.;960;;;33202;816782.85;1076922.96;2013-12-28T00:00:00
1085786;558371;Starý Plzenec;;;;;155152;Starý Plzenec;389811;K lomu;è.p.;961;;;33202;816737.15;1076901.58;2013-12-28T00:00:00
1085794;558371;Starý Plzenec;;;;;155152;Starý Plzenec;389811;K lomu;è.p.;962;;;33202;816749.63;1077003.58;2013-12-28T00:00:00
1085808;558371;Starý Plzenec;;;;;155152;Starý Plzenec;389811;K lomu;è.p.;963;;;33202;816750.90;1077010.33;2013-12-28T00:00:00
1085816;558371;Starý Plzenec;;;;;155152;Starý Plzenec;389811;K lomu;è.p.;964;;;33202;816747.08;1076984.99;2013-12-28T00:00:00
1085824;558371;Starý Plzenec;;;;;155152;Starý Plzenec;389811;K lomu;è.p.;965;;;33202;816745.30;1076976.84;2013-12-28T00:00:00
1085832;558371;Starý Plzenec;;;;;155152;Starý Plzenec;389811;K lomu;è.p.;966;;;33202;816743.77;1076968.43;2013-12-28T00:00:00
1085841;558371;Starý Plzenec;;;;;155152;Starý Plzenec;389811;K lomu;è.p.;967;;;33202;816741.86;1076959.51;2013-12-28T00:00:00
1085859;558371;Starý Plzenec;;;;;155152;Starý Plzenec;389722;Hálkova;è.p.;968;;;33202;816268.63;1076650.63;2013-12-01T00:00:00
1085867;558371;Starý Plzenec;;;;;155152;Starý Plzenec;389722;Hálkova;è.p.;969;;;33202;816276.19;1076668.88;2013-12-01T00:00:00
1085875;558371;Starý Plzenec;;;;;155152;Starý Plzenec;389633;Elišky Krásnohorské;è.p.;970;;;33202;816037.70;1077258.98;2013-12-01T00:00:00
1085883;558371;Starý Plzenec;;;;;155152;Starý Plzenec;390151;Sládkova;è.p.;971;;;33202;816056.25;1076995.82;2013-12-01T00:00:00
1085891;558371;Starý Plzenec;;;;;155152;Starý Plzenec;389609;Èelakovského;è.p.;972;;;33202;816803.37;1076511.46;2013-12-28T00:00:00
1085905;558371;Starý Plzenec;;;;;155152;Starý Plzenec;389668;Habrmanova;è.p.;973;;;33202;816579.43;1076998.25;2013-12-28T00:00:00
1085913;558371;Starý Plzenec;;;;;155152;Starý Plzenec;389609;Èelakovského;è.p.;974;;;33202;817072.89;1076466.27;2013-12-28T00:00:00
1085921;558371;Starý Plzenec;;;;;155152;Starý Plzenec;389609;Èelakovského;è.p.;975;;;33202;816426.58;1076575.73;2013-12-28T00:00:00
1085930;558371;Starý Plzenec;;;;;155152;Starý Plzenec;389811;K lomu;è.p.;976;;;33202;816729.90;1076865.79;2013-12-28T00:00:00
1085948;558371;Starý Plzenec;;;;;155152;Starý Plzenec;389901;Dr. Beneše;è.p.;977;;;33202;815980.19;1076722.82;2013-12-01T00:00:00
1085956;558371;Starý Plzenec;;;;;155152;Starý Plzenec;389951;Máchova;è.p.;978;;;33202;817061.75;1076560.50;2013-12-28T00:00:00
1085964;558371;Starý Plzenec;;;;;155152;Starý Plzenec;389951;Máchova;è.p.;979;;;33202;817052.36;1076563.06;2013-12-28T00:00:00
1085972;558371;Starý Plzenec;;;;;155152;Starý Plzenec;389749;Heydukova;è.p.;980;;;33202;816671.98;1076954.42;2013-12-28T00:00:00
1085981;558371;Starý Plzenec;;;;;155152;Starý Plzenec;390151;Sládkova;è.p.;981;;;33202;816039.88;1076725.30;2013-12-01T00:00:00
1085999;558371;Starý Plzenec;;;;;155152;Starý Plzenec;390151;Sládkova;è.p.;982;;;33202;816037.83;1076734.03;2013-12-01T00:00:00
1086006;558371;Starý Plzenec;;;;;155152;Starý Plzenec;390275;Václava Kratochvíla;è.p.;983;;;33202;816882.03;1075438.22;2013-12-28T00:00:00
1086014;558371;Starý Plzenec;;;;;155152;Starý Plzenec;389927;Ke Høišti;è.p.;984;;;33202;816768.21;1076701.12;2013-12-28T00:00:00
1086022;558371;Starý Plzenec;;;;;155152;Starý Plzenec;389986;Na Klínu;è.p.;985;;;33202;817227.64;1076271.45;2013-12-28T00:00:00
1086031;558371;Starý Plzenec;;;;;155152;Starý Plzenec;389811;K lomu;è.p.;986;;;33202;816738.04;1076909.09;2013-12-28T00:00:00
1086049;558371;Starý Plzenec;;;;;155152;Starý Plzenec;389625;Dvoøákova;è.p.;987;;;33202;816669.21;1076420.92;2013-12-28T00:00:00
1086057;558371;Starý Plzenec;;;;;155152;Starý Plzenec;389650;Frièova;è.p.;988;;;33202;816849.95;1076666.59;2013-12-28T00:00:00
1086065;558371;Starý Plzenec;;;;;155152;Starý Plzenec;389633;Elišky Krásnohorské;è.p.;989;;;33202;816343.88;1077298.43;2013-12-01T00:00:00
1086073;558371;Starý Plzenec;;;;;155152;Starý Plzenec;389749;Heydukova;è.p.;990;;;33202;816682.41;1076934.31;2013-12-28T00:00:00
1086081;558371;Starý Plzenec;;;;;155152;Starý Plzenec;389986;Na Klínu;è.p.;991;;;33202;817155.66;1076332.74;2013-12-28T00:00:00
1086090;558371;Starý Plzenec;;;;;155152;Starý Plzenec;389862;Kollárova;è.p.;992;;;33202;816380.70;1077117.67;2013-12-01T00:00:00
1086103;558371;Starý Plzenec;;;;;155152;Starý Plzenec;389633;Elišky Krásnohorské;è.p.;993;;;33202;816158.33;1077274.92;2013-12-01T00:00:00
1086111;558371;Starý Plzenec;;;;;155152;Starý Plzenec;390071;Pod tratí;è.p.;994;;;33202;815662.37;1076970.15;2013-12-01T00:00:00
1086120;558371;Starý Plzenec;;;;;155152;Starý Plzenec;389625;Dvoøákova;è.p.;995;;;33202;816762.11;1076432.16;2013-12-28T00:00:00
1086138;558371;Starý Plzenec;;;;;155152;Starý Plzenec;389633;Elišky Krásnohorské;è.p.;996;;;33202;816141.16;1077272.69;2013-12-01T00:00:00
1086146;558371;Starý Plzenec;;;;;155152;Starý Plzenec;390101;Radyòská;è.p.;997;;;33202;816434.37;1076674.11;2013-12-28T00:00:00
1086154;558371;Starý Plzenec;;;;;155152;Starý Plzenec;389731;Herejkova;è.p.;998;;;33202;816858.76;1075572.13;2013-12-28T00:00:00
1086162;558371;Starý Plzenec;;;;;155152;Starý Plzenec;390178;Sudova;è.p.;999;;;33202;816779.22;1075533.06;2013-12-28T00:00:00
1086171;558371;Starý Plzenec;;;;;155152;Starý Plzenec;390054;Pionýrù;è.p.;1000;;;33202;816883.72;1076654.25;2013-12-28T00:00:00
1086189;558371;Starý Plzenec;;;;;155152;Starý Plzenec;389609;Èelakovského;è.p.;1001;;;33202;816999.18;1076475.00;2013-12-28T00:00:00
1086197;558371;Starý Plzenec;;;;;155152;Starý Plzenec;389901;Dr. Beneše;è.p.;1002;;;33202;816011.91;1076753.93;2013-12-01T00:00:00
1086201;558371;Starý Plzenec;;;;;155152;Starý Plzenec;389731;Herejkova;è.p.;1003;;;33202;816891.03;1075549.06;2013-12-28T00:00:00
1086219;558371;Starý Plzenec;;;;;155152;Starý Plzenec;389901;Dr. Beneše;è.p.;1004;;;33202;816342.70;1076608.86;2013-12-01T00:00:00
1086227;558371;Starý Plzenec;;;;;155152;Starý Plzenec;389986;Na Klínu;è.p.;1005;;;33202;817189.51;1076335.03;2013-12-28T00:00:00
1086235;558371;Starý Plzenec;;;;;155152;Starý Plzenec;390178;Sudova;è.p.;1006;;;33202;816771.09;1075556.32;2013-12-28T00:00:00
1086251;558371;Starý Plzenec;;;;;155152;Starý Plzenec;390151;Sládkova;è.p.;1008;;;33202;816070.17;1076679.82;2013-12-01T00:00:00
1086260;558371;Starý Plzenec;;;;;155152;Starý Plzenec;389749;Heydukova;è.p.;1009;;;33202;816583.76;1076704.42;2013-12-28T00:00:00
1086278;558371;Starý Plzenec;;;;;155152;Starý Plzenec;390151;Sládkova;è.p.;1010;;;33202;816018.09;1076967.54;2013-12-01T00:00:00
1086286;558371;Starý Plzenec;;;;;155152;Starý Plzenec;390151;Sládkova;è.p.;1011;;;33202;816016.99;1076975.56;2013-12-01T00:00:00
1086294;558371;Starý Plzenec;;;;;155152;Starý Plzenec;389978;Mikoláše Alše;è.p.;1012;;;33202;816032.31;1076840.20;2013-12-01T00:00:00
1086308;558371;Starý Plzenec;;;;;155152;Starý Plzenec;389731;Herejkova;è.p.;1013;;;33202;816982.91;1075392.10;2013-12-28T00:00:00
1086316;558371;Starý Plzenec;;;;;155152;Starý Plzenec;389927;Ke Høišti;è.p.;1014;;;33202;816867.37;1076709.01;2013-12-28T00:00:00
1086324;558371;Starý Plzenec;;;;;155152;Starý Plzenec;389927;Ke Høišti;è.p.;1015;;;33202;816878.01;1076712.10;2013-12-28T00:00:00
1086332;558371;Starý Plzenec;;;;;155152;Starý Plzenec;389625;Dvoøákova;è.p.;1016;;;33202;816745.43;1076430.43;2013-12-28T00:00:00
1086341;558371;Starý Plzenec;;;;;155152;Starý Plzenec;389579;Boženy Nìmcové;è.p.;1017;;;33202;816064.39;1076845.33;2013-12-01T00:00:00
1086359;558371;Starý Plzenec;;;;;155152;Starý Plzenec;659428;Krátká;è.p.;1018;;;33202;816928.52;1076322.54;2013-12-28T00:00:00
1086367;558371;Starý Plzenec;;;;;155152;Starý Plzenec;389749;Heydukova;è.p.;1019;;;33202;816623.35;1076901.45;2013-12-28T00:00:00
1086375;558371;Starý Plzenec;;;;;155152;Starý Plzenec;389943;Malostranské námìstí;è.p.;1020;;;33202;816530.69;1075538.72;2022-10-26T00:00:00
1086383;558371;Starý Plzenec;;;;;155152;Starý Plzenec;389749;Heydukova;è.p.;1021;;;33202;816636.97;1076973.92;2013-12-28T00:00:00
1086391;558371;Starý Plzenec;;;;;155152;Starý Plzenec;389901;Dr. Beneše;è.p.;1022;;;33202;816205.00;1076620.13;2013-12-01T00:00:00
1086405;558371;Starý Plzenec;;;;;155152;Starý Plzenec;389901;Dr. Beneše;è.p.;1023;;;33202;816222.75;1076612.63;2013-12-01T00:00:00
1086413;558371;Starý Plzenec;;;;;155152;Starý Plzenec;389901;Dr. Beneše;è.p.;1024;;;33202;816241.24;1076606.93;2013-12-01T00:00:00
1086421;558371;Starý Plzenec;;;;;155152;Starý Plzenec;390178;Sudova;è.p.;1025;;;33202;816825.72;1075495.20;2013-12-28T00:00:00
1086430;558371;Starý Plzenec;;;;;155152;Starý Plzenec;390071;Pod tratí;è.p.;1026;;;33202;815612.69;1077084.31;2019-03-08T00:00:00
1086448;558371;Starý Plzenec;;;;;155152;Starý Plzenec;389811;K lomu;è.p.;1027;;;33202;816829.44;1076973.52;2013-12-28T00:00:00
1086456;558371;Starý Plzenec;;;;;155152;Starý Plzenec;389919;Lipová;è.p.;1028;;;33202;817089.72;1076278.07;2013-12-28T00:00:00
1086464;558371;Starý Plzenec;;;;;155152;Starý Plzenec;389811;K lomu;è.p.;1029;;;33202;816802.58;1076977.35;2013-12-28T00:00:00
1086472;558371;Starý Plzenec;;;;;155152;Starý Plzenec;389919;Lipová;è.p.;1030;;;33202;817091.40;1076348.04;2013-12-28T00:00:00
1086481;558371;Starý Plzenec;;;;;155152;Starý Plzenec;389731;Herejkova;è.p.;1031;;;33202;816879.12;1075557.72;2013-12-28T00:00:00
1086499;558371;Starý Plzenec;;;;;155152;Starý Plzenec;389641;Erbenova;è.p.;1032;;;33202;816659.70;1076572.15;2013-12-28T00:00:00
1086502;558371;Starý Plzenec;;;;;155152;Starý Plzenec;389641;Erbenova;è.p.;1033;;;33202;816737.54;1076754.60;2013-12-28T00:00:00
1086511;558371;Starý Plzenec;;;;;155152;Starý Plzenec;390224;Tomáškova;è.p.;1034;;;33202;816387.27;1076992.28;2013-12-01T00:00:00
1086529;558371;Starý Plzenec;;;;;155152;Starý Plzenec;390178;Sudova;è.p.;1035;;;33202;816731.46;1075563.33;2013-12-28T00:00:00
1086537;558371;Starý Plzenec;;;;;155152;Starý Plzenec;389978;Mikoláše Alše;è.p.;1036;;;33202;816010.50;1076829.92;2013-12-01T00:00:00
1086545;558371;Starý Plzenec;;;;;155152;Starý Plzenec;389927;Ke Høišti;è.p.;1037;;;33202;816908.75;1076776.89;2013-12-28T00:00:00
1086553;558371;Starý Plzenec;;;;;155152;Starý Plzenec;389862;Kollárova;è.p.;1038;;;33202;816085.83;1077054.47;2013-12-01T00:00:00
1086561;558371;Starý Plzenec;;;;;155152;Starý Plzenec;389986;Na Klínu;è.p.;1039;;;33202;817139.60;1076273.94;2013-12-28T00:00:00
1086570;558371;Starý Plzenec;;;;;155152;Starý Plzenec;390101;Radyòská;è.p.;1040;;;33202;816431.40;1076637.90;2013-12-28T00:00:00
1086588;558371;Starý Plzenec;;;;;155152;Starý Plzenec;389811;K lomu;è.p.;1041;;;33202;816794.44;1076979.77;2013-12-28T00:00:00
1086596;558371;Starý Plzenec;;;;;155152;Starý Plzenec;389811;K lomu;è.p.;1042;;;33202;816812.38;1076976.46;2013-12-28T00:00:00
1086600;558371;Starý Plzenec;;;;;155152;Starý Plzenec;389749;Heydukova;è.p.;1043;;;33202;816575.57;1076624.06;2013-12-28T00:00:00
1086626;558371;Starý Plzenec;;;;;155152;Starý Plzenec;390178;Sudova;è.p.;1045;;;33202;816851.81;1075464.06;2013-12-28T00:00:00
1086634;558371;Starý Plzenec;;;;;155152;Starý Plzenec;390259;Sportovní;è.p.;1046;;;33202;816556.01;1077039.68;2013-12-28T00:00:00
1086642;558371;Starý Plzenec;;;;;155152;Starý Plzenec;390259;Sportovní;è.p.;1047;;;33202;816545.19;1077037.51;2013-12-28T00:00:00
1086651;558371;Starý Plzenec;;;;;155152;Starý Plzenec;389749;Heydukova;è.p.;1048;;;33202;816707.50;1077154.06;2013-12-28T00:00:00
1086669;558371;Starý Plzenec;;;;;155152;Starý Plzenec;389919;Lipová;è.p.;1049;;;33202;817079.46;1076498.22;2013-12-28T00:00:00
1086677;558371;Starý Plzenec;;;;;155152;Starý Plzenec;389919;Lipová;è.p.;1050;;;33202;817081.61;1076506.54;2013-12-28T00:00:00
1086685;558371;Starý Plzenec;;;;;155152;Starý Plzenec;389919;Lipová;è.p.;1051;;;33202;817082.15;1076516.34;2013-12-28T00:00:00
1086693;558371;Starý Plzenec;;;;;155152;Starý Plzenec;389919;Lipová;è.p.;1052;;;33202;817084.40;1076525.22;2013-12-28T00:00:00
1086707;558371;Starý Plzenec;;;;;155152;Starý Plzenec;389595;Èachna;è.p.;1054;;;33202;816938.77;1076583.89;2013-12-28T00:00:00
1086715;558371;Starý Plzenec;;;;;155152;Starý Plzenec;389811;K lomu;è.p.;1055;;;33202;816785.40;1076981.42;2013-12-28T00:00:00
1086723;558371;Starý Plzenec;;;;;155152;Starý Plzenec;389650;Frièova;è.p.;1056;;;33202;816801.31;1076787.33;2013-12-28T00:00:00
1086731;558371;Starý Plzenec;;;;;155152;Starý Plzenec;389927;Ke Høišti;è.p.;1057;;;33202;816925.96;1076740.79;2013-12-28T00:00:00
1086740;558371;Starý Plzenec;;;;;155152;Starý Plzenec;389927;Ke Høišti;è.p.;1058;;;33202;816933.36;1076730.92;2013-12-28T00:00:00
1086758;558371;Starý Plzenec;;;;;155152;Starý Plzenec;389749;Heydukova;è.p.;1059;;;33202;816711.31;1077127.83;2013-12-28T00:00:00
1086766;558371;Starý Plzenec;;;;;155152;Starý Plzenec;389749;Heydukova;è.p.;1060;;;33202;816709.02;1077119.55;2013-12-28T00:00:00
1086774;558371;Starý Plzenec;;;;;155152;Starý Plzenec;389749;Heydukova;è.p.;1061;;;33202;816709.28;1077111.14;2013-12-28T00:00:00
1086782;558371;Starý Plzenec;;;;;155152;Starý Plzenec;389749;Heydukova;è.p.;1062;;;33202;816707.75;1077101.33;2013-12-28T00:00:00
1086791;558371;Starý Plzenec;;;;;155152;Starý Plzenec;389633;Elišky Krásnohorské;è.p.;1063;;;33202;816342.18;1077259.67;2013-12-01T00:00:00
1086804;558371;Starý Plzenec;;;;;155152;Starý Plzenec;389561;Bezruèova;è.p.;1064;;;33202;817433.01;1076123.21;2013-12-28T00:00:00
1086812;558371;Starý Plzenec;;;;;155152;Starý Plzenec;389668;Habrmanova;è.p.;1065;;;33202;816610.36;1077155.58;2013-12-28T00:00:00
1086821;558371;Starý Plzenec;;;;;155152;Starý Plzenec;389561;Bezruèova;è.p.;1066;;;33202;817296.50;1076112.86;2013-12-28T00:00:00
1086839;558371;Starý Plzenec;;;;;155152;Starý Plzenec;390071;Pod tratí;è.p.;1067;;;33202;815662.89;1076952.88;2013-12-01T00:00:00
1086847;558371;Starý Plzenec;;;;;155152;Starý Plzenec;389595;Èachna;è.p.;1068;;;33202;816908.75;1076460.60;2013-12-28T00:00:00
1086855;558371;Starý Plzenec;;;;;155152;Starý Plzenec;389650;Frièova;è.p.;1070;;;33202;816779.50;1076740.87;2013-12-28T00:00:00
1086863;558371;Starý Plzenec;;;;;155152;Starý Plzenec;389722;Hálkova;è.p.;1071;;;33202;816362.52;1076990.34;2013-12-01T00:00:00
1086871;558371;Starý Plzenec;;;;;155152;Starý Plzenec;390275;Václava Kratochvíla;è.p.;1072;;;33202;816913.10;1075478.61;2013-12-28T00:00:00
1086880;558371;Starý Plzenec;;;;;155152;Starý Plzenec;390275;Václava Kratochvíla;è.p.;1073;;;33202;816917.67;1075436.92;2013-12-28T00:00:00
1086898;558371;Starý Plzenec;;;;;155152;Starý Plzenec;390275;Václava Kratochvíla;è.p.;1074;;;33202;816924.90;1075445.45;2013-12-28T00:00:00
1086901;558371;Starý Plzenec;;;;;155152;Starý Plzenec;389897;Kpt. Jaroše;è.p.;1075;;;33202;816663.19;1076845.92;2013-12-28T00:00:00
1086910;558371;Starý Plzenec;;;;;155152;Starý Plzenec;389986;Na Klínu;è.p.;1076;;;33202;817216.46;1076328.75;2013-12-28T00:00:00
1086928;558371;Starý Plzenec;;;;;155152;Starý Plzenec;389811;K lomu;è.p.;1077;;;33202;816740.08;1076942.96;2013-12-28T00:00:00
1086936;558371;Starý Plzenec;;;;;155152;Starý Plzenec;389650;Frièova;è.p.;1078;;;33202;816768.60;1076757.91;2013-12-28T00:00:00
1086944;558371;Starý Plzenec;;;;;155152;Starý Plzenec;389986;Na Klínu;è.p.;1079;;;33202;817123.87;1076270.28;2013-12-28T00:00:00
1086952;558371;Starý Plzenec;;;;;155152;Starý Plzenec;390275;Václava Kratochvíla;è.p.;1080;;;33202;816897.01;1075459.54;2013-12-28T00:00:00
1086961;558371;Starý Plzenec;;;;;155152;Starý Plzenec;389552;Baslova;è.p.;1081;;;33202;816476.86;1076228.44;2013-12-28T00:00:00
1086979;558371;Starý Plzenec;;;;;155152;Starý Plzenec;390101;Radyòská;è.p.;1082;;;33202;816394.69;1076354.95;2013-12-28T00:00:00
1086987;558371;Starý Plzenec;;;;;155152;Starý Plzenec;659401;Smrková;è.p.;1083;;;33202;816729.90;1077149.99;2013-12-28T00:00:00
1086995;558371;Starý Plzenec;;;;;155152;Starý Plzenec;389650;Frièova;è.p.;1085;;;33202;816751.28;1076798.41;2013-12-28T00:00:00
1087002;558371;Starý Plzenec;;;;;155152;Starý Plzenec;389978;Mikoláše Alše;è.p.;1086;;;33202;815993.18;1076824.66;2013-12-01T00:00:00
1087011;558371;Starý Plzenec;;;;;155152;Starý Plzenec;389811;K lomu;è.p.;1087;;;33202;816798.26;1077065.29;2013-12-28T00:00:00
1087029;558371;Starý Plzenec;;;;;155152;Starý Plzenec;389749;Heydukova;è.p.;1090;;;33202;816689.93;1077051.53;2013-12-28T00:00:00
1087037;558371;Starý Plzenec;;;;;155152;Starý Plzenec;390178;Sudova;è.p.;1091;;;33202;816795.50;1075516.00;2013-12-28T00:00:00
1087045;558371;Starý Plzenec;;;;;155152;Starý Plzenec;389811;K lomu;è.p.;1092;;;33202;816756.12;1077039.82;2013-12-28T00:00:00
1087053;558371;Starý Plzenec;;;;;155152;Starý Plzenec;389811;K lomu;è.p.;1093;;;33202;816756.12;1077100.95;2013-12-28T00:00:00
1087061;558371;Starý Plzenec;;;;;155152;Starý Plzenec;389811;K lomu;è.p.;1095;;;33202;816772.42;1077138.27;2013-12-28T00:00:00
1087070;558371;Starý Plzenec;;;;;155152;Starý Plzenec;389838;Karolíny Svìtlé;è.p.;1097;;;33202;816436.85;1077560.84;2013-12-01T00:00:00
1087088;558371;Starý Plzenec;;;;;155152;Starý Plzenec;390151;Sládkova;è.p.;1099;;;33202;815986.51;1077180.89;2013-12-01T00:00:00
1087096;558371;Starý Plzenec;;;;;155152;Starý Plzenec;389811;K lomu;è.p.;1100;;;33202;816795.46;1077041.22;2013-12-28T00:00:00
1087100;558371;Starý Plzenec;;;;;155152;Starý Plzenec;389749;Heydukova;è.p.;1102;;;33202;816707.50;1077091.78;2013-12-28T00:00:00
1087118;558371;Starý Plzenec;;;;;155152;Starý Plzenec;389897;Kpt. Jaroše;è.p.;1105;;;33202;816680.12;1076879.29;2013-12-28T00:00:00
1087126;558371;Starý Plzenec;;;;;155152;Starý Plzenec;389641;Erbenova;è.p.;1107;;;33202;816746.96;1076780.32;2013-12-28T00:00:00
1087134;558371;Starý Plzenec;;;;;155152;Starý Plzenec;389722;Hálkova;è.p.;1108;;;33202;816228.16;1076571.23;2013-12-01T00:00:00
1087142;558371;Starý Plzenec;;;;;155152;Starý Plzenec;389986;Na Klínu;è.p.;1111;;;33202;817158.62;1076304.55;2013-12-28T00:00:00
1087151;558371;Starý Plzenec;;;;;155152;Starý Plzenec;659401;Smrková;è.p.;1112;;;33202;816752.62;1077146.77;2013-12-28T00:00:00
1087169;558371;Starý Plzenec;;;;;155152;Starý Plzenec;659410;Jedlová;è.p.;1113;;;33202;816857.07;1077099.17;2013-12-28T00:00:00
1087177;558371;Starý Plzenec;;;;;155152;Starý Plzenec;659410;Jedlová;è.p.;1114;;;33202;816852.49;1077053.83;2013-12-28T00:00:00
1087185;558371;Starý Plzenec;;;;;155152;Starý Plzenec;659410;Jedlová;è.p.;1115;;;33202;816847.52;1077029.37;2013-12-28T00:00:00
1087193;558371;Starý Plzenec;;;;;155152;Starý Plzenec;390160;Smetanova;è.p.;1116;;;33202;815962.65;1076210.23;2013-12-28T00:00:00
1087207;558371;Starý Plzenec;;;;;155152;Starý Plzenec;390283;Vrchlického;è.p.;1117;;;33202;816305.61;1076099.58;2013-12-28T00:00:00
1087215;558371;Starý Plzenec;;;;;155152;Starý Plzenec;389811;K lomu;è.p.;1119;;;33202;816810.86;1077125.15;2013-12-28T00:00:00
1087223;558371;Starý Plzenec;;;;;155152;Starý Plzenec;389676;Gorkého;è.p.;1121;;;33202;816368.31;1076699.32;2013-12-01T00:00:00
1087231;558371;Starý Plzenec;;;;;155152;Starý Plzenec;;;è.ev.;1;;;33202;815709.89;1075753.27;2013-12-28T00:00:00
1087240;558371;Starý Plzenec;;;;;155152;Starý Plzenec;;;è.ev.;2;;;33202;815700.29;1075754.92;2013-12-28T00:00:00
1087258;558371;Starý Plzenec;;;;;155152;Starý Plzenec;;;è.ev.;3;;;33202;815690.70;1075758.35;2013-12-28T00:00:00
1087266;558371;Starý Plzenec;;;;;155152;Starý Plzenec;;;è.ev.;4;;;33202;815682.06;1075762.60;2013-12-28T00:00:00
1087274;558371;Starý Plzenec;;;;;155152;Starý Plzenec;;;è.ev.;5;;;33202;815671.91;1075766.44;2013-12-28T00:00:00
1087282;558371;Starý Plzenec;;;;;155152;Starý Plzenec;;;è.ev.;6;;;33202;815661.76;1075770.56;2013-12-28T00:00:00
1087291;558371;Starý Plzenec;;;;;155152;Starý Plzenec;;;è.ev.;7;;;33202;815651.48;1075775.22;2013-12-28T00:00:00
1087304;558371;Starý Plzenec;;;;;155152;Starý Plzenec;;;è.ev.;8;;;33202;815636.54;1075782.22;2013-12-28T00:00:00
1087312;558371;Starý Plzenec;;;;;155152;Starý Plzenec;;;è.ev.;9;;;33202;815624.75;1075789.22;2013-12-28T00:00:00
1087321;558371;Starý Plzenec;;;;;155152;Starý Plzenec;;;è.ev.;10;;;33202;815614.33;1075798.27;2013-12-28T00:00:00
1087339;558371;Starý Plzenec;;;;;155152;Starý Plzenec;;;è.ev.;11;;;33202;815621.59;1075810.89;2013-12-28T00:00:00
1087347;558371;Starý Plzenec;;;;;155152;Starý Plzenec;;;è.ev.;12;;;33202;815512.61;1075843.14;2013-12-28T00:00:00
1087355;558371;Starý Plzenec;;;;;155152;Starý Plzenec;390062;Pod Hùrkou;è.ev.;13;;;33202;815667.17;1075820.37;2025-01-10T00:00:00
1087363;558371;Starý Plzenec;;;;;155152;Starý Plzenec;390062;Pod Hùrkou;è.ev.;14;;;33202;815673.97;1075796.21;2013-12-28T00:00:00
1087371;558371;Starý Plzenec;;;;;155152;Starý Plzenec;390062;Pod Hùrkou;è.ev.;15;;;33202;815653.00;1075854.87;2013-12-28T00:00:00
1087380;558371;Starý Plzenec;;;;;155152;Starý Plzenec;;;è.ev.;16;;;33202;815677.96;1075847.09;2013-12-28T00:00:00
1087398;558371;Starý Plzenec;;;;;155152;Starý Plzenec;;;è.ev.;17;;;33202;815647.92;1075880.55;2013-12-28T00:00:00
1087401;558371;Starý Plzenec;;;;;155152;Starý Plzenec;;;è.ev.;18;;;33202;815635.50;1075888.72;2013-12-28T00:00:00
1087410;558371;Starý Plzenec;;;;;155152;Starý Plzenec;;;è.ev.;19;;;33202;815588.27;1075962.58;2013-12-28T00:00:00
1087436;558371;Starý Plzenec;;;;;155152;Starý Plzenec;;;è.ev.;21;;;33202;815529.72;1076028.84;2013-12-28T00:00:00
1087444;558371;Starý Plzenec;;;;;155152;Starý Plzenec;;;è.ev.;22;;;33202;815513.54;1076045.72;2013-12-28T00:00:00
1087452;558371;Starý Plzenec;;;;;155152;Starý Plzenec;;;è.ev.;23;;;33202;815484.48;1076102.92;2013-12-28T00:00:00
1087479;558371;Starý Plzenec;;;;;155152;Starý Plzenec;;;è.ev.;25;;;33202;817340.50;1076757.65;2013-12-28T00:00:00
1087495;558371;Starý Plzenec;;;;;155152;Starý Plzenec;;;è.ev.;27;;;33202;817358.89;1076752.74;2013-12-28T00:00:00
1087517;558371;Starý Plzenec;;;;;155152;Starý Plzenec;;;è.ev.;29;;;33202;817334.81;1076612.49;2013-12-28T00:00:00
1087525;558371;Starý Plzenec;;;;;155152;Starý Plzenec;;;è.ev.;30;;;33202;817364.36;1076565.63;2013-12-28T00:00:00
1087533;558371;Starý Plzenec;;;;;155152;Starý Plzenec;784788;Prùbìžná;è.ev.;32;;;33202;817402.36;1076540.49;2013-12-28T00:00:00
1087568;558371;Starý Plzenec;;;;;155152;Starý Plzenec;;;è.ev.;35;;;33202;818559.99;1075980.04;2013-12-28T00:00:00
1087576;558371;Starý Plzenec;;;;;155152;Starý Plzenec;;;è.ev.;36;;;33202;818576.20;1076003.31;2013-12-28T00:00:00
1087584;558371;Starý Plzenec;;;;;155152;Starý Plzenec;;;è.ev.;37;;;33202;818590.11;1076022.00;2013-12-28T00:00:00
1087592;558371;Starý Plzenec;;;;;155152;Starý Plzenec;;;è.ev.;38;;;33202;818601.55;1076064.73;2013-12-28T00:00:00
1087606;558371;Starý Plzenec;;;;;155152;Starý Plzenec;;;è.ev.;39;;;33202;818607.08;1076041.84;2013-12-28T00:00:00
1087614;558371;Starý Plzenec;;;;;155152;Starý Plzenec;;;è.ev.;40;;;33202;818636.25;1075987.10;2013-12-28T00:00:00
1087622;558371;Starý Plzenec;;;;;155152;Starý Plzenec;389561;Bezruèova;è.ev.;41;;;33202;818697.56;1076036.59;2021-09-02T00:00:00
1087649;558371;Starý Plzenec;;;;;155152;Starý Plzenec;390216;Ostrá Hùrka;è.ev.;45;;;33202;819125.45;1075795.35;2014-10-29T00:00:00
1087657;558371;Starý Plzenec;;;;;155152;Starý Plzenec;389927;Ke Høišti;è.ev.;46;;;33202;816742.78;1076699.75;2014-04-03T00:00:00
1087665;558371;Starý Plzenec;;;;;155152;Starý Plzenec;389862;Kollárova;è.ev.;47;;;33202;816363.97;1077108.96;2013-12-01T00:00:00
1087681;558371;Starý Plzenec;;;;;155152;Starý Plzenec;390151;Sládkova;è.ev.;49;;;33202;815983.57;1077158.55;2013-12-01T00:00:00
1087690;558371;Starý Plzenec;;;;;155152;Starý Plzenec;389668;Habrmanova;è.ev.;50;;;33202;816534.62;1077093.43;2013-12-28T00:00:00
1087703;558371;Starý Plzenec;;;;;155152;Starý Plzenec;787264;Na Smetaníku;è.ev.;51;;;33202;815961.19;1077895.15;2019-02-26T00:00:00
1087711;558371;Starý Plzenec;;;;;155152;Starý Plzenec;;;è.ev.;52;;;33202;818959.60;1075809.03;2013-12-28T00:00:00
1087754;558371;Starý Plzenec;;;;;155152;Starý Plzenec;;;è.ev.;56;;;33202;818994.62;1075898.71;2013-12-28T00:00:00
1087762;558371;Starý Plzenec;;;;;155152;Starý Plzenec;;;è.ev.;58;;;33202;815750.71;1075786.07;2013-12-28T00:00:00
1087771;558371;Starý Plzenec;;;;;155152;Starý Plzenec;389561;Bezruèova;è.ev.;59;;;33202;818972.08;1075820.17;2017-03-14T00:00:00
1087789;558371;Starý Plzenec;;;;;155152;Starý Plzenec;390216;Ostrá Hùrka;è.ev.;60;;;33202;818988.45;1075845.27;2013-12-28T00:00:00
1087797;558371;Starý Plzenec;;;;;155152;Starý Plzenec;;;è.ev.;62;;;33202;818644.37;1075931.88;2013-12-28T00:00:00
1087827;558371;Starý Plzenec;;;;;155152;Starý Plzenec;;;è.ev.;65;;;33202;818643.99;1075961.06;2013-12-28T00:00:00
1087860;558371;Starý Plzenec;;;;;155152;Starý Plzenec;390160;Smetanova;è.ev.;70;;;33202;815815.56;1076590.38;2013-12-28T00:00:00
1087878;558371;Starý Plzenec;;;;;155152;Starý Plzenec;390241;U Mlýna;è.ev.;71;;;33202;817180.79;1075451.69;2013-12-28T00:00:00
1087886;558371;Starý Plzenec;;;;;155152;Starý Plzenec;;;è.ev.;73;;;33202;815942.25;1075045.45;2013-12-28T00:00:00
1087894;558371;Starý Plzenec;;;;;155152;Starý Plzenec;390062;Pod Hùrkou;è.ev.;75;;;33202;815642.71;1075818.44;2022-01-18T00:00:00
1087916;558371;Starý Plzenec;;;;;155152;Starý Plzenec;;;è.ev.;77;;;33202;815694.26;1075777.83;2013-12-28T00:00:00
1087924;558371;Starý Plzenec;;;;;155152;Starý Plzenec;389714;Havlíèkova;è.ev.;79;;;33202;816754.39;1075348.77;2013-12-28T00:00:00
1087932;558371;Starý Plzenec;;;;;155152;Starý Plzenec;;;è.ev.;80;;;33202;819000.39;1075858.83;2013-12-28T00:00:00
1087941;558371;Starý Plzenec;;;;;155152;Starý Plzenec;;;è.ev.;81;;;33202;815741.51;1075801.30;2013-12-28T00:00:00
1087959;558371;Starý Plzenec;;;;;155152;Starý Plzenec;389757;Hollmanova;è.ev.;82;;;33202;815918.81;1075031.59;2013-12-28T00:00:00
1087967;558371;Starý Plzenec;;;;;155152;Starý Plzenec;;;è.ev.;83;;;33202;817334.45;1076631.62;2013-12-28T00:00:00
1087975;558371;Starý Plzenec;;;;;155152;Starý Plzenec;390216;Ostrá Hùrka;è.ev.;84;;;33202;819150.82;1075807.70;2013-12-28T00:00:00
1087983;558371;Starý Plzenec;;;;;155152;Starý Plzenec;;;è.ev.;85;;;33202;815581.16;1075819.68;2013-12-28T00:00:00
1087991;558371;Starý Plzenec;;;;;155152;Starý Plzenec;;;è.ev.;86;;;33202;815567.18;1075841.36;2013-12-28T00:00:00
1088009;558371;Starý Plzenec;;;;;155152;Starý Plzenec;390089;Podhradní;è.ev.;89;;;33202;815720.67;1075820.48;2015-03-25T00:00:00
1088017;558371;Starý Plzenec;;;;;155152;Starý Plzenec;;;è.ev.;91;;;33202;817331.38;1076573.24;2013-12-28T00:00:00
1088033;558371;Starý Plzenec;;;;;155152;Starý Plzenec;389994;Nádražní;è.ev.;93;;;33202;815788.07;1076639.98;2013-12-28T00:00:00
1088041;558371;Starý Plzenec;;;;;155152;Starý Plzenec;389668;Habrmanova;è.ev.;94;;;33202;816616.22;1077077.01;2013-12-28T00:00:00
1088050;558371;Starý Plzenec;;;;;155152;Starý Plzenec;389927;Ke Høišti;è.ev.;95;;;33202;816756.76;1076718.44;2013-12-28T00:00:00
1088068;558371;Starý Plzenec;;;;;155152;Starý Plzenec;390054;Pionýrù;è.p.;1309;;;33202;816936.02;1076694.96;2013-12-28T00:00:00
1088076;558371;Starý Plzenec;;;;;155152;Starý Plzenec;;;è.ev.;97;;;33202;815475.16;1076042.43;2013-12-28T00:00:00
1088106;558371;Starý Plzenec;;;;;155152;Starý Plzenec;;;è.ev.;101;;;33202;817372.33;1076592.74;2013-12-28T00:00:00
1088114;558371;Starý Plzenec;;;;;155152;Starý Plzenec;779091;K Lesu;è.p.;1300;;;33202;817358.96;1076715.15;2013-12-28T00:00:00
1088122;558371;Starý Plzenec;;;;;155152;Starý Plzenec;;;è.ev.;107;;;33202;817439.50;1076699.69;2013-12-28T00:00:00
1088131;558371;Starý Plzenec;;;;;155152;Starý Plzenec;390089;Podhradní;è.ev.;108;;;33202;815797.58;1075781.04;2019-11-11T00:00:00
1088157;558371;Starý Plzenec;;;;;155152;Starý Plzenec;;;è.ev.;111;;;33202;817780.06;1074886.04;2013-12-28T00:00:00
1088173;558371;Starý Plzenec;;;;;155152;Starý Plzenec;779091;K Lesu;è.ev.;113;;;33202;817315.32;1076726.06;2022-07-13T00:00:00
1088181;558371;Starý Plzenec;;;;;155152;Starý Plzenec;;;è.ev.;114;;;33202;818498.60;1076030.77;2013-12-28T00:00:00
1088190;558371;Starý Plzenec;;;;;155152;Starý Plzenec;784761;Do Vrchu;è.ev.;115;;;33202;817325.50;1076550.55;2022-10-11T00:00:00
1088203;558371;Starý Plzenec;;;;;155152;Starý Plzenec;;;è.ev.;116;;;33202;819040.38;1075829.16;2013-12-28T00:00:00
1088211;558371;Starý Plzenec;;;;;155152;Starý Plzenec;389854;Ke skalce;è.p.;1227;;;33202;815547.00;1076974.00;2013-12-01T00:00:00
1088246;558371;Starý Plzenec;;;;;155152;Starý Plzenec;;;è.ev.;123;;;33202;815652.58;1075797.17;2013-12-28T00:00:00
1088262;558371;Starý Plzenec;;;;;155152;Starý Plzenec;390275;Václava Kratochvíla;è.ev.;125;;;33202;816938.47;1075447.65;2013-12-28T00:00:00
1088271;558371;Starý Plzenec;;;;;155152;Starý Plzenec;;;è.ev.;126;;;33202;815555.78;1076013.48;2013-12-28T00:00:00
1088289;558371;Starý Plzenec;;;;;155152;Starý Plzenec;390089;Podhradní;è.p.;1304;;;33202;815768.46;1075697.51;2013-12-28T00:00:00
1088297;558371;Starý Plzenec;;;;;155152;Starý Plzenec;;;è.ev.;128;;;33202;815496.96;1076071.37;2013-12-28T00:00:00
1088301;558371;Starý Plzenec;;;;;155152;Starý Plzenec;389633;Elišky Krásnohorské;è.ev.;130;;;33202;816280.08;1077288.09;2013-12-01T00:00:00
1088335;558371;Starý Plzenec;;;;;155152;Starý Plzenec;;;è.ev.;133;;;33202;817323.28;1076538.34;2013-12-28T00:00:00
1088343;558371;Starý Plzenec;;;;;155152;Starý Plzenec;389935;Luèní;è.ev.;136;;;33202;816905.58;1076102.68;2013-12-28T00:00:00
1088351;558371;Starý Plzenec;;;;;155152;Starý Plzenec;390216;Ostrá Hùrka;è.ev.;137;;;33202;819109.04;1075866.69;2013-12-28T00:00:00
1088360;558371;Starý Plzenec;;;;;155152;Starý Plzenec;;;è.ev.;138;;;33202;819037.56;1075792.38;2013-12-28T00:00:00
1088394;558371;Starý Plzenec;;;;;155152;Starý Plzenec;389561;Bezruèova;è.ev.;143;;;33202;818652.83;1075995.68;2014-03-12T00:00:00
1088408;558371;Starý Plzenec;;;;;155152;Starý Plzenec;389731;Herejkova;è.ev.;144;;;33202;817097.30;1075419.46;2013-12-28T00:00:00
1088424;558371;Starý Plzenec;;;;;155152;Starý Plzenec;;;è.ev.;146;;;33202;815531.64;1075964.78;2013-12-28T00:00:00
1088432;558371;Starý Plzenec;;;;;155152;Starý Plzenec;;;è.ev.;147;;;33202;815512.31;1075995.37;2013-12-28T00:00:00
1088441;558371;Starý Plzenec;;;;;155152;Starý Plzenec;;;è.ev.;148;;;33202;817289.45;1076702.15;2013-12-28T00:00:00
1088459;558371;Starý Plzenec;;;;;155152;Starý Plzenec;390062;Pod Hùrkou;è.ev.;149;;;33202;815542.36;1075951.38;2013-12-28T00:00:00
1088467;558371;Starý Plzenec;;;;;155152;Starý Plzenec;390216;Ostrá Hùrka;è.ev.;150;;;33202;819045.88;1075842.72;2013-12-28T00:00:00
1088475;558371;Starý Plzenec;;;;;155152;Starý Plzenec;390216;Ostrá Hùrka;è.ev.;151;;;33202;819089.76;1075834.80;2013-12-28T00:00:00
1088483;558371;Starý Plzenec;;;;;155152;Starý Plzenec;390216;Ostrá Hùrka;è.ev.;152;;;33202;818649.97;1076044.89;2013-12-28T00:00:00
1088491;558371;Starý Plzenec;;;;;155152;Starý Plzenec;389994;Nádražní;è.ev.;153;;;33202;815794.14;1076609.46;2013-12-28T00:00:00
1088521;558371;Starý Plzenec;;;;;155152;Starý Plzenec;389714;Havlíèkova;è.ev.;158;;;33202;816766.10;1075304.14;2013-12-28T00:00:00
1088530;558371;Starý Plzenec;;;;;155152;Starý Plzenec;;;è.ev.;159;;;33202;815559.91;1075933.68;2013-12-28T00:00:00
1088548;558371;Starý Plzenec;;;;;155152;Starý Plzenec;389561;Bezruèova;è.ev.;160;;;33202;818538.64;1075965.36;2020-04-21T00:00:00
1088556;558371;Starý Plzenec;;;;;155152;Starý Plzenec;784796;Švestková;è.ev.;161;;;33202;817445.75;1076596.17;2013-12-28T00:00:00
1088564;558371;Starý Plzenec;;;;;155152;Starý Plzenec;389544;Andrejšky;è.ev.;163;;;33202;817402.72;1076687.55;2013-12-28T00:00:00
1088581;558371;Starý Plzenec;;;;;155152;Starý Plzenec;784761;Do Vrchu;è.ev.;166;;;33202;817338.03;1076589.14;2014-10-20T00:00:00
1088599;558371;Starý Plzenec;;;;;155152;Starý Plzenec;;;è.ev.;167;;;33202;815627.07;1075907.71;2013-12-28T00:00:00
1088602;558371;Starý Plzenec;;;;;155152;Starý Plzenec;;;è.ev.;168;;;33202;816051.66;1077534.56;2013-12-01T00:00:00
1088629;558371;Starý Plzenec;;;;;155152;Starý Plzenec;;;è.ev.;170;;;33202;816943.54;1076176.96;2013-12-28T00:00:00
1088637;558371;Starý Plzenec;;;;;155152;Starý Plzenec;;;è.ev.;172;;;33202;815782.70;1075678.92;2013-12-28T00:00:00
1088645;558371;Starý Plzenec;;;;;155152;Starý Plzenec;389544;Andrejšky;è.p.;1139;;;33202;817420.92;1076799.85;2013-12-28T00:00:00
1088653;558371;Starý Plzenec;;;;;155152;Starý Plzenec;787264;Na Smetaníku;è.ev.;43;;;33202;815961.11;1077878.03;2013-12-01T00:00:00
1088661;558371;Starý Plzenec;;;;;155152;Starý Plzenec;787264;Na Smetaníku;è.ev.;44;;;33202;815958.59;1077872.84;2013-12-01T00:00:00
1088670;558371;Starý Plzenec;;;;;155152;Starý Plzenec;389633;Elišky Krásnohorské;è.p.;1125;;;33202;816055.75;1077227.55;2013-12-01T00:00:00
1088688;558371;Starý Plzenec;;;;;155152;Starý Plzenec;389927;Ke Høišti;è.p.;832;;;33202;816892.71;1076767.59;2013-12-28T00:00:00
1088700;558371;Starý Plzenec;;;;;155152;Starý Plzenec;659401;Smrková;è.p.;1120;;;33202;816824.00;1077152.61;2013-12-28T00:00:00
1088718;558371;Starý Plzenec;;;;;155152;Starý Plzenec;389536;28. ØÍJNA;è.p.;594;;;33202;816206.55;1077598.35;2013-12-01T00:00:00
1088726;558371;Starý Plzenec;;;;;155152;Starý Plzenec;389536;28. ØÍJNA;è.p.;641;;;33202;816214.50;1077537.31;2013-12-01T00:00:00
1088734;558371;Starý Plzenec;;;;;155152;Starý Plzenec;389536;28. ØÍJNA;è.p.;691;;;33202;816241.84;1076941.66;2013-12-01T00:00:00
1088742;558371;Starý Plzenec;;;;;155152;Starý Plzenec;389536;28. ØÍJNA;è.p.;872;;;33202;816243.37;1077252.86;2013-12-01T00:00:00
1088751;558371;Starý Plzenec;;;;;155152;Starý Plzenec;389536;28. ØÍJNA;è.p.;877;;;33202;816262.88;1076780.88;2013-12-01T00:00:00
1088769;558371;Starý Plzenec;;;;;155152;Starý Plzenec;389536;28. ØÍJNA;è.p.;878;;;33202;816266.75;1076800.00;2013-12-01T00:00:00
1088777;558371;Starý Plzenec;;;;;155152;Starý Plzenec;389536;28. ØÍJNA;è.p.;884;;;33202;816236.56;1076717.50;2013-12-01T00:00:00
1088785;558371;Starý Plzenec;;;;;155152;Starý Plzenec;389536;28. ØÍJNA;è.p.;885;;;33202;816228.25;1076697.38;2013-12-01T00:00:00
1088793;558371;Starý Plzenec;;;;;155152;Starý Plzenec;389536;28. ØÍJNA;è.p.;886;;;33202;816221.94;1076678.38;2013-12-01T00:00:00
1088807;558371;Starý Plzenec;;;;;155152;Starý Plzenec;389536;28. ØÍJNA;è.p.;893;;;33202;816243.11;1077227.40;2013-12-01T00:00:00
1088815;558371;Starý Plzenec;;;;;155152;Starý Plzenec;389536;28. ØÍJNA;è.p.;1069;;;33202;816180.75;1076673.56;2013-12-01T00:00:00
1088823;558371;Starý Plzenec;;;;;155152;Starý Plzenec;389536;28. ØÍJNA;è.p.;1106;;;33202;816191.00;1076711.12;2013-12-01T00:00:00
1088831;558371;Starý Plzenec;;;;;155152;Starý Plzenec;389838;Karolíny Svìtlé;è.p.;239;;;33202;816390.77;1077530.52;2013-12-01T00:00:00
1088840;558371;Starý Plzenec;;;;;155152;Starý Plzenec;389838;Karolíny Svìtlé;è.p.;407;;;33202;816431.12;1077541.60;2013-12-01T00:00:00
1088866;558371;Starý Plzenec;;;;;155152;Starý Plzenec;390208;Štìnovická;è.p.;100;;;33202;817132.72;1076423.62;2013-12-28T00:00:00
1088874;558371;Starý Plzenec;;;;;155152;Starý Plzenec;390208;Štìnovická;è.p.;771;;;33202;817200.68;1076392.02;2013-12-28T00:00:00
1088882;558371;Starý Plzenec;;;;;155152;Starý Plzenec;390208;Štìnovická;è.p.;776;;;33202;817064.16;1076369.92;2013-12-28T00:00:00
1088891;558371;Starý Plzenec;;;;;155152;Starý Plzenec;390208;Štìnovická;è.p.;787;;;33202;817277.10;1076398.61;2013-12-28T00:00:00
1088904;558371;Starý Plzenec;;;;;155152;Starý Plzenec;390208;Štìnovická;è.p.;790;;;33202;817249.84;1076396.16;2013-12-28T00:00:00
1088912;558371;Starý Plzenec;;;;;155152;Starý Plzenec;390208;Štìnovická;è.p.;805;;;33202;817143.59;1076384.69;2013-12-28T00:00:00
1088921;558371;Starý Plzenec;;;;;155152;Starý Plzenec;390208;Štìnovická;è.p.;827;;;33202;817141.17;1076424.29;2013-12-28T00:00:00
1088939;558371;Starý Plzenec;;;;;155152;Starý Plzenec;390208;Štìnovická;è.p.;870;;;33202;817025.52;1076355.97;2013-12-28T00:00:00
1088947;558371;Starý Plzenec;;;;;155152;Starý Plzenec;390208;Štìnovická;è.p.;881;;;33202;817179.25;1076387.73;2013-12-28T00:00:00
1088955;558371;Starý Plzenec;;;;;155152;Starý Plzenec;390208;Štìnovická;è.p.;941;;;33202;817162.51;1076384.02;2013-12-28T00:00:00
1088963;558371;Starý Plzenec;;;;;155152;Starý Plzenec;390208;Štìnovická;è.p.;1053;;;33202;816961.52;1076337.04;2013-12-28T00:00:00
1088998;558371;Starý Plzenec;;;;;155144;Sedlec;1936697;Turistická;è.ev.;374;;;33202;815237.54;1075926.82;2016-10-19T00:00:00
1089005;558371;Starý Plzenec;;;;;155144;Sedlec;1936557;Polní;è.ev.;375;;;33202;815286.22;1075743.50;2016-10-26T00:00:00
1089021;558371;Starý Plzenec;;;;;155152;Starý Plzenec;;;è.ev.;61;;;33202;816282.03;1077330.55;2013-12-01T00:00:00
1089030;558371;Starý Plzenec;;;;;155152;Starý Plzenec;;;è.ev.;74;;;33202;816255.54;1077608.55;2013-12-01T00:00:00
1089056;558371;Starý Plzenec;;;;;155152;Starý Plzenec;;;è.ev.;90;;;33202;816003.64;1077589.59;2013-12-01T00:00:00
1089064;558371;Starý Plzenec;;;;;155152;Starý Plzenec;;;è.ev.;98;;;33202;816087.54;1077533.02;2013-12-01T00:00:00
1089072;558371;Starý Plzenec;;;;;155152;Starý Plzenec;390151;Sládkova;è.ev.;103;;;33202;815988.44;1077505.52;2018-12-10T00:00:00
1089099;558371;Starý Plzenec;;;;;155152;Starý Plzenec;;;è.ev.;106;;;33202;815980.60;1077594.06;2013-12-01T00:00:00
1089102;558371;Starý Plzenec;;;;;155152;Starý Plzenec;;;è.ev.;119;;;33202;816062.55;1077588.47;2013-12-01T00:00:00
1089111;558371;Starý Plzenec;;;;;155152;Starý Plzenec;;;è.ev.;120;;;33202;816112.39;1077560.54;2013-12-01T00:00:00
1089129;558371;Starý Plzenec;;;;;155152;Starý Plzenec;;;è.ev.;121;;;33202;816301.44;1077354.44;2013-12-01T00:00:00
1089137;558371;Starý Plzenec;;;;;155152;Starý Plzenec;890430;U Pøírodního divadla;è.ev.;141;;;33202;816080.53;1077596.80;2024-06-10T00:00:00
1089153;558371;Starý Plzenec;;;;;155144;Sedlec;1936638;Støední;è.ev.;366;;;33202;814666.08;1076374.36;2016-10-27T00:00:00
1089161;558371;Starý Plzenec;;;;;155144;Sedlec;1936395;Na Potocích;è.ev.;368;;;33202;814435.19;1076228.63;2016-10-24T00:00:00
1089170;558371;Starý Plzenec;;;;;155144;Sedlec;1936638;Støední;è.ev.;369;;;33202;814644.29;1076353.88;2016-10-27T00:00:00
1089188;558371;Starý Plzenec;;;;;155144;Sedlec;1936638;Støední;è.ev.;370;;;33202;814581.72;1076296.75;2016-10-27T00:00:00
1089196;558371;Starý Plzenec;;;;;155144;Sedlec;1936638;Støední;è.ev.;371;;;33202;814676.56;1076387.90;2016-10-27T00:00:00
1089200;558371;Starý Plzenec;;;;;155144;Sedlec;1936638;Støední;è.ev.;372;;;33202;814653.43;1076363.20;2016-10-27T00:00:00
1089218;558371;Starý Plzenec;;;;;155144;Sedlec;1936638;Støední;è.ev.;373;;;33202;814615.86;1076338.22;2016-10-27T00:00:00
1089226;558371;Starý Plzenec;;;;;155144;Sedlec;1936395;Na Potocích;è.ev.;376;;;33202;814415.27;1076227.17;2016-10-24T00:00:00
1089234;558371;Starý Plzenec;;;;;155144;Sedlec;1936051;Cihláøská;è.ev.;377;;;33202;814575.36;1076268.74;2016-10-24T00:00:00
1089242;558371;Starý Plzenec;;;;;155144;Sedlec;1936051;Cihláøská;è.ev.;381;;;33202;814625.05;1076302.16;2016-10-24T00:00:00
1089251;558371;Starý Plzenec;;;;;155144;Sedlec;1936638;Støední;è.ev.;382;;;33202;814568.64;1076288.69;2016-10-27T00:00:00
1089269;558371;Starý Plzenec;;;;;155144;Sedlec;1936051;Cihláøská;è.ev.;384;;;33202;814612.57;1076293.44;2016-10-24T00:00:00
1089277;558371;Starý Plzenec;;;;;155144;Sedlec;1936417;Na Štice;è.ev.;378;;;33202;815272.42;1077700.85;2016-10-13T00:00:00
1089285;558371;Starý Plzenec;;;;;155144;Sedlec;1936417;Na Štice;è.ev.;379;;;33202;815244.95;1077698.60;2016-10-13T00:00:00
1089307;558371;Starý Plzenec;;;;;155144;Sedlec;1936131;Mechová;è.ev.;367;;;33202;814441.47;1077706.56;2016-10-14T00:00:00
1089323;558371;Starý Plzenec;;;;;155152;Starý Plzenec;890430;U Pøírodního divadla;è.ev.;154;;;33202;816023.74;1077583.31;2013-12-01T00:00:00
1089340;558371;Starý Plzenec;;;;;155152;Starý Plzenec;;;è.ev.;165;;;33202;816109.04;1077589.45;2013-12-01T00:00:00
1089358;558371;Starý Plzenec;;;;;155152;Starý Plzenec;;;è.ev.;134;;;33202;815899.23;1075010.49;2013-12-28T00:00:00
1089366;558371;Starý Plzenec;;;;;155152;Starý Plzenec;;;è.ev.;135;;;33202;815884.86;1074998.91;2013-12-28T00:00:00
1089374;558371;Starý Plzenec;;;;;155144;Sedlec;1935321;Úslavská;è.p.;175;;;33202;815224.06;1077036.88;2016-10-12T00:00:00
12057967;558371;Starý Plzenec;;;;;155152;Starý Plzenec;390208;Štìnovická;è.p.;106;;;33202;817099.72;1076381.20;2013-12-28T00:00:00
18183239;558371;Starý Plzenec;;;;;155152;Starý Plzenec;389811;K lomu;è.p.;1109;;;33202;816754.60;1077095.35;2013-12-28T00:00:00
22780131;558371;Starý Plzenec;;;;;155152;Starý Plzenec;390151;Sládkova;è.p.;1101;;;33202;815978.97;1077219.58;2013-12-01T00:00:00
24976261;558371;Starý Plzenec;;;;;155144;Sedlec;1936450;Na Výsluní;è.p.;227;;;33202;815060.44;1076285.00;2016-10-19T00:00:00
25053761;558371;Starý Plzenec;;;;;155152;Starý Plzenec;389731;Herejkova;è.p.;1104;;;33202;816887.71;1075506.57;2013-12-28T00:00:00
25053779;558371;Starý Plzenec;;;;;155152;Starý Plzenec;390151;Sládkova;è.p.;1118;;;33202;815982.60;1077201.01;2013-12-01T00:00:00
25100491;558371;Starý Plzenec;;;;;155152;Starý Plzenec;389811;K lomu;è.p.;1089;;;33202;816806.40;1077108.08;2013-12-28T00:00:00
25100505;558371;Starý Plzenec;;;;;155152;Starý Plzenec;389897;Kpt. Jaroše;è.p.;1128;;;33202;816658.61;1076880.05;2013-12-28T00:00:00
25100513;558371;Starý Plzenec;;;;;155152;Starý Plzenec;389579;Boženy Nìmcové;è.p.;1129;;;33202;816094.89;1076877.21;2013-12-01T00:00:00
25128809;558371;Starý Plzenec;;;;;155152;Starý Plzenec;389838;Karolíny Svìtlé;è.p.;1136;;;33202;816413.94;1077475.12;2013-12-01T00:00:00
25128817;558371;Starý Plzenec;;;;;155152;Starý Plzenec;659401;Smrková;è.p.;1134;;;33202;816858.22;1077136.49;2013-12-28T00:00:00
25174401;558371;Starý Plzenec;;;;;155152;Starý Plzenec;389749;Heydukova;è.p.;1135;;;33202;816688.15;1077071.66;2013-12-28T00:00:00
25192302;558371;Starý Plzenec;;;;;155144;Sedlec;1936697;Turistická;è.p.;229;;;33202;814994.52;1076029.37;2016-10-19T00:00:00
25192311;558371;Starý Plzenec;;;;;155152;Starý Plzenec;389749;Heydukova;è.p.;1122;;;33202;816705.08;1077083.25;2013-12-28T00:00:00
25192329;558371;Starý Plzenec;;;;;155152;Starý Plzenec;389536;28. ØÍJNA;è.p.;1137;;;33202;816280.37;1077210.94;2013-12-01T00:00:00
25192337;558371;Starý Plzenec;;;;;155152;Starý Plzenec;662798;Modøínová;è.p.;1141;;;33202;816541.62;1077181.81;2013-12-28T00:00:00
25201956;558371;Starý Plzenec;;;;;155152;Starý Plzenec;390186;Svatopluka Èecha;è.p.;1143;;;33202;816437.81;1075999.25;2013-12-28T00:00:00
25230115;558371;Starý Plzenec;;;;;155144;Sedlec;1936395;Na Potocích;è.ev.;411;;;33202;814693.31;1076447.75;2016-10-24T00:00:00
25230123;558371;Starý Plzenec;;;;;155144;Sedlec;1936638;Støední;è.ev.;412;;;33202;814610.79;1076381.42;2016-10-24T00:00:00
25230131;558371;Starý Plzenec;;;;;155144;Sedlec;1936417;Na Štice;è.ev.;413;;;33202;815246.85;1077655.16;2016-10-13T00:00:00
25230158;558371;Starý Plzenec;;;;;155152;Starý Plzenec;;;è.ev.;174;;;33202;817386.05;1076621.19;2013-12-28T00:00:00
25230166;558371;Starý Plzenec;;;;;155152;Starý Plzenec;;;è.ev.;175;;;33202;815990.45;1076714.99;2013-12-01T00:00:00
25230174;558371;Starý Plzenec;;;;;155152;Starý Plzenec;390178;Sudova;è.p.;1145;;;33202;816915.09;1075406.04;2013-12-28T00:00:00
25230182;558371;Starý Plzenec;;;;;155152;Starý Plzenec;390178;Sudova;è.p.;1146;;;33202;816903.70;1075415.25;2013-12-28T00:00:00
25246097;558371;Starý Plzenec;;;;;155152;Starý Plzenec;389811;K lomu;è.p.;1110;;;33202;816758.54;1077058.41;2013-12-28T00:00:00
25257650;558371;Starý Plzenec;;;;;155152;Starý Plzenec;389838;Karolíny Svìtlé;è.p.;373;;;33202;816424.38;1077498.93;2013-12-01T00:00:00
25257668;558371;Starý Plzenec;;;;;155152;Starý Plzenec;390259;Sportovní;è.p.;1140;;;33202;816716.02;1077048.60;2013-12-28T00:00:00
25257676;558371;Starý Plzenec;;;;;155152;Starý Plzenec;390224;Tomáškova;è.p.;1150;;;33202;816184.88;1076966.01;2013-12-01T00:00:00
25257684;558371;Starý Plzenec;;;;;155152;Starý Plzenec;659401;Smrková;è.p.;1144;;;33202;816792.53;1077171.26;2013-12-28T00:00:00
25257692;558371;Starý Plzenec;;;;;155152;Starý Plzenec;659401;Smrková;è.p.;1138;;;33202;816710.68;1077192.66;2013-12-28T00:00:00
25257706;558371;Starý Plzenec;;;;;155152;Starý Plzenec;390038;Nerudova;è.p.;1133;;;33202;815774.13;1076578.28;2013-12-28T00:00:00
25257714;558371;Starý Plzenec;;;;;155152;Starý Plzenec;390054;Pionýrù;è.p.;1126;;;33202;816897.28;1076664.28;2013-12-28T00:00:00
25288598;558371;Starý Plzenec;;;;;155152;Starý Plzenec;659410;Jedlová;è.p.;1127;;;33202;816850.96;1077074.84;2013-12-28T00:00:00
25288601;558371;Starý Plzenec;;;;;155152;Starý Plzenec;390038;Nerudova;è.p.;1132;;;33202;815781.35;1076597.48;2013-12-28T00:00:00
25288610;558371;Starý Plzenec;;;;;155152;Starý Plzenec;389706;Havlenova;è.p.;1149;;;33202;816103.20;1077310.77;2014-02-12T00:00:00
25300491;558371;Starý Plzenec;;;;;155152;Starý Plzenec;659401;Smrková;è.p.;1151;;;33202;816738.56;1077190.36;2013-12-28T00:00:00
25304992;558371;Starý Plzenec;;;;;155152;Starý Plzenec;389731;Herejkova;è.p.;1154;;;33202;816770.57;1075600.10;2013-12-28T00:00:00
25308025;558371;Starý Plzenec;;;;;155152;Starý Plzenec;389749;Heydukova;è.p.;1152;;;33202;816665.10;1076920.17;2013-12-28T00:00:00
25308033;558371;Starý Plzenec;;;;;155152;Starý Plzenec;389579;Boženy Nìmcové;è.p.;1155;;;33202;816160.83;1076890.35;2013-12-01T00:00:00
25369571;558371;Starý Plzenec;;;;;155152;Starý Plzenec;390259;Sportovní;è.p.;1157;;;33202;816609.60;1077013.15;2013-12-28T00:00:00
25369580;558371;Starý Plzenec;;;;;155152;Starý Plzenec;389790;Jiráskova;è.p.;1153;;;33202;816155.86;1076190.08;2013-12-28T00:00:00
25369598;558371;Starý Plzenec;;;;;155152;Starý Plzenec;659401;Smrková;è.p.;1160;;;33202;816766.43;1077186.16;2013-12-28T00:00:00
25369601;558371;Starý Plzenec;;;;;155152;Starý Plzenec;389811;K lomu;è.p.;1159;;;33202;816753.58;1077085.80;2013-12-28T00:00:00
25409131;558371;Starý Plzenec;;;;;155152;Starý Plzenec;390020;Nepomucká;è.p.;1158;;;33202;816327.60;1076495.71;2013-12-01T00:00:00
25409140;558371;Starý Plzenec;;;;;155152;Starý Plzenec;389901;Dr. Beneše;è.p.;1161;;;33202;816008.32;1076770.75;2013-12-01T00:00:00
25457594;558371;Starý Plzenec;;;;;155152;Starý Plzenec;708704;U Šimicù;è.p.;1166;;;33202;816366.33;1077216.09;2013-12-01T00:00:00
25457608;558371;Starý Plzenec;;;;;155152;Starý Plzenec;662798;Modøínová;è.p.;1167;;;33202;816544.55;1077149.34;2013-12-28T00:00:00
25457616;558371;Starý Plzenec;;;;;155152;Starý Plzenec;390224;Tomáškova;è.p.;1162;;;33202;816184.53;1077018.36;2013-12-01T00:00:00
25457624;558371;Starý Plzenec;;;;;155152;Starý Plzenec;389927;Ke Høišti;è.p.;1163;;;33202;816806.66;1076854.31;2013-12-28T00:00:00
25457632;558371;Starý Plzenec;;;;;155152;Starý Plzenec;389927;Ke Høišti;è.p.;1165;;;33202;816793.67;1076857.50;2013-12-28T00:00:00
25473174;558371;Starý Plzenec;;;;;155152;Starý Plzenec;389935;Luèní;è.p.;1171;;;33202;816954.19;1076060.93;2013-12-28T00:00:00
25473182;558371;Starý Plzenec;;;;;155152;Starý Plzenec;708682;Akátová;è.p.;1168;;;33202;817347.56;1076354.56;2013-12-28T00:00:00
25473191;558371;Starý Plzenec;;;;;155152;Starý Plzenec;389536;28. ØÍJNA;è.p.;1170;;;33202;816212.02;1076749.07;2013-12-01T00:00:00
25535889;558371;Starý Plzenec;;;;;155152;Starý Plzenec;708691;Javorová;è.p.;1172;;;33202;817278.01;1076241.57;2013-12-28T00:00:00
25535897;558371;Starý Plzenec;;;;;155152;Starý Plzenec;389951;Máchova;è.p.;1169;;;33202;816629.93;1076638.27;2013-12-28T00:00:00
25535901;558371;Starý Plzenec;;;;;155152;Starý Plzenec;708691;Javorová;è.p.;1174;;;33202;817330.54;1076240.81;2013-12-28T00:00:00
25535919;558371;Starý Plzenec;;;;;155152;Starý Plzenec;708691;Javorová;è.p.;1173;;;33202;817302.78;1076242.72;2023-11-01T00:00:00
25659308;558371;Starý Plzenec;;;;;155152;Starý Plzenec;390216;Ostrá Hùrka;è.ev.;171;;;33202;819223.55;1075796.15;2013-12-28T00:00:00
25696581;558371;Starý Plzenec;;;;;155144;Sedlec;1936328;Za Dvorem;è.p.;232;;;33202;815128.89;1076363.47;2016-10-19T00:00:00
25784854;558371;Starý Plzenec;;;;;155152;Starý Plzenec;389811;K lomu;è.p.;1176;;;33202;816761.34;1077120.18;2013-12-28T00:00:00
25784862;558371;Starý Plzenec;;;;;155152;Starý Plzenec;389668;Habrmanova;è.p.;1177;;;33202;816604.00;1077113.94;2013-12-28T00:00:00
25812491;558371;Starý Plzenec;;;;;155152;Starý Plzenec;390151;Sládkova;è.p.;1179;;;33202;816031.14;1077289.15;2013-12-01T00:00:00
25812505;558371;Starý Plzenec;;;;;155152;Starý Plzenec;389765;Hradištì Plzeòského;è.p.;1190;;;33202;816492.62;1075728.79;2013-12-28T00:00:00
25812513;558371;Starý Plzenec;;;;;155152;Starý Plzenec;390224;Tomáškova;è.p.;1187;;;33202;816148.52;1076974.72;2013-12-01T00:00:00
25812521;558371;Starý Plzenec;;;;;155152;Starý Plzenec;708682;Akátová;è.p.;1189;;;33202;817372.49;1076354.33;2013-12-28T00:00:00
25812530;558371;Starý Plzenec;;;;;155152;Starý Plzenec;389927;Ke Høišti;è.p.;1191;;;33202;816767.70;1076666.61;2013-12-28T00:00:00
25812548;558371;Starý Plzenec;;;;;155152;Starý Plzenec;389536;28. ØÍJNA;è.p.;1182;;;33202;816246.85;1077382.12;2013-12-01T00:00:00
25812556;558371;Starý Plzenec;;;;;155144;Sedlec;1936093;K Jezu;è.p.;233;;;33202;814761.51;1077280.65;2016-10-20T00:00:00
25812564;558371;Starý Plzenec;;;;;155144;Sedlec;1936638;Støední;è.ev.;418;;;33202;814714.77;1076430.39;2016-10-24T00:00:00
25812572;558371;Starý Plzenec;;;;;155152;Starý Plzenec;389722;Hálkova;è.p.;1180;;;33202;816329.07;1076943.46;2013-12-01T00:00:00
25812581;558371;Starý Plzenec;;;;;155152;Starý Plzenec;708691;Javorová;è.p.;1192;;;33202;817384.44;1076242.34;2013-12-28T00:00:00
25812599;558371;Starý Plzenec;;;;;155152;Starý Plzenec;389838;Karolíny Svìtlé;è.p.;1200;;;33202;816367.86;1077464.16;2013-12-01T00:00:00
25852752;558371;Starý Plzenec;;;;;155152;Starý Plzenec;389951;Máchova;è.p.;1193;;;33202;816992.28;1076610.77;2013-12-28T00:00:00
25852779;558371;Starý Plzenec;;;;;155152;Starý Plzenec;389595;Èachna;è.p.;1195;;;33202;816978.17;1076618.18;2013-12-28T00:00:00
25852787;558371;Starý Plzenec;;;;;155152;Starý Plzenec;389595;Èachna;è.p.;1196;;;33202;816979.64;1076626.97;2013-12-28T00:00:00
25852795;558371;Starý Plzenec;;;;;155152;Starý Plzenec;390267;Topolová;è.p.;1197;;;33202;817276.18;1076194.54;2013-12-28T00:00:00
25852809;558371;Starý Plzenec;;;;;155152;Starý Plzenec;389781;Jetelová;è.p.;1201;;;33202;817036.08;1076675.31;2013-12-28T00:00:00
25852817;558371;Starý Plzenec;;;;;155152;Starý Plzenec;389781;Jetelová;è.p.;1202;;;33202;817036.69;1076687.34;2013-12-28T00:00:00
25852825;558371;Starý Plzenec;;;;;155152;Starý Plzenec;389781;Jetelová;è.p.;1203;;;33202;817031.60;1076699.68;2013-12-28T00:00:00
25852833;558371;Starý Plzenec;;;;;155152;Starý Plzenec;389722;Hálkova;è.p.;1184;;;33202;816301.70;1076798.41;2013-12-01T00:00:00
25947231;558371;Starý Plzenec;;;;;155152;Starý Plzenec;390224;Tomáškova;è.p.;1188;;;33202;816212.25;1076986.34;2013-12-01T00:00:00
25952986;558371;Starý Plzenec;;;;;155152;Starý Plzenec;389595;Èachna;è.p.;1198;;;33202;817004.32;1076676.54;2013-12-28T00:00:00
25952994;558371;Starý Plzenec;;;;;155152;Starý Plzenec;389561;Bezruèova;è.p.;1210;;;33202;817301.29;1076192.39;2013-12-28T00:00:00
25953001;558371;Starý Plzenec;;;;;155144;Sedlec;1936697;Turistická;è.p.;236;;;33202;815081.06;1075986.78;2016-10-19T00:00:00
25953010;558371;Starý Plzenec;;;;;155152;Starý Plzenec;389722;Hálkova;è.p.;1183;;;33202;816316.71;1076791.78;2013-12-01T00:00:00
25963023;558371;Starý Plzenec;;;;;155144;Sedlec;1936093;K Jezu;è.p.;237;;;33202;814768.88;1077252.13;2016-10-20T00:00:00
25963031;558371;Starý Plzenec;;;;;155152;Starý Plzenec;389617;Dobrovského;è.p.;1204;;;33202;816279.66;1077416.31;2013-12-01T00:00:00
25963040;558371;Starý Plzenec;;;;;155152;Starý Plzenec;389633;Elišky Krásnohorské;è.p.;1185;;;33202;816253.00;1077297.59;2013-12-01T00:00:00
25963058;558371;Starý Plzenec;;;;;155152;Starý Plzenec;390224;Tomáškova;è.p.;1207;;;33202;816185.09;1077055.84;2013-12-01T00:00:00
25963066;558371;Starý Plzenec;;;;;155152;Starý Plzenec;389579;Boženy Nìmcové;è.p.;1206;;;33202;816304.05;1076874.72;2013-12-01T00:00:00
25963074;558371;Starý Plzenec;;;;;155152;Starý Plzenec;390160;Smetanova;è.p.;1209;;;33202;815908.65;1076440.29;2013-12-28T00:00:00
25963082;558371;Starý Plzenec;;;;;155152;Starý Plzenec;389731;Herejkova;è.p.;1208;;;33202;817003.14;1075454.37;2013-12-28T00:00:00
25970798;558371;Starý Plzenec;;;;;155152;Starý Plzenec;389781;Jetelová;è.p.;1205;;;33202;817005.97;1076513.19;2013-12-28T00:00:00
25983121;558371;Starý Plzenec;;;;;155152;Starý Plzenec;390224;Tomáškova;è.p.;1175;;;33202;816233.00;1077023.00;2013-12-01T00:00:00
26002108;558371;Starý Plzenec;;;;;155152;Starý Plzenec;389951;Máchova;è.p.;1211;;;33202;817009.62;1076606.84;2013-12-28T00:00:00
26002116;558371;Starý Plzenec;;;;;155152;Starý Plzenec;389951;Máchova;è.p.;1212;;;33202;817018.49;1076604.91;2013-12-28T00:00:00
26002124;558371;Starý Plzenec;;;;;155152;Starý Plzenec;389781;Jetelová;è.p.;1213;;;33202;817025.89;1076609.69;2013-12-28T00:00:00
26002132;558371;Starý Plzenec;;;;;155152;Starý Plzenec;389781;Jetelová;è.p.;1214;;;33202;817025.12;1076618.25;2013-12-28T00:00:00
26002141;558371;Starý Plzenec;;;;;155152;Starý Plzenec;389561;Bezruèova;è.p.;1215;;;33202;817381.88;1076193.18;2013-12-28T00:00:00
26002159;558371;Starý Plzenec;;;;;155152;Starý Plzenec;389811;K lomu;è.p.;1216;;;33202;816752.43;1077075.86;2013-12-28T00:00:00
26038544;558371;Starý Plzenec;;;;;155152;Starý Plzenec;389579;Boženy Nìmcové;è.p.;1217;;;33202;816330.31;1076868.77;2013-12-01T00:00:00
26038552;558371;Starý Plzenec;;;;;155152;Starý Plzenec;662798;Modøínová;è.p.;1221;;;33202;816573.58;1077188.69;2013-12-28T00:00:00
26038561;558371;Starý Plzenec;;;;;155152;Starý Plzenec;389781;Jetelová;è.p.;1222;;;33202;817028.52;1076635.35;2013-12-28T00:00:00
26038579;558371;Starý Plzenec;;;;;155152;Starý Plzenec;389781;Jetelová;è.p.;1223;;;33202;817031.30;1076645.38;2013-12-28T00:00:00
26038587;558371;Starý Plzenec;;;;;155152;Starý Plzenec;389781;Jetelová;è.p.;1224;;;33202;817026.67;1076652.63;2013-12-28T00:00:00
26038595;558371;Starý Plzenec;;;;;155152;Starý Plzenec;389781;Jetelová;è.p.;1225;;;33202;817016.80;1076654.64;2013-12-28T00:00:00
26045915;558371;Starý Plzenec;;;;;155152;Starý Plzenec;390305;Žižkova;è.p.;1088;;;33202;816680.77;1076264.15;2013-12-28T00:00:00
26045923;558371;Starý Plzenec;;;;;155152;Starý Plzenec;389668;Habrmanova;è.p.;1098;;;33202;816537.17;1076922.85;2013-12-28T00:00:00
26045931;558371;Starý Plzenec;;;;;155152;Starý Plzenec;708691;Javorová;è.p.;1219;;;33202;817333.90;1076276.66;2013-12-28T00:00:00
26084015;558371;Starý Plzenec;;;;;155152;Starý Plzenec;389706;Havlenova;è.p.;1226;;;33202;816136.16;1077330.65;2013-12-01T00:00:00
26096421;558371;Starý Plzenec;;;;;155152;Starý Plzenec;390224;Tomáškova;è.p.;1220;;;33202;816156.89;1077015.46;2013-12-01T00:00:00
26096439;558371;Starý Plzenec;;;;;155152;Starý Plzenec;389595;Èachna;è.p.;1228;;;33202;816982.27;1076645.07;2013-12-28T00:00:00
26096447;558371;Starý Plzenec;;;;;155152;Starý Plzenec;390224;Tomáškova;è.p.;1181;;;33202;816130.83;1076960.20;2013-12-01T00:00:00
26096455;558371;Starý Plzenec;;;;;155152;Starý Plzenec;389722;Hálkova;è.p.;1218;;;33202;816328.44;1076931.39;2013-12-01T00:00:00
26096463;558371;Starý Plzenec;;;;;155152;Starý Plzenec;389722;Hálkova;è.p.;1233;;;33202;816326.30;1076905.70;2013-12-01T00:00:00
26096471;558371;Starý Plzenec;;;;;155152;Starý Plzenec;389595;Èachna;è.p.;1231;;;33202;816999.54;1076657.41;2013-12-28T00:00:00
26096480;558371;Starý Plzenec;;;;;155152;Starý Plzenec;389595;Èachna;è.p.;1229;;;33202;816983.50;1076653.09;2013-12-28T00:00:00
26096498;558371;Starý Plzenec;;;;;155152;Starý Plzenec;389595;Èachna;è.p.;1230;;;33202;816989.98;1076659.73;2013-12-28T00:00:00
26117169;558371;Starý Plzenec;;;;;155152;Starý Plzenec;745065;Májová;è.p.;1232;;;33202;817100.68;1076660.11;2013-12-28T00:00:00
26117177;558371;Starý Plzenec;;;;;155152;Starý Plzenec;745065;Májová;è.p.;1235;;;33202;817115.32;1076674.77;2013-12-28T00:00:00
26127385;558371;Starý Plzenec;;;;;155152;Starý Plzenec;708704;U Šimicù;è.p.;1236;;;33202;816305.30;1077209.14;2013-12-01T00:00:00
26155419;558371;Starý Plzenec;;;;;155152;Starý Plzenec;389641;Erbenova;è.p.;1234;;;33202;816705.33;1076756.12;2013-12-28T00:00:00
26155427;558371;Starý Plzenec;;;;;155152;Starý Plzenec;708691;Javorová;è.p.;1240;;;33202;817311.85;1076274.36;2013-12-28T00:00:00
26155435;558371;Starý Plzenec;;;;;155152;Starý Plzenec;745065;Májová;è.p.;1241;;;33202;817119.64;1076707.93;2013-12-28T00:00:00
26155443;558371;Starý Plzenec;;;;;155152;Starý Plzenec;745065;Májová;è.p.;1242;;;33202;817105.92;1076692.20;2013-12-28T00:00:00
26172810;558371;Starý Plzenec;;;;;155152;Starý Plzenec;389994;Nádražní;è.p.;1237;;;33202;815658.22;1076818.13;2013-12-01T00:00:00
26172828;558371;Starý Plzenec;;;;;155152;Starý Plzenec;708682;Akátová;è.p.;1270;;;33202;817335.44;1076319.25;2013-12-28T00:00:00
26196263;558371;Starý Plzenec;;;;;155152;Starý Plzenec;708691;Javorová;è.p.;1238;;;33202;817285.52;1076274.97;2013-12-28T00:00:00
26196271;558371;Starý Plzenec;;;;;155152;Starý Plzenec;708682;Akátová;è.p.;1271;;;33202;817327.01;1076354.49;2013-12-28T00:00:00
26196280;558371;Starý Plzenec;;;;;155152;Starý Plzenec;708682;Akátová;è.p.;1275;;;33202;817380.46;1076316.49;2013-12-28T00:00:00
26237946;558371;Starý Plzenec;;;;;155152;Starý Plzenec;389811;K lomu;è.p.;1245;;;33202;816758.54;1077113.69;2013-12-28T00:00:00
26237954;558371;Starý Plzenec;;;;;155152;Starý Plzenec;708682;Akátová;è.p.;1266;;;33202;817361.47;1076321.55;2013-12-28T00:00:00
26246775;558371;Starý Plzenec;;;;;155152;Starý Plzenec;708691;Javorová;è.p.;1243;;;33202;817364.68;1076276.81;2013-12-28T00:00:00
26246783;558371;Starý Plzenec;;;;;155152;Starý Plzenec;389668;Habrmanova;è.p.;1239;;;33202;816532.84;1076903.11;2013-12-28T00:00:00
26246791;558371;Starý Plzenec;;;;;155152;Starý Plzenec;708691;Javorová;è.p.;1244;;;33202;817357.03;1076276.66;2013-12-28T00:00:00
26246813;558371;Starý Plzenec;;;;;155152;Starý Plzenec;389561;Bezruèova;è.p.;1156;;;33202;817466.09;1076138.90;2013-12-28T00:00:00
26246821;558371;Starý Plzenec;;;;;155152;Starý Plzenec;745065;Májová;è.p.;1246;;;33202;817070.61;1076723.05;2013-12-28T00:00:00
26270790;558371;Starý Plzenec;;;;;155152;Starý Plzenec;389536;28. ØÍJNA;è.p.;1267;;;33202;816151.87;1076595.05;2013-12-01T00:00:00
26270803;558371;Starý Plzenec;;;;;155152;Starý Plzenec;389587;Brožíkova;è.p.;1248;;;33202;815862.81;1076491.92;2013-12-28T00:00:00
26270811;558371;Starý Plzenec;;;;;155152;Starý Plzenec;390160;Smetanova;è.p.;1272;;;33202;815933.49;1076423.31;2013-12-28T00:00:00
26270820;558371;Starý Plzenec;;;;;155152;Starý Plzenec;745065;Májová;è.p.;1247;;;33202;817076.62;1076701.61;2013-12-28T00:00:00
26270838;558371;Starý Plzenec;;;;;155152;Starý Plzenec;390038;Nerudova;è.p.;1186;;;33202;815816.28;1076561.41;2013-12-28T00:00:00
26270846;558371;Starý Plzenec;;;;;155144;Sedlec;1936450;Na Výsluní;è.p.;241;;;33202;815020.75;1076245.41;2016-10-19T00:00:00
26270854;558371;Starý Plzenec;;;;;155144;Sedlec;1936719;Tymákovská;è.p.;242;;;33202;814864.85;1075908.79;2016-10-17T00:00:00
26289962;558371;Starý Plzenec;;;;;155152;Starý Plzenec;745065;Májová;è.p.;1263;;;33202;817096.34;1076624.46;2013-12-28T00:00:00
26289971;558371;Starý Plzenec;;;;;155152;Starý Plzenec;389935;Luèní;è.p.;1249;;;33202;816921.92;1076178.88;2013-12-28T00:00:00
26289989;558371;Starý Plzenec;;;;;155152;Starý Plzenec;389951;Máchova;è.p.;1251;;;33202;817060.06;1076598.06;2013-12-28T00:00:00
26291932;558371;Starý Plzenec;;;;;155144;Sedlec;1936344;Zahradní;è.p.;238;;;33202;814948.88;1076121.19;2016-10-27T00:00:00
26312956;558371;Starý Plzenec;;;;;155152;Starý Plzenec;745065;Májová;è.p.;1273;;;33202;817071.84;1076663.51;2013-12-28T00:00:00
26312964;558371;Starý Plzenec;;;;;155144;Sedlec;1936093;K Jezu;è.p.;231;;;33202;814848.35;1077295.94;2016-10-20T00:00:00
26548046;558371;Starý Plzenec;;;;;155152;Starý Plzenec;708682;Akátová;è.p.;1269;;;33202;817317.06;1076320.01;2013-12-28T00:00:00
26548054;558371;Starý Plzenec;;;;;155152;Starý Plzenec;389811;K lomu;è.p.;1274;;;33202;816825.11;1076912.14;2013-12-28T00:00:00
26548062;558371;Starý Plzenec;;;;;155152;Starý Plzenec;389706;Havlenova;è.p.;1277;;;33202;816139.20;1077296.85;2013-12-01T00:00:00
26555581;558371;Starý Plzenec;;;;;155144;Sedlec;389862;Kollárova;è.p.;303;;;33202;815808.54;1076916.29;2016-11-11T00:00:00
26555590;558371;Starý Plzenec;;;;;155144;Sedlec;1936697;Turistická;è.p.;244;;;33202;814962.23;1076001.06;2016-10-19T00:00:00
26555603;558371;Starý Plzenec;;;;;155152;Starý Plzenec;389951;Máchova;è.p.;1250;;;33202;817052.47;1076599.61;2013-12-28T00:00:00
26555611;558371;Starý Plzenec;;;;;155152;Starý Plzenec;389951;Máchova;è.p.;1252;;;33202;817067.65;1076596.65;2013-12-28T00:00:00
26555620;558371;Starý Plzenec;;;;;155152;Starý Plzenec;389951;Máchova;è.p.;1253;;;33202;817074.99;1076594.97;2013-12-28T00:00:00
26555638;558371;Starý Plzenec;;;;;155152;Starý Plzenec;389951;Máchova;è.p.;1254;;;33202;817082.96;1076593.56;2013-12-28T00:00:00
26555646;558371;Starý Plzenec;;;;;155152;Starý Plzenec;389951;Máchova;è.p.;1255;;;33202;817090.94;1076592.40;2013-12-28T00:00:00
26555654;558371;Starý Plzenec;;;;;155152;Starý Plzenec;389951;Máchova;è.p.;1256;;;33202;817098.02;1076590.98;2013-12-28T00:00:00
26555662;558371;Starý Plzenec;;;;;155152;Starý Plzenec;389951;Máchova;è.p.;1257;;;33202;817106.64;1076589.57;2013-12-28T00:00:00
26555671;558371;Starý Plzenec;;;;;155152;Starý Plzenec;745065;Májová;è.p.;1258;;;33202;817057.87;1076631.54;2013-12-28T00:00:00
26555689;558371;Starý Plzenec;;;;;155152;Starý Plzenec;745065;Májová;è.p.;1259;;;33202;817065.59;1076630.13;2013-12-28T00:00:00
26555697;558371;Starý Plzenec;;;;;155152;Starý Plzenec;745065;Májová;è.p.;1260;;;33202;817073.44;1076628.58;2013-12-28T00:00:00
26555701;558371;Starý Plzenec;;;;;155152;Starý Plzenec;745065;Májová;è.p.;1261;;;33202;817081.16;1076627.17;2013-12-28T00:00:00
26555719;558371;Starý Plzenec;;;;;155152;Starý Plzenec;745065;Májová;è.p.;1262;;;33202;817088.49;1076625.75;2013-12-28T00:00:00
26555727;558371;Starý Plzenec;;;;;155152;Starý Plzenec;745065;Májová;è.p.;1264;;;33202;817104.06;1076623.05;2013-12-28T00:00:00
26555735;558371;Starý Plzenec;;;;;155152;Starý Plzenec;745065;Májová;è.p.;1265;;;33202;817112.03;1076622.15;2013-12-28T00:00:00
26555743;558371;Starý Plzenec;;;;;155152;Starý Plzenec;708682;Akátová;è.p.;1268;;;33202;817309.10;1076319.55;2013-12-28T00:00:00
26555751;558371;Starý Plzenec;;;;;155152;Starý Plzenec;745065;Májová;è.p.;1278;;;33202;817075.39;1076682.63;2013-12-28T00:00:00
26567717;558371;Starý Plzenec;;;;;155152;Starý Plzenec;390160;Smetanova;è.p.;1276;;;33202;815672.00;1076612.00;2013-12-28T00:00:00
26577941;558371;Starý Plzenec;;;;;155152;Starý Plzenec;389561;Bezruèova;è.ev.;177;;;33202;818444.67;1076025.94;2013-12-28T00:00:00
26597411;558371;Starý Plzenec;;;;;155152;Starý Plzenec;390160;Smetanova;è.p.;1130;;;33202;815692.48;1076587.23;2013-12-28T00:00:00
26597420;558371;Starý Plzenec;;;;;155152;Starý Plzenec;389684;Rašínova;è.p.;1282;;;33202;816142.00;1076388.00;2013-12-28T00:00:00
26597438;558371;Starý Plzenec;;;;;155152;Starý Plzenec;389994;Nádražní;è.p.;1147;;;33202;815942.24;1076551.44;2013-12-28T00:00:00
26606976;558371;Starý Plzenec;;;;;155152;Starý Plzenec;389561;Bezruèova;è.p.;1283;;;33202;817329.92;1076191.17;2013-12-28T00:00:00
26615487;558371;Starý Plzenec;;;;;155152;Starý Plzenec;389722;Hálkova;è.p.;1279;;;33202;816367.01;1077029.84;2013-12-01T00:00:00
26641291;558371;Starý Plzenec;;;;;155152;Starý Plzenec;390224;Tomáškova;è.p.;1285;;;33202;816328.17;1077028.73;2013-12-01T00:00:00
26641305;558371;Starý Plzenec;;;;;155152;Starý Plzenec;389561;Bezruèova;è.p.;1286;;;33202;817024.45;1076281.33;2013-12-28T00:00:00
26641313;558371;Starý Plzenec;;;;;155152;Starý Plzenec;390224;Tomáškova;è.p.;1288;;;33202;816208.24;1077017.16;2013-12-01T00:00:00
26645530;558371;Starý Plzenec;;;;;155152;Starý Plzenec;389536;28. ØÍJNA;è.p.;1284;;;33202;816252.66;1077322.87;2013-12-01T00:00:00
26645548;558371;Starý Plzenec;;;;;155144;Sedlec;1936344;Zahradní;è.p.;245;;;33202;815156.40;1076135.87;2016-10-27T00:00:00
26709198;558371;Starý Plzenec;;;;;155144;Sedlec;1936093;K Jezu;è.p.;246;;;33202;814746.07;1077316.97;2016-10-20T00:00:00
26852179;558371;Starý Plzenec;;;;;155144;Sedlec;1936638;Støední;è.ev.;416;;;33202;814657.54;1076415.78;2016-10-24T00:00:00
26852187;558371;Starý Plzenec;;;;;155152;Starý Plzenec;390208;Štìnovická;è.p.;304;;;33202;818122.10;1076559.05;2013-12-28T00:00:00
27067416;558371;Starý Plzenec;;;;;155152;Starý Plzenec;390232;Tøebízského námìstí;è.p.;22;;;33202;816603.06;1075524.23;2013-12-28T00:00:00
27067424;558371;Starý Plzenec;;;;;155152;Starý Plzenec;389561;Bezruèova;è.p.;1280;;;33202;817049.32;1076191.40;2013-12-28T00:00:00
27067432;558371;Starý Plzenec;;;;;155152;Starý Plzenec;389927;Ke Høišti;è.p.;1287;;;33202;816769.88;1076859.66;2013-12-28T00:00:00
27067441;558371;Starý Plzenec;;;;;155152;Starý Plzenec;390020;Nepomucká;è.p.;1289;;;33202;816065.73;1076585.60;2013-12-01T00:00:00
27067459;558371;Starý Plzenec;;;;;155152;Starý Plzenec;389536;28. ØÍJNA;è.p.;1290;;;33202;816197.15;1076729.20;2013-12-01T00:00:00
27067467;558371;Starý Plzenec;;;;;155152;Starý Plzenec;389986;Na Klínu;è.p.;1292;;;33202;817207.39;1076261.72;2013-12-28T00:00:00
27067475;558371;Starý Plzenec;;;;;155152;Starý Plzenec;390101;Radyòská;è.p.;1299;;;33202;816370.62;1077330.72;2013-12-28T00:00:00
27067483;558371;Starý Plzenec;;;;;155152;Starý Plzenec;389714;Havlíèkova;è.p.;1301;;;33202;816775.44;1075164.62;2013-12-28T00:00:00
27238237;558371;Starý Plzenec;;;;;155152;Starý Plzenec;745065;Májová;è.p.;1295;;;33202;817110.85;1076733.54;2013-12-28T00:00:00
27238245;558371;Starý Plzenec;;;;;155152;Starý Plzenec;745065;Májová;è.p.;1294;;;33202;817102.99;1076737.24;2013-12-28T00:00:00
27238253;558371;Starý Plzenec;;;;;155152;Starý Plzenec;745065;Májová;è.p.;1293;;;33202;817093.89;1076733.54;2013-12-28T00:00:00
27238270;558371;Starý Plzenec;;;;;155152;Starý Plzenec;390038;Nerudova;è.p.;1291;;;33202;815835.84;1076490.22;2013-12-28T00:00:00
27258921;558371;Starý Plzenec;;;;;155144;Sedlec;1936638;Støední;è.ev.;401;;;33202;814577.00;1076388.00;2016-10-24T00:00:00
27258939;558371;Starý Plzenec;;;;;155152;Starý Plzenec;708691;Javorová;è.p.;1298;;;33202;817356.39;1076243.79;2013-12-28T00:00:00
27258947;558371;Starý Plzenec;;;;;155152;Starý Plzenec;745065;Májová;è.p.;1296;;;33202;817113.93;1076724.28;2013-12-28T00:00:00
27288811;558371;Starý Plzenec;;;;;155152;Starý Plzenec;390020;Nepomucká;è.p.;1302;;;33202;816340.62;1076470.37;2014-02-12T00:00:00
27289087;558371;Starý Plzenec;;;;;155144;Sedlec;1936344;Zahradní;è.p.;243;;;33202;814978.55;1076116.51;2016-10-19T00:00:00
27321568;558371;Starý Plzenec;;;;;155144;Sedlec;1936697;Turistická;è.p.;248;;;33202;815142.75;1076021.13;2016-10-26T00:00:00
27326039;558371;Starý Plzenec;;;;;155152;Starý Plzenec;390160;Smetanova;è.p.;1164;;;33202;815718.33;1076558.14;2013-12-28T00:00:00
27328538;558371;Starý Plzenec;;;;;155144;Sedlec;1936697;Turistická;è.ev.;428;;;33202;815240.37;1075954.14;2016-10-19T00:00:00
27395081;558371;Starý Plzenec;;;;;155144;Sedlec;1936395;Na Potocích;è.ev.;415;;;33202;814669.51;1076424.29;2016-10-24T00:00:00
27433471;558371;Starý Plzenec;;;;;155152;Starý Plzenec;389676;Gorkého;è.p.;1308;;;33202;816152.87;1076796.49;2013-12-01T00:00:00
27440338;558371;Starý Plzenec;;;;;155144;Sedlec;1936638;Støední;è.ev.;425;;;33202;814623.30;1076390.69;2016-10-24T00:00:00
27446085;558371;Starý Plzenec;;;;;155152;Starý Plzenec;389536;28. ØÍJNA;è.p.;1307;;;33202;816280.00;1077079.58;2013-12-01T00:00:00
27471365;558371;Starý Plzenec;;;;;155152;Starý Plzenec;779091;K Lesu;è.p.;1306;;;33202;817380.42;1076715.20;2013-12-28T00:00:00
27476502;558371;Starý Plzenec;;;;;155144;Sedlec;1936344;Zahradní;è.p.;252;;;33202;814997.40;1076161.45;2016-10-19T00:00:00
27507271;558371;Starý Plzenec;;;;;155152;Starý Plzenec;389561;Bezruèova;è.p.;1305;;;33202;817360.65;1076192.82;2013-12-28T00:00:00
27519538;558371;Starý Plzenec;;;;;155152;Starý Plzenec;390224;Tomáškova;è.p.;1312;;;33202;816119.98;1077011.04;2013-12-01T00:00:00
27566455;558371;Starý Plzenec;;;;;155152;Starý Plzenec;390224;Tomáškova;è.p.;1313;;;33202;816104.00;1077006.00;2013-12-01T00:00:00
27615936;558371;Starý Plzenec;;;;;155152;Starý Plzenec;389536;28. ØÍJNA;è.p.;1317;;;33202;816251.27;1077350.62;2013-12-01T00:00:00
27640370;558371;Starý Plzenec;;;;;155144;Sedlec;1936751;V Kolonii;è.ev.;429;;;33202;814775.12;1076405.51;2016-10-27T00:00:00
27652521;558371;Starý Plzenec;;;;;155152;Starý Plzenec;389668;Habrmanova;è.p.;1310;;;33202;816505.43;1076588.17;2013-12-28T00:00:00
27683401;558371;Starý Plzenec;;;;;155144;Sedlec;1936328;Za Dvorem;è.p.;250;;;33202;815218.90;1076248.17;2016-10-19T00:00:00
27697525;558371;Starý Plzenec;;;;;155152;Starý Plzenec;389811;K lomu;è.p.;1297;;;33202;816803.53;1077080.52;2013-12-28T00:00:00
27707768;558371;Starý Plzenec;;;;;155144;Sedlec;1936395;Na Potocích;è.ev.;430;;;33202;814707.36;1076455.71;2016-10-26T00:00:00
27780503;558371;Starý Plzenec;;;;;155144;Sedlec;1936344;Zahradní;è.p.;235;;;33202;815062.93;1076151.31;2016-10-19T00:00:00
27810798;558371;Starý Plzenec;;;;;155152;Starý Plzenec;389561;Bezruèova;è.ev.;184;;;33202;818608.52;1075924.51;2013-12-28T00:00:00
27810801;558371;Starý Plzenec;;;;;155152;Starý Plzenec;390216;Ostrá Hùrka;è.ev.;183;;;33202;818948.00;1075844.00;2014-02-18T00:00:00
27836266;558371;Starý Plzenec;;;;;155152;Starý Plzenec;390062;Pod Hùrkou;è.p.;1328;;;33202;815571.39;1075895.55;2013-12-28T00:00:00
27836274;558371;Starý Plzenec;;;;;155152;Starý Plzenec;390062;Pod Hùrkou;è.ev.;182;;;33202;815564.21;1075983.77;2013-12-28T00:00:00
27921514;558371;Starý Plzenec;;;;;155144;Sedlec;1936301;V Mlází;è.p.;254;;;33202;814593.41;1077093.22;2016-10-18T00:00:00
27927628;558371;Starý Plzenec;;;;;155152;Starý Plzenec;784796;Švestková;è.p.;1316;;;33202;817335.92;1076664.68;2013-12-28T00:00:00
27948731;558371;Starý Plzenec;;;;;155152;Starý Plzenec;784761;Do Vrchu;è.p.;1315;;;33202;817298.00;1076542.00;2013-12-28T00:00:00
27963721;558371;Starý Plzenec;;;;;155152;Starý Plzenec;389561;Bezruèova;è.p.;1281;;;33202;817026.00;1076193.00;2013-12-28T00:00:00
27973557;558371;Starý Plzenec;;;;;155152;Starý Plzenec;784788;Prùbìžná;è.p.;1314;;;33202;817349.25;1076541.81;2013-12-28T00:00:00
28005996;558371;Starý Plzenec;;;;;155144;Sedlec;1936450;Na Výsluní;è.p.;255;;;33202;815045.00;1076223.00;2016-10-19T00:00:00
28026977;558371;Starý Plzenec;;;;;155152;Starý Plzenec;389536;28. ØÍJNA;è.p.;1318;;;33202;816280.00;1077313.00;2013-12-01T00:00:00
28033639;558371;Starý Plzenec;;;;;155152;Starý Plzenec;708691;Javorová;è.p.;1319;;;33202;817382.00;1076279.00;2013-12-28T00:00:00
28067223;558371;Starý Plzenec;;;;;155152;Starý Plzenec;784796;Švestková;è.p.;1320;;;33202;817375.00;1076663.00;2013-12-28T00:00:00
28106237;558371;Starý Plzenec;;;;;155152;Starý Plzenec;389811;K lomu;è.p.;1096;;;33202;816821.17;1076975.82;2013-12-28T00:00:00
28106245;558371;Starý Plzenec;;;;;155152;Starý Plzenec;389862;Kollárova;è.p.;1321;;;33202;816399.00;1077118.00;2013-12-01T00:00:00
28114965;558371;Starý Plzenec;;;;;155152;Starý Plzenec;390160;Smetanova;è.p.;1094;;;33202;815725.10;1076632.26;2013-12-28T00:00:00
28123280;558371;Starý Plzenec;;;;;155152;Starý Plzenec;389790;Jiráskova;è.p.;1142;;;33202;816115.55;1076251.94;2013-12-28T00:00:00
28123298;558371;Starý Plzenec;;;;;155152;Starý Plzenec;390151;Sládkova;è.p.;1124;;;33202;815978.36;1077138.01;2013-12-01T00:00:00
28123301;558371;Starý Plzenec;;;;;155152;Starý Plzenec;389722;Hálkova;è.p.;1084;;;33202;816328.81;1076953.25;2013-12-01T00:00:00
28158245;558371;Starý Plzenec;;;;;155152;Starý Plzenec;389731;Herejkova;è.p.;1199;;;33202;817199.64;1075384.40;2019-05-22T00:00:00
28165748;558371;Starý Plzenec;;;;;155152;Starý Plzenec;;;è.ev.;176;;;33202;819049.10;1075884.88;2013-12-28T00:00:00
28165756;558371;Starý Plzenec;;;;;155152;Starý Plzenec;389706;Havlenova;è.p.;1323;;;33202;816113.33;1077132.57;2013-12-01T00:00:00
28165764;558371;Starý Plzenec;;;;;155152;Starý Plzenec;;;è.ev.;179;;;33202;818066.53;1076521.77;2013-12-28T00:00:00
28165772;558371;Starý Plzenec;;;;;155152;Starý Plzenec;;;è.ev.;180;;;33202;815918.59;1075746.46;2013-12-28T00:00:00
28176537;558371;Starý Plzenec;;;;;155144;Sedlec;1936328;Za Dvorem;è.p.;256;;;33202;815186.00;1076315.00;2016-10-19T00:00:00
28207688;558371;Starý Plzenec;;;;;155152;Starý Plzenec;389536;28. ØÍJNA;è.p.;1324;;;33202;816157.77;1076616.06;2013-12-01T00:00:00
28207696;558371;Starý Plzenec;;;;;155152;Starý Plzenec;389536;28. ØÍJNA;è.p.;1322;;;33202;816168.00;1076542.00;2013-12-01T00:00:00
28218027;558371;Starý Plzenec;;;;;155152;Starý Plzenec;390267;Topolová;è.p.;1325;;;33202;817290.87;1076312.70;2013-12-28T00:00:00
28260244;558371;Starý Plzenec;;;;;155152;Starý Plzenec;;;è.ev.;185;;;33202;815689.42;1075839.48;2013-12-28T00:00:00
28266234;558371;Starý Plzenec;;;;;155152;Starý Plzenec;390020;Nepomucká;è.p.;1326;;;33202;815984.06;1076692.38;2013-12-01T00:00:00
28266242;558371;Starý Plzenec;;;;;155152;Starý Plzenec;779091;K Lesu;è.p.;1330;;;33202;817330.03;1076727.66;2013-12-28T00:00:00
28283830;558371;Starý Plzenec;;;;;155144;Sedlec;1936450;Na Výsluní;è.p.;257;;;33202;814959.78;1076291.12;2016-10-19T00:00:00
28303831;558371;Starý Plzenec;;;;;155152;Starý Plzenec;390216;Ostrá Hùrka;è.ev.;186;;;33202;819024.17;1075806.08;2013-12-28T00:00:00
28303849;558371;Starý Plzenec;;;;;155152;Starý Plzenec;390020;Nepomucká;è.p.;1331;;;33202;816135.19;1076560.36;2013-12-01T00:00:00
28303857;558371;Starý Plzenec;;;;;155152;Starý Plzenec;784770;Ke Studánce;è.p.;1332;;;33202;817508.02;1076812.18;2013-12-28T00:00:00
28303938;558371;Starý Plzenec;;;;;155152;Starý Plzenec;389714;Havlíèkova;è.p.;1327;;;33202;816592.43;1075739.31;2014-02-12T00:00:00
28320166;558371;Starý Plzenec;;;;;155144;Sedlec;1936328;Za Dvorem;è.p.;259;;;33202;815243.99;1076293.61;2016-10-19T00:00:00
28326083;558371;Starý Plzenec;;;;;155152;Starý Plzenec;784796;Švestková;è.p.;1329;;;33202;817320.39;1076672.32;2013-12-28T00:00:00
28331044;558371;Starý Plzenec;;;;;155152;Starý Plzenec;389609;Èelakovského;è.p.;1333;;;33202;816877.06;1076461.02;2014-02-12T00:00:00
28336003;558371;Starý Plzenec;;;;;155152;Starý Plzenec;784770;Ke Studánce;è.p.;1334;;;33202;817481.76;1076819.52;2013-12-28T00:00:00
28366174;558371;Starý Plzenec;;;;;155152;Starý Plzenec;390089;Podhradní;è.p.;1335;;;33202;815862.70;1075682.77;2014-02-12T00:00:00
28366182;558371;Starý Plzenec;;;;;155144;Sedlec;1936433;Na Vršku;è.p.;251;;;33202;814690.67;1077045.18;2016-10-18T00:00:00
28451961;558371;Starý Plzenec;;;;;155152;Starý Plzenec;390178;Sudova;è.p.;1336;;;33202;816811.36;1075506.80;2014-02-12T00:00:00
28492382;558371;Starý Plzenec;;;;;155152;Starý Plzenec;822159;Jabloòová;è.p.;1338;;;33202;817221.65;1076586.31;2014-02-12T00:00:00
30005957;558371;Starý Plzenec;;;;;155152;Starý Plzenec;389897;Kpt. Jaroše;è.p.;400;;;33202;816613.13;1076850.13;2013-12-28T00:00:00
30006155;558371;Starý Plzenec;;;;;155152;Starý Plzenec;389536;28. ØÍJNA;è.p.;397;;;33202;816242.98;1077200.40;2013-12-01T00:00:00
30899095;558371;Starý Plzenec;;;;;155144;Sedlec;2191326;K Lodìnici;è.p.;234;;;33202;815050.59;1077068.04;2018-01-16T00:00:00
30899109;558371;Starý Plzenec;;;;;155144;Sedlec;1936719;Tymákovská;è.p.;239;;;33202;814983.08;1076557.01;2016-10-17T00:00:00
30899117;558371;Starý Plzenec;;;;;155144;Sedlec;1936328;Za Dvorem;è.p.;247;;;33202;815250.26;1076256.02;2016-10-19T00:00:00
30899125;558371;Starý Plzenec;;;;;155144;Sedlec;1936671;Školní;è.p.;249;;;33202;815359.99;1077012.38;2016-10-19T00:00:00
30899133;558371;Starý Plzenec;;;;;155144;Sedlec;1936573;Pøíèní;è.p.;253;;;33202;815427.68;1076924.14;2016-10-19T00:00:00
30899141;558371;Starý Plzenec;;;;;155144;Sedlec;389978;Mikoláše Alše;è.p.;258;;;33202;815999.40;1076857.32;2013-12-01T00:00:00
30899176;558371;Starý Plzenec;;;;;155144;Sedlec;1936417;Na Štice;è.ev.;230;;;33202;815285.29;1077606.18;2016-10-13T00:00:00
30899192;558371;Starý Plzenec;;;;;155144;Sedlec;1936638;Støední;è.ev.;414;;;33202;814636.03;1076398.06;2016-10-24T00:00:00
30899206;558371;Starý Plzenec;;;;;155144;Sedlec;1936051;Cihláøská;è.ev.;417;;;33202;814599.38;1076287.36;2016-10-24T00:00:00
30899214;558371;Starý Plzenec;;;;;155144;Sedlec;1936131;Mechová;è.ev.;419;;;33202;814393.51;1077684.87;2016-10-14T00:00:00
30899222;558371;Starý Plzenec;;;;;155144;Sedlec;1936638;Støední;è.ev.;420;;;33202;814535.00;1076334.98;2016-10-24T00:00:00
30899231;558371;Starý Plzenec;;;;;155144;Sedlec;1936638;Støední;è.ev.;421;;;33202;814738.38;1076442.49;2016-10-24T00:00:00
30899249;558371;Starý Plzenec;;;;;155144;Sedlec;1936131;Mechová;è.ev.;422;;;33202;814524.27;1077693.58;2016-10-14T00:00:00
30899257;558371;Starý Plzenec;;;;;155144;Sedlec;1936557;Polní;è.ev.;423;;;33202;814930.00;1075938.00;2016-10-26T00:00:00
30899265;558371;Starý Plzenec;;;;;155144;Sedlec;1936697;Turistická;è.ev.;424;;;33202;815170.00;1075974.00;2016-10-26T00:00:00
30899273;558371;Starý Plzenec;;;;;155144;Sedlec;1936093;K Jezu;è.ev.;431;;;33202;814876.66;1077209.62;2016-10-20T00:00:00
30899281;558371;Starý Plzenec;;;;;155144;Sedlec;1936051;Cihláøská;è.ev.;432;;;33202;814497.28;1076272.96;2016-10-26T00:00:00
30899290;558371;Starý Plzenec;;;;;155152;Starý Plzenec;390232;Tøebízského námìstí;è.p.;1;;;33202;816617.82;1075559.10;2013-12-28T00:00:00
30899303;558371;Starý Plzenec;;;;;155152;Starý Plzenec;390160;Smetanova;è.p.;219;;;33202;816032.30;1076283.13;2013-12-28T00:00:00
30899338;558371;Starý Plzenec;;;;;155152;Starý Plzenec;389552;Baslova;è.p.;343;;;33202;816512.93;1076212.05;2014-02-12T00:00:00
30899346;558371;Starý Plzenec;;;;;155152;Starý Plzenec;389714;Havlíèkova;è.p.;544;;;33202;816670.14;1075474.64;2013-12-28T00:00:00
30899354;558371;Starý Plzenec;;;;;155152;Starý Plzenec;390020;Nepomucká;è.p.;1303;;;33202;816100.31;1076615.27;2014-05-14T00:00:00
30899362;558371;Starý Plzenec;;;;;155152;Starý Plzenec;779091;K Lesu;è.p.;1311;;;33202;817293.24;1076736.65;2014-02-12T00:00:00
30899371;558371;Starý Plzenec;;;;;155152;Starý Plzenec;;;è.ev.;68;;;33202;817387.03;1076678.60;2013-12-28T00:00:00
30899389;558371;Starý Plzenec;;;;;155152;Starý Plzenec;390208;Štìnovická;è.ev.;69;;;33202;817046.18;1076319.72;2013-12-28T00:00:00
30899397;558371;Starý Plzenec;;;;;155152;Starý Plzenec;390208;Štìnovická;è.ev.;102;;;33202;818018.31;1076485.01;2013-12-28T00:00:00
30899401;558371;Starý Plzenec;;;;;155152;Starý Plzenec;389986;Na Klínu;è.ev.;109;;;33202;817190.42;1076306.23;2015-03-04T00:00:00
31302947;558371;Starý Plzenec;;;;;155144;Sedlec;1936093;K Jezu;è.p.;223;;;33202;814822.25;1077316.90;2025-10-06T00:00:00
40253686;558371;Starý Plzenec;;;;;155152;Starý Plzenec;822159;Jabloòová;è.p.;1340;;;33202;817209.15;1076563.57;2013-12-28T00:00:00
40260011;558371;Starý Plzenec;;;;;155152;Starý Plzenec;390038;Nerudova;è.p.;1339;;;33202;815798.20;1076523.40;2013-12-28T00:00:00
40285375;558371;Starý Plzenec;;;;;155152;Starý Plzenec;390089;Podhradní;è.ev.;187;;;33202;815826.88;1075686.76;2013-12-28T00:00:00
40297438;558371;Starý Plzenec;;;;;155152;Starý Plzenec;389668;Habrmanova;è.p.;1341;;;33202;816547.10;1076838.52;2013-12-28T00:00:00
40345149;558371;Starý Plzenec;;;;;155144;Sedlec;1936395;Na Potocích;è.ev.;433;;;33202;814679.46;1076431.96;2016-10-24T00:00:00
40350321;558371;Starý Plzenec;;;;;155152;Starý Plzenec;822159;Jabloòová;è.p.;1342;;;33202;817210.03;1076526.78;2013-12-28T00:00:00
40418341;558371;Starý Plzenec;;;;;155152;Starý Plzenec;390020;Nepomucká;è.p.;1343;;;33202;816364.92;1076480.41;2013-12-01T00:00:00
40468119;558371;Starý Plzenec;;;;;155144;Sedlec;840556;Pastýøská;è.p.;262;;;33202;815242.51;1077266.23;2014-02-07T00:00:00
40469514;558371;Starý Plzenec;;;;;155144;Sedlec;840556;Pastýøská;è.p.;263;;;33202;815277.65;1077268.22;2016-10-31T00:00:00
40470334;558371;Starý Plzenec;;;;;155144;Sedlec;840556;Pastýøská;è.p.;264;;;33202;815266.09;1077237.76;2013-12-01T00:00:00
40470393;558371;Starý Plzenec;;;;;155144;Sedlec;840556;Pastýøská;è.p.;265;;;33202;815255.93;1077237.60;2013-12-01T00:00:00
40553621;558371;Starý Plzenec;;;;;155152;Starý Plzenec;390241;U Mlýna;è.p.;1349;;;33202;817140.30;1075422.76;2013-12-28T00:00:00
40554902;558371;Starý Plzenec;;;;;155152;Starý Plzenec;390208;Štìnovická;è.p.;1344;;;33202;818207.41;1077081.45;2013-12-28T00:00:00
40656276;558371;Starý Plzenec;;;;;155144;Sedlec;840556;Pastýøská;è.p.;266;;;33202;815358.97;1077273.61;2013-12-01T00:00:00
40679951;558371;Starý Plzenec;;;;;155152;Starý Plzenec;708682;Akátová;è.p.;1350;;;33202;817307.53;1076346.20;2013-12-28T00:00:00
40731049;558371;Starý Plzenec;;;;;155152;Starý Plzenec;390178;Sudova;è.p.;1351;;;33202;816860.17;1075445.56;2013-12-28T00:00:00
40779033;558371;Starý Plzenec;;;;;155152;Starý Plzenec;389552;Baslova;è.p.;1345;;;33202;816497.08;1076215.91;2013-12-28T00:00:00
40779131;558371;Starý Plzenec;;;;;155152;Starý Plzenec;389552;Baslova;è.p.;1348;;;33202;816475.99;1076203.76;2013-12-28T00:00:00
40907392;558371;Starý Plzenec;;;;;155144;Sedlec;1936557;Polní;è.p.;261;;;33202;815206.52;1075830.31;2016-10-18T00:00:00
40970540;558371;Starý Plzenec;;;;;155144;Sedlec;840556;Pastýøská;è.p.;268;;;33202;815381.70;1077270.59;2013-12-01T00:00:00
41152654;558371;Starý Plzenec;;;;;155144;Sedlec;840556;Pastýøská;è.p.;267;;;33202;815475.21;1077250.34;2013-12-01T00:00:00
41173376;558371;Starý Plzenec;;;;;155144;Sedlec;1936395;Na Potocích;è.ev.;435;;;33202;814461.76;1076243.57;2016-10-24T00:00:00
41243200;558371;Starý Plzenec;;;;;155144;Sedlec;1936697;Turistická;è.p.;269;;;33202;815262.02;1075928.27;2016-10-19T00:00:00
41268733;558371;Starý Plzenec;;;;;155144;Sedlec;1936697;Turistická;è.p.;270;;;33202;815219.01;1076024.51;2016-10-19T00:00:00
41344642;558371;Starý Plzenec;;;;;155152;Starý Plzenec;389986;Na Klínu;è.p.;1352;;;33202;817213.33;1076304.17;2013-12-28T00:00:00
41458214;558371;Starý Plzenec;;;;;155144;Sedlec;1936751;V Kolonii;è.ev.;434;;;33202;814777.55;1076441.48;2016-10-27T00:00:00
41589173;558371;Starý Plzenec;;;;;155144;Sedlec;1936514;Pod Duby;è.p.;271;;;33202;815218.88;1075749.66;2016-10-18T00:00:00
41672470;558371;Starý Plzenec;;;;;155152;Starý Plzenec;390208;Štìnovická;è.p.;1353;;;33202;817005.57;1076340.76;2013-12-28T00:00:00
41727789;558371;Starý Plzenec;;;;;155152;Starý Plzenec;390283;Vrchlického;è.p.;1354;;;33202;816290.51;1076108.31;2013-12-28T00:00:00
41791282;558371;Starý Plzenec;;;;;155144;Sedlec;1936433;Na Vršku;è.p.;272;;;33202;814640.61;1077094.70;2016-10-18T00:00:00
42150329;558371;Starý Plzenec;;;;;155152;Starý Plzenec;389552;Baslova;è.p.;1346;;;33202;816488.41;1076211.25;2013-12-28T00:00:00
42188458;558371;Starý Plzenec;;;;;155144;Sedlec;840556;Pastýøská;è.p.;273;;;33202;815345.64;1077243.72;2014-02-07T00:00:00
42255252;558371;Starý Plzenec;;;;;155152;Starý Plzenec;708704;U Šimicù;è.p.;1355;;;33202;816394.77;1077211.25;2013-12-01T00:00:00
42283116;558371;Starý Plzenec;;;;;155144;Sedlec;1936671;Školní;è.p.;274;;;33202;815388.73;1077023.22;2016-10-19T00:00:00
42283680;558371;Starý Plzenec;;;;;155144;Sedlec;1936638;Støední;è.ev.;436;;;33202;814569.57;1076326.54;2016-10-24T00:00:00
42406391;558371;Starý Plzenec;;;;;155144;Sedlec;1936395;Na Potocích;è.p.;275;;;33202;814889.82;1076529.06;2016-10-24T00:00:00
42471575;558371;Starý Plzenec;;;;;155152;Starý Plzenec;390143;Sladkovského;è.p.;1363;;;33202;816710.56;1076425.26;2013-12-28T00:00:00
42519357;558371;Starý Plzenec;;;;;155152;Starý Plzenec;390186;Svatopluka Èecha;è.p.;1360;;;33202;816331.90;1076015.25;2013-12-28T00:00:00
42626315;558371;Starý Plzenec;;;;;155144;Sedlec;840556;Pastýøská;è.p.;277;;;33202;815234.56;1077235.63;2013-12-01T00:00:00
42626692;558371;Starý Plzenec;;;;;155144;Sedlec;840556;Pastýøská;è.p.;276;;;33202;815320.47;1077267.61;2013-12-01T00:00:00
42656397;558371;Starý Plzenec;;;;;155152;Starý Plzenec;784796;Švestková;è.p.;1358;;;33202;817348.54;1076660.66;2013-12-28T00:00:00
42752892;558371;Starý Plzenec;;;;;155152;Starý Plzenec;390089;Podhradní;è.p.;1357;;;33202;815744.96;1075690.24;2013-12-28T00:00:00
42762685;558371;Starý Plzenec;;;;;155144;Sedlec;840556;Pastýøská;è.p.;278;;;33202;815233.21;1077265.89;2013-12-01T00:00:00
42794803;558371;Starý Plzenec;;;;;155144;Sedlec;1936093;K Jezu;è.p.;279;;;33202;814835.24;1077025.95;2016-10-20T00:00:00
42814642;558371;Starý Plzenec;;;;;155152;Starý Plzenec;390259;Sportovní;è.p.;1356;;;33202;816527.84;1077029.80;2013-12-28T00:00:00
71599240;558371;Starý Plzenec;;;;;155144;Sedlec;1936697;Turistická;è.p.;280;;;33202;814995.69;1076058.70;2016-10-19T00:00:00
71908871;558371;Starý Plzenec;;;;;155152;Starý Plzenec;389714;Havlíèkova;è.p.;1337;;;33202;816762.53;1075328.76;2014-02-20T00:00:00
72369051;558371;Starý Plzenec;;;;;155152;Starý Plzenec;1252933;Pod Dálnicí;è.p.;1361;;;33202;819237.03;1075096.90;2014-03-12T00:00:00
72604867;558371;Starý Plzenec;;;;;155152;Starý Plzenec;390259;Sportovní;è.p.;1359;;;33202;816731.47;1077037.07;2014-04-24T00:00:00
72657880;558371;Starý Plzenec;;;;;155152;Starý Plzenec;389994;Nádražní;è.p.;1362;;;33202;815737.16;1076672.85;2014-05-14T00:00:00
72658291;558371;Starý Plzenec;;;;;155152;Starý Plzenec;390020;Nepomucká;è.p.;303;;;33202;816094.34;1076576.62;2014-05-14T00:00:00
72796766;558371;Starý Plzenec;;;;;155152;Starý Plzenec;389579;Boženy Nìmcové;è.p.;1364;;;33202;816278.29;1076869.79;2014-06-13T00:00:00
73040533;558371;Starý Plzenec;;;;;155152;Starý Plzenec;390038;Nerudova;è.p.;1365;;;33202;816164.86;1076378.80;2014-09-09T00:00:00
73132519;558371;Starý Plzenec;;;;;155152;Starý Plzenec;389617;Dobrovského;è.p.;1366;;;33202;816338.86;1077384.40;2014-10-15T00:00:00
73132624;558371;Starý Plzenec;;;;;155152;Starý Plzenec;822159;Jabloòová;è.p.;1367;;;33202;817197.00;1076491.56;2014-10-15T00:00:00
73265012;558371;Starý Plzenec;;;;;155144;Sedlec;1936395;Na Potocích;è.ev.;427;;;33202;814546.25;1076377.99;2016-10-31T00:00:00
73281841;558371;Starý Plzenec;;;;;155152;Starý Plzenec;390283;Vrchlického;è.p.;1368;;;33202;816260.71;1076113.75;2014-12-17T00:00:00
73342394;558371;Starý Plzenec;;;;;155152;Starý Plzenec;904252;Na Høišti;è.p.;1377;;;33202;816913.28;1076835.08;2015-06-17T00:00:00
73361461;558371;Starý Plzenec;;;;;155152;Starý Plzenec;389609;Èelakovského;è.p.;1370;;;33202;816788.53;1076480.03;2015-01-21T00:00:00
73369381;558371;Starý Plzenec;;;;;155152;Starý Plzenec;389706;Havlenova;è.p.;1369;;;33202;816096.27;1077455.96;2015-01-22T00:00:00
73472859;558371;Starý Plzenec;;;;;155152;Starý Plzenec;390062;Pod Hùrkou;è.ev.;188;;;33202;815599.56;1075944.81;2015-03-02T00:00:00
73534901;558371;Starý Plzenec;;;;;155152;Starý Plzenec;784796;Švestková;è.p.;1374;;;33202;817365.57;1076627.03;2015-03-24T00:00:00
73559369;558371;Starý Plzenec;;;;;155152;Starý Plzenec;390216;Ostrá Hùrka;è.p.;1373;;;33202;819241.87;1075768.34;2015-04-01T00:00:00
73566381;558371;Starý Plzenec;;;;;155152;Starý Plzenec;389803;Jungmannova;è.p.;1372;;;33202;816806.87;1076540.49;2015-04-02T00:00:00
73631418;558371;Starý Plzenec;;;;;155152;Starý Plzenec;389862;Kollárova;è.p.;1375;;;33202;815922.02;1077011.46;2015-04-28T00:00:00
73868663;558371;Starý Plzenec;;;;;155144;Sedlec;840556;Pastýøská;è.p.;283;;;33202;815335.24;1077243.37;2015-07-15T00:00:00
74030507;558371;Starý Plzenec;;;;;155144;Sedlec;1936671;Školní;è.p.;288;;;33202;815322.16;1076973.50;2016-10-19T00:00:00
74095277;558371;Starý Plzenec;;;;;155144;Sedlec;840556;Pastýøská;è.p.;284;;;33202;815449.79;1077244.31;2015-09-22T00:00:00
74095331;558371;Starý Plzenec;;;;;155144;Sedlec;840556;Pastýøská;è.p.;289;;;33202;815265.34;1077267.36;2015-09-22T00:00:00
74097873;558371;Starý Plzenec;;;;;155144;Sedlec;840556;Pastýøská;è.p.;286;;;33202;815311.49;1077267.23;2015-09-23T00:00:00
74130374;558371;Starý Plzenec;;;;;155144;Sedlec;1936557;Polní;è.p.;285;;;33202;815230.46;1075808.51;2016-10-18T00:00:00
74140400;558371;Starý Plzenec;;;;;155144;Sedlec;840556;Pastýøská;è.p.;287;;;33202;815243.80;1077235.84;2015-10-12T00:00:00
74179730;558371;Starý Plzenec;;;;;155144;Sedlec;840556;Pastýøská;è.p.;282;;;33202;815339.50;1077273.03;2015-10-26T00:00:00
74225189;558371;Starý Plzenec;;;;;155144;Sedlec;1936093;K Jezu;è.ev.;437;;;33202;814773.43;1077226.55;2016-10-20T00:00:00
74225367;558371;Starý Plzenec;;;;;155144;Sedlec;1936093;K Jezu;è.p.;291;;;33202;814945.14;1076806.84;2016-10-20T00:00:00
74274295;558371;Starý Plzenec;;;;;155152;Starý Plzenec;390283;Vrchlického;è.p.;1376;;;33202;816239.49;1076119.12;2015-11-19T00:00:00
74364456;558371;Starý Plzenec;;;;;155144;Sedlec;1936395;Na Potocích;è.p.;292;;;33202;814876.79;1076565.36;2016-10-24T00:00:00
74465180;558371;Starý Plzenec;;;;;155152;Starý Plzenec;389552;Baslova;è.p.;1347;;;33202;816483.35;1076208.03;2016-01-18T00:00:00
74469801;558371;Starý Plzenec;;;;;155144;Sedlec;840556;Pastýøská;è.p.;293;;;33202;815289.13;1077239.77;2016-01-15T00:00:00
74469843;558371;Starý Plzenec;;;;;155144;Sedlec;840556;Pastýøská;è.p.;294;;;33202;815278.93;1077239.50;2016-01-15T00:00:00
74512111;558371;Starý Plzenec;;;;;155152;Starý Plzenec;389536;28. ØÍJNA;è.p.;1378;;;33202;816275.48;1077385.75;2016-01-27T00:00:00
74549537;558371;Starý Plzenec;;;;;155152;Starý Plzenec;389552;Baslova;è.p.;1379;;;33202;816462.53;1076194.48;2016-02-08T00:00:00
74598821;558371;Starý Plzenec;;;;;155144;Sedlec;840556;Pastýøská;è.p.;295;;;33202;815288.31;1077268.55;2016-02-17T00:00:00
74723707;558371;Starý Plzenec;;;;;155144;Sedlec;1936344;Zahradní;è.p.;296;;;33202;815098.60;1076140.66;2016-10-19T00:00:00
74741926;558371;Starý Plzenec;;;;;155152;Starý Plzenec;389668;Habrmanova;è.ev.;173;;;33202;816512.03;1076940.28;2016-03-21T00:00:00
74755234;558371;Starý Plzenec;;;;;155152;Starý Plzenec;389706;Havlenova;è.p.;1380;;;33202;816135.42;1077428.00;2016-03-22T00:00:00
74854909;558371;Starý Plzenec;;;;;155144;Sedlec;1936344;Zahradní;è.ev.;438;;;33202;815045.85;1076165.36;2016-10-19T00:00:00
74912089;558371;Starý Plzenec;;;;;155152;Starý Plzenec;389862;Kollárova;è.p.;1381;;;33202;816141.86;1077108.47;2016-05-04T00:00:00
74926667;558371;Starý Plzenec;;;;;155144;Sedlec;1936344;Zahradní;è.p.;297;;;33202;815088.51;1076116.10;2016-10-19T00:00:00
75007568;558371;Starý Plzenec;;;;;155152;Starý Plzenec;389927;Ke Høišti;è.p.;1382;;;33202;816826.20;1076852.18;2016-05-16T00:00:00
75028727;558371;Starý Plzenec;;;;;155144;Sedlec;840556;Pastýøská;è.p.;298;;;33202;815462.90;1077276.84;2016-05-19T00:00:00
75034115;558371;Starý Plzenec;;;;;155152;Starý Plzenec;389561;Bezruèova;è.ev.;189;;;33202;818690.83;1075957.46;2016-05-23T00:00:00
75043092;558371;Starý Plzenec;;;;;155152;Starý Plzenec;822159;Jabloòová;è.p.;1383;;;33202;817200.69;1076512.12;2016-05-25T00:00:00
75119790;558371;Starý Plzenec;;;;;155144;Sedlec;840556;Pastýøská;è.p.;290;;;33202;815255.87;1077267.21;2016-06-16T00:00:00
75246201;558371;Starý Plzenec;;;;;155152;Starý Plzenec;787264;Na Smetaníku;è.ev.;190;;;33202;815897.31;1077813.68;2016-08-03T00:00:00
75281619;558371;Starý Plzenec;;;;;155144;Sedlec;1936573;Pøíèní;è.p.;299;;;33202;815425.63;1076809.75;2016-10-19T00:00:00
75315904;558371;Starý Plzenec;;;;;155152;Starý Plzenec;1936981;Šípková;è.p.;1384;;;33202;816936.86;1076788.45;2017-04-10T00:00:00
75370999;558371;Starý Plzenec;;;;;155144;Sedlec;840556;Pastýøská;è.p.;300;;;33202;815321.55;1077242.06;2016-09-26T00:00:00
75390019;558371;Starý Plzenec;;;;;155144;Sedlec;840556;Pastýøská;è.p.;302;;;33202;815448.20;1077269.86;2016-10-04T00:00:00
75454009;558371;Starý Plzenec;;;;;155144;Sedlec;1936131;Mechová;è.ev.;439;;;33202;814523.51;1077682.49;2016-10-24T00:00:00
75595541;558371;Starý Plzenec;;;;;155152;Starý Plzenec;389811;K lomu;è.p.;1387;;;33202;816889.74;1076885.53;2016-11-30T00:00:00
75684772;558371;Starý Plzenec;;;;;155152;Starý Plzenec;389633;Elišky Krásnohorské;è.p.;1388;;;33202;816295.96;1077288.35;2017-01-02T00:00:00
75703289;558371;Starý Plzenec;;;;;155152;Starý Plzenec;389935;Luèní;è.p.;1385;;;33202;816968.51;1076101.50;2017-01-09T00:00:00
75726122;558371;Starý Plzenec;;;;;155152;Starý Plzenec;389625;Dvoøákova;è.p.;1389;;;33202;816682.02;1076416.51;2017-01-12T00:00:00
75798263;558371;Starý Plzenec;;;;;155152;Starý Plzenec;784761;Do Vrchu;è.p.;1390;;;33202;817254.19;1076559.32;2017-02-02T00:00:00
75838273;558371;Starý Plzenec;;;;;155144;Sedlec;1936671;Školní;è.p.;304;;;33202;815371.36;1076854.63;2017-02-14T00:00:00
75845865;558371;Starý Plzenec;;;;;155152;Starý Plzenec;389749;Heydukova;è.p.;1391;;;33202;816616.53;1076724.83;2017-02-16T00:00:00
75882078;558371;Starý Plzenec;;;;;155152;Starý Plzenec;389927;Ke Høišti;è.p.;1392;;;33202;816978.28;1076701.37;2017-03-01T00:00:00
75970830;558371;Starý Plzenec;;;;;155144;Sedlec;1936590;Spojovací;è.p.;306;;;33202;815176.87;1076044.63;2017-03-23T00:00:00
75972433;558371;Starý Plzenec;;;;;155144;Sedlec;1936450;Na Výsluní;è.p.;305;;;33202;815080.93;1076232.64;2017-03-23T00:00:00
76035948;558371;Starý Plzenec;;;;;155152;Starý Plzenec;389536;28. ØÍJNA;è.p.;1393;;;33202;816169.47;1076627.41;2017-04-05T00:00:00
76036553;558371;Starý Plzenec;;;;;155144;Sedlec;1936573;Pøíèní;è.p.;307;;;33202;815429.52;1076908.23;2017-04-05T00:00:00
76119611;558371;Starý Plzenec;;;;;155152;Starý Plzenec;904252;Na Høišti;è.p.;1395;;;33202;816938.22;1076824.83;2017-04-27T00:00:00
76151191;558371;Starý Plzenec;;;;;155144;Sedlec;840556;Pastýøská;è.p.;301;;;33202;815313.07;1077241.54;2017-05-12T00:00:00
76211380;558371;Starý Plzenec;;;;;155152;Starý Plzenec;904252;Na Høišti;è.p.;1397;;;33202;816969.55;1076840.44;2017-06-06T00:00:00
76295656;558371;Starý Plzenec;;;;;155152;Starý Plzenec;389811;K lomu;è.p.;1394;;;33202;816850.91;1076873.81;2017-06-15T00:00:00
76295885;558371;Starý Plzenec;;;;;155152;Starý Plzenec;389668;Habrmanova;è.p.;1386;;;33202;816631.87;1077138.03;2017-06-15T00:00:00
76307930;558371;Starý Plzenec;;;;;155152;Starý Plzenec;389561;Bezruèova;è.p.;1396;;;33202;817131.82;1076190.04;2017-06-20T00:00:00
76817075;558371;Starý Plzenec;;;;;155152;Starý Plzenec;1936981;Šípková;è.p.;1398;;;33202;816987.95;1076755.58;2017-06-28T00:00:00
77005236;558371;Starý Plzenec;;;;;155144;Sedlec;1936131;Mechová;è.ev.;440;;;33202;814462.29;1077708.56;2018-01-24T00:00:00
77534450;558371;Starý Plzenec;;;;;155152;Starý Plzenec;904252;Na Høišti;è.p.;1399;;;33202;816928.03;1076853.61;2017-07-28T00:00:00
77534859;558371;Starý Plzenec;;;;;155152;Starý Plzenec;904252;Na Høišti;è.p.;1400;;;33202;816934.13;1076862.38;2017-07-28T00:00:00
77550951;558371;Starý Plzenec;;;;;155152;Starý Plzenec;389811;K lomu;è.p.;1401;;;33202;816831.89;1076883.80;2017-08-04T00:00:00
77713877;558371;Starý Plzenec;;;;;155152;Starý Plzenec;389927;Ke Høišti;è.p.;1402;;;33202;816967.11;1076721.04;2017-10-12T00:00:00
77716957;558371;Starý Plzenec;;;;;155144;Sedlec;1936433;Na Vršku;è.ev.;441;;;33202;814556.66;1076731.77;2017-10-16T00:00:00
77731981;558371;Starý Plzenec;;;;;155152;Starý Plzenec;389561;Bezruèova;è.p.;1403;;;33202;816973.19;1076303.25;2017-10-18T00:00:00
77800460;558371;Starý Plzenec;;;;;155152;Starý Plzenec;389544;Andrejšky;è.p.;1404;;;33202;817414.54;1076835.19;2017-11-15T00:00:00
77849655;558371;Starý Plzenec;;;;;155152;Starý Plzenec;784796;Švestková;è.p.;1405;;;33202;817393.44;1076643.83;2017-12-06T00:00:00
77866657;558371;Starý Plzenec;;;;;155152;Starý Plzenec;822159;Jabloòová;è.p.;1407;;;33202;817201.42;1076444.54;2017-12-13T00:00:00
77866967;558371;Starý Plzenec;;;;;155152;Starý Plzenec;822159;Jabloòová;è.p.;1406;;;33202;817200.68;1076421.44;2017-12-13T00:00:00
77918568;558371;Starý Plzenec;;;;;155144;Sedlec;1936115;Lesní;è.p.;308;;;33202;814577.56;1076902.54;2018-01-10T00:00:00
78030315;558371;Starý Plzenec;;;;;155152;Starý Plzenec;389561;Bezruèova;è.p.;1371;;;33202;817132.72;1076213.56;2018-02-16T00:00:00
78196884;558371;Starý Plzenec;;;;;155152;Starý Plzenec;389749;Heydukova;è.p.;1408;;;33202;816625.57;1076881.64;2018-04-03T00:00:00
78217318;558371;Starý Plzenec;;;;;155152;Starý Plzenec;2256304;Úzká;è.ev.;191;;;33202;816991.28;1076138.96;2018-04-05T00:00:00
78297834;558371;Starý Plzenec;;;;;155152;Starý Plzenec;1936981;Šípková;è.p.;1409;;;33202;817006.15;1076812.07;2018-04-27T00:00:00
78337933;558371;Starý Plzenec;;;;;155144;Sedlec;1936557;Polní;è.p.;309;;;33202;815163.59;1075912.96;2018-05-15T00:00:00
78339693;558371;Starý Plzenec;;;;;155144;Sedlec;1936697;Turistická;è.p.;310;;;33202;815052.38;1075992.86;2018-05-15T00:00:00
78403511;558371;Starý Plzenec;;;;;155152;Starý Plzenec;1936981;Šípková;è.p.;1410;;;33202;817011.12;1076772.85;2018-06-05T00:00:00
78465940;558371;Starý Plzenec;;;;;155152;Starý Plzenec;389773;Husova;è.p.;1411;;;33202;816442.92;1076029.60;2018-06-26T00:00:00
78517451;558371;Starý Plzenec;;;;;155152;Starý Plzenec;784796;Švestková;è.p.;1415;;;33202;817296.26;1076670.50;2018-07-16T00:00:00
78592330;558371;Starý Plzenec;;;;;155152;Starý Plzenec;389757;Hollmanova;è.p.;1416;;;33202;816342.43;1075372.39;2018-08-10T00:00:00
78623774;558371;Starý Plzenec;;;;;155152;Starý Plzenec;389536;28. ØÍJNA;è.p.;1417;;;33202;816175.50;1076571.97;2018-08-22T00:00:00
78635047;558371;Starý Plzenec;;;;;155144;Sedlec;1936344;Zahradní;è.p.;311;;;33202;815021.82;1076153.83;2018-08-27T00:00:00
78659418;558371;Starý Plzenec;;;;;155152;Starý Plzenec;390186;Svatopluka Èecha;è.p.;1412;;;33202;816417.59;1076013.70;2018-09-04T00:00:00
78659663;558371;Starý Plzenec;;;;;155152;Starý Plzenec;2256282;Za Statkem;è.p.;1413;;;33202;816405.92;1076027.90;2018-09-04T00:00:00
78659710;558371;Starý Plzenec;;;;;155152;Starý Plzenec;2256282;Za Statkem;è.p.;1414;;;33202;816410.43;1076040.39;2018-09-04T00:00:00
78705827;558371;Starý Plzenec;;;;;155144;Sedlec;1936344;Zahradní;è.p.;312;;;33202;815114.34;1076102.60;2018-09-19T00:00:00
78738288;558371;Starý Plzenec;;;;;155144;Sedlec;1936697;Turistická;è.p.;313;;;33202;815194.69;1076005.68;2018-10-03T00:00:00
78817561;558371;Starý Plzenec;;;;;155144;Sedlec;1936697;Turistická;è.p.;314;;;33202;815174.12;1076008.72;2018-10-31T00:00:00
78829241;558371;Starý Plzenec;;;;;155152;Starý Plzenec;779091;K Lesu;è.p.;1418;;;33202;817405.25;1076746.94;2018-11-05T00:00:00
78857392;558371;Starý Plzenec;;;;;155144;Sedlec;840556;Pastýøská;è.p.;316;;;33202;815407.01;1077282.21;2018-11-13T00:00:00
78864941;558371;Starý Plzenec;;;;;155144;Sedlec;1936590;Spojovací;è.p.;315;;;33202;815200.91;1076110.28;2018-11-14T00:00:00
78881463;558371;Starý Plzenec;;;;;155144;Sedlec;1936590;Spojovací;è.p.;317;;;33202;815179.54;1076067.78;2018-11-20T00:00:00
78908671;558371;Starý Plzenec;;;;;155144;Sedlec;1936379;Na Bìlidle;è.ev.;442;;;33202;814595.13;1076671.82;2018-11-27T00:00:00
79001530;558371;Starý Plzenec;;;;;155152;Starý Plzenec;389897;Kpt. Jaroše;è.p.;1419;;;33202;816508.63;1076856.84;2018-12-20T00:00:00
79074251;558371;Starý Plzenec;;;;;155152;Starý Plzenec;389919;Lipová;è.p.;1420;;;33202;817057.56;1076281.05;2019-01-21T00:00:00
79075649;558371;Starý Plzenec;;;;;155152;Starý Plzenec;389544;Andrejšky;è.p.;1421;;;33202;817090.88;1076760.66;2019-01-21T00:00:00
79124691;558371;Starý Plzenec;;;;;155144;Sedlec;840556;Pastýøská;è.p.;319;;;33202;815363.37;1077239.57;2019-02-06T00:00:00
79126723;558371;Starý Plzenec;;;;;155152;Starý Plzenec;389951;Máchova;è.p.;1422;;;33202;816494.27;1076689.53;2019-02-07T00:00:00
79141978;558371;Starý Plzenec;;;;;155144;Sedlec;1936697;Turistická;è.p.;318;;;33202;815377.36;1075842.46;2019-02-12T00:00:00
79264531;558371;Starý Plzenec;;;;;155152;Starý Plzenec;784788;Prùbìžná;è.p.;1423;;;33202;817415.68;1076592.84;2019-03-29T00:00:00
79269770;558371;Starý Plzenec;;;;;155152;Starý Plzenec;1936981;Šípková;è.p.;1424;;;33202;816976.31;1076797.21;2019-09-23T00:00:00
79300553;558371;Starý Plzenec;;;;;155144;Sedlec;1936751;V Kolonii;è.p.;320;;;33202;814869.01;1076312.39;2019-04-12T00:00:00
79304061;558371;Starý Plzenec;;;;;155152;Starý Plzenec;389919;Lipová;è.p.;1425;;;33202;817132.06;1076594.43;2019-04-15T00:00:00
79313868;558371;Starý Plzenec;;;;;155144;Sedlec;1936352;Mezi Ploty;è.p.;321;;;33202;814993.19;1076311.29;2019-04-18T00:00:00
79340491;558371;Starý Plzenec;;;;;155152;Starý Plzenec;389609;Èelakovského;è.p.;1426;;;33202;816987.96;1076474.85;2019-05-06T00:00:00
79378277;558371;Starý Plzenec;;;;;155152;Starý Plzenec;890430;U Pøírodního divadla;è.ev.;192;;;33202;816061.70;1077558.03;2019-05-15T00:00:00
79405142;558371;Starý Plzenec;;;;;155144;Sedlec;1936131;Mechová;è.ev.;443;;;33202;814499.09;1077704.89;2019-05-27T00:00:00
79408419;558371;Starý Plzenec;;;;;155144;Sedlec;1936719;Tymákovská;è.p.;322;;;33202;814933.04;1076163.30;2019-05-27T00:00:00
79419020;558371;Starý Plzenec;;;;;155152;Starý Plzenec;389668;Habrmanova;è.p.;1427;;;33202;816478.62;1076435.36;2019-06-11T00:00:00
79500277;558371;Starý Plzenec;;;;;155144;Sedlec;1936379;Na Bìlidle;è.ev.;444;;;33202;814539.08;1076649.00;2019-06-24T00:00:00
79525423;558371;Starý Plzenec;;;;;155144;Sedlec;1936751;V Kolonii;è.p.;323;;;33202;814891.82;1076419.06;2019-07-01T00:00:00
79627731;558371;Starý Plzenec;;;;;155152;Starý Plzenec;389633;Elišky Krásnohorské;è.p.;1430;;;33202;816076.57;1077221.40;2019-07-30T00:00:00
79910645;558371;Starý Plzenec;;;;;155152;Starý Plzenec;389901;Dr. Beneše;è.p.;1429;;;33202;815975.42;1076787.85;2019-09-24T00:00:00
79929826;558371;Starý Plzenec;;;;;155152;Starý Plzenec;779091;K Lesu;è.p.;1428;;;33202;817448.76;1076732.48;2019-10-01T00:00:00
79973655;558371;Starý Plzenec;;;;;155152;Starý Plzenec;389536;28. ØÍJNA;è.p.;1433;;;33202;816277.91;1076916.05;2019-10-16T00:00:00
79989152;558371;Starý Plzenec;;;;;155152;Starý Plzenec;1252933;Pod Dálnicí;è.p.;1178;;;33202;819334.93;1075321.08;2019-10-23T00:00:00
79996388;558371;Starý Plzenec;;;;;155152;Starý Plzenec;822159;Jabloòová;è.p.;1431;;;33202;817188.58;1076572.12;2019-10-25T00:00:00
80200168;558371;Starý Plzenec;;;;;155152;Starý Plzenec;389919;Lipová;è.p.;1435;;;33202;817197.08;1076684.72;2020-01-10T00:00:00
80201873;558371;Starý Plzenec;;;;;155152;Starý Plzenec;822159;Jabloòová;è.p.;1432;;;33202;817190.72;1076581.57;2019-12-20T00:00:00
80238165;558371;Starý Plzenec;;;;;155152;Starý Plzenec;389919;Lipová;è.p.;1436;;;33202;817195.46;1076702.87;2020-01-10T00:00:00
80337155;558371;Starý Plzenec;;;;;155152;Starý Plzenec;389609;Èelakovského;è.p.;1437;;;33202;816620.00;1076507.32;2020-02-04T00:00:00
80351093;558371;Starý Plzenec;;;;;155144;Sedlec;2575418;Na Starém dvoøe;è.p.;324;;;33202;814829.59;1076308.04;2020-02-06T00:00:00
80400876;558371;Starý Plzenec;;;;;155152;Starý Plzenec;389544;Andrejšky;è.p.;1438;;;33202;817473.24;1076794.96;2020-02-19T00:00:00
80435670;558371;Starý Plzenec;;;;;155152;Starý Plzenec;389919;Lipová;è.p.;1439;;;33202;817130.00;1076583.55;2020-02-26T00:00:00
80501664;558371;Starý Plzenec;;;;;155152;Starý Plzenec;389889;Kozinova;è.p.;1440;;;33202;816582.92;1075997.27;2020-03-23T00:00:00
80502181;558371;Starý Plzenec;;;;;155152;Starý Plzenec;779091;K Lesu;è.p.;1434;;;33202;817318.32;1076765.33;2020-03-23T00:00:00
80512453;558371;Starý Plzenec;;;;;155152;Starý Plzenec;389706;Havlenova;è.p.;1441;;;33202;816110.31;1077496.58;2020-03-27T00:00:00
80570313;558371;Starý Plzenec;;;;;155152;Starý Plzenec;389609;Èelakovského;è.p.;1442;;;33202;816422.45;1076526.66;2020-04-24T00:00:00
80658971;558371;Starý Plzenec;;;;;155152;Starý Plzenec;389951;Máchova;è.p.;1443;;;33202;816448.32;1076695.60;2020-05-21T00:00:00
80728502;558371;Starý Plzenec;;;;;155144;Sedlec;2575418;Na Starém dvoøe;è.p.;325;;;33202;814777.32;1076366.61;2020-06-01T00:00:00
80756913;558371;Starý Plzenec;;;;;155144;Sedlec;1936379;Na Bìlidle;è.ev.;445;;;33202;814612.81;1076634.75;2020-06-03T00:00:00
80998119;558371;Starý Plzenec;;;;;155144;Sedlec;1936492;Ovocná;è.p.;327;;;33202;814914.48;1076435.28;2021-03-11T00:00:00
81038721;558371;Starý Plzenec;;;;;155144;Sedlec;1936697;Turistická;è.p.;326;;;33202;815086.15;1076021.30;2020-08-05T00:00:00
81060343;558371;Starý Plzenec;;;;;155152;Starý Plzenec;389994;Nádražní;è.p.;1444;;;33202;815611.27;1076772.40;2020-08-07T00:00:00
81144377;558371;Starý Plzenec;;;;;155152;Starý Plzenec;1936981;Šípková;è.p.;1445;;;33202;816984.98;1076808.60;2020-09-16T00:00:00
81206399;558371;Starý Plzenec;;;;;155152;Starý Plzenec;389927;Ke Høišti;è.p.;1446;;;33202;816882.19;1076835.78;2020-10-13T00:00:00
81316275;558371;Starý Plzenec;;;;;155152;Starý Plzenec;390305;Žižkova;è.p.;1447;;;33202;816634.92;1076226.82;2020-11-26T00:00:00
81340109;558371;Starý Plzenec;;;;;155144;Sedlec;2575418;Na Starém dvoøe;è.p.;329;;;33202;814758.18;1076355.09;2020-12-04T00:00:00
81343507;558371;Starý Plzenec;;;;;155144;Sedlec;840556;Pastýøská;è.p.;328;;;33202;815431.36;1077241.26;2020-12-07T00:00:00
81347855;558371;Starý Plzenec;;;;;155152;Starý Plzenec;390011;Náprstkova;è.p.;1448;;;33202;816082.14;1077194.18;2020-12-08T00:00:00
81494149;558371;Starý Plzenec;;;;;155152;Starý Plzenec;2256282;Za Statkem;è.p.;1450;;;33202;816401.51;1076045.72;2021-02-09T00:00:00
81498454;558371;Starý Plzenec;;;;;155152;Starý Plzenec;390089;Podhradní;è.p.;1449;;;33202;815810.41;1075697.90;2021-02-10T00:00:00
81548125;558371;Starý Plzenec;;;;;155144;Sedlec;2575418;Na Starém dvoøe;è.p.;330;;;33202;814823.11;1076325.38;2021-03-11T00:00:00
81588569;558371;Starý Plzenec;;;;;155152;Starý Plzenec;389811;K lomu;è.p.;1451;;;33202;816893.38;1076871.29;2021-03-18T00:00:00
81593911;558371;Starý Plzenec;;;;;155144;Sedlec;2575418;Na Starém dvoøe;è.p.;331;;;33202;814775.95;1076294.82;2021-03-22T00:00:00
81785399;558371;Starý Plzenec;;;;;155152;Starý Plzenec;389668;Habrmanova;è.p.;1452;;;33202;816505.27;1076714.57;2021-05-04T00:00:00
81801548;558371;Starý Plzenec;;;;;155144;Sedlec;840556;Pastýøská;è.p.;332;;;33202;815380.90;1077241.29;2021-05-10T00:00:00
81890061;558371;Starý Plzenec;;;;;155144;Sedlec;2575418;Na Starém dvoøe;è.p.;333;;;33202;814753.91;1076244.35;2021-06-10T00:00:00
81891687;558371;Starý Plzenec;;;;;155144;Sedlec;1936379;Na Bìlidle;è.ev.;446;;;33202;814552.33;1076558.97;2021-06-11T00:00:00
81909101;558371;Starý Plzenec;;;;;155144;Sedlec;389994;Nádražní;è.p.;334;;;33202;815645.77;1076776.77;2021-06-18T00:00:00
81975546;558371;Starý Plzenec;;;;;155144;Sedlec;1936557;Polní;è.p.;335;;;33202;815253.81;1075797.01;2021-07-20T00:00:00
81975767;558371;Starý Plzenec;;;;;155152;Starý Plzenec;389544;Andrejšky;è.p.;1453;;;33202;817452.87;1076786.71;2021-07-20T00:00:00
82001090;558371;Starý Plzenec;;;;;155152;Starý Plzenec;389561;Bezruèova;è.ev.;193;;;33202;818633.15;1076029.24;2021-10-13T00:00:00
82109915;558371;Starý Plzenec;;;;;155152;Starý Plzenec;389544;Andrejšky;è.p.;1454;;;33202;817177.14;1076748.27;2021-09-15T00:00:00
82163201;558371;Starý Plzenec;;;;;155152;Starý Plzenec;390020;Nepomucká;è.p.;1455;;;33202;816207.35;1076522.02;2021-10-06T00:00:00
82278580;558371;Starý Plzenec;;;;;155152;Starý Plzenec;390062;Pod Hùrkou;è.ev.;194;;;33202;815460.57;1076057.90;2021-11-22T00:00:00
82318638;558371;Starý Plzenec;;;;;155152;Starý Plzenec;390160;Smetanova;è.p.;1456;;;33202;816115.29;1076301.92;2021-12-06T00:00:00
82619310;558371;Starý Plzenec;;;;;155152;Starý Plzenec;1936981;Šípková;è.p.;1457;;;33202;817056.11;1076787.83;2022-02-08T00:00:00
82643083;558371;Starý Plzenec;;;;;155144;Sedlec;2575418;Na Starém dvoøe;è.p.;336;;;33202;814813.43;1076278.86;2022-02-15T00:00:00
82644969;558371;Starý Plzenec;;;;;155152;Starý Plzenec;389561;Bezruèova;è.p.;1458;;;33202;817152.74;1076193.18;2022-02-15T00:00:00
82681295;558371;Starý Plzenec;;;;;155152;Starý Plzenec;784796;Švestková;è.p.;1459;;;33202;817279.91;1076654.14;2022-03-01T00:00:00
82701253;558371;Starý Plzenec;;;;;155152;Starý Plzenec;389722;Hálkova;è.p.;1460;;;33202;816369.99;1076787.50;2022-03-02T00:00:00
82746184;558371;Starý Plzenec;;;;;155152;Starý Plzenec;389919;Lipová;è.p.;1461;;;33202;817177.95;1076634.44;2022-03-15T00:00:00
82873623;558371;Starý Plzenec;;;;;155152;Starý Plzenec;822159;Jabloòová;è.p.;1462;;;33202;817202.20;1076462.78;2022-04-12T00:00:00
82942366;558371;Starý Plzenec;;;;;155144;Sedlec;1936051;Cihláøská;è.ev.;447;;;33202;814653.98;1076332.39;2022-05-10T00:00:00
82987823;558371;Starý Plzenec;;;;;155152;Starý Plzenec;389561;Bezruèova;è.ev.;195;;;33202;818679.37;1076003.10;2022-05-30T00:00:00
83004106;558371;Starý Plzenec;;;;;155144;Sedlec;1936093;K Jezu;è.p.;337;;;33202;814793.88;1077242.64;2022-05-31T00:00:00
83088571;558371;Starý Plzenec;;;;;155152;Starý Plzenec;390151;Sládkova;è.p.;1463;;;33202;816033.62;1076869.53;2022-06-30T00:00:00
83258388;558371;Starý Plzenec;;;;;155144;Sedlec;1936395;Na Potocích;è.p.;338;;;33202;814860.25;1076555.92;2022-09-02T00:00:00
83586971;558371;Starý Plzenec;;;;;155144;Sedlec;1936697;Turistická;è.p.;339;;;33202;815414.54;1075816.84;2022-10-17T00:00:00
84577444;558371;Starý Plzenec;;;;;155144;Sedlec;1936131;Mechová;è.ev.;448;;;33202;814366.21;1077697.78;2022-11-30T00:00:00
84585706;558371;Starý Plzenec;;;;;155144;Sedlec;1936433;Na Vršku;è.p.;340;;;33202;814698.08;1076879.85;2022-12-01T00:00:00
84613653;558371;Starý Plzenec;;;;;155152;Starý Plzenec;822159;Jabloòová;è.p.;1464;;;33202;817198.23;1076605.18;2022-12-12T00:00:00
84644460;558371;Starý Plzenec;;;;;155144;Sedlec;1936301;V Mlází;è.p.;341;;;33202;814647.01;1076910.80;2022-12-21T00:00:00
84903554;558371;Starý Plzenec;;;;;155152;Starý Plzenec;389994;Nádražní;è.p.;1148;;;33202;816017.09;1076514.53;2023-01-25T00:00:00
84904101;558371;Starý Plzenec;;;;;155152;Starý Plzenec;390208;Štìnovická;è.p.;942;;;33202;818173.18;1076587.27;2023-01-25T00:00:00
84979607;558371;Starý Plzenec;;;;;155152;Starý Plzenec;389838;Karolíny Svìtlé;è.p.;1465;;;33202;816419.86;1077524.98;2023-02-22T00:00:00
84985097;558371;Starý Plzenec;;;;;155152;Starý Plzenec;662798;Modøínová;è.p.;1466;;;33202;816629.36;1077199.60;2023-02-23T00:00:00
85032727;558371;Starý Plzenec;;;;;155152;Starý Plzenec;390216;Ostrá Hùrka;è.ev.;196;;;33202;819124.04;1075852.09;2023-03-15T00:00:00
85062928;558371;Starý Plzenec;;;;;155152;Starý Plzenec;389692;Haškanova;è.p.;1467;;;33202;815998.78;1076089.35;2023-03-28T00:00:00
85094986;558371;Starý Plzenec;;;;;155152;Starý Plzenec;389668;Habrmanova;è.p.;1468;;;33202;816487.32;1076503.55;2023-04-11T00:00:00
85186872;558371;Starý Plzenec;;;;;155144;Sedlec;1936638;Støední;è.p.;342;;;33202;814548.21;1076311.77;2023-05-17T00:00:00
85191094;558371;Starý Plzenec;;;;;155152;Starý Plzenec;1936981;Šípková;è.p.;1469;;;33202;817031.91;1076788.24;2023-05-18T00:00:00
85271659;558371;Starý Plzenec;;;;;155144;Sedlec;2575418;Na Starém dvoøe;è.p.;343;;;33202;814806.64;1076384.62;2023-06-07T00:00:00
85354473;558371;Starý Plzenec;;;;;155144;Sedlec;1936115;Lesní;è.ev.;449;;;33202;814685.27;1076828.86;2023-07-14T00:00:00
85382922;558371;Starý Plzenec;;;;;155152;Starý Plzenec;890430;U Pøírodního divadla;è.ev.;197;;;33202;816005.24;1077539.48;2023-07-26T00:00:00
85545538;558371;Starý Plzenec;;;;;155144;Sedlec;1936697;Turistická;è.p.;344;;;33202;815316.54;1075848.05;2023-08-23T00:00:00
85586081;558371;Starý Plzenec;;;;;155144;Sedlec;1935321;Úslavská;è.p.;345;;;33202;815251.23;1076948.71;2023-09-11T00:00:00
85586111;558371;Starý Plzenec;;;;;155144;Sedlec;1935321;Úslavská;è.p.;346;;;33202;815246.12;1076946.56;2023-09-11T00:00:00
85649988;558371;Starý Plzenec;;;;;155144;Sedlec;1936093;K Jezu;è.p.;347;;;33202;814935.89;1076799.16;2023-10-10T00:00:00
85650021;558371;Starý Plzenec;;;;;155144;Sedlec;1936093;K Jezu;è.p.;348;;;33202;814932.43;1076806.32;2023-10-10T00:00:00
85898571;558371;Starý Plzenec;;;;;155152;Starý Plzenec;389706;Havlenova;è.p.;1470;;;33202;816131.41;1077150.45;2024-01-04T00:00:00
85912204;558371;Starý Plzenec;;;;;155144;Sedlec;2575418;Na Starém dvoøe;è.p.;349;;;33202;814777.83;1076254.79;2024-01-09T00:00:00
85912476;558371;Starý Plzenec;;;;;155144;Sedlec;2575418;Na Starém dvoøe;è.p.;350;;;33202;814795.25;1076307.51;2024-01-09T00:00:00
86138235;558371;Starý Plzenec;;;;;155144;Sedlec;1936719;Tymákovská;è.p.;351;;;33202;814932.52;1075980.44;2024-04-16T00:00:00
86228340;558371;Starý Plzenec;;;;;155144;Sedlec;1936557;Polní;è.p.;352;;;33202;815203.96;1075885.18;2024-05-28T00:00:00
86298399;558371;Starý Plzenec;;;;;155152;Starý Plzenec;2256304;Úzká;è.p.;1471;;;33202;816908.83;1076198.26;2024-06-24T00:00:00
86321480;558371;Starý Plzenec;;;;;155152;Starý Plzenec;389951;Máchova;è.p.;1472;;;33202;817159.98;1076542.58;2024-07-01T00:00:00
86322206;558371;Starý Plzenec;;;;;155152;Starý Plzenec;390241;U Mlýna;è.p.;1473;;;33202;817026.38;1075438.39;2024-07-01T00:00:00
86456954;558371;Starý Plzenec;;;;;155152;Starý Plzenec;390101;Radyòská;è.p.;1474;;;33202;816475.69;1076926.91;2024-08-12T00:00:00
86504096;558371;Starý Plzenec;;;;;155144;Sedlec;1936573;Pøíèní;è.p.;353;;;33202;815473.48;1076836.43;2024-09-10T00:00:00
86723081;558371;Starý Plzenec;;;;;155152;Starý Plzenec;389561;Bezruèova;è.p.;1475;;;33202;817150.11;1076158.28;2025-01-06T00:00:00
86723138;558371;Starý Plzenec;;;;;155152;Starý Plzenec;389561;Bezruèova;è.p.;1476;;;33202;817169.62;1076154.33;2025-01-06T00:00:00
86723707;558371;Starý Plzenec;;;;;155152;Starý Plzenec;389561;Bezruèova;è.p.;1477;;;33202;817160.32;1076155.87;2025-07-15T00:00:00
86724045;558371;Starý Plzenec;;;;;155152;Starý Plzenec;389561;Bezruèova;è.p.;1478;;;33202;817154.33;1076157.45;2025-01-06T00:00:00
86779583;558371;Starý Plzenec;;;;;155152;Starý Plzenec;389994;Nádražní;è.p.;1479;;;33202;815867.35;1076556.85;2025-02-13T00:00:00
86820486;558371;Starý Plzenec;;;;;155144;Sedlec;1936557;Polní;è.p.;355;;;33202;815014.32;1075925.55;2025-02-24T00:00:00
86820575;558371;Starý Plzenec;;;;;155144;Sedlec;1936395;Na Potocích;è.p.;354;;;33202;814363.44;1076227.04;2025-02-24T00:00:00
86921894;558371;Starý Plzenec;;;;;155144;Sedlec;1936433;Na Vršku;è.p.;356;;;33202;814676.60;1077082.15;2025-03-26T00:00:00
86958984;558371;Starý Plzenec;;;;;155144;Sedlec;1936638;Støední;è.ev.;451;;;33202;814589.33;1076340.61;2025-04-01T00:00:00
86999141;558371;Starý Plzenec;;;;;155144;Sedlec;389862;Kollárova;è.p.;400;;;33202;815947.52;1076996.65;2025-09-17T00:00:00
87021471;558371;Starý Plzenec;;;;;155152;Starý Plzenec;389854;Ke skalce;è.p.;1480;;;33202;815577.40;1076876.81;2025-05-12T00:00:00
87057867;558371;Starý Plzenec;;;;;155152;Starý Plzenec;389994;Nádražní;è.p.;1481;;;33202;815883.80;1076580.26;2025-05-28T00:00:00
87157993;558371;Starý Plzenec;;;;;155152;Starý Plzenec;389901;Dr. Beneše;è.p.;1482;;;33202;815972.98;1076742.48;2025-07-04T00:00:00
87180359;558371;Starý Plzenec;;;;;155152;Starý Plzenec;784788;Prùbìžná;è.p.;1486;;;33202;817367.96;1076462.96;2025-07-16T00:00:00
87180405;558371;Starý Plzenec;;;;;155152;Starý Plzenec;784788;Prùbìžná;è.p.;1484;;;33202;817396.43;1076462.25;2025-07-16T00:00:00
87180499;558371;Starý Plzenec;;;;;155152;Starý Plzenec;784788;Prùbìžná;è.p.;1485;;;33202;817394.66;1076481.26;2025-07-16T00:00:00
87180588;558371;Starý Plzenec;;;;;155152;Starý Plzenec;784788;Prùbìžná;è.p.;1487;;;33202;817359.47;1076463.84;2025-07-16T00:00:00
87180677;558371;Starý Plzenec;;;;;155152;Starý Plzenec;784788;Prùbìžná;è.p.;1488;;;33202;817343.15;1076462.72;2025-07-16T00:00:00
87180812;558371;Starý Plzenec;;;;;155152;Starý Plzenec;784788;Prùbìžná;è.p.;1489;;;33202;817332.82;1076462.11;2025-07-16T00:00:00
87226561;558371;Starý Plzenec;;;;;155152;Starý Plzenec;389862;Kollárova;è.p.;1490;;;33202;816311.95;1077152.20;2025-08-11T00:00:00
87255308;558371;Starý Plzenec;;;;;155152;Starý Plzenec;784796;Švestková;è.p.;1483;;;33202;817427.46;1076636.19;2025-09-01T00:00:00
87311046;558371;Starý Plzenec;;;;;155152;Starý Plzenec;784788;Prùbìžná;è.p.;1491;;;33202;817397.96;1076444.71;2025-10-07T00:00:00
87334623;558371;Starý Plzenec;;;;;155144;Sedlec;;;è.ev.;452;;;33202;815341.27;1076206.44;2025-10-20T00:00:00
87368480;558371;Starý Plzenec;;;;;155144;Sedlec;1936590;Spojovací;è.p.;359;;;33202;815139.77;1075939.99;2025-11-03T00:00:00
87482894;558371;Starý Plzenec;;;;;155152;Starý Plzenec;389536;28. ØÍJNA;è.p.;1492;;;33202;816245.74;1077063.44;2025-12-01T00:00:00
87509628;558371;Starý Plzenec;;;;;155144;Sedlec;1936379;Na Bìlidle;è.ev.;453;;;33202;814466.19;1076585.03;2025-12-09T00:00:00
87526140;558371;Starý Plzenec;;;;;155152;Starý Plzenec;390143;Sladkovského;è.p.;1493;;;33202;816760.77;1076548.84;2025-12-15T00:00:00
