Kód ADM;Kód obce;Název obce;Kód MOMC;Název MOMC;Kód obvodu Prahy;Název obvodu Prahy;Kód èásti obce;Název èásti obce;Kód ulice;Název ulice;Typ SO;Èíslo domovní;Èíslo orientaèní;Znak èísla orientaèního;PSÈ;Souøadnice Y;Souøadnice X;Platí Od
7822723;582239;Rájec-Jestøebí;;;;;40967;Holešín;;;è.p.;1;;;67902;592052.29;1135251.48;2013-12-01T00:00:00
7822731;582239;Rájec-Jestøebí;;;;;40967;Holešín;;;è.p.;2;;;67902;592036.15;1135263.89;2024-03-13T00:00:00
7822740;582239;Rájec-Jestøebí;;;;;40967;Holešín;;;è.p.;3;;;67902;591881.80;1135449.82;2013-12-01T00:00:00
7822758;582239;Rájec-Jestøebí;;;;;40967;Holešín;;;è.p.;4;;;67902;592103.08;1135279.17;2013-12-01T00:00:00
7822766;582239;Rájec-Jestøebí;;;;;40967;Holešín;;;è.p.;5;;;67902;592076.41;1135315.55;2013-12-01T00:00:00
7822774;582239;Rájec-Jestøebí;;;;;40967;Holešín;;;è.p.;6;;;67902;592060.08;1135347.90;2022-11-14T00:00:00
7822782;582239;Rájec-Jestøebí;;;;;40967;Holešín;;;è.p.;7;;;67902;592035.42;1135356.65;2013-12-01T00:00:00
7822791;582239;Rájec-Jestøebí;;;;;40967;Holešín;;;è.p.;8;;;67902;592008.72;1135384.11;2022-11-14T00:00:00
7822804;582239;Rájec-Jestøebí;;;;;40967;Holešín;;;è.p.;9;;;67902;591918.71;1135448.41;2013-12-01T00:00:00
7822812;582239;Rájec-Jestøebí;;;;;40967;Holešín;;;è.p.;10;;;67902;591961.36;1135368.34;2022-11-14T00:00:00
7822821;582239;Rájec-Jestøebí;;;;;40967;Holešín;;;è.p.;11;;;67902;591972.54;1135346.63;2022-11-14T00:00:00
7822839;582239;Rájec-Jestøebí;;;;;40967;Holešín;;;è.p.;12;;;67902;591985.66;1135300.09;2022-11-14T00:00:00
7822847;582239;Rájec-Jestøebí;;;;;40967;Holešín;;;è.p.;13;;;67902;591991.44;1135289.45;2013-12-01T00:00:00
7822855;582239;Rájec-Jestøebí;;;;;40967;Holešín;;;è.p.;14;;;67902;591967.78;1135445.20;2013-12-01T00:00:00
7822863;582239;Rájec-Jestøebí;;;;;40967;Holešín;;;è.p.;15;;;67902;592003.63;1135265.28;2013-12-01T00:00:00
7822871;582239;Rájec-Jestøebí;;;;;40967;Holešín;;;è.p.;16;;;67902;591796.62;1135469.79;2013-12-01T00:00:00
7822880;582239;Rájec-Jestøebí;;;;;40967;Holešín;;;è.p.;17;;;67902;592022.83;1135223.31;2013-12-01T00:00:00
7822898;582239;Rájec-Jestøebí;;;;;40967;Holešín;;;è.p.;18;;;67902;592031.69;1135207.44;2022-11-14T00:00:00
7822910;582239;Rájec-Jestøebí;;;;;40967;Holešín;;;è.p.;20;;;67902;591941.94;1135447.61;2013-12-01T00:00:00
7822928;582239;Rájec-Jestøebí;;;;;40967;Holešín;;;è.p.;21;;;67902;591840.36;1135435.92;2013-12-01T00:00:00
7822936;582239;Rájec-Jestøebí;;;;;40967;Holešín;;;è.p.;22;;;67902;592072.52;1135238.32;2013-12-01T00:00:00
7822944;582239;Rájec-Jestøebí;;;;;40967;Holešín;;;è.p.;23;;;67902;592027.90;1135215.85;2013-12-01T00:00:00
7822952;582239;Rájec-Jestøebí;;;;;40967;Holešín;;;è.p.;24;;;67902;592100.31;1135296.64;2013-12-01T00:00:00
7822961;582239;Rájec-Jestøebí;;;;;40967;Holešín;;;è.p.;25;;;67902;592092.68;1135303.46;2013-12-01T00:00:00
7822979;582239;Rájec-Jestøebí;;;;;40967;Holešín;;;è.p.;26;;;67902;592061.40;1135325.80;2013-12-01T00:00:00
7822995;582239;Rájec-Jestøebí;;;;;40967;Holešín;;;è.p.;28;;;67902;592069.83;1135246.30;2022-11-14T00:00:00
7823002;582239;Rájec-Jestøebí;;;;;40967;Holešín;;;è.p.;29;;;67902;591916.54;1135420.38;2022-11-14T00:00:00
7823011;582239;Rájec-Jestøebí;;;;;40967;Holešín;;;è.p.;31;;;67902;591984.63;1135317.77;2013-12-01T00:00:00
7823029;582239;Rájec-Jestøebí;;;;;40967;Holešín;;;è.p.;32;;;67902;591991.91;1135385.25;2013-12-01T00:00:00
7823037;582239;Rájec-Jestøebí;;;;;40967;Holešín;;;è.p.;34;;;67902;591810.76;1135398.03;2022-11-14T00:00:00
7823045;582239;Rájec-Jestøebí;;;;;40967;Holešín;;;è.p.;35;;;67902;592121.72;1135162.88;2013-12-01T00:00:00
7823053;582239;Rájec-Jestøebí;;;;;40967;Holešín;;;è.p.;36;;;67902;591797.56;1135411.87;2013-12-01T00:00:00
7823061;582239;Rájec-Jestøebí;;;;;40967;Holešín;;;è.p.;38;;;67902;592129.22;1135120.70;2013-12-01T00:00:00
7823070;582239;Rájec-Jestøebí;;;;;40967;Holešín;;;è.p.;39;;;67902;591883.08;1135421.58;2022-11-14T00:00:00
7823088;582239;Rájec-Jestøebí;;;;;40967;Holešín;;;è.p.;40;;;67902;592146.36;1135126.88;2022-11-14T00:00:00
7823096;582239;Rájec-Jestøebí;;;;;40967;Holešín;;;è.p.;41;;;67902;591835.92;1135466.07;2013-12-01T00:00:00
7823100;582239;Rájec-Jestøebí;;;;;40967;Holešín;;;è.p.;42;;;67902;592118.72;1135225.12;2022-11-14T00:00:00
7823118;582239;Rájec-Jestøebí;;;;;40967;Holešín;;;è.p.;43;;;67902;592147.45;1135228.50;2013-12-01T00:00:00
7823126;582239;Rájec-Jestøebí;;;;;40967;Holešín;;;è.p.;44;;;67902;591906.38;1135418.45;2022-11-14T00:00:00
7823134;582239;Rájec-Jestøebí;;;;;40967;Holešín;;;è.p.;45;;;67902;592133.25;1135222.87;2022-11-14T00:00:00
7823142;582239;Rájec-Jestøebí;;;;;40967;Holešín;;;è.p.;46;;;67902;592012.47;1135293.28;2022-09-20T00:00:00
7823151;582239;Rájec-Jestøebí;;;;;40967;Holešín;;;è.p.;47;;;67902;592059.80;1135189.56;2013-12-01T00:00:00
7823169;582239;Rájec-Jestøebí;;;;;40967;Holešín;;;è.p.;48;;;67902;592072.18;1135173.71;2013-12-01T00:00:00
7823177;582239;Rájec-Jestøebí;;;;;40967;Holešín;;;è.p.;49;;;67902;591850.40;1135386.79;2013-12-01T00:00:00
7823185;582239;Rájec-Jestøebí;;;;;40967;Holešín;;;è.p.;50;;;67902;592156.41;1135166.22;2013-12-01T00:00:00
7823193;582239;Rájec-Jestøebí;;;;;40967;Holešín;;;è.p.;51;;;67902;592165.41;1135161.43;2013-12-01T00:00:00
7823207;582239;Rájec-Jestøebí;;;;;40967;Holešín;;;è.p.;52;;;67902;592051.30;1135202.24;2013-12-01T00:00:00
7823215;582239;Rájec-Jestøebí;;;;;40967;Holešín;;;è.p.;53;;;67902;591657.14;1135624.52;2013-12-01T00:00:00
7823223;582239;Rájec-Jestøebí;;;;;40967;Holešín;;;è.p.;54;;;67902;592191.53;1135135.86;2013-12-01T00:00:00
7823231;582239;Rájec-Jestøebí;;;;;40967;Holešín;;;è.p.;55;;;67902;592108.44;1135359.30;2013-12-01T00:00:00
7823240;582239;Rájec-Jestøebí;;;;;40967;Holešín;;;è.p.;56;;;67902;591787.77;1135450.85;2021-04-22T00:00:00
7823258;582239;Rájec-Jestøebí;;;;;40967;Holešín;;;è.p.;57;;;67902;591708.86;1135660.04;2013-12-01T00:00:00
7823266;582239;Rájec-Jestøebí;;;;;40967;Holešín;;;è.p.;58;;;67902;592180.06;1135208.57;2022-11-14T00:00:00
7823274;582239;Rájec-Jestøebí;;;;;40967;Holešín;;;è.p.;59;;;67902;592197.40;1135201.47;2013-12-01T00:00:00
7823282;582239;Rájec-Jestøebí;;;;;40967;Holešín;;;è.p.;60;;;67902;592214.34;1135174.04;2013-12-01T00:00:00
7823291;582239;Rájec-Jestøebí;;;;;40967;Holešín;;;è.p.;61;;;67902;592220.79;1135163.55;2013-12-01T00:00:00
7823304;582239;Rájec-Jestøebí;;;;;40967;Holešín;;;è.p.;62;;;67902;592228.05;1135154.94;2013-12-01T00:00:00
7823312;582239;Rájec-Jestøebí;;;;;40967;Holešín;;;è.p.;63;;;67902;592088.57;1135192.38;2022-11-14T00:00:00
7823321;582239;Rájec-Jestøebí;;;;;40967;Holešín;;;è.p.;64;;;67902;592203.85;1135187.76;2013-12-01T00:00:00
7823339;582239;Rájec-Jestøebí;;;;;40967;Holešín;;;è.p.;65;;;67902;592230.80;1135146.01;2022-11-14T00:00:00
7823347;582239;Rájec-Jestøebí;;;;;40967;Holešín;;;è.p.;66;;;67902;591803.21;1135586.68;2019-12-17T00:00:00
7823355;582239;Rájec-Jestøebí;;;;;40967;Holešín;;;è.p.;67;;;67902;591784.26;1135487.26;2022-11-14T00:00:00
7823363;582239;Rájec-Jestøebí;;;;;40967;Holešín;;;è.p.;68;;;67902;591812.25;1135299.66;2013-12-01T00:00:00
7823371;582239;Rájec-Jestøebí;;;;;40967;Holešín;;;è.p.;69;;;67902;592295.32;1134994.92;2013-12-01T00:00:00
7823380;582239;Rájec-Jestøebí;;;;;40967;Holešín;;;è.p.;70;;;67902;591831.14;1135307.79;2013-12-01T00:00:00
7823398;582239;Rájec-Jestøebí;;;;;40967;Holešín;;;è.p.;71;;;67902;591955.54;1135408.82;2013-12-01T00:00:00
7823401;582239;Rájec-Jestøebí;;;;;40967;Holešín;;;è.p.;72;;;67902;592081.05;1135165.33;2013-12-01T00:00:00
7823410;582239;Rájec-Jestøebí;;;;;40967;Holešín;;;è.p.;73;;;67902;591852.65;1135318.82;2013-12-01T00:00:00
7823428;582239;Rájec-Jestøebí;;;;;40967;Holešín;;;è.p.;74;;;67902;591816.36;1135560.92;2013-12-01T00:00:00
7823436;582239;Rájec-Jestøebí;;;;;40967;Holešín;;;è.p.;75;;;67902;591871.93;1135322.08;2022-11-14T00:00:00
7823444;582239;Rájec-Jestøebí;;;;;40967;Holešín;;;è.p.;76;;;67902;591776.09;1135289.75;2013-12-01T00:00:00
7823452;582239;Rájec-Jestøebí;;;;;40967;Holešín;;;è.p.;78;;;67902;591894.74;1135335.55;2013-12-01T00:00:00
7823461;582239;Rájec-Jestøebí;;;;;40967;Holešín;;;è.ev.;1;;;67902;591794.66;1135111.84;2013-12-01T00:00:00
7823479;582239;Rájec-Jestøebí;;;;;40967;Holešín;;;è.ev.;2;;;67902;592121.03;1135050.75;2022-11-14T00:00:00
7823487;582239;Rájec-Jestøebí;;;;;40967;Holešín;;;è.ev.;3;;;67902;591834.83;1135686.88;2022-11-14T00:00:00
7823495;582239;Rájec-Jestøebí;;;;;40967;Holešín;;;è.ev.;4;;;67902;591841.90;1135705.28;2022-11-14T00:00:00
7823509;582239;Rájec-Jestøebí;;;;;40967;Holešín;;;è.ev.;5;;;67902;592070.11;1135201.45;2022-11-14T00:00:00
7823517;582239;Rájec-Jestøebí;;;;;40967;Holešín;;;è.ev.;6;;;67902;592073.41;1135199.90;2022-11-14T00:00:00
7823525;582239;Rájec-Jestøebí;;;;;40967;Holešín;;;è.ev.;7;;;67902;591700.09;1135540.87;2022-11-14T00:00:00
7823533;582239;Rájec-Jestøebí;;;;;40967;Holešín;;;è.ev.;8;;;67902;591761.76;1135238.43;2022-11-14T00:00:00
7823541;582239;Rájec-Jestøebí;;;;;40967;Holešín;;;è.ev.;9;;;67902;591844.23;1135741.62;2022-11-14T00:00:00
7823550;582239;Rájec-Jestøebí;;;;;40967;Holešín;;;è.ev.;10;;;67902;592254.54;1135621.82;2013-12-01T00:00:00
7836295;582239;Rájec-Jestøebí;;;;;63754;Karolín;;;è.p.;1;;;67902;591355.63;1137860.08;2022-11-14T00:00:00
7836309;582239;Rájec-Jestøebí;;;;;63754;Karolín;;;è.p.;2;;;67902;591258.09;1137852.89;2013-12-01T00:00:00
7836317;582239;Rájec-Jestøebí;;;;;63754;Karolín;;;è.p.;3;;;67902;591238.69;1137831.46;2013-12-01T00:00:00
7836325;582239;Rájec-Jestøebí;;;;;63754;Karolín;;;è.p.;4;;;67902;591208.46;1137800.95;2013-12-01T00:00:00
7836333;582239;Rájec-Jestøebí;;;;;63754;Karolín;;;è.p.;5;;;67902;591180.28;1137781.14;2013-12-01T00:00:00
7836341;582239;Rájec-Jestøebí;;;;;63754;Karolín;;;è.p.;6;;;67902;591184.05;1137746.00;2013-12-01T00:00:00
7836350;582239;Rájec-Jestøebí;;;;;63754;Karolín;;;è.p.;7;;;67902;591203.96;1137746.44;2013-12-01T00:00:00
7836368;582239;Rájec-Jestøebí;;;;;63754;Karolín;;;è.p.;8;;;67902;591233.92;1137756.65;2022-11-14T00:00:00
7836376;582239;Rájec-Jestøebí;;;;;63754;Karolín;;;è.p.;9;;;67902;591261.81;1137748.17;2022-11-14T00:00:00
7836384;582239;Rájec-Jestøebí;;;;;63754;Karolín;;;è.p.;10;;;67902;591395.15;1137885.07;2013-12-01T00:00:00
7836392;582239;Rájec-Jestøebí;;;;;63754;Karolín;;;è.p.;11;;;67902;591404.03;1137904.61;2013-12-01T00:00:00
7836406;582239;Rájec-Jestøebí;;;;;63754;Karolín;;;è.p.;12;;;67902;591373.08;1137901.74;2013-12-01T00:00:00
7836414;582239;Rájec-Jestøebí;;;;;63754;Karolín;;;è.p.;13;;;67902;591362.69;1137902.83;2013-12-01T00:00:00
7836422;582239;Rájec-Jestøebí;;;;;63754;Karolín;;;è.p.;14;;;67902;591299.94;1137735.34;2021-08-02T00:00:00
7836431;582239;Rájec-Jestøebí;;;;;63754;Karolín;;;è.p.;15;;;67902;591324.56;1137905.79;2013-12-01T00:00:00
7836449;582239;Rájec-Jestøebí;;;;;63754;Karolín;;;è.p.;16;;;67902;591332.88;1137878.13;2022-11-14T00:00:00
7836457;582239;Rájec-Jestøebí;;;;;63754;Karolín;;;è.p.;17;;;67902;591368.12;1137799.19;2013-12-01T00:00:00
7836473;582239;Rájec-Jestøebí;;;;;63754;Karolín;;;è.p.;19;;;67902;591285.11;1137734.82;2013-12-01T00:00:00
7836481;582239;Rájec-Jestøebí;;;;;63754;Karolín;;;è.p.;20;;;67902;591155.19;1137754.08;2013-12-01T00:00:00
7836490;582239;Rájec-Jestøebí;;;;;63754;Karolín;;;è.p.;21;;;67902;591134.04;1137758.99;2013-12-01T00:00:00
7836503;582239;Rájec-Jestøebí;;;;;63754;Karolín;;;è.p.;22;;;67902;591422.48;1137766.92;2013-12-01T00:00:00
7836511;582239;Rájec-Jestøebí;;;;;63754;Karolín;;;è.p.;23;;;67902;591313.11;1137732.48;2013-12-01T00:00:00
7836538;582239;Rájec-Jestøebí;;;;;63754;Karolín;;;è.p.;25;;;67902;591392.23;1137774.90;2022-11-14T00:00:00
7836546;582239;Rájec-Jestøebí;;;;;63754;Karolín;;;è.p.;26;;;67902;591384.11;1137789.48;2013-12-01T00:00:00
7836554;582239;Rájec-Jestøebí;;;;;63754;Karolín;;;è.p.;27;;;67902;591386.15;1137779.51;2022-11-14T00:00:00
7836562;582239;Rájec-Jestøebí;;;;;63754;Karolín;;;è.p.;28;;;67902;591334.63;1137889.34;2013-12-01T00:00:00
7836571;582239;Rájec-Jestøebí;;;;;63754;Karolín;;;è.p.;29;;;67902;591317.85;1137846.81;2022-11-14T00:00:00
7836589;582239;Rájec-Jestøebí;;;;;63754;Karolín;;;è.p.;30;;;67902;591332.26;1137724.61;2022-11-14T00:00:00
7836597;582239;Rájec-Jestøebí;;;;;63754;Karolín;;;è.p.;31;;;67902;591352.88;1137716.77;2022-11-14T00:00:00
7836601;582239;Rájec-Jestøebí;;;;;63754;Karolín;;;è.p.;32;;;67902;591368.89;1137714.01;2022-11-14T00:00:00
7836619;582239;Rájec-Jestøebí;;;;;63754;Karolín;;;è.p.;33;;;67902;591413.02;1137718.72;2022-11-14T00:00:00
7836627;582239;Rájec-Jestøebí;;;;;63754;Karolín;;;è.p.;34;;;67902;591142.17;1137774.78;2013-12-01T00:00:00
7836635;582239;Rájec-Jestøebí;;;;;63754;Karolín;;;è.p.;35;;;67902;591388.95;1137954.87;2013-12-01T00:00:00
7836643;582239;Rájec-Jestøebí;;;;;63754;Karolín;;;è.p.;36;;;67902;591027.70;1137787.82;2013-12-01T00:00:00
7836651;582239;Rájec-Jestøebí;;;;;63754;Karolín;;;è.p.;37;;;67902;591099.75;1137768.84;2013-12-01T00:00:00
7836660;582239;Rájec-Jestøebí;;;;;63754;Karolín;;;è.p.;38;;;67902;591014.12;1137792.48;2013-12-01T00:00:00
7836678;582239;Rájec-Jestøebí;;;;;63754;Karolín;;;è.p.;39;;;67902;590964.28;1137810.10;2013-12-01T00:00:00
7836686;582239;Rájec-Jestøebí;;;;;63754;Karolín;;;è.p.;40;;;67902;591071.57;1137775.86;2013-12-01T00:00:00
7836694;582239;Rájec-Jestøebí;;;;;63754;Karolín;;;è.p.;41;;;67902;590982.81;1137803.36;2013-12-01T00:00:00
7836708;582239;Rájec-Jestøebí;;;;;63754;Karolín;;;è.p.;42;;;67902;591124.54;1137760.13;2013-12-01T00:00:00
7836716;582239;Rájec-Jestøebí;;;;;63754;Karolín;;;è.p.;43;;;67902;591171.51;1137770.20;2013-12-01T00:00:00
7836724;582239;Rájec-Jestøebí;;;;;63754;Karolín;;;è.p.;44;;;67902;591400.78;1137723.99;2013-12-01T00:00:00
7836741;582239;Rájec-Jestøebí;;;;;63754;Karolín;;;è.p.;48;;;67902;591424.41;1137693.39;2013-12-01T00:00:00
7836759;582239;Rájec-Jestøebí;;;;;63754;Karolín;;;è.p.;49;;;67902;591439.31;1137688.35;2013-12-01T00:00:00
7836767;582239;Rájec-Jestøebí;;;;;63754;Karolín;;;è.p.;50;;;67902;591326.78;1137779.11;2013-12-01T00:00:00
7836775;582239;Rájec-Jestøebí;;;;;63754;Karolín;;;è.p.;51;;;67902;591420.58;1137965.63;2013-12-01T00:00:00
7836783;582239;Rájec-Jestøebí;;;;;63754;Karolín;;;è.p.;52;;;67902;591450.57;1137714.40;2013-12-01T00:00:00
7836791;582239;Rájec-Jestøebí;;;;;63754;Karolín;;;è.p.;53;;;67902;591532.16;1137675.58;2022-11-14T00:00:00
7836805;582239;Rájec-Jestøebí;;;;;63754;Karolín;;;è.p.;54;;;67902;591512.39;1137698.11;2022-11-14T00:00:00
7836813;582239;Rájec-Jestøebí;;;;;63754;Karolín;;;è.p.;55;;;67902;591333.85;1137773.97;2013-12-01T00:00:00
7836821;582239;Rájec-Jestøebí;;;;;63754;Karolín;;;è.ev.;1;;;67902;591966.90;1137571.69;2022-11-14T00:00:00
7836856;582239;Rájec-Jestøebí;;;;;63754;Karolín;;;è.ev.;4;;;67902;591915.16;1137530.99;2013-12-01T00:00:00
7836864;582239;Rájec-Jestøebí;;;;;63754;Karolín;;;è.ev.;5;;;67902;591770.56;1137929.26;2022-11-14T00:00:00
7873344;582239;Rájec-Jestøebí;;;;;138894;Jestøebí;19631;V Zahradách;è.p.;2;;;67902;594945.20;1137034.66;2013-12-01T00:00:00
7873352;582239;Rájec-Jestøebí;;;;;138894;Jestøebí;19453;Na Hrázi;è.p.;3;;;67902;595160.86;1137001.69;2013-12-01T00:00:00
7873361;582239;Rájec-Jestøebí;;;;;138894;Jestøebí;19453;Na Hrázi;è.p.;4;;;67902;595160.40;1137018.88;2013-12-01T00:00:00
7873379;582239;Rájec-Jestøebí;;;;;138894;Jestøebí;19453;Na Hrázi;è.p.;5;;;67902;595192.36;1137062.65;2013-12-01T00:00:00
7873387;582239;Rájec-Jestøebí;;;;;138894;Jestøebí;19453;Na Hrázi;è.p.;6;;;67902;595200.48;1137094.77;2013-12-01T00:00:00
7873395;582239;Rájec-Jestøebí;;;;;138894;Jestøebí;19437;Lesní;è.p.;7;;;67902;595228.82;1137137.18;2013-12-01T00:00:00
7873409;582239;Rájec-Jestøebí;;;;;138894;Jestøebí;19607;V Humnech;è.p.;8;;;67902;595144.17;1137075.05;2013-12-01T00:00:00
7873417;582239;Rájec-Jestøebí;;;;;138894;Jestøebí;19607;V Humnech;è.p.;9;;;67902;595121.13;1137109.67;2013-12-01T00:00:00
7873425;582239;Rájec-Jestøebí;;;;;138894;Jestøebí;19453;Na Hrázi;è.p.;10;;;67902;595100.09;1137002.57;2013-12-01T00:00:00
7873433;582239;Rájec-Jestøebí;;;;;138894;Jestøebí;19607;V Humnech;è.p.;11;;;67902;595076.26;1137083.84;2013-12-01T00:00:00
7873441;582239;Rájec-Jestøebí;;;;;138894;Jestøebí;19607;V Humnech;è.p.;12;;;67902;595041.18;1137087.18;2013-12-01T00:00:00
7873450;582239;Rájec-Jestøebí;;;;;138894;Jestøebí;19607;V Humnech;è.p.;13;;;67902;595013.29;1137092.60;2013-12-01T00:00:00
7873468;582239;Rájec-Jestøebí;;;;;138894;Jestøebí;19607;V Humnech;è.p.;14;;;67902;594916.33;1137113.28;2013-12-01T00:00:00
7873476;582239;Rájec-Jestøebí;;;;;138894;Jestøebí;19372;Hybešova;è.p.;15;;;67902;594721.74;1136952.92;2013-12-01T00:00:00
7873484;582239;Rájec-Jestøebí;;;;;138894;Jestøebí;19607;V Humnech;è.p.;16;;;67902;594857.68;1137089.44;2013-12-01T00:00:00
7873492;582239;Rájec-Jestøebí;;;;;138894;Jestøebí;19275;9. kvìtna;è.p.;17;;;67902;594797.38;1137039.20;2013-12-01T00:00:00
7873506;582239;Rájec-Jestøebí;;;;;138894;Jestøebí;19607;V Humnech;è.p.;19;;;67902;594967.92;1137104.28;2018-01-10T00:00:00
7873514;582239;Rájec-Jestøebí;;;;;138894;Jestøebí;19607;V Humnech;è.p.;20;;;67902;595029.54;1137088.86;2013-12-01T00:00:00
7873522;582239;Rájec-Jestøebí;;;;;138894;Jestøebí;19631;V Zahradách;è.p.;21;;;67902;595045.84;1137033.52;2013-12-01T00:00:00
7873531;582239;Rájec-Jestøebí;;;;;138894;Jestøebí;19631;V Zahradách;è.p.;22;;;67902;595095.65;1137059.92;2013-12-01T00:00:00
7873549;582239;Rájec-Jestøebí;;;;;138894;Jestøebí;19372;Hybešova;è.p.;23;;;67902;595010.41;1136808.83;2013-12-01T00:00:00
7873557;582239;Rájec-Jestøebí;;;;;138894;Jestøebí;19372;Hybešova;è.p.;24;;;67902;594989.88;1136803.48;2013-12-01T00:00:00
7873565;582239;Rájec-Jestøebí;;;;;138894;Jestøebí;19372;Hybešova;è.p.;25;;;67902;594981.07;1136815.33;2013-12-01T00:00:00
7873573;582239;Rájec-Jestøebí;;;;;138894;Jestøebí;19372;Hybešova;è.p.;26;;;67902;594961.11;1136846.89;2013-12-01T00:00:00
7873581;582239;Rájec-Jestøebí;;;;;138894;Jestøebí;19372;Hybešova;è.p.;27;;;67902;594933.06;1136860.70;2013-12-01T00:00:00
7873590;582239;Rájec-Jestøebí;;;;;138894;Jestøebí;19372;Hybešova;è.p.;28;;;67902;594865.59;1136867.18;2013-12-01T00:00:00
7873603;582239;Rájec-Jestøebí;;;;;138894;Jestøebí;19372;Hybešova;è.p.;29;;;67902;594853.91;1136894.84;2013-12-01T00:00:00
7873611;582239;Rájec-Jestøebí;;;;;138894;Jestøebí;19372;Hybešova;è.p.;30;;;67902;594827.72;1136913.14;2013-12-01T00:00:00
7873620;582239;Rájec-Jestøebí;;;;;138894;Jestøebí;19372;Hybešova;è.p.;31;;;67902;594635.90;1136927.72;2013-12-01T00:00:00
7873638;582239;Rájec-Jestøebí;;;;;138894;Jestøebí;;;è.p.;32;;;67902;594890.18;1136954.09;2013-12-01T00:00:00
7873662;582239;Rájec-Jestøebí;;;;;138894;Jestøebí;19437;Lesní;è.p.;35;;;67902;595327.14;1137270.73;2013-12-01T00:00:00
7873671;582239;Rájec-Jestøebí;;;;;138894;Jestøebí;19453;Na Hrázi;è.p.;36;;;67902;595179.15;1137046.45;2013-12-01T00:00:00
7873689;582239;Rájec-Jestøebí;;;;;138894;Jestøebí;19437;Lesní;è.p.;37;;;67902;595205.66;1137046.47;2013-12-01T00:00:00
7873697;582239;Rájec-Jestøebí;;;;;138894;Jestøebí;19453;Na Hrázi;è.p.;39;;;67902;595111.24;1136973.55;2013-12-01T00:00:00
7873701;582239;Rájec-Jestøebí;;;;;138894;Jestøebí;19453;Na Hrázi;è.p.;40;;;67902;595098.17;1136967.06;2013-12-01T00:00:00
7873719;582239;Rájec-Jestøebí;;;;;138894;Jestøebí;19275;9. kvìtna;è.p.;42;;;67902;594968.14;1136966.35;2013-12-01T00:00:00
7873727;582239;Rájec-Jestøebí;;;;;138894;Jestøebí;19372;Hybešova;è.p.;43;;;67902;594796.97;1136921.75;2013-12-01T00:00:00
7873735;582239;Rájec-Jestøebí;;;;;138894;Jestøebí;19631;V Zahradách;è.p.;44;;;67902;595014.35;1137018.05;2013-12-01T00:00:00
7873760;582239;Rájec-Jestøebí;;;;;138894;Jestøebí;19607;V Humnech;è.p.;48;;;67902;595122.67;1137033.01;2013-12-01T00:00:00
7873778;582239;Rájec-Jestøebí;;;;;138894;Jestøebí;19518;Ol. Blažka;è.p.;50;;;67902;594129.82;1137243.03;2013-12-01T00:00:00
7873786;582239;Rájec-Jestøebí;;;;;138894;Jestøebí;19372;Hybešova;è.p.;51;;;67902;594746.09;1136927.96;2013-12-01T00:00:00
7873808;582239;Rájec-Jestøebí;;;;;138894;Jestøebí;19372;Hybešova;è.p.;53;;;67902;594780.31;1136926.76;2013-12-01T00:00:00
7873816;582239;Rájec-Jestøebí;;;;;138894;Jestøebí;19631;V Zahradách;è.p.;54;;;67902;595002.68;1137020.13;2013-12-01T00:00:00
7873824;582239;Rájec-Jestøebí;;;;;138894;Jestøebí;19275;9. kvìtna;è.p.;55;;;67902;594615.37;1137236.52;2013-12-01T00:00:00
7873832;582239;Rájec-Jestøebí;;;;;138894;Jestøebí;19631;V Zahradách;è.p.;56;;;67902;594967.41;1137034.97;2015-12-10T00:00:00
7873859;582239;Rájec-Jestøebí;;;;;138894;Jestøebí;19518;Ol. Blažka;è.p.;58;;;67902;594087.32;1137266.83;2013-12-01T00:00:00
7873867;582239;Rájec-Jestøebí;;;;;138894;Jestøebí;19372;Hybešova;è.p.;59;;;67902;594711.53;1136956.75;2013-12-01T00:00:00
7873875;582239;Rájec-Jestøebí;;;;;138894;Jestøebí;19437;Lesní;è.p.;60;;;67902;595254.55;1137167.44;2013-12-01T00:00:00
7873883;582239;Rájec-Jestøebí;;;;;138894;Jestøebí;19372;Hybešova;è.p.;61;;;67902;594685.25;1136966.83;2013-12-01T00:00:00
7873891;582239;Rájec-Jestøebí;;;;;138894;Jestøebí;19372;Hybešova;è.p.;62;;;67902;594694.87;1136981.55;2013-12-01T00:00:00
7873905;582239;Rájec-Jestøebí;;;;;138894;Jestøebí;19372;Hybešova;è.p.;63;;;67902;594705.78;1136977.13;2013-12-01T00:00:00
7873913;582239;Rájec-Jestøebí;;;;;138894;Jestøebí;19372;Hybešova;è.p.;64;;;67902;594718.49;1136973.54;2013-12-01T00:00:00
7873921;582239;Rájec-Jestøebí;;;;;138894;Jestøebí;19437;Lesní;è.p.;65;;;67902;595216.30;1137118.38;2013-12-01T00:00:00
7873930;582239;Rájec-Jestøebí;;;;;138894;Jestøebí;19275;9. kvìtna;è.p.;67;;;67902;594320.88;1137197.83;2013-12-01T00:00:00
7873948;582239;Rájec-Jestøebí;;;;;138894;Jestøebí;19437;Lesní;è.p.;68;;;67902;595221.88;1137127.37;2013-12-01T00:00:00
7873956;582239;Rájec-Jestøebí;;;;;138894;Jestøebí;19437;Lesní;è.p.;69;;;67902;595259.37;1137221.25;2013-12-01T00:00:00
7873964;582239;Rájec-Jestøebí;;;;;138894;Jestøebí;19488;nám. 1. máje;è.p.;70;;;67902;595025.23;1137000.19;2013-12-01T00:00:00
7873972;582239;Rájec-Jestøebí;;;;;138894;Jestøebí;19437;Lesní;è.p.;71;;;67902;595264.47;1137229.11;2013-12-01T00:00:00
7873981;582239;Rájec-Jestøebí;;;;;138894;Jestøebí;19275;9. kvìtna;è.p.;72;;;67902;594841.77;1136976.81;2013-12-01T00:00:00
7873999;582239;Rájec-Jestøebí;;;;;138894;Jestøebí;19275;9. kvìtna;è.p.;73;;;67902;594887.25;1136990.17;2013-12-01T00:00:00
7874006;582239;Rájec-Jestøebí;;;;;138894;Jestøebí;19631;V Zahradách;è.p.;74;;;67902;594976.93;1137026.16;2013-12-01T00:00:00
7874014;582239;Rájec-Jestøebí;;;;;138894;Jestøebí;19275;9. kvìtna;è.p.;75;;;67902;594340.56;1137192.79;2013-12-01T00:00:00
7874022;582239;Rájec-Jestøebí;;;;;138894;Jestøebí;19275;9. kvìtna;è.p.;76;;;67902;594844.96;1137019.09;2013-12-01T00:00:00
7874031;582239;Rájec-Jestøebí;;;;;138894;Jestøebí;19275;9. kvìtna;è.p.;77;;;67902;594856.04;1137010.77;2013-12-01T00:00:00
7874049;582239;Rájec-Jestøebí;;;;;138894;Jestøebí;19275;9. kvìtna;è.p.;78;;;67902;594346.22;1137191.48;2013-12-01T00:00:00
7874057;582239;Rájec-Jestøebí;;;;;138894;Jestøebí;19275;9. kvìtna;è.p.;79;;;67902;594353.25;1137188.30;2013-12-01T00:00:00
7874065;582239;Rájec-Jestøebí;;;;;138894;Jestøebí;19437;Lesní;è.p.;80;;;67902;595267.89;1137188.18;2013-12-01T00:00:00
7874073;582239;Rájec-Jestøebí;;;;;138894;Jestøebí;19275;9. kvìtna;è.p.;81;;;67902;594491.06;1137149.24;2013-12-01T00:00:00
7874081;582239;Rájec-Jestøebí;;;;;138894;Jestøebí;19275;9. kvìtna;è.p.;82;;;67902;595080.92;1136776.89;2013-12-01T00:00:00
7874090;582239;Rájec-Jestøebí;;;;;138894;Jestøebí;19275;9. kvìtna;è.p.;83;;;67902;594718.19;1137132.93;2013-12-01T00:00:00
7874103;582239;Rájec-Jestøebí;;;;;138894;Jestøebí;19607;V Humnech;è.p.;84;;;67902;594955.96;1137104.57;2013-12-01T00:00:00
7874111;582239;Rájec-Jestøebí;;;;;138894;Jestøebí;19437;Lesní;è.p.;85;;;67902;595269.83;1137240.36;2013-12-01T00:00:00
7874120;582239;Rájec-Jestøebí;;;;;138894;Jestøebí;19275;9. kvìtna;è.p.;86;;;67902;595088.29;1136770.04;2013-12-01T00:00:00
7874146;582239;Rájec-Jestøebí;;;;;138894;Jestøebí;19488;nám. 1. máje;è.p.;88;;;67902;595020.88;1136988.44;2013-12-01T00:00:00
7874154;582239;Rájec-Jestøebí;;;;;138894;Jestøebí;19275;9. kvìtna;è.p.;89;;;67902;594897.44;1136984.89;2013-12-01T00:00:00
7874162;582239;Rájec-Jestøebí;;;;;138894;Jestøebí;19640;Vrchlického;è.p.;90;;;67902;594759.92;1137021.61;2013-12-01T00:00:00
7874189;582239;Rájec-Jestøebí;;;;;138894;Jestøebí;19640;Vrchlického;è.p.;92;;;67902;594764.21;1137015.14;2013-12-01T00:00:00
7874197;582239;Rájec-Jestøebí;;;;;138894;Jestøebí;19372;Hybešova;è.p.;93;;;67902;594612.03;1136988.20;2013-12-01T00:00:00
7874201;582239;Rájec-Jestøebí;;;;;138894;Jestøebí;19640;Vrchlického;è.p.;94;;;67902;594751.44;1137024.89;2013-12-01T00:00:00
7874219;582239;Rájec-Jestøebí;;;;;138894;Jestøebí;19275;9. kvìtna;è.p.;95;;;67902;594921.65;1136976.17;2013-12-01T00:00:00
7874227;582239;Rájec-Jestøebí;;;;;138894;Jestøebí;19372;Hybešova;è.p.;96;;;67902;594700.76;1136962.12;2013-12-01T00:00:00
7874235;582239;Rájec-Jestøebí;;;;;138894;Jestøebí;19437;Lesní;è.p.;97;;;67902;595313.35;1137258.26;2013-12-01T00:00:00
7874243;582239;Rájec-Jestøebí;;;;;138894;Jestøebí;19275;9. kvìtna;è.p.;98;;;67902;594503.08;1137152.68;2013-12-01T00:00:00
7874251;582239;Rájec-Jestøebí;;;;;138894;Jestøebí;19275;9. kvìtna;è.p.;99;;;67902;594218.87;1137207.52;2013-12-01T00:00:00
7874260;582239;Rájec-Jestøebí;;;;;138894;Jestøebí;19275;9. kvìtna;è.p.;100;;;67902;594514.88;1137154.10;2013-12-01T00:00:00
7874278;582239;Rájec-Jestøebí;;;;;138894;Jestøebí;19275;9. kvìtna;è.p.;101;;;67902;594523.11;1137156.18;2013-12-01T00:00:00
7874286;582239;Rájec-Jestøebí;;;;;138894;Jestøebí;19275;9. kvìtna;è.p.;102;;;67902;594529.45;1137158.06;2013-12-01T00:00:00
7874294;582239;Rájec-Jestøebí;;;;;138894;Jestøebí;19275;9. kvìtna;è.p.;103;;;67902;594294.08;1137239.27;2013-12-01T00:00:00
7874308;582239;Rájec-Jestøebí;;;;;138894;Jestøebí;19275;9. kvìtna;è.p.;104;;;67902;594710.39;1137103.87;2013-12-01T00:00:00
7874316;582239;Rájec-Jestøebí;;;;;138894;Jestøebí;19275;9. kvìtna;è.p.;105;;;67902;594537.40;1137159.39;2013-12-01T00:00:00
7874324;582239;Rájec-Jestøebí;;;;;138894;Jestøebí;19275;9. kvìtna;è.p.;106;;;67902;594546.02;1137161.19;2013-12-01T00:00:00
7874332;582239;Rájec-Jestøebí;;;;;138894;Jestøebí;19275;9. kvìtna;è.p.;107;;;67902;594552.93;1137163.52;2013-12-01T00:00:00
7874341;582239;Rájec-Jestøebí;;;;;138894;Jestøebí;19372;Hybešova;è.p.;108;;;67902;594603.90;1137020.39;2013-12-01T00:00:00
7874359;582239;Rájec-Jestøebí;;;;;138894;Jestøebí;19461;Na Rybníèku;è.p.;109;;;67902;594536.43;1137004.00;2013-12-01T00:00:00
7874367;582239;Rájec-Jestøebí;;;;;138894;Jestøebí;19275;9. kvìtna;è.p.;111;;;67902;594907.63;1136979.05;2013-12-01T00:00:00
7874383;582239;Rájec-Jestøebí;;;;;138894;Jestøebí;19275;9. kvìtna;è.p.;113;;;67902;594699.47;1137106.28;2013-12-01T00:00:00
7874391;582239;Rájec-Jestøebí;;;;;138894;Jestøebí;19518;Ol. Blažka;è.p.;114;;;67902;594065.94;1137287.62;2013-12-01T00:00:00
7874405;582239;Rájec-Jestøebí;;;;;138894;Jestøebí;19518;Ol. Blažka;è.p.;115;;;67902;594059.44;1137292.78;2013-12-01T00:00:00
7874413;582239;Rájec-Jestøebí;;;;;138894;Jestøebí;19518;Ol. Blažka;è.p.;116;;;67902;594052.67;1137297.98;2013-12-01T00:00:00
7874421;582239;Rájec-Jestøebí;;;;;138894;Jestøebí;19518;Ol. Blažka;è.p.;117;;;67902;594046.22;1137303.36;2013-12-01T00:00:00
7874430;582239;Rájec-Jestøebí;;;;;138894;Jestøebí;19518;Ol. Blažka;è.p.;118;;;67902;594039.73;1137308.60;2013-12-01T00:00:00
7874456;582239;Rájec-Jestøebí;;;;;138894;Jestøebí;19275;9. kvìtna;è.p.;120;;;67902;594401.50;1137203.30;2013-12-01T00:00:00
7874464;582239;Rájec-Jestøebí;;;;;138894;Jestøebí;19275;9. kvìtna;è.p.;121;;;67902;594393.27;1137204.82;2013-12-01T00:00:00
7874472;582239;Rájec-Jestøebí;;;;;138894;Jestøebí;19275;9. kvìtna;è.p.;122;;;67902;594413.85;1137202.65;2013-12-01T00:00:00
7874481;582239;Rájec-Jestøebí;;;;;138894;Jestøebí;19275;9. kvìtna;è.p.;123;;;67902;594420.08;1137196.58;2013-12-01T00:00:00
7874499;582239;Rájec-Jestøebí;;;;;138894;Jestøebí;19381;Jiráskova;è.p.;124;;;67902;594470.94;1137139.76;2013-12-01T00:00:00
7874502;582239;Rájec-Jestøebí;;;;;138894;Jestøebí;19593;Tichá;è.p.;125;;;67902;594505.05;1137081.81;2013-12-01T00:00:00
7874511;582239;Rájec-Jestøebí;;;;;138894;Jestøebí;19275;9. kvìtna;è.p.;126;;;67902;594804.03;1137025.17;2013-12-01T00:00:00
7874529;582239;Rájec-Jestøebí;;;;;138894;Jestøebí;19275;9. kvìtna;è.p.;127;;;67902;594690.94;1137110.25;2013-12-01T00:00:00
7874545;582239;Rájec-Jestøebí;;;;;138894;Jestøebí;19593;Tichá;è.p.;129;;;67902;594542.62;1137081.95;2013-12-01T00:00:00
7874553;582239;Rájec-Jestøebí;;;;;138894;Jestøebí;19381;Jiráskova;è.p.;130;;;67902;594478.06;1137128.15;2013-12-01T00:00:00
7874561;582239;Rájec-Jestøebí;;;;;138894;Jestøebí;19275;9. kvìtna;è.p.;131;;;67902;594310.14;1137230.25;2013-12-01T00:00:00
7874570;582239;Rájec-Jestøebí;;;;;138894;Jestøebí;19275;9. kvìtna;è.p.;132;;;67902;594323.36;1137225.24;2013-12-01T00:00:00
7874588;582239;Rájec-Jestøebí;;;;;138894;Jestøebí;19275;9. kvìtna;è.p.;133;;;67902;594726.19;1137095.32;2013-12-01T00:00:00
7874596;582239;Rájec-Jestøebí;;;;;138894;Jestøebí;19381;Jiráskova;è.p.;134;;;67902;594462.28;1137157.75;2013-12-01T00:00:00
7874600;582239;Rájec-Jestøebí;;;;;138894;Jestøebí;19275;9. kvìtna;è.p.;135;;;67902;594429.58;1137194.09;2013-12-01T00:00:00
7874618;582239;Rájec-Jestøebí;;;;;138894;Jestøebí;19275;9. kvìtna;è.p.;136;;;67902;594488.42;1137184.46;2013-12-01T00:00:00
7874626;582239;Rájec-Jestøebí;;;;;138894;Jestøebí;19275;9. kvìtna;è.p.;137;;;67902;594439.60;1137190.91;2013-12-01T00:00:00
7874634;582239;Rájec-Jestøebí;;;;;138894;Jestøebí;19381;Jiráskova;è.p.;138;;;67902;594495.26;1137097.62;2013-12-01T00:00:00
7874651;582239;Rájec-Jestøebí;;;;;138894;Jestøebí;19593;Tichá;è.p.;140;;;67902;594567.91;1137092.87;2013-12-01T00:00:00
7874669;582239;Rájec-Jestøebí;;;;;138894;Jestøebí;19593;Tichá;è.p.;141;;;67902;594582.59;1137094.34;2013-12-01T00:00:00
7874677;582239;Rájec-Jestøebí;;;;;138894;Jestøebí;19381;Jiráskova;è.p.;142;;;67902;594489.29;1137110.20;2013-12-01T00:00:00
7874685;582239;Rájec-Jestøebí;;;;;138894;Jestøebí;19381;Jiráskova;è.p.;143;;;67902;594487.03;1137115.55;2013-12-01T00:00:00
7874693;582239;Rájec-Jestøebí;;;;;138894;Jestøebí;19275;9. kvìtna;è.p.;144;;;67902;594634.20;1137134.63;2013-12-01T00:00:00
7874707;582239;Rájec-Jestøebí;;;;;138894;Jestøebí;19640;Vrchlického;è.p.;145;;;67902;594594.13;1137155.92;2013-12-01T00:00:00
7874715;582239;Rájec-Jestøebí;;;;;138894;Jestøebí;19275;9. kvìtna;è.p.;146;;;67902;594670.29;1137151.67;2013-12-01T00:00:00
7874723;582239;Rájec-Jestøebí;;;;;138894;Jestøebí;19640;Vrchlického;è.p.;147;;;67902;594612.23;1137128.52;2013-12-01T00:00:00
7874731;582239;Rájec-Jestøebí;;;;;138894;Jestøebí;19640;Vrchlického;è.p.;148;;;67902;594614.66;1137123.32;2013-12-01T00:00:00
7874740;582239;Rájec-Jestøebí;;;;;138894;Jestøebí;19640;Vrchlického;è.p.;149;;;67902;594614.44;1137108.69;2013-12-01T00:00:00
7874758;582239;Rájec-Jestøebí;;;;;138894;Jestøebí;19640;Vrchlického;è.p.;150;;;67902;594620.87;1137103.67;2013-12-01T00:00:00
7874766;582239;Rájec-Jestøebí;;;;;138894;Jestøebí;19275;9. kvìtna;è.p.;151;;;67902;594457.91;1137185.92;2013-12-01T00:00:00
7874774;582239;Rájec-Jestøebí;;;;;138894;Jestøebí;19381;Jiráskova;è.p.;152;;;67902;594452.78;1137121.29;2013-12-01T00:00:00
7874782;582239;Rájec-Jestøebí;;;;;138894;Jestøebí;19640;Vrchlického;è.p.;153;;;67902;594605.61;1137068.24;2013-12-01T00:00:00
7874791;582239;Rájec-Jestøebí;;;;;138894;Jestøebí;19640;Vrchlického;è.p.;154;;;67902;594623.98;1137088.31;2013-12-01T00:00:00
7874804;582239;Rájec-Jestøebí;;;;;138894;Jestøebí;19640;Vrchlického;è.p.;155;;;67902;594643.35;1137040.44;2013-12-01T00:00:00
7874812;582239;Rájec-Jestøebí;;;;;138894;Jestøebí;19640;Vrchlického;è.p.;156;;;67902;594671.02;1137030.64;2013-12-01T00:00:00
7874821;582239;Rájec-Jestøebí;;;;;138894;Jestøebí;19640;Vrchlického;è.p.;157;;;67902;594680.53;1137027.00;2013-12-01T00:00:00
7874839;582239;Rájec-Jestøebí;;;;;138894;Jestøebí;19640;Vrchlického;è.p.;158;;;67902;594695.69;1137021.43;2013-12-01T00:00:00
7874847;582239;Rájec-Jestøebí;;;;;138894;Jestøebí;19640;Vrchlického;è.p.;159;;;67902;594710.44;1137016.80;2013-12-01T00:00:00
7874855;582239;Rájec-Jestøebí;;;;;138894;Jestøebí;19640;Vrchlického;è.p.;160;;;67902;594718.69;1137013.77;2013-12-01T00:00:00
7874863;582239;Rájec-Jestøebí;;;;;138894;Jestøebí;19275;9. kvìtna;è.p.;161;;;67902;594344.95;1137219.90;2013-12-01T00:00:00
7874871;582239;Rájec-Jestøebí;;;;;138894;Jestøebí;19275;9. kvìtna;è.p.;162;;;67902;594337.13;1137221.98;2013-12-01T00:00:00
7874880;582239;Rájec-Jestøebí;;;;;138894;Jestøebí;19275;9. kvìtna;è.p.;163;;;67902;594279.23;1137205.87;2013-12-01T00:00:00
7874898;582239;Rájec-Jestøebí;;;;;138894;Jestøebí;19372;Hybešova;è.p.;164;;;67902;594556.11;1136999.34;2013-12-01T00:00:00
7874901;582239;Rájec-Jestøebí;;;;;138894;Jestøebí;19372;Hybešova;è.p.;165;;;67902;594566.28;1136997.48;2013-12-01T00:00:00
7874910;582239;Rájec-Jestøebí;;;;;138894;Jestøebí;19275;9. kvìtna;è.p.;166;;;67902;594624.11;1137190.86;2013-12-01T00:00:00
7874928;582239;Rájec-Jestøebí;;;;;138894;Jestøebí;19372;Hybešova;è.p.;167;;;67902;594640.84;1136981.49;2013-12-01T00:00:00
7874936;582239;Rájec-Jestøebí;;;;;138894;Jestøebí;19372;Hybešova;è.p.;168;;;67902;594582.86;1137014.39;2013-12-01T00:00:00
7874944;582239;Rájec-Jestøebí;;;;;138894;Jestøebí;19372;Hybešova;è.p.;169;;;67902;594544.25;1137021.57;2013-12-01T00:00:00
7874952;582239;Rájec-Jestøebí;;;;;138894;Jestøebí;19275;9. kvìtna;è.p.;170;;;67902;595120.87;1136727.87;2013-12-01T00:00:00
7874961;582239;Rájec-Jestøebí;;;;;138894;Jestøebí;19275;9. kvìtna;è.p.;171;;;67902;594353.19;1137217.92;2013-12-01T00:00:00
7874979;582239;Rájec-Jestøebí;;;;;138894;Jestøebí;19372;Hybešova;è.p.;172;;;67902;594532.63;1137024.99;2013-12-01T00:00:00
7874987;582239;Rájec-Jestøebí;;;;;138894;Jestøebí;19445;Luèní;è.p.;173;;;67902;594493.39;1137025.11;2013-12-01T00:00:00
7874995;582239;Rájec-Jestøebí;;;;;138894;Jestøebí;19445;Luèní;è.p.;174;;;67902;594479.55;1137026.54;2013-12-01T00:00:00
7875002;582239;Rájec-Jestøebí;;;;;138894;Jestøebí;19372;Hybešova;è.p.;175;;;67902;594570.50;1137016.24;2013-12-01T00:00:00
7875011;582239;Rájec-Jestøebí;;;;;138894;Jestøebí;19275;9. kvìtna;è.p.;176;;;67902;595107.03;1136749.84;2013-12-01T00:00:00
7875029;582239;Rájec-Jestøebí;;;;;138894;Jestøebí;19275;9. kvìtna;è.p.;177;;;67902;595101.95;1136755.09;2013-12-01T00:00:00
7875037;582239;Rájec-Jestøebí;;;;;138894;Jestøebí;19381;Jiráskova;è.p.;178;;;67902;594445.86;1137131.78;2013-12-01T00:00:00
7875045;582239;Rájec-Jestøebí;;;;;138894;Jestøebí;19275;9. kvìtna;è.p.;179;;;67902;594657.72;1137119.40;2013-12-01T00:00:00
7875053;582239;Rájec-Jestøebí;;;;;138894;Jestøebí;19275;9. kvìtna;è.p.;180;;;67902;594649.77;1137166.55;2013-12-01T00:00:00
7875061;582239;Rájec-Jestøebí;;;;;138894;Jestøebí;19461;Na Rybníèku;è.p.;181;;;67902;594522.22;1136982.06;2013-12-01T00:00:00
7875070;582239;Rájec-Jestøebí;;;;;138894;Jestøebí;19461;Na Rybníèku;è.p.;182;;;67902;594518.29;1136971.84;2013-12-01T00:00:00
7875088;582239;Rájec-Jestøebí;;;;;138894;Jestøebí;19461;Na Rybníèku;è.p.;183;;;67902;594513.25;1136965.08;2013-12-01T00:00:00
7875096;582239;Rájec-Jestøebí;;;;;138894;Jestøebí;19461;Na Rybníèku;è.p.;184;;;67902;594507.25;1136952.84;2013-12-01T00:00:00
7875100;582239;Rájec-Jestøebí;;;;;138894;Jestøebí;19372;Hybešova;è.p.;185;;;67902;594732.16;1136863.29;2013-12-01T00:00:00
7875118;582239;Rájec-Jestøebí;;;;;138894;Jestøebí;19445;Luèní;è.p.;186;;;67902;594507.15;1137005.82;2013-12-01T00:00:00
7875126;582239;Rájec-Jestøebí;;;;;138894;Jestøebí;19445;Luèní;è.p.;187;;;67902;594484.35;1137005.55;2013-12-01T00:00:00
7875134;582239;Rájec-Jestøebí;;;;;138894;Jestøebí;19275;9. kvìtna;è.p.;188;;;67902;595127.70;1136721.29;2013-12-01T00:00:00
7875142;582239;Rájec-Jestøebí;;;;;138894;Jestøebí;19275;9. kvìtna;è.p.;189;;;67902;595168.55;1136677.30;2013-12-01T00:00:00
7875151;582239;Rájec-Jestøebí;;;;;138894;Jestøebí;19437;Lesní;è.p.;190;;;67902;595214.27;1137167.67;2013-12-01T00:00:00
7875169;582239;Rájec-Jestøebí;;;;;138894;Jestøebí;19275;9. kvìtna;è.p.;191;;;67902;594604.62;1137221.96;2013-12-01T00:00:00
7875177;582239;Rájec-Jestøebí;;;;;138894;Jestøebí;19275;9. kvìtna;è.p.;192;;;67902;594597.15;1137234.68;2013-12-01T00:00:00
7875185;582239;Rájec-Jestøebí;;;;;138894;Jestøebí;19445;Luèní;è.p.;196;;;67902;594487.80;1136960.92;2013-12-01T00:00:00
7875193;582239;Rájec-Jestøebí;;;;;138894;Jestøebí;19445;Luèní;è.p.;197;;;67902;594455.06;1137024.17;2013-12-01T00:00:00
7875207;582239;Rájec-Jestøebí;;;;;138894;Jestøebí;19518;Ol. Blažka;è.p.;200;;;67902;594115.67;1137252.65;2013-12-01T00:00:00
7875215;582239;Rájec-Jestøebí;;;;;138894;Jestøebí;19275;9. kvìtna;è.p.;201;;;67902;594363.14;1137186.40;2013-12-01T00:00:00
7875223;582239;Rájec-Jestøebí;;;;;138894;Jestøebí;19275;9. kvìtna;è.p.;202;;;67902;594269.84;1137240.94;2013-12-01T00:00:00
7875231;582239;Rájec-Jestøebí;;;;;138894;Jestøebí;19275;9. kvìtna;è.p.;203;;;67902;594957.94;1136975.26;2013-12-01T00:00:00
7875240;582239;Rájec-Jestøebí;;;;;138894;Jestøebí;19275;9. kvìtna;è.p.;204;;;67902;594372.04;1137211.57;2013-12-01T00:00:00
7875258;582239;Rájec-Jestøebí;;;;;138894;Jestøebí;19381;Jiráskova;è.p.;205;;;67902;594456.54;1137112.42;2013-12-01T00:00:00
7875266;582239;Rájec-Jestøebí;;;;;138894;Jestøebí;19275;9. kvìtna;è.p.;206;;;67902;594735.19;1137128.03;2013-12-01T00:00:00
7875274;582239;Rájec-Jestøebí;;;;;138894;Jestøebí;19445;Luèní;è.p.;207;;;67902;594407.54;1137021.89;2013-12-01T00:00:00
7875282;582239;Rájec-Jestøebí;;;;;138894;Jestøebí;19275;9. kvìtna;è.p.;208;;;67902;594469.78;1137184.64;2013-12-01T00:00:00
7875291;582239;Rájec-Jestøebí;;;;;138894;Jestøebí;19381;Jiráskova;è.p.;209;;;67902;594465.14;1137097.65;2013-12-01T00:00:00
7875304;582239;Rájec-Jestøebí;;;;;138894;Jestøebí;19445;Luèní;è.p.;210;;;67902;594406.77;1136997.00;2013-12-01T00:00:00
7875312;582239;Rájec-Jestøebí;;;;;138894;Jestøebí;19445;Luèní;è.p.;211;;;67902;594390.54;1137021.30;2013-12-01T00:00:00
7875321;582239;Rájec-Jestøebí;;;;;138894;Jestøebí;19275;9. kvìtna;è.p.;212;;;67902;595150.73;1136697.57;2013-12-01T00:00:00
7875339;582239;Rájec-Jestøebí;;;;;138894;Jestøebí;19445;Luèní;è.p.;213;;;67902;594430.43;1137023.33;2013-12-01T00:00:00
7875347;582239;Rájec-Jestøebí;;;;;138894;Jestøebí;19445;Luèní;è.p.;214;;;67902;594469.94;1137001.01;2013-12-01T00:00:00
7875355;582239;Rájec-Jestøebí;;;;;138894;Jestøebí;19445;Luèní;è.p.;215;;;67902;594370.24;1137020.02;2013-12-01T00:00:00
7875371;582239;Rájec-Jestøebí;;;;;138894;Jestøebí;19445;Luèní;è.p.;217;;;67902;594388.19;1136995.49;2013-12-01T00:00:00
7875380;582239;Rájec-Jestøebí;;;;;138894;Jestøebí;19445;Luèní;è.p.;218;;;67902;594444.95;1136999.03;2013-12-01T00:00:00
7875398;582239;Rájec-Jestøebí;;;;;138894;Jestøebí;19445;Luèní;è.p.;219;;;67902;594353.28;1137019.23;2013-12-01T00:00:00
7875401;582239;Rájec-Jestøebí;;;;;138894;Jestøebí;19445;Luèní;è.p.;220;;;67902;594315.72;1137062.23;2013-12-01T00:00:00
7875410;582239;Rájec-Jestøebí;;;;;138894;Jestøebí;19445;Luèní;è.p.;221;;;67902;594321.07;1136991.16;2013-12-01T00:00:00
7875428;582239;Rájec-Jestøebí;;;;;138894;Jestøebí;19445;Luèní;è.p.;222;;;67902;594316.81;1137041.17;2013-12-01T00:00:00
7875436;582239;Rájec-Jestøebí;;;;;138894;Jestøebí;19445;Luèní;è.p.;223;;;67902;594345.74;1136992.68;2013-12-01T00:00:00
7875444;582239;Rájec-Jestøebí;;;;;138894;Jestøebí;19275;9. kvìtna;è.p.;224;;;67902;594753.70;1137122.29;2013-12-01T00:00:00
7875452;582239;Rájec-Jestøebí;;;;;138894;Jestøebí;19275;9. kvìtna;è.p.;225;;;67902;594251.96;1137211.54;2013-12-01T00:00:00
7875461;582239;Rájec-Jestøebí;;;;;138894;Jestøebí;19445;Luèní;è.p.;226;;;67902;594289.51;1137054.81;2013-12-01T00:00:00
7875479;582239;Rájec-Jestøebí;;;;;138894;Jestøebí;19518;Ol. Blažka;è.p.;227;;;67902;594039.20;1137249.31;2013-12-01T00:00:00
7875487;582239;Rájec-Jestøebí;;;;;138894;Jestøebí;19445;Luèní;è.p.;228;;;67902;594290.46;1137037.01;2013-12-01T00:00:00
7875495;582239;Rájec-Jestøebí;;;;;138894;Jestøebí;19437;Lesní;è.p.;229;;;67902;595310.92;1137290.71;2013-12-01T00:00:00
7875509;582239;Rájec-Jestøebí;;;;;138894;Jestøebí;19445;Luèní;è.p.;230;;;67902;594426.18;1136997.41;2013-12-01T00:00:00
7875517;582239;Rájec-Jestøebí;;;;;138894;Jestøebí;19445;Luèní;è.p.;231;;;67902;594292.04;1137006.68;2013-12-01T00:00:00
7875525;582239;Rájec-Jestøebí;;;;;138894;Jestøebí;19275;9. kvìtna;è.p.;232;;;67902;594531.30;1137200.90;2013-12-01T00:00:00
7875533;582239;Rájec-Jestøebí;;;;;138894;Jestøebí;19445;Luèní;è.p.;233;;;67902;594321.86;1136948.11;2013-12-01T00:00:00
7875541;582239;Rájec-Jestøebí;;;;;138894;Jestøebí;19445;Luèní;è.p.;234;;;67902;594318.09;1137022.59;2013-12-01T00:00:00
7875550;582239;Rájec-Jestøebí;;;;;138894;Jestøebí;19445;Luèní;è.p.;235;;;67902;594292.78;1136995.03;2013-12-01T00:00:00
7875568;582239;Rájec-Jestøebí;;;;;138894;Jestøebí;19283;B. Nìmcové;è.p.;236;;;67902;594393.01;1136937.90;2013-12-01T00:00:00
7875576;582239;Rájec-Jestøebí;;;;;138894;Jestøebí;19283;B. Nìmcové;è.p.;237;;;67902;594466.26;1136928.82;2013-12-01T00:00:00
7875584;582239;Rájec-Jestøebí;;;;;138894;Jestøebí;19445;Luèní;è.p.;238;;;67902;594289.25;1137067.29;2013-12-01T00:00:00
7875592;582239;Rájec-Jestøebí;;;;;138894;Jestøebí;19283;B. Nìmcové;è.p.;239;;;67902;594427.33;1136932.54;2013-12-01T00:00:00
7875606;582239;Rájec-Jestøebí;;;;;138894;Jestøebí;19445;Luèní;è.p.;240;;;67902;594290.96;1137025.25;2013-12-01T00:00:00
7875614;582239;Rájec-Jestøebí;;;;;138894;Jestøebí;19283;B. Nìmcové;è.p.;241;;;67902;594376.14;1136938.90;2013-12-01T00:00:00
7875622;582239;Rájec-Jestøebí;;;;;138894;Jestøebí;19283;B. Nìmcové;è.p.;242;;;67902;594358.27;1136941.67;2013-12-01T00:00:00
7875631;582239;Rájec-Jestøebí;;;;;138894;Jestøebí;19283;B. Nìmcové;è.p.;243;;;67902;594341.19;1136944.25;2013-12-01T00:00:00
7875649;582239;Rájec-Jestøebí;;;;;138894;Jestøebí;19283;B. Nìmcové;è.p.;244;;;67902;594445.64;1136930.06;2013-12-01T00:00:00
7875657;582239;Rájec-Jestøebí;;;;;138894;Jestøebí;19607;V Humnech;è.p.;245;;;67902;595116.68;1137080.53;2013-12-01T00:00:00
7875665;582239;Rájec-Jestøebí;;;;;138894;Jestøebí;19437;Lesní;è.p.;246;;;67902;595220.63;1137159.43;2013-12-01T00:00:00
7875681;582239;Rájec-Jestøebí;;;;;138894;Jestøebí;19283;B. Nìmcové;è.p.;248;;;67902;594503.62;1136932.66;2013-12-01T00:00:00
7875690;582239;Rájec-Jestøebí;;;;;138894;Jestøebí;19275;9. kvìtna;è.p.;249;;;67902;594570.86;1137200.29;2013-12-01T00:00:00
7875703;582239;Rájec-Jestøebí;;;;;138894;Jestøebí;19445;Luèní;è.p.;250;;;67902;594364.27;1136994.65;2013-12-01T00:00:00
7875711;582239;Rájec-Jestøebí;;;;;138894;Jestøebí;19283;B. Nìmcové;è.p.;251;;;67902;594411.39;1136935.77;2013-12-01T00:00:00
7875720;582239;Rájec-Jestøebí;;;;;138894;Jestøebí;19437;Lesní;è.p.;252;;;67902;595294.97;1137223.48;2013-12-01T00:00:00
7875738;582239;Rájec-Jestøebí;;;;;138894;Jestøebí;19445;Luèní;è.p.;253;;;67902;594293.52;1136976.75;2013-12-01T00:00:00
7875746;582239;Rájec-Jestøebí;;;;;138894;Jestøebí;19275;9. kvìtna;è.p.;254;;;67902;594984.31;1136963.52;2013-12-01T00:00:00
7875754;582239;Rájec-Jestøebí;;;;;138894;Jestøebí;19275;9. kvìtna;è.p.;255;;;67902;595174.18;1136613.45;2013-12-01T00:00:00
7875762;582239;Rájec-Jestøebí;;;;;138894;Jestøebí;19283;B. Nìmcové;è.p.;256;;;67902;594502.27;1136912.81;2013-12-01T00:00:00
7875771;582239;Rájec-Jestøebí;;;;;138894;Jestøebí;19283;B. Nìmcové;è.p.;257;;;67902;594502.54;1136884.33;2013-12-01T00:00:00
7875789;582239;Rájec-Jestøebí;;;;;138894;Jestøebí;19283;B. Nìmcové;è.p.;258;;;67902;594494.03;1136885.79;2013-12-01T00:00:00
7875797;582239;Rájec-Jestøebí;;;;;138894;Jestøebí;19283;B. Nìmcové;è.p.;259;;;67902;594485.44;1136889.49;2013-12-01T00:00:00
7875801;582239;Rájec-Jestøebí;;;;;138894;Jestøebí;19283;B. Nìmcové;è.p.;260;;;67902;594476.59;1136891.15;2013-12-01T00:00:00
7875819;582239;Rájec-Jestøebí;;;;;138894;Jestøebí;19283;B. Nìmcové;è.p.;261;;;67902;594467.85;1136895.27;2013-12-01T00:00:00
7875827;582239;Rájec-Jestøebí;;;;;138894;Jestøebí;19283;B. Nìmcové;è.p.;262;;;67902;594458.79;1136896.71;2013-12-01T00:00:00
7875835;582239;Rájec-Jestøebí;;;;;138894;Jestøebí;19283;B. Nìmcové;è.p.;263;;;67902;594450.46;1136900.61;2013-12-01T00:00:00
7875843;582239;Rájec-Jestøebí;;;;;138894;Jestøebí;19283;B. Nìmcové;è.p.;264;;;67902;594441.28;1136901.82;2013-12-01T00:00:00
7875851;582239;Rájec-Jestøebí;;;;;138894;Jestøebí;19283;B. Nìmcové;è.p.;265;;;67902;594432.85;1136902.84;2013-12-01T00:00:00
7875860;582239;Rájec-Jestøebí;;;;;138894;Jestøebí;19283;B. Nìmcové;è.p.;266;;;67902;594423.79;1136904.46;2013-12-01T00:00:00
7875878;582239;Rájec-Jestøebí;;;;;138894;Jestøebí;19283;B. Nìmcové;è.p.;267;;;67902;594414.95;1136906.05;2013-12-01T00:00:00
7875886;582239;Rájec-Jestøebí;;;;;138894;Jestøebí;19283;B. Nìmcové;è.p.;268;;;67902;594405.61;1136907.39;2013-12-01T00:00:00
7875894;582239;Rájec-Jestøebí;;;;;138894;Jestøebí;19283;B. Nìmcové;è.p.;269;;;67902;594388.36;1136910.03;2013-12-01T00:00:00
7875908;582239;Rájec-Jestøebí;;;;;138894;Jestøebí;19283;B. Nìmcové;è.p.;270;;;67902;594379.52;1136911.13;2013-12-01T00:00:00
7875916;582239;Rájec-Jestøebí;;;;;138894;Jestøebí;19283;B. Nìmcové;è.p.;271;;;67902;594370.73;1136912.19;2013-12-01T00:00:00
7875924;582239;Rájec-Jestøebí;;;;;138894;Jestøebí;19283;B. Nìmcové;è.p.;272;;;67902;594361.22;1136913.68;2013-12-01T00:00:00
7875932;582239;Rájec-Jestøebí;;;;;138894;Jestøebí;19283;B. Nìmcové;è.p.;273;;;67902;594352.58;1136914.86;2013-12-01T00:00:00
7875941;582239;Rájec-Jestøebí;;;;;138894;Jestøebí;19283;B. Nìmcové;è.p.;274;;;67902;594343.62;1136916.22;2013-12-01T00:00:00
7875959;582239;Rájec-Jestøebí;;;;;138894;Jestøebí;19283;B. Nìmcové;è.p.;275;;;67902;594334.59;1136914.61;2013-12-01T00:00:00
7875967;582239;Rájec-Jestøebí;;;;;138894;Jestøebí;19283;B. Nìmcové;è.p.;276;;;67902;594325.42;1136915.97;2013-12-01T00:00:00
7875975;582239;Rájec-Jestøebí;;;;;138894;Jestøebí;19283;B. Nìmcové;è.p.;277;;;67902;594316.87;1136917.14;2013-12-01T00:00:00
7875983;582239;Rájec-Jestøebí;;;;;138894;Jestøebí;19283;B. Nìmcové;è.p.;278;;;67902;594307.82;1136918.51;2013-12-01T00:00:00
7875991;582239;Rájec-Jestøebí;;;;;138894;Jestøebí;19283;B. Nìmcové;è.p.;279;;;67902;594298.68;1136919.65;2013-12-01T00:00:00
7876009;582239;Rájec-Jestøebí;;;;;138894;Jestøebí;19283;B. Nìmcové;è.p.;280;;;67902;594289.64;1136920.86;2013-12-01T00:00:00
7876017;582239;Rájec-Jestøebí;;;;;138894;Jestøebí;19453;Na Hrázi;è.p.;281;;;67902;595074.70;1136915.41;2013-12-01T00:00:00
7876025;582239;Rájec-Jestøebí;;;;;138894;Jestøebí;19453;Na Hrázi;è.p.;282;;;67902;595077.72;1136923.67;2013-12-01T00:00:00
7876033;582239;Rájec-Jestøebí;;;;;138894;Jestøebí;19453;Na Hrázi;è.p.;283;;;67902;595081.08;1136932.32;2013-12-01T00:00:00
7876041;582239;Rájec-Jestøebí;;;;;138894;Jestøebí;19453;Na Hrázi;è.p.;284;;;67902;595084.71;1136940.58;2013-12-01T00:00:00
7876050;582239;Rájec-Jestøebí;;;;;138894;Jestøebí;19445;Luèní;è.p.;285;;;67902;594293.95;1136965.01;2013-12-01T00:00:00
7876068;582239;Rájec-Jestøebí;;;;;138894;Jestøebí;19372;Hybešova;è.p.;286;;;67902;594694.91;1136854.42;2015-06-26T00:00:00
7876076;582239;Rájec-Jestøebí;;;;;138894;Jestøebí;19275;9. kvìtna;è.p.;287;;;67902;595132.95;1136699.53;2013-12-01T00:00:00
7876084;582239;Rájec-Jestøebí;;;;;138894;Jestøebí;19275;9. kvìtna;è.p.;288;;;67902;594580.90;1137263.64;2013-12-01T00:00:00
7876092;582239;Rájec-Jestøebí;;;;;138894;Jestøebí;19275;9. kvìtna;è.p.;289;;;67902;594585.35;1137254.23;2013-12-01T00:00:00
7876106;582239;Rájec-Jestøebí;;;;;138894;Jestøebí;19453;Na Hrázi;è.p.;290;;;67902;595123.16;1136981.86;2013-12-01T00:00:00
7876114;582239;Rájec-Jestøebí;;;;;138894;Jestøebí;19275;9. kvìtna;è.p.;291;;;67902;594821.83;1137100.94;2015-03-12T00:00:00
7876122;582239;Rájec-Jestøebí;;;;;138894;Jestøebí;19607;V Humnech;è.p.;291;;;67902;594817.20;1137088.06;2013-12-01T00:00:00
7876131;582239;Rájec-Jestøebí;;;;;138894;Jestøebí;19372;Hybešova;è.p.;292;;;67902;594580.78;1136956.97;2015-12-14T00:00:00
7876149;582239;Rájec-Jestøebí;;;;;138894;Jestøebí;19437;Lesní;è.p.;293;;;67902;595215.51;1137193.61;2013-12-01T00:00:00
7876157;582239;Rájec-Jestøebí;;;;;138894;Jestøebí;19275;9. kvìtna;è.p.;295;;;67902;594250.91;1137263.61;2013-12-01T00:00:00
7876165;582239;Rájec-Jestøebí;;;;;138894;Jestøebí;19445;Luèní;è.p.;296;;;67902;594465.30;1137025.32;2013-12-01T00:00:00
7876173;582239;Rájec-Jestøebí;;;;;138894;Jestøebí;19445;Luèní;è.p.;297;;;67902;594282.37;1137083.41;2013-12-01T00:00:00
7876181;582239;Rájec-Jestøebí;;;;;138894;Jestøebí;19437;Lesní;è.p.;299;;;67902;595181.15;1137112.78;2013-12-01T00:00:00
7876190;582239;Rájec-Jestøebí;;;;;138894;Jestøebí;19437;Lesní;è.p.;300;;;67902;595191.95;1137128.06;2013-12-01T00:00:00
7876203;582239;Rájec-Jestøebí;;;;;138894;Jestøebí;19437;Lesní;è.p.;301;;;67902;595200.56;1137143.78;2013-12-01T00:00:00
7876211;582239;Rájec-Jestøebí;;;;;138894;Jestøebí;19437;Lesní;è.p.;302;;;67902;595206.55;1137151.96;2013-12-01T00:00:00
7876220;582239;Rájec-Jestøebí;;;;;138894;Jestøebí;19437;Lesní;è.p.;303;;;67902;595303.11;1137242.56;2013-12-01T00:00:00
7876238;582239;Rájec-Jestøebí;;;;;138894;Jestøebí;19453;Na Hrázi;è.p.;304;;;67902;595170.69;1137026.08;2013-12-01T00:00:00
7876246;582239;Rájec-Jestøebí;;;;;138894;Jestøebí;19275;9. kvìtna;è.p.;305;;;67902;594683.74;1137158.50;2013-12-01T00:00:00
7876254;582239;Rájec-Jestøebí;;;;;138894;Jestøebí;19275;9. kvìtna;è.p.;306;;;67902;594690.76;1137156.60;2013-12-01T00:00:00
7876262;582239;Rájec-Jestøebí;;;;;138894;Jestøebí;19453;Na Hrázi;è.p.;307;;;67902;595088.27;1136948.64;2013-12-01T00:00:00
7876271;582239;Rájec-Jestøebí;;;;;138894;Jestøebí;19453;Na Hrázi;è.p.;308;;;67902;595071.65;1136906.95;2013-12-01T00:00:00
7876289;582239;Rájec-Jestøebí;;;;;138894;Jestøebí;19453;Na Hrázi;è.p.;309;;;67902;595068.78;1136899.08;2013-12-01T00:00:00
7876297;582239;Rájec-Jestøebí;;;;;138894;Jestøebí;19453;Na Hrázi;è.p.;310;;;67902;595064.88;1136890.29;2013-12-01T00:00:00
7876301;582239;Rájec-Jestøebí;;;;;138894;Jestøebí;19453;Na Hrázi;è.p.;311;;;67902;595061.16;1136878.69;2013-12-01T00:00:00
7876319;582239;Rájec-Jestøebí;;;;;138894;Jestøebí;19518;Ol. Blažka;è.p.;312;;;67902;594121.57;1137182.97;2013-12-01T00:00:00
7876327;582239;Rájec-Jestøebí;;;;;138894;Jestøebí;19275;9. kvìtna;è.p.;313;;;67902;595165.74;1136642.71;2013-12-01T00:00:00
7876335;582239;Rájec-Jestøebí;;;;;138894;Jestøebí;19275;9. kvìtna;è.p.;314;;;67902;595172.30;1136636.84;2013-12-01T00:00:00
7876343;582239;Rájec-Jestøebí;;;;;138894;Jestøebí;19275;9. kvìtna;è.p.;315;;;67902;594837.55;1137041.74;2017-04-05T00:00:00
7876351;582239;Rájec-Jestøebí;;;;;138894;Jestøebí;19372;Hybešova;è.p.;316;;;67902;595035.27;1136759.74;2013-12-01T00:00:00
7876360;582239;Rájec-Jestøebí;;;;;138894;Jestøebí;19453;Na Hrázi;è.p.;317;;;67902;595133.98;1137043.23;2013-12-01T00:00:00
7876378;582239;Rájec-Jestøebí;;;;;138894;Jestøebí;19437;Lesní;è.p.;318;;;67902;595283.90;1137276.23;2013-12-01T00:00:00
7876386;582239;Rájec-Jestøebí;;;;;138894;Jestøebí;19437;Lesní;è.p.;319;;;67902;595363.18;1137256.05;2013-12-01T00:00:00
7876394;582239;Rájec-Jestøebí;;;;;138894;Jestøebí;19275;9. kvìtna;è.p.;320;;;67902;594286.33;1137268.81;2013-12-01T00:00:00
7876408;582239;Rájec-Jestøebí;;;;;138894;Jestøebí;19381;Jiráskova;è.p.;321;;;67902;594367.27;1137147.29;2013-12-01T00:00:00
7876416;582239;Rájec-Jestøebí;;;;;138894;Jestøebí;19381;Jiráskova;è.p.;322;;;67902;594344.33;1137113.99;2019-12-09T00:00:00
7876424;582239;Rájec-Jestøebí;;;;;138894;Jestøebí;;;è.ev.;61;;;67902;596198.68;1137339.94;2013-12-01T00:00:00
7876441;582239;Rájec-Jestøebí;;;;;138908;Rájec;19534;Blanenská;è.p.;1;;;67902;593004.63;1137342.83;2013-12-01T00:00:00
7876459;582239;Rájec-Jestøebí;;;;;138908;Rájec;19534;Blanenská;è.p.;2;;;67902;593187.96;1137380.34;2013-12-01T00:00:00
7876467;582239;Rájec-Jestøebí;;;;;138908;Rájec;19534;Blanenská;è.p.;3;;;67902;593167.10;1137270.73;2013-12-01T00:00:00
7876475;582239;Rájec-Jestøebí;;;;;138908;Rájec;19534;Blanenská;è.p.;4;;;67902;593206.37;1137255.26;2013-12-01T00:00:00
7876483;582239;Rájec-Jestøebí;;;;;138908;Rájec;19534;Blanenská;è.p.;5;;;67902;593196.21;1137300.58;2013-12-01T00:00:00
7876491;582239;Rájec-Jestøebí;;;;;138908;Rájec;19496;námìstí Míru;è.p.;6;;;67902;593299.98;1137143.26;2013-12-01T00:00:00
7876505;582239;Rájec-Jestøebí;;;;;138908;Rájec;19496;námìstí Míru;è.p.;7;;;67902;593288.85;1137121.33;2013-12-01T00:00:00
7876513;582239;Rájec-Jestøebí;;;;;138908;Rájec;19348;Horní;è.p.;8;;;67902;593254.72;1137130.71;2013-12-01T00:00:00
7876521;582239;Rájec-Jestøebí;;;;;138908;Rájec;19348;Horní;è.p.;9;;;67902;593241.13;1137138.95;2013-12-01T00:00:00
7876530;582239;Rájec-Jestøebí;;;;;138908;Rájec;19348;Horní;è.p.;10;;;67902;593221.55;1137153.48;2013-12-01T00:00:00
7876548;582239;Rájec-Jestøebí;;;;;138908;Rájec;19348;Horní;è.p.;11;;;67902;593131.83;1137223.62;2013-12-01T00:00:00
7876556;582239;Rájec-Jestøebí;;;;;138908;Rájec;19348;Horní;è.p.;12;;;67902;593135.97;1137207.19;2013-12-01T00:00:00
7876564;582239;Rájec-Jestøebí;;;;;138908;Rájec;19356;Hradisko;è.p.;13;;;67902;593369.64;1136928.10;2013-12-01T00:00:00
7876572;582239;Rájec-Jestøebí;;;;;138908;Rájec;19348;Horní;è.p.;14;;;67902;593144.88;1137167.67;2013-12-01T00:00:00
7876581;582239;Rájec-Jestøebí;;;;;138908;Rájec;19623;V Úzkých;è.p.;15;;;67902;593138.62;1137186.56;2013-12-01T00:00:00
7876599;582239;Rájec-Jestøebí;;;;;138908;Rájec;19623;V Úzkých;è.p.;16;;;67902;593104.15;1137161.32;2013-12-01T00:00:00
7876602;582239;Rájec-Jestøebí;;;;;138908;Rájec;19623;V Úzkých;è.p.;17;;;67902;593095.88;1137153.48;2013-12-01T00:00:00
7876611;582239;Rájec-Jestøebí;;;;;138908;Rájec;19623;V Úzkých;è.p.;18;;;67902;593065.61;1137122.68;2013-12-01T00:00:00
7876629;582239;Rájec-Jestøebí;;;;;138908;Rájec;19623;V Úzkých;è.p.;19;;;67902;593003.11;1136852.23;2013-12-01T00:00:00
7876637;582239;Rájec-Jestøebí;;;;;138908;Rájec;19623;V Úzkých;è.p.;20;;;67902;593045.77;1137082.84;2013-12-01T00:00:00
7876645;582239;Rájec-Jestøebí;;;;;138908;Rájec;19623;V Úzkých;è.p.;21;;;67902;593037.60;1137070.31;2013-12-01T00:00:00
7876653;582239;Rájec-Jestøebí;;;;;138908;Rájec;19623;V Úzkých;è.p.;22;;;67902;593031.90;1137057.30;2013-12-01T00:00:00
7876661;582239;Rájec-Jestøebí;;;;;138908;Rájec;19623;V Úzkých;è.p.;23;;;67902;593075.49;1137102.02;2013-12-01T00:00:00
7876670;582239;Rájec-Jestøebí;;;;;138908;Rájec;19623;V Úzkých;è.p.;24;;;67902;593117.77;1137144.53;2013-12-01T00:00:00
7876688;582239;Rájec-Jestøebí;;;;;138908;Rájec;19348;Horní;è.p.;25;;;67902;593158.68;1137161.57;2013-12-01T00:00:00
7876696;582239;Rájec-Jestøebí;;;;;138908;Rájec;19348;Horní;è.p.;26;;;67902;593174.47;1137151.50;2013-12-01T00:00:00
7876700;582239;Rájec-Jestøebí;;;;;138908;Rájec;19348;Horní;è.p.;27;;;67902;593184.13;1137146.10;2013-12-01T00:00:00
7876718;582239;Rájec-Jestøebí;;;;;138908;Rájec;19348;Horní;è.p.;28;;;67902;593199.16;1137139.43;2013-12-01T00:00:00
7876726;582239;Rájec-Jestøebí;;;;;138908;Rájec;19348;Horní;è.p.;29;;;67902;593212.23;1137131.62;2013-12-01T00:00:00
7876734;582239;Rájec-Jestøebí;;;;;138908;Rájec;19348;Horní;è.p.;30;;;67902;593244.05;1137115.44;2013-12-01T00:00:00
7876742;582239;Rájec-Jestøebí;;;;;138908;Rájec;19348;Horní;è.p.;31;;;67902;593265.18;1137104.53;2013-12-01T00:00:00
7876751;582239;Rájec-Jestøebí;;;;;138908;Rájec;19348;Horní;è.p.;32;;;67902;593275.60;1137099.00;2013-12-01T00:00:00
7876769;582239;Rájec-Jestøebí;;;;;138908;Rájec;19496;námìstí Míru;è.p.;33;;;67902;593287.72;1137093.18;2013-12-01T00:00:00
7876777;582239;Rájec-Jestøebí;;;;;138908;Rájec;19496;námìstí Míru;è.p.;34;;;67902;593306.73;1137078.28;2013-12-01T00:00:00
7876785;582239;Rájec-Jestøebí;;;;;138908;Rájec;19496;námìstí Míru;è.p.;35;;;67902;593297.99;1137086.37;2013-12-01T00:00:00
7876807;582239;Rájec-Jestøebí;;;;;138908;Rájec;19364;Høbitovní;è.p.;37;;;67902;593310.05;1136996.61;2013-12-01T00:00:00
7876815;582239;Rájec-Jestøebí;;;;;138908;Rájec;19402;Komenského;è.p.;42;;;67902;593805.84;1136503.58;2013-12-01T00:00:00
7876823;582239;Rájec-Jestøebí;;;;;138908;Rájec;19330;Havlíèkova;è.p.;43;;;67902;593434.26;1136976.37;2013-12-01T00:00:00
7876840;582239;Rájec-Jestøebí;;;;;138908;Rájec;19330;Havlíèkova;è.p.;45;;;67902;593402.27;1137006.20;2013-12-01T00:00:00
7876858;582239;Rájec-Jestøebí;;;;;138908;Rájec;19402;Komenského;è.p.;46;;;67902;593387.89;1136974.82;2013-12-01T00:00:00
7876866;582239;Rájec-Jestøebí;;;;;138908;Rájec;19496;námìstí Míru;è.p.;49;;;67902;593337.59;1137086.74;2013-12-01T00:00:00
7876874;582239;Rájec-Jestøebí;;;;;138908;Rájec;19496;námìstí Míru;è.p.;50;;;67902;593344.79;1137114.83;2013-12-01T00:00:00
7876882;582239;Rájec-Jestøebí;;;;;138908;Rájec;19399;Jurkova;è.p.;51;;;67902;593358.44;1137125.62;2013-12-01T00:00:00
7876904;582239;Rájec-Jestøebí;;;;;138908;Rájec;19399;Jurkova;è.p.;53;;;67902;593394.48;1137140.62;2013-12-01T00:00:00
7876912;582239;Rájec-Jestøebí;;;;;138908;Rájec;19399;Jurkova;è.p.;54;;;67902;593405.21;1137155.92;2013-12-01T00:00:00
7876921;582239;Rájec-Jestøebí;;;;;138908;Rájec;19518;Ol. Blažka;è.p.;55;;;67902;594104.50;1137299.34;2013-12-01T00:00:00
7876947;582239;Rájec-Jestøebí;;;;;138908;Rájec;19399;Jurkova;è.p.;56;;;67902;593422.02;1137188.12;2024-03-22T00:00:00
7876955;582239;Rájec-Jestøebí;;;;;138908;Rájec;19399;Jurkova;è.p.;57;;;67902;593417.93;1137195.12;2013-12-01T00:00:00
7876963;582239;Rájec-Jestøebí;;;;;138908;Rájec;19399;Jurkova;è.p.;58;;;67902;593404.44;1137208.88;2013-12-01T00:00:00
7876971;582239;Rájec-Jestøebí;;;;;138908;Rájec;19399;Jurkova;è.p.;60;;;67902;593425.74;1137255.69;2013-12-01T00:00:00
7876980;582239;Rájec-Jestøebí;;;;;138908;Rájec;19399;Jurkova;è.p.;61;;;67902;593454.72;1137276.55;2013-12-01T00:00:00
7876998;582239;Rájec-Jestøebí;;;;;138908;Rájec;19399;Jurkova;è.p.;62;;;67902;593477.87;1137290.03;2013-12-01T00:00:00
7877005;582239;Rájec-Jestøebí;;;;;138908;Rájec;19330;Havlíèkova;è.p.;63;;;67902;593529.00;1137185.97;2013-12-01T00:00:00
7877013;582239;Rájec-Jestøebí;;;;;138908;Rájec;19399;Jurkova;è.p.;64;;;67902;593458.57;1137297.18;2013-12-01T00:00:00
7877021;582239;Rájec-Jestøebí;;;;;138908;Rájec;19399;Jurkova;è.p.;65;;;67902;593463.92;1137306.92;2013-12-01T00:00:00
7877030;582239;Rájec-Jestøebí;;;;;138908;Rájec;19399;Jurkova;è.p.;66;;;67902;593470.97;1137315.01;2013-12-01T00:00:00
7877048;582239;Rájec-Jestøebí;;;;;138908;Rájec;19330;Havlíèkova;è.p.;67;;;67902;593530.22;1137176.04;2013-12-01T00:00:00
7877056;582239;Rájec-Jestøebí;;;;;138908;Rájec;19330;Havlíèkova;è.p.;68;;;67902;593496.27;1137308.27;2013-12-01T00:00:00
7877064;582239;Rájec-Jestøebí;;;;;138908;Rájec;19330;Havlíèkova;è.p.;69;;;67902;593493.74;1137318.50;2013-12-01T00:00:00
7877072;582239;Rájec-Jestøebí;;;;;138908;Rájec;19402;Komenského;è.p.;70;;;67902;593723.89;1136717.15;2013-12-01T00:00:00
7877102;582239;Rájec-Jestøebí;;;;;138908;Rájec;19399;Jurkova;è.p.;73;;;67902;593460.92;1137334.36;2013-12-01T00:00:00
7877111;582239;Rájec-Jestøebí;;;;;138908;Rájec;19399;Jurkova;è.p.;74;;;67902;593442.50;1137308.62;2013-12-01T00:00:00
7877129;582239;Rájec-Jestøebí;;;;;138908;Rájec;19399;Jurkova;è.p.;75;;;67902;593413.75;1137271.15;2013-12-01T00:00:00
7877137;582239;Rájec-Jestøebí;;;;;138908;Rájec;19399;Jurkova;è.p.;76;;;67902;593398.45;1137252.19;2013-12-01T00:00:00
7877145;582239;Rájec-Jestøebí;;;;;138908;Rájec;19399;Jurkova;è.p.;77;;;67902;593380.42;1137226.76;2013-12-01T00:00:00
7877153;582239;Rájec-Jestøebí;;;;;138908;Rájec;19399;Jurkova;è.p.;78;;;67902;593369.68;1137207.29;2013-12-01T00:00:00
7877161;582239;Rájec-Jestøebí;;;;;138908;Rájec;19534;Blanenská;è.p.;79;;;67902;593361.81;1137195.14;2013-12-01T00:00:00
7877170;582239;Rájec-Jestøebí;;;;;138908;Rájec;19534;Blanenská;è.p.;80;;;67902;593379.75;1137197.49;2013-12-01T00:00:00
7877188;582239;Rájec-Jestøebí;;;;;138908;Rájec;19399;Jurkova;è.p.;81;;;67902;593374.52;1137169.63;2013-12-01T00:00:00
7877196;582239;Rájec-Jestøebí;;;;;138908;Rájec;19534;Blanenská;è.p.;82;;;67902;593337.44;1137158.33;2013-12-01T00:00:00
7877200;582239;Rájec-Jestøebí;;;;;138908;Rájec;19534;Blanenská;è.p.;83;;;67902;593347.08;1137187.83;2013-12-01T00:00:00
7877218;582239;Rájec-Jestøebí;;;;;138908;Rájec;19534;Blanenská;è.p.;84;;;67902;593327.79;1137194.19;2013-12-01T00:00:00
7877226;582239;Rájec-Jestøebí;;;;;138908;Rájec;19534;Blanenská;è.p.;85;;;67902;593256.70;1137214.55;2013-12-01T00:00:00
7877234;582239;Rájec-Jestøebí;;;;;138908;Rájec;19534;Blanenská;è.p.;86;;;67902;593279.49;1137341.83;2013-12-01T00:00:00
7877242;582239;Rájec-Jestøebí;;;;;138908;Rájec;19429;Lesnická;è.p.;87;;;67902;593226.01;1137714.18;2013-12-01T00:00:00
7877251;582239;Rájec-Jestøebí;;;;;138908;Rájec;19429;Lesnická;è.p.;88;;;67902;593301.63;1137791.59;2013-12-01T00:00:00
7877269;582239;Rájec-Jestøebí;;;;;138908;Rájec;19534;Blanenská;è.p.;89;;;67902;593251.55;1137642.09;2013-12-01T00:00:00
7877277;582239;Rájec-Jestøebí;;;;;138908;Rájec;19330;Havlíèkova;è.p.;90;;;67902;593488.92;1137109.43;2013-12-01T00:00:00
7877285;582239;Rájec-Jestøebí;;;;;138908;Rájec;19399;Jurkova;è.p.;91;;;67902;593508.92;1137342.38;2013-12-01T00:00:00
7877293;582239;Rájec-Jestøebí;;;;;138908;Rájec;19402;Komenského;è.p.;92;;;67902;593398.62;1136942.01;2013-12-01T00:00:00
7877307;582239;Rájec-Jestøebí;;;;;138908;Rájec;19330;Havlíèkova;è.p.;93;;;67902;593419.87;1137022.69;2013-12-01T00:00:00
7877323;582239;Rájec-Jestøebí;;;;;138908;Rájec;19330;Havlíèkova;è.p.;95;;;67902;593502.57;1137130.96;2013-12-01T00:00:00
7877331;582239;Rájec-Jestøebí;;;;;138908;Rájec;19330;Havlíèkova;è.p.;97;;;67902;593493.00;1137118.96;2013-12-01T00:00:00
7877340;582239;Rájec-Jestøebí;;;;;138908;Rájec;19364;Høbitovní;è.p.;98;;;67902;593292.42;1136877.42;2013-12-01T00:00:00
7877358;582239;Rájec-Jestøebí;;;;;138908;Rájec;19623;V Úzkých;è.p.;99;;;67902;593073.25;1137083.82;2013-12-01T00:00:00
7877366;582239;Rájec-Jestøebí;;;;;138908;Rájec;19356;Hradisko;è.p.;100;;;67902;593367.03;1136918.88;2013-12-01T00:00:00
7877382;582239;Rájec-Jestøebí;;;;;138908;Rájec;19330;Havlíèkova;è.p.;102;;;67902;593501.67;1137289.18;2013-12-01T00:00:00
7877391;582239;Rájec-Jestøebí;;;;;138908;Rájec;19356;Hradisko;è.p.;103;;;67902;593385.74;1136919.30;2013-12-01T00:00:00
7877404;582239;Rájec-Jestøebí;;;;;138908;Rájec;19356;Hradisko;è.p.;104;;;67902;593380.37;1136907.52;2013-12-01T00:00:00
7877412;582239;Rájec-Jestøebí;;;;;138908;Rájec;19356;Hradisko;è.p.;105;;;67902;593375.47;1136896.31;2013-12-01T00:00:00
7877421;582239;Rájec-Jestøebí;;;;;138908;Rájec;19356;Hradisko;è.p.;106;;;67902;593372.25;1136886.10;2013-12-01T00:00:00
7877439;582239;Rájec-Jestøebí;;;;;138908;Rájec;19356;Hradisko;è.p.;107;;;67902;593351.29;1136890.90;2013-12-01T00:00:00
7877455;582239;Rájec-Jestøebí;;;;;138908;Rájec;19364;Høbitovní;è.p.;109;;;67902;593299.24;1136906.37;2013-12-01T00:00:00
7877463;582239;Rájec-Jestøebí;;;;;138908;Rájec;19356;Hradisko;è.p.;110;;;67902;593390.03;1136930.37;2013-12-01T00:00:00
7877471;582239;Rájec-Jestøebí;;;;;138908;Rájec;19356;Hradisko;è.p.;111;;;67902;593361.51;1136867.51;2013-12-01T00:00:00
7877480;582239;Rájec-Jestøebí;;;;;138908;Rájec;19364;Høbitovní;è.p.;112;;;67902;593293.80;1136887.78;2013-12-01T00:00:00
7877498;582239;Rájec-Jestøebí;;;;;138908;Rájec;19364;Høbitovní;è.p.;113;;;67902;593289.35;1136868.77;2013-12-01T00:00:00
7877501;582239;Rájec-Jestøebí;;;;;138908;Rájec;19569;Šafranice;è.p.;114;;;67902;593423.61;1136864.14;2013-12-01T00:00:00
7877510;582239;Rájec-Jestøebí;;;;;138908;Rájec;19569;Šafranice;è.p.;115;;;67902;593430.20;1136872.09;2013-12-01T00:00:00
7877528;582239;Rájec-Jestøebí;;;;;138908;Rájec;19364;Høbitovní;è.p.;116;;;67902;593303.91;1136925.95;2013-12-01T00:00:00
7877536;582239;Rájec-Jestøebí;;;;;138908;Rájec;19356;Hradisko;è.p.;117;;;67902;593355.89;1136901.97;2013-12-01T00:00:00
7877544;582239;Rájec-Jestøebí;;;;;138908;Rájec;19356;Hradisko;è.p.;118;;;67902;593372.25;1136874.18;2013-12-01T00:00:00
7877552;582239;Rájec-Jestøebí;;;;;138908;Rájec;19569;Šafranice;è.p.;119;;;67902;593436.48;1136878.76;2013-12-01T00:00:00
7877561;582239;Rájec-Jestøebí;;;;;138908;Rájec;19569;Šafranice;è.p.;120;;;67902;593442.46;1136885.75;2013-12-01T00:00:00
7877579;582239;Rájec-Jestøebí;;;;;138908;Rájec;19364;Høbitovní;è.p.;121;;;67902;593296.40;1136896.15;2013-12-01T00:00:00
7877587;582239;Rájec-Jestøebí;;;;;138908;Rájec;19356;Hradisko;è.p.;122;;;67902;593356.46;1136855.30;2013-12-01T00:00:00
7877595;582239;Rájec-Jestøebí;;;;;138908;Rájec;19569;Šafranice;è.p.;123;;;67902;593417.93;1136857.47;2013-12-01T00:00:00
7877609;582239;Rájec-Jestøebí;;;;;138908;Rájec;19356;Hradisko;è.p.;124;;;67902;593340.40;1136866.35;2013-12-01T00:00:00
7877617;582239;Rájec-Jestøebí;;;;;138908;Rájec;19569;Šafranice;è.p.;125;;;67902;593405.82;1136842.43;2013-12-01T00:00:00
7877625;582239;Rájec-Jestøebí;;;;;138908;Rájec;19569;Šafranice;è.p.;126;;;67902;593412.41;1136849.95;2013-12-01T00:00:00
7877633;582239;Rájec-Jestøebí;;;;;138908;Rájec;19569;Šafranice;è.p.;127;;;67902;593394.48;1136827.39;2013-12-01T00:00:00
7877641;582239;Rájec-Jestøebí;;;;;138908;Rájec;19569;Šafranice;è.p.;128;;;67902;593400.30;1136834.91;2013-12-01T00:00:00
7877650;582239;Rájec-Jestøebí;;;;;138908;Rájec;19356;Hradisko;è.p.;129;;;67902;593334.12;1136854.58;2013-12-01T00:00:00
7877668;582239;Rájec-Jestøebí;;;;;138908;Rájec;19356;Hradisko;è.p.;130;;;67902;593343.93;1136877.71;2013-12-01T00:00:00
7877676;582239;Rájec-Jestøebí;;;;;138908;Rájec;19518;Ol. Blažka;è.p.;131;;;67902;593594.13;1137599.82;2013-12-01T00:00:00
7877684;582239;Rájec-Jestøebí;;;;;138908;Rájec;19429;Lesnická;è.p.;132;;;67902;593328.70;1137754.88;2013-12-01T00:00:00
7877692;582239;Rájec-Jestøebí;;;;;138908;Rájec;19348;Horní;è.p.;133;;;67902;593222.04;1137126.24;2013-12-01T00:00:00
7877714;582239;Rájec-Jestøebí;;;;;138908;Rájec;19348;Horní;è.p.;135;;;67902;593231.67;1137121.03;2013-12-01T00:00:00
7877722;582239;Rájec-Jestøebí;;;;;138908;Rájec;19348;Horní;è.p.;136;;;67902;593253.68;1137110.35;2013-12-01T00:00:00
7877731;582239;Rájec-Jestøebí;;;;;138908;Rájec;19402;Komenského;è.p.;137;;;67902;593322.27;1137020.52;2013-12-01T00:00:00
7877749;582239;Rájec-Jestøebí;;;;;138908;Rájec;19402;Komenského;è.p.;139;;;67902;593377.08;1136950.10;2013-12-01T00:00:00
7877757;582239;Rájec-Jestøebí;;;;;138908;Rájec;19399;Jurkova;è.p.;140;;;67902;593377.29;1137129.59;2013-12-01T00:00:00
7877765;582239;Rájec-Jestøebí;;;;;138908;Rájec;19321;Fügnerova;è.p.;141;;;67902;593633.49;1136839.42;2013-12-01T00:00:00
7877773;582239;Rájec-Jestøebí;;;;;138908;Rájec;19402;Komenského;è.p.;142;;;67902;593371.58;1136991.30;2013-12-01T00:00:00
7877781;582239;Rájec-Jestøebí;;;;;138908;Rájec;19330;Havlíèkova;è.p.;144;;;67902;593469.92;1137085.35;2013-12-01T00:00:00
7877790;582239;Rájec-Jestøebí;;;;;138908;Rájec;19518;Ol. Blažka;è.p.;145;;;67902;594036.62;1137367.99;2013-12-01T00:00:00
7877803;582239;Rájec-Jestøebí;;;;;138908;Rájec;19402;Komenského;è.p.;147;;;67902;593344.10;1137028.65;2013-12-01T00:00:00
7877811;582239;Rájec-Jestøebí;;;;;138908;Rájec;19356;Hradisko;è.p.;148;;;67902;593361.65;1136861.01;2013-12-01T00:00:00
7877820;582239;Rájec-Jestøebí;;;;;138908;Rájec;19534;Blanenská;è.p.;149;;;67902;593199.19;1137662.59;2013-12-01T00:00:00
7877846;582239;Rájec-Jestøebí;;;;;138908;Rájec;19534;Blanenská;è.p.;151;;;67902;593192.80;1137678.10;2020-09-11T00:00:00
7877854;582239;Rájec-Jestøebí;;;;;138908;Rájec;19330;Havlíèkova;è.p.;152;;;67902;593492.32;1137076.90;2013-12-01T00:00:00
7877862;582239;Rájec-Jestøebí;;;;;138908;Rájec;19330;Havlíèkova;è.p.;153;;;67902;593479.23;1137058.23;2013-12-01T00:00:00
7877871;582239;Rájec-Jestøebí;;;;;138908;Rájec;19330;Havlíèkova;è.p.;154;;;67902;593471.93;1137046.51;2013-12-01T00:00:00
7877889;582239;Rájec-Jestøebí;;;;;138908;Rájec;19330;Havlíèkova;è.p.;155;;;67902;593465.27;1137034.59;2013-12-01T00:00:00
7877897;582239;Rájec-Jestøebí;;;;;138908;Rájec;19330;Havlíèkova;è.p.;156;;;67902;593456.29;1137022.35;2013-12-01T00:00:00
7877901;582239;Rájec-Jestøebí;;;;;138908;Rájec;19330;Havlíèkova;è.p.;157;;;67902;593448.93;1137009.58;2013-12-01T00:00:00
7877919;582239;Rájec-Jestøebí;;;;;138908;Rájec;19330;Havlíèkova;è.p.;158;;;67902;593495.97;1137084.25;2013-12-01T00:00:00
7877927;582239;Rájec-Jestøebí;;;;;138908;Rájec;19534;Blanenská;è.p.;159;;;67902;593236.67;1137174.34;2013-12-01T00:00:00
7877935;582239;Rájec-Jestøebí;;;;;138908;Rájec;19330;Havlíèkova;è.p.;160;;;67902;593483.93;1137063.70;2013-12-01T00:00:00
7877943;582239;Rájec-Jestøebí;;;;;138908;Rájec;19356;Hradisko;è.p.;161;;;67902;593331.58;1136836.94;2022-02-11T00:00:00
7877951;582239;Rájec-Jestøebí;;;;;138908;Rájec;19356;Hradisko;è.p.;162;;;67902;593324.46;1136821.23;2013-12-01T00:00:00
7877960;582239;Rájec-Jestøebí;;;;;138908;Rájec;19364;Høbitovní;è.p.;163;;;67902;593285.67;1136855.29;2013-12-01T00:00:00
7877978;582239;Rájec-Jestøebí;;;;;138908;Rájec;19330;Havlíèkova;è.p.;165;;;67902;593496.22;1137208.96;2013-12-01T00:00:00
7877986;582239;Rájec-Jestøebí;;;;;138908;Rájec;19330;Havlíèkova;è.p.;166;;;67902;593492.14;1137222.27;2013-12-01T00:00:00
7878001;582239;Rájec-Jestøebí;;;;;138908;Rájec;19402;Komenského;è.p.;168;;;67902;593367.99;1136963.04;2013-12-01T00:00:00
7878028;582239;Rájec-Jestøebí;;;;;138908;Rájec;19402;Komenského;è.p.;170;;;67902;593350.54;1137012.33;2013-12-01T00:00:00
7878036;582239;Rájec-Jestøebí;;;;;138908;Rájec;19330;Havlíèkova;è.p.;171;;;67902;593494.10;1137215.21;2013-12-01T00:00:00
7878044;582239;Rájec-Jestøebí;;;;;138908;Rájec;19364;Høbitovní;è.p.;172;;;67902;593295.33;1136825.06;2013-12-01T00:00:00
7878052;582239;Rájec-Jestøebí;;;;;138908;Rájec;19402;Komenského;è.p.;173;;;67902;593358.48;1137004.81;2013-12-01T00:00:00
7878079;582239;Rájec-Jestøebí;;;;;138908;Rájec;19356;Hradisko;è.p.;176;;;67902;593348.07;1136884.09;2013-12-01T00:00:00
7878087;582239;Rájec-Jestøebí;;;;;138908;Rájec;19623;V Úzkých;è.p.;177;;;67902;593055.19;1137029.46;2013-12-01T00:00:00
7878109;582239;Rájec-Jestøebí;;;;;138908;Rájec;19356;Hradisko;è.p.;179;;;67902;593325.53;1136830.17;2013-12-01T00:00:00
7878117;582239;Rájec-Jestøebí;;;;;138908;Rájec;19399;Jurkova;è.p.;180;;;67902;593413.32;1137235.68;2013-12-01T00:00:00
7878125;582239;Rájec-Jestøebí;;;;;138908;Rájec;19518;Ol. Blažka;è.p.;181;;;67902;593997.53;1137347.62;2013-12-01T00:00:00
7878133;582239;Rájec-Jestøebí;;;;;138908;Rájec;19518;Ol. Blažka;è.p.;182;;;67902;593807.13;1137517.98;2013-12-01T00:00:00
7878141;582239;Rájec-Jestøebí;;;;;138908;Rájec;19518;Ol. Blažka;è.p.;183;;;67902;593815.90;1137510.63;2013-12-01T00:00:00
7878150;582239;Rájec-Jestøebí;;;;;138908;Rájec;19518;Ol. Blažka;è.p.;184;;;67902;593837.16;1137456.34;2013-12-01T00:00:00
7878168;582239;Rájec-Jestøebí;;;;;138908;Rájec;19518;Ol. Blažka;è.p.;185;;;67902;593846.47;1137451.79;2013-12-01T00:00:00
7878176;582239;Rájec-Jestøebí;;;;;138908;Rájec;19518;Ol. Blažka;è.p.;186;;;67902;593857.66;1137444.84;2013-12-01T00:00:00
7878184;582239;Rájec-Jestøebí;;;;;138908;Rájec;19518;Ol. Blažka;è.p.;187;;;67902;593865.63;1137436.89;2013-12-01T00:00:00
7878192;582239;Rájec-Jestøebí;;;;;138908;Rájec;19518;Ol. Blažka;è.p.;188;;;67902;593872.99;1137433.91;2013-12-01T00:00:00
7878206;582239;Rájec-Jestøebí;;;;;138908;Rájec;19518;Ol. Blažka;è.p.;189;;;67902;593889.55;1137423.70;2013-12-01T00:00:00
7878214;582239;Rájec-Jestøebí;;;;;138908;Rájec;19518;Ol. Blažka;è.p.;190;;;67902;593905.65;1137412.49;2013-12-01T00:00:00
7878222;582239;Rájec-Jestøebí;;;;;138908;Rájec;19518;Ol. Blažka;è.p.;191;;;67902;593916.23;1137406.38;2013-12-01T00:00:00
7878231;582239;Rájec-Jestøebí;;;;;138908;Rájec;19518;Ol. Blažka;è.p.;192;;;67902;593926.96;1137398.44;2013-12-01T00:00:00
7878249;582239;Rájec-Jestøebí;;;;;138908;Rájec;19518;Ol. Blažka;è.p.;193;;;67902;593939.68;1137391.34;2013-12-01T00:00:00
7878257;582239;Rájec-Jestøebí;;;;;138908;Rájec;19518;Ol. Blažka;è.p.;194;;;67902;593947.96;1137385.81;2013-12-01T00:00:00
7878265;582239;Rájec-Jestøebí;;;;;138908;Rájec;19518;Ol. Blažka;è.p.;195;;;67902;593959.00;1137365.80;2013-12-01T00:00:00
7878273;582239;Rájec-Jestøebí;;;;;138908;Rájec;19399;Jurkova;è.p.;196;;;67902;593542.39;1137439.09;2013-12-01T00:00:00
7878281;582239;Rájec-Jestøebí;;;;;138908;Rájec;19623;V Úzkých;è.p.;197;;;67902;593020.76;1137026.09;2013-12-01T00:00:00
7878290;582239;Rájec-Jestøebí;;;;;138908;Rájec;19330;Havlíèkova;è.p.;198;;;67902;593428.50;1137053.11;2013-12-01T00:00:00
7878311;582239;Rájec-Jestøebí;;;;;138908;Rájec;19518;Ol. Blažka;è.p.;199;;;67902;593982.32;1137358.20;2013-12-01T00:00:00
7878320;582239;Rájec-Jestøebí;;;;;138908;Rájec;19330;Havlíèkova;è.p.;200;;;67902;593504.95;1137095.84;2013-12-01T00:00:00
7878338;582239;Rájec-Jestøebí;;;;;138908;Rájec;19330;Havlíèkova;è.p.;201;;;67902;593513.77;1137108.73;2013-12-01T00:00:00
7878346;582239;Rájec-Jestøebí;;;;;138908;Rájec;19356;Hradisko;è.p.;202;;;67902;593320.42;1136808.23;2013-12-01T00:00:00
7878354;582239;Rájec-Jestøebí;;;;;138908;Rájec;19518;Ol. Blažka;è.p.;203;;;67902;593898.60;1137418.30;2013-12-01T00:00:00
7878362;582239;Rájec-Jestøebí;;;;;138908;Rájec;19569;Šafranice;è.p.;204;;;67902;593427.38;1136899.60;2013-12-01T00:00:00
7878371;582239;Rájec-Jestøebí;;;;;138908;Rájec;19623;V Úzkých;è.p.;205;;;67902;593053.81;1137018.82;2013-12-01T00:00:00
7878389;582239;Rájec-Jestøebí;;;;;138908;Rájec;19623;V Úzkých;è.p.;206;;;67902;593054.70;1137006.76;2013-12-01T00:00:00
7878397;582239;Rájec-Jestøebí;;;;;138908;Rájec;19623;V Úzkých;è.p.;207;;;67902;593050.98;1136994.17;2013-12-01T00:00:00
7878401;582239;Rájec-Jestøebí;;;;;138908;Rájec;19623;V Úzkých;è.p.;208;;;67902;593051.07;1136982.25;2013-12-01T00:00:00
7878419;582239;Rájec-Jestøebí;;;;;138908;Rájec;19623;V Úzkých;è.p.;209;;;67902;593050.15;1136974.75;2013-12-01T00:00:00
7878427;582239;Rájec-Jestøebí;;;;;138908;Rájec;19623;V Úzkých;è.p.;210;;;67902;593048.02;1136965.86;2013-12-01T00:00:00
7878435;582239;Rájec-Jestøebí;;;;;138908;Rájec;19623;V Úzkých;è.p.;211;;;67902;593044.60;1136945.51;2013-12-01T00:00:00
7878443;582239;Rájec-Jestøebí;;;;;138908;Rájec;19364;Høbitovní;è.p.;212;;;67902;593287.20;1136844.64;2013-12-01T00:00:00
7878451;582239;Rájec-Jestøebí;;;;;138908;Rájec;19623;V Úzkých;è.p.;213;;;67902;593047.59;1136939.26;2013-12-01T00:00:00
7878460;582239;Rájec-Jestøebí;;;;;138908;Rájec;19623;V Úzkých;è.p.;214;;;67902;593041.84;1136930.10;2013-12-01T00:00:00
7878478;582239;Rájec-Jestøebí;;;;;138908;Rájec;19429;Lesnická;è.p.;215;;;67902;593288.72;1137758.65;2013-12-01T00:00:00
7878486;582239;Rájec-Jestøebí;;;;;138908;Rájec;19399;Jurkova;è.p.;216;;;67902;593453.61;1137324.90;2013-12-01T00:00:00
7878494;582239;Rájec-Jestøebí;;;;;138908;Rájec;19518;Ol. Blažka;è.p.;217;;;67902;594016.42;1137325.37;2013-12-01T00:00:00
7878508;582239;Rájec-Jestøebí;;;;;138908;Rájec;19330;Havlíèkova;è.p.;218;;;67902;593501.74;1137295.62;2013-12-01T00:00:00
7878516;582239;Rájec-Jestøebí;;;;;138908;Rájec;19569;Šafranice;è.p.;219;;;67902;593387.88;1136821.29;2013-12-01T00:00:00
7878524;582239;Rájec-Jestøebí;;;;;138908;Rájec;19569;Šafranice;è.p.;220;;;67902;593382.82;1136814.47;2013-12-01T00:00:00
7878532;582239;Rájec-Jestøebí;;;;;138908;Rájec;19569;Šafranice;è.p.;221;;;67902;593377.26;1136807.22;2013-12-01T00:00:00
7878541;582239;Rájec-Jestøebí;;;;;138908;Rájec;19569;Šafranice;è.p.;223;;;67902;593371.19;1136798.88;2013-12-01T00:00:00
7878559;582239;Rájec-Jestøebí;;;;;138908;Rájec;19569;Šafranice;è.p.;224;;;67902;593361.34;1136795.84;2018-09-05T00:00:00
7878567;582239;Rájec-Jestøebí;;;;;138908;Rájec;19356;Hradisko;è.p.;225;;;67902;593351.43;1136838.45;2013-12-01T00:00:00
7878575;582239;Rájec-Jestøebí;;;;;138908;Rájec;19356;Hradisko;è.p.;226;;;67902;593352.98;1136829.77;2013-12-01T00:00:00
7878583;582239;Rájec-Jestøebí;;;;;138908;Rájec;19356;Hradisko;è.p.;227;;;67902;593345.90;1136823.90;2013-12-01T00:00:00
7878591;582239;Rájec-Jestøebí;;;;;138908;Rájec;19569;Šafranice;è.p.;229;;;67902;593358.49;1136784.92;2013-12-01T00:00:00
7878605;582239;Rájec-Jestøebí;;;;;138908;Rájec;19623;V Úzkých;è.p.;230;;;67902;593002.84;1136843.93;2013-12-01T00:00:00
7878613;582239;Rájec-Jestøebí;;;;;138908;Rájec;19623;V Úzkých;è.p.;231;;;67902;593037.06;1136909.54;2013-12-01T00:00:00
7878621;582239;Rájec-Jestøebí;;;;;138908;Rájec;19399;Jurkova;è.p.;232;;;67902;593562.40;1137466.16;2013-12-01T00:00:00
7878630;582239;Rájec-Jestøebí;;;;;138908;Rájec;19330;Havlíèkova;è.p.;233;;;67902;593535.89;1137152.20;2013-12-01T00:00:00
7878648;582239;Rájec-Jestøebí;;;;;138908;Rájec;19330;Havlíèkova;è.p.;234;;;67902;593532.06;1137166.68;2013-12-01T00:00:00
7878656;582239;Rájec-Jestøebí;;;;;138908;Rájec;19399;Jurkova;è.p.;235;;;67902;593553.53;1137455.39;2013-12-01T00:00:00
7878664;582239;Rájec-Jestøebí;;;;;138908;Rájec;19399;Jurkova;è.p.;236;;;67902;593548.55;1137447.09;2013-12-01T00:00:00
7878672;582239;Rájec-Jestøebí;;;;;138908;Rájec;19321;Fügnerova;è.p.;237;;;67902;593541.26;1137123.25;2013-12-01T00:00:00
7878681;582239;Rájec-Jestøebí;;;;;138908;Rájec;19623;V Úzkých;è.p.;238;;;67902;593129.65;1137179.40;2013-12-01T00:00:00
7878699;582239;Rájec-Jestøebí;;;;;138908;Rájec;19330;Havlíèkova;è.p.;239;;;67902;593484.15;1137270.34;2013-12-01T00:00:00
7878702;582239;Rájec-Jestøebí;;;;;138908;Rájec;19402;Komenského;è.p.;240;;;67902;593468.21;1136908.19;2013-12-01T00:00:00
7878711;582239;Rájec-Jestøebí;;;;;138908;Rájec;19330;Havlíèkova;è.p.;241;;;67902;593485.99;1137263.78;2013-12-01T00:00:00
7878729;582239;Rájec-Jestøebí;;;;;138908;Rájec;19569;Šafranice;è.p.;242;;;67902;593353.62;1136779.21;2013-12-01T00:00:00
7878737;582239;Rájec-Jestøebí;;;;;138908;Rájec;19542;Spešovská;è.p.;243;;;67902;593882.35;1138012.61;2013-12-01T00:00:00
7878745;582239;Rájec-Jestøebí;;;;;138908;Rájec;19518;Ol. Blažka;è.p.;244;;;67902;594003.97;1137333.72;2013-12-01T00:00:00
7878753;582239;Rájec-Jestøebí;;;;;138908;Rájec;19330;Havlíèkova;è.p.;245;;;67902;593538.35;1137139.29;2013-12-01T00:00:00
7878761;582239;Rájec-Jestøebí;;;;;138908;Rájec;19330;Havlíèkova;è.p.;246;;;67902;593538.65;1137132.33;2013-12-01T00:00:00
7878770;582239;Rájec-Jestøebí;;;;;138908;Rájec;19569;Šafranice;è.p.;247;;;67902;593348.01;1136772.74;2013-12-01T00:00:00
7878788;582239;Rájec-Jestøebí;;;;;138908;Rájec;19569;Šafranice;è.p.;248;;;67902;593343.13;1136767.04;2013-12-01T00:00:00
7878796;582239;Rájec-Jestøebí;;;;;138908;Rájec;19569;Šafranice;è.p.;249;;;67902;593338.71;1136760.48;2013-12-01T00:00:00
7878800;582239;Rájec-Jestøebí;;;;;138908;Rájec;19402;Komenského;è.p.;251;;;67902;593485.34;1136938.98;2013-12-01T00:00:00
7878818;582239;Rájec-Jestøebí;;;;;138908;Rájec;19402;Komenského;è.p.;252;;;67902;593549.47;1136899.13;2013-12-01T00:00:00
7878826;582239;Rájec-Jestøebí;;;;;138908;Rájec;19402;Komenského;è.p.;253;;;67902;593557.91;1136893.28;2013-12-01T00:00:00
7878834;582239;Rájec-Jestøebí;;;;;138908;Rájec;19402;Komenského;è.p.;254;;;67902;593525.46;1136915.73;2013-12-01T00:00:00
7878842;582239;Rájec-Jestøebí;;;;;138908;Rájec;19330;Havlíèkova;è.p.;255;;;67902;593525.60;1137197.64;2013-12-01T00:00:00
7878851;582239;Rájec-Jestøebí;;;;;138908;Rájec;19585;Taufrova;è.p.;256;;;67902;593503.27;1137007.17;2013-12-01T00:00:00
7878869;582239;Rájec-Jestøebí;;;;;138908;Rájec;19330;Havlíèkova;è.p.;257;;;67902;593523.48;1137211.09;2013-12-01T00:00:00
7878877;582239;Rájec-Jestøebí;;;;;138908;Rájec;19402;Komenského;è.p.;258;;;67902;593566.95;1136887.06;2013-12-01T00:00:00
7878885;582239;Rájec-Jestøebí;;;;;138908;Rájec;19330;Havlíèkova;è.p.;259;;;67902;593519.34;1137220.31;2013-12-01T00:00:00
7878893;582239;Rájec-Jestøebí;;;;;138908;Rájec;19330;Havlíèkova;è.p.;260;;;67902;593516.73;1137235.78;2013-12-01T00:00:00
7878907;582239;Rájec-Jestøebí;;;;;138908;Rájec;19402;Komenského;è.p.;261;;;67902;593576.41;1136880.25;2013-12-01T00:00:00
7878915;582239;Rájec-Jestøebí;;;;;138908;Rájec;19402;Komenského;è.p.;263;;;67902;593585.24;1136871.78;2013-12-01T00:00:00
7878923;582239;Rájec-Jestøebí;;;;;138908;Rájec;19402;Komenského;è.p.;264;;;67902;593653.66;1136816.40;2013-12-01T00:00:00
7878931;582239;Rájec-Jestøebí;;;;;138908;Rájec;19402;Komenského;è.p.;265;;;67902;593593.86;1136864.88;2013-12-01T00:00:00
7878940;582239;Rájec-Jestøebí;;;;;138908;Rájec;19321;Fügnerova;è.p.;266;;;67902;593632.43;1136851.72;2013-12-01T00:00:00
7878958;582239;Rájec-Jestøebí;;;;;138908;Rájec;19402;Komenského;è.p.;267;;;67902;593635.84;1136830.69;2013-12-01T00:00:00
7878966;582239;Rájec-Jestøebí;;;;;138908;Rájec;19623;V Úzkých;è.p.;268;;;67902;593003.02;1136805.36;2013-12-01T00:00:00
7878974;582239;Rájec-Jestøebí;;;;;138908;Rájec;19623;V Úzkých;è.p.;269;;;67902;593003.11;1136814.33;2013-12-01T00:00:00
7878982;582239;Rájec-Jestøebí;;;;;138908;Rájec;19623;V Úzkých;è.p.;270;;;67902;593003.55;1136821.07;2013-12-01T00:00:00
7878991;582239;Rájec-Jestøebí;;;;;138908;Rájec;19623;V Úzkých;è.p.;271;;;67902;593003.46;1136828.39;2013-12-01T00:00:00
7879008;582239;Rájec-Jestøebí;;;;;138908;Rájec;19623;V Úzkých;è.p.;272;;;67902;593002.40;1136836.69;2013-12-01T00:00:00
7879016;582239;Rájec-Jestøebí;;;;;138908;Rájec;19402;Komenského;è.p.;273;;;67902;593647.00;1136821.47;2013-12-01T00:00:00
7879024;582239;Rájec-Jestøebí;;;;;138908;Rájec;19321;Fügnerova;è.p.;274;;;67902;593581.38;1136987.03;2013-12-01T00:00:00
7879032;582239;Rájec-Jestøebí;;;;;138908;Rájec;19321;Fügnerova;è.p.;275;;;67902;593609.51;1136916.56;2013-12-01T00:00:00
7879041;582239;Rájec-Jestøebí;;;;;138908;Rájec;19321;Fügnerova;è.p.;276;;;67902;593598.40;1136941.11;2013-12-01T00:00:00
7879059;582239;Rájec-Jestøebí;;;;;138908;Rájec;19321;Fügnerova;è.p.;277;;;67902;593605.22;1136928.35;2013-12-01T00:00:00
7879067;582239;Rájec-Jestøebí;;;;;138908;Rájec;19321;Fügnerova;è.p.;278;;;67902;593594.90;1136954.74;2013-12-01T00:00:00
7879075;582239;Rájec-Jestøebí;;;;;138908;Rájec;19321;Fügnerova;è.p.;279;;;67902;593615.26;1136900.50;2013-12-01T00:00:00
7879083;582239;Rájec-Jestøebí;;;;;138908;Rájec;19321;Fügnerova;è.p.;280;;;67902;593577.70;1136995.40;2013-12-01T00:00:00
7879091;582239;Rájec-Jestøebí;;;;;138908;Rájec;19321;Fügnerova;è.p.;281;;;67902;593578.39;1137027.87;2013-12-01T00:00:00
7879105;582239;Rájec-Jestøebí;;;;;138908;Rájec;19321;Fügnerova;è.p.;282;;;67902;593553.11;1137069.88;2013-12-01T00:00:00
7879113;582239;Rájec-Jestøebí;;;;;138908;Rájec;19321;Fügnerova;è.p.;283;;;67902;593549.26;1137081.94;2013-12-01T00:00:00
7879121;582239;Rájec-Jestøebí;;;;;138908;Rájec;19623;V Úzkých;è.p.;284;;;67902;593046.15;1136954.55;2013-12-01T00:00:00
7879130;582239;Rájec-Jestøebí;;;;;138908;Rájec;19518;Ol. Blažka;è.p.;285;;;67902;594034.02;1137315.84;2013-12-01T00:00:00
7879148;582239;Rájec-Jestøebí;;;;;138908;Rájec;19623;V Úzkých;è.p.;286;;;67902;593000.89;1136860.62;2013-12-01T00:00:00
7879156;582239;Rájec-Jestøebí;;;;;138908;Rájec;19623;V Úzkých;è.p.;287;;;67902;593000.09;1136867.77;2013-12-01T00:00:00
7879164;582239;Rájec-Jestøebí;;;;;138908;Rájec;19623;V Úzkých;è.p.;288;;;67902;592999.38;1136874.93;2013-12-01T00:00:00
7879172;582239;Rájec-Jestøebí;;;;;138908;Rájec;19500;Nová;è.p.;289;;;67902;593790.45;1137695.81;2013-12-01T00:00:00
7879181;582239;Rájec-Jestøebí;;;;;138908;Rájec;19321;Fügnerova;è.p.;290;;;67902;593624.46;1136875.10;2013-12-01T00:00:00
7879199;582239;Rájec-Jestøebí;;;;;138908;Rájec;19623;V Úzkých;è.p.;291;;;67902;592998.94;1136886.17;2013-12-01T00:00:00
7879202;582239;Rájec-Jestøebí;;;;;138908;Rájec;19518;Ol. Blažka;è.p.;292;;;67902;593822.63;1137472.60;2013-12-01T00:00:00
7879211;582239;Rájec-Jestøebí;;;;;138908;Rájec;19500;Nová;è.p.;293;;;67902;593782.08;1137568.88;2013-12-01T00:00:00
7879229;582239;Rájec-Jestøebí;;;;;138908;Rájec;19500;Nová;è.p.;294;;;67902;593817.68;1137728.02;2013-12-01T00:00:00
7879237;582239;Rájec-Jestøebí;;;;;138908;Rájec;19623;V Úzkých;è.p.;295;;;67902;593017.40;1136781.06;2013-12-01T00:00:00
7879245;582239;Rájec-Jestøebí;;;;;138908;Rájec;19330;Havlíèkova;è.p.;296;;;67902;593505.88;1137166.25;2013-12-01T00:00:00
7879253;582239;Rájec-Jestøebí;;;;;138908;Rájec;19330;Havlíèkova;è.p.;297;;;67902;593500.09;1137186.91;2013-12-01T00:00:00
7879261;582239;Rájec-Jestøebí;;;;;138908;Rájec;19330;Havlíèkova;è.p.;298;;;67902;593503.73;1137175.58;2013-12-01T00:00:00
7879270;582239;Rájec-Jestøebí;;;;;138908;Rájec;19330;Havlíèkova;è.p.;299;;;67902;593507.60;1137159.29;2013-12-01T00:00:00
7879288;582239;Rájec-Jestøebí;;;;;138908;Rájec;19500;Nová;è.p.;300;;;67902;593785.26;1137558.29;2013-12-01T00:00:00
7879296;582239;Rájec-Jestøebí;;;;;138908;Rájec;19500;Nová;è.p.;301;;;67902;593821.48;1137735.43;2013-12-01T00:00:00
7879300;582239;Rájec-Jestøebí;;;;;138908;Rájec;19623;V Úzkých;è.p.;302;;;67902;592988.85;1136789.87;2013-12-01T00:00:00
7879318;582239;Rájec-Jestøebí;;;;;138908;Rájec;19500;Nová;è.p.;303;;;67902;593806.81;1137719.67;2013-12-01T00:00:00
7879326;582239;Rájec-Jestøebí;;;;;138908;Rájec;19500;Nová;è.p.;304;;;67902;593770.76;1137593.88;2013-12-01T00:00:00
7879334;582239;Rájec-Jestøebí;;;;;138908;Rájec;19518;Ol. Blažka;è.p.;305;;;67902;593826.73;1137464.97;2013-12-01T00:00:00
7879342;582239;Rájec-Jestøebí;;;;;138908;Rájec;19402;Komenského;è.p.;306;;;67902;593784.39;1136530.09;2013-12-01T00:00:00
7879369;582239;Rájec-Jestøebí;;;;;138908;Rájec;19542;Spešovská;è.p.;308;;;67902;593866.03;1137698.36;2013-12-01T00:00:00
7879377;582239;Rájec-Jestøebí;;;;;138908;Rájec;19321;Fügnerova;è.p.;309;;;67902;593556.44;1136981.00;2013-12-01T00:00:00
7879385;582239;Rájec-Jestøebí;;;;;138908;Rájec;19321;Fügnerova;è.p.;310;;;67902;593620.32;1136886.73;2013-12-01T00:00:00
7879393;582239;Rájec-Jestøebí;;;;;138908;Rájec;19542;Spešovská;è.p.;311;;;67902;593872.77;1137591.33;2013-12-01T00:00:00
7879407;582239;Rájec-Jestøebí;;;;;138908;Rájec;19623;V Úzkých;è.p.;312;;;67902;593034.44;1136817.70;2013-12-01T00:00:00
7879415;582239;Rájec-Jestøebí;;;;;138908;Rájec;19500;Nová;è.p.;313;;;67902;593805.88;1137677.74;2013-12-01T00:00:00
7879423;582239;Rájec-Jestøebí;;;;;138908;Rájec;19500;Nová;è.p.;314;;;67902;593810.51;1137686.48;2013-12-01T00:00:00
7879431;582239;Rájec-Jestøebí;;;;;138908;Rájec;19500;Nová;è.p.;315;;;67902;593773.00;1137667.17;2013-12-01T00:00:00
7879440;582239;Rájec-Jestøebí;;;;;138908;Rájec;19569;Šafranice;è.p.;316;;;67902;593416.86;1136887.23;2013-12-01T00:00:00
7879458;582239;Rájec-Jestøebí;;;;;138908;Rájec;19585;Taufrova;è.p.;317;;;67902;593525.91;1137001.63;2013-12-01T00:00:00
7879466;582239;Rájec-Jestøebí;;;;;138908;Rájec;19585;Taufrova;è.p.;318;;;67902;593531.42;1137007.08;2013-12-01T00:00:00
7879474;582239;Rájec-Jestøebí;;;;;138908;Rájec;19321;Fügnerova;è.p.;319;;;67902;593552.95;1136993.97;2013-12-01T00:00:00
7879482;582239;Rájec-Jestøebí;;;;;138908;Rájec;19321;Fügnerova;è.p.;320;;;67902;593631.03;1136865.64;2013-12-01T00:00:00
7879491;582239;Rájec-Jestøebí;;;;;138908;Rájec;19321;Fügnerova;è.p.;321;;;67902;593585.52;1136977.66;2013-12-01T00:00:00
7879504;582239;Rájec-Jestøebí;;;;;138908;Rájec;19500;Nová;è.p.;322;;;67902;593784.99;1137648.70;2013-12-01T00:00:00
7879512;582239;Rájec-Jestøebí;;;;;138908;Rájec;19500;Nová;è.p.;323;;;67902;593824.75;1137705.53;2013-12-01T00:00:00
7879521;582239;Rájec-Jestøebí;;;;;138908;Rájec;19500;Nová;è.p.;324;;;67902;593769.09;1137660.09;2013-12-01T00:00:00
7879539;582239;Rájec-Jestøebí;;;;;138908;Rájec;19623;V Úzkých;è.p.;325;;;67902;593035.25;1136827.16;2013-12-01T00:00:00
7879547;582239;Rájec-Jestøebí;;;;;138908;Rájec;19321;Fügnerova;è.p.;326;;;67902;593558.50;1136972.88;2013-12-01T00:00:00
7879555;582239;Rájec-Jestøebí;;;;;138908;Rájec;19402;Komenského;è.p.;327;;;67902;593688.95;1136793.31;2013-12-01T00:00:00
7879563;582239;Rájec-Jestøebí;;;;;138908;Rájec;19518;Ol. Blažka;è.p.;328;;;67902;593878.15;1137469.85;2013-12-01T00:00:00
7879571;582239;Rájec-Jestøebí;;;;;138908;Rájec;19569;Šafranice;è.p.;329;;;67902;593391.05;1136773.77;2018-09-05T00:00:00
7879580;582239;Rájec-Jestøebí;;;;;138908;Rájec;19623;V Úzkých;è.p.;330;;;67902;593008.81;1137026.37;2013-12-01T00:00:00
7879598;582239;Rájec-Jestøebí;;;;;138908;Rájec;19500;Nová;è.p.;331;;;67902;593789.54;1137656.63;2013-12-01T00:00:00
7879601;582239;Rájec-Jestøebí;;;;;138908;Rájec;19623;V Úzkých;è.p.;332;;;67902;593037.29;1136856.39;2013-12-01T00:00:00
7879610;582239;Rájec-Jestøebí;;;;;138908;Rájec;19402;Komenského;è.p.;333;;;67902;593799.52;1136508.48;2013-12-01T00:00:00
7879628;582239;Rájec-Jestøebí;;;;;138908;Rájec;19518;Ol. Blažka;è.p.;334;;;67902;593840.21;1137496.64;2015-04-23T00:00:00
7879644;582239;Rájec-Jestøebí;;;;;138908;Rájec;19500;Nová;è.p.;336;;;67902;593819.25;1137698.70;2013-12-01T00:00:00
7879652;582239;Rájec-Jestøebí;;;;;138908;Rájec;19500;Nová;è.p.;337;;;67902;593781.15;1137682.95;2013-12-01T00:00:00
7879661;582239;Rájec-Jestøebí;;;;;138908;Rájec;19399;Jurkova;è.p.;338;;;67902;593498.12;1137379.41;2013-12-01T00:00:00
7879679;582239;Rájec-Jestøebí;;;;;138908;Rájec;19518;Ol. Blažka;è.p.;339;;;67902;593850.96;1137485.37;2013-12-01T00:00:00
7879687;582239;Rájec-Jestøebí;;;;;138908;Rájec;19402;Komenského;è.p.;340;;;67902;593773.76;1136549.24;2013-12-01T00:00:00
7879695;582239;Rájec-Jestøebí;;;;;138908;Rájec;19402;Komenského;è.p.;341;;;67902;593770.29;1136560.61;2013-12-01T00:00:00
7879709;582239;Rájec-Jestøebí;;;;;138908;Rájec;19623;V Úzkých;è.p.;342;;;67902;593037.18;1136847.11;2013-12-01T00:00:00
7879717;582239;Rájec-Jestøebí;;;;;138908;Rájec;19623;V Úzkých;è.p.;343;;;67902;593037.07;1136838.24;2013-12-01T00:00:00
7879725;582239;Rájec-Jestøebí;;;;;138908;Rájec;19500;Nová;è.p.;344;;;67902;593830.16;1137714.84;2013-12-01T00:00:00
7879733;582239;Rájec-Jestøebí;;;;;138908;Rájec;19402;Komenského;è.p.;345;;;67902;593498.34;1136930.74;2013-12-01T00:00:00
7879750;582239;Rájec-Jestøebí;;;;;138908;Rájec;19569;Šafranice;è.p.;347;;;67902;593421.00;1136894.14;2013-12-01T00:00:00
7879768;582239;Rájec-Jestøebí;;;;;138908;Rájec;19500;Nová;è.p.;348;;;67902;593755.26;1137655.27;2013-12-01T00:00:00
7879776;582239;Rájec-Jestøebí;;;;;138908;Rájec;19330;Havlíèkova;è.p.;349;;;67902;593476.69;1137096.32;2013-12-01T00:00:00
7879784;582239;Rájec-Jestøebí;;;;;138908;Rájec;19321;Fügnerova;è.p.;350;;;67902;593540.60;1137016.77;2013-12-01T00:00:00
7879792;582239;Rájec-Jestøebí;;;;;138908;Rájec;19500;Nová;è.p.;351;;;67902;593789.04;1137549.34;2013-12-01T00:00:00
7879806;582239;Rájec-Jestøebí;;;;;138908;Rájec;19402;Komenského;è.p.;352;;;67902;593549.49;1136949.94;2013-12-01T00:00:00
7879814;582239;Rájec-Jestøebí;;;;;138908;Rájec;19585;Taufrova;è.p.;353;;;67902;593505.41;1137013.13;2013-12-01T00:00:00
7879822;582239;Rájec-Jestøebí;;;;;138908;Rájec;19399;Jurkova;è.p.;354;;;67902;593446.25;1137273.81;2013-12-01T00:00:00
7879831;582239;Rájec-Jestøebí;;;;;138908;Rájec;19402;Komenského;è.p.;356;;;67902;593635.76;1136780.16;2013-12-01T00:00:00
7879849;582239;Rájec-Jestøebí;;;;;138908;Rájec;19551;Sportovní;è.p.;357;;;67902;593544.38;1137495.55;2013-12-01T00:00:00
7879857;582239;Rájec-Jestøebí;;;;;138908;Rájec;19313;Fuèíkova;è.p.;358;;;67902;593314.15;1137638.24;2013-12-01T00:00:00
7879865;582239;Rájec-Jestøebí;;;;;138908;Rájec;19402;Komenského;è.p.;359;;;67902;593381.98;1135645.51;2013-12-01T00:00:00
7879873;582239;Rájec-Jestøebí;;;;;138908;Rájec;19313;Fuèíkova;è.p.;360;;;67902;593296.04;1137673.88;2013-12-01T00:00:00
7879881;582239;Rájec-Jestøebí;;;;;138908;Rájec;19313;Fuèíkova;è.p.;361;;;67902;593304.96;1137655.52;2013-12-01T00:00:00
7879890;582239;Rájec-Jestøebí;;;;;138908;Rájec;19321;Fügnerova;è.p.;362;;;67902;593548.47;1137094.55;2013-12-01T00:00:00
7879903;582239;Rájec-Jestøebí;;;;;138908;Rájec;19542;Spešovská;è.p.;363;;;67902;593885.44;1137678.38;2013-12-01T00:00:00
7879911;582239;Rájec-Jestøebí;;;;;138908;Rájec;19402;Komenského;è.p.;364;;;67902;593615.46;1136790.58;2013-12-01T00:00:00
7879920;582239;Rájec-Jestøebí;;;;;138908;Rájec;19402;Komenského;è.p.;365;;;67902;593513.12;1136831.78;2013-12-01T00:00:00
7879938;582239;Rájec-Jestøebí;;;;;138908;Rájec;19402;Komenského;è.p.;366;;;67902;593766.95;1136574.19;2013-12-01T00:00:00
7879946;582239;Rájec-Jestøebí;;;;;138908;Rájec;19402;Komenského;è.p.;367;;;67902;593500.53;1135569.97;2013-12-01T00:00:00
7879954;582239;Rájec-Jestøebí;;;;;138908;Rájec;19402;Komenského;è.p.;368;;;67902;593512.74;1136923.11;2013-12-01T00:00:00
7879962;582239;Rájec-Jestøebí;;;;;138908;Rájec;19585;Taufrova;è.p.;369;;;67902;593525.16;1137037.76;2013-12-01T00:00:00
7879971;582239;Rájec-Jestøebí;;;;;138908;Rájec;19402;Komenského;è.p.;370;;;67902;593758.08;1136594.00;2019-12-05T00:00:00
7879989;582239;Rájec-Jestøebí;;;;;138908;Rájec;19569;Šafranice;è.p.;371;;;67902;593419.58;1136684.41;2013-12-01T00:00:00
7879997;582239;Rájec-Jestøebí;;;;;138908;Rájec;19542;Spešovská;è.p.;372;;;67902;593882.97;1137606.56;2013-12-01T00:00:00
7880006;582239;Rájec-Jestøebí;;;;;138908;Rájec;19542;Spešovská;è.p.;373;;;67902;593887.28;1137611.81;2013-12-01T00:00:00
7880014;582239;Rájec-Jestøebí;;;;;138908;Rájec;19542;Spešovská;è.p.;374;;;67902;593894.63;1137620.04;2013-12-01T00:00:00
7880022;582239;Rájec-Jestøebí;;;;;138908;Rájec;19542;Spešovská;è.p.;375;;;67902;593897.26;1137625.25;2013-12-01T00:00:00
7880031;582239;Rájec-Jestøebí;;;;;138908;Rájec;19542;Spešovská;è.p.;376;;;67902;593905.79;1137641.53;2013-12-01T00:00:00
7880049;582239;Rájec-Jestøebí;;;;;138908;Rájec;19542;Spešovská;è.p.;377;;;67902;593905.55;1137647.39;2013-12-01T00:00:00
7880057;582239;Rájec-Jestøebí;;;;;138908;Rájec;19402;Komenského;è.p.;378;;;67902;593304.34;1137003.77;2013-12-01T00:00:00
7880065;582239;Rájec-Jestøebí;;;;;138908;Rájec;19569;Šafranice;è.p.;379;;;67902;593384.36;1136850.26;2013-12-01T00:00:00
7880081;582239;Rájec-Jestøebí;;;;;138908;Rájec;19542;Spešovská;è.p.;381;;;67902;593870.76;1137760.08;2013-12-01T00:00:00
7880090;582239;Rájec-Jestøebí;;;;;138908;Rájec;19551;Sportovní;è.p.;382;;;67902;593567.07;1137637.00;2013-12-01T00:00:00
7880103;582239;Rájec-Jestøebí;;;;;138908;Rájec;19551;Sportovní;è.p.;385;;;67902;593488.91;1137601.90;2013-12-01T00:00:00
7880111;582239;Rájec-Jestøebí;;;;;138908;Rájec;19551;Sportovní;è.p.;386;;;67902;593486.47;1137609.92;2013-12-01T00:00:00
7880120;582239;Rájec-Jestøebí;;;;;138908;Rájec;19305;Erbenova;è.p.;387;;;67902;593423.58;1137580.08;2013-12-01T00:00:00
7880138;582239;Rájec-Jestøebí;;;;;138908;Rájec;19305;Erbenova;è.p.;388;;;67902;593428.14;1137571.23;2013-12-01T00:00:00
7880146;582239;Rájec-Jestøebí;;;;;138908;Rájec;19623;V Úzkých;è.p.;389;;;67902;593035.15;1136874.44;2013-12-01T00:00:00
7880154;582239;Rájec-Jestøebí;;;;;138908;Rájec;19534;Blanenská;è.p.;390;;;67902;593183.73;1137756.18;2013-12-01T00:00:00
7880162;582239;Rájec-Jestøebí;;;;;138908;Rájec;19534;Blanenská;è.p.;391;;;67902;593179.42;1137796.47;2013-12-01T00:00:00
7880171;582239;Rájec-Jestøebí;;;;;138908;Rájec;19534;Blanenská;è.p.;392;;;67902;593182.91;1137824.01;2013-12-01T00:00:00
7880189;582239;Rájec-Jestøebí;;;;;138908;Rájec;19305;Erbenova;è.p.;393;;;67902;593417.51;1137592.23;2013-12-01T00:00:00
7880197;582239;Rájec-Jestøebí;;;;;138908;Rájec;19305;Erbenova;è.p.;394;;;67902;593412.96;1137602.76;2013-12-01T00:00:00
7880201;582239;Rájec-Jestøebí;;;;;138908;Rájec;19313;Fuèíkova;è.p.;395;;;67902;593321.47;1137622.23;2013-12-01T00:00:00
7880219;582239;Rájec-Jestøebí;;;;;138908;Rájec;19305;Erbenova;è.p.;396;;;67902;593390.97;1137642.50;2013-12-01T00:00:00
7880227;582239;Rájec-Jestøebí;;;;;138908;Rájec;19551;Sportovní;è.p.;397;;;67902;593405.68;1137767.92;2013-12-01T00:00:00
7880235;582239;Rájec-Jestøebí;;;;;138908;Rájec;19313;Fuèíkova;è.p.;398;;;67902;593329.91;1137606.69;2013-12-01T00:00:00
7880243;582239;Rájec-Jestøebí;;;;;138908;Rájec;19305;Erbenova;è.p.;399;;;67902;593432.65;1137659.37;2013-12-01T00:00:00
7880251;582239;Rájec-Jestøebí;;;;;138908;Rájec;19305;Erbenova;è.p.;400;;;67902;593411.49;1137698.22;2013-12-01T00:00:00
7880260;582239;Rájec-Jestøebí;;;;;138908;Rájec;19313;Fuèíkova;è.p.;401;;;67902;593337.30;1137589.49;2013-12-01T00:00:00
7880278;582239;Rájec-Jestøebí;;;;;138908;Rájec;19305;Erbenova;è.p.;402;;;67902;593399.97;1137628.72;2013-12-01T00:00:00
7880286;582239;Rájec-Jestøebí;;;;;138908;Rájec;19534;Blanenská;è.p.;403;;;67902;593186.58;1137736.50;2013-12-01T00:00:00
7880294;582239;Rájec-Jestøebí;;;;;138908;Rájec;19577;Školní;è.p.;404;;;67902;593327.99;1137504.67;2013-12-01T00:00:00
7880308;582239;Rájec-Jestøebí;;;;;138908;Rájec;19534;Blanenská;è.p.;405;;;67902;593192.77;1137697.63;2013-12-01T00:00:00
7880316;582239;Rájec-Jestøebí;;;;;138908;Rájec;19313;Fuèíkova;è.p.;406;;;67902;593361.04;1137540.02;2013-12-01T00:00:00
7880324;582239;Rájec-Jestøebí;;;;;138908;Rájec;19305;Erbenova;è.p.;407;;;67902;593364.14;1137697.70;2013-12-01T00:00:00
7880332;582239;Rájec-Jestøebí;;;;;138908;Rájec;19551;Sportovní;è.p.;408;;;67902;593397.06;1137784.63;2013-12-01T00:00:00
7880341;582239;Rájec-Jestøebí;;;;;138908;Rájec;19577;Školní;è.p.;413;;;67902;593488.50;1137568.47;2013-12-01T00:00:00
7880359;582239;Rájec-Jestøebí;;;;;138908;Rájec;19429;Lesnická;è.p.;414;;;67902;593332.14;1137743.48;2013-12-01T00:00:00
7880367;582239;Rájec-Jestøebí;;;;;138908;Rájec;19429;Lesnická;è.p.;415;;;67902;593334.72;1137732.74;2013-12-01T00:00:00
7880375;582239;Rájec-Jestøebí;;;;;138908;Rájec;19313;Fuèíkova;è.p.;417;;;67902;593353.36;1137556.76;2013-12-01T00:00:00
7880383;582239;Rájec-Jestøebí;;;;;138908;Rájec;19313;Fuèíkova;è.p.;418;;;67902;593345.45;1137573.31;2013-12-01T00:00:00
7880391;582239;Rájec-Jestøebí;;;;;138908;Rájec;19500;Nová;è.p.;419;;;67902;593792.58;1137538.64;2013-12-01T00:00:00
7880405;582239;Rájec-Jestøebí;;;;;138908;Rájec;19305;Erbenova;è.p.;420;;;67902;593404.84;1137617.90;2013-12-01T00:00:00
7880413;582239;Rájec-Jestøebí;;;;;138908;Rájec;19313;Fuèíkova;è.p.;422;;;67902;593370.63;1137524.54;2013-12-01T00:00:00
7880421;582239;Rájec-Jestøebí;;;;;138908;Rájec;19534;Blanenská;è.p.;423;;;67902;593293.96;1137523.96;2013-12-01T00:00:00
7880430;582239;Rájec-Jestøebí;;;;;138908;Rájec;19534;Blanenská;è.p.;424;;;67902;593291.93;1137547.03;2013-12-01T00:00:00
7880448;582239;Rájec-Jestøebí;;;;;138908;Rájec;19305;Erbenova;è.p.;425;;;67902;593441.27;1137544.73;2013-12-01T00:00:00
7880456;582239;Rájec-Jestøebí;;;;;138908;Rájec;19305;Erbenova;è.p.;426;;;67902;593378.43;1137669.78;2013-12-01T00:00:00
7880464;582239;Rájec-Jestøebí;;;;;138908;Rájec;19313;Fuèíkova;è.p.;427;;;67902;593287.91;1137692.09;2013-12-01T00:00:00
7880472;582239;Rájec-Jestøebí;;;;;138908;Rájec;19305;Erbenova;è.p.;428;;;67902;593359.02;1137709.38;2013-12-01T00:00:00
7880481;582239;Rájec-Jestøebí;;;;;138908;Rájec;19305;Erbenova;è.p.;430;;;67902;593386.10;1137654.99;2013-12-01T00:00:00
7880499;582239;Rájec-Jestøebí;;;;;138908;Rájec;19551;Sportovní;è.p.;431;;;67902;593577.95;1137650.91;2013-12-01T00:00:00
7880502;582239;Rájec-Jestøebí;;;;;138908;Rájec;19402;Komenského;è.p.;432;;;67902;593584.82;1136802.72;2013-12-01T00:00:00
7880511;582239;Rájec-Jestøebí;;;;;138908;Rájec;19313;Fuèíkova;è.p.;433;;;67902;593403.25;1137526.57;2013-12-01T00:00:00
7880529;582239;Rájec-Jestøebí;;;;;138908;Rájec;19305;Erbenova;è.p.;434;;;67902;593373.03;1137682.37;2013-12-01T00:00:00
7880537;582239;Rájec-Jestøebí;;;;;138908;Rájec;19551;Sportovní;è.p.;435;;;67902;593472.54;1137635.93;2013-12-01T00:00:00
7880545;582239;Rájec-Jestøebí;;;;;138908;Rájec;19551;Sportovní;è.p.;436;;;67902;593404.79;1137740.60;2013-12-01T00:00:00
7880553;582239;Rájec-Jestøebí;;;;;138908;Rájec;19615;V Úvoze;è.p.;437;;;67902;592958.84;1137046.10;2013-12-01T00:00:00
7880561;582239;Rájec-Jestøebí;;;;;138908;Rájec;19402;Komenského;è.p.;438;;;67902;593600.46;1136796.90;2013-12-01T00:00:00
7880570;582239;Rájec-Jestøebí;;;;;138908;Rájec;19577;Školní;è.p.;440;;;67902;593520.28;1137537.68;2013-12-01T00:00:00
7880588;582239;Rájec-Jestøebí;;;;;138908;Rájec;19577;Školní;è.p.;441;;;67902;593507.91;1137531.53;2013-12-01T00:00:00
7880596;582239;Rájec-Jestøebí;;;;;138908;Rájec;19577;Školní;è.p.;442;;;67902;593495.52;1137525.35;2013-12-01T00:00:00
7880600;582239;Rájec-Jestøebí;;;;;138908;Rájec;19577;Školní;è.p.;443;;;67902;593450.91;1137503.19;2013-12-01T00:00:00
7880618;582239;Rájec-Jestøebí;;;;;138908;Rájec;19577;Školní;è.p.;444;;;67902;593438.50;1137497.04;2013-12-01T00:00:00
7880626;582239;Rájec-Jestøebí;;;;;138908;Rájec;19577;Školní;è.p.;445;;;67902;593426.09;1137490.90;2013-12-01T00:00:00
7880634;582239;Rájec-Jestøebí;;;;;138908;Rájec;19577;Školní;è.p.;446;;;67902;593378.75;1137432.74;2013-12-01T00:00:00
7880642;582239;Rájec-Jestøebí;;;;;138908;Rájec;19402;Komenského;è.p.;447;;;67902;593541.90;1136822.73;2013-12-01T00:00:00
7880651;582239;Rájec-Jestøebí;;;;;138908;Rájec;19313;Fuèíkova;è.p.;448;;;67902;593314.11;1137707.20;2013-12-01T00:00:00
7880669;582239;Rájec-Jestøebí;;;;;138908;Rájec;19399;Jurkova;è.p.;450;;;67902;593537.62;1137432.10;2013-12-01T00:00:00
7880677;582239;Rájec-Jestøebí;;;;;138908;Rájec;19534;Blanenská;è.p.;451;;;67902;593199.95;1137635.07;2013-12-01T00:00:00
7880685;582239;Rájec-Jestøebí;;;;;138908;Rájec;19534;Blanenská;è.p.;452;;;67902;593203.64;1137616.74;2013-12-01T00:00:00
7880693;582239;Rájec-Jestøebí;;;;;138908;Rájec;19534;Blanenská;è.p.;453;;;67902;593207.51;1137599.17;2013-12-01T00:00:00
7880707;582239;Rájec-Jestøebí;;;;;138908;Rájec;19534;Blanenská;è.p.;454;;;67902;593221.96;1137433.52;2013-12-01T00:00:00
7880715;582239;Rájec-Jestøebí;;;;;138908;Rájec;19534;Blanenská;è.p.;455;;;67902;593215.30;1137564.99;2013-12-01T00:00:00
7880723;582239;Rájec-Jestøebí;;;;;138908;Rájec;19534;Blanenská;è.p.;456;;;67902;593165.17;1137828.79;2013-12-01T00:00:00
7880731;582239;Rájec-Jestøebí;;;;;138908;Rájec;19534;Blanenská;è.p.;457;;;67902;593156.23;1137775.93;2013-12-01T00:00:00
7880740;582239;Rájec-Jestøebí;;;;;138908;Rájec;19534;Blanenská;è.p.;458;;;67902;593189.22;1137717.48;2013-12-01T00:00:00
7880758;582239;Rájec-Jestøebí;;;;;138908;Rájec;19623;V Úzkých;è.p.;459;;;67902;592954.09;1136753.26;2013-12-01T00:00:00
7880766;582239;Rájec-Jestøebí;;;;;138908;Rájec;19542;Spešovská;è.p.;460;;;67902;593873.85;1137687.91;2013-12-01T00:00:00
7880774;582239;Rájec-Jestøebí;;;;;138908;Rájec;19402;Komenského;è.p.;461;;;67902;593648.34;1136774.82;2013-12-01T00:00:00
7880782;582239;Rájec-Jestøebí;;;;;138908;Rájec;19500;Nová;è.p.;462;;;67902;593805.11;1137750.33;2013-12-01T00:00:00
7880791;582239;Rájec-Jestøebí;;;;;138908;Rájec;19534;Blanenská;è.p.;463;;;67902;593287.87;1137576.20;2013-12-01T00:00:00
7880804;582239;Rájec-Jestøebí;;;;;138908;Rájec;19402;Komenského;è.p.;464;;;67902;593556.77;1136816.34;2013-12-01T00:00:00
7880812;582239;Rájec-Jestøebí;;;;;138908;Rájec;19534;Blanenská;è.p.;465;;;67902;593211.30;1137581.85;2013-12-01T00:00:00
7880821;582239;Rájec-Jestøebí;;;;;138908;Rájec;19534;Blanenská;è.p.;466;;;67902;593216.90;1137418.22;2013-12-01T00:00:00
7880839;582239;Rájec-Jestøebí;;;;;138908;Rájec;19534;Blanenská;è.p.;467;;;67902;593225.38;1137449.17;2013-12-01T00:00:00
7880847;582239;Rájec-Jestøebí;;;;;138908;Rájec;19569;Šafranice;è.p.;468;;;67902;593356.02;1136715.07;2013-12-01T00:00:00
7880855;582239;Rájec-Jestøebí;;;;;138908;Rájec;19534;Blanenská;è.p.;469;;;67902;593223.17;1137465.34;2013-12-01T00:00:00
7880863;582239;Rájec-Jestøebí;;;;;138908;Rájec;19534;Blanenská;è.p.;470;;;67902;593225.03;1137481.20;2013-12-01T00:00:00
7880871;582239;Rájec-Jestøebí;;;;;138908;Rájec;19534;Blanenská;è.p.;471;;;67902;593225.71;1137494.86;2013-12-01T00:00:00
7880880;582239;Rájec-Jestøebí;;;;;138908;Rájec;19534;Blanenská;è.p.;472;;;67902;593221.94;1137514.16;2013-12-01T00:00:00
7880898;582239;Rájec-Jestøebí;;;;;138908;Rájec;19534;Blanenská;è.p.;473;;;67902;593221.01;1137531.06;2013-12-01T00:00:00
7880901;582239;Rájec-Jestøebí;;;;;138908;Rájec;19534;Blanenská;è.p.;474;;;67902;593218.58;1137547.51;2013-12-01T00:00:00
7880910;582239;Rájec-Jestøebí;;;;;138908;Rájec;19500;Nová;è.p.;475;;;67902;593777.28;1137582.26;2013-12-01T00:00:00
7880928;582239;Rájec-Jestøebí;;;;;138908;Rájec;19534;Blanenská;è.p.;476;;;67902;593139.84;1137764.61;2013-12-01T00:00:00
7880936;582239;Rájec-Jestøebí;;;;;138908;Rájec;19364;Høbitovní;è.p.;477;;;67902;593270.17;1136909.57;2013-12-01T00:00:00
7880944;582239;Rájec-Jestøebí;;;;;138908;Rájec;19402;Komenského;è.p.;478;;;67902;593570.11;1136808.96;2013-12-01T00:00:00
7880952;582239;Rájec-Jestøebí;;;;;138908;Rájec;19534;Blanenská;è.p.;479;;;67902;593148.56;1137827.10;2013-12-01T00:00:00
7880961;582239;Rájec-Jestøebí;;;;;138908;Rájec;19534;Blanenská;è.p.;480;;;67902;593238.98;1137817.38;2013-12-01T00:00:00
7880979;582239;Rájec-Jestøebí;;;;;138908;Rájec;19534;Blanenská;è.p.;481;;;67902;593239.81;1137823.25;2013-12-01T00:00:00
7880987;582239;Rájec-Jestøebí;;;;;138908;Rájec;19534;Blanenská;è.p.;482;;;67902;593240.73;1137829.30;2013-12-01T00:00:00
7880995;582239;Rájec-Jestøebí;;;;;138908;Rájec;19534;Blanenská;è.p.;483;;;67902;593242.11;1137835.00;2013-12-01T00:00:00
7881002;582239;Rájec-Jestøebí;;;;;138908;Rájec;19534;Blanenská;è.p.;484;;;67902;593277.70;1137439.17;2013-12-01T00:00:00
7881011;582239;Rájec-Jestøebí;;;;;138908;Rájec;19429;Lesnická;è.p.;485;;;67902;593327.00;1137822.73;2015-05-05T00:00:00
7881029;582239;Rájec-Jestøebí;;;;;138908;Rájec;19542;Spešovská;è.p.;486;;;67902;593906.61;1137573.19;2013-12-01T00:00:00
7881037;582239;Rájec-Jestøebí;;;;;138908;Rájec;19534;Blanenská;è.p.;487;;;67902;593301.65;1137457.46;2013-12-01T00:00:00
7881045;582239;Rájec-Jestøebí;;;;;138908;Rájec;19402;Komenského;è.p.;488;;;67902;593682.60;1136711.85;2013-12-01T00:00:00
7881053;582239;Rájec-Jestøebí;;;;;138908;Rájec;19402;Komenského;è.p.;489;;;67902;593690.87;1136697.09;2013-12-01T00:00:00
7881061;582239;Rájec-Jestøebí;;;;;138908;Rájec;19402;Komenského;è.p.;490;;;67902;593681.20;1136667.90;2013-12-01T00:00:00
7881070;582239;Rájec-Jestøebí;;;;;138908;Rájec;19402;Komenského;è.p.;491;;;67902;593689.33;1136653.12;2013-12-01T00:00:00
7881088;582239;Rájec-Jestøebí;;;;;138908;Rájec;19313;Fuèíkova;è.p.;492;;;67902;593279.45;1137704.33;2013-12-01T00:00:00
7881096;582239;Rájec-Jestøebí;;;;;138908;Rájec;19500;Nová;è.p.;493;;;67902;593772.17;1137625.43;2013-12-01T00:00:00
7881100;582239;Rájec-Jestøebí;;;;;138908;Rájec;19500;Nová;è.p.;494;;;67902;593797.23;1137666.01;2013-12-01T00:00:00
7881126;582239;Rájec-Jestøebí;;;;;138908;Rájec;19551;Sportovní;è.p.;496;;;67902;593315.71;1137843.42;2013-12-01T00:00:00
7881134;582239;Rájec-Jestøebí;;;;;138908;Rájec;19551;Sportovní;è.p.;497;;;67902;593307.28;1137849.66;2013-12-01T00:00:00
7881142;582239;Rájec-Jestøebí;;;;;138908;Rájec;19551;Sportovní;è.p.;498;;;67902;593299.31;1137855.77;2013-12-01T00:00:00
7881151;582239;Rájec-Jestøebí;;;;;138908;Rájec;19551;Sportovní;è.p.;499;;;67902;593291.03;1137862.58;2013-12-01T00:00:00
7881169;582239;Rájec-Jestøebí;;;;;138908;Rájec;19534;Blanenská;è.p.;500;;;67902;593250.10;1137774.14;2013-12-01T00:00:00
7881177;582239;Rájec-Jestøebí;;;;;138908;Rájec;19534;Blanenská;è.p.;501;;;67902;593198.63;1137653.93;2013-12-01T00:00:00
7881185;582239;Rájec-Jestøebí;;;;;138908;Rájec;19569;Šafranice;è.p.;502;;;67902;593376.73;1136666.40;2013-12-01T00:00:00
7881193;582239;Rájec-Jestøebí;;;;;138908;Rájec;19518;Ol. Blažka;è.p.;503;;;67902;593917.25;1137445.15;2013-12-01T00:00:00
7881207;582239;Rájec-Jestøebí;;;;;138908;Rájec;19402;Komenského;è.p.;504;;;67902;593711.65;1136596.73;2013-12-01T00:00:00
7881215;582239;Rájec-Jestøebí;;;;;138908;Rájec;19402;Komenského;è.p.;505;;;67902;593717.80;1136579.78;2013-12-01T00:00:00
7881223;582239;Rájec-Jestøebí;;;;;138908;Rájec;19402;Komenského;è.p.;506;;;67902;593723.97;1136562.78;2013-12-01T00:00:00
7881231;582239;Rájec-Jestøebí;;;;;138908;Rájec;19534;Blanenská;è.p.;507;;;67902;593232.65;1137792.36;2013-12-01T00:00:00
7881240;582239;Rájec-Jestøebí;;;;;138908;Rájec;19518;Ol. Blažka;è.p.;508;;;67902;593891.19;1137462.22;2013-12-01T00:00:00
7881258;582239;Rájec-Jestøebí;;;;;138908;Rájec;19569;Šafranice;è.p.;509;;;67902;593428.28;1136611.86;2013-12-01T00:00:00
7881266;582239;Rájec-Jestøebí;;;;;138908;Rájec;19569;Šafranice;è.p.;510;;;67902;593416.71;1136617.19;2013-12-01T00:00:00
7881274;582239;Rájec-Jestøebí;;;;;138908;Rájec;19470;Na Vyhlídce;è.p.;511;;;67902;593530.82;1136621.77;2013-12-01T00:00:00
7881282;582239;Rájec-Jestøebí;;;;;138908;Rájec;19577;Školní;è.p.;512;;;67902;593476.69;1137563.41;2013-12-01T00:00:00
7881291;582239;Rájec-Jestøebí;;;;;138908;Rájec;19534;Blanenská;è.p.;513;;;67902;593297.09;1137415.57;2013-12-01T00:00:00
7881304;582239;Rájec-Jestøebí;;;;;138908;Rájec;19500;Nová;è.p.;514;;;67902;593794.44;1137713.17;2013-12-01T00:00:00
7881312;582239;Rájec-Jestøebí;;;;;138908;Rájec;19470;Na Vyhlídce;è.p.;515;;;67902;593514.98;1136635.63;2013-12-01T00:00:00
7881321;582239;Rájec-Jestøebí;;;;;138908;Rájec;19402;Komenského;è.p.;516;;;67902;593665.24;1136741.42;2013-12-01T00:00:00
7881339;582239;Rájec-Jestøebí;;;;;138908;Rájec;19470;Na Vyhlídce;è.p.;517;;;67902;593501.14;1136647.91;2013-12-01T00:00:00
7881347;582239;Rájec-Jestøebí;;;;;138908;Rájec;19470;Na Vyhlídce;è.p.;518;;;67902;593546.16;1136608.90;2013-12-01T00:00:00
7881355;582239;Rájec-Jestøebí;;;;;138908;Rájec;19470;Na Vyhlídce;è.p.;519;;;67902;593485.30;1136662.08;2013-12-01T00:00:00
7881363;582239;Rájec-Jestøebí;;;;;138908;Rájec;19291;Budovatelù;è.p.;520;;;67902;593455.84;1136676.00;2013-12-01T00:00:00
7881371;582239;Rájec-Jestøebí;;;;;138908;Rájec;19526;Pionýrská;è.p.;521;;;67902;593516.10;1136749.63;2013-12-01T00:00:00
7881380;582239;Rájec-Jestøebí;;;;;138908;Rájec;19526;Pionýrská;è.p.;522;;;67902;593521.76;1136744.89;2013-12-01T00:00:00
7881398;582239;Rájec-Jestøebí;;;;;138908;Rájec;19526;Pionýrská;è.p.;523;;;67902;593527.25;1136740.19;2013-12-01T00:00:00
7881401;582239;Rájec-Jestøebí;;;;;138908;Rájec;19526;Pionýrská;è.p.;524;;;67902;593532.83;1136735.65;2013-12-01T00:00:00
7881410;582239;Rájec-Jestøebí;;;;;138908;Rájec;19526;Pionýrská;è.p.;525;;;67902;593538.32;1136730.98;2013-12-01T00:00:00
7881428;582239;Rájec-Jestøebí;;;;;138908;Rájec;19526;Pionýrská;è.p.;526;;;67902;593543.86;1136726.27;2013-12-01T00:00:00
7881436;582239;Rájec-Jestøebí;;;;;138908;Rájec;19526;Pionýrská;è.p.;527;;;67902;593549.43;1136721.58;2013-12-01T00:00:00
7881444;582239;Rájec-Jestøebí;;;;;138908;Rájec;19526;Pionýrská;è.p.;528;;;67902;593555.05;1136717.09;2013-12-01T00:00:00
7881452;582239;Rájec-Jestøebí;;;;;138908;Rájec;19526;Pionýrská;è.p.;529;;;67902;593560.54;1136712.35;2013-12-01T00:00:00
7881461;582239;Rájec-Jestøebí;;;;;138908;Rájec;19526;Pionýrská;è.p.;530;;;67902;593566.10;1136707.76;2013-12-01T00:00:00
7881479;582239;Rájec-Jestøebí;;;;;138908;Rájec;19526;Pionýrská;è.p.;531;;;67902;593571.62;1136703.09;2013-12-01T00:00:00
7881487;582239;Rájec-Jestøebí;;;;;138908;Rájec;19526;Pionýrská;è.p.;532;;;67902;593577.14;1136698.40;2013-12-01T00:00:00
7881495;582239;Rájec-Jestøebí;;;;;138908;Rájec;19526;Pionýrská;è.p.;533;;;67902;593582.66;1136693.76;2013-12-01T00:00:00
7881509;582239;Rájec-Jestøebí;;;;;138908;Rájec;19526;Pionýrská;è.p.;534;;;67902;593588.24;1136689.16;2013-12-01T00:00:00
7881517;582239;Rájec-Jestøebí;;;;;138908;Rájec;19526;Pionýrská;è.p.;535;;;67902;593593.77;1136684.45;2013-12-01T00:00:00
7881525;582239;Rájec-Jestøebí;;;;;138908;Rájec;19526;Pionýrská;è.p.;536;;;67902;593599.97;1136681.32;2013-12-01T00:00:00
7881533;582239;Rájec-Jestøebí;;;;;138908;Rájec;19526;Pionýrská;è.p.;537;;;67902;593605.78;1136676.55;2013-12-01T00:00:00
7881541;582239;Rájec-Jestøebí;;;;;138908;Rájec;19526;Pionýrská;è.p.;538;;;67902;593582.89;1136653.26;2013-12-01T00:00:00
7881550;582239;Rájec-Jestøebí;;;;;138908;Rájec;19526;Pionýrská;è.p.;539;;;67902;593575.34;1136659.36;2013-12-01T00:00:00
7881568;582239;Rájec-Jestøebí;;;;;138908;Rájec;19526;Pionýrská;è.p.;540;;;67902;593558.60;1136674.11;2013-12-01T00:00:00
7881576;582239;Rájec-Jestøebí;;;;;138908;Rájec;19526;Pionýrská;è.p.;541;;;67902;593550.57;1136678.76;2013-12-01T00:00:00
7881584;582239;Rájec-Jestøebí;;;;;138908;Rájec;19526;Pionýrská;è.p.;542;;;67902;593534.43;1136693.52;2013-12-01T00:00:00
7881592;582239;Rájec-Jestøebí;;;;;138908;Rájec;19526;Pionýrská;è.p.;543;;;67902;593527.87;1136698.28;2013-12-01T00:00:00
7881606;582239;Rájec-Jestøebí;;;;;138908;Rájec;19526;Pionýrská;è.p.;544;;;67902;593513.19;1136711.62;2013-12-01T00:00:00
7881614;582239;Rájec-Jestøebí;;;;;138908;Rájec;19526;Pionýrská;è.p.;545;;;67902;593506.58;1136716.40;2013-12-01T00:00:00
7881622;582239;Rájec-Jestøebí;;;;;138908;Rájec;19615;V Úvoze;è.p.;546;;;67902;592895.93;1136962.41;2013-12-01T00:00:00
7881631;582239;Rájec-Jestøebí;;;;;138908;Rájec;19615;V Úvoze;è.p.;547;;;67902;592834.49;1136922.88;2013-12-01T00:00:00
7881649;582239;Rájec-Jestøebí;;;;;138908;Rájec;19615;V Úvoze;è.p.;548;;;67902;592814.63;1136900.78;2013-12-01T00:00:00
7881657;582239;Rájec-Jestøebí;;;;;138908;Rájec;19615;V Úvoze;è.p.;549;;;67902;592866.68;1136946.01;2013-12-01T00:00:00
7881665;582239;Rájec-Jestøebí;;;;;138908;Rájec;19615;V Úvoze;è.p.;550;;;67902;592903.69;1137011.54;2013-12-01T00:00:00
7881673;582239;Rájec-Jestøebí;;;;;138908;Rájec;19615;V Úvoze;è.p.;551;;;67902;592929.73;1136950.52;2013-12-01T00:00:00
7881681;582239;Rájec-Jestøebí;;;;;138908;Rájec;19321;Fügnerova;è.p.;552;;;67902;593560.69;1137111.48;2013-12-01T00:00:00
7881690;582239;Rájec-Jestøebí;;;;;138908;Rájec;19399;Jurkova;è.p.;553;;;67902;593467.13;1137350.66;2013-12-01T00:00:00
7881703;582239;Rájec-Jestøebí;;;;;138908;Rájec;19615;V Úvoze;è.p.;554;;;67902;592866.33;1136970.69;2013-12-01T00:00:00
7881711;582239;Rájec-Jestøebí;;;;;138908;Rájec;19313;Fuèíkova;è.p.;555;;;67902;593322.25;1137690.14;2013-12-01T00:00:00
7881720;582239;Rájec-Jestøebí;;;;;138908;Rájec;19305;Erbenova;è.p.;556;;;67902;593349.08;1137720.54;2013-12-01T00:00:00
7881738;582239;Rájec-Jestøebí;;;;;138908;Rájec;19291;Budovatelù;è.p.;557;;;67902;593443.06;1136640.94;2013-12-01T00:00:00
7881746;582239;Rájec-Jestøebí;;;;;138908;Rájec;19291;Budovatelù;è.p.;558;;;67902;593461.67;1136693.31;2013-12-01T00:00:00
7881754;582239;Rájec-Jestøebí;;;;;138908;Rájec;19291;Budovatelù;è.p.;559;;;67902;593467.42;1136700.32;2013-12-01T00:00:00
7881762;582239;Rájec-Jestøebí;;;;;138908;Rájec;19291;Budovatelù;è.p.;560;;;67902;593467.90;1136710.39;2013-12-01T00:00:00
7881771;582239;Rájec-Jestøebí;;;;;138908;Rájec;19291;Budovatelù;è.p.;561;;;67902;593471.41;1136718.00;2013-12-01T00:00:00
7881789;582239;Rájec-Jestøebí;;;;;138908;Rájec;19291;Budovatelù;è.p.;562;;;67902;593472.89;1136727.60;2013-12-01T00:00:00
7881797;582239;Rájec-Jestøebí;;;;;138908;Rájec;19291;Budovatelù;è.p.;563;;;67902;593477.85;1136735.35;2013-12-01T00:00:00
7881801;582239;Rájec-Jestøebí;;;;;138908;Rájec;19291;Budovatelù;è.p.;564;;;67902;593479.35;1136745.05;2013-12-01T00:00:00
7881819;582239;Rájec-Jestøebí;;;;;138908;Rájec;19291;Budovatelù;è.p.;565;;;67902;593483.53;1136752.90;2013-12-01T00:00:00
7881827;582239;Rájec-Jestøebí;;;;;138908;Rájec;19291;Budovatelù;è.p.;566;;;67902;593485.41;1136762.13;2013-12-01T00:00:00
7881835;582239;Rájec-Jestøebí;;;;;138908;Rájec;19291;Budovatelù;è.p.;567;;;67902;593488.51;1136770.23;2013-12-01T00:00:00
7881843;582239;Rájec-Jestøebí;;;;;138908;Rájec;19291;Budovatelù;è.p.;568;;;67902;593490.80;1136779.83;2013-12-01T00:00:00
7881851;582239;Rájec-Jestøebí;;;;;138908;Rájec;19291;Budovatelù;è.p.;569;;;67902;593494.98;1136788.06;2013-12-01T00:00:00
7881860;582239;Rájec-Jestøebí;;;;;138908;Rájec;19291;Budovatelù;è.p.;570;;;67902;593496.73;1136797.66;2013-12-01T00:00:00
7881878;582239;Rájec-Jestøebí;;;;;138908;Rájec;19291;Budovatelù;è.p.;571;;;67902;593500.10;1136805.51;2013-12-01T00:00:00
7881886;582239;Rájec-Jestøebí;;;;;138908;Rájec;19291;Budovatelù;è.p.;572;;;67902;593502.38;1136815.11;2013-12-01T00:00:00
7881894;582239;Rájec-Jestøebí;;;;;138908;Rájec;19291;Budovatelù;è.p.;573;;;67902;593507.37;1136822.96;2013-12-01T00:00:00
7881908;582239;Rájec-Jestøebí;;;;;138908;Rájec;19364;Høbitovní;è.p.;574;;;67902;593262.29;1136880.65;2013-12-01T00:00:00
7881916;582239;Rájec-Jestøebí;;;;;138908;Rájec;19411;Krátká;è.p.;575;;;67902;593568.93;1136590.18;2013-12-01T00:00:00
7881924;582239;Rájec-Jestøebí;;;;;138908;Rájec;19411;Krátká;è.p.;576;;;67902;593579.09;1136604.47;2013-12-01T00:00:00
7881932;582239;Rájec-Jestøebí;;;;;138908;Rájec;19411;Krátká;è.p.;577;;;67902;593584.73;1136611.59;2013-12-01T00:00:00
7881941;582239;Rájec-Jestøebí;;;;;138908;Rájec;19411;Krátká;è.p.;578;;;67902;593590.09;1136618.54;2013-12-01T00:00:00
7881959;582239;Rájec-Jestøebí;;;;;138908;Rájec;19411;Krátká;è.p.;579;;;67902;593596.38;1136625.78;2013-12-01T00:00:00
7881967;582239;Rájec-Jestøebí;;;;;138908;Rájec;19411;Krátká;è.p.;580;;;67902;593602.21;1136632.59;2013-12-01T00:00:00
7881975;582239;Rájec-Jestøebí;;;;;138908;Rájec;19411;Krátká;è.p.;581;;;67902;593608.07;1136638.82;2013-12-01T00:00:00
7881983;582239;Rájec-Jestøebí;;;;;138908;Rájec;19526;Pionýrská;è.p.;582;;;67902;593633.47;1136659.79;2013-12-01T00:00:00
7881991;582239;Rájec-Jestøebí;;;;;138908;Rájec;19526;Pionýrská;è.p.;583;;;67902;593645.66;1136648.43;2013-12-01T00:00:00
7882009;582239;Rájec-Jestøebí;;;;;138908;Rájec;19291;Budovatelù;è.p.;584;;;67902;593524.53;1136780.83;2013-12-01T00:00:00
7882017;582239;Rájec-Jestøebí;;;;;138908;Rájec;19542;Spešovská;è.p.;585;;;67902;593886.73;1137661.21;2013-12-01T00:00:00
7882025;582239;Rájec-Jestøebí;;;;;138908;Rájec;19615;V Úvoze;è.p.;586;;;67902;592957.41;1136972.93;2013-12-01T00:00:00
7882033;582239;Rájec-Jestøebí;;;;;138908;Rájec;19470;Na Vyhlídce;è.p.;587;;;67902;593470.56;1136627.17;2013-12-01T00:00:00
7882041;582239;Rájec-Jestøebí;;;;;138908;Rájec;19470;Na Vyhlídce;è.p.;588;;;67902;593476.54;1136621.64;2013-12-01T00:00:00
7882050;582239;Rájec-Jestøebí;;;;;138908;Rájec;19470;Na Vyhlídce;è.p.;589;;;67902;593483.76;1136617.61;2013-12-01T00:00:00
7882068;582239;Rájec-Jestøebí;;;;;138908;Rájec;19470;Na Vyhlídce;è.p.;590;;;67902;593490.05;1136611.79;2013-12-01T00:00:00
7882076;582239;Rájec-Jestøebí;;;;;138908;Rájec;19470;Na Vyhlídce;è.p.;591;;;67902;593496.87;1136607.77;2013-12-01T00:00:00
7882084;582239;Rájec-Jestøebí;;;;;138908;Rájec;19470;Na Vyhlídce;è.p.;592;;;67902;593502.86;1136602.55;2013-12-01T00:00:00
7882092;582239;Rájec-Jestøebí;;;;;138908;Rájec;19470;Na Vyhlídce;è.p.;593;;;67902;593510.26;1136598.53;2013-12-01T00:00:00
7882106;582239;Rájec-Jestøebí;;;;;138908;Rájec;19470;Na Vyhlídce;è.p.;594;;;67902;593516.19;1136593.63;2013-12-01T00:00:00
7882114;582239;Rájec-Jestøebí;;;;;138908;Rájec;19470;Na Vyhlídce;è.p.;595;;;67902;593522.89;1136588.19;2013-12-01T00:00:00
7882122;582239;Rájec-Jestøebí;;;;;138908;Rájec;19470;Na Vyhlídce;è.p.;596;;;67902;593528.77;1136582.70;2013-12-01T00:00:00
7882131;582239;Rájec-Jestøebí;;;;;138908;Rájec;19470;Na Vyhlídce;è.p.;597;;;67902;593534.76;1136577.48;2013-12-01T00:00:00
7882149;582239;Rájec-Jestøebí;;;;;138908;Rájec;19470;Na Vyhlídce;è.p.;598;;;67902;593540.05;1136571.07;2013-12-01T00:00:00
7882157;582239;Rájec-Jestøebí;;;;;138908;Rájec;19470;Na Vyhlídce;è.p.;599;;;67902;593546.30;1136565.87;2013-12-01T00:00:00
7882165;582239;Rájec-Jestøebí;;;;;138908;Rájec;19470;Na Vyhlídce;è.p.;600;;;67902;593552.03;1136560.25;2013-12-01T00:00:00
7882173;582239;Rájec-Jestøebí;;;;;138908;Rájec;19291;Budovatelù;è.p.;601;;;67902;593449.66;1136657.76;2013-12-01T00:00:00
7882181;582239;Rájec-Jestøebí;;;;;138908;Rájec;19577;Školní;è.p.;602;;;67902;593326.66;1137430.58;2013-12-01T00:00:00
7882190;582239;Rájec-Jestøebí;;;;;138908;Rájec;19551;Sportovní;è.p.;603;;;67902;593564.00;1137665.82;2013-12-01T00:00:00
7882203;582239;Rájec-Jestøebí;;;;;138908;Rájec;19551;Sportovní;è.p.;604;;;67902;593580.04;1137535.99;2013-12-01T00:00:00
7882211;582239;Rájec-Jestøebí;;;;;138908;Rájec;19534;Blanenská;è.p.;605;;;67902;593282.51;1137137.73;2013-12-01T00:00:00
7882220;582239;Rájec-Jestøebí;;;;;138908;Rájec;19526;Pionýrská;è.p.;606;;;67902;593664.55;1136612.94;2013-12-01T00:00:00
7882238;582239;Rájec-Jestøebí;;;;;138908;Rájec;19526;Pionýrská;è.p.;607;;;67902;593672.03;1136593.00;2013-12-01T00:00:00
7882246;582239;Rájec-Jestøebí;;;;;138908;Rájec;19526;Pionýrská;è.p.;608;;;67902;593680.11;1136570.29;2013-12-01T00:00:00
7882254;582239;Rájec-Jestøebí;;;;;138908;Rájec;19526;Pionýrská;è.p.;609;;;67902;593686.89;1136550.08;2013-12-01T00:00:00
7882262;582239;Rájec-Jestøebí;;;;;138908;Rájec;19402;Komenského;è.p.;610;;;67902;593483.16;1135580.71;2013-12-01T00:00:00
7882271;582239;Rájec-Jestøebí;;;;;138908;Rájec;19470;Na Vyhlídce;è.p.;611;;;67902;593558.14;1136554.53;2013-12-01T00:00:00
7882289;582239;Rájec-Jestøebí;;;;;138908;Rájec;19470;Na Vyhlídce;è.p.;612;;;67902;593564.27;1136549.42;2013-12-01T00:00:00
7882297;582239;Rájec-Jestøebí;;;;;138908;Rájec;19470;Na Vyhlídce;è.p.;613;;;67902;593571.48;1136545.02;2013-12-01T00:00:00
7882301;582239;Rájec-Jestøebí;;;;;138908;Rájec;19470;Na Vyhlídce;è.p.;614;;;67902;593578.83;1136540.91;2013-12-01T00:00:00
7882319;582239;Rájec-Jestøebí;;;;;138908;Rájec;19496;námìstí Míru;è.p.;615;;;67902;593340.35;1137101.21;2013-12-01T00:00:00
7882327;582239;Rájec-Jestøebí;;;;;138908;Rájec;19542;Spešovská;è.p.;616;;;67902;593864.58;1137578.06;2013-12-01T00:00:00
7882335;582239;Rájec-Jestøebí;;;;;138908;Rájec;19534;Blanenská;è.p.;617;;;67902;593264.97;1137801.69;2013-12-01T00:00:00
7882343;582239;Rájec-Jestøebí;;;;;138908;Rájec;19569;Šafranice;è.p.;618;;;67902;593326.31;1136739.72;2013-12-01T00:00:00
7882360;582239;Rájec-Jestøebí;;;;;138908;Rájec;;;è.p.;620;;;67902;593437.38;1136927.52;2013-12-01T00:00:00
7882378;582239;Rájec-Jestøebí;;;;;138908;Rájec;19402;Komenského;è.p.;621;;;67902;593341.96;1136971.26;2013-12-01T00:00:00
7882386;582239;Rájec-Jestøebí;;;;;138908;Rájec;19402;Komenského;è.p.;622;;;67902;593550.43;1136915.84;2013-12-01T00:00:00
7882394;582239;Rájec-Jestøebí;;;;;138908;Rájec;19356;Hradisko;è.p.;623;;;67902;593342.69;1136814.18;2013-12-01T00:00:00
7882408;582239;Rájec-Jestøebí;;;;;138908;Rájec;19402;Komenského;è.p.;624;;;67902;593419.85;1136960.05;2013-12-01T00:00:00
7882416;582239;Rájec-Jestøebí;;;;;138908;Rájec;19500;Nová;è.p.;626;;;67902;593783.28;1137637.77;2013-12-01T00:00:00
7882424;582239;Rájec-Jestøebí;;;;;138908;Rájec;;;è.p.;627;;;67902;593860.09;1138016.17;2013-12-01T00:00:00
7882432;582239;Rájec-Jestøebí;;;;;138908;Rájec;19402;Komenského;è.p.;628;;;67902;593698.51;1136774.22;2013-12-01T00:00:00
7882441;582239;Rájec-Jestøebí;;;;;138908;Rájec;19551;Sportovní;è.p.;629;;;67902;593521.66;1137494.84;2013-12-01T00:00:00
7882459;582239;Rájec-Jestøebí;;;;;138908;Rájec;;;è.p.;630;;;67902;593425.44;1138116.54;2013-12-01T00:00:00
7882467;582239;Rájec-Jestøebí;;;;;138908;Rájec;19542;Spešovská;è.p.;631;;;67902;593904.94;1137840.63;2019-12-09T00:00:00
7882475;582239;Rájec-Jestøebí;;;;;138908;Rájec;19402;Komenského;è.p.;633;;;67902;593780.85;1136538.13;2013-12-01T00:00:00
7882483;582239;Rájec-Jestøebí;;;;;138908;Rájec;19364;Høbitovní;è.p.;634;;;67902;593280.44;1136929.71;2013-12-01T00:00:00
7882491;582239;Rájec-Jestøebí;;;;;138908;Rájec;19356;Hradisko;è.p.;635;;;67902;593331.21;1136846.35;2013-12-01T00:00:00
7882505;582239;Rájec-Jestøebí;;;;;138908;Rájec;19526;Pionýrská;è.p.;636;;;67902;593616.38;1136597.85;2013-12-01T00:00:00
7882513;582239;Rájec-Jestøebí;;;;;138908;Rájec;19526;Pionýrská;è.p.;637;;;67902;593640.90;1136570.21;2013-12-01T00:00:00
7882521;582239;Rájec-Jestøebí;;;;;138908;Rájec;19470;Na Vyhlídce;è.p.;639;;;67902;593589.55;1136571.03;2013-12-01T00:00:00
7882530;582239;Rájec-Jestøebí;;;;;138908;Rájec;;;è.p.;642;;;67902;593509.67;1137486.02;2013-12-01T00:00:00
7882548;582239;Rájec-Jestøebí;;;;;138908;Rájec;19399;Jurkova;è.p.;643;;;67902;593423.51;1137167.70;2013-12-01T00:00:00
7882556;582239;Rájec-Jestøebí;;;;;138908;Rájec;;;è.p.;645;;;67902;593423.87;1137284.17;2013-12-01T00:00:00
7882564;582239;Rájec-Jestøebí;;;;;138908;Rájec;19399;Jurkova;è.p.;646;;;67902;593428.70;1137291.31;2013-12-01T00:00:00
7882572;582239;Rájec-Jestøebí;;;;;138908;Rájec;19330;Havlíèkova;è.p.;647;;;67902;593487.88;1137070.58;2013-12-01T00:00:00
7882581;582239;Rájec-Jestøebí;;;;;138908;Rájec;19330;Havlíèkova;è.p.;648;;;67902;593436.01;1137056.94;2013-12-01T00:00:00
7882629;582239;Rájec-Jestøebí;;;;;138908;Rájec;;;è.ev.;4;;;67902;592377.13;1137268.35;2013-12-01T00:00:00
7882637;582239;Rájec-Jestøebí;;;;;138908;Rájec;;;è.ev.;5;;;67902;591991.50;1136932.90;2013-12-01T00:00:00
7882645;582239;Rájec-Jestøebí;;;;;138908;Rájec;;;è.ev.;6;;;67902;592463.12;1137136.95;2013-12-01T00:00:00
7882653;582239;Rájec-Jestøebí;;;;;138908;Rájec;;;è.ev.;7;;;67902;592448.80;1137110.82;2013-12-01T00:00:00
7882661;582239;Rájec-Jestøebí;;;;;138908;Rájec;;;è.ev.;8;;;67902;592403.70;1137139.85;2013-12-01T00:00:00
7882670;582239;Rájec-Jestøebí;;;;;138908;Rájec;;;è.ev.;9;;;67902;592357.37;1137112.28;2013-12-01T00:00:00
7882688;582239;Rájec-Jestøebí;;;;;138908;Rájec;;;è.ev.;10;;;67902;592271.83;1137185.97;2013-12-01T00:00:00
7882696;582239;Rájec-Jestøebí;;;;;138908;Rájec;;;è.ev.;11;;;67902;592282.56;1137075.07;2013-12-01T00:00:00
7882700;582239;Rájec-Jestøebí;;;;;138908;Rájec;;;è.ev.;12;;;67902;592491.86;1137382.19;2013-12-01T00:00:00
7882718;582239;Rájec-Jestøebí;;;;;138908;Rájec;;;è.ev.;13;;;67902;592526.94;1137367.15;2013-12-01T00:00:00
7882726;582239;Rájec-Jestøebí;;;;;138908;Rájec;;;è.ev.;14;;;67902;592726.67;1137472.81;2013-12-01T00:00:00
7882751;582239;Rájec-Jestøebí;;;;;138908;Rájec;;;è.ev.;17;;;67902;592885.12;1137843.46;2013-12-01T00:00:00
7882769;582239;Rájec-Jestøebí;;;;;138908;Rájec;;;è.ev.;18;;;67902;592351.75;1137133.57;2013-12-01T00:00:00
7882866;582239;Rájec-Jestøebí;;;;;138908;Rájec;;;è.ev.;28;;;67902;593115.19;1136764.91;2013-12-01T00:00:00
7882971;582239;Rájec-Jestøebí;;;;;138908;Rájec;;;è.ev.;39;;;67902;592780.88;1136587.67;2013-12-01T00:00:00
7883013;582239;Rájec-Jestøebí;;;;;138908;Rájec;;;è.ev.;43;;;67902;592347.00;1137270.74;2013-12-01T00:00:00
7883030;582239;Rájec-Jestøebí;;;;;138908;Rájec;;;è.ev.;46;;;67902;592855.35;1138103.45;2013-12-01T00:00:00
7883048;582239;Rájec-Jestøebí;;;;;138908;Rájec;;;è.ev.;47;;;67902;592807.73;1136577.35;2013-12-01T00:00:00
7883056;582239;Rájec-Jestøebí;;;;;138908;Rájec;;;è.ev.;48;;;67902;593004.76;1136544.99;2013-12-01T00:00:00
7883064;582239;Rájec-Jestøebí;;;;;138908;Rájec;;;è.ev.;55;;;67902;592796.20;1136603.87;2013-12-01T00:00:00
7883072;582239;Rájec-Jestøebí;;;;;138908;Rájec;;;è.ev.;56;;;67902;593081.90;1136549.62;2013-12-01T00:00:00
7883099;582239;Rájec-Jestøebí;;;;;138908;Rájec;;;è.ev.;59;;;67902;593043.14;1136609.24;2013-12-01T00:00:00
7883102;582239;Rájec-Jestøebí;;;;;138908;Rájec;;;è.ev.;62;;;67902;592985.04;1137076.29;2013-12-01T00:00:00
7883111;582239;Rájec-Jestøebí;;;;;138908;Rájec;;;è.ev.;63;;;67902;593696.25;1136821.21;2013-12-01T00:00:00
7883129;582239;Rájec-Jestøebí;;;;;138908;Rájec;;;è.ev.;64;;;67902;593060.63;1136648.37;2013-12-01T00:00:00
7883137;582239;Rájec-Jestøebí;;;;;138908;Rájec;;;è.ev.;65;;;67902;593644.15;1137798.27;2013-12-01T00:00:00
7883145;582239;Rájec-Jestøebí;;;;;138908;Rájec;;;è.ev.;66;;;67902;592393.15;1137084.91;2013-12-01T00:00:00
7883153;582239;Rájec-Jestøebí;;;;;138908;Rájec;;;è.ev.;67;;;67902;593533.12;1137258.64;2013-12-01T00:00:00
7883161;582239;Rájec-Jestøebí;;;;;138908;Rájec;;;è.ev.;68;;;67902;592622.41;1136484.74;2013-12-01T00:00:00
7883170;582239;Rájec-Jestøebí;;;;;138908;Rájec;;;è.ev.;69;;;67902;592247.04;1137018.14;2013-12-01T00:00:00
7883188;582239;Rájec-Jestøebí;;;;;138908;Rájec;;;è.ev.;70;;;67902;592316.98;1137224.62;2013-12-01T00:00:00
7883196;582239;Rájec-Jestøebí;;;;;138908;Rájec;;;è.ev.;71;;;67902;592224.24;1136975.14;2013-12-01T00:00:00
7883200;582239;Rájec-Jestøebí;;;;;138908;Rájec;;;è.ev.;72;;;67902;593239.39;1137623.06;2022-11-14T00:00:00
7883218;582239;Rájec-Jestøebí;;;;;138908;Rájec;;;è.ev.;82;;;67902;593258.49;1136597.24;2013-12-01T00:00:00
7883226;582239;Rájec-Jestøebí;;;;;138908;Rájec;;;è.ev.;84;;;67902;592367.18;1137106.81;2013-12-01T00:00:00
7883234;582239;Rájec-Jestøebí;;;;;138908;Rájec;;;è.ev.;91;;;67902;593259.83;1137597.15;2013-12-01T00:00:00
7883269;582239;Rájec-Jestøebí;;;;;138908;Rájec;;;è.ev.;137;;;67902;593583.26;1136743.38;2013-12-01T00:00:00
7883277;582239;Rájec-Jestøebí;;;;;138908;Rájec;;;è.ev.;147;;;67902;593619.88;1136711.49;2013-12-01T00:00:00
7883285;582239;Rájec-Jestøebí;;;;;138908;Rájec;;;è.ev.;155;;;67902;593594.88;1136721.58;2013-12-01T00:00:00
7883293;582239;Rájec-Jestøebí;;;;;138908;Rájec;;;è.ev.;156;;;67902;593376.18;1137723.72;2013-12-01T00:00:00
7883315;582239;Rájec-Jestøebí;;;;;138908;Rájec;;;è.ev.;158;;;67902;593382.32;1137726.76;2013-12-01T00:00:00
7883323;582239;Rájec-Jestøebí;;;;;138908;Rájec;;;è.ev.;159;;;67902;593385.28;1137728.22;2013-12-01T00:00:00
7883331;582239;Rájec-Jestøebí;;;;;138908;Rájec;;;è.ev.;160;;;67902;593782.59;1137673.31;2013-12-01T00:00:00
7883340;582239;Rájec-Jestøebí;;;;;138908;Rájec;;;è.ev.;164;;;67902;593591.37;1136722.77;2013-12-01T00:00:00
7883358;582239;Rájec-Jestøebí;;;;;138908;Rájec;;;è.ev.;169;;;67902;593627.35;1136787.62;2013-12-01T00:00:00
25081977;582239;Rájec-Jestøebí;;;;;138908;Rájec;19348;Horní;è.p.;662;;;67902;593146.54;1137197.99;2013-12-01T00:00:00
25270460;582239;Rájec-Jestøebí;;;;;138908;Rájec;19348;Horní;è.p.;658;;;67902;593237.03;1137100.87;2013-12-01T00:00:00
25276565;582239;Rájec-Jestøebí;;;;;40967;Holešín;;;è.p.;80;;;67902;592246.29;1135072.46;2022-11-14T00:00:00
25276573;582239;Rájec-Jestøebí;;;;;138894;Jestøebí;19437;Lesní;è.p.;325;;;67902;595211.40;1137185.25;2013-12-01T00:00:00
25299115;582239;Rájec-Jestøebí;;;;;138908;Rájec;19470;Na Vyhlídce;è.p.;654;;;67902;593612.90;1136426.86;2013-12-01T00:00:00
25483919;582239;Rájec-Jestøebí;;;;;138908;Rájec;19470;Na Vyhlídce;è.p.;653;;;67902;593601.71;1136448.16;2013-12-01T00:00:00
25537440;582239;Rájec-Jestøebí;;;;;138908;Rájec;19526;Pionýrská;è.p.;657;;;67902;593695.91;1136512.03;2013-12-01T00:00:00
25646109;582239;Rájec-Jestøebí;;;;;138894;Jestøebí;19275;9. kvìtna;è.p.;326;;;67902;594705.31;1137140.75;2013-12-01T00:00:00
25656112;582239;Rájec-Jestøebí;;;;;40967;Holešín;;;è.p.;81;;;67902;592283.94;1134958.94;2022-11-14T00:00:00
25785800;582239;Rájec-Jestøebí;;;;;138908;Rájec;19470;Na Vyhlídce;è.p.;651;;;67902;593598.99;1136495.82;2013-12-01T00:00:00
25785818;582239;Rájec-Jestøebí;;;;;138908;Rájec;19470;Na Vyhlídce;è.p.;641;;;67902;593618.49;1136538.34;2013-12-01T00:00:00
25847759;582239;Rájec-Jestøebí;;;;;138908;Rájec;;;è.ev.;77;;;67902;593178.92;1136850.68;2013-12-01T00:00:00
25850831;582239;Rájec-Jestøebí;;;;;138908;Rájec;19470;Na Vyhlídce;è.p.;640;;;67902;593607.72;1136558.43;2013-12-01T00:00:00
25868870;582239;Rájec-Jestøebí;;;;;138908;Rájec;;;è.ev.;54;;;67902;593151.31;1136687.27;2013-12-01T00:00:00
25951122;582239;Rájec-Jestøebí;;;;;138908;Rájec;19526;Pionýrská;è.p.;649;;;67902;593662.72;1136496.85;2013-12-01T00:00:00
25963163;582239;Rájec-Jestøebí;;;;;138908;Rájec;19470;Na Vyhlídce;è.p.;652;;;67902;593601.45;1136472.67;2013-12-01T00:00:00
25993658;582239;Rájec-Jestøebí;;;;;138894;Jestøebí;19372;Hybešova;è.p.;329;;;67902;594768.62;1136928.34;2013-12-01T00:00:00
26001829;582239;Rájec-Jestøebí;;;;;138908;Rájec;19364;Høbitovní;è.p.;665;;;67902;593302.73;1136983.46;2013-12-01T00:00:00
26038307;582239;Rájec-Jestøebí;;;;;138894;Jestøebí;19275;9. kvìtna;è.p.;331;;;67902;594746.47;1137082.15;2013-12-01T00:00:00
26273870;582239;Rájec-Jestøebí;;;;;138908;Rájec;19615;V Úvoze;è.p.;673;;;67902;592968.35;1137062.41;2013-12-01T00:00:00
26404770;582239;Rájec-Jestøebí;;;;;63754;Karolín;;;è.p.;58;;;67902;591446.73;1137994.49;2013-12-01T00:00:00
26529408;582239;Rájec-Jestøebí;;;;;138908;Rájec;19411;Krátká;è.p.;677;;;67902;593575.35;1136636.21;2013-12-01T00:00:00
26535319;582239;Rájec-Jestøebí;;;;;40967;Holešín;;;è.ev.;20;;;67902;591734.23;1135518.28;2022-11-14T00:00:00
26570360;582239;Rájec-Jestøebí;;;;;138894;Jestøebí;19372;Hybešova;è.p.;333;;;67902;594633.93;1137003.66;2013-12-01T00:00:00
26587602;582239;Rájec-Jestøebí;;;;;138908;Rájec;19615;V Úvoze;è.p.;672;;;67902;592849.49;1136858.32;2013-12-01T00:00:00
26646277;582239;Rájec-Jestøebí;;;;;138908;Rájec;19623;V Úzkých;è.p.;676;;;67902;593075.18;1137140.96;2013-12-01T00:00:00
26665921;582239;Rájec-Jestøebí;;;;;138908;Rájec;19330;Havlíèkova;è.p.;678;;;67902;593445.37;1137077.80;2013-12-01T00:00:00
26942151;582239;Rájec-Jestøebí;;;;;40967;Holešín;;;è.p.;79;;;67902;591807.82;1135633.74;2021-07-07T00:00:00
26942160;582239;Rájec-Jestøebí;;;;;63754;Karolín;;;è.p.;56;;;67902;591149.63;1137774.01;2013-12-01T00:00:00
26942178;582239;Rájec-Jestøebí;;;;;138894;Jestøebí;19607;V Humnech;è.p.;327;;;67902;594876.47;1137140.02;2013-12-01T00:00:00
26942186;582239;Rájec-Jestøebí;;;;;138908;Rájec;19518;Ol. Blažka;è.p.;383;;;67902;593865.16;1137476.39;2013-12-01T00:00:00
26942194;582239;Rájec-Jestøebí;;;;;138908;Rájec;19526;Pionýrská;è.p.;638;;;67902;593652.72;1136538.61;2013-12-01T00:00:00
26942208;582239;Rájec-Jestøebí;;;;;138908;Rájec;19615;V Úvoze;è.p.;664;;;67902;592870.27;1136890.35;2013-12-01T00:00:00
26942216;582239;Rájec-Jestøebí;;;;;138908;Rájec;19402;Komenského;è.p.;669;;;67902;593492.63;1135566.95;2013-12-01T00:00:00
27083802;582239;Rájec-Jestøebí;;;;;138908;Rájec;19470;Na Vyhlídce;è.p.;655;;;67902;593621.90;1136390.04;2013-12-01T00:00:00
27083811;582239;Rájec-Jestøebí;;;;;138908;Rájec;19534;Blanenská;è.p.;670;;;67902;593263.32;1137656.79;2013-12-01T00:00:00
27244008;582239;Rájec-Jestøebí;;;;;138894;Jestøebí;19275;9. kvìtna;è.p.;336;;;67902;594774.10;1137062.21;2013-12-01T00:00:00
27244202;582239;Rájec-Jestøebí;;;;;138908;Rájec;19470;Na Vyhlídce;è.p.;650;;;67902;593590.79;1136519.69;2013-12-01T00:00:00
27244300;582239;Rájec-Jestøebí;;;;;40967;Holešín;;;è.p.;84;;;67902;592770.11;1134766.56;2013-12-01T00:00:00
27256391;582239;Rájec-Jestøebí;;;;;40967;Holešín;;;è.ev.;11;;;67902;591747.92;1135436.89;2013-12-01T00:00:00
27297497;582239;Rájec-Jestøebí;;;;;138908;Rájec;19399;Jurkova;è.p.;661;;;67902;593401.75;1137262.16;2013-12-01T00:00:00
27396479;582239;Rájec-Jestøebí;;;;;138894;Jestøebí;19453;Na Hrázi;è.p.;335;;;67902;595153.71;1136991.31;2013-12-01T00:00:00
27420124;582239;Rájec-Jestøebí;;;;;138908;Rájec;19526;Pionýrská;è.p.;656;;;67902;593658.02;1136515.83;2013-12-01T00:00:00
27533441;582239;Rájec-Jestøebí;;;;;138894;Jestøebí;19275;9. kvìtna;è.p.;337;;;67902;594392.13;1137174.96;2013-12-01T00:00:00
27549542;582239;Rájec-Jestøebí;;;;;138908;Rájec;19330;Havlíèkova;è.p.;674;;;67902;593505.77;1137314.18;2013-12-01T00:00:00
27660117;582239;Rájec-Jestøebí;;;;;138908;Rájec;19364;Høbitovní;è.p.;679;;;67902;593286.54;1136945.13;2013-12-01T00:00:00
27717640;582239;Rájec-Jestøebí;;;;;138908;Rájec;19615;V Úvoze;è.p.;668;;;67902;592798.14;1136930.48;2013-12-01T00:00:00
27717658;582239;Rájec-Jestøebí;;;;;138894;Jestøebí;19283;B. Nìmcové;è.p.;339;;;67902;594395.45;1136912.27;2013-12-01T00:00:00
27745091;582239;Rájec-Jestøebí;;;;;138908;Rájec;19551;Sportovní;è.p.;681;;;67902;593509.27;1137580.78;2013-12-01T00:00:00
27827151;582239;Rájec-Jestøebí;;;;;40967;Holešín;;;è.ev.;24;;;67902;592345.26;1135610.39;2013-12-01T00:00:00
27895866;582239;Rájec-Jestøebí;;;;;138908;Rájec;19518;Ol. Blažka;è.p.;687;;;67902;593947.06;1137508.99;2013-12-01T00:00:00
28020413;582239;Rájec-Jestøebí;;;;;138908;Rájec;19542;Spešovská;è.p.;684;;;67902;593889.37;1137564.85;2013-12-01T00:00:00
28314964;582239;Rájec-Jestøebí;;;;;138908;Rájec;19615;V Úvoze;è.p.;683;;;67902;592788.13;1136880.08;2013-12-01T00:00:00
28408837;582239;Rájec-Jestøebí;;;;;40967;Holešín;;;è.ev.;23;;;67902;592213.91;1135640.21;2015-08-06T00:00:00
28408845;582239;Rájec-Jestøebí;;;;;40967;Holešín;;;è.p.;85;;;67902;591999.43;1135448.18;2015-03-19T00:00:00
28421248;582239;Rájec-Jestøebí;;;;;138908;Rájec;19429;Lesnická;è.p.;688;;;67902;593369.89;1137778.80;2015-05-05T00:00:00
30157421;582239;Rájec-Jestøebí;;;;;138908;Rájec;19569;Šafranice;è.p.;101;;;67902;593434.03;1136908.11;2013-12-01T00:00:00
30157439;582239;Rájec-Jestøebí;;;;;138908;Rájec;19542;Spešovská;è.p.;334;;;67902;593861.16;1137518.62;2013-12-01T00:00:00
30157455;582239;Rájec-Jestøebí;;;;;138908;Rájec;19551;Sportovní;è.p.;485;;;67902;593323.35;1137820.68;2013-12-01T00:00:00
30746833;582239;Rájec-Jestøebí;;;;;40967;Holešín;;;è.p.;77;;;67902;592103.76;1135224.34;2013-12-01T00:00:00
30746841;582239;Rájec-Jestøebí;;;;;40967;Holešín;;;è.p.;82;;;67902;591776.48;1135517.34;2022-11-14T00:00:00
30746850;582239;Rájec-Jestøebí;;;;;40967;Holešín;;;è.p.;83;;;67902;592081.23;1135200.68;2022-11-14T00:00:00
30746868;582239;Rájec-Jestøebí;;;;;40967;Holešín;;;è.ev.;13;;;67902;592111.85;1135207.51;2013-12-01T00:00:00
30746876;582239;Rájec-Jestøebí;;;;;40967;Holešín;;;è.ev.;14;;;67902;592212.17;1134918.03;2013-12-01T00:00:00
30746884;582239;Rájec-Jestøebí;;;;;40967;Holešín;;;è.ev.;18;;;67902;591718.26;1135502.30;2022-11-14T00:00:00
30746892;582239;Rájec-Jestøebí;;;;;40967;Holešín;;;è.ev.;19;;;67902;591738.29;1135232.32;2013-12-01T00:00:00
30781647;582239;Rájec-Jestøebí;;;;;63754;Karolín;;;è.p.;57;;;67902;590970.68;1137784.22;2013-12-01T00:00:00
30781655;582239;Rájec-Jestøebí;;;;;63754;Karolín;;;è.ev.;8;;;67902;591784.11;1137950.37;2013-12-01T00:00:00
30781663;582239;Rájec-Jestøebí;;;;;63754;Karolín;;;è.ev.;9;;;67902;591620.07;1138025.56;2013-12-01T00:00:00
30781671;582239;Rájec-Jestøebí;;;;;63754;Karolín;;;è.ev.;11;;;67902;591436.25;1137728.25;2013-12-01T00:00:00
30781680;582239;Rájec-Jestøebí;;;;;63754;Karolín;;;è.ev.;13;;;67902;591339.72;1138013.19;2013-12-01T00:00:00
30876605;582239;Rájec-Jestøebí;;;;;138894;Jestøebí;19488;nám. 1. máje;è.p.;110;;;67902;595018.05;1136974.13;2013-12-01T00:00:00
30876613;582239;Rájec-Jestøebí;;;;;138894;Jestøebí;19461;Na Rybníèku;è.p.;193;;;67902;594487.73;1136528.26;2013-12-01T00:00:00
30876621;582239;Rájec-Jestøebí;;;;;138894;Jestøebí;19461;Na Rybníèku;è.p.;194;;;67902;594482.95;1136524.36;2013-12-01T00:00:00
30876630;582239;Rájec-Jestøebí;;;;;138894;Jestøebí;19518;Ol. Blažka;è.p.;324;;;67902;594118.54;1137225.29;2013-12-01T00:00:00
30876648;582239;Rájec-Jestøebí;;;;;138894;Jestøebí;;;è.p.;328;;;67902;594216.32;1137302.64;2013-12-01T00:00:00
30876656;582239;Rájec-Jestøebí;;;;;138894;Jestøebí;;;è.p.;332;;;67902;594882.07;1136956.47;2013-12-01T00:00:00
30876664;582239;Rájec-Jestøebí;;;;;138894;Jestøebí;19372;Hybešova;è.p.;338;;;67902;594664.90;1136909.39;2013-12-01T00:00:00
30876672;582239;Rájec-Jestøebí;;;;;138894;Jestøebí;;;è.ev.;45;;;67902;596188.23;1137315.54;2013-12-01T00:00:00
30876681;582239;Rájec-Jestøebí;;;;;138894;Jestøebí;;;è.ev.;74;;;67902;595317.53;1137210.62;2013-12-01T00:00:00
30876702;582239;Rájec-Jestøebí;;;;;138908;Rájec;19518;Ol. Blažka;è.p.;47;;;67902;594121.88;1137289.04;2013-12-01T00:00:00
30876711;582239;Rájec-Jestøebí;;;;;138908;Rájec;19330;Havlíèkova;è.p.;96;;;67902;593512.44;1137257.35;2013-12-01T00:00:00
30876729;582239;Rájec-Jestøebí;;;;;138908;Rájec;;;è.p.;409;;;67902;593469.07;1136957.14;2013-12-01T00:00:00
30876737;582239;Rájec-Jestøebí;;;;;138908;Rájec;19585;Taufrova;è.p.;632;;;67902;593474.02;1136990.99;2013-12-01T00:00:00
30876745;582239;Rájec-Jestøebí;;;;;138908;Rájec;19330;Havlíèkova;è.p.;644;;;67902;593517.42;1137288.71;2013-12-01T00:00:00
30876753;582239;Rájec-Jestøebí;;;;;138908;Rájec;19534;Blanenská;è.p.;663;;;67902;593090.80;1137853.09;2013-12-01T00:00:00
30876761;582239;Rájec-Jestøebí;;;;;138908;Rájec;19551;Sportovní;è.p.;666;;;67902;593606.74;1137665.94;2013-12-01T00:00:00
30876770;582239;Rájec-Jestøebí;;;;;138908;Rájec;19330;Havlíèkova;è.p.;671;;;67902;593577.06;1137281.22;2013-12-01T00:00:00
30876788;582239;Rájec-Jestøebí;;;;;138908;Rájec;19321;Fügnerova;è.p.;682;;;67902;593669.31;1137062.88;2013-12-01T00:00:00
30876796;582239;Rájec-Jestøebí;;;;;138908;Rájec;;;è.ev.;50;;;67902;592494.35;1137373.42;2013-12-01T00:00:00
30876800;582239;Rájec-Jestøebí;;;;;138908;Rájec;;;è.ev.;52;;;67902;592563.50;1136835.10;2013-12-01T00:00:00
30876826;582239;Rájec-Jestøebí;;;;;138908;Rájec;;;è.ev.;60;;;67902;593090.37;1136711.45;2013-12-01T00:00:00
30876834;582239;Rájec-Jestøebí;;;;;138908;Rájec;;;è.ev.;73;;;67902;593240.12;1137619.54;2013-12-01T00:00:00
30876842;582239;Rájec-Jestøebí;;;;;138908;Rájec;;;è.ev.;75;;;67902;593882.19;1137496.03;2013-12-01T00:00:00
30876851;582239;Rájec-Jestøebí;;;;;138908;Rájec;;;è.ev.;76;;;67902;594203.97;1135896.23;2013-12-01T00:00:00
30876869;582239;Rájec-Jestøebí;;;;;138908;Rájec;;;è.ev.;78;;;67902;593243.81;1137601.85;2022-11-14T00:00:00
30876877;582239;Rájec-Jestøebí;;;;;138908;Rájec;;;è.ev.;79;;;67902;592331.21;1137119.35;2013-12-01T00:00:00
30876893;582239;Rájec-Jestøebí;;;;;138908;Rájec;;;è.ev.;81;;;67902;592066.37;1137448.85;2013-12-01T00:00:00
30876907;582239;Rájec-Jestøebí;;;;;138908;Rájec;;;è.ev.;83;;;67902;593247.50;1137584.15;2013-12-01T00:00:00
30876915;582239;Rájec-Jestøebí;;;;;138908;Rájec;;;è.ev.;85;;;67902;593023.21;1136571.63;2013-12-01T00:00:00
30876923;582239;Rájec-Jestøebí;;;;;138908;Rájec;19534;Blanenská;è.ev.;86;;;67902;593256.25;1137614.71;2013-12-01T00:00:00
30876931;582239;Rájec-Jestøebí;;;;;138908;Rájec;19534;Blanenská;è.ev.;89;;;67902;593258.41;1137604.12;2013-12-01T00:00:00
30876940;582239;Rájec-Jestøebí;;;;;138908;Rájec;19534;Blanenská;è.ev.;90;;;67902;593259.11;1137600.67;2013-12-01T00:00:00
30876958;582239;Rájec-Jestøebí;;;;;138908;Rájec;19534;Blanenská;è.ev.;92;;;67902;593260.58;1137593.47;2013-12-01T00:00:00
30876966;582239;Rájec-Jestøebí;;;;;138908;Rájec;19534;Blanenská;è.ev.;98;;;67902;593265.00;1137571.82;2013-12-01T00:00:00
30876974;582239;Rájec-Jestøebí;;;;;138908;Rájec;;;è.ev.;103;;;67902;593269.46;1137479.26;2013-12-01T00:00:00
30876982;582239;Rájec-Jestøebí;;;;;138908;Rájec;19623;V Úzkých;è.ev.;114;;;67902;593025.80;1136983.92;2013-12-01T00:00:00
31214151;582239;Rájec-Jestøebí;;;;;40967;Holešín;;;è.ev.;16;;;67902;592272.13;1135624.16;2013-12-01T00:00:00
31291996;582239;Rájec-Jestøebí;;;;;138908;Rájec;19551;Sportovní;è.p.;625;;;67902;593391.19;1137841.99;2015-06-05T00:00:00
31292011;582239;Rájec-Jestøebí;;;;;138908;Rájec;19402;Komenského;è.p.;660;;;67902;593794.26;1136521.97;2013-12-01T00:00:00
40106888;582239;Rájec-Jestøebí;;;;;138894;Jestøebí;;;è.ev.;73;;;67902;594737.73;1137059.68;2015-09-08T00:00:00
40483304;582239;Rájec-Jestøebí;;;;;138894;Jestøebí;841277;Jana Støíže;è.p.;341;;;67902;594458.08;1136821.56;2013-12-01T00:00:00
40734749;582239;Rájec-Jestøebí;;;;;138894;Jestøebí;841277;Jana Støíže;è.p.;357;;;67902;594389.14;1136824.33;2013-12-01T00:00:00
41016319;582239;Rájec-Jestøebí;;;;;138894;Jestøebí;841277;Jana Støíže;è.p.;365;;;67902;594457.71;1136844.39;2015-06-09T00:00:00
41251741;582239;Rájec-Jestøebí;;;;;138894;Jestøebí;19381;Jiráskova;è.p.;368;;;67902;594425.59;1137093.97;2015-06-15T00:00:00
41252110;582239;Rájec-Jestøebí;;;;;63754;Karolín;;;è.p.;61;;;67902;591001.08;1137823.96;2015-03-31T00:00:00
41396197;582239;Rájec-Jestøebí;;;;;138894;Jestøebí;19607;V Humnech;è.p.;370;;;67902;594938.62;1137099.92;2013-12-01T00:00:00
41398114;582239;Rájec-Jestøebí;;;;;138894;Jestøebí;19631;V Zahradách;è.p.;376;;;67902;594967.97;1137053.50;2015-03-18T00:00:00
41617410;582239;Rájec-Jestøebí;;;;;63754;Karolín;;;è.p.;63;;;67902;590974.70;1137836.30;2013-12-01T00:00:00
41630033;582239;Rájec-Jestøebí;;;;;138894;Jestøebí;19275;9. kvìtna;è.p.;374;;;67902;594871.02;1137006.79;2013-12-01T00:00:00
41672577;582239;Rájec-Jestøebí;;;;;138908;Rájec;19356;Hradisko;è.p.;691;;;67902;593358.30;1136915.02;2013-12-01T00:00:00
41744004;582239;Rájec-Jestøebí;;;;;138908;Rájec;19402;Komenského;è.p.;685;;;67902;593558.83;1136941.44;2013-12-01T00:00:00
41886461;582239;Rájec-Jestøebí;;;;;138894;Jestøebí;19593;Tichá;è.p.;334;;;67902;594558.84;1137090.38;2013-12-01T00:00:00
42200504;582239;Rájec-Jestøebí;;;;;138908;Rájec;19534;Blanenská;è.p.;690;;;67902;593222.63;1137750.06;2013-12-01T00:00:00
42202086;582239;Rájec-Jestøebí;;;;;138894;Jestøebí;19437;Lesní;è.p.;369;;;67902;595251.21;1137268.06;2015-06-09T00:00:00
42202311;582239;Rájec-Jestøebí;;;;;138908;Rájec;19330;Havlíèkova;è.p.;686;;;67902;593474.75;1137288.07;2015-07-15T00:00:00
42256542;582239;Rájec-Jestøebí;;;;;138894;Jestøebí;841277;Jana Støíže;è.p.;344;;;67902;594442.78;1136782.11;2015-06-09T00:00:00
42349168;582239;Rájec-Jestøebí;;;;;138894;Jestøebí;19275;9. kvìtna;è.p.;373;;;67902;595001.10;1136962.39;2013-12-01T00:00:00
42530709;582239;Rájec-Jestøebí;;;;;40967;Holešín;;;è.p.;88;;;67902;592158.83;1134961.29;2013-12-01T00:00:00
42753392;582239;Rájec-Jestøebí;;;;;138908;Rájec;19526;Pionýrská;è.p.;693;;;67902;593509.95;1136751.75;2013-12-01T00:00:00
42753864;582239;Rájec-Jestøebí;;;;;40967;Holešín;;;è.ev.;28;;;67902;592212.47;1134902.95;2013-12-01T00:00:00
56379684;582239;Rájec-Jestøebí;;;;;138894;Jestøebí;19631;V Zahradách;è.p.;371;;;67902;595055.66;1137015.27;2013-12-04T00:00:00
56947658;582239;Rájec-Jestøebí;;;;;138894;Jestøebí;;;è.ev.;79;;;67902;595639.83;1137262.85;2013-12-04T00:00:00
70848319;582239;Rájec-Jestøebí;;;;;138894;Jestøebí;19437;Lesní;è.p.;372;;;67902;595227.01;1137211.41;2014-01-07T00:00:00
70848599;582239;Rájec-Jestøebí;;;;;138894;Jestøebí;19372;Hybešova;è.p.;375;;;67902;594683.12;1136942.39;2014-01-07T00:00:00
71061126;582239;Rájec-Jestøebí;;;;;138908;Rájec;19534;Blanenská;è.p.;335;;;67902;593259.19;1137531.21;2014-01-17T00:00:00
72602465;582239;Rájec-Jestøebí;;;;;63754;Karolín;;;è.p.;62;;;67902;590792.32;1137876.92;2014-04-23T00:00:00
73030341;582239;Rájec-Jestøebí;;;;;138908;Rájec;19518;Ol. Blažka;è.p.;692;;;67902;593880.26;1137429.34;2014-09-03T00:00:00
73206661;582239;Rájec-Jestøebí;;;;;138894;Jestøebí;841277;Jana Støíže;è.p.;349;;;67902;594414.18;1136746.67;2014-11-18T00:00:00
73398926;582239;Rájec-Jestøebí;;;;;63754;Karolín;;;è.p.;59;;;67902;591292.44;1137880.57;2015-02-03T00:00:00
73472239;582239;Rájec-Jestøebí;;;;;138894;Jestøebí;19275;9. kvìtna;è.p.;378;;;67902;594410.64;1137177.64;2015-03-02T00:00:00
74395602;582239;Rájec-Jestøebí;;;;;40967;Holešín;;;è.p.;86;;;67902;592153.18;1135083.12;2015-12-21T00:00:00
74527941;582239;Rájec-Jestøebí;;;;;63754;Karolín;;;è.ev.;14;;;67902;591476.12;1137815.02;2016-02-01T00:00:00
75072963;582239;Rájec-Jestøebí;;;;;40967;Holešín;;;è.p.;91;;;67902;592087.05;1135224.20;2016-06-02T00:00:00
75139979;582239;Rájec-Jestøebí;;;;;63754;Karolín;;;è.p.;65;;;67902;591292.62;1137851.46;2016-06-23T00:00:00
75258803;582239;Rájec-Jestøebí;;;;;138894;Jestøebí;19631;V Zahradách;è.p.;380;;;67902;594975.50;1137081.09;2016-08-09T00:00:00
75343479;582239;Rájec-Jestøebí;;;;;40967;Holešín;;;è.p.;89;;;67902;591838.11;1135345.12;2016-09-15T00:00:00
75348501;582239;Rájec-Jestøebí;;;;;138894;Jestøebí;19607;V Humnech;è.p.;379;;;67902;594909.63;1137059.37;2016-09-19T00:00:00
75626861;582239;Rájec-Jestøebí;;;;;138908;Rájec;19364;Høbitovní;è.p.;689;;;67902;593297.56;1136917.80;2016-12-08T00:00:00
75663686;582239;Rájec-Jestøebí;;;;;138908;Rájec;1892509;Nad Skalou;è.p.;696;;;67902;592789.53;1136784.79;2016-12-20T00:00:00
75664313;582239;Rájec-Jestøebí;;;;;138908;Rájec;1892509;Nad Skalou;è.p.;697;;;67902;592784.11;1136762.62;2016-12-20T00:00:00
75751569;582239;Rájec-Jestøebí;;;;;138908;Rájec;1892509;Nad Skalou;è.p.;700;;;67902;592854.21;1136787.34;2017-01-20T00:00:00
76011445;582239;Rájec-Jestøebí;;;;;138908;Rájec;1892509;Nad Skalou;è.p.;704;;;67902;592828.98;1136698.72;2017-03-30T00:00:00
77523946;582239;Rájec-Jestøebí;;;;;138894;Jestøebí;841277;Jana Støíže;è.p.;340;;;67902;594475.05;1136825.84;2017-07-24T00:00:00
77648820;582239;Rájec-Jestøebí;;;;;138908;Rájec;19623;V Úzkých;è.p.;716;;;67902;593051.12;1137063.56;2017-09-15T00:00:00
77653793;582239;Rájec-Jestøebí;;;;;138908;Rájec;19402;Komenského;è.p.;717;;;67902;593700.90;1136806.77;2017-09-18T00:00:00
77662849;582239;Rájec-Jestøebí;;;;;138894;Jestøebí;841277;Jana Støíže;è.p.;342;;;67902;594446.00;1136801.38;2017-09-21T00:00:00
77742770;582239;Rájec-Jestøebí;;;;;138908;Rájec;19542;Spešovská;è.p.;694;;;67902;593899.51;1137555.78;2017-10-24T00:00:00
77931092;582239;Rájec-Jestøebí;;;;;138894;Jestøebí;841277;Jana Støíže;è.p.;351;;;67902;594395.36;1136750.15;2018-01-12T00:00:00
77959728;582239;Rájec-Jestøebí;;;;;138908;Rájec;1892509;Nad Skalou;è.p.;709;;;67902;592756.04;1136705.01;2018-01-24T00:00:00
77960076;582239;Rájec-Jestøebí;;;;;138908;Rájec;1892509;Nad Skalou;è.p.;710;;;67902;592748.16;1136681.34;2018-01-24T00:00:00
78159873;582239;Rájec-Jestøebí;;;;;138894;Jestøebí;841277;Jana Støíže;è.p.;353;;;67902;594394.63;1136780.52;2018-03-22T00:00:00
78162513;582239;Rájec-Jestøebí;;;;;138908;Rájec;1892509;Nad Skalou;è.p.;703;;;67902;592861.95;1136705.08;2018-03-22T00:00:00
78301009;582239;Rájec-Jestøebí;;;;;138894;Jestøebí;841277;Jana Støíže;è.p.;352;;;67902;594393.08;1136770.52;2018-04-30T00:00:00
78387701;582239;Rájec-Jestøebí;;;;;138908;Rájec;1892509;Nad Skalou;è.p.;695;;;67902;592787.43;1136797.93;2018-05-29T00:00:00
78479690;582239;Rájec-Jestøebí;;;;;138908;Rájec;1892509;Nad Skalou;è.p.;698;;;67902;592811.93;1136759.07;2018-06-29T00:00:00
78540402;582239;Rájec-Jestøebí;;;;;138908;Rájec;1892509;Nad Skalou;è.p.;713;;;67902;592754.72;1136761.50;2018-07-23T00:00:00
78658560;582239;Rájec-Jestøebí;;;;;138894;Jestøebí;841277;Jana Støíže;è.p.;356;;;67902;594399.42;1136813.23;2018-09-04T00:00:00
78688515;582239;Rájec-Jestøebí;;;;;138894;Jestøebí;841277;Jana Støíže;è.p.;347;;;67902;594434.89;1136744.57;2018-09-13T00:00:00
78713137;582239;Rájec-Jestøebí;;;;;138894;Jestøebí;841277;Jana Støíže;è.p.;358;;;67902;594403.02;1136836.97;2018-09-24T00:00:00
78773334;582239;Rájec-Jestøebí;;;;;138908;Rájec;1892509;Nad Skalou;è.p.;714;;;67902;592754.44;1136795.38;2018-10-16T00:00:00
78783321;582239;Rájec-Jestøebí;;;;;138894;Jestøebí;841277;Jana Støíže;è.p.;345;;;67902;594441.23;1136770.81;2018-10-18T00:00:00
78805791;582239;Rájec-Jestøebí;;;;;138894;Jestøebí;841277;Jana Støíže;è.p.;366;;;67902;594467.74;1136847.30;2018-10-26T00:00:00
78833892;582239;Rájec-Jestøebí;;;;;138908;Rájec;1892509;Nad Skalou;è.p.;705;;;67902;592833.10;1136723.48;2018-11-07T00:00:00
78838649;582239;Rájec-Jestøebí;;;;;138894;Jestøebí;841277;Jana Støíže;è.p.;362;;;67902;594431.09;1136836.77;2018-11-08T00:00:00
78884187;582239;Rájec-Jestøebí;;;;;138908;Rájec;19518;Ol. Blažka;è.p.;250;;;67902;593986.19;1137487.51;2018-11-21T00:00:00
78889162;582239;Rájec-Jestøebí;;;;;138908;Rájec;1892509;Nad Skalou;è.p.;712;;;67902;592739.47;1136719.84;2018-11-22T00:00:00
79213987;582239;Rájec-Jestøebí;;;;;138894;Jestøebí;841277;Jana Støíže;è.p.;343;;;67902;594443.52;1136786.67;2019-03-12T00:00:00
79230709;582239;Rájec-Jestøebí;;;;;138894;Jestøebí;841277;Jana Støíže;è.p.;364;;;67902;594448.66;1136841.96;2019-03-18T00:00:00
79276296;582239;Rájec-Jestøebí;;;;;138894;Jestøebí;;;è.ev.;51;;;67902;596153.46;1137301.09;2019-04-03T00:00:00
79294413;582239;Rájec-Jestøebí;;;;;138908;Rájec;;;è.ev.;80;;;67902;592593.83;1137243.11;2019-04-10T00:00:00
79297536;582239;Rájec-Jestøebí;;;;;138908;Rájec;1892509;Nad Skalou;è.p.;711;;;67902;592724.89;1136689.56;2019-04-11T00:00:00
79316531;582239;Rájec-Jestøebí;;;;;138908;Rájec;1892509;Nad Skalou;è.p.;706;;;67902;592806.13;1136736.07;2019-04-23T00:00:00
79316735;582239;Rájec-Jestøebí;;;;;138908;Rájec;1892509;Nad Skalou;è.p.;699;;;67902;592826.82;1136762.47;2019-04-23T00:00:00
79359736;582239;Rájec-Jestøebí;;;;;138908;Rájec;1892509;Nad Skalou;è.p.;702;;;67902;592861.96;1136717.15;2019-05-07T00:00:00
79372341;582239;Rájec-Jestøebí;;;;;138908;Rájec;1892509;Nad Skalou;è.p.;701;;;67902;592867.69;1136749.36;2019-05-14T00:00:00
79603505;582239;Rájec-Jestøebí;;;;;138908;Rájec;1892509;Nad Skalou;è.p.;707;;;67902;592786.03;1136739.52;2019-07-23T00:00:00
79633226;582239;Rájec-Jestøebí;;;;;138894;Jestøebí;841277;Jana Støíže;è.p.;360;;;67902;594405.75;1136857.15;2019-08-01T00:00:00
79853463;582239;Rájec-Jestøebí;;;;;138894;Jestøebí;19372;Hybešova;è.p.;383;;;67902;594631.21;1136988.61;2019-09-04T00:00:00
79855725;582239;Rájec-Jestøebí;;;;;138894;Jestøebí;841277;Jana Støíže;è.p.;348;;;67902;594420.50;1136750.33;2019-09-04T00:00:00
79987303;582239;Rájec-Jestøebí;;;;;138908;Rájec;;;è.ev.;93;;;67902;592193.24;1137240.20;2019-10-22T00:00:00
80828108;582239;Rájec-Jestøebí;;;;;138894;Jestøebí;841277;Jana Støíže;è.p.;350;;;67902;594405.93;1136752.55;2020-06-16T00:00:00
81036566;582239;Rájec-Jestøebí;;;;;138908;Rájec;;;è.ev.;95;;;67902;593100.61;1136630.27;2020-07-30T00:00:00
81039913;582239;Rájec-Jestøebí;;;;;138894;Jestøebí;19372;Hybešova;è.p.;382;;;67902;594649.40;1136996.13;2020-07-30T00:00:00
81122357;582239;Rájec-Jestøebí;;;;;138894;Jestøebí;;;è.ev.;44;;;67902;596175.44;1137305.95;2020-09-07T00:00:00
81170181;582239;Rájec-Jestøebí;;;;;138908;Rájec;1892509;Nad Skalou;è.p.;708;;;67902;592767.09;1136727.47;2020-09-25T00:00:00
81201532;582239;Rájec-Jestøebí;;;;;138894;Jestøebí;841277;Jana Støíže;è.p.;355;;;67902;594397.36;1136801.96;2020-10-12T00:00:00
81290110;582239;Rájec-Jestøebí;;;;;40967;Holešín;;;è.p.;90;;;67902;591786.72;1135327.97;2020-11-19T00:00:00
81346794;582239;Rájec-Jestøebí;;;;;138908;Rájec;19364;Høbitovní;è.p.;680;;;67902;593276.34;1136982.20;2020-12-08T00:00:00
81378505;582239;Rájec-Jestøebí;;;;;138908;Rájec;19623;V Úzkých;è.p.;719;;;67902;592969.53;1136710.37;2020-12-17T00:00:00
81388438;582239;Rájec-Jestøebí;;;;;138894;Jestøebí;841277;Jana Støíže;è.p.;354;;;67902;594394.81;1136786.82;2020-12-21T00:00:00
81388471;582239;Rájec-Jestøebí;;;;;138894;Jestøebí;841277;Jana Støíže;è.p.;385;;;67902;594396.22;1136793.45;2020-12-21T00:00:00
81434260;582239;Rájec-Jestøebí;;;;;138894;Jestøebí;841277;Jana Støíže;è.p.;361;;;67902;594406.69;1136865.71;2021-01-15T00:00:00
81502796;582239;Rájec-Jestøebí;;;;;138908;Rájec;19305;Erbenova;è.ev.;94;;;67902;593461.23;1137558.51;2021-02-12T00:00:00
81776969;582239;Rájec-Jestøebí;;;;;138908;Rájec;19534;Blanenská;è.p.;723;;;67902;593237.51;1138113.56;2021-04-29T00:00:00
81777051;582239;Rájec-Jestøebí;;;;;138908;Rájec;19534;Blanenská;è.p.;724;;;67902;593102.42;1138028.18;2021-04-29T00:00:00
82334731;582239;Rájec-Jestøebí;;;;;138894;Jestøebí;19461;Na Rybníèku;è.p.;390;;;67902;594529.00;1136992.89;2021-12-11T00:00:00
82741824;582239;Rájec-Jestøebí;;;;;138894;Jestøebí;841277;Jana Støíže;è.p.;359;;;67902;594403.20;1136845.50;2022-03-14T00:00:00
82923876;582239;Rájec-Jestøebí;;;;;138908;Rájec;19569;Šafranice;è.p.;722;;;67902;593408.34;1136654.29;2022-05-03T00:00:00
82985405;582239;Rájec-Jestøebí;;;;;138894;Jestøebí;19593;Tichá;è.p.;386;;;67902;594591.18;1137063.27;2022-05-25T00:00:00
83147217;582239;Rájec-Jestøebí;;;;;138894;Jestøebí;841277;Jana Støíže;è.p.;363;;;67902;594437.81;1136838.89;2022-07-20T00:00:00
83251308;582239;Rájec-Jestøebí;;;;;138908;Rájec;;;è.ev.;101;;;67902;593067.72;1136659.28;2022-08-31T00:00:00
83665471;582239;Rájec-Jestøebí;;;;;138908;Rájec;19518;Ol. Blažka;è.p.;718;;;67902;594029.72;1137323.31;2022-10-19T00:00:00
83910450;582239;Rájec-Jestøebí;;;;;138908;Rájec;19615;V Úvoze;è.p.;720;;;67902;592940.96;1137026.13;2022-10-25T00:00:00
83947639;582239;Rájec-Jestøebí;;;;;138894;Jestøebí;19437;Lesní;è.p.;387;;;67902;595197.44;1137034.52;2022-10-26T00:00:00
84565900;582239;Rájec-Jestøebí;;;;;138908;Rájec;;;è.ev.;88;;;67902;592321.33;1137154.36;2022-11-24T00:00:00
84665416;582239;Rájec-Jestøebí;;;;;40967;Holešín;;;è.p.;92;;;67902;591921.59;1135389.20;2023-01-03T00:00:00
85104868;582239;Rájec-Jestøebí;;;;;138908;Rájec;19615;V Úvoze;è.p.;667;;;67902;592777.42;1136907.00;2023-04-14T00:00:00
85246000;582239;Rájec-Jestøebí;;;;;40967;Holešín;;;è.ev.;30;;;67902;591731.18;1135449.01;2023-05-24T00:00:00
85672360;582239;Rájec-Jestøebí;;;;;138894;Jestøebí;19593;Tichá;è.p.;388;;;67902;594532.54;1137104.82;2023-10-19T00:00:00
86007637;582239;Rájec-Jestøebí;;;;;138894;Jestøebí;19437;Lesní;è.p.;389;;;67902;595209.07;1137014.49;2024-02-16T00:00:00
86098209;582239;Rájec-Jestøebí;;;;;138894;Jestøebí;19437;Lesní;è.p.;381;;;67902;595354.65;1137219.85;2024-03-26T00:00:00
86170317;582239;Rájec-Jestøebí;;;;;138908;Rájec;19364;Høbitovní;è.p.;726;;;67902;593306.20;1136970.86;2024-04-30T00:00:00
86175491;582239;Rájec-Jestøebí;;;;;138908;Rájec;19330;Havlíèkova;è.p.;721;;;67902;593429.53;1137030.57;2024-05-03T00:00:00
86214624;582239;Rájec-Jestøebí;;;;;40967;Holešín;;;è.ev.;32;;;67902;591772.62;1135543.92;2024-05-22T00:00:00
86360680;582239;Rájec-Jestøebí;;;;;63754;Karolín;;;è.ev.;12;;;67902;591368.72;1137999.32;2024-07-17T00:00:00
86461834;582239;Rájec-Jestøebí;;;;;138894;Jestøebí;;;è.ev.;81;;;67902;596209.88;1137374.27;2024-08-14T00:00:00
86651111;582239;Rájec-Jestøebí;;;;;138894;Jestøebí;19607;V Humnech;è.p.;384;;;67902;594896.55;1137147.35;2024-11-21T00:00:00
86773666;582239;Rájec-Jestøebí;;;;;138908;Rájec;;;è.ev.;87;;;67902;592459.95;1137377.59;2025-01-23T00:00:00
86803921;582239;Rájec-Jestøebí;;;;;138908;Rájec;;;è.p.;727;;;67902;593295.32;1137504.29;2025-02-10T00:00:00
86969960;582239;Rájec-Jestøebí;;;;;63754;Karolín;;;è.ev.;16;;;67902;591692.61;1138061.48;2025-04-07T00:00:00
87116863;582239;Rájec-Jestøebí;;;;;138908;Rájec;19402;Komenského;è.p.;725;;;67902;593760.46;1136614.78;2025-06-17T00:00:00
87268523;582239;Rájec-Jestøebí;;;;;138894;Jestøebí;841277;Jana Støíže;è.p.;367;;;67902;594478.70;1136850.66;2025-09-09T00:00:00
