Kód ADM;Kód obce;Název obce;Kód MOMC;Název MOMC;Kód obvodu Prahy;Název obvodu Prahy;Kód èásti obce;Název èásti obce;Kód ulice;Název ulice;Typ SO;Èíslo domovní;Èíslo orientaèní;Znak èísla orientaèního;PSÈ;Souøadnice Y;Souøadnice X;Platí Od
5513243;549240;Písek;;;;;120871;Purkratice;796654;Ke Statku;è.p.;1;;;39701;775262.51;1124066.20;2013-12-01T00:00:00
5513260;549240;Písek;;;;;120871;Purkratice;796646;Pod Nádvornım;è.p.;3;;;39701;775140.44;1124114.98;2013-12-01T00:00:00
5513278;549240;Písek;;;;;120871;Purkratice;796654;Ke Statku;è.p.;5;;;39701;775185.24;1124217.98;2013-12-01T00:00:00
5513286;549240;Písek;;;;;120871;Purkratice;796654;Ke Statku;è.p.;6;;;39701;775257.60;1123924.95;2013-12-01T00:00:00
5513308;549240;Písek;;;;;120871;Purkratice;796646;Pod Nádvornım;è.p.;8;;;39701;775113.96;1124100.67;2013-12-01T00:00:00
5513316;549240;Písek;;;;;120871;Purkratice;796646;Pod Nádvornım;è.p.;9;;;39701;774776.05;1124134.04;2013-12-01T00:00:00
5513324;549240;Písek;;;;;120871;Purkratice;796654;Ke Statku;è.p.;10;;;39701;775191.48;1124232.77;2013-12-01T00:00:00
5513359;549240;Písek;;;;;120871;Purkratice;796654;Ke Statku;è.p.;16;;;39701;775279.60;1123840.19;2013-12-01T00:00:00
5513421;549240;Písek;;;;;120901;Hradištì;384208;K Vápenici;è.p.;1;;;39701;776468.82;1126987.00;2014-02-12T00:00:00
5513430;549240;Písek;;;;;120901;Hradištì;384208;K Vápenici;è.p.;2;;;39701;776465.17;1126938.09;2014-02-12T00:00:00
5513448;549240;Písek;;;;;120901;Hradištì;384208;K Vápenici;è.p.;3;;;39701;776431.63;1126959.85;2014-02-12T00:00:00
5513456;549240;Písek;;;;;120901;Hradištì;384208;K Vápenici;è.p.;4;;;39701;776410.83;1126978.94;2014-02-12T00:00:00
5513464;549240;Písek;;;;;120901;Hradištì;384208;K Vápenici;è.p.;5;;;39701;776390.24;1127005.81;2014-02-12T00:00:00
5513472;549240;Písek;;;;;120901;Hradištì;384054;Hradištì;è.p.;6;;;39701;776359.75;1126958.26;2014-02-12T00:00:00
5513481;549240;Písek;;;;;120901;Hradištì;384054;Hradištì;è.p.;7;;;39701;776350.69;1126995.48;2014-02-12T00:00:00
5513499;549240;Písek;;;;;120901;Hradištì;384054;Hradištì;è.p.;8;;;39701;776316.51;1126980.54;2014-02-12T00:00:00
5513511;549240;Písek;;;;;120901;Hradištì;384054;Hradištì;è.p.;10;;;39701;776279.91;1127021.57;2014-02-12T00:00:00
5513529;549240;Písek;;;;;120901;Hradištì;384054;Hradištì;è.p.;11;;;39701;776326.95;1127034.95;2014-02-12T00:00:00
5513537;549240;Písek;;;;;120901;Hradištì;384054;Hradištì;è.p.;13;;;39701;776451.66;1127104.28;2014-02-12T00:00:00
5513545;549240;Písek;;;;;120901;Hradištì;384232;Kaštanovka;è.p.;14;;;39701;776293.31;1127123.96;2014-02-12T00:00:00
5513553;549240;Písek;;;;;120901;Hradištì;384208;K Vápenici;è.p.;15;;;39701;776456.78;1127013.82;2014-02-12T00:00:00
5513561;549240;Písek;;;;;120901;Hradištì;384089;Hùrka;è.p.;16;;;39701;776406.04;1127105.90;2014-02-12T00:00:00
5513570;549240;Písek;;;;;120901;Hradištì;384089;Hùrka;è.p.;17;;;39701;776378.51;1127122.24;2014-02-12T00:00:00
5513588;549240;Písek;;;;;120901;Hradištì;384089;Hùrka;è.p.;18;;;39701;776384.72;1127134.87;2014-02-12T00:00:00
5513596;549240;Písek;;;;;120901;Hradištì;384054;Hradištì;è.p.;19;;;39701;776196.53;1126854.41;2014-02-12T00:00:00
5513600;549240;Písek;;;;;120901;Hradištì;384089;Hùrka;è.p.;20;;;39701;776290.30;1127264.11;2014-02-12T00:00:00
5513618;549240;Písek;;;;;120901;Hradištì;384054;Hradištì;è.p.;21;;;39701;776268.63;1126977.07;2014-02-12T00:00:00
5513626;549240;Písek;;;;;120901;Hradištì;384682;Ouzká;è.p.;22;;;39701;776170.00;1126999.09;2014-02-12T00:00:00
5513634;549240;Písek;;;;;120901;Hradištì;384682;Ouzká;è.p.;23;;;39701;776200.32;1127021.77;2014-02-12T00:00:00
5513642;549240;Písek;;;;;120901;Hradištì;384089;Hùrka;è.p.;24;;;39701;776357.00;1127157.00;2014-02-12T00:00:00
5513651;549240;Písek;;;;;120901;Hradištì;384682;Ouzká;è.p.;25;;;39701;776238.88;1127020.60;2014-02-12T00:00:00
5513669;549240;Písek;;;;;120901;Hradištì;384054;Hradištì;è.p.;26;;;39701;776352.82;1127040.32;2014-02-12T00:00:00
5513677;549240;Písek;;;;;120901;Hradištì;384089;Hùrka;è.p.;27;;;39701;776409.70;1127078.64;2014-02-12T00:00:00
5513685;549240;Písek;;;;;120901;Hradištì;384089;Hùrka;è.p.;28;;;39701;776362.05;1127137.06;2014-02-12T00:00:00
5513693;549240;Písek;;;;;120901;Hradištì;384054;Hradištì;è.p.;29;;;39701;776247.92;1126931.96;2014-02-12T00:00:00
5513707;549240;Písek;;;;;120901;Hradištì;384054;Hradištì;è.p.;30;;;39701;776253.11;1126913.25;2014-02-12T00:00:00
5513715;549240;Písek;;;;;120901;Hradištì;384054;Hradištì;è.p.;31;;;39701;776223.79;1126861.62;2014-02-12T00:00:00
5513723;549240;Písek;;;;;120901;Hradištì;384208;K Vápenici;è.p.;32;;;39701;776605.72;1126905.14;2014-02-12T00:00:00
5513740;549240;Písek;;;;;120901;Hradištì;384682;Ouzká;è.p.;34;;;39701;776217.27;1126996.42;2014-02-12T00:00:00
5513758;549240;Písek;;;;;120901;Hradištì;384054;Hradištì;è.p.;35;;;39701;776322.47;1127005.79;2024-10-31T00:00:00
5513766;549240;Písek;;;;;120901;Hradištì;384054;Hradištì;è.p.;36;;;39701;776293.53;1126975.52;2014-02-12T00:00:00
5513774;549240;Písek;;;;;120901;Hradištì;384054;Hradištì;è.p.;37;;;39701;776164.27;1126854.92;2014-02-12T00:00:00
5513782;549240;Písek;;;;;120901;Hradištì;384054;Hradištì;è.p.;38;;;39701;776173.85;1126862.70;2014-02-12T00:00:00
5513791;549240;Písek;;;;;120901;Hradištì;384054;Hradištì;è.p.;39;;;39701;776173.79;1126887.58;2014-02-12T00:00:00
5513804;549240;Písek;;;;;120901;Hradištì;384089;Hùrka;è.p.;40;;;39701;776340.89;1127174.69;2014-02-12T00:00:00
5513812;549240;Písek;;;;;120901;Hradištì;384682;Ouzká;è.p.;41;;;39701;776155.65;1127031.49;2014-02-12T00:00:00
5513821;549240;Písek;;;;;120901;Hradištì;384682;Ouzká;è.p.;42;;;39701;776172.60;1127029.55;2014-02-12T00:00:00
5513839;549240;Písek;;;;;120901;Hradištì;384887;Smeták;è.p.;43;;;39701;775973.24;1125906.40;2013-12-01T00:00:00
5513847;549240;Písek;;;;;120901;Hradištì;384232;Kaštanovka;è.p.;44;;;39701;776330.87;1127151.22;2014-02-12T00:00:00
5513855;549240;Písek;;;;;120901;Hradištì;383911;Drustevní;è.p.;45;;;39701;776209.22;1127074.09;2014-02-12T00:00:00
5513863;549240;Písek;;;;;120901;Hradištì;676675;Na Rozhlednì;è.p.;46;;;39701;775436.78;1126758.83;2013-12-01T00:00:00
5513898;549240;Písek;;;;;120901;Hradištì;676675;Na Rozhlednì;è.p.;49;;;39701;775478.93;1126758.62;2013-12-01T00:00:00
5513901;549240;Písek;;;;;120901;Hradištì;384232;Kaštanovka;è.p.;50;;;39701;776306.07;1127164.19;2014-02-12T00:00:00
5513910;549240;Písek;;;;;120901;Hradištì;384232;Kaštanovka;è.p.;51;;;39701;776307.62;1127176.18;2014-02-12T00:00:00
5513928;549240;Písek;;;;;120901;Hradištì;384089;Hùrka;è.p.;52;;;39701;776196.31;1127185.46;2014-02-12T00:00:00
5513944;549240;Písek;;;;;120901;Hradištì;383911;Drustevní;è.p.;54;;;39701;776247.46;1127083.19;2014-02-12T00:00:00
5513952;549240;Písek;;;;;120901;Hradištì;384089;Hùrka;è.p.;55;;;39701;776279.49;1127175.15;2014-02-12T00:00:00
5513961;549240;Písek;;;;;120901;Hradištì;676675;Na Rozhlednì;è.p.;56;;;39701;775560.66;1126736.63;2013-12-01T00:00:00
5513979;549240;Písek;;;;;120901;Hradištì;384089;Hùrka;è.p.;57;;;39701;776237.44;1127192.33;2014-02-12T00:00:00
5513987;549240;Písek;;;;;120901;Hradištì;384089;Hùrka;è.p.;58;;;39701;776293.42;1127209.62;2014-02-12T00:00:00
5513995;549240;Písek;;;;;120901;Hradištì;676675;Na Rozhlednì;è.p.;59;;;39701;775588.45;1126763.75;2013-12-01T00:00:00
5514002;549240;Písek;;;;;120901;Hradištì;676675;Na Rozhlednì;è.p.;60;;;39701;775574.62;1126736.70;2013-12-01T00:00:00
5514011;549240;Písek;;;;;120901;Hradištì;383911;Drustevní;è.p.;61;;;39701;776284.82;1127063.86;2014-02-12T00:00:00
5514029;549240;Písek;;;;;120901;Hradištì;384089;Hùrka;è.p.;62;;;39701;776273.60;1127225.04;2014-02-12T00:00:00
5514037;549240;Písek;;;;;120901;Hradištì;384089;Hùrka;è.p.;63;;;39701;776229.25;1127213.20;2014-02-12T00:00:00
5514045;549240;Písek;;;;;120901;Hradištì;384089;Hùrka;è.p.;64;;;39701;776257.83;1127198.94;2020-01-06T00:00:00
5514053;549240;Písek;;;;;120901;Hradištì;384208;K Vápenici;è.p.;65;;;39701;776507.96;1126869.00;2014-02-12T00:00:00
5514061;549240;Písek;;;;;120901;Hradištì;383911;Drustevní;è.p.;66;;;39701;776101.69;1127238.55;2025-10-20T00:00:00
5514070;549240;Písek;;;;;120901;Hradištì;384089;Hùrka;è.p.;67;;;39701;776348.53;1127191.69;2014-02-12T00:00:00
5514088;549240;Písek;;;;;120901;Hradištì;384089;Hùrka;è.p.;68;;;39701;776366.93;1127174.40;2014-02-12T00:00:00
5514096;549240;Písek;;;;;120901;Hradištì;384089;Hùrka;è.p.;69;;;39701;776372.36;1127216.06;2014-02-12T00:00:00
5514100;549240;Písek;;;;;120901;Hradištì;676675;Na Rozhlednì;è.p.;70;;;39701;775616.09;1126736.81;2013-12-01T00:00:00
5514126;549240;Písek;;;;;120901;Hradištì;384241;Ke Støelnici;è.p.;72;;;39701;776591.26;1126394.64;2014-02-12T00:00:00
5514134;549240;Písek;;;;;120901;Hradištì;676675;Na Rozhlednì;è.p.;73;;;39701;775600.37;1126736.60;2013-12-01T00:00:00
5514142;549240;Písek;;;;;120901;Hradištì;676675;Na Rozhlednì;è.p.;74;;;39701;775591.66;1126736.10;2013-12-01T00:00:00
5514151;549240;Písek;;;;;120901;Hradištì;676675;Na Rozhlednì;è.p.;75;;;39701;775523.50;1126759.48;2013-12-01T00:00:00
5514169;549240;Písek;;;;;120901;Hradištì;676675;Na Rozhlednì;è.p.;76;;;39701;775551.66;1126760.80;2013-12-01T00:00:00
5514177;549240;Písek;;;;;120901;Hradištì;676675;Na Rozhlednì;è.p.;77;;;39701;775535.62;1126761.03;2013-12-01T00:00:00
5514185;549240;Písek;;;;;120901;Hradištì;384518;Na Ryšavce;è.p.;78;;;39701;776126.20;1126591.81;2013-12-01T00:00:00
5514193;549240;Písek;;;;;120901;Hradištì;384801;Putimská Vysoká;è.p.;79;;;39701;775120.90;1128072.23;2013-12-01T00:00:00
5514207;549240;Písek;;;;;120901;Hradištì;384801;Putimská Vysoká;è.p.;80;;;39701;775107.22;1128057.29;2013-12-01T00:00:00
5514215;549240;Písek;;;;;120901;Hradištì;384089;Hùrka;è.p.;81;;;39701;776206.62;1127223.77;2024-03-08T00:00:00
5514223;549240;Písek;;;;;120901;Hradištì;384518;Na Ryšavce;è.p.;82;;;39701;776068.50;1126580.23;2013-12-01T00:00:00
5514231;549240;Písek;;;;;120901;Hradištì;714267;Šumavská;è.p.;83;;;39701;775197.46;1127943.55;2013-12-01T00:00:00
5514240;549240;Písek;;;;;120901;Hradištì;384500;Na Rozmezí;è.p.;84;;;39701;775547.56;1126696.58;2013-12-01T00:00:00
5514258;549240;Písek;;;;;120901;Hradištì;384623;Nová;è.p.;85;;;39701;775566.50;1126670.20;2013-12-01T00:00:00
5514266;549240;Písek;;;;;120901;Hradištì;384801;Putimská Vysoká;è.p.;86;;;39701;775021.34;1127514.58;2014-02-06T00:00:00
5514274;549240;Písek;;;;;120901;Hradištì;384500;Na Rozmezí;è.p.;87;;;39701;775546.73;1126684.37;2013-12-01T00:00:00
5514282;549240;Písek;;;;;120901;Hradištì;384518;Na Ryšavce;è.p.;88;;;39701;775694.98;1126716.66;2013-12-01T00:00:00
5514291;549240;Písek;;;;;120901;Hradištì;384194;K Lipám;è.p.;89;;;39701;775683.61;1127042.26;2013-12-01T00:00:00
5514304;549240;Písek;;;;;120901;Hradištì;384194;K Lipám;è.p.;90;;;39701;775708.61;1127077.66;2013-12-01T00:00:00
5514312;549240;Písek;;;;;120901;Hradištì;676675;Na Rozhlednì;è.p.;91;;;39701;775835.97;1126658.71;2013-12-01T00:00:00
5514321;549240;Písek;;;;;120901;Hradištì;384194;K Lipám;è.p.;92;;;39701;775743.20;1127114.24;2013-12-01T00:00:00
5514339;549240;Písek;;;;;120901;Hradištì;384682;Ouzká;è.p.;93;;;39701;776137.63;1127031.81;2014-02-12T00:00:00
5514347;549240;Písek;;;;;120901;Hradištì;384194;K Lipám;è.p.;94;;;39701;775786.45;1127160.41;2013-12-01T00:00:00
5514355;549240;Písek;;;;;120901;Hradištì;384801;Putimská Vysoká;è.p.;95;;;39701;775046.37;1127983.55;2013-12-01T00:00:00
5514363;549240;Písek;;;;;120901;Hradištì;384194;K Lipám;è.p.;96;;;39701;775595.46;1126917.13;2013-12-01T00:00:00
5514371;549240;Písek;;;;;120901;Hradištì;384194;K Lipám;è.p.;97;;;39701;775605.23;1126932.83;2013-12-01T00:00:00
5514380;549240;Písek;;;;;120901;Hradištì;384194;K Lipám;è.p.;98;;;39701;775611.10;1126944.89;2013-12-01T00:00:00
5514398;549240;Písek;;;;;120901;Hradištì;384623;Nová;è.p.;99;;;39701;775576.22;1126636.36;2013-12-01T00:00:00
5514401;549240;Písek;;;;;120901;Hradištì;384500;Na Rozmezí;è.p.;100;;;39701;775551.75;1126522.35;2013-12-01T00:00:00
5514410;549240;Písek;;;;;120901;Hradištì;384500;Na Rozmezí;è.p.;101;;;39701;775550.05;1126649.92;2013-12-01T00:00:00
5514428;549240;Písek;;;;;120901;Hradištì;384241;Ke Støelnici;è.p.;102;;;39701;776267.15;1126750.10;2014-02-12T00:00:00
5514436;549240;Písek;;;;;120901;Hradištì;384518;Na Ryšavce;è.p.;103;;;39701;775981.39;1126605.68;2013-12-01T00:00:00
5514444;549240;Písek;;;;;120901;Hradištì;384194;K Lipám;è.p.;104;;;39701;775830.14;1127194.13;2013-12-01T00:00:00
5514452;549240;Písek;;;;;120901;Hradištì;384623;Nová;è.p.;105;;;39701;775599.23;1126625.41;2013-12-01T00:00:00
5514479;549240;Písek;;;;;120901;Hradištì;384518;Na Ryšavce;è.p.;107;;;39701;775663.24;1126683.26;2013-12-01T00:00:00
5514487;549240;Písek;;;;;120901;Hradištì;384500;Na Rozmezí;è.p.;108;;;39701;775551.18;1126494.37;2013-12-01T00:00:00
5514495;549240;Písek;;;;;120901;Hradištì;384623;Nová;è.p.;109;;;39701;775630.50;1126638.18;2013-12-01T00:00:00
5514509;549240;Písek;;;;;120901;Hradištì;384623;Nová;è.p.;110;;;39701;775579.88;1126663.71;2013-12-01T00:00:00
5514517;549240;Písek;;;;;120901;Hradištì;384623;Nová;è.p.;111;;;39701;775574.11;1126666.15;2013-12-01T00:00:00
5514525;549240;Písek;;;;;120901;Hradištì;384623;Nová;è.p.;112;;;39701;775710.26;1126601.18;2013-12-01T00:00:00
5514533;549240;Písek;;;;;120901;Hradištì;384518;Na Ryšavce;è.p.;113;;;39701;776034.84;1126638.20;2013-12-01T00:00:00
5514541;549240;Písek;;;;;120901;Hradištì;384623;Nová;è.p.;114;;;39701;775614.05;1126618.34;2013-12-01T00:00:00
5514550;549240;Písek;;;;;120901;Hradištì;384500;Na Rozmezí;è.p.;115;;;39701;775549.42;1126615.97;2013-12-01T00:00:00
5514568;549240;Písek;;;;;120901;Hradištì;384194;K Lipám;è.p.;116;;;39701;775739.61;1127108.20;2013-12-01T00:00:00
5514576;549240;Písek;;;;;120901;Hradištì;384623;Nová;è.p.;117;;;39701;775601.06;1126668.31;2013-12-01T00:00:00
5514584;549240;Písek;;;;;120901;Hradištì;384518;Na Ryšavce;è.p.;118;;;39701;776250.43;1126708.19;2013-12-01T00:00:00
5514592;549240;Písek;;;;;120901;Hradištì;384241;Ke Støelnici;è.p.;119;;;39701;776321.59;1126682.13;2014-02-12T00:00:00
5514606;549240;Písek;;;;;120901;Hradištì;384089;Hùrka;è.p.;120;;;39701;776185.17;1127243.53;2014-02-12T00:00:00
5514614;549240;Písek;;;;;120901;Hradištì;384054;Hradištì;è.p.;121;;;39701;776399.81;1127227.78;2014-02-12T00:00:00
5514622;549240;Písek;;;;;120901;Hradištì;384623;Nová;è.p.;122;;;39701;775633.41;1126608.54;2013-12-01T00:00:00
5514631;549240;Písek;;;;;120901;Hradištì;384500;Na Rozmezí;è.p.;123;;;39701;775551.10;1126546.41;2013-12-01T00:00:00
5514649;549240;Písek;;;;;120901;Hradištì;384518;Na Ryšavce;è.p.;124;;;39701;775714.46;1126642.50;2013-12-01T00:00:00
5514657;549240;Písek;;;;;120901;Hradištì;384518;Na Ryšavce;è.p.;125;;;39701;775740.88;1126660.91;2013-12-01T00:00:00
5514665;549240;Písek;;;;;120901;Hradištì;384518;Na Ryšavce;è.p.;126;;;39701;775793.91;1126681.41;2013-12-01T00:00:00
5514673;549240;Písek;;;;;120901;Hradištì;384623;Nová;è.p.;127;;;39701;775668.90;1126590.21;2013-12-01T00:00:00
5514681;549240;Písek;;;;;120901;Hradištì;384518;Na Ryšavce;è.p.;128;;;39701;775765.28;1126656.20;2013-12-01T00:00:00
5514690;549240;Písek;;;;;120901;Hradištì;385573;V Lukách;è.p.;129;;;39701;775955.09;1126658.18;2013-12-01T00:00:00
5514703;549240;Písek;;;;;120901;Hradištì;384241;Ke Støelnici;è.p.;130;;;39701;776150.61;1126783.70;2014-02-12T00:00:00
5514711;549240;Písek;;;;;120901;Hradištì;385573;V Lukách;è.p.;131;;;39701;775849.43;1126556.46;2013-12-01T00:00:00
5514720;549240;Písek;;;;;120901;Hradištì;384194;K Lipám;è.p.;132;;;39701;775533.05;1126820.75;2013-12-01T00:00:00
5514746;549240;Písek;;;;;120901;Hradištì;384241;Ke Støelnici;è.p.;134;;;39701;776181.79;1126771.84;2014-02-12T00:00:00
5514754;549240;Písek;;;;;120901;Hradištì;384518;Na Ryšavce;è.p.;135;;;39701;776083.19;1126509.63;2013-12-01T00:00:00
5514762;549240;Písek;;;;;120901;Hradištì;384518;Na Ryšavce;è.p.;136;;;39701;775878.95;1126593.30;2013-12-01T00:00:00
5514771;549240;Písek;;;;;120901;Hradištì;384518;Na Ryšavce;è.p.;137;;;39701;776270.00;1126723.57;2013-12-01T00:00:00
5514789;549240;Písek;;;;;120901;Hradištì;384518;Na Ryšavce;è.p.;138;;;39701;776240.34;1126689.19;2013-12-01T00:00:00
5514797;549240;Písek;;;;;120901;Hradištì;714267;Šumavská;è.p.;139;;;39701;775059.26;1127996.57;2013-12-01T00:00:00
5514801;549240;Písek;;;;;120901;Hradištì;385573;V Lukách;è.p.;140;;;39701;775902.72;1126674.53;2013-12-01T00:00:00
5514819;549240;Písek;;;;;120901;Hradištì;384241;Ke Støelnici;è.p.;141;;;39701;776317.21;1126702.48;2014-02-12T00:00:00
5514827;549240;Písek;;;;;120901;Hradištì;384623;Nová;è.p.;142;;;39701;775822.79;1126567.63;2013-12-01T00:00:00
5514835;549240;Písek;;;;;120901;Hradištì;384518;Na Ryšavce;è.p.;144;;;39701;776266.31;1126632.96;2013-12-01T00:00:00
5514843;549240;Písek;;;;;120901;Hradištì;384518;Na Ryšavce;è.p.;145;;;39701;776244.07;1126621.69;2013-12-01T00:00:00
5514851;549240;Písek;;;;;120901;Hradištì;384623;Nová;è.p.;146;;;39701;775648.95;1126628.70;2013-12-01T00:00:00
5514860;549240;Písek;;;;;120901;Hradištì;384801;Putimská Vysoká;è.p.;147;;;39701;775094.31;1128041.10;2013-12-01T00:00:00
5514878;549240;Písek;;;;;120901;Hradištì;384623;Nová;è.p.;148;;;39701;775759.40;1126543.05;2013-12-01T00:00:00
5514886;549240;Písek;;;;;120901;Hradištì;384194;K Lipám;è.p.;149;;;39701;775697.40;1127029.51;2013-12-01T00:00:00
5514894;549240;Písek;;;;;120901;Hradištì;384623;Nová;è.p.;150;;;39701;775763.39;1126572.81;2013-12-01T00:00:00
5514908;549240;Písek;;;;;120901;Hradištì;384623;Nová;è.p.;151;;;39701;775739.36;1126552.78;2013-12-01T00:00:00
5514916;549240;Písek;;;;;120901;Hradištì;384518;Na Ryšavce;è.p.;152;;;39701;775978.23;1126629.52;2013-12-01T00:00:00
5514924;549240;Písek;;;;;120901;Hradištì;384623;Nová;è.p.;153;;;39701;775611.63;1126648.50;2013-12-01T00:00:00
5514932;549240;Písek;;;;;120901;Hradištì;384623;Nová;è.p.;154;;;39701;775781.41;1126561.16;2013-12-01T00:00:00
5514941;549240;Písek;;;;;120901;Hradištì;384623;Nová;è.p.;155;;;39701;775814.99;1126517.33;2025-03-13T00:00:00
5514959;549240;Písek;;;;;120901;Hradištì;385573;V Lukách;è.p.;156;;;39701;775935.44;1126651.49;2013-12-01T00:00:00
5514967;549240;Písek;;;;;120901;Hradištì;384518;Na Ryšavce;è.p.;157;;;39701;775943.32;1126625.57;2013-12-01T00:00:00
5514975;549240;Písek;;;;;120901;Hradištì;384241;Ke Støelnici;è.p.;158;;;39701;776366.46;1126605.53;2014-02-12T00:00:00
5514983;549240;Písek;;;;;120901;Hradištì;676675;Na Rozhlednì;è.p.;159;;;39701;775612.06;1126762.21;2025-03-20T00:00:00
5514991;549240;Písek;;;;;120901;Hradištì;384623;Nová;è.p.;160;;;39701;775746.73;1126581.36;2013-12-01T00:00:00
5515009;549240;Písek;;;;;120901;Hradištì;384518;Na Ryšavce;è.p.;161;;;39701;775785.80;1126653.26;2013-12-01T00:00:00
5515017;549240;Písek;;;;;120901;Hradištì;676675;Na Rozhlednì;è.p.;162;;;39701;775973.28;1126690.30;2013-12-01T00:00:00
5515025;549240;Písek;;;;;120901;Hradištì;384518;Na Ryšavce;è.p.;163;;;39701;775813.61;1126635.58;2013-12-01T00:00:00
5515033;549240;Písek;;;;;120901;Hradištì;384518;Na Ryšavce;è.p.;164;;;39701;775657.07;1126705.30;2024-11-27T00:00:00
5515041;549240;Písek;;;;;120901;Hradištì;384241;Ke Støelnici;è.p.;165;;;39701;776236.24;1126748.70;2014-02-12T00:00:00
5515050;549240;Písek;;;;;120901;Hradištì;384518;Na Ryšavce;è.p.;166;;;39701;775834.26;1126615.26;2013-12-01T00:00:00
5515068;549240;Písek;;;;;120901;Hradištì;384518;Na Ryšavce;è.p.;167;;;39701;776171.65;1126616.09;2013-12-01T00:00:00
5515076;549240;Písek;;;;;120901;Hradištì;384623;Nová;è.p.;168;;;39701;775780.98;1126531.83;2013-12-01T00:00:00
5515084;549240;Písek;;;;;120901;Hradištì;676675;Na Rozhlednì;è.p.;169;;;39701;775771.52;1126686.98;2013-12-01T00:00:00
5515106;549240;Písek;;;;;120901;Hradištì;384500;Na Rozmezí;è.p.;171;;;39701;775553.49;1126562.20;2013-12-01T00:00:00
5515114;549240;Písek;;;;;120901;Hradištì;676675;Na Rozhlednì;è.p.;172;;;39701;775640.09;1126728.71;2013-12-01T00:00:00
5515122;549240;Písek;;;;;120901;Hradištì;385573;V Lukách;è.p.;173;;;39701;775852.69;1126529.74;2013-12-01T00:00:00
5515131;549240;Písek;;;;;120901;Hradištì;384241;Ke Støelnici;è.p.;174;;;39701;776354.30;1126628.53;2014-02-12T00:00:00
5515149;549240;Písek;;;;;120901;Hradištì;384194;K Lipám;è.p.;175;;;39701;775665.59;1127017.20;2013-12-01T00:00:00
5515157;549240;Písek;;;;;120901;Hradištì;385573;V Lukách;è.p.;176;;;39701;775877.56;1126512.73;2013-12-01T00:00:00
5515165;549240;Písek;;;;;120901;Hradištì;384623;Nová;è.p.;177;;;39701;775725.69;1126591.98;2013-12-01T00:00:00
5515173;549240;Písek;;;;;120901;Hradištì;384500;Na Rozmezí;è.p.;178;;;39701;775554.50;1126581.55;2013-12-01T00:00:00
5515181;549240;Písek;;;;;120901;Hradištì;384518;Na Ryšavce;è.p.;179;;;39701;776033.80;1126586.75;2013-12-01T00:00:00
5515190;549240;Písek;;;;;120901;Hradištì;385573;V Lukách;è.p.;180;;;39701;775851.53;1126593.08;2013-12-01T00:00:00
5515203;549240;Písek;;;;;120901;Hradištì;384518;Na Ryšavce;è.p.;181;;;39701;775802.04;1126647.64;2013-12-01T00:00:00
5515211;549240;Písek;;;;;120901;Hradištì;384518;Na Ryšavce;è.p.;182;;;39701;775901.82;1126620.55;2013-12-01T00:00:00
5515220;549240;Písek;;;;;120901;Hradištì;384054;Hradištì;è.p.;183;;;39701;776265.44;1127309.48;2014-02-12T00:00:00
5515238;549240;Písek;;;;;120901;Hradištì;384241;Ke Støelnici;è.p.;184;;;39701;776191.39;1126817.14;2014-02-12T00:00:00
5515246;549240;Písek;;;;;120901;Hradištì;384518;Na Ryšavce;è.p.;185;;;39701;776223.96;1126720.85;2013-12-01T00:00:00
5515254;549240;Písek;;;;;120901;Hradištì;383911;Drustevní;è.p.;186;;;39701;776234.40;1127059.65;2014-02-12T00:00:00
5515262;549240;Písek;;;;;120901;Hradištì;383911;Drustevní;è.p.;187;;;39701;776243.83;1127054.40;2014-02-12T00:00:00
5515271;549240;Písek;;;;;120901;Hradištì;384518;Na Ryšavce;è.p.;188;;;39701;776192.18;1126626.28;2013-12-01T00:00:00
5515289;549240;Písek;;;;;120901;Hradištì;384241;Ke Støelnici;è.p.;189;;;39701;776213.10;1126763.16;2014-02-12T00:00:00
5515297;549240;Písek;;;;;120901;Hradištì;384518;Na Ryšavce;è.p.;190;;;39701;776216.22;1126624.13;2013-12-01T00:00:00
5515301;549240;Písek;;;;;120901;Hradištì;384241;Ke Støelnici;è.p.;191;;;39701;776391.88;1126625.68;2014-02-12T00:00:00
5515319;549240;Písek;;;;;120901;Hradištì;384241;Ke Støelnici;è.p.;192;;;39701;776413.27;1126590.32;2014-02-12T00:00:00
5515327;549240;Písek;;;;;120901;Hradištì;384623;Nová;è.p.;193;;;39701;775665.51;1126619.99;2013-12-01T00:00:00
5515335;549240;Písek;;;;;120901;Hradištì;384623;Nová;è.p.;194;;;39701;775694.29;1126610.42;2013-12-01T00:00:00
5515343;549240;Písek;;;;;120901;Hradištì;384518;Na Ryšavce;è.p.;195;;;39701;776197.92;1126659.93;2013-12-01T00:00:00
5515351;549240;Písek;;;;;120901;Hradištì;384241;Ke Støelnici;è.p.;196;;;39701;776404.43;1126608.46;2014-02-12T00:00:00
5515360;549240;Písek;;;;;120901;Hradištì;676675;Na Rozhlednì;è.p.;197;;;39701;775865.47;1126675.87;2013-12-01T00:00:00
5515378;549240;Písek;;;;;120901;Hradištì;384241;Ke Støelnici;è.p.;198;;;39701;776431.25;1126565.99;2014-02-12T00:00:00
5515386;549240;Písek;;;;;120901;Hradištì;384518;Na Ryšavce;è.p.;199;;;39701;775870.03;1126638.94;2013-12-01T00:00:00
5515394;549240;Písek;;;;;120901;Hradištì;384241;Ke Støelnici;è.p.;200;;;39701;776252.98;1126804.75;2014-02-12T00:00:00
5515408;549240;Písek;;;;;120901;Hradištì;384518;Na Ryšavce;è.p.;201;;;39701;776149.25;1126617.03;2013-12-01T00:00:00
5515416;549240;Písek;;;;;120901;Hradištì;384518;Na Ryšavce;è.p.;202;;;39701;775899.15;1126591.63;2013-12-01T00:00:00
5515424;549240;Písek;;;;;120901;Hradištì;384518;Na Ryšavce;è.p.;203;;;39701;775906.77;1126592.57;2013-12-01T00:00:00
5515432;549240;Písek;;;;;120901;Hradištì;384518;Na Ryšavce;è.p.;204;;;39701;775914.40;1126593.21;2013-12-01T00:00:00
5515441;549240;Písek;;;;;120901;Hradištì;384518;Na Ryšavce;è.p.;205;;;39701;775921.84;1126593.90;2013-12-01T00:00:00
5515459;549240;Písek;;;;;120901;Hradištì;384518;Na Ryšavce;è.p.;206;;;39701;775929.52;1126595.01;2013-12-01T00:00:00
5515467;549240;Písek;;;;;120901;Hradištì;384518;Na Ryšavce;è.p.;207;;;39701;775937.35;1126595.27;2013-12-01T00:00:00
5515475;549240;Písek;;;;;120901;Hradištì;384241;Ke Støelnici;è.p.;208;;;39701;776379.54;1126662.11;2014-02-12T00:00:00
5515483;549240;Písek;;;;;120901;Hradištì;384500;Na Rozmezí;è.p.;209;;;39701;775575.72;1126460.12;2013-12-01T00:00:00
5515491;549240;Písek;;;;;120901;Hradištì;384518;Na Ryšavce;è.p.;210;;;39701;775702.88;1126665.08;2013-12-01T00:00:00
5515505;549240;Písek;;;;;120901;Hradištì;385573;V Lukách;è.p.;211;;;39701;775879.87;1126548.54;2013-12-01T00:00:00
5515513;549240;Písek;;;;;120901;Hradištì;676675;Na Rozhlednì;è.p.;212;;;39701;775997.03;1126692.90;2013-12-01T00:00:00
5515521;549240;Písek;;;;;120901;Hradištì;676675;Na Rozhlednì;è.p.;213;;;39701;776009.03;1126694.97;2013-12-01T00:00:00
5515530;549240;Písek;;;;;120901;Hradištì;384241;Ke Støelnici;è.p.;214;;;39701;776302.42;1126643.09;2014-02-12T00:00:00
5515548;549240;Písek;;;;;120901;Hradištì;384682;Ouzká;è.p.;215;;;39701;776140.09;1127008.34;2014-02-12T00:00:00
5515556;549240;Písek;;;;;120901;Hradištì;384186;K Hájeèku;è.p.;216;;;39701;776448.68;1126747.61;2013-12-01T00:00:00
5515564;549240;Písek;;;;;120901;Hradištì;384186;K Hájeèku;è.p.;217;;;39701;776448.85;1126773.31;2013-12-01T00:00:00
5515572;549240;Písek;;;;;120901;Hradištì;384186;K Hájeèku;è.p.;218;;;39701;776448.45;1126798.38;2013-12-01T00:00:00
5515581;549240;Písek;;;;;120901;Hradištì;384186;K Hájeèku;è.p.;219;;;39701;776448.51;1126823.80;2013-12-01T00:00:00
5515599;549240;Písek;;;;;120901;Hradištì;384186;K Hájeèku;è.p.;220;;;39701;776448.39;1126849.85;2013-12-01T00:00:00
5515602;549240;Písek;;;;;120901;Hradištì;384186;K Hájeèku;è.p.;221;;;39701;776419.33;1126867.34;2013-12-01T00:00:00
5515611;549240;Písek;;;;;120901;Hradištì;384186;K Hájeèku;è.p.;222;;;39701;776393.84;1126867.47;2013-12-01T00:00:00
5515629;549240;Písek;;;;;120901;Hradištì;384682;Ouzká;è.p.;223;;;39701;776025.92;1127085.18;2014-02-12T00:00:00
5515637;549240;Písek;;;;;120901;Hradištì;384186;K Hájeèku;è.p.;224;;;39701;776364.34;1126849.83;2013-12-01T00:00:00
5515645;549240;Písek;;;;;120901;Hradištì;385361;Zahradní;è.p.;225;;;39701;776299.23;1126874.78;2013-12-01T00:00:00
5515653;549240;Písek;;;;;120901;Hradištì;385361;Zahradní;è.p.;226;;;39701;776299.14;1126850.67;2013-12-01T00:00:00
5515661;549240;Písek;;;;;120901;Hradištì;385361;Zahradní;è.p.;227;;;39701;776298.97;1126825.86;2013-12-01T00:00:00
5515670;549240;Písek;;;;;120901;Hradištì;385361;Zahradní;è.p.;228;;;39701;776300.19;1126799.38;2013-12-01T00:00:00
5515688;549240;Písek;;;;;120901;Hradištì;384241;Ke Støelnici;è.p.;229;;;39701;776329.22;1126780.52;2013-12-01T00:00:00
5515696;549240;Písek;;;;;120901;Hradištì;384241;Ke Støelnici;è.p.;230;;;39701;776376.48;1126765.15;2013-12-01T00:00:00
5515700;549240;Písek;;;;;120901;Hradištì;384186;K Hájeèku;è.p.;231;;;39701;776411.27;1126734.88;2013-12-01T00:00:00
5515718;549240;Písek;;;;;120901;Hradištì;384186;K Hájeèku;è.p.;232;;;39701;776382.04;1126720.14;2013-12-01T00:00:00
5515726;549240;Písek;;;;;120901;Hradištì;384186;K Hájeèku;è.p.;233;;;39701;776357.99;1126720.31;2013-12-01T00:00:00
5515734;549240;Písek;;;;;120901;Hradištì;384054;Hradištì;è.p.;234;;;39701;776238.10;1126884.98;2014-02-12T00:00:00
5515742;549240;Písek;;;;;120901;Hradištì;384518;Na Ryšavce;è.p.;235;;;39701;776104.31;1126550.57;2013-12-01T00:00:00
5515751;549240;Písek;;;;;120901;Hradištì;384518;Na Ryšavce;è.p.;236;;;39701;775724.03;1126699.61;2013-12-01T00:00:00
5515769;549240;Písek;;;;;120901;Hradištì;383911;Drustevní;è.p.;237;;;39701;776206.93;1127152.81;2014-02-12T00:00:00
5515777;549240;Písek;;;;;120901;Hradištì;714267;Šumavská;è.p.;238;;;39701;775118.07;1127987.14;2013-12-01T00:00:00
5515785;549240;Písek;;;;;120901;Hradištì;384241;Ke Støelnici;è.p.;239;;;39701;776370.31;1126680.68;2014-02-12T00:00:00
5515793;549240;Písek;;;;;120901;Hradištì;384241;Ke Støelnici;è.p.;240;;;39701;776388.11;1126644.35;2014-02-12T00:00:00
5515807;549240;Písek;;;;;120901;Hradištì;384518;Na Ryšavce;è.p.;241;;;39701;776158.54;1126677.40;2013-12-01T00:00:00
5515815;549240;Písek;;;;;120901;Hradištì;384241;Ke Støelnici;è.p.;242;;;39701;776900.01;1126574.24;2014-02-12T00:00:00
5515823;549240;Písek;;;;;120901;Hradištì;384518;Na Ryšavce;è.p.;243;;;39701;776095.27;1126530.74;2013-12-01T00:00:00
5515831;549240;Písek;;;;;120901;Hradištì;384194;K Lipám;è.p.;244;;;39701;775593.84;1126891.28;2013-12-01T00:00:00
5515840;549240;Písek;;;;;120901;Hradištì;384241;Ke Støelnici;è.p.;245;;;39701;776308.92;1126665.02;2014-02-12T00:00:00
5515858;549240;Písek;;;;;120901;Hradištì;384232;Kaštanovka;è.p.;246;;;39701;776338.10;1127117.90;2014-02-12T00:00:00
5515866;549240;Písek;;;;;120901;Hradištì;384682;Ouzká;è.p.;247;;;39701;776103.19;1127015.00;2014-02-12T00:00:00
5515874;549240;Písek;;;;;120901;Hradištì;384518;Na Ryšavce;è.p.;248;;;39701;775823.10;1126626.13;2013-12-01T00:00:00
5515882;549240;Písek;;;;;120901;Hradištì;384623;Nová;è.p.;249;;;39701;775680.39;1126615.35;2013-12-01T00:00:00
5515891;549240;Písek;;;;;120901;Hradištì;384518;Na Ryšavce;è.p.;250;;;39701;776108.41;1126572.92;2013-12-01T00:00:00
5515904;549240;Písek;;;;;120901;Hradištì;385492;U Hradišského lesa;è.p.;251;;;39701;776051.32;1126478.85;2013-12-01T00:00:00
5515912;549240;Písek;;;;;120901;Hradištì;383911;Drustevní;è.p.;252;;;39701;776175.31;1127195.15;2014-02-12T00:00:00
5515921;549240;Písek;;;;;120901;Hradištì;384089;Hùrka;è.p.;253;;;39701;776159.55;1127240.33;2014-02-12T00:00:00
5515939;549240;Písek;;;;;120901;Hradištì;384518;Na Ryšavce;è.p.;254;;;39701;776109.89;1126648.65;2013-12-01T00:00:00
5515947;549240;Písek;;;;;120901;Hradištì;385204;Pod Školkou;è.p.;255;;;39701;776073.92;1126648.49;2013-12-01T00:00:00
5515955;549240;Písek;;;;;120901;Hradištì;385204;Pod Školkou;è.p.;256;;;39701;776084.41;1126688.75;2013-12-01T00:00:00
5515963;549240;Písek;;;;;120901;Hradištì;714267;Šumavská;è.p.;257;;;39701;775157.67;1127946.11;2013-12-01T00:00:00
5515971;549240;Písek;;;;;120901;Hradištì;385204;Pod Školkou;è.p.;258;;;39701;776062.91;1126663.26;2013-12-01T00:00:00
5515980;549240;Písek;;;;;120901;Hradištì;385204;Pod Školkou;è.p.;259;;;39701;776098.29;1126667.15;2013-12-01T00:00:00
5515998;549240;Písek;;;;;120901;Hradištì;385204;Pod Školkou;è.p.;260;;;39701;776051.75;1126678.16;2013-12-01T00:00:00
5516005;549240;Písek;;;;;120901;Hradištì;385204;Pod Školkou;è.p.;261;;;39701;776050.57;1126706.29;2013-12-01T00:00:00
5516013;549240;Písek;;;;;120901;Hradištì;385204;Pod Školkou;è.p.;262;;;39701;776068.75;1126656.15;2013-12-01T00:00:00
5516021;549240;Písek;;;;;120901;Hradištì;385204;Pod Školkou;è.p.;263;;;39701;776079.38;1126640.38;2013-12-01T00:00:00
5516030;549240;Písek;;;;;120901;Hradištì;383911;Drustevní;è.p.;264;;;39701;776234.73;1127147.07;2014-02-12T00:00:00
5516048;549240;Písek;;;;;120901;Hradištì;385204;Pod Školkou;è.p.;265;;;39701;776026.39;1126696.61;2013-12-01T00:00:00
5516056;549240;Písek;;;;;120901;Hradištì;385204;Pod Školkou;è.p.;266;;;39701;776107.94;1126740.45;2013-12-01T00:00:00
5516064;549240;Písek;;;;;120901;Hradištì;385204;Pod Školkou;è.p.;267;;;39701;776130.10;1126711.94;2021-08-27T00:00:00
5516072;549240;Písek;;;;;120901;Hradištì;384518;Na Ryšavce;è.p.;268;;;39701;775740.77;1126696.78;2013-12-01T00:00:00
5516081;549240;Písek;;;;;120901;Hradištì;385204;Pod Školkou;è.p.;269;;;39701;776100.65;1126736.34;2013-12-01T00:00:00
5516099;549240;Písek;;;;;120901;Hradištì;385204;Pod Školkou;è.p.;270;;;39701;776042.51;1126702.84;2013-12-01T00:00:00
5516102;549240;Písek;;;;;120901;Hradištì;385204;Pod Školkou;è.p.;271;;;39701;776093.83;1126731.82;2013-12-01T00:00:00
5516111;549240;Písek;;;;;120901;Hradištì;385204;Pod Školkou;è.p.;272;;;39701;776079.94;1126722.22;2013-12-01T00:00:00
5516129;549240;Písek;;;;;120901;Hradištì;385204;Pod Školkou;è.p.;273;;;39701;776072.46;1126717.89;2013-12-01T00:00:00
5516137;549240;Písek;;;;;120901;Hradištì;385204;Pod Školkou;è.p.;274;;;39701;776058.72;1126709.25;2013-12-01T00:00:00
5516145;549240;Písek;;;;;120901;Hradištì;385204;Pod Školkou;è.p.;275;;;39701;776086.80;1126727.24;2013-12-01T00:00:00
5516153;549240;Písek;;;;;120901;Hradištì;385204;Pod Školkou;è.p.;276;;;39701;776057.47;1126670.54;2013-12-01T00:00:00
5516161;549240;Písek;;;;;120901;Hradištì;384682;Ouzká;è.p.;277;;;39701;775884.71;1127160.03;2014-02-12T00:00:00
5516170;549240;Písek;;;;;120901;Hradištì;385204;Pod Školkou;è.p.;278;;;39701;776099.85;1126697.22;2013-12-01T00:00:00
5516188;549240;Písek;;;;;120901;Hradištì;385204;Pod Školkou;è.p.;279;;;39701;776112.52;1126707.06;2013-12-01T00:00:00
5516196;549240;Písek;;;;;120901;Hradištì;384682;Ouzká;è.p.;280;;;39701;775932.94;1127154.33;2014-02-12T00:00:00
5516200;549240;Písek;;;;;120901;Hradištì;384194;K Lipám;è.p.;281;;;39701;775646.52;1126945.28;2013-12-01T00:00:00
5516218;549240;Písek;;;;;120901;Hradištì;676675;Na Rozhlednì;è.p.;282;;;39701;775635.76;1126776.19;2013-12-01T00:00:00
5516226;549240;Písek;;;;;120901;Hradištì;384194;K Lipám;è.p.;283;;;39701;775656.56;1126957.55;2013-12-01T00:00:00
5516234;549240;Písek;;;;;120901;Hradištì;714275;Lomená;è.p.;284;;;39701;775048.36;1127860.57;2013-12-01T00:00:00
5516242;549240;Písek;;;;;120901;Hradištì;385204;Pod Školkou;è.p.;286;;;39701;776121.99;1126749.65;2013-12-01T00:00:00
5516251;549240;Písek;;;;;120901;Hradištì;384194;K Lipám;è.p.;287;;;39701;775621.42;1126962.70;2013-12-01T00:00:00
5516269;549240;Písek;;;;;120901;Hradištì;678856;Okruní;è.p.;289;;;39701;775610.52;1126467.88;2013-12-01T00:00:00
5516277;549240;Písek;;;;;120901;Hradištì;714275;Lomená;è.p.;290;;;39701;775050.89;1127915.28;2013-12-01T00:00:00
5516285;549240;Písek;;;;;120901;Hradištì;678856;Okruní;è.p.;292;;;39701;775647.08;1126496.27;2013-12-01T00:00:00
5516293;549240;Písek;;;;;120901;Hradištì;678856;Okruní;è.p.;293;;;39701;775646.63;1126487.74;2013-12-01T00:00:00
5516307;549240;Písek;;;;;120901;Hradištì;385239;V Oudolí;è.p.;294;;;39701;775744.35;1126495.49;2013-12-01T00:00:00
5516315;549240;Písek;;;;;120901;Hradištì;714283;V Zátiší;è.p.;295;;;39701;775014.46;1127940.81;2013-12-01T00:00:00
5516323;549240;Písek;;;;;120901;Hradištì;385239;V Oudolí;è.p.;296;;;39701;775682.92;1126518.12;2013-12-01T00:00:00
5516331;549240;Písek;;;;;120901;Hradištì;385573;V Lukách;è.p.;297;;;39701;775843.07;1126427.14;2013-12-01T00:00:00
5516340;549240;Písek;;;;;120901;Hradištì;385573;V Lukách;è.p.;298;;;39701;775884.59;1126461.98;2013-12-01T00:00:00
5516358;549240;Písek;;;;;120901;Hradištì;384682;Ouzká;è.p.;299;;;39701;775883.17;1127097.02;2014-02-12T00:00:00
5516366;549240;Písek;;;;;120901;Hradištì;714275;Lomená;è.p.;300;;;39701;775037.07;1127893.72;2013-12-01T00:00:00
5516374;549240;Písek;;;;;120901;Hradištì;385204;Pod Školkou;è.p.;301;;;39701;776034.08;1126699.80;2013-12-01T00:00:00
5516382;549240;Písek;;;;;120901;Hradištì;385239;V Oudolí;è.p.;303;;;39701;775759.92;1126485.32;2013-12-01T00:00:00
5516391;549240;Písek;;;;;120901;Hradištì;385573;V Lukách;è.p.;304;;;39701;775673.95;1126426.58;2013-12-01T00:00:00
5516404;549240;Písek;;;;;120901;Hradištì;;;è.ev.;1;;;39701;777032.45;1127316.26;2014-02-12T00:00:00
5516412;549240;Písek;;;;;120901;Hradištì;;;è.ev.;2;;;39701;776993.46;1127292.86;2014-02-12T00:00:00
5516421;549240;Písek;;;;;120901;Hradištì;;;è.ev.;3;;;39701;776973.58;1127301.67;2014-02-12T00:00:00
5516439;549240;Písek;;;;;120901;Hradištì;;;è.ev.;4;;;39701;776960.65;1127318.21;2014-02-12T00:00:00
5516455;549240;Písek;;;;;120901;Hradištì;;;è.ev.;6;;;39701;776878.92;1127341.85;2014-02-12T00:00:00
5516471;549240;Písek;;;;;120901;Hradištì;;;è.ev.;8;;;39701;776828.19;1127385.37;2014-02-12T00:00:00
5516480;549240;Písek;;;;;120901;Hradištì;;;è.ev.;9;;;39701;776814.73;1127410.01;2014-02-12T00:00:00
5516498;549240;Písek;;;;;120901;Hradištì;;;è.ev.;10;;;39701;776759.00;1127453.44;2014-02-12T00:00:00
5516501;549240;Písek;;;;;120901;Hradištì;;;è.ev.;11;;;39701;776764.68;1127418.39;2014-02-12T00:00:00
5516510;549240;Písek;;;;;120901;Hradištì;;;è.ev.;12;;;39701;776736.95;1127455.01;2014-02-12T00:00:00
5516528;549240;Písek;;;;;120901;Hradištì;;;è.ev.;13;;;39701;776710.25;1127460.31;2014-02-12T00:00:00
5516536;549240;Písek;;;;;120901;Hradištì;;;è.ev.;14;;;39701;776697.47;1127481.58;2014-02-12T00:00:00
5516544;549240;Písek;;;;;120901;Hradištì;;;è.ev.;15;;;39701;776686.10;1127494.17;2014-02-12T00:00:00
5516552;549240;Písek;;;;;120901;Hradištì;;;è.ev.;16;;;39701;776673.95;1127508.59;2014-02-12T00:00:00
5516561;549240;Písek;;;;;120901;Hradištì;;;è.ev.;17;;;39701;776725.53;1127493.22;2014-02-12T00:00:00
5516579;549240;Písek;;;;;120901;Hradištì;;;è.ev.;18;;;39701;776704.64;1127514.59;2014-02-12T00:00:00
5516587;549240;Písek;;;;;120901;Hradištì;;;è.ev.;19;;;39701;776694.60;1127565.12;2014-02-12T00:00:00
5516595;549240;Písek;;;;;120901;Hradištì;;;è.ev.;20;;;39701;776590.88;1127832.57;2014-02-12T00:00:00
5516617;549240;Písek;;;;;120901;Hradištì;;;è.ev.;22;;;39701;776639.41;1128629.08;2014-02-12T00:00:00
5516625;549240;Písek;;;;;120901;Hradištì;;;è.ev.;23;;;39701;776837.09;1129013.64;2014-02-12T00:00:00
5516633;549240;Písek;;;;;120901;Hradištì;;;è.ev.;24;;;39701;777115.57;1128931.73;2014-02-12T00:00:00
5516641;549240;Písek;;;;;120901;Hradištì;;;è.ev.;25;;;39701;777159.84;1128921.65;2014-02-12T00:00:00
5516650;549240;Písek;;;;;120901;Hradištì;;;è.ev.;26;;;39701;777166.95;1128888.41;2014-02-12T00:00:00
5516668;549240;Písek;;;;;120901;Hradištì;;;è.ev.;27;;;39701;777148.60;1128872.08;2014-02-12T00:00:00
5516676;549240;Písek;;;;;120901;Hradištì;;;è.ev.;28;;;39701;777143.02;1128848.39;2014-02-12T00:00:00
5516684;549240;Písek;;;;;120901;Hradištì;;;è.ev.;29;;;39701;776928.63;1127317.61;2014-02-12T00:00:00
5516722;549240;Písek;;;;;120901;Hradištì;;;è.ev.;33;;;39701;776853.68;1127367.86;2014-02-12T00:00:00
5516773;549240;Písek;;;;;120901;Hradištì;;;è.ev.;42;;;39701;776797.96;1128987.65;2014-02-12T00:00:00
5516781;549240;Písek;;;;;147222;Novı Dvùr;769410;Topolová;è.p.;1;;;39701;771865.63;1130669.57;2013-12-01T00:00:00
5516790;549240;Písek;;;;;147222;Novı Dvùr;770051;K Myslivnì;è.p.;2;;;39701;770486.82;1130674.33;2013-12-01T00:00:00
5516803;549240;Písek;;;;;147222;Novı Dvùr;769380;Hlinavka;è.p.;3;;;39701;771395.63;1130834.64;2013-12-01T00:00:00
5516811;549240;Písek;;;;;147222;Novı Dvùr;769410;Topolová;è.p.;4;;;39701;771363.41;1130780.01;2013-12-01T00:00:00
5516820;549240;Písek;;;;;147222;Novı Dvùr;769398;Ke Katovnì;è.p.;5;;;39701;770383.39;1131456.30;2013-12-01T00:00:00
5516838;549240;Písek;;;;;147222;Novı Dvùr;769380;Hlinavka;è.p.;6;;;39701;771279.96;1130847.12;2013-12-01T00:00:00
5516846;549240;Písek;;;;;147222;Novı Dvùr;769398;Ke Katovnì;è.p.;7;;;39701;770812.09;1131404.60;2013-12-01T00:00:00
5516854;549240;Písek;;;;;147222;Novı Dvùr;769401;Ke Zbrojnici;è.p.;8;;;39701;771184.14;1130914.95;2013-12-01T00:00:00
5516862;549240;Písek;;;;;147222;Novı Dvùr;769401;Ke Zbrojnici;è.p.;9;;;39701;771218.53;1130901.29;2013-12-01T00:00:00
5516871;549240;Písek;;;;;147222;Novı Dvùr;769401;Ke Zbrojnici;è.p.;10;;;39701;771147.35;1130950.54;2013-12-01T00:00:00
5516889;549240;Písek;;;;;147222;Novı Dvùr;769401;Ke Zbrojnici;è.p.;11;;;39701;771206.27;1130885.09;2013-12-01T00:00:00
5516897;549240;Písek;;;;;147222;Novı Dvùr;769398;Ke Katovnì;è.p.;12;;;39701;770881.37;1131351.38;2023-09-12T00:00:00
5516901;549240;Písek;;;;;147222;Novı Dvùr;769410;Topolová;è.p.;13;;;39701;771435.53;1130701.30;2013-12-01T00:00:00
5516919;549240;Písek;;;;;147222;Novı Dvùr;769401;Ke Zbrojnici;è.p.;14;;;39701;771168.95;1130942.14;2013-12-01T00:00:00
5516927;549240;Písek;;;;;147222;Novı Dvùr;769398;Ke Katovnì;è.p.;15;;;39701;770751.02;1131161.78;2013-12-01T00:00:00
5516935;549240;Písek;;;;;147222;Novı Dvùr;769398;Ke Katovnì;è.p.;16;;;39701;770734.95;1131146.02;2013-12-01T00:00:00
5516943;549240;Písek;;;;;147222;Novı Dvùr;769410;Topolová;è.p.;17;;;39701;771939.81;1130676.16;2013-12-01T00:00:00
5516951;549240;Písek;;;;;147222;Novı Dvùr;769428;U Ovèína;è.p.;18;;;39701;771389.19;1131012.70;2013-12-01T00:00:00
5516960;549240;Písek;;;;;147222;Novı Dvùr;769371;Bajzova;è.p.;19;;;39701;771321.41;1130800.35;2013-12-01T00:00:00
5516978;549240;Písek;;;;;147222;Novı Dvùr;769401;Ke Zbrojnici;è.p.;20;;;39701;771289.72;1130805.76;2013-12-01T00:00:00
5516986;549240;Písek;;;;;147222;Novı Dvùr;769410;Topolová;è.p.;21;;;39701;771965.93;1130673.74;2013-12-01T00:00:00
5516994;549240;Písek;;;;;147222;Novı Dvùr;769401;Ke Zbrojnici;è.p.;22;;;39701;771223.73;1130857.02;2013-12-01T00:00:00
5517001;549240;Písek;;;;;147222;Novı Dvùr;769401;Ke Zbrojnici;è.p.;23;;;39701;771260.58;1130862.78;2013-12-01T00:00:00
5517010;549240;Písek;;;;;147222;Novı Dvùr;769410;Topolová;è.p.;24;;;39701;771503.68;1130693.84;2013-12-01T00:00:00
5517028;549240;Písek;;;;;147222;Novı Dvùr;769380;Hlinavka;è.p.;25;;;39701;771375.46;1130831.47;2013-12-01T00:00:00
5517036;549240;Písek;;;;;147222;Novı Dvùr;769380;Hlinavka;è.p.;26;;;39701;771337.92;1130835.79;2013-12-01T00:00:00
5517044;549240;Písek;;;;;147222;Novı Dvùr;769410;Topolová;è.p.;27;;;39701;771276.57;1130758.54;2013-12-01T00:00:00
5517052;549240;Písek;;;;;147222;Novı Dvùr;769401;Ke Zbrojnici;è.p.;28;;;39701;771275.98;1130775.32;2013-12-01T00:00:00
5517061;549240;Písek;;;;;147222;Novı Dvùr;769401;Ke Zbrojnici;è.p.;29;;;39701;771245.56;1130818.78;2013-12-01T00:00:00
5517079;549240;Písek;;;;;147222;Novı Dvùr;769371;Bajzova;è.p.;30;;;39701;771350.69;1130805.68;2013-12-01T00:00:00
5517095;549240;Písek;;;;;147222;Novı Dvùr;769410;Topolová;è.p.;32;;;39701;770994.12;1130702.43;2013-12-01T00:00:00
5517109;549240;Písek;;;;;147222;Novı Dvùr;769401;Ke Zbrojnici;è.p.;33;;;39701;771071.24;1130928.43;2013-12-01T00:00:00
5517117;549240;Písek;;;;;147222;Novı Dvùr;769401;Ke Zbrojnici;è.p.;34;;;39701;770996.80;1130946.43;2013-12-01T00:00:00
5517125;549240;Písek;;;;;147222;Novı Dvùr;769401;Ke Zbrojnici;è.p.;35;;;39701;771052.75;1130915.24;2013-12-01T00:00:00
5517133;549240;Písek;;;;;147222;Novı Dvùr;769401;Ke Zbrojnici;è.p.;36;;;39701;770959.61;1130968.26;2013-12-01T00:00:00
5517141;549240;Písek;;;;;147222;Novı Dvùr;769401;Ke Zbrojnici;è.p.;37;;;39701;770983.96;1130955.86;2013-12-01T00:00:00
5517150;549240;Písek;;;;;147222;Novı Dvùr;769428;U Ovèína;è.p.;38;;;39701;771419.23;1130931.07;2024-06-17T00:00:00
5517168;549240;Písek;;;;;147222;Novı Dvùr;769428;U Ovèína;è.p.;39;;;39701;771398.97;1130840.47;2013-12-01T00:00:00
5517176;549240;Písek;;;;;147222;Novı Dvùr;769410;Topolová;è.p.;40;;;39701;771425.92;1130738.35;2013-12-01T00:00:00
5517184;549240;Písek;;;;;147222;Novı Dvùr;769410;Topolová;è.p.;41;;;39701;771491.98;1130728.57;2013-12-01T00:00:00
5517192;549240;Písek;;;;;147222;Novı Dvùr;769401;Ke Zbrojnici;è.p.;42;;;39701;771122.55;1130926.01;2013-12-01T00:00:00
5517206;549240;Písek;;;;;147222;Novı Dvùr;769410;Topolová;è.p.;43;;;39701;771481.46;1130693.36;2013-12-01T00:00:00
5517214;549240;Písek;;;;;147231;Semice;769541;Obecní;è.p.;1;;;39701;772572.13;1128963.52;2013-12-01T00:00:00
5517222;549240;Písek;;;;;147231;Semice;769479;Jana Cimbury;è.p.;3;;;39701;772707.09;1128709.10;2013-12-01T00:00:00
5517231;549240;Písek;;;;;147231;Semice;769479;Jana Cimbury;è.p.;4;;;39701;772604.20;1128729.34;2013-12-01T00:00:00
5517249;549240;Písek;;;;;147231;Semice;769479;Jana Cimbury;è.p.;5;;;39701;772569.22;1128734.60;2013-12-01T00:00:00
5517257;549240;Písek;;;;;147231;Semice;769479;Jana Cimbury;è.p.;6;;;39701;772505.70;1128765.68;2013-12-01T00:00:00
5517265;549240;Písek;;;;;147231;Semice;769479;Jana Cimbury;è.p.;7;;;39701;772534.89;1128743.90;2013-12-01T00:00:00
5517273;549240;Písek;;;;;147231;Semice;769541;Obecní;è.p.;8;;;39701;772508.37;1128727.99;2013-12-01T00:00:00
5517281;549240;Písek;;;;;147231;Semice;769541;Obecní;è.p.;9;;;39701;772457.97;1128714.31;2013-12-01T00:00:00
5517290;549240;Písek;;;;;147231;Semice;769541;Obecní;è.p.;10;;;39701;772485.35;1128757.12;2013-12-01T00:00:00
5517303;549240;Písek;;;;;147231;Semice;769541;Obecní;è.p.;11;;;39701;772449.78;1128759.67;2013-12-01T00:00:00
5517311;549240;Písek;;;;;147231;Semice;769541;Obecní;è.p.;12;;;39701;772051.37;1129142.77;2013-12-01T00:00:00
5517320;549240;Písek;;;;;147231;Semice;769541;Obecní;è.p.;13;;;39701;772414.26;1128748.49;2013-12-01T00:00:00
5517338;549240;Písek;;;;;147231;Semice;769541;Obecní;è.p.;14;;;39701;772321.88;1128876.79;2013-12-01T00:00:00
5517346;549240;Písek;;;;;147231;Semice;769541;Obecní;è.p.;15;;;39701;772284.05;1128940.76;2013-12-01T00:00:00
5517354;549240;Písek;;;;;147231;Semice;769541;Obecní;è.p.;16;;;39701;772223.94;1128936.85;2013-12-01T00:00:00
5517362;549240;Písek;;;;;147231;Semice;769487;Ke Køíku;è.p.;17;;;39701;772212.78;1128992.21;2013-12-01T00:00:00
5517371;549240;Písek;;;;;147231;Semice;769487;Ke Køíku;è.p.;19;;;39701;772271.97;1129002.82;2023-09-21T00:00:00
5517389;549240;Písek;;;;;147231;Semice;769541;Obecní;è.p.;20;;;39701;772447.74;1128796.46;2013-12-01T00:00:00
5517397;549240;Písek;;;;;147231;Semice;769541;Obecní;è.p.;21;;;39701;772476.24;1128784.06;2013-12-01T00:00:00
5517401;549240;Písek;;;;;147231;Semice;769541;Obecní;è.p.;22;;;39701;772572.82;1128933.72;2013-12-01T00:00:00
5517419;549240;Písek;;;;;147231;Semice;769509;K Píseckım horám;è.p.;23;;;39701;771506.80;1128196.80;2013-12-01T00:00:00
5517435;549240;Písek;;;;;147231;Semice;769509;K Píseckım horám;è.p.;25;;;39701;771699.68;1128336.72;2018-02-05T00:00:00
5517443;549240;Písek;;;;;147231;Semice;769541;Obecní;è.p.;26;;;39701;772252.05;1128920.85;2013-12-01T00:00:00
5517451;549240;Písek;;;;;147231;Semice;769487;Ke Køíku;è.p.;27;;;39701;772275.85;1129020.39;2013-12-01T00:00:00
5517478;549240;Písek;;;;;147231;Semice;769509;K Píseckım horám;è.p.;29;;;39701;772129.37;1128659.80;2013-12-01T00:00:00
5517486;549240;Písek;;;;;147231;Semice;769509;K Píseckım horám;è.p.;30;;;39701;771605.67;1128496.53;2013-12-01T00:00:00
5517494;549240;Písek;;;;;147231;Semice;769487;Ke Køíku;è.p.;31;;;39701;772282.70;1129089.30;2013-12-01T00:00:00
5517508;549240;Písek;;;;;147231;Semice;769509;K Píseckım horám;è.p.;32;;;39701;771659.97;1128232.21;2013-12-01T00:00:00
5517516;549240;Písek;;;;;147231;Semice;769541;Obecní;è.p.;33;;;39701;772194.57;1128968.20;2013-12-01T00:00:00
5517524;549240;Písek;;;;;147231;Semice;769541;Obecní;è.p.;34;;;39701;772483.94;1128973.76;2013-12-01T00:00:00
5517532;549240;Písek;;;;;147231;Semice;769509;K Píseckım horám;è.p.;35;;;39701;771589.63;1128195.66;2013-12-01T00:00:00
5517541;549240;Písek;;;;;147231;Semice;769541;Obecní;è.p.;36;;;39701;772207.28;1129015.65;2013-12-01T00:00:00
5517559;549240;Písek;;;;;147231;Semice;769509;K Píseckım horám;è.p.;37;;;39701;771726.95;1128158.99;2013-12-01T00:00:00
5517567;549240;Písek;;;;;147231;Semice;769487;Ke Køíku;è.p.;38;;;39701;772308.15;1129119.45;2013-12-01T00:00:00
5517583;549240;Písek;;;;;147231;Semice;769541;Obecní;è.p.;40;;;39701;772371.17;1128810.25;2013-12-01T00:00:00
5517591;549240;Písek;;;;;147231;Semice;769487;Ke Køíku;è.p.;41;;;39701;772249.62;1129011.88;2013-12-01T00:00:00
5517605;549240;Písek;;;;;147231;Semice;769541;Obecní;è.p.;42;;;39701;772274.44;1128908.56;2013-12-01T00:00:00
5517613;549240;Písek;;;;;147231;Semice;769479;Jana Cimbury;è.p.;43;;;39701;772603.71;1128761.29;2013-12-01T00:00:00
5517621;549240;Písek;;;;;147231;Semice;383945;Flekaèky;è.p.;44;;;39701;771801.01;1127729.99;2013-12-01T00:00:00
5517630;549240;Písek;;;;;147231;Semice;769509;K Píseckım horám;è.p.;45;;;39701;771712.14;1128434.95;2013-12-01T00:00:00
5517648;549240;Písek;;;;;147231;Semice;769541;Obecní;è.p.;46;;;39701;772304.89;1128866.18;2013-12-01T00:00:00
5517656;549240;Písek;;;;;147231;Semice;769487;Ke Køíku;è.p.;47;;;39701;772257.80;1129038.17;2013-12-01T00:00:00
5517664;549240;Písek;;;;;147231;Semice;769509;K Píseckım horám;è.p.;48;;;39701;771643.08;1128247.13;2013-12-01T00:00:00
5517672;549240;Písek;;;;;147231;Semice;769509;K Píseckım horám;è.p.;49;;;39701;771874.62;1128451.70;2013-12-01T00:00:00
5517702;549240;Písek;;;;;147231;Semice;769509;K Píseckım horám;è.p.;53;;;39701;771616.35;1128236.52;2024-03-22T00:00:00
5517711;549240;Písek;;;;;147231;Semice;769509;K Píseckım horám;è.p.;54;;;39701;771718.00;1128440.56;2013-12-01T00:00:00
5517729;549240;Písek;;;;;147231;Semice;769509;K Píseckım horám;è.p.;55;;;39701;771734.56;1128462.09;2013-12-01T00:00:00
5517737;549240;Písek;;;;;147231;Semice;769541;Obecní;è.p.;56;;;39701;772387.74;1128755.44;2013-12-01T00:00:00
5517753;549240;Písek;;;;;147231;Semice;769541;Obecní;è.p.;58;;;39701;772278.73;1128897.71;2013-12-01T00:00:00
5517761;549240;Písek;;;;;147231;Semice;769541;Obecní;è.p.;59;;;39701;772266.00;1128914.60;2013-12-01T00:00:00
5517770;549240;Písek;;;;;147231;Semice;769509;K Píseckım horám;è.p.;60;;;39701;772389.90;1128747.45;2013-12-01T00:00:00
5517788;549240;Písek;;;;;147231;Semice;769541;Obecní;è.p.;61;;;39701;771992.63;1129135.66;2013-12-01T00:00:00
5517796;549240;Písek;;;;;147231;Semice;769509;K Píseckım horám;è.p.;62;;;39701;771769.61;1128455.63;2013-12-01T00:00:00
5517800;549240;Písek;;;;;147231;Semice;769509;K Píseckım horám;è.p.;63;;;39701;771968.25;1128567.68;2013-12-01T00:00:00
5517818;549240;Písek;;;;;147231;Semice;769541;Obecní;è.p.;64;;;39701;772266.80;1128969.20;2013-12-01T00:00:00
5517826;549240;Písek;;;;;147231;Semice;769487;Ke Køíku;è.p.;65;;;39701;772289.91;1129074.87;2013-12-01T00:00:00
5517834;549240;Písek;;;;;147231;Semice;769509;K Píseckım horám;è.p.;66;;;39701;771786.10;1128482.84;2013-12-01T00:00:00
5517842;549240;Písek;;;;;147231;Semice;769509;K Píseckım horám;è.p.;67;;;39701;771711.24;1128416.11;2013-12-01T00:00:00
5517851;549240;Písek;;;;;147231;Semice;769487;Ke Køíku;è.p.;68;;;39701;772271.19;1129120.63;2013-12-01T00:00:00
5517869;549240;Písek;;;;;147231;Semice;769487;Ke Køíku;è.p.;69;;;39701;772276.38;1129032.90;2013-12-01T00:00:00
5517877;549240;Písek;;;;;147231;Semice;769487;Ke Køíku;è.p.;70;;;39701;772310.81;1129180.25;2013-12-01T00:00:00
5517885;549240;Písek;;;;;147231;Semice;769509;K Píseckım horám;è.p.;71;;;39701;771752.47;1128444.02;2013-12-01T00:00:00
5517893;549240;Písek;;;;;147231;Semice;769487;Ke Køíku;è.p.;72;;;39701;772223.91;1129018.90;2013-12-01T00:00:00
5517907;549240;Písek;;;;;147231;Semice;769487;Ke Køíku;è.p.;73;;;39701;772227.41;1129040.56;2013-12-01T00:00:00
5517915;549240;Písek;;;;;147231;Semice;769517;Na Draha;è.p.;74;;;39701;772185.79;1129039.78;2013-12-01T00:00:00
5517923;549240;Písek;;;;;147231;Semice;769517;Na Draha;è.p.;75;;;39701;772194.22;1129021.47;2013-12-01T00:00:00
5517931;549240;Písek;;;;;147231;Semice;769517;Na Draha;è.p.;76;;;39701;772174.55;1129069.22;2013-12-01T00:00:00
5517940;549240;Písek;;;;;147231;Semice;769509;K Píseckım horám;è.p.;77;;;39701;771653.29;1128377.88;2013-12-01T00:00:00
5517958;549240;Písek;;;;;147231;Semice;769509;K Píseckım horám;è.p.;78;;;39701;772165.83;1128661.36;2013-12-01T00:00:00
5517966;549240;Písek;;;;;147231;Semice;769517;Na Draha;è.p.;79;;;39701;772219.07;1129078.59;2013-12-01T00:00:00
5517974;549240;Písek;;;;;147231;Semice;769495;K Peckám;è.p.;80;;;39701;772206.86;1129095.98;2013-12-01T00:00:00
5517982;549240;Písek;;;;;147231;Semice;769509;K Píseckım horám;è.p.;81;;;39701;771538.12;1128205.74;2013-12-01T00:00:00
5517991;549240;Písek;;;;;147231;Semice;769517;Na Draha;è.p.;82;;;39701;772194.20;1129074.97;2013-12-01T00:00:00
5518008;549240;Písek;;;;;147231;Semice;769517;Na Draha;è.p.;83;;;39701;772186.96;1129089.25;2013-12-01T00:00:00
5518016;549240;Písek;;;;;147231;Semice;769517;Na Draha;è.p.;84;;;39701;772199.20;1129050.61;2013-12-01T00:00:00
5518024;549240;Písek;;;;;147231;Semice;769509;K Píseckım horám;è.p.;85;;;39701;771556.21;1128233.14;2013-12-01T00:00:00
5518032;549240;Písek;;;;;147231;Semice;769509;K Píseckım horám;è.p.;86;;;39701;771522.21;1128223.44;2013-12-01T00:00:00
5518041;549240;Písek;;;;;147231;Semice;769509;K Píseckım horám;è.p.;87;;;39701;771518.33;1128247.63;2013-12-01T00:00:00
5518059;549240;Písek;;;;;147231;Semice;769509;K Píseckım horám;è.p.;88;;;39701;771790.41;1128465.53;2013-12-01T00:00:00
5518067;549240;Písek;;;;;147231;Semice;769487;Ke Køíku;è.p.;89;;;39701;772333.33;1129215.87;2013-12-01T00:00:00
5518075;549240;Písek;;;;;147231;Semice;769509;K Píseckım horám;è.p.;90;;;39701;771580.11;1128235.51;2013-12-01T00:00:00
5518083;549240;Písek;;;;;147231;Semice;769509;K Píseckım horám;è.p.;91;;;39701;771863.80;1128516.96;2013-12-01T00:00:00
5518091;549240;Písek;;;;;147231;Semice;769517;Na Draha;è.p.;92;;;39701;772154.97;1129063.29;2013-12-01T00:00:00
5518105;549240;Písek;;;;;147231;Semice;769479;Jana Cimbury;è.p.;93;;;39701;772666.32;1128758.81;2013-12-01T00:00:00
5518113;549240;Písek;;;;;147231;Semice;769541;Obecní;è.p.;94;;;39701;772031.10;1129136.32;2024-07-22T00:00:00
5518121;549240;Písek;;;;;147231;Semice;769479;Jana Cimbury;è.p.;95;;;39701;772696.01;1128748.88;2013-12-01T00:00:00
5518130;549240;Písek;;;;;147231;Semice;769509;K Píseckım horám;è.p.;96;;;39701;771730.47;1128475.27;2013-12-01T00:00:00
5518148;549240;Písek;;;;;147231;Semice;769509;K Píseckım horám;è.p.;97;;;39701;771641.11;1128208.10;2013-12-01T00:00:00
5518156;549240;Písek;;;;;147231;Semice;769509;K Píseckım horám;è.p.;98;;;39701;771619.41;1128174.02;2013-12-01T00:00:00
5518164;549240;Písek;;;;;147231;Semice;769541;Obecní;è.p.;99;;;39701;772136.82;1129067.45;2013-12-01T00:00:00
5518172;549240;Písek;;;;;147231;Semice;769541;Obecní;è.p.;100;;;39701;772296.13;1128887.19;2013-12-01T00:00:00
5518181;549240;Písek;;;;;147231;Semice;769509;K Píseckım horám;è.p.;101;;;39701;771692.13;1128449.41;2013-12-01T00:00:00
5518199;549240;Písek;;;;;147231;Semice;769509;K Píseckım horám;è.p.;102;;;39701;771946.99;1128549.47;2013-12-01T00:00:00
5518202;549240;Písek;;;;;147231;Semice;769509;K Píseckım horám;è.p.;103;;;39701;772390.85;1128721.28;2013-12-01T00:00:00
5518211;549240;Písek;;;;;147231;Semice;769509;K Píseckım horám;è.p.;104;;;39701;771631.38;1128136.55;2013-12-01T00:00:00
5518229;549240;Písek;;;;;147231;Semice;769487;Ke Køíku;è.p.;105;;;39701;772298.76;1129096.22;2013-12-01T00:00:00
5518237;549240;Písek;;;;;147231;Semice;769487;Ke Køíku;è.p.;106;;;39701;772323.43;1129145.58;2013-12-01T00:00:00
5518245;549240;Písek;;;;;147231;Semice;769541;Obecní;è.p.;107;;;39701;772003.26;1129125.47;2013-12-01T00:00:00
5518253;549240;Písek;;;;;147231;Semice;769509;K Píseckım horám;è.p.;108;;;39701;772033.74;1128628.11;2013-12-01T00:00:00
5518261;549240;Písek;;;;;147231;Semice;769541;Obecní;è.p.;109;;;39701;772010.94;1129117.37;2013-12-01T00:00:00
5518270;549240;Písek;;;;;147231;Semice;769509;K Píseckım horám;è.p.;110;;;39701;772376.07;1128703.70;2013-12-01T00:00:00
5518288;549240;Písek;;;;;147231;Semice;769541;Obecní;è.p.;111;;;39701;772088.45;1129078.34;2013-12-01T00:00:00
5518296;549240;Písek;;;;;147231;Semice;769541;Obecní;è.p.;112;;;39701;771986.88;1129111.95;2013-12-01T00:00:00
5518300;549240;Písek;;;;;147231;Semice;769525;Na Staré silnici;è.p.;113;;;39701;772684.00;1128857.00;2013-12-01T00:00:00
5518318;549240;Písek;;;;;147231;Semice;769525;Na Staré silnici;è.p.;114;;;39701;772643.15;1128888.93;2013-12-01T00:00:00
5518326;549240;Písek;;;;;147231;Semice;769509;K Píseckım horám;è.p.;179;;;39701;772084.03;1128651.16;2019-02-11T00:00:00
5518334;549240;Písek;;;;;147231;Semice;769495;K Peckám;è.p.;116;;;39701;772202.09;1129111.24;2013-12-01T00:00:00
5518342;549240;Písek;;;;;147231;Semice;769525;Na Staré silnici;è.p.;117;;;39701;772681.42;1128872.54;2013-12-01T00:00:00
5518351;549240;Písek;;;;;147231;Semice;769525;Na Staré silnici;è.p.;118;;;39701;772673.20;1128895.05;2013-12-01T00:00:00
5518369;549240;Písek;;;;;147231;Semice;769495;K Peckám;è.p.;119;;;39701;772191.62;1129129.65;2013-12-01T00:00:00
5518377;549240;Písek;;;;;147231;Semice;769525;Na Staré silnici;è.p.;120;;;39701;772742.41;1128839.85;2013-12-01T00:00:00
5518385;549240;Písek;;;;;147231;Semice;769487;Ke Køíku;è.p.;121;;;39701;772334.52;1129174.51;2013-12-01T00:00:00
5518393;549240;Písek;;;;;147231;Semice;769509;K Píseckım horám;è.p.;122;;;39701;772193.29;1128663.47;2013-12-01T00:00:00
5518407;549240;Písek;;;;;147231;Semice;769479;Jana Cimbury;è.p.;123;;;39701;772582.60;1128766.90;2013-12-01T00:00:00
5518415;549240;Písek;;;;;147231;Semice;769487;Ke Køíku;è.p.;124;;;39701;772347.28;1129233.57;2013-12-01T00:00:00
5518423;549240;Písek;;;;;147231;Semice;769533;Na Stráni;è.p.;125;;;39701;772527.35;1128881.28;2013-12-01T00:00:00
5518431;549240;Písek;;;;;147231;Semice;769509;K Píseckım horám;è.p.;126;;;39701;771549.47;1128172.05;2013-12-01T00:00:00
5518440;549240;Písek;;;;;147231;Semice;769509;K Píseckım horám;è.p.;127;;;39701;771531.54;1128161.12;2013-12-01T00:00:00
5518458;549240;Písek;;;;;147231;Semice;769533;Na Stráni;è.p.;128;;;39701;772447.03;1128894.14;2013-12-01T00:00:00
5518466;549240;Písek;;;;;147231;Semice;769541;Obecní;è.p.;129;;;39701;772547.89;1128825.16;2013-12-01T00:00:00
5518474;549240;Písek;;;;;147231;Semice;769509;K Píseckım horám;è.p.;130;;;39701;771513.61;1128152.45;2013-12-01T00:00:00
5518482;549240;Písek;;;;;147231;Semice;769533;Na Stráni;è.p.;131;;;39701;772540.62;1128910.90;2013-12-01T00:00:00
5518491;549240;Písek;;;;;147231;Semice;769533;Na Stráni;è.p.;132;;;39701;772531.82;1128912.60;2013-12-01T00:00:00
5518504;549240;Písek;;;;;147231;Semice;769533;Na Stráni;è.p.;133;;;39701;772523.15;1128914.49;2013-12-01T00:00:00
5518512;549240;Písek;;;;;147231;Semice;769533;Na Stráni;è.p.;134;;;39701;772515.02;1128916.39;2013-12-01T00:00:00
5518521;549240;Písek;;;;;147231;Semice;769533;Na Stráni;è.p.;135;;;39701;772506.55;1128918.22;2013-12-01T00:00:00
5518539;549240;Písek;;;;;147231;Semice;769533;Na Stráni;è.p.;136;;;39701;772497.94;1128920.26;2013-12-01T00:00:00
5518547;549240;Písek;;;;;147231;Semice;769509;K Píseckım horám;è.p.;137;;;39701;772002.88;1128601.34;2013-12-01T00:00:00
5518555;549240;Písek;;;;;147231;Semice;769541;Obecní;è.p.;138;;;39701;771998.47;1129150.52;2013-12-01T00:00:00
5518563;549240;Písek;;;;;147231;Semice;769533;Na Stráni;è.p.;139;;;39701;772473.60;1128892.05;2013-12-01T00:00:00
5518571;549240;Písek;;;;;147231;Semice;769533;Na Stráni;è.p.;140;;;39701;772482.28;1128890.42;2013-12-01T00:00:00
5518580;549240;Písek;;;;;147231;Semice;769533;Na Stráni;è.p.;141;;;39701;772491.37;1128888.59;2013-12-01T00:00:00
5518598;549240;Písek;;;;;147231;Semice;769533;Na Stráni;è.p.;143;;;39701;772392.27;1128909.08;2013-12-01T00:00:00
5518601;549240;Písek;;;;;147231;Semice;769479;Jana Cimbury;è.p.;144;;;39701;772562.85;1128778.51;2013-12-01T00:00:00
5518610;549240;Písek;;;;;147231;Semice;769533;Na Stráni;è.p.;145;;;39701;772500.25;1128886.49;2013-12-01T00:00:00
5518628;549240;Písek;;;;;147231;Semice;769487;Ke Køíku;è.p.;146;;;39701;772367.44;1129217.42;2013-12-01T00:00:00
5518636;549240;Písek;;;;;147231;Semice;769487;Ke Køíku;è.p.;147;;;39701;772283.40;1129140.82;2013-12-01T00:00:00
5518644;549240;Písek;;;;;147231;Semice;769479;Jana Cimbury;è.p.;150;;;39701;772619.02;1128720.43;2013-12-01T00:00:00
5518652;549240;Písek;;;;;147231;Semice;769487;Ke Køíku;è.p.;151;;;39701;772378.19;1129232.41;2013-12-01T00:00:00
5518661;549240;Písek;;;;;147231;Semice;769479;Jana Cimbury;è.p.;152;;;39701;772640.19;1128715.36;2013-12-01T00:00:00
5518679;549240;Písek;;;;;147231;Semice;769541;Obecní;è.p.;153;;;39701;772233.28;1128973.74;2013-12-01T00:00:00
5518687;549240;Písek;;;;;147231;Semice;769533;Na Stráni;è.p.;154;;;39701;772426.85;1128897.47;2013-12-01T00:00:00
5518695;549240;Písek;;;;;147231;Semice;769487;Ke Køíku;è.p.;155;;;39701;772368.58;1129265.90;2013-12-01T00:00:00
5518709;549240;Písek;;;;;147231;Semice;769487;Ke Køíku;è.p.;158;;;39701;772247.40;1128989.68;2013-12-01T00:00:00
5518717;549240;Písek;;;;;151238;Smrkovice;769584;Na Návsi;è.p.;1;;;39701;774310.88;1129220.45;2013-12-01T00:00:00
5518725;549240;Písek;;;;;151238;Smrkovice;769584;Na Návsi;è.p.;2;;;39701;774308.09;1129188.76;2013-12-01T00:00:00
5518733;549240;Písek;;;;;151238;Smrkovice;769584;Na Návsi;è.p.;3;;;39701;774321.37;1129155.12;2013-12-01T00:00:00
5518741;549240;Písek;;;;;151238;Smrkovice;769584;Na Návsi;è.p.;4;;;39701;774294.97;1129135.71;2013-12-01T00:00:00
5518750;549240;Písek;;;;;151238;Smrkovice;769584;Na Návsi;è.p.;5;;;39701;774262.99;1129134.55;2013-12-01T00:00:00
5518776;549240;Písek;;;;;151238;Smrkovice;769592;Na Nové;è.p.;7;;;39701;774201.77;1129089.56;2025-01-22T00:00:00
5518784;549240;Písek;;;;;151238;Smrkovice;769592;Na Nové;è.p.;8;;;39701;774240.53;1129134.61;2013-12-01T00:00:00
5518792;549240;Písek;;;;;151238;Smrkovice;769584;Na Návsi;è.p.;9;;;39701;774224.56;1129157.53;2013-12-01T00:00:00
5518806;549240;Písek;;;;;151238;Smrkovice;769584;Na Návsi;è.p.;10;;;39701;774210.40;1129202.20;2013-12-01T00:00:00
5518814;549240;Písek;;;;;151238;Smrkovice;769584;Na Návsi;è.p.;11;;;39701;774313.00;1129212.92;2013-12-01T00:00:00
5518822;549240;Písek;;;;;151238;Smrkovice;769584;Na Návsi;è.p.;12;;;39701;774194.64;1129194.34;2013-12-01T00:00:00
5518831;549240;Písek;;;;;151238;Smrkovice;769584;Na Návsi;è.p.;13;;;39701;774178.86;1129212.60;2013-12-01T00:00:00
5518849;549240;Písek;;;;;151238;Smrkovice;769584;Na Návsi;è.p.;14;;;39701;774165.33;1129230.88;2013-12-01T00:00:00
5518857;549240;Písek;;;;;151238;Smrkovice;769584;Na Návsi;è.p.;15;;;39701;774193.93;1129246.17;2013-12-01T00:00:00
5518865;549240;Písek;;;;;151238;Smrkovice;769584;Na Návsi;è.p.;16;;;39701;774203.18;1129275.05;2013-12-01T00:00:00
5518873;549240;Písek;;;;;151238;Smrkovice;769584;Na Návsi;è.p.;17;;;39701;774215.26;1129269.94;2013-12-01T00:00:00
5518881;549240;Písek;;;;;151238;Smrkovice;769622;Salátová;è.p.;18;;;39701;774223.28;1129357.02;2013-12-01T00:00:00
5518890;549240;Písek;;;;;151238;Smrkovice;769550;K Hùrkám;è.p.;19;;;39701;774084.14;1129764.27;2013-12-01T00:00:00
5518911;549240;Písek;;;;;151238;Smrkovice;769584;Na Návsi;è.p.;21;;;39701;774229.21;1129272.54;2013-12-01T00:00:00
5518920;549240;Písek;;;;;151238;Smrkovice;769584;Na Návsi;è.p.;22;;;39701;774257.10;1129262.26;2013-12-01T00:00:00
5518938;549240;Písek;;;;;151238;Smrkovice;769584;Na Návsi;è.p.;23;;;39701;774281.58;1129258.77;2013-12-01T00:00:00
5518946;549240;Písek;;;;;151238;Smrkovice;769584;Na Návsi;è.p.;24;;;39701;774316.08;1129250.75;2013-12-01T00:00:00
5518954;549240;Písek;;;;;151238;Smrkovice;769681;Za Humny;è.p.;25;;;39701;774341.65;1129254.29;2013-12-01T00:00:00
5518962;549240;Písek;;;;;151238;Smrkovice;769665;U Rybníèka;è.p.;26;;;39701;774238.53;1129367.13;2013-12-01T00:00:00
5518971;549240;Písek;;;;;151238;Smrkovice;769665;U Rybníèka;è.p.;27;;;39701;774226.81;1129376.45;2013-12-01T00:00:00
5518989;549240;Písek;;;;;151238;Smrkovice;769576;Na Boubín;è.p.;28;;;39701;774213.79;1129947.65;2013-12-01T00:00:00
5518997;549240;Písek;;;;;151238;Smrkovice;769657;Teplárenská;è.p.;29;;;39701;774036.20;1129064.68;2013-12-01T00:00:00
5519004;549240;Písek;;;;;151238;Smrkovice;769665;U Rybníèka;è.p.;30;;;39701;774338.99;1129330.03;2013-12-01T00:00:00
5519012;549240;Písek;;;;;151238;Smrkovice;769592;Na Nové;è.p.;31;;;39701;774288.43;1128915.85;2024-04-29T00:00:00
5519021;549240;Písek;;;;;151238;Smrkovice;769665;U Rybníèka;è.p.;32;;;39701;774248.67;1129362.32;2013-12-01T00:00:00
5519039;549240;Písek;;;;;151238;Smrkovice;769622;Salátová;è.p.;33;;;39701;774188.23;1129360.57;2013-12-01T00:00:00
5519047;549240;Písek;;;;;151238;Smrkovice;769665;U Rybníèka;è.p.;34;;;39701;774262.23;1129353.61;2024-11-27T00:00:00
5519055;549240;Písek;;;;;151238;Smrkovice;769657;Teplárenská;è.p.;35;;;39701;774066.63;1129230.44;2013-12-01T00:00:00
5519063;549240;Písek;;;;;151238;Smrkovice;769584;Na Návsi;è.p.;36;;;39701;774216.93;1129235.96;2013-12-01T00:00:00
5519071;549240;Písek;;;;;151238;Smrkovice;;;è.p.;37;;;39701;773185.75;1129318.97;2013-12-01T00:00:00
5519080;549240;Písek;;;;;151238;Smrkovice;;;è.p.;38;;;39701;773095.44;1129468.72;2013-12-01T00:00:00
5519098;549240;Písek;;;;;151238;Smrkovice;;;è.p.;39;;;39701;772777.15;1130141.85;2013-12-01T00:00:00
5519101;549240;Písek;;;;;151238;Smrkovice;769681;Za Humny;è.p.;40;;;39701;774343.91;1129272.36;2013-12-01T00:00:00
5519110;549240;Písek;;;;;151238;Smrkovice;769576;Na Boubín;è.p.;41;;;39701;774150.13;1129892.33;2013-12-01T00:00:00
5519128;549240;Písek;;;;;151238;Smrkovice;769576;Na Boubín;è.p.;42;;;39701;774245.28;1129812.49;2013-12-01T00:00:00
5519136;549240;Písek;;;;;151238;Smrkovice;769681;Za Humny;è.p.;43;;;39701;774341.38;1129293.22;2013-12-01T00:00:00
5519144;549240;Písek;;;;;151238;Smrkovice;769576;Na Boubín;è.p.;44;;;39701;774321.02;1129904.82;2013-12-01T00:00:00
5519152;549240;Písek;;;;;151238;Smrkovice;769673;U Školy;è.p.;45;;;39701;774050.12;1129249.07;2013-12-01T00:00:00
5519161;549240;Písek;;;;;151238;Smrkovice;769665;U Rybníèka;è.p.;46;;;39701;774278.85;1129345.47;2013-12-01T00:00:00
5519179;549240;Písek;;;;;151238;Smrkovice;769673;U Školy;è.p.;47;;;39701;774074.35;1129262.21;2013-12-01T00:00:00
5519187;549240;Písek;;;;;151238;Smrkovice;769622;Salátová;è.p.;49;;;39701;774216.50;1129389.55;2013-12-01T00:00:00
5519195;549240;Písek;;;;;151238;Smrkovice;769592;Na Nové;è.p.;50;;;39701;774235.69;1129100.57;2013-12-01T00:00:00
5519209;549240;Písek;;;;;151238;Smrkovice;769657;Teplárenská;è.p.;51;;;39701;774047.65;1129217.58;2013-12-01T00:00:00
5519217;549240;Písek;;;;;151238;Smrkovice;769592;Na Nové;è.p.;52;;;39701;774324.28;1129012.08;2013-12-01T00:00:00
5519225;549240;Písek;;;;;151238;Smrkovice;;;è.p.;53;;;39701;773765.03;1133464.06;2013-12-01T00:00:00
5519233;549240;Písek;;;;;151238;Smrkovice;;;è.p.;54;;;39701;772794.13;1132188.84;2013-12-01T00:00:00
5519241;549240;Písek;;;;;151238;Smrkovice;769576;Na Boubín;è.p.;55;;;39701;774314.22;1129876.71;2013-12-01T00:00:00
5519250;549240;Písek;;;;;151238;Smrkovice;769576;Na Boubín;è.p.;56;;;39701;774311.76;1129848.66;2013-12-01T00:00:00
5519268;549240;Písek;;;;;151238;Smrkovice;769657;Teplárenská;è.p.;57;;;39701;774045.26;1129198.64;2013-12-01T00:00:00
5519276;549240;Písek;;;;;151238;Smrkovice;769576;Na Boubín;è.p.;58;;;39701;774371.86;1129895.01;2013-12-01T00:00:00
5519284;549240;Písek;;;;;151238;Smrkovice;769576;Na Boubín;è.p.;59;;;39701;774304.65;1129783.60;2013-12-01T00:00:00
5519292;549240;Písek;;;;;151238;Smrkovice;769576;Na Boubín;è.p.;60;;;39701;774392.03;1129878.04;2013-12-01T00:00:00
5519306;549240;Písek;;;;;151238;Smrkovice;769592;Na Nové;è.p.;61;;;39701;774303.44;1128967.58;2013-12-01T00:00:00
5519314;549240;Písek;;;;;151238;Smrkovice;769673;U Školy;è.p.;62;;;39701;774113.29;1129308.86;2013-12-01T00:00:00
5519322;549240;Písek;;;;;151238;Smrkovice;769673;U Školy;è.p.;63;;;39701;774094.16;1129296.50;2013-12-01T00:00:00
5519331;549240;Písek;;;;;151238;Smrkovice;;;è.p.;64;;;39701;774845.49;1131033.52;2013-12-01T00:00:00
5519349;549240;Písek;;;;;151238;Smrkovice;769673;U Školy;è.p.;65;;;39701;774214.95;1129312.35;2013-12-01T00:00:00
5519357;549240;Písek;;;;;151238;Smrkovice;769568;K Putimi;è.p.;66;;;39701;774780.46;1128881.75;2013-12-01T00:00:00
5519365;549240;Písek;;;;;151238;Smrkovice;769576;Na Boubín;è.p.;67;;;39701;774270.31;1129752.44;2013-12-01T00:00:00
5519373;549240;Písek;;;;;151238;Smrkovice;769576;Na Boubín;è.p.;68;;;39701;774314.30;1129857.12;2013-12-01T00:00:00
5519381;549240;Písek;;;;;151238;Smrkovice;769673;U Školy;è.p.;69;;;39701;774157.43;1129319.67;2013-12-01T00:00:00
5519390;549240;Písek;;;;;151238;Smrkovice;;;è.p.;70;;;39701;775630.82;1132604.29;2013-12-01T00:00:00
5519403;549240;Písek;;;;;151238;Smrkovice;;;è.p.;71;;;39701;775716.33;1132892.36;2013-12-01T00:00:00
5519411;549240;Písek;;;;;151238;Smrkovice;769606;Novodvorská;è.p.;72;;;39701;774017.42;1129603.21;2020-11-24T00:00:00
5519420;549240;Písek;;;;;151238;Smrkovice;769576;Na Boubín;è.p.;73;;;39701;774336.68;1129886.15;2013-12-01T00:00:00
5519438;549240;Písek;;;;;151238;Smrkovice;769576;Na Boubín;è.p.;74;;;39701;774354.38;1129890.78;2013-12-01T00:00:00
5519446;549240;Písek;;;;;151238;Smrkovice;769665;U Rybníèka;è.p.;75;;;39701;774322.35;1129301.80;2013-12-01T00:00:00
5519454;549240;Písek;;;;;151238;Smrkovice;769576;Na Boubín;è.p.;76;;;39701;774367.77;1129871.70;2013-12-01T00:00:00
5519462;549240;Písek;;;;;151238;Smrkovice;769622;Salátová;è.p.;77;;;39701;774202.61;1129369.30;2013-12-01T00:00:00
5519471;549240;Písek;;;;;151238;Smrkovice;769622;Salátová;è.p.;78;;;39701;774188.39;1129338.85;2013-12-01T00:00:00
5519489;549240;Písek;;;;;151238;Smrkovice;769673;U Školy;è.p.;79;;;39701;774092.31;1129256.83;2013-12-01T00:00:00
5519497;549240;Písek;;;;;151238;Smrkovice;;;è.p.;80;;;39701;774830.58;1129186.50;2013-12-01T00:00:00
5519501;549240;Písek;;;;;151238;Smrkovice;769622;Salátová;è.p.;81;;;39701;774094.24;1129602.13;2024-11-15T00:00:00
5519519;549240;Písek;;;;;151238;Smrkovice;;;è.p.;82;;;39701;772618.13;1129992.91;2013-12-01T00:00:00
5519527;549240;Písek;;;;;151238;Smrkovice;769631;Semická;è.p.;83;;;39701;773606.60;1129398.07;2013-12-01T00:00:00
5519535;549240;Písek;;;;;151238;Smrkovice;769622;Salátová;è.p.;84;;;39701;774164.35;1129497.01;2013-12-01T00:00:00
5519543;549240;Písek;;;;;151238;Smrkovice;769622;Salátová;è.p.;85;;;39701;774161.70;1129518.91;2013-12-01T00:00:00
5519551;549240;Písek;;;;;151238;Smrkovice;769568;K Putimi;è.p.;86;;;39701;774348.91;1129002.28;2013-12-01T00:00:00
5519560;549240;Písek;;;;;151238;Smrkovice;769657;Teplárenská;è.p.;87;;;39701;774004.09;1129231.36;2013-12-01T00:00:00
5519578;549240;Písek;;;;;151238;Smrkovice;769622;Salátová;è.p.;88;;;39701;774156.86;1129531.15;2013-12-01T00:00:00
5519594;549240;Písek;;;;;151238;Smrkovice;769622;Salátová;è.p.;90;;;39701;774143.16;1129543.51;2013-12-01T00:00:00
5519608;549240;Písek;;;;;151238;Smrkovice;769622;Salátová;è.p.;91;;;39701;774141.65;1129557.85;2013-12-01T00:00:00
5519616;549240;Písek;;;;;151238;Smrkovice;769568;K Putimi;è.p.;92;;;39701;774394.20;1128986.98;2013-12-01T00:00:00
5519624;549240;Písek;;;;;151238;Smrkovice;769622;Salátová;è.p.;94;;;39701;774123.88;1129494.99;2024-11-01T00:00:00
5519632;549240;Písek;;;;;151238;Smrkovice;769622;Salátová;è.p.;95;;;39701;774118.59;1129516.01;2013-12-01T00:00:00
5519641;549240;Písek;;;;;151238;Smrkovice;769622;Salátová;è.p.;96;;;39701;774105.77;1129539.88;2013-12-01T00:00:00
5519659;549240;Písek;;;;;151238;Smrkovice;769550;K Hùrkám;è.p.;97;;;39701;774068.12;1129744.25;2013-12-01T00:00:00
5519667;549240;Písek;;;;;151238;Smrkovice;769622;Salátová;è.p.;98;;;39701;774151.85;1129457.22;2023-05-17T00:00:00
5519675;549240;Písek;;;;;151238;Smrkovice;769606;Novodvorská;è.p.;99;;;39701;774078.55;1129571.27;2013-12-01T00:00:00
5519683;549240;Písek;;;;;151238;Smrkovice;769673;U Školy;è.p.;100;;;39701;774116.78;1129268.88;2013-12-01T00:00:00
5519691;549240;Písek;;;;;151238;Smrkovice;769631;Semická;è.p.;101;;;39701;773918.25;1129218.90;2013-12-01T00:00:00
5519705;549240;Písek;;;;;151238;Smrkovice;769550;K Hùrkám;è.p.;102;;;39701;774069.53;1129807.03;2013-12-01T00:00:00
5519713;549240;Písek;;;;;151238;Smrkovice;769657;Teplárenská;è.p.;103;;;39701;774003.34;1129219.89;2013-12-01T00:00:00
5519721;549240;Písek;;;;;151238;Smrkovice;769550;K Hùrkám;è.p.;104;;;39701;774013.06;1130254.45;2013-12-01T00:00:00
5519730;549240;Písek;;;;;151238;Smrkovice;769631;Semická;è.p.;105;;;39701;773969.86;1129259.50;2013-12-01T00:00:00
5519748;549240;Písek;;;;;151238;Smrkovice;769657;Teplárenská;è.p.;106;;;39701;774003.14;1129254.88;2013-12-01T00:00:00
5519756;549240;Písek;;;;;151238;Smrkovice;769606;Novodvorská;è.p.;107;;;39701;774060.70;1129586.69;2013-12-01T00:00:00
5519764;549240;Písek;;;;;151238;Smrkovice;769592;Na Nové;è.p.;108;;;39701;774294.86;1128997.44;2013-12-01T00:00:00
5519772;549240;Písek;;;;;151238;Smrkovice;769550;K Hùrkám;è.p.;109;;;39701;774128.45;1129583.10;2013-12-01T00:00:00
5519781;549240;Písek;;;;;151238;Smrkovice;769665;U Rybníèka;è.p.;110;;;39701;774371.22;1129329.89;2013-12-01T00:00:00
5519799;549240;Písek;;;;;151238;Smrkovice;769568;K Putimi;è.p.;111;;;39701;774412.07;1128994.65;2013-12-01T00:00:00
5519802;549240;Písek;;;;;151238;Smrkovice;769576;Na Boubín;è.p.;112;;;39701;774134.89;1129597.13;2013-12-01T00:00:00
5519811;549240;Písek;;;;;151238;Smrkovice;769568;K Putimi;è.p.;113;;;39701;774436.14;1128984.18;2013-12-01T00:00:00
5519829;549240;Písek;;;;;151238;Smrkovice;769576;Na Boubín;è.p.;114;;;39701;774154.18;1129617.53;2013-12-01T00:00:00
5519837;549240;Písek;;;;;151238;Smrkovice;769568;K Putimi;è.p.;115;;;39701;774449.96;1128979.07;2013-12-01T00:00:00
5519845;549240;Písek;;;;;151238;Smrkovice;769606;Novodvorská;è.p.;116;;;39701;773962.50;1129613.74;2013-12-01T00:00:00
5519853;549240;Písek;;;;;151238;Smrkovice;769606;Novodvorská;è.p.;117;;;39701;773941.39;1129618.58;2013-12-01T00:00:00
5519861;549240;Písek;;;;;151238;Smrkovice;769606;Novodvorská;è.p.;118;;;39701;773923.36;1129623.46;2013-12-01T00:00:00
5519870;549240;Písek;;;;;151238;Smrkovice;769606;Novodvorská;è.p.;119;;;39701;773901.34;1129627.11;2013-12-01T00:00:00
5519888;549240;Písek;;;;;151238;Smrkovice;769649;Šibánky;è.p.;120;;;39701;774460.37;1129379.34;2013-12-01T00:00:00
5519896;549240;Písek;;;;;151238;Smrkovice;769649;Šibánky;è.p.;121;;;39701;774467.27;1129395.62;2013-12-01T00:00:00
5519900;549240;Písek;;;;;151238;Smrkovice;769649;Šibánky;è.p.;122;;;39701;774476.40;1129407.74;2013-12-01T00:00:00
5519918;549240;Písek;;;;;151238;Smrkovice;769606;Novodvorská;è.p.;123;;;39701;774048.20;1129592.22;2013-12-01T00:00:00
5519926;549240;Písek;;;;;151238;Smrkovice;769649;Šibánky;è.p.;124;;;39701;774491.80;1129440.36;2013-12-01T00:00:00
5519934;549240;Písek;;;;;151238;Smrkovice;769649;Šibánky;è.p.;125;;;39701;774487.05;1129367.74;2013-12-01T00:00:00
5519942;549240;Písek;;;;;151238;Smrkovice;769657;Teplárenská;è.p.;126;;;39701;774069.75;1129046.46;2019-01-21T00:00:00
5519951;549240;Písek;;;;;151238;Smrkovice;769649;Šibánky;è.p.;127;;;39701;774481.49;1129420.46;2013-12-01T00:00:00
5519969;549240;Písek;;;;;151238;Smrkovice;384801;Putimská Vysoká;è.p.;128;;;39701;774979.39;1127967.44;2014-02-06T00:00:00
5519977;549240;Písek;;;;;151238;Smrkovice;769606;Novodvorská;è.p.;129;;;39701;773795.96;1129649.85;2013-12-01T00:00:00
5519985;549240;Písek;;;;;151238;Smrkovice;769657;Teplárenská;è.p.;130;;;39701;774082.08;1129023.95;2013-12-01T00:00:00
5519993;549240;Písek;;;;;151238;Smrkovice;385310;Za Nádraím;è.p.;131;;;39701;774799.54;1128019.99;2018-08-08T00:00:00
5520002;549240;Písek;;;;;151238;Smrkovice;384801;Putimská Vysoká;è.p.;132;;;39701;774969.69;1128018.96;2014-02-06T00:00:00
5520029;549240;Písek;;;;;151238;Smrkovice;769673;U Školy;è.p.;134;;;39701;774022.09;1129276.47;2013-12-01T00:00:00
5520037;549240;Písek;;;;;151238;Smrkovice;769550;K Hùrkám;è.p.;135;;;39701;774052.14;1129872.13;2013-12-01T00:00:00
5520045;549240;Písek;;;;;151238;Smrkovice;;;è.p.;136;;;39701;773454.73;1128790.10;2013-12-01T00:00:00
5520053;549240;Písek;;;;;151238;Smrkovice;;;è.p.;137;;;39701;773510.64;1128577.66;2021-10-12T00:00:00
5520061;549240;Písek;;;;;151238;Smrkovice;;;è.p.;138;;;39701;774037.10;1130606.23;2013-12-01T00:00:00
5520070;549240;Písek;;;;;151238;Smrkovice;769673;U Školy;è.p.;139;;;39701;774048.35;1129281.34;2013-12-01T00:00:00
5520088;549240;Písek;;;;;151238;Smrkovice;769631;Semická;è.p.;140;;;39701;773984.52;1129292.17;2013-12-01T00:00:00
5520096;549240;Písek;;;;;151238;Smrkovice;769606;Novodvorská;è.p.;141;;;39701;773999.27;1129600.83;2013-12-01T00:00:00
5520100;549240;Písek;;;;;151238;Smrkovice;769622;Salátová;è.p.;142;;;39701;774201.71;1129448.28;2013-12-01T00:00:00
5520118;549240;Písek;;;;;151238;Smrkovice;769550;K Hùrkám;è.p.;143;;;39701;774082.38;1129695.44;2013-12-01T00:00:00
5520126;549240;Písek;;;;;151238;Smrkovice;;;è.p.;144;;;39701;774833.24;1128027.42;2014-02-06T00:00:00
5520134;549240;Písek;;;;;151238;Smrkovice;769606;Novodvorská;è.p.;145;;;39701;774022.13;1129627.66;2013-12-01T00:00:00
5520142;549240;Písek;;;;;151238;Smrkovice;769606;Novodvorská;è.p.;146;;;39701;774013.00;1129629.63;2013-12-01T00:00:00
5520151;549240;Písek;;;;;151238;Smrkovice;769606;Novodvorská;è.p.;147;;;39701;774004.12;1129631.65;2013-12-01T00:00:00
5520169;549240;Písek;;;;;151238;Smrkovice;769606;Novodvorská;è.p.;148;;;39701;773995.17;1129633.87;2013-12-01T00:00:00
5520177;549240;Písek;;;;;151238;Smrkovice;769606;Novodvorská;è.p.;149;;;39701;773986.35;1129635.84;2013-12-01T00:00:00
5520185;549240;Písek;;;;;151238;Smrkovice;769606;Novodvorská;è.p.;150;;;39701;773970.55;1129644.91;2013-12-01T00:00:00
5520193;549240;Písek;;;;;151238;Smrkovice;769606;Novodvorská;è.p.;151;;;39701;773962.09;1129647.60;2013-12-01T00:00:00
5520207;549240;Písek;;;;;151238;Smrkovice;769606;Novodvorská;è.p.;152;;;39701;773953.25;1129649.42;2013-12-01T00:00:00
5520215;549240;Písek;;;;;151238;Smrkovice;769606;Novodvorská;è.p.;153;;;39701;773944.35;1129651.29;2013-12-01T00:00:00
5520223;549240;Písek;;;;;151238;Smrkovice;769606;Novodvorská;è.p.;154;;;39701;773935.57;1129652.99;2013-12-01T00:00:00
5520231;549240;Písek;;;;;151238;Smrkovice;384801;Putimská Vysoká;è.p.;155;;;39701;775005.44;1127989.01;2014-02-06T00:00:00
5520240;549240;Písek;;;;;151238;Smrkovice;769606;Novodvorská;è.p.;156;;;39701;773870.88;1129665.41;2013-12-01T00:00:00
5520258;549240;Písek;;;;;151238;Smrkovice;769606;Novodvorská;è.p.;157;;;39701;773862.16;1129667.26;2013-12-01T00:00:00
5520266;549240;Písek;;;;;151238;Smrkovice;769606;Novodvorská;è.p.;158;;;39701;773853.20;1129669.38;2013-12-01T00:00:00
5520274;549240;Písek;;;;;151238;Smrkovice;769606;Novodvorská;è.p.;159;;;39701;773844.40;1129671.53;2013-12-01T00:00:00
5520282;549240;Písek;;;;;151238;Smrkovice;769606;Novodvorská;è.p.;160;;;39701;773835.67;1129673.22;2013-12-01T00:00:00
5520291;549240;Písek;;;;;151238;Smrkovice;769592;Na Nové;è.p.;161;;;39701;774266.31;1129025.83;2013-12-01T00:00:00
5520304;549240;Písek;;;;;151238;Smrkovice;;;è.p.;162;;;39701;774791.08;1128053.06;2014-02-06T00:00:00
5520312;549240;Písek;;;;;151238;Smrkovice;769550;K Hùrkám;è.p.;163;;;39701;774085.68;1129669.43;2013-12-01T00:00:00
5520321;549240;Písek;;;;;151238;Smrkovice;769657;Teplárenská;è.p.;164;;;39701;773996.32;1129141.99;2013-12-01T00:00:00
5520339;549240;Písek;;;;;151238;Smrkovice;769657;Teplárenská;è.p.;165;;;39701;774034.01;1129090.96;2013-12-01T00:00:00
5520347;549240;Písek;;;;;151238;Smrkovice;769550;K Hùrkám;è.p.;166;;;39701;774086.55;1129644.92;2013-12-01T00:00:00
5520355;549240;Písek;;;;;151238;Smrkovice;769606;Novodvorská;è.p.;167;;;39701;773826.78;1129675.63;2013-12-01T00:00:00
5520363;549240;Písek;;;;;151238;Smrkovice;384801;Putimská Vysoká;è.p.;168;;;39701;774964.04;1127998.11;2014-02-06T00:00:00
5520371;549240;Písek;;;;;151238;Smrkovice;769649;Šibánky;è.p.;169;;;39701;774501.29;1129471.58;2013-12-01T00:00:00
5520380;549240;Písek;;;;;151238;Smrkovice;769550;K Hùrkám;è.p.;170;;;39701;774085.37;1129779.84;2013-12-01T00:00:00
5520398;549240;Písek;;;;;151238;Smrkovice;769576;Na Boubín;è.p.;171;;;39701;774133.78;1129666.55;2013-12-01T00:00:00
5520401;549240;Písek;;;;;151238;Smrkovice;769550;K Hùrkám;è.p.;172;;;39701;774110.66;1129713.84;2013-12-01T00:00:00
5520410;549240;Písek;;;;;151238;Smrkovice;769665;U Rybníèka;è.p.;173;;;39701;774259.96;1129317.91;2013-12-01T00:00:00
5520428;549240;Písek;;;;;151238;Smrkovice;769550;K Hùrkám;è.p.;174;;;39701;774114.40;1129692.92;2013-12-11T00:00:00
5520436;549240;Písek;;;;;151238;Smrkovice;385557;Vydlaby;è.p.;175;;;39701;774857.64;1129962.12;2013-12-01T00:00:00
5520444;549240;Písek;;;;;151238;Smrkovice;769631;Semická;è.p.;176;;;39701;773960.83;1129191.29;2013-12-01T00:00:00
5520452;549240;Písek;;;;;151238;Smrkovice;769657;Teplárenská;è.p.;177;;;39701;774068.86;1129104.97;2013-12-01T00:00:00
5520461;549240;Písek;;;;;151238;Smrkovice;;;è.ev.;1;;;39701;775470.25;1133320.76;2013-12-01T00:00:00
5520479;549240;Písek;;;;;151238;Smrkovice;;;è.ev.;2;;;39701;775435.20;1133335.26;2013-12-01T00:00:00
5520487;549240;Písek;;;;;151238;Smrkovice;;;è.ev.;3;;;39701;775403.39;1133342.45;2013-12-01T00:00:00
5520495;549240;Písek;;;;;151238;Smrkovice;;;è.ev.;4;;;39701;775381.74;1133349.82;2013-12-01T00:00:00
5520509;549240;Písek;;;;;151238;Smrkovice;;;è.ev.;5;;;39701;775365.38;1133355.53;2013-12-01T00:00:00
5520517;549240;Písek;;;;;151238;Smrkovice;;;è.ev.;6;;;39701;775347.53;1133355.81;2013-12-01T00:00:00
5520525;549240;Písek;;;;;151238;Smrkovice;;;è.ev.;7;;;39701;775328.66;1133348.20;2013-12-01T00:00:00
5520541;549240;Písek;;;;;151238;Smrkovice;;;è.ev.;9;;;39701;775254.67;1133399.04;2013-12-01T00:00:00
5520550;549240;Písek;;;;;151238;Smrkovice;;;è.ev.;10;;;39701;775273.58;1133433.75;2013-12-01T00:00:00
5520568;549240;Písek;;;;;151238;Smrkovice;;;è.ev.;11;;;39701;775241.92;1133456.03;2013-12-01T00:00:00
5520576;549240;Písek;;;;;151238;Smrkovice;;;è.ev.;12;;;39701;775225.06;1133466.94;2013-12-01T00:00:00
5520584;549240;Písek;;;;;151238;Smrkovice;;;è.ev.;13;;;39701;775213.22;1133486.33;2013-12-01T00:00:00
5520592;549240;Písek;;;;;151238;Smrkovice;;;è.ev.;14;;;39701;775202.26;1133499.90;2013-12-01T00:00:00
5520606;549240;Písek;;;;;151238;Smrkovice;;;è.ev.;15;;;39701;775011.73;1133839.89;2013-12-01T00:00:00
5520614;549240;Písek;;;;;151238;Smrkovice;;;è.ev.;16;;;39701;774976.69;1133854.97;2013-12-01T00:00:00
5520622;549240;Písek;;;;;151238;Smrkovice;;;è.ev.;17;;;39701;774953.70;1133863.78;2013-12-01T00:00:00
5520631;549240;Písek;;;;;151238;Smrkovice;;;è.ev.;18;;;39701;774935.03;1133868.51;2013-12-01T00:00:00
5520649;549240;Písek;;;;;151238;Smrkovice;;;è.ev.;143;;;39701;774910.11;1133867.50;2022-10-24T00:00:00
5520657;549240;Písek;;;;;151238;Smrkovice;;;è.ev.;20;;;39701;774887.66;1133868.07;2013-12-01T00:00:00
5520665;549240;Písek;;;;;151238;Smrkovice;;;è.ev.;21;;;39701;774863.65;1133864.70;2013-12-01T00:00:00
5520673;549240;Písek;;;;;151238;Smrkovice;;;è.ev.;22;;;39701;774851.46;1133872.30;2013-12-01T00:00:00
5520681;549240;Písek;;;;;151238;Smrkovice;;;è.ev.;23;;;39701;774769.61;1133867.81;2013-12-01T00:00:00
5520690;549240;Písek;;;;;151238;Smrkovice;;;è.ev.;24;;;39701;774744.17;1133876.65;2013-12-01T00:00:00
5520703;549240;Písek;;;;;151238;Smrkovice;;;è.ev.;25;;;39701;774756.11;1133848.05;2013-12-01T00:00:00
5520711;549240;Písek;;;;;151238;Smrkovice;;;è.ev.;26;;;39701;774727.03;1133802.00;2013-12-01T00:00:00
5520720;549240;Písek;;;;;151238;Smrkovice;;;è.ev.;27;;;39701;774713.95;1133813.31;2013-12-01T00:00:00
5520746;549240;Písek;;;;;151238;Smrkovice;;;è.ev.;29;;;39701;774705.63;1133881.82;2013-12-01T00:00:00
5520754;549240;Písek;;;;;151238;Smrkovice;;;è.ev.;30;;;39701;774669.14;1133882.88;2013-12-01T00:00:00
5520771;549240;Písek;;;;;151238;Smrkovice;;;è.ev.;32;;;39701;774566.08;1133911.34;2013-12-01T00:00:00
5520789;549240;Písek;;;;;151238;Smrkovice;;;è.ev.;33;;;39701;774531.27;1133913.90;2013-12-01T00:00:00
5520797;549240;Písek;;;;;151238;Smrkovice;;;è.ev.;34;;;39701;774506.57;1133916.05;2013-12-01T00:00:00
5520801;549240;Písek;;;;;151238;Smrkovice;;;è.ev.;35;;;39701;774412.79;1133920.18;2013-12-01T00:00:00
5520819;549240;Písek;;;;;151238;Smrkovice;;;è.ev.;36;;;39701;774397.08;1133922.54;2013-12-01T00:00:00
5520827;549240;Písek;;;;;151238;Smrkovice;;;è.ev.;37;;;39701;774381.11;1133920.75;2013-12-01T00:00:00
5520835;549240;Písek;;;;;151238;Smrkovice;;;è.ev.;38;;;39701;774364.13;1133920.85;2013-12-01T00:00:00
5520843;549240;Písek;;;;;151238;Smrkovice;;;è.ev.;39;;;39701;774346.96;1133920.90;2013-12-01T00:00:00
5520851;549240;Písek;;;;;151238;Smrkovice;;;è.ev.;40;;;39701;774329.60;1133918.00;2013-12-01T00:00:00
5520860;549240;Písek;;;;;151238;Smrkovice;;;è.ev.;41;;;39701;774312.04;1133919.83;2013-12-01T00:00:00
5520878;549240;Písek;;;;;151238;Smrkovice;;;è.ev.;42;;;39701;774292.79;1133924.52;2013-12-01T00:00:00
5520886;549240;Písek;;;;;151238;Smrkovice;;;è.ev.;43;;;39701;774260.37;1133924.24;2013-12-01T00:00:00
5520894;549240;Písek;;;;;151238;Smrkovice;;;è.ev.;44;;;39701;774036.62;1134046.75;2013-12-01T00:00:00
5520908;549240;Písek;;;;;151238;Smrkovice;;;è.ev.;45;;;39701;774017.83;1134047.53;2013-12-01T00:00:00
5520916;549240;Písek;;;;;151238;Smrkovice;;;è.ev.;46;;;39701;773997.95;1134049.07;2013-12-01T00:00:00
5520924;549240;Písek;;;;;151238;Smrkovice;;;è.ev.;47;;;39701;773979.71;1134051.77;2013-12-01T00:00:00
5520941;549240;Písek;;;;;151238;Smrkovice;;;è.ev.;49;;;39701;774749.15;1133840.07;2013-12-01T00:00:00
5520959;549240;Písek;;;;;404519;Vnitøní Mìsto;385271;Velké námìstí;è.p.;1;24;;39701;774308.82;1126140.44;2013-12-01T00:00:00
5520967;549240;Písek;;;;;404519;Vnitøní Mìsto;385271;Velké námìstí;è.p.;2;22;;39701;774289.24;1126131.82;2013-12-01T00:00:00
5520975;549240;Písek;;;;;404519;Vnitøní Mìsto;385271;Velké námìstí;è.p.;3;20;;39701;774307.77;1126108.23;2013-12-01T00:00:00
5520983;549240;Písek;;;;;404519;Vnitøní Mìsto;385271;Velké námìstí;è.p.;4;18;;39701;774289.50;1126101.52;2013-12-01T00:00:00
5520991;549240;Písek;;;;;404519;Vnitøní Mìsto;385271;Velké námìstí;è.p.;5;16;;39701;774288.95;1126090.14;2013-12-01T00:00:00
5521009;549240;Písek;;;;;404519;Vnitøní Mìsto;385271;Velké námìstí;è.p.;6;14;;39701;774290.45;1126074.51;2013-12-01T00:00:00
5521017;549240;Písek;;;;;404519;Vnitøní Mìsto;385271;Velké námìstí;è.p.;7;12;;39701;774274.35;1126065.72;2013-12-01T00:00:00
5521025;549240;Písek;;;;;404519;Vnitøní Mìsto;384003;Heydukova;è.p.;8;1;;39701;774269.66;1126051.38;2013-12-01T00:00:00
5521033;549240;Písek;;;;;404519;Vnitøní Mìsto;384003;Heydukova;è.p.;9;5;;39701;774222.00;1126079.80;2013-12-01T00:00:00
5521041;549240;Písek;;;;;404519;Vnitøní Mìsto;384615;Ningrova;è.p.;10;1;;39701;774226.13;1126094.14;2013-12-01T00:00:00
5521050;549240;Písek;;;;;404519;Vnitøní Mìsto;384615;Ningrova;è.p.;11;3;;39701;774234.54;1126101.89;2013-12-01T00:00:00
5521068;549240;Písek;;;;;404519;Vnitøní Mìsto;384615;Ningrova;è.p.;12;5;;39701;774231.78;1126116.36;2013-12-01T00:00:00
5521076;549240;Písek;;;;;404519;Vnitøní Mìsto;384615;Ningrova;è.p.;13;7;;39701;774237.98;1126129.54;2013-12-01T00:00:00
5521084;549240;Písek;;;;;404519;Vnitøní Mìsto;384615;Ningrova;è.p.;14;9;;39701;774247.25;1126145.84;2013-12-01T00:00:00
5521092;549240;Písek;;;;;404519;Vnitøní Mìsto;383732;Alšovo nám.;è.p.;15;12;;39701;774250.07;1126156.86;2013-12-01T00:00:00
5521106;549240;Písek;;;;;404519;Vnitøní Mìsto;383732;Alšovo nám.;è.p.;16;10;;39701;774257.27;1126166.61;2013-12-01T00:00:00
5521114;549240;Písek;;;;;404519;Vnitøní Mìsto;383732;Alšovo nám.;è.p.;17;8;;39701;774260.69;1126174.27;2013-12-01T00:00:00
5521149;549240;Písek;;;;;404519;Vnitøní Mìsto;385271;Velké námìstí;è.p.;26;26;;39701;774314.50;1126151.97;2013-12-01T00:00:00
5521157;549240;Písek;;;;;404519;Vnitøní Mìsto;385271;Velké námìstí;è.p.;27;19;;39701;774371.09;1126212.57;2013-12-01T00:00:00
5521165;549240;Písek;;;;;404519;Vnitøní Mìsto;385271;Velké námìstí;è.p.;28;21;;39701;774352.38;1126203.82;2013-12-01T00:00:00
5521173;549240;Písek;;;;;404519;Vnitøní Mìsto;384160;Jungmannova;è.p.;29;1;;39701;774345.91;1126211.68;2013-12-01T00:00:00
5521181;549240;Písek;;;;;404519;Vnitøní Mìsto;384160;Jungmannova;è.p.;30;3;;39701;774338.01;1126216.75;2013-12-01T00:00:00
5521190;549240;Písek;;;;;404519;Vnitøní Mìsto;384160;Jungmannova;è.p.;31;5;;39701;774329.70;1126221.63;2013-12-01T00:00:00
5521203;549240;Písek;;;;;404519;Vnitøní Mìsto;384160;Jungmannova;è.p.;32;7;;39701;774322.21;1126228.30;2013-12-01T00:00:00
5521211;549240;Písek;;;;;404519;Vnitøní Mìsto;384160;Jungmannova;è.p.;33;9;;39701;774309.84;1126234.42;2013-12-01T00:00:00
5521220;549240;Písek;;;;;404519;Vnitøní Mìsto;384160;Jungmannova;è.p.;34;11;;39701;774302.79;1126245.34;2013-12-01T00:00:00
5521238;549240;Písek;;;;;404519;Vnitøní Mìsto;383732;Alšovo nám.;è.p.;35;1;;39701;774297.41;1126253.72;2013-12-01T00:00:00
5521246;549240;Písek;;;;;404519;Vnitøní Mìsto;383732;Alšovo nám.;è.p.;36;3;;39701;774287.36;1126256.78;2013-12-01T00:00:00
5521254;549240;Písek;;;;;404519;Vnitøní Mìsto;383732;Alšovo nám.;è.p.;37;5;;39701;774277.05;1126254.82;2013-12-01T00:00:00
5521262;549240;Písek;;;;;404519;Vnitøní Mìsto;383732;Alšovo nám.;è.p.;38;7;;39701;774270.96;1126264.85;2013-12-01T00:00:00
5521271;549240;Písek;;;;;404519;Vnitøní Mìsto;384348;Leoše Janáèka;è.p.;39;1;;39701;774258.17;1126268.79;2013-12-01T00:00:00
5521289;549240;Písek;;;;;404519;Vnitøní Mìsto;384348;Leoše Janáèka;è.p.;40;3;;39701;774264.57;1126288.30;2013-12-01T00:00:00
5521297;549240;Písek;;;;;404519;Vnitøní Mìsto;384348;Leoše Janáèka;è.p.;41;5;;39701;774270.36;1126302.97;2013-12-01T00:00:00
5521301;549240;Písek;;;;;404519;Vnitøní Mìsto;383759;Bakaláøe;è.p.;42;1;;39701;774273.56;1126312.73;2013-12-01T00:00:00
5521319;549240;Písek;;;;;404519;Vnitøní Mìsto;383759;Bakaláøe;è.p.;43;6;;39701;774219.78;1126348.88;2013-12-01T00:00:00
5521327;549240;Písek;;;;;404519;Vnitøní Mìsto;383759;Bakaláøe;è.p.;44;4;;39701;774224.39;1126326.74;2013-12-01T00:00:00
5521335;549240;Písek;;;;;404519;Vnitøní Mìsto;383759;Bakaláøe;è.p.;45;2;;39701;774242.81;1126320.20;2013-12-01T00:00:00
5521343;549240;Písek;;;;;404519;Vnitøní Mìsto;384348;Leoše Janáèka;è.p.;46;6;;39701;774245.49;1126307.57;2013-12-01T00:00:00
5521351;549240;Písek;;;;;404519;Vnitøní Mìsto;384348;Leoše Janáèka;è.p.;47;4;;39701;774246.60;1126298.43;2013-12-01T00:00:00
5521360;549240;Písek;;;;;404519;Vnitøní Mìsto;384348;Leoše Janáèka;è.p.;48;2;;39701;774249.07;1126284.57;2013-12-01T00:00:00
5521378;549240;Písek;;;;;404519;Vnitøní Mìsto;384348;Leoše Janáèka;è.p.;49;;;39701;774246.26;1126272.63;2013-12-01T00:00:00
5521386;549240;Písek;;;;;404519;Vnitøní Mìsto;383848;Chelèického;è.p.;50;1;;39701;774216.89;1126263.39;2013-12-01T00:00:00
5521394;549240;Písek;;;;;404519;Vnitøní Mìsto;383848;Chelèického;è.p.;52;5;;39701;774193.50;1126292.74;2013-12-01T00:00:00
5521408;549240;Písek;;;;;404519;Vnitøní Mìsto;383848;Chelèického;è.p.;53;7;;39701;774183.27;1126299.45;2013-12-01T00:00:00
5521416;549240;Písek;;;;;404519;Vnitøní Mìsto;383848;Chelèického;è.p.;54;9;;39701;774173.17;1126304.87;2013-12-01T00:00:00
5521424;549240;Písek;;;;;404519;Vnitøní Mìsto;383848;Chelèického;è.p.;55;11;;39701;774161.07;1126313.49;2013-12-01T00:00:00
5521432;549240;Písek;;;;;404519;Vnitøní Mìsto;384305;Komenského;è.p.;56;1;;39701;774134.09;1126297.26;2013-12-01T00:00:00
5521441;549240;Písek;;;;;404519;Vnitøní Mìsto;383848;Chelèického;è.p.;57;6;;39701;774154.52;1126280.17;2013-12-01T00:00:00
5521459;549240;Písek;;;;;404519;Vnitøní Mìsto;384895;Soukenická;è.p.;58;;;39701;774134.58;1126248.37;2013-12-01T00:00:00
5521467;549240;Písek;;;;;404519;Vnitøní Mìsto;384305;Komenského;è.p.;61;7;;39701;774100.27;1126194.91;2013-12-01T00:00:00
5521483;549240;Písek;;;;;404519;Vnitøní Mìsto;384305;Komenského;è.p.;64;13;;39701;774092.11;1126154.92;2013-12-01T00:00:00
5521491;549240;Písek;;;;;404519;Vnitøní Mìsto;384895;Soukenická;è.p.;65;15;;39701;774111.24;1126142.47;2013-12-01T00:00:00
5521505;549240;Písek;;;;;404519;Vnitøní Mìsto;384607;Nerudova;è.p.;66;8;;39701;774095.81;1126118.17;2013-12-01T00:00:00
5521513;549240;Písek;;;;;404519;Vnitøní Mìsto;384607;Nerudova;è.p.;67;6;;39701;774108.60;1126113.96;2013-12-01T00:00:00
5521521;549240;Písek;;;;;404519;Vnitøní Mìsto;384593;Palackého sady;è.p.;68;;;39701;774110.98;1126087.13;2013-12-01T00:00:00
5521530;549240;Písek;;;;;404519;Vnitøní Mìsto;384895;Soukenická;è.p.;69;10;;39701;774143.07;1126207.55;2013-12-01T00:00:00
5521564;549240;Písek;;;;;404519;Vnitøní Mìsto;383848;Chelèického;è.p.;72;4;;39701;774170.91;1126266.66;2013-12-01T00:00:00
5521572;549240;Písek;;;;;404519;Vnitøní Mìsto;383848;Chelèického;è.p.;73;2;;39701;774185.77;1126253.30;2013-12-01T00:00:00
5521581;549240;Písek;;;;;404519;Vnitøní Mìsto;383732;Alšovo nám.;è.p.;74;11;;39701;774203.32;1126230.83;2013-12-01T00:00:00
5521599;549240;Písek;;;;;404519;Vnitøní Mìsto;383732;Alšovo nám.;è.p.;75;13;;39701;774199.81;1126206.17;2013-12-01T00:00:00
5521602;549240;Písek;;;;;404519;Vnitøní Mìsto;383732;Alšovo nám.;è.p.;76;;;39701;774190.71;1126191.86;2013-12-01T00:00:00
5521611;549240;Písek;;;;;404519;Vnitøní Mìsto;383732;Alšovo nám.;è.p.;77;;;39701;774167.99;1126185.46;2013-12-01T00:00:00
5521629;549240;Písek;;;;;404519;Vnitøní Mìsto;384861;Smetanova;è.p.;78;1;;39701;774175.16;1126161.82;2013-12-01T00:00:00
5521637;549240;Písek;;;;;404519;Vnitøní Mìsto;384861;Smetanova;è.p.;79;3;;39701;774170.41;1126144.00;2013-12-01T00:00:00
5521645;549240;Písek;;;;;404519;Vnitøní Mìsto;384607;Nerudova;è.p.;80;1;;39701;774163.18;1126123.27;2013-12-01T00:00:00
5521653;549240;Písek;;;;;404519;Vnitøní Mìsto;384607;Nerudova;è.p.;81;3;;39701;774140.68;1126126.95;2013-12-01T00:00:00
5521661;549240;Písek;;;;;404519;Vnitøní Mìsto;384861;Smetanova;è.p.;82;4;;39701;774191.77;1126131.68;2013-12-01T00:00:00
5521670;549240;Písek;;;;;404519;Vnitøní Mìsto;384861;Smetanova;è.p.;83;2;;39701;774197.02;1126144.73;2013-12-01T00:00:00
5521688;549240;Písek;;;;;404519;Vnitøní Mìsto;383732;Alšovo nám.;è.p.;84;16;;39701;774203.35;1126160.36;2013-12-01T00:00:00
5521696;549240;Písek;;;;;404519;Vnitøní Mìsto;383732;Alšovo nám.;è.p.;85;14;;39701;774216.71;1126151.84;2013-12-01T00:00:00
5521700;549240;Písek;;;;;404519;Vnitøní Mìsto;384615;Ningrova;è.p.;86;2;;39701;774200.73;1126110.50;2013-12-01T00:00:00
5521718;549240;Písek;;;;;404519;Vnitøní Mìsto;384861;Smetanova;è.p.;87;6;;39701;774187.92;1126114.77;2013-12-01T00:00:00
5521726;549240;Písek;;;;;404519;Vnitøní Mìsto;384607;Nerudova;è.p.;88;2;;39701;774144.08;1126106.51;2013-12-01T00:00:00
5521734;549240;Písek;;;;;404519;Vnitøní Mìsto;385565;V Koutì;è.p.;89;;;39701;774147.06;1126095.57;2013-12-01T00:00:00
5521742;549240;Písek;;;;;404519;Vnitøní Mìsto;385565;V Koutì;è.p.;90;;;39701;774117.89;1126076.03;2023-07-10T00:00:00
5521751;549240;Písek;;;;;404519;Vnitøní Mìsto;385565;V Koutì;è.p.;91;;;39701;774138.22;1126066.81;2013-12-01T00:00:00
5521769;549240;Písek;;;;;404519;Vnitøní Mìsto;385565;V Koutì;è.p.;92;;;39701;774152.61;1126078.49;2013-12-01T00:00:00
5521777;549240;Písek;;;;;404519;Vnitøní Mìsto;383988;Havlíèkovo nám.;è.p.;93;6;;39701;774160.68;1126067.87;2013-12-01T00:00:00
5521785;549240;Písek;;;;;404519;Vnitøní Mìsto;383988;Havlíèkovo nám.;è.p.;94;4;;39701;774176.53;1126074.36;2013-12-01T00:00:00
5521793;549240;Písek;;;;;404519;Vnitøní Mìsto;383988;Havlíèkovo nám.;è.p.;95;2;;39701;774187.28;1126069.14;2013-12-01T00:00:00
5521807;549240;Písek;;;;;404519;Vnitøní Mìsto;384003;Heydukova;è.p.;96;14;;39701;774193.95;1126044.11;2013-12-01T00:00:00
5521815;549240;Písek;;;;;404519;Vnitøní Mìsto;384003;Heydukova;è.p.;97;15;;39701;774208.33;1126063.64;2013-12-01T00:00:00
5521823;549240;Písek;;;;;404519;Vnitøní Mìsto;384593;Palackého sady;è.p.;98;;;39701;774208.59;1126021.97;2013-12-01T00:00:00
5521831;549240;Písek;;;;;404519;Vnitøní Mìsto;384003;Heydukova;è.p.;99;8;;39701;774230.37;1126042.12;2013-12-01T00:00:00
5521840;549240;Písek;;;;;404519;Vnitøní Mìsto;384003;Heydukova;è.p.;100;4;;39701;774259.07;1126041.26;2018-06-13T00:00:00
5521858;549240;Písek;;;;;404519;Vnitøní Mìsto;384003;Heydukova;è.p.;101;2;;39701;774269.78;1126026.39;2013-12-01T00:00:00
5521866;549240;Písek;;;;;404519;Vnitøní Mìsto;385271;Velké námìstí;è.p.;102;10;;39701;774280.75;1126019.75;2013-12-01T00:00:00
5521874;549240;Písek;;;;;404519;Vnitøní Mìsto;385271;Velké námìstí;è.p.;103;8;;39701;774294.40;1126025.41;2013-12-01T00:00:00
5521882;549240;Písek;;;;;404519;Vnitøní Mìsto;385271;Velké námìstí;è.p.;104;6;;39701;774301.40;1126010.11;2013-12-01T00:00:00
5521891;549240;Písek;;;;;404519;Vnitøní Mìsto;385271;Velké námìstí;è.p.;105;4;;39701;774312.32;1126002.03;2013-12-01T00:00:00
5521904;549240;Písek;;;;;404519;Vnitøní Mìsto;384593;Palackého sady;è.p.;106;;;39701;774302.47;1125965.81;2013-12-01T00:00:00
5521912;549240;Písek;;;;;404519;Vnitøní Mìsto;384224;Karlova;è.p.;107;1;;39701;774329.80;1125978.94;2013-12-01T00:00:00
5521921;549240;Písek;;;;;404519;Vnitøní Mìsto;384224;Karlova;è.p.;108;3;;39701;774339.81;1125958.31;2013-12-01T00:00:00
5521939;549240;Písek;;;;;404519;Vnitøní Mìsto;384224;Karlova;è.p.;109;5;;39701;774352.87;1125939.28;2013-12-01T00:00:00
5521947;549240;Písek;;;;;404519;Vnitøní Mìsto;384224;Karlova;è.p.;110;6;;39701;774370.76;1125955.22;2013-12-01T00:00:00
5521955;549240;Písek;;;;;404519;Vnitøní Mìsto;384224;Karlova;è.p.;111;4;;39701;774358.31;1125989.83;2013-12-01T00:00:00
5521963;549240;Písek;;;;;404519;Vnitøní Mìsto;384224;Karlova;è.p.;112;2;;39701;774344.05;1126028.90;2013-12-01T00:00:00
5521971;549240;Písek;;;;;404519;Vnitøní Mìsto;385271;Velké námìstí;è.p.;113;1;;39701;774413.10;1126083.43;2013-12-01T00:00:00
5521980;549240;Písek;;;;;404519;Vnitøní Mìsto;385271;Velké námìstí;è.p.;114;3;;39701;774342.91;1126053.70;2013-12-01T00:00:00
5521998;549240;Písek;;;;;404519;Vnitøní Mìsto;385271;Velké námìstí;è.p.;115;5;;39701;774356.50;1126067.93;2013-12-01T00:00:00
5522005;549240;Písek;;;;;404519;Vnitøní Mìsto;385271;Velké námìstí;è.p.;116;7;;39701;774354.23;1126081.09;2013-12-01T00:00:00
5522013;549240;Písek;;;;;404519;Vnitøní Mìsto;385271;Velké námìstí;è.p.;117;9;;39701;774357.80;1126089.63;2013-12-01T00:00:00
5522021;549240;Písek;;;;;404519;Vnitøní Mìsto;385271;Velké námìstí;è.p.;118;11;;39701;774360.80;1126096.38;2013-12-01T00:00:00
5522030;549240;Písek;;;;;404519;Vnitøní Mìsto;385271;Velké námìstí;è.p.;119;13;;39701;774371.05;1126107.07;2013-12-01T00:00:00
5522048;549240;Písek;;;;;404519;Vnitøní Mìsto;385271;Velké námìstí;è.p.;120;15;;39701;774378.25;1126124.45;2013-12-01T00:00:00
5522056;549240;Písek;;;;;404519;Vnitøní Mìsto;385271;Velké námìstí;è.p.;121;17;;39701;774388.69;1126133.72;2013-12-01T00:00:00
5522064;549240;Písek;;;;;404519;Vnitøní Mìsto;383953;Fráni Šrámka;è.p.;122;;;39701;774391.87;1126191.31;2013-12-01T00:00:00
5522072;549240;Písek;;;;;404519;Vnitøní Mìsto;384038;Hradební I;è.p.;124;3;;39701;774436.36;1126244.36;2013-12-01T00:00:00
5522081;549240;Písek;;;;;404519;Vnitøní Mìsto;384038;Hradební I;è.p.;125;5;;39701;774440.07;1126254.04;2013-12-01T00:00:00
5522099;549240;Písek;;;;;404519;Vnitøní Mìsto;383953;Fráni Šrámka;è.p.;126;;;39701;774415.11;1126242.06;2013-12-01T00:00:00
5522102;549240;Písek;;;;;404519;Vnitøní Mìsto;383953;Fráni Šrámka;è.p.;127;;;39701;774420.63;1126257.55;2013-12-01T00:00:00
5522111;549240;Písek;;;;;404519;Vnitøní Mìsto;383953;Fráni Šrámka;è.p.;128;;;39701;774436.64;1126266.11;2013-12-01T00:00:00
5522129;549240;Písek;;;;;404519;Vnitøní Mìsto;383953;Fráni Šrámka;è.p.;129;;;39701;774430.06;1126278.96;2013-12-01T00:00:00
5522137;549240;Písek;;;;;404519;Vnitøní Mìsto;383953;Fráni Šrámka;è.p.;130;;;39701;774432.58;1126288.08;2013-12-01T00:00:00
5522145;549240;Písek;;;;;404519;Vnitøní Mìsto;383953;Fráni Šrámka;è.p.;131;;;39701;774435.37;1126303.38;2013-12-01T00:00:00
5522153;549240;Písek;;;;;404519;Vnitøní Mìsto;384046;Hradební II;è.p.;132;1;;39701;774416.58;1126318.10;2013-12-01T00:00:00
5522161;549240;Písek;;;;;404519;Vnitøní Mìsto;384046;Hradební II;è.p.;133;3;;39701;774394.40;1126324.45;2013-12-01T00:00:00
5522170;549240;Písek;;;;;404519;Vnitøní Mìsto;384046;Hradební II;è.p.;134;5;;39701;774378.08;1126329.28;2013-12-01T00:00:00
5522188;549240;Písek;;;;;404519;Vnitøní Mìsto;383759;Bakaláøe;è.p.;135;5;;39701;774356.58;1126338.24;2013-12-01T00:00:00
5522196;549240;Písek;;;;;404519;Vnitøní Mìsto;383953;Fráni Šrámka;è.p.;136;;;39701;774412.87;1126304.23;2013-12-01T00:00:00
5522200;549240;Písek;;;;;404519;Vnitøní Mìsto;383902;Drlíèov;è.p.;137;1;;39701;774408.48;1126288.81;2013-12-01T00:00:00
5522218;549240;Písek;;;;;404519;Vnitøní Mìsto;383902;Drlíèov;è.p.;138;3;;39701;774393.30;1126294.11;2013-12-01T00:00:00
5522226;549240;Písek;;;;;404519;Vnitøní Mìsto;383902;Drlíèov;è.p.;139;5;;39701;774381.14;1126297.82;2013-12-01T00:00:00
5522234;549240;Písek;;;;;404519;Vnitøní Mìsto;383902;Drlíèov;è.p.;140;7;;39701;774367.64;1126301.98;2013-12-01T00:00:00
5522242;549240;Písek;;;;;404519;Vnitøní Mìsto;383902;Drlíèov;è.p.;141;9;;39701;774363.15;1126309.34;2013-12-01T00:00:00
5522251;549240;Písek;;;;;404519;Vnitøní Mìsto;383902;Drlíèov;è.p.;142;11;;39701;774354.12;1126311.04;2013-12-01T00:00:00
5522269;549240;Písek;;;;;404519;Vnitøní Mìsto;383902;Drlíèov;è.p.;143;13;;39701;774342.02;1126317.22;2013-12-01T00:00:00
5522277;549240;Písek;;;;;404519;Vnitøní Mìsto;383902;Drlíèov;è.p.;144;15;;39701;774331.04;1126321.49;2019-12-12T00:00:00
5522285;549240;Písek;;;;;404519;Vnitøní Mìsto;383902;Drlíèov;è.p.;145;17;;39701;774323.70;1126331.16;2013-12-01T00:00:00
5522293;549240;Písek;;;;;404519;Vnitøní Mìsto;384003;Heydukova;è.p.;146;6;;39701;774242.98;1126038.39;2013-12-01T00:00:00
5522307;549240;Písek;;;;;404519;Vnitøní Mìsto;383759;Bakaláøe;è.p.;147;3;;39701;774299.75;1126314.04;2013-12-01T00:00:00
5522315;549240;Písek;;;;;404519;Vnitøní Mìsto;383902;Drlíèov;è.p.;148;18;;39701;774315.14;1126307.66;2013-12-01T00:00:00
5522323;549240;Písek;;;;;404519;Vnitøní Mìsto;383902;Drlíèov;è.p.;149;16;;39701;774331.22;1126299.32;2021-01-14T00:00:00
5522331;549240;Písek;;;;;404519;Vnitøní Mìsto;383902;Drlíèov;è.p.;150;14;;39701;774343.77;1126287.62;2013-12-01T00:00:00
5522340;549240;Písek;;;;;404519;Vnitøní Mìsto;383902;Drlíèov;è.p.;151;12;;39701;774355.20;1126286.12;2013-12-01T00:00:00
5522358;549240;Písek;;;;;404519;Vnitøní Mìsto;383902;Drlíèov;è.p.;152;10;;39701;774364.00;1126282.37;2013-12-01T00:00:00
5522366;549240;Písek;;;;;404519;Vnitøní Mìsto;383902;Drlíèov;è.p.;153;8;;39701;774371.40;1126275.05;2013-12-01T00:00:00
5522374;549240;Písek;;;;;404519;Vnitøní Mìsto;383902;Drlíèov;è.p.;154;6;;39701;774381.03;1126271.41;2013-12-01T00:00:00
5522382;549240;Písek;;;;;404519;Vnitøní Mìsto;383902;Drlíèov;è.p.;155;4;;39701;774391.63;1126273.29;2013-12-01T00:00:00
5522391;549240;Písek;;;;;404519;Vnitøní Mìsto;383953;Fráni Šrámka;è.p.;156;;;39701;774401.22;1126267.10;2013-12-01T00:00:00
5522404;549240;Písek;;;;;404519;Vnitøní Mìsto;383953;Fráni Šrámka;è.p.;157;;;39701;774394.63;1126254.15;2013-12-01T00:00:00
5522412;549240;Písek;;;;;404519;Vnitøní Mìsto;383953;Fráni Šrámka;è.p.;158;;;39701;774389.63;1126242.59;2013-12-01T00:00:00
5522421;549240;Písek;;;;;404519;Vnitøní Mìsto;384615;Ningrova;è.p.;159;4;;39701;774209.00;1126128.07;2013-12-01T00:00:00
5522439;549240;Písek;;;;;404519;Vnitøní Mìsto;384895;Soukenická;è.p.;160;14;;39701;774133.72;1126189.93;2013-12-01T00:00:00
5522447;549240;Písek;;;;;404519;Vnitøní Mìsto;384895;Soukenická;è.p.;161;12;;39701;774135.68;1126199.25;2013-12-01T00:00:00
5522455;549240;Písek;;;;;404519;Vnitøní Mìsto;384895;Soukenická;è.p.;162;16;;39701;774125.81;1126129.66;2013-12-01T00:00:00
5522463;549240;Písek;;;;;404519;Vnitøní Mìsto;384607;Nerudova;è.p.;163;4;;39701;774119.76;1126111.33;2013-12-01T00:00:00
5522471;549240;Písek;;;;;404519;Vnitøní Mìsto;384003;Heydukova;è.p.;164;3;;39701;774245.97;1126068.44;2013-12-01T00:00:00
5522480;549240;Písek;;;;;404519;Vnitøní Mìsto;383759;Bakaláøe;è.p.;165;7;;39701;774368.21;1126334.39;2013-12-01T00:00:00
5522501;549240;Písek;;;;;404519;Vnitøní Mìsto;383953;Fráni Šrámka;è.p.;167;;;39701;774399.33;1126205.84;2013-12-01T00:00:00
5522510;549240;Písek;;;;;404519;Vnitøní Mìsto;384593;Palackého sady;è.p.;168;;;39701;774225.77;1126008.88;2013-12-01T00:00:00
5522528;549240;Písek;;;;;404519;Vnitøní Mìsto;383953;Fráni Šrámka;è.p.;169;;;39701;774413.99;1126222.57;2013-12-01T00:00:00
5522536;549240;Písek;;;;;404519;Vnitøní Mìsto;384895;Soukenická;è.p.;170;2;;39701;774152.12;1126243.03;2013-12-01T00:00:00
5522544;549240;Písek;;;;;404519;Vnitøní Mìsto;384895;Soukenická;è.p.;171;4;;39701;774150.26;1126233.35;2013-12-01T00:00:00
5522552;549240;Písek;;;;;404519;Vnitøní Mìsto;384003;Heydukova;è.p.;172;10;;39701;774218.85;1126050.36;2013-12-01T00:00:00
5522561;549240;Písek;;;;;404519;Vnitøní Mìsto;383953;Fráni Šrámka;è.p.;173;;;39701;774421.11;1126178.10;2013-12-01T00:00:00
5522579;549240;Písek;;;;;404519;Vnitøní Mìsto;384721;Podskalí;è.p.;174;;;39701;774416.62;1126127.50;2013-12-01T00:00:00
5522587;549240;Písek;;;;;404519;Vnitøní Mìsto;385271;Velké námìstí;è.p.;175;;;39701;774314.31;1126175.22;2013-12-01T00:00:00
5522595;549240;Písek;;;;;404519;Vnitøní Mìsto;384895;Soukenická;è.p.;176;1;;39701;774124.90;1126231.22;2013-12-01T00:00:00
5522609;549240;Písek;;;;;404519;Vnitøní Mìsto;384895;Soukenická;è.p.;177;3;;39701;774120.73;1126214.02;2013-12-01T00:00:00
5522617;549240;Písek;;;;;404519;Vnitøní Mìsto;383732;Alšovo nám.;è.p.;178;;;39701;774257.35;1126188.44;2026-01-23T00:00:00
5522625;549240;Písek;;;;;404519;Vnitøní Mìsto;385271;Velké námìstí;è.p.;180;2;;39701;774319.45;1125988.63;2013-12-01T00:00:00
5522633;549240;Písek;;;;;404519;Vnitøní Mìsto;385271;Velké námìstí;è.p.;181;;;39701;774272.10;1126126.93;2013-12-01T00:00:00
5522641;549240;Písek;;;;;404519;Vnitøní Mìsto;384895;Soukenická;è.p.;182;;;39701;774108.74;1126179.18;2013-12-01T00:00:00
5522650;549240;Písek;;;;;404527;Budìjovické Pøedmìstí;384224;Karlova;è.p.;1;7;;39701;774355.54;1125927.43;2013-12-01T00:00:00
5522668;549240;Písek;;;;;404527;Budìjovické Pøedmìstí;384062;Husovo nám.;è.p.;2;24;;39701;774020.62;1126655.03;2014-02-07T00:00:00
5522676;549240;Písek;;;;;404527;Budìjovické Pøedmìstí;384224;Karlova;è.p.;3;9;;39701;774365.01;1125917.55;2013-12-01T00:00:00
5522684;549240;Písek;;;;;404527;Budìjovické Pøedmìstí;384062;Husovo nám.;è.p.;4;12;;39701;774000.96;1126586.15;2014-02-07T00:00:00
5522692;549240;Písek;;;;;404527;Budìjovické Pøedmìstí;384291;Kollárova;è.p.;14;;;39701;774353.05;1125586.66;2013-12-01T00:00:00
5522714;549240;Písek;;;;;404527;Budìjovické Pøedmìstí;384411;Na Houpaèkách;è.p.;17;50;;39701;773919.70;1125470.77;2013-12-01T00:00:00
5522731;549240;Písek;;;;;404527;Budìjovické Pøedmìstí;385093;Tyršova;è.p.;28;;;39701;774175.39;1125855.59;2013-12-01T00:00:00
5522749;549240;Písek;;;;;404527;Budìjovické Pøedmìstí;383961;Fügnerovo nám.;è.p.;42;6;;39701;774346.56;1125861.22;2013-12-01T00:00:00
5522757;549240;Písek;;;;;404527;Budìjovické Pøedmìstí;383961;Fügnerovo nám.;è.p.;44;8;;39701;774331.08;1125865.12;2013-12-01T00:00:00
5522765;549240;Písek;;;;;404527;Budìjovické Pøedmìstí;383961;Fügnerovo nám.;è.p.;45;10;;39701;774315.25;1125866.38;2013-12-01T00:00:00
5522773;549240;Písek;;;;;404527;Budìjovické Pøedmìstí;384321;Lázeòská;è.p.;46;38;;39701;773933.29;1125411.20;2013-12-01T00:00:00
5522781;549240;Písek;;;;;404527;Budìjovické Pøedmìstí;383961;Fügnerovo nám.;è.p.;47;12;;39701;774293.65;1125870.43;2013-12-01T00:00:00
5522790;549240;Písek;;;;;404527;Budìjovické Pøedmìstí;383961;Fügnerovo nám.;è.p.;48;14;;39701;774264.74;1125871.34;2013-12-01T00:00:00
5522803;549240;Písek;;;;;404527;Budìjovické Pøedmìstí;383961;Fügnerovo nám.;è.p.;49;16;;39701;774259.05;1125878.21;2013-12-01T00:00:00
5522811;549240;Písek;;;;;404527;Budìjovické Pøedmìstí;383961;Fügnerovo nám.;è.p.;50;18;;39701;774251.70;1125880.82;2013-12-01T00:00:00
5522820;549240;Písek;;;;;404527;Budìjovické Pøedmìstí;384062;Husovo nám.;è.p.;51;16;;39701;774006.07;1126608.81;2014-02-07T00:00:00
5522838;549240;Písek;;;;;404527;Budìjovické Pøedmìstí;383961;Fügnerovo nám.;è.p.;52;20;;39701;774243.93;1125882.93;2013-12-01T00:00:00
5522846;549240;Písek;;;;;404527;Budìjovické Pøedmìstí;385093;Tyršova;è.p.;53;2;;39701;774234.68;1125885.88;2013-12-01T00:00:00
5522854;549240;Písek;;;;;404527;Budìjovické Pøedmìstí;385409;ikova tøída;è.p.;54;42;;39701;773765.23;1125957.40;2013-12-01T00:00:00
5522862;549240;Písek;;;;;404527;Budìjovické Pøedmìstí;385093;Tyršova;è.p.;55;4;;39701;774229.51;1125862.17;2013-12-01T00:00:00
5522871;549240;Písek;;;;;404527;Budìjovické Pøedmìstí;385093;Tyršova;è.p.;57;6;;39701;774226.99;1125853.31;2013-12-01T00:00:00
5522889;549240;Písek;;;;;404527;Budìjovické Pøedmìstí;385093;Tyršova;è.p.;58;8;;39701;774227.26;1125843.12;2013-12-01T00:00:00
5522897;549240;Písek;;;;;404527;Budìjovické Pøedmìstí;385093;Tyršova;è.p.;59;10;;39701;774221.73;1125832.65;2013-12-01T00:00:00
5522901;549240;Písek;;;;;404527;Budìjovické Pøedmìstí;385093;Tyršova;è.p.;60;12;;39701;774217.97;1125822.13;2013-12-01T00:00:00
5522919;549240;Písek;;;;;404527;Budìjovické Pøedmìstí;385093;Tyršova;è.p.;61;14;;39701;774245.80;1125798.27;2013-12-01T00:00:00
5522927;549240;Písek;;;;;404527;Budìjovické Pøedmìstí;385093;Tyršova;è.p.;62;16;;39701;774208.71;1125803.48;2013-12-01T00:00:00
5522935;549240;Písek;;;;;404527;Budìjovické Pøedmìstí;385093;Tyršova;è.p.;63;18;;39701;774200.10;1125786.04;2013-12-01T00:00:00
5522943;549240;Písek;;;;;404527;Budìjovické Pøedmìstí;385093;Tyršova;è.p.;64;7;;39701;774196.19;1125831.88;2013-12-01T00:00:00
5522951;549240;Písek;;;;;404527;Budìjovické Pøedmìstí;385093;Tyršova;è.p.;65;5;;39701;774201.69;1125848.69;2013-12-01T00:00:00
5522960;549240;Písek;;;;;404527;Budìjovické Pøedmìstí;385093;Tyršova;è.p.;66;1;;39701;774211.27;1125895.70;2013-12-01T00:00:00
5522978;549240;Písek;;;;;404527;Budìjovické Pøedmìstí;384399;Mírové nám.;è.p.;67;;;39701;773693.51;1125782.43;2013-12-01T00:00:00
5522994;549240;Písek;;;;;404527;Budìjovické Pøedmìstí;385085;Tylova;è.p.;69;8;;39701;774131.00;1125949.89;2013-12-01T00:00:00
5523001;549240;Písek;;;;;404527;Budìjovické Pøedmìstí;385085;Tylova;è.p.;70;10;;39701;774114.31;1125969.33;2013-12-01T00:00:00
5523010;549240;Písek;;;;;404527;Budìjovické Pøedmìstí;385107;U Høebèince;è.p.;71;;;39701;773305.88;1127483.90;2013-12-01T00:00:00
5523028;549240;Písek;;;;;404527;Budìjovické Pøedmìstí;385085;Tylova;è.p.;72;14;;39701;774086.51;1125985.06;2013-12-01T00:00:00
5523036;549240;Písek;;;;;404527;Budìjovické Pøedmìstí;385085;Tylova;è.p.;73;16;;39701;774069.07;1125991.19;2013-12-01T00:00:00
5523044;549240;Písek;;;;;404527;Budìjovické Pøedmìstí;385085;Tylova;è.p.;75;20;;39701;774040.23;1126008.56;2013-12-01T00:00:00
5523052;549240;Písek;;;;;404527;Budìjovické Pøedmìstí;385085;Tylova;è.p.;76;22;;39701;774030.74;1126013.75;2013-12-01T00:00:00
5523061;549240;Písek;;;;;404527;Budìjovické Pøedmìstí;385085;Tylova;è.p.;77;24;;39701;774022.61;1126018.86;2013-12-01T00:00:00
5523079;549240;Písek;;;;;404527;Budìjovické Pøedmìstí;384755;Prokopova;è.p.;78;2;;39701;774001.73;1126025.71;2014-02-11T00:00:00
5523095;549240;Písek;;;;;404527;Budìjovické Pøedmìstí;385000;Táborská;è.p.;80;4;;39701;773397.01;1125803.17;2014-02-11T00:00:00
5523117;549240;Písek;;;;;404527;Budìjovické Pøedmìstí;384305;Komenského;è.p.;84;10;;39701;774050.00;1126179.72;2013-12-01T00:00:00
5523125;549240;Písek;;;;;404527;Budìjovické Pøedmìstí;384305;Komenského;è.p.;85;12;;39701;774052.85;1126191.61;2013-12-01T00:00:00
5523133;549240;Písek;;;;;404527;Budìjovické Pøedmìstí;384305;Komenského;è.p.;86;14;;39701;774054.57;1126210.37;2013-12-01T00:00:00
5523141;549240;Písek;;;;;404527;Budìjovické Pøedmìstí;384305;Komenského;è.p.;87;16;;39701;774068.56;1126256.98;2013-12-01T00:00:00
5523150;549240;Písek;;;;;404527;Budìjovické Pøedmìstí;384305;Komenského;è.p.;88;18;;39701;774075.44;1126281.98;2013-12-01T00:00:00
5523168;549240;Písek;;;;;404527;Budìjovické Pøedmìstí;384305;Komenského;è.p.;89;20;;39701;774087.39;1126323.34;2013-12-01T00:00:00
5523176;549240;Písek;;;;;404527;Budìjovické Pøedmìstí;384828;Roháèova;è.p.;90;2;;39701;773909.39;1126096.32;2019-01-25T00:00:00
5523184;549240;Písek;;;;;404527;Budìjovické Pøedmìstí;384291;Kollárova;è.p.;91;20;;39701;773848.67;1125804.01;2013-12-01T00:00:00
5523192;549240;Písek;;;;;404527;Budìjovické Pøedmìstí;383805;Budìjovická;è.p.;92;26;;39701;773885.68;1126543.26;2013-12-01T00:00:00
5523206;549240;Písek;;;;;404527;Budìjovické Pøedmìstí;383805;Budìjovická;è.p.;93;30;;39701;773851.48;1126559.42;2013-12-01T00:00:00
5523214;549240;Písek;;;;;404527;Budìjovické Pøedmìstí;383805;Budìjovická;è.p.;96;2;;39701;774070.28;1126364.77;2013-12-01T00:00:00
5523222;549240;Písek;;;;;404527;Budìjovické Pøedmìstí;383805;Budìjovická;è.p.;97;4;;39701;774055.76;1126386.44;2013-12-01T00:00:00
5523249;549240;Písek;;;;;404527;Budìjovické Pøedmìstí;383805;Budìjovická;è.p.;99;8;;39701;774036.05;1126409.16;2013-12-01T00:00:00
5523257;549240;Písek;;;;;404527;Budìjovické Pøedmìstí;383805;Budìjovická;è.p.;100;11;;39701;774041.36;1126449.39;2013-12-01T00:00:00
5523265;549240;Písek;;;;;404527;Budìjovické Pøedmìstí;383805;Budìjovická;è.p.;101;7;;39701;774062.30;1126416.44;2013-12-01T00:00:00
5523273;549240;Písek;;;;;404527;Budìjovické Pøedmìstí;383805;Budìjovická;è.p.;102;5;;39701;774074.18;1126408.66;2013-12-01T00:00:00
5523281;549240;Písek;;;;;404527;Budìjovické Pøedmìstí;383805;Budìjovická;è.p.;103;1;;39701;774105.09;1126372.30;2013-12-01T00:00:00
5523290;549240;Písek;;;;;404527;Budìjovické Pøedmìstí;383821;Budovcova;è.p.;104;2;;39701;774144.96;1126382.85;2013-12-01T00:00:00
5523303;549240;Písek;;;;;404527;Budìjovické Pøedmìstí;383821;Budovcova;è.p.;105;4;;39701;774168.05;1126391.60;2013-12-01T00:00:00
5523311;549240;Písek;;;;;404527;Budìjovické Pøedmìstí;384585;Nádraní;è.p.;107;4;;39701;774223.28;1126473.64;2013-12-01T00:00:00
5523320;549240;Písek;;;;;404527;Budìjovické Pøedmìstí;384585;Nádraní;è.p.;108;6;;39701;774233.05;1126493.14;2013-12-01T00:00:00
5523338;549240;Písek;;;;;404527;Budìjovické Pøedmìstí;384585;Nádraní;è.p.;109;8;;39701;774241.57;1126507.72;2013-12-01T00:00:00
5523346;549240;Písek;;;;;404527;Budìjovické Pøedmìstí;384585;Nádraní;è.p.;110;12;;39701;774257.17;1126539.77;2013-12-01T00:00:00
5523354;549240;Písek;;;;;404527;Budìjovické Pøedmìstí;384976;Šobrova;è.p.;111;;;39701;773120.58;1126743.40;2013-12-01T00:00:00
5523362;549240;Písek;;;;;404527;Budìjovické Pøedmìstí;384062;Husovo nám.;è.p.;112;18;;39701;774008.88;1126618.58;2014-02-07T00:00:00
5523371;549240;Písek;;;;;404527;Budìjovické Pøedmìstí;384585;Nádraní;è.p.;117;17;;39701;774276.19;1126520.94;2013-12-01T00:00:00
5523389;549240;Písek;;;;;404527;Budìjovické Pøedmìstí;384585;Nádraní;è.p.;120;3;;39701;774230.23;1126438.33;2013-12-01T00:00:00
5523401;549240;Písek;;;;;404527;Budìjovické Pøedmìstí;383970;Gregorova;è.p.;123;4;;39701;774241.20;1126404.66;2013-12-01T00:00:00
5523419;549240;Písek;;;;;404527;Budìjovické Pøedmìstí;383970;Gregorova;è.p.;124;6;;39701;774249.83;1126417.33;2013-12-01T00:00:00
5523427;549240;Písek;;;;;404527;Budìjovické Pøedmìstí;383970;Gregorova;è.p.;125;8;;39701;774274.70;1126411.28;2013-12-01T00:00:00
5523435;549240;Písek;;;;;404527;Budìjovické Pøedmìstí;383970;Gregorova;è.p.;127;12;;39701;774327.04;1126413.68;2013-12-01T00:00:00
5523443;549240;Písek;;;;;404527;Budìjovické Pøedmìstí;383759;Bakaláøe;è.p.;128;9;;39701;774393.99;1126357.08;2013-12-01T00:00:00
5523451;549240;Písek;;;;;404527;Budìjovické Pøedmìstí;384585;Nádraní;è.p.;129;14;;39701;774264.10;1126562.13;2013-12-01T00:00:00
5523460;549240;Písek;;;;;404527;Budìjovické Pøedmìstí;385000;Táborská;è.p.;130;2;;39701;773408.88;1125799.53;2014-02-11T00:00:00
5523478;549240;Písek;;;;;404527;Budìjovické Pøedmìstí;384704;Píseckého;è.p.;131;2;;39701;774404.41;1126376.83;2013-12-01T00:00:00
5523486;549240;Písek;;;;;404527;Budìjovické Pøedmìstí;384704;Píseckého;è.p.;132;4;;39701;774421.52;1126376.00;2013-12-01T00:00:00
5523494;549240;Písek;;;;;404527;Budìjovické Pøedmìstí;384275;Kocínova;è.p.;133;2;;39701;774423.45;1126386.20;2013-12-01T00:00:00
5523508;549240;Písek;;;;;404527;Budìjovické Pøedmìstí;383953;Fráni Šrámka;è.p.;134;;;39701;774439.22;1126341.79;2013-12-01T00:00:00
5523516;549240;Písek;;;;;404527;Budìjovické Pøedmìstí;384275;Kocínova;è.p.;135;6;;39701;774431.82;1126385.07;2013-12-01T00:00:00
5523524;549240;Písek;;;;;404527;Budìjovické Pøedmìstí;384275;Kocínova;è.p.;136;;;39701;774435.46;1126390.43;2013-12-01T00:00:00
5523532;549240;Písek;;;;;404527;Budìjovické Pøedmìstí;384275;Kocínova;è.p.;137;3;;39701;774433.13;1126402.51;2013-12-01T00:00:00
5523541;549240;Písek;;;;;404527;Budìjovické Pøedmìstí;384275;Kocínova;è.p.;138;5;;39701;774439.72;1126416.23;2013-12-01T00:00:00
5523559;549240;Písek;;;;;404527;Budìjovické Pøedmìstí;384275;Kocínova;è.p.;139;7;;39701;774443.97;1126429.95;2013-12-01T00:00:00
5523567;549240;Písek;;;;;404527;Budìjovické Pøedmìstí;384275;Kocínova;è.p.;140;4;;39701;774423.37;1126442.03;2013-12-01T00:00:00
5523575;549240;Písek;;;;;404527;Budìjovické Pøedmìstí;384275;Kocínova;è.p.;142;8;;39701;774446.33;1126459.89;2013-12-01T00:00:00
5523583;549240;Písek;;;;;404527;Budìjovické Pøedmìstí;384275;Kocínova;è.p.;143;10;;39701;774461.27;1126456.18;2013-12-01T00:00:00
5523591;549240;Písek;;;;;404527;Budìjovické Pøedmìstí;384992;Švantlova;è.p.;144;2;;39701;774491.11;1126453.11;2014-02-06T00:00:00
5523605;549240;Písek;;;;;404527;Budìjovické Pøedmìstí;384992;Švantlova;è.p.;145;4;;39701;774508.58;1126485.43;2013-12-01T00:00:00
5523613;549240;Písek;;;;;404527;Budìjovické Pøedmìstí;384666;Otakara Ševèíka;è.p.;148;;;39701;774120.36;1126506.94;2013-12-01T00:00:00
5523621;549240;Písek;;;;;404527;Budìjovické Pøedmìstí;384666;Otakara Ševèíka;è.p.;150;;;39701;774112.62;1126516.71;2013-12-01T00:00:00
5523630;549240;Písek;;;;;404527;Budìjovické Pøedmìstí;384798;Putimská;è.p.;152;12;;39701;774478.81;1126431.88;2013-12-01T00:00:00
5523648;549240;Písek;;;;;404527;Budìjovické Pøedmìstí;384798;Putimská;è.p.;153;10;;39701;774471.27;1126412.25;2013-12-01T00:00:00
5523656;549240;Písek;;;;;404527;Budìjovické Pøedmìstí;384798;Putimská;è.p.;154;8;;39701;774462.08;1126400.45;2013-12-01T00:00:00
5523664;549240;Písek;;;;;404527;Budìjovické Pøedmìstí;384798;Putimská;è.p.;155;1;;39701;774470.04;1126365.78;2013-12-01T00:00:00
5523672;549240;Písek;;;;;404527;Budìjovické Pøedmìstí;384798;Putimská;è.p.;156;;;39701;774467.48;1126358.42;2018-08-20T00:00:00
5523681;549240;Písek;;;;;404527;Budìjovické Pøedmìstí;384721;Podskalí;è.p.;158;;;39701;774448.96;1126210.25;2013-12-01T00:00:00
5523699;549240;Písek;;;;;404527;Budìjovické Pøedmìstí;384721;Podskalí;è.p.;159;;;39701;774429.33;1126147.86;2013-12-01T00:00:00
5523702;549240;Písek;;;;;404527;Budìjovické Pøedmìstí;385085;Tylova;è.p.;160;12;;39701;774099.62;1125976.52;2013-12-01T00:00:00
5523711;549240;Písek;;;;;404527;Budìjovické Pøedmìstí;385409;ikova tøída;è.p.;162;44;;39701;773754.29;1125949.74;2013-12-01T00:00:00
5523729;549240;Písek;;;;;404527;Budìjovické Pøedmìstí;384755;Prokopova;è.p.;164;20;;39701;773867.23;1126000.78;2014-02-11T00:00:00
5523745;549240;Písek;;;;;404527;Budìjovické Pøedmìstí;385409;ikova tøída;è.p.;166;28;;39701;773862.70;1126030.23;2013-12-01T00:00:00
5523753;549240;Písek;;;;;404527;Budìjovické Pøedmìstí;385514;U Martínka;è.p.;169;;;39701;773463.90;1124480.25;2013-12-01T00:00:00
5523761;549240;Písek;;;;;404527;Budìjovické Pøedmìstí;384925;Staré láznì;è.p.;170;;;39701;773066.15;1124752.57;2013-12-01T00:00:00
5523770;549240;Písek;;;;;404527;Budìjovické Pøedmìstí;384917;Srnkovna;è.p.;171;;;39701;772680.62;1124992.76;2013-12-01T00:00:00
5523788;549240;Písek;;;;;404527;Budìjovické Pøedmìstí;385484;U Honzíèka;è.p.;172;;;39701;772105.29;1125695.24;2014-02-11T00:00:00
5523796;549240;Písek;;;;;404527;Budìjovické Pøedmìstí;385123;U Malíøskıch;è.p.;173;;;39701;772285.20;1125870.72;2014-02-11T00:00:00
5523800;549240;Písek;;;;;404527;Budìjovické Pøedmìstí;385123;U Malíøskıch;è.p.;174;;;39701;772295.16;1125885.23;2014-02-11T00:00:00
5523818;549240;Písek;;;;;404527;Budìjovické Pøedmìstí;385158;U Povolnıch;è.p.;175;;;39701;772385.16;1126030.03;2014-02-11T00:00:00
5523826;549240;Písek;;;;;404527;Budìjovické Pøedmìstí;385174;U Vodáka;è.p.;176;;;39701;772307.02;1126254.44;2014-02-11T00:00:00
5523834;549240;Písek;;;;;404527;Budìjovické Pøedmìstí;383945;Flekaèky;è.p.;177;;;39701;772079.30;1127590.37;2014-02-10T00:00:00
5523842;549240;Písek;;;;;404527;Budìjovické Pøedmìstí;383775;Brabencovna;è.p.;178;;;39701;772395.68;1127753.66;2014-02-10T00:00:00
5523851;549240;Písek;;;;;404527;Budìjovické Pøedmìstí;384984;Šobrovna;è.p.;179;;;39701;772757.46;1127255.28;2013-12-01T00:00:00
5523869;549240;Písek;;;;;404527;Budìjovické Pøedmìstí;385409;ikova tøída;è.p.;180;13;;39701;773929.12;1126113.44;2013-12-01T00:00:00
5523877;549240;Písek;;;;;404527;Budìjovické Pøedmìstí;385409;ikova tøída;è.p.;181;14;;39701;773931.41;1126077.52;2013-12-01T00:00:00
5523885;549240;Písek;;;;;404527;Budìjovické Pøedmìstí;385409;ikova tøída;è.p.;182;16;;39701;773918.54;1126070.71;2013-12-01T00:00:00
5523893;549240;Písek;;;;;404527;Budìjovické Pøedmìstí;385409;ikova tøída;è.p.;183;26;;39701;773868.83;1126034.38;2013-12-01T00:00:00
5523907;549240;Písek;;;;;404527;Budìjovické Pøedmìstí;385409;ikova tøída;è.p.;185;20;;39701;773891.83;1126048.42;2013-12-01T00:00:00
5523915;549240;Písek;;;;;404527;Budìjovické Pøedmìstí;385409;ikova tøída;è.p.;186;31;;39701;773827.27;1126040.22;2013-12-01T00:00:00
5523923;549240;Písek;;;;;404527;Budìjovické Pøedmìstí;385409;ikova tøída;è.p.;188;29;;39701;773834.00;1126045.14;2013-12-01T00:00:00
5523931;549240;Písek;;;;;404527;Budìjovické Pøedmìstí;385409;ikova tøída;è.p.;189;33;;39701;773819.53;1126035.39;2013-12-01T00:00:00
5523940;549240;Písek;;;;;404527;Budìjovické Pøedmìstí;384836;Rokycanova;è.p.;190;1;;39701;773808.99;1126028.62;2013-12-01T00:00:00
5523958;549240;Písek;;;;;404527;Budìjovické Pøedmìstí;385409;ikova tøída;è.p.;191;8;;39701;773972.73;1126092.21;2013-12-01T00:00:00
5523966;549240;Písek;;;;;404527;Budìjovické Pøedmìstí;385409;ikova tøída;è.p.;192;9;;39701;773946.98;1126118.23;2013-12-01T00:00:00
5523974;549240;Písek;;;;;404527;Budìjovické Pøedmìstí;384828;Roháèova;è.p.;193;1;;39701;773916.55;1126113.00;2013-12-01T00:00:00
5523991;549240;Písek;;;;;404527;Budìjovické Pøedmìstí;385409;ikova tøída;è.p.;195;17;;39701;773879.68;1126078.26;2013-12-01T00:00:00
5524008;549240;Písek;;;;;404527;Budìjovické Pøedmìstí;385409;ikova tøída;è.p.;196;19;;39701;773869.43;1126070.62;2013-12-01T00:00:00
5524016;549240;Písek;;;;;404527;Budìjovické Pøedmìstí;385409;ikova tøída;è.p.;197;21;;39701;773862.30;1126065.40;2013-12-01T00:00:00
5524024;549240;Písek;;;;;404527;Budìjovické Pøedmìstí;385409;ikova tøída;è.p.;198;23;;39701;773854.79;1126060.91;2013-12-01T00:00:00
5524032;549240;Písek;;;;;404527;Budìjovické Pøedmìstí;385409;ikova tøída;è.p.;199;22;;39701;773880.68;1126043.19;2013-12-01T00:00:00
5524041;549240;Písek;;;;;404527;Budìjovické Pøedmìstí;385409;ikova tøída;è.p.;200;24;;39701;773874.76;1126039.48;2013-12-01T00:00:00
5524059;549240;Písek;;;;;404527;Budìjovické Pøedmìstí;385409;ikova tøída;è.p.;201;30;;39701;773856.61;1126027.02;2013-12-01T00:00:00
5524067;549240;Písek;;;;;404527;Budìjovické Pøedmìstí;385409;ikova tøída;è.p.;202;32;;39701;773852.01;1126023.57;2013-12-01T00:00:00
5524075;549240;Písek;;;;;404527;Budìjovické Pøedmìstí;384836;Rokycanova;è.p.;203;3;;39701;773781.47;1126033.97;2013-12-01T00:00:00
5524083;549240;Písek;;;;;404527;Budìjovické Pøedmìstí;383805;Budìjovická;è.p.;204;13;;39701;774035.83;1126460.23;2013-12-01T00:00:00
5524091;549240;Písek;;;;;404527;Budìjovické Pøedmìstí;383821;Budovcova;è.p.;207;6;;39701;774167.96;1126435.32;2013-12-01T00:00:00
5524105;549240;Písek;;;;;404527;Budìjovické Pøedmìstí;385328;Za Pazdernou;è.p.;208;;;39701;773328.47;1125421.85;2013-12-01T00:00:00
5524113;549240;Písek;;;;;404527;Budìjovické Pøedmìstí;384836;Rokycanova;è.p.;210;5;;39701;773771.31;1126036.36;2013-12-01T00:00:00
5524130;549240;Písek;;;;;404527;Budìjovické Pøedmìstí;384836;Rokycanova;è.p.;212;9;;39701;773752.24;1126041.97;2013-12-01T00:00:00
5524148;549240;Písek;;;;;404527;Budìjovické Pøedmìstí;384755;Prokopova;è.p.;213;11;;39701;773946.35;1126042.01;2014-02-11T00:00:00
5524156;549240;Písek;;;;;404527;Budìjovické Pøedmìstí;384755;Prokopova;è.p.;214;13;;39701;773938.00;1126039.61;2014-02-11T00:00:00
5524164;549240;Písek;;;;;404527;Budìjovické Pøedmìstí;383937;Erbenova;è.p.;215;26;;39701;774252.13;1125492.17;2014-02-11T00:00:00
5524172;549240;Písek;;;;;404527;Budìjovické Pøedmìstí;383899;Dobrovského;è.p.;216;;;39701;774243.12;1125490.50;2013-12-01T00:00:00
5524181;549240;Písek;;;;;404527;Budìjovické Pøedmìstí;384755;Prokopova;è.p.;217;7;;39701;773968.47;1126046.13;2014-02-11T00:00:00
5524199;549240;Písek;;;;;404527;Budìjovické Pøedmìstí;384836;Rokycanova;è.p.;218;17;;39701;773708.06;1126053.64;2013-12-01T00:00:00
5524202;549240;Písek;;;;;404527;Budìjovické Pøedmìstí;384496;Na Ptáèkovnì;è.p.;219;;;39701;772328.20;1125008.97;2014-02-11T00:00:00
5524211;549240;Písek;;;;;404527;Budìjovické Pøedmìstí;384836;Rokycanova;è.p.;222;15;;39701;773717.45;1126050.87;2013-12-01T00:00:00
5524229;549240;Písek;;;;;404527;Budìjovické Pøedmìstí;385395;Zeyerova;è.p.;223;;;39701;774348.20;1126633.74;2013-12-01T00:00:00
5524237;549240;Písek;;;;;404527;Budìjovické Pøedmìstí;385409;ikova tøída;è.p.;224;18;;39701;773905.22;1126061.47;2013-12-01T00:00:00
5524245;549240;Písek;;;;;404527;Budìjovické Pøedmìstí;384828;Roháèova;è.p.;225;8;;39701;773861.97;1126122.35;2013-12-01T00:00:00
5524253;549240;Písek;;;;;404527;Budìjovické Pøedmìstí;384828;Roháèova;è.p.;226;6;;39701;773868.91;1126118.74;2013-12-01T00:00:00
5524261;549240;Písek;;;;;404527;Budìjovické Pøedmìstí;384836;Rokycanova;è.p.;227;14;;39701;773685.23;1126031.50;2013-12-01T00:00:00
5524270;549240;Písek;;;;;404527;Budìjovické Pøedmìstí;384836;Rokycanova;è.p.;228;11;;39701;773741.01;1126045.36;2013-12-01T00:00:00
5524288;549240;Písek;;;;;404527;Budìjovické Pøedmìstí;385336;Za Ptáèkovnou;è.p.;229;;;39701;771901.24;1124742.23;2014-02-11T00:00:00
5524296;549240;Písek;;;;;404527;Budìjovické Pøedmìstí;384275;Kocínova;è.p.;233;9;;39701;774469.21;1126435.31;2013-12-01T00:00:00
5524300;549240;Písek;;;;;404527;Budìjovické Pøedmìstí;384992;Švantlova;è.p.;234;6;;39701;774510.84;1126496.75;2013-12-01T00:00:00
5524318;549240;Písek;;;;;404527;Budìjovické Pøedmìstí;385409;ikova tøída;è.p.;235;11;;39701;773938.93;1126115.59;2013-12-01T00:00:00
5524326;549240;Písek;;;;;404527;Budìjovické Pøedmìstí;385409;ikova tøída;è.p.;237;15;;39701;773890.43;1126086.30;2013-12-01T00:00:00
5524334;549240;Písek;;;;;404527;Budìjovické Pøedmìstí;384852;Sedláèkova;è.p.;238;;;39701;773450.93;1125793.54;2014-02-11T00:00:00
5524342;549240;Písek;;;;;404527;Budìjovické Pøedmìstí;384828;Roháèova;è.p.;239;5;;39701;773896.22;1126125.38;2013-12-01T00:00:00
5524369;549240;Písek;;;;;404527;Budìjovické Pøedmìstí;384828;Roháèova;è.p.;241;4;;39701;773876.34;1126115.42;2013-12-01T00:00:00
5524377;549240;Písek;;;;;404527;Budìjovické Pøedmìstí;385409;ikova tøída;è.p.;242;1;;39701;774003.90;1126120.60;2013-12-01T00:00:00
5524385;549240;Písek;;;;;404527;Budìjovické Pøedmìstí;384755;Prokopova;è.p.;243;5;;39701;773977.57;1126047.63;2014-02-11T00:00:00
5524393;549240;Písek;;;;;404527;Budìjovické Pøedmìstí;385409;ikova tøída;è.p.;244;7;;39701;773958.59;1126119.32;2013-12-01T00:00:00
5524407;549240;Písek;;;;;404527;Budìjovické Pøedmìstí;384755;Prokopova;è.p.;245;9;;39701;773956.83;1126043.91;2014-02-11T00:00:00
5524415;549240;Písek;;;;;404527;Budìjovické Pøedmìstí;385409;ikova tøída;è.p.;246;25;;39701;773847.76;1126054.99;2013-12-01T00:00:00
5524423;549240;Písek;;;;;404527;Budìjovické Pøedmìstí;385409;ikova tøída;è.p.;247;5;;39701;773974.13;1126120.04;2013-12-01T00:00:00
5524431;549240;Písek;;;;;404527;Budìjovické Pøedmìstí;384828;Roháèova;è.p.;248;11;;39701;773865.01;1126142.22;2013-12-01T00:00:00
5524440;549240;Písek;;;;;404527;Budìjovické Pøedmìstí;384836;Rokycanova;è.p.;249;19;;39701;773699.28;1126055.81;2013-12-01T00:00:00
5524458;549240;Písek;;;;;404527;Budìjovické Pøedmìstí;385409;ikova tøída;è.p.;250;27;;39701;773841.13;1126050.07;2013-12-01T00:00:00
5524466;549240;Písek;;;;;404527;Budìjovické Pøedmìstí;384836;Rokycanova;è.p.;252;13;;39701;773727.30;1126048.61;2013-12-01T00:00:00
5524474;549240;Písek;;;;;404527;Budìjovické Pøedmìstí;384585;Nádraní;è.p.;253;10;;39701;774248.46;1126520.22;2013-12-01T00:00:00
5524482;549240;Písek;;;;;404527;Budìjovické Pøedmìstí;384828;Roháèova;è.p.;254;12;;39701;773840.03;1126131.06;2013-12-01T00:00:00
5524491;549240;Písek;;;;;404527;Budìjovické Pøedmìstí;383805;Budìjovická;è.p.;255;10;;39701;774022.63;1126440.71;2013-12-01T00:00:00
5524512;549240;Písek;;;;;404527;Budìjovické Pøedmìstí;384828;Roháèova;è.p.;257;9;;39701;773874.61;1126136.88;2013-12-01T00:00:00
5524539;549240;Písek;;;;;404527;Budìjovické Pøedmìstí;384828;Roháèova;è.p.;260;17;;39701;773842.42;1126153.75;2013-12-01T00:00:00
5524547;549240;Písek;;;;;404527;Budìjovické Pøedmìstí;384828;Roháèova;è.p.;261;19;;39701;773835.16;1126157.83;2013-12-01T00:00:00
5524555;549240;Písek;;;;;404527;Budìjovické Pøedmìstí;384828;Roháèova;è.p.;262;21;;39701;773827.41;1126161.70;2013-12-01T00:00:00
5524563;549240;Písek;;;;;404527;Budìjovické Pøedmìstí;384828;Roháèova;è.p.;263;23;;39701;773819.65;1126165.88;2013-12-01T00:00:00
5524571;549240;Písek;;;;;404527;Budìjovické Pøedmìstí;384828;Roháèova;è.p.;264;25;;39701;773809.12;1126171.45;2013-12-01T00:00:00
5524580;549240;Písek;;;;;404527;Budìjovické Pøedmìstí;384828;Roháèova;è.p.;265;27;;39701;773800.07;1126176.42;2013-12-01T00:00:00
5524598;549240;Písek;;;;;404527;Budìjovické Pøedmìstí;384828;Roháèova;è.p.;266;16;;39701;773819.54;1126143.22;2013-12-01T00:00:00
5524601;549240;Písek;;;;;404527;Budìjovické Pøedmìstí;384828;Roháèova;è.p.;267;14;;39701;773827.98;1126138.49;2013-12-01T00:00:00
5524610;549240;Písek;;;;;404527;Budìjovické Pøedmìstí;384828;Roháèova;è.p.;268;18;;39701;773808.99;1126149.05;2013-12-01T00:00:00
5524628;549240;Písek;;;;;404527;Budìjovické Pøedmìstí;385409;ikova tøída;è.p.;269;3;;39701;773989.91;1126120.60;2013-12-01T00:00:00
5524636;549240;Písek;;;;;404527;Budìjovické Pøedmìstí;385409;ikova tøída;è.p.;270;2;;39701;774019.18;1126091.01;2013-12-01T00:00:00
5524652;549240;Písek;;;;;404527;Budìjovické Pøedmìstí;383805;Budìjovická;è.p.;273;12;;39701;774012.86;1126446.89;2013-12-01T00:00:00
5524661;549240;Písek;;;;;404527;Budìjovické Pøedmìstí;383805;Budìjovická;è.p.;274;18;;39701;773971.38;1126484.61;2013-12-01T00:00:00
5524679;549240;Písek;;;;;404527;Budìjovické Pøedmìstí;385409;ikova tøída;è.p.;275;37;;39701;773761.24;1125992.37;2013-12-01T00:00:00
5524687;549240;Písek;;;;;404527;Budìjovické Pøedmìstí;384828;Roháèova;è.p.;276;20;;39701;773800.25;1126154.09;2013-12-01T00:00:00
5524695;549240;Písek;;;;;404527;Budìjovické Pøedmìstí;384828;Roháèova;è.p.;277;22;;39701;773793.72;1126158.04;2013-12-01T00:00:00
5524709;549240;Písek;;;;;404527;Budìjovické Pøedmìstí;384828;Roháèova;è.p.;278;24;;39701;773787.33;1126161.71;2013-12-01T00:00:00
5524717;549240;Písek;;;;;404527;Budìjovické Pøedmìstí;384828;Roháèova;è.p.;279;26;;39701;773783.59;1126170.00;2024-01-02T00:00:00
5524725;549240;Písek;;;;;404527;Budìjovické Pøedmìstí;384828;Roháèova;è.p.;280;28;;39701;773771.82;1126170.01;2013-12-01T00:00:00
5524733;549240;Písek;;;;;404527;Budìjovické Pøedmìstí;384828;Roháèova;è.p.;281;29;;39701;773788.06;1126178.20;2019-01-03T00:00:00
5524741;549240;Písek;;;;;404527;Budìjovické Pøedmìstí;385409;ikova tøída;è.p.;282;39;;39701;773753.28;1125986.61;2013-12-01T00:00:00
5524750;549240;Písek;;;;;404527;Budìjovické Pøedmìstí;385409;ikova tøída;è.p.;283;41;;39701;773745.95;1125980.74;2013-12-01T00:00:00
5524768;549240;Písek;;;;;404527;Budìjovické Pøedmìstí;385409;ikova tøída;è.p.;284;35;;39701;773769.62;1125999.71;2013-12-01T00:00:00
5524776;549240;Písek;;;;;404527;Budìjovické Pøedmìstí;384828;Roháèova;è.p.;285;10;;39701;773854.24;1126125.97;2013-12-01T00:00:00
5524784;549240;Písek;;;;;404527;Budìjovické Pøedmìstí;384828;Roháèova;è.p.;287;31;;39701;773783.97;1126184.87;2013-12-01T00:00:00
5524792;549240;Písek;;;;;404527;Budìjovické Pøedmìstí;383805;Budìjovická;è.p.;288;19;;39701;774007.54;1126491.20;2013-12-01T00:00:00
5524806;549240;Písek;;;;;404527;Budìjovické Pøedmìstí;384828;Roháèova;è.p.;289;33;;39701;773774.35;1126190.20;2013-12-01T00:00:00
5524814;549240;Písek;;;;;404527;Budìjovické Pøedmìstí;384828;Roháèova;è.p.;290;30;;39701;773762.16;1126174.37;2013-12-01T00:00:00
5524822;549240;Písek;;;;;404527;Budìjovické Pøedmìstí;384836;Rokycanova;è.p.;295;21;;39701;773690.26;1126058.21;2013-12-01T00:00:00
5524849;549240;Písek;;;;;404527;Budìjovické Pøedmìstí;385409;ikova tøída;è.p.;297;43;;39701;773737.98;1125975.29;2013-12-01T00:00:00
5524857;549240;Písek;;;;;404527;Budìjovické Pøedmìstí;384828;Roháèova;è.p.;298;35;;39701;773762.82;1126196.07;2013-12-01T00:00:00
5524865;549240;Písek;;;;;404527;Budìjovické Pøedmìstí;385409;ikova tøída;è.p.;299;45;;39701;773729.96;1125969.86;2013-12-01T00:00:00
5524873;549240;Písek;;;;;404527;Budìjovické Pøedmìstí;384755;Prokopova;è.p.;300;6;;39701;773981.51;1126022.62;2014-02-11T00:00:00
5524881;549240;Písek;;;;;404527;Budìjovické Pøedmìstí;384755;Prokopova;è.p.;302;8;;39701;773972.97;1126020.79;2014-02-11T00:00:00
5524890;549240;Písek;;;;;404527;Budìjovické Pøedmìstí;385093;Tyršova;è.p.;303;24;;39701;774175.65;1125750.08;2013-12-01T00:00:00
5524903;549240;Písek;;;;;404527;Budìjovické Pøedmìstí;385093;Tyršova;è.p.;304;22;;39701;774180.71;1125757.85;2013-12-01T00:00:00
5524911;549240;Písek;;;;;404527;Budìjovické Pøedmìstí;383937;Erbenova;è.p.;305;22;;39701;774274.58;1125494.04;2014-02-11T00:00:00
5524920;549240;Písek;;;;;404527;Budìjovické Pøedmìstí;384755;Prokopova;è.p.;306;4;;39701;773990.25;1126023.91;2014-02-11T00:00:00
5524938;549240;Písek;;;;;404527;Budìjovické Pøedmìstí;384585;Nádraní;è.p.;307;;;39701;774676.18;1127615.63;2013-12-01T00:00:00
5524946;549240;Písek;;;;;404527;Budìjovické Pøedmìstí;384011;Hlavní nádraí;è.p.;308;;;39701;774835.58;1127343.77;2013-12-01T00:00:00
5524962;549240;Písek;;;;;404527;Budìjovické Pøedmìstí;384747;Preslova;è.p.;311;;;39701;774305.96;1126754.49;2013-12-01T00:00:00
5524971;549240;Písek;;;;;404527;Budìjovické Pøedmìstí;384135;Jeronımova;è.p.;312;6;;39701;773958.35;1125994.89;2013-12-01T00:00:00
5524989;549240;Písek;;;;;404527;Budìjovické Pøedmìstí;385409;ikova tøída;è.p.;313;49;;39701;773713.83;1125958.34;2013-12-01T00:00:00
5524997;549240;Písek;;;;;404527;Budìjovické Pøedmìstí;384135;Jeronımova;è.p.;314;2;;39701;773962.44;1126014.30;2013-12-01T00:00:00
5525004;549240;Písek;;;;;404527;Budìjovické Pøedmìstí;385409;ikova tøída;è.p.;315;47;;39701;773721.16;1125963.78;2013-12-01T00:00:00
5525021;549240;Písek;;;;;404527;Budìjovické Pøedmìstí;384135;Jeronımova;è.p.;318;10;;39701;773952.87;1125973.28;2013-12-01T00:00:00
5525039;549240;Písek;;;;;404527;Budìjovické Pøedmìstí;384305;Komenského;è.p.;319;6;;39701;774043.73;1126153.85;2013-12-01T00:00:00
5525047;549240;Písek;;;;;404527;Budìjovické Pøedmìstí;384305;Komenského;è.p.;320;8;;39701;774046.79;1126166.88;2013-12-01T00:00:00
5525055;549240;Písek;;;;;404527;Budìjovické Pøedmìstí;384135;Jeronımova;è.p.;321;8;;39701;773955.06;1125984.03;2013-12-01T00:00:00
5525063;549240;Písek;;;;;404527;Budìjovické Pøedmìstí;384135;Jeronımova;è.p.;322;4;;39701;773960.73;1126002.36;2013-12-01T00:00:00
5525071;549240;Písek;;;;;404527;Budìjovické Pøedmìstí;385093;Tyršova;è.p.;323;20;;39701;774188.54;1125768.03;2013-12-01T00:00:00
5525080;549240;Písek;;;;;404527;Budìjovické Pøedmìstí;384135;Jeronımova;è.p.;324;12;;39701;773950.40;1125963.84;2013-12-01T00:00:00
5525098;549240;Písek;;;;;404527;Budìjovické Pøedmìstí;384135;Jeronımova;è.p.;325;14;;39701;773947.22;1125954.48;2013-12-01T00:00:00
5525101;549240;Písek;;;;;404527;Budìjovické Pøedmìstí;384178;Hradišská;è.p.;326;;;39701;774668.21;1126577.57;2013-12-01T00:00:00
5525110;549240;Písek;;;;;404527;Budìjovické Pøedmìstí;384836;Rokycanova;è.p.;327;8;;39701;773724.38;1126021.31;2013-12-01T00:00:00
5525128;549240;Písek;;;;;404527;Budìjovické Pøedmìstí;383805;Budìjovická;è.p.;328;;;39701;773721.18;1126681.71;2013-12-01T00:00:00
5525136;549240;Písek;;;;;404527;Budìjovické Pøedmìstí;384135;Jeronımova;è.p.;329;16;;39701;773945.31;1125945.81;2013-12-01T00:00:00
5525144;549240;Písek;;;;;404527;Budìjovické Pøedmìstí;384836;Rokycanova;è.p.;330;6;;39701;773735.44;1126018.43;2013-12-01T00:00:00
5525152;549240;Písek;;;;;404527;Budìjovické Pøedmìstí;385085;Tylova;è.p.;331;26;;39701;774014.91;1126023.91;2013-12-01T00:00:00
5525161;549240;Písek;;;;;404527;Budìjovické Pøedmìstí;384836;Rokycanova;è.p.;332;10;;39701;773711.84;1126024.27;2013-12-01T00:00:00
5525179;549240;Písek;;;;;404527;Budìjovické Pøedmìstí;384135;Jeronımova;è.p.;333;18;;39701;773941.83;1125934.92;2013-12-01T00:00:00
5525187;549240;Písek;;;;;404527;Budìjovické Pøedmìstí;385093;Tyršova;è.p.;334;26;;39701;774169.38;1125740.94;2013-12-01T00:00:00
5525195;549240;Písek;;;;;404527;Budìjovické Pøedmìstí;385409;ikova tøída;è.p.;335;12;;39701;773939.09;1126084.28;2013-12-01T00:00:00
5525209;549240;Písek;;;;;404527;Budìjovické Pøedmìstí;384135;Jeronımova;è.p.;336;20;;39701;773938.98;1125924.44;2013-12-01T00:00:00
5525217;549240;Písek;;;;;404527;Budìjovické Pøedmìstí;384135;Jeronımova;è.p.;337;3;;39701;773925.17;1125975.61;2013-12-01T00:00:00
5525225;549240;Písek;;;;;404527;Budìjovické Pøedmìstí;384755;Prokopova;è.p.;338;12;;39701;773921.68;1126009.88;2014-02-11T00:00:00
5525233;549240;Písek;;;;;404527;Budìjovické Pøedmìstí;384755;Prokopova;è.p.;339;14;;39701;773910.47;1126008.14;2014-02-11T00:00:00
5525241;549240;Písek;;;;;404527;Budìjovické Pøedmìstí;384755;Prokopova;è.p.;340;10;;39701;773936.36;1126010.75;2014-02-11T00:00:00
5525250;549240;Písek;;;;;404527;Budìjovické Pøedmìstí;385409;ikova tøída;è.p.;341;63;;39701;773651.04;1125911.03;2013-12-01T00:00:00
5525268;549240;Písek;;;;;404527;Budìjovické Pøedmìstí;384585;Nádraní;è.p.;342;16;;39701;774270.40;1126579.80;2013-12-01T00:00:00
5525276;549240;Písek;;;;;404527;Budìjovické Pøedmìstí;385409;ikova tøída;è.p.;343;59;;39701;773670.11;1125926.19;2013-12-01T00:00:00
5525284;549240;Písek;;;;;404527;Budìjovické Pøedmìstí;384135;Jeronımova;è.p.;344;5;;39701;773921.79;1125961.60;2013-12-01T00:00:00
5525292;549240;Písek;;;;;404527;Budìjovické Pøedmìstí;384836;Rokycanova;è.p.;345;4;;39701;773746.28;1126015.65;2013-12-01T00:00:00
5525306;549240;Písek;;;;;404527;Budìjovické Pøedmìstí;384135;Jeronımova;è.p.;347;7;;39701;773918.99;1125950.39;2013-12-01T00:00:00
5525314;549240;Písek;;;;;404527;Budìjovické Pøedmìstí;384836;Rokycanova;è.p.;349;12;;39701;773700.11;1126027.31;2013-12-01T00:00:00
5525322;549240;Písek;;;;;404527;Budìjovické Pøedmìstí;384585;Nádraní;è.p.;351;;;39701;774800.97;1127301.74;2013-12-01T00:00:00
5525331;549240;Písek;;;;;404527;Budìjovické Pøedmìstí;384852;Sedláèkova;è.p.;353;11;;39701;773252.68;1125633.20;2014-02-11T00:00:00
5525349;549240;Písek;;;;;404527;Budìjovické Pøedmìstí;385077;tøída Pøátelství;è.p.;354;;;39701;774058.17;1126895.75;2013-12-01T00:00:00
5525357;549240;Písek;;;;;404527;Budìjovické Pøedmìstí;385409;ikova tøída;è.p.;355;55;;39701;773687.33;1125939.79;2013-12-01T00:00:00
5525365;549240;Písek;;;;;404527;Budìjovické Pøedmìstí;385409;ikova tøída;è.p.;357;57;;39701;773678.42;1125932.75;2013-12-01T00:00:00
5525373;549240;Písek;;;;;404527;Budìjovické Pøedmìstí;383805;Budìjovická;è.p.;358;25;;39701;773943.06;1126540.97;2013-12-01T00:00:00
5525381;549240;Písek;;;;;404527;Budìjovické Pøedmìstí;385093;Tyršova;è.p.;359;23;;39701;774137.77;1125735.09;2025-01-14T00:00:00
5525390;549240;Písek;;;;;404527;Budìjovické Pøedmìstí;384135;Jeronımova;è.p.;360;9;;39701;773915.54;1125940.26;2013-12-01T00:00:00
5525403;549240;Písek;;;;;404527;Budìjovické Pøedmìstí;385409;ikova tøída;è.p.;361;53;;39701;773695.60;1125946.18;2013-12-01T00:00:00
5525411;549240;Písek;;;;;404527;Budìjovické Pøedmìstí;384755;Prokopova;è.p.;362;22;;39701;773852.79;1125998.97;2014-02-11T00:00:00
5525420;549240;Písek;;;;;404527;Budìjovické Pøedmìstí;384755;Prokopova;è.p.;363;24;;39701;773837.25;1125995.26;2014-02-11T00:00:00
5525438;549240;Písek;;;;;404527;Budìjovické Pøedmìstí;384640;Ostrı vrch;è.p.;365;;;39701;769824.53;1132327.11;2014-02-10T00:00:00
5525454;549240;Písek;;;;;404527;Budìjovické Pøedmìstí;383945;Flekaèky;è.p.;368;;;39701;771785.60;1127401.33;2014-02-10T00:00:00
5525462;549240;Písek;;;;;404527;Budìjovické Pøedmìstí;383945;Flekaèky;è.p.;369;;;39701;771775.48;1127503.66;2014-02-10T00:00:00
5525471;549240;Písek;;;;;404527;Budìjovické Pøedmìstí;383945;Flekaèky;è.p.;370;;;39701;771745.38;1127516.74;2014-02-10T00:00:00
5525489;549240;Písek;;;;;404527;Budìjovické Pøedmìstí;385182;U Vodárny;è.p.;371;;;39701;775668.49;1126072.24;2013-12-01T00:00:00
5525497;549240;Písek;;;;;404527;Budìjovické Pøedmìstí;385409;ikova tøída;è.p.;372;51;;39701;773705.34;1125953.31;2013-12-01T00:00:00
5525501;549240;Písek;;;;;404527;Budìjovické Pøedmìstí;384755;Prokopova;è.p.;373;26;;39701;773823.58;1125992.93;2014-02-11T00:00:00
5525519;549240;Písek;;;;;404527;Budìjovické Pøedmìstí;383937;Erbenova;è.p.;374;24;;39701;774261.89;1125492.91;2014-02-11T00:00:00
5525527;549240;Písek;;;;;404527;Budìjovické Pøedmìstí;385409;ikova tøída;è.p.;375;6;;39701;773985.06;1126092.79;2013-12-01T00:00:00
5525535;549240;Písek;;;;;404527;Budìjovické Pøedmìstí;385409;ikova tøída;è.p.;376;34;;39701;773809.57;1125989.65;2013-12-01T00:00:00
5525543;549240;Písek;;;;;404527;Budìjovické Pøedmìstí;385409;ikova tøída;è.p.;377;4;;39701;773996.70;1126092.79;2013-12-01T00:00:00
5525551;549240;Písek;;;;;404527;Budìjovické Pøedmìstí;384135;Jeronımova;è.p.;378;24;;39701;773934.96;1125906.19;2013-12-01T00:00:00
5525560;549240;Písek;;;;;404527;Budìjovické Pøedmìstí;384631;Ostrovní;è.p.;379;2;;39701;774614.11;1126390.93;2013-12-01T00:00:00
5525578;549240;Písek;;;;;404527;Budìjovické Pøedmìstí;384992;Švantlova;è.p.;380;20;;39701;774528.86;1126644.31;2013-12-01T00:00:00
5525586;549240;Písek;;;;;404527;Budìjovické Pøedmìstí;385409;ikova tøída;è.p.;381;61;;39701;773662.28;1125921.40;2013-12-01T00:00:00
5525594;549240;Písek;;;;;404527;Budìjovické Pøedmìstí;385085;Tylova;è.p.;382;2;;39701;774212.38;1125917.40;2013-12-01T00:00:00
5525608;549240;Písek;;;;;404527;Budìjovické Pøedmìstí;385409;ikova tøída;è.p.;383;36;;39701;773799.25;1125980.67;2013-12-01T00:00:00
5525616;549240;Písek;;;;;404527;Budìjovické Pøedmìstí;383805;Budìjovická;è.p.;384;27;;39701;773928.54;1126551.74;2013-12-01T00:00:00
5525632;549240;Písek;;;;;404527;Budìjovické Pøedmìstí;383805;Budìjovická;è.p.;386;29;;39701;773915.64;1126559.42;2013-12-01T00:00:00
5525641;549240;Písek;;;;;404527;Budìjovické Pøedmìstí;384585;Nádraní;è.p.;388;36;;39701;774312.14;1126727.64;2024-05-17T00:00:00
5525659;549240;Písek;;;;;404527;Budìjovické Pøedmìstí;385409;ikova tøída;è.p.;389;40;;39701;773777.13;1125965.01;2013-12-01T00:00:00
5525667;549240;Písek;;;;;404527;Budìjovické Pøedmìstí;385085;Tylova;è.p.;390;4;;39701;774188.05;1125930.09;2013-12-01T00:00:00
5525675;549240;Písek;;;;;404527;Budìjovické Pøedmìstí;384135;Jeronımova;è.p.;392;34;;39701;773916.75;1125843.04;2013-12-01T00:00:00
5525683;549240;Písek;;;;;404527;Budìjovické Pøedmìstí;384135;Jeronımova;è.p.;393;36;;39701;773913.36;1125832.08;2013-12-01T00:00:00
5525691;549240;Písek;;;;;404527;Budìjovické Pøedmìstí;384135;Jeronımova;è.p.;394;38;;39701;773904.91;1125823.26;2024-04-29T00:00:00
5525705;549240;Písek;;;;;404527;Budìjovické Pøedmìstí;385093;Tyršova;è.p.;395;3;;39701;774215.86;1125875.94;2013-12-01T00:00:00
5525713;549240;Písek;;;;;404527;Budìjovické Pøedmìstí;385409;ikova tøída;è.p.;396;38;;39701;773788.91;1125974.09;2013-12-01T00:00:00
5525721;549240;Písek;;;;;404527;Budìjovické Pøedmìstí;385093;Tyršova;è.p.;397;17;;39701;774157.58;1125772.56;2013-12-01T00:00:00
5525730;549240;Písek;;;;;404527;Budìjovické Pøedmìstí;384755;Prokopova;è.p.;398;16;;39701;773896.08;1126005.82;2014-02-11T00:00:00
5525748;549240;Písek;;;;;404527;Budìjovické Pøedmìstí;384135;Jeronımova;è.p.;399;11;;39701;773912.93;1125928.95;2013-12-01T00:00:00
5525756;549240;Písek;;;;;404527;Budìjovické Pøedmìstí;385409;ikova tøída;è.p.;400;46;;39701;773744.20;1125942.74;2013-12-01T00:00:00
5525764;549240;Písek;;;;;404527;Budìjovické Pøedmìstí;384852;Sedláèkova;è.p.;401;9;;39701;773304.25;1125657.32;2014-02-11T00:00:00
5525772;549240;Písek;;;;;404527;Budìjovické Pøedmìstí;384216;Karla Èapka;è.p.;402;;;39701;773924.64;1126698.86;2013-12-01T00:00:00
5525781;549240;Písek;;;;;404527;Budìjovické Pøedmìstí;385409;ikova tøída;è.p.;403;48;;39701;773731.31;1125933.25;2013-12-01T00:00:00
5525799;549240;Písek;;;;;404527;Budìjovické Pøedmìstí;384135;Jeronımova;è.p.;404;13;;39701;773910.71;1125919.29;2013-12-01T00:00:00
5525802;549240;Písek;;;;;404527;Budìjovické Pøedmìstí;385093;Tyršova;è.p.;405;25;;39701;774129.42;1125726.38;2013-12-01T00:00:00
5525811;549240;Písek;;;;;404527;Budìjovické Pøedmìstí;676675;Na Rozhlednì;è.p.;406;;;39701;775388.13;1126837.86;2013-12-01T00:00:00
5525829;549240;Písek;;;;;404527;Budìjovické Pøedmìstí;384755;Prokopova;è.p.;407;18;;39701;773881.98;1126002.82;2014-02-11T00:00:00
5525837;549240;Písek;;;;;404527;Budìjovické Pøedmìstí;385409;ikova tøída;è.p.;408;50;;39701;773715.47;1125922.50;2013-12-01T00:00:00
5525845;549240;Písek;;;;;404527;Budìjovické Pøedmìstí;384135;Jeronımova;è.p.;409;32;;39701;773919.85;1125854.67;2013-12-01T00:00:00
5525853;549240;Písek;;;;;404527;Budìjovické Pøedmìstí;384135;Jeronımova;è.p.;410;30;;39701;773924.06;1125868.17;2013-12-01T00:00:00
5525861;549240;Písek;;;;;404527;Budìjovické Pøedmìstí;384135;Jeronımova;è.p.;412;15;;39701;773907.95;1125909.88;2013-12-01T00:00:00
5525870;549240;Písek;;;;;404527;Budìjovické Pøedmìstí;384135;Jeronımova;è.p.;413;17;;39701;773905.38;1125897.40;2013-12-01T00:00:00
5525888;549240;Písek;;;;;404527;Budìjovické Pøedmìstí;383805;Budìjovická;è.p.;414;31;;39701;773903.43;1126570.15;2013-12-01T00:00:00
5525896;549240;Písek;;;;;404527;Budìjovické Pøedmìstí;384071;Harantova;è.p.;415;4;;39701;773923.07;1126489.55;2013-12-01T00:00:00
5525900;549240;Písek;;;;;404527;Budìjovické Pøedmìstí;383805;Budìjovická;è.p.;416;22;;39701;773913.55;1126523.01;2019-04-01T00:00:00
5525918;549240;Písek;;;;;404527;Budìjovické Pøedmìstí;383805;Budìjovická;è.p.;417;24;;39701;773902.25;1126533.56;2013-12-01T00:00:00
5525926;549240;Písek;;;;;404527;Budìjovické Pøedmìstí;383805;Budìjovická;è.p.;418;37;;39701;773860.69;1126589.61;2013-12-01T00:00:00
5525934;549240;Písek;;;;;404527;Budìjovické Pøedmìstí;384135;Jeronımova;è.p.;419;19;;39701;773900.58;1125885.10;2013-12-01T00:00:00
5525942;549240;Písek;;;;;404527;Budìjovické Pøedmìstí;384135;Jeronımova;è.p.;420;23;;39701;773893.60;1125860.01;2013-12-01T00:00:00
5525951;549240;Písek;;;;;404527;Budìjovické Pøedmìstí;384135;Jeronımova;è.p.;421;28;;39701;773927.55;1125882.14;2013-12-01T00:00:00
5525969;549240;Písek;;;;;404527;Budìjovické Pøedmìstí;384496;Na Ptáèkovnì;è.p.;422;;;39701;772412.79;1125144.55;2014-02-11T00:00:00
5525977;549240;Písek;;;;;404527;Budìjovické Pøedmìstí;385409;ikova tøída;è.p.;423;56;;39701;773675.66;1125892.46;2013-12-01T00:00:00
5525985;549240;Písek;;;;;404527;Budìjovické Pøedmìstí;385409;ikova tøída;è.p.;424;54;;39701;773685.70;1125900.52;2013-12-01T00:00:00
5525993;549240;Písek;;;;;404527;Budìjovické Pøedmìstí;384291;Kollárova;è.p.;425;18;;39701;773836.40;1125808.46;2013-12-01T00:00:00
5526001;549240;Písek;;;;;404527;Budìjovické Pøedmìstí;384852;Sedláèkova;è.p.;426;7;;39701;773350.38;1125698.81;2014-02-11T00:00:00
5526019;549240;Písek;;;;;404527;Budìjovické Pøedmìstí;384178;Hradišská;è.p.;427;;;39701;774560.72;1126470.86;2013-12-01T00:00:00
5526027;549240;Písek;;;;;404527;Budìjovické Pøedmìstí;385409;ikova tøída;è.p.;428;52;;39701;773700.48;1125909.51;2013-12-01T00:00:00
5526035;549240;Písek;;;;;404527;Budìjovické Pøedmìstí;384135;Jeronımova;è.p.;429;21;;39701;773903.47;1125877.12;2013-12-01T00:00:00
5526043;549240;Písek;;;;;404527;Budìjovické Pøedmìstí;384135;Jeronımova;è.p.;430;26;;39701;773924.78;1125895.34;2013-12-01T00:00:00
5526051;549240;Písek;;;;;404527;Budìjovické Pøedmìstí;385093;Tyršova;è.p.;431;28;;39701;774161.61;1125730.32;2013-12-01T00:00:00
5526060;549240;Písek;;;;;404527;Budìjovické Pøedmìstí;384135;Jeronımova;è.p.;432;1;;39701;773929.42;1125989.14;2013-12-01T00:00:00
5526078;549240;Písek;;;;;404527;Budìjovické Pøedmìstí;384852;Sedláèkova;è.p.;434;1;;39701;773459.79;1125784.92;2014-02-11T00:00:00
5526086;549240;Písek;;;;;404527;Budìjovické Pøedmìstí;385093;Tyršova;è.p.;435;15;;39701;774167.30;1125784.37;2013-12-01T00:00:00
5526094;549240;Písek;;;;;404527;Budìjovické Pøedmìstí;383805;Budìjovická;è.p.;436;35;;39701;773878.79;1126582.89;2013-12-01T00:00:00
5526108;549240;Písek;;;;;404527;Budìjovické Pøedmìstí;384135;Jeronımova;è.p.;437;25;;39701;773889.22;1125846.39;2013-12-01T00:00:00
5526116;549240;Písek;;;;;404527;Budìjovické Pøedmìstí;385093;Tyršova;è.p.;438;30;;39701;774155.13;1125720.38;2013-12-01T00:00:00
5526124;549240;Písek;;;;;404527;Budìjovické Pøedmìstí;384836;Rokycanova;è.p.;439;27;;39701;773612.47;1126067.93;2013-12-01T00:00:00
5526132;549240;Písek;;;;;404527;Budìjovické Pøedmìstí;385581;V ivci;è.p.;440;;;39701;770947.87;1126266.07;2020-04-09T00:00:00
5526141;549240;Písek;;;;;404527;Budìjovické Pøedmìstí;384071;Harantova;è.p.;441;62;;39701;773626.85;1126082.69;2013-12-01T00:00:00
5526159;549240;Písek;;;;;404527;Budìjovické Pøedmìstí;384071;Harantova;è.p.;442;60;;39701;773632.36;1126095.08;2013-12-01T00:00:00
5526167;549240;Písek;;;;;404527;Budìjovické Pøedmìstí;385093;Tyršova;è.p.;444;13;;39701;774175.77;1125797.38;2013-12-01T00:00:00
5526175;549240;Písek;;;;;404527;Budìjovické Pøedmìstí;383805;Budìjovická;è.p.;446;28;;39701;773868.85;1126552.42;2013-12-01T00:00:00
5526191;549240;Písek;;;;;404527;Budìjovické Pøedmìstí;384585;Nádraní;è.p.;448;;;39701;774809.25;1127310.80;2013-12-01T00:00:00
5526205;549240;Písek;;;;;404527;Budìjovické Pøedmìstí;384852;Sedláèkova;è.p.;449;3;;39701;773424.23;1125750.19;2014-02-11T00:00:00
5526213;549240;Písek;;;;;404527;Budìjovické Pøedmìstí;384852;Sedláèkova;è.p.;450;5;;39701;773412.99;1125742.93;2014-02-11T00:00:00
5526221;549240;Písek;;;;;404527;Budìjovické Pøedmìstí;384828;Roháèova;è.p.;451;34;;39701;773741.47;1126181.92;2013-12-01T00:00:00
5526230;549240;Písek;;;;;404527;Budìjovické Pøedmìstí;384836;Rokycanova;è.p.;452;23;;39701;773677.75;1126061.94;2013-12-01T00:00:00
5526248;549240;Písek;;;;;404527;Budìjovické Pøedmìstí;384747;Preslova;è.p.;453;10;;39701;774174.85;1126792.57;2013-12-01T00:00:00
5526256;549240;Písek;;;;;404527;Budìjovické Pøedmìstí;384071;Harantova;è.p.;454;58;;39701;773639.99;1126107.46;2013-12-01T00:00:00
5526264;549240;Písek;;;;;404527;Budìjovické Pøedmìstí;385093;Tyršova;è.p.;455;11;;39701;774183.20;1125808.59;2013-12-01T00:00:00
5526272;549240;Písek;;;;;404527;Budìjovické Pøedmìstí;383805;Budìjovická;è.p.;457;21;;39701;773996.84;1126502.32;2013-12-01T00:00:00
5526281;549240;Písek;;;;;404527;Budìjovické Pøedmìstí;384747;Preslova;è.p.;458;8;;39701;774198.09;1126785.84;2013-12-01T00:00:00
5526299;549240;Písek;;;;;404527;Budìjovické Pøedmìstí;383899;Dobrovského;è.p.;459;7;;39701;774203.36;1125454.84;2013-12-01T00:00:00
5526302;549240;Písek;;;;;404527;Budìjovické Pøedmìstí;383899;Dobrovského;è.p.;460;5;;39701;774207.70;1125467.43;2013-12-01T00:00:00
5526311;549240;Písek;;;;;404527;Budìjovické Pøedmìstí;385093;Tyršova;è.p.;461;29;;39701;774083.15;1125652.13;2013-12-01T00:00:00
5526329;549240;Písek;;;;;404527;Budìjovické Pøedmìstí;384071;Harantova;è.p.;462;56;;39701;773647.62;1126122.47;2013-12-01T00:00:00
5526337;549240;Písek;;;;;404527;Budìjovické Pøedmìstí;384062;Husovo nám.;è.p.;463;22;;39701;774015.57;1126643.61;2014-02-07T00:00:00
5526345;549240;Písek;;;;;404527;Budìjovické Pøedmìstí;384071;Harantova;è.p.;464;61;;39701;773660.80;1126080.95;2013-12-01T00:00:00
5526353;549240;Písek;;;;;404527;Budìjovické Pøedmìstí;384275;Kocínova;è.p.;465;12;;39701;774476.64;1126456.01;2013-12-01T00:00:00
5526361;549240;Písek;;;;;404527;Budìjovické Pøedmìstí;384071;Harantova;è.p.;466;45;;39701;773709.84;1126177.71;2013-12-01T00:00:00
5526370;549240;Písek;;;;;404527;Budìjovické Pøedmìstí;384836;Rokycanova;è.p.;467;2;;39701;773778.20;1126008.74;2013-12-01T00:00:00
5526388;549240;Písek;;;;;404527;Budìjovické Pøedmìstí;384135;Jeronımova;è.p.;468;35;;39701;773860.56;1125747.01;2014-02-11T00:00:00
5526396;549240;Písek;;;;;404527;Budìjovické Pøedmìstí;385093;Tyršova;è.p.;469;9;;39701;774188.95;1125820.17;2013-12-01T00:00:00
5526400;549240;Písek;;;;;404527;Budìjovické Pøedmìstí;384135;Jeronımova;è.p.;470;37;;39701;773860.84;1125734.82;2014-02-11T00:00:00
5526418;549240;Písek;;;;;404527;Budìjovické Pøedmìstí;383805;Budìjovická;è.p.;471;23;;39701;773984.13;1126515.36;2013-12-01T00:00:00
5526426;549240;Písek;;;;;404527;Budìjovické Pøedmìstí;384852;Sedláèkova;è.p.;472;6;;39701;773417.97;1125642.16;2014-02-11T00:00:00
5526434;549240;Písek;;;;;404527;Budìjovické Pøedmìstí;384755;Prokopova;è.p.;473;15;;39701;773921.84;1126038.36;2014-02-11T00:00:00
5526451;549240;Písek;;;;;404527;Budìjovické Pøedmìstí;384071;Harantova;è.p.;475;59;;39701;773666.93;1126092.86;2013-12-01T00:00:00
5526469;549240;Písek;;;;;404527;Budìjovické Pøedmìstí;385107;U Høebèince;è.p.;476;;;39701;773326.84;1127446.39;2013-12-01T00:00:00
5526477;549240;Písek;;;;;404527;Budìjovické Pøedmìstí;383899;Dobrovského;è.p.;477;28;;39701;774176.26;1125279.20;2024-07-26T00:00:00
5526485;549240;Písek;;;;;404527;Budìjovické Pøedmìstí;383899;Dobrovského;è.p.;478;1;;39701;774216.18;1125492.13;2013-12-01T00:00:00
5526493;549240;Písek;;;;;404527;Budìjovické Pøedmìstí;385107;U Høebèince;è.p.;479;;;39701;773288.86;1127427.79;2013-12-01T00:00:00
5526507;549240;Písek;;;;;404527;Budìjovické Pøedmìstí;384291;Kollárova;è.p.;480;11;;39701;773799.11;1125789.06;2014-02-11T00:00:00
5526515;549240;Písek;;;;;404527;Budìjovické Pøedmìstí;384291;Kollárova;è.p.;481;6;;39701;773747.98;1125840.96;2013-12-01T00:00:00
5526523;549240;Písek;;;;;404527;Budìjovické Pøedmìstí;384291;Kollárova;è.p.;482;5;;39701;773753.19;1125804.17;2014-02-11T00:00:00
5526531;549240;Písek;;;;;404527;Budìjovické Pøedmìstí;384780;Purkyòova;è.p.;483;6;;39701;773977.87;1126554.16;2013-12-01T00:00:00
5526540;549240;Písek;;;;;404527;Budìjovické Pøedmìstí;385000;Táborská;è.p.;484;6;;39701;773385.08;1125807.62;2014-02-11T00:00:00
5526558;549240;Písek;;;;;404527;Budìjovické Pøedmìstí;384291;Kollárova;è.p.;485;13;;39701;773811.52;1125784.79;2014-02-11T00:00:00
5526566;549240;Písek;;;;;404527;Budìjovické Pøedmìstí;384291;Kollárova;è.p.;486;17;;39701;773841.27;1125773.92;2014-02-11T00:00:00
5526574;549240;Písek;;;;;404527;Budìjovické Pøedmìstí;384291;Kollárova;è.p.;487;9;;39701;773783.71;1125792.81;2014-02-11T00:00:00
5526582;549240;Písek;;;;;404527;Budìjovické Pøedmìstí;384780;Purkyòova;è.p.;488;8;;39701;773984.77;1126564.36;2013-12-01T00:00:00
5526591;549240;Písek;;;;;404527;Budìjovické Pøedmìstí;383899;Dobrovského;è.p.;489;9;;39701;774199.66;1125443.96;2013-12-01T00:00:00
5526612;549240;Písek;;;;;404527;Budìjovické Pøedmìstí;385409;ikova tøída;è.p.;492;58;;39701;773658.88;1125874.77;2013-12-01T00:00:00
5526621;549240;Písek;;;;;404527;Budìjovické Pøedmìstí;384780;Purkyòova;è.p.;493;1;;39701;773998.16;1126532.07;2013-12-01T00:00:00
5526639;549240;Písek;;;;;404527;Budìjovické Pøedmìstí;384291;Kollárova;è.p.;494;15;;39701;773826.01;1125779.09;2014-02-11T00:00:00
5526647;549240;Písek;;;;;404527;Budìjovické Pøedmìstí;383899;Dobrovského;è.p.;495;11;;39701;774195.17;1125433.05;2013-12-01T00:00:00
5526655;549240;Písek;;;;;404527;Budìjovické Pøedmìstí;385000;Táborská;è.p.;496;8;;39701;773352.48;1125814.31;2014-02-11T00:00:00
5526663;549240;Písek;;;;;404527;Budìjovické Pøedmìstí;384135;Jeronımova;è.p.;497;27;;39701;773885.79;1125832.36;2013-12-01T00:00:00
5526671;549240;Písek;;;;;404527;Budìjovické Pøedmìstí;383899;Dobrovského;è.p.;498;26;;39701;774191.19;1125285.95;2013-12-01T00:00:00
5526680;549240;Písek;;;;;404527;Budìjovické Pøedmìstí;383899;Dobrovského;è.p.;499;13;;39701;774191.18;1125421.37;2013-12-01T00:00:00
5526698;549240;Písek;;;;;404527;Budìjovické Pøedmìstí;384780;Purkyòova;è.p.;500;3;;39701;774005.94;1126541.60;2013-12-01T00:00:00
5526701;549240;Písek;;;;;404527;Budìjovické Pøedmìstí;383899;Dobrovského;è.p.;501;3;;39701;774212.56;1125480.27;2013-12-01T00:00:00
5526710;549240;Písek;;;;;404527;Budìjovické Pøedmìstí;384780;Purkyòova;è.p.;503;5;;39701;774012.84;1126550.37;2013-12-01T00:00:00
5526728;549240;Písek;;;;;404527;Budìjovické Pøedmìstí;384135;Jeronımova;è.p.;504;48;;39701;773883.66;1125737.69;2014-02-11T00:00:00
5526736;549240;Písek;;;;;404527;Budìjovické Pøedmìstí;384135;Jeronımova;è.p.;505;29;;39701;773882.44;1125817.39;2013-12-01T00:00:00
5526744;549240;Písek;;;;;404527;Budìjovické Pøedmìstí;384585;Nádraní;è.p.;506;40;;39701;774330.67;1126811.90;2014-02-06T00:00:00
5526752;549240;Písek;;;;;404527;Budìjovické Pøedmìstí;384364;Lesní;è.p.;507;;;39701;772989.63;1126293.42;2013-12-01T00:00:00
5526761;549240;Písek;;;;;404527;Budìjovické Pøedmìstí;383899;Dobrovského;è.p.;508;17;;39701;774185.74;1125396.19;2013-12-01T00:00:00
5526779;549240;Písek;;;;;404527;Budìjovické Pøedmìstí;384291;Kollárova;è.p.;509;3;;39701;773739.55;1125809.25;2014-02-11T00:00:00
5526787;549240;Písek;;;;;404527;Budìjovické Pøedmìstí;383899;Dobrovského;è.p.;510;15;;39701;774186.13;1125407.86;2013-12-01T00:00:00
5526795;549240;Písek;;;;;404527;Budìjovické Pøedmìstí;384291;Kollárova;è.p.;511;1;;39701;773725.82;1125814.34;2014-02-11T00:00:00
5526809;549240;Písek;;;;;404527;Budìjovické Pøedmìstí;384291;Kollárova;è.p.;512;7;;39701;773768.06;1125798.89;2014-02-11T00:00:00
5526817;549240;Písek;;;;;404527;Budìjovické Pøedmìstí;385310;Za Nádraím;è.p.;513;;;39701;774743.91;1127842.58;2013-12-01T00:00:00
5526825;549240;Písek;;;;;404527;Budìjovické Pøedmìstí;384062;Husovo nám.;è.p.;517;20;;39701;774012.11;1126630.34;2014-02-07T00:00:00
5526833;549240;Písek;;;;;404527;Budìjovické Pøedmìstí;384291;Kollárova;è.p.;518;23;;39701;773923.72;1125752.16;2014-02-11T00:00:00
5526841;549240;Písek;;;;;404527;Budìjovické Pøedmìstí;384411;Na Houpaèkách;è.p.;519;9;;39701;774157.56;1125381.12;2014-02-11T00:00:00
5526850;549240;Písek;;;;;404527;Budìjovické Pøedmìstí;384968;Šafaøíkova;è.p.;520;3;;39701;774270.11;1125564.06;2013-12-01T00:00:00
5526868;549240;Písek;;;;;404527;Budìjovické Pøedmìstí;384291;Kollárova;è.p.;521;14;;39701;773809.46;1125818.62;2013-12-01T00:00:00
5526876;549240;Písek;;;;;404527;Budìjovické Pøedmìstí;384968;Šafaøíkova;è.p.;522;1;;39701;774263.96;1125549.70;2013-12-01T00:00:00
5526884;549240;Písek;;;;;404527;Budìjovické Pøedmìstí;383937;Erbenova;è.p.;523;7;;39701;774258.11;1125526.97;2014-02-11T00:00:00
5526892;549240;Písek;;;;;404527;Budìjovické Pøedmìstí;384135;Jeronımova;è.p.;524;42;;39701;773904.06;1125799.16;2013-12-01T00:00:00
5526906;549240;Písek;;;;;404527;Budìjovické Pøedmìstí;384836;Rokycanova;è.p.;525;26;;39701;773545.32;1126048.34;2013-12-01T00:00:00
5526914;549240;Písek;;;;;404527;Budìjovické Pøedmìstí;384968;Šafaøíkova;è.p.;526;5;;39701;774274.19;1125575.61;2013-12-01T00:00:00
5526922;549240;Písek;;;;;404527;Budìjovické Pøedmìstí;384585;Nádraní;è.p.;527;33;;39701;774323.57;1126675.47;2013-12-01T00:00:00
5526931;549240;Písek;;;;;404527;Budìjovické Pøedmìstí;383899;Dobrovského;è.p.;528;2;;39701;774234.27;1125467.42;2013-12-01T00:00:00
5526949;549240;Písek;;;;;404527;Budìjovické Pøedmìstí;384291;Kollárova;è.p.;529;12;;39701;773797.57;1125823.08;2013-12-01T00:00:00
5526957;549240;Písek;;;;;404527;Budìjovické Pøedmìstí;383899;Dobrovského;è.p.;531;10;;39701;774216.38;1125418.17;2013-12-01T00:00:00
5526965;549240;Písek;;;;;404527;Budìjovické Pøedmìstí;383899;Dobrovského;è.p.;532;8;;39701;774220.99;1125430.87;2013-12-01T00:00:00
5526973;549240;Písek;;;;;404527;Budìjovické Pøedmìstí;384836;Rokycanova;è.p.;533;28;;39701;773531.63;1126050.79;2013-12-01T00:00:00
5526981;549240;Písek;;;;;404527;Budìjovické Pøedmìstí;383899;Dobrovského;è.p.;534;12;;39701;774212.11;1125406.39;2013-12-01T00:00:00
5526990;549240;Písek;;;;;404527;Budìjovické Pøedmìstí;384399;Mírové nám.;è.p.;535;6;;39701;773699.55;1125820.03;2013-12-01T00:00:00
5527007;549240;Písek;;;;;404527;Budìjovické Pøedmìstí;384780;Purkyòova;è.p.;536;10;;39701;773992.87;1126575.25;2013-12-01T00:00:00
5527015;549240;Písek;;;;;404527;Budìjovické Pøedmìstí;383899;Dobrovského;è.p.;537;4;;39701;774230.33;1125456.46;2013-12-01T00:00:00
5527023;549240;Písek;;;;;404527;Budìjovické Pøedmìstí;384836;Rokycanova;è.p.;538;30;;39701;773518.33;1126052.55;2013-12-01T00:00:00
5527031;549240;Písek;;;;;404527;Budìjovické Pøedmìstí;384968;Šafaøíkova;è.p.;539;7;;39701;774276.79;1125586.48;2013-12-01T00:00:00
5527040;549240;Písek;;;;;404527;Budìjovické Pøedmìstí;383899;Dobrovského;è.p.;540;6;;39701;774226.12;1125444.91;2013-12-01T00:00:00
5527058;549240;Písek;;;;;404527;Budìjovické Pøedmìstí;385395;Zeyerova;è.p.;541;;;39701;774349.12;1126602.47;2013-12-01T00:00:00
5527066;549240;Písek;;;;;404527;Budìjovické Pøedmìstí;383805;Budìjovická;è.p.;543;33;;39701;773888.30;1126577.07;2013-12-01T00:00:00
5527074;549240;Písek;;;;;404527;Budìjovické Pøedmìstí;383899;Dobrovského;è.p.;544;14;;39701;774207.77;1125394.36;2013-12-01T00:00:00
5527082;549240;Písek;;;;;404527;Budìjovické Pøedmìstí;384062;Husovo nám.;è.p.;545;14;;39701;774004.31;1126596.72;2014-02-07T00:00:00
5527091;549240;Písek;;;;;404527;Budìjovické Pøedmìstí;383899;Dobrovského;è.p.;546;16;;39701;774203.50;1125382.67;2013-12-01T00:00:00
5527104;549240;Písek;;;;;404527;Budìjovické Pøedmìstí;384836;Rokycanova;è.p.;547;32;;39701;773505.27;1126053.83;2013-12-01T00:00:00
5527112;549240;Písek;;;;;404527;Budìjovické Pøedmìstí;384780;Purkyòova;è.p.;548;4;;39701;773968.61;1126544.55;2013-12-01T00:00:00
5527139;549240;Písek;;;;;404527;Budìjovické Pøedmìstí;383899;Dobrovského;è.p.;551;24;;39701;774174.05;1125301.53;2013-12-01T00:00:00
5527147;549240;Písek;;;;;404527;Budìjovické Pøedmìstí;384968;Šafaøíkova;è.p.;552;10;;39701;774254.67;1125596.92;2013-12-01T00:00:00
5527155;549240;Písek;;;;;404527;Budìjovické Pøedmìstí;384968;Šafaøíkova;è.p.;553;8;;39701;774250.45;1125585.33;2013-12-01T00:00:00
5527163;549240;Písek;;;;;404527;Budìjovické Pøedmìstí;384968;Šafaøíkova;è.p.;554;9;;39701;774281.54;1125596.33;2013-12-01T00:00:00
5527171;549240;Písek;;;;;404527;Budìjovické Pøedmìstí;384836;Rokycanova;è.p.;555;40;;39701;773424.79;1126062.60;2013-12-01T00:00:00
5527180;549240;Písek;;;;;404527;Budìjovické Pøedmìstí;384844;Sadová;è.p.;556;16;;39701;774391.56;1126677.95;2013-12-01T00:00:00
5527198;549240;Písek;;;;;404527;Budìjovické Pøedmìstí;384968;Šafaøíkova;è.p.;557;6;;39701;774246.14;1125573.74;2013-12-01T00:00:00
5527201;549240;Písek;;;;;404527;Budìjovické Pøedmìstí;384968;Šafaøíkova;è.p.;558;4;;39701;774242.00;1125561.88;2013-12-01T00:00:00
5527210;549240;Písek;;;;;404527;Budìjovické Pøedmìstí;384836;Rokycanova;è.p.;559;34;;39701;773490.89;1126054.80;2013-12-01T00:00:00
5527228;549240;Písek;;;;;404527;Budìjovické Pøedmìstí;384844;Sadová;è.p.;560;14;;39701;774405.74;1126674.75;2013-12-01T00:00:00
5527236;549240;Písek;;;;;404527;Budìjovické Pøedmìstí;385310;Za Nádraím;è.p.;561;;;39701;774743.69;1127657.73;2013-12-01T00:00:00
5527244;549240;Písek;;;;;404527;Budìjovické Pøedmìstí;385174;U Vodáka;è.p.;562;;;39701;772313.93;1126263.32;2014-02-11T00:00:00
5527252;549240;Písek;;;;;404527;Budìjovické Pøedmìstí;384968;Šafaøíkova;è.p.;563;2;;39701;774237.96;1125551.00;2013-12-01T00:00:00
5527261;549240;Písek;;;;;404527;Budìjovické Pøedmìstí;383937;Erbenova;è.p.;564;29;;39701;774116.37;1125573.90;2013-12-01T00:00:00
5527279;549240;Písek;;;;;404527;Budìjovické Pøedmìstí;383937;Erbenova;è.p.;565;27;;39701;774126.25;1125570.48;2013-12-01T00:00:00
5527287;549240;Písek;;;;;404527;Budìjovické Pøedmìstí;384135;Jeronımova;è.p.;566;50;;39701;773880.20;1125724.29;2014-02-11T00:00:00
5527295;549240;Písek;;;;;404527;Budìjovické Pøedmìstí;383899;Dobrovského;è.p.;567;22;;39701;774193.76;1125305.35;2013-12-01T00:00:00
5527309;549240;Písek;;;;;404527;Budìjovické Pøedmìstí;383937;Erbenova;è.p.;568;31;;39701;774104.33;1125578.30;2013-12-01T00:00:00
5527317;549240;Písek;;;;;404527;Budìjovické Pøedmìstí;384135;Jeronımova;è.p.;569;40;;39701;773907.69;1125809.86;2013-12-01T00:00:00
5527325;549240;Písek;;;;;404527;Budìjovické Pøedmìstí;384747;Preslova;è.p.;570;6;;39701;774211.07;1126781.78;2013-12-01T00:00:00
5527333;549240;Písek;;;;;404527;Budìjovické Pøedmìstí;385107;U Høebèince;è.p.;571;;;39701;773411.83;1127269.36;2013-12-01T00:00:00
5527341;549240;Písek;;;;;404527;Budìjovické Pøedmìstí;383899;Dobrovského;è.p.;572;21;;39701;774156.29;1125326.16;2013-12-01T00:00:00
5527350;549240;Písek;;;;;404527;Budìjovické Pøedmìstí;384780;Purkyòova;è.p.;573;2;;39701;773958.03;1126533.97;2013-12-01T00:00:00
5527368;549240;Písek;;;;;404527;Budìjovické Pøedmìstí;383937;Erbenova;è.p.;574;13;;39701;774203.25;1125542.54;2013-12-01T00:00:00
5527376;549240;Písek;;;;;404527;Budìjovické Pøedmìstí;384747;Preslova;è.p.;575;4;;39701;774226.48;1126764.25;2013-12-01T00:00:00
5527384;549240;Písek;;;;;404527;Budìjovické Pøedmìstí;384780;Purkyòova;è.p.;576;7;;39701;774020.72;1126562.53;2013-12-01T00:00:00
5527392;549240;Písek;;;;;404527;Budìjovické Pøedmìstí;384411;Na Houpaèkách;è.p.;577;11;;39701;774143.70;1125387.33;2014-02-11T00:00:00
5527406;549240;Písek;;;;;404527;Budìjovické Pøedmìstí;384411;Na Houpaèkách;è.p.;578;10;;39701;774209.50;1125341.13;2013-12-01T00:00:00
5527414;549240;Písek;;;;;404527;Budìjovické Pøedmìstí;384062;Husovo nám.;è.p.;579;1;;39701;774110.86;1126568.68;2014-02-07T00:00:00
5527422;549240;Písek;;;;;404527;Budìjovické Pøedmìstí;383899;Dobrovského;è.p.;580;19;;39701;774160.39;1125338.95;2013-12-01T00:00:00
5527431;549240;Písek;;;;;404527;Budìjovické Pøedmìstí;383937;Erbenova;è.p.;581;25;;39701;774136.40;1125566.62;2013-12-01T00:00:00
5527449;549240;Písek;;;;;404527;Budìjovické Pøedmìstí;383937;Erbenova;è.p.;582;11;;39701;774214.66;1125538.32;2013-12-01T00:00:00
5527457;549240;Písek;;;;;404527;Budìjovické Pøedmìstí;383899;Dobrovského;è.p.;583;20;;39701;774178.87;1125329.85;2013-12-01T00:00:00
5527465;549240;Písek;;;;;404527;Budìjovické Pøedmìstí;384062;Husovo nám.;è.p.;584;6;;39701;774062.25;1126552.23;2014-02-07T00:00:00
5527473;549240;Písek;;;;;404527;Budìjovické Pøedmìstí;384992;Švantlova;è.p.;585;18;;39701;774535.85;1126632.63;2013-12-01T00:00:00
5527481;549240;Písek;;;;;404527;Budìjovické Pøedmìstí;384291;Kollárova;è.p.;586;25;;39701;773932.71;1125748.94;2014-02-11T00:00:00
5527490;549240;Písek;;;;;404527;Budìjovické Pøedmìstí;384844;Sadová;è.p.;587;10;;39701;774436.37;1126667.83;2013-12-01T00:00:00
5527503;549240;Písek;;;;;404527;Budìjovické Pøedmìstí;384844;Sadová;è.p.;588;8;;39701;774448.60;1126666.01;2013-12-01T00:00:00
5527511;549240;Písek;;;;;404527;Budìjovické Pøedmìstí;384216;Karla Èapka;è.p.;589;;;39701;773803.99;1126791.44;2013-12-01T00:00:00
5527520;549240;Písek;;;;;404527;Budìjovické Pøedmìstí;383937;Erbenova;è.p.;590;23;;39701;774147.81;1125562.49;2013-12-01T00:00:00
5527538;549240;Písek;;;;;404527;Budìjovické Pøedmìstí;384411;Na Houpaèkách;è.p.;591;16;;39701;774154.79;1125367.48;2014-02-11T00:00:00
5527546;549240;Písek;;;;;404527;Budìjovické Pøedmìstí;384585;Nádraní;è.p.;592;15;;39701;774270.32;1126506.80;2013-12-01T00:00:00
5527554;549240;Písek;;;;;404527;Budìjovické Pøedmìstí;384062;Husovo nám.;è.p.;593;10;;39701;774036.94;1126559.57;2014-02-07T00:00:00
5527562;549240;Písek;;;;;404527;Budìjovické Pøedmìstí;384062;Husovo nám.;è.p.;594;8;;39701;774049.65;1126555.95;2014-02-07T00:00:00
5527571;549240;Písek;;;;;404527;Budìjovické Pøedmìstí;384526;Na Spravedlnosti;è.p.;595;2;;39701;773492.65;1125741.40;2013-12-01T00:00:00
5527589;549240;Písek;;;;;404527;Budìjovické Pøedmìstí;383937;Erbenova;è.p.;596;38;;39701;774176.52;1125526.30;2013-12-01T00:00:00
5527597;549240;Písek;;;;;404527;Budìjovické Pøedmìstí;384844;Sadová;è.p.;597;4;;39701;774495.12;1126655.73;2013-12-01T00:00:00
5527601;549240;Písek;;;;;404527;Budìjovické Pøedmìstí;384844;Sadová;è.p.;598;2;;39701;774508.25;1126652.52;2013-12-01T00:00:00
5527619;549240;Písek;;;;;404527;Budìjovické Pøedmìstí;383937;Erbenova;è.p.;599;36;;39701;774187.96;1125522.13;2013-12-01T00:00:00
5527627;549240;Písek;;;;;404527;Budìjovické Pøedmìstí;384542;Na Trubách;è.p.;600;11;;39701;773182.65;1126136.42;2013-12-01T00:00:00
5527635;549240;Písek;;;;;404527;Budìjovické Pøedmìstí;384526;Na Spravedlnosti;è.p.;601;4;;39701;773499.08;1125732.27;2013-12-01T00:00:00
5527643;549240;Písek;;;;;404527;Budìjovické Pøedmìstí;383937;Erbenova;è.p.;602;34;;39701;774199.57;1125518.12;2013-12-01T00:00:00
5527651;549240;Písek;;;;;404527;Budìjovické Pøedmìstí;383937;Erbenova;è.p.;603;50;;39701;774088.00;1125558.23;2013-12-01T00:00:00
5527660;549240;Písek;;;;;404527;Budìjovické Pøedmìstí;384844;Sadová;è.p.;604;12;;39701;774421.84;1126670.69;2013-12-01T00:00:00
5527678;549240;Písek;;;;;404527;Budìjovické Pøedmìstí;384062;Husovo nám.;è.p.;605;4;;39701;774074.08;1126548.39;2014-02-07T00:00:00
5527686;549240;Písek;;;;;404527;Budìjovické Pøedmìstí;384852;Sedláèkova;è.p.;606;2;;39701;773505.84;1125764.68;2014-02-11T00:00:00
5527694;549240;Písek;;;;;404527;Budìjovické Pøedmìstí;384321;Lázeòská;è.p.;607;12;;39701;774036.73;1125516.08;2013-12-01T00:00:00
5527708;549240;Písek;;;;;404527;Budìjovické Pøedmìstí;384321;Lázeòská;è.p.;608;8;;39701;774045.70;1125532.23;2013-12-01T00:00:00
5527716;549240;Písek;;;;;404527;Budìjovické Pøedmìstí;384321;Lázeòská;è.p.;609;22;;39701;774013.64;1125474.80;2013-12-01T00:00:00
5527724;549240;Písek;;;;;404527;Budìjovické Pøedmìstí;384321;Lázeòská;è.p.;610;16;;39701;774024.78;1125494.71;2013-12-01T00:00:00
5527732;549240;Písek;;;;;404527;Budìjovické Pøedmìstí;384321;Lázeòská;è.p.;611;10;;39701;774041.52;1125524.82;2013-12-01T00:00:00
5527741;549240;Písek;;;;;404527;Budìjovické Pøedmìstí;384747;Preslova;è.p.;612;2;;39701;774249.45;1126770.80;2013-12-01T00:00:00
5527759;549240;Písek;;;;;404527;Budìjovické Pøedmìstí;384526;Na Spravedlnosti;è.p.;613;6;;39701;773505.91;1125724.12;2013-12-01T00:00:00
5527767;549240;Písek;;;;;404527;Budìjovické Pøedmìstí;383899;Dobrovského;è.p.;614;23;;39701;774151.75;1125314.26;2013-12-01T00:00:00
5527775;549240;Písek;;;;;404527;Budìjovické Pøedmìstí;384321;Lázeòská;è.p.;615;20;;39701;774017.07;1125481.07;2013-12-01T00:00:00
5527783;549240;Písek;;;;;404527;Budìjovické Pøedmìstí;384321;Lázeòská;è.p.;617;18;;39701;774020.85;1125487.72;2013-12-01T00:00:00
5527791;549240;Písek;;;;;404527;Budìjovické Pøedmìstí;383937;Erbenova;è.p.;618;52;;39701;774077.75;1125561.83;2013-12-01T00:00:00
5527805;549240;Písek;;;;;404527;Budìjovické Pøedmìstí;383937;Erbenova;è.p.;619;32;;39701;774210.21;1125514.13;2013-12-01T00:00:00
5527813;549240;Písek;;;;;404527;Budìjovické Pøedmìstí;384135;Jeronımova;è.p.;620;46;;39701;773890.41;1125753.22;2014-02-11T00:00:00
5527821;549240;Písek;;;;;404527;Budìjovické Pøedmìstí;383937;Erbenova;è.p.;621;33;;39701;774092.20;1125582.79;2013-12-01T00:00:00
5527830;549240;Písek;;;;;404527;Budìjovické Pøedmìstí;383937;Erbenova;è.p.;622;48;;39701;774098.14;1125554.51;2013-12-01T00:00:00
5527848;549240;Písek;;;;;404527;Budìjovické Pøedmìstí;384411;Na Houpaèkách;è.p.;623;17;;39701;774025.77;1125443.72;2014-02-11T00:00:00
5527856;549240;Písek;;;;;404527;Budìjovické Pøedmìstí;384411;Na Houpaèkách;è.p.;624;21;;39701;774005.56;1125454.98;2014-02-11T00:00:00
5527864;549240;Písek;;;;;404527;Budìjovické Pøedmìstí;384411;Na Houpaèkách;è.p.;625;5;;39701;774212.62;1125354.79;2013-12-01T00:00:00
5527872;549240;Písek;;;;;404527;Budìjovické Pøedmìstí;384411;Na Houpaèkách;è.p.;626;15;;39701;774036.01;1125438.94;2014-02-11T00:00:00
5527881;549240;Písek;;;;;404527;Budìjovické Pøedmìstí;384411;Na Houpaèkách;è.p.;627;19;;39701;774023.53;1125445.18;2014-02-11T00:00:00
5527899;549240;Písek;;;;;404527;Budìjovické Pøedmìstí;384178;Hradišská;è.p.;628;;;39701;774667.98;1126517.47;2013-12-01T00:00:00
5527902;549240;Písek;;;;;404527;Budìjovické Pøedmìstí;384321;Lázeòská;è.p.;629;14;;39701;774030.87;1125505.75;2013-12-01T00:00:00
5527911;549240;Písek;;;;;404527;Budìjovické Pøedmìstí;384852;Sedláèkova;è.p.;630;4;;39701;773487.30;1125753.66;2014-02-11T00:00:00
5527929;549240;Písek;;;;;404527;Budìjovické Pøedmìstí;384321;Lázeòská;è.p.;631;6;;39701;774051.06;1125541.46;2013-12-01T00:00:00
5527937;549240;Písek;;;;;404527;Budìjovické Pøedmìstí;383724;Alšova;è.p.;632;9;;39701;774001.74;1125384.62;2014-02-11T00:00:00
5527945;549240;Písek;;;;;404527;Budìjovické Pøedmìstí;383937;Erbenova;è.p.;633;30;;39701;774222.63;1125509.71;2013-12-01T00:00:00
5527953;549240;Písek;;;;;404527;Budìjovické Pøedmìstí;383724;Alšova;è.p.;635;1;;39701;774012.51;1125415.05;2014-02-11T00:00:00
5527961;549240;Písek;;;;;404527;Budìjovické Pøedmìstí;384321;Lázeòská;è.p.;636;30;;39701;773972.07;1125431.91;2013-12-01T00:00:00
5527970;549240;Písek;;;;;404527;Budìjovické Pøedmìstí;384526;Na Spravedlnosti;è.p.;637;8;;39701;773512.10;1125715.29;2013-12-01T00:00:00
5527988;549240;Písek;;;;;404527;Budìjovické Pøedmìstí;384321;Lázeòská;è.p.;638;34;;39701;773952.53;1125421.76;2013-12-01T00:00:00
5527996;549240;Písek;;;;;404527;Budìjovické Pøedmìstí;383899;Dobrovského;è.p.;639;31;;39701;774138.02;1125276.37;2013-12-01T00:00:00
5528003;549240;Písek;;;;;404527;Budìjovické Pøedmìstí;384321;Lázeòská;è.p.;640;36;;39701;773942.44;1125416.53;2013-12-01T00:00:00
5528011;549240;Písek;;;;;404527;Budìjovické Pøedmìstí;384321;Lázeòská;è.p.;641;4;;39701;774057.07;1125552.34;2013-12-01T00:00:00
5528020;549240;Písek;;;;;404527;Budìjovické Pøedmìstí;384321;Lázeòská;è.p.;642;28;;39701;773985.64;1125440.34;2013-12-01T00:00:00
5528038;549240;Písek;;;;;404527;Budìjovické Pøedmìstí;385093;Tyršova;è.p.;643;40;;39701;774096.51;1125622.09;2013-12-01T00:00:00
5528046;549240;Písek;;;;;404527;Budìjovické Pøedmìstí;385093;Tyršova;è.p.;644;42;;39701;774090.40;1125610.86;2013-12-01T00:00:00
5528054;549240;Písek;;;;;404527;Budìjovické Pøedmìstí;384526;Na Spravedlnosti;è.p.;645;10;;39701;773517.92;1125706.21;2013-12-01T00:00:00
5528062;549240;Písek;;;;;404527;Budìjovické Pøedmìstí;384844;Sadová;è.p.;646;6;;39701;774468.56;1126659.85;2013-12-01T00:00:00
5528071;549240;Písek;;;;;404527;Budìjovické Pøedmìstí;384071;Harantova;è.p.;647;55;;39701;773680.04;1126116.69;2013-12-01T00:00:00
5528089;549240;Písek;;;;;404527;Budìjovické Pøedmìstí;384071;Harantova;è.p.;648;57;;39701;773673.54;1126104.66;2013-12-01T00:00:00
5528097;549240;Písek;;;;;404527;Budìjovické Pøedmìstí;383937;Erbenova;è.p.;649;46;;39701;774108.19;1125551.00;2013-12-01T00:00:00
5528101;549240;Písek;;;;;404527;Budìjovické Pøedmìstí;384542;Na Trubách;è.p.;650;3;;39701;773289.47;1126123.66;2013-12-01T00:00:00
5528119;549240;Písek;;;;;404527;Budìjovické Pøedmìstí;384526;Na Spravedlnosti;è.p.;651;12;;39701;773524.38;1125697.08;2013-12-01T00:00:00
5528127;549240;Písek;;;;;404527;Budìjovické Pøedmìstí;384992;Švantlova;è.p.;652;16;;39701;774539.20;1126619.53;2013-12-01T00:00:00
5528135;549240;Písek;;;;;404527;Budìjovické Pøedmìstí;384071;Harantova;è.p.;653;53;;39701;773685.33;1126128.48;2013-12-01T00:00:00
5528143;549240;Písek;;;;;404527;Budìjovické Pøedmìstí;384321;Lázeòská;è.p.;654;32;;39701;773961.92;1125427.23;2013-12-01T00:00:00
5528151;549240;Písek;;;;;404527;Budìjovické Pøedmìstí;384062;Husovo nám.;è.p.;655;2;;39701;774089.76;1126552.35;2019-01-03T00:00:00
5528160;549240;Písek;;;;;404527;Budìjovické Pøedmìstí;383937;Erbenova;è.p.;656;42;;39701;774151.09;1125535.43;2013-12-01T00:00:00
5528178;549240;Písek;;;;;404527;Budìjovické Pøedmìstí;383724;Alšova;è.p.;657;3;;39701;774010.55;1125407.92;2014-02-11T00:00:00
5528186;549240;Písek;;;;;404527;Budìjovické Pøedmìstí;384666;Otakara Ševèíka;è.p.;658;;;39701;774119.13;1126554.86;2013-12-01T00:00:00
5528194;549240;Písek;;;;;404527;Budìjovické Pøedmìstí;384992;Švantlova;è.p.;659;14;;39701;774541.42;1126608.18;2013-12-01T00:00:00
5528208;549240;Písek;;;;;404527;Budìjovické Pøedmìstí;383937;Erbenova;è.p.;660;40;;39701;774163.56;1125530.93;2013-12-01T00:00:00
5528216;549240;Písek;;;;;404527;Budìjovické Pøedmìstí;383937;Erbenova;è.p.;661;15;;39701;774192.56;1125546.40;2013-12-01T00:00:00
5528224;549240;Písek;;;;;404527;Budìjovické Pøedmìstí;385093;Tyršova;è.p.;663;44;;39701;774078.68;1125589.61;2013-12-01T00:00:00
5528232;549240;Písek;;;;;404527;Budìjovické Pøedmìstí;384526;Na Spravedlnosti;è.p.;664;14;;39701;773530.90;1125688.67;2013-12-01T00:00:00
5528241;549240;Písek;;;;;404527;Budìjovické Pøedmìstí;384666;Otakara Ševèíka;è.p.;665;;;39701;774097.74;1126539.63;2013-12-01T00:00:00
5528259;549240;Písek;;;;;404527;Budìjovické Pøedmìstí;384836;Rokycanova;è.p.;666;25;;39701;773656.95;1126061.70;2013-12-01T00:00:00
5528267;549240;Písek;;;;;404527;Budìjovické Pøedmìstí;384411;Na Houpaèkách;è.p.;667;40;;39701;774008.96;1125437.27;2014-02-11T00:00:00
5528275;549240;Písek;;;;;404527;Budìjovické Pøedmìstí;383899;Dobrovského;è.p.;672;25;;39701;774146.35;1125300.42;2013-12-01T00:00:00
5528283;549240;Písek;;;;;404527;Budìjovické Pøedmìstí;384666;Otakara Ševèíka;è.p.;673;;;39701;774126.70;1126544.65;2013-12-01T00:00:00
5528291;549240;Písek;;;;;404527;Budìjovické Pøedmìstí;384321;Lázeòská;è.p.;674;3;;39701;774032.95;1125563.47;2013-12-01T00:00:00
5528305;549240;Písek;;;;;404527;Budìjovické Pøedmìstí;383937;Erbenova;è.p.;675;56;;39701;774011.66;1125585.88;2014-02-11T00:00:00
5528313;549240;Písek;;;;;404527;Budìjovické Pøedmìstí;383937;Erbenova;è.p.;676;54;;39701;774021.64;1125582.52;2014-02-11T00:00:00
5528321;549240;Písek;;;;;404527;Budìjovické Pøedmìstí;384321;Lázeòská;è.p.;677;15;;39701;773999.40;1125502.44;2013-12-01T00:00:00
5528330;549240;Písek;;;;;404527;Budìjovické Pøedmìstí;384321;Lázeòská;è.p.;678;5;;39701;774027.76;1125553.96;2013-12-01T00:00:00
5528348;549240;Písek;;;;;404527;Budìjovické Pøedmìstí;383724;Alšova;è.p.;679;6;;39701;774028.64;1125391.77;2014-02-11T00:00:00
5528356;549240;Písek;;;;;404527;Budìjovické Pøedmìstí;383724;Alšova;è.p.;680;2;;39701;774038.53;1125415.64;2014-02-11T00:00:00
5528364;549240;Písek;;;;;404527;Budìjovické Pøedmìstí;385093;Tyršova;è.p.;681;38;;39701;774102.79;1125633.51;2013-12-01T00:00:00
5528372;549240;Písek;;;;;404527;Budìjovické Pøedmìstí;384411;Na Houpaèkách;è.p.;682;27;;39701;773951.75;1125474.05;2013-12-01T00:00:00
5528381;549240;Písek;;;;;404527;Budìjovické Pøedmìstí;384411;Na Houpaèkách;è.p.;683;25;;39701;773962.35;1125469.94;2013-12-01T00:00:00
5528399;549240;Písek;;;;;404527;Budìjovické Pøedmìstí;384411;Na Houpaèkách;è.p.;684;42;;39701;774002.68;1125440.40;2014-02-11T00:00:00
5528402;549240;Písek;;;;;404527;Budìjovické Pøedmìstí;384411;Na Houpaèkách;è.p.;685;23;;39701;773969.14;1125467.78;2013-12-01T00:00:00
5528411;549240;Písek;;;;;404527;Budìjovické Pøedmìstí;384321;Lázeòská;è.p.;686;13;;39701;774005.76;1125514.19;2013-12-01T00:00:00
5528429;549240;Písek;;;;;404527;Budìjovické Pøedmìstí;384321;Lázeòská;è.p.;687;11;;39701;774011.77;1125524.97;2013-12-01T00:00:00
5528437;549240;Písek;;;;;404527;Budìjovické Pøedmìstí;384321;Lázeòská;è.p.;688;9;;39701;774016.91;1125534.35;2013-12-01T00:00:00
5528445;549240;Písek;;;;;404527;Budìjovické Pøedmìstí;384321;Lázeòská;è.p.;689;7;;39701;774022.24;1125544.68;2013-12-01T00:00:00
5528453;549240;Písek;;;;;404527;Budìjovické Pøedmìstí;384321;Lázeòská;è.p.;690;1;;39701;774039.84;1125576.20;2013-12-01T00:00:00
5528461;549240;Písek;;;;;404527;Budìjovické Pøedmìstí;384321;Lázeòská;è.p.;692;19;;39701;773988.74;1125483.49;2013-12-01T00:00:00
5528470;549240;Písek;;;;;404527;Budìjovické Pøedmìstí;384321;Lázeòská;è.p.;693;17;;39701;773994.03;1125492.36;2013-12-01T00:00:00
5528488;549240;Písek;;;;;404527;Budìjovické Pøedmìstí;385107;U Høebèince;è.p.;694;;;39701;773384.14;1127319.82;2013-12-01T00:00:00
5528496;549240;Písek;;;;;404527;Budìjovické Pøedmìstí;384712;Pod Šobrovnou;è.p.;695;;;39701;772902.91;1127196.27;2013-12-01T00:00:00
5528500;549240;Písek;;;;;404527;Budìjovické Pøedmìstí;384399;Mírové nám.;è.p.;696;5;;39701;773547.60;1125751.41;2013-12-01T00:00:00
5528518;549240;Písek;;;;;404527;Budìjovické Pøedmìstí;384666;Otakara Ševèíka;è.p.;697;;;39701;774105.51;1126527.73;2013-12-01T00:00:00
5528526;549240;Písek;;;;;404527;Budìjovické Pøedmìstí;383724;Alšova;è.p.;698;8;;39701;774022.86;1125380.71;2014-02-11T00:00:00
5528534;549240;Písek;;;;;404527;Budìjovické Pøedmìstí;384399;Mírové nám.;è.p.;699;3;;39701;773534.90;1125756.38;2013-12-01T00:00:00
5528542;549240;Písek;;;;;404527;Budìjovické Pøedmìstí;384399;Mírové nám.;è.p.;700;1;;39701;773523.03;1125760.96;2013-12-01T00:00:00
5528551;549240;Písek;;;;;404527;Budìjovické Pøedmìstí;384585;Nádraní;è.p.;701;13;;39701;774265.59;1126494.71;2013-12-01T00:00:00
5528569;549240;Písek;;;;;404527;Budìjovické Pøedmìstí;383724;Alšova;è.p.;702;4;;39701;774031.08;1125402.03;2014-02-11T00:00:00
5528577;549240;Písek;;;;;404527;Budìjovické Pøedmìstí;383724;Alšova;è.p.;704;13;;39701;773993.46;1125358.98;2014-02-11T00:00:00
5528585;549240;Písek;;;;;404527;Budìjovické Pøedmìstí;384135;Jeronımova;è.p.;705;52;;39701;773876.32;1125711.70;2014-02-11T00:00:00
5528593;549240;Písek;;;;;404527;Budìjovické Pøedmìstí;384585;Nádraní;è.p.;706;11;;39701;774258.17;1126481.60;2013-12-01T00:00:00
5528607;549240;Písek;;;;;404527;Budìjovické Pøedmìstí;384526;Na Spravedlnosti;è.p.;707;20;;39701;773550.63;1125663.67;2013-12-01T00:00:00
5528615;549240;Písek;;;;;404527;Budìjovické Pøedmìstí;384399;Mírové nám.;è.p.;708;7;;39701;773560.33;1125746.45;2013-12-01T00:00:00
5528623;549240;Písek;;;;;404527;Budìjovické Pøedmìstí;384526;Na Spravedlnosti;è.p.;709;18;;39701;773542.78;1125671.38;2013-12-01T00:00:00
5528631;549240;Písek;;;;;404527;Budìjovické Pøedmìstí;383937;Erbenova;è.p.;711;60;;39701;773989.84;1125592.75;2014-02-11T00:00:00
5528640;549240;Písek;;;;;404527;Budìjovické Pøedmìstí;384836;Rokycanova;è.p.;712;36;;39701;773465.24;1126047.25;2013-12-01T00:00:00
5528658;549240;Písek;;;;;404527;Budìjovické Pøedmìstí;384321;Lázeòská;è.p.;713;40;;39701;773922.59;1125406.43;2013-12-01T00:00:00
5528666;549240;Písek;;;;;404527;Budìjovické Pøedmìstí;383937;Erbenova;è.p.;715;62;;39701;773978.00;1125597.14;2014-02-11T00:00:00
5528674;549240;Písek;;;;;404527;Budìjovické Pøedmìstí;384071;Harantova;è.p.;716;43;;39701;773718.14;1126192.27;2013-12-01T00:00:00
5528682;549240;Písek;;;;;404527;Budìjovické Pøedmìstí;384071;Harantova;è.p.;717;44;;39701;773683.08;1126193.00;2013-12-01T00:00:00
5528691;549240;Písek;;;;;404527;Budìjovické Pøedmìstí;384071;Harantova;è.p.;718;42;;39701;773687.71;1126204.38;2013-12-01T00:00:00
5528704;549240;Písek;;;;;404527;Budìjovické Pøedmìstí;384411;Na Houpaèkách;è.p.;719;34;;39701;774063.44;1125410.20;2014-02-11T00:00:00
5528712;549240;Písek;;;;;404527;Budìjovické Pøedmìstí;384542;Na Trubách;è.p.;720;7;;39701;773250.11;1126128.58;2013-12-01T00:00:00
5528721;549240;Písek;;;;;404527;Budìjovické Pøedmìstí;384542;Na Trubách;è.p.;721;5;;39701;773261.92;1126126.47;2013-12-01T00:00:00
5528739;549240;Písek;;;;;404527;Budìjovické Pøedmìstí;383937;Erbenova;è.p.;722;44;;39701;774144.67;1125545.24;2013-12-01T00:00:00
5528747;549240;Písek;;;;;404527;Budìjovické Pøedmìstí;384411;Na Houpaèkách;è.p.;723;32;;39701;774074.57;1125405.47;2014-02-11T00:00:00
5528755;549240;Písek;;;;;404527;Budìjovické Pøedmìstí;384411;Na Houpaèkách;è.p.;724;13;;39701;774046.38;1125434.05;2014-02-11T00:00:00
5528763;549240;Písek;;;;;404527;Budìjovické Pøedmìstí;384062;Husovo nám.;è.p.;725;5;;39701;774125.47;1126616.00;2014-02-07T00:00:00
5528771;549240;Písek;;;;;404527;Budìjovické Pøedmìstí;384411;Na Houpaèkách;è.p.;726;36;;39701;774058.01;1125413.83;2014-02-11T00:00:00
5528780;549240;Písek;;;;;404527;Budìjovické Pøedmìstí;383937;Erbenova;è.p.;727;58;;39701;774001.14;1125589.56;2014-02-11T00:00:00
5528798;549240;Písek;;;;;404527;Budìjovické Pøedmìstí;385409;ikova tøída;è.p.;728;10;;39701;773958.91;1126091.29;2013-12-01T00:00:00
5528801;549240;Písek;;;;;404527;Budìjovické Pøedmìstí;384666;Otakara Ševèíka;è.p.;729;;;39701;774128.30;1126495.83;2013-12-01T00:00:00
5528810;549240;Písek;;;;;404527;Budìjovické Pøedmìstí;384399;Mírové nám.;è.p.;730;9;;39701;773572.87;1125742.42;2013-12-01T00:00:00
5528828;549240;Písek;;;;;404527;Budìjovické Pøedmìstí;384291;Kollárova;è.p.;731;21;;39701;773910.97;1125757.05;2014-02-11T00:00:00
5528836;549240;Písek;;;;;404527;Budìjovické Pøedmìstí;384585;Nádraní;è.p.;732;;;39701;774647.74;1127537.79;2013-12-01T00:00:00
5528844;549240;Písek;;;;;404527;Budìjovické Pøedmìstí;385310;Za Nádraím;è.p.;734;;;39701;774809.09;1127512.19;2013-12-01T00:00:00
5528852;549240;Písek;;;;;404527;Budìjovické Pøedmìstí;383724;Alšova;è.p.;735;15;;39701;773988.78;1125346.67;2014-02-11T00:00:00
5528861;549240;Písek;;;;;404527;Budìjovické Pøedmìstí;383724;Alšova;è.p.;736;18;;39701;774006.32;1125328.54;2014-02-11T00:00:00
5528879;549240;Písek;;;;;404527;Budìjovické Pøedmìstí;383724;Alšova;è.p.;737;20;;39701;774002.39;1125317.98;2014-02-11T00:00:00
5528887;549240;Písek;;;;;404527;Budìjovické Pøedmìstí;383937;Erbenova;è.p.;738;21;;39701;774159.31;1125558.45;2013-12-01T00:00:00
5528895;549240;Písek;;;;;404527;Budìjovické Pøedmìstí;384291;Kollárova;è.p.;739;33;;39701;774004.99;1125714.83;2014-02-11T00:00:00
5528909;549240;Písek;;;;;404527;Budìjovické Pøedmìstí;384291;Kollárova;è.p.;740;35;;39701;774027.00;1125707.23;2014-02-11T00:00:00
5528917;549240;Písek;;;;;404527;Budìjovické Pøedmìstí;384526;Na Spravedlnosti;è.p.;741;22;;39701;773568.48;1125636.08;2013-12-01T00:00:00
5528925;549240;Písek;;;;;404527;Budìjovické Pøedmìstí;383805;Budìjovická;è.p.;742;9;;39701;774048.29;1126433.49;2013-12-01T00:00:00
5528933;549240;Písek;;;;;404527;Budìjovické Pøedmìstí;385310;Za Nádraím;è.p.;743;;;39701;774761.34;1127803.90;2013-12-01T00:00:00
5528941;549240;Písek;;;;;404527;Budìjovické Pøedmìstí;383899;Dobrovského;è.p.;744;18;;39701;774196.00;1125366.16;2013-12-01T00:00:00
5528950;549240;Písek;;;;;404527;Budìjovické Pøedmìstí;384712;Pod Šobrovnou;è.p.;745;;;39701;773178.60;1127055.88;2013-12-01T00:00:00
5528968;549240;Písek;;;;;404527;Budìjovické Pøedmìstí;383937;Erbenova;è.p.;746;9;;39701;774232.57;1125536.00;2013-12-01T00:00:00
5528976;549240;Písek;;;;;404527;Budìjovické Pøedmìstí;384321;Lázeòská;è.p.;747;42;;39701;773911.20;1125407.63;2013-12-01T00:00:00
5528984;549240;Písek;;;;;404527;Budìjovické Pøedmìstí;384828;Roháèova;è.p.;748;42;;39701;773619.76;1126241.91;2013-12-01T00:00:00
5528992;549240;Písek;;;;;404527;Budìjovické Pøedmìstí;384836;Rokycanova;è.p.;749;33;;39701;773547.28;1126080.22;2013-12-01T00:00:00
5529000;549240;Písek;;;;;404527;Budìjovické Pøedmìstí;384836;Rokycanova;è.p.;750;35;;39701;773537.61;1126081.18;2013-12-01T00:00:00
5529018;549240;Písek;;;;;404527;Budìjovické Pøedmìstí;384836;Rokycanova;è.p.;751;43;;39701;773424.37;1126096.01;2013-12-01T00:00:00
5529026;549240;Písek;;;;;404527;Budìjovické Pøedmìstí;384135;Jeronımova;è.p.;752;55;;39701;773759.66;1125503.67;2013-12-01T00:00:00
5529042;549240;Písek;;;;;404527;Budìjovické Pøedmìstí;384062;Husovo nám.;è.p.;754;3;;39701;774114.47;1126584.62;2014-02-07T00:00:00
5529051;549240;Písek;;;;;404527;Budìjovické Pøedmìstí;384836;Rokycanova;è.p.;755;41;;39701;773445.37;1126092.94;2013-12-01T00:00:00
5529069;549240;Písek;;;;;404527;Budìjovické Pøedmìstí;384836;Rokycanova;è.p.;756;39;;39701;773455.57;1126091.88;2013-12-01T00:00:00
5529077;549240;Písek;;;;;404527;Budìjovické Pøedmìstí;383937;Erbenova;è.p.;757;64;;39701;773961.95;1125604.00;2014-02-11T00:00:00
5529085;549240;Písek;;;;;404527;Budìjovické Pøedmìstí;383937;Erbenova;è.p.;758;66;;39701;773951.11;1125608.29;2014-02-11T00:00:00
5529093;549240;Písek;;;;;404527;Budìjovické Pøedmìstí;383937;Erbenova;è.p.;759;68;;39701;773940.36;1125611.27;2025-03-03T00:00:00
5529107;549240;Písek;;;;;404527;Budìjovické Pøedmìstí;383937;Erbenova;è.p.;760;70;;39701;773928.74;1125615.61;2014-02-11T00:00:00
5529115;549240;Písek;;;;;404527;Budìjovické Pøedmìstí;383937;Erbenova;è.p.;761;72;;39701;773917.99;1125619.12;2014-02-11T00:00:00
5529123;549240;Písek;;;;;404527;Budìjovické Pøedmìstí;383937;Erbenova;è.p.;762;74;;39701;773907.28;1125623.01;2014-02-11T00:00:00
5529131;549240;Písek;;;;;404527;Budìjovické Pøedmìstí;383937;Erbenova;è.p.;763;76;;39701;773898.81;1125625.57;2014-02-11T00:00:00
5529140;549240;Písek;;;;;404527;Budìjovické Pøedmìstí;384411;Na Houpaèkách;è.p.;764;33;;39701;773919.65;1125485.08;2013-12-01T00:00:00
5529158;549240;Písek;;;;;404527;Budìjovické Pøedmìstí;384411;Na Houpaèkách;è.p.;765;35;;39701;773905.22;1125496.28;2013-12-01T00:00:00
5529166;549240;Písek;;;;;404527;Budìjovické Pøedmìstí;384411;Na Houpaèkách;è.p.;766;37;;39701;773899.58;1125504.64;2013-12-01T00:00:00
5529174;549240;Písek;;;;;404527;Budìjovické Pøedmìstí;384411;Na Houpaèkách;è.p.;767;51;;39701;773818.55;1125520.27;2013-12-01T00:00:00
5529182;549240;Písek;;;;;404527;Budìjovické Pøedmìstí;384135;Jeronımova;è.p.;768;70;;39701;773825.19;1125566.10;2013-12-01T00:00:00
5529191;549240;Písek;;;;;404527;Budìjovické Pøedmìstí;384135;Jeronımova;è.p.;769;68;;39701;773820.50;1125575.19;2025-07-21T00:00:00
5529204;549240;Písek;;;;;404527;Budìjovické Pøedmìstí;384135;Jeronımova;è.p.;770;66;;39701;773830.21;1125585.67;2013-12-01T00:00:00
5529212;549240;Písek;;;;;404527;Budìjovické Pøedmìstí;384135;Jeronımova;è.p.;771;64;;39701;773833.62;1125596.20;2013-12-01T00:00:00
5529221;549240;Písek;;;;;404527;Budìjovické Pøedmìstí;384135;Jeronımova;è.p.;772;62;;39701;773834.08;1125613.06;2014-12-15T00:00:00
5529239;549240;Písek;;;;;404527;Budìjovické Pøedmìstí;383937;Erbenova;è.p.;773;84;;39701;773850.95;1125643.00;2014-02-11T00:00:00
5529247;549240;Písek;;;;;404527;Budìjovické Pøedmìstí;383937;Erbenova;è.p.;774;82;;39701;773864.26;1125638.82;2014-02-11T00:00:00
5529255;549240;Písek;;;;;404527;Budìjovické Pøedmìstí;383937;Erbenova;è.p.;775;80;;39701;773875.58;1125634.71;2014-02-11T00:00:00
5529263;549240;Písek;;;;;404527;Budìjovické Pøedmìstí;383937;Erbenova;è.p.;776;78;;39701;773885.20;1125631.35;2014-02-11T00:00:00
5529271;549240;Písek;;;;;404527;Budìjovické Pøedmìstí;384411;Na Houpaèkách;è.p.;777;49;;39701;773829.22;1125516.86;2013-12-01T00:00:00
5529280;549240;Písek;;;;;404527;Budìjovické Pøedmìstí;384411;Na Houpaèkách;è.p.;778;47;;39701;773843.68;1125522.73;2013-12-01T00:00:00
5529298;549240;Písek;;;;;404527;Budìjovické Pøedmìstí;384411;Na Houpaèkách;è.p.;779;45;;39701;773854.39;1125516.70;2013-12-01T00:00:00
5529301;549240;Písek;;;;;404527;Budìjovické Pøedmìstí;384411;Na Houpaèkách;è.p.;780;43;;39701;773863.48;1125504.80;2013-12-01T00:00:00
5529310;549240;Písek;;;;;404527;Budìjovické Pøedmìstí;384411;Na Houpaèkách;è.p.;781;41;;39701;773874.03;1125501.03;2013-12-01T00:00:00
5529328;549240;Písek;;;;;404527;Budìjovické Pøedmìstí;384411;Na Houpaèkách;è.p.;782;39;;39701;773885.07;1125497.23;2013-12-01T00:00:00
5529336;549240;Písek;;;;;404527;Budìjovické Pøedmìstí;384135;Jeronımova;è.p.;783;72;;39701;773809.00;1125528.00;2013-12-01T00:00:00
5529344;549240;Písek;;;;;404527;Budìjovické Pøedmìstí;384526;Na Spravedlnosti;è.p.;784;17;;39701;773679.75;1125455.36;2013-12-01T00:00:00
5529352;549240;Písek;;;;;404527;Budìjovické Pøedmìstí;384526;Na Spravedlnosti;è.p.;785;15;;39701;773678.24;1125457.34;2013-12-01T00:00:00
5529361;549240;Písek;;;;;404527;Budìjovické Pøedmìstí;383724;Alšova;è.p.;786;19;;39701;773980.55;1125324.14;2014-02-11T00:00:00
5529379;549240;Písek;;;;;404527;Budìjovické Pøedmìstí;384836;Rokycanova;è.p.;787;31;;39701;773566.30;1126078.94;2013-12-01T00:00:00
5529387;549240;Písek;;;;;404527;Budìjovické Pøedmìstí;384836;Rokycanova;è.p.;788;42;;39701;773396.95;1126054.63;2013-12-01T00:00:00
5529395;549240;Písek;;;;;404527;Budìjovické Pøedmìstí;384836;Rokycanova;è.p.;789;37;;39701;773508.58;1126086.31;2013-12-01T00:00:00
5529409;549240;Písek;;;;;404527;Budìjovické Pøedmìstí;385417;Rašínova;è.p.;790;19;;39701;773474.69;1126090.13;2013-12-01T00:00:00
5529417;549240;Písek;;;;;404527;Budìjovické Pøedmìstí;385417;Rašínova;è.p.;791;9;;39701;773515.79;1126166.82;2013-12-01T00:00:00
5529425;549240;Písek;;;;;404527;Budìjovické Pøedmìstí;385417;Rašínova;è.p.;792;1;;39701;773563.41;1126262.19;2013-12-01T00:00:00
5529433;549240;Písek;;;;;404527;Budìjovické Pøedmìstí;384020;Holeèkova;è.p.;793;7;;39701;773476.27;1126316.55;2013-12-01T00:00:00
5529441;549240;Písek;;;;;404527;Budìjovické Pøedmìstí;384828;Roháèova;è.p.;794;54;;39701;773443.29;1126319.18;2013-12-01T00:00:00
5529450;549240;Písek;;;;;404527;Budìjovické Pøedmìstí;383791;Boeny Nìmcové;è.p.;795;13;;39701;773410.00;1126257.23;2013-12-01T00:00:00
5529468;549240;Písek;;;;;404527;Budìjovické Pøedmìstí;384330;Legionáøská;è.p.;796;12;;39701;773366.55;1126163.92;2013-12-01T00:00:00
5529476;549240;Písek;;;;;404527;Budìjovické Pøedmìstí;385417;Rašínova;è.p.;797;22;;39701;773520.34;1126108.71;2013-12-01T00:00:00
5529484;549240;Písek;;;;;404527;Budìjovické Pøedmìstí;385417;Rašínova;è.p.;798;20;;39701;773524.81;1126117.43;2013-12-01T00:00:00
5529492;549240;Písek;;;;;404527;Budìjovické Pøedmìstí;385417;Rašínova;è.p.;799;10;;39701;773564.61;1126191.55;2013-12-01T00:00:00
5529506;549240;Písek;;;;;404527;Budìjovické Pøedmìstí;385417;Rašínova;è.p.;800;8;;39701;773568.61;1126199.80;2013-12-01T00:00:00
5529514;549240;Písek;;;;;404527;Budìjovické Pøedmìstí;385417;Rašínova;è.p.;801;13;;39701;773501.82;1126139.29;2013-12-01T00:00:00
5529522;549240;Písek;;;;;404527;Budìjovické Pøedmìstí;385417;Rašínova;è.p.;802;11;;39701;773506.29;1126147.54;2013-12-01T00:00:00
5529531;549240;Písek;;;;;404527;Budìjovické Pøedmìstí;385417;Rašínova;è.p.;803;5;;39701;773548.43;1126226.86;2013-12-01T00:00:00
5529549;549240;Písek;;;;;404527;Budìjovické Pøedmìstí;385417;Rašínova;è.p.;804;3;;39701;773552.36;1126235.20;2013-12-01T00:00:00
5529557;549240;Písek;;;;;404527;Budìjovické Pøedmìstí;384828;Roháèova;è.p.;805;46;;39701;773541.02;1126282.61;2013-12-01T00:00:00
5529565;549240;Písek;;;;;404527;Budìjovické Pøedmìstí;384828;Roháèova;è.p.;806;48;;39701;773533.13;1126286.55;2013-12-01T00:00:00
5529573;549240;Písek;;;;;404527;Budìjovické Pøedmìstí;384828;Roháèova;è.p.;807;50;;39701;773513.20;1126297.09;2013-12-01T00:00:00
5529581;549240;Písek;;;;;404527;Budìjovické Pøedmìstí;384828;Roháèova;è.p.;808;52;;39701;773504.28;1126301.15;2013-12-01T00:00:00
5529590;549240;Písek;;;;;404527;Budìjovické Pøedmìstí;385093;Tyršova;è.p.;809;36;;39701;774108.90;1125644.65;2013-12-01T00:00:00
5529603;549240;Písek;;;;;404527;Budìjovické Pøedmìstí;385328;Za Pazdernou;è.p.;810;;;39701;773244.89;1125401.85;2013-12-01T00:00:00
5529611;549240;Písek;;;;;404527;Budìjovické Pøedmìstí;385417;Rašínova;è.p.;811;4;;39701;773583.11;1126226.29;2013-12-01T00:00:00
5529620;549240;Písek;;;;;404527;Budìjovické Pøedmìstí;385417;Rašínova;è.p.;812;2;;39701;773589.83;1126240.18;2013-12-01T00:00:00
5529638;549240;Písek;;;;;404527;Budìjovické Pøedmìstí;384828;Roháèova;è.p.;813;44;;39701;773597.24;1126252.54;2013-12-01T00:00:00
5529646;549240;Písek;;;;;404527;Budìjovické Pøedmìstí;385417;Rašínova;è.p.;814;17;;39701;773486.29;1126111.43;2013-12-01T00:00:00
5529654;549240;Písek;;;;;404527;Budìjovické Pøedmìstí;385417;Rašínova;è.p.;815;15;;39701;773491.05;1126119.68;2013-12-01T00:00:00
5529662;549240;Písek;;;;;404527;Budìjovické Pøedmìstí;383791;Boeny Nìmcové;è.p.;816;2;;39701;773475.38;1126194.71;2013-12-01T00:00:00
5529671;549240;Písek;;;;;404527;Budìjovické Pøedmìstí;383791;Boeny Nìmcové;è.p.;817;4;;39701;773459.56;1126195.61;2013-12-01T00:00:00
5529689;549240;Písek;;;;;404527;Budìjovické Pøedmìstí;383791;Boeny Nìmcové;è.p.;818;1;;39701;773532.67;1126198.82;2013-12-01T00:00:00
5529697;549240;Písek;;;;;404527;Budìjovické Pøedmìstí;385417;Rašínova;è.p.;819;7;;39701;773537.54;1126207.28;2013-12-01T00:00:00
5529701;549240;Písek;;;;;404527;Budìjovické Pøedmìstí;384020;Holeèkova;è.p.;820;5;;39701;773460.05;1126282.84;2013-12-01T00:00:00
5529719;549240;Písek;;;;;404527;Budìjovické Pøedmìstí;384020;Holeèkova;è.p.;821;3;;39701;773454.84;1126274.15;2013-12-01T00:00:00
5529727;549240;Písek;;;;;404527;Budìjovické Pøedmìstí;384020;Holeèkova;è.p.;822;1;;39701;773444.66;1126254.97;2013-12-01T00:00:00
5529735;549240;Písek;;;;;404527;Budìjovické Pøedmìstí;383791;Boeny Nìmcové;è.p.;823;11;;39701;773440.14;1126246.75;2013-12-01T00:00:00
5529743;549240;Písek;;;;;404527;Budìjovické Pøedmìstí;383791;Boeny Nìmcové;è.p.;824;9;;39701;773465.47;1126228.01;2013-12-01T00:00:00
5529751;549240;Písek;;;;;404527;Budìjovické Pøedmìstí;383791;Boeny Nìmcové;è.p.;825;7;;39701;773474.16;1126223.84;2013-12-01T00:00:00
5529760;549240;Písek;;;;;404527;Budìjovické Pøedmìstí;383791;Boeny Nìmcové;è.p.;826;5;;39701;773494.09;1126213.65;2013-12-01T00:00:00
5529778;549240;Písek;;;;;404527;Budìjovické Pøedmìstí;383791;Boeny Nìmcové;è.p.;827;3;;39701;773502.78;1126209.13;2013-12-01T00:00:00
5529786;549240;Písek;;;;;404527;Budìjovické Pøedmìstí;383791;Boeny Nìmcové;è.p.;828;15;;39701;773386.10;1126268.75;2013-12-01T00:00:00
5529794;549240;Písek;;;;;404527;Budìjovické Pøedmìstí;383791;Boeny Nìmcové;è.p.;829;17;;39701;773365.54;1126281.62;2013-12-01T00:00:00
5529808;549240;Písek;;;;;404527;Budìjovické Pøedmìstí;384020;Holeèkova;è.p.;830;2;;39701;773424.72;1126286.97;2013-12-01T00:00:00
5529816;549240;Písek;;;;;404527;Budìjovické Pøedmìstí;384020;Holeèkova;è.p.;831;4;;39701;773431.21;1126297.68;2013-12-01T00:00:00
5529824;549240;Písek;;;;;404527;Budìjovické Pøedmìstí;383791;Boeny Nìmcové;è.p.;832;6;;39701;773450.63;1126200.17;2013-12-01T00:00:00
5529832;549240;Písek;;;;;404527;Budìjovické Pøedmìstí;383791;Boeny Nìmcové;è.p.;833;8;;39701;773431.32;1126209.68;2013-12-01T00:00:00
5529841;549240;Písek;;;;;404527;Budìjovické Pøedmìstí;383791;Boeny Nìmcové;è.p.;834;12;;39701;773402.93;1126224.79;2013-12-01T00:00:00
5529859;549240;Písek;;;;;404527;Budìjovické Pøedmìstí;383791;Boeny Nìmcové;è.p.;835;14;;39701;773393.81;1126229.65;2013-12-01T00:00:00
5529867;549240;Písek;;;;;404527;Budìjovické Pøedmìstí;384330;Legionáøská;è.p.;836;4;;39701;773368.29;1126233.79;2013-12-01T00:00:00
5529875;549240;Písek;;;;;404527;Budìjovické Pøedmìstí;384330;Legionáøská;è.p.;837;6;;39701;773367.86;1126210.15;2013-12-01T00:00:00
5529883;549240;Písek;;;;;404527;Budìjovické Pøedmìstí;384526;Na Spravedlnosti;è.p.;838;33;;39701;773715.94;1125406.84;2013-12-01T00:00:00
5529891;549240;Písek;;;;;404527;Budìjovické Pøedmìstí;384526;Na Spravedlnosti;è.p.;839;31;;39701;773714.02;1125409.63;2013-12-01T00:00:00
5529905;549240;Písek;;;;;404527;Budìjovické Pøedmìstí;384526;Na Spravedlnosti;è.p.;840;29;;39701;773706.70;1125419.15;2013-12-01T00:00:00
5529913;549240;Písek;;;;;404527;Budìjovické Pøedmìstí;384526;Na Spravedlnosti;è.p.;841;27;;39701;773705.31;1125421.52;2013-12-01T00:00:00
5529921;549240;Písek;;;;;404527;Budìjovické Pøedmìstí;384526;Na Spravedlnosti;è.p.;842;25;;39701;773697.52;1125431.23;2013-12-01T00:00:00
5529930;549240;Písek;;;;;404527;Budìjovické Pøedmìstí;384526;Na Spravedlnosti;è.p.;843;23;;39701;773696.07;1125433.80;2013-12-01T00:00:00
5529948;549240;Písek;;;;;404527;Budìjovické Pøedmìstí;384526;Na Spravedlnosti;è.p.;844;21;;39701;773688.93;1125443.24;2013-12-01T00:00:00
5529956;549240;Písek;;;;;404527;Budìjovické Pøedmìstí;384526;Na Spravedlnosti;è.p.;845;19;;39701;773686.85;1125445.52;2013-12-01T00:00:00
5529964;549240;Písek;;;;;404527;Budìjovické Pøedmìstí;384976;Šobrova;è.p.;846;;;39701;773635.65;1126729.08;2013-12-01T00:00:00
5529972;549240;Písek;;;;;404527;Budìjovické Pøedmìstí;384747;Preslova;è.p.;847;;;39701;773962.61;1126875.48;2013-12-01T00:00:00
5529981;549240;Písek;;;;;404527;Budìjovické Pøedmìstí;385310;Za Nádraím;è.p.;849;;;39701;774736.57;1127711.13;2013-12-01T00:00:00
5529999;549240;Písek;;;;;404527;Budìjovické Pøedmìstí;384828;Roháèova;è.p.;850;38;;39701;773653.98;1126223.14;2013-12-01T00:00:00
5530008;549240;Písek;;;;;404527;Budìjovické Pøedmìstí;384828;Roháèova;è.p.;851;56;;39701;773406.80;1126323.01;2013-12-01T00:00:00
5530016;549240;Písek;;;;;404527;Budìjovické Pøedmìstí;384330;Legionáøská;è.p.;852;2;;39701;773365.19;1126311.21;2013-12-01T00:00:00
5530024;549240;Písek;;;;;404527;Budìjovické Pøedmìstí;384828;Roháèova;è.p.;853;58;;39701;773396.74;1126323.08;2013-12-01T00:00:00
5530032;549240;Písek;;;;;404527;Budìjovické Pøedmìstí;385417;Rašínova;è.p.;854;14;;39701;773549.11;1126161.70;2013-12-01T00:00:00
5530041;549240;Písek;;;;;404527;Budìjovické Pøedmìstí;385417;Rašínova;è.p.;855;12;;39701;773554.98;1126172.31;2013-12-01T00:00:00
5530059;549240;Písek;;;;;404527;Budìjovické Pøedmìstí;385417;Rašínova;è.p.;856;18;;39701;773535.22;1126134.68;2013-12-01T00:00:00
5530067;549240;Písek;;;;;404527;Budìjovické Pøedmìstí;385417;Rašínova;è.p.;857;16;;39701;773539.85;1126142.68;2013-12-01T00:00:00
5530075;549240;Písek;;;;;404527;Budìjovické Pøedmìstí;385417;Rašínova;è.p.;858;6;;39701;773578.62;1126217.69;2013-12-01T00:00:00
5530083;549240;Písek;;;;;404527;Budìjovické Pøedmìstí;383791;Boeny Nìmcové;è.p.;859;10;;39701;773422.48;1126214.44;2013-12-01T00:00:00
5530091;549240;Písek;;;;;404527;Budìjovické Pøedmìstí;384330;Legionáøská;è.p.;860;10;;39701;773363.26;1126182.04;2013-12-01T00:00:00
5530105;549240;Písek;;;;;404527;Budìjovické Pøedmìstí;384330;Legionáøská;è.p.;861;8;;39701;773363.84;1126201.33;2013-12-01T00:00:00
5530113;549240;Písek;;;;;404527;Budìjovické Pøedmìstí;384399;Mírové nám.;è.p.;862;17;;39701;773624.61;1125722.71;2013-12-01T00:00:00
5530121;549240;Písek;;;;;404527;Budìjovické Pøedmìstí;384399;Mírové nám.;è.p.;863;15;;39701;773612.20;1125728.62;2013-12-01T00:00:00
5530130;549240;Písek;;;;;404527;Budìjovické Pøedmìstí;384828;Roháèova;è.p.;864;40;;39701;773635.46;1126232.27;2013-12-01T00:00:00
5530148;549240;Písek;;;;;404527;Budìjovické Pøedmìstí;384411;Na Houpaèkách;è.p.;865;64;;39701;773855.17;1125488.78;2013-12-01T00:00:00
5530156;549240;Písek;;;;;404527;Budìjovické Pøedmìstí;384411;Na Houpaèkách;è.p.;866;66;;39701;773844.23;1125492.03;2013-12-01T00:00:00
5530164;549240;Písek;;;;;404527;Budìjovické Pøedmìstí;384411;Na Houpaèkách;è.p.;867;68;;39701;773836.92;1125493.83;2013-12-01T00:00:00
5530172;549240;Písek;;;;;404527;Budìjovické Pøedmìstí;384411;Na Houpaèkách;è.p.;868;70;;39701;773822.42;1125505.36;2018-02-13T00:00:00
5530181;549240;Písek;;;;;404527;Budìjovické Pøedmìstí;384135;Jeronımova;è.p.;869;74;;39701;773789.91;1125481.22;2013-12-01T00:00:00
5530199;549240;Písek;;;;;404527;Budìjovické Pøedmìstí;384135;Jeronımova;è.p.;870;76;;39701;773787.83;1125467.57;2013-12-01T00:00:00
5530202;549240;Písek;;;;;404527;Budìjovické Pøedmìstí;384135;Jeronımova;è.p.;871;78;;39701;773781.73;1125453.66;2013-12-01T00:00:00
5530211;549240;Písek;;;;;404527;Budìjovické Pøedmìstí;384135;Jeronımova;è.p.;872;80;;39701;773778.65;1125445.75;2013-12-01T00:00:00
5530229;549240;Písek;;;;;404527;Budìjovické Pøedmìstí;384836;Rokycanova;è.p.;873;45;;39701;773403.50;1126099.84;2013-12-01T00:00:00
5530237;549240;Písek;;;;;404527;Budìjovické Pøedmìstí;384836;Rokycanova;è.p.;874;47;;39701;773391.24;1126099.54;2013-12-01T00:00:00
5530245;549240;Písek;;;;;404527;Budìjovické Pøedmìstí;384411;Na Houpaèkách;è.p.;875;1;;39701;774236.51;1125343.43;2013-12-01T00:00:00
5530253;549240;Písek;;;;;404527;Budìjovické Pøedmìstí;384135;Jeronımova;è.p.;877;84;;39701;773772.88;1125426.28;2013-12-01T00:00:00
5530261;549240;Písek;;;;;404527;Budìjovické Pøedmìstí;383724;Alšova;è.p.;878;14;;39701;774012.12;1125349.67;2014-02-11T00:00:00
5530270;549240;Písek;;;;;404527;Budìjovické Pøedmìstí;384291;Kollárova;è.p.;879;22;;39701;773859.94;1125798.16;2013-12-01T00:00:00
5530288;549240;Písek;;;;;404527;Budìjovické Pøedmìstí;384828;Roháèova;è.p.;880;61;;39701;773424.23;1126348.55;2013-12-01T00:00:00
5530296;549240;Písek;;;;;404527;Budìjovické Pøedmìstí;383872;Denisova;è.p.;881;2;;39701;773658.30;1125695.68;2013-12-01T00:00:00
5530300;549240;Písek;;;;;404527;Budìjovické Pøedmìstí;384135;Jeronımova;è.p.;882;86;;39701;773767.60;1125413.94;2013-12-01T00:00:00
5530318;549240;Písek;;;;;404527;Budìjovické Pøedmìstí;384526;Na Spravedlnosti;è.p.;883;13;;39701;773668.75;1125468.71;2013-12-01T00:00:00
5530326;549240;Písek;;;;;404527;Budìjovické Pøedmìstí;383805;Budìjovická;è.p.;884;3;;39701;774085.02;1126398.63;2013-12-01T00:00:00
5530334;549240;Písek;;;;;404527;Budìjovické Pøedmìstí;384828;Roháèova;è.p.;885;60;;39701;773366.68;1126322.06;2013-12-01T00:00:00
5530342;549240;Písek;;;;;404527;Budìjovické Pøedmìstí;384984;Šobrovna;è.p.;886;;;39701;772796.48;1127259.52;2013-12-01T00:00:00
5530351;549240;Písek;;;;;404527;Budìjovické Pøedmìstí;384291;Kollárova;è.p.;887;41;;39701;774095.39;1125677.33;2014-02-11T00:00:00
5530369;549240;Písek;;;;;404527;Budìjovické Pøedmìstí;384291;Kollárova;è.p.;888;39;;39701;774070.22;1125691.55;2014-02-11T00:00:00
5530377;549240;Písek;;;;;404527;Budìjovické Pøedmìstí;384291;Kollárova;è.p.;889;37;;39701;774048.37;1125699.09;2014-02-11T00:00:00
5530385;549240;Písek;;;;;404527;Budìjovické Pøedmìstí;384135;Jeronımova;è.p.;890;67;;39701;773755.42;1125441.50;2013-12-01T00:00:00
5530393;549240;Písek;;;;;404527;Budìjovické Pøedmìstí;383872;Denisova;è.p.;891;4;;39701;773652.82;1125684.06;2013-12-01T00:00:00
5530407;549240;Písek;;;;;404527;Budìjovické Pøedmìstí;383872;Denisova;è.p.;892;6;;39701;773648.83;1125674.55;2013-12-01T00:00:00
5530415;549240;Písek;;;;;404527;Budìjovické Pøedmìstí;383872;Denisova;è.p.;893;8;;39701;773645.22;1125664.39;2013-12-01T00:00:00
5530423;549240;Písek;;;;;404527;Budìjovické Pøedmìstí;384135;Jeronımova;è.p.;894;69;;39701;773755.03;1125439.24;2013-12-01T00:00:00
5530431;549240;Písek;;;;;404527;Budìjovické Pøedmìstí;384135;Jeronımova;è.p.;895;51;;39701;773781.10;1125513.19;2013-12-01T00:00:00
5530440;549240;Písek;;;;;404527;Budìjovické Pøedmìstí;384411;Na Houpaèkách;è.p.;896;28;;39701;774093.47;1125396.94;2014-02-11T00:00:00
5530458;549240;Písek;;;;;404527;Budìjovické Pøedmìstí;384411;Na Houpaèkách;è.p.;897;26;;39701;774103.52;1125392.10;2014-02-11T00:00:00
5530466;549240;Písek;;;;;404527;Budìjovické Pøedmìstí;383724;Alšova;è.p.;898;12;;39701;774017.57;1125359.47;2014-02-11T00:00:00
5530474;549240;Písek;;;;;404527;Budìjovické Pøedmìstí;383724;Alšova;è.p.;899;21;;39701;773977.43;1125312.48;2014-02-11T00:00:00
5530482;549240;Písek;;;;;404527;Budìjovické Pøedmìstí;383724;Alšova;è.p.;900;10;;39701;774020.58;1125370.22;2014-02-11T00:00:00
5530491;549240;Písek;;;;;404527;Budìjovické Pøedmìstí;384135;Jeronımova;è.p.;901;61;;39701;773765.83;1125470.34;2013-12-01T00:00:00
5530504;549240;Písek;;;;;404527;Budìjovické Pøedmìstí;384828;Roháèova;è.p.;902;59;;39701;773440.45;1126348.68;2013-12-01T00:00:00
5530512;549240;Písek;;;;;404527;Budìjovické Pøedmìstí;384135;Jeronımova;è.p.;903;57;;39701;773771.87;1125488.36;2013-12-01T00:00:00
5530539;549240;Písek;;;;;404527;Budìjovické Pøedmìstí;384135;Jeronımova;è.p.;905;59;;39701;773766.53;1125472.63;2013-12-01T00:00:00
5530547;549240;Písek;;;;;404527;Budìjovické Pøedmìstí;384135;Jeronımova;è.p.;906;47;;39701;773788.57;1125534.35;2013-12-01T00:00:00
5530555;549240;Písek;;;;;404527;Budìjovické Pøedmìstí;384526;Na Spravedlnosti;è.p.;907;50;;39701;773715.53;1125435.26;2013-12-01T00:00:00
5530563;549240;Písek;;;;;404527;Budìjovické Pøedmìstí;384411;Na Houpaèkách;è.p.;908;30;;39701;774090.85;1125398.36;2014-02-11T00:00:00
5530571;549240;Písek;;;;;404527;Budìjovické Pøedmìstí;384321;Lázeòská;è.p.;909;33;;39701;773878.43;1125412.50;2013-12-01T00:00:00
5530580;549240;Písek;;;;;404527;Budìjovické Pøedmìstí;384526;Na Spravedlnosti;è.p.;910;44;;39701;773696.80;1125460.26;2013-12-01T00:00:00
5530598;549240;Písek;;;;;404527;Budìjovické Pøedmìstí;384321;Lázeòská;è.p.;911;29;;39701;773900.05;1125422.99;2013-12-01T00:00:00
5530601;549240;Písek;;;;;404527;Budìjovické Pøedmìstí;383872;Denisova;è.p.;912;10;;39701;773638.62;1125654.56;2013-12-01T00:00:00
5530610;549240;Písek;;;;;404527;Budìjovické Pøedmìstí;383872;Denisova;è.p.;913;12;;39701;773634.44;1125645.10;2013-12-01T00:00:00
5530628;549240;Písek;;;;;404527;Budìjovické Pøedmìstí;384828;Roháèova;è.p.;914;36;;39701;773731.25;1126188.30;2013-12-01T00:00:00
5530636;549240;Písek;;;;;404527;Budìjovické Pøedmìstí;384321;Lázeòská;è.p.;915;27;;39701;773907.52;1125426.71;2013-12-01T00:00:00
5530644;549240;Písek;;;;;404527;Budìjovické Pøedmìstí;384135;Jeronımova;è.p.;916;63;;39701;773761.06;1125457.09;2013-12-01T00:00:00
5530652;549240;Písek;;;;;404527;Budìjovické Pøedmìstí;384135;Jeronımova;è.p.;917;65;;39701;773760.16;1125454.82;2013-12-01T00:00:00
5530661;549240;Písek;;;;;404527;Budìjovické Pøedmìstí;384135;Jeronımova;è.p.;918;49;;39701;773785.72;1125526.65;2013-12-01T00:00:00
5530679;549240;Písek;;;;;404527;Budìjovické Pøedmìstí;384526;Na Spravedlnosti;è.p.;919;48;;39701;773706.49;1125446.70;2023-09-04T00:00:00
5530687;549240;Písek;;;;;404527;Budìjovické Pøedmìstí;384321;Lázeòská;è.p.;920;31;;39701;773889.24;1125418.15;2013-12-01T00:00:00
5530695;549240;Písek;;;;;404527;Budìjovické Pøedmìstí;384321;Lázeòská;è.p.;921;46;;39701;773884.64;1125386.42;2013-12-01T00:00:00
5530709;549240;Písek;;;;;404527;Budìjovické Pøedmìstí;384526;Na Spravedlnosti;è.p.;922;24;;39701;773612.11;1125572.09;2013-12-01T00:00:00
5530717;549240;Písek;;;;;404527;Budìjovické Pøedmìstí;383724;Alšova;è.p.;923;16;;39701;774009.76;1125339.11;2014-02-11T00:00:00
5530725;549240;Písek;;;;;404527;Budìjovické Pøedmìstí;383872;Denisova;è.p.;924;22;;39701;773609.61;1125594.29;2013-12-01T00:00:00
5530733;549240;Písek;;;;;404527;Budìjovické Pøedmìstí;383872;Denisova;è.p.;925;20;;39701;773615.52;1125604.62;2013-12-01T00:00:00
5530741;549240;Písek;;;;;404527;Budìjovické Pøedmìstí;384321;Lázeòská;è.p.;926;25;;39701;773914.20;1125429.83;2013-12-01T00:00:00
5530750;549240;Písek;;;;;404527;Budìjovické Pøedmìstí;383872;Denisova;è.p.;927;24;;39701;773605.21;1125583.40;2013-12-01T00:00:00
5530768;549240;Písek;;;;;404527;Budìjovické Pøedmìstí;384321;Lázeòská;è.p.;928;21;;39701;773933.61;1125436.64;2025-08-01T00:00:00
5530776;549240;Písek;;;;;404527;Budìjovické Pøedmìstí;384321;Lázeòská;è.p.;929;23;;39701;773920.13;1125433.26;2013-12-01T00:00:00
5530784;549240;Písek;;;;;404527;Budìjovické Pøedmìstí;384321;Lázeòská;è.p.;930;35;;39701;773869.84;1125407.28;2013-12-01T00:00:00
5530792;549240;Písek;;;;;404527;Budìjovické Pøedmìstí;384411;Na Houpaèkách;è.p.;931;29;;39701;773935.13;1125479.47;2013-12-01T00:00:00
5530806;549240;Písek;;;;;404527;Budìjovické Pøedmìstí;384411;Na Houpaèkách;è.p.;933;52;;39701;773909.38;1125474.47;2013-12-01T00:00:00
5530814;549240;Písek;;;;;404527;Budìjovické Pøedmìstí;385182;U Vodárny;è.p.;934;;;39701;775718.66;1126184.27;2013-12-01T00:00:00
5530822;549240;Písek;;;;;404527;Budìjovické Pøedmìstí;384321;Lázeòská;è.p.;935;2;;39701;774064.61;1125566.71;2013-12-01T00:00:00
5530831;549240;Písek;;;;;404527;Budìjovické Pøedmìstí;384526;Na Spravedlnosti;è.p.;936;52;;39701;773717.79;1125433.42;2013-12-01T00:00:00
5530849;549240;Písek;;;;;404527;Budìjovické Pøedmìstí;384135;Jeronımova;è.p.;937;71;;39701;773749.92;1125425.56;2013-12-01T00:00:00
5530857;549240;Písek;;;;;404527;Budìjovické Pøedmìstí;383805;Budìjovická;è.p.;938;20;;39701;773926.30;1126518.65;2013-12-01T00:00:00
5530865;549240;Písek;;;;;404527;Budìjovické Pøedmìstí;384381;Máchova;è.p.;939;;;39701;773308.92;1126324.02;2013-12-01T00:00:00
5530873;549240;Písek;;;;;404527;Budìjovické Pøedmìstí;384526;Na Spravedlnosti;è.p.;940;26;;39701;773620.93;1125564.85;2013-12-01T00:00:00
5530881;549240;Písek;;;;;404527;Budìjovické Pøedmìstí;384526;Na Spravedlnosti;è.p.;941;30;;39701;773632.15;1125551.64;2013-12-01T00:00:00
5530890;549240;Písek;;;;;404527;Budìjovické Pøedmìstí;384526;Na Spravedlnosti;è.p.;942;32;;39701;773638.14;1125542.23;2013-12-01T00:00:00
5530903;549240;Písek;;;;;404527;Budìjovické Pøedmìstí;384321;Lázeòská;è.p.;943;43;;39701;773838.84;1125391.15;2013-12-01T00:00:00
5530911;549240;Písek;;;;;404527;Budìjovické Pøedmìstí;384321;Lázeòská;è.p.;944;39;;39701;773856.11;1125400.29;2013-12-01T00:00:00
5530920;549240;Písek;;;;;404527;Budìjovické Pøedmìstí;384411;Na Houpaèkách;è.p.;945;46;;39701;773933.48;1125463.70;2013-12-01T00:00:00
5530938;549240;Písek;;;;;404527;Budìjovické Pøedmìstí;384828;Roháèova;è.p.;946;49;;39701;773564.41;1126304.80;2013-12-01T00:00:00
5530946;549240;Písek;;;;;404527;Budìjovické Pøedmìstí;384526;Na Spravedlnosti;è.p.;947;28;;39701;773625.51;1125557.86;2013-12-01T00:00:00
5530954;549240;Písek;;;;;404527;Budìjovické Pøedmìstí;384135;Jeronımova;è.p.;948;60;;39701;773860.69;1125671.87;2014-02-11T00:00:00
5530962;549240;Písek;;;;;404527;Budìjovické Pøedmìstí;383937;Erbenova;è.p.;949;37;;39701;773871.60;1125660.40;2014-02-11T00:00:00
5530971;549240;Písek;;;;;404527;Budìjovické Pøedmìstí;383937;Erbenova;è.p.;950;35;;39701;773888.65;1125654.20;2014-02-11T00:00:00
5530989;549240;Písek;;;;;404527;Budìjovické Pøedmìstí;383872;Denisova;è.p.;951;18;;39701;773620.50;1125613.93;2013-12-01T00:00:00
5530997;549240;Písek;;;;;404527;Budìjovické Pøedmìstí;384411;Na Houpaèkách;è.p.;952;60;;39701;773872.80;1125487.40;2013-12-01T00:00:00
5531004;549240;Písek;;;;;404527;Budìjovické Pøedmìstí;384828;Roháèova;è.p.;953;53;;39701;773528.42;1126324.74;2013-12-01T00:00:00
5531012;549240;Písek;;;;;404527;Budìjovické Pøedmìstí;384321;Lázeòská;è.p.;954;45;;39701;773828.72;1125385.54;2013-12-01T00:00:00
5531021;549240;Písek;;;;;404527;Budìjovické Pøedmìstí;384526;Na Spravedlnosti;è.p.;955;16;;39701;773536.29;1125679.96;2013-12-01T00:00:00
5531039;549240;Písek;;;;;404527;Budìjovické Pøedmìstí;383937;Erbenova;è.p.;956;19;;39701;774170.99;1125554.22;2013-12-01T00:00:00
5531047;549240;Písek;;;;;404527;Budìjovické Pøedmìstí;384828;Roháèova;è.p.;957;43;;39701;773664.33;1126255.50;2013-12-01T00:00:00
5531055;549240;Písek;;;;;404527;Budìjovické Pøedmìstí;384828;Roháèova;è.p.;958;55;;39701;773510.15;1126335.23;2013-12-01T00:00:00
5531063;549240;Písek;;;;;404527;Budìjovické Pøedmìstí;384321;Lázeòská;è.p.;959;37;;39701;773862.78;1125403.90;2013-12-01T00:00:00
5531071;549240;Písek;;;;;404527;Budìjovické Pøedmìstí;384411;Na Houpaèkách;è.p.;960;22;;39701;774121.25;1125383.52;2014-02-11T00:00:00
5531080;549240;Písek;;;;;404527;Budìjovické Pøedmìstí;384135;Jeronımova;è.p.;961;53;;39701;773778.32;1125505.68;2013-12-01T00:00:00
5531098;549240;Písek;;;;;404527;Budìjovické Pøedmìstí;384411;Na Houpaèkách;è.p.;962;24;;39701;774119.15;1125384.61;2014-02-11T00:00:00
5531101;549240;Písek;;;;;404527;Budìjovické Pøedmìstí;384411;Na Houpaèkách;è.p.;963;48;;39701;773926.19;1125468.60;2013-12-01T00:00:00
5531110;549240;Písek;;;;;404527;Budìjovické Pøedmìstí;384666;Otakara Ševèíka;è.p.;964;;;39701;774136.34;1126485.92;2013-12-01T00:00:00
5531128;549240;Písek;;;;;404527;Budìjovické Pøedmìstí;384321;Lázeòská;è.p.;965;41;;39701;773848.23;1125396.25;2013-12-01T00:00:00
5531136;549240;Písek;;;;;404527;Budìjovické Pøedmìstí;384411;Na Houpaèkách;è.p.;966;58;;39701;773888.55;1125481.68;2013-12-01T00:00:00
5531144;549240;Písek;;;;;404527;Budìjovické Pøedmìstí;383724;Alšova;è.p.;967;25;;39701;773971.41;1125297.18;2014-02-11T00:00:00
5531152;549240;Písek;;;;;404527;Budìjovické Pøedmìstí;384526;Na Spravedlnosti;è.p.;968;34;;39701;773645.37;1125533.93;2013-12-01T00:00:00
5531161;549240;Písek;;;;;404527;Budìjovické Pøedmìstí;384411;Na Houpaèkách;è.p.;969;56;;39701;773891.51;1125480.65;2013-12-01T00:00:00
5531179;549240;Písek;;;;;404527;Budìjovické Pøedmìstí;384526;Na Spravedlnosti;è.p.;970;38;;39701;773658.01;1125515.97;2013-12-01T00:00:00
5531187;549240;Písek;;;;;404527;Budìjovické Pøedmìstí;384135;Jeronımova;è.p.;971;88;;39701;773761.75;1125396.59;2013-12-01T00:00:00
5531195;549240;Písek;;;;;404527;Budìjovické Pøedmìstí;383724;Alšova;è.p.;972;23;;39701;773978.36;1125304.22;2023-08-15T00:00:00
5531209;549240;Písek;;;;;404527;Budìjovické Pøedmìstí;384071;Harantova;è.p.;973;46;;39701;773678.71;1126181.16;2013-12-01T00:00:00
5531217;549240;Písek;;;;;404527;Budìjovické Pøedmìstí;384526;Na Spravedlnosti;è.p.;974;36;;39701;773651.36;1125525.19;2013-12-01T00:00:00
5531225;549240;Písek;;;;;404527;Budìjovické Pøedmìstí;384411;Na Houpaèkách;è.p.;975;44;;39701;773943.13;1125457.17;2013-12-01T00:00:00
5531233;549240;Písek;;;;;404527;Budìjovické Pøedmìstí;384321;Lázeòská;è.p.;976;44;;39701;773893.91;1125392.30;2013-12-01T00:00:00
5531241;549240;Písek;;;;;404527;Budìjovické Pøedmìstí;383724;Alšova;è.p.;977;7;;39701;774005.46;1125393.77;2014-02-11T00:00:00
5531250;549240;Písek;;;;;404527;Budìjovické Pøedmìstí;384321;Lázeòská;è.p.;978;50;;39701;773866.17;1125376.86;2013-12-01T00:00:00
5531268;549240;Písek;;;;;404527;Budìjovické Pøedmìstí;384321;Lázeòská;è.p.;979;52;;39701;773859.69;1125373.94;2013-12-01T00:00:00
5531276;549240;Písek;;;;;404527;Budìjovické Pøedmìstí;384828;Roháèova;è.p.;980;45;;39701;773645.37;1126264.15;2013-12-01T00:00:00
5531284;549240;Písek;;;;;404527;Budìjovické Pøedmìstí;384020;Holeèkova;è.p.;981;8;;39701;773480.31;1126387.36;2013-12-01T00:00:00
5531292;549240;Písek;;;;;404527;Budìjovické Pøedmìstí;384526;Na Spravedlnosti;è.p.;982;40;;39701;773664.24;1125507.51;2013-12-01T00:00:00
5531306;549240;Písek;;;;;404527;Budìjovické Pøedmìstí;384526;Na Spravedlnosti;è.p.;983;42;;39701;773671.70;1125501.00;2013-12-01T00:00:00
5531314;549240;Písek;;;;;404527;Budìjovické Pøedmìstí;384321;Lázeòská;è.p.;984;54;;39701;773852.97;1125370.37;2013-12-01T00:00:00
5531322;549240;Písek;;;;;404527;Budìjovické Pøedmìstí;384020;Holeèkova;è.p.;985;9;;39701;773504.33;1126368.54;2013-12-01T00:00:00
5531331;549240;Písek;;;;;404527;Budìjovické Pøedmìstí;384411;Na Houpaèkách;è.p.;986;20;;39701;774132.82;1125378.01;2014-02-11T00:00:00
5531349;549240;Písek;;;;;404527;Budìjovické Pøedmìstí;384020;Holeèkova;è.p.;987;6;;39701;773476.69;1126385.96;2013-12-01T00:00:00
5531357;549240;Písek;;;;;404527;Budìjovické Pøedmìstí;384321;Lázeòská;è.p.;988;56;;39701;773844.70;1125365.59;2013-12-01T00:00:00
5531365;549240;Písek;;;;;404527;Budìjovické Pøedmìstí;384828;Roháèova;è.p.;989;47;;39701;773576.54;1126296.09;2013-12-01T00:00:00
5531373;549240;Písek;;;;;404527;Budìjovické Pøedmìstí;384836;Rokycanova;è.p.;990;24;;39701;773561.46;1126047.95;2013-12-01T00:00:00
5531381;549240;Písek;;;;;404527;Budìjovické Pøedmìstí;384135;Jeronımova;è.p.;991;54;;39701;773871.51;1125701.92;2014-02-11T00:00:00
5531390;549240;Písek;;;;;404527;Budìjovické Pøedmìstí;384135;Jeronımova;è.p.;992;56;;39701;773868.26;1125693.17;2014-02-11T00:00:00
5531403;549240;Písek;;;;;404527;Budìjovické Pøedmìstí;384836;Rokycanova;è.p.;993;29;;39701;773595.20;1126073.06;2013-12-01T00:00:00
5531411;549240;Písek;;;;;404527;Budìjovické Pøedmìstí;385387;Zborovská;è.p.;994;;;39701;773304.31;1126167.69;2013-12-01T00:00:00
5531420;549240;Písek;;;;;404527;Budìjovické Pøedmìstí;384542;Na Trubách;è.p.;995;9;;39701;773224.12;1126137.11;2013-12-01T00:00:00
5531438;549240;Písek;;;;;404527;Budìjovické Pøedmìstí;383899;Dobrovského;è.p.;996;27;;39701;774143.77;1125292.09;2013-12-01T00:00:00
5531446;549240;Písek;;;;;404527;Budìjovické Pøedmìstí;384666;Otakara Ševèíka;è.p.;997;;;39701;774143.29;1126476.66;2013-12-01T00:00:00
5531454;549240;Písek;;;;;404527;Budìjovické Pøedmìstí;384020;Holeèkova;è.p.;998;11;;39701;773512.94;1126387.25;2013-12-01T00:00:00
5531462;549240;Písek;;;;;404527;Budìjovické Pøedmìstí;676675;Na Rozhlednì;è.p.;999;;;39701;775518.31;1126731.04;2013-12-01T00:00:00
5531471;549240;Písek;;;;;404527;Budìjovické Pøedmìstí;383899;Dobrovského;è.p.;1000;29;;39701;774142.01;1125285.05;2013-12-01T00:00:00
5531489;549240;Písek;;;;;404527;Budìjovické Pøedmìstí;384526;Na Spravedlnosti;è.p.;1001;9;;39701;773656.42;1125485.54;2013-12-01T00:00:00
5531497;549240;Písek;;;;;404527;Budìjovické Pøedmìstí;384135;Jeronımova;è.p.;1002;45;;39701;773814.54;1125607.18;2013-12-01T00:00:00
5531501;549240;Písek;;;;;404527;Budìjovické Pøedmìstí;384020;Holeèkova;è.p.;1003;10;;39701;773486.10;1126400.68;2013-12-01T00:00:00
5531519;549240;Písek;;;;;404527;Budìjovické Pøedmìstí;384828;Roháèova;è.p.;1004;41;;39701;773681.71;1126244.73;2013-12-01T00:00:00
5531527;549240;Písek;;;;;404527;Budìjovické Pøedmìstí;384135;Jeronımova;è.p.;1005;41;;39701;773823.46;1125631.77;2013-12-01T00:00:00
5531535;549240;Písek;;;;;404527;Budìjovické Pøedmìstí;383937;Erbenova;è.p.;1006;;;39701;773666.54;1125710.16;2014-02-11T00:00:00
5531543;549240;Písek;;;;;404527;Budìjovické Pøedmìstí;384071;Harantova;è.p.;1007;48;;39701;773671.83;1126170.15;2013-12-01T00:00:00
5531551;549240;Písek;;;;;404527;Budìjovické Pøedmìstí;384135;Jeronımova;è.p.;1008;43;;39701;773820.03;1125622.40;2013-12-01T00:00:00
5531560;549240;Písek;;;;;404527;Budìjovické Pøedmìstí;384135;Jeronımova;è.p.;1009;58;;39701;773865.49;1125684.44;2014-02-11T00:00:00
5531578;549240;Písek;;;;;404527;Budìjovické Pøedmìstí;385387;Zborovská;è.p.;1010;;;39701;773302.96;1126184.06;2013-12-01T00:00:00
5531586;549240;Písek;;;;;404527;Budìjovické Pøedmìstí;383872;Denisova;è.p.;1011;14;;39701;773629.15;1125634.60;2013-12-01T00:00:00
5531594;549240;Písek;;;;;404527;Budìjovické Pøedmìstí;384526;Na Spravedlnosti;è.p.;1012;7;;39701;773650.51;1125494.66;2025-09-22T00:00:00
5531608;549240;Písek;;;;;404527;Budìjovické Pøedmìstí;383937;Erbenova;è.p.;1013;;;39701;773694.38;1125700.07;2014-02-11T00:00:00
5531616;549240;Písek;;;;;404527;Budìjovické Pøedmìstí;384071;Harantova;è.p.;1014;50;;39701;773666.70;1126159.39;2013-12-01T00:00:00
5531624;549240;Písek;;;;;404527;Budìjovické Pøedmìstí;384666;Otakara Ševèíka;è.p.;1015;;;39701;774131.98;1126534.44;2013-12-01T00:00:00
5531632;549240;Písek;;;;;404527;Budìjovické Pøedmìstí;384135;Jeronımova;è.p.;1016;82;;39701;773774.54;1125432.46;2013-12-01T00:00:00
5531641;549240;Písek;;;;;404527;Budìjovické Pøedmìstí;383937;Erbenova;è.p.;1017;;;39701;773682.94;1125703.77;2014-02-11T00:00:00
5531659;549240;Písek;;;;;404527;Budìjovické Pøedmìstí;385093;Tyršova;è.p.;1018;33;;39701;774072.32;1125632.20;2013-12-01T00:00:00
5531667;549240;Písek;;;;;404527;Budìjovické Pøedmìstí;385093;Tyršova;è.p.;1019;35;;39701;774067.15;1125622.60;2013-12-01T00:00:00
5531675;549240;Písek;;;;;404527;Budìjovické Pøedmìstí;384071;Harantova;è.p.;1020;39;;39701;773742.29;1126228.16;2013-12-01T00:00:00
5531683;549240;Písek;;;;;404527;Budìjovické Pøedmìstí;676675;Na Rozhlednì;è.p.;1021;;;39701;775444.64;1126728.60;2013-12-01T00:00:00
5531691;549240;Písek;;;;;404527;Budìjovické Pøedmìstí;676675;Na Rozhlednì;è.p.;1022;;;39701;775429.94;1126726.44;2013-12-01T00:00:00
5531705;549240;Písek;;;;;404527;Budìjovické Pøedmìstí;676675;Na Rozhlednì;è.p.;1023;;;39701;775405.79;1126721.21;2013-12-01T00:00:00
5531713;549240;Písek;;;;;404527;Budìjovické Pøedmìstí;384526;Na Spravedlnosti;è.p.;1024;5;;39701;773643.55;1125502.44;2013-12-01T00:00:00
5531721;549240;Písek;;;;;404527;Budìjovické Pøedmìstí;384411;Na Houpaèkách;è.p.;1025;2;;39701;774251.59;1125321.18;2013-12-01T00:00:00
5531730;549240;Písek;;;;;404527;Budìjovické Pøedmìstí;384526;Na Spravedlnosti;è.p.;1026;3;;39701;773639.90;1125508.04;2013-12-01T00:00:00
5531748;549240;Písek;;;;;404527;Budìjovické Pøedmìstí;384135;Jeronımova;è.p.;1027;39;;39701;773825.59;1125637.71;2013-12-01T00:00:00
5531756;549240;Písek;;;;;404527;Budìjovické Pøedmìstí;384828;Roháèova;è.p.;1028;63;;39701;773402.49;1126351.40;2013-12-01T00:00:00
5531764;549240;Písek;;;;;404527;Budìjovické Pøedmìstí;383899;Dobrovského;è.p.;1029;32;;39701;774157.93;1125256.55;2013-12-01T00:00:00
5531772;549240;Písek;;;;;404527;Budìjovické Pøedmìstí;384321;Lázeòská;è.p.;1030;58;;39701;773834.96;1125361.47;2013-12-01T00:00:00
5531781;549240;Písek;;;;;404527;Budìjovické Pøedmìstí;384666;Otakara Ševèíka;è.p.;1031;;;39701;774140.08;1126526.16;2013-12-01T00:00:00
5531799;549240;Písek;;;;;404527;Budìjovické Pøedmìstí;384585;Nádraní;è.p.;1032;27;;39701;774315.50;1126609.68;2013-12-01T00:00:00
5531802;549240;Písek;;;;;404527;Budìjovické Pøedmìstí;383899;Dobrovského;è.p.;1033;48;;39701;774131.30;1125186.13;2013-12-01T00:00:00
5531811;549240;Písek;;;;;404527;Budìjovické Pøedmìstí;383899;Dobrovského;è.p.;1034;50;;39701;774129.05;1125178.56;2013-12-01T00:00:00
5531829;549240;Písek;;;;;404527;Budìjovické Pøedmìstí;383724;Alšova;è.p.;1035;22;;39701;773999.11;1125308.01;2014-02-11T00:00:00
5531837;549240;Písek;;;;;404527;Budìjovické Pøedmìstí;384674;Otavská;è.p.;1036;32;;39701;774257.17;1125235.98;2013-12-01T00:00:00
5531845;549240;Písek;;;;;404527;Budìjovické Pøedmìstí;384674;Otavská;è.p.;1037;26;;39701;774247.85;1125210.90;2013-12-01T00:00:00
5531853;549240;Písek;;;;;404527;Budìjovické Pøedmìstí;383937;Erbenova;è.p.;1038;17;;39701;774182.23;1125550.00;2013-12-01T00:00:00
5531861;549240;Písek;;;;;404527;Budìjovické Pøedmìstí;383899;Dobrovského;è.p.;1039;46;;39701;774134.11;1125193.64;2013-12-01T00:00:00
5531870;549240;Písek;;;;;404527;Budìjovické Pøedmìstí;383899;Dobrovského;è.p.;1040;44;;39701;774137.47;1125202.00;2013-12-01T00:00:00
5531888;549240;Písek;;;;;404527;Budìjovické Pøedmìstí;384143;Jiráskovo nábø.;è.p.;1041;9;;39701;774158.99;1125131.10;2013-12-01T00:00:00
5531896;549240;Písek;;;;;404527;Budìjovické Pøedmìstí;384674;Otavská;è.p.;1042;18;;39701;774237.31;1125180.04;2013-12-01T00:00:00
5531900;549240;Písek;;;;;404527;Budìjovické Pøedmìstí;383899;Dobrovského;è.p.;1043;38;;39701;774147.50;1125228.21;2013-12-01T00:00:00
5531918;549240;Písek;;;;;404527;Budìjovické Pøedmìstí;384674;Otavská;è.p.;1044;4;;39701;774218.98;1125129.26;2013-12-01T00:00:00
5531926;549240;Písek;;;;;404527;Budìjovické Pøedmìstí;384674;Otavská;è.p.;1045;6;;39701;774221.48;1125136.27;2013-12-01T00:00:00
5531934;549240;Písek;;;;;404527;Budìjovické Pøedmìstí;384674;Otavská;è.p.;1046;22;;39701;774242.42;1125194.77;2013-12-01T00:00:00
5531942;549240;Písek;;;;;404527;Budìjovické Pøedmìstí;383899;Dobrovského;è.p.;1047;56;;39701;774121.51;1125157.73;2013-12-01T00:00:00
5531951;549240;Písek;;;;;404527;Budìjovické Pøedmìstí;383899;Dobrovského;è.p.;1048;54;;39701;774123.72;1125164.13;2013-12-01T00:00:00
5531969;549240;Písek;;;;;404527;Budìjovické Pøedmìstí;383899;Dobrovského;è.p.;1049;42;;39701;774140.93;1125211.10;2013-12-01T00:00:00
5531977;549240;Písek;;;;;404527;Budìjovické Pøedmìstí;384674;Otavská;è.p.;1050;30;;39701;774254.30;1125227.90;2013-12-01T00:00:00
5531985;549240;Písek;;;;;404527;Budìjovické Pøedmìstí;384674;Otavská;è.p.;1051;8;;39701;774224.43;1125144.15;2013-12-01T00:00:00
5532001;549240;Písek;;;;;404527;Budìjovické Pøedmìstí;383899;Dobrovského;è.p.;1053;36;;39701;774150.74;1125237.44;2013-12-01T00:00:00
5532027;549240;Písek;;;;;404527;Budìjovické Pøedmìstí;384674;Otavská;è.p.;1055;20;;39701;774240.14;1125187.40;2013-12-01T00:00:00
5532035;549240;Písek;;;;;404527;Budìjovické Pøedmìstí;384143;Jiráskovo nábø.;è.p.;1056;11;;39701;774156.51;1125131.90;2013-12-01T00:00:00
5532043;549240;Písek;;;;;404527;Budìjovické Pøedmìstí;384143;Jiráskovo nábø.;è.p.;1057;15;;39701;774138.51;1125138.27;2013-12-01T00:00:00
5532051;549240;Písek;;;;;404527;Budìjovické Pøedmìstí;384674;Otavská;è.p.;1058;10;;39701;774227.24;1125151.25;2013-12-01T00:00:00
5532060;549240;Písek;;;;;404527;Budìjovické Pøedmìstí;383899;Dobrovského;è.p.;1059;40;;39701;774143.81;1125219.50;2013-12-01T00:00:00
5532078;549240;Písek;;;;;404527;Budìjovické Pøedmìstí;383899;Dobrovského;è.p.;1060;34;;39701;774153.81;1125246.60;2013-12-01T00:00:00
5532086;549240;Písek;;;;;404527;Budìjovické Pøedmìstí;384143;Jiráskovo nábø.;è.p.;1061;13;;39701;774145.55;1125136.05;2013-12-01T00:00:00
5532094;549240;Písek;;;;;404527;Budìjovické Pøedmìstí;384828;Roháèova;è.p.;1062;37;;39701;773751.79;1126201.04;2013-12-01T00:00:00
5532108;549240;Písek;;;;;404527;Budìjovické Pøedmìstí;384674;Otavská;è.p.;1063;24;;39701;774245.56;1125202.50;2013-12-01T00:00:00
5532116;549240;Písek;;;;;404527;Budìjovické Pøedmìstí;384674;Otavská;è.p.;1064;16;;39701;774234.41;1125173.15;2013-12-01T00:00:00
5532124;549240;Písek;;;;;404527;Budìjovické Pøedmìstí;384411;Na Houpaèkách;è.p.;1065;38;;39701;774015.14;1125434.33;2014-02-11T00:00:00
5532132;549240;Písek;;;;;404527;Budìjovické Pøedmìstí;383724;Alšova;è.p.;1066;11;;39701;773997.65;1125372.14;2014-02-11T00:00:00
5532159;549240;Písek;;;;;404527;Budìjovické Pøedmìstí;384674;Otavská;è.p.;1068;14;;39701;774231.62;1125166.13;2013-12-01T00:00:00
5532167;549240;Písek;;;;;404527;Budìjovické Pøedmìstí;384674;Otavská;è.p.;1069;12;;39701;774229.52;1125158.66;2013-12-01T00:00:00
5532183;549240;Písek;;;;;404527;Budìjovické Pøedmìstí;384992;Švantlova;è.p.;1071;8;;39701;774515.84;1126507.79;2013-12-01T00:00:00
5532191;549240;Písek;;;;;404527;Budìjovické Pøedmìstí;384674;Otavská;è.p.;1072;2;;39701;774216.72;1125122.67;2013-12-01T00:00:00
5532205;549240;Písek;;;;;404527;Budìjovické Pøedmìstí;383899;Dobrovského;è.p.;1073;52;;39701;774126.24;1125170.65;2013-12-01T00:00:00
5532213;549240;Písek;;;;;404527;Budìjovické Pøedmìstí;384135;Jeronımova;è.p.;1074;;;39701;773808.58;1125600.00;2013-12-01T00:00:00
5532221;549240;Písek;;;;;404527;Budìjovické Pøedmìstí;383724;Alšova;è.p.;1075;5;;39701;774008.01;1125400.94;2014-02-11T00:00:00
5532230;549240;Písek;;;;;404527;Budìjovické Pøedmìstí;384526;Na Spravedlnosti;è.p.;1076;1;;39701;773631.24;1125519.58;2013-12-01T00:00:00
5532248;549240;Písek;;;;;404527;Budìjovické Pøedmìstí;384399;Mírové nám.;è.p.;1077;11;;39701;773586.52;1125738.93;2013-12-01T00:00:00
5532256;549240;Písek;;;;;404527;Budìjovické Pøedmìstí;384020;Holeèkova;è.p.;1078;12;;39701;773493.89;1126414.05;2013-12-01T00:00:00
5532264;549240;Písek;;;;;404527;Budìjovické Pøedmìstí;384666;Otakara Ševèíka;è.p.;1079;;;39701;774150.11;1126467.52;2013-12-01T00:00:00
5532272;549240;Písek;;;;;404527;Budìjovické Pøedmìstí;384411;Na Houpaèkách;è.p.;1080;;;39701;774076.50;1125422.47;2014-02-11T00:00:00
5532281;549240;Písek;;;;;404527;Budìjovické Pøedmìstí;384411;Na Houpaèkách;è.p.;1081;;;39701;774064.52;1125428.23;2014-02-11T00:00:00
5532299;549240;Písek;;;;;404527;Budìjovické Pøedmìstí;384526;Na Spravedlnosti;è.p.;1082;;;39701;773622.88;1125520.57;2013-12-01T00:00:00
5532302;549240;Písek;;;;;404527;Budìjovické Pøedmìstí;385310;Za Nádraím;è.p.;1083;;;39701;774856.25;1127479.60;2013-12-01T00:00:00
5532311;549240;Písek;;;;;404527;Budìjovické Pøedmìstí;384411;Na Houpaèkách;è.p.;1084;;;39701;774243.94;1125316.70;2013-12-01T00:00:00
5532329;549240;Písek;;;;;404527;Budìjovické Pøedmìstí;384992;Švantlova;è.p.;1085;;;39701;774547.99;1126603.98;2020-10-27T00:00:00
5532337;549240;Písek;;;;;404527;Budìjovické Pøedmìstí;384674;Otavská;è.p.;1086;28;;39701;774251.81;1125219.42;2013-12-01T00:00:00
5532345;549240;Písek;;;;;404527;Budìjovické Pøedmìstí;384411;Na Houpaèkách;è.p.;1087;;;39701;774088.74;1125416.68;2014-02-11T00:00:00
5532353;549240;Písek;;;;;404527;Budìjovické Pøedmìstí;384399;Mírové nám.;è.p.;1088;8;;39701;773679.72;1125766.25;2013-12-01T00:00:00
5532361;549240;Písek;;;;;404527;Budìjovické Pøedmìstí;384399;Mírové nám.;è.p.;1089;10;;39701;773672.67;1125745.74;2013-12-01T00:00:00
5532370;549240;Písek;;;;;404527;Budìjovické Pøedmìstí;383937;Erbenova;è.p.;1090;;;39701;773691.22;1125728.43;2014-02-11T00:00:00
5532388;549240;Písek;;;;;404527;Budìjovické Pøedmìstí;384321;Lázeòská;è.p.;1091;48;;39701;773874.68;1125381.15;2013-12-01T00:00:00
5532396;549240;Písek;;;;;404527;Budìjovické Pøedmìstí;384411;Na Houpaèkách;è.p.;1092;;;39701;774054.36;1125433.16;2014-02-11T00:00:00
5532400;549240;Písek;;;;;404527;Budìjovické Pøedmìstí;676675;Na Rozhlednì;è.p.;1093;;;39701;775464.66;1126724.00;2013-12-01T00:00:00
5532418;549240;Písek;;;;;404527;Budìjovické Pøedmìstí;383937;Erbenova;è.p.;1094;;;39701;773730.91;1125687.95;2014-02-11T00:00:00
5532426;549240;Písek;;;;;404527;Budìjovické Pøedmìstí;384135;Jeronımova;è.p.;1095;;;39701;773826.81;1125651.36;2013-12-01T00:00:00
5532434;549240;Písek;;;;;404527;Budìjovické Pøedmìstí;383937;Erbenova;è.p.;1096;;;39701;774021.81;1125610.07;2014-02-11T00:00:00
5532442;549240;Písek;;;;;404527;Budìjovické Pøedmìstí;385093;Tyršova;è.p.;1097;;;39701;774062.33;1125612.93;2013-12-01T00:00:00
5532451;549240;Písek;;;;;404527;Budìjovické Pøedmìstí;384526;Na Spravedlnosti;è.p.;1098;;;39701;773616.12;1125528.58;2013-12-01T00:00:00
5532469;549240;Písek;;;;;404527;Budìjovické Pøedmìstí;384143;Jiráskovo nábø.;è.p.;1099;;;39701;774255.11;1125096.12;2013-12-01T00:00:00
5532485;549240;Písek;;;;;404527;Budìjovické Pøedmìstí;384674;Otavská;è.p.;1101;;;39701;774240.11;1125121.62;2013-12-01T00:00:00
5532493;549240;Písek;;;;;404527;Budìjovické Pøedmìstí;384143;Jiráskovo nábø.;è.p.;1102;;;39701;774264.93;1125092.54;2013-12-01T00:00:00
5532507;549240;Písek;;;;;404527;Budìjovické Pøedmìstí;384674;Otavská;è.p.;1103;;;39701;774247.69;1125143.57;2013-12-01T00:00:00
5532515;549240;Písek;;;;;404527;Budìjovické Pøedmìstí;384411;Na Houpaèkách;è.p.;1104;;;39701;774137.33;1125369.65;2014-02-11T00:00:00
5532523;549240;Písek;;;;;404527;Budìjovické Pøedmìstí;384674;Otavská;è.p.;1105;;;39701;774267.58;1125195.51;2013-12-01T00:00:00
5532531;549240;Písek;;;;;404527;Budìjovické Pøedmìstí;384135;Jeronımova;è.p.;1106;;;39701;773804.81;1125591.66;2013-12-01T00:00:00
5532540;549240;Písek;;;;;404527;Budìjovické Pøedmìstí;384135;Jeronımova;è.p.;1107;;;39701;773803.06;1125583.11;2013-12-01T00:00:00
5532558;549240;Písek;;;;;404527;Budìjovické Pøedmìstí;384674;Otavská;è.p.;1108;;;39701;774250.38;1125151.12;2013-12-01T00:00:00
5532566;549240;Písek;;;;;404527;Budìjovické Pøedmìstí;384674;Otavská;è.p.;1109;;;39701;774253.17;1125157.94;2013-12-01T00:00:00
5532574;549240;Písek;;;;;404527;Budìjovické Pøedmìstí;384674;Otavská;è.p.;1110;;;39701;774261.79;1125179.53;2013-12-01T00:00:00
5532582;549240;Písek;;;;;404527;Budìjovické Pøedmìstí;384674;Otavská;è.p.;1111;;;39701;774270.22;1125205.02;2013-12-01T00:00:00
5532591;549240;Písek;;;;;404527;Budìjovické Pøedmìstí;384674;Otavská;è.p.;1112;;;39701;774276.54;1125221.40;2013-12-01T00:00:00
5532604;549240;Písek;;;;;404527;Budìjovické Pøedmìstí;384674;Otavská;è.p.;1113;;;39701;774264.54;1125187.50;2013-12-01T00:00:00
5532612;549240;Písek;;;;;404527;Budìjovické Pøedmìstí;383899;Dobrovského;è.p.;1114;;;39701;774122.92;1125232.86;2013-12-01T00:00:00
5532621;549240;Písek;;;;;404527;Budìjovické Pøedmìstí;385387;Zborovská;è.p.;1115;;;39701;773307.59;1126298.88;2013-12-01T00:00:00
5532639;549240;Písek;;;;;404527;Budìjovické Pøedmìstí;385387;Zborovská;è.p.;1116;;;39701;773307.79;1126290.01;2013-12-01T00:00:00
5532647;549240;Písek;;;;;404527;Budìjovické Pøedmìstí;384674;Otavská;è.p.;1117;;;39701;774255.87;1125165.36;2013-12-01T00:00:00
5532655;549240;Písek;;;;;404527;Budìjovické Pøedmìstí;384674;Otavská;è.p.;1118;;;39701;774258.42;1125172.05;2013-12-01T00:00:00
5532663;549240;Písek;;;;;404527;Budìjovické Pøedmìstí;384674;Otavská;è.p.;1119;;;39701;774237.72;1125114.75;2013-12-01T00:00:00
5532671;549240;Písek;;;;;404527;Budìjovické Pøedmìstí;384674;Otavská;è.p.;1120;;;39701;774242.93;1125128.42;2013-12-01T00:00:00
5532680;549240;Písek;;;;;404527;Budìjovické Pøedmìstí;384674;Otavská;è.p.;1121;;;39701;774245.75;1125136.23;2013-12-01T00:00:00
5532698;549240;Písek;;;;;404527;Budìjovické Pøedmìstí;383899;Dobrovského;è.p.;1122;;;39701;774131.16;1125255.91;2013-12-01T00:00:00
5532701;549240;Písek;;;;;404527;Budìjovické Pøedmìstí;383899;Dobrovského;è.p.;1123;;;39701;774129.46;1125249.30;2013-12-01T00:00:00
5532710;549240;Písek;;;;;404527;Budìjovické Pøedmìstí;383899;Dobrovského;è.p.;1124;;;39701;774126.61;1125241.46;2013-12-01T00:00:00
5532728;549240;Písek;;;;;404527;Budìjovické Pøedmìstí;383899;Dobrovského;è.p.;1125;;;39701;774120.80;1125223.44;2013-12-01T00:00:00
5532736;549240;Písek;;;;;404527;Budìjovické Pøedmìstí;383899;Dobrovského;è.p.;1126;;;39701;774117.10;1125216.16;2013-12-01T00:00:00
5532744;549240;Písek;;;;;404527;Budìjovické Pøedmìstí;383899;Dobrovského;è.p.;1127;;;39701;774114.72;1125209.97;2013-12-01T00:00:00
5532752;549240;Písek;;;;;404527;Budìjovické Pøedmìstí;385387;Zborovská;è.p.;1128;;;39701;773306.67;1126262.06;2013-12-01T00:00:00
5532761;549240;Písek;;;;;404527;Budìjovické Pøedmìstí;385387;Zborovská;è.p.;1129;;;39701;773306.49;1126271.56;2013-12-01T00:00:00
5532779;549240;Písek;;;;;404527;Budìjovické Pøedmìstí;384178;Hradišská;è.p.;1130;;;39701;774548.27;1126465.95;2013-12-01T00:00:00
5532787;549240;Písek;;;;;404527;Budìjovické Pøedmìstí;384135;Jeronımova;è.p.;1131;;;39701;773795.05;1125565.23;2013-12-01T00:00:00
5532795;549240;Písek;;;;;404527;Budìjovické Pøedmìstí;676675;Na Rozhlednì;è.p.;1132;;;39701;775481.97;1126727.97;2013-12-01T00:00:00
5532809;549240;Písek;;;;;404527;Budìjovické Pøedmìstí;384666;Otakara Ševèíka;è.p.;1133;;;39701;774147.83;1126514.58;2013-12-01T00:00:00
5532817;549240;Písek;;;;;404527;Budìjovické Pøedmìstí;384585;Nádraní;è.p.;1134;35;;39701;774325.77;1126689.67;2013-12-01T00:00:00
5532825;549240;Písek;;;;;404527;Budìjovické Pøedmìstí;383937;Erbenova;è.p.;1135;;;39701;774032.39;1125605.00;2014-02-11T00:00:00
5532833;549240;Písek;;;;;404527;Budìjovické Pøedmìstí;384674;Otavská;è.p.;1136;;;39701;774282.64;1125239.00;2013-12-01T00:00:00
5532841;549240;Písek;;;;;404527;Budìjovické Pøedmìstí;383937;Erbenova;è.p.;1137;;;39701;774000.26;1125617.74;2014-02-11T00:00:00
5532850;549240;Písek;;;;;404527;Budìjovické Pøedmìstí;384674;Otavská;è.p.;1138;;;39701;774279.51;1125230.18;2013-12-01T00:00:00
5532868;549240;Písek;;;;;404527;Budìjovické Pøedmìstí;384674;Otavská;è.p.;1139;;;39701;774286.28;1125248.48;2013-12-01T00:00:00
5532876;549240;Písek;;;;;404527;Budìjovické Pøedmìstí;384674;Otavská;è.p.;1140;;;39701;774273.48;1125213.24;2013-12-01T00:00:00
5532884;549240;Písek;;;;;404527;Budìjovické Pøedmìstí;384666;Otakara Ševèíka;è.p.;1141;;;39701;774155.67;1126503.57;2013-12-01T00:00:00
5532892;549240;Písek;;;;;404527;Budìjovické Pøedmìstí;384411;Na Houpaèkách;è.p.;1142;;;39701;774099.58;1125411.42;2014-02-11T00:00:00
5532914;549240;Písek;;;;;404527;Budìjovické Pøedmìstí;676675;Na Rozhlednì;è.p.;1144;;;39701;775500.64;1126729.42;2013-12-01T00:00:00
5532922;549240;Písek;;;;;404527;Budìjovické Pøedmìstí;384135;Jeronımova;è.p.;1145;;;39701;773800.50;1125574.24;2013-12-01T00:00:00
5532931;549240;Písek;;;;;404527;Budìjovické Pøedmìstí;384135;Jeronımova;è.p.;1146;;;39701;773793.75;1125499.11;2013-12-01T00:00:00
5532949;549240;Písek;;;;;404527;Budìjovické Pøedmìstí;384178;Hradišská;è.p.;1147;;;39701;774712.40;1126537.21;2013-12-01T00:00:00
5532957;549240;Písek;;;;;404527;Budìjovické Pøedmìstí;384526;Na Spravedlnosti;è.p.;1148;;;39701;773610.30;1125537.70;2013-12-01T00:00:00
5532965;549240;Písek;;;;;404527;Budìjovické Pøedmìstí;383899;Dobrovského;è.p.;1149;;;39701;774111.64;1125202.11;2013-12-01T00:00:00
5532973;549240;Písek;;;;;404527;Budìjovické Pøedmìstí;383899;Dobrovského;è.p.;1150;;;39701;774109.84;1125196.02;2013-12-01T00:00:00
5532981;549240;Písek;;;;;404527;Budìjovické Pøedmìstí;383899;Dobrovského;è.p.;1151;;;39701;774106.81;1125188.30;2013-12-01T00:00:00
5532990;549240;Písek;;;;;404527;Budìjovické Pøedmìstí;383899;Dobrovského;è.p.;1152;;;39701;774104.96;1125181.81;2013-12-01T00:00:00
5533007;549240;Písek;;;;;404527;Budìjovické Pøedmìstí;383899;Dobrovského;è.p.;1153;;;39701;774101.15;1125174.05;2013-12-01T00:00:00
5533015;549240;Písek;;;;;404527;Budìjovické Pøedmìstí;384399;Mírové nám.;è.p.;1154;;;39701;773639.36;1125718.71;2013-12-01T00:00:00
5533023;549240;Písek;;;;;404527;Budìjovické Pøedmìstí;384135;Jeronımova;è.p.;1155;;;39701;773792.04;1125554.17;2013-12-01T00:00:00
5533031;549240;Písek;;;;;404527;Budìjovické Pøedmìstí;384143;Jiráskovo nábø.;è.p.;1156;;;39701;774094.15;1125157.64;2013-12-01T00:00:00
5533040;549240;Písek;;;;;404527;Budìjovické Pøedmìstí;383899;Dobrovského;è.p.;1157;;;39701;774098.56;1125165.84;2013-12-01T00:00:00
5533058;549240;Písek;;;;;404527;Budìjovické Pøedmìstí;384411;Na Houpaèkách;è.p.;1158;;;39701;774109.23;1125406.84;2014-02-11T00:00:00
5533066;549240;Písek;;;;;404527;Budìjovické Pøedmìstí;383937;Erbenova;è.p.;1159;;;39701;773989.17;1125618.03;2024-07-24T00:00:00
5533074;549240;Písek;;;;;404527;Budìjovické Pøedmìstí;384372;Lipová alej;è.p.;1160;;;39701;774558.31;1126886.21;2013-12-01T00:00:00
5533082;549240;Písek;;;;;404527;Budìjovické Pøedmìstí;383937;Erbenova;è.p.;1161;;;39701;773706.43;1125696.03;2014-02-11T00:00:00
5533091;549240;Písek;;;;;404527;Budìjovické Pøedmìstí;384810;Raisova;è.p.;1162;;;39701;774487.15;1126924.81;2013-12-01T00:00:00
5533104;549240;Písek;;;;;404527;Budìjovické Pøedmìstí;384411;Na Houpaèkách;è.p.;1163;;;39701;774117.64;1125402.85;2014-02-11T00:00:00
5533112;549240;Písek;;;;;404527;Budìjovické Pøedmìstí;384411;Na Houpaèkách;è.p.;1164;;;39701;774125.33;1125398.92;2014-02-11T00:00:00
5533121;549240;Písek;;;;;404527;Budìjovické Pøedmìstí;384381;Máchova;è.p.;1165;;;39701;773267.40;1126322.19;2013-12-01T00:00:00
5533139;549240;Písek;;;;;404527;Budìjovické Pøedmìstí;384381;Máchova;è.p.;1166;;;39701;773258.82;1126322.76;2013-12-01T00:00:00
5533147;549240;Písek;;;;;404527;Budìjovické Pøedmìstí;384411;Na Houpaèkách;è.p.;1167;;;39701;774134.85;1125394.68;2014-02-11T00:00:00
5533155;549240;Písek;;;;;404527;Budìjovické Pøedmìstí;384585;Nádraní;è.p.;1168;18;;39701;774276.73;1126595.61;2013-12-01T00:00:00
5533163;549240;Písek;;;;;404527;Budìjovické Pøedmìstí;383937;Erbenova;è.p.;1169;;;39701;773979.13;1125625.31;2014-02-11T00:00:00
5533171;549240;Písek;;;;;404527;Budìjovické Pøedmìstí;384143;Jiráskovo nábø.;è.p.;1170;;;39701;774033.25;1125178.78;2013-12-01T00:00:00
5533180;549240;Písek;;;;;404527;Budìjovické Pøedmìstí;385093;Tyršova;è.p.;1171;;;39701;774077.80;1125641.44;2013-12-01T00:00:00
5533198;549240;Písek;;;;;404527;Budìjovické Pøedmìstí;384810;Raisova;è.p.;1172;;;39701;774483.13;1126915.87;2013-12-01T00:00:00
5533201;549240;Písek;;;;;404527;Budìjovické Pøedmìstí;384135;Jeronımova;è.p.;1173;;;39701;773850.48;1125720.44;2014-02-11T00:00:00
5533210;549240;Písek;;;;;404527;Budìjovické Pøedmìstí;383899;Dobrovského;è.p.;1174;;;39701;774167.87;1125346.66;2013-12-01T00:00:00
5533228;549240;Písek;;;;;404527;Budìjovické Pøedmìstí;383899;Dobrovského;è.p.;1175;;;39701;774182.30;1125339.74;2013-12-01T00:00:00
5533236;549240;Písek;;;;;404527;Budìjovické Pøedmìstí;384143;Jiráskovo nábø.;è.p.;1176;;;39701;774041.70;1125175.67;2013-12-01T00:00:00
5533244;549240;Písek;;;;;404527;Budìjovické Pøedmìstí;384062;Husovo nám.;è.p.;1177;26;;39701;774023.27;1126667.62;2014-02-07T00:00:00
5533252;549240;Písek;;;;;404527;Budìjovické Pøedmìstí;384143;Jiráskovo nábø.;è.p.;1178;;;39701;774119.38;1125149.45;2013-12-01T00:00:00
5533261;549240;Písek;;;;;404527;Budìjovické Pøedmìstí;384674;Otavská;è.p.;1179;;;39701;774260.36;1125243.21;2013-12-01T00:00:00
5533279;549240;Písek;;;;;404527;Budìjovické Pøedmìstí;384411;Na Houpaèkách;è.p.;1180;;;39701;774229.15;1125349.52;2013-12-01T00:00:00
5533287;549240;Písek;;;;;404527;Budìjovické Pøedmìstí;384828;Roháèova;è.p.;1181;;;39701;773705.24;1126234.77;2013-12-01T00:00:00
5533295;549240;Písek;;;;;404527;Budìjovické Pøedmìstí;384828;Roháèova;è.p.;1182;;;39701;773625.23;1126268.10;2013-12-01T00:00:00
5533309;549240;Písek;;;;;404527;Budìjovické Pøedmìstí;383937;Erbenova;è.p.;1183;;;39701;774010.88;1125613.28;2014-02-11T00:00:00
5533317;549240;Písek;;;;;404527;Budìjovické Pøedmìstí;384585;Nádraní;è.p.;1184;37;;39701;774390.51;1126876.57;2014-02-06T00:00:00
5533325;549240;Písek;;;;;404527;Budìjovické Pøedmìstí;384411;Na Houpaèkách;è.p.;1185;;;39701;774190.02;1125343.80;2013-12-01T00:00:00
5533333;549240;Písek;;;;;404527;Budìjovické Pøedmìstí;384143;Jiráskovo nábø.;è.p.;1186;;;39701;774069.89;1125165.42;2013-12-01T00:00:00
5533341;549240;Písek;;;;;404527;Budìjovické Pøedmìstí;384143;Jiráskovo nábø.;è.p.;1187;;;39701;774062.67;1125167.75;2013-12-01T00:00:00
5533350;549240;Písek;;;;;404527;Budìjovické Pøedmìstí;384143;Jiráskovo nábø.;è.p.;1188;;;39701;774056.25;1125170.83;2013-12-01T00:00:00
5533368;549240;Písek;;;;;404527;Budìjovické Pøedmìstí;384143;Jiráskovo nábø.;è.p.;1189;;;39701;774048.47;1125173.12;2013-12-01T00:00:00
5533376;549240;Písek;;;;;404527;Budìjovické Pøedmìstí;676675;Na Rozhlednì;è.p.;1190;;;39701;775331.06;1126710.81;2013-12-01T00:00:00
5533384;549240;Písek;;;;;404527;Budìjovické Pøedmìstí;384071;Harantova;è.p.;1191;40;;39701;773719.27;1126247.13;2013-12-01T00:00:00
5533392;549240;Písek;;;;;404527;Budìjovické Pøedmìstí;384526;Na Spravedlnosti;è.p.;1192;;;39701;773696.66;1125466.13;2013-12-01T00:00:00
5533406;549240;Písek;;;;;404527;Budìjovické Pøedmìstí;384135;Jeronımova;è.p.;1193;;;39701;773841.30;1125696.26;2014-02-11T00:00:00
5533414;549240;Písek;;;;;404527;Budìjovické Pøedmìstí;383996;Heritesova;è.p.;1194;4;;39701;774164.04;1126751.94;2014-02-07T00:00:00
5533422;549240;Písek;;;;;404527;Budìjovické Pøedmìstí;676675;Na Rozhlednì;è.p.;1195;;;39701;775345.38;1126710.93;2025-06-26T00:00:00
5533431;549240;Písek;;;;;404527;Budìjovické Pøedmìstí;384844;Sadová;è.p.;1196;;;39701;774375.23;1126681.55;2013-12-01T00:00:00
5533449;549240;Písek;;;;;404527;Budìjovické Pøedmìstí;384071;Harantova;è.p.;1197;36;;39701;773735.92;1126267.14;2013-12-01T00:00:00
5533457;549240;Písek;;;;;404527;Budìjovické Pøedmìstí;384071;Harantova;è.p.;1198;38;;39701;773726.43;1126258.66;2013-12-01T00:00:00
5533465;549240;Písek;;;;;404527;Budìjovické Pøedmìstí;383899;Dobrovského;è.p.;1199;;;39701;774183.00;1125387.31;2013-12-01T00:00:00
5533473;549240;Písek;;;;;404527;Budìjovické Pøedmìstí;383996;Heritesova;è.p.;1200;2;;39701;774166.82;1126759.54;2014-02-07T00:00:00
5533481;549240;Písek;;;;;404527;Budìjovické Pøedmìstí;384828;Roháèova;è.p.;1201;;;39701;773612.02;1126276.80;2013-12-01T00:00:00
5533490;549240;Písek;;;;;404527;Budìjovické Pøedmìstí;384631;Ostrovní;è.p.;1202;4;;39701;774564.97;1126413.00;2013-12-01T00:00:00
5533503;549240;Písek;;;;;404527;Budìjovické Pøedmìstí;385239;V Oudolí;è.p.;1203;;;39701;775335.24;1126579.29;2013-12-01T00:00:00
5533511;549240;Písek;;;;;404527;Budìjovické Pøedmìstí;383741;Baarova;è.p.;1204;;;39701;774547.80;1126973.00;2018-12-13T00:00:00
5533520;549240;Písek;;;;;404527;Budìjovické Pøedmìstí;384836;Rokycanova;è.p.;1205;;;39701;773443.91;1126058.40;2013-12-01T00:00:00
5533538;549240;Písek;;;;;404527;Budìjovické Pøedmìstí;384992;Švantlova;è.p.;1206;;;39701;774538.48;1126459.88;2013-12-01T00:00:00
5533546;549240;Písek;;;;;404527;Budìjovické Pøedmìstí;384836;Rokycanova;è.p.;1207;;;39701;773435.11;1126060.16;2013-12-01T00:00:00
5533554;549240;Písek;;;;;404527;Budìjovické Pøedmìstí;383741;Baarova;è.p.;1208;;;39701;774512.55;1126984.80;2025-05-28T00:00:00
5533562;549240;Písek;;;;;404527;Budìjovické Pøedmìstí;383937;Erbenova;è.p.;1209;;;39701;773956.42;1125633.15;2014-02-11T00:00:00
5533571;549240;Písek;;;;;404527;Budìjovické Pøedmìstí;383937;Erbenova;è.p.;1210;;;39701;774125.87;1125552.14;2013-12-01T00:00:00
5533589;549240;Písek;;;;;404527;Budìjovické Pøedmìstí;383937;Erbenova;è.p.;1211;;;39701;774119.74;1125553.99;2013-12-01T00:00:00
5533597;549240;Písek;;;;;404527;Budìjovické Pøedmìstí;383937;Erbenova;è.p.;1212;;;39701;773967.36;1125629.44;2014-02-11T00:00:00
5533601;549240;Písek;;;;;404527;Budìjovické Pøedmìstí;384879;Smetanovo nám.;è.p.;1213;;;39701;773713.67;1125338.92;2013-12-01T00:00:00
5533619;549240;Písek;;;;;404527;Budìjovické Pøedmìstí;676675;Na Rozhlednì;è.p.;1214;;;39701;775364.84;1126716.57;2013-12-01T00:00:00
5533627;549240;Písek;;;;;404527;Budìjovické Pøedmìstí;384071;Harantova;è.p.;1215;37;;39701;773752.23;1126237.01;2013-12-01T00:00:00
5533635;549240;Písek;;;;;404527;Budìjovické Pøedmìstí;384381;Máchova;è.p.;1216;;;39701;773239.79;1126322.24;2013-12-01T00:00:00
5533643;549240;Písek;;;;;404527;Budìjovické Pøedmìstí;384879;Smetanovo nám.;è.p.;1217;;;39701;773711.52;1125332.11;2013-12-01T00:00:00
5533651;549240;Písek;;;;;404527;Budìjovické Pøedmìstí;384411;Na Houpaèkách;è.p.;1218;;;39701;774222.74;1125352.58;2013-12-01T00:00:00
5533660;549240;Písek;;;;;404527;Budìjovické Pøedmìstí;384267;Lesní høbitov;è.p.;1219;;;39701;772739.79;1125449.09;2014-02-11T00:00:00
5533678;549240;Písek;;;;;404527;Budìjovické Pøedmìstí;384631;Ostrovní;è.p.;1220;6;;39701;774551.19;1126419.11;2013-12-01T00:00:00
5533686;549240;Písek;;;;;404527;Budìjovické Pøedmìstí;384836;Rokycanova;è.p.;1221;;;39701;773585.01;1126044.65;2013-12-01T00:00:00
5533694;549240;Písek;;;;;404527;Budìjovické Pøedmìstí;384836;Rokycanova;è.p.;1222;;;39701;773573.66;1126045.33;2013-12-01T00:00:00
5533708;549240;Písek;;;;;404527;Budìjovické Pøedmìstí;385387;Zborovská;è.p.;1223;;;39701;773304.34;1126199.82;2013-12-01T00:00:00
5533716;549240;Písek;;;;;404527;Budìjovické Pøedmìstí;384526;Na Spravedlnosti;è.p.;1224;;;39701;773727.82;1125422.63;2013-12-01T00:00:00
5533724;549240;Písek;;;;;404527;Budìjovické Pøedmìstí;676675;Na Rozhlednì;è.p.;1225;;;39701;775302.69;1126702.47;2013-12-01T00:00:00
5533732;549240;Písek;;;;;404527;Budìjovické Pøedmìstí;383741;Baarova;è.p.;1226;;;39701;774526.00;1126981.23;2013-12-01T00:00:00
5533741;549240;Písek;;;;;404527;Budìjovické Pøedmìstí;384828;Roháèova;è.p.;1227;;;39701;773491.27;1126345.16;2013-12-01T00:00:00
5533759;549240;Písek;;;;;404527;Budìjovické Pøedmìstí;384071;Harantova;è.p.;1228;35;;39701;773758.29;1126246.76;2013-12-01T00:00:00
5533767;549240;Písek;;;;;404527;Budìjovické Pøedmìstí;383899;Dobrovského;è.p.;1229;;;39701;774181.59;1125383.04;2013-12-01T00:00:00
5533775;549240;Písek;;;;;404527;Budìjovické Pøedmìstí;384216;Karla Èapka;è.p.;1230;;;39701;774005.15;1126810.57;2013-12-01T00:00:00
5533783;549240;Písek;;;;;404527;Budìjovické Pøedmìstí;384810;Raisova;è.p.;1231;;;39701;774478.59;1126906.85;2013-12-01T00:00:00
5533791;549240;Písek;;;;;404527;Budìjovické Pøedmìstí;384810;Raisova;è.p.;1232;;;39701;774518.61;1126909.47;2013-12-01T00:00:00
5533805;549240;Písek;;;;;404527;Budìjovické Pøedmìstí;385387;Zborovská;è.p.;1233;;;39701;773310.08;1126416.15;2013-12-01T00:00:00
5533813;549240;Písek;;;;;404527;Budìjovické Pøedmìstí;385387;Zborovská;è.p.;1234;;;39701;773310.54;1126426.17;2013-12-01T00:00:00
5533821;549240;Písek;;;;;404527;Budìjovické Pøedmìstí;384658;Otakara Jeremiáše;è.p.;1235;;;39701;773231.17;1126255.71;2013-12-01T00:00:00
5533830;549240;Písek;;;;;404527;Budìjovické Pøedmìstí;384658;Otakara Jeremiáše;è.p.;1236;;;39701;773232.18;1126266.12;2013-12-01T00:00:00
5533848;549240;Písek;;;;;404527;Budìjovické Pøedmìstí;384810;Raisova;è.p.;1237;;;39701;774514.71;1126900.50;2013-12-01T00:00:00
5533856;549240;Písek;;;;;404527;Budìjovické Pøedmìstí;383872;Denisova;è.p.;1238;;;39701;773607.63;1125646.49;2013-12-01T00:00:00
5533864;549240;Písek;;;;;404527;Budìjovické Pøedmìstí;383872;Denisova;è.p.;1239;;;39701;773612.11;1125656.54;2013-12-01T00:00:00
5533872;549240;Písek;;;;;404527;Budìjovické Pøedmìstí;383872;Denisova;è.p.;1240;;;39701;773634.59;1125705.48;2013-12-01T00:00:00
5533881;549240;Písek;;;;;404527;Budìjovické Pøedmìstí;384810;Raisova;è.p.;1241;;;39701;774509.87;1126892.43;2013-12-01T00:00:00
5533899;549240;Písek;;;;;404527;Budìjovické Pøedmìstí;383872;Denisova;è.p.;1242;;;39701;773630.11;1125696.27;2013-12-01T00:00:00
5533902;549240;Písek;;;;;404527;Budìjovické Pøedmìstí;385182;U Vodárny;è.p.;1243;;;39701;775664.69;1126224.49;2013-12-01T00:00:00
5533911;549240;Písek;;;;;404527;Budìjovické Pøedmìstí;384135;Jeronımova;è.p.;1244;;;39701;773812.35;1125551.67;2013-12-01T00:00:00
5533929;549240;Písek;;;;;404527;Budìjovické Pøedmìstí;383872;Denisova;è.p.;1245;;;39701;773625.63;1125686.73;2013-12-01T00:00:00
5533937;549240;Písek;;;;;404527;Budìjovické Pøedmìstí;384828;Roháèova;è.p.;1246;;;39701;773370.82;1126355.17;2013-12-01T00:00:00
5533945;549240;Písek;;;;;404527;Budìjovické Pøedmìstí;385107;U Høebèince;è.p.;1247;;;39701;773391.53;1127309.10;2013-12-01T00:00:00
5533953;549240;Písek;;;;;404527;Budìjovické Pøedmìstí;383937;Erbenova;è.p.;1248;;;39701;774344.98;1125521.10;2014-02-11T00:00:00
5533961;549240;Písek;;;;;404527;Budìjovické Pøedmìstí;384747;Preslova;è.p.;1249;;;39701;774213.72;1126753.40;2013-12-01T00:00:00
5533970;549240;Písek;;;;;404527;Budìjovické Pøedmìstí;384381;Máchova;è.p.;1250;;;39701;773183.40;1126356.07;2013-12-01T00:00:00
5534003;549240;Písek;;;;;404527;Budìjovické Pøedmìstí;384071;Harantova;è.p.;1253;68;;39701;773585.20;1126000.61;2013-12-01T00:00:00
5534011;549240;Písek;;;;;404527;Budìjovické Pøedmìstí;384071;Harantova;è.p.;1254;72;;39701;773572.73;1125975.16;2013-12-01T00:00:00
5534020;549240;Písek;;;;;404527;Budìjovické Pøedmìstí;384071;Harantova;è.p.;1255;74;;39701;773566.96;1125963.91;2013-12-01T00:00:00
5534038;549240;Písek;;;;;404527;Budìjovické Pøedmìstí;384071;Harantova;è.p.;1256;78;;39701;773556.29;1125941.44;2013-12-01T00:00:00
5534046;549240;Písek;;;;;404527;Budìjovické Pøedmìstí;384585;Nádraní;è.p.;1257;39;;39701;774401.36;1126884.88;2014-02-06T00:00:00
5534054;549240;Písek;;;;;404527;Budìjovické Pøedmìstí;384810;Raisova;è.p.;1258;;;39701;774443.67;1126834.95;2013-12-01T00:00:00
5534062;549240;Písek;;;;;404527;Budìjovické Pøedmìstí;384810;Raisova;è.p.;1259;;;39701;774468.08;1126884.34;2013-12-01T00:00:00
5534071;549240;Písek;;;;;404527;Budìjovické Pøedmìstí;384330;Legionáøská;è.p.;1260;;;39701;773361.78;1126146.76;2013-12-01T00:00:00
5534089;549240;Písek;;;;;404527;Budìjovické Pøedmìstí;384330;Legionáøská;è.p.;1261;;;39701;773361.40;1126136.95;2013-12-01T00:00:00
5534097;549240;Písek;;;;;404527;Budìjovické Pøedmìstí;383937;Erbenova;è.p.;1262;;;39701;774336.62;1125520.85;2014-02-11T00:00:00
5534101;549240;Písek;;;;;404527;Budìjovické Pøedmìstí;383872;Denisova;è.p.;1263;;;39701;773615.41;1125664.94;2013-12-01T00:00:00
5534119;549240;Písek;;;;;404527;Budìjovické Pøedmìstí;383872;Denisova;è.p.;1264;;;39701;773621.31;1125678.56;2013-12-01T00:00:00
5534127;549240;Písek;;;;;404527;Budìjovické Pøedmìstí;383872;Denisova;è.p.;1265;;;39701;773617.92;1125671.68;2013-12-01T00:00:00
5534135;549240;Písek;;;;;404527;Budìjovické Pøedmìstí;384381;Máchova;è.p.;1266;;;39701;773049.94;1126355.98;2013-12-01T00:00:00
5534143;549240;Písek;;;;;404527;Budìjovické Pøedmìstí;384631;Ostrovní;è.p.;1267;8;;39701;774540.26;1126424.43;2013-12-01T00:00:00
5534151;549240;Písek;;;;;404527;Budìjovické Pøedmìstí;384658;Otakara Jeremiáše;è.p.;1268;;;39701;773225.09;1126180.41;2013-12-01T00:00:00
5534160;549240;Písek;;;;;404527;Budìjovické Pøedmìstí;385395;Zeyerova;è.p.;1269;;;39701;774495.94;1126605.90;2013-12-01T00:00:00
5534178;549240;Písek;;;;;404527;Budìjovické Pøedmìstí;384526;Na Spravedlnosti;è.p.;1270;;;39701;773603.94;1125545.41;2013-12-01T00:00:00
5534186;549240;Písek;;;;;404527;Budìjovické Pøedmìstí;383937;Erbenova;è.p.;1271;;;39701;774302.44;1125525.37;2014-02-11T00:00:00
5534194;549240;Písek;;;;;404527;Budìjovické Pøedmìstí;676675;Na Rozhlednì;è.p.;1272;;;39701;775382.48;1126719.31;2013-12-01T00:00:00
5534208;549240;Písek;;;;;404527;Budìjovické Pøedmìstí;384526;Na Spravedlnosti;è.p.;1273;;;39701;773677.73;1125492.69;2013-12-01T00:00:00
5534216;549240;Písek;;;;;404527;Budìjovické Pøedmìstí;384585;Nádraní;è.p.;1274;9;;39701;774250.96;1126469.28;2013-12-01T00:00:00
5534224;549240;Písek;;;;;404527;Budìjovické Pøedmìstí;383937;Erbenova;è.p.;1275;;;39701;774314.67;1125522.00;2014-02-11T00:00:00
5534232;549240;Písek;;;;;404527;Budìjovické Pøedmìstí;385395;Zeyerova;è.p.;1276;;;39701;774511.46;1126602.74;2013-12-01T00:00:00
5534241;549240;Písek;;;;;404527;Budìjovické Pøedmìstí;384364;Lesní;è.p.;1277;;;39701;773021.87;1126163.25;2013-12-01T00:00:00
5534259;549240;Písek;;;;;404527;Budìjovické Pøedmìstí;384291;Kollárova;è.p.;1278;;;39701;774021.29;1125741.94;2013-12-01T00:00:00
5534267;549240;Písek;;;;;404527;Budìjovické Pøedmìstí;384658;Otakara Jeremiáše;è.p.;1279;;;39701;773186.96;1126186.59;2013-12-01T00:00:00
5534275;549240;Písek;;;;;404527;Budìjovické Pøedmìstí;384674;Otavská;è.p.;1280;;;39701;774295.19;1125274.35;2013-12-01T00:00:00
5534283;549240;Písek;;;;;404527;Budìjovické Pøedmìstí;384674;Otavská;è.p.;1281;;;39701;774302.55;1125289.90;2013-12-01T00:00:00
5534291;549240;Písek;;;;;404527;Budìjovické Pøedmìstí;384411;Na Houpaèkách;è.p.;1282;;;39701;774311.63;1125286.22;2013-12-01T00:00:00
5534305;549240;Písek;;;;;404527;Budìjovické Pøedmìstí;384411;Na Houpaèkách;è.p.;1283;;;39701;774317.74;1125283.35;2013-12-01T00:00:00
5534313;549240;Písek;;;;;404527;Budìjovické Pøedmìstí;384411;Na Houpaèkách;è.p.;1284;;;39701;774324.03;1125279.75;2013-12-01T00:00:00
5534321;549240;Písek;;;;;404527;Budìjovické Pøedmìstí;384411;Na Houpaèkách;è.p.;1285;;;39701;774340.43;1125272.42;2013-12-01T00:00:00
5534330;549240;Písek;;;;;404527;Budìjovické Pøedmìstí;384411;Na Houpaèkách;è.p.;1286;;;39701;774348.75;1125268.53;2013-12-01T00:00:00
5534348;549240;Písek;;;;;404527;Budìjovické Pøedmìstí;384411;Na Houpaèkách;è.p.;1287;;;39701;774354.76;1125265.24;2013-12-01T00:00:00
5534356;549240;Písek;;;;;404527;Budìjovické Pøedmìstí;384411;Na Houpaèkách;è.p.;1288;;;39701;774361.10;1125262.45;2013-12-01T00:00:00
5534364;549240;Písek;;;;;404527;Budìjovické Pøedmìstí;384071;Harantova;è.p.;1289;76;;39701;773560.21;1125952.56;2013-12-01T00:00:00
5534372;549240;Písek;;;;;404527;Budìjovické Pøedmìstí;383937;Erbenova;è.p.;1290;;;39701;774327.78;1125521.30;2014-02-11T00:00:00
5534381;549240;Písek;;;;;404527;Budìjovické Pøedmìstí;385093;Tyršova;è.p.;1291;;;39701;774116.11;1125670.21;2013-12-01T00:00:00
5534399;549240;Písek;;;;;404527;Budìjovické Pøedmìstí;384071;Harantova;è.p.;1292;70;;39701;773578.55;1125987.70;2013-12-01T00:00:00
5534402;549240;Písek;;;;;404527;Budìjovické Pøedmìstí;385174;U Vodáka;è.p.;1293;;;39701;772397.29;1126170.95;2014-02-11T00:00:00
5534411;549240;Písek;;;;;404527;Budìjovické Pøedmìstí;384411;Na Houpaèkách;è.p.;1294;;;39701;774236.42;1125320.47;2013-12-01T00:00:00
5534429;549240;Písek;;;;;404527;Budìjovické Pøedmìstí;384674;Otavská;è.p.;1295;;;39701;774292.72;1125266.53;2013-12-01T00:00:00
5534437;549240;Písek;;;;;404527;Budìjovické Pøedmìstí;385000;Táborská;è.p.;1296;;;39701;773442.67;1125823.86;2014-02-11T00:00:00
5534445;549240;Písek;;;;;404527;Budìjovické Pøedmìstí;384526;Na Spravedlnosti;è.p.;1297;;;39701;773739.16;1125410.80;2013-12-01T00:00:00
5534453;549240;Písek;;;;;404527;Budìjovické Pøedmìstí;383937;Erbenova;è.p.;1298;;;39701;774318.65;1125521.58;2014-02-11T00:00:00
5534461;549240;Písek;;;;;404527;Budìjovické Pøedmìstí;384071;Harantova;è.p.;1299;67;;39701;773619.06;1126000.79;2013-12-01T00:00:00
5534470;549240;Písek;;;;;404527;Budìjovické Pøedmìstí;384071;Harantova;è.p.;1300;52;;39701;773661.20;1126148.63;2013-12-01T00:00:00
5534488;549240;Písek;;;;;404527;Budìjovické Pøedmìstí;384071;Harantova;è.p.;1301;80;;39701;773549.05;1125930.68;2013-12-01T00:00:00
5534496;549240;Písek;;;;;404527;Budìjovické Pøedmìstí;384399;Mírové nám.;è.p.;1302;;;39701;773502.85;1125837.37;2013-12-01T00:00:00
5534500;549240;Písek;;;;;404527;Budìjovické Pøedmìstí;384399;Mírové nám.;è.p.;1303;;;39701;773496.69;1125825.54;2013-12-01T00:00:00
5534518;549240;Písek;;;;;404527;Budìjovické Pøedmìstí;384178;Hradišská;è.p.;1304;;;39701;774701.49;1126530.73;2013-12-01T00:00:00
5534526;549240;Písek;;;;;404527;Budìjovické Pøedmìstí;384836;Rokycanova;è.p.;1305;;;39701;773667.00;1126034.75;2013-12-01T00:00:00
5534534;549240;Písek;;;;;404527;Budìjovické Pøedmìstí;384810;Raisova;è.p.;1306;;;39701;774498.89;1126869.02;2013-12-01T00:00:00
5534542;549240;Písek;;;;;404527;Budìjovické Pøedmìstí;384071;Harantova;è.p.;1307;71;;39701;773608.23;1125976.06;2013-12-01T00:00:00
5534551;549240;Písek;;;;;404527;Budìjovické Pøedmìstí;384674;Otavská;è.p.;1308;;;39701;774265.78;1125258.07;2013-12-01T00:00:00
5534569;549240;Písek;;;;;404527;Budìjovické Pøedmìstí;384291;Kollárova;è.p.;1309;;;39701;774010.65;1125745.40;2013-12-01T00:00:00
5534577;549240;Písek;;;;;404527;Budìjovické Pøedmìstí;384658;Otakara Jeremiáše;è.p.;1310;;;39701;773224.98;1126206.53;2013-12-01T00:00:00
5534585;549240;Písek;;;;;404527;Budìjovické Pøedmìstí;384658;Otakara Jeremiáše;è.p.;1311;;;39701;773226.33;1126216.03;2013-12-01T00:00:00
5534593;549240;Písek;;;;;404527;Budìjovické Pøedmìstí;384291;Kollárova;è.p.;1312;;;39701;774030.29;1125738.18;2013-12-01T00:00:00
5534607;549240;Písek;;;;;404527;Budìjovické Pøedmìstí;384674;Otavská;è.p.;1313;;;39701;774289.94;1125257.61;2013-12-01T00:00:00
5534615;549240;Písek;;;;;404527;Budìjovické Pøedmìstí;383937;Erbenova;è.p.;1314;;;39701;774296.93;1125531.75;2014-02-11T00:00:00
5534623;549240;Písek;;;;;404527;Budìjovické Pøedmìstí;383899;Dobrovského;è.p.;1315;30;;39701;774160.80;1125264.76;2013-12-01T00:00:00
5534631;549240;Písek;;;;;404527;Budìjovické Pøedmìstí;384291;Kollárova;è.p.;1316;;;39701;774001.16;1125749.10;2013-12-01T00:00:00
5534640;549240;Písek;;;;;404527;Budìjovické Pøedmìstí;384071;Harantova;è.p.;1317;75;;39701;773594.83;1125949.93;2013-12-01T00:00:00
5534658;549240;Písek;;;;;404527;Budìjovické Pøedmìstí;384411;Na Houpaèkách;è.p.;1318;;;39701;774229.13;1125324.47;2013-12-01T00:00:00
5534666;549240;Písek;;;;;404527;Budìjovické Pøedmìstí;384071;Harantova;è.p.;1319;65;;39701;773624.51;1126010.95;2013-12-01T00:00:00
5534674;549240;Písek;;;;;404527;Budìjovické Pøedmìstí;384658;Otakara Jeremiáše;è.p.;1320;;;39701;773235.65;1126286.03;2013-12-01T00:00:00
5534682;549240;Písek;;;;;404527;Budìjovické Pøedmìstí;384747;Preslova;è.p.;1321;;;39701;774272.33;1126758.80;2013-12-01T00:00:00
5534691;549240;Písek;;;;;404527;Budìjovické Pøedmìstí;384291;Kollárova;è.p.;1322;;;39701;773989.97;1125753.29;2013-12-01T00:00:00
5534704;549240;Písek;;;;;404527;Budìjovické Pøedmìstí;385549;Vrcovická;è.p.;1323;;;39701;773600.74;1125169.98;2013-12-01T00:00:00
5534712;549240;Písek;;;;;404527;Budìjovické Pøedmìstí;384411;Na Houpaèkách;è.p.;1324;;;39701;774331.56;1125276.62;2013-12-01T00:00:00
5534721;549240;Písek;;;;;404527;Budìjovické Pøedmìstí;384071;Harantova;è.p.;1325;77;;39701;773588.39;1125937.78;2013-12-01T00:00:00
5534739;549240;Písek;;;;;404527;Budìjovické Pøedmìstí;383899;Dobrovského;è.p.;1326;;;39701;774133.95;1125265.33;2013-12-01T00:00:00
5534747;549240;Písek;;;;;404527;Budìjovické Pøedmìstí;384658;Otakara Jeremiáše;è.p.;1327;;;39701;773203.65;1126297.58;2013-12-01T00:00:00
5534755;549240;Písek;;;;;404527;Budìjovické Pøedmìstí;384658;Otakara Jeremiáše;è.p.;1328;;;39701;773202.59;1126288.92;2013-12-01T00:00:00
5534763;549240;Písek;;;;;404527;Budìjovické Pøedmìstí;385093;Tyršova;è.p.;1329;;;39701;774120.51;1125677.84;2013-12-01T00:00:00
5534771;549240;Písek;;;;;404527;Budìjovické Pøedmìstí;384071;Harantova;è.p.;1330;63;;39701;773630.17;1126021.12;2013-12-01T00:00:00
5534780;549240;Písek;;;;;404527;Budìjovické Pøedmìstí;385387;Zborovská;è.p.;1331;;;39701;773309.90;1126234.32;2013-12-01T00:00:00
5534798;549240;Písek;;;;;404527;Budìjovické Pøedmìstí;385387;Zborovská;è.p.;1332;;;39701;773305.90;1126243.31;2013-12-01T00:00:00
5534801;549240;Písek;;;;;404527;Budìjovické Pøedmìstí;384836;Rokycanova;è.p.;1333;;;39701;773643.89;1126036.42;2013-12-01T00:00:00
5534810;549240;Písek;;;;;404527;Budìjovické Pøedmìstí;384399;Mírové nám.;è.p.;1334;;;39701;773591.91;1125897.18;2013-12-01T00:00:00
5534828;549240;Písek;;;;;404527;Budìjovické Pøedmìstí;384321;Lázeòská;è.p.;1335;;;39701;773901.00;1125402.27;2013-12-01T00:00:00
5534836;549240;Písek;;;;;404527;Budìjovické Pøedmìstí;384291;Kollárova;è.p.;1336;;;39701;773987.38;1125721.39;2014-02-11T00:00:00
5534844;549240;Písek;;;;;404527;Budìjovické Pøedmìstí;384178;Hradišská;è.p.;1337;;;39701;774723.42;1126541.30;2013-12-01T00:00:00
5534852;549240;Písek;;;;;404527;Budìjovické Pøedmìstí;384411;Na Houpaèkách;è.p.;1338;31;;39701;773922.99;1125484.07;2013-12-01T00:00:00
5534861;549240;Písek;;;;;404527;Budìjovické Pøedmìstí;385000;Táborská;è.p.;1339;;;39701;773432.22;1125827.28;2014-02-11T00:00:00
5534879;549240;Písek;;;;;404527;Budìjovické Pøedmìstí;385000;Táborská;è.p.;1340;;;39701;773423.52;1125830.02;2014-02-11T00:00:00
5534887;549240;Písek;;;;;404527;Budìjovické Pøedmìstí;384291;Kollárova;è.p.;1341;;;39701;774223.57;1125667.66;2013-12-01T00:00:00
5534895;549240;Písek;;;;;404527;Budìjovické Pøedmìstí;384291;Kollárova;è.p.;1342;;;39701;774215.12;1125670.50;2013-12-01T00:00:00
5534909;549240;Písek;;;;;404527;Budìjovické Pøedmìstí;385395;Zeyerova;è.p.;1343;;;39701;774415.84;1126624.81;2013-12-01T00:00:00
5534917;549240;Písek;;;;;404527;Budìjovické Pøedmìstí;384291;Kollárova;è.p.;1344;;;39701;774206.87;1125673.69;2013-12-01T00:00:00
5534925;549240;Písek;;;;;404527;Budìjovické Pøedmìstí;384411;Na Houpaèkách;è.p.;1345;;;39701;774326.24;1125304.21;2013-12-01T00:00:00
5534933;549240;Písek;;;;;404527;Budìjovické Pøedmìstí;384658;Otakara Jeremiáše;è.p.;1346;;;39701;773197.63;1126250.45;2013-12-01T00:00:00
5534941;549240;Písek;;;;;404527;Budìjovické Pøedmìstí;384658;Otakara Jeremiáše;è.p.;1347;;;39701;773195.51;1126240.34;2013-12-01T00:00:00
5534950;549240;Písek;;;;;404527;Budìjovické Pøedmìstí;384658;Otakara Jeremiáše;è.p.;1348;;;39701;773193.81;1126219.59;2013-12-01T00:00:00
5534968;549240;Písek;;;;;404527;Budìjovické Pøedmìstí;384658;Otakara Jeremiáše;è.p.;1349;;;39701;773192.58;1126211.29;2013-12-01T00:00:00
5534976;549240;Písek;;;;;404527;Budìjovické Pøedmìstí;384291;Kollárova;è.p.;1350;;;39701;774198.55;1125676.74;2013-12-01T00:00:00
5534984;549240;Písek;;;;;404527;Budìjovické Pøedmìstí;385387;Zborovská;è.p.;1351;;;39701;773309.99;1126388.45;2013-12-01T00:00:00
5534992;549240;Písek;;;;;404527;Budìjovické Pøedmìstí;384291;Kollárova;è.p.;1352;;;39701;773733.55;1125845.56;2013-12-01T00:00:00
5535000;549240;Písek;;;;;404527;Budìjovické Pøedmìstí;384941;Stroupenického;è.p.;1353;;;39701;774367.10;1125258.36;2013-12-01T00:00:00
5535018;549240;Písek;;;;;404527;Budìjovické Pøedmìstí;384291;Kollárova;è.p.;1354;;;39701;774253.02;1125657.32;2013-12-01T00:00:00
5535026;549240;Písek;;;;;404527;Budìjovické Pøedmìstí;385000;Táborská;è.p.;1355;;;39701;773454.50;1125819.85;2014-02-11T00:00:00
5535034;549240;Písek;;;;;404527;Budìjovické Pøedmìstí;384291;Kollárova;è.p.;1356;;;39701;774233.23;1125663.37;2013-12-01T00:00:00
5535042;549240;Písek;;;;;404527;Budìjovické Pøedmìstí;384810;Raisova;è.p.;1357;;;39701;774463.69;1126877.60;2013-12-01T00:00:00
5535051;549240;Písek;;;;;404527;Budìjovické Pøedmìstí;384411;Na Houpaèkách;è.p.;1358;;;39701;774333.77;1125300.69;2013-12-01T00:00:00
5535069;549240;Písek;;;;;404527;Budìjovické Pøedmìstí;384071;Harantova;è.p.;1359;66;;39701;773590.29;1126010.69;2013-12-01T00:00:00
5535077;549240;Písek;;;;;404527;Budìjovické Pøedmìstí;384071;Harantova;è.p.;1360;81;;39701;773578.31;1125917.33;2013-12-01T00:00:00
5535085;549240;Písek;;;;;404527;Budìjovické Pøedmìstí;384747;Preslova;è.p.;1361;;;39701;774185.08;1126783.50;2013-12-01T00:00:00
5535093;549240;Písek;;;;;404527;Budìjovické Pøedmìstí;384968;Šafaøíkova;è.p.;1362;;;39701;774258.09;1125607.83;2013-12-01T00:00:00
5535107;549240;Písek;;;;;404527;Budìjovické Pøedmìstí;384577;nábøeí 1. máje;è.p.;1363;;;39701;774395.19;1125232.64;2013-12-01T00:00:00
5535115;549240;Písek;;;;;404527;Budìjovické Pøedmìstí;384577;nábøeí 1. máje;è.p.;1364;;;39701;774395.77;1125213.45;2013-12-01T00:00:00
5535123;549240;Písek;;;;;404527;Budìjovické Pøedmìstí;384291;Kollárova;è.p.;1365;;;39701;774262.77;1125653.82;2013-12-01T00:00:00
5535131;549240;Písek;;;;;404527;Budìjovické Pøedmìstí;384291;Kollárova;è.p.;1366;;;39701;774184.95;1125650.03;2013-12-01T00:00:00
5535140;549240;Písek;;;;;404527;Budìjovické Pøedmìstí;384411;Na Houpaèkách;è.p.;1367;;;39701;774318.22;1125308.09;2013-12-01T00:00:00
5535158;549240;Písek;;;;;404527;Budìjovické Pøedmìstí;385000;Táborská;è.p.;1368;;;39701;773464.18;1125816.72;2014-02-11T00:00:00
5535166;549240;Písek;;;;;404527;Budìjovické Pøedmìstí;385000;Táborská;è.p.;1369;;;39701;773415.21;1125832.76;2014-02-11T00:00:00
5535174;549240;Písek;;;;;404527;Budìjovické Pøedmìstí;385000;Táborská;è.p.;1370;;;39701;773406.81;1125835.50;2014-02-11T00:00:00
5535182;549240;Písek;;;;;404527;Budìjovické Pøedmìstí;384071;Harantova;è.p.;1371;69;;39701;773614.10;1125988.97;2013-12-01T00:00:00
5535191;549240;Písek;;;;;404527;Budìjovické Pøedmìstí;384810;Raisova;è.p.;1372;;;39701;774474.35;1126898.38;2013-12-01T00:00:00
5535204;549240;Písek;;;;;404527;Budìjovické Pøedmìstí;385107;U Høebèince;è.p.;1373;;;39701;773189.78;1127763.38;2013-12-01T00:00:00
5535212;549240;Písek;;;;;404527;Budìjovické Pøedmìstí;384674;Otavská;è.p.;1374;;;39701;774263.16;1125250.92;2013-12-01T00:00:00
5535221;549240;Písek;;;;;404527;Budìjovické Pøedmìstí;384526;Na Spravedlnosti;è.p.;1375;;;39701;773597.65;1125553.94;2013-12-01T00:00:00
5535239;549240;Písek;;;;;404527;Budìjovické Pøedmìstí;384968;Šafaøíkova;è.p.;1376;;;39701;774261.04;1125616.66;2013-12-01T00:00:00
5535247;549240;Písek;;;;;404527;Budìjovické Pøedmìstí;384747;Preslova;è.p.;1377;;;39701;774289.15;1126753.62;2013-12-01T00:00:00
5535255;549240;Písek;;;;;404527;Budìjovické Pøedmìstí;384071;Harantova;è.p.;1378;79;;39701;773583.20;1125927.21;2013-12-01T00:00:00
5535263;549240;Písek;;;;;404527;Budìjovické Pøedmìstí;384291;Kollárova;è.p.;1379;;;39701;774263.23;1125623.05;2013-12-01T00:00:00
5535271;549240;Písek;;;;;404527;Budìjovické Pøedmìstí;384810;Raisova;è.p.;1380;;;39701;774448.41;1126843.69;2013-12-01T00:00:00
5535280;549240;Písek;;;;;404527;Budìjovické Pøedmìstí;384810;Raisova;è.p.;1381;;;39701;774461.11;1126871.46;2013-12-01T00:00:00
5535298;549240;Písek;;;;;404527;Budìjovické Pøedmìstí;384291;Kollárova;è.p.;1382;;;39701;774247.08;1125627.79;2013-12-01T00:00:00
5535301;549240;Písek;;;;;404527;Budìjovické Pøedmìstí;385000;Táborská;è.p.;1383;;;39701;773473.56;1125813.60;2014-02-11T00:00:00
5535310;549240;Písek;;;;;404527;Budìjovické Pøedmìstí;384291;Kollárova;è.p.;1384;;;39701;774273.20;1125650.02;2013-12-01T00:00:00
5535328;549240;Písek;;;;;404527;Budìjovické Pøedmìstí;384658;Otakara Jeremiáše;è.p.;1385;;;39701;773199.59;1126269.39;2013-12-01T00:00:00
5535336;549240;Písek;;;;;404527;Budìjovické Pøedmìstí;384810;Raisova;è.p.;1386;;;39701;774458.08;1126865.09;2013-12-01T00:00:00
5535344;549240;Písek;;;;;404527;Budìjovické Pøedmìstí;384810;Raisova;è.p.;1387;;;39701;774454.82;1126857.06;2013-12-01T00:00:00
5535352;549240;Písek;;;;;404527;Budìjovické Pøedmìstí;384071;Harantova;è.p.;1388;64;;39701;773596.16;1126021.36;2013-12-01T00:00:00
5535361;549240;Písek;;;;;404527;Budìjovické Pøedmìstí;384411;Na Houpaèkách;è.p.;1389;;;39701;774341.29;1125297.29;2013-12-01T00:00:00
5535379;549240;Písek;;;;;404527;Budìjovické Pøedmìstí;384071;Harantova;è.p.;1390;15;;39701;773877.83;1126386.17;2013-12-01T00:00:00
5535387;549240;Písek;;;;;404527;Budìjovické Pøedmìstí;384071;Harantova;è.p.;1391;17;;39701;773869.99;1126377.05;2013-12-01T00:00:00
5535395;549240;Písek;;;;;404527;Budìjovické Pøedmìstí;384291;Kollárova;è.p.;1392;;;39701;774238.22;1125631.10;2013-12-01T00:00:00
5535409;549240;Písek;;;;;404527;Budìjovické Pøedmìstí;384836;Rokycanova;è.p.;1393;;;39701;773361.78;1126103.32;2013-12-01T00:00:00
5535417;549240;Písek;;;;;404527;Budìjovické Pøedmìstí;384836;Rokycanova;è.p.;1394;;;39701;773370.71;1126101.97;2013-12-01T00:00:00
5535425;549240;Písek;;;;;404527;Budìjovické Pøedmìstí;384585;Nádraní;è.p.;1395;;;39701;774383.45;1126862.30;2014-02-06T00:00:00
5535433;549240;Písek;;;;;404527;Budìjovické Pøedmìstí;384399;Mírové nám.;è.p.;1396;;;39701;773488.38;1125811.26;2013-12-01T00:00:00
5535441;549240;Písek;;;;;404527;Budìjovické Pøedmìstí;384585;Nádraní;è.p.;1397;;;39701;774409.43;1126898.70;2014-02-06T00:00:00
5535450;549240;Písek;;;;;404527;Budìjovické Pøedmìstí;385387;Zborovská;è.p.;1398;;;39701;773303.64;1126215.56;2013-12-01T00:00:00
5535468;549240;Písek;;;;;404527;Budìjovické Pøedmìstí;384071;Harantova;è.p.;1399;33;;39701;773765.95;1126255.91;2013-12-01T00:00:00
5535476;549240;Písek;;;;;404527;Budìjovické Pøedmìstí;384381;Máchova;è.p.;1400;;;39701;773160.21;1126323.31;2013-12-01T00:00:00
5535484;549240;Písek;;;;;404527;Budìjovické Pøedmìstí;384577;nábøeí 1. máje;è.p.;1401;;;39701;774394.79;1125195.96;2013-12-01T00:00:00
5535492;549240;Písek;;;;;404527;Budìjovické Pøedmìstí;384577;nábøeí 1. máje;è.p.;1402;;;39701;774393.73;1125179.07;2013-12-01T00:00:00
5535506;549240;Písek;;;;;404527;Budìjovické Pøedmìstí;384291;Kollárova;è.p.;1403;;;39701;774298.92;1125608.75;2013-12-01T00:00:00
5535514;549240;Písek;;;;;404527;Budìjovické Pøedmìstí;384291;Kollárova;è.p.;1404;;;39701;774307.38;1125605.97;2013-12-01T00:00:00
5535522;549240;Písek;;;;;404527;Budìjovické Pøedmìstí;384321;Lázeòská;è.p.;1405;;;39701;773820.86;1125381.73;2013-12-01T00:00:00
5535531;549240;Písek;;;;;404527;Budìjovické Pøedmìstí;384399;Mírové nám.;è.p.;1406;;;39701;773606.28;1125891.80;2013-12-01T00:00:00
5535549;549240;Písek;;;;;404527;Budìjovické Pøedmìstí;384291;Kollárova;è.p.;1407;;;39701;774194.31;1125646.94;2013-12-01T00:00:00
5535557;549240;Písek;;;;;404527;Budìjovické Pøedmìstí;384992;Švantlova;è.p.;1408;;;39701;774526.86;1126520.32;2013-12-01T00:00:00
5535565;549240;Písek;;;;;404527;Budìjovické Pøedmìstí;384992;Švantlova;è.p.;1409;;;39701;774532.78;1126448.23;2013-12-01T00:00:00
5535573;549240;Písek;;;;;404527;Budìjovické Pøedmìstí;384071;Harantova;è.p.;1410;6;;39701;773914.18;1126479.44;2013-12-01T00:00:00
5535581;549240;Písek;;;;;404527;Budìjovické Pøedmìstí;384071;Harantova;è.p.;1411;8;;39701;773907.04;1126470.82;2013-12-01T00:00:00
5535590;549240;Písek;;;;;404527;Budìjovické Pøedmìstí;384071;Harantova;è.p.;1412;10;;39701;773900.71;1126462.33;2013-12-01T00:00:00
5535603;549240;Písek;;;;;404527;Budìjovické Pøedmìstí;383872;Denisova;è.p.;1413;16;;39701;773624.00;1125624.50;2013-12-01T00:00:00
5535611;549240;Písek;;;;;404527;Budìjovické Pøedmìstí;384810;Raisova;è.p.;1414;;;39701;774438.94;1126825.40;2013-12-01T00:00:00
5535620;549240;Písek;;;;;404527;Budìjovické Pøedmìstí;384704;Píseckého;è.p.;1415;;;39701;774400.70;1126377.58;2013-12-01T00:00:00
5535638;549240;Písek;;;;;404527;Budìjovické Pøedmìstí;384381;Máchova;è.p.;1416;;;39701;773267.64;1126354.64;2013-12-01T00:00:00
5535646;549240;Písek;;;;;404527;Budìjovické Pøedmìstí;384291;Kollárova;è.p.;1417;;;39701;774315.93;1125602.72;2013-12-01T00:00:00
5535654;549240;Písek;;;;;404527;Budìjovické Pøedmìstí;384291;Kollárova;è.p.;1418;;;39701;774324.13;1125600.15;2013-12-01T00:00:00
5535662;549240;Písek;;;;;404527;Budìjovické Pøedmìstí;384071;Harantova;è.p.;1419;19;;39701;773860.87;1126367.38;2013-12-01T00:00:00
5535671;549240;Písek;;;;;404527;Budìjovické Pøedmìstí;385077;tøída Pøátelství;è.p.;1420;;;39701;774323.34;1127032.52;2013-12-01T00:00:00
5535689;549240;Písek;;;;;404527;Budìjovické Pøedmìstí;676675;Na Rozhlednì;è.p.;1421;;;39701;775286.95;1126734.12;2013-12-01T00:00:00
5535697;549240;Písek;;;;;404527;Budìjovické Pøedmìstí;384810;Raisova;è.p.;1422;;;39701;774505.80;1126882.50;2013-12-01T00:00:00
5535701;549240;Písek;;;;;404527;Budìjovické Pøedmìstí;384071;Harantova;è.p.;1423;12;;39701;773893.71;1126453.98;2013-12-01T00:00:00
5535719;549240;Písek;;;;;404527;Budìjovické Pøedmìstí;384071;Harantova;è.p.;1424;14;;39701;773887.54;1126448.11;2013-12-01T00:00:00
5535727;549240;Písek;;;;;404527;Budìjovické Pøedmìstí;384135;Jeronımova;è.p.;1425;;;39701;773788.60;1125547.88;2013-12-01T00:00:00
5535735;549240;Písek;;;;;404527;Budìjovické Pøedmìstí;384801;Putimská Vysoká;è.p.;1426;;;39701;774943.86;1127942.69;2013-12-01T00:00:00
5535743;549240;Písek;;;;;404527;Budìjovické Pøedmìstí;384071;Harantova;è.p.;1427;3;;39701;773937.02;1126458.37;2013-12-01T00:00:00
5535751;549240;Písek;;;;;404527;Budìjovické Pøedmìstí;384810;Raisova;è.p.;1428;;;39701;774496.66;1126861.39;2013-12-01T00:00:00
5535760;549240;Písek;;;;;404527;Budìjovické Pøedmìstí;384381;Máchova;è.p.;1429;;;39701;773242.98;1126353.96;2013-12-01T00:00:00
5535778;549240;Písek;;;;;404527;Budìjovické Pøedmìstí;384500;Na Rozmezí;è.p.;1430;;;39701;775518.63;1126687.39;2013-12-01T00:00:00
5535786;549240;Písek;;;;;404527;Budìjovické Pøedmìstí;384500;Na Rozmezí;è.p.;1431;;;39701;775519.27;1126666.69;2013-12-01T00:00:00
5535794;549240;Písek;;;;;404527;Budìjovické Pøedmìstí;384810;Raisova;è.p.;1432;;;39701;774494.01;1126855.81;2013-12-01T00:00:00
5535808;549240;Písek;;;;;404527;Budìjovické Pøedmìstí;384071;Harantova;è.p.;1433;34;;39701;773742.53;1126275.80;2013-12-01T00:00:00
5535816;549240;Písek;;;;;404527;Budìjovické Pøedmìstí;384844;Sadová;è.p.;1434;;;39701;774347.56;1126687.76;2013-12-01T00:00:00
5535824;549240;Písek;;;;;404527;Budìjovické Pøedmìstí;384291;Kollárova;è.p.;1435;;;39701;774203.62;1125643.56;2013-12-01T00:00:00
5535832;549240;Písek;;;;;404527;Budìjovické Pøedmìstí;383937;Erbenova;è.p.;1436;;;39701;774288.74;1125526.38;2014-02-11T00:00:00
5535841;549240;Písek;;;;;404527;Budìjovické Pøedmìstí;385387;Zborovská;è.p.;1437;;;39701;773311.32;1126448.45;2013-12-01T00:00:00
5535859;549240;Písek;;;;;404527;Budìjovické Pøedmìstí;385387;Zborovská;è.p.;1438;;;39701;773311.46;1126457.41;2013-12-01T00:00:00
5535867;549240;Písek;;;;;404527;Budìjovické Pøedmìstí;384071;Harantova;è.p.;1439;13;;39701;773885.75;1126396.23;2013-12-01T00:00:00
5535875;549240;Písek;;;;;404527;Budìjovické Pøedmìstí;384810;Raisova;è.p.;1440;;;39701;774486.91;1126842.17;2013-12-01T00:00:00
5535883;549240;Písek;;;;;404527;Budìjovické Pøedmìstí;383741;Baarova;è.p.;1441;;;39701;774462.98;1126993.98;2013-12-01T00:00:00
5535891;549240;Písek;;;;;404527;Budìjovické Pøedmìstí;384909;Sovova;è.p.;1442;;;39701;774066.78;1126716.30;2013-12-01T00:00:00
5535905;549240;Písek;;;;;404527;Budìjovické Pøedmìstí;384909;Sovova;è.p.;1443;;;39701;774067.99;1126723.61;2013-12-01T00:00:00
5535913;549240;Písek;;;;;404527;Budìjovické Pøedmìstí;384909;Sovova;è.p.;1444;;;39701;774070.55;1126732.24;2013-12-01T00:00:00
5535921;549240;Písek;;;;;404527;Budìjovické Pøedmìstí;385409;ikova tøída;è.p.;1445;;;39701;773635.82;1125901.19;2013-12-01T00:00:00
5535930;549240;Písek;;;;;404527;Budìjovické Pøedmìstí;385549;Vrcovická;è.p.;1446;;;39701;773606.67;1125194.69;2013-12-01T00:00:00
5535948;549240;Písek;;;;;404527;Budìjovické Pøedmìstí;384810;Raisova;è.p.;1447;;;39701;774476.24;1126820.08;2013-12-01T00:00:00
5535956;549240;Písek;;;;;404527;Budìjovické Pøedmìstí;385000;Táborská;è.p.;1448;;;39701;773398.11;1125837.84;2014-02-11T00:00:00
5535964;549240;Písek;;;;;404527;Budìjovické Pøedmìstí;384585;Nádraní;è.p.;1449;;;39701;774374.34;1126844.33;2014-02-06T00:00:00
5535972;549240;Písek;;;;;404527;Budìjovické Pøedmìstí;384071;Harantova;è.p.;1450;18;;39701;773873.09;1126428.11;2013-12-01T00:00:00
5535981;549240;Písek;;;;;404527;Budìjovické Pøedmìstí;384062;Husovo nám.;è.p.;1451;;;39701;774087.90;1126696.81;2014-02-07T00:00:00
5535999;549240;Písek;;;;;404527;Budìjovické Pøedmìstí;384062;Husovo nám.;è.p.;1452;;;39701;774097.07;1126693.58;2014-02-07T00:00:00
5536006;549240;Písek;;;;;404527;Budìjovické Pøedmìstí;384062;Husovo nám.;è.p.;1453;;;39701;774079.00;1126697.76;2014-02-07T00:00:00
5536014;549240;Písek;;;;;404527;Budìjovické Pøedmìstí;384500;Na Rozmezí;è.p.;1454;;;39701;775519.18;1126673.50;2013-12-01T00:00:00
5536022;549240;Písek;;;;;404527;Budìjovické Pøedmìstí;384526;Na Spravedlnosti;è.p.;1455;;;39701;773681.14;1125486.44;2013-12-01T00:00:00
5536031;549240;Písek;;;;;404527;Budìjovické Pøedmìstí;384399;Mírové nám.;è.p.;1456;;;39701;773573.82;1125904.03;2013-12-01T00:00:00
5536049;549240;Písek;;;;;404527;Budìjovické Pøedmìstí;383741;Baarova;è.p.;1457;;;39701;774567.42;1126969.89;2013-12-01T00:00:00
5536057;549240;Písek;;;;;404527;Budìjovické Pøedmìstí;383741;Baarova;è.p.;1458;;;39701;774577.12;1126968.08;2013-12-01T00:00:00
5536065;549240;Písek;;;;;404527;Budìjovické Pøedmìstí;384291;Kollárova;è.p.;1459;;;39701;774212.12;1125640.31;2013-12-01T00:00:00
5536073;549240;Písek;;;;;404527;Budìjovické Pøedmìstí;384127;Jaromíra Malého;è.p.;1460;;;39701;773102.51;1126356.69;2013-12-01T00:00:00
5536081;549240;Písek;;;;;404527;Budìjovické Pøedmìstí;384062;Husovo nám.;è.p.;1461;;;39701;774106.37;1126690.74;2014-02-07T00:00:00
5536090;549240;Písek;;;;;404527;Budìjovické Pøedmìstí;384631;Ostrovní;è.p.;1462;;;39701;774581.22;1126408.89;2013-12-01T00:00:00
5536103;549240;Písek;;;;;404527;Budìjovické Pøedmìstí;384666;Otakara Ševèíka;è.p.;1463;;;39701;774162.71;1126494.24;2013-12-01T00:00:00
5536111;549240;Písek;;;;;404527;Budìjovické Pøedmìstí;384127;Jaromíra Malého;è.p.;1464;;;39701;773102.66;1126378.42;2013-12-01T00:00:00
5536120;549240;Písek;;;;;404527;Budìjovické Pøedmìstí;384658;Otakara Jeremiáše;è.p.;1465;;;39701;773205.24;1126322.03;2013-12-01T00:00:00
5536138;549240;Písek;;;;;404527;Budìjovické Pøedmìstí;384399;Mírové nám.;è.p.;1466;;;39701;773508.10;1125901.72;2013-12-01T00:00:00
5536146;549240;Písek;;;;;404527;Budìjovické Pøedmìstí;384577;nábøeí 1. máje;è.p.;1467;;;39701;774392.42;1125161.07;2013-12-01T00:00:00
5536154;549240;Písek;;;;;404527;Budìjovické Pøedmìstí;384577;nábøeí 1. máje;è.p.;1468;;;39701;774391.44;1125142.45;2013-12-01T00:00:00
5536162;549240;Písek;;;;;404527;Budìjovické Pøedmìstí;384500;Na Rozmezí;è.p.;1469;;;39701;775519.45;1126680.49;2013-12-01T00:00:00
5536171;549240;Písek;;;;;404527;Budìjovické Pøedmìstí;384810;Raisova;è.p.;1470;;;39701;774480.59;1126827.81;2013-12-01T00:00:00
5536189;549240;Písek;;;;;404527;Budìjovické Pøedmìstí;384658;Otakara Jeremiáše;è.p.;1471;;;39701;773244.01;1126414.72;2013-12-01T00:00:00
5536197;549240;Písek;;;;;404527;Budìjovické Pøedmìstí;384364;Lesní;è.p.;1472;;;39701;773026.12;1126194.50;2013-12-01T00:00:00
5536201;549240;Písek;;;;;404527;Budìjovické Pøedmìstí;384381;Máchova;è.p.;1473;;;39701;773182.38;1126323.69;2013-12-01T00:00:00
5536219;549240;Písek;;;;;404527;Budìjovické Pøedmìstí;384127;Jaromíra Malého;è.p.;1474;;;39701;773103.33;1126418.61;2013-12-01T00:00:00
5536227;549240;Písek;;;;;404527;Budìjovické Pøedmìstí;383716;17. listopadu;è.p.;1475;;;39701;773416.51;1126459.57;2013-12-01T00:00:00
5536235;549240;Písek;;;;;404527;Budìjovické Pøedmìstí;384381;Máchova;è.p.;1476;;;39701;773307.57;1126354.39;2013-12-01T00:00:00
5536243;549240;Písek;;;;;404527;Budìjovické Pøedmìstí;384941;Stroupenického;è.p.;1477;;;39701;774352.40;1125228.13;2013-12-01T00:00:00
5536251;549240;Písek;;;;;404527;Budìjovické Pøedmìstí;384941;Stroupenického;è.p.;1478;;;39701;774348.24;1125221.01;2013-12-01T00:00:00
5536260;549240;Písek;;;;;404527;Budìjovické Pøedmìstí;384941;Stroupenického;è.p.;1479;;;39701;774346.13;1125213.41;2013-12-01T00:00:00
5536278;549240;Písek;;;;;404527;Budìjovické Pøedmìstí;384941;Stroupenického;è.p.;1480;;;39701;774348.24;1125207.17;2022-01-18T00:00:00
5536286;549240;Písek;;;;;404527;Budìjovické Pøedmìstí;384526;Na Spravedlnosti;è.p.;1481;;;39701;773690.24;1125472.64;2013-12-01T00:00:00
5536294;549240;Písek;;;;;404527;Budìjovické Pøedmìstí;384941;Stroupenického;è.p.;1482;;;39701;774339.41;1125199.83;2013-12-01T00:00:00
5536308;549240;Písek;;;;;404527;Budìjovické Pøedmìstí;384941;Stroupenického;è.p.;1483;;;39701;774336.35;1125192.90;2013-12-01T00:00:00
5536316;549240;Písek;;;;;404527;Budìjovické Pøedmìstí;384836;Rokycanova;è.p.;1484;;;39701;773602.03;1126039.36;2013-12-01T00:00:00
5536324;549240;Písek;;;;;404527;Budìjovické Pøedmìstí;385107;U Høebèince;è.p.;1485;;;39701;773405.29;1127280.39;2013-12-01T00:00:00
5536332;549240;Písek;;;;;404527;Budìjovické Pøedmìstí;385239;V Oudolí;è.p.;1486;;;39701;775367.78;1126676.27;2013-12-01T00:00:00
5536341;549240;Písek;;;;;404527;Budìjovické Pøedmìstí;384071;Harantova;è.p.;1487;73;;39701;773601.09;1125961.87;2013-12-01T00:00:00
5536359;549240;Písek;;;;;404527;Budìjovické Pøedmìstí;384500;Na Rozmezí;è.p.;1488;;;39701;775519.18;1126659.70;2013-12-01T00:00:00
5536367;549240;Písek;;;;;404527;Budìjovické Pøedmìstí;384411;Na Houpaèkách;è.p.;1489;;;39701;774219.09;1125328.50;2013-12-01T00:00:00
5536375;549240;Písek;;;;;404527;Budìjovické Pøedmìstí;385328;Za Pazdernou;è.p.;1490;;;39701;773506.85;1125325.49;2013-12-01T00:00:00
5536383;549240;Písek;;;;;404527;Budìjovické Pøedmìstí;384747;Preslova;è.p.;1491;;;39701;774280.46;1126756.02;2013-12-01T00:00:00
5536391;549240;Písek;;;;;404527;Budìjovické Pøedmìstí;384941;Stroupenického;è.p.;1492;;;39701;774358.14;1125187.45;2013-12-01T00:00:00
5536405;549240;Písek;;;;;404527;Budìjovické Pøedmìstí;384941;Stroupenického;è.p.;1493;;;39701;774354.99;1125179.52;2013-12-01T00:00:00
5536413;549240;Písek;;;;;404527;Budìjovické Pøedmìstí;384810;Raisova;è.p.;1494;;;39701;774491.27;1126848.89;2013-12-01T00:00:00
5536421;549240;Písek;;;;;404527;Budìjovické Pøedmìstí;384071;Harantova;è.p.;1495;31;;39701;773773.07;1126263.92;2013-12-01T00:00:00
5536430;549240;Písek;;;;;404527;Budìjovické Pøedmìstí;384577;nábøeí 1. máje;è.p.;1496;;;39701;774390.86;1125116.28;2013-12-01T00:00:00
5536448;549240;Písek;;;;;404527;Budìjovické Pøedmìstí;384577;nábøeí 1. máje;è.p.;1497;;;39701;774389.87;1125098.92;2013-12-01T00:00:00
5536456;549240;Písek;;;;;404527;Budìjovické Pøedmìstí;385328;Za Pazdernou;è.p.;1498;;;39701;773282.27;1125397.67;2013-12-01T00:00:00
5536464;549240;Písek;;;;;404527;Budìjovické Pøedmìstí;384291;Kollárova;è.p.;1499;;;39701;774230.08;1125634.07;2013-12-01T00:00:00
5536472;549240;Písek;;;;;404527;Budìjovické Pøedmìstí;385107;U Høebèince;è.p.;1500;;;39701;773395.15;1127299.65;2013-12-01T00:00:00
5536481;549240;Písek;;;;;404527;Budìjovické Pøedmìstí;384071;Harantova;è.p.;1501;5;;39701;773926.42;1126446.08;2013-12-01T00:00:00
5536499;549240;Písek;;;;;404527;Budìjovické Pøedmìstí;384071;Harantova;è.p.;1502;7;;39701;773915.26;1126433.14;2013-12-01T00:00:00
5536502;549240;Písek;;;;;404527;Budìjovické Pøedmìstí;385328;Za Pazdernou;è.p.;1503;;;39701;773444.74;1125409.26;2013-12-01T00:00:00
5536511;549240;Písek;;;;;404527;Budìjovické Pøedmìstí;384216;Karla Èapka;è.p.;1504;;;39701;773973.47;1126746.28;2013-12-01T00:00:00
5536529;549240;Písek;;;;;404527;Budìjovické Pøedmìstí;384216;Karla Èapka;è.p.;1505;;;39701;773978.77;1126765.34;2013-12-01T00:00:00
5536537;549240;Písek;;;;;404527;Budìjovické Pøedmìstí;385182;U Vodárny;è.p.;1506;;;39701;775390.43;1126341.97;2013-12-01T00:00:00
5536553;549240;Písek;;;;;404527;Budìjovické Pøedmìstí;383741;Baarova;è.p.;1510;;;39701;774435.31;1126952.56;2013-12-01T00:00:00
5536561;549240;Písek;;;;;404527;Budìjovické Pøedmìstí;384071;Harantova;è.p.;1511;21;;39701;773848.32;1126354.79;2013-12-01T00:00:00
5536570;549240;Písek;;;;;404527;Budìjovické Pøedmìstí;384071;Harantova;è.p.;1512;23;;39701;773832.76;1126336.04;2013-12-01T00:00:00
5536588;549240;Písek;;;;;404527;Budìjovické Pøedmìstí;383937;Erbenova;è.p.;1513;;;39701;773710.17;1125722.09;2014-02-11T00:00:00
5536596;549240;Písek;;;;;404527;Budìjovické Pøedmìstí;385328;Za Pazdernou;è.p.;1514;;;39701;773577.40;1125293.75;2013-12-01T00:00:00
5536600;549240;Písek;;;;;404527;Budìjovické Pøedmìstí;385328;Za Pazdernou;è.p.;1515;;;39701;773590.46;1125295.69;2018-05-10T00:00:00
5536618;549240;Písek;;;;;404527;Budìjovické Pøedmìstí;385328;Za Pazdernou;è.p.;1516;;;39701;773616.21;1125291.98;2013-12-01T00:00:00
5536626;549240;Písek;;;;;404527;Budìjovické Pøedmìstí;385328;Za Pazdernou;è.p.;1517;;;39701;773624.39;1125289.55;2013-12-01T00:00:00
5536634;549240;Písek;;;;;404527;Budìjovické Pøedmìstí;385328;Za Pazdernou;è.p.;1518;;;39701;773646.37;1125271.11;2013-12-01T00:00:00
5536642;549240;Písek;;;;;404527;Budìjovické Pøedmìstí;385328;Za Pazdernou;è.p.;1519;;;39701;773654.68;1125269.18;2013-12-01T00:00:00
5536651;549240;Písek;;;;;404527;Budìjovické Pøedmìstí;384879;Smetanovo nám.;è.p.;1520;;;39701;773720.38;1125350.88;2013-12-01T00:00:00
5536669;549240;Písek;;;;;404527;Budìjovické Pøedmìstí;384879;Smetanovo nám.;è.p.;1521;;;39701;773726.44;1125364.75;2013-12-01T00:00:00
5536677;549240;Písek;;;;;404527;Budìjovické Pøedmìstí;385107;U Høebèince;è.p.;1522;;;39701;773412.99;1127300.23;2013-12-01T00:00:00
5536685;549240;Písek;;;;;404527;Budìjovické Pøedmìstí;383937;Erbenova;è.p.;1523;;;39701;773809.98;1125660.18;2014-02-11T00:00:00
5536693;549240;Písek;;;;;404527;Budìjovické Pøedmìstí;385000;Táborská;è.p.;1524;;;39701;773068.37;1125434.62;2014-02-11T00:00:00
5536707;549240;Písek;;;;;404527;Budìjovické Pøedmìstí;385239;V Oudolí;è.p.;1525;;;39701;775411.52;1126661.90;2025-06-18T00:00:00
5536715;549240;Písek;;;;;404527;Budìjovické Pøedmìstí;385239;V Oudolí;è.p.;1526;;;39701;775423.88;1126654.24;2013-12-01T00:00:00
5536723;549240;Písek;;;;;404527;Budìjovické Pøedmìstí;384879;Smetanovo nám.;è.p.;1527;;;39701;773707.81;1125321.42;2013-12-01T00:00:00
5536731;549240;Písek;;;;;404527;Budìjovické Pøedmìstí;384879;Smetanovo nám.;è.p.;1528;;;39701;773702.13;1125304.96;2013-12-01T00:00:00
5536740;549240;Písek;;;;;404527;Budìjovické Pøedmìstí;383937;Erbenova;è.p.;1529;;;39701;773804.44;1125693.00;2014-02-11T00:00:00
5536758;549240;Písek;;;;;404527;Budìjovické Pøedmìstí;383937;Erbenova;è.p.;1530;;;39701;773789.88;1125698.88;2014-02-11T00:00:00
5536766;549240;Písek;;;;;404527;Budìjovické Pøedmìstí;385328;Za Pazdernou;è.p.;1531;;;39701;773460.02;1125298.81;2013-12-01T00:00:00
5536774;549240;Písek;;;;;404527;Budìjovické Pøedmìstí;384585;Nádraní;è.p.;1532;;;39701;774414.64;1126912.36;2014-02-06T00:00:00
5536782;549240;Písek;;;;;404527;Budìjovické Pøedmìstí;385441;Samoty;è.p.;1533;;;39701;773214.49;1125198.05;2013-12-01T00:00:00
5536791;549240;Písek;;;;;404527;Budìjovické Pøedmìstí;384879;Smetanovo nám.;è.p.;1534;;;39701;773789.06;1125392.27;2013-12-01T00:00:00
5536804;549240;Písek;;;;;404527;Budìjovické Pøedmìstí;383996;Heritesova;è.p.;1535;;;39701;774161.19;1126725.25;2014-02-07T00:00:00
5536812;549240;Písek;;;;;404527;Budìjovické Pøedmìstí;383996;Heritesova;è.p.;1536;;;39701;774155.13;1126703.75;2014-02-07T00:00:00
5536821;549240;Písek;;;;;404527;Budìjovické Pøedmìstí;383996;Heritesova;è.p.;1537;;;39701;774149.94;1126686.00;2014-02-07T00:00:00
5536839;549240;Písek;;;;;404527;Budìjovické Pøedmìstí;385395;Zeyerova;è.p.;1538;;;39701;774161.06;1126679.63;2014-02-07T00:00:00
5536847;549240;Písek;;;;;404527;Budìjovické Pøedmìstí;385395;Zeyerova;è.p.;1539;;;39701;774176.69;1126675.00;2014-02-07T00:00:00
5536855;549240;Písek;;;;;404527;Budìjovické Pøedmìstí;384291;Kollárova;è.p.;1540;;;39701;774185.88;1125680.75;2013-12-01T00:00:00
5536863;549240;Písek;;;;;404527;Budìjovické Pøedmìstí;384291;Kollárova;è.p.;1541;;;39701;774175.56;1125685.00;2013-12-01T00:00:00
5536871;549240;Písek;;;;;404527;Budìjovické Pøedmìstí;384071;Harantova;è.p.;1542;29;;39701;773779.63;1126271.28;2013-12-01T00:00:00
5536880;549240;Písek;;;;;404527;Budìjovické Pøedmìstí;384071;Harantova;è.p.;1543;32;;39701;773750.35;1126288.48;2013-12-01T00:00:00
5536898;549240;Písek;;;;;404527;Budìjovické Pøedmìstí;384372;Lipová alej;è.p.;1544;;;39701;774595.89;1126965.56;2013-12-01T00:00:00
5536901;549240;Písek;;;;;404527;Budìjovické Pøedmìstí;383937;Erbenova;è.p.;1545;;;39701;773949.00;1125637.75;2014-02-11T00:00:00
5536910;549240;Písek;;;;;404527;Budìjovické Pøedmìstí;383937;Erbenova;è.p.;1546;;;39701;773926.38;1125644.38;2014-02-11T00:00:00
5536928;549240;Písek;;;;;404527;Budìjovické Pøedmìstí;383937;Erbenova;è.p.;1547;;;39701;773909.31;1125650.63;2014-02-11T00:00:00
5536936;549240;Písek;;;;;404527;Budìjovické Pøedmìstí;384372;Lipová alej;è.p.;1548;;;39701;774576.12;1126924.73;2013-12-01T00:00:00
5536944;549240;Písek;;;;;404527;Budìjovické Pøedmìstí;384143;Jiráskovo nábø.;è.p.;1549;;;39701;774272.87;1125089.34;2022-12-08T00:00:00
5536952;549240;Písek;;;;;404527;Budìjovické Pøedmìstí;383937;Erbenova;è.p.;1550;;;39701;773758.63;1125708.88;2014-02-11T00:00:00
5536961;549240;Písek;;;;;404527;Budìjovické Pøedmìstí;383937;Erbenova;è.p.;1551;;;39701;773742.25;1125712.25;2014-02-11T00:00:00
5536979;549240;Písek;;;;;404527;Budìjovické Pøedmìstí;385239;V Oudolí;è.p.;1552;;;39701;775396.47;1126665.07;2013-12-01T00:00:00
5536987;549240;Písek;;;;;404527;Budìjovické Pøedmìstí;384135;Jeronımova;è.p.;1553;;;39701;773835.00;1125680.88;2014-02-11T00:00:00
5536995;549240;Písek;;;;;404527;Budìjovické Pøedmìstí;383937;Erbenova;è.p.;1554;;;39701;773820.51;1125685.69;2014-02-11T00:00:00
5537002;549240;Písek;;;;;404527;Budìjovické Pøedmìstí;384879;Smetanovo nám.;è.p.;1555;;;39701;773812.32;1125377.72;2013-12-01T00:00:00
5537011;549240;Písek;;;;;404527;Budìjovické Pøedmìstí;384909;Sovova;è.p.;1556;;;39701;774045.10;1126742.82;2024-10-01T00:00:00
5537029;549240;Písek;;;;;404527;Budìjovické Pøedmìstí;385328;Za Pazdernou;è.p.;1557;;;39701;773631.62;1125326.08;2013-12-01T00:00:00
5537037;549240;Písek;;;;;404527;Budìjovické Pøedmìstí;385328;Za Pazdernou;è.p.;1558;;;39701;773598.70;1125335.90;2013-12-01T00:00:00
5537045;549240;Písek;;;;;404527;Budìjovické Pøedmìstí;384291;Kollárova;è.p.;1559;;;39701;773975.18;1125733.31;2014-02-11T00:00:00
5537053;549240;Písek;;;;;404527;Budìjovické Pøedmìstí;384291;Kollárova;è.p.;1560;;;39701;773959.51;1125738.74;2014-02-11T00:00:00
5537061;549240;Písek;;;;;404527;Budìjovické Pøedmìstí;384291;Kollárova;è.p.;1561;;;39701;773944.76;1125744.62;2014-02-11T00:00:00
5537070;549240;Písek;;;;;404527;Budìjovické Pøedmìstí;384810;Raisova;è.p.;1562;;;39701;774526.24;1126927.56;2013-12-01T00:00:00
5537088;549240;Písek;;;;;404527;Budìjovické Pøedmìstí;385352;Za Šarlákem;è.p.;1563;;;39701;774449.06;1127341.36;2013-12-01T00:00:00
5537096;549240;Písek;;;;;404527;Budìjovické Pøedmìstí;384291;Kollárova;è.p.;1564;;;39701;773861.55;1125766.10;2014-02-11T00:00:00
5537100;549240;Písek;;;;;404527;Budìjovické Pøedmìstí;384585;Nádraní;è.p.;1565;;;39701;774424.35;1126931.59;2014-02-06T00:00:00
5537118;549240;Písek;;;;;404527;Budìjovické Pøedmìstí;384941;Stroupenického;è.p.;1566;;;39701;774299.50;1125097.26;2013-12-01T00:00:00
5537126;549240;Písek;;;;;404527;Budìjovické Pøedmìstí;384411;Na Houpaèkách;è.p.;1567;;;39701;774262.57;1125310.21;2013-12-01T00:00:00
5537134;549240;Písek;;;;;404527;Budìjovické Pøedmìstí;384658;Otakara Jeremiáše;è.p.;1568;;;39701;773242.93;1126399.71;2013-12-01T00:00:00
5537142;549240;Písek;;;;;404527;Budìjovické Pøedmìstí;384381;Máchova;è.p.;1569;;;39701;773285.06;1126353.22;2013-12-01T00:00:00
5537151;549240;Písek;;;;;404527;Budìjovické Pøedmìstí;384658;Otakara Jeremiáše;è.p.;1570;;;39701;773213.98;1126480.62;2013-12-01T00:00:00
5537169;549240;Písek;;;;;404527;Budìjovické Pøedmìstí;384291;Kollárova;è.p.;1571;;;39701;773971.88;1125761.00;2013-12-01T00:00:00
5537177;549240;Písek;;;;;404527;Budìjovické Pøedmìstí;384291;Kollárova;è.p.;1572;;;39701;773957.75;1125764.50;2013-12-01T00:00:00
5537185;549240;Písek;;;;;404527;Budìjovické Pøedmìstí;384291;Kollárova;è.p.;1573;;;39701;773938.23;1125770.98;2013-12-01T00:00:00
5537193;549240;Písek;;;;;404527;Budìjovické Pøedmìstí;384291;Kollárova;è.p.;1574;;;39701;773920.01;1125777.20;2013-12-01T00:00:00
5537207;549240;Písek;;;;;404527;Budìjovické Pøedmìstí;384291;Kollárova;è.p.;1575;;;39701;773903.14;1125785.15;2013-12-01T00:00:00
5537215;549240;Písek;;;;;404527;Budìjovické Pøedmìstí;384291;Kollárova;è.p.;1576;;;39701;774079.62;1125719.46;2013-12-01T00:00:00
5537223;549240;Písek;;;;;404527;Budìjovické Pøedmìstí;384291;Kollárova;è.p.;1577;;;39701;774061.83;1125726.52;2013-12-01T00:00:00
5537231;549240;Písek;;;;;404527;Budìjovické Pøedmìstí;384291;Kollárova;è.p.;1578;;;39701;774043.73;1125733.06;2013-12-01T00:00:00
5537240;549240;Písek;;;;;404527;Budìjovické Pøedmìstí;384658;Otakara Jeremiáše;è.p.;1579;;;39701;773201.64;1126429.62;2013-12-01T00:00:00
5537258;549240;Písek;;;;;404527;Budìjovické Pøedmìstí;384372;Lipová alej;è.p.;1580;;;39701;774558.06;1126864.02;2013-12-01T00:00:00
5537266;549240;Písek;;;;;404527;Budìjovické Pøedmìstí;384941;Stroupenického;è.p.;1581;;;39701;774331.30;1125125.24;2013-12-01T00:00:00
5537274;549240;Písek;;;;;404527;Budìjovické Pøedmìstí;384291;Kollárova;è.p.;1582;;;39701;774170.18;1125656.30;2013-12-01T00:00:00
5537282;549240;Písek;;;;;404527;Budìjovické Pøedmìstí;384291;Kollárova;è.p.;1583;;;39701;774143.29;1125673.08;2013-12-01T00:00:00
5537291;549240;Písek;;;;;404527;Budìjovické Pøedmìstí;384291;Kollárova;è.p.;1584;;;39701;774143.75;1125672.75;2013-12-01T00:00:00
5537304;549240;Písek;;;;;404527;Budìjovické Pøedmìstí;385093;Tyršova;è.p.;1585;;;39701;774111.03;1125660.25;2013-12-01T00:00:00
5537312;549240;Písek;;;;;404527;Budìjovické Pøedmìstí;384071;Harantova;è.p.;1586;9;;39701;773908.19;1126421.50;2013-12-01T00:00:00
5537321;549240;Písek;;;;;404527;Budìjovické Pøedmìstí;384071;Harantova;è.p.;1587;11;;39701;773898.81;1126410.38;2013-12-01T00:00:00
5537339;549240;Písek;;;;;404527;Budìjovické Pøedmìstí;384658;Otakara Jeremiáše;è.p.;1588;;;39701;773204.05;1126501.43;2013-12-01T00:00:00
5537347;549240;Písek;;;;;404527;Budìjovické Pøedmìstí;384968;Šafaøíkova;è.p.;1589;;;39701;774286.91;1125610.81;2013-12-01T00:00:00
5537355;549240;Písek;;;;;404527;Budìjovické Pøedmìstí;385417;Rašínova;è.p.;1590;;;39701;773610.70;1126339.84;2013-12-01T00:00:00
5537363;549240;Písek;;;;;404527;Budìjovické Pøedmìstí;385417;Rašínova;è.p.;1591;;;39701;773618.89;1126355.69;2013-12-01T00:00:00
5537371;549240;Písek;;;;;404527;Budìjovické Pøedmìstí;383716;17. listopadu;è.p.;1592;;;39701;773614.60;1126376.91;2013-12-01T00:00:00
5537398;549240;Písek;;;;;404527;Budìjovické Pøedmìstí;385093;Tyršova;è.p.;1594;;;39701;774148.09;1125704.70;2013-12-01T00:00:00
5537401;549240;Písek;;;;;404527;Budìjovické Pøedmìstí;384810;Raisova;è.p.;1595;;;39701;774496.73;1126943.97;2013-12-01T00:00:00
5537410;549240;Písek;;;;;404527;Budìjovické Pøedmìstí;384941;Stroupenického;è.p.;1596;;;39701;774333.38;1125185.17;2013-12-01T00:00:00
5537428;549240;Písek;;;;;404527;Budìjovické Pøedmìstí;384399;Mírové nám.;è.p.;1597;;;39701;773510.18;1125848.91;2013-12-01T00:00:00
5537436;549240;Písek;;;;;404527;Budìjovické Pøedmìstí;383741;Baarova;è.p.;1598;;;39701;774530.39;1126936.21;2013-12-01T00:00:00
5537444;549240;Písek;;;;;404527;Budìjovické Pøedmìstí;384941;Stroupenického;è.p.;1599;;;39701;774309.10;1125120.62;2013-12-01T00:00:00
5537452;549240;Písek;;;;;404527;Budìjovické Pøedmìstí;384941;Stroupenického;è.p.;1600;;;39701;774303.08;1125107.56;2013-12-01T00:00:00
5537461;549240;Písek;;;;;404527;Budìjovické Pøedmìstí;384941;Stroupenického;è.p.;1601;;;39701;774316.14;1125087.99;2013-12-01T00:00:00
5537479;549240;Písek;;;;;404527;Budìjovické Pøedmìstí;384941;Stroupenického;è.p.;1602;;;39701;774320.25;1125097.88;2013-12-01T00:00:00
5537487;549240;Písek;;;;;404527;Budìjovické Pøedmìstí;384372;Lipová alej;è.p.;1603;;;39701;774575.95;1126902.56;2013-12-01T00:00:00
5537495;549240;Písek;;;;;404527;Budìjovické Pøedmìstí;384941;Stroupenického;è.p.;1604;;;39701;774321.40;1125151.96;2013-12-01T00:00:00
5537509;549240;Písek;;;;;404527;Budìjovické Pøedmìstí;384577;nábøeí 1. máje;è.p.;1605;;;39701;774343.54;1125678.18;2013-12-01T00:00:00
5537517;549240;Písek;;;;;404527;Budìjovické Pøedmìstí;384178;Hradišská;è.p.;1606;;;39701;774678.31;1126523.00;2013-12-01T00:00:00
5537525;549240;Písek;;;;;404527;Budìjovické Pøedmìstí;383937;Erbenova;è.p.;1607;;;39701;773744.76;1125682.31;2014-02-11T00:00:00
5537533;549240;Písek;;;;;404527;Budìjovické Pøedmìstí;384411;Na Houpaèkách;è.p.;1608;;;39701;773865.49;1125483.16;2013-12-01T00:00:00
5537541;549240;Písek;;;;;404527;Budìjovické Pøedmìstí;384941;Stroupenického;è.p.;1609;;;39701;774325.78;1125161.86;2013-12-01T00:00:00
5537550;549240;Písek;;;;;404527;Budìjovické Pøedmìstí;384372;Lipová alej;è.p.;1610;;;39701;774512.07;1126793.59;2013-12-01T00:00:00
5537568;549240;Písek;;;;;404527;Budìjovické Pøedmìstí;385395;Zeyerova;è.p.;1611;;;39701;774241.44;1126661.25;2014-02-07T00:00:00
5537576;549240;Písek;;;;;404527;Budìjovické Pøedmìstí;385395;Zeyerova;è.p.;1612;;;39701;774223.25;1126665.88;2014-02-07T00:00:00
5537584;549240;Písek;;;;;404527;Budìjovické Pøedmìstí;385395;Zeyerova;è.p.;1613;;;39701;774205.56;1126669.88;2014-02-07T00:00:00
5537592;549240;Písek;;;;;404527;Budìjovické Pøedmìstí;384291;Kollárova;è.p.;1614;;;39701;773784.75;1125828.00;2013-12-01T00:00:00
5537606;549240;Písek;;;;;404527;Budìjovické Pøedmìstí;384291;Kollárova;è.p.;1615;;;39701;773766.50;1125832.63;2013-12-01T00:00:00
5537614;549240;Písek;;;;;404527;Budìjovické Pøedmìstí;384909;Sovova;è.p.;1616;;;39701;774074.32;1126745.72;2013-12-01T00:00:00
5537622;549240;Písek;;;;;404527;Budìjovické Pøedmìstí;384909;Sovova;è.p.;1617;;;39701;774079.30;1126763.42;2013-12-01T00:00:00
5537631;549240;Písek;;;;;404527;Budìjovické Pøedmìstí;384135;Jeronımova;è.p.;1618;;;39701;773876.30;1125797.59;2013-12-01T00:00:00
5537649;549240;Písek;;;;;404527;Budìjovické Pøedmìstí;383716;17. listopadu;è.p.;1619;;;39701;773660.03;1126352.24;2013-12-01T00:00:00
5537657;549240;Písek;;;;;404527;Budìjovické Pøedmìstí;385417;Rašínova;è.p.;1620;;;39701;773638.07;1126342.72;2013-12-01T00:00:00
5537665;549240;Písek;;;;;404527;Budìjovické Pøedmìstí;385417;Rašínova;è.p.;1621;;;39701;773627.15;1126323.60;2013-12-01T00:00:00
5537673;549240;Písek;;;;;404527;Budìjovické Pøedmìstí;384941;Stroupenického;è.p.;1622;;;39701;774343.11;1125153.34;2013-12-01T00:00:00
5537681;549240;Písek;;;;;404527;Budìjovické Pøedmìstí;384399;Mírové nám.;è.p.;1623;;;39701;773599.71;1125733.27;2013-12-01T00:00:00
5537690;549240;Písek;;;;;404527;Budìjovické Pøedmìstí;384658;Otakara Jeremiáše;è.p.;1624;;;39701;773243.93;1126447.36;2013-12-01T00:00:00
5537703;549240;Písek;;;;;404527;Budìjovické Pøedmìstí;384941;Stroupenického;è.p.;1625;;;39701;774327.43;1125116.00;2013-12-01T00:00:00
5537711;549240;Písek;;;;;404527;Budìjovické Pøedmìstí;384399;Mírové nám.;è.p.;1626;;;39701;773689.31;1125864.13;2013-12-01T00:00:00
5537720;549240;Písek;;;;;404527;Budìjovické Pøedmìstí;384399;Mírové nám.;è.p.;1627;;;39701;773704.75;1125858.50;2013-12-01T00:00:00
5537738;549240;Písek;;;;;404527;Budìjovické Pøedmìstí;384399;Mírové nám.;è.p.;1628;;;39701;773718.19;1125852.25;2013-12-01T00:00:00
5537746;549240;Písek;;;;;404527;Budìjovické Pøedmìstí;383724;Alšova;è.p.;1629;;;39701;773983.93;1125264.86;2014-02-11T00:00:00
5537754;549240;Písek;;;;;404527;Budìjovické Pøedmìstí;383724;Alšova;è.p.;1630;;;39701;773984.96;1125335.17;2014-02-11T00:00:00
5537762;549240;Písek;;;;;404527;Budìjovické Pøedmìstí;384658;Otakara Jeremiáše;è.p.;1631;;;39701;773203.69;1126463.83;2013-12-01T00:00:00
5537771;549240;Písek;;;;;404527;Budìjovické Pøedmìstí;384941;Stroupenického;è.p.;1632;;;39701;774338.58;1125143.43;2013-12-01T00:00:00
5537789;549240;Písek;;;;;404527;Budìjovické Pøedmìstí;384143;Jiráskovo nábø.;è.p.;1633;;;39701;774023.25;1125182.70;2013-12-01T00:00:00
5537797;549240;Písek;;;;;404527;Budìjovické Pøedmìstí;385239;V Oudolí;è.p.;1634;;;39701;775473.04;1126637.11;2013-12-01T00:00:00
5537801;549240;Písek;;;;;404527;Budìjovické Pøedmìstí;384178;Hradišská;è.p.;1635;;;39701;774645.63;1126508.91;2013-12-01T00:00:00
5537819;549240;Písek;;;;;404527;Budìjovické Pøedmìstí;383783;Dr. M. Horákové;è.p.;1636;;;39701;773539.37;1126522.29;2013-12-01T00:00:00
5537827;549240;Písek;;;;;404527;Budìjovické Pøedmìstí;383783;Dr. M. Horákové;è.p.;1637;;;39701;773579.22;1126502.95;2013-12-01T00:00:00
5537835;549240;Písek;;;;;404527;Budìjovické Pøedmìstí;383783;Dr. M. Horákové;è.p.;1638;;;39701;773619.31;1126480.20;2013-12-01T00:00:00
5537843;549240;Písek;;;;;404527;Budìjovické Pøedmìstí;383783;Dr. M. Horákové;è.p.;1639;;;39701;773658.96;1126459.43;2013-12-01T00:00:00
5537851;549240;Písek;;;;;404527;Budìjovické Pøedmìstí;383783;Dr. M. Horákové;è.p.;1640;;;39701;773659.88;1126526.27;2013-12-01T00:00:00
5537860;549240;Písek;;;;;404527;Budìjovické Pøedmìstí;383783;Dr. M. Horákové;è.p.;1641;;;39701;773619.39;1126547.77;2013-12-01T00:00:00
5537878;549240;Písek;;;;;404527;Budìjovické Pøedmìstí;383783;Dr. M. Horákové;è.p.;1642;;;39701;773580.11;1126568.23;2013-12-01T00:00:00
5537886;549240;Písek;;;;;404527;Budìjovické Pøedmìstí;383783;Dr. M. Horákové;è.p.;1643;;;39701;773541.57;1126588.35;2013-12-01T00:00:00
5537894;549240;Písek;;;;;404527;Budìjovické Pøedmìstí;385395;Zeyerova;è.p.;1644;;;39701;774269.26;1126622.64;2013-12-01T00:00:00
5537908;549240;Písek;;;;;404527;Budìjovické Pøedmìstí;384658;Otakara Jeremiáše;è.p.;1645;;;39701;773211.09;1126415.36;2013-12-01T00:00:00
5537916;549240;Písek;;;;;404527;Budìjovické Pøedmìstí;384143;Jiráskovo nábø.;è.p.;1646;;;39701;774006.97;1125189.23;2013-12-01T00:00:00
5537924;549240;Písek;;;;;404527;Budìjovické Pøedmìstí;384372;Lipová alej;è.p.;1647;;;39701;774529.11;1126803.79;2013-12-01T00:00:00
5537932;549240;Písek;;;;;404527;Budìjovické Pøedmìstí;383783;Dr. M. Horákové;è.p.;1648;;;39701;773814.06;1126444.13;2013-12-01T00:00:00
5537941;549240;Písek;;;;;404527;Budìjovické Pøedmìstí;383783;Dr. M. Horákové;è.p.;1649;;;39701;773796.44;1126453.63;2013-12-01T00:00:00
5537959;549240;Písek;;;;;404527;Budìjovické Pøedmìstí;383783;Dr. M. Horákové;è.p.;1650;;;39701;773779.63;1126464.13;2013-12-01T00:00:00
5537967;549240;Písek;;;;;404527;Budìjovické Pøedmìstí;383783;Dr. M. Horákové;è.p.;1651;;;39701;773748.56;1126479.13;2013-12-01T00:00:00
5537975;549240;Písek;;;;;404527;Budìjovické Pøedmìstí;383783;Dr. M. Horákové;è.p.;1652;;;39701;773732.94;1126488.38;2013-12-01T00:00:00
5537983;549240;Písek;;;;;404527;Budìjovické Pøedmìstí;383783;Dr. M. Horákové;è.p.;1653;;;39701;773703.50;1126504.13;2013-12-01T00:00:00
5537991;549240;Písek;;;;;404527;Budìjovické Pøedmìstí;383716;17. listopadu;è.p.;1654;;;39701;773407.81;1126479.13;2013-12-01T00:00:00
5538009;549240;Písek;;;;;404527;Budìjovické Pøedmìstí;384178;Hradišská;è.p.;1655;;;39701;774636.09;1126504.43;2013-12-01T00:00:00
5538017;549240;Písek;;;;;404527;Budìjovické Pøedmìstí;384330;Legionáøská;è.p.;1656;;;39701;773368.99;1126444.86;2013-12-01T00:00:00
5538025;549240;Písek;;;;;404527;Budìjovické Pøedmìstí;384372;Lipová alej;è.p.;1657;;;39701;774542.82;1126833.95;2013-12-01T00:00:00
5538033;549240;Písek;;;;;404527;Budìjovické Pøedmìstí;383996;Heritesova;è.p.;1658;;;39701;774137.50;1126746.75;2014-02-07T00:00:00
5538041;549240;Písek;;;;;404527;Budìjovické Pøedmìstí;383996;Heritesova;è.p.;1659;;;39701;774143.31;1126765.50;2014-02-07T00:00:00
5538050;549240;Písek;;;;;404527;Budìjovické Pøedmìstí;384747;Preslova;è.p.;1660;;;39701;774138.56;1126782.50;2013-12-01T00:00:00
5538068;549240;Písek;;;;;404527;Budìjovické Pøedmìstí;384747;Preslova;è.p.;1661;;;39701;774119.06;1126788.75;2013-12-01T00:00:00
5538076;549240;Písek;;;;;404527;Budìjovické Pøedmìstí;384747;Preslova;è.p.;1662;;;39701;774100.88;1126793.50;2013-12-01T00:00:00
5538084;549240;Písek;;;;;404527;Budìjovické Pøedmìstí;384909;Sovova;è.p.;1663;;;39701;774086.38;1126780.63;2013-12-01T00:00:00
5538092;549240;Písek;;;;;404527;Budìjovické Pøedmìstí;383805;Budìjovická;è.p.;1664;;;39701;773762.19;1126571.43;2013-12-01T00:00:00
5538106;549240;Písek;;;;;404527;Budìjovické Pøedmìstí;383805;Budìjovická;è.p.;1665;;;39701;773702.58;1126600.82;2013-12-01T00:00:00
5538114;549240;Písek;;;;;404527;Budìjovické Pøedmìstí;384585;Nádraní;è.p.;1666;;;39701;774282.40;1126613.53;2013-12-01T00:00:00
5538122;549240;Písek;;;;;404527;Budìjovické Pøedmìstí;384381;Máchova;è.p.;1667;;;39701;773075.13;1126321.02;2013-12-01T00:00:00
5538131;549240;Písek;;;;;404527;Budìjovické Pøedmìstí;385239;V Oudolí;è.p.;1668;;;39701;775439.03;1126643.15;2013-12-01T00:00:00
5538149;549240;Písek;;;;;404527;Budìjovické Pøedmìstí;384941;Stroupenického;è.p.;1669;;;39701;774317.47;1125142.36;2013-12-01T00:00:00
5538157;549240;Písek;;;;;404527;Budìjovické Pøedmìstí;384364;Lesní;è.p.;1670;;;39701;773038.45;1126379.54;2013-12-01T00:00:00
5538165;549240;Písek;;;;;404527;Budìjovické Pøedmìstí;384020;Holeèkova;è.p.;1671;;;39701;773460.88;1126353.47;2013-12-01T00:00:00
5538173;549240;Písek;;;;;404527;Budìjovické Pøedmìstí;384658;Otakara Jeremiáše;è.p.;1672;;;39701;773245.19;1126478.14;2013-12-01T00:00:00
5538181;549240;Písek;;;;;404527;Budìjovické Pøedmìstí;384941;Stroupenického;è.p.;1673;;;39701;774351.01;1125171.16;2013-12-01T00:00:00
5538190;549240;Písek;;;;;404527;Budìjovické Pøedmìstí;384216;Karla Èapka;è.p.;1674;;;39701;773906.75;1126766.13;2013-12-01T00:00:00
5538203;549240;Písek;;;;;404527;Budìjovické Pøedmìstí;384216;Karla Èapka;è.p.;1675;;;39701;773911.88;1126784.13;2013-12-01T00:00:00
5538211;549240;Písek;;;;;404527;Budìjovické Pøedmìstí;384216;Karla Èapka;è.p.;1676;;;39701;773917.06;1126801.38;2013-12-01T00:00:00
5538220;549240;Písek;;;;;404527;Budìjovické Pøedmìstí;384216;Karla Èapka;è.p.;1677;;;39701;773940.88;1126755.25;2013-12-01T00:00:00
5538238;549240;Písek;;;;;404527;Budìjovické Pøedmìstí;384216;Karla Èapka;è.p.;1678;;;39701;773947.38;1126773.75;2013-12-01T00:00:00
5538246;549240;Písek;;;;;404527;Budìjovické Pøedmìstí;384216;Karla Èapka;è.p.;1679;;;39701;773952.88;1126791.50;2013-12-01T00:00:00
5538254;549240;Písek;;;;;404527;Budìjovické Pøedmìstí;384062;Husovo nám.;è.p.;1680;;;39701;774117.56;1126686.97;2014-02-07T00:00:00
5538262;549240;Písek;;;;;404527;Budìjovické Pøedmìstí;383996;Heritesova;è.p.;1681;;;39701;774125.38;1126707.88;2014-02-07T00:00:00
5538271;549240;Písek;;;;;404527;Budìjovické Pøedmìstí;383996;Heritesova;è.p.;1682;;;39701;774131.88;1126728.00;2014-02-07T00:00:00
5538289;549240;Písek;;;;;404527;Budìjovické Pøedmìstí;385395;Zeyerova;è.p.;1683;;;39701;774452.97;1126539.13;2013-12-01T00:00:00
5538297;549240;Písek;;;;;404527;Budìjovické Pøedmìstí;384330;Legionáøská;è.p.;1684;;;39701;773369.52;1126406.48;2013-12-01T00:00:00
5538301;549240;Písek;;;;;404527;Budìjovické Pøedmìstí;384658;Otakara Jeremiáše;è.p.;1685;;;39701;773241.74;1126381.96;2013-12-01T00:00:00
5538319;549240;Písek;;;;;404527;Budìjovické Pøedmìstí;383805;Budìjovická;è.p.;1686;;;39701;773836.81;1126567.13;2013-12-01T00:00:00
5538327;549240;Písek;;;;;404527;Budìjovické Pøedmìstí;383805;Budìjovická;è.p.;1687;;;39701;773820.56;1126573.00;2013-12-01T00:00:00
5538335;549240;Písek;;;;;404527;Budìjovické Pøedmìstí;384828;Roháèova;è.p.;1688;;;39701;773545.77;1126315.88;2013-12-01T00:00:00
5538343;549240;Písek;;;;;404527;Budìjovické Pøedmìstí;384658;Otakara Jeremiáše;è.p.;1689;;;39701;773245.80;1126501.26;2013-12-01T00:00:00
5538351;549240;Písek;;;;;404527;Budìjovické Pøedmìstí;384810;Raisova;è.p.;1690;;;39701;774470.18;1126810.42;2013-12-01T00:00:00
5538360;549240;Písek;;;;;404527;Budìjovické Pøedmìstí;385239;V Oudolí;è.p.;1691;;;39701;775456.49;1126642.88;2013-12-01T00:00:00
5538378;549240;Písek;;;;;404527;Budìjovické Pøedmìstí;384909;Sovova;è.p.;1692;;;39701;774060.19;1126794.13;2013-12-01T00:00:00
5538386;549240;Písek;;;;;404527;Budìjovické Pøedmìstí;384909;Sovova;è.p.;1693;;;39701;774064.63;1126812.63;2013-12-01T00:00:00
5538394;549240;Písek;;;;;404527;Budìjovické Pøedmìstí;384747;Preslova;è.p.;1694;;;39701;774056.63;1126828.63;2013-12-01T00:00:00
5538408;549240;Písek;;;;;404527;Budìjovické Pøedmìstí;384747;Preslova;è.p.;1695;;;39701;774037.25;1126832.75;2013-12-01T00:00:00
5538416;549240;Písek;;;;;404527;Budìjovické Pøedmìstí;384747;Preslova;è.p.;1696;;;39701;774003.25;1126843.25;2013-12-01T00:00:00
5538424;549240;Písek;;;;;404527;Budìjovické Pøedmìstí;384747;Preslova;è.p.;1697;;;39701;773985.38;1126848.00;2013-12-01T00:00:00
5538432;549240;Písek;;;;;404527;Budìjovické Pøedmìstí;385328;Za Pazdernou;è.p.;1698;;;39701;773569.20;1125349.44;2013-12-01T00:00:00
5538441;549240;Písek;;;;;404527;Budìjovické Pøedmìstí;383716;17. listopadu;è.p.;1699;;;39701;773582.25;1126385.75;2013-12-01T00:00:00
5538459;549240;Písek;;;;;404527;Budìjovické Pøedmìstí;383716;17. listopadu;è.p.;1700;;;39701;773572.63;1126395.00;2013-12-01T00:00:00
5538467;549240;Písek;;;;;404527;Budìjovické Pøedmìstí;383716;17. listopadu;è.p.;1701;;;39701;773554.44;1126404.50;2013-12-01T00:00:00
5538475;549240;Písek;;;;;404527;Budìjovické Pøedmìstí;383716;17. listopadu;è.p.;1702;;;39701;773539.81;1126412.50;2013-12-01T00:00:00
5538483;549240;Písek;;;;;404527;Budìjovické Pøedmìstí;383716;17. listopadu;è.p.;1703;;;39701;773605.25;1126425.50;2013-12-01T00:00:00
5538491;549240;Písek;;;;;404527;Budìjovické Pøedmìstí;383716;17. listopadu;è.p.;1704;;;39701;773593.00;1126433.25;2013-12-01T00:00:00
5538505;549240;Písek;;;;;404527;Budìjovické Pøedmìstí;383716;17. listopadu;è.p.;1705;;;39701;773576.19;1126441.13;2013-12-01T00:00:00
5538513;549240;Písek;;;;;404527;Budìjovické Pøedmìstí;383716;17. listopadu;è.p.;1706;;;39701;773559.31;1126447.75;2013-12-01T00:00:00
5538521;549240;Písek;;;;;404527;Budìjovické Pøedmìstí;384178;Hradišská;è.p.;1707;;;39701;774688.99;1126527.44;2013-12-01T00:00:00
5538530;549240;Písek;;;;;404527;Budìjovické Pøedmìstí;383783;Dr. M. Horákové;è.p.;1708;;;39701;773760.75;1126408.50;2013-12-01T00:00:00
5538548;549240;Písek;;;;;404527;Budìjovické Pøedmìstí;383783;Dr. M. Horákové;è.p.;1709;;;39701;773748.13;1126417.63;2013-12-01T00:00:00
5538556;549240;Písek;;;;;404527;Budìjovické Pøedmìstí;383783;Dr. M. Horákové;è.p.;1710;;;39701;773729.06;1126426.63;2013-12-01T00:00:00
5538564;549240;Písek;;;;;404527;Budìjovické Pøedmìstí;383783;Dr. M. Horákové;è.p.;1711;;;39701;773716.19;1126433.75;2013-12-01T00:00:00
5538572;549240;Písek;;;;;404527;Budìjovické Pøedmìstí;383716;17. listopadu;è.p.;1712;;;39701;773829.57;1126284.47;2013-12-01T00:00:00
5538581;549240;Písek;;;;;404527;Budìjovické Pøedmìstí;384071;Harantova;è.p.;1713;27;;39701;773805.39;1126303.60;2013-12-01T00:00:00
5538599;549240;Písek;;;;;404527;Budìjovické Pøedmìstí;384071;Harantova;è.p.;1714;25;;39701;773818.32;1126319.35;2013-12-01T00:00:00
5538602;549240;Písek;;;;;404527;Budìjovické Pøedmìstí;383716;17. listopadu;è.p.;1715;;;39701;773728.75;1126353.50;2013-12-01T00:00:00
5538611;549240;Písek;;;;;404527;Budìjovické Pøedmìstí;383716;17. listopadu;è.p.;1716;;;39701;773717.56;1126362.75;2013-12-01T00:00:00
5538629;549240;Písek;;;;;404527;Budìjovické Pøedmìstí;383716;17. listopadu;è.p.;1717;;;39701;773700.25;1126371.25;2013-12-01T00:00:00
5538637;549240;Písek;;;;;404527;Budìjovické Pøedmìstí;383716;17. listopadu;è.p.;1718;;;39701;773683.56;1126379.50;2013-12-01T00:00:00
5538645;549240;Písek;;;;;404527;Budìjovické Pøedmìstí;384674;Otavská;è.p.;1719;;;39701;774269.58;1125267.67;2013-12-01T00:00:00
5538653;549240;Písek;;;;;404527;Budìjovické Pøedmìstí;383783;Dr. M. Horákové;è.p.;1720;;;39701;773846.92;1126481.93;2013-12-01T00:00:00
5538661;549240;Písek;;;;;404527;Budìjovické Pøedmìstí;384216;Karla Èapka;è.p.;1721;;;39701;773966.75;1126841.63;2013-12-01T00:00:00
5538670;549240;Písek;;;;;404527;Budìjovické Pøedmìstí;384216;Karla Èapka;è.p.;1722;;;39701;773962.19;1126823.13;2013-12-01T00:00:00
5538688;549240;Písek;;;;;404527;Budìjovické Pøedmìstí;384216;Karla Èapka;è.p.;1723;;;39701;773925.06;1126832.63;2013-12-01T00:00:00
5538696;549240;Písek;;;;;404527;Budìjovické Pøedmìstí;384216;Karla Èapka;è.p.;1724;;;39701;773930.67;1126852.64;2013-12-01T00:00:00
5538700;549240;Písek;;;;;404527;Budìjovické Pøedmìstí;384071;Harantova;è.p.;1725;28;;39701;773759.31;1126353.75;2014-02-10T00:00:00
5538718;549240;Písek;;;;;404527;Budìjovické Pøedmìstí;384071;Harantova;è.p.;1726;26;;39701;773765.63;1126370.00;2014-02-10T00:00:00
5538726;549240;Písek;;;;;404527;Budìjovické Pøedmìstí;384071;Harantova;è.p.;1727;24;;39701;773776.44;1126388.25;2014-02-10T00:00:00
5538734;549240;Písek;;;;;404527;Budìjovické Pøedmìstí;384372;Lipová alej;è.p.;1728;;;39701;774525.97;1126822.99;2013-12-01T00:00:00
5538742;549240;Písek;;;;;404527;Budìjovické Pøedmìstí;383724;Alšova;è.p.;1729;;;39701;773957.79;1125259.93;2014-02-11T00:00:00
5538751;549240;Písek;;;;;404527;Budìjovické Pøedmìstí;383741;Baarova;è.p.;1730;;;39701;774489.87;1126988.09;2013-12-01T00:00:00
5538769;549240;Písek;;;;;404527;Budìjovické Pøedmìstí;383716;17. listopadu;è.p.;1731;;;39701;773437.00;1126448.67;2013-12-01T00:00:00
5538777;549240;Písek;;;;;404527;Budìjovické Pøedmìstí;385395;Zeyerova;è.p.;1732;;;39701;774463.61;1126612.51;2013-12-01T00:00:00
5538785;549240;Písek;;;;;404527;Budìjovické Pøedmìstí;383724;Alšova;è.p.;1733;;;39701;773965.57;1125278.94;2014-02-11T00:00:00
5538793;549240;Písek;;;;;404527;Budìjovické Pøedmìstí;384585;Nádraní;è.p.;1734;;;39701;774848.20;1127269.27;2013-12-01T00:00:00
5538807;549240;Písek;;;;;404527;Budìjovické Pøedmìstí;385310;Za Nádraím;è.p.;1735;;;39701;774714.10;1127710.85;2013-12-01T00:00:00
5538815;549240;Písek;;;;;404527;Budìjovické Pøedmìstí;385328;Za Pazdernou;è.p.;1736;;;39701;773657.50;1125377.50;2013-12-01T00:00:00
5538823;549240;Písek;;;;;404527;Budìjovické Pøedmìstí;385328;Za Pazdernou;è.p.;1737;;;39701;773652.31;1125360.13;2013-12-01T00:00:00
5538831;549240;Písek;;;;;404527;Budìjovické Pøedmìstí;385328;Za Pazdernou;è.p.;1738;;;39701;773632.31;1125407.13;2013-12-01T00:00:00
5538840;549240;Písek;;;;;404527;Budìjovické Pøedmìstí;385328;Za Pazdernou;è.p.;1739;;;39701;773627.00;1125389.63;2013-12-01T00:00:00
5538858;549240;Písek;;;;;404527;Budìjovické Pøedmìstí;383716;17. listopadu;è.p.;1740;;;39701;773478.57;1126440.66;2013-12-01T00:00:00
5538866;549240;Písek;;;;;404527;Budìjovické Pøedmìstí;383724;Alšova;è.p.;1741;;;39701;773975.39;1125243.24;2014-02-11T00:00:00
5538874;549240;Písek;;;;;404527;Budìjovické Pøedmìstí;383716;17. listopadu;è.p.;1742;;;39701;773848.50;1126275.47;2013-12-01T00:00:00
5538882;549240;Písek;;;;;404527;Budìjovické Pøedmìstí;385387;Zborovská;è.p.;1743;;;39701;773313.10;1126486.30;2013-12-01T00:00:00
5538891;549240;Písek;;;;;404527;Budìjovické Pøedmìstí;385310;Za Nádraím;è.p.;1744;;;39701;774891.55;1127490.96;2013-12-01T00:00:00
5538904;549240;Písek;;;;;404527;Budìjovické Pøedmìstí;385239;V Oudolí;è.p.;1745;;;39701;775495.60;1126627.82;2013-12-01T00:00:00
5538912;549240;Písek;;;;;404527;Budìjovické Pøedmìstí;385328;Za Pazdernou;è.p.;1746;;;39701;773673.25;1125312.47;2013-12-01T00:00:00
5538921;549240;Písek;;;;;404527;Budìjovické Pøedmìstí;385239;V Oudolí;è.p.;1747;;;39701;775347.02;1126655.63;2013-12-01T00:00:00
5538939;549240;Písek;;;;;404527;Budìjovické Pøedmìstí;383783;Dr. M. Horákové;è.p.;1748;;;39701;773651.05;1126592.85;2013-12-01T00:00:00
5538947;549240;Písek;;;;;404527;Budìjovické Pøedmìstí;385387;Zborovská;è.p.;1749;;;39701;773312.90;1126477.20;2013-12-01T00:00:00
5538955;549240;Písek;;;;;404527;Budìjovické Pøedmìstí;385239;V Oudolí;è.p.;1750;;;39701;775333.59;1126656.66;2013-12-01T00:00:00
5538963;549240;Písek;;;;;404527;Budìjovické Pøedmìstí;385387;Zborovská;è.p.;1751;;;39701;773302.69;1126501.54;2013-12-01T00:00:00
5538971;549240;Písek;;;;;404527;Budìjovické Pøedmìstí;385328;Za Pazdernou;è.p.;1752;;;39701;773608.88;1125438.38;2013-12-01T00:00:00
5538980;549240;Písek;;;;;404527;Budìjovické Pøedmìstí;385328;Za Pazdernou;è.p.;1753;;;39701;773603.81;1125420.75;2013-12-01T00:00:00
5538998;549240;Písek;;;;;404527;Budìjovické Pøedmìstí;384330;Legionáøská;è.p.;1754;;;39701;773368.99;1126466.54;2013-12-01T00:00:00
5539005;549240;Písek;;;;;404527;Budìjovické Pøedmìstí;384071;Harantova;è.p.;1755;22;;39701;773784.04;1126397.85;2014-02-10T00:00:00
5539013;549240;Písek;;;;;404527;Budìjovické Pøedmìstí;384071;Harantova;è.p.;1756;30;;39701;773754.16;1126335.70;2014-02-10T00:00:00
5539021;549240;Písek;;;;;404527;Budìjovické Pøedmìstí;384658;Otakara Jeremiáše;è.p.;1757;;;39701;773243.66;1126430.33;2013-12-01T00:00:00
5539030;549240;Písek;;;;;404527;Budìjovické Pøedmìstí;384178;Hradišská;è.p.;1758;;;39701;774610.48;1126492.54;2013-12-01T00:00:00
5539048;549240;Písek;;;;;404527;Budìjovické Pøedmìstí;383724;Alšova;è.p.;1759;;;39701;773961.86;1125270.06;2014-02-11T00:00:00
5539056;549240;Písek;;;;;404527;Budìjovické Pøedmìstí;383724;Alšova;è.p.;1760;;;39701;773979.60;1125254.78;2014-02-11T00:00:00
5539064;549240;Písek;;;;;404527;Budìjovické Pøedmìstí;384178;Hradišská;è.p.;1761;;;39701;774581.66;1126480.29;2013-12-01T00:00:00
5539072;549240;Písek;;;;;404527;Budìjovické Pøedmìstí;384143;Jiráskovo nábø.;è.p.;1762;;;39701;774014.51;1125186.87;2013-12-01T00:00:00
5539081;549240;Písek;;;;;404527;Budìjovické Pøedmìstí;384135;Jeronımova;è.p.;1764;;;39701;773785.52;1125539.23;2013-12-01T00:00:00
5539099;549240;Písek;;;;;404527;Budìjovické Pøedmìstí;384178;Hradišská;è.p.;1765;;;39701;774600.94;1126488.69;2013-12-01T00:00:00
5539102;549240;Písek;;;;;404527;Budìjovické Pøedmìstí;384381;Máchova;è.p.;1766;;;39701;772999.60;1126321.13;2013-12-01T00:00:00
5539111;549240;Písek;;;;;404527;Budìjovické Pøedmìstí;384381;Máchova;è.p.;1767;;;39701;773029.46;1126326.14;2013-12-01T00:00:00
5539129;549240;Písek;;;;;404527;Budìjovické Pøedmìstí;384321;Lázeòská;è.p.;1768;;;39701;773825.57;1125355.99;2013-12-01T00:00:00
5539137;549240;Písek;;;;;404527;Budìjovické Pøedmìstí;385395;Zeyerova;è.p.;1769;;;39701;774282.56;1126653.25;2014-02-07T00:00:00
5539145;549240;Písek;;;;;404527;Budìjovické Pøedmìstí;385395;Zeyerova;è.p.;1770;;;39701;774261.00;1126657.75;2014-02-07T00:00:00
5539153;549240;Písek;;;;;404527;Budìjovické Pøedmìstí;384585;Nádraní;è.p.;1771;;;39701;774373.79;1126833.52;2014-02-06T00:00:00
5539161;549240;Písek;;;;;404527;Budìjovické Pøedmìstí;384585;Nádraní;è.p.;1772;;;39701;774364.13;1126815.27;2014-02-06T00:00:00
5539170;549240;Písek;;;;;404527;Budìjovické Pøedmìstí;384259;Klostermannova;è.p.;1773;;;39701;774374.91;1126793.64;2013-12-01T00:00:00
5539188;549240;Písek;;;;;404527;Budìjovické Pøedmìstí;384259;Klostermannova;è.p.;1774;;;39701;774408.75;1126788.63;2013-12-01T00:00:00
5539196;549240;Písek;;;;;404527;Budìjovické Pøedmìstí;384810;Raisova;è.p.;1775;;;39701;774427.63;1126790.63;2013-12-01T00:00:00
5539200;549240;Písek;;;;;404527;Budìjovické Pøedmìstí;384810;Raisova;è.p.;1776;;;39701;774434.63;1126807.88;2013-12-01T00:00:00
5539218;549240;Písek;;;;;404527;Budìjovické Pøedmìstí;385239;V Oudolí;è.p.;1777;;;39701;775294.50;1126669.95;2013-12-01T00:00:00
5539226;549240;Písek;;;;;404527;Budìjovické Pøedmìstí;385239;V Oudolí;è.p.;1778;;;39701;775429.78;1126621.16;2013-12-01T00:00:00
5539234;549240;Písek;;;;;404527;Budìjovické Pøedmìstí;385239;V Oudolí;è.p.;1779;;;39701;775508.05;1126592.15;2013-12-01T00:00:00
5539242;549240;Písek;;;;;404527;Budìjovické Pøedmìstí;384178;Hradišská;è.p.;1780;;;39701;774626.81;1126502.11;2013-12-01T00:00:00
5539251;549240;Písek;;;;;404527;Budìjovické Pøedmìstí;384585;Nádraní;è.p.;1781;;;39701;774269.88;1126717.62;2013-12-01T00:00:00
5539269;549240;Písek;;;;;404527;Budìjovické Pøedmìstí;384585;Nádraní;è.p.;1782;;;39701;774254.00;1126721.59;2013-12-01T00:00:00
5539277;549240;Písek;;;;;404527;Budìjovické Pøedmìstí;384585;Nádraní;è.p.;1783;;;39701;774238.44;1126725.46;2013-12-01T00:00:00
5539293;549240;Písek;;;;;404527;Budìjovické Pøedmìstí;384445;Na Køiatkách;è.p.;1785;;;39701;769925.82;1126052.69;2014-02-11T00:00:00
5539307;549240;Písek;;;;;404527;Budìjovické Pøedmìstí;385506;U Hromové jedle;è.p.;1786;;;39701;768240.51;1127507.18;2014-02-11T00:00:00
5539315;549240;Písek;;;;;404527;Budìjovické Pøedmìstí;383716;17. listopadu;è.p.;1787;;;39701;773638.31;1126416.23;2013-12-01T00:00:00
5539323;549240;Písek;;;;;404527;Budìjovické Pøedmìstí;385239;V Oudolí;è.p.;1788;;;39701;775272.82;1126662.01;2013-12-01T00:00:00
5539331;549240;Písek;;;;;404527;Budìjovické Pøedmìstí;385247;Václava Kršky;è.p.;1789;;;39701;773290.37;1126519.80;2013-12-01T00:00:00
5539340;549240;Písek;;;;;404527;Budìjovické Pøedmìstí;384674;Otavská;è.p.;1790;;;39701;774279.63;1125435.36;2013-12-01T00:00:00
5539358;549240;Písek;;;;;404527;Budìjovické Pøedmìstí;384674;Otavská;è.p.;1791;;;39701;774282.38;1125418.50;2013-12-01T00:00:00
5539366;549240;Písek;;;;;404527;Budìjovické Pøedmìstí;384674;Otavská;è.p.;1792;;;39701;774281.50;1125403.25;2013-12-01T00:00:00
5539374;549240;Písek;;;;;404527;Budìjovické Pøedmìstí;384674;Otavská;è.p.;1793;;;39701;774280.94;1125387.50;2013-12-01T00:00:00
5539382;549240;Písek;;;;;404527;Budìjovické Pøedmìstí;384674;Otavská;è.p.;1794;;;39701;774279.88;1125370.75;2013-12-01T00:00:00
5539391;549240;Písek;;;;;404527;Budìjovické Pøedmìstí;384674;Otavská;è.p.;1795;;;39701;774279.06;1125354.50;2013-12-01T00:00:00
5539404;549240;Písek;;;;;404527;Budìjovické Pøedmìstí;384674;Otavská;è.p.;1796;;;39701;774278.50;1125338.50;2013-12-01T00:00:00
5539412;549240;Písek;;;;;404527;Budìjovické Pøedmìstí;385239;V Oudolí;è.p.;1797;;;39701;775312.93;1126663.92;2013-12-01T00:00:00
5539421;549240;Písek;;;;;404527;Budìjovické Pøedmìstí;385239;V Oudolí;è.p.;1798;;;39701;775520.26;1126573.72;2013-12-01T00:00:00
5539439;549240;Písek;;;;;404527;Budìjovické Pøedmìstí;384674;Otavská;è.p.;1799;;;39701;774329.27;1125357.58;2014-02-11T00:00:00
5539447;549240;Písek;;;;;404527;Budìjovické Pøedmìstí;384658;Otakara Jeremiáše;è.p.;1800;;;39701;773213.82;1126521.39;2013-12-01T00:00:00
5539455;549240;Písek;;;;;404527;Budìjovické Pøedmìstí;384291;Kollárova;è.p.;1801;;;39701;774335.02;1125593.98;2013-12-01T00:00:00
5539463;549240;Písek;;;;;404527;Budìjovické Pøedmìstí;384691;Pivovarská;è.p.;1802;;;39701;774576.75;1126629.86;2013-12-01T00:00:00
5539471;549240;Písek;;;;;404527;Budìjovické Pøedmìstí;384992;Švantlova;è.p.;1803;;;39701;774557.63;1126644.02;2013-12-01T00:00:00
5539480;549240;Písek;;;;;404527;Budìjovické Pøedmìstí;384992;Švantlova;è.p.;1804;;;39701;774553.06;1126662.74;2013-12-01T00:00:00
5539498;549240;Písek;;;;;404527;Budìjovické Pøedmìstí;384992;Švantlova;è.p.;1805;;;39701;774548.50;1126681.19;2013-12-01T00:00:00
5539501;549240;Písek;;;;;404527;Budìjovické Pøedmìstí;384372;Lipová alej;è.p.;1806;;;39701;774573.72;1126770.36;2013-12-01T00:00:00
5539510;549240;Písek;;;;;404527;Budìjovické Pøedmìstí;384372;Lipová alej;è.p.;1807;;;39701;774595.97;1126816.85;2013-12-01T00:00:00
5539528;549240;Písek;;;;;404527;Budìjovické Pøedmìstí;384372;Lipová alej;è.p.;1808;;;39701;774618.91;1126862.23;2013-12-01T00:00:00
5539536;549240;Písek;;;;;404527;Budìjovické Pøedmìstí;384372;Lipová alej;è.p.;1809;;;39701;774642.53;1126909.32;2013-12-01T00:00:00
5539544;549240;Písek;;;;;404527;Budìjovické Pøedmìstí;383937;Erbenova;è.p.;1810;;;39701;773721.72;1125617.51;2013-12-01T00:00:00
5539552;549240;Písek;;;;;404527;Budìjovické Pøedmìstí;383937;Erbenova;è.p.;1811;;;39701;773763.99;1125676.46;2014-02-11T00:00:00
5539561;549240;Písek;;;;;404527;Budìjovické Pøedmìstí;385174;U Vodáka;è.p.;1812;;;39701;772337.44;1126160.62;2014-02-11T00:00:00
5539579;549240;Písek;;;;;404527;Budìjovické Pøedmìstí;384674;Otavská;è.p.;1813;;;39701;774331.60;1125415.12;2013-12-01T00:00:00
5539587;549240;Písek;;;;;404527;Budìjovické Pøedmìstí;384674;Otavská;è.p.;1814;;;39701;774333.03;1125473.69;2013-12-01T00:00:00
5539595;549240;Písek;;;;;404527;Budìjovické Pøedmìstí;384941;Stroupenického;è.p.;1815;;;39701;774311.56;1125129.13;2013-12-01T00:00:00
5539609;549240;Písek;;;;;404527;Budìjovické Pøedmìstí;383724;Alšova;è.p.;1816;;;39701;773987.56;1125275.52;2014-02-11T00:00:00
5539617;549240;Písek;;;;;404527;Budìjovické Pøedmìstí;385239;V Oudolí;è.p.;1817;;;39701;775487.06;1126599.82;2013-12-01T00:00:00
5539625;549240;Písek;;;;;404527;Budìjovické Pøedmìstí;384577;nábøeí 1. máje;è.p.;1818;;;39701;774377.50;1125307.25;2013-12-01T00:00:00
5539633;549240;Písek;;;;;404527;Budìjovické Pøedmìstí;384577;nábøeí 1. máje;è.p.;1819;;;39701;774378.06;1125322.88;2013-12-01T00:00:00
5539641;549240;Písek;;;;;404527;Budìjovické Pøedmìstí;384577;nábøeí 1. máje;è.p.;1820;;;39701;774379.13;1125339.38;2013-12-01T00:00:00
5539650;549240;Písek;;;;;404527;Budìjovické Pøedmìstí;384577;nábøeí 1. máje;è.p.;1821;;;39701;774374.25;1125350.63;2013-12-01T00:00:00
5539668;549240;Písek;;;;;404527;Budìjovické Pøedmìstí;384399;Mírové nám.;è.p.;1822;;;39701;773697.27;1125796.67;2013-12-01T00:00:00
5539676;549240;Písek;;;;;404527;Budìjovické Pøedmìstí;384143;Jiráskovo nábø.;è.p.;1823;;;39701;773984.28;1125210.61;2013-12-01T00:00:00
5539684;549240;Písek;;;;;404527;Budìjovické Pøedmìstí;384577;nábøeí 1. máje;è.p.;1824;;;39701;774380.00;1125391.25;2013-12-01T00:00:00
5539692;549240;Písek;;;;;404527;Budìjovické Pøedmìstí;384577;nábøeí 1. máje;è.p.;1825;;;39701;774381.06;1125408.25;2013-12-01T00:00:00
5539706;549240;Písek;;;;;404527;Budìjovické Pøedmìstí;384577;nábøeí 1. máje;è.p.;1826;;;39701;774379.13;1125430.00;2013-12-01T00:00:00
5539714;549240;Písek;;;;;404527;Budìjovické Pøedmìstí;384577;nábøeí 1. máje;è.p.;1827;;;39701;774382.19;1125447.75;2013-12-01T00:00:00
5539722;549240;Písek;;;;;404527;Budìjovické Pøedmìstí;384577;nábøeí 1. máje;è.p.;1828;;;39701;774382.06;1125464.63;2013-12-01T00:00:00
5539731;549240;Písek;;;;;404527;Budìjovické Pøedmìstí;384577;nábøeí 1. máje;è.p.;1829;;;39701;774382.81;1125477.75;2013-12-01T00:00:00
5539749;549240;Písek;;;;;404527;Budìjovické Pøedmìstí;384291;Kollárova;è.p.;1830;;;39701;773824.46;1125813.84;2013-12-01T00:00:00
5539757;549240;Písek;;;;;404527;Budìjovické Pøedmìstí;384577;nábøeí 1. máje;è.p.;1831;;;39701;774267.31;1125794.38;2013-12-01T00:00:00
5539765;549240;Písek;;;;;404527;Budìjovické Pøedmìstí;384577;nábøeí 1. máje;è.p.;1832;;;39701;774268.38;1125779.38;2013-12-01T00:00:00
5539773;549240;Písek;;;;;404527;Budìjovické Pøedmìstí;384577;nábøeí 1. máje;è.p.;1833;;;39701;774269.25;1125761.75;2013-12-01T00:00:00
5539781;549240;Písek;;;;;404527;Budìjovické Pøedmìstí;384577;nábøeí 1. máje;è.p.;1834;;;39701;774270.69;1125747.13;2013-12-01T00:00:00
5539790;549240;Písek;;;;;404527;Budìjovické Pøedmìstí;384577;nábøeí 1. máje;è.p.;1835;;;39701;774272.75;1125727.75;2013-12-01T00:00:00
5539803;549240;Písek;;;;;404527;Budìjovické Pøedmìstí;384577;nábøeí 1. máje;è.p.;1836;;;39701;774273.25;1125713.50;2013-12-01T00:00:00
5539811;549240;Písek;;;;;404527;Budìjovické Pøedmìstí;385085;Tylova;è.p.;1837;;;39701;774048.85;1126008.39;2013-12-01T00:00:00
5539820;549240;Písek;;;;;404527;Budìjovické Pøedmìstí;384127;Jaromíra Malého;è.p.;1838;;;39701;773071.10;1126255.78;2013-12-01T00:00:00
5539838;549240;Písek;;;;;404527;Budìjovické Pøedmìstí;385239;V Oudolí;è.p.;1839;;;39701;775373.68;1126641.26;2013-12-01T00:00:00
5539846;549240;Písek;;;;;404527;Budìjovické Pøedmìstí;384658;Otakara Jeremiáše;è.p.;1840;;;39701;773259.58;1126642.80;2013-12-01T00:00:00
5539854;549240;Písek;;;;;404527;Budìjovické Pøedmìstí;384658;Otakara Jeremiáše;è.p.;1841;;;39701;773255.61;1126627.10;2013-12-01T00:00:00
5539862;549240;Písek;;;;;404527;Budìjovické Pøedmìstí;384976;Šobrova;è.p.;1842;;;39701;773533.73;1126752.05;2013-12-01T00:00:00
5539871;549240;Písek;;;;;404527;Budìjovické Pøedmìstí;384976;Šobrova;è.p.;1843;;;39701;773537.86;1126771.82;2013-12-01T00:00:00
5539889;549240;Písek;;;;;404527;Budìjovické Pøedmìstí;384976;Šobrova;è.p.;1844;;;39701;773499.24;1126758.92;2013-12-01T00:00:00
5539897;549240;Písek;;;;;404527;Budìjovické Pøedmìstí;384976;Šobrova;è.p.;1845;;;39701;773478.17;1126763.53;2013-12-01T00:00:00
5539901;549240;Písek;;;;;404527;Budìjovické Pøedmìstí;384976;Šobrova;è.p.;1846;;;39701;773425.11;1126774.58;2013-12-01T00:00:00
5539919;549240;Písek;;;;;404527;Budìjovické Pøedmìstí;384976;Šobrova;è.p.;1847;;;39701;773429.71;1126794.82;2013-12-01T00:00:00
5539927;549240;Písek;;;;;404527;Budìjovické Pøedmìstí;384577;nábøeí 1. máje;è.p.;1848;;;39701;774295.75;1125675.00;2013-12-01T00:00:00
5539935;549240;Písek;;;;;404527;Budìjovické Pøedmìstí;384577;nábøeí 1. máje;è.p.;1849;;;39701;774290.06;1125659.50;2013-12-01T00:00:00
5539943;549240;Písek;;;;;404527;Budìjovické Pøedmìstí;384127;Jaromíra Malého;è.p.;1850;;;39701;773068.29;1126234.83;2013-12-01T00:00:00
5539951;549240;Písek;;;;;404527;Budìjovické Pøedmìstí;384658;Otakara Jeremiáše;è.p.;1851;;;39701;773206.50;1126548.52;2013-12-01T00:00:00
5539960;549240;Písek;;;;;404527;Budìjovické Pøedmìstí;384658;Otakara Jeremiáše;è.p.;1852;;;39701;773215.83;1126589.60;2013-12-01T00:00:00
5539978;549240;Písek;;;;;404527;Budìjovické Pøedmìstí;384658;Otakara Jeremiáše;è.p.;1853;;;39701;773217.39;1126608.58;2013-12-01T00:00:00
5539986;549240;Písek;;;;;404527;Budìjovické Pøedmìstí;384658;Otakara Jeremiáše;è.p.;1854;;;39701;773223.49;1126628.17;2013-12-01T00:00:00
5539994;549240;Písek;;;;;404527;Budìjovické Pøedmìstí;384658;Otakara Jeremiáše;è.p.;1855;;;39701;773229.76;1126647.19;2013-12-01T00:00:00
5540003;549240;Písek;;;;;404527;Budìjovické Pøedmìstí;384658;Otakara Jeremiáše;è.p.;1856;;;39701;773236.20;1126666.73;2013-12-01T00:00:00
5540011;549240;Písek;;;;;404527;Budìjovické Pøedmìstí;384658;Otakara Jeremiáše;è.p.;1857;;;39701;773242.43;1126685.14;2013-12-01T00:00:00
5540020;549240;Písek;;;;;404527;Budìjovické Pøedmìstí;384658;Otakara Jeremiáše;è.p.;1858;;;39701;773248.50;1126704.07;2013-12-01T00:00:00
5540038;549240;Písek;;;;;404527;Budìjovické Pøedmìstí;384658;Otakara Jeremiáše;è.p.;1859;;;39701;773252.07;1126717.46;2013-12-01T00:00:00
5540046;549240;Písek;;;;;404527;Budìjovické Pøedmìstí;384658;Otakara Jeremiáše;è.p.;1860;;;39701;773260.90;1126742.81;2013-12-01T00:00:00
5540054;549240;Písek;;;;;404527;Budìjovické Pøedmìstí;384658;Otakara Jeremiáše;è.p.;1861;;;39701;773269.02;1126762.71;2013-12-01T00:00:00
5540062;549240;Písek;;;;;404527;Budìjovické Pøedmìstí;384658;Otakara Jeremiáše;è.p.;1862;;;39701;773274.82;1126775.12;2013-12-01T00:00:00
5540071;549240;Písek;;;;;404527;Budìjovické Pøedmìstí;384658;Otakara Jeremiáše;è.p.;1863;;;39701;773277.67;1126788.87;2013-12-01T00:00:00
5540089;549240;Písek;;;;;404527;Budìjovické Pøedmìstí;384127;Jaromíra Malého;è.p.;1864;;;39701;773074.01;1126293.89;2013-12-01T00:00:00
5540097;549240;Písek;;;;;404527;Budìjovické Pøedmìstí;384658;Otakara Jeremiáše;è.p.;1865;;;39701;773263.65;1126658.32;2013-12-01T00:00:00
5540101;549240;Písek;;;;;404527;Budìjovické Pøedmìstí;385387;Zborovská;è.p.;1866;;;39701;773313.23;1126688.57;2013-12-01T00:00:00
5540119;549240;Písek;;;;;404527;Budìjovické Pøedmìstí;385247;Václava Kršky;è.p.;1867;;;39701;773291.41;1126546.51;2013-12-01T00:00:00
5540127;549240;Písek;;;;;404527;Budìjovické Pøedmìstí;385239;V Oudolí;è.p.;1868;;;39701;775392.53;1126635.41;2013-12-01T00:00:00
5540135;549240;Písek;;;;;404527;Budìjovické Pøedmìstí;384461;Na Pahorku;è.p.;1869;;;39701;775375.35;1126593.37;2013-12-01T00:00:00
5540143;549240;Písek;;;;;404527;Budìjovické Pøedmìstí;384461;Na Pahorku;è.p.;1870;;;39701;775380.80;1126591.33;2013-12-01T00:00:00
5540151;549240;Písek;;;;;404527;Budìjovické Pøedmìstí;384461;Na Pahorku;è.p.;1871;;;39701;775386.36;1126589.22;2013-12-01T00:00:00
5540160;549240;Písek;;;;;404527;Budìjovické Pøedmìstí;384461;Na Pahorku;è.p.;1872;;;39701;775392.11;1126587.05;2013-12-01T00:00:00
5540178;549240;Písek;;;;;404527;Budìjovické Pøedmìstí;384461;Na Pahorku;è.p.;1873;;;39701;775397.62;1126585.01;2013-12-01T00:00:00
5540186;549240;Písek;;;;;404527;Budìjovické Pøedmìstí;384461;Na Pahorku;è.p.;1874;;;39701;775403.55;1126582.73;2013-12-01T00:00:00
5540194;549240;Písek;;;;;404527;Budìjovické Pøedmìstí;384461;Na Pahorku;è.p.;1875;;;39701;775414.87;1126578.39;2013-12-01T00:00:00
5540208;549240;Písek;;;;;404527;Budìjovické Pøedmìstí;384461;Na Pahorku;è.p.;1876;;;39701;775420.07;1126576.42;2013-12-01T00:00:00
5540216;549240;Písek;;;;;404527;Budìjovické Pøedmìstí;384461;Na Pahorku;è.p.;1877;;;39701;775426.19;1126574.07;2013-12-01T00:00:00
5540224;549240;Písek;;;;;404527;Budìjovické Pøedmìstí;384461;Na Pahorku;è.p.;1878;;;39701;775431.69;1126572.09;2013-12-01T00:00:00
5540232;549240;Písek;;;;;404527;Budìjovické Pøedmìstí;384461;Na Pahorku;è.p.;1879;;;39701;775440.00;1126573.00;2013-12-01T00:00:00
5540241;549240;Písek;;;;;404527;Budìjovické Pøedmìstí;384461;Na Pahorku;è.p.;1880;;;39701;775446.44;1126570.25;2013-12-01T00:00:00
5540259;549240;Písek;;;;;404527;Budìjovické Pøedmìstí;384461;Na Pahorku;è.p.;1881;;;39701;775454.63;1126563.36;2013-12-01T00:00:00
5540267;549240;Písek;;;;;404527;Budìjovické Pøedmìstí;384461;Na Pahorku;è.p.;1882;;;39701;775460.39;1126561.14;2013-12-01T00:00:00
5540275;549240;Písek;;;;;404527;Budìjovické Pøedmìstí;384461;Na Pahorku;è.p.;1883;;;39701;775465.77;1126559.10;2013-12-01T00:00:00
5540283;549240;Písek;;;;;404527;Budìjovické Pøedmìstí;384461;Na Pahorku;è.p.;1884;;;39701;775471.46;1126556.99;2013-12-01T00:00:00
5540291;549240;Písek;;;;;404527;Budìjovické Pøedmìstí;384461;Na Pahorku;è.p.;1885;;;39701;775477.15;1126554.83;2013-12-01T00:00:00
5540305;549240;Písek;;;;;404527;Budìjovické Pøedmìstí;384461;Na Pahorku;è.p.;1886;;;39701;775482.84;1126552.66;2013-12-01T00:00:00
5540313;549240;Písek;;;;;404527;Budìjovické Pøedmìstí;384461;Na Pahorku;è.p.;1887;;;39701;775494.03;1126548.39;2013-12-01T00:00:00
5540321;549240;Písek;;;;;404527;Budìjovické Pøedmìstí;384461;Na Pahorku;è.p.;1888;;;39701;775499.53;1126546.36;2013-12-01T00:00:00
5540330;549240;Písek;;;;;404527;Budìjovické Pøedmìstí;384461;Na Pahorku;è.p.;1889;;;39701;775505.10;1126544.25;2013-12-01T00:00:00
5540348;549240;Písek;;;;;404527;Budìjovické Pøedmìstí;384461;Na Pahorku;è.p.;1890;;;39701;775510.85;1126542.03;2013-12-01T00:00:00
5540356;549240;Písek;;;;;404527;Budìjovické Pøedmìstí;384461;Na Pahorku;è.p.;1891;;;39701;775516.36;1126539.86;2013-12-01T00:00:00
5540364;549240;Písek;;;;;404527;Budìjovické Pøedmìstí;384461;Na Pahorku;è.p.;1892;;;39701;775522.06;1126537.00;2013-12-01T00:00:00
5540372;549240;Písek;;;;;404527;Budìjovické Pøedmìstí;384658;Otakara Jeremiáše;è.p.;1893;;;39701;773276.96;1126699.04;2013-12-01T00:00:00
5540381;549240;Písek;;;;;404527;Budìjovické Pøedmìstí;383813;Budovatelská;è.p.;1894;;;39701;773496.56;1126935.75;2013-12-01T00:00:00
5540399;549240;Písek;;;;;404527;Budìjovické Pøedmìstí;383813;Budovatelská;è.p.;1895;;;39701;773500.75;1126956.63;2013-12-01T00:00:00
5540402;549240;Písek;;;;;404527;Budìjovické Pøedmìstí;383813;Budovatelská;è.p.;1896;;;39701;773504.94;1126977.25;2013-12-01T00:00:00
5540411;549240;Písek;;;;;404527;Budìjovické Pøedmìstí;383813;Budovatelská;è.p.;1897;;;39701;773473.88;1126983.13;2013-12-01T00:00:00
5540429;549240;Písek;;;;;404527;Budìjovické Pøedmìstí;383813;Budovatelská;è.p.;1898;;;39701;773477.38;1126999.25;2013-12-01T00:00:00
5540437;549240;Písek;;;;;404527;Budìjovické Pøedmìstí;383813;Budovatelská;è.p.;1899;;;39701;773481.06;1127021.88;2013-12-01T00:00:00
5540445;549240;Písek;;;;;404527;Budìjovické Pøedmìstí;383813;Budovatelská;è.p.;1900;;;39701;773542.94;1126843.38;2013-12-01T00:00:00
5540453;549240;Písek;;;;;404527;Budìjovické Pøedmìstí;383813;Budovatelská;è.p.;1901;;;39701;773546.44;1126862.63;2013-12-01T00:00:00
5540461;549240;Písek;;;;;404527;Budìjovické Pøedmìstí;383813;Budovatelská;è.p.;1902;;;39701;773550.63;1126882.25;2013-12-01T00:00:00
5540470;549240;Písek;;;;;404527;Budìjovické Pøedmìstí;383813;Budovatelská;è.p.;1903;;;39701;773519.88;1126889.38;2013-12-01T00:00:00
5540488;549240;Písek;;;;;404527;Budìjovické Pøedmìstí;383813;Budovatelská;è.p.;1904;;;39701;773524.19;1126910.13;2013-12-01T00:00:00
5540496;549240;Písek;;;;;404527;Budìjovické Pøedmìstí;383813;Budovatelská;è.p.;1905;;;39701;773528.13;1126929.75;2013-12-01T00:00:00
5540500;549240;Písek;;;;;404527;Budìjovické Pøedmìstí;385387;Zborovská;è.p.;1906;;;39701;773311.35;1126708.96;2013-12-01T00:00:00
5540518;549240;Písek;;;;;404527;Budìjovické Pøedmìstí;385387;Zborovská;è.p.;1907;;;39701;773311.65;1126607.10;2013-12-01T00:00:00
5540526;549240;Písek;;;;;404527;Budìjovické Pøedmìstí;384372;Lipová alej;è.p.;1908;;;39701;774666.11;1126955.99;2013-12-01T00:00:00
5540534;549240;Písek;;;;;404527;Budìjovické Pøedmìstí;383945;Flekaèky;è.p.;1909;;;39701;771824.73;1127430.57;2014-02-10T00:00:00
5540542;549240;Písek;;;;;404527;Budìjovické Pøedmìstí;385387;Zborovská;è.p.;1910;;;39701;773305.81;1126665.19;2013-12-01T00:00:00
5540551;549240;Písek;;;;;404527;Budìjovické Pøedmìstí;383813;Budovatelská;è.p.;1911;;;39701;773397.38;1126884.63;2013-12-01T00:00:00
5540569;549240;Písek;;;;;404527;Budìjovické Pøedmìstí;383813;Budovatelská;è.p.;1912;;;39701;773400.50;1126904.25;2013-12-01T00:00:00
5540577;549240;Písek;;;;;404527;Budìjovické Pøedmìstí;383813;Budovatelská;è.p.;1913;;;39701;773404.56;1126923.13;2013-12-01T00:00:00
5540585;549240;Písek;;;;;404527;Budìjovické Pøedmìstí;383813;Budovatelská;è.p.;1914;;;39701;773410.75;1126966.13;2013-12-01T00:00:00
5540593;549240;Písek;;;;;404527;Budìjovické Pøedmìstí;383813;Budovatelská;è.p.;1915;;;39701;773415.44;1126986.38;2013-12-01T00:00:00
5540607;549240;Písek;;;;;404527;Budìjovické Pøedmìstí;383813;Budovatelská;è.p.;1916;;;39701;773418.56;1126999.75;2013-12-01T00:00:00
5540615;549240;Písek;;;;;404527;Budìjovické Pøedmìstí;383724;Alšova;è.p.;1917;;;39701;773954.69;1125248.84;2014-02-11T00:00:00
5540623;549240;Písek;;;;;404527;Budìjovické Pøedmìstí;385387;Zborovská;è.p.;1918;;;39701;773304.22;1126625.75;2013-12-01T00:00:00
5540631;549240;Písek;;;;;404527;Budìjovické Pøedmìstí;384178;Hradišská;è.p.;1919;;;39701;774591.02;1126484.73;2013-12-01T00:00:00
5540640;549240;Písek;;;;;404527;Budìjovické Pøedmìstí;385131;U Nemocnice;è.p.;1920;;;39701;773979.31;1126908.00;2013-12-01T00:00:00
5540658;549240;Písek;;;;;404527;Budìjovické Pøedmìstí;384658;Otakara Jeremiáše;è.p.;1921;;;39701;773247.51;1126590.67;2013-12-01T00:00:00
5540666;549240;Písek;;;;;404527;Budìjovické Pøedmìstí;385387;Zborovská;è.p.;1922;;;39701;773305.07;1126590.27;2013-12-01T00:00:00
5540674;549240;Písek;;;;;404527;Budìjovické Pøedmìstí;384127;Jaromíra Malého;è.p.;1923;;;39701;773106.91;1126507.83;2013-12-01T00:00:00
5540682;549240;Písek;;;;;404527;Budìjovické Pøedmìstí;384127;Jaromíra Malého;è.p.;1924;;;39701;773066.14;1126186.17;2013-12-01T00:00:00
5540691;549240;Písek;;;;;404527;Budìjovické Pøedmìstí;385239;V Oudolí;è.p.;1925;;;39701;775517.07;1126619.85;2013-12-01T00:00:00
5540704;549240;Písek;;;;;404527;Budìjovické Pøedmìstí;383813;Budovatelská;è.p.;1926;;;39701;773436.50;1126918.75;2013-12-01T00:00:00
5540712;549240;Písek;;;;;404527;Budìjovické Pøedmìstí;383813;Budovatelská;è.p.;1927;;;39701;773440.56;1126938.38;2013-12-01T00:00:00
5540721;549240;Písek;;;;;404527;Budìjovické Pøedmìstí;383813;Budovatelská;è.p.;1928;;;39701;773444.19;1126956.88;2013-12-01T00:00:00
5540739;549240;Písek;;;;;404527;Budìjovické Pøedmìstí;385174;U Vodáka;è.p.;1929;;;39701;772258.27;1126243.31;2014-02-11T00:00:00
5540747;549240;Písek;;;;;404527;Budìjovické Pøedmìstí;383724;Alšova;è.p.;1930;;;39701;774066.57;1125302.45;2014-02-11T00:00:00
5540755;549240;Písek;;;;;404527;Budìjovické Pøedmìstí;383813;Budovatelská;è.p.;1931;;;39701;773574.00;1126836.38;2013-12-01T00:00:00
5540763;549240;Písek;;;;;404527;Budìjovické Pøedmìstí;383813;Budovatelská;è.p.;1932;;;39701;773569.25;1126816.00;2013-12-01T00:00:00
5540771;549240;Písek;;;;;404527;Budìjovické Pøedmìstí;384976;Šobrova;è.p.;1933;;;39701;773596.92;1126732.60;2013-12-01T00:00:00
5540780;549240;Písek;;;;;404527;Budìjovické Pøedmìstí;384658;Otakara Jeremiáše;è.p.;1934;;;39701;773287.55;1126718.58;2013-12-01T00:00:00
5540798;549240;Písek;;;;;404527;Budìjovické Pøedmìstí;384577;nábøeí 1. máje;è.p.;1935;;;39701;774382.40;1125549.33;2013-12-01T00:00:00
5540801;549240;Písek;;;;;404527;Budìjovické Pøedmìstí;384585;Nádraní;è.p.;1936;;;39701;774279.75;1126543.32;2013-12-01T00:00:00
5540810;549240;Písek;;;;;404527;Budìjovické Pøedmìstí;385239;V Oudolí;è.p.;1937;;;39701;775448.57;1126614.27;2013-12-01T00:00:00
5540828;549240;Písek;;;;;404527;Budìjovické Pøedmìstí;385352;Za Šarlákem;è.p.;1938;;;39701;774367.96;1127298.59;2013-12-01T00:00:00
5540836;549240;Písek;;;;;404527;Budìjovické Pøedmìstí;385131;U Nemocnice;è.p.;1939;;;39701;773965.44;1126917.88;2013-12-01T00:00:00
5540844;549240;Písek;;;;;404527;Budìjovické Pøedmìstí;384976;Šobrova;è.p.;1940;;;39701;773404.87;1126829.43;2013-12-01T00:00:00
5540852;549240;Písek;;;;;404527;Budìjovické Pøedmìstí;384577;nábøeí 1. máje;è.p.;1941;;;39701;774399.52;1125279.19;2013-12-01T00:00:00
5540861;549240;Písek;;;;;404527;Budìjovické Pøedmìstí;385247;Václava Kršky;è.p.;1942;;;39701;773267.88;1126518.54;2013-12-01T00:00:00
5540879;549240;Písek;;;;;404527;Budìjovické Pøedmìstí;384666;Otakara Ševèíka;è.p.;1943;;;39701;774175.48;1126477.87;2013-12-01T00:00:00
5540887;549240;Písek;;;;;404527;Budìjovické Pøedmìstí;385387;Zborovská;è.p.;1944;;;39701;773311.58;1126645.96;2013-12-01T00:00:00
5540895;549240;Písek;;;;;404527;Budìjovické Pøedmìstí;385239;V Oudolí;è.p.;1945;;;39701;775410.17;1126625.97;2013-12-01T00:00:00
5540909;549240;Písek;;;;;404527;Budìjovické Pøedmìstí;384658;Otakara Jeremiáše;è.p.;1946;;;39701;773271.21;1126677.88;2013-12-01T00:00:00
5540917;549240;Písek;;;;;404527;Budìjovické Pøedmìstí;385077;tøída Pøátelství;è.p.;1947;;;39701;774289.19;1127031.13;2013-12-01T00:00:00
5540925;549240;Písek;;;;;404527;Budìjovické Pøedmìstí;385077;tøída Pøátelství;è.p.;1948;;;39701;774272.63;1127035.25;2013-12-01T00:00:00
5540933;549240;Písek;;;;;404527;Budìjovické Pøedmìstí;385077;tøída Pøátelství;è.p.;1949;;;39701;774256.10;1127040.91;2013-12-01T00:00:00
5540941;549240;Písek;;;;;404527;Budìjovické Pøedmìstí;385077;tøída Pøátelství;è.p.;1950;;;39701;774242.13;1127042.13;2013-12-01T00:00:00
5540950;549240;Písek;;;;;404527;Budìjovické Pøedmìstí;385077;tøída Pøátelství;è.p.;1951;;;39701;774227.25;1127046.25;2013-12-01T00:00:00
5540968;549240;Písek;;;;;404527;Budìjovické Pøedmìstí;385077;tøída Pøátelství;è.p.;1952;;;39701;774212.19;1127050.00;2013-12-01T00:00:00
5540976;549240;Písek;;;;;404527;Budìjovické Pøedmìstí;385026;Truhláøská;è.p.;1953;;;39701;774210.69;1127001.88;2013-12-01T00:00:00
5540984;549240;Písek;;;;;404527;Budìjovické Pøedmìstí;385026;Truhláøská;è.p.;1954;;;39701;774198.25;1127004.25;2013-12-01T00:00:00
5540992;549240;Písek;;;;;404527;Budìjovické Pøedmìstí;385026;Truhláøská;è.p.;1955;;;39701;774180.81;1127007.50;2013-12-01T00:00:00
5541000;549240;Písek;;;;;404527;Budìjovické Pøedmìstí;385026;Truhláøská;è.p.;1956;;;39701;774165.94;1127010.88;2013-12-01T00:00:00
5541018;549240;Písek;;;;;404527;Budìjovické Pøedmìstí;384127;Jaromíra Malého;è.p.;1957;;;39701;773104.35;1126474.34;2013-12-01T00:00:00
5541026;549240;Písek;;;;;404527;Budìjovické Pøedmìstí;385077;tøída Pøátelství;è.p.;1958;;;39701;774117.69;1127040.50;2013-12-01T00:00:00
5541034;549240;Písek;;;;;404527;Budìjovické Pøedmìstí;385077;tøída Pøátelství;è.p.;1959;;;39701;774120.88;1127057.38;2013-12-01T00:00:00
5541042;549240;Písek;;;;;404527;Budìjovické Pøedmìstí;385077;tøída Pøátelství;è.p.;1960;;;39701;774120.26;1126982.26;2013-12-01T00:00:00
5541051;549240;Písek;;;;;404527;Budìjovické Pøedmìstí;385077;tøída Pøátelství;è.p.;1961;;;39701;774101.90;1126979.32;2013-12-01T00:00:00
5541069;549240;Písek;;;;;404527;Budìjovické Pøedmìstí;383805;Budìjovická;è.p.;1962;;;39701;774023.54;1126475.54;2013-12-01T00:00:00
5541077;549240;Písek;;;;;404527;Budìjovické Pøedmìstí;385239;V Oudolí;è.p.;1963;;;39701;775467.82;1126606.48;2013-12-01T00:00:00
5541085;549240;Písek;;;;;404527;Budìjovické Pøedmìstí;384381;Máchova;è.p.;1964;;;39701;773136.73;1126317.74;2013-12-01T00:00:00
5541093;549240;Písek;;;;;404527;Budìjovické Pøedmìstí;384691;Pivovarská;è.p.;1965;;;39701;774594.81;1126637.88;2013-12-01T00:00:00
5541107;549240;Písek;;;;;404527;Budìjovické Pøedmìstí;384691;Pivovarská;è.p.;1966;;;39701;774618.81;1126643.63;2013-12-01T00:00:00
5541115;549240;Písek;;;;;404527;Budìjovické Pøedmìstí;384691;Pivovarská;è.p.;1967;;;39701;774637.81;1126648.50;2013-12-01T00:00:00
5541123;549240;Písek;;;;;404527;Budìjovické Pøedmìstí;384691;Pivovarská;è.p.;1968;;;39701;774657.69;1126653.38;2013-12-01T00:00:00
5541131;549240;Písek;;;;;404527;Budìjovické Pøedmìstí;385077;tøída Pøátelství;è.p.;1969;;;39701;774093.64;1126897.65;2013-12-01T00:00:00
5541140;549240;Písek;;;;;404527;Budìjovické Pøedmìstí;385077;tøída Pøátelství;è.p.;1970;;;39701;774062.73;1126928.10;2013-12-01T00:00:00
5541158;549240;Písek;;;;;404527;Budìjovické Pøedmìstí;385077;tøída Pøátelství;è.p.;1971;;;39701;774033.36;1126959.87;2013-12-01T00:00:00
5541166;549240;Písek;;;;;404527;Budìjovické Pøedmìstí;385077;tøída Pøátelství;è.p.;1972;;;39701;774079.94;1127014.13;2013-12-01T00:00:00
5541174;549240;Písek;;;;;404527;Budìjovické Pøedmìstí;385077;tøída Pøátelství;è.p.;1973;;;39701;774082.56;1127029.38;2013-12-01T00:00:00
5541182;549240;Písek;;;;;404527;Budìjovické Pøedmìstí;384071;Harantova;è.p.;1974;16;;39701;773883.12;1126441.06;2023-10-04T00:00:00
5541191;549240;Písek;;;;;404527;Budìjovické Pøedmìstí;384127;Jaromíra Malého;è.p.;1975;;;39701;773128.24;1126214.21;2013-12-01T00:00:00
5541204;549240;Písek;;;;;404527;Budìjovické Pøedmìstí;384135;Jeronımova;è.p.;1976;;;39701;773845.77;1125708.23;2014-02-11T00:00:00
5541212;549240;Písek;;;;;404527;Budìjovické Pøedmìstí;384275;Kocínova;è.p.;1977;;;39701;774406.46;1126494.56;2013-12-01T00:00:00
5541221;549240;Písek;;;;;404527;Budìjovické Pøedmìstí;384275;Kocínova;è.p.;1978;;;39701;774411.55;1126514.53;2013-12-01T00:00:00
5541239;549240;Písek;;;;;404527;Budìjovické Pøedmìstí;384275;Kocínova;è.p.;1979;;;39701;774447.91;1126505.37;2013-12-01T00:00:00
5541247;549240;Písek;;;;;404527;Budìjovické Pøedmìstí;385247;Václava Kršky;è.p.;1980;;;39701;773255.90;1126548.74;2013-12-01T00:00:00
5541255;549240;Písek;;;;;404527;Budìjovické Pøedmìstí;385077;tøída Pøátelství;è.p.;1981;;;39701;773949.89;1127106.24;2013-12-01T00:00:00
5541263;549240;Písek;;;;;404527;Budìjovické Pøedmìstí;385077;tøída Pøátelství;è.p.;1982;;;39701;773955.38;1127129.25;2013-12-01T00:00:00
5541271;549240;Písek;;;;;404527;Budìjovické Pøedmìstí;385077;tøída Pøátelství;è.p.;1983;;;39701;773959.19;1127148.63;2013-12-01T00:00:00
5541280;549240;Písek;;;;;404527;Budìjovické Pøedmìstí;383813;Budovatelská;è.p.;1984;;;39701;773517.75;1126814.00;2013-12-01T00:00:00
5541298;549240;Písek;;;;;404527;Budìjovické Pøedmìstí;383813;Budovatelská;è.p.;1985;;;39701;773500.63;1126817.63;2013-12-01T00:00:00
5541301;549240;Písek;;;;;404527;Budìjovické Pøedmìstí;383813;Budovatelská;è.p.;1986;;;39701;773484.13;1126820.63;2013-12-01T00:00:00
5541310;549240;Písek;;;;;404527;Budìjovické Pøedmìstí;383813;Budovatelská;è.p.;1987;;;39701;773468.06;1126823.00;2013-12-01T00:00:00
5541328;549240;Písek;;;;;404527;Budìjovické Pøedmìstí;384585;Nádraní;è.p.;1988;;;39701;774202.56;1126447.39;2013-12-01T00:00:00
5541336;549240;Písek;;;;;404527;Budìjovické Pøedmìstí;384071;Harantova;è.p.;1989;1;;39701;773946.86;1126471.22;2013-12-01T00:00:00
5541344;549240;Písek;;;;;404527;Budìjovické Pøedmìstí;384071;Harantova;è.p.;1990;20;;39701;773859.77;1126411.26;2013-12-01T00:00:00
5541352;549240;Písek;;;;;404527;Budìjovické Pøedmìstí;385077;tøída Pøátelství;è.p.;1991;;;39701;774065.31;1127081.63;2013-12-01T00:00:00
5541361;549240;Písek;;;;;404527;Budìjovické Pøedmìstí;385077;tøída Pøátelství;è.p.;1992;;;39701;774050.44;1127086.13;2013-12-01T00:00:00
5541379;549240;Písek;;;;;404527;Budìjovické Pøedmìstí;385077;tøída Pøátelství;è.p.;1993;;;39701;774032.63;1127082.25;2013-12-01T00:00:00
5541387;549240;Písek;;;;;404527;Budìjovické Pøedmìstí;385077;tøída Pøátelství;è.p.;1994;;;39701;774013.45;1127085.49;2013-12-01T00:00:00
5541395;549240;Písek;;;;;404527;Budìjovické Pøedmìstí;385077;tøída Pøátelství;è.p.;1995;;;39701;773997.50;1127081.13;2013-12-01T00:00:00
5541409;549240;Písek;;;;;404527;Budìjovické Pøedmìstí;385077;tøída Pøátelství;è.p.;1996;;;39701;773980.81;1127084.00;2013-12-01T00:00:00
5541417;549240;Písek;;;;;404527;Budìjovické Pøedmìstí;385077;tøída Pøátelství;è.p.;1997;;;39701;774144.06;1127148.75;2013-12-01T00:00:00
5541425;549240;Písek;;;;;404527;Budìjovické Pøedmìstí;385077;tøída Pøátelství;è.p.;1998;;;39701;774126.50;1127149.63;2013-12-01T00:00:00
5541433;549240;Písek;;;;;404527;Budìjovické Pøedmìstí;385077;tøída Pøátelství;è.p.;1999;;;39701;774160.25;1127151.94;2013-12-01T00:00:00
5541441;549240;Písek;;;;;404527;Budìjovické Pøedmìstí;384658;Otakara Jeremiáše;è.p.;2000;;;39701;773250.80;1126608.22;2013-12-01T00:00:00
5541450;549240;Písek;;;;;404527;Budìjovické Pøedmìstí;385077;tøída Pøátelství;è.p.;2001;;;39701;774198.75;1127092.38;2013-12-01T00:00:00
5541468;549240;Písek;;;;;404527;Budìjovické Pøedmìstí;385077;tøída Pøátelství;è.p.;2002;;;39701;774185.00;1127097.00;2013-12-01T00:00:00
5541476;549240;Písek;;;;;404527;Budìjovické Pøedmìstí;385077;tøída Pøátelství;è.p.;2003;;;39701;774168.19;1127108.50;2013-12-01T00:00:00
5541484;549240;Písek;;;;;404527;Budìjovické Pøedmìstí;385077;tøída Pøátelství;è.p.;2004;;;39701;774151.94;1127111.38;2013-12-01T00:00:00
5541492;549240;Písek;;;;;404527;Budìjovické Pøedmìstí;385077;tøída Pøátelství;è.p.;2005;;;39701;774253.88;1127140.88;2013-12-01T00:00:00
5541506;549240;Písek;;;;;404527;Budìjovické Pøedmìstí;385077;tøída Pøátelství;è.p.;2006;;;39701;774234.75;1127144.75;2013-12-01T00:00:00
5541514;549240;Písek;;;;;404527;Budìjovické Pøedmìstí;385077;tøída Pøátelství;è.p.;2007;;;39701;774220.13;1127155.75;2013-12-01T00:00:00
5541522;549240;Písek;;;;;404527;Budìjovické Pøedmìstí;385077;tøída Pøátelství;è.p.;2008;;;39701;774203.94;1127159.13;2013-12-01T00:00:00
5541531;549240;Písek;;;;;404527;Budìjovické Pøedmìstí;385107;U Høebèince;è.p.;2009;;;39701;773402.99;1127355.56;2013-12-01T00:00:00
5541549;549240;Písek;;;;;404527;Budìjovické Pøedmìstí;385077;tøída Pøátelství;è.p.;2010;;;39701;774350.56;1127013.86;2013-12-01T00:00:00
5541557;549240;Písek;;;;;404527;Budìjovické Pøedmìstí;384127;Jaromíra Malého;è.p.;2011;;;39701;773128.34;1126609.21;2013-12-01T00:00:00
5541565;549240;Písek;;;;;404527;Budìjovické Pøedmìstí;384658;Otakara Jeremiáše;è.p.;2012;;;39701;773227.84;1126237.13;2013-12-01T00:00:00
5541573;549240;Písek;;;;;404527;Budìjovické Pøedmìstí;384127;Jaromíra Malého;è.p.;2013;;;39701;773159.84;1126587.77;2013-12-01T00:00:00
5541581;549240;Písek;;;;;404527;Budìjovické Pøedmìstí;384127;Jaromíra Malého;è.p.;2014;;;39701;773161.10;1126595.13;2013-12-01T00:00:00
5541590;549240;Písek;;;;;404527;Budìjovické Pøedmìstí;384127;Jaromíra Malého;è.p.;2015;;;39701;773163.50;1126602.15;2013-12-01T00:00:00
5541603;549240;Písek;;;;;404527;Budìjovické Pøedmìstí;384127;Jaromíra Malého;è.p.;2016;;;39701;773165.09;1126609.48;2013-12-01T00:00:00
5541611;549240;Písek;;;;;404527;Budìjovické Pøedmìstí;384127;Jaromíra Malého;è.p.;2017;;;39701;773167.94;1126616.78;2013-12-01T00:00:00
5541620;549240;Písek;;;;;404527;Budìjovické Pøedmìstí;384127;Jaromíra Malého;è.p.;2018;;;39701;773169.43;1126624.09;2013-12-01T00:00:00
5541638;549240;Písek;;;;;404527;Budìjovické Pøedmìstí;384127;Jaromíra Malého;è.p.;2019;;;39701;773172.22;1126631.57;2013-12-01T00:00:00
5541646;549240;Písek;;;;;404527;Budìjovické Pøedmìstí;384127;Jaromíra Malého;è.p.;2020;;;39701;773173.82;1126638.76;2013-12-01T00:00:00
5541654;549240;Písek;;;;;404527;Budìjovické Pøedmìstí;385077;tøída Pøátelství;è.p.;2021;;;39701;774229.38;1127094.88;2013-12-01T00:00:00
5541662;549240;Písek;;;;;404527;Budìjovické Pøedmìstí;385077;tøída Pøátelství;è.p.;2022;;;39701;774232.69;1127111.38;2013-12-01T00:00:00
5541671;549240;Písek;;;;;404527;Budìjovické Pøedmìstí;384291;Kollárova;è.p.;2023;;;39701;774243.55;1125660.97;2013-12-01T00:00:00
5541689;549240;Písek;;;;;404527;Budìjovické Pøedmìstí;385077;tøída Pøátelství;è.p.;2024;;;39701;774283.94;1127104.75;2013-12-01T00:00:00
5541697;549240;Písek;;;;;404527;Budìjovické Pøedmìstí;385077;tøída Pøátelství;è.p.;2025;;;39701;774284.69;1127124.75;2013-12-01T00:00:00
5541701;549240;Písek;;;;;404527;Budìjovické Pøedmìstí;384976;Šobrova;è.p.;2026;;;39701;773449.33;1126766.20;2013-12-01T00:00:00
5541719;549240;Písek;;;;;404527;Budìjovické Pøedmìstí;385387;Zborovská;è.p.;2027;;;39701;773298.11;1126150.01;2013-12-01T00:00:00
5541727;549240;Písek;;;;;404527;Budìjovické Pøedmìstí;384127;Jaromíra Malého;è.p.;2028;;;39701;773115.72;1126571.71;2013-12-01T00:00:00
5541735;549240;Písek;;;;;404527;Budìjovické Pøedmìstí;384178;Hradišská;è.p.;2029;;;39701;774572.99;1126475.46;2013-12-01T00:00:00
5541743;549240;Písek;;;;;404527;Budìjovické Pøedmìstí;383813;Budovatelská;è.p.;2030;;;39701;773461.63;1126858.75;2013-12-01T00:00:00
5541751;549240;Písek;;;;;404527;Budìjovické Pøedmìstí;383813;Budovatelská;è.p.;2031;;;39701;773463.88;1126872.63;2013-12-01T00:00:00
5541760;549240;Písek;;;;;404527;Budìjovické Pøedmìstí;383813;Budovatelská;è.p.;2032;;;39701;773467.56;1126889.88;2013-12-01T00:00:00
5541778;549240;Písek;;;;;404527;Budìjovické Pøedmìstí;383813;Budovatelská;è.p.;2033;;;39701;773470.38;1126906.75;2013-12-01T00:00:00
5541786;549240;Písek;;;;;404527;Budìjovické Pøedmìstí;384127;Jaromíra Malého;è.p.;2034;;;39701;773139.89;1126664.62;2013-12-01T00:00:00
5541794;549240;Písek;;;;;404527;Budìjovické Pøedmìstí;385093;Tyršova;è.p.;2035;;;39701;774121.06;1125713.63;2013-12-01T00:00:00
5541808;549240;Písek;;;;;404527;Budìjovické Pøedmìstí;384291;Kollárova;è.p.;2036;;;39701;774102.10;1125711.18;2013-12-01T00:00:00
5541816;549240;Písek;;;;;404527;Budìjovické Pøedmìstí;383724;Alšova;è.p.;2037;;;39701;773972.46;1125232.87;2014-02-11T00:00:00
5541824;549240;Písek;;;;;404527;Budìjovické Pøedmìstí;385549;Vrcovická;è.p.;2038;;;39701;773744.62;1125252.60;2013-12-01T00:00:00
5541832;549240;Písek;;;;;404527;Budìjovické Pøedmìstí;384631;Ostrovní;è.p.;2039;;;39701;774590.59;1126405.24;2013-12-01T00:00:00
5541841;549240;Písek;;;;;404527;Budìjovické Pøedmìstí;384127;Jaromíra Malého;è.p.;2040;;;39701;773130.70;1126195.84;2013-12-01T00:00:00
5541859;549240;Písek;;;;;404527;Budìjovické Pøedmìstí;384127;Jaromíra Malého;è.p.;2041;;;39701;773182.66;1126665.11;2013-12-01T00:00:00
5541867;549240;Písek;;;;;404527;Budìjovické Pøedmìstí;384127;Jaromíra Malého;è.p.;2042;;;39701;773184.14;1126672.01;2013-12-01T00:00:00
5541875;549240;Písek;;;;;404527;Budìjovické Pøedmìstí;384127;Jaromíra Malého;è.p.;2043;;;39701;773186.74;1126679.21;2013-12-01T00:00:00
5541883;549240;Písek;;;;;404527;Budìjovické Pøedmìstí;384127;Jaromíra Malého;è.p.;2044;;;39701;773188.60;1126686.59;2013-12-01T00:00:00
5541891;549240;Písek;;;;;404527;Budìjovické Pøedmìstí;384127;Jaromíra Malého;è.p.;2045;;;39701;773191.08;1126694.02;2013-12-01T00:00:00
5541905;549240;Písek;;;;;404527;Budìjovické Pøedmìstí;384127;Jaromíra Malého;è.p.;2046;;;39701;773193.00;1126701.14;2013-12-01T00:00:00
5541913;549240;Písek;;;;;404527;Budìjovické Pøedmìstí;384127;Jaromíra Malého;è.p.;2047;;;39701;773195.53;1126708.32;2013-12-01T00:00:00
5541921;549240;Písek;;;;;404527;Budìjovické Pøedmìstí;384127;Jaromíra Malého;è.p.;2048;;;39701;773197.02;1126715.68;2013-12-01T00:00:00
5541930;549240;Písek;;;;;404527;Budìjovické Pøedmìstí;384127;Jaromíra Malého;è.p.;2049;;;39701;773208.05;1126741.24;2013-12-01T00:00:00
5541948;549240;Písek;;;;;404527;Budìjovické Pøedmìstí;384127;Jaromíra Malého;è.p.;2050;;;39701;773209.53;1126748.66;2013-12-01T00:00:00
5541956;549240;Písek;;;;;404527;Budìjovické Pøedmìstí;384127;Jaromíra Malého;è.p.;2051;;;39701;773213.73;1126755.46;2013-12-01T00:00:00
5541964;549240;Písek;;;;;404527;Budìjovické Pøedmìstí;384127;Jaromíra Malého;è.p.;2052;;;39701;773215.09;1126763.06;2013-12-01T00:00:00
5541972;549240;Písek;;;;;404527;Budìjovické Pøedmìstí;384127;Jaromíra Malého;è.p.;2053;;;39701;773218.97;1126769.62;2013-12-01T00:00:00
5541981;549240;Písek;;;;;404527;Budìjovické Pøedmìstí;384127;Jaromíra Malého;è.p.;2054;;;39701;773220.40;1126777.22;2013-12-01T00:00:00
5541999;549240;Písek;;;;;404527;Budìjovické Pøedmìstí;384127;Jaromíra Malého;è.p.;2055;;;39701;773224.35;1126784.02;2013-12-01T00:00:00
5542006;549240;Písek;;;;;404527;Budìjovické Pøedmìstí;384127;Jaromíra Malého;è.p.;2056;;;39701;773226.14;1126791.01;2013-12-01T00:00:00
5542014;549240;Písek;;;;;404527;Budìjovické Pøedmìstí;384127;Jaromíra Malého;è.p.;2057;;;39701;773230.34;1126798.17;2013-12-01T00:00:00
5542022;549240;Písek;;;;;404527;Budìjovické Pøedmìstí;384127;Jaromíra Malého;è.p.;2058;;;39701;773231.58;1126805.41;2013-12-01T00:00:00
5542031;549240;Písek;;;;;404527;Budìjovické Pøedmìstí;383937;Erbenova;è.p.;2059;;;39701;773796.48;1125664.21;2014-02-11T00:00:00
5542049;549240;Písek;;;;;404527;Budìjovické Pøedmìstí;383937;Erbenova;è.p.;2060;;;39701;773781.20;1125669.66;2014-02-11T00:00:00
5542057;549240;Písek;;;;;404527;Budìjovické Pøedmìstí;383937;Erbenova;è.p.;2061;;;39701;773719.21;1125691.79;2014-02-11T00:00:00
5542065;549240;Písek;;;;;404527;Budìjovické Pøedmìstí;384127;Jaromíra Malého;è.p.;2062;;;39701;773149.57;1126557.16;2013-12-01T00:00:00
5542073;549240;Písek;;;;;404527;Budìjovické Pøedmìstí;384658;Otakara Jeremiáše;è.p.;2063;;;39701;773210.56;1126382.18;2013-12-01T00:00:00
5542081;549240;Písek;;;;;404527;Budìjovické Pøedmìstí;384127;Jaromíra Malého;è.p.;2064;;;39701;773144.87;1126706.50;2013-12-01T00:00:00
5542090;549240;Písek;;;;;404527;Budìjovické Pøedmìstí;385077;tøída Pøátelství;è.p.;2065;;;39701;774070.95;1127114.80;2013-12-01T00:00:00
5542103;549240;Písek;;;;;404527;Budìjovické Pøedmìstí;384127;Jaromíra Malého;è.p.;2066;;;39701;773071.86;1126214.96;2013-12-01T00:00:00
5542111;549240;Písek;;;;;404527;Budìjovické Pøedmìstí;385387;Zborovská;è.p.;2067;;;39701;773312.49;1126575.84;2013-12-01T00:00:00
5542120;549240;Písek;;;;;404527;Budìjovické Pøedmìstí;384372;Lipová alej;è.p.;2068;;;39701;774718.25;1126936.95;2013-12-01T00:00:00
5542138;549240;Písek;;;;;404527;Budìjovické Pøedmìstí;384364;Lesní;è.p.;2069;;;39701;773016.68;1126250.92;2013-12-01T00:00:00
5542146;549240;Písek;;;;;404527;Budìjovické Pøedmìstí;384976;Šobrova;è.p.;2070;;;39701;773489.39;1126652.23;2013-12-01T00:00:00
5542154;549240;Písek;;;;;404527;Budìjovické Pøedmìstí;384470;Na Pakšovce;è.p.;2071;;;39701;774690.49;1126889.72;2013-12-01T00:00:00
5542162;549240;Písek;;;;;404527;Budìjovické Pøedmìstí;384470;Na Pakšovce;è.p.;2072;;;39701;774696.31;1126890.02;2013-12-01T00:00:00
5542171;549240;Písek;;;;;404527;Budìjovické Pøedmìstí;384470;Na Pakšovce;è.p.;2073;;;39701;774704.49;1126885.84;2013-12-01T00:00:00
5542189;549240;Písek;;;;;404527;Budìjovické Pøedmìstí;384470;Na Pakšovce;è.p.;2074;;;39701;774710.63;1126886.11;2013-12-01T00:00:00
5542197;549240;Písek;;;;;404527;Budìjovické Pøedmìstí;384658;Otakara Jeremiáše;è.p.;2075;;;39701;773213.80;1126567.79;2013-12-01T00:00:00
5542201;549240;Písek;;;;;404527;Budìjovické Pøedmìstí;384470;Na Pakšovce;è.p.;2076;;;39701;774718.18;1126882.55;2013-12-01T00:00:00
5542219;549240;Písek;;;;;404527;Budìjovické Pøedmìstí;384470;Na Pakšovce;è.p.;2077;;;39701;774724.59;1126882.82;2013-12-01T00:00:00
5542227;549240;Písek;;;;;404527;Budìjovické Pøedmìstí;384062;Husovo nám.;è.p.;2078;;;39701;774066.33;1126702.34;2014-02-07T00:00:00
5542235;549240;Písek;;;;;404527;Budìjovické Pøedmìstí;384127;Jaromíra Malého;è.p.;2079;;;39701;773129.50;1126628.85;2013-12-01T00:00:00
5542243;549240;Písek;;;;;404527;Budìjovické Pøedmìstí;383937;Erbenova;è.p.;2080;;;39701;773720.33;1125542.44;2013-12-01T00:00:00
5542251;549240;Písek;;;;;404527;Budìjovické Pøedmìstí;384470;Na Pakšovce;è.p.;2081;;;39701;774708.27;1126851.34;2013-12-01T00:00:00
5542260;549240;Písek;;;;;404527;Budìjovické Pøedmìstí;384470;Na Pakšovce;è.p.;2082;;;39701;774702.81;1126848.21;2013-12-01T00:00:00
5542278;549240;Písek;;;;;404527;Budìjovické Pøedmìstí;384470;Na Pakšovce;è.p.;2083;;;39701;774694.23;1126850.17;2013-12-01T00:00:00
5542286;549240;Písek;;;;;404527;Budìjovické Pøedmìstí;384470;Na Pakšovce;è.p.;2084;;;39701;774688.28;1126848.41;2013-12-01T00:00:00
5542294;549240;Písek;;;;;404527;Budìjovické Pøedmìstí;384470;Na Pakšovce;è.p.;2085;;;39701;774679.80;1126849.29;2013-12-01T00:00:00
5542308;549240;Písek;;;;;404527;Budìjovické Pøedmìstí;384470;Na Pakšovce;è.p.;2086;;;39701;774673.37;1126846.36;2013-12-01T00:00:00
5542316;549240;Písek;;;;;404527;Budìjovické Pøedmìstí;384526;Na Spravedlnosti;è.p.;2087;;;39701;773660.98;1125469.03;2013-12-01T00:00:00
5542324;549240;Písek;;;;;404527;Budìjovické Pøedmìstí;384127;Jaromíra Malého;è.p.;2088;;;39701;773142.09;1126683.81;2013-12-01T00:00:00
5542332;549240;Písek;;;;;404527;Budìjovické Pøedmìstí;384585;Nádraní;è.p.;2089;;;39701;774321.13;1126645.63;2013-12-01T00:00:00
5542341;549240;Písek;;;;;404527;Budìjovické Pøedmìstí;384585;Nádraní;è.p.;2090;;;39701;774323.69;1126662.50;2013-12-01T00:00:00
5542359;549240;Písek;;;;;404527;Budìjovické Pøedmìstí;384470;Na Pakšovce;è.p.;2091;;;39701;774678.94;1126756.48;2013-12-01T00:00:00
5542367;549240;Písek;;;;;404527;Budìjovické Pøedmìstí;384470;Na Pakšovce;è.p.;2092;;;39701;774683.66;1126761.20;2013-12-01T00:00:00
5542375;549240;Písek;;;;;404527;Budìjovické Pøedmìstí;384470;Na Pakšovce;è.p.;2093;;;39701;774691.49;1126763.75;2013-12-01T00:00:00
5542383;549240;Písek;;;;;404527;Budìjovické Pøedmìstí;384470;Na Pakšovce;è.p.;2094;;;39701;774696.02;1126768.37;2013-12-01T00:00:00
5542391;549240;Písek;;;;;404527;Budìjovické Pøedmìstí;384470;Na Pakšovce;è.p.;2095;;;39701;774705.64;1126769.98;2013-12-01T00:00:00
5542405;549240;Písek;;;;;404527;Budìjovické Pøedmìstí;384470;Na Pakšovce;è.p.;2096;;;39701;774709.60;1126774.41;2013-12-01T00:00:00
5542413;549240;Písek;;;;;404527;Budìjovické Pøedmìstí;384976;Šobrova;è.p.;2097;;;39701;773640.01;1126664.60;2014-02-10T00:00:00
5542421;549240;Písek;;;;;404527;Budìjovické Pøedmìstí;385395;Zeyerova;è.p.;2098;;;39701;774335.63;1126637.00;2013-12-01T00:00:00
5542430;549240;Písek;;;;;404527;Budìjovické Pøedmìstí;385026;Truhláøská;è.p.;2099;;;39701;774374.98;1126990.18;2014-02-06T00:00:00
5542448;549240;Písek;;;;;404527;Budìjovické Pøedmìstí;383724;Alšova;è.p.;2100;;;39701;773950.51;1125238.62;2014-02-11T00:00:00
5542456;549240;Písek;;;;;404527;Budìjovické Pøedmìstí;384470;Na Pakšovce;è.p.;2101;;;39701;774731.01;1126784.80;2013-12-01T00:00:00
5542464;549240;Písek;;;;;404527;Budìjovické Pøedmìstí;384470;Na Pakšovce;è.p.;2102;;;39701;774737.74;1126783.54;2013-12-01T00:00:00
5542472;549240;Písek;;;;;404527;Budìjovické Pøedmìstí;384470;Na Pakšovce;è.p.;2103;;;39701;774742.35;1126777.78;2013-12-01T00:00:00
5542481;549240;Písek;;;;;404527;Budìjovické Pøedmìstí;384470;Na Pakšovce;è.p.;2104;;;39701;774748.95;1126776.24;2013-12-01T00:00:00
5542499;549240;Písek;;;;;404527;Budìjovické Pøedmìstí;384470;Na Pakšovce;è.p.;2105;;;39701;774757.04;1126778.61;2013-12-01T00:00:00
5542502;549240;Písek;;;;;404527;Budìjovické Pøedmìstí;384470;Na Pakšovce;è.p.;2106;;;39701;774763.38;1126777.49;2013-12-01T00:00:00
5542511;549240;Písek;;;;;404527;Budìjovické Pøedmìstí;384470;Na Pakšovce;è.p.;2107;;;39701;774768.49;1126772.67;2013-12-01T00:00:00
5542529;549240;Písek;;;;;404527;Budìjovické Pøedmìstí;384470;Na Pakšovce;è.p.;2108;;;39701;774774.88;1126769.95;2013-12-01T00:00:00
5542537;549240;Písek;;;;;404527;Budìjovické Pøedmìstí;384470;Na Pakšovce;è.p.;2109;;;39701;774782.59;1126775.59;2013-12-01T00:00:00
5542545;549240;Písek;;;;;404527;Budìjovické Pøedmìstí;384470;Na Pakšovce;è.p.;2110;;;39701;774788.49;1126773.42;2013-12-01T00:00:00
5542553;549240;Písek;;;;;404527;Budìjovické Pøedmìstí;384470;Na Pakšovce;è.p.;2111;;;39701;774795.92;1126767.57;2013-12-01T00:00:00
5542561;549240;Písek;;;;;404527;Budìjovické Pøedmìstí;384470;Na Pakšovce;è.p.;2112;;;39701;774803.38;1126769.97;2021-03-30T00:00:00
5542570;549240;Písek;;;;;404527;Budìjovické Pøedmìstí;384470;Na Pakšovce;è.p.;2113;;;39701;774675.53;1126800.60;2013-12-01T00:00:00
5542588;549240;Písek;;;;;404527;Budìjovické Pøedmìstí;384470;Na Pakšovce;è.p.;2114;;;39701;774680.39;1126805.70;2013-12-01T00:00:00
5542596;549240;Písek;;;;;404527;Budìjovické Pøedmìstí;384470;Na Pakšovce;è.p.;2115;;;39701;774688.92;1126807.48;2013-12-01T00:00:00
5542600;549240;Písek;;;;;404527;Budìjovické Pøedmìstí;384470;Na Pakšovce;è.p.;2116;;;39701;774693.31;1126812.34;2013-12-01T00:00:00
5542618;549240;Písek;;;;;404527;Budìjovické Pøedmìstí;384470;Na Pakšovce;è.p.;2117;;;39701;774701.60;1126813.88;2013-12-01T00:00:00
5542626;549240;Písek;;;;;404527;Budìjovické Pøedmìstí;384470;Na Pakšovce;è.p.;2118;;;39701;774706.82;1126818.98;2013-12-01T00:00:00
5542634;549240;Písek;;;;;404527;Budìjovické Pøedmìstí;384330;Legionáøská;è.p.;2119;;;39701;773379.77;1126493.63;2013-12-01T00:00:00
5542642;549240;Písek;;;;;404527;Budìjovické Pøedmìstí;384127;Jaromíra Malého;è.p.;2120;;;39701;773104.20;1126456.32;2013-12-01T00:00:00
5542651;549240;Písek;;;;;404527;Budìjovické Pøedmìstí;384127;Jaromíra Malého;è.p.;2121;;;39701;773129.02;1126250.69;2013-12-01T00:00:00
5542669;549240;Písek;;;;;404527;Budìjovické Pøedmìstí;385000;Táborská;è.p.;2122;;;39701;772660.48;1125128.32;2014-02-11T00:00:00
5542677;549240;Písek;;;;;404527;Budìjovické Pøedmìstí;384828;Roháèova;è.p.;2123;;;39701;773746.18;1126106.25;2013-12-01T00:00:00
5542685;549240;Písek;;;;;404527;Budìjovické Pøedmìstí;385441;Samoty;è.p.;2124;;;39701;773071.69;1125053.27;2013-12-01T00:00:00
5542693;549240;Písek;;;;;404527;Budìjovické Pøedmìstí;385182;U Vodárny;è.p.;2125;;;39701;775489.71;1126349.25;2013-12-01T00:00:00
5542715;549240;Písek;;;;;404527;Budìjovické Pøedmìstí;384381;Máchova;è.p.;2127;;;39701;773159.42;1126354.64;2013-12-01T00:00:00
5542723;549240;Písek;;;;;404527;Budìjovické Pøedmìstí;384127;Jaromíra Malého;è.p.;2128;;;39701;773128.77;1126287.30;2013-12-01T00:00:00
5542731;549240;Písek;;;;;404527;Budìjovické Pøedmìstí;384585;Nádraní;è.p.;2129;;;39701;774389.64;1126940.05;2014-02-06T00:00:00
5542740;549240;Písek;;;;;404527;Budìjovické Pøedmìstí;383716;17. listopadu;è.p.;2130;;;39701;773710.97;1126310.72;2013-12-01T00:00:00
5542758;549240;Písek;;;;;404527;Budìjovické Pøedmìstí;383716;17. listopadu;è.p.;2131;;;39701;773691.41;1126320.68;2013-12-01T00:00:00
5542766;549240;Písek;;;;;404527;Budìjovické Pøedmìstí;384127;Jaromíra Malého;è.p.;2132;;;39701;773102.87;1126400.46;2013-12-01T00:00:00
5542774;549240;Písek;;;;;404527;Budìjovické Pøedmìstí;384658;Otakara Jeremiáše;è.p.;2133;;;39701;773211.98;1126446.95;2013-12-01T00:00:00
5542782;549240;Písek;;;;;404527;Budìjovické Pøedmìstí;385000;Táborská;è.p.;2134;;;39701;772972.98;1125367.97;2014-02-11T00:00:00
5542791;549240;Písek;;;;;404527;Budìjovické Pøedmìstí;384470;Na Pakšovce;è.p.;2135;;;39701;774825.35;1126783.29;2013-12-01T00:00:00
5542804;549240;Písek;;;;;404527;Budìjovické Pøedmìstí;384470;Na Pakšovce;è.p.;2136;;;39701;774829.78;1126778.08;2013-12-01T00:00:00
5542812;549240;Písek;;;;;404527;Budìjovické Pøedmìstí;384470;Na Pakšovce;è.p.;2137;;;39701;774828.86;1126770.82;2013-12-01T00:00:00
5542821;549240;Písek;;;;;404527;Budìjovické Pøedmìstí;384470;Na Pakšovce;è.p.;2138;;;39701;774833.38;1126765.85;2013-12-01T00:00:00
5542839;549240;Písek;;;;;404527;Budìjovické Pøedmìstí;384470;Na Pakšovce;è.p.;2139;;;39701;774840.74;1126762.46;2013-12-01T00:00:00
5542847;549240;Písek;;;;;404527;Budìjovické Pøedmìstí;384470;Na Pakšovce;è.p.;2140;;;39701;774846.05;1126757.75;2013-12-01T00:00:00
5542855;549240;Písek;;;;;404527;Budìjovické Pøedmìstí;385328;Za Pazdernou;è.p.;2141;;;39701;773370.83;1125407.40;2013-12-01T00:00:00
5542863;549240;Písek;;;;;404527;Budìjovické Pøedmìstí;384577;nábøeí 1. máje;è.p.;2142;;;39701;774386.87;1125129.38;2013-12-01T00:00:00
5542871;549240;Písek;;;;;404527;Budìjovické Pøedmìstí;384585;Nádraní;è.p.;2143;;;39701;774301.19;1126673.07;2023-02-02T00:00:00
5542880;549240;Písek;;;;;404527;Budìjovické Pøedmìstí;384976;Šobrova;è.p.;2144;;;39701;773578.22;1126760.18;2013-12-01T00:00:00
5542898;549240;Písek;;;;;404527;Budìjovické Pøedmìstí;384658;Otakara Jeremiáše;è.p.;2145;;;39701;773205.52;1126357.18;2013-12-01T00:00:00
5542901;549240;Písek;;;;;404527;Budìjovické Pøedmìstí;383716;17. listopadu;è.p.;2146;;;39701;773531.56;1126488.41;2013-12-01T00:00:00
5542910;549240;Písek;;;;;404527;Budìjovické Pøedmìstí;384372;Lipová alej;è.p.;2147;;;39701;774502.52;1126763.45;2013-12-01T00:00:00
5542928;549240;Písek;;;;;404527;Budìjovické Pøedmìstí;385549;Vrcovická;è.p.;2148;;;39701;773524.99;1125179.19;2013-12-01T00:00:00
5542936;549240;Písek;;;;;404527;Budìjovické Pøedmìstí;384585;Nádraní;è.p.;2149;;;39701;774305.28;1126576.13;2013-12-01T00:00:00
5542944;549240;Písek;;;;;404527;Budìjovické Pøedmìstí;385131;U Nemocnice;è.p.;2150;;;39701;773951.81;1126927.38;2013-12-01T00:00:00
5542952;549240;Písek;;;;;404527;Budìjovické Pøedmìstí;384364;Lesní;è.p.;2151;;;39701;773066.48;1126428.27;2013-12-01T00:00:00
5542961;549240;Písek;;;;;404527;Budìjovické Pøedmìstí;384658;Otakara Jeremiáše;è.p.;2152;;;39701;773174.15;1126030.41;2013-12-01T00:00:00
5542979;549240;Písek;;;;;404527;Budìjovické Pøedmìstí;384658;Otakara Jeremiáše;è.p.;2153;;;39701;773175.57;1126005.98;2013-12-01T00:00:00
5542987;549240;Písek;;;;;404527;Budìjovické Pøedmìstí;384658;Otakara Jeremiáše;è.p.;2154;;;39701;773177.00;1125982.75;2013-12-01T00:00:00
5542995;549240;Písek;;;;;404527;Budìjovické Pøedmìstí;384658;Otakara Jeremiáše;è.p.;2155;;;39701;773178.94;1125958.99;2013-12-01T00:00:00
5543002;549240;Písek;;;;;404527;Budìjovické Pøedmìstí;384658;Otakara Jeremiáše;è.p.;2156;;;39701;773180.50;1125935.45;2013-12-01T00:00:00
5543011;549240;Písek;;;;;404527;Budìjovické Pøedmìstí;384658;Otakara Jeremiáše;è.p.;2157;;;39701;773159.05;1125924.00;2013-12-01T00:00:00
5543029;549240;Písek;;;;;404527;Budìjovické Pøedmìstí;385026;Truhláøská;è.p.;2158;;;39701;774238.80;1126993.08;2013-12-01T00:00:00
5543037;549240;Písek;;;;;404527;Budìjovické Pøedmìstí;385026;Truhláøská;è.p.;2159;;;39701;774264.05;1126987.54;2013-12-01T00:00:00
5543045;549240;Písek;;;;;404527;Budìjovické Pøedmìstí;385026;Truhláøská;è.p.;2160;;;39701;774289.25;1126994.63;2013-12-01T00:00:00
5543053;549240;Písek;;;;;404527;Budìjovické Pøedmìstí;385026;Truhláøská;è.p.;2161;;;39701;774271.77;1126949.76;2013-12-01T00:00:00
5543061;549240;Písek;;;;;404527;Budìjovické Pøedmìstí;385026;Truhláøská;è.p.;2162;;;39701;774272.84;1126913.62;2013-12-01T00:00:00
5543070;549240;Písek;;;;;404527;Budìjovické Pøedmìstí;385026;Truhláøská;è.p.;2163;;;39701;774257.55;1126879.97;2013-12-01T00:00:00
5543088;549240;Písek;;;;;404527;Budìjovické Pøedmìstí;385026;Truhláøská;è.p.;2164;;;39701;774278.37;1126874.94;2013-12-01T00:00:00
5543096;549240;Písek;;;;;404527;Budìjovické Pøedmìstí;385026;Truhláøská;è.p.;2165;;;39701;774218.00;1126956.71;2013-12-01T00:00:00
5543100;549240;Písek;;;;;404527;Budìjovické Pøedmìstí;384658;Otakara Jeremiáše;è.p.;2166;;;39701;773186.08;1126160.56;2013-12-01T00:00:00
5543118;549240;Písek;;;;;404527;Budìjovické Pøedmìstí;384143;Jiráskovo nábø.;è.p.;2167;;;39701;773999.26;1125192.58;2013-12-01T00:00:00
5543126;549240;Písek;;;;;404527;Budìjovické Pøedmìstí;384267;Lesní høbitov;è.p.;2168;;;39701;772653.52;1125407.71;2014-02-11T00:00:00
5543134;549240;Písek;;;;;404527;Budìjovické Pøedmìstí;385468;Smrkovická;è.p.;2169;;;39701;774269.99;1126841.73;2013-12-01T00:00:00
5543142;549240;Písek;;;;;404527;Budìjovické Pøedmìstí;385468;Smrkovická;è.p.;2170;;;39701;774246.22;1126846.80;2013-12-01T00:00:00
5543151;549240;Písek;;;;;404527;Budìjovické Pøedmìstí;385468;Smrkovická;è.p.;2171;;;39701;774221.04;1126845.86;2013-12-01T00:00:00
5543169;549240;Písek;;;;;404527;Budìjovické Pøedmìstí;385468;Smrkovická;è.p.;2172;;;39701;774198.78;1126855.60;2013-12-01T00:00:00
5543177;549240;Písek;;;;;404527;Budìjovické Pøedmìstí;384542;Na Trubách;è.p.;2173;;;39701;773154.19;1126165.35;2013-12-01T00:00:00
5543185;549240;Písek;;;;;404527;Budìjovické Pøedmìstí;384127;Jaromíra Malého;è.p.;2174;;;39701;773128.84;1126233.53;2013-12-01T00:00:00
5543193;549240;Písek;;;;;404527;Budìjovické Pøedmìstí;384542;Na Trubách;è.p.;2175;;;39701;773059.15;1126150.68;2013-12-01T00:00:00
5543207;549240;Písek;;;;;404527;Budìjovické Pøedmìstí;384127;Jaromíra Malého;è.p.;2176;;;39701;773139.49;1126404.64;2013-12-01T00:00:00
5543215;549240;Písek;;;;;404527;Budìjovické Pøedmìstí;385000;Táborská;è.p.;2177;;;39701;773033.11;1125368.19;2014-02-11T00:00:00
5543223;549240;Písek;;;;;404527;Budìjovické Pøedmìstí;385026;Truhláøská;è.p.;2178;;;39701;774163.77;1126969.25;2013-12-01T00:00:00
5543231;549240;Písek;;;;;404527;Budìjovické Pøedmìstí;384542;Na Trubách;è.p.;2179;;;39701;773144.10;1126139.10;2013-12-01T00:00:00
5543240;549240;Písek;;;;;404527;Budìjovické Pøedmìstí;384470;Na Pakšovce;è.p.;2180;;;39701;774738.90;1126817.66;2013-12-01T00:00:00
5543258;549240;Písek;;;;;404527;Budìjovické Pøedmìstí;384470;Na Pakšovce;è.p.;2181;;;39701;774745.54;1126815.35;2013-12-01T00:00:00
5543266;549240;Písek;;;;;404527;Budìjovické Pøedmìstí;384470;Na Pakšovce;è.p.;2182;;;39701;774751.13;1126811.60;2013-12-01T00:00:00
5543274;549240;Písek;;;;;404527;Budìjovické Pøedmìstí;384470;Na Pakšovce;è.p.;2183;;;39701;774756.99;1126809.98;2013-12-01T00:00:00
5543282;549240;Písek;;;;;404527;Budìjovické Pøedmìstí;384470;Na Pakšovce;è.p.;2184;;;39701;774764.76;1126814.23;2013-12-01T00:00:00
5543291;549240;Písek;;;;;404527;Budìjovické Pøedmìstí;384470;Na Pakšovce;è.p.;2185;;;39701;774771.08;1126813.10;2013-12-01T00:00:00
5543304;549240;Písek;;;;;404527;Budìjovické Pøedmìstí;384127;Jaromíra Malého;è.p.;2186;;;39701;773142.67;1126441.20;2013-12-01T00:00:00
5543312;549240;Písek;;;;;404527;Budìjovické Pøedmìstí;385352;Za Šarlákem;è.p.;2187;;;39701;774464.53;1127461.00;2013-12-01T00:00:00
5543321;549240;Písek;;;;;404527;Budìjovické Pøedmìstí;384364;Lesní;è.p.;2188;;;39701;773027.92;1126228.63;2013-12-01T00:00:00
5543339;549240;Písek;;;;;404527;Budìjovické Pøedmìstí;384127;Jaromíra Malého;è.p.;2189;;;39701;773082.16;1126162.18;2013-12-01T00:00:00
5543347;549240;Písek;;;;;404527;Budìjovické Pøedmìstí;384127;Jaromíra Malého;è.p.;2190;;;39701;773033.90;1125984.94;2013-12-01T00:00:00
5543355;549240;Písek;;;;;404527;Budìjovické Pøedmìstí;384470;Na Pakšovce;è.p.;2191;;;39701;774786.91;1126842.07;2013-12-01T00:00:00
5543363;549240;Písek;;;;;404527;Budìjovické Pøedmìstí;384127;Jaromíra Malého;è.p.;2192;;;39701;773136.77;1126059.18;2013-12-01T00:00:00
5543371;549240;Písek;;;;;404527;Budìjovické Pøedmìstí;384127;Jaromíra Malého;è.p.;2193;;;39701;773115.51;1126049.00;2013-12-01T00:00:00
5543380;549240;Písek;;;;;404527;Budìjovické Pøedmìstí;384127;Jaromíra Malého;è.p.;2194;;;39701;773116.85;1126025.14;2013-12-01T00:00:00
5543398;549240;Písek;;;;;404527;Budìjovické Pøedmìstí;384127;Jaromíra Malého;è.p.;2195;;;39701;773118.44;1126000.98;2013-12-01T00:00:00
5543401;549240;Písek;;;;;404527;Budìjovické Pøedmìstí;384127;Jaromíra Malého;è.p.;2196;;;39701;773120.14;1125977.20;2013-12-01T00:00:00
5543410;549240;Písek;;;;;404527;Budìjovické Pøedmìstí;384127;Jaromíra Malého;è.p.;2197;;;39701;773120.81;1125953.21;2013-12-01T00:00:00
5543428;549240;Písek;;;;;404527;Budìjovické Pøedmìstí;384127;Jaromíra Malého;è.p.;2198;;;39701;773137.65;1126423.19;2013-12-01T00:00:00
5543436;549240;Písek;;;;;404527;Budìjovické Pøedmìstí;384470;Na Pakšovce;è.p.;2199;;;39701;774779.32;1126847.38;2013-12-01T00:00:00
5543444;549240;Písek;;;;;404527;Budìjovické Pøedmìstí;384470;Na Pakšovce;è.p.;2200;;;39701;774773.49;1126850.01;2013-12-01T00:00:00
5543452;549240;Písek;;;;;404527;Budìjovické Pøedmìstí;384470;Na Pakšovce;è.p.;2201;;;39701;774839.78;1126811.31;2013-12-01T00:00:00
5543461;549240;Písek;;;;;404527;Budìjovické Pøedmìstí;384470;Na Pakšovce;è.p.;2202;;;39701;774843.88;1126805.93;2013-12-01T00:00:00
5543479;549240;Písek;;;;;404527;Budìjovické Pøedmìstí;384470;Na Pakšovce;è.p.;2203;;;39701;774853.80;1126806.49;2013-12-01T00:00:00
5543487;549240;Písek;;;;;404527;Budìjovické Pøedmìstí;384470;Na Pakšovce;è.p.;2204;;;39701;774857.90;1126801.81;2013-12-01T00:00:00
5543495;549240;Písek;;;;;404527;Budìjovické Pøedmìstí;384470;Na Pakšovce;è.p.;2205;;;39701;774856.37;1126790.67;2013-12-01T00:00:00
5543509;549240;Písek;;;;;404527;Budìjovické Pøedmìstí;384470;Na Pakšovce;è.p.;2206;;;39701;774859.86;1126785.67;2013-12-01T00:00:00
5543517;549240;Písek;;;;;404527;Budìjovické Pøedmìstí;384470;Na Pakšovce;è.p.;2207;;;39701;774872.36;1126785.74;2013-12-01T00:00:00
5543525;549240;Písek;;;;;404527;Budìjovické Pøedmìstí;384470;Na Pakšovce;è.p.;2208;;;39701;774872.90;1126778.40;2013-12-01T00:00:00
5543533;549240;Písek;;;;;404527;Budìjovické Pøedmìstí;384470;Na Pakšovce;è.p.;2209;;;39701;774793.34;1126840.70;2013-12-01T00:00:00
5543541;549240;Písek;;;;;404527;Budìjovické Pøedmìstí;384470;Na Pakšovce;è.p.;2210;;;39701;774798.67;1126843.37;2013-12-01T00:00:00
5543550;549240;Písek;;;;;404527;Budìjovické Pøedmìstí;384470;Na Pakšovce;è.p.;2211;;;39701;774804.94;1126841.66;2013-12-01T00:00:00
5543568;549240;Písek;;;;;404527;Budìjovické Pøedmìstí;384470;Na Pakšovce;è.p.;2212;;;39701;774809.33;1126830.81;2013-12-01T00:00:00
5543576;549240;Písek;;;;;404527;Budìjovické Pøedmìstí;384470;Na Pakšovce;è.p.;2213;;;39701;774816.61;1126829.83;2013-12-01T00:00:00
5543584;549240;Písek;;;;;404527;Budìjovické Pøedmìstí;384470;Na Pakšovce;è.p.;2214;;;39701;774747.18;1126852.38;2013-12-01T00:00:00
5543592;549240;Písek;;;;;404527;Budìjovické Pøedmìstí;384470;Na Pakšovce;è.p.;2215;;;39701;774753.97;1126851.01;2013-12-01T00:00:00
5543606;549240;Písek;;;;;404527;Budìjovické Pøedmìstí;384470;Na Pakšovce;è.p.;2216;;;39701;774758.73;1126843.62;2013-12-01T00:00:00
5543614;549240;Písek;;;;;404527;Budìjovické Pøedmìstí;384470;Na Pakšovce;è.p.;2217;;;39701;774764.95;1126841.98;2013-12-01T00:00:00
5543622;549240;Písek;;;;;404527;Budìjovické Pøedmìstí;385468;Smrkovická;è.p.;2218;;;39701;774176.08;1126894.22;2013-12-01T00:00:00
5543631;549240;Písek;;;;;404527;Budìjovické Pøedmìstí;385468;Smrkovická;è.p.;2219;;;39701;774145.12;1126935.17;2013-12-01T00:00:00
5543649;549240;Písek;;;;;404527;Budìjovické Pøedmìstí;385026;Truhláøská;è.p.;2220;;;39701;774219.96;1126919.49;2013-12-01T00:00:00
5543657;549240;Písek;;;;;404527;Budìjovické Pøedmìstí;384127;Jaromíra Malého;è.p.;2221;;;39701;773117.10;1126175.57;2013-12-01T00:00:00
5543665;549240;Písek;;;;;404527;Budìjovické Pøedmìstí;384127;Jaromíra Malého;è.p.;2222;;;39701;773141.74;1126525.10;2013-12-01T00:00:00
5543673;549240;Písek;;;;;404527;Budìjovické Pøedmìstí;385549;Vrcovická;è.p.;2223;;;39701;773167.39;1125007.13;2013-12-01T00:00:00
5543681;549240;Písek;;;;;404527;Budìjovické Pøedmìstí;384127;Jaromíra Malého;è.p.;2224;;;39701;773122.10;1125907.52;2013-12-01T00:00:00
5543690;549240;Písek;;;;;404527;Budìjovické Pøedmìstí;383783;Dr. M. Horákové;è.p.;2225;;;39701;773602.17;1126611.29;2013-12-01T00:00:00
5543703;549240;Písek;;;;;404527;Budìjovické Pøedmìstí;384127;Jaromíra Malého;è.p.;2226;;;39701;773062.46;1125964.13;2013-12-01T00:00:00
5543711;549240;Písek;;;;;404527;Budìjovické Pøedmìstí;385549;Vrcovická;è.p.;2227;;;39701;773108.06;1124978.36;2013-12-01T00:00:00
5543720;549240;Písek;;;;;404527;Budìjovické Pøedmìstí;383805;Budìjovická;è.p.;2228;;;39701;773683.16;1126641.78;2013-12-01T00:00:00
5543738;549240;Písek;;;;;404527;Budìjovické Pøedmìstí;384127;Jaromíra Malého;è.p.;2229;;;39701;773062.34;1126062.70;2013-12-01T00:00:00
5543746;549240;Písek;;;;;404527;Budìjovické Pøedmìstí;385549;Vrcovická;è.p.;2230;;;39701;773443.56;1125110.93;2013-12-01T00:00:00
5543754;549240;Písek;;;;;404527;Budìjovické Pøedmìstí;384470;Na Pakšovce;è.p.;2231;;;39701;774782.27;1126882.10;2013-12-01T00:00:00
5543762;549240;Písek;;;;;404527;Budìjovické Pøedmìstí;384470;Na Pakšovce;è.p.;2232;;;39701;774767.42;1126881.33;2013-12-01T00:00:00
5543771;549240;Písek;;;;;404527;Budìjovické Pøedmìstí;384470;Na Pakšovce;è.p.;2233;;;39701;774777.07;1126805.50;2013-12-01T00:00:00
5543789;549240;Písek;;;;;404527;Budìjovické Pøedmìstí;384585;Nádraní;è.p.;2234;;;39701;774243.45;1126453.50;2013-12-01T00:00:00
5543797;549240;Písek;;;;;404527;Budìjovické Pøedmìstí;384470;Na Pakšovce;è.p.;2235;;;39701;774788.43;1126880.71;2013-12-01T00:00:00
5543801;549240;Písek;;;;;404527;Budìjovické Pøedmìstí;384127;Jaromíra Malého;è.p.;2236;;;39701;773139.74;1126483.76;2013-12-01T00:00:00
5543819;549240;Písek;;;;;404527;Budìjovické Pøedmìstí;385387;Zborovská;è.p.;2237;;;39701;773305.86;1126561.50;2013-12-01T00:00:00
5543827;549240;Písek;;;;;404527;Budìjovické Pøedmìstí;384470;Na Pakšovce;è.p.;2238;;;39701;774797.16;1126803.52;2013-12-01T00:00:00
5543835;549240;Písek;;;;;404527;Budìjovické Pøedmìstí;384658;Otakara Jeremiáše;è.p.;2239;;;39701;773132.37;1125840.79;2013-12-01T00:00:00
5543843;549240;Písek;;;;;404527;Budìjovické Pøedmìstí;384071;Harantova;è.p.;2240;47;;39701;773704.19;1126163.63;2013-12-01T00:00:00
5543851;549240;Písek;;;;;404527;Budìjovické Pøedmìstí;384071;Harantova;è.p.;2241;49;;39701;773698.17;1126152.08;2013-12-01T00:00:00
5543860;549240;Písek;;;;;404527;Budìjovické Pøedmìstí;384071;Harantova;è.p.;2242;51;;39701;773691.68;1126140.65;2013-12-01T00:00:00
5543878;549240;Písek;;;;;404527;Budìjovické Pøedmìstí;384470;Na Pakšovce;è.p.;2243;;;39701;774839.84;1126868.74;2013-12-01T00:00:00
5543886;549240;Písek;;;;;404527;Budìjovické Pøedmìstí;384470;Na Pakšovce;è.p.;2244;;;39701;774833.75;1126870.30;2013-12-01T00:00:00
5543894;549240;Písek;;;;;404527;Budìjovické Pøedmìstí;384470;Na Pakšovce;è.p.;2245;;;39701;774818.32;1126867.16;2013-12-01T00:00:00
5543916;549240;Písek;;;;;404527;Budìjovické Pøedmìstí;384127;Jaromíra Malého;è.p.;2247;;;39701;773056.37;1125902.45;2013-12-01T00:00:00
5543924;549240;Písek;;;;;404527;Budìjovické Pøedmìstí;384127;Jaromíra Malého;è.p.;2248;;;39701;773058.52;1125878.45;2013-12-01T00:00:00
5543932;549240;Písek;;;;;404527;Budìjovické Pøedmìstí;384470;Na Pakšovce;è.p.;2249;;;39701;774756.75;1126889.18;2013-12-01T00:00:00
5543941;549240;Písek;;;;;404527;Budìjovické Pøedmìstí;385026;Truhláøská;è.p.;2250;;;39701;774344.87;1126986.51;2013-12-01T00:00:00
5543959;549240;Písek;;;;;404527;Budìjovické Pøedmìstí;385026;Truhláøská;è.p.;2251;;;39701;774321.44;1126947.25;2013-12-01T00:00:00
5543967;549240;Písek;;;;;404527;Budìjovické Pøedmìstí;385026;Truhláøská;è.p.;2252;;;39701;774320.69;1126928.00;2013-12-01T00:00:00
5543975;549240;Písek;;;;;404527;Budìjovické Pøedmìstí;385026;Truhláøská;è.p.;2253;;;39701;774322.63;1126909.38;2013-12-01T00:00:00
5543983;549240;Písek;;;;;404527;Budìjovické Pøedmìstí;385026;Truhláøská;è.p.;2254;;;39701;774321.06;1126890.25;2013-12-01T00:00:00
5543991;549240;Písek;;;;;404527;Budìjovické Pøedmìstí;385026;Truhláøská;è.p.;2255;;;39701;774326.19;1126873.75;2013-12-01T00:00:00
5544009;549240;Písek;;;;;404527;Budìjovické Pøedmìstí;385026;Truhláøská;è.p.;2256;;;39701;774339.26;1126852.34;2013-12-01T00:00:00
5544017;549240;Písek;;;;;404527;Budìjovické Pøedmìstí;384631;Ostrovní;è.p.;2257;;;39701;774530.52;1126371.78;2013-12-01T00:00:00
5544025;549240;Písek;;;;;404527;Budìjovické Pøedmìstí;384470;Na Pakšovce;è.p.;2258;;;39701;774763.08;1126887.41;2013-12-01T00:00:00
5544033;549240;Písek;;;;;404527;Budìjovické Pøedmìstí;384577;nábøeí 1. máje;è.p.;2259;;;39701;774325.79;1125801.29;2013-12-01T00:00:00
5544041;549240;Písek;;;;;404527;Budìjovické Pøedmìstí;385000;Táborská;è.p.;2260;;;39701;773014.10;1125483.09;2014-02-11T00:00:00
5544050;549240;Písek;;;;;404527;Budìjovické Pøedmìstí;384470;Na Pakšovce;è.p.;2261;;;39701;774763.54;1126926.86;2013-12-01T00:00:00
5544068;549240;Písek;;;;;404527;Budìjovické Pøedmìstí;384470;Na Pakšovce;è.p.;2262;;;39701;774792.71;1126874.47;2013-12-01T00:00:00
5544076;549240;Písek;;;;;404527;Budìjovické Pøedmìstí;385531;U Smrkovické silnice;è.p.;2263;;;39701;774271.64;1128130.19;2013-12-01T00:00:00
5544084;549240;Písek;;;;;404527;Budìjovické Pøedmìstí;384470;Na Pakšovce;è.p.;2264;;;39701;774773.44;1126884.37;2013-12-01T00:00:00
5544092;549240;Písek;;;;;404527;Budìjovické Pøedmìstí;384470;Na Pakšovce;è.p.;2266;;;39701;774801.74;1126794.44;2013-12-01T00:00:00
5544106;549240;Písek;;;;;404527;Budìjovické Pøedmìstí;384470;Na Pakšovce;è.p.;2267;;;39701;774801.94;1126877.37;2013-12-01T00:00:00
5544114;549240;Písek;;;;;404527;Budìjovické Pøedmìstí;384470;Na Pakšovce;è.p.;2268;;;39701;774808.54;1126876.67;2013-12-01T00:00:00
5544122;549240;Písek;;;;;404527;Budìjovické Pøedmìstí;384852;Sedláèkova;è.p.;2269;;;39701;773285.66;1125685.09;2014-02-11T00:00:00
5544131;549240;Písek;;;;;404527;Budìjovické Pøedmìstí;384470;Na Pakšovce;è.p.;2270;;;39701;774782.91;1126803.64;2013-12-01T00:00:00
5544149;549240;Písek;;;;;404527;Budìjovické Pøedmìstí;384127;Jaromíra Malého;è.p.;2271;;;39701;773133.60;1126384.02;2013-12-01T00:00:00
5544157;549240;Písek;;;;;404527;Budìjovické Pøedmìstí;384399;Mírové nám.;è.p.;2272;;;39701;773625.09;1125892.92;2013-12-01T00:00:00
5544165;549240;Písek;;;;;404527;Budìjovické Pøedmìstí;384127;Jaromíra Malého;è.p.;2273;;;39701;773060.10;1125854.39;2013-12-01T00:00:00
5544173;549240;Písek;;;;;404527;Budìjovické Pøedmìstí;384127;Jaromíra Malého;è.p.;2274;;;39701;773061.49;1125830.93;2013-12-01T00:00:00
5544181;549240;Písek;;;;;404527;Budìjovické Pøedmìstí;384127;Jaromíra Malého;è.p.;2275;;;39701;773128.35;1126266.81;2013-12-01T00:00:00
5544190;549240;Písek;;;;;404527;Budìjovické Pøedmìstí;384178;Hradišská;è.p.;2276;;;39701;774879.31;1126527.47;2013-12-01T00:00:00
5544203;549240;Písek;;;;;404527;Budìjovické Pøedmìstí;384330;Legionáøská;è.p.;2277;;;39701;773373.29;1126381.13;2013-12-01T00:00:00
5544211;549240;Písek;;;;;404527;Budìjovické Pøedmìstí;384470;Na Pakšovce;è.p.;2278;;;39701;774826.95;1126868.98;2013-12-01T00:00:00
5544220;549240;Písek;;;;;404527;Budìjovické Pøedmìstí;384658;Otakara Jeremiáše;è.p.;2279;;;39701;773251.31;1126461.57;2013-12-01T00:00:00
5544238;549240;Písek;;;;;404527;Budìjovické Pøedmìstí;384585;Nádraní;è.p.;2282;;;39701;774395.59;1127015.81;2013-12-01T00:00:00
5544246;549240;Písek;;;;;404527;Budìjovické Pøedmìstí;384127;Jaromíra Malého;è.p.;2283;;;39701;773185.29;1126784.74;2013-12-01T00:00:00
5544254;549240;Písek;;;;;404527;Budìjovické Pøedmìstí;384127;Jaromíra Malého;è.p.;2284;;;39701;773193.00;1126805.32;2013-12-01T00:00:00
5544271;549240;Písek;;;;;404527;Budìjovické Pøedmìstí;384852;Sedláèkova;è.p.;2286;;;39701;773303.47;1125607.93;2014-02-11T00:00:00
5544289;549240;Písek;;;;;404527;Budìjovické Pøedmìstí;385077;tøída Pøátelství;è.p.;2287;;;39701;774326.34;1127100.18;2013-12-01T00:00:00
5544297;549240;Písek;;;;;404527;Budìjovické Pøedmìstí;384691;Pivovarská;è.p.;2288;;;39701;774711.14;1126640.41;2013-12-01T00:00:00
5544301;549240;Písek;;;;;404527;Budìjovické Pøedmìstí;384585;Nádraní;è.p.;2289;;;39701;774359.43;1126909.54;2014-02-06T00:00:00
5544319;549240;Písek;;;;;404527;Budìjovické Pøedmìstí;384381;Máchova;è.p.;2290;;;39701;773073.75;1126357.48;2013-12-01T00:00:00
5544327;549240;Písek;;;;;404527;Budìjovické Pøedmìstí;384470;Na Pakšovce;è.p.;2291;;;39701;774814.01;1126874.62;2013-12-01T00:00:00
5544335;549240;Písek;;;;;404527;Budìjovické Pøedmìstí;384127;Jaromíra Malého;è.p.;2292;;;39701;773099.24;1126314.23;2013-12-01T00:00:00
5544343;549240;Písek;;;;;404527;Budìjovické Pøedmìstí;384127;Jaromíra Malého;è.p.;2293;;;39701;773179.86;1126765.69;2013-12-01T00:00:00
5544351;549240;Písek;;;;;404527;Budìjovické Pøedmìstí;384585;Nádraní;è.p.;2294;;;39701;774583.80;1127111.51;2014-02-06T00:00:00
5544360;549240;Písek;;;;;404527;Budìjovické Pøedmìstí;384585;Nádraní;è.p.;2295;;;39701;774440.45;1127075.31;2013-12-01T00:00:00
5544378;549240;Písek;;;;;404527;Budìjovické Pøedmìstí;384585;Nádraní;è.p.;2296;;;39701;774439.71;1127085.06;2013-12-01T00:00:00
5544386;549240;Písek;;;;;404527;Budìjovické Pøedmìstí;385549;Vrcovická;è.p.;2297;;;39701;773732.43;1125206.98;2013-12-01T00:00:00
5544394;549240;Písek;;;;;404527;Budìjovické Pøedmìstí;384976;Šobrova;è.p.;2298;;;39701;773572.85;1126689.23;2014-02-10T00:00:00
5544408;549240;Písek;;;;;404527;Budìjovické Pøedmìstí;384976;Šobrova;è.p.;2299;;;39701;773567.03;1126663.92;2014-02-10T00:00:00
5544416;549240;Písek;;;;;404527;Budìjovické Pøedmìstí;385000;Táborská;è.p.;2300;;;39701;773165.36;1125583.66;2014-02-11T00:00:00
5544424;549240;Písek;;;;;404527;Budìjovické Pøedmìstí;384119;Jana Mukaøovského;è.p.;2301;;;39701;772903.66;1125695.71;2013-12-01T00:00:00
5544432;549240;Písek;;;;;404527;Budìjovické Pøedmìstí;384470;Na Pakšovce;è.p.;2302;;;39701;774790.62;1126804.96;2013-12-01T00:00:00
5544441;549240;Písek;;;;;404527;Budìjovické Pøedmìstí;384119;Jana Mukaøovského;è.p.;2303;;;39701;772885.67;1125712.58;2013-12-01T00:00:00
5544459;549240;Písek;;;;;404527;Budìjovické Pøedmìstí;385425;Richarda Weinera;è.p.;2304;;;39701;772924.26;1125812.37;2013-12-01T00:00:00
5544467;549240;Písek;;;;;404527;Budìjovické Pøedmìstí;384101;Jana Èarka;è.p.;2305;;;39701;772993.46;1125720.66;2013-12-01T00:00:00
5544475;549240;Písek;;;;;404527;Budìjovické Pøedmìstí;384101;Jana Èarka;è.p.;2306;;;39701;773006.40;1125743.39;2013-12-01T00:00:00
5544483;549240;Písek;;;;;404527;Budìjovické Pøedmìstí;384291;Kollárova;è.p.;2307;;;39701;774221.45;1125637.06;2013-12-01T00:00:00
5544491;549240;Písek;;;;;404527;Budìjovické Pøedmìstí;384470;Na Pakšovce;è.p.;2308;;;39701;774808.12;1126794.57;2013-12-01T00:00:00
5544505;549240;Písek;;;;;404527;Budìjovické Pøedmìstí;384119;Jana Mukaøovského;è.p.;2309;;;39701;772887.08;1125632.35;2019-10-14T00:00:00
5544513;549240;Písek;;;;;404527;Budìjovické Pøedmìstí;384119;Jana Mukaøovského;è.p.;2310;;;39701;772913.97;1125703.27;2013-12-01T00:00:00
5544521;549240;Písek;;;;;404527;Budìjovické Pøedmìstí;384119;Jana Mukaøovského;è.p.;2311;;;39701;772941.72;1125674.93;2013-12-01T00:00:00
5544530;549240;Písek;;;;;404527;Budìjovické Pøedmìstí;384127;Jaromíra Malého;è.p.;2312;;;39701;773171.22;1126745.60;2013-12-01T00:00:00
5544548;549240;Písek;;;;;404527;Budìjovické Pøedmìstí;385425;Richarda Weinera;è.p.;2313;;;39701;772924.34;1125835.27;2013-12-01T00:00:00
5544556;549240;Písek;;;;;404527;Budìjovické Pøedmìstí;384127;Jaromíra Malého;è.p.;2314;;;39701;773083.20;1126274.62;2013-12-01T00:00:00
5544564;549240;Písek;;;;;404527;Budìjovické Pøedmìstí;385425;Richarda Weinera;è.p.;2315;;;39701;772924.54;1125828.11;2013-12-01T00:00:00
5544572;549240;Písek;;;;;404527;Budìjovické Pøedmìstí;385425;Richarda Weinera;è.p.;2316;;;39701;772921.58;1125820.95;2013-12-01T00:00:00
5544581;549240;Písek;;;;;404527;Budìjovické Pøedmìstí;384101;Jana Èarka;è.p.;2317;;;39701;773017.18;1125765.57;2013-12-01T00:00:00
5544599;549240;Písek;;;;;404527;Budìjovické Pøedmìstí;384101;Jana Èarka;è.p.;2318;;;39701;773014.60;1125758.43;2013-12-01T00:00:00
5544602;549240;Písek;;;;;404527;Budìjovické Pøedmìstí;384470;Na Pakšovce;è.p.;2319;;;39701;774864.54;1126847.79;2013-12-01T00:00:00
5544611;549240;Písek;;;;;404527;Budìjovické Pøedmìstí;384470;Na Pakšovce;è.p.;2320;;;39701;774868.57;1126842.57;2013-12-01T00:00:00
5544629;549240;Písek;;;;;404527;Budìjovické Pøedmìstí;384101;Jana Èarka;è.p.;2321;;;39701;772990.49;1125713.22;2013-12-01T00:00:00
5544637;549240;Písek;;;;;404527;Budìjovické Pøedmìstí;384119;Jana Mukaøovského;è.p.;2322;;;39701;772852.57;1125738.20;2013-12-01T00:00:00
5544645;549240;Písek;;;;;404527;Budìjovické Pøedmìstí;384119;Jana Mukaøovského;è.p.;2323;;;39701;772846.07;1125743.63;2013-12-01T00:00:00
5544653;549240;Písek;;;;;404527;Budìjovické Pøedmìstí;384119;Jana Mukaøovského;è.p.;2324;;;39701;772896.95;1125700.55;2013-12-01T00:00:00
5544661;549240;Písek;;;;;404527;Budìjovické Pøedmìstí;384119;Jana Mukaøovského;è.p.;2325;;;39701;772958.28;1125669.03;2013-12-01T00:00:00
5544670;549240;Písek;;;;;404527;Budìjovické Pøedmìstí;384470;Na Pakšovce;è.p.;2326;;;39701;774880.22;1126825.75;2013-12-01T00:00:00
5544688;549240;Písek;;;;;404527;Budìjovické Pøedmìstí;384470;Na Pakšovce;è.p.;2327;;;39701;774885.09;1126820.95;2013-12-01T00:00:00
5544696;549240;Písek;;;;;404527;Budìjovické Pøedmìstí;385514;U Martínka;è.p.;2328;;;39701;773449.34;1124379.11;2013-12-01T00:00:00
5544700;549240;Písek;;;;;404527;Budìjovické Pøedmìstí;384470;Na Pakšovce;è.p.;2329;;;39701;774872.13;1126827.85;2013-12-01T00:00:00
5544718;549240;Písek;;;;;404527;Budìjovické Pøedmìstí;384119;Jana Mukaøovského;è.p.;2330;;;39701;772890.69;1125705.25;2013-12-01T00:00:00
5544726;549240;Písek;;;;;404527;Budìjovické Pøedmìstí;384101;Jana Èarka;è.p.;2331;;;39701;773001.30;1125735.69;2013-12-01T00:00:00
5544734;549240;Písek;;;;;404527;Budìjovické Pøedmìstí;384101;Jana Èarka;è.p.;2332;;;39701;772998.05;1125727.99;2013-12-01T00:00:00
5544742;549240;Písek;;;;;404527;Budìjovické Pøedmìstí;384127;Jaromíra Malého;è.p.;2333;;;39701;773139.32;1126502.27;2013-12-01T00:00:00
5544751;549240;Písek;;;;;404527;Budìjovické Pøedmìstí;384372;Lipová alej;è.p.;2334;;;39701;774540.20;1126854.36;2013-12-01T00:00:00
5544769;549240;Písek;;;;;404527;Budìjovické Pøedmìstí;384470;Na Pakšovce;è.p.;2335;;;39701;774867.56;1126832.57;2013-12-01T00:00:00
5544777;549240;Písek;;;;;404527;Budìjovické Pøedmìstí;384119;Jana Mukaøovského;è.p.;2336;;;39701;772928.88;1125684.16;2013-12-01T00:00:00
5544785;549240;Písek;;;;;404527;Budìjovické Pøedmìstí;385000;Táborská;è.p.;2337;;;39701;773385.16;1125843.10;2014-02-11T00:00:00
5544793;549240;Písek;;;;;404527;Budìjovické Pøedmìstí;385000;Táborská;è.p.;2338;;;39701;773368.16;1125848.18;2014-02-11T00:00:00
5544807;549240;Písek;;;;;404527;Budìjovické Pøedmìstí;385000;Táborská;è.p.;2339;;;39701;773351.15;1125853.66;2014-02-11T00:00:00
5544815;549240;Písek;;;;;404527;Budìjovické Pøedmìstí;384101;Jana Èarka;è.p.;2340;;;39701;772976.58;1125693.94;2013-12-01T00:00:00
5544823;549240;Písek;;;;;404527;Budìjovické Pøedmìstí;384151;Jiøího Srnky;è.p.;2341;;;39701;773097.10;1125735.52;2013-12-01T00:00:00
5544831;549240;Písek;;;;;404527;Budìjovické Pøedmìstí;384119;Jana Mukaøovského;è.p.;2342;;;39701;772858.79;1125734.17;2013-12-01T00:00:00
5544840;549240;Písek;;;;;404527;Budìjovické Pøedmìstí;385425;Richarda Weinera;è.p.;2343;;;39701;772911.62;1125744.43;2013-12-01T00:00:00
5544858;549240;Písek;;;;;404527;Budìjovické Pøedmìstí;384119;Jana Mukaøovského;è.p.;2344;;;39701;772987.56;1125651.52;2013-12-01T00:00:00
5544866;549240;Písek;;;;;404527;Budìjovické Pøedmìstí;384658;Otakara Jeremiáše;è.p.;2345;;;39701;773200.53;1126399.51;2013-12-01T00:00:00
5544874;549240;Písek;;;;;404527;Budìjovické Pøedmìstí;384119;Jana Mukaøovského;è.p.;2346;;;39701;772994.30;1125647.52;2013-12-01T00:00:00
5544882;549240;Písek;;;;;404527;Budìjovické Pøedmìstí;384101;Jana Èarka;è.p.;2347;;;39701;773021.79;1125773.55;2013-12-01T00:00:00
5544891;549240;Písek;;;;;404527;Budìjovické Pøedmìstí;384151;Jiøího Srnky;è.p.;2348;;;39701;773088.57;1125720.64;2013-12-01T00:00:00
5544904;549240;Písek;;;;;404527;Budìjovické Pøedmìstí;384151;Jiøího Srnky;è.p.;2349;;;39701;773080.75;1125705.20;2013-12-01T00:00:00
5544912;549240;Písek;;;;;404527;Budìjovické Pøedmìstí;384119;Jana Mukaøovského;è.p.;2350;;;39701;772947.98;1125670.02;2013-12-01T00:00:00
5544921;549240;Písek;;;;;404527;Budìjovické Pøedmìstí;384101;Jana Èarka;è.p.;2351;;;39701;772981.13;1125705.68;2013-12-01T00:00:00
5544939;549240;Písek;;;;;404527;Budìjovické Pøedmìstí;384151;Jiøího Srnky;è.p.;2352;;;39701;773083.79;1125712.82;2013-12-01T00:00:00
5544947;549240;Písek;;;;;404527;Budìjovické Pøedmìstí;384101;Jana Èarka;è.p.;2353;;;39701;773003.21;1125808.41;2013-12-01T00:00:00
5544955;549240;Písek;;;;;404527;Budìjovické Pøedmìstí;384151;Jiøího Srnky;è.p.;2354;;;39701;773093.13;1125728.16;2013-12-01T00:00:00
5544963;549240;Písek;;;;;404527;Budìjovické Pøedmìstí;384101;Jana Èarka;è.p.;2355;;;39701;772998.44;1125802.09;2013-12-01T00:00:00
5544971;549240;Písek;;;;;404527;Budìjovické Pøedmìstí;384151;Jiøího Srnky;è.p.;2356;;;39701;773049.24;1125642.97;2013-12-01T00:00:00
5544980;549240;Písek;;;;;404527;Budìjovické Pøedmìstí;384101;Jana Èarka;è.p.;2357;;;39701;772986.46;1125781.36;2013-12-01T00:00:00
5544998;549240;Písek;;;;;404527;Budìjovické Pøedmìstí;384101;Jana Èarka;è.p.;2358;;;39701;773007.41;1125813.73;2013-12-01T00:00:00
5545005;549240;Písek;;;;;404527;Budìjovické Pøedmìstí;384151;Jiøího Srnky;è.p.;2359;;;39701;773067.51;1125682.23;2013-12-01T00:00:00
5545013;549240;Písek;;;;;404527;Budìjovické Pøedmìstí;384101;Jana Èarka;è.p.;2360;;;39701;772952.17;1125719.54;2013-12-01T00:00:00
5545021;549240;Písek;;;;;404527;Budìjovické Pøedmìstí;384976;Šobrova;è.p.;2361;;;39701;773317.13;1126770.23;2013-12-01T00:00:00
5545030;549240;Písek;;;;;404527;Budìjovické Pøedmìstí;385425;Richarda Weinera;è.p.;2362;;;39701;772912.07;1125783.71;2013-12-01T00:00:00
5545048;549240;Písek;;;;;404527;Budìjovické Pøedmìstí;384151;Jiøího Srnky;è.p.;2363;;;39701;773035.81;1125625.99;2013-12-01T00:00:00
5545056;549240;Písek;;;;;404527;Budìjovické Pøedmìstí;385425;Richarda Weinera;è.p.;2364;;;39701;772912.99;1125791.14;2013-12-01T00:00:00
5545064;549240;Písek;;;;;404527;Budìjovické Pøedmìstí;384101;Jana Èarka;è.p.;2365;;;39701;772983.91;1125774.25;2013-12-01T00:00:00
5545072;549240;Písek;;;;;404527;Budìjovické Pøedmìstí;384101;Jana Èarka;è.p.;2366;;;39701;772955.46;1125727.09;2013-12-01T00:00:00
5545081;549240;Písek;;;;;404527;Budìjovické Pøedmìstí;385077;tøída Pøátelství;è.p.;2367;;;39701;774004.46;1127045.48;2013-12-01T00:00:00
5545099;549240;Písek;;;;;404527;Budìjovické Pøedmìstí;385077;tøída Pøátelství;è.p.;2368;;;39701;773977.48;1127048.34;2013-12-01T00:00:00
5545102;549240;Písek;;;;;404527;Budìjovické Pøedmìstí;384101;Jana Èarka;è.p.;2369;;;39701;772967.37;1125747.42;2013-12-01T00:00:00
5545111;549240;Písek;;;;;404527;Budìjovické Pøedmìstí;384101;Jana Èarka;è.p.;2370;;;39701;772990.06;1125788.30;2013-12-01T00:00:00
5545129;549240;Písek;;;;;404527;Budìjovické Pøedmìstí;385425;Richarda Weinera;è.p.;2371;;;39701;772910.81;1125753.05;2013-12-01T00:00:00
5545137;549240;Písek;;;;;404527;Budìjovické Pøedmìstí;385425;Richarda Weinera;è.p.;2372;;;39701;772910.35;1125776.96;2013-12-01T00:00:00
5545145;549240;Písek;;;;;404527;Budìjovické Pøedmìstí;384101;Jana Èarka;è.p.;2373;;;39701;772971.37;1125754.23;2013-12-01T00:00:00
5545153;549240;Písek;;;;;404527;Budìjovické Pøedmìstí;385387;Zborovská;è.p.;2374;;;39701;773313.54;1126749.53;2013-12-01T00:00:00
5545161;549240;Písek;;;;;404527;Budìjovické Pøedmìstí;385425;Richarda Weinera;è.p.;2375;;;39701;772904.01;1125893.55;2013-12-01T00:00:00
5545170;549240;Písek;;;;;404527;Budìjovické Pøedmìstí;384101;Jana Èarka;è.p.;2376;;;39701;772959.14;1125733.28;2013-12-01T00:00:00
5545188;549240;Písek;;;;;404527;Budìjovické Pøedmìstí;384151;Jiøího Srnky;è.p.;2377;;;39701;773053.80;1125658.84;2013-12-01T00:00:00
5545196;549240;Písek;;;;;404527;Budìjovické Pøedmìstí;385077;tøída Pøátelství;è.p.;2378;;;39701;774026.77;1127045.33;2013-12-01T00:00:00
5545200;549240;Písek;;;;;404527;Budìjovické Pøedmìstí;385077;tøída Pøátelství;è.p.;2379;;;39701;774034.91;1127023.31;2013-12-01T00:00:00
5545218;549240;Písek;;;;;404527;Budìjovické Pøedmìstí;385077;tøída Pøátelství;è.p.;2380;;;39701;774033.10;1127002.51;2013-12-01T00:00:00
5545226;549240;Písek;;;;;404527;Budìjovické Pøedmìstí;385077;tøída Pøátelství;è.p.;2381;;;39701;774009.58;1126993.16;2013-12-01T00:00:00
5545234;549240;Písek;;;;;404527;Budìjovické Pøedmìstí;385182;U Vodárny;è.p.;2382;;;39701;775516.70;1126320.71;2013-12-01T00:00:00
5545242;549240;Písek;;;;;404527;Budìjovické Pøedmìstí;385174;U Vodáka;è.p.;2383;;;39701;772304.62;1126222.06;2014-02-11T00:00:00
5545251;549240;Písek;;;;;404527;Budìjovické Pøedmìstí;384101;Jana Èarka;è.p.;2384;;;39701;772943.99;1125714.91;2013-12-01T00:00:00
5545269;549240;Písek;;;;;404527;Budìjovické Pøedmìstí;384151;Jiøího Srnky;è.p.;2385;;;39701;773076.44;1125697.90;2013-12-01T00:00:00
5545277;549240;Písek;;;;;404527;Budìjovické Pøedmìstí;384151;Jiøího Srnky;è.p.;2386;;;39701;773071.16;1125689.79;2013-12-01T00:00:00
5545285;549240;Písek;;;;;404527;Budìjovické Pøedmìstí;385395;Zeyerova;è.p.;2387;;;39701;774596.87;1126570.64;2013-12-01T00:00:00
5545293;549240;Písek;;;;;404527;Budìjovické Pøedmìstí;385395;Zeyerova;è.p.;2388;;;39701;774612.74;1126574.07;2013-12-01T00:00:00
5545307;549240;Písek;;;;;404527;Budìjovické Pøedmìstí;384992;Švantlova;è.p.;2389;;;39701;774568.63;1126602.98;2013-12-01T00:00:00
5545315;549240;Písek;;;;;404527;Budìjovické Pøedmìstí;384992;Švantlova;è.p.;2390;;;39701;774588.14;1126613.23;2013-12-01T00:00:00
5545323;549240;Písek;;;;;404527;Budìjovické Pøedmìstí;385085;Tylova;è.p.;2391;;;39701;774030.74;1125877.12;2013-12-01T00:00:00
5545331;549240;Písek;;;;;404527;Budìjovické Pøedmìstí;384101;Jana Èarka;è.p.;2392;;;39701;772993.81;1125795.28;2013-12-01T00:00:00
5545340;549240;Písek;;;;;404527;Budìjovické Pøedmìstí;384119;Jana Mukaøovského;è.p.;2393;;;39701;772935.37;1125678.97;2013-12-01T00:00:00
5545358;549240;Písek;;;;;404527;Budìjovické Pøedmìstí;384992;Švantlova;è.p.;2394;;;39701;774520.67;1126440.42;2018-08-17T00:00:00
5545366;549240;Písek;;;;;404527;Budìjovické Pøedmìstí;384151;Jiøího Srnky;è.p.;2395;;;39701;773057.77;1125666.27;2013-12-01T00:00:00
5545374;549240;Písek;;;;;404527;Budìjovické Pøedmìstí;384101;Jana Èarka;è.p.;2396;;;39701;772978.67;1125768.01;2013-12-01T00:00:00
5545382;549240;Písek;;;;;404527;Budìjovické Pøedmìstí;384658;Otakara Jeremiáše;è.p.;2397;;;39701;773303.26;1126777.66;2013-12-01T00:00:00
5545391;549240;Písek;;;;;404527;Budìjovické Pøedmìstí;385425;Richarda Weinera;è.p.;2398;;;39701;772915.44;1125798.39;2013-12-01T00:00:00
5545404;549240;Písek;;;;;404527;Budìjovické Pøedmìstí;384151;Jiøího Srnky;è.p.;2399;;;39701;773066.57;1125758.35;2013-12-01T00:00:00
5545412;549240;Písek;;;;;404527;Budìjovické Pøedmìstí;385000;Táborská;è.p.;2400;;;39701;773179.05;1125641.00;2015-03-09T00:00:00
5545421;549240;Písek;;;;;404527;Budìjovické Pøedmìstí;384101;Jana Èarka;è.p.;2401;;;39701;773009.77;1125750.98;2013-12-01T00:00:00
5545439;549240;Písek;;;;;404527;Budìjovické Pøedmìstí;384976;Šobrova;è.p.;2402;;;39701;773612.76;1126720.43;2013-12-01T00:00:00
5545447;549240;Písek;;;;;404527;Budìjovické Pøedmìstí;385476;Sulanov;è.p.;2403;;;39701;773449.13;1124843.94;2013-12-01T00:00:00
5545455;549240;Písek;;;;;404527;Budìjovické Pøedmìstí;384577;nábøeí 1. máje;è.p.;2404;;;39701;774371.99;1125527.14;2013-12-01T00:00:00
5545463;549240;Písek;;;;;404527;Budìjovické Pøedmìstí;384658;Otakara Jeremiáše;è.p.;2405;;;39701;773297.22;1126755.82;2013-12-01T00:00:00
5545471;549240;Písek;;;;;404527;Budìjovické Pøedmìstí;384151;Jiøího Srnky;è.p.;2406;;;39701;773033.32;1125694.63;2013-12-01T00:00:00
5545480;549240;Písek;;;;;404527;Budìjovické Pøedmìstí;384151;Jiøího Srnky;è.p.;2407;;;39701;773066.98;1125674.54;2013-12-01T00:00:00
5545498;549240;Písek;;;;;404527;Budìjovické Pøedmìstí;384127;Jaromíra Malého;è.p.;2408;;;39701;773117.69;1126148.17;2013-12-01T00:00:00
5545501;549240;Písek;;;;;404527;Budìjovické Pøedmìstí;385425;Richarda Weinera;è.p.;2409;;;39701;772875.89;1125808.51;2013-12-01T00:00:00
5545510;549240;Písek;;;;;404527;Budìjovické Pøedmìstí;384836;Rokycanova;è.p.;2410;;;39701;773368.45;1126068.47;2020-05-20T00:00:00
5545528;549240;Písek;;;;;404527;Budìjovické Pøedmìstí;384151;Jiøího Srnky;è.p.;2411;;;39701;773020.16;1125678.44;2013-12-01T00:00:00
5545536;549240;Písek;;;;;404527;Budìjovické Pøedmìstí;384151;Jiøího Srnky;è.p.;2412;;;39701;773040.70;1125708.50;2013-12-01T00:00:00
5545544;549240;Písek;;;;;404527;Budìjovické Pøedmìstí;384178;Hradišská;è.p.;2413;;;39701;774820.71;1126425.11;2013-12-01T00:00:00
5545552;549240;Písek;;;;;404527;Budìjovické Pøedmìstí;384992;Švantlova;è.p.;2414;;;39701;774555.70;1126526.81;2013-12-01T00:00:00
5545561;549240;Písek;;;;;404527;Budìjovické Pøedmìstí;384178;Hradišská;è.p.;2415;;;39701;774559.87;1126501.92;2013-12-01T00:00:00
5545579;549240;Písek;;;;;404527;Budìjovické Pøedmìstí;384178;Hradišská;è.p.;2416;;;39701;774579.85;1126506.95;2013-12-01T00:00:00
5545587;549240;Písek;;;;;404527;Budìjovické Pøedmìstí;384178;Hradišská;è.p.;2417;;;39701;774593.84;1126512.91;2013-12-01T00:00:00
5545595;549240;Písek;;;;;404527;Budìjovické Pøedmìstí;384151;Jiøího Srnky;è.p.;2418;;;39701;773043.73;1125715.99;2013-12-01T00:00:00
5545609;549240;Písek;;;;;404527;Budìjovické Pøedmìstí;385425;Richarda Weinera;è.p.;2419;;;39701;772917.61;1125806.14;2013-12-01T00:00:00
5545617;549240;Písek;;;;;404527;Budìjovické Pøedmìstí;384151;Jiøího Srnky;è.p.;2420;;;39701;773047.27;1125723.18;2013-12-01T00:00:00
5545625;549240;Písek;;;;;404527;Budìjovické Pøedmìstí;384151;Jiøího Srnky;è.p.;2421;;;39701;773029.64;1125687.58;2013-12-01T00:00:00
5545633;549240;Písek;;;;;404527;Budìjovické Pøedmìstí;385425;Richarda Weinera;è.p.;2422;;;39701;772885.32;1125822.78;2013-12-01T00:00:00
5545641;549240;Písek;;;;;404527;Budìjovické Pøedmìstí;384151;Jiøího Srnky;è.p.;2423;;;39701;773043.82;1125635.23;2013-12-01T00:00:00
5545650;549240;Písek;;;;;404527;Budìjovické Pøedmìstí;383970;Gregorova;è.p.;2424;;;39701;774258.61;1126406.42;2013-12-01T00:00:00
5545668;549240;Písek;;;;;404527;Budìjovické Pøedmìstí;384101;Jana Èarka;è.p.;2425;;;39701;772963.85;1125740.11;2013-12-01T00:00:00
5545676;549240;Písek;;;;;404527;Budìjovické Pøedmìstí;385425;Richarda Weinera;è.p.;2426;;;39701;772883.85;1125813.89;2013-12-01T00:00:00
5545684;549240;Písek;;;;;404527;Budìjovické Pøedmìstí;383961;Fügnerovo nám.;è.p.;2428;;;39701;774393.78;1125861.92;2013-12-01T00:00:00
5545692;549240;Písek;;;;;404527;Budìjovické Pøedmìstí;384461;Na Pahorku;è.p.;2427;;;39701;775298.51;1126593.09;2013-12-01T00:00:00
5545706;549240;Písek;;;;;404527;Budìjovické Pøedmìstí;384151;Jiøího Srnky;è.p.;2429;;;39701;773112.02;1125759.70;2013-12-01T00:00:00
5545714;549240;Písek;;;;;404527;Budìjovické Pøedmìstí;384143;Jiráskovo nábø.;è.p.;2430;;;39701;774005.21;1125164.51;2013-12-01T00:00:00
5545722;549240;Písek;;;;;404527;Budìjovické Pøedmìstí;384151;Jiøího Srnky;è.p.;2431;;;39701;773112.08;1125751.81;2013-12-01T00:00:00
5545731;549240;Písek;;;;;404527;Budìjovické Pøedmìstí;384119;Jana Mukaøovského;è.p.;2432;;;39701;772876.02;1125728.30;2013-12-01T00:00:00
5545749;549240;Písek;;;;;404527;Budìjovické Pøedmìstí;384101;Jana Èarka;è.p.;2433;;;39701;772974.24;1125761.10;2013-12-01T00:00:00
5545757;549240;Písek;;;;;404527;Budìjovické Pøedmìstí;384119;Jana Mukaøovského;è.p.;2434;;;39701;773004.25;1125646.05;2013-12-01T00:00:00
5545765;549240;Písek;;;;;404527;Budìjovické Pøedmìstí;385093;Tyršova;è.p.;2435;;;39701;774152.19;1125760.75;2013-12-01T00:00:00
5545773;549240;Písek;;;;;404527;Budìjovické Pøedmìstí;385093;Tyršova;è.p.;2436;;;39701;774145.26;1125754.36;2013-12-01T00:00:00
5545781;549240;Písek;;;;;404527;Budìjovické Pøedmìstí;384151;Jiøího Srnky;è.p.;2437;;;39701;773110.18;1125780.99;2013-12-01T00:00:00
5545790;549240;Písek;;;;;404527;Budìjovické Pøedmìstí;384151;Jiøího Srnky;è.p.;2438;;;39701;773062.42;1125751.08;2013-12-01T00:00:00
5545803;549240;Písek;;;;;404527;Budìjovické Pøedmìstí;384178;Hradišská;è.p.;2439;;;39701;774894.54;1126680.76;2013-12-01T00:00:00
5545811;549240;Písek;;;;;404527;Budìjovické Pøedmìstí;383805;Budìjovická;è.p.;2440;;;39701;773626.12;1126768.63;2022-04-22T00:00:00
5545820;549240;Písek;;;;;404527;Budìjovické Pøedmìstí;383716;17. listopadu;è.p.;2441;;;39701;773863.69;1126267.03;2013-12-01T00:00:00
5545838;549240;Písek;;;;;404527;Budìjovické Pøedmìstí;384143;Jiráskovo nábø.;è.p.;2443;;;39701;774281.90;1125028.86;2013-12-01T00:00:00
5545846;549240;Písek;;;;;404527;Budìjovické Pøedmìstí;383716;17. listopadu;è.p.;2444;;;39701;773457.06;1126442.40;2013-12-01T00:00:00
5545854;549240;Písek;;;;;404527;Budìjovické Pøedmìstí;385425;Richarda Weinera;è.p.;2445;;;39701;772871.35;1125790.87;2013-12-01T00:00:00
5545862;549240;Písek;;;;;404527;Budìjovické Pøedmìstí;385352;Za Šarlákem;è.p.;2446;;;39701;774402.04;1127546.09;2013-12-01T00:00:00
5545871;549240;Písek;;;;;404527;Budìjovické Pøedmìstí;385425;Richarda Weinera;è.p.;2447;;;39701;772908.89;1125761.39;2013-12-01T00:00:00
5545889;549240;Písek;;;;;404527;Budìjovické Pøedmìstí;385590;Za Gymnáziem;è.p.;2448;;;39701;773881.31;1126277.75;2013-12-01T00:00:00
5545897;549240;Písek;;;;;404527;Budìjovické Pøedmìstí;385590;Za Gymnáziem;è.p.;2449;;;39701;773893.00;1126290.00;2013-12-01T00:00:00
5545901;549240;Písek;;;;;404527;Budìjovické Pøedmìstí;385590;Za Gymnáziem;è.p.;2450;;;39701;773906.00;1126304.38;2013-12-01T00:00:00
5545927;549240;Písek;;;;;404527;Budìjovické Pøedmìstí;384984;Šobrovna;è.p.;2452;;;39701;773070.08;1126904.22;2013-12-01T00:00:00
5545935;549240;Písek;;;;;404527;Budìjovické Pøedmìstí;384151;Jiøího Srnky;è.p.;2453;;;39701;773052.15;1125729.76;2013-12-01T00:00:00
5545943;549240;Písek;;;;;404527;Budìjovické Pøedmìstí;384178;Hradišská;è.p.;2454;;;39701;775181.77;1126598.03;2013-12-01T00:00:00
5545951;549240;Písek;;;;;404527;Budìjovické Pøedmìstí;384151;Jiøího Srnky;è.p.;2455;;;39701;773037.61;1125701.35;2013-12-01T00:00:00
5545960;549240;Písek;;;;;404527;Budìjovické Pøedmìstí;385425;Richarda Weinera;è.p.;2456;;;39701;772865.49;1125785.03;2013-12-01T00:00:00
5545978;549240;Písek;;;;;404527;Budìjovické Pøedmìstí;714283;V Zátiší;è.p.;2458;;;39701;774969.66;1127884.22;2013-12-01T00:00:00
5545986;549240;Písek;;;;;404527;Budìjovické Pøedmìstí;384216;Karla Èapka;è.p.;2459;;;39701;773836.04;1126692.52;2013-12-01T00:00:00
5545994;549240;Písek;;;;;404527;Budìjovické Pøedmìstí;384178;Hradišská;è.p.;2460;;;39701;774801.84;1126611.89;2013-12-01T00:00:00
5546001;549240;Písek;;;;;404527;Budìjovické Pøedmìstí;384151;Jiøího Srnky;è.p.;2461;;;39701;773101.21;1125743.61;2013-12-01T00:00:00
5546010;549240;Písek;;;;;404527;Budìjovické Pøedmìstí;714283;V Zátiší;è.p.;2462;;;39701;774979.89;1127902.60;2013-12-01T00:00:00
5546028;549240;Písek;;;;;404527;Budìjovické Pøedmìstí;384151;Jiøího Srnky;è.p.;2463;;;39701;773059.01;1125743.80;2013-12-01T00:00:00
5546036;549240;Písek;;;;;404527;Budìjovické Pøedmìstí;384151;Jiøího Srnky;è.p.;2464;;;39701;773109.82;1125788.68;2013-12-01T00:00:00
5546044;549240;Písek;;;;;404527;Budìjovické Pøedmìstí;384151;Jiøího Srnky;è.p.;2465;;;39701;773062.72;1125584.27;2013-12-01T00:00:00
5546052;549240;Písek;;;;;404527;Budìjovické Pøedmìstí;384151;Jiøího Srnky;è.p.;2466;;;39701;773050.24;1125587.03;2013-12-01T00:00:00
5546061;549240;Písek;;;;;404527;Budìjovické Pøedmìstí;384151;Jiøího Srnky;è.p.;2467;;;39701;773038.39;1125589.88;2013-12-01T00:00:00
5546079;549240;Písek;;;;;404527;Budìjovické Pøedmìstí;384151;Jiøího Srnky;è.p.;2468;;;39701;773026.12;1125592.53;2013-12-01T00:00:00
5546087;549240;Písek;;;;;404527;Budìjovické Pøedmìstí;384151;Jiøího Srnky;è.p.;2469;;;39701;773014.38;1125594.86;2013-12-01T00:00:00
5546095;549240;Písek;;;;;404527;Budìjovické Pøedmìstí;385310;Za Nádraím;è.p.;2473;;;39701;774754.27;1127733.36;2013-12-01T00:00:00
5546109;549240;Písek;;;;;404527;Budìjovické Pøedmìstí;714283;V Zátiší;è.p.;2475;;;39701;774991.09;1127921.72;2013-12-01T00:00:00
5546117;549240;Písek;;;;;404527;Budìjovické Pøedmìstí;385085;Tylova;è.p.;2476;;;39701;774148.49;1125945.90;2013-12-01T00:00:00
5546125;549240;Písek;;;;;404527;Budìjovické Pøedmìstí;384500;Na Rozmezí;è.p.;2480;;;39701;775522.06;1126649.75;2013-12-01T00:00:00
5546133;549240;Písek;;;;;404527;Budìjovické Pøedmìstí;385425;Richarda Weinera;è.p.;2481;;;39701;772909.32;1125768.93;2013-12-01T00:00:00
5546141;549240;Písek;;;;;404527;Budìjovické Pøedmìstí;384976;Šobrova;è.p.;2483;;;39701;773015.83;1127026.10;2013-12-01T00:00:00
5546150;549240;Písek;;;;;404527;Budìjovické Pøedmìstí;385107;U Høebèince;è.p.;2484;;;39701;773577.81;1127532.45;2013-12-01T00:00:00
5546168;549240;Písek;;;;;404527;Budìjovické Pøedmìstí;384879;Smetanovo nám.;è.p.;2485;;;39701;773828.13;1125295.63;2013-12-01T00:00:00
5546176;549240;Písek;;;;;404527;Budìjovické Pøedmìstí;384879;Smetanovo nám.;è.p.;2486;;;39701;773818.75;1125313.75;2013-12-01T00:00:00
5546184;549240;Písek;;;;;404527;Budìjovické Pøedmìstí;384879;Smetanovo nám.;è.p.;2487;;;39701;773809.38;1125327.50;2013-12-01T00:00:00
5546192;549240;Písek;;;;;404527;Budìjovické Pøedmìstí;384879;Smetanovo nám.;è.p.;2488;;;39701;773794.31;1125323.13;2013-12-01T00:00:00
5546206;549240;Písek;;;;;404527;Budìjovické Pøedmìstí;384879;Smetanovo nám.;è.p.;2489;;;39701;773778.69;1125308.38;2013-12-01T00:00:00
5546214;549240;Písek;;;;;404527;Budìjovické Pøedmìstí;384178;Hradišská;è.p.;2490;;;39701;775032.68;1126424.62;2022-10-23T00:00:00
5546222;549240;Písek;;;;;404527;Budìjovické Pøedmìstí;384364;Lesní;è.p.;2491;;;39701;773052.81;1126405.79;2013-12-01T00:00:00
5546231;549240;Písek;;;;;404527;Budìjovické Pøedmìstí;384151;Jiøího Srnky;è.p.;2492;;;39701;773055.16;1125558.69;2013-12-01T00:00:00
5546249;549240;Písek;;;;;404527;Budìjovické Pøedmìstí;384151;Jiøího Srnky;è.p.;2493;;;39701;773048.27;1125561.38;2013-12-01T00:00:00
5546257;549240;Písek;;;;;404527;Budìjovické Pøedmìstí;384151;Jiøího Srnky;è.p.;2494;;;39701;773031.03;1125555.22;2013-12-01T00:00:00
5546265;549240;Písek;;;;;404527;Budìjovické Pøedmìstí;384151;Jiøího Srnky;è.p.;2495;;;39701;773024.15;1125557.25;2013-12-01T00:00:00
5546273;549240;Písek;;;;;404527;Budìjovické Pøedmìstí;384151;Jiøího Srnky;è.p.;2496;;;39701;773012.65;1125568.64;2013-12-01T00:00:00
5546281;549240;Písek;;;;;404527;Budìjovické Pøedmìstí;384151;Jiøího Srnky;è.p.;2497;;;39701;773005.80;1125570.18;2013-12-01T00:00:00
5546290;549240;Písek;;;;;404527;Budìjovické Pøedmìstí;385174;U Vodáka;è.p.;2498;;;39701;772246.51;1126293.24;2014-02-11T00:00:00
5546303;549240;Písek;;;;;404527;Budìjovické Pøedmìstí;384976;Šobrova;è.p.;2499;;;39701;773025.47;1126977.29;2013-12-01T00:00:00
5546311;549240;Písek;;;;;404527;Budìjovické Pøedmìstí;384151;Jiøího Srnky;è.p.;2500;;;39701;773055.06;1125737.13;2013-12-01T00:00:00
5546320;549240;Písek;;;;;404527;Budìjovické Pøedmìstí;384151;Jiøího Srnky;è.p.;2501;;;39701;772979.56;1125561.42;2013-12-01T00:00:00
5546338;549240;Písek;;;;;404527;Budìjovické Pøedmìstí;384216;Karla Èapka;è.p.;2506;;;39701;773937.51;1126888.46;2013-12-01T00:00:00
5546346;549240;Písek;;;;;404527;Budìjovické Pøedmìstí;714283;V Zátiší;è.p.;2507;;;39701;774950.31;1127852.50;2013-12-01T00:00:00
5546354;549240;Písek;;;;;404527;Budìjovické Pøedmìstí;384461;Na Pahorku;è.p.;2508;;;39701;775292.54;1126622.82;2013-12-01T00:00:00
5546478;549240;Písek;;;;;404527;Budìjovické Pøedmìstí;385042;Pod Amerikou;è.ev.;12;;;39701;772735.34;1128021.15;2013-12-01T00:00:00
5546516;549240;Písek;;;;;404535;Praské Pøedmìstí;383864;Èelakovského;è.p.;8;4;;39701;774890.47;1125852.82;2023-01-25T00:00:00
5546524;549240;Písek;;;;;404535;Praské Pøedmìstí;385115;Svatotrojická;è.p.;9;7;;39701;774530.81;1125994.05;2013-12-01T00:00:00
5546559;549240;Písek;;;;;404535;Praské Pøedmìstí;385051;tøída Národní svobody;è.p.;16;8;;39701;774573.50;1125905.49;2013-12-01T00:00:00
5546567;549240;Písek;;;;;404535;Praské Pøedmìstí;385051;tøída Národní svobody;è.p.;19;14;;39701;774614.31;1125888.26;2013-12-01T00:00:00
5546575;549240;Písek;;;;;404535;Praské Pøedmìstí;385051;tøída Národní svobody;è.p.;20;16;;39701;774637.14;1125875.35;2013-12-01T00:00:00
5546583;549240;Písek;;;;;404535;Praské Pøedmìstí;385051;tøída Národní svobody;è.p.;21;18;;39701;774654.03;1125864.07;2013-12-01T00:00:00
5546591;549240;Písek;;;;;404535;Praské Pøedmìstí;385051;tøída Národní svobody;è.p.;22;24;;39701;774692.17;1125840.16;2013-12-01T00:00:00
5546605;549240;Písek;;;;;404535;Praské Pøedmìstí;385051;tøída Národní svobody;è.p.;23;28;;39701;774734.75;1125818.25;2013-12-01T00:00:00
5546613;549240;Písek;;;;;404535;Praské Pøedmìstí;383864;Èelakovského;è.p.;24;;;39701;774809.75;1125839.38;2013-12-01T00:00:00
5546621;549240;Písek;;;;;404535;Praské Pøedmìstí;385051;tøída Národní svobody;è.p.;25;27;;39701;774724.75;1125795.44;2013-12-01T00:00:00
5546630;549240;Písek;;;;;404535;Praské Pøedmìstí;385051;tøída Národní svobody;è.p.;26;25;;39701;774706.43;1125800.80;2013-12-01T00:00:00
5546656;549240;Písek;;;;;404535;Praské Pøedmìstí;385051;tøída Národní svobody;è.p.;28;19;;39701;774669.85;1125821.74;2013-12-01T00:00:00
5546664;549240;Písek;;;;;404535;Praské Pøedmìstí;385051;tøída Národní svobody;è.p.;29;17;;39701;774653.86;1125826.65;2013-12-01T00:00:00
5546672;549240;Písek;;;;;404535;Praské Pøedmìstí;385051;tøída Národní svobody;è.p.;30;15;;39701;774638.03;1125838.05;2013-12-01T00:00:00
5546681;549240;Písek;;;;;404535;Praské Pøedmìstí;385051;tøída Národní svobody;è.p.;31;13;;39701;774612.69;1125851.47;2013-12-01T00:00:00
5546699;549240;Písek;;;;;404535;Praské Pøedmìstí;385051;tøída Národní svobody;è.p.;32;11;;39701;774600.09;1125862.31;2013-12-01T00:00:00
5546702;549240;Písek;;;;;404535;Praské Pøedmìstí;385051;tøída Národní svobody;è.p.;33;7;;39701;774572.99;1125879.06;2013-12-01T00:00:00
5546711;549240;Písek;;;;;404535;Praské Pøedmìstí;385051;tøída Národní svobody;è.p.;34;5;;39701;774561.03;1125882.86;2013-12-01T00:00:00
5546729;549240;Písek;;;;;404535;Praské Pøedmìstí;385051;tøída Národní svobody;è.p.;35;3;;39701;774542.01;1125888.01;2013-12-01T00:00:00
5546770;549240;Písek;;;;;404535;Praské Pøedmìstí;384739;Praská;è.p.;50;;;39701;774853.92;1125407.95;2013-12-01T00:00:00
5546788;549240;Písek;;;;;404535;Praské Pøedmìstí;384437;Na Jihru;è.p.;81;7;;39701;774471.80;1124960.33;2013-12-01T00:00:00
5546800;549240;Písek;;;;;404535;Praské Pøedmìstí;384739;Praská;è.p.;113;;;39701;774827.54;1125456.34;2013-12-01T00:00:00
5546818;549240;Písek;;;;;404535;Praské Pøedmìstí;384739;Praská;è.p.;138;;;39701;774815.60;1125483.79;2013-12-01T00:00:00
5546826;549240;Písek;;;;;404535;Praské Pøedmìstí;384739;Praská;è.p.;140;;;39701;774740.26;1125727.53;2013-12-01T00:00:00
5546834;549240;Písek;;;;;404535;Praské Pøedmìstí;384739;Praská;è.p.;142;;;39701;774739.55;1125719.50;2013-12-01T00:00:00
5546842;549240;Písek;;;;;404535;Praské Pøedmìstí;384739;Praská;è.p.;143;;;39701;774737.35;1125705.82;2013-12-01T00:00:00
5546851;549240;Písek;;;;;404535;Praské Pøedmìstí;385051;tøída Národní svobody;è.p.;146;21;;39701;774683.63;1125813.97;2013-12-01T00:00:00
5546869;549240;Písek;;;;;404535;Praské Pøedmìstí;384739;Praská;è.p.;147;;;39701;774780.46;1125779.79;2013-12-01T00:00:00
5546877;549240;Písek;;;;;404535;Praské Pøedmìstí;384739;Praská;è.p.;150;;;39701;774770.57;1125734.84;2013-12-01T00:00:00
5546885;549240;Písek;;;;;404535;Praské Pøedmìstí;384739;Praská;è.p.;151;;;39701;774775.00;1125759.66;2013-12-01T00:00:00
5546893;549240;Písek;;;;;404535;Praské Pøedmìstí;384739;Praská;è.p.;152;;;39701;774772.91;1125747.11;2013-12-01T00:00:00
5546907;549240;Písek;;;;;404535;Praské Pøedmìstí;384739;Praská;è.p.;154;;;39701;774768.58;1125722.25;2013-12-01T00:00:00
5546915;549240;Písek;;;;;404535;Praské Pøedmìstí;384739;Praská;è.p.;155;;;39701;774759.73;1125699.37;2022-11-14T00:00:00
5546923;549240;Písek;;;;;404535;Praské Pøedmìstí;384739;Praská;è.p.;156;;;39701;774763.98;1125682.13;2013-12-01T00:00:00
5546931;549240;Písek;;;;;404535;Praské Pøedmìstí;384739;Praská;è.p.;157;;;39701;774764.08;1125672.76;2013-12-01T00:00:00
5546940;549240;Písek;;;;;404535;Praské Pøedmìstí;385051;tøída Národní svobody;è.p.;158;9;;39701;774583.64;1125872.51;2013-12-01T00:00:00
5546958;549240;Písek;;;;;404535;Praské Pøedmìstí;385433;Robinson;è.p.;162;;;39701;775511.46;1124661.83;2013-12-01T00:00:00
5546966;549240;Písek;;;;;404535;Praské Pøedmìstí;384739;Praská;è.p.;163;;;39701;774837.15;1125437.69;2013-12-01T00:00:00
5546974;549240;Písek;;;;;404535;Praské Pøedmìstí;385115;Svatotrojická;è.p.;164;5;;39701;774532.57;1125969.23;2013-12-01T00:00:00
5546982;549240;Písek;;;;;404535;Praské Pøedmìstí;384739;Praská;è.p.;166;;;39701;774738.22;1125711.95;2013-12-01T00:00:00
5546991;549240;Písek;;;;;404535;Praské Pøedmìstí;385051;tøída Národní svobody;è.p.;173;20;;39701;774666.11;1125857.33;2013-12-01T00:00:00
5547008;549240;Písek;;;;;404535;Praské Pøedmìstí;385051;tøída Národní svobody;è.p.;174;22;;39701;774677.95;1125849.48;2013-12-01T00:00:00
5547016;549240;Písek;;;;;404535;Praské Pøedmìstí;385051;tøída Národní svobody;è.p.;181;26;;39701;774710.96;1125829.71;2013-12-01T00:00:00
5547024;549240;Písek;;;;;404535;Praské Pøedmìstí;385212;U idovského høbitova;è.p.;185;;;39701;775812.77;1124823.49;2013-12-01T00:00:00
5547041;549240;Písek;;;;;404535;Praské Pøedmìstí;384739;Praská;è.p.;190;;;39701;774767.24;1125711.07;2013-12-01T00:00:00
5547059;549240;Písek;;;;;404535;Praské Pøedmìstí;384739;Praská;è.p.;194;;;39701;774765.56;1125658.35;2013-12-01T00:00:00
5547067;549240;Písek;;;;;404535;Praské Pøedmìstí;383864;Èelakovského;è.p.;200;5;;39701;774877.33;1125767.53;2013-12-01T00:00:00
5547075;549240;Písek;;;;;404535;Praské Pøedmìstí;796671;Vladislavova;è.p.;201;3;;39701;774971.03;1125450.20;2013-12-01T00:00:00
5547083;549240;Písek;;;;;404535;Praské Pøedmìstí;384739;Praská;è.p.;208;;;39701;774743.31;1125783.96;2013-12-01T00:00:00
5547091;549240;Písek;;;;;404535;Praské Pøedmìstí;385051;tøída Národní svobody;è.p.;209;23;;39701;774695.82;1125807.16;2013-12-01T00:00:00
5547105;549240;Písek;;;;;404535;Praské Pøedmìstí;384739;Praská;è.p.;210;;;39701;774770.99;1125634.77;2013-12-01T00:00:00
5547113;549240;Písek;;;;;404535;Praské Pøedmìstí;384950;Svatoplukova;è.p.;211;1;;39701;774943.57;1125755.25;2013-12-01T00:00:00
5547121;549240;Písek;;;;;404535;Praské Pøedmìstí;384763;Pøemyslova;è.p.;216;1;;39701;774729.99;1125500.44;2013-12-01T00:00:00
5547148;549240;Písek;;;;;404535;Praské Pøedmìstí;384739;Praská;è.p.;220;;;39701;774771.70;1125617.83;2013-12-01T00:00:00
5547156;549240;Písek;;;;;404535;Praské Pøedmìstí;384739;Praská;è.p.;226;;;39701;774763.88;1125510.66;2013-12-01T00:00:00
5547164;549240;Písek;;;;;404535;Praské Pøedmìstí;384763;Pøemyslova;è.p.;228;5;;39701;774747.26;1125502.62;2013-12-01T00:00:00
5547172;549240;Písek;;;;;404535;Praské Pøedmìstí;384763;Pøemyslova;è.p.;229;3;;39701;774738.48;1125495.33;2013-12-01T00:00:00
5547181;549240;Písek;;;;;404535;Praské Pøedmìstí;384739;Praská;è.p.;230;;;39701;774734.03;1125683.26;2013-12-01T00:00:00
5547199;549240;Písek;;;;;404535;Praské Pøedmìstí;384739;Praská;è.p.;232;;;39701;774776.80;1125595.50;2013-12-01T00:00:00
5547202;549240;Písek;;;;;404535;Praské Pøedmìstí;384739;Praská;è.p.;234;;;39701;774781.53;1125479.90;2013-12-01T00:00:00
5547211;549240;Písek;;;;;404535;Praské Pøedmìstí;384739;Praská;è.p.;235;;;39701;774775.18;1125494.22;2013-12-01T00:00:00
5547237;549240;Písek;;;;;404535;Praské Pøedmìstí;384739;Praská;è.p.;237;;;39701;774789.47;1125465.62;2013-12-01T00:00:00
5547253;549240;Písek;;;;;404535;Praské Pøedmìstí;384739;Praská;è.p.;245;;;39701;774734.26;1125663.22;2013-12-01T00:00:00
5547261;549240;Písek;;;;;404535;Praské Pøedmìstí;384739;Praská;è.p.;246;;;39701;774796.74;1125449.96;2013-12-01T00:00:00
5547270;549240;Písek;;;;;404535;Praské Pøedmìstí;384739;Praská;è.p.;248;;;39701;774895.57;1125344.47;2013-12-01T00:00:00
5547288;549240;Písek;;;;;404535;Praské Pøedmìstí;796671;Vladislavova;è.p.;250;;;39701;774983.16;1125416.23;2013-12-01T00:00:00
5547296;549240;Písek;;;;;404535;Praské Pøedmìstí;384739;Praská;è.p.;260;;;39701;774803.93;1125434.73;2013-12-01T00:00:00
5547300;549240;Písek;;;;;404535;Praské Pøedmìstí;384739;Praská;è.p.;262;;;39701;774780.76;1125553.13;2013-12-01T00:00:00
5547318;549240;Písek;;;;;404535;Praské Pøedmìstí;384739;Praská;è.p.;263;;;39701;774793.67;1125521.63;2013-12-01T00:00:00
5547326;549240;Písek;;;;;404535;Praské Pøedmìstí;383864;Èelakovského;è.p.;266;1;;39701;774807.12;1125778.04;2013-12-01T00:00:00
5547334;549240;Písek;;;;;404535;Praské Pøedmìstí;383864;Èelakovského;è.p.;267;3;;39701;774822.09;1125776.17;2013-12-01T00:00:00
5547342;549240;Písek;;;;;404535;Praské Pøedmìstí;384739;Praská;è.p.;270;;;39701;774784.90;1125535.78;2013-12-01T00:00:00
5547351;549240;Písek;;;;;404535;Praské Pøedmìstí;384488;Na Pìníku;è.p.;275;22;;39701;774757.22;1125096.05;2013-12-01T00:00:00
5547369;549240;Písek;;;;;404535;Praské Pøedmìstí;385280;Vinaøického;è.p.;278;8;;39701;774751.82;1125180.47;2013-12-01T00:00:00
5547377;549240;Písek;;;;;404535;Praské Pøedmìstí;384739;Praská;è.p.;280;;;39701;775119.16;1125130.01;2013-12-01T00:00:00
5547385;549240;Písek;;;;;404535;Praské Pøedmìstí;385280;Vinaøického;è.p.;281;20;;39701;774759.14;1125110.46;2013-12-01T00:00:00
5547393;549240;Písek;;;;;404535;Praské Pøedmìstí;385280;Vinaøického;è.p.;282;10;;39701;774752.85;1125170.33;2013-12-01T00:00:00
5547407;549240;Písek;;;;;404535;Praské Pøedmìstí;385280;Vinaøického;è.p.;283;12;;39701;774753.74;1125159.06;2013-12-01T00:00:00
5547423;549240;Písek;;;;;404535;Praské Pøedmìstí;384739;Praská;è.p.;286;;;39701;775040.20;1125198.57;2013-12-01T00:00:00
5547431;549240;Písek;;;;;404535;Praské Pøedmìstí;796671;Vladislavova;è.p.;287;;;39701;774894.27;1125376.66;2013-12-01T00:00:00
5547440;549240;Písek;;;;;404535;Praské Pøedmìstí;384739;Praská;è.p.;288;;;39701;774741.11;1125758.47;2013-12-01T00:00:00
5547458;549240;Písek;;;;;404535;Praské Pøedmìstí;384739;Praská;è.p.;290;;;39701;774969.17;1125194.38;2013-12-01T00:00:00
5547474;549240;Písek;;;;;404535;Praské Pøedmìstí;384739;Praská;è.p.;297;;;39701;774736.70;1125644.59;2013-12-01T00:00:00
5547482;549240;Písek;;;;;404535;Praské Pøedmìstí;384739;Praská;è.p.;298;;;39701;774777.04;1125567.40;2013-12-01T00:00:00
5547491;549240;Písek;;;;;404535;Praské Pøedmìstí;384739;Praská;è.p.;300;;;39701;774774.54;1125579.94;2013-12-01T00:00:00
5547504;549240;Písek;;;;;404535;Praské Pøedmìstí;384739;Praská;è.p.;301;;;39701;774820.12;1125471.76;2013-12-01T00:00:00
5547521;549240;Písek;;;;;404535;Praské Pøedmìstí;384739;Praská;è.p.;305;;;39701;775050.54;1125251.04;2013-12-01T00:00:00
5547547;549240;Písek;;;;;404535;Praské Pøedmìstí;383929;Dvoøákova;è.p.;307;;;39701;774688.58;1125571.17;2013-12-01T00:00:00
5547555;549240;Písek;;;;;404535;Praské Pøedmìstí;383929;Dvoøákova;è.p.;308;;;39701;774701.76;1125570.27;2013-12-01T00:00:00
5547563;549240;Písek;;;;;404535;Praské Pøedmìstí;385018;Topìlecká;è.p.;309;;;39701;774714.85;1124735.13;2013-12-01T00:00:00
5547571;549240;Písek;;;;;404535;Praské Pøedmìstí;384739;Praská;è.p.;310;;;39701;774844.82;1125423.23;2013-12-01T00:00:00
5547580;549240;Písek;;;;;404535;Praské Pøedmìstí;385280;Vinaøického;è.p.;311;3;;39701;774713.63;1125281.63;2014-02-12T00:00:00
5547598;549240;Písek;;;;;404535;Praské Pøedmìstí;385280;Vinaøického;è.p.;312;5;;39701;774711.25;1125297.38;2014-02-12T00:00:00
5547601;549240;Písek;;;;;404535;Praské Pøedmìstí;384739;Praská;è.p.;313;;;39701;774882.02;1125219.90;2013-12-01T00:00:00
5547610;549240;Písek;;;;;404535;Praské Pøedmìstí;384534;Na Stínadlech;è.p.;314;14;;39701;774577.44;1125275.75;2013-12-01T00:00:00
5547628;549240;Písek;;;;;404535;Praské Pøedmìstí;384534;Na Stínadlech;è.p.;315;16;;39701;774590.94;1125275.00;2013-12-01T00:00:00
5547636;549240;Písek;;;;;404535;Praské Pøedmìstí;384534;Na Stínadlech;è.p.;316;18;;39701;774609.25;1125274.13;2013-12-01T00:00:00
5547644;549240;Písek;;;;;404535;Praské Pøedmìstí;384534;Na Stínadlech;è.p.;317;8;;39701;774582.06;1125335.13;2013-12-01T00:00:00
5547652;549240;Písek;;;;;404535;Praské Pøedmìstí;384534;Na Stínadlech;è.p.;318;10;;39701;774597.50;1125333.00;2013-12-01T00:00:00
5547661;549240;Písek;;;;;404535;Praské Pøedmìstí;384534;Na Stínadlech;è.p.;319;12;;39701;774613.06;1125331.88;2013-12-01T00:00:00
5547679;549240;Písek;;;;;404535;Praské Pøedmìstí;384534;Na Stínadlech;è.p.;320;24;;39701;774646.38;1125311.38;2014-02-12T00:00:00
5547687;549240;Písek;;;;;404535;Praské Pøedmìstí;384534;Na Stínadlech;è.p.;321;26;;39701;774645.44;1125292.63;2014-02-12T00:00:00
5547695;549240;Písek;;;;;404535;Praské Pøedmìstí;384534;Na Stínadlech;è.p.;322;28;;39701;774644.00;1125273.38;2014-02-12T00:00:00
5547709;549240;Písek;;;;;404535;Praské Pøedmìstí;384534;Na Stínadlech;è.p.;323;20;;39701;774677.75;1125334.63;2014-02-12T00:00:00
5547717;549240;Písek;;;;;404535;Praské Pøedmìstí;384534;Na Stínadlech;è.p.;324;22;;39701;774676.50;1125317.50;2014-02-12T00:00:00
5547725;549240;Písek;;;;;404535;Praské Pøedmìstí;385280;Vinaøického;è.p.;325;1;;39701;774708.95;1125313.79;2014-02-12T00:00:00
5547733;549240;Písek;;;;;404535;Praské Pøedmìstí;384739;Praská;è.p.;326;;;39701;774966.06;1125134.58;2013-12-01T00:00:00
5547741;549240;Písek;;;;;404535;Praské Pøedmìstí;384534;Na Stínadlech;è.p.;327;;;39701;774851.61;1125246.46;2014-02-12T00:00:00
5547750;549240;Písek;;;;;404535;Praské Pøedmìstí;383929;Dvoøákova;è.p.;328;;;39701;774675.50;1125575.13;2013-12-01T00:00:00
5547768;549240;Písek;;;;;404535;Praské Pøedmìstí;383929;Dvoøákova;è.p.;329;;;39701;774661.25;1125575.25;2013-12-01T00:00:00
5547776;549240;Písek;;;;;404535;Praské Pøedmìstí;383929;Dvoøákova;è.p.;330;;;39701;774641.94;1125574.63;2013-12-01T00:00:00
5547784;549240;Písek;;;;;404535;Praské Pøedmìstí;383929;Dvoøákova;è.p.;331;;;39701;774623.19;1125573.63;2013-12-01T00:00:00
5547792;549240;Písek;;;;;404535;Praské Pøedmìstí;383929;Dvoøákova;è.p.;332;;;39701;774627.44;1125604.75;2013-12-01T00:00:00
5547806;549240;Písek;;;;;404535;Praské Pøedmìstí;383929;Dvoøákova;è.p.;333;;;39701;774643.19;1125603.13;2013-12-01T00:00:00
5547814;549240;Písek;;;;;404535;Praské Pøedmìstí;383929;Dvoøákova;è.p.;334;;;39701;774664.06;1125603.13;2013-12-01T00:00:00
5547822;549240;Písek;;;;;404535;Praské Pøedmìstí;383929;Dvoøákova;è.p.;335;;;39701;774675.50;1125603.25;2013-12-01T00:00:00
5547831;549240;Písek;;;;;404535;Praské Pøedmìstí;383929;Dvoøákova;è.p.;336;;;39701;774689.63;1125601.50;2013-12-01T00:00:00
5547849;549240;Písek;;;;;404535;Praské Pøedmìstí;385280;Vinaøického;è.p.;337;14;;39701;774754.84;1125148.16;2013-12-01T00:00:00
5547865;549240;Písek;;;;;404535;Praské Pøedmìstí;383929;Dvoøákova;è.p.;339;;;39701;774580.19;1125623.63;2013-12-01T00:00:00
5547873;549240;Písek;;;;;404535;Praské Pøedmìstí;383929;Dvoøákova;è.p.;340;;;39701;774599.81;1125623.63;2013-12-01T00:00:00
5547881;549240;Písek;;;;;404535;Praské Pøedmìstí;383856;Èechova;è.p.;341;;;39701;774583.88;1125544.00;2013-12-01T00:00:00
5547890;549240;Písek;;;;;404535;Praské Pøedmìstí;383856;Èechova;è.p.;342;;;39701;774580.00;1125525.75;2013-12-01T00:00:00
5547903;549240;Písek;;;;;404535;Praské Pøedmìstí;383929;Dvoøákova;è.p.;343;;;39701;774577.78;1125562.99;2013-12-01T00:00:00
5547911;549240;Písek;;;;;404535;Praské Pøedmìstí;383929;Dvoøákova;è.p.;344;;;39701;774711.99;1125570.57;2013-12-01T00:00:00
5547920;549240;Písek;;;;;404535;Praské Pøedmìstí;384763;Pøemyslova;è.p.;345;6;;39701;774713.81;1125510.42;2013-12-01T00:00:00
5547938;549240;Písek;;;;;404535;Praské Pøedmìstí;384739;Praská;è.p.;346;;;39701;774718.93;1125531.95;2013-12-01T00:00:00
5547946;549240;Písek;;;;;404535;Praské Pøedmìstí;384569;Na Vıstavišti;è.p.;347;;;39701;774990.68;1126168.59;2013-12-01T00:00:00
5547954;549240;Písek;;;;;404535;Praské Pøedmìstí;384739;Praská;è.p.;348;;;39701;774871.93;1125297.19;2013-12-01T00:00:00
5547962;549240;Písek;;;;;404535;Praské Pøedmìstí;383881;Dobešická;è.p.;349;;;39701;776758.51;1123565.94;2013-12-01T00:00:00
5547971;549240;Písek;;;;;404535;Praské Pøedmìstí;383881;Dobešická;è.p.;350;;;39701;776700.55;1123575.91;2013-12-01T00:00:00
5547989;549240;Písek;;;;;404535;Praské Pøedmìstí;781452;Stanislava Maliny;è.p.;351;;;39701;776592.32;1123632.01;2013-12-01T00:00:00
5548004;549240;Písek;;;;;404535;Praské Pøedmìstí;781452;Stanislava Maliny;è.p.;353;;;39701;776447.11;1123569.26;2013-12-01T00:00:00
5548012;549240;Písek;;;;;404535;Praské Pøedmìstí;781452;Stanislava Maliny;è.p.;354;;;39701;776440.29;1123564.10;2013-12-01T00:00:00
5548021;549240;Písek;;;;;404535;Praské Pøedmìstí;781452;Stanislava Maliny;è.p.;355;;;39701;776417.84;1123545.74;2013-12-01T00:00:00
5548039;549240;Písek;;;;;404535;Praské Pøedmìstí;781452;Stanislava Maliny;è.p.;356;;;39701;776411.48;1123540.51;2013-12-01T00:00:00
5548047;549240;Písek;;;;;404535;Praské Pøedmìstí;384569;Na Vıstavišti;è.p.;357;;;39701;774857.35;1126093.66;2013-12-01T00:00:00
5548055;549240;Písek;;;;;404535;Praské Pøedmìstí;385280;Vinaøického;è.p.;358;18;;39701;774757.76;1125126.24;2013-12-01T00:00:00
5548063;549240;Písek;;;;;404535;Praské Pøedmìstí;384534;Na Stínadlech;è.p.;359;2;;39701;774618.75;1125363.75;2014-02-12T00:00:00
5548071;549240;Písek;;;;;404535;Praské Pøedmìstí;384534;Na Stínadlech;è.p.;360;4;;39701;774638.88;1125361.88;2014-02-12T00:00:00
5548080;549240;Písek;;;;;404535;Praské Pøedmìstí;384534;Na Stínadlech;è.p.;361;6;;39701;774651.88;1125360.88;2014-02-12T00:00:00
5548098;549240;Písek;;;;;404535;Praské Pøedmìstí;384534;Na Stínadlech;è.p.;362;1;;39701;774611.75;1125235.88;2014-02-12T00:00:00
5548101;549240;Písek;;;;;404535;Praské Pøedmìstí;384534;Na Stínadlech;è.p.;363;3;;39701;774631.06;1125236.63;2014-02-12T00:00:00
5548110;549240;Písek;;;;;404535;Praské Pøedmìstí;385280;Vinaøického;è.p.;364;16;;39701;774756.49;1125136.62;2013-12-01T00:00:00
5548128;549240;Písek;;;;;404535;Praské Pøedmìstí;384534;Na Stínadlech;è.p.;366;30;;39701;774791.26;1125293.21;2014-02-12T00:00:00
5548136;549240;Písek;;;;;404535;Praské Pøedmìstí;384534;Na Stínadlech;è.p.;367;32;;39701;774813.09;1125294.21;2014-02-12T00:00:00
5548144;549240;Písek;;;;;404535;Praské Pøedmìstí;384534;Na Stínadlech;è.p.;368;34;;39701;774831.58;1125278.70;2014-02-12T00:00:00
5548152;549240;Písek;;;;;404535;Praské Pøedmìstí;384739;Praská;è.p.;369;;;39701;774814.51;1125418.65;2013-12-01T00:00:00
5548161;549240;Písek;;;;;404535;Praské Pøedmìstí;384739;Praská;è.p.;370;;;39701;774823.08;1125401.67;2013-12-01T00:00:00
5548179;549240;Písek;;;;;404535;Praské Pøedmìstí;384569;Na Vıstavišti;è.p.;371;;;39701;774803.15;1126141.78;2013-12-01T00:00:00
5548187;549240;Písek;;;;;404535;Praské Pøedmìstí;384739;Praská;è.p.;372;;;39701;774966.84;1125076.73;2013-12-01T00:00:00
5548209;549240;Písek;;;;;404535;Praské Pøedmìstí;385280;Vinaøického;è.p.;374;6;;39701;774750.42;1125213.84;2013-12-01T00:00:00
5548217;549240;Písek;;;;;404535;Praské Pøedmìstí;384488;Na Pìníku;è.p.;375;;;39701;774726.29;1125045.68;2013-12-01T00:00:00
5548225;549240;Písek;;;;;404535;Praské Pøedmìstí;385018;Topìlecká;è.p.;376;;;39701;774609.13;1124766.19;2013-12-01T00:00:00
5548233;549240;Písek;;;;;404535;Praské Pøedmìstí;384569;Na Vıstavišti;è.p.;377;;;39701;774685.11;1125962.17;2013-12-01T00:00:00
5548241;549240;Písek;;;;;404535;Praské Pøedmìstí;385034;Tøebízského;è.p.;378;2;;39701;774621.77;1125542.78;2013-12-01T00:00:00
5548250;549240;Písek;;;;;404535;Praské Pøedmìstí;385034;Tøebízského;è.p.;379;4;;39701;774620.57;1125516.29;2013-12-01T00:00:00
5548268;549240;Písek;;;;;404535;Praské Pøedmìstí;385034;Tøebízského;è.p.;380;8;;39701;774635.92;1125477.45;2013-12-01T00:00:00
5548276;549240;Písek;;;;;404535;Praské Pøedmìstí;385034;Tøebízského;è.p.;381;3;;39701;774638.45;1125402.62;2013-12-01T00:00:00
5548284;549240;Písek;;;;;404535;Praské Pøedmìstí;385034;Tøebízského;è.p.;382;1;;39701;774614.90;1125434.14;2013-12-01T00:00:00
5548292;549240;Písek;;;;;404535;Praské Pøedmìstí;384097;Jablonského;è.p.;383;2;;39701;774590.35;1125466.45;2013-12-01T00:00:00
5548306;549240;Písek;;;;;404535;Praské Pøedmìstí;384097;Jablonského;è.p.;384;4;;39701;774577.36;1125413.16;2014-02-12T00:00:00
5548314;549240;Písek;;;;;404535;Praské Pøedmìstí;384097;Jablonského;è.p.;385;6;;39701;774575.68;1125387.17;2014-02-12T00:00:00
5548322;549240;Písek;;;;;404535;Praské Pøedmìstí;384097;Jablonského;è.p.;386;8;;39701;774584.42;1125362.59;2014-02-12T00:00:00
5548331;549240;Písek;;;;;404535;Praské Pøedmìstí;384097;Jablonského;è.p.;387;1;;39701;774538.75;1125450.58;2014-02-12T00:00:00
5548349;549240;Písek;;;;;404535;Praské Pøedmìstí;384097;Jablonského;è.p.;388;3;;39701;774536.14;1125423.59;2014-02-12T00:00:00
5548357;549240;Písek;;;;;404535;Praské Pøedmìstí;384097;Jablonského;è.p.;389;5;;39701;774534.90;1125397.23;2014-02-12T00:00:00
5548365;549240;Písek;;;;;404535;Praské Pøedmìstí;384097;Jablonského;è.p.;390;7;;39701;774532.88;1125370.22;2014-02-12T00:00:00
5548373;549240;Písek;;;;;404535;Praské Pøedmìstí;385034;Tøebízského;è.p.;391;6;;39701;774619.66;1125493.41;2013-12-01T00:00:00
5548381;549240;Písek;;;;;404535;Praské Pøedmìstí;384097;Jablonského;è.p.;392;9;;39701;774531.91;1125344.02;2013-12-01T00:00:00
5548390;549240;Písek;;;;;404535;Praské Pøedmìstí;384097;Jablonského;è.p.;393;11;;39701;774539.74;1125300.70;2025-06-26T00:00:00
5548403;549240;Písek;;;;;404535;Praské Pøedmìstí;384097;Jablonského;è.p.;394;13;;39701;774532.39;1125275.65;2013-12-01T00:00:00
5548411;549240;Písek;;;;;404535;Praské Pøedmìstí;384097;Jablonského;è.p.;395;15;;39701;774530.41;1125248.64;2013-12-01T00:00:00
5548420;549240;Písek;;;;;404535;Praské Pøedmìstí;384097;Jablonského;è.p.;396;17;;39701;774528.75;1125222.60;2013-12-01T00:00:00
5548438;549240;Písek;;;;;404535;Praské Pøedmìstí;384097;Jablonského;è.p.;397;12;;39701;774582.52;1125225.19;2013-12-01T00:00:00
5548446;549240;Písek;;;;;404535;Praské Pøedmìstí;384097;Jablonského;è.p.;398;14;;39701;774581.01;1125199.00;2013-12-01T00:00:00
5548454;549240;Písek;;;;;404535;Praské Pøedmìstí;384763;Pøemyslova;è.p.;399;2;;39701;774672.73;1125481.81;2013-12-01T00:00:00
5548462;549240;Písek;;;;;404535;Praské Pøedmìstí;384763;Pøemyslova;è.p.;400;4;;39701;774693.85;1125500.83;2013-12-01T00:00:00
5548471;549240;Písek;;;;;404535;Praské Pøedmìstí;384097;Jablonského;è.p.;401;16;;39701;774590.37;1125178.75;2013-12-01T00:00:00
5548489;549240;Písek;;;;;404535;Praské Pøedmìstí;384097;Jablonského;è.p.;402;18;;39701;774612.78;1125175.61;2013-12-01T00:00:00
5548497;549240;Písek;;;;;404535;Praské Pøedmìstí;385034;Tøebízského;è.p.;403;11;;39701;774816.13;1125365.29;2013-12-01T00:00:00
5548501;549240;Písek;;;;;404535;Praské Pøedmìstí;385034;Tøebízského;è.p.;404;9;;39701;774792.41;1125357.14;2013-12-01T00:00:00
5548519;549240;Písek;;;;;404535;Praské Pøedmìstí;385034;Tøebízského;è.p.;405;7;;39701;774791.69;1125335.10;2013-12-01T00:00:00
5548527;549240;Písek;;;;;404535;Praské Pøedmìstí;383856;Èechova;è.p.;406;;;39701;774554.20;1125725.25;2014-02-12T00:00:00
5548535;549240;Písek;;;;;404535;Praské Pøedmìstí;385034;Tøebízského;è.p.;407;20;;39701;774778.37;1125400.14;2013-12-01T00:00:00
5548543;549240;Písek;;;;;404535;Praské Pøedmìstí;385034;Tøebízského;è.p.;408;18;;39701;774753.50;1125401.66;2013-12-01T00:00:00
5548551;549240;Písek;;;;;404535;Praské Pøedmìstí;385034;Tøebízského;è.p.;409;14;;39701;774716.29;1125416.52;2013-12-01T00:00:00
5548560;549240;Písek;;;;;404535;Praské Pøedmìstí;385034;Tøebízského;è.p.;410;12;;39701;774693.77;1125431.01;2013-12-01T00:00:00
5548578;549240;Písek;;;;;404535;Praské Pøedmìstí;385034;Tøebízského;è.p.;411;10;;39701;774675.87;1125447.51;2013-12-01T00:00:00
5548586;549240;Písek;;;;;404535;Praské Pøedmìstí;385034;Tøebízského;è.p.;412;16;;39701;774731.86;1125402.60;2013-12-01T00:00:00
5548594;549240;Písek;;;;;404535;Praské Pøedmìstí;385280;Vinaøického;è.p.;413;7;;39701;774718.99;1125197.14;2013-12-01T00:00:00
5548608;549240;Písek;;;;;404535;Praské Pøedmìstí;385280;Vinaøického;è.p.;414;9;;39701;774721.69;1125169.45;2013-12-01T00:00:00
5548616;549240;Písek;;;;;404535;Praské Pøedmìstí;385280;Vinaøického;è.p.;415;11;;39701;774724.73;1125142.87;2013-12-01T00:00:00
5548624;549240;Písek;;;;;404535;Praské Pøedmìstí;385280;Vinaøického;è.p.;416;13;;39701;774723.38;1125120.02;2013-12-01T00:00:00
5548632;549240;Písek;;;;;404535;Praské Pøedmìstí;385280;Vinaøického;è.p.;417;2;;39701;774746.63;1125355.24;2014-02-12T00:00:00
5548641;549240;Písek;;;;;404535;Praské Pøedmìstí;385280;Vinaøického;è.p.;418;4;;39701;774737.78;1125331.26;2014-02-12T00:00:00
5548659;549240;Písek;;;;;404535;Praské Pøedmìstí;385034;Tøebízského;è.p.;419;5;;39701;774688.94;1125374.62;2013-12-01T00:00:00
5548667;549240;Písek;;;;;404535;Praské Pøedmìstí;385051;tøída Národní svobody;è.p.;420;;;39701;774544.63;1125919.76;2013-12-01T00:00:00
5548675;549240;Písek;;;;;404535;Praské Pøedmìstí;384534;Na Stínadlech;è.p.;421;;;39701;774675.86;1125240.25;2014-02-12T00:00:00
5548683;549240;Písek;;;;;404535;Praské Pøedmìstí;384534;Na Stínadlech;è.p.;422;;;39701;774703.54;1125240.96;2014-02-12T00:00:00
5548691;549240;Písek;;;;;404535;Praské Pøedmìstí;385018;Topìlecká;è.p.;423;;;39701;774615.97;1125026.21;2013-12-01T00:00:00
5548705;549240;Písek;;;;;404535;Praské Pøedmìstí;385018;Topìlecká;è.p.;424;;;39701;774568.02;1125038.87;2013-12-01T00:00:00
5548713;549240;Písek;;;;;404535;Praské Pøedmìstí;385018;Topìlecká;è.p.;425;;;39701;774510.38;1125050.19;2013-12-01T00:00:00
5548721;549240;Písek;;;;;404535;Praské Pøedmìstí;384534;Na Stínadlech;è.p.;426;;;39701;774848.03;1125197.84;2014-02-12T00:00:00
5548730;549240;Písek;;;;;404535;Praské Pøedmìstí;384097;Jablonského;è.p.;427;;;39701;774561.12;1125315.54;2013-12-01T00:00:00
5548748;549240;Písek;;;;;404535;Praské Pøedmìstí;384488;Na Pìníku;è.p.;428;;;39701;774701.11;1125112.28;2013-12-01T00:00:00
5548756;549240;Písek;;;;;404535;Praské Pøedmìstí;384488;Na Pìníku;è.p.;429;;;39701;774674.01;1125114.02;2013-12-01T00:00:00
5548764;549240;Písek;;;;;404535;Praské Pøedmìstí;385018;Topìlecká;è.p.;430;;;39701;774595.25;1124690.98;2013-12-01T00:00:00
5548772;549240;Písek;;;;;404535;Praské Pøedmìstí;385191;U Vıstavištì;è.p.;431;;;39701;774944.98;1125895.36;2013-12-01T00:00:00
5548781;549240;Písek;;;;;404535;Praské Pøedmìstí;384488;Na Pìníku;è.p.;432;;;39701;774647.87;1125116.34;2013-12-01T00:00:00
5548799;549240;Písek;;;;;404535;Praské Pøedmìstí;384488;Na Pìníku;è.p.;433;;;39701;774620.19;1125117.89;2013-12-01T00:00:00
5548802;549240;Písek;;;;;404535;Praské Pøedmìstí;384488;Na Pìníku;è.p.;435;;;39701;774598.51;1125120.22;2013-12-01T00:00:00
5548811;549240;Písek;;;;;404535;Praské Pøedmìstí;385051;tøída Národní svobody;è.p.;436;;;39701;774619.12;1125882.12;2013-12-01T00:00:00
5548829;549240;Písek;;;;;404535;Praské Pøedmìstí;384097;Jablonského;è.p.;437;;;39701;774591.15;1125142.68;2013-12-01T00:00:00
5548837;549240;Písek;;;;;404535;Praské Pøedmìstí;384739;Praská;è.p.;438;;;39701;774713.78;1125634.58;2013-12-01T00:00:00
5548845;549240;Písek;;;;;404535;Praské Pøedmìstí;384569;Na Vıstavišti;è.p.;439;;;39701;774765.94;1125944.55;2022-10-23T00:00:00
5548853;549240;Písek;;;;;404535;Praské Pøedmìstí;385018;Topìlecká;è.p.;440;;;39701;774656.88;1124956.46;2013-12-01T00:00:00
5548861;549240;Písek;;;;;404535;Praské Pøedmìstí;385280;Vinaøického;è.p.;444;;;39701;774741.11;1125293.85;2014-02-12T00:00:00
5548870;549240;Písek;;;;;404535;Praské Pøedmìstí;384534;Na Stínadlech;è.p.;445;;;39701;774752.03;1125277.04;2014-02-12T00:00:00
5548888;549240;Písek;;;;;404535;Praské Pøedmìstí;384739;Praská;è.p.;446;;;39701;775184.80;1125092.88;2013-12-01T00:00:00
5548896;549240;Písek;;;;;404543;Václavské Pøedmìstí;385255;Václavská;è.p.;1;;;39701;775439.38;1125863.90;2013-12-01T00:00:00
5548918;549240;Písek;;;;;404543;Václavské Pøedmìstí;385255;Václavská;è.p.;3;;;39701;775472.61;1125888.47;2013-12-01T00:00:00
5548926;549240;Písek;;;;;404543;Václavské Pøedmìstí;385255;Václavská;è.p.;4;;;39701;775446.83;1125902.41;2013-12-01T00:00:00
5548934;549240;Písek;;;;;404543;Václavské Pøedmìstí;385255;Václavská;è.p.;5;;;39701;775460.58;1125921.27;2013-12-01T00:00:00
5548942;549240;Písek;;;;;404543;Václavské Pøedmìstí;385379;Zátavské nábø.;è.p.;6;;;39701;775449.70;1125980.22;2013-12-01T00:00:00
5548951;549240;Písek;;;;;404543;Václavské Pøedmìstí;385379;Zátavské nábø.;è.p.;7;;;39701;775579.51;1125903.57;2013-12-01T00:00:00
5548969;549240;Písek;;;;;404543;Václavské Pøedmìstí;385379;Zátavské nábø.;è.p.;11;;;39701;775760.41;1125843.45;2013-12-01T00:00:00
5548977;549240;Písek;;;;;404543;Václavské Pøedmìstí;385298;Vinická;è.p.;13;;;39701;775393.16;1125718.42;2013-12-01T00:00:00
5548985;549240;Písek;;;;;404543;Václavské Pøedmìstí;384771;Pøíèná;è.p.;14;;;39701;775648.95;1125799.03;2013-12-01T00:00:00
5548993;549240;Písek;;;;;404543;Václavské Pøedmìstí;385301;Vratislavova;è.p.;15;;;39701;775561.20;1125880.03;2013-12-01T00:00:00
5549001;549240;Písek;;;;;404543;Václavské Pøedmìstí;385450;Síbrovna;è.p.;18;;;39701;776409.81;1124950.63;2013-12-01T00:00:00
5549019;549240;Písek;;;;;404543;Václavské Pøedmìstí;384283;Kocourov;è.p.;19;;;39701;777122.35;1125645.71;2013-12-01T00:00:00
5549027;549240;Písek;;;;;404543;Václavské Pøedmìstí;385255;Václavská;è.p.;20;;;39701;775462.86;1125943.59;2013-12-01T00:00:00
5549035;549240;Písek;;;;;404543;Václavské Pøedmìstí;385255;Václavská;è.p.;21;;;39701;775487.03;1125932.80;2013-12-01T00:00:00
5549043;549240;Písek;;;;;404543;Václavské Pøedmìstí;385379;Zátavské nábø.;è.p.;22;;;39701;775803.91;1125827.68;2013-12-01T00:00:00
5549051;549240;Písek;;;;;404543;Václavské Pøedmìstí;385379;Zátavské nábø.;è.p.;23;;;39701;775747.90;1125848.62;2013-12-01T00:00:00
5549060;549240;Písek;;;;;404543;Václavské Pøedmìstí;384551;Na Vinici;è.p.;24;;;39701;775514.97;1125671.74;2013-12-01T00:00:00
5549086;549240;Písek;;;;;404543;Václavské Pøedmìstí;385255;Václavská;è.p.;26;;;39701;775467.22;1125937.71;2013-12-01T00:00:00
5549094;549240;Písek;;;;;404543;Václavské Pøedmìstí;384313;Krátká;è.p.;27;;;39701;775433.74;1125617.59;2013-12-01T00:00:00
5549116;549240;Písek;;;;;404543;Václavské Pøedmìstí;385379;Zátavské nábø.;è.p.;33;;;39701;775507.38;1125955.26;2013-12-01T00:00:00
5549124;549240;Písek;;;;;404543;Václavské Pøedmìstí;384933;Strakonická;è.p.;34;;;39701;775526.61;1125807.13;2013-12-01T00:00:00
5549132;549240;Písek;;;;;404543;Václavské Pøedmìstí;383767;Boøivojova;è.p.;35;;;39701;775508.34;1125821.85;2013-12-01T00:00:00
5549141;549240;Písek;;;;;404543;Václavské Pøedmìstí;384933;Strakonická;è.p.;36;;;39701;775551.45;1125796.46;2013-12-01T00:00:00
5549159;549240;Písek;;;;;404543;Václavské Pøedmìstí;384933;Strakonická;è.p.;37;;;39701;775562.62;1125791.60;2013-12-01T00:00:00
5549167;549240;Písek;;;;;404543;Václavské Pøedmìstí;384933;Strakonická;è.p.;38;;;39701;775571.54;1125784.92;2024-09-20T00:00:00
5549175;549240;Písek;;;;;404543;Václavské Pøedmìstí;384933;Strakonická;è.p.;39;;;39701;775585.25;1125781.87;2013-12-01T00:00:00
5549183;549240;Písek;;;;;404543;Václavské Pøedmìstí;384933;Strakonická;è.p.;40;;;39701;775595.52;1125777.58;2013-12-01T00:00:00
5549191;549240;Písek;;;;;404543;Václavské Pøedmìstí;385263;Václavské nám.;è.p.;41;;;39701;775426.90;1125740.18;2013-12-01T00:00:00
5549205;549240;Písek;;;;;404543;Václavské Pøedmìstí;384933;Strakonická;è.p.;42;;;39701;775539.04;1125801.65;2013-12-01T00:00:00
5549213;549240;Písek;;;;;404543;Václavské Pøedmìstí;385379;Zátavské nábø.;è.p.;43;;;39701;775636.33;1125908.35;2013-12-01T00:00:00
5549221;549240;Písek;;;;;404543;Václavské Pøedmìstí;385379;Zátavské nábø.;è.p.;44;;;39701;775674.16;1125872.90;2013-12-01T00:00:00
5549230;549240;Písek;;;;;404543;Václavské Pøedmìstí;385379;Zátavské nábø.;è.p.;45;;;39701;775741.35;1125834.46;2013-12-01T00:00:00
5549248;549240;Písek;;;;;404543;Václavské Pøedmìstí;383830;Burketova;è.p.;47;29;;39701;775399.87;1125818.74;2013-12-01T00:00:00
5549256;549240;Písek;;;;;404543;Václavské Pøedmìstí;383830;Burketova;è.p.;48;9;;39701;775277.26;1125782.49;2013-12-01T00:00:00
5549264;549240;Písek;;;;;404543;Václavské Pøedmìstí;383830;Burketova;è.p.;51;1;;39701;775067.17;1125721.64;2024-11-20T00:00:00
5549272;549240;Písek;;;;;404543;Václavské Pøedmìstí;383830;Burketova;è.p.;52;3;;39701;775174.59;1125746.38;2013-12-01T00:00:00
5549281;549240;Písek;;;;;404543;Václavské Pøedmìstí;383830;Burketova;è.p.;53;11;;39701;775290.97;1125786.24;2013-12-01T00:00:00
5549299;549240;Písek;;;;;404543;Václavské Pøedmìstí;383830;Burketova;è.p.;54;13;;39701;775302.97;1125789.77;2013-12-01T00:00:00
5549302;549240;Písek;;;;;404543;Václavské Pøedmìstí;384356;Lesnická;è.p.;55;;;39701;775210.06;1125702.69;2013-12-01T00:00:00
5549311;549240;Písek;;;;;404543;Václavské Pøedmìstí;385379;Zátavské nábø.;è.p.;56;;;39701;775709.49;1125853.24;2013-12-01T00:00:00
5549329;549240;Písek;;;;;404543;Václavské Pøedmìstí;385379;Zátavské nábø.;è.p.;57;;;39701;775698.36;1125857.76;2013-12-01T00:00:00
5549337;549240;Písek;;;;;404543;Václavské Pøedmìstí;383767;Boøivojova;è.p.;58;;;39701;775514.55;1125856.48;2013-12-01T00:00:00
5549345;549240;Písek;;;;;404543;Václavské Pøedmìstí;383830;Burketova;è.p.;59;15;;39701;775316.22;1125794.33;2013-12-01T00:00:00
5549353;549240;Písek;;;;;404543;Václavské Pøedmìstí;384933;Strakonická;è.p.;60;;;39701;775551.82;1125760.57;2013-12-01T00:00:00
5549361;549240;Písek;;;;;404543;Václavské Pøedmìstí;385379;Zátavské nábø.;è.p.;61;;;39701;775719.90;1125846.89;2013-12-01T00:00:00
5549370;549240;Písek;;;;;404543;Václavské Pøedmìstí;383830;Burketova;è.p.;62;25;;39701;775367.61;1125811.44;2013-12-01T00:00:00
5549388;549240;Písek;;;;;404543;Václavské Pøedmìstí;383830;Burketova;è.p.;63;27;;39701;775379.12;1125814.21;2013-12-01T00:00:00
5549396;549240;Písek;;;;;404543;Václavské Pøedmìstí;383830;Burketova;è.p.;64;23;;39701;775357.42;1125807.71;2013-12-01T00:00:00
5549400;549240;Písek;;;;;404543;Václavské Pøedmìstí;385379;Zátavské nábø.;è.p.;65;;;39701;775568.60;1125936.05;2013-12-01T00:00:00
5549418;549240;Písek;;;;;404543;Václavské Pøedmìstí;383830;Burketova;è.p.;66;21;;39701;775344.88;1125810.71;2021-02-05T00:00:00
5549426;549240;Písek;;;;;404543;Václavské Pøedmìstí;383767;Boøivojova;è.p.;67;;;39701;775543.34;1125930.37;2013-12-01T00:00:00
5549434;549240;Písek;;;;;404543;Václavské Pøedmìstí;385301;Vratislavova;è.p.;68;;;39701;775546.01;1125885.48;2013-12-01T00:00:00
5549442;549240;Písek;;;;;404543;Václavské Pøedmìstí;385301;Vratislavova;è.p.;69;;;39701;775550.42;1125862.67;2013-12-01T00:00:00
5549451;549240;Písek;;;;;404543;Václavské Pøedmìstí;383830;Burketova;è.p.;70;19;;39701;775337.54;1125800.92;2013-12-01T00:00:00
5549469;549240;Písek;;;;;404543;Václavské Pøedmìstí;383767;Boøivojova;è.p.;71;;;39701;775536.62;1125921.23;2013-12-01T00:00:00
5549477;549240;Písek;;;;;404543;Václavské Pøedmìstí;385301;Vratislavova;è.p.;72;;;39701;775561.03;1125858.95;2013-12-01T00:00:00
5549485;549240;Písek;;;;;404543;Václavské Pøedmìstí;383767;Boøivojova;è.p.;73;;;39701;775528.98;1125912.28;2013-12-01T00:00:00
5549493;549240;Písek;;;;;404543;Václavské Pøedmìstí;383767;Boøivojova;è.p.;74;;;39701;775511.27;1125834.88;2013-12-01T00:00:00
5549507;549240;Písek;;;;;404543;Václavské Pøedmìstí;385301;Vratislavova;è.p.;75;;;39701;775583.60;1125849.02;2013-12-01T00:00:00
5549515;549240;Písek;;;;;404543;Václavské Pøedmìstí;385301;Vratislavova;è.p.;76;;;39701;775595.45;1125843.94;2013-12-01T00:00:00
5549523;549240;Písek;;;;;404543;Václavské Pøedmìstí;383767;Boøivojova;è.p.;77;;;39701;775512.85;1125844.92;2013-12-01T00:00:00
5549540;549240;Písek;;;;;404543;Václavské Pøedmìstí;384933;Strakonická;è.p.;79;;;39701;775534.47;1125769.41;2013-12-01T00:00:00
5549558;549240;Písek;;;;;404543;Václavské Pøedmìstí;384933;Strakonická;è.p.;80;;;39701;775525.37;1125772.96;2013-12-01T00:00:00
5549566;549240;Písek;;;;;404543;Václavské Pøedmìstí;383830;Burketova;è.p.;81;17;;39701;775327.65;1125798.08;2013-12-01T00:00:00
5549574;549240;Písek;;;;;404543;Václavské Pøedmìstí;385301;Vratislavova;è.p.;82;;;39701;775621.74;1125831.75;2013-12-01T00:00:00
5549582;549240;Písek;;;;;404543;Václavské Pøedmìstí;385301;Vratislavova;è.p.;83;;;39701;775615.42;1125834.46;2013-12-01T00:00:00
5549591;549240;Písek;;;;;404543;Václavské Pøedmìstí;385301;Vratislavova;è.p.;84;;;39701;775572.09;1125853.76;2013-12-01T00:00:00
5549604;549240;Písek;;;;;404543;Václavské Pøedmìstí;385301;Vratislavova;è.p.;85;;;39701;775629.19;1125828.59;2013-12-01T00:00:00
5549612;549240;Písek;;;;;404543;Václavské Pøedmìstí;383767;Boøivojova;è.p.;86;;;39701;775521.24;1125904.10;2013-12-01T00:00:00
5549621;549240;Písek;;;;;404543;Václavské Pøedmìstí;385301;Vratislavova;è.p.;87;;;39701;775525.45;1125893.96;2013-12-01T00:00:00
5549639;549240;Písek;;;;;404543;Václavské Pøedmìstí;385301;Vratislavova;è.p.;88;;;39701;775637.20;1125825.32;2013-12-01T00:00:00
5549647;549240;Písek;;;;;404543;Václavské Pøedmìstí;385301;Vratislavova;è.p.;89;;;39701;775606.62;1125838.07;2013-12-01T00:00:00
5549655;549240;Písek;;;;;404543;Václavské Pøedmìstí;384771;Pøíèná;è.p.;90;;;39701;775628.00;1125799.92;2013-12-01T00:00:00
5549663;549240;Písek;;;;;404543;Václavské Pøedmìstí;384771;Pøíèná;è.p.;91;;;39701;775645.83;1125790.25;2013-12-01T00:00:00
5549671;549240;Písek;;;;;404543;Václavské Pøedmìstí;383830;Burketova;è.p.;92;7;;39701;775268.87;1125786.11;2013-12-01T00:00:00
5549680;549240;Písek;;;;;404543;Václavské Pøedmìstí;383830;Burketova;è.p.;93;5;;39701;775254.41;1125775.27;2013-12-01T00:00:00
5549698;549240;Písek;;;;;404543;Václavské Pøedmìstí;385263;Václavské nám.;è.p.;94;;;39701;775412.73;1125788.37;2013-12-01T00:00:00
5549701;549240;Písek;;;;;404543;Václavské Pøedmìstí;385263;Václavské nám.;è.p.;95;;;39701;775415.82;1125781.04;2013-12-01T00:00:00
5549710;549240;Písek;;;;;404543;Václavské Pøedmìstí;384771;Pøíèná;è.p.;96;;;39701;775655.22;1125817.11;2013-12-01T00:00:00
5549728;549240;Písek;;;;;404543;Václavské Pøedmìstí;385301;Vratislavova;è.p.;97;;;39701;775661.81;1125814.33;2013-12-01T00:00:00
5549736;549240;Písek;;;;;404543;Václavské Pøedmìstí;383830;Burketova;è.p.;98;;;39701;775317.96;1125828.54;2013-12-01T00:00:00
5549744;549240;Písek;;;;;404543;Václavské Pøedmìstí;383830;Burketova;è.p.;99;;;39701;775308.56;1125824.87;2013-12-01T00:00:00
5549752;549240;Písek;;;;;404543;Václavské Pøedmìstí;384933;Strakonická;è.p.;100;;;39701;775597.98;1125724.09;2013-12-01T00:00:00
5549761;549240;Písek;;;;;404543;Václavské Pøedmìstí;385263;Václavské nám.;è.p.;101;;;39701;775498.94;1125775.58;2013-12-01T00:00:00
5549779;549240;Písek;;;;;404543;Václavské Pøedmìstí;383830;Burketova;è.p.;102;;;39701;775327.36;1125831.04;2013-12-01T00:00:00
5549787;549240;Písek;;;;;404543;Václavské Pøedmìstí;384313;Krátká;è.p.;103;;;39701;775450.34;1125623.99;2013-12-01T00:00:00
5549795;549240;Písek;;;;;404543;Václavské Pøedmìstí;385263;Václavské nám.;è.p.;104;;;39701;775502.58;1125783.71;2013-12-01T00:00:00
5549809;549240;Písek;;;;;404543;Václavské Pøedmìstí;385301;Vratislavova;è.p.;105;;;39701;775668.14;1125811.79;2013-12-01T00:00:00
5549817;549240;Písek;;;;;404543;Václavské Pøedmìstí;385301;Vratislavova;è.p.;106;;;39701;775717.17;1125815.57;2013-12-01T00:00:00
5549825;549240;Písek;;;;;404543;Václavské Pøedmìstí;385301;Vratislavova;è.p.;107;;;39701;775675.73;1125808.59;2013-12-01T00:00:00
5549833;549240;Písek;;;;;404543;Václavské Pøedmìstí;385301;Vratislavova;è.p.;108;;;39701;775668.04;1125834.55;2013-12-01T00:00:00
5549841;549240;Písek;;;;;404543;Václavské Pøedmìstí;384313;Krátká;è.p.;109;;;39701;775415.41;1125612.14;2013-12-01T00:00:00
5549850;549240;Písek;;;;;404543;Václavské Pøedmìstí;385301;Vratislavova;è.p.;110;;;39701;775568.16;1125877.11;2013-12-01T00:00:00
5549868;549240;Písek;;;;;404543;Václavské Pøedmìstí;385301;Vratislavova;è.p.;111;;;39701;775575.69;1125874.00;2013-12-01T00:00:00
5549876;549240;Písek;;;;;404543;Václavské Pøedmìstí;383830;Burketova;è.p.;112;;;39701;775337.71;1125833.44;2013-12-01T00:00:00
5549884;549240;Písek;;;;;404543;Václavské Pøedmìstí;384313;Krátká;è.p.;113;;;39701;775425.62;1125614.30;2013-12-01T00:00:00
5549892;549240;Písek;;;;;404543;Václavské Pøedmìstí;385301;Vratislavova;è.p.;114;;;39701;775555.29;1125882.46;2013-12-01T00:00:00
5549906;549240;Písek;;;;;404543;Václavské Pøedmìstí;385301;Vratislavova;è.p.;115;;;39701;775589.92;1125868.16;2013-12-01T00:00:00
5549914;549240;Písek;;;;;404543;Václavské Pøedmìstí;383830;Burketova;è.p.;116;;;39701;775346.50;1125836.59;2013-12-01T00:00:00
5549922;549240;Písek;;;;;404543;Václavské Pøedmìstí;383830;Burketova;è.p.;117;;;39701;775259.65;1125810.94;2013-12-01T00:00:00
5549931;549240;Písek;;;;;404543;Václavské Pøedmìstí;383830;Burketova;è.p.;118;;;39701;775270.37;1125813.43;2013-12-01T00:00:00
5549949;549240;Písek;;;;;404543;Václavské Pøedmìstí;383830;Burketova;è.p.;119;;;39701;775280.51;1125816.88;2013-12-01T00:00:00
5549957;549240;Písek;;;;;404543;Václavské Pøedmìstí;383830;Burketova;è.p.;120;;;39701;775385.83;1125852.18;2013-12-01T00:00:00
5549965;549240;Písek;;;;;404543;Václavské Pøedmìstí;385301;Vratislavova;è.p.;121;;;39701;775597.88;1125864.87;2013-12-01T00:00:00
5549973;549240;Písek;;;;;404543;Václavské Pøedmìstí;385301;Vratislavova;è.p.;122;;;39701;775605.71;1125861.70;2013-12-01T00:00:00
5549981;549240;Písek;;;;;404543;Václavské Pøedmìstí;385301;Vratislavova;è.p.;123;;;39701;775612.30;1125858.90;2013-12-01T00:00:00
5549990;549240;Písek;;;;;404543;Václavské Pøedmìstí;385301;Vratislavova;è.p.;124;;;39701;775618.83;1125856.22;2013-12-01T00:00:00
5550009;549240;Písek;;;;;404543;Václavské Pøedmìstí;385301;Vratislavova;è.p.;125;;;39701;775724.28;1125812.57;2013-12-01T00:00:00
5550017;549240;Písek;;;;;404543;Václavské Pøedmìstí;383830;Burketova;è.p.;126;;;39701;775241.85;1125805.96;2013-12-01T00:00:00
5550025;549240;Písek;;;;;404543;Václavské Pøedmìstí;383830;Burketova;è.p.;127;;;39701;775250.66;1125807.49;2013-12-01T00:00:00
5550033;549240;Písek;;;;;404543;Václavské Pøedmìstí;385301;Vratislavova;è.p.;128;;;39701;775627.85;1125853.55;2013-12-01T00:00:00
5550041;549240;Písek;;;;;404543;Václavské Pøedmìstí;385301;Vratislavova;è.p.;129;;;39701;775583.39;1125870.83;2013-12-01T00:00:00
5550050;549240;Písek;;;;;404543;Václavské Pøedmìstí;385301;Vratislavova;è.p.;130;;;39701;775633.69;1125850.07;2013-12-01T00:00:00
5550068;549240;Písek;;;;;404543;Václavské Pøedmìstí;385263;Václavské nám.;è.p.;131;;;39701;775421.09;1125760.02;2013-12-01T00:00:00
5550076;549240;Písek;;;;;404543;Václavské Pøedmìstí;385263;Václavské nám.;è.p.;132;;;39701;775417.77;1125771.20;2013-12-01T00:00:00
5550084;549240;Písek;;;;;404543;Václavské Pøedmìstí;385263;Václavské nám.;è.p.;133;;;39701;775424.08;1125750.06;2013-12-01T00:00:00
5550092;549240;Písek;;;;;404543;Václavské Pøedmìstí;383830;Burketova;è.p.;134;;;39701;775295.62;1125821.19;2013-12-01T00:00:00
5550106;549240;Písek;;;;;404543;Václavské Pøedmìstí;383830;Burketova;è.p.;135;;;39701;775354.99;1125838.56;2013-12-01T00:00:00
5550114;549240;Písek;;;;;404543;Václavské Pøedmìstí;385140;U Papírny;è.p.;136;;;39701;775361.50;1125844.75;2013-12-01T00:00:00
5550122;549240;Písek;;;;;404543;Václavské Pøedmìstí;385298;Vinická;è.p.;137;;;39701;775401.17;1125721.65;2013-12-01T00:00:00
5550131;549240;Písek;;;;;404543;Václavské Pøedmìstí;385298;Vinická;è.p.;138;;;39701;775371.80;1125689.68;2013-12-01T00:00:00
5550149;549240;Písek;;;;;404543;Václavské Pøedmìstí;385301;Vratislavova;è.p.;139;;;39701;775642.02;1125847.40;2013-12-01T00:00:00
5550157;549240;Písek;;;;;404543;Václavské Pøedmìstí;385298;Vinická;è.p.;140;;;39701;775380.02;1125691.63;2013-12-01T00:00:00
5550165;549240;Písek;;;;;404543;Václavské Pøedmìstí;385301;Vratislavova;è.p.;141;;;39701;775741.40;1125805.60;2013-12-01T00:00:00
5550173;549240;Písek;;;;;404543;Václavské Pøedmìstí;385140;U Papírny;è.p.;142;;;39701;775363.40;1125862.35;2013-12-01T00:00:00
5550181;549240;Písek;;;;;404543;Václavské Pøedmìstí;385140;U Papírny;è.p.;143;;;39701;775364.14;1125870.44;2013-12-01T00:00:00
5550190;549240;Písek;;;;;404543;Václavské Pøedmìstí;385140;U Papírny;è.p.;144;;;39701;775365.79;1125879.43;2013-12-01T00:00:00
5550203;549240;Písek;;;;;404543;Václavské Pøedmìstí;385140;U Papírny;è.p.;145;;;39701;775367.36;1125889.16;2013-12-01T00:00:00
5550211;549240;Písek;;;;;404543;Václavské Pøedmìstí;384356;Lesnická;è.p.;146;;;39701;775268.03;1125725.34;2013-12-01T00:00:00
5550220;549240;Písek;;;;;404543;Václavské Pøedmìstí;384356;Lesnická;è.p.;147;;;39701;775271.87;1125713.25;2013-12-01T00:00:00
5550238;549240;Písek;;;;;404543;Václavské Pøedmìstí;385298;Vinická;è.p.;148;;;39701;775388.19;1125693.95;2013-12-01T00:00:00
5550246;549240;Písek;;;;;404543;Václavské Pøedmìstí;384356;Lesnická;è.p.;149;;;39701;775276.17;1125701.34;2013-12-01T00:00:00
5550254;549240;Písek;;;;;404543;Václavské Pøedmìstí;385301;Vratislavova;è.p.;150;;;39701;775700.14;1125798.51;2013-12-01T00:00:00
5550262;549240;Písek;;;;;404543;Václavské Pøedmìstí;385301;Vratislavova;è.p.;151;;;39701;775709.85;1125794.20;2013-12-01T00:00:00
5550271;549240;Písek;;;;;404543;Václavské Pøedmìstí;385298;Vinická;è.p.;152;;;39701;775304.42;1125691.44;2013-12-01T00:00:00
5550289;549240;Písek;;;;;404543;Václavské Pøedmìstí;385298;Vinická;è.p.;153;;;39701;775383.85;1125715.96;2013-12-01T00:00:00
5550297;549240;Písek;;;;;404543;Václavské Pøedmìstí;385140;U Papírny;è.p.;154;;;39701;775368.63;1125900.60;2013-12-01T00:00:00
5550301;549240;Písek;;;;;404543;Václavské Pøedmìstí;385298;Vinická;è.p.;155;;;39701;775313.96;1125694.33;2013-12-01T00:00:00
5550319;549240;Písek;;;;;404543;Václavské Pøedmìstí;385301;Vratislavova;è.p.;156;;;39701;775678.86;1125830.76;2013-12-01T00:00:00
5550327;549240;Písek;;;;;404543;Václavské Pøedmìstí;384356;Lesnická;è.p.;157;;;39701;775391.64;1125576.48;2013-12-01T00:00:00
5550335;549240;Písek;;;;;404543;Václavské Pøedmìstí;385298;Vinická;è.p.;158;;;39701;775396.62;1125695.73;2013-12-01T00:00:00
5550343;549240;Písek;;;;;404543;Václavské Pøedmìstí;385298;Vinická;è.p.;159;;;39701;775406.15;1125699.39;2013-12-01T00:00:00
5550351;549240;Písek;;;;;404543;Václavské Pøedmìstí;385298;Vinická;è.p.;160;;;39701;775295.77;1125689.12;2013-12-01T00:00:00
5550360;549240;Písek;;;;;404543;Václavské Pøedmìstí;385298;Vinická;è.p.;161;;;39701;775409.18;1125724.42;2013-12-01T00:00:00
5550378;549240;Písek;;;;;404543;Václavské Pøedmìstí;385298;Vinická;è.p.;162;;;39701;775279.31;1125684.88;2013-12-01T00:00:00
5550386;549240;Písek;;;;;404543;Václavské Pøedmìstí;385298;Vinická;è.p.;163;;;39701;775323.18;1125696.98;2013-12-01T00:00:00
5550408;549240;Písek;;;;;404543;Václavské Pøedmìstí;384313;Krátká;è.p.;165;;;39701;775435.53;1125593.85;2013-12-01T00:00:00
5550416;549240;Písek;;;;;404543;Václavské Pøedmìstí;385298;Vinická;è.p.;166;;;39701;775355.81;1125684.17;2013-12-01T00:00:00
5550424;549240;Písek;;;;;404543;Václavské Pøedmìstí;385263;Václavské nám.;è.p.;167;;;39701;775494.75;1125762.75;2013-12-01T00:00:00
5550432;549240;Písek;;;;;404543;Václavské Pøedmìstí;385263;Václavské nám.;è.p.;168;;;39701;775487.63;1125746.00;2013-12-01T00:00:00
5550441;549240;Písek;;;;;404543;Václavské Pøedmìstí;385263;Václavské nám.;è.p.;169;;;39701;775481.06;1125729.13;2013-12-01T00:00:00
5550459;549240;Písek;;;;;404543;Václavské Pøedmìstí;385263;Václavské nám.;è.p.;170;;;39701;775473.31;1125711.63;2013-12-01T00:00:00
5550467;549240;Písek;;;;;404543;Václavské Pøedmìstí;385263;Václavské nám.;è.p.;171;;;39701;775473.81;1125682.75;2013-12-01T00:00:00
5550475;549240;Písek;;;;;404543;Václavské Pøedmìstí;385263;Václavské nám.;è.p.;172;;;39701;775479.44;1125665.25;2013-12-01T00:00:00
5550483;549240;Písek;;;;;404543;Václavské Pøedmìstí;385263;Václavské nám.;è.p.;173;;;39701;775485.19;1125647.63;2013-12-01T00:00:00
5550491;549240;Písek;;;;;404543;Václavské Pøedmìstí;385301;Vratislavova;è.p.;174;;;39701;775742.04;1125781.85;2013-12-01T00:00:00
5550505;549240;Písek;;;;;404543;Václavské Pøedmìstí;384313;Krátká;è.p.;175;;;39701;775442.13;1125620.79;2013-12-01T00:00:00
5550513;549240;Písek;;;;;404543;Václavské Pøedmìstí;385298;Vinická;è.p.;176;;;39701;775332.32;1125700.10;2013-12-01T00:00:00
5550521;549240;Písek;;;;;404543;Václavské Pøedmìstí;385263;Václavské nám.;è.p.;177;;;39701;775443.04;1125687.57;2013-12-01T00:00:00
5550530;549240;Písek;;;;;404543;Václavské Pøedmìstí;385298;Vinická;è.p.;178;;;39701;775349.54;1125705.95;2013-12-01T00:00:00
5550548;549240;Písek;;;;;404543;Václavské Pøedmìstí;385301;Vratislavova;è.p.;179;;;39701;775718.88;1125790.58;2013-12-01T00:00:00
5550556;549240;Písek;;;;;404543;Václavské Pøedmìstí;385301;Vratislavova;è.p.;180;;;39701;775732.26;1125809.35;2013-12-01T00:00:00
5550564;549240;Písek;;;;;404543;Václavské Pøedmìstí;384933;Strakonická;è.p.;181;;;39701;775707.78;1125733.71;2013-12-01T00:00:00
5550572;549240;Písek;;;;;404543;Václavské Pøedmìstí;384933;Strakonická;è.p.;182;;;39701;775675.87;1125746.97;2013-12-01T00:00:00
5550581;549240;Písek;;;;;404543;Václavské Pøedmìstí;385301;Vratislavova;è.p.;183;;;39701;775750.91;1125801.60;2013-12-01T00:00:00
5550599;549240;Písek;;;;;404543;Václavské Pøedmìstí;384933;Strakonická;è.p.;184;;;39701;775654.71;1125755.45;2013-12-01T00:00:00
5550602;549240;Písek;;;;;404543;Václavské Pøedmìstí;385298;Vinická;è.p.;185;;;39701;775440.37;1125697.39;2013-12-01T00:00:00
5550611;549240;Písek;;;;;404543;Václavské Pøedmìstí;384933;Strakonická;è.p.;186;;;39701;775645.04;1125759.68;2013-12-01T00:00:00
5550629;549240;Písek;;;;;404543;Václavské Pøedmìstí;385263;Václavské nám.;è.p.;187;;;39701;775446.41;1125677.42;2013-12-01T00:00:00
5550637;549240;Písek;;;;;404543;Václavské Pøedmìstí;385301;Vratislavova;è.p.;188;;;39701;775731.65;1125785.43;2013-12-01T00:00:00
5550645;549240;Písek;;;;;404543;Václavské Pøedmìstí;384933;Strakonická;è.p.;189;;;39701;775897.13;1125659.17;2013-12-01T00:00:00
5550653;549240;Písek;;;;;404543;Václavské Pøedmìstí;384933;Strakonická;è.p.;190;;;39701;775902.92;1125656.57;2013-12-01T00:00:00
5550661;549240;Písek;;;;;404543;Václavské Pøedmìstí;384933;Strakonická;è.p.;191;;;39701;775906.74;1125651.14;2013-12-01T00:00:00
5550670;549240;Písek;;;;;404543;Václavské Pøedmìstí;384933;Strakonická;è.p.;192;;;39701;775911.93;1125648.98;2013-12-01T00:00:00
5550688;549240;Písek;;;;;404543;Václavské Pøedmìstí;384933;Strakonická;è.p.;193;;;39701;775917.55;1125646.47;2013-12-01T00:00:00
5550696;549240;Písek;;;;;404543;Václavské Pøedmìstí;384933;Strakonická;è.p.;194;;;39701;775923.17;1125643.96;2013-12-01T00:00:00
5550700;549240;Písek;;;;;404543;Václavské Pøedmìstí;384933;Strakonická;è.p.;195;;;39701;775929.82;1125642.93;2013-12-01T00:00:00
5550718;549240;Písek;;;;;404543;Václavské Pøedmìstí;384933;Strakonická;è.p.;196;;;39701;775935.18;1125640.51;2013-12-01T00:00:00
5550726;549240;Písek;;;;;404543;Václavské Pøedmìstí;384933;Strakonická;è.p.;197;;;39701;775941.32;1125639.98;2013-12-01T00:00:00
5550734;549240;Písek;;;;;404543;Václavské Pøedmìstí;384933;Strakonická;è.p.;198;;;39701;775947.03;1125637.30;2013-12-01T00:00:00
5550742;549240;Písek;;;;;404543;Václavské Pøedmìstí;384933;Strakonická;è.p.;199;;;39701;775953.25;1125636.44;2013-12-01T00:00:00
5550751;549240;Písek;;;;;404543;Václavské Pøedmìstí;384933;Strakonická;è.p.;200;;;39701;775958.52;1125634.11;2013-12-01T00:00:00
5550769;549240;Písek;;;;;404543;Václavské Pøedmìstí;384933;Strakonická;è.p.;201;;;39701;775977.94;1125625.60;2013-12-01T00:00:00
5550777;549240;Písek;;;;;404543;Václavské Pøedmìstí;384933;Strakonická;è.p.;202;;;39701;775983.56;1125623.06;2013-12-01T00:00:00
5550785;549240;Písek;;;;;404543;Václavské Pøedmìstí;384933;Strakonická;è.p.;203;;;39701;775990.06;1125622.21;2013-12-01T00:00:00
5550793;549240;Písek;;;;;404543;Václavské Pøedmìstí;384933;Strakonická;è.p.;204;;;39701;775995.52;1125619.76;2013-12-01T00:00:00
5550807;549240;Písek;;;;;404543;Václavské Pøedmìstí;384933;Strakonická;è.p.;205;;;39701;776001.88;1125619.18;2013-12-01T00:00:00
5550815;549240;Písek;;;;;404543;Václavské Pøedmìstí;384933;Strakonická;è.p.;206;;;39701;776007.34;1125616.75;2013-12-01T00:00:00
5550823;549240;Písek;;;;;404543;Václavské Pøedmìstí;384933;Strakonická;è.p.;207;;;39701;776013.79;1125616.10;2013-12-01T00:00:00
5550831;549240;Písek;;;;;404543;Václavské Pøedmìstí;384933;Strakonická;è.p.;208;;;39701;776019.63;1125613.44;2013-12-01T00:00:00
5550840;549240;Písek;;;;;404543;Václavské Pøedmìstí;384933;Strakonická;è.p.;209;;;39701;776025.98;1125613.11;2013-12-01T00:00:00
5550858;549240;Písek;;;;;404543;Václavské Pøedmìstí;384933;Strakonická;è.p.;210;;;39701;776031.57;1125610.63;2013-12-01T00:00:00
5550866;549240;Písek;;;;;404543;Václavské Pøedmìstí;384933;Strakonická;è.p.;211;;;39701;776037.57;1125610.22;2013-12-01T00:00:00
5550874;549240;Písek;;;;;404543;Václavské Pøedmìstí;384933;Strakonická;è.p.;212;;;39701;776043.03;1125607.61;2013-12-01T00:00:00
5550882;549240;Písek;;;;;404543;Václavské Pøedmìstí;384933;Strakonická;è.p.;213;;;39701;776064.93;1125604.45;2013-12-01T00:00:00
5550891;549240;Písek;;;;;404543;Václavské Pøedmìstí;384933;Strakonická;è.p.;214;;;39701;776070.71;1125603.28;2013-12-01T00:00:00
5550904;549240;Písek;;;;;404543;Václavské Pøedmìstí;384933;Strakonická;è.p.;215;;;39701;776076.93;1125602.11;2013-12-01T00:00:00
5550912;549240;Písek;;;;;404543;Václavské Pøedmìstí;384933;Strakonická;è.p.;216;;;39701;776082.62;1125600.93;2013-12-01T00:00:00
5550921;549240;Písek;;;;;404543;Václavské Pøedmìstí;384933;Strakonická;è.p.;217;;;39701;776088.93;1125599.67;2013-12-01T00:00:00
5550939;549240;Písek;;;;;404543;Václavské Pøedmìstí;384933;Strakonická;è.p.;218;;;39701;776094.43;1125598.72;2013-12-01T00:00:00
5550947;549240;Písek;;;;;404543;Václavské Pøedmìstí;384933;Strakonická;è.p.;219;;;39701;776102.06;1125600.29;2013-12-01T00:00:00
5550955;549240;Písek;;;;;404543;Václavské Pøedmìstí;384933;Strakonická;è.p.;220;;;39701;776106.88;1125596.29;2013-12-01T00:00:00
5550963;549240;Písek;;;;;404543;Václavské Pøedmìstí;384933;Strakonická;è.p.;221;;;39701;776112.56;1125595.20;2013-12-01T00:00:00
5550971;549240;Písek;;;;;404543;Václavské Pøedmìstí;384933;Strakonická;è.p.;222;;;39701;776118.52;1125594.03;2013-12-01T00:00:00
5550980;549240;Písek;;;;;404543;Václavské Pøedmìstí;384933;Strakonická;è.p.;223;;;39701;776124.47;1125592.86;2013-12-01T00:00:00
5550998;549240;Písek;;;;;404543;Václavské Pøedmìstí;384933;Strakonická;è.p.;224;;;39701;776130.43;1125591.69;2013-12-01T00:00:00
5551005;549240;Písek;;;;;404543;Václavské Pøedmìstí;385298;Vinická;è.p.;225;;;39701;775357.90;1125708.54;2013-12-01T00:00:00
5551013;549240;Písek;;;;;404543;Václavské Pøedmìstí;384933;Strakonická;è.p.;226;;;39701;775718.05;1125729.48;2013-12-01T00:00:00
5551021;549240;Písek;;;;;404543;Václavské Pøedmìstí;384933;Strakonická;è.p.;227;;;39701;775850.25;1125685.07;2013-12-01T00:00:00
5551030;549240;Písek;;;;;404543;Václavské Pøedmìstí;384933;Strakonická;è.p.;228;;;39701;775870.80;1125677.28;2013-12-01T00:00:00
5551048;549240;Písek;;;;;404543;Václavské Pøedmìstí;384933;Strakonická;è.p.;229;;;39701;775686.14;1125742.64;2013-12-01T00:00:00
5551056;549240;Písek;;;;;404543;Václavské Pøedmìstí;384933;Strakonická;è.p.;230;;;39701;775830.10;1125693.76;2013-12-01T00:00:00
5551064;549240;Písek;;;;;404543;Václavské Pøedmìstí;385298;Vinická;è.p.;231;;;39701;775328.58;1125676.03;2013-12-01T00:00:00
5551072;549240;Písek;;;;;404543;Václavské Pøedmìstí;384933;Strakonická;è.p.;232;;;39701;775810.57;1125699.64;2013-12-01T00:00:00
5551081;549240;Písek;;;;;404543;Václavské Pøedmìstí;385298;Vinická;è.p.;233;;;39701;775308.53;1125669.70;2013-12-01T00:00:00
5551099;549240;Písek;;;;;404543;Václavské Pøedmìstí;384933;Strakonická;è.p.;234;;;39701;775605.68;1125773.06;2013-12-01T00:00:00
5551102;549240;Písek;;;;;404543;Václavské Pøedmìstí;385298;Vinická;è.p.;235;;;39701;775318.70;1125671.86;2013-12-01T00:00:00
5551111;549240;Písek;;;;;404543;Václavské Pøedmìstí;384356;Lesnická;è.p.;236;;;39701;775301.59;1125617.54;2013-12-01T00:00:00
5551129;549240;Písek;;;;;404543;Václavské Pøedmìstí;385298;Vinická;è.p.;237;;;39701;775338.46;1125678.96;2013-12-01T00:00:00
5551137;549240;Písek;;;;;404543;Václavské Pøedmìstí;385298;Vinická;è.p.;238;;;39701;775288.70;1125665.16;2013-12-01T00:00:00
5551145;549240;Písek;;;;;404543;Václavské Pøedmìstí;385298;Vinická;è.p.;239;;;39701;775375.11;1125713.50;2013-12-01T00:00:00
5551153;549240;Písek;;;;;404543;Václavské Pøedmìstí;385298;Vinická;è.p.;240;;;39701;775299.32;1125667.36;2013-12-01T00:00:00
5551161;549240;Písek;;;;;404543;Václavské Pøedmìstí;385379;Zátavské nábø.;è.p.;241;;;39701;775622.22;1125913.51;2013-12-01T00:00:00
5551170;549240;Písek;;;;;404543;Václavské Pøedmìstí;385301;Vratislavova;è.p.;242;;;39701;775684.11;1125805.19;2013-12-01T00:00:00
5551188;549240;Písek;;;;;404543;Václavské Pøedmìstí;384933;Strakonická;è.p.;243;;;39701;775789.22;1125737.74;2013-12-01T00:00:00
5551196;549240;Písek;;;;;404543;Václavské Pøedmìstí;384933;Strakonická;è.p.;244;;;39701;775795.00;1125735.30;2013-12-01T00:00:00
5551200;549240;Písek;;;;;404543;Václavské Pøedmìstí;384933;Strakonická;è.p.;245;;;39701;775802.00;1125734.58;2013-12-01T00:00:00
5551218;549240;Písek;;;;;404543;Václavské Pøedmìstí;384933;Strakonická;è.p.;246;;;39701;775806.11;1125730.69;2013-12-01T00:00:00
5551226;549240;Písek;;;;;404543;Václavské Pøedmìstí;384933;Strakonická;è.p.;247;;;39701;775811.67;1125728.24;2013-12-01T00:00:00
5551234;549240;Písek;;;;;404543;Václavské Pøedmìstí;384933;Strakonická;è.p.;248;;;39701;775818.67;1125726.96;2013-12-01T00:00:00
5551242;549240;Písek;;;;;404543;Václavské Pøedmìstí;384933;Strakonická;è.p.;249;;;39701;775831.39;1125719.96;2013-12-01T00:00:00
5551251;549240;Písek;;;;;404543;Václavské Pøedmìstí;384933;Strakonická;è.p.;250;;;39701;775836.45;1125717.85;2013-12-01T00:00:00
5551269;549240;Písek;;;;;404543;Václavské Pøedmìstí;384933;Strakonická;è.p.;251;;;39701;775842.23;1125715.41;2013-12-01T00:00:00
5551277;549240;Písek;;;;;404543;Václavské Pøedmìstí;384933;Strakonická;è.p.;252;;;39701;775847.67;1125713.02;2013-12-01T00:00:00
5551285;549240;Písek;;;;;404543;Václavské Pøedmìstí;384933;Strakonická;è.p.;253;;;39701;775853.45;1125710.69;2013-12-01T00:00:00
5551293;549240;Písek;;;;;404543;Václavské Pøedmìstí;384933;Strakonická;è.p.;254;;;39701;775859.06;1125708.24;2013-12-01T00:00:00
5551307;549240;Písek;;;;;404543;Václavské Pøedmìstí;384933;Strakonická;è.p.;255;;;39701;775872.56;1125702.51;2013-12-01T00:00:00
5551315;549240;Písek;;;;;404543;Václavské Pøedmìstí;384933;Strakonická;è.p.;256;;;39701;775878.22;1125700.35;2013-12-01T00:00:00
5551323;549240;Písek;;;;;404543;Václavské Pøedmìstí;384933;Strakonická;è.p.;257;;;39701;775883.61;1125698.23;2013-12-01T00:00:00
5551331;549240;Písek;;;;;404543;Václavské Pøedmìstí;384933;Strakonická;è.p.;258;;;39701;775889.16;1125696.07;2013-12-01T00:00:00
5551340;549240;Písek;;;;;404543;Václavské Pøedmìstí;384933;Strakonická;è.p.;259;;;39701;775894.94;1125693.85;2013-12-01T00:00:00
5551358;549240;Písek;;;;;404543;Václavské Pøedmìstí;384933;Strakonická;è.p.;260;;;39701;775900.78;1125691.57;2013-12-01T00:00:00
5551366;549240;Písek;;;;;404543;Václavské Pøedmìstí;384933;Strakonická;è.p.;261;;;39701;775916.78;1125688.30;2013-12-01T00:00:00
5551374;549240;Písek;;;;;404543;Václavské Pøedmìstí;384933;Strakonická;è.p.;262;;;39701;775922.40;1125686.17;2013-12-01T00:00:00
5551382;549240;Písek;;;;;404543;Václavské Pøedmìstí;384933;Strakonická;è.p.;263;;;39701;775926.54;1125681.50;2013-12-01T00:00:00
5551391;549240;Písek;;;;;404543;Václavské Pøedmìstí;384933;Strakonická;è.p.;264;;;39701;775931.77;1125679.56;2013-12-01T00:00:00
5551404;549240;Písek;;;;;404543;Václavské Pøedmìstí;384933;Strakonická;è.p.;265;;;39701;775937.53;1125677.30;2013-12-01T00:00:00
5551412;549240;Písek;;;;;404543;Václavské Pøedmìstí;384933;Strakonická;è.p.;266;;;39701;775943.16;1125675.04;2013-12-01T00:00:00
5551421;549240;Písek;;;;;404543;Václavské Pøedmìstí;384933;Strakonická;è.p.;267;;;39701;775958.23;1125669.22;2013-12-01T00:00:00
5551439;549240;Písek;;;;;404543;Václavské Pøedmìstí;384933;Strakonická;è.p.;268;;;39701;775963.80;1125667.09;2013-12-01T00:00:00
5551447;549240;Písek;;;;;404543;Václavské Pøedmìstí;384933;Strakonická;è.p.;269;;;39701;775969.29;1125664.83;2013-12-01T00:00:00
5551455;549240;Písek;;;;;404543;Václavské Pøedmìstí;384933;Strakonická;è.p.;270;;;39701;775974.99;1125662.56;2013-12-01T00:00:00
5551463;549240;Písek;;;;;404543;Václavské Pøedmìstí;384933;Strakonická;è.p.;271;;;39701;775980.29;1125660.56;2013-12-01T00:00:00
5551471;549240;Písek;;;;;404543;Václavské Pøedmìstí;384933;Strakonická;è.p.;272;;;39701;775986.05;1125658.29;2013-12-01T00:00:00
5551480;549240;Písek;;;;;404543;Václavské Pøedmìstí;385298;Vinická;è.p.;273;;;39701;775366.92;1125710.98;2013-12-01T00:00:00
5551498;549240;Písek;;;;;404543;Václavské Pøedmìstí;384933;Strakonická;è.p.;274;;;39701;775569.60;1125746.85;2013-12-01T00:00:00
5551501;549240;Písek;;;;;404543;Václavské Pøedmìstí;384933;Strakonická;è.p.;275;;;39701;775762.35;1125710.49;2013-12-01T00:00:00
5551510;549240;Písek;;;;;404543;Václavské Pøedmìstí;384933;Strakonická;è.p.;276;;;39701;775768.79;1125755.42;2013-12-01T00:00:00
5551528;549240;Písek;;;;;404543;Václavské Pøedmìstí;384933;Strakonická;è.p.;277;;;39701;775778.34;1125751.54;2013-12-01T00:00:00
5551536;549240;Písek;;;;;404543;Václavské Pøedmìstí;385301;Vratislavova;è.p.;278;;;39701;775691.62;1125801.81;2013-12-01T00:00:00
5551544;549240;Písek;;;;;404543;Václavské Pøedmìstí;385298;Vinická;è.p.;279;;;39701;775415.76;1125702.94;2013-12-01T00:00:00
5551552;549240;Písek;;;;;404543;Václavské Pøedmìstí;385140;U Papírny;è.p.;280;;;39701;775402.20;1125938.21;2013-12-01T00:00:00
5551561;549240;Písek;;;;;404543;Václavské Pøedmìstí;385140;U Papírny;è.p.;281;;;39701;775404.23;1125946.38;2013-12-01T00:00:00
5551579;549240;Písek;;;;;404543;Václavské Pøedmìstí;385140;U Papírny;è.p.;282;;;39701;775406.75;1125954.05;2013-12-01T00:00:00
5551587;549240;Písek;;;;;404543;Václavské Pøedmìstí;385140;U Papírny;è.p.;283;;;39701;775408.56;1125961.55;2013-12-01T00:00:00
5551595;549240;Písek;;;;;404543;Václavské Pøedmìstí;385140;U Papírny;è.p.;284;;;39701;775410.38;1125969.12;2013-12-01T00:00:00
5551609;549240;Písek;;;;;404543;Václavské Pøedmìstí;385140;U Papírny;è.p.;285;;;39701;775411.66;1125977.50;2013-12-01T00:00:00
5551617;549240;Písek;;;;;404543;Václavské Pøedmìstí;384933;Strakonická;è.p.;286;;;39701;775785.81;1125709.41;2013-12-01T00:00:00
5551625;549240;Písek;;;;;404543;Václavské Pøedmìstí;383830;Burketova;è.p.;287;;;39701;775409.87;1125877.72;2013-12-01T00:00:00
5551633;549240;Písek;;;;;404543;Václavské Pøedmìstí;384356;Lesnická;è.p.;288;;;39701;775264.06;1125741.77;2013-12-01T00:00:00
5551641;549240;Písek;;;;;404543;Václavské Pøedmìstí;385301;Vratislavova;è.p.;289;;;39701;775778.23;1125792.32;2013-12-01T00:00:00
5551650;549240;Písek;;;;;404543;Václavské Pøedmìstí;385301;Vratislavova;è.p.;290;;;39701;775786.99;1125788.71;2013-12-01T00:00:00
5551668;549240;Písek;;;;;404543;Václavské Pøedmìstí;385301;Vratislavova;è.p.;291;;;39701;775795.23;1125785.48;2013-12-01T00:00:00
5551676;549240;Písek;;;;;404543;Václavské Pøedmìstí;385301;Vratislavova;è.p.;292;;;39701;775803.94;1125781.99;2013-12-01T00:00:00
5551684;549240;Písek;;;;;404543;Václavské Pøedmìstí;385301;Vratislavova;è.p.;293;;;39701;775811.76;1125778.93;2013-12-01T00:00:00
5551692;549240;Písek;;;;;404543;Václavské Pøedmìstí;385301;Vratislavova;è.p.;294;;;39701;775820.30;1125775.49;2013-12-01T00:00:00
5551706;549240;Písek;;;;;404543;Václavské Pøedmìstí;385301;Vratislavova;è.p.;295;;;39701;775828.84;1125772.09;2013-12-01T00:00:00
5551714;549240;Písek;;;;;404543;Václavské Pøedmìstí;385301;Vratislavova;è.p.;296;;;39701;775844.09;1125766.12;2013-12-01T00:00:00
5551722;549240;Písek;;;;;404543;Václavské Pøedmìstí;385301;Vratislavova;è.p.;297;;;39701;775855.65;1125763.10;2013-12-01T00:00:00
5551731;549240;Písek;;;;;404543;Václavské Pøedmìstí;385301;Vratislavova;è.p.;298;;;39701;775864.83;1125760.72;2013-12-01T00:00:00
5551749;549240;Písek;;;;;404543;Václavské Pøedmìstí;385301;Vratislavova;è.p.;299;;;39701;775873.15;1125758.51;2013-12-01T00:00:00
5551757;549240;Písek;;;;;404543;Václavské Pøedmìstí;385301;Vratislavova;è.p.;300;;;39701;775881.76;1125756.22;2013-12-01T00:00:00
5551765;549240;Písek;;;;;404543;Václavské Pøedmìstí;385301;Vratislavova;è.p.;301;;;39701;775890.55;1125753.88;2013-12-01T00:00:00
5551773;549240;Písek;;;;;404543;Václavské Pøedmìstí;385301;Vratislavova;è.p.;302;;;39701;775899.60;1125751.54;2013-12-01T00:00:00
5551781;549240;Písek;;;;;404543;Václavské Pøedmìstí;383830;Burketova;è.p.;303;;;39701;775205.61;1125958.30;2021-01-29T00:00:00
5551790;549240;Písek;;;;;404543;Václavské Pøedmìstí;385140;U Papírny;è.p.;304;;;39701;775410.89;1125904.60;2013-12-01T00:00:00
5551803;549240;Písek;;;;;404543;Václavské Pøedmìstí;385379;Zátavské nábø.;è.p.;305;;;39701;775481.26;1125993.75;2013-12-01T00:00:00
5551811;549240;Písek;;;;;404543;Václavské Pøedmìstí;384356;Lesnická;è.p.;306;;;39701;775250.20;1125638.07;2013-12-01T00:00:00
5551820;549240;Písek;;;;;404543;Václavské Pøedmìstí;385301;Vratislavova;è.p.;307;;;39701;775688.52;1125827.81;2013-12-01T00:00:00
5551838;549240;Písek;;;;;404543;Václavské Pøedmìstí;384933;Strakonická;è.p.;308;;;39701;776033.33;1125644.79;2013-12-01T00:00:00
5551846;549240;Písek;;;;;404543;Václavské Pøedmìstí;384933;Strakonická;è.p.;309;;;39701;776041.93;1125642.91;2013-12-01T00:00:00
5551854;549240;Písek;;;;;404543;Václavské Pøedmìstí;384933;Strakonická;è.p.;310;;;39701;776051.25;1125640.34;2013-12-01T00:00:00
5551862;549240;Písek;;;;;404543;Václavské Pøedmìstí;384933;Strakonická;è.p.;311;;;39701;776059.86;1125638.06;2013-12-01T00:00:00
5551871;549240;Písek;;;;;404543;Václavské Pøedmìstí;384933;Strakonická;è.p.;312;;;39701;776068.85;1125635.32;2013-12-01T00:00:00
5551889;549240;Písek;;;;;404543;Václavské Pøedmìstí;385263;Václavské nám.;è.p.;313;;;39701;775409.37;1125801.00;2013-12-01T00:00:00
5551897;549240;Písek;;;;;404543;Václavské Pøedmìstí;385298;Vinická;è.p.;314;;;39701;775346.75;1125681.98;2013-12-01T00:00:00
5551901;549240;Písek;;;;;404543;Václavské Pøedmìstí;385379;Zátavské nábø.;è.p.;315;;;39701;775713.30;1125879.63;2013-12-01T00:00:00
5551919;549240;Písek;;;;;404543;Václavské Pøedmìstí;385301;Vratislavova;è.p.;316;;;39701;775707.80;1125819.54;2013-12-01T00:00:00
5551927;549240;Písek;;;;;404543;Václavské Pøedmìstí;385379;Zátavské nábø.;è.p.;317;;;39701;775576.43;1125930.21;2013-12-01T00:00:00
5551935;549240;Písek;;;;;404543;Václavské Pøedmìstí;384933;Strakonická;è.p.;318;;;39701;776093.95;1125629.86;2013-12-01T00:00:00
22779825;549240;Písek;;;;;404527;Budìjovické Pøedmìstí;384178;Hradišská;è.p.;2479;;;39701;775068.56;1126525.13;2013-12-01T00:00:00
22779833;549240;Písek;;;;;404527;Budìjovické Pøedmìstí;385425;Richarda Weinera;è.p.;2503;;;39701;772888.43;1125829.83;2013-12-01T00:00:00
22779841;549240;Písek;;;;;404527;Budìjovické Pøedmìstí;383945;Flekaèky;è.p.;2505;;;39701;771438.87;1128180.06;2014-02-10T00:00:00
22779850;549240;Písek;;;;;404527;Budìjovické Pøedmìstí;385107;U Høebèince;è.p.;2509;;;39701;773503.70;1127569.29;2013-12-01T00:00:00
22779868;549240;Písek;;;;;404527;Budìjovické Pøedmìstí;385107;U Høebèince;è.p.;2510;;;39701;773500.38;1127419.79;2013-12-01T00:00:00
22779876;549240;Písek;;;;;404527;Budìjovické Pøedmìstí;384135;Jeronımova;è.p.;2511;;;39701;773872.72;1125881.77;2013-12-01T00:00:00
22779884;549240;Písek;;;;;404527;Budìjovické Pøedmìstí;384976;Šobrova;è.p.;2512;;;39701;773160.60;1126840.07;2013-12-01T00:00:00
22779892;549240;Písek;;;;;404527;Budìjovické Pøedmìstí;384101;Jana Èarka;è.p.;2513;;;39701;773033.80;1125803.07;2013-12-01T00:00:00
22779906;549240;Písek;;;;;404527;Budìjovické Pøedmìstí;383724;Alšova;è.p.;2514;;;39701;773968.04;1125287.93;2014-02-11T00:00:00
22779914;549240;Písek;;;;;404527;Budìjovické Pøedmìstí;384151;Jiøího Srnky;è.p.;2515;;;39701;772938.09;1125612.97;2013-12-01T00:00:00
22779922;549240;Písek;;;;;404527;Budìjovické Pøedmìstí;384151;Jiøího Srnky;è.p.;2516;;;39701;773069.19;1125765.68;2013-12-01T00:00:00
22779931;549240;Písek;;;;;404527;Budìjovické Pøedmìstí;385549;Vrcovická;è.p.;2517;;;39701;773352.63;1124988.82;2013-12-01T00:00:00
22779949;549240;Písek;;;;;120901;Hradištì;714291;Dolní;è.p.;305;;;39701;775056.27;1127822.10;2013-12-01T00:00:00
22779957;549240;Písek;;;;;120901;Hradištì;384194;K Lipám;è.p.;306;;;39701;775631.71;1126978.82;2013-12-01T00:00:00
22779965;549240;Písek;;;;;147231;Semice;769487;Ke Køíku;è.p.;159;;;39701;772298.33;1129162.14;2013-12-01T00:00:00
22779973;549240;Písek;;;;;151238;Smrkovice;769622;Salátová;è.p.;178;;;39701;774133.89;1129481.94;2013-12-01T00:00:00
23120061;549240;Písek;;;;;404535;Praské Pøedmìstí;676691;Èíovská;è.p.;447;;;39701;775952.65;1123547.54;2013-12-01T00:00:00
23340312;549240;Písek;;;;;404535;Praské Pøedmìstí;384739;Praská;è.p.;441;;;39701;775031.60;1125131.07;2013-12-01T00:00:00
23340321;549240;Písek;;;;;404535;Praské Pøedmìstí;384739;Praská;è.p.;443;;;39701;775286.30;1124949.27;2013-12-01T00:00:00
23340339;549240;Písek;;;;;404527;Budìjovické Pøedmìstí;384658;Otakara Jeremiáše;è.p.;2265;;;39701;773160.57;1125746.56;2014-02-10T00:00:00
23340347;549240;Písek;;;;;404527;Budìjovické Pøedmìstí;385000;Táborská;è.p.;2280;;;39701;771445.24;1125188.00;2014-02-11T00:00:00
23340355;549240;Písek;;;;;404527;Budìjovické Pøedmìstí;385000;Táborská;è.p.;2470;;;39701;773070.19;1125492.34;2014-02-11T00:00:00
24356476;549240;Písek;;;;;147231;Semice;769495;K Peckám;è.p.;149;;;39701;772156.11;1129186.35;2013-12-01T00:00:00
24356484;549240;Písek;;;;;147231;Semice;769495;K Peckám;è.p.;157;;;39701;772242.35;1129082.41;2013-12-01T00:00:00
24356506;549240;Písek;;;;;404535;Praské Pøedmìstí;384739;Praská;è.p.;434;;;39701;775089.00;1125092.24;2013-12-01T00:00:00
24356514;549240;Písek;;;;;404527;Budìjovické Pøedmìstí;384577;nábøeí 1. máje;è.p.;2518;;;39701;774351.06;1125787.36;2013-12-01T00:00:00
24359351;549240;Písek;;;;;404535;Praské Pøedmìstí;678031;V Portyèi;è.p.;450;;;39701;774549.02;1125779.12;2014-02-12T00:00:00
24976067;549240;Písek;;;;;404535;Praské Pøedmìstí;383856;Èechova;è.p.;36;1;;39701;774527.50;1125859.52;2014-02-12T00:00:00
24976075;549240;Písek;;;;;404535;Praské Pøedmìstí;383856;Èechova;è.p.;37;3;;39701;774529.74;1125840.39;2014-02-12T00:00:00
24976083;549240;Písek;;;;;404535;Praské Pøedmìstí;383856;Èechova;è.p.;38;5;;39701;774528.57;1125824.52;2014-02-12T00:00:00
24976105;549240;Písek;;;;;404535;Praské Pøedmìstí;383856;Èechova;è.p.;448;2;;39701;774507.20;1125881.50;2025-02-10T00:00:00
24976113;549240;Písek;;;;;404535;Praské Pøedmìstí;383856;Èechova;è.p.;448;4;;39701;774506.50;1125861.70;2025-02-10T00:00:00
24976121;549240;Písek;;;;;404535;Praské Pøedmìstí;383856;Èechova;è.p.;448;6;;39701;774505.10;1125840.80;2025-02-10T00:00:00
24976130;549240;Písek;;;;;404535;Praské Pøedmìstí;383856;Èechova;è.p.;448;8;;39701;774504.60;1125817.70;2025-02-10T00:00:00
24976148;549240;Písek;;;;;404535;Praské Pøedmìstí;383856;Èechova;è.p.;449;10;;39701;774515.85;1125652.86;2014-02-12T00:00:00
24976156;549240;Písek;;;;;404535;Praské Pøedmìstí;383856;Èechova;è.p.;449;12;;39701;774515.85;1125652.86;2014-02-12T00:00:00
24976164;549240;Písek;;;;;404535;Praské Pøedmìstí;383856;Èechova;è.p.;449;14;;39701;774515.85;1125652.86;2014-02-12T00:00:00
24976172;549240;Písek;;;;;404535;Praské Pøedmìstí;383856;Èechova;è.p.;449;16;;39701;774515.85;1125652.86;2014-02-12T00:00:00
24976181;549240;Písek;;;;;404535;Praské Pøedmìstí;383856;Èechova;è.p.;449;18;;39701;774515.85;1125652.86;2014-02-12T00:00:00
24976199;549240;Písek;;;;;404535;Praské Pøedmìstí;383856;Èechova;è.p.;449;20;;39701;774515.85;1125652.86;2014-02-12T00:00:00
25053558;549240;Písek;;;;;120901;Hradištì;676675;Na Rozhlednì;è.p.;307;;;39701;776097.38;1126810.14;2013-12-01T00:00:00
25070029;549240;Písek;;;;;404527;Budìjovické Pøedmìstí;384151;Jiøího Srnky;è.p.;2519;;;39701;772927.94;1125578.47;2013-12-01T00:00:00
25070037;549240;Písek;;;;;404527;Budìjovické Pøedmìstí;384151;Jiøího Srnky;è.p.;2520;;;39701;772953.17;1125573.95;2013-12-01T00:00:00
25070045;549240;Písek;;;;;404527;Budìjovické Pøedmìstí;384178;Hradišská;è.p.;2521;;;39701;774967.66;1126398.26;2013-12-01T00:00:00
25076876;549240;Písek;;;;;404527;Budìjovické Pøedmìstí;384020;Holeèkova;è.p.;2524;;;39701;773418.40;1126274.50;2013-12-01T00:00:00
25076884;549240;Písek;;;;;120901;Hradištì;678856;Okruní;è.p.;310;;;39701;775644.63;1126436.96;2013-12-01T00:00:00
25077848;549240;Písek;;;;;404527;Budìjovické Pøedmìstí;384976;Šobrova;è.p.;2525;;;39701;773058.44;1126946.74;2013-12-01T00:00:00
25077856;549240;Písek;;;;;120901;Hradištì;678872;Spojovací;è.p.;309;;;39701;775773.31;1126441.78;2013-12-01T00:00:00
25100459;549240;Písek;;;;;404527;Budìjovické Pøedmìstí;385395;Zeyerova;è.p.;2502;;;39701;774480.11;1126606.93;2013-12-01T00:00:00
25126059;549240;Písek;;;;;120901;Hradištì;385573;V Lukách;è.p.;314;;;39701;775874.53;1126420.50;2013-12-01T00:00:00
25126067;549240;Písek;;;;;120901;Hradištì;385239;V Oudolí;è.p.;315;;;39701;775641.41;1126539.28;2013-12-01T00:00:00
25133241;549240;Písek;;;;;404527;Budìjovické Pøedmìstí;384381;Máchova;è.p.;2526;;;39701;773134.07;1126356.06;2013-12-01T00:00:00
25133250;549240;Písek;;;;;120901;Hradištì;714275;Lomená;è.p.;312;;;39701;775070.59;1127875.05;2013-12-01T00:00:00
25133268;549240;Písek;;;;;120901;Hradištì;383911;Drustevní;è.p.;313;;;39701;776147.41;1127165.87;2014-02-12T00:00:00
25160249;549240;Písek;;;;;120901;Hradištì;678856;Okruní;è.p.;316;;;39701;775644.54;1126458.70;2013-12-01T00:00:00
25160257;549240;Písek;;;;;404535;Praské Pøedmìstí;384739;Praská;è.p.;451;;;39701;775157.94;1125104.46;2013-12-01T00:00:00
25160265;549240;Písek;;;;;404527;Budìjovické Pøedmìstí;384101;Jana Èarka;è.p.;2482;;;39701;773029.08;1125785.93;2013-12-01T00:00:00
25161555;549240;Písek;;;;;404527;Budìjovické Pøedmìstí;714283;V Zátiší;è.p.;2527;;;39701;774945.19;1127889.07;2013-12-01T00:00:00
25168398;549240;Písek;;;;;120901;Hradištì;678856;Okruní;è.p.;317;;;39701;775609.71;1126445.21;2013-12-01T00:00:00
25176005;549240;Písek;;;;;120901;Hradištì;383911;Drustevní;è.p.;311;;;39701;776133.85;1127250.24;2014-02-12T00:00:00
25197762;549240;Písek;;;;;404527;Budìjovické Pøedmìstí;385395;Zeyerova;è.p.;2442;;;39701;774379.17;1126633.45;2013-12-01T00:00:00
25204092;549240;Písek;;;;;404527;Budìjovické Pøedmìstí;385000;Táborská;è.p.;2472;;;39701;773135.65;1125498.21;2022-10-12T00:00:00
25250868;549240;Písek;;;;;404527;Budìjovické Pøedmìstí;384984;Šobrovna;è.p.;2531;;;39701;773113.87;1127100.66;2013-12-01T00:00:00
25250876;549240;Písek;;;;;404527;Budìjovické Pøedmìstí;384101;Jana Èarka;è.p.;2504;;;39701;773031.16;1125794.42;2013-12-01T00:00:00
25250884;549240;Písek;;;;;120901;Hradištì;385204;Pod Školkou;è.p.;318;;;39701;776114.95;1126744.95;2013-12-01T00:00:00
25259831;549240;Písek;;;;;120901;Hradištì;385573;V Lukách;è.p.;320;;;39701;775685.88;1126425.63;2013-12-01T00:00:00
25259849;549240;Písek;;;;;120901;Hradištì;714267;Šumavská;è.p.;321;;;39701;775196.58;1127869.36;2013-12-01T00:00:00
25259857;549240;Písek;;;;;404527;Budìjovické Pøedmìstí;384984;Šobrovna;è.p.;2533;;;39701;772990.20;1126914.25;2013-12-01T00:00:00
25259865;549240;Písek;;;;;404527;Budìjovické Pøedmìstí;385425;Richarda Weinera;è.p.;2523;;;39701;772874.96;1125799.46;2022-10-23T00:00:00
25265776;549240;Písek;;;;;404527;Budìjovické Pøedmìstí;385107;U Høebèince;è.p.;2534;;;39701;773268.85;1127659.44;2013-12-01T00:00:00
25265784;549240;Písek;;;;;404527;Budìjovické Pøedmìstí;384178;Hradišská;è.p.;2532;;;39701;774968.49;1126468.29;2013-12-01T00:00:00
25265792;549240;Písek;;;;;404527;Budìjovické Pøedmìstí;385182;U Vodárny;è.p.;2528;;;39701;775684.71;1126108.96;2013-12-01T00:00:00
25265806;549240;Písek;;;;;404535;Praské Pøedmìstí;676691;Èíovská;è.p.;453;;;39701;775991.90;1123302.93;2013-12-01T00:00:00
25265814;549240;Písek;;;;;404535;Praské Pøedmìstí;781452;Stanislava Maliny;è.p.;452;;;39701;776499.20;1123443.72;2013-12-01T00:00:00
25265822;549240;Písek;;;;;151238;Smrkovice;769614;Polní;è.p.;179;;;39701;774591.93;1129362.18;2013-12-01T00:00:00
25270010;549240;Písek;;;;;151238;Smrkovice;769665;U Rybníèka;è.p.;182;;;39701;774437.96;1129318.98;2013-12-01T00:00:00
25295616;549240;Písek;;;;;404527;Budìjovické Pøedmìstí;383821;Budovcova;è.p.;2530;;;39701;774221.07;1126415.18;2013-12-01T00:00:00
25314882;549240;Písek;;;;;404519;Vnitøní Mìsto;383953;Fráni Šrámka;è.p.;183;;;39701;774450.32;1126274.00;2013-12-01T00:00:00
25314891;549240;Písek;;;;;151238;Smrkovice;769606;Novodvorská;è.p.;185;;;39701;774037.73;1129627.04;2013-12-01T00:00:00
25314904;549240;Písek;;;;;147231;Semice;769541;Obecní;è.p.;156;;;39701;771983.40;1129080.22;2013-12-01T00:00:00
25331574;549240;Písek;;;;;404527;Budìjovické Pøedmìstí;384828;Roháèova;è.p.;258;;;39701;773858.61;1126145.54;2013-12-01T00:00:00
25343076;549240;Písek;;;;;404527;Budìjovické Pøedmìstí;384151;Jiøího Srnky;è.p.;2457;;;39701;773067.86;1125770.88;2013-12-01T00:00:00
25369253;549240;Písek;;;;;404527;Budìjovické Pøedmìstí;385107;U Høebèince;è.p.;2535;;;39701;773096.90;1127912.97;2018-06-13T00:00:00
25369261;549240;Písek;;;;;120901;Hradištì;385573;V Lukách;è.p.;325;;;39701;775733.10;1126411.44;2013-12-01T00:00:00
25369270;549240;Písek;;;;;151238;Smrkovice;769614;Polní;è.p.;180;;;39701;774524.38;1129361.64;2013-12-01T00:00:00
25369288;549240;Písek;;;;;151238;Smrkovice;769576;Na Boubín;è.p.;183;;;39701;774155.57;1129686.39;2024-11-27T00:00:00
25373714;549240;Písek;;;;;120901;Hradištì;385573;V Lukách;è.p.;319;;;39701;775783.25;1126401.25;2013-12-01T00:00:00
25379682;549240;Písek;;;;;404527;Budìjovické Pøedmìstí;384127;Jaromíra Malého;è.p.;2540;;;39701;773136.21;1126461.40;2013-12-01T00:00:00
25381318;549240;Písek;;;;;120901;Hradištì;384682;Ouzká;è.p.;324;;;39701;776104.52;1127047.39;2014-02-12T00:00:00
25381326;549240;Písek;;;;;120901;Hradištì;678856;Okruní;è.p.;326;;;39701;775644.63;1126469.38;2013-12-01T00:00:00
25396731;549240;Písek;;;;;404527;Budìjovické Pøedmìstí;384071;Harantova;è.p.;2541;54;;39701;773653.56;1126137.47;2013-12-01T00:00:00
25411233;549240;Písek;;;;;404527;Budìjovické Pøedmìstí;384984;Šobrovna;è.p.;2545;;;39701;773059.07;1127049.79;2013-12-01T00:00:00
25411241;549240;Písek;;;;;120901;Hradištì;385573;V Lukách;è.p.;323;;;39701;775778.00;1126363.00;2013-12-01T00:00:00
25422146;549240;Písek;;;;;120901;Hradištì;384194;K Lipám;è.p.;329;;;39701;775774.28;1127200.94;2013-12-01T00:00:00
25422154;549240;Písek;;;;;120901;Hradištì;385239;V Oudolí;è.p.;328;;;39701;775719.85;1126497.44;2013-12-01T00:00:00
25422162;549240;Písek;;;;;151238;Smrkovice;769550;K Hùrkám;è.p.;181;;;39701;774051.77;1129903.05;2013-12-01T00:00:00
25428306;549240;Písek;;;;;404527;Budìjovické Pøedmìstí;384747;Preslova;è.p.;2544;;;39701;774261.61;1126761.20;2013-12-01T00:00:00
25431218;549240;Písek;;;;;120901;Hradištì;385239;V Oudolí;è.p.;327;;;39701;775736.43;1126447.42;2013-12-01T00:00:00
25439782;549240;Písek;;;;;120901;Hradištì;385239;V Oudolí;è.p.;330;;;39701;775663.32;1126521.59;2013-12-01T00:00:00
25439791;549240;Písek;;;;;120901;Hradištì;384089;Hùrka;è.p.;331;;;39701;776266.29;1127275.28;2014-02-12T00:00:00
25439804;549240;Písek;;;;;404527;Budìjovické Pøedmìstí;384411;Na Houpaèkách;è.p.;2546;;;39701;774251.11;1125339.07;2013-12-01T00:00:00
25453424;549240;Písek;;;;;404519;Vnitøní Mìsto;383953;Fráni Šrámka;è.p.;184;;;39701;774453.12;1126283.98;2013-12-01T00:00:00
25459643;549240;Písek;;;;;404527;Budìjovické Pøedmìstí;385310;Za Nádraím;è.p.;2547;;;39701;774721.10;1127740.72;2013-12-01T00:00:00
25474952;549240;Písek;;;;;404527;Budìjovické Pøedmìstí;714291;Dolní;è.p.;2548;;;39701;774926.63;1127867.74;2013-12-01T00:00:00
25486543;549240;Písek;;;;;404527;Budìjovické Pøedmìstí;385107;U Høebèince;è.p.;2539;;;39701;773401.28;1127631.79;2013-12-01T00:00:00
25486551;549240;Písek;;;;;404527;Budìjovické Pøedmìstí;385107;U Høebèince;è.p.;2538;;;39701;773475.33;1127616.15;2013-12-01T00:00:00
25503227;549240;Písek;;;;;404527;Budìjovické Pøedmìstí;384500;Na Rozmezí;è.p.;2471;;;39701;775521.97;1126509.94;2013-12-01T00:00:00
25526642;549240;Písek;;;;;120901;Hradištì;385573;V Lukách;è.p.;335;;;39701;775692.81;1126383.67;2013-12-01T00:00:00
25556011;549240;Písek;;;;;147222;Novı Dvùr;769401;Ke Zbrojnici;è.p.;44;;;39701;771118.64;1130894.28;2013-12-01T00:00:00
25566121;549240;Písek;;;;;404535;Praské Pøedmìstí;383856;Èechova;è.p.;454;11;;39701;774556.14;1125659.89;2014-02-12T00:00:00
25592556;549240;Písek;;;;;147231;Semice;769541;Obecní;è.p.;160;;;39701;772611.11;1128934.37;2013-12-01T00:00:00
25615220;549240;Písek;;;;;404527;Budìjovické Pøedmìstí;384216;Karla Èapka;è.p.;2549;;;39701;773780.26;1126695.31;2013-12-01T00:00:00
25615238;549240;Písek;;;;;404527;Budìjovické Pøedmìstí;384984;Šobrovna;è.p.;2550;;;39701;773139.00;1127091.68;2013-12-01T00:00:00
25629808;549240;Písek;;;;;120901;Hradištì;385573;V Lukách;è.p.;338;;;39701;775666.24;1126389.48;2013-12-01T00:00:00
25629816;549240;Písek;;;;;120901;Hradištì;714267;Šumavská;è.p.;336;;;39701;775154.74;1127878.57;2013-12-01T00:00:00
25629824;549240;Písek;;;;;404527;Budìjovické Pøedmìstí;384151;Jiøího Srnky;è.p.;2522;;;39701;773113.24;1125775.22;2013-12-01T00:00:00
25645382;549240;Písek;;;;;120901;Hradištì;714291;Dolní;è.p.;337;;;39701;775095.40;1127808.48;2013-12-01T00:00:00
25670140;549240;Písek;;;;;120901;Hradištì;385573;V Lukách;è.p.;340;;;39701;775837.41;1126367.57;2013-12-01T00:00:00
25681834;549240;Písek;;;;;120901;Hradištì;714267;Šumavská;è.p.;339;;;39701;775169.39;1127785.84;2013-12-01T00:00:00
25697838;549240;Písek;;;;;147231;Semice;769487;Ke Køíku;è.p.;52;;;39701;772261.40;1129055.76;2013-12-01T00:00:00
25703056;549240;Písek;;;;;404527;Budìjovické Pøedmìstí;384305;Komenského;è.p.;2556;;;39701;774038.00;1126144.00;2013-12-01T00:00:00
25703064;549240;Písek;;;;;404527;Budìjovické Pøedmìstí;385425;Richarda Weinera;è.p.;2551;;;39701;772860.57;1125777.77;2013-12-01T00:00:00
25703846;549240;Písek;;;;;404527;Budìjovické Pøedmìstí;385352;Za Šarlákem;è.p.;2552;;;39701;774371.47;1127580.77;2013-12-01T00:00:00
25717260;549240;Písek;;;;;404527;Budìjovické Pøedmìstí;385107;U Høebèince;è.p.;2557;;;39701;773382.14;1127377.54;2013-12-01T00:00:00
25717278;549240;Písek;;;;;120901;Hradištì;383911;Drustevní;è.p.;342;;;39701;776153.83;1127125.32;2014-02-12T00:00:00
25717286;549240;Písek;;;;;120901;Hradištì;384054;Hradištì;è.p.;343;;;39701;776173.00;1127345.00;2014-02-12T00:00:00
25717294;549240;Písek;;;;;120901;Hradištì;384194;K Lipám;è.p.;345;;;39701;775462.79;1126798.05;2013-12-01T00:00:00
25717308;549240;Písek;;;;;147222;Novı Dvùr;769401;Ke Zbrojnici;è.p.;45;;;39701;771139.09;1130903.22;2013-12-01T00:00:00
25738844;549240;Písek;;;;;120901;Hradištì;385573;V Lukách;è.p.;334;;;39701;775863.20;1126388.27;2013-12-01T00:00:00
25740466;549240;Písek;;;;;120901;Hradištì;384682;Ouzká;è.p.;332;;;39701;775812.24;1127140.61;2014-02-12T00:00:00
25750950;549240;Písek;;;;;120901;Hradištì;798754;U Kaple;è.p.;346;;;39701;776476.10;1126667.47;2013-12-01T00:00:00
25754734;549240;Písek;;;;;120901;Hradištì;384682;Ouzká;è.p.;347;;;39701;775819.27;1127218.86;2014-02-13T00:00:00
25756702;549240;Písek;;;;;404543;Václavské Pøedmìstí;385379;Zátavské nábø.;è.p.;319;;;39701;775739.29;1125857.13;2013-12-01T00:00:00
25760165;549240;Písek;;;;;120901;Hradištì;714267;Šumavská;è.p.;348;;;39701;775144.35;1127849.49;2013-12-01T00:00:00
25761641;549240;Písek;;;;;120901;Hradištì;385573;V Lukách;è.p.;341;;;39701;775841.19;1126463.28;2013-12-01T00:00:00
25762923;549240;Písek;;;;;404527;Budìjovické Pøedmìstí;384976;Šobrova;è.p.;2560;;;39701;773193.93;1126864.12;2013-12-01T00:00:00
25768255;549240;Písek;;;;;404527;Budìjovické Pøedmìstí;384879;Smetanovo nám.;è.p.;2561;;;39701;773902.51;1125303.49;2013-12-01T00:00:00
25768263;549240;Písek;;;;;120901;Hradištì;724327;Boèní;è.p.;349;;;39701;775191.99;1127786.69;2013-12-01T00:00:00
25775944;549240;Písek;;;;;404527;Budìjovické Pøedmìstí;384135;Jeronımova;è.p.;2562;;;39701;773843.30;1125743.73;2014-02-11T00:00:00
25782894;549240;Písek;;;;;120901;Hradištì;384682;Ouzká;è.p.;288;;;39701;775839.96;1127110.92;2014-02-12T00:00:00
25784803;549240;Písek;;;;;404543;Václavské Pøedmìstí;725323;Krokova;è.p.;320;;;39701;775778.48;1125653.97;2013-12-01T00:00:00
25784811;549240;Písek;;;;;404543;Václavské Pøedmìstí;725315;Hostivítova;è.p.;321;;;39701;775846.76;1125619.01;2013-12-01T00:00:00
25784820;549240;Písek;;;;;404543;Václavské Pøedmìstí;725382;Vojenova;è.p.;322;;;39701;775759.24;1125614.65;2013-12-01T00:00:00
25784838;549240;Písek;;;;;404543;Václavské Pøedmìstí;725382;Vojenova;è.p.;323;;;39701;775728.92;1125624.73;2013-12-01T00:00:00
25788698;549240;Písek;;;;;151238;Smrkovice;769657;Teplárenská;è.p.;184;;;39701;774013.10;1129112.67;2013-12-01T00:00:00
25807307;549240;Písek;;;;;151238;Smrkovice;769592;Na Nové;è.p.;186;;;39701;774304.35;1129011.26;2013-12-01T00:00:00
25826191;549240;Písek;;;;;404527;Budìjovické Pøedmìstí;383970;Gregorova;è.p.;2563;;;39701;774293.48;1126409.92;2013-12-01T00:00:00
25840151;549240;Písek;;;;;120901;Hradištì;724327;Boèní;è.p.;350;;;39701;775218.66;1127818.37;2013-12-01T00:00:00
25842561;549240;Písek;;;;;404527;Budìjovické Pøedmìstí;384178;Hradišská;è.p.;2555;;;39701;774670.49;1126484.81;2013-12-01T00:00:00
25854721;549240;Písek;;;;;120901;Hradištì;724327;Boèní;è.p.;351;;;39701;775196.12;1127824.12;2013-12-01T00:00:00
25911503;549240;Písek;;;;;404527;Budìjovické Pøedmìstí;384801;Putimská Vysoká;è.p.;2529;;;39701;774860.67;1127870.36;2013-12-01T00:00:00
25916033;549240;Písek;;;;;151238;Smrkovice;769576;Na Boubín;è.p.;187;;;39701;774281.38;1129916.69;2013-12-01T00:00:00
25923706;549240;Písek;;;;;147231;Semice;769509;K Píseckım horám;è.p.;161;;;39701;771778.04;1128497.89;2013-12-01T00:00:00
25923714;549240;Písek;;;;;120901;Hradištì;714275;Lomená;è.p.;344;;;39701;775085.27;1127838.66;2013-12-01T00:00:00
25923722;549240;Písek;;;;;404535;Praské Pøedmìstí;384739;Praská;è.p.;458;;;39701;775242.70;1125072.01;2013-12-01T00:00:00
25923731;549240;Písek;;;;;404527;Budìjovické Pøedmìstí;730807;U Nádraí;è.p.;2565;;;39701;774829.91;1127175.94;2021-02-10T00:00:00
25927639;549240;Písek;;;;;404527;Budìjovické Pøedmìstí;714291;Dolní;è.p.;2566;;;39701;775137.69;1127756.31;2013-12-01T00:00:00
25927647;549240;Písek;;;;;151238;Smrkovice;769657;Teplárenská;è.p.;188;;;39701;774149.28;1128829.85;2013-12-01T00:00:00
25936611;549240;Písek;;;;;404535;Praské Pøedmìstí;781452;Stanislava Maliny;è.p.;457;;;39701;776356.01;1123504.53;2013-12-01T00:00:00
25936620;549240;Písek;;;;;404527;Budìjovické Pøedmìstí;383791;Boeny Nìmcové;è.p.;2568;;;39701;773490.08;1126177.10;2013-12-01T00:00:00
25941038;549240;Písek;;;;;404527;Budìjovické Pøedmìstí;385310;Za Nádraím;è.p.;2569;;;39701;774744.38;1127634.49;2013-12-01T00:00:00
25947125;549240;Písek;;;;;120901;Hradištì;384054;Hradištì;è.p.;354;;;39701;776256.99;1127370.64;2014-02-12T00:00:00
25949527;549240;Písek;;;;;120901;Hradištì;385573;V Lukách;è.p.;352;;;39701;775830.62;1126405.30;2013-12-01T00:00:00
25965239;549240;Písek;;;;;151238;Smrkovice;769576;Na Boubín;è.p.;190;;;39701;774173.39;1129712.15;2013-12-01T00:00:00
25965247;549240;Písek;;;;;404527;Budìjovické Pøedmìstí;384852;Sedláèkova;è.p.;2570;;;39701;773303.45;1125551.25;2013-12-01T00:00:00
25979531;549240;Písek;;;;;120901;Hradištì;385239;V Oudolí;è.p.;302;;;39701;775708.22;1126455.63;2013-12-01T00:00:00
25983938;549240;Písek;;;;;147222;Novı Dvùr;770060;Tøešòová;è.p.;46;;;39701;770944.54;1130919.24;2013-12-01T00:00:00
25983946;549240;Písek;;;;;120901;Hradištì;385573;V Lukách;è.p.;355;;;39701;775728.24;1126376.68;2013-12-01T00:00:00
26003171;549240;Písek;;;;;404527;Budìjovické Pøedmìstí;383945;Flekaèky;è.p.;2571;;;39701;771348.30;1128171.59;2014-02-10T00:00:00
26018985;549240;Písek;;;;;151238;Smrkovice;769606;Novodvorská;è.p.;191;;;39701;773747.30;1129693.76;2013-12-01T00:00:00
26018993;549240;Písek;;;;;120901;Hradištì;385239;V Oudolí;è.p.;357;;;39701;775699.10;1126504.48;2013-12-01T00:00:00
26026481;549240;Písek;;;;;151238;Smrkovice;769592;Na Nové;è.p.;189;;;39701;774292.81;1128866.38;2013-12-01T00:00:00
26026490;549240;Písek;;;;;120901;Hradištì;714275;Lomená;è.p.;353;;;39701;775078.36;1127923.53;2013-12-01T00:00:00
26031621;549240;Písek;;;;;404527;Budìjovické Pøedmìstí;383805;Budìjovická;è.p.;2577;;;39701;773995.74;1126455.80;2013-12-01T00:00:00
26033283;549240;Písek;;;;;120901;Hradištì;678856;Okruní;è.p.;356;;;39701;775899.63;1126408.84;2013-12-01T00:00:00
26049929;549240;Písek;;;;;147231;Semice;769541;Obecní;è.p.;162;;;39701;772527.05;1128991.68;2013-12-01T00:00:00
26049937;549240;Písek;;;;;404527;Budìjovické Pøedmìstí;385328;Za Pazdernou;è.p.;2573;;;39701;773558.11;1125393.35;2018-09-03T00:00:00
26049945;549240;Písek;;;;;404527;Budìjovické Pøedmìstí;385328;Za Pazdernou;è.p.;2574;;;39701;773556.69;1125414.49;2018-09-03T00:00:00
26049953;549240;Písek;;;;;404527;Budìjovické Pøedmìstí;385328;Za Pazdernou;è.p.;2575;;;39701;773562.89;1125434.15;2018-09-03T00:00:00
26049961;549240;Písek;;;;;404527;Budìjovické Pøedmìstí;385328;Za Pazdernou;è.p.;2576;;;39701;773569.02;1125453.51;2018-09-03T00:00:00
26049988;549240;Písek;;;;;404527;Budìjovické Pøedmìstí;384691;Pivovarská;è.p.;2579;;;39701;774634.89;1126620.09;2013-12-01T00:00:00
26066319;549240;Písek;;;;;404527;Budìjovické Pøedmìstí;385174;U Vodáka;è.p.;2578;;;39701;772264.41;1126278.32;2014-02-11T00:00:00
26066327;549240;Písek;;;;;404535;Praské Pøedmìstí;676691;Èíovská;è.p.;456;;;39701;776169.99;1123714.16;2013-12-01T00:00:00
26066335;549240;Písek;;;;;151238;Smrkovice;769614;Polní;è.p.;193;;;39701;774566.74;1129353.37;2013-12-01T00:00:00
26068231;549240;Písek;;;;;120901;Hradištì;724327;Boèní;è.p.;358;;;39701;775172.11;1127832.23;2013-12-01T00:00:00
26081652;549240;Písek;;;;;404543;Václavské Pøedmìstí;384933;Strakonická;è.p.;326;;;39701;775515.85;1125812.27;2013-12-01T00:00:00
26083833;549240;Písek;;;;;120901;Hradištì;384194;K Lipám;è.p.;368;;;39701;775754.67;1127176.87;2013-12-01T00:00:00
26083841;549240;Písek;;;;;404543;Václavské Pøedmìstí;385298;Vinická;è.p.;325;;;39701;775340.87;1125702.70;2013-12-01T00:00:00
26083850;549240;Písek;;;;;404527;Budìjovické Pøedmìstí;384127;Jaromíra Malého;è.p.;2580;;;39701;773103.31;1126436.86;2013-12-01T00:00:00
26102013;549240;Písek;;;;;147231;Semice;769509;K Píseckım horám;è.p.;163;;;39701;772064.81;1128552.61;2013-12-01T00:00:00
26102021;549240;Písek;;;;;120901;Hradištì;714267;Šumavská;è.p.;367;;;39701;775193.84;1127912.90;2013-12-01T00:00:00
26102030;549240;Písek;;;;;404527;Budìjovické Pøedmìstí;384976;Šobrova;è.p.;2567;;;39701;773115.44;1126928.11;2013-12-01T00:00:00
26102048;549240;Písek;;;;;120901;Hradištì;747602;U Potùèku;è.p.;360;;;39701;775882.47;1127249.76;2013-12-01T00:00:00
26102056;549240;Písek;;;;;120901;Hradištì;747602;U Potùèku;è.p.;362;;;39701;775874.56;1127278.18;2013-12-01T00:00:00
26102064;549240;Písek;;;;;120901;Hradištì;747602;U Potùèku;è.p.;363;;;39701;775901.22;1127285.81;2013-12-01T00:00:00
26102072;549240;Písek;;;;;120901;Hradištì;747602;U Potùèku;è.p.;364;;;39701;775903.14;1127278.02;2013-12-01T00:00:00
26102081;549240;Písek;;;;;120901;Hradištì;747602;U Potùèku;è.p.;365;;;39701;775909.29;1127256.95;2013-12-01T00:00:00
26102099;549240;Písek;;;;;120901;Hradištì;747602;U Potùèku;è.p.;366;;;39701;775910.80;1127249.11;2013-12-01T00:00:00
26110512;549240;Písek;;;;;404543;Václavské Pøedmìstí;384313;Krátká;è.p.;327;;;39701;775419.51;1125530.64;2013-12-01T00:00:00
26116707;549240;Písek;;;;;147231;Semice;769487;Ke Køíku;è.p.;165;;;39701;772316.82;1129196.89;2013-12-01T00:00:00
26116715;549240;Písek;;;;;404527;Budìjovické Pøedmìstí;385310;Za Nádraím;è.p.;2543;;;39701;774852.31;1127829.61;2013-12-01T00:00:00
26135191;549240;Písek;;;;;404527;Budìjovické Pøedmìstí;385107;U Høebèince;è.p.;2581;;;39701;773336.08;1127410.98;2013-12-01T00:00:00
26142872;549240;Písek;;;;;120901;Hradištì;747602;U Potùèku;è.p.;359;;;39701;775884.52;1127242.06;2013-12-01T00:00:00
26142881;549240;Písek;;;;;120901;Hradištì;385573;V Lukách;è.p.;369;;;39701;775751.15;1126368.91;2013-12-01T00:00:00
26154684;549240;Písek;;;;;147231;Semice;769525;Na Staré silnici;è.p.;166;;;39701;772788.87;1128870.57;2013-12-01T00:00:00
26163551;549240;Písek;;;;;404527;Budìjovické Pøedmìstí;384135;Jeronımova;è.p.;2583;;;39701;773945.17;1125892.62;2013-12-01T00:00:00
26163560;549240;Písek;;;;;147231;Semice;769509;K Píseckım horám;è.p.;164;;;39701;772189.36;1128708.79;2013-12-01T00:00:00
26174421;549240;Písek;;;;;120901;Hradištì;385239;V Oudolí;è.p.;370;;;39701;775779.74;1126474.60;2013-12-01T00:00:00
26197596;549240;Písek;;;;;404543;Václavské Pøedmìstí;725340;Mnatova;è.p.;328;;;39701;775594.09;1125585.82;2013-12-01T00:00:00
26201046;549240;Písek;;;;;120901;Hradištì;747602;U Potùèku;è.p.;361;;;39701;775876.28;1127270.91;2013-12-01T00:00:00
26203731;549240;Písek;;;;;120901;Hradištì;385239;V Oudolí;è.p.;375;;;39701;775614.82;1126553.73;2013-12-01T00:00:00
26214814;549240;Písek;;;;;120901;Hradištì;714291;Dolní;è.p.;380;;;39701;775123.06;1127802.51;2013-12-01T00:00:00
26214822;549240;Písek;;;;;404527;Budìjovické Pøedmìstí;383970;Gregorova;è.p.;2584;;;39701;774407.55;1126426.24;2013-12-01T00:00:00
26214831;549240;Písek;;;;;404535;Praské Pøedmìstí;385018;Topìlecká;è.p.;460;;;39701;775222.81;1124984.09;2013-12-01T00:00:00
26214849;549240;Písek;;;;;151238;Smrkovice;769592;Na Nové;è.p.;195;;;39701;774309.03;1128925.75;2013-12-01T00:00:00
26222060;549240;Písek;;;;;120901;Hradištì;678856;Okruní;è.p.;377;;;39701;775601.03;1126406.98;2013-12-01T00:00:00
26222078;549240;Písek;;;;;404527;Budìjovické Pøedmìstí;385182;U Vodárny;è.p.;2587;;;39701;775547.00;1126275.00;2013-12-01T00:00:00
26235293;549240;Písek;;;;;404527;Budìjovické Pøedmìstí;384721;Podskalí;è.p.;2537;;;39701;774433.89;1126159.15;2013-12-01T00:00:00
26235307;549240;Písek;;;;;120901;Hradištì;385239;V Oudolí;è.p.;371;;;39701;775811.37;1126431.86;2013-12-01T00:00:00
26248573;549240;Písek;;;;;404535;Praské Pøedmìstí;384763;Pøemyslova;è.p.;461;;;39701;774710.17;1125480.70;2013-12-01T00:00:00
26248581;549240;Písek;;;;;151238;Smrkovice;769606;Novodvorská;è.p.;196;;;39701;773779.92;1129686.06;2013-12-01T00:00:00
26248590;549240;Písek;;;;;404527;Budìjovické Pøedmìstí;383970;Gregorova;è.p.;2585;;;39701;774391.12;1126420.43;2013-12-01T00:00:00
26254468;549240;Písek;;;;;147231;Semice;769509;K Píseckım horám;è.p.;167;;;39701;771704.63;1128210.55;2013-12-01T00:00:00
26272776;549240;Písek;;;;;120871;Purkratice;796654;Ke Statku;è.p.;18;;;39701;775164.00;1124397.00;2013-12-01T00:00:00
26287021;549240;Písek;;;;;120901;Hradištì;384518;Na Ryšavce;è.p.;373;;;39701;776039.13;1126530.47;2013-12-01T00:00:00
26295814;549240;Písek;;;;;404527;Budìjovické Pøedmìstí;385107;U Høebèince;è.p.;2536;;;39701;773214.79;1127694.63;2013-12-01T00:00:00
26295822;549240;Písek;;;;;404527;Budìjovické Pøedmìstí;385107;U Høebèince;è.p.;2559;;;39701;773415.14;1127513.56;2013-12-01T00:00:00
26295857;549240;Písek;;;;;404527;Budìjovické Pøedmìstí;384828;Roháèova;è.p.;2572;;;39701;773919.17;1126207.29;2013-12-01T00:00:00
26307651;549240;Písek;;;;;404543;Václavské Pøedmìstí;725374;Vnislavova;è.p.;331;;;39701;775520.00;1125623.00;2013-12-01T00:00:00
26311194;549240;Písek;;;;;120901;Hradištì;678856;Okruní;è.p.;378;;;39701;775859.56;1126340.53;2013-12-01T00:00:00
26313324;549240;Písek;;;;;120901;Hradištì;384194;K Lipám;è.p.;333;;;39701;775721.95;1127134.80;2013-12-01T00:00:00
26316706;549240;Písek;;;;;404527;Budìjovické Pøedmìstí;384976;Šobrova;è.p.;2582;;;39701;773049.55;1126907.29;2013-12-01T00:00:00
26421933;549240;Písek;;;;;404527;Budìjovické Pøedmìstí;385107;U Høebèince;è.p.;2564;;;39701;773301.09;1127662.28;2013-12-01T00:00:00
26445191;549240;Písek;;;;;404527;Budìjovické Pøedmìstí;383945;Flekaèky;è.p.;2586;;;39701;771382.73;1128176.20;2014-02-10T00:00:00
26489325;549240;Písek;;;;;120901;Hradištì;385204;Pod Školkou;è.p.;308;;;39701;776144.81;1126721.02;2013-12-01T00:00:00
26489333;549240;Písek;;;;;120901;Hradištì;678856;Okruní;è.p.;372;;;39701;775641.84;1126394.07;2013-12-01T00:00:00
26489341;549240;Písek;;;;;404543;Václavské Pøedmìstí;725374;Vnislavova;è.p.;332;;;39701;775688.00;1125687.00;2013-12-01T00:00:00
26489350;549240;Písek;;;;;404543;Václavské Pøedmìstí;384933;Strakonická;è.p.;334;;;39701;775865.58;1125712.26;2013-12-01T00:00:00
26491249;549240;Písek;;;;;147222;Novı Dvùr;769401;Ke Zbrojnici;è.p.;48;;;39701;771235.68;1130888.86;2013-12-01T00:00:00
26491257;549240;Písek;;;;;404535;Praské Pøedmìstí;385191;U Vıstavištì;è.p.;463;;;39701;774934.10;1126033.11;2026-01-28T00:00:00
26547180;549240;Písek;;;;;147231;Semice;769525;Na Staré silnici;è.p.;168;;;39701;772564.78;1129017.25;2013-12-01T00:00:00
26548950;549240;Písek;;;;;404543;Václavské Pøedmìstí;725374;Vnislavova;è.p.;335;;;39701;775669.08;1125698.40;2013-12-01T00:00:00
26564190;549240;Písek;;;;;147231;Semice;769509;K Píseckım horám;è.p.;148;;;39701;771575.02;1128195.78;2013-12-01T00:00:00
26593041;549240;Písek;;;;;151238;Smrkovice;769592;Na Nové;è.p.;192;;;39701;774334.77;1128933.30;2013-12-01T00:00:00
26595401;549240;Písek;;;;;151238;Smrkovice;769592;Na Nové;è.p.;194;;;39701;774299.45;1129100.77;2025-03-17T00:00:00
26599651;549240;Písek;;;;;404535;Praské Pøedmìstí;385166;Pod Portyèskımi skalami;è.p.;465;;;39701;773879.88;1125017.14;2013-12-01T00:00:00
26602296;549240;Písek;;;;;404527;Budìjovické Pøedmìstí;383970;Gregorova;è.p.;2588;;;39701;774371.55;1126468.57;2013-12-01T00:00:00
26602300;549240;Písek;;;;;404527;Budìjovické Pøedmìstí;383970;Gregorova;è.p.;2589;;;39701;774386.08;1126469.77;2013-12-01T00:00:00
26630940;549240;Písek;;;;;404527;Budìjovické Pøedmìstí;714291;Dolní;è.p.;2591;;;39701;774976.13;1127844.43;2013-12-01T00:00:00
26630958;549240;Písek;;;;;404527;Budìjovické Pøedmìstí;384585;Nádraní;è.p.;2590;;;39701;774693.72;1127383.54;2013-12-01T00:00:00
26630966;549240;Písek;;;;;404543;Václavské Pøedmìstí;725340;Mnatova;è.p.;336;;;39701;775630.89;1125613.94;2013-12-01T00:00:00
26637839;549240;Písek;;;;;404535;Praské Pøedmìstí;384739;Praská;è.p.;467;;;39701;774980.60;1125169.86;2013-12-01T00:00:00
26641194;549240;Písek;;;;;404535;Praské Pøedmìstí;771333;Prùmyslová;è.p.;466;;;39701;775900.81;1124255.03;2013-12-01T00:00:00
26649926;549240;Písek;;;;;151238;Smrkovice;769592;Na Nové;è.p.;197;;;39701;774266.25;1128998.67;2013-12-01T00:00:00
26652757;549240;Písek;;;;;404543;Václavské Pøedmìstí;385140;U Papírny;è.p.;329;;;39701;775362.62;1125961.86;2013-12-01T00:00:00
26652765;549240;Písek;;;;;120901;Hradištì;678856;Okruní;è.p.;376;;;39701;775653.16;1126348.24;2013-12-01T00:00:00
26652773;549240;Písek;;;;;404527;Budìjovické Pøedmìstí;383805;Budìjovická;è.p.;2592;;;39701;773973.99;1126395.64;2013-12-01T00:00:00
26656019;549240;Písek;;;;;120901;Hradištì;714267;Šumavská;è.p.;379;;;39701;775111.30;1127942.35;2013-12-01T00:00:00
26656027;549240;Písek;;;;;120901;Hradištì;714267;Šumavská;è.p.;381;;;39701;775098.75;1127958.59;2013-12-01T00:00:00
26656035;549240;Písek;;;;;404527;Budìjovické Pøedmìstí;384178;Hradišská;è.p.;2594;;;39701;774831.02;1126642.35;2013-12-01T00:00:00
26667941;549240;Písek;;;;;120901;Hradištì;678856;Okruní;è.p.;382;;;39701;775793.68;1126309.70;2013-12-01T00:00:00
26677881;549240;Písek;;;;;120901;Hradištì;383911;Drustevní;è.p.;383;;;39701;776143.88;1127089.49;2014-02-12T00:00:00
26682354;549240;Písek;;;;;147231;Semice;769495;K Peckám;è.p.;169;;;39701;772211.32;1129142.53;2013-12-01T00:00:00
26690942;549240;Písek;;;;;120901;Hradištì;384186;K Hájeèku;è.p.;384;;;39701;776416.20;1126671.63;2013-12-01T00:00:00
26711001;549240;Písek;;;;;404543;Václavské Pøedmìstí;384356;Lesnická;è.p.;337;;;39701;775349.55;1125523.84;2013-12-01T00:00:00
26724375;549240;Písek;;;;;151238;Smrkovice;769606;Novodvorská;è.p.;198;;;39701;773813.33;1129686.41;2013-12-01T00:00:00
26763851;549240;Písek;;;;;120901;Hradištì;678856;Okruní;è.p.;386;;;39701;775612.98;1126504.43;2013-12-01T00:00:00
26763869;549240;Písek;;;;;120901;Hradištì;678856;Okruní;è.p.;387;;;39701;775612.91;1126488.12;2013-12-01T00:00:00
26763877;549240;Písek;;;;;151238;Smrkovice;769681;Za Humny;è.p.;201;;;39701;774436.73;1129145.64;2013-12-01T00:00:00
27111393;549240;Písek;;;;;404527;Budìjovické Pøedmìstí;383937;Erbenova;è.p.;2596;;;39701;774050.00;1125603.00;2014-02-11T00:00:00
27117367;549240;Písek;;;;;404519;Vnitøní Mìsto;384593;Palackého sady;è.p.;185;;;39701;774272.65;1125984.87;2013-12-01T00:00:00
27117375;549240;Písek;;;;;404527;Budìjovické Pøedmìstí;383805;Budìjovická;è.p.;2597;;;39701;773969.06;1126413.66;2013-12-01T00:00:00
27118410;549240;Písek;;;;;404543;Václavské Pøedmìstí;725358;Neklanova;è.p.;340;;;39701;775898.79;1125438.05;2013-12-01T00:00:00
27118428;549240;Písek;;;;;404527;Budìjovické Pøedmìstí;383716;17. listopadu;è.p.;2595;;;39701;773830.16;1126252.01;2013-12-01T00:00:00
27118436;549240;Písek;;;;;120901;Hradištì;384054;Hradištì;è.p.;374;;;39701;776187.32;1127391.63;2014-02-12T00:00:00
27119751;549240;Písek;;;;;404535;Praské Pøedmìstí;384739;Praská;è.p.;459;;;39701;774811.17;1125494.95;2013-12-01T00:00:00
27131009;549240;Písek;;;;;120901;Hradištì;384682;Ouzká;è.p.;388;;;39701;776026.41;1127009.35;2014-02-12T00:00:00
27131122;549240;Písek;;;;;404527;Budìjovické Pøedmìstí;385000;Táborská;è.p.;2478;;;39701;773066.59;1125334.62;2014-02-11T00:00:00
27136574;549240;Písek;;;;;404543;Václavské Pøedmìstí;725315;Hostivítova;è.p.;339;;;39701;775852.56;1125522.71;2013-12-01T00:00:00
27143317;549240;Písek;;;;;120901;Hradištì;384682;Ouzká;è.p.;385;;;39701;776007.40;1127025.06;2014-02-12T00:00:00
27143325;549240;Písek;;;;;404535;Praské Pøedmìstí;781452;Stanislava Maliny;è.p.;464;;;39701;776200.22;1123401.17;2013-12-01T00:00:00
27144216;549240;Písek;;;;;404543;Václavské Pøedmìstí;725374;Vnislavova;è.p.;338;;;39701;775534.98;1125630.97;2013-12-01T00:00:00
27172899;549240;Písek;;;;;404543;Václavské Pøedmìstí;725331;Køesomyslova;è.p.;341;;;39701;775685.01;1125477.20;2013-12-01T00:00:00
27179087;549240;Písek;;;;;404543;Václavské Pøedmìstí;725340;Mnatova;è.p.;344;;;39701;775576.84;1125603.48;2013-12-01T00:00:00
27180531;549240;Písek;;;;;404543;Václavské Pøedmìstí;725340;Mnatova;è.p.;342;;;39701;775556.59;1125615.66;2013-12-01T00:00:00
27180581;549240;Písek;;;;;404543;Václavské Pøedmìstí;725323;Krokova;è.p.;343;;;39701;775690.70;1125631.71;2013-12-01T00:00:00
27187012;549240;Písek;;;;;404543;Václavské Pøedmìstí;385255;Václavská;è.p.;345;;;39701;775486.60;1125912.81;2013-12-01T00:00:00
27195881;549240;Písek;;;;;151238;Smrkovice;769681;Za Humny;è.p.;199;;;39701;774424.13;1129110.52;2022-10-11T00:00:00
27204014;549240;Písek;;;;;120901;Hradištì;678856;Okruní;è.p.;390;;;39701;775883.07;1126351.89;2013-12-01T00:00:00
27227545;549240;Písek;;;;;120901;Hradištì;384194;K Lipám;è.p.;389;;;39701;775848.50;1127231.28;2013-12-01T00:00:00
27309401;549240;Písek;;;;;404543;Václavské Pøedmìstí;725358;Neklanova;è.p.;346;;;39701;775879.96;1125431.13;2013-12-01T00:00:00
27309410;549240;Písek;;;;;404535;Praské Pøedmìstí;385051;tøída Národní svobody;è.p.;468;;;39701;774601.74;1125904.01;2013-12-01T00:00:00
27309428;549240;Písek;;;;;404527;Budìjovické Pøedmìstí;383970;Gregorova;è.p.;2599;;;39701;774354.30;1126453.00;2013-12-01T00:00:00
27319571;549240;Písek;;;;;404527;Budìjovické Pøedmìstí;385310;Za Nádraím;è.p.;2601;;;39701;774842.03;1127791.53;2013-12-01T00:00:00
27319580;549240;Písek;;;;;120901;Hradištì;678856;Okruní;è.p.;392;;;39701;775758.51;1126320.03;2013-12-01T00:00:00
27325512;549240;Písek;;;;;404535;Praské Pøedmìstí;781452;Stanislava Maliny;è.p.;469;;;39701;776119.83;1123328.43;2013-12-01T00:00:00
27333094;549240;Písek;;;;;404527;Budìjovické Pøedmìstí;785997;Paoutova;è.p.;2603;;;39701;773302.58;1126998.32;2013-12-01T00:00:00
27333108;549240;Písek;;;;;404527;Budìjovické Pøedmìstí;785997;Paoutova;è.p.;2604;;;39701;773314.48;1127068.40;2013-12-01T00:00:00
27333124;549240;Písek;;;;;120901;Hradištì;714267;Šumavská;è.p.;391;;;39701;775127.51;1127831.31;2013-12-01T00:00:00
27344649;549240;Písek;;;;;404527;Budìjovické Pøedmìstí;383899;Dobrovského;è.p.;2602;;;39701;774165.84;1125279.94;2013-12-01T00:00:00
27372324;549240;Písek;;;;;404535;Praské Pøedmìstí;385018;Topìlecká;è.p.;470;;;39701;775013.52;1125011.26;2013-12-01T00:00:00
27372332;549240;Písek;;;;;404543;Václavské Pøedmìstí;385255;Václavská;è.p.;351;;;39701;775460.08;1125898.68;2013-12-01T00:00:00
27388344;549240;Písek;;;;;404543;Václavské Pøedmìstí;725315;Hostivítova;è.p.;347;;;39701;775815.29;1125439.27;2013-12-01T00:00:00
27390667;549240;Písek;;;;;404527;Budìjovické Pøedmìstí;385107;U Høebèince;è.p.;2606;;;39701;773163.97;1127791.26;2013-12-01T00:00:00
27403165;549240;Písek;;;;;404527;Budìjovické Pøedmìstí;787817;Obchodní;è.p.;2598;;;39701;773704.64;1127428.06;2014-02-07T00:00:00
27410714;549240;Písek;;;;;404527;Budìjovické Pøedmìstí;385107;U Høebèince;è.p.;2474;;;39701;773530.45;1127482.19;2013-12-01T00:00:00
27411842;549240;Písek;;;;;404527;Budìjovické Pøedmìstí;383970;Gregorova;è.p.;2600;;;39701;774358.17;1126425.02;2013-12-01T00:00:00
27431452;549240;Písek;;;;;120901;Hradištì;678856;Okruní;è.p.;393;;;39701;775791.51;1126270.74;2013-12-01T00:00:00
27451313;549240;Písek;;;;;151238;Smrkovice;769657;Teplárenská;è.p.;202;;;39701;774050.14;1129135.48;2013-12-01T00:00:00
27478548;549240;Písek;;;;;404535;Praské Pøedmìstí;781452;Stanislava Maliny;è.p.;471;;;39701;776207.69;1123212.23;2013-12-01T00:00:00
27478564;549240;Písek;;;;;120871;Purkratice;796654;Ke Statku;è.p.;19;;;39701;775352.42;1124046.50;2014-02-11T00:00:00
27490386;549240;Písek;;;;;404543;Václavské Pøedmìstí;725340;Mnatova;è.p.;333;;;39701;775573.20;1125640.61;2013-12-01T00:00:00
27499464;549240;Písek;;;;;404543;Václavské Pøedmìstí;725315;Hostivítova;è.p.;348;;;39701;775822.22;1125528.81;2013-12-01T00:00:00
27499952;549240;Písek;;;;;404535;Praské Pøedmìstí;678031;V Portyèi;è.p.;472;;;39701;774605.65;1125727.55;2013-12-01T00:00:00
27512126;549240;Písek;;;;;404543;Václavské Pøedmìstí;725358;Neklanova;è.p.;350;;;39701;775702.23;1125497.91;2013-12-01T00:00:00
27522733;549240;Písek;;;;;404527;Budìjovické Pøedmìstí;383805;Budìjovická;è.p.;2605;;;39701;774089.18;1126432.24;2013-12-01T00:00:00
27562441;549240;Písek;;;;;404543;Václavské Pøedmìstí;725331;Køesomyslova;è.p.;352;;;39701;775723.21;1125443.46;2013-12-01T00:00:00
27562450;549240;Písek;;;;;404543;Václavské Pøedmìstí;725358;Neklanova;è.p.;349;;;39701;775664.79;1125289.00;2013-12-01T00:00:00
27572056;549240;Písek;;;;;404543;Václavské Pøedmìstí;725358;Neklanova;è.p.;353;;;39701;775767.41;1125472.22;2013-12-01T00:00:00
27572064;549240;Písek;;;;;151238;Smrkovice;769576;Na Boubín;è.p.;203;;;39701;774325.49;1129819.75;2013-12-01T00:00:00
27584453;549240;Písek;;;;;404527;Budìjovické Pøedmìstí;730807;U Nádraí;è.p.;2607;;;39701;774948.35;1127036.74;2013-12-01T00:00:00
27584461;549240;Písek;;;;;120901;Hradištì;678856;Okruní;è.p.;394;;;39701;775725.19;1126293.12;2013-12-01T00:00:00
27625940;549240;Písek;;;;;404535;Praské Pøedmìstí;385018;Topìlecká;è.p.;473;;;39701;774580.84;1124921.69;2013-12-01T00:00:00
27633764;549240;Písek;;;;;404543;Václavské Pøedmìstí;725315;Hostivítova;è.p.;354;;;39701;775845.10;1125460.92;2013-12-01T00:00:00
27642828;549240;Písek;;;;;404543;Václavské Pøedmìstí;801992;Libušina;è.p.;357;;;39701;775727.04;1125341.04;2013-12-01T00:00:00
27649032;549240;Písek;;;;;120901;Hradištì;678856;Okruní;è.p.;396;;;39701;775895.98;1126377.69;2013-12-01T00:00:00
27649041;549240;Písek;;;;;120901;Hradištì;798746;Karla Boromejského;è.p.;395;;;39701;776632.10;1126715.14;2014-02-12T00:00:00
27655644;549240;Písek;;;;;151238;Smrkovice;769681;Za Humny;è.p.;204;;;39701;774401.80;1129110.97;2013-12-01T00:00:00
27657477;549240;Písek;;;;;404543;Václavské Pøedmìstí;725358;Neklanova;è.p.;356;;;39701;775736.52;1125487.74;2013-12-01T00:00:00
27657485;549240;Písek;;;;;120901;Hradištì;;;è.ev.;48;;;39701;776590.29;1127869.05;2014-02-12T00:00:00
27686523;549240;Písek;;;;;404535;Praské Pøedmìstí;781452;Stanislava Maliny;è.p.;476;;;39701;776534.72;1123570.07;2013-12-01T00:00:00
27686825;549240;Písek;;;;;404543;Václavské Pøedmìstí;385140;U Papírny;è.p.;358;;;39701;775390.50;1125880.93;2013-12-01T00:00:00
27692663;549240;Písek;;;;;404535;Praské Pøedmìstí;385018;Topìlecká;è.p.;475;;;39701;774537.05;1124934.18;2013-12-01T00:00:00
27692787;549240;Písek;;;;;404527;Budìjovické Pøedmìstí;785997;Paoutova;è.p.;2608;;;39701;773334.43;1127163.30;2013-12-01T00:00:00
27712541;549240;Písek;;;;;147231;Semice;769541;Obecní;è.p.;171;;;39701;772589.41;1128904.41;2013-12-01T00:00:00
27712559;549240;Písek;;;;;120901;Hradištì;678856;Okruní;è.p.;400;;;39701;775673.82;1126339.51;2023-11-09T00:00:00
27712567;549240;Písek;;;;;151238;Smrkovice;769550;K Hùrkám;è.p.;200;;;39701;774091.42;1129621.84;2013-12-01T00:00:00
27734838;549240;Písek;;;;;120901;Hradištì;798746;Karla Boromejského;è.p.;397;;;39701;776616.92;1126660.34;2014-02-12T00:00:00
27734846;549240;Písek;;;;;120901;Hradištì;798746;Karla Boromejského;è.p.;398;;;39701;776624.75;1126688.30;2014-02-12T00:00:00
27753646;549240;Písek;;;;;404527;Budìjovické Pøedmìstí;384470;Na Pakšovce;è.p.;2610;;;39701;774887.82;1126802.25;2013-12-01T00:00:00
27753654;549240;Písek;;;;;404535;Praské Pøedmìstí;385433;Robinson;è.p.;474;;;39701;775647.04;1124634.94;2013-12-01T00:00:00
27767311;549240;Písek;;;;;404527;Budìjovické Pøedmìstí;384801;Putimská Vysoká;è.p.;2613;;;39701;774919.89;1127943.49;2013-12-01T00:00:00
27767329;549240;Písek;;;;;404527;Budìjovické Pøedmìstí;385310;Za Nádraím;è.p.;2609;;;39701;774894.87;1127635.26;2013-12-01T00:00:00
27800164;549240;Písek;;;;;147222;Novı Dvùr;769428;U Ovèína;è.p.;49;;;39701;771458.72;1130884.58;2013-12-01T00:00:00
27813487;549240;Písek;;;;;404527;Budìjovické Pøedmìstí;384585;Nádraní;è.p.;2612;;;39701;774345.61;1126533.53;2014-02-06T00:00:00
27834760;549240;Písek;;;;;404527;Budìjovické Pøedmìstí;730807;U Nádraí;è.p.;2614;;;39701;774999.66;1126932.02;2013-12-01T00:00:00
27843386;549240;Písek;;;;;404527;Budìjovické Pøedmìstí;384216;Karla Èapka;è.p.;2477;;;39701;773892.73;1126863.48;2013-12-01T00:00:00
27868338;549240;Písek;;;;;404527;Budìjovické Pøedmìstí;384381;Máchova;è.p.;2615;;;39701;773017.41;1126353.94;2013-12-01T00:00:00
27868346;549240;Písek;;;;;151238;Smrkovice;769606;Novodvorská;è.p.;206;;;39701;773717.71;1129703.61;2013-12-01T00:00:00
27869491;549240;Písek;;;;;404527;Budìjovické Pøedmìstí;799297;Janotova;è.p.;2616;;;39701;773284.98;1127084.97;2013-12-01T00:00:00
27869504;549240;Písek;;;;;404527;Budìjovické Pøedmìstí;799297;Janotova;è.p.;2617;;;39701;773249.46;1127074.10;2013-12-01T00:00:00
27869512;549240;Písek;;;;;404527;Budìjovické Pøedmìstí;799297;Janotova;è.p.;2618;;;39701;773256.09;1127119.56;2013-12-01T00:00:00
27871258;549240;Písek;;;;;404519;Vnitøní Mìsto;384160;Jungmannova;è.p.;186;;;39701;774290.60;1126196.05;2013-12-01T00:00:00
27908241;549240;Písek;;;;;404527;Budìjovické Pøedmìstí;799301;Miltnerova;è.p.;2626;;;39701;773184.00;1127158.00;2013-12-01T00:00:00
27908259;549240;Písek;;;;;404543;Václavské Pøedmìstí;725358;Neklanova;è.p.;355;;;39701;775735.03;1125532.47;2013-12-01T00:00:00
27930688;549240;Písek;;;;;404527;Budìjovické Pøedmìstí;384500;Na Rozmezí;è.p.;2619;;;39701;775502.09;1126495.02;2013-12-01T00:00:00
27950972;549240;Písek;;;;;404543;Václavské Pøedmìstí;801992;Libušina;è.p.;359;;;39701;775705.89;1125343.10;2013-12-01T00:00:00
27950981;549240;Písek;;;;;404543;Václavské Pøedmìstí;725315;Hostivítova;è.p.;361;;;39701;775739.96;1125368.29;2013-12-01T00:00:00
27951006;549240;Písek;;;;;404527;Budìjovické Pøedmìstí;799327;Havelkova;è.p.;2611;;;39701;773159.60;1127192.41;2013-12-01T00:00:00
27953467;549240;Písek;;;;;404527;Budìjovické Pøedmìstí;384178;Hradišská;è.p.;2620;;;39701;774650.25;1126516.79;2013-12-01T00:00:00
27956962;549240;Písek;;;;;404527;Budìjovické Pøedmìstí;385310;Za Nádraím;è.p.;2621;;;39701;774746.30;1127872.06;2013-12-01T00:00:00
27957462;549240;Písek;;;;;151238;Smrkovice;769622;Salátová;è.p.;207;;;39701;774073.00;1129523.00;2013-12-01T00:00:00
27970086;549240;Písek;;;;;120871;Purkratice;796646;Pod Nádvornım;è.p.;20;;;39701;775087.37;1124086.79;2024-05-17T00:00:00
27981843;549240;Písek;;;;;404543;Václavské Pøedmìstí;725315;Hostivítova;è.p.;369;;;39701;775847.00;1125436.00;2013-12-01T00:00:00
27989887;549240;Písek;;;;;404527;Budìjovické Pøedmìstí;385310;Za Nádraím;è.p.;2622;;;39701;774745.00;1127897.00;2013-12-01T00:00:00
28040635;549240;Písek;;;;;404543;Václavské Pøedmìstí;725315;Hostivítova;è.p.;363;;;39701;775771.25;1125351.34;2013-12-01T00:00:00
28066758;549240;Písek;;;;;404543;Václavské Pøedmìstí;725358;Neklanova;è.p.;364;;;39701;775708.89;1125461.36;2013-12-01T00:00:00
28074076;549240;Písek;;;;;404527;Budìjovické Pøedmìstí;799301;Miltnerova;è.p.;2627;;;39701;773219.52;1127135.81;2013-12-01T00:00:00
28074084;549240;Písek;;;;;404543;Václavské Pøedmìstí;725358;Neklanova;è.p.;365;;;39701;775918.00;1125432.00;2013-12-01T00:00:00
28094581;549240;Písek;;;;;404535;Praské Pøedmìstí;385051;tøída Národní svobody;è.p.;479;;;39701;774720.00;1125893.00;2013-12-01T00:00:00
28094590;549240;Písek;;;;;404535;Praské Pøedmìstí;385018;Topìlecká;è.p.;478;;;39701;774546.08;1124972.56;2013-12-01T00:00:00
28094603;549240;Písek;;;;;404527;Budìjovické Pøedmìstí;383716;17. listopadu;è.p.;2624;;;39701;773756.00;1126301.00;2014-02-10T00:00:00
28094611;549240;Písek;;;;;151238;Smrkovice;769576;Na Boubín;è.p.;205;;;39701;774396.59;1129812.68;2013-12-01T00:00:00
28099371;549240;Písek;;;;;151238;Smrkovice;769665;U Rybníèka;è.p.;208;;;39701;774316.78;1129345.66;2013-12-01T00:00:00
28111443;549240;Písek;;;;;404527;Budìjovické Pøedmìstí;385174;U Vodáka;è.p.;2628;;;39701;772358.24;1126185.65;2014-02-11T00:00:00
28111451;549240;Písek;;;;;404527;Budìjovické Pøedmìstí;385174;U Vodáka;è.p.;2629;;;39701;772347.72;1126189.38;2014-02-11T00:00:00
28121635;549240;Písek;;;;;404527;Budìjovické Pøedmìstí;383945;Flekaèky;è.p.;2623;;;39701;771374.00;1128171.00;2014-02-10T00:00:00
28139259;549240;Písek;;;;;404527;Budìjovické Pøedmìstí;384216;Karla Èapka;è.p.;2625;;;39701;774024.00;1126682.00;2013-12-01T00:00:00
28149645;549240;Písek;;;;;404543;Václavské Pøedmìstí;725340;Mnatova;è.p.;370;;;39701;775614.00;1125620.00;2013-12-01T00:00:00
28155891;549240;Písek;;;;;404527;Budìjovické Pøedmìstí;799327;Havelkova;è.p.;2630;;;39701;773199.00;1127239.00;2013-12-01T00:00:00
28155904;549240;Písek;;;;;404527;Budìjovické Pøedmìstí;799327;Havelkova;è.p.;2631;;;39701;773167.90;1127240.24;2013-12-01T00:00:00
28158041;549240;Písek;;;;;404543;Václavské Pøedmìstí;799483;Dukelská;è.p.;377;;;39701;775247.96;1125215.21;2013-12-01T00:00:00
28183428;549240;Písek;;;;;404543;Václavské Pøedmìstí;725315;Hostivítova;è.p.;366;;;39701;775781.00;1125422.00;2013-12-01T00:00:00
28187792;549240;Písek;;;;;151238;Smrkovice;769606;Novodvorská;è.p.;209;;;39701;773730.00;1129738.00;2013-12-01T00:00:00
28191684;549240;Písek;;;;;404543;Václavské Pøedmìstí;725315;Hostivítova;è.p.;367;;;39701;775781.58;1125389.68;2013-12-01T00:00:00
28193938;549240;Písek;;;;;147231;Semice;769509;K Píseckım horám;è.p.;170;;;39701;771503.55;1128131.94;2013-12-01T00:00:00
28193946;549240;Písek;;;;;120901;Hradištì;385573;V Lukách;è.p.;407;;;39701;775570.63;1126418.18;2013-12-01T00:00:00
28210409;549240;Písek;;;;;404527;Budìjovické Pøedmìstí;384801;Putimská Vysoká;è.p.;2632;;;39701;774886.00;1127923.00;2013-12-01T00:00:00
28210417;549240;Písek;;;;;404527;Budìjovické Pøedmìstí;384151;Jiøího Srnky;è.p.;2634;;;39701;773100.90;1125767.27;2013-12-01T00:00:00
28215435;549240;Písek;;;;;120901;Hradištì;384682;Ouzká;è.p.;406;;;39701;776073.44;1127087.28;2014-02-12T00:00:00
28215443;549240;Písek;;;;;404543;Václavské Pøedmìstí;725358;Neklanova;è.p.;375;;;39701;775862.00;1125494.00;2013-12-01T00:00:00
28216601;549240;Písek;;;;;404543;Václavské Pøedmìstí;725340;Mnatova;è.p.;368;;;39701;775585.96;1125629.83;2013-12-01T00:00:00
28226119;549240;Písek;;;;;404535;Praské Pøedmìstí;384569;Na Vıstavišti;è.p.;455;;;39701;774807.88;1126111.88;2013-12-01T00:00:00
28226496;549240;Písek;;;;;404535;Praské Pøedmìstí;385212;U idovského høbitova;è.p.;462;;;39701;775511.71;1124965.82;2013-12-01T00:00:00
28235223;549240;Písek;;;;;404543;Václavské Pøedmìstí;725323;Krokova;è.p.;373;;;39701;775698.52;1125651.28;2013-12-01T00:00:00
28235231;549240;Písek;;;;;404527;Budìjovické Pøedmìstí;383716;17. listopadu;è.p.;2633;;;39701;773498.94;1126431.47;2013-12-01T00:00:00
28240669;549240;Písek;;;;;404527;Budìjovické Pøedmìstí;799301;Miltnerova;è.p.;2636;;;39701;773221.48;1127179.36;2019-01-03T00:00:00
28244508;549240;Písek;;;;;120901;Hradištì;810592;Francouzská;è.p.;401;;;39701;776117.92;1127198.52;2014-02-12T00:00:00
28244516;549240;Písek;;;;;120901;Hradištì;810592;Francouzská;è.p.;402;;;39701;776083.26;1127204.67;2014-02-12T00:00:00
28244524;549240;Písek;;;;;120901;Hradištì;810592;Francouzská;è.p.;403;;;39701;776050.37;1127211.04;2014-02-12T00:00:00
28244532;549240;Písek;;;;;120901;Hradištì;810592;Francouzská;è.p.;404;;;39701;776049.81;1127190.42;2014-02-12T00:00:00
28244541;549240;Písek;;;;;120901;Hradištì;810592;Francouzská;è.p.;405;;;39701;776069.73;1127158.15;2014-02-12T00:00:00
28250877;549240;Písek;;;;;147231;Semice;769509;K Píseckım horám;è.p.;172;;;39701;772147.74;1128714.45;2013-12-01T00:00:00
28250923;549240;Písek;;;;;147231;Semice;815870;U Hromadištì;è.p.;177;;;39701;772446.24;1129222.93;2013-12-01T00:00:00
28257651;549240;Písek;;;;;151238;Smrkovice;769657;Teplárenská;è.p.;212;;;39701;774186.93;1128881.47;2013-12-01T00:00:00
28258169;549240;Písek;;;;;404543;Václavské Pøedmìstí;725374;Vnislavova;è.p.;360;;;39701;775627.47;1125712.77;2013-12-01T00:00:00
28270584;549240;Písek;;;;;404535;Praské Pøedmìstí;385018;Topìlecká;è.p.;477;;;39701;775122.28;1124999.48;2013-12-01T00:00:00
28275225;549240;Písek;;;;;404527;Budìjovické Pøedmìstí;799301;Miltnerova;è.p.;2637;;;39701;773229.99;1127203.69;2013-12-01T00:00:00
28275233;549240;Písek;;;;;120901;Hradištì;678856;Okruní;è.p.;399;;;39701;775757.73;1126289.06;2013-12-01T00:00:00
28275411;549240;Písek;;;;;404527;Budìjovické Pøedmìstí;385107;U Høebèince;è.p.;2638;;;39701;773151.09;1127838.12;2013-12-01T00:00:00
28275420;549240;Písek;;;;;404543;Václavské Pøedmìstí;725358;Neklanova;è.p.;372;;;39701;775818.88;1125504.54;2013-12-01T00:00:00
28281616;549240;Písek;;;;;404527;Budìjovické Pøedmìstí;799301;Miltnerova;è.p.;2635;;;39701;773190.74;1127181.40;2013-12-01T00:00:00
28295269;549240;Písek;;;;;147231;Semice;769525;Na Staré silnici;è.p.;173;;;39701;772452.03;1129351.57;2013-12-01T00:00:00
28325729;549240;Písek;;;;;404535;Praské Pøedmìstí;384739;Praská;è.p.;480;;;39701;775007.78;1125232.03;2013-12-01T00:00:00
28325737;549240;Písek;;;;;404535;Praské Pøedmìstí;384739;Praská;è.p.;481;;;39701;775087.82;1125265.01;2013-12-01T00:00:00
28333705;549240;Písek;;;;;404527;Budìjovické Pøedmìstí;383945;Flekaèky;è.p.;2641;;;39701;771422.61;1128028.25;2014-02-10T00:00:00
28333811;549240;Písek;;;;;151238;Smrkovice;815888;V Rokli;è.p.;215;;;39701;774273.52;1129469.14;2013-12-01T00:00:00
28333837;549240;Písek;;;;;120901;Hradištì;714267;Šumavská;è.p.;322;;;39701;775072.13;1128017.25;2013-12-01T00:00:00
28333861;549240;Písek;;;;;151238;Smrkovice;815888;V Rokli;è.p.;211;;;39701;774225.75;1129478.11;2013-12-01T00:00:00
28333969;549240;Písek;;;;;404527;Budìjovické Pøedmìstí;678856;Okruní;è.p.;2640;;;39701;775665.19;1126259.39;2013-12-01T00:00:00
28345134;549240;Písek;;;;;404543;Václavské Pøedmìstí;725358;Neklanova;è.p.;374;;;39701;775647.73;1125363.37;2013-12-01T00:00:00
28345347;549240;Písek;;;;;404543;Václavské Pøedmìstí;725374;Vnislavova;è.p.;330;;;39701;775649.11;1125705.92;2013-12-01T00:00:00
28364686;549240;Písek;;;;;151238;Smrkovice;815888;V Rokli;è.p.;210;;;39701;774333.69;1129408.82;2013-12-01T00:00:00
28374690;549240;Písek;;;;;151238;Smrkovice;815888;V Rokli;è.p.;216;;;39701;774295.00;1129471.00;2013-12-01T00:00:00
28383427;549240;Písek;;;;;151238;Smrkovice;769606;Novodvorská;è.p.;214;;;39701;773982.57;1129603.21;2013-12-01T00:00:00
28383435;549240;Písek;;;;;151238;Smrkovice;815888;V Rokli;è.p.;213;;;39701;774226.10;1129570.46;2013-12-01T00:00:00
28394241;549240;Písek;;;;;404527;Budìjovické Pøedmìstí;799301;Miltnerova;è.p.;2642;;;39701;773222.81;1127159.75;2013-12-01T00:00:00
28413849;549240;Písek;;;;;404527;Budìjovické Pøedmìstí;384071;Harantova;è.p.;2644;;;39701;773852.20;1126401.85;2013-12-01T00:00:00
28413857;549240;Písek;;;;;404543;Václavské Pøedmìstí;725358;Neklanova;è.p.;376;;;39701;775638.56;1125405.33;2013-12-01T00:00:00
28442571;549240;Písek;;;;;404527;Budìjovické Pøedmìstí;385441;Samoty;è.p.;6;;;39701;773282.26;1125154.45;2013-12-01T00:00:00
28454723;549240;Písek;;;;;404527;Budìjovické Pøedmìstí;799301;Miltnerova;è.p.;2650;;;39701;773182.84;1127081.76;2013-12-01T00:00:00
28454758;549240;Písek;;;;;404535;Praské Pøedmìstí;;;è.ev.;101;;;39701;774653.75;1123707.30;2013-12-01T00:00:00
28455363;549240;Písek;;;;;404543;Václavské Pøedmìstí;;;è.ev.;101;;;39701;775632.40;1125432.35;2013-12-01T00:00:00
28455703;549240;Písek;;;;;404527;Budìjovické Pøedmìstí;;;è.ev.;1002;;;39701;773508.55;1124583.50;2013-12-01T00:00:00
28467256;549240;Písek;;;;;120901;Hradištì;810592;Francouzská;è.p.;408;;;39701;776046.43;1127164.62;2014-02-12T00:00:00
28471741;549240;Písek;;;;;404527;Budìjovické Pøedmìstí;;;è.ev.;1003;;;39701;773405.37;1124705.17;2013-12-01T00:00:00
28490347;549240;Písek;;;;;404543;Václavské Pøedmìstí;725315;Hostivítova;è.p.;378;;;39701;775742.81;1125292.45;2013-12-01T00:00:00
30073057;549240;Písek;;;;;404527;Budìjovické Pøedmìstí;384143;Jiráskovo nábø.;è.p.;1052;;;39701;774175.90;1125128.14;2013-12-01T00:00:00
30073065;549240;Písek;;;;;404527;Budìjovické Pøedmìstí;384143;Jiráskovo nábø.;è.p.;1054;;;39701;774169.28;1125130.50;2013-12-01T00:00:00
30073111;549240;Písek;;;;;404527;Budìjovické Pøedmìstí;384143;Jiráskovo nábø.;è.p.;1067;;;39701;774182.98;1125125.64;2013-12-01T00:00:00
30073120;549240;Písek;;;;;404527;Budìjovické Pøedmìstí;384143;Jiráskovo nábø.;è.p.;1070;;;39701;774190.07;1125123.36;2013-12-01T00:00:00
30073332;549240;Písek;;;;;404527;Budìjovické Pøedmìstí;384143;Jiráskovo nábø.;è.p.;1100;;;39701;774214.76;1125113.95;2013-12-01T00:00:00
30073740;549240;Písek;;;;;404527;Budìjovické Pøedmìstí;384143;Jiráskovo nábø.;è.p.;1143;;;39701;774234.32;1125107.53;2013-12-01T00:00:00
30084334;549240;Písek;;;;;404535;Praské Pøedmìstí;796662;11. pìšího pluku;è.p.;201;;;39701;774972.41;1125445.50;2013-12-01T00:00:00
30855772;549240;Písek;;;;;120871;Purkratice;796654;Ke Statku;è.p.;15;3;;39701;775162.19;1124335.52;2013-12-01T00:00:00
30894522;549240;Písek;;;;;151238;Smrkovice;769568;K Putimi;è.p.;89;3;;39701;774372.08;1128992.67;2013-12-01T00:00:00
31001149;549240;Písek;;;;;404527;Budìjovické Pøedmìstí;384925;Staré láznì;è.p.;30;;;39701;768243.59;1127519.42;2014-02-11T00:00:00
31001157;549240;Písek;;;;;404527;Budìjovické Pøedmìstí;385182;U Vodárny;è.ev.;22;;;39701;775642.51;1126201.57;2013-12-01T00:00:00
31001165;549240;Písek;;;;;404527;Budìjovické Pøedmìstí;385484;U Honzíèka;è.ev.;69;;;39701;772246.50;1125688.43;2014-02-11T00:00:00
31001173;549240;Písek;;;;;404527;Budìjovické Pøedmìstí;385123;U Malíøskıch;è.ev.;238;;;39701;772348.22;1125887.60;2014-02-11T00:00:00
31001190;549240;Písek;;;;;404535;Praské Pøedmìstí;385166;Pod Portyèskımi skalami;è.ev.;4;;;39701;773690.50;1124126.35;2013-12-01T00:00:00
31001203;549240;Písek;;;;;404535;Praské Pøedmìstí;385166;Pod Portyèskımi skalami;è.ev.;19;;;39701;773734.65;1124064.65;2013-12-01T00:00:00
31001211;549240;Písek;;;;;404543;Václavské Pøedmìstí;383767;Boøivojova;è.p.;16;2;;39701;775507.27;1125915.72;2013-12-01T00:00:00
40095622;549240;Písek;;;;;120901;Hradištì;;;è.ev.;36;;;39701;777135.97;1128905.20;2014-02-12T00:00:00
40095631;549240;Písek;;;;;120901;Hradištì;;;è.ev.;46;;;39701;776683.56;1127452.19;2014-02-12T00:00:00
40175685;549240;Písek;;;;;404535;Praské Pøedmìstí;384402;Na Ostrovì;è.p.;165;;;39701;774764.53;1126298.82;2013-12-01T00:00:00
40241297;549240;Písek;;;;;404543;Václavské Pøedmìstí;725331;Køesomyslova;è.p.;362;;;39701;775736.54;1125426.82;2013-12-01T00:00:00
40243885;549240;Písek;;;;;404543;Václavské Pøedmìstí;801992;Libušina;è.p.;379;;;39701;775689.68;1125316.42;2013-12-01T00:00:00
40245918;549240;Písek;;;;;404527;Budìjovické Pøedmìstí;384178;Hradišská;è.p.;2645;;;39701;775188.54;1126555.22;2013-12-01T00:00:00
40247317;549240;Písek;;;;;404543;Václavské Pøedmìstí;725315;Hostivítova;è.p.;380;;;39701;775818.14;1125467.09;2013-12-01T00:00:00
40248089;549240;Písek;;;;;404527;Budìjovické Pøedmìstí;799297;Janotova;è.p.;2646;;;39701;773273.88;1127188.81;2013-12-01T00:00:00
40251403;549240;Písek;;;;;151238;Smrkovice;815888;V Rokli;è.p.;217;;;39701;774276.87;1129507.70;2013-12-01T00:00:00
40251519;549240;Písek;;;;;151238;Smrkovice;769576;Na Boubín;è.p.;220;;;39701;774368.62;1129814.16;2013-12-01T00:00:00
40252078;549240;Písek;;;;;151238;Smrkovice;815888;V Rokli;è.p.;218;;;39701;774353.61;1129481.45;2013-12-01T00:00:00
40270874;549240;Písek;;;;;404543;Václavské Pøedmìstí;725358;Neklanova;è.p.;381;;;39701;775762.15;1125521.22;2013-12-01T00:00:00
40279588;549240;Písek;;;;;151238;Smrkovice;815888;V Rokli;è.p.;222;;;39701;774227.17;1129549.20;2013-12-01T00:00:00
40284883;549240;Písek;;;;;404543;Václavské Pøedmìstí;801992;Libušina;è.p.;371;;;39701;775742.85;1125318.46;2013-12-01T00:00:00
40284972;549240;Písek;;;;;120901;Hradištì;384682;Ouzká;è.p.;409;;;39701;776077.09;1127047.75;2014-02-12T00:00:00
40287891;549240;Písek;;;;;404527;Budìjovické Pøedmìstí;799301;Miltnerova;è.p.;2647;;;39701;773188.26;1127110.36;2013-12-01T00:00:00
40291642;549240;Písek;;;;;404543;Václavské Pøedmìstí;725358;Neklanova;è.p.;382;;;39701;775780.11;1125469.63;2013-12-01T00:00:00
40303918;549240;Písek;;;;;404543;Václavské Pøedmìstí;385255;Václavská;è.p.;383;;;39701;775447.12;1125917.01;2013-12-01T00:00:00
40382362;549240;Písek;;;;;404543;Václavské Pøedmìstí;725323;Krokova;è.p.;385;;;39701;775663.64;1125566.42;2013-12-01T00:00:00
40389898;549240;Písek;;;;;404535;Praské Pøedmìstí;384739;Praská;è.p.;482;;;39701;774816.10;1125530.24;2013-12-01T00:00:00
40393844;549240;Písek;;;;;404527;Budìjovické Pøedmìstí;;;è.ev.;1004;;;39701;773381.20;1124597.37;2013-12-01T00:00:00
40395103;549240;Písek;;;;;404543;Václavské Pøedmìstí;384313;Krátká;è.p.;324;;;39701;775458.49;1125569.25;2013-12-01T00:00:00
40395430;549240;Písek;;;;;404543;Václavské Pøedmìstí;725358;Neklanova;è.p.;384;;;39701;775764.67;1125238.15;2013-12-01T00:00:00
40406202;549240;Písek;;;;;404527;Budìjovické Pøedmìstí;;;è.ev.;1006;;;39701;772462.44;1126035.05;2014-02-11T00:00:00
40414833;549240;Písek;;;;;404527;Budìjovické Pøedmìstí;;;è.ev.;1007;;;39701;772228.04;1127005.19;2014-02-10T00:00:00
40416917;549240;Písek;;;;;404535;Praské Pøedmìstí;;;è.ev.;102;;;39701;774665.53;1124270.07;2013-12-01T00:00:00
40437680;549240;Písek;;;;;404543;Václavské Pøedmìstí;384933;Strakonická;è.p.;387;;;39701;775824.72;1125719.73;2013-12-01T00:00:00
40437892;549240;Písek;;;;;404527;Budìjovické Pøedmìstí;;;è.ev.;1009;;;39701;772030.69;1127134.97;2014-02-10T00:00:00
40452832;549240;Písek;;;;;404535;Praské Pøedmìstí;384739;Praská;è.p.;483;;;39701;775057.29;1125098.55;2013-12-01T00:00:00
40452875;549240;Písek;;;;;404527;Budìjovické Pøedmìstí;385441;Samoty;è.p.;2649;;;39701;773011.53;1125084.94;2013-12-01T00:00:00
40468330;549240;Písek;;;;;404527;Budìjovické Pøedmìstí;799327;Havelkova;è.p.;2651;;;39701;773150.47;1127243.21;2013-12-01T00:00:00
40469042;549240;Písek;;;;;120901;Hradištì;810592;Francouzská;è.p.;410;;;39701;776092.68;1127163.34;2014-02-12T00:00:00
40469492;549240;Písek;;;;;404527;Budìjovické Pøedmìstí;799301;Miltnerova;è.p.;2648;;;39701;773207.80;1127093.85;2013-12-01T00:00:00
40470067;549240;Písek;;;;;404527;Budìjovické Pøedmìstí;385182;U Vodárny;è.ev.;1008;;;39701;775638.58;1126076.91;2019-10-10T00:00:00
40473759;549240;Písek;;;;;404527;Budìjovické Pøedmìstí;383716;17. listopadu;è.ev.;1010;;;39701;773807.72;1126275.39;2013-12-01T00:00:00
40538869;549240;Písek;;;;;404527;Budìjovické Pøedmìstí;385310;Za Nádraím;è.p.;2654;;;39701;774810.36;1127906.81;2013-12-01T00:00:00
40539377;549240;Písek;;;;;404527;Budìjovické Pøedmìstí;384151;Jiøího Srnky;è.p.;2652;;;39701;772915.00;1125617.00;2013-12-01T00:00:00
40549704;549240;Písek;;;;;404527;Budìjovické Pøedmìstí;383970;Gregorova;è.p.;2653;;;39701;774356.00;1126511.94;2013-12-01T00:00:00
40600963;549240;Písek;;;;;404543;Václavské Pøedmìstí;725358;Neklanova;è.p.;388;;;39701;775802.14;1125239.24;2021-04-12T00:00:00
40637263;549240;Písek;;;;;120901;Hradištì;;;è.ev.;101;;;39701;776146.76;1126748.77;2013-12-01T00:00:00
40637638;549240;Písek;;;;;404543;Václavské Pøedmìstí;725315;Hostivítova;è.p.;386;;;39701;775851.69;1125569.67;2013-12-01T00:00:00
40640604;549240;Písek;;;;;404527;Budìjovické Pøedmìstí;385310;Za Nádraím;è.p.;2655;;;39701;774816.85;1127971.42;2013-12-01T00:00:00
40640841;549240;Písek;;;;;404543;Václavské Pøedmìstí;725358;Neklanova;è.p.;389;;;39701;775899.98;1125477.93;2013-12-01T00:00:00
40657426;549240;Písek;;;;;151238;Smrkovice;815888;V Rokli;è.p.;219;;;39701;774297.91;1129504.51;2013-12-01T00:00:00
40657621;549240;Písek;;;;;404543;Václavské Pøedmìstí;725358;Neklanova;è.p.;391;;;39701;775800.12;1125278.92;2013-12-01T00:00:00
40661091;549240;Písek;;;;;404527;Budìjovické Pøedmìstí;;;è.ev.;1012;;;39701;773371.47;1127435.97;2013-12-01T00:00:00
40661121;549240;Písek;;;;;404527;Budìjovické Pøedmìstí;;;è.ev.;1013;;;39701;773370.44;1127438.67;2013-12-01T00:00:00
40661148;549240;Písek;;;;;404527;Budìjovické Pøedmìstí;;;è.ev.;1015;;;39701;773367.88;1127445.34;2013-12-01T00:00:00
40661466;549240;Písek;;;;;404527;Budìjovické Pøedmìstí;;;è.ev.;1014;;;39701;773369.13;1127441.66;2013-12-01T00:00:00
40664775;549240;Písek;;;;;404527;Budìjovické Pøedmìstí;384836;Rokycanova;è.ev.;1018;;;39701;773694.16;1126013.02;2013-12-01T00:00:00
40664902;549240;Písek;;;;;404527;Budìjovické Pøedmìstí;384836;Rokycanova;è.ev.;1019;;;39701;773690.18;1126013.72;2013-12-01T00:00:00
40670392;549240;Písek;;;;;404527;Budìjovické Pøedmìstí;384135;Jeronımova;è.ev.;1017;;;39701;773822.17;1125435.23;2013-12-01T00:00:00
40670457;549240;Písek;;;;;404527;Budìjovické Pøedmìstí;384135;Jeronımova;è.ev.;1016;;;39701;773784.26;1125442.25;2013-12-01T00:00:00
40720101;549240;Písek;;;;;404527;Budìjovické Pøedmìstí;385000;Táborská;è.p.;2656;;;39701;773062.92;1125390.94;2014-02-11T00:00:00
40720161;549240;Písek;;;;;404527;Budìjovické Pøedmìstí;385000;Táborská;è.p.;2657;;;39701;773014.84;1125333.05;2014-02-11T00:00:00
40761754;549240;Písek;;;;;404535;Praské Pøedmìstí;;;è.ev.;103;;;39701;774792.50;1124199.68;2013-12-01T00:00:00
40836339;549240;Písek;;;;;147231;Semice;769541;Obecní;è.p.;174;;;39701;772112.83;1129066.88;2022-08-05T00:00:00
40842959;549240;Písek;;;;;404527;Budìjovické Pøedmìstí;385310;Za Nádraím;è.p.;2658;;;39701;774886.18;1127513.02;2013-12-01T00:00:00
41004213;549240;Písek;;;;;404527;Budìjovické Pøedmìstí;;;è.ev.;1021;;;39701;772108.72;1127061.91;2014-02-10T00:00:00
41004230;549240;Písek;;;;;147222;Novı Dvùr;769380;Hlinavka;è.p.;50;;;39701;771300.31;1130901.50;2013-12-01T00:00:00
41030044;549240;Písek;;;;;404543;Václavské Pøedmìstí;725331;Køesomyslova;è.p.;392;;;39701;775738.67;1125396.06;2013-12-01T00:00:00
41035992;549240;Písek;;;;;120901;Hradištì;;;è.ev.;102;;;39701;776572.71;1127918.03;2014-02-12T00:00:00
41043561;549240;Písek;;;;;404527;Budìjovické Pøedmìstí;385310;Za Nádraím;è.p.;2659;;;39701;774778.59;1127955.34;2013-12-01T00:00:00
41133927;549240;Písek;;;;;404527;Budìjovické Pøedmìstí;;;è.ev.;1001;;;39701;774401.63;1127747.17;2013-12-01T00:00:00
41134494;549240;Písek;;;;;151238;Smrkovice;769657;Teplárenská;è.ev.;101;;;39701;774101.54;1128953.52;2013-12-01T00:00:00
41135423;549240;Písek;;;;;404527;Budìjovické Pøedmìstí;385182;U Vodárny;è.p.;2643;;;39701;775656.63;1126181.06;2013-12-01T00:00:00
41139526;549240;Písek;;;;;404527;Budìjovické Pøedmìstí;;;è.ev.;1011;;;39701;772162.50;1127078.95;2014-02-10T00:00:00
41139721;549240;Písek;;;;;404527;Budìjovické Pøedmìstí;;;è.ev.;1005;;;39701;773519.81;1124587.85;2013-12-01T00:00:00
41140036;549240;Písek;;;;;404527;Budìjovické Pøedmìstí;;;è.ev.;1020;;;39701;772477.28;1126130.83;2014-02-11T00:00:00
41140249;549240;Písek;;;;;147222;Novı Dvùr;;;è.ev.;101;;;39701;770991.43;1132017.18;2024-11-15T00:00:00
41140354;549240;Písek;;;;;120871;Purkratice;796654;Ke Statku;è.p.;17;;;39701;775203.58;1124200.14;2013-12-01T00:00:00
41140371;549240;Písek;;;;;404527;Budìjovické Pøedmìstí;385328;Za Pazdernou;è.p.;2553;;;39701;773540.49;1125278.03;2013-12-01T00:00:00
41140397;549240;Písek;;;;;404527;Budìjovické Pøedmìstí;384852;Sedláèkova;è.p.;2554;;;39701;773400.26;1125725.80;2013-12-01T00:00:00
41175093;549240;Písek;;;;;151238;Smrkovice;815888;V Rokli;è.p.;223;;;39701;774325.04;1129457.96;2013-12-01T00:00:00
41214374;549240;Písek;;;;;147231;Semice;769541;Obecní;è.p.;175;;;39701;771904.75;1129040.08;2013-12-01T00:00:00
41272951;549240;Písek;;;;;151238;Smrkovice;769681;Za Humny;è.p.;224;;;39701;774358.46;1129211.74;2013-12-01T00:00:00
41272994;549240;Písek;;;;;404543;Václavské Pøedmìstí;725358;Neklanova;è.p.;393;;;39701;775655.54;1125341.90;2013-12-01T00:00:00
41273036;549240;Písek;;;;;151238;Smrkovice;815888;V Rokli;è.p.;225;;;39701;774352.41;1129501.03;2013-12-01T00:00:00
41332946;549240;Písek;;;;;151238;Smrkovice;769614;Polní;è.p.;226;;;39701;774546.87;1129402.32;2013-12-01T00:00:00
41338863;549240;Písek;;;;;151238;Smrkovice;769606;Novodvorská;è.p.;221;;;39701;773849.09;1129643.09;2013-12-01T00:00:00
41339681;549240;Písek;;;;;404543;Václavské Pøedmìstí;725315;Hostivítova;è.p.;394;;;39701;775801.14;1125401.57;2013-12-01T00:00:00
41385390;549240;Písek;;;;;404527;Budìjovické Pøedmìstí;799327;Havelkova;è.p.;2660;;;39701;773180.97;1127209.78;2013-12-01T00:00:00
41499913;549240;Písek;;;;;151238;Smrkovice;;;è.ev.;102;;;39701;773830.85;1130203.46;2013-12-01T00:00:00
41543564;549240;Písek;;;;;404527;Budìjovické Pøedmìstí;384151;Jiøího Srnky;è.p.;2661;;;39701;772912.50;1125595.00;2013-12-01T00:00:00
41580044;549240;Písek;;;;;404543;Václavské Pøedmìstí;725331;Køesomyslova;è.p.;390;;;39701;775715.67;1125418.65;2013-12-01T00:00:00
41618149;549240;Písek;;;;;147231;Semice;769509;K Píseckım horám;è.p.;176;;;39701;772366.20;1128554.87;2013-12-01T00:00:00
41632648;549240;Písek;;;;;151238;Smrkovice;815888;V Rokli;è.p.;228;;;39701;774265.97;1129428.22;2013-12-01T00:00:00
41632842;549240;Písek;;;;;404527;Budìjovické Pøedmìstí;385514;U Martínka;è.ev.;1022;;;39701;773433.84;1124463.47;2013-12-01T00:00:00
41633270;549240;Písek;;;;;404527;Budìjovické Pøedmìstí;;;è.ev.;1023;;;39701;774240.43;1124969.87;2013-12-01T00:00:00
41634870;549240;Písek;;;;;404535;Praské Pøedmìstí;384739;Praská;è.p.;484;;;39701;775381.74;1124937.58;2013-12-01T00:00:00
41643909;549240;Písek;;;;;151238;Smrkovice;769592;Na Nové;è.p.;230;;;39701;774249.38;1128920.95;2013-12-01T00:00:00
41649494;549240;Písek;;;;;151238;Smrkovice;815888;V Rokli;è.p.;229;;;39701;774305.36;1129391.85;2013-12-01T00:00:00
41679351;549240;Písek;;;;;404543;Václavské Pøedmìstí;725358;Neklanova;è.p.;395;;;39701;775806.26;1125262.06;2013-12-01T00:00:00
41680596;549240;Písek;;;;;120901;Hradištì;385239;V Oudolí;è.p.;412;;;39701;775806.87;1126464.48;2013-12-01T00:00:00
41680766;549240;Písek;;;;;120901;Hradištì;384089;Hùrka;è.p.;413;;;39701;776283.02;1127172.40;2014-02-12T00:00:00
41694121;549240;Písek;;;;;404535;Praské Pøedmìstí;385018;Topìlecká;è.p.;485;;;39701;775153.98;1124993.99;2013-12-01T00:00:00
41725476;549240;Písek;;;;;120901;Hradištì;385573;V Lukách;è.p.;411;;;39701;775743.76;1126403.99;2013-12-01T00:00:00
41731808;549240;Písek;;;;;147231;Semice;769541;Obecní;è.p.;178;;;39701;772214.39;1128960.47;2013-12-01T00:00:00
41777255;549240;Písek;;;;;151238;Smrkovice;;;è.ev.;106;;;39701;773816.14;1130127.26;2013-12-01T00:00:00
41777808;549240;Písek;;;;;120901;Hradištì;;;è.ev.;103;;;39701;776575.42;1127941.06;2014-02-12T00:00:00
41780931;549240;Písek;;;;;151238;Smrkovice;769681;Za Humny;è.p.;231;;;39701;774490.04;1129088.72;2013-12-01T00:00:00
41837231;549240;Písek;;;;;151238;Smrkovice;;;è.ev.;105;;;39701;773904.24;1129985.55;2013-12-01T00:00:00
41872746;549240;Písek;;;;;404535;Praské Pøedmìstí;384739;Praská;è.p.;486;;;39701;774997.19;1125209.82;2013-12-01T00:00:00
41873025;549240;Písek;;;;;404527;Budìjovické Pøedmìstí;385158;U Povolnıch;è.ev.;1024;;;39701;772397.30;1126079.91;2014-02-11T00:00:00
41911024;549240;Písek;;;;;404527;Budìjovické Pøedmìstí;385000;Táborská;è.p.;2662;;;39701;773001.29;1125326.18;2014-02-11T00:00:00
42006333;549240;Písek;;;;;151238;Smrkovice;;;è.ev.;109;;;39701;773850.69;1129975.94;2013-12-01T00:00:00
42033098;549240;Písek;;;;;151238;Smrkovice;;;è.ev.;108;;;39701;773900.52;1129830.89;2013-12-01T00:00:00
42069122;549240;Písek;;;;;404527;Budìjovické Pøedmìstí;;;è.ev.;1025;;;39701;772311.97;1126920.91;2014-02-10T00:00:00
42148863;549240;Písek;;;;;404527;Budìjovické Pøedmìstí;;;è.ev.;1026;;;39701;773744.52;1125751.13;2014-02-11T00:00:00
42150256;549240;Písek;;;;;404527;Budìjovické Pøedmìstí;;;è.ev.;1028;;;39701;773750.11;1125748.91;2014-02-11T00:00:00
42150426;549240;Písek;;;;;404527;Budìjovické Pøedmìstí;;;è.ev.;1027;;;39701;773747.41;1125750.04;2014-02-11T00:00:00
42150701;549240;Písek;;;;;404527;Budìjovické Pøedmìstí;;;è.ev.;1029;;;39701;773752.80;1125747.97;2014-02-11T00:00:00
42150833;549240;Písek;;;;;404527;Budìjovické Pøedmìstí;;;è.ev.;1030;;;39701;773755.95;1125747.03;2014-02-11T00:00:00
42150949;549240;Písek;;;;;404527;Budìjovické Pøedmìstí;;;è.ev.;1031;;;39701;773758.59;1125745.97;2014-02-11T00:00:00
42151279;549240;Písek;;;;;404527;Budìjovické Pøedmìstí;;;è.ev.;1032;;;39701;773761.47;1125744.97;2014-02-11T00:00:00
42151431;549240;Písek;;;;;404527;Budìjovické Pøedmìstí;;;è.ev.;1033;;;39701;773764.17;1125743.96;2014-02-11T00:00:00
42151538;549240;Písek;;;;;404527;Budìjovické Pøedmìstí;;;è.ev.;1034;;;39701;773766.79;1125742.83;2014-02-11T00:00:00
42151805;549240;Písek;;;;;404527;Budìjovické Pøedmìstí;;;è.ev.;1035;;;39701;773770.02;1125742.00;2014-02-11T00:00:00
42202671;549240;Písek;;;;;404535;Praské Pøedmìstí;676691;Èíovská;è.p.;488;;;39701;775731.30;1124039.72;2023-03-14T00:00:00
42255627;549240;Písek;;;;;404527;Budìjovické Pøedmìstí;385182;U Vodárny;è.ev.;1036;;;39701;775366.51;1126423.24;2013-12-01T00:00:00
42255732;549240;Písek;;;;;404527;Budìjovické Pøedmìstí;;;è.ev.;1037;;;39701;774227.40;1128331.21;2014-02-16T00:00:00
42284309;549240;Písek;;;;;151238;Smrkovice;;;è.ev.;110;;;39701;774326.05;1130036.55;2013-12-01T00:00:00
42297354;549240;Písek;;;;;404527;Budìjovické Pøedmìstí;799301;Miltnerova;è.p.;2664;;;39701;773191.37;1127132.79;2013-12-01T00:00:00
42327041;549240;Písek;;;;;151238;Smrkovice;;;è.ev.;111;;;39701;774042.73;1134074.99;2013-12-01T00:00:00
42330432;549240;Písek;;;;;120901;Hradištì;;;è.ev.;104;;;39701;776700.82;1127432.49;2014-02-12T00:00:00
42356601;549240;Písek;;;;;404527;Budìjovické Pøedmìstí;799301;Miltnerova;è.p.;2665;;;39701;773210.93;1127114.41;2013-12-01T00:00:00
42356695;549240;Písek;;;;;151238;Smrkovice;;;è.ev.;112;;;39701;773845.18;1129995.81;2013-12-01T00:00:00
42356725;549240;Písek;;;;;404535;Praské Pøedmìstí;781452;Stanislava Maliny;è.p.;489;;;39701;776309.69;1123294.33;2013-12-01T00:00:00
42371911;549240;Písek;;;;;151238;Smrkovice;;;è.ev.;113;;;39701;773983.14;1134101.81;2013-12-01T00:00:00
42380448;549240;Písek;;;;;404527;Budìjovické Pøedmìstí;384119;Jana Mukaøovského;è.p.;2663;;;39701;772975.86;1125669.96;2013-12-01T00:00:00
42415896;549240;Písek;;;;;120901;Hradištì;714275;Lomená;è.p.;414;;;39701;775060.49;1127947.77;2013-12-01T00:00:00
42433428;549240;Písek;;;;;404527;Budìjovické Pøedmìstí;;;è.ev.;1038;;;39701;772139.77;1126982.86;2014-02-10T00:00:00
42457611;549240;Písek;;;;;120901;Hradištì;384194;K Lipám;è.p.;415;;;39701;775737.55;1127153.96;2013-12-01T00:00:00
42553482;549240;Písek;;;;;404543;Václavské Pøedmìstí;725340;Mnatova;è.p.;397;;;39701;775655.06;1125600.15;2013-12-01T00:00:00
42576806;549240;Písek;;;;;151238;Smrkovice;;;è.ev.;114;;;39701;773842.55;1130194.12;2024-08-26T00:00:00
42586704;549240;Písek;;;;;120901;Hradištì;384186;K Hájeèku;è.p.;416;;;39701;776511.38;1126823.50;2014-02-12T00:00:00
42587468;549240;Písek;;;;;404543;Václavské Pøedmìstí;725366;Nezamyslova;è.p.;396;;;39701;775613.39;1125302.55;2013-12-01T00:00:00
42594561;549240;Písek;;;;;404543;Václavské Pøedmìstí;725358;Neklanova;è.p.;398;;;39701;775789.61;1125513.81;2013-12-01T00:00:00
42595843;549240;Písek;;;;;404535;Praské Pøedmìstí;676691;Èíovská;è.p.;487;;;39701;775669.90;1124163.54;2013-12-01T00:00:00
42628806;549240;Písek;;;;;404543;Václavské Pøedmìstí;725315;Hostivítova;è.p.;400;;;39701;775768.10;1125330.77;2013-12-01T00:00:00
42652405;549240;Písek;;;;;404543;Václavské Pøedmìstí;385255;Václavská;è.p.;399;;;39701;775456.36;1125874.03;2013-12-01T00:00:00
42685940;549240;Písek;;;;;404543;Václavské Pøedmìstí;725315;Hostivítova;è.p.;401;;;39701;775767.41;1125294.07;2013-12-01T00:00:00
42706360;549240;Písek;;;;;404543;Václavské Pøedmìstí;725358;Neklanova;è.p.;402;;;39701;775741.57;1125271.47;2013-12-01T00:00:00
42711827;549240;Písek;;;;;151238;Smrkovice;;;è.ev.;115;;;39701;773842.46;1130008.34;2013-12-01T00:00:00
42720559;549240;Písek;;;;;151238;Smrkovice;;;è.ev.;104;;;39701;773941.88;1129827.91;2013-12-01T00:00:00
42720630;549240;Písek;;;;;151238;Smrkovice;769606;Novodvorská;è.p.;227;;;39701;774090.07;1129564.93;2013-12-01T00:00:00
42721598;549240;Písek;;;;;151238;Smrkovice;;;è.ev.;103;;;39701;773906.93;1129805.77;2013-12-01T00:00:00
42721784;549240;Písek;;;;;147231;Semice;;;è.ev.;102;;;39701;773453.11;1128596.15;2013-12-01T00:00:00
60445548;549240;Písek;;;;;404543;Václavské Pøedmìstí;725315;Hostivítova;è.p.;403;;;39701;775850.71;1125541.11;2013-12-11T00:00:00
60445661;549240;Písek;;;;;151238;Smrkovice;;;è.ev.;116;;;39701;773846.71;1129985.77;2013-12-11T00:00:00
60446323;549240;Písek;;;;;147231;Semice;769509;K Píseckım horám;è.p.;115;;;39701;772070.49;1128647.91;2014-01-10T00:00:00
61061948;549240;Písek;;;;;151238;Smrkovice;;;è.ev.;117;;;39701;773941.75;1129796.96;2013-12-11T00:00:00
69812063;549240;Písek;;;;;404535;Praské Pøedmìstí;;;è.ev.;104;;;39701;774746.26;1124223.48;2013-12-11T00:00:00
70841454;549240;Písek;;;;;404527;Budìjovické Pøedmìstí;;;è.ev.;1039;;;39701;774449.64;1127651.96;2014-01-06T00:00:00
70859621;549240;Písek;;;;;151238;Smrkovice;815888;V Rokli;è.p.;232;;;39701;774377.47;1129497.15;2014-01-08T00:00:00
70859779;549240;Písek;;;;;147231;Semice;769541;Obecní;è.p.;180;;;39701;772545.57;1128969.84;2014-01-08T00:00:00
71032720;549240;Písek;;;;;151238;Smrkovice;815888;V Rokli;è.p.;233;;;39701;774329.66;1129503.33;2014-01-15T00:00:00
71044973;549240;Písek;;;;;404535;Praské Pøedmìstí;;;è.ev.;105;;;39701;774765.15;1124219.03;2014-01-16T00:00:00
72354216;549240;Písek;;;;;404543;Václavské Pøedmìstí;725340;Mnatova;è.p.;404;;;39701;775626.66;1125577.10;2014-03-10T00:00:00
72428503;549240;Písek;;;;;404527;Budìjovické Pøedmìstí;;;è.ev.;1040;;;39701;773162.69;1126901.52;2014-03-20T00:00:00
72428759;549240;Písek;;;;;120901;Hradištì;;;è.ev.;105;;;39701;776584.19;1127964.58;2014-03-20T00:00:00
72618736;549240;Písek;;;;;404527;Budìjovické Pøedmìstí;384178;Hradišská;è.p.;2666;;;39701;774935.20;1126457.56;2014-04-28T00:00:00
72650371;549240;Písek;;;;;404527;Budìjovické Pøedmìstí;;;è.ev.;1041;;;39701;772214.27;1125680.01;2020-03-16T00:00:00
72708727;549240;Písek;;;;;120901;Hradištì;678856;Okruní;è.p.;417;;;39701;775806.77;1126267.99;2014-05-29T00:00:00
72719303;549240;Písek;;;;;404535;Praské Pøedmìstí;796671;Vladislavova;è.p.;490;;;39701;774930.02;1125344.87;2015-06-17T00:00:00
72729660;549240;Písek;;;;;404543;Václavské Pøedmìstí;725358;Neklanova;è.p.;405;;;39701;775794.40;1125221.53;2014-06-05T00:00:00
72776242;549240;Písek;;;;;404543;Václavské Pøedmìstí;725315;Hostivítova;è.p.;406;;;39701;775774.75;1125313.78;2014-06-12T00:00:00
72837039;549240;Písek;;;;;404527;Budìjovické Pøedmìstí;678856;Okruní;è.p.;2667;;;39701;775774.72;1126172.32;2014-06-23T00:00:00
72899794;549240;Písek;;;;;404543;Václavské Pøedmìstí;384356;Lesnická;è.p.;407;;;39701;775252.58;1125761.85;2014-07-16T00:00:00
72957719;549240;Písek;;;;;147231;Semice;769541;Obecní;è.p.;181;;;39701;772330.99;1128820.49;2014-08-06T00:00:00
72989955;549240;Písek;;;;;151238;Smrkovice;;;è.ev.;118;;;39701;775333.25;1133384.43;2014-08-19T00:00:00
72990368;549240;Písek;;;;;404527;Budìjovické Pøedmìstí;;;è.ev.;1043;;;39701;772261.19;1127058.45;2014-08-19T00:00:00
72990422;549240;Písek;;;;;151238;Smrkovice;;;è.ev.;119;;;39701;775333.05;1133369.17;2014-08-19T00:00:00
73021423;549240;Písek;;;;;120901;Hradištì;384194;K Lipám;è.p.;419;;;39701;775689.87;1127095.52;2014-09-01T00:00:00
73021482;549240;Písek;;;;;120901;Hradištì;384194;K Lipám;è.p.;418;;;39701;775700.11;1127108.03;2014-09-01T00:00:00
73030325;549240;Písek;;;;;404527;Budìjovické Pøedmìstí;;;è.ev.;1044;;;39701;772296.86;1125744.78;2014-09-03T00:00:00
73116670;549240;Písek;;;;;404527;Budìjovické Pøedmìstí;;;è.ev.;1042;;;39701;772375.03;1127853.27;2014-10-08T00:00:00
73139211;549240;Písek;;;;;404527;Budìjovické Pøedmìstí;385336;Za Ptáèkovnou;è.p.;2668;;;39701;771905.56;1124719.75;2014-10-17T00:00:00
73156388;549240;Písek;;;;;404543;Václavské Pøedmìstí;;;è.ev.;102;;;39701;775934.62;1125553.86;2014-10-24T00:00:00
73199885;549240;Písek;;;;;151238;Smrkovice;815888;V Rokli;è.p.;235;;;39701;774323.00;1129378.18;2014-11-13T00:00:00
73258547;549240;Písek;;;;;151238;Smrkovice;;;è.p.;234;;;39701;774386.95;1129911.72;2014-12-09T00:00:00
73259519;549240;Písek;;;;;147231;Semice;769509;K Píseckım horám;è.p.;182;;;39701;772005.24;1128510.16;2014-12-09T00:00:00
73270164;549240;Písek;;;;;404527;Budìjovické Pøedmìstí;384712;Pod Šobrovnou;è.p.;2669;;;39701;773077.06;1127012.85;2014-12-12T00:00:00
73365262;549240;Písek;;;;;404535;Praské Pøedmìstí;385018;Topìlecká;è.ev.;106;;;39701;774662.52;1124988.92;2015-01-21T00:00:00
73399418;549240;Písek;;;;;404543;Václavské Pøedmìstí;725358;Neklanova;è.p.;408;;;39701;775695.95;1125272.31;2015-02-03T00:00:00
73417696;549240;Písek;;;;;404527;Budìjovické Pøedmìstí;;;è.ev.;1045;;;39701;772191.57;1126882.39;2015-02-09T00:00:00
73418030;549240;Písek;;;;;404527;Budìjovické Pøedmìstí;;;è.ev.;1046;;;39701;772764.69;1125392.91;2015-02-09T00:00:00
73482471;549240;Písek;;;;;404527;Budìjovické Pøedmìstí;385174;U Vodáka;è.p.;2671;;;39701;772229.09;1126295.09;2015-03-04T00:00:00
73567850;549240;Písek;;;;;151238;Smrkovice;;;è.ev.;120;;;39701;773456.47;1130746.51;2015-04-03T00:00:00
73594041;549240;Písek;;;;;404527;Budìjovické Pøedmìstí;1358669;Pod Horami;è.p.;2670;;;39701;772832.37;1125521.36;2015-04-15T00:00:00
73629260;549240;Písek;;;;;404527;Budìjovické Pøedmìstí;;;è.ev.;1047;;;39701;772088.32;1127041.48;2015-04-28T00:00:00
73652342;549240;Písek;;;;;151238;Smrkovice;769550;K Hùrkám;è.p.;236;;;39701;774120.81;1129680.02;2024-02-27T00:00:00
73670073;549240;Písek;;;;;147231;Semice;769509;K Píseckım horám;è.p.;183;;;39701;772043.50;1128638.35;2015-05-11T00:00:00
73681521;549240;Písek;;;;;404535;Praské Pøedmìstí;385191;U Vıstavištì;è.p.;491;;;39701;774934.01;1126087.02;2015-05-14T00:00:00
73717827;549240;Písek;;;;;404527;Budìjovické Pøedmìstí;385000;Táborská;è.p.;2672;;;39701;773109.69;1125459.44;2015-05-26T00:00:00
73736368;549240;Písek;;;;;404527;Budìjovické Pøedmìstí;385107;U Høebèince;è.p.;2673;;;39701;773370.70;1127405.07;2015-06-01T00:00:00
73770558;549240;Písek;;;;;404527;Budìjovické Pøedmìstí;;;è.ev.;47;;;39701;772535.09;1127853.63;2015-06-10T00:00:00
73783153;549240;Písek;;;;;404543;Václavské Pøedmìstí;725358;Neklanova;è.p.;409;;;39701;775773.00;1125267.41;2015-06-15T00:00:00
73795933;549240;Písek;;;;;151238;Smrkovice;;;è.ev.;121;;;39701;774052.89;1134051.43;2015-06-18T00:00:00
73796603;549240;Písek;;;;;404527;Budìjovické Pøedmìstí;384585;Nádraní;è.p.;2675;;;39701;774598.46;1127418.15;2015-06-18T00:00:00
73805742;549240;Písek;;;;;404527;Budìjovické Pøedmìstí;385026;Truhláøská;è.p.;2674;;;39701;774310.37;1127005.88;2015-06-22T00:00:00
73825891;549240;Písek;;;;;404543;Václavské Pøedmìstí;725315;Hostivítova;è.p.;410;;;39701;775766.48;1125213.76;2015-06-29T00:00:00
73833711;549240;Písek;;;;;120901;Hradištì;;;è.ev.;106;;;39701;776605.69;1128040.89;2015-07-01T00:00:00
73941310;549240;Písek;;;;;404527;Budìjovické Pøedmìstí;;;è.ev.;1048;;;39701;772616.13;1126132.71;2015-08-06T00:00:00
74019945;549240;Písek;;;;;404527;Budìjovické Pøedmìstí;383937;Erbenova;è.p.;2676;;;39701;774277.96;1125523.17;2015-09-07T00:00:00
74078135;549240;Písek;;;;;147231;Semice;769541;Obecní;è.p.;184;;;39701;771848.69;1129105.79;2015-12-08T00:00:00
74094599;549240;Písek;;;;;120901;Hradištì;383911;Drustevní;è.p.;420;;;39701;776159.55;1127144.72;2015-09-30T00:00:00
74195671;549240;Písek;;;;;404527;Budìjovické Pøedmìstí;384178;Hradišská;è.p.;2677;;;39701;774963.49;1126503.63;2015-10-30T00:00:00
74235061;549240;Písek;;;;;404535;Praské Pøedmìstí;384569;Na Vıstavišti;è.p.;492;;;39701;774769.52;1126094.63;2015-11-10T00:00:00
74314793;549240;Písek;;;;;404543;Václavské Pøedmìstí;802000;Horymírova;è.p.;411;;;39701;775736.58;1125194.78;2015-11-30T00:00:00
74318845;549240;Písek;;;;;404527;Budìjovické Pøedmìstí;714267;Šumavská;è.p.;2678;;;39701;775091.11;1127731.51;2015-11-30T00:00:00
74350579;549240;Písek;;;;;151238;Smrkovice;769606;Novodvorská;è.p.;237;;;39701;773740.47;1129620.85;2015-12-08T00:00:00
74356071;549240;Písek;;;;;404527;Budìjovické Pøedmìstí;;;è.ev.;1049;;;39701;772173.45;1126971.27;2015-12-09T00:00:00
74390171;549240;Písek;;;;;404527;Budìjovické Pøedmìstí;384712;Pod Šobrovnou;è.p.;2679;;;39701;773120.86;1127016.70;2015-12-18T00:00:00
74423266;549240;Písek;;;;;404527;Budìjovické Pøedmìstí;;;è.ev.;1050;;;39701;772411.01;1127801.90;2016-01-04T00:00:00
74423851;549240;Písek;;;;;147231;Semice;815870;U Hromadištì;è.p.;185;;;39701;772394.67;1129203.62;2016-01-04T00:00:00
74427938;549240;Písek;;;;;404535;Praské Pøedmìstí;384569;Na Vıstavišti;è.p.;493;;;39701;774743.79;1126194.03;2016-01-05T00:00:00
74462881;549240;Písek;;;;;404543;Václavské Pøedmìstí;725323;Krokova;è.p.;412;;;39701;775681.68;1125597.07;2016-01-14T00:00:00
74490281;549240;Písek;;;;;404527;Budìjovické Pøedmìstí;384372;Lipová alej;è.p.;2680;;;39701;774588.89;1126733.34;2016-01-26T00:00:00
74534173;549240;Písek;;;;;120901;Hradištì;678856;Okruní;è.p.;421;;;39701;775888.28;1126321.53;2016-02-03T00:00:00
74599968;549240;Písek;;;;;404543;Václavské Pøedmìstí;725358;Neklanova;è.p.;413;;;39701;775659.65;1125405.33;2016-02-17T00:00:00
74737368;549240;Písek;;;;;404527;Budìjovické Pøedmìstí;384852;Sedláèkova;è.p.;2681;;;39701;773261.46;1125539.26;2016-03-21T00:00:00
74738933;549240;Písek;;;;;147231;Semice;769541;Obecní;è.p.;186;;;39701;772493.52;1128801.63;2016-03-21T00:00:00
74739000;549240;Písek;;;;;151238;Smrkovice;769673;U Školy;è.p.;238;;;39701;774168.93;1129333.31;2016-03-21T00:00:00
74740288;549240;Písek;;;;;120901;Hradištì;384054;Hradištì;è.p.;422;;;39701;776393.99;1127048.05;2016-03-21T00:00:00
74950070;549240;Písek;;;;;404527;Budìjovické Pøedmìstí;384712;Pod Šobrovnou;è.p.;2682;;;39701;773149.44;1126987.40;2016-05-03T00:00:00
74980149;549240;Písek;;;;;404527;Budìjovické Pøedmìstí;;;è.ev.;1051;;;39701;772202.16;1127105.07;2016-05-09T00:00:00
75056801;549240;Písek;;;;;404543;Václavské Pøedmìstí;802000;Horymírova;è.p.;414;;;39701;775817.60;1125157.02;2016-05-30T00:00:00
75124114;549240;Písek;;;;;147222;Novı Dvùr;;;è.ev.;102;;;39701;770980.08;1132023.07;2016-06-17T00:00:00
75127911;549240;Písek;;;;;120901;Hradištì;798738;Cihláøská;è.p.;423;;;39701;776585.86;1126703.61;2016-06-21T00:00:00
75165856;549240;Písek;;;;;151238;Smrkovice;;;è.ev.;122;;;39701;774365.26;1133966.42;2016-06-29T00:00:00
75188813;549240;Písek;;;;;120901;Hradištì;678856;Okruní;è.p.;424;;;39701;775687.20;1126306.88;2016-07-12T00:00:00
75226391;549240;Písek;;;;;147222;Novı Dvùr;;;è.ev.;103;;;39701;771003.93;1132004.99;2016-07-25T00:00:00
75229927;549240;Písek;;;;;120901;Hradištì;678856;Okruní;è.p.;425;;;39701;775696.32;1126336.62;2016-07-27T00:00:00
75279738;549240;Písek;;;;;404527;Budìjovické Pøedmìstí;385336;Za Ptáèkovnou;è.p.;2683;;;39701;771923.35;1124752.39;2016-08-18T00:00:00
75365022;549240;Písek;;;;;404527;Budìjovické Pøedmìstí;383805;Budìjovická;è.p.;98;6;;39701;774050.79;1126405.10;2016-09-23T00:00:00
75388511;549240;Písek;;;;;404527;Budìjovické Pøedmìstí;385239;V Oudolí;è.p.;2684;;;39701;775344.10;1126682.68;2016-10-04T00:00:00
75389681;549240;Písek;;;;;404527;Budìjovické Pøedmìstí;385590;Za Gymnáziem;è.p.;2685;;;39701;774024.45;1126354.96;2016-10-04T00:00:00
75398966;549240;Písek;;;;;147231;Semice;769541;Obecní;è.p.;187;;;39701;771863.93;1129159.11;2016-10-07T00:00:00
75404141;549240;Písek;;;;;120901;Hradištì;;;è.ev.;107;;;39701;776847.54;1127393.68;2016-10-10T00:00:00
75431084;549240;Písek;;;;;404527;Budìjovické Pøedmìstí;384127;Jaromíra Malého;è.p.;2686;;;39701;773150.63;1126582.24;2016-10-17T00:00:00
75445182;549240;Písek;;;;;151238;Smrkovice;769665;U Rybníèka;è.p.;257;;;39701;774398.29;1129384.39;2022-03-24T00:00:00
75480905;549240;Písek;;;;;147231;Semice;769541;Obecní;è.p.;188;;;39701;772438.44;1128748.01;2016-11-02T00:00:00
75509229;549240;Písek;;;;;120901;Hradištì;798746;Karla Boromejského;è.p.;426;;;39701;776627.58;1126805.81;2016-11-14T00:00:00
75542340;549240;Písek;;;;;404543;Václavské Pøedmìstí;802000;Horymírova;è.p.;415;;;39701;775716.99;1125194.36;2016-11-16T00:00:00
75582112;549240;Písek;;;;;404543;Václavské Pøedmìstí;802000;Horymírova;è.p.;416;;;39701;775664.09;1125199.60;2016-11-25T00:00:00
75607433;549240;Písek;;;;;120901;Hradištì;798746;Karla Boromejského;è.p.;427;;;39701;776627.00;1126829.29;2016-12-02T00:00:00
75617226;549240;Písek;;;;;404535;Praské Pøedmìstí;384739;Praská;è.p.;494;;;39701;775333.01;1124995.90;2016-12-07T00:00:00
75632284;549240;Písek;;;;;404527;Budìjovické Pøedmìstí;385310;Za Nádraím;è.p.;2687;;;39701;774798.84;1127760.52;2016-12-13T00:00:00
75678306;549240;Písek;;;;;404543;Václavské Pøedmìstí;725315;Hostivítova;è.p.;417;;;39701;775768.91;1125153.22;2017-01-02T00:00:00
75713896;549240;Písek;;;;;120901;Hradištì;798746;Karla Boromejského;è.p.;428;;;39701;776631.66;1126744.55;2017-01-11T00:00:00
75737701;549240;Písek;;;;;120901;Hradištì;798746;Karla Boromejského;è.p.;429;;;39701;776635.91;1126770.49;2017-01-17T00:00:00
75758661;549240;Písek;;;;;404543;Václavské Pøedmìstí;725323;Krokova;è.p.;418;;;39701;775660.38;1125510.50;2017-01-24T00:00:00
75758989;549240;Písek;;;;;151238;Smrkovice;;;è.ev.;124;;;39701;773865.72;1129935.19;2017-01-24T00:00:00
75759501;549240;Písek;;;;;404527;Budìjovické Pøedmìstí;;;è.ev.;1052;;;39701;773521.47;1126506.22;2017-01-24T00:00:00
75793059;549240;Písek;;;;;404527;Budìjovické Pøedmìstí;384712;Pod Šobrovnou;è.p.;2688;;;39701;773143.00;1127009.76;2017-02-01T00:00:00
75856051;549240;Písek;;;;;404543;Václavské Pøedmìstí;725315;Hostivítova;è.p.;419;;;39701;775777.37;1125199.04;2017-02-21T00:00:00
75865173;549240;Písek;;;;;404535;Praské Pøedmìstí;384534;Na Stínadlech;è.p.;495;;;39701;774875.68;1125168.06;2017-02-27T00:00:00
75882914;549240;Písek;;;;;404543;Václavské Pøedmìstí;725315;Hostivítova;è.p.;420;;;39701;775775.76;1125165.99;2017-03-01T00:00:00
75883040;549240;Písek;;;;;404543;Václavské Pøedmìstí;725358;Neklanova;è.p.;421;;;39701;775689.02;1125289.31;2017-03-01T00:00:00
75883171;549240;Písek;;;;;147231;Semice;769541;Obecní;è.p.;189;;;39701;771839.15;1129132.18;2017-03-01T00:00:00
75915120;549240;Písek;;;;;151238;Smrkovice;815888;V Rokli;è.p.;239;;;39701;774309.89;1129415.11;2017-03-13T00:00:00
76000290;549240;Písek;;;;;404543;Václavské Pøedmìstí;385301;Vratislavova;è.p.;422;;;39701;775906.45;1125746.45;2017-03-29T00:00:00
76011283;549240;Písek;;;;;404527;Budìjovické Pøedmìstí;;;è.ev.;1053;;;39701;772099.89;1126837.89;2017-03-30T00:00:00
76102858;549240;Písek;;;;;404527;Budìjovické Pøedmìstí;384178;Hradišská;è.p.;2690;;;39701;774946.62;1126589.37;2017-04-21T00:00:00
76102882;549240;Písek;;;;;404527;Budìjovické Pøedmìstí;384178;Hradišská;è.p.;2689;;;39701;775015.78;1126586.24;2017-04-21T00:00:00
76160572;549240;Písek;;;;;147231;Semice;769541;Obecní;è.p.;190;;;39701;771915.69;1129127.89;2017-05-18T00:00:00
76164888;549240;Písek;;;;;404527;Budìjovické Pøedmìstí;;;è.ev.;1054;;;39701;772123.49;1126998.55;2017-05-19T00:00:00
76177084;549240;Písek;;;;;404543;Václavské Pøedmìstí;725331;Køesomyslova;è.p.;424;;;39701;775752.12;1125414.49;2017-05-24T00:00:00
76239713;549240;Písek;;;;;151238;Smrkovice;815888;V Rokli;è.p.;240;;;39701;774246.13;1129456.28;2017-06-14T00:00:00
76564169;549240;Písek;;;;;404535;Praské Pøedmìstí;;;è.ev.;107;;;39701;773699.91;1124055.28;2017-06-26T00:00:00
77542185;549240;Písek;;;;;404527;Budìjovické Pøedmìstí;384992;Švantlova;è.p.;2691;;;39701;774533.52;1126531.76;2017-08-03T00:00:00
77579577;549240;Písek;;;;;151238;Smrkovice;;;è.ev.;125;;;39701;773938.19;1130628.49;2017-08-18T00:00:00
77579691;549240;Písek;;;;;151238;Smrkovice;;;è.ev.;126;;;39701;773957.69;1130621.76;2017-08-18T00:00:00
77580109;549240;Písek;;;;;404527;Budìjovické Pøedmìstí;;;è.ev.;1055;;;39701;773504.66;1124591.38;2017-08-18T00:00:00
77594088;549240;Písek;;;;;404543;Václavské Pøedmìstí;799483;Dukelská;è.p.;423;;;39701;775340.68;1125185.98;2017-08-24T00:00:00
77621646;549240;Písek;;;;;404543;Václavské Pøedmìstí;801984;Bruncvíkova;è.p.;425;;;39701;775840.89;1125117.64;2017-09-05T00:00:00
77621930;549240;Písek;;;;;147231;Semice;769541;Obecní;è.p.;191;;;39701;771893.74;1129147.58;2017-09-05T00:00:00
77625935;549240;Písek;;;;;404527;Budìjovické Pøedmìstí;384585;Nádraní;è.p.;2693;;;39701;774771.31;1127450.28;2017-09-06T00:00:00
77701470;549240;Písek;;;;;404527;Budìjovické Pøedmìstí;799297;Janotova;è.p.;2692;;;39701;773291.65;1127173.05;2017-10-06T00:00:00
77727215;549240;Písek;;;;;404527;Budìjovické Pøedmìstí;799301;Miltnerova;è.p.;2694;;;39701;773206.32;1127078.10;2017-10-18T00:00:00
77727673;549240;Písek;;;;;404543;Václavské Pøedmìstí;801984;Bruncvíkova;è.p.;427;;;39701;775841.62;1125106.35;2017-10-18T00:00:00
77728131;549240;Písek;;;;;120901;Hradištì;;;è.p.;430;;;39701;776475.02;1127064.01;2017-10-18T00:00:00
77793307;549240;Písek;;;;;404543;Václavské Pøedmìstí;802000;Horymírova;è.p.;426;;;39701;775684.71;1125194.65;2017-11-13T00:00:00
77794711;549240;Písek;;;;;120901;Hradištì;385239;V Oudolí;è.p.;431;;;39701;775682.37;1126474.00;2017-11-13T00:00:00
77794761;549240;Písek;;;;;151238;Smrkovice;815888;V Rokli;è.p.;241;;;39701;774226.58;1129506.89;2017-11-13T00:00:00
77825489;549240;Písek;;;;;404527;Budìjovické Pøedmìstí;385310;Za Nádraím;è.p.;2695;;;39701;774834.93;1127489.51;2017-11-29T00:00:00
77833996;549240;Písek;;;;;151238;Smrkovice;;;è.ev.;127;;;39701;773863.01;1129924.87;2017-11-29T00:00:00
77834313;549240;Písek;;;;;151238;Smrkovice;769649;Šibánky;è.p.;242;;;39701;774587.21;1129506.18;2017-11-29T00:00:00
77834348;549240;Písek;;;;;404543;Václavské Pøedmìstí;801984;Bruncvíkova;è.p.;428;;;39701;775800.23;1125117.33;2017-11-29T00:00:00
77838734;549240;Písek;;;;;404535;Praské Pøedmìstí;385166;Pod Portyèskımi skalami;è.p.;496;;;39701;773862.49;1125043.77;2017-12-07T00:00:00
77838751;549240;Písek;;;;;151238;Smrkovice;815888;V Rokli;è.p.;246;;;39701;774227.37;1129524.28;2017-11-30T00:00:00
77844564;549240;Písek;;;;;404543;Václavské Pøedmìstí;385301;Vratislavova;è.p.;429;;;39701;775543.72;1125870.68;2017-12-04T00:00:00
77876261;549240;Písek;;;;;404527;Budìjovické Pøedmìstí;384801;Putimská Vysoká;è.p.;2696;;;39701;774907.89;1127927.87;2017-12-15T00:00:00
77876687;549240;Písek;;;;;151238;Smrkovice;769576;Na Boubín;è.p.;244;;;39701;774318.70;1129798.73;2017-12-15T00:00:00
77922727;549240;Písek;;;;;404527;Budìjovické Pøedmìstí;384178;Hradišská;è.ev.;1056;;;39701;775117.28;1126731.94;2018-01-10T00:00:00
77940211;549240;Písek;;;;;404543;Václavské Pøedmìstí;725315;Hostivítova;è.p.;430;;;39701;775872.80;1125613.59;2018-01-16T00:00:00
77940237;549240;Písek;;;;;404543;Václavské Pøedmìstí;725315;Hostivítova;è.p.;431;;;39701;775870.07;1125606.75;2018-01-16T00:00:00
77940253;549240;Písek;;;;;404543;Václavské Pøedmìstí;725315;Hostivítova;è.p.;432;;;39701;775867.32;1125600.65;2018-01-16T00:00:00
77940474;549240;Písek;;;;;404543;Václavské Pøedmìstí;725315;Hostivítova;è.p.;433;;;39701;775864.63;1125594.20;2018-01-16T00:00:00
77940725;549240;Písek;;;;;151238;Smrkovice;815888;V Rokli;è.p.;243;;;39701;774247.91;1129552.87;2018-01-16T00:00:00
78013372;549240;Písek;;;;;120901;Hradištì;678856;Okruní;è.p.;432;;;39701;775732.50;1126322.41;2018-02-13T00:00:00
78013399;549240;Písek;;;;;120901;Hradištì;678856;Okruní;è.p.;433;;;39701;775718.70;1126326.28;2018-02-13T00:00:00
78180147;549240;Písek;;;;;120901;Hradištì;798738;Cihláøská;è.p.;434;;;39701;776557.97;1126704.59;2018-03-26T00:00:00
78189837;549240;Písek;;;;;404527;Budìjovické Pøedmìstí;385522;U Semického køíe;è.p.;2697;;;39701;773100.19;1128102.21;2018-03-28T00:00:00
78211433;549240;Písek;;;;;404527;Budìjovické Pøedmìstí;384712;Pod Šobrovnou;è.p.;2700;;;39701;773105.33;1127061.22;2018-04-05T00:00:00
78256941;549240;Písek;;;;;404527;Budìjovické Pøedmìstí;676675;Na Rozhlednì;è.p.;2698;;;39701;775234.58;1126788.27;2018-04-16T00:00:00
78264685;549240;Písek;;;;;404543;Václavské Pøedmìstí;802000;Horymírova;è.p.;434;;;39701;775682.12;1125166.34;2018-04-18T00:00:00
78273994;549240;Písek;;;;;404527;Budìjovické Pøedmìstí;;;è.ev.;1057;;;39701;772347.12;1125996.49;2018-04-19T00:00:00
78331781;549240;Písek;;;;;151238;Smrkovice;;;è.ev.;128;;;39701;773435.28;1130743.67;2018-05-10T00:00:00
78335591;549240;Písek;;;;;404527;Budìjovické Pøedmìstí;384011;Hlavní nádraí;è.p.;2699;;;39701;774837.96;1127309.23;2018-05-15T00:00:00
78366291;549240;Písek;;;;;404527;Budìjovické Pøedmìstí;383724;Alšova;è.p.;2701;;;39701;774096.42;1125284.55;2018-05-24T00:00:00
78419859;549240;Písek;;;;;147231;Semice;769495;K Peckám;è.p.;192;;;39701;772152.71;1129210.00;2018-06-11T00:00:00
78420717;549240;Písek;;;;;120901;Hradištì;384089;Hùrka;è.p.;435;;;39701;776214.45;1127185.46;2018-06-13T00:00:00
78430526;549240;Písek;;;;;404519;Vnitøní Mìsto;384003;Heydukova;è.p.;187;;;39701;774251.41;1126019.91;2018-06-13T00:00:00
78455081;549240;Písek;;;;;120901;Hradištì;384194;K Lipám;è.p.;436;;;39701;775640.36;1126997.91;2018-06-21T00:00:00
78455561;549240;Písek;;;;;404527;Budìjovické Pøedmìstí;384194;K Lipám;è.p.;2702;;;39701;775564.41;1126941.97;2018-06-21T00:00:00
78471541;549240;Písek;;;;;147231;Semice;769541;Obecní;è.p.;193;;;39701;771816.69;1129171.11;2018-06-28T00:00:00
78514941;549240;Písek;;;;;151238;Smrkovice;815888;V Rokli;è.p.;245;;;39701;774254.55;1129511.63;2018-07-13T00:00:00
78515114;549240;Písek;;;;;120901;Hradištì;384801;Putimská Vysoká;è.p.;437;;;39701;775165.91;1128035.29;2018-07-13T00:00:00
78726913;549240;Písek;;;;;151238;Smrkovice;769649;Šibánky;è.p.;247;;;39701;774515.58;1129516.33;2018-10-01T00:00:00
78750075;549240;Písek;;;;;404527;Budìjovické Pøedmìstí;385310;Za Nádraím;è.p.;2703;;;39701;774930.15;1127575.32;2018-10-08T00:00:00
78858607;549240;Písek;;;;;404527;Budìjovické Pøedmìstí;384119;Jana Mukaøovského;è.p.;2705;;;39701;772985.26;1125665.03;2018-11-13T00:00:00
78874866;549240;Písek;;;;;151238;Smrkovice;;;è.ev.;129;;;39701;774299.49;1133895.05;2018-11-19T00:00:00
78900271;549240;Písek;;;;;404527;Budìjovické Pøedmìstí;384178;Hradišská;è.p.;2707;;;39701;775010.00;1126470.73;2018-11-30T00:00:00
78984394;549240;Písek;;;;;404535;Praské Pøedmìstí;676691;Èíovská;è.p.;497;;;39701;775652.24;1124244.73;2018-12-13T00:00:00
79037534;549240;Písek;;;;;404527;Budìjovické Pøedmìstí;384194;K Lipám;è.p.;2708;;;39701;775596.56;1126982.71;2019-01-09T00:00:00
79059783;549240;Písek;;;;;404527;Budìjovické Pøedmìstí;385328;Za Pazdernou;è.p.;2709;;;39701;773389.63;1125459.79;2019-01-15T00:00:00
79114202;549240;Písek;;;;;404527;Budìjovické Pøedmìstí;787817;Obchodní;è.p.;2706;;;39701;773570.15;1127493.63;2019-02-04T00:00:00
79115641;549240;Písek;;;;;151238;Smrkovice;;;è.ev.;130;;;39701;773804.77;1130171.41;2019-02-04T00:00:00
79167519;549240;Písek;;;;;404543;Václavské Pøedmìstí;725358;Neklanova;è.p.;435;;;39701;775639.63;1125380.95;2019-02-21T00:00:00
79174671;549240;Písek;;;;;404527;Budìjovické Pøedmìstí;384984;Šobrovna;è.p.;2710;;;39701;772834.32;1127232.18;2019-02-25T00:00:00
79179142;549240;Písek;;;;;404527;Budìjovické Pøedmìstí;;;è.ev.;1058;;;39701;772158.00;1126949.37;2019-02-27T00:00:00
79232299;549240;Písek;;;;;151238;Smrkovice;769606;Novodvorská;è.p.;248;;;39701;773751.73;1129661.93;2019-03-18T00:00:00
79268439;549240;Písek;;;;;404527;Budìjovické Pøedmìstí;385000;Táborská;è.p.;2712;;;39701;772195.67;1125317.79;2019-04-02T00:00:00
79302777;549240;Písek;;;;;151238;Smrkovice;;;è.ev.;131;;;39701;774435.75;1133938.09;2019-04-15T00:00:00
79302980;549240;Písek;;;;;404543;Václavské Pøedmìstí;802000;Horymírova;è.p.;436;;;39701;775716.79;1125174.97;2019-04-15T00:00:00
79351042;549240;Písek;;;;;120901;Hradištì;678856;Okruní;è.p.;438;;;39701;775936.24;1126405.01;2019-05-09T00:00:00
79358667;549240;Písek;;;;;151238;Smrkovice;769550;K Hùrkám;è.p.;249;;;39701;773977.25;1130613.97;2019-05-09T00:00:00
79367666;549240;Písek;;;;;404527;Budìjovické Pøedmìstí;384992;Švantlova;è.p.;2711;;;39701;774538.09;1126543.37;2019-05-13T00:00:00
79457649;549240;Písek;;;;;151238;Smrkovice;;;è.ev.;133;;;39701;773914.63;1129894.75;2019-06-12T00:00:00
79513204;549240;Písek;;;;;151238;Smrkovice;769576;Na Boubín;è.p.;250;;;39701;774211.72;1129748.59;2019-06-27T00:00:00
79513387;549240;Písek;;;;;120901;Hradištì;798738;Cihláøská;è.p.;439;;;39701;776530.56;1126705.80;2019-06-27T00:00:00
79571956;549240;Písek;;;;;151238;Smrkovice;;;è.ev.;132;;;39701;774455.13;1133930.04;2019-07-12T00:00:00
79572111;549240;Písek;;;;;151238;Smrkovice;;;è.ev.;134;;;39701;773612.80;1130735.72;2024-05-24T00:00:00
79640826;549240;Písek;;;;;404527;Budìjovické Pøedmìstí;384712;Pod Šobrovnou;è.p.;2713;;;39701;773095.77;1127041.76;2019-08-05T00:00:00
79656528;549240;Písek;;;;;404527;Budìjovické Pøedmìstí;384712;Pod Šobrovnou;è.p.;2714;;;39701;773086.81;1126992.61;2019-08-12T00:00:00
79684076;549240;Písek;;;;;147231;Semice;769509;K Píseckım horám;è.p.;194;;;39701;771639.85;1128263.88;2019-08-22T00:00:00
79686753;549240;Písek;;;;;404527;Budìjovické Pøedmìstí;714291;Dolní;è.p.;2715;;;39701;775008.86;1127831.39;2019-08-22T00:00:00
79833021;549240;Písek;;;;;404543;Václavské Pøedmìstí;802000;Horymírova;è.p.;437;;;39701;775739.41;1125165.89;2019-08-29T00:00:00
79833322;549240;Písek;;;;;404527;Budìjovické Pøedmìstí;384194;K Lipám;è.p.;2717;;;39701;775612.03;1127003.45;2019-08-29T00:00:00
79906036;549240;Písek;;;;;147231;Semice;815870;U Hromadištì;è.p.;195;;;39701;772429.53;1129254.40;2019-09-24T00:00:00
79906079;549240;Písek;;;;;120901;Hradištì;678856;Okruní;è.p.;440;;;39701;775921.06;1126382.25;2019-09-24T00:00:00
79924093;549240;Písek;;;;;151238;Smrkovice;;;è.ev.;135;;;39701;773955.70;1129766.45;2019-09-30T00:00:00
79993737;549240;Písek;;;;;404527;Budìjovické Pøedmìstí;384712;Pod Šobrovnou;è.p.;2716;;;39701;773118.18;1126988.88;2019-10-24T00:00:00
79994296;549240;Písek;;;;;404527;Budìjovické Pøedmìstí;384984;Šobrovna;è.p.;2718;;;39701;773045.57;1127011.71;2019-10-24T00:00:00
79994351;549240;Písek;;;;;120901;Hradištì;798738;Cihláøská;è.p.;441;;;39701;776503.41;1126745.66;2019-10-24T00:00:00
79994628;549240;Písek;;;;;404543;Václavské Pøedmìstí;725366;Nezamyslova;è.p.;438;;;39701;775652.19;1125222.64;2019-10-24T00:00:00
80014712;549240;Písek;;;;;404527;Budìjovické Pøedmìstí;384917;Srnkovna;è.p.;2719;;;39701;772702.51;1125112.85;2019-11-04T00:00:00
80153755;549240;Písek;;;;;404527;Budìjovické Pøedmìstí;384305;Komenského;è.p.;2720;;;39701;774023.93;1126184.71;2020-02-28T00:00:00
80159966;549240;Písek;;;;;151238;Smrkovice;385310;Za Nádraím;è.p.;251;;;39701;774789.17;1128075.58;2019-12-11T00:00:00
80161987;549240;Písek;;;;;120901;Hradištì;384208;K Vápenici;è.p.;442;;;39701;776486.19;1127023.62;2019-12-11T00:00:00
80173098;549240;Písek;;;;;404543;Václavské Pøedmìstí;801984;Bruncvíkova;è.p.;439;;;39701;775832.84;1125083.37;2019-12-13T00:00:00
80201300;549240;Písek;;;;;120901;Hradištì;384241;Ke Støelnici;è.p.;444;;;39701;776236.99;1126814.94;2019-12-20T00:00:00
80202438;549240;Písek;;;;;404527;Budìjovické Pøedmìstí;;;è.p.;2721;;;39701;773253.04;1125461.35;2019-12-20T00:00:00
80206913;549240;Písek;;;;;120901;Hradištì;798746;Karla Boromejského;è.p.;443;;;39701;776600.77;1126786.63;2019-12-23T00:00:00
80211933;549240;Písek;;;;;404527;Budìjovické Pøedmìstí;384712;Pod Šobrovnou;è.p.;2722;;;39701;773124.91;1127051.25;2020-01-02T00:00:00
80212182;549240;Písek;;;;;151238;Smrkovice;;;è.ev.;136;;;39701;774065.50;1134071.26;2020-01-02T00:00:00
80266649;549240;Písek;;;;;120901;Hradištì;384054;Hradištì;è.p.;445;;;39701;776208.26;1127488.32;2020-01-20T00:00:00
80275273;549240;Písek;;;;;147231;Semice;2287021;Pod Vlèicí;è.p.;196;;;39701;771954.89;1129027.37;2020-01-22T00:00:00
80276229;549240;Písek;;;;;404527;Budìjovické Pøedmìstí;;;è.ev.;1059;;;39701;772680.10;1128004.95;2020-01-22T00:00:00
80324754;549240;Písek;;;;;404527;Budìjovické Pøedmìstí;385310;Za Nádraím;è.p.;2723;;;39701;774693.31;1127797.24;2020-02-05T00:00:00
80324771;549240;Písek;;;;;404527;Budìjovické Pøedmìstí;385310;Za Nádraím;è.p.;2724;;;39701;774727.58;1127813.68;2020-02-05T00:00:00
80366236;549240;Písek;;;;;404527;Budìjovické Pøedmìstí;384585;Nádraní;è.p.;2725;;;39701;774626.67;1127120.89;2020-10-27T00:00:00
80474926;549240;Písek;;;;;404535;Praské Pøedmìstí;384437;Na Jihru;è.p.;500;;;39701;774475.26;1124843.04;2020-03-11T00:00:00
80475043;549240;Písek;;;;;404535;Praské Pøedmìstí;384437;Na Jihru;è.p.;499;;;39701;774454.92;1124815.53;2020-03-11T00:00:00
80475108;549240;Písek;;;;;404535;Praské Pøedmìstí;384437;Na Jihru;è.p.;498;;;39701;774488.96;1124790.67;2020-03-11T00:00:00
80479197;549240;Písek;;;;;404527;Budìjovické Pøedmìstí;;;è.ev.;1060;;;39701;772183.88;1125733.82;2020-03-16T00:00:00
80496253;549240;Písek;;;;;147231;Semice;769487;Ke Køíku;è.p.;197;;;39701;772461.10;1129274.25;2020-03-19T00:00:00
80534911;549240;Písek;;;;;404527;Budìjovické Pøedmìstí;;;è.ev.;1061;;;39701;772290.90;1126978.22;2020-04-09T00:00:00
80761895;549240;Písek;;;;;404535;Praské Pøedmìstí;384437;Na Jihru;è.p.;501;;;39701;774474.96;1124772.95;2020-06-04T00:00:00
80763928;549240;Písek;;;;;404527;Budìjovické Pøedmìstí;384496;Na Ptáèkovnì;è.p.;2726;;;39701;772275.90;1125197.31;2020-06-04T00:00:00
80833926;549240;Písek;;;;;151238;Smrkovice;;;è.ev.;137;;;39701;774777.85;1131043.59;2020-06-18T00:00:00
80943772;549240;Písek;;;;;404543;Václavské Pøedmìstí;725358;Neklanova;è.p.;440;;;39701;775704.84;1125241.95;2020-07-14T00:00:00
81001860;549240;Písek;;;;;404527;Budìjovické Pøedmìstí;;;è.ev.;1062;;;39701;772714.24;1128017.11;2020-07-22T00:00:00
81068395;549240;Písek;;;;;147231;Semice;769541;Obecní;è.p.;198;;;39701;772347.56;1128850.06;2020-09-14T00:00:00
81092261;549240;Písek;;;;;147231;Semice;;;è.ev.;103;;;39701;771633.24;1128246.97;2020-08-24T00:00:00
81129661;549240;Písek;;;;;404543;Václavské Pøedmìstí;725358;Neklanova;è.p.;441;;;39701;775669.23;1125376.13;2020-09-17T00:00:00
81149727;549240;Písek;;;;;404527;Budìjovické Pøedmìstí;;;è.ev.;1063;;;39701;772410.72;1124842.36;2020-09-18T00:00:00
81210221;549240;Písek;;;;;404527;Budìjovické Pøedmìstí;;;è.ev.;1064;;;39701;772263.51;1127036.95;2020-10-21T00:00:00
81210370;549240;Písek;;;;;404527;Budìjovické Pøedmìstí;385484;U Honzíèka;è.ev.;1065;;;39701;771933.70;1125773.87;2020-10-21T00:00:00
81211317;549240;Písek;;;;;120901;Hradištì;798738;Cihláøská;è.p.;446;;;39701;776556.91;1126678.18;2020-10-21T00:00:00
81211406;549240;Písek;;;;;120901;Hradištì;798738;Cihláøská;è.p.;447;;;39701;776572.19;1126675.01;2020-10-21T00:00:00
81290594;549240;Písek;;;;;151238;Smrkovice;769657;Teplárenská;è.p.;252;;;39701;774118.01;1128923.35;2020-11-19T00:00:00
81344783;549240;Písek;;;;;404527;Budìjovické Pøedmìstí;384194;K Lipám;è.p.;2727;;;39701;775457.89;1126822.06;2020-12-10T00:00:00
81391919;549240;Písek;;;;;151238;Smrkovice;769576;Na Boubín;è.p.;253;;;39701;774387.92;1129920.14;2020-12-22T00:00:00
81429703;549240;Písek;;;;;404527;Budìjovické Pøedmìstí;384461;Na Pahorku;è.p.;2728;;;39701;775363.84;1126593.71;2021-01-14T00:00:00
81452543;549240;Písek;;;;;147231;Semice;769541;Obecní;è.p.;199;;;39701;772576.49;1128850.74;2021-01-27T00:00:00
81467621;549240;Písek;;;;;404527;Budìjovické Pøedmìstí;384194;K Lipám;è.p.;2729;;;39701;775438.42;1126805.14;2021-01-29T00:00:00
81484607;549240;Písek;;;;;147231;Semice;769525;Na Staré silnici;è.p.;200;;;39701;772470.35;1129330.77;2021-02-05T00:00:00
81615809;549240;Písek;;;;;404527;Budìjovické Pøedmìstí;;;è.ev.;1066;;;39701;772030.11;1127095.30;2021-03-31T00:00:00
81707495;549240;Písek;;;;;404527;Budìjovické Pøedmìstí;384178;Hradišská;è.p.;2731;;;39701;775048.06;1126656.25;2021-04-23T00:00:00
81714866;549240;Písek;;;;;404527;Budìjovické Pøedmìstí;384194;K Lipám;è.p.;2732;;;39701;775421.03;1126834.02;2021-04-26T00:00:00
81714882;549240;Písek;;;;;404527;Budìjovické Pøedmìstí;384194;K Lipám;è.p.;2733;;;39701;775409.44;1126860.49;2021-04-26T00:00:00
81745061;549240;Písek;;;;;151238;Smrkovice;;;è.ev.;139;;;39701;773894.44;1129889.11;2021-04-27T00:00:00
81845375;549240;Písek;;;;;404543;Václavské Pøedmìstí;801984;Bruncvíkova;è.p.;442;;;39701;775815.24;1125092.92;2021-05-26T00:00:00
81852622;549240;Písek;;;;;120901;Hradištì;798738;Cihláøská;è.p.;448;;;39701;776596.10;1126739.12;2021-05-31T00:00:00
81913681;549240;Písek;;;;;404527;Budìjovické Pøedmìstí;384151;Jiøího Srnky;è.p.;2734;;;39701;772962.85;1125604.72;2021-06-21T00:00:00
81915683;549240;Písek;;;;;151238;Smrkovice;769657;Teplárenská;è.p.;254;;;39701;774183.01;1128861.97;2021-07-19T00:00:00
81940696;549240;Písek;;;;;404527;Budìjovické Pøedmìstí;384194;K Lipám;è.p.;2735;;;39701;775554.23;1126914.97;2021-07-04T00:00:00
81960735;549240;Písek;;;;;404527;Budìjovické Pøedmìstí;385174;U Vodáka;è.p.;2736;;;39701;772297.00;1126275.98;2021-07-14T00:00:00
81967276;549240;Písek;;;;;404527;Budìjovické Pøedmìstí;384712;Pod Šobrovnou;è.p.;2737;;;39701;773189.36;1126995.03;2021-07-15T00:00:00
81985878;549240;Písek;;;;;404527;Budìjovické Pøedmìstí;385395;Zeyerova;è.p.;2738;;;39701;774521.50;1126573.94;2021-08-02T00:00:00
82055050;549240;Písek;;;;;147231;Semice;769495;K Peckám;è.p.;201;;;39701;772161.09;1129165.71;2021-08-31T00:00:00
82091048;549240;Písek;;;;;404543;Václavské Pøedmìstí;725382;Vojenova;è.p.;443;;;39701;775821.64;1125561.93;2021-09-10T00:00:00
82091081;549240;Písek;;;;;404543;Václavské Pøedmìstí;725382;Vojenova;è.p.;444;;;39701;775814.35;1125564.45;2021-09-10T00:00:00
82091102;549240;Písek;;;;;404543;Václavské Pøedmìstí;725382;Vojenova;è.p.;445;;;39701;775808.14;1125566.45;2021-09-10T00:00:00
82091145;549240;Písek;;;;;404543;Václavské Pøedmìstí;725382;Vojenova;è.p.;446;;;39701;775801.92;1125568.42;2021-09-10T00:00:00
82091161;549240;Písek;;;;;404543;Václavské Pøedmìstí;725382;Vojenova;è.p.;447;;;39701;775795.77;1125570.37;2021-09-10T00:00:00
82091200;549240;Písek;;;;;404543;Václavské Pøedmìstí;725382;Vojenova;è.p.;448;;;39701;775788.86;1125572.77;2021-09-10T00:00:00
82091421;549240;Písek;;;;;151238;Smrkovice;;;è.ev.;141;;;39701;773843.83;1129250.00;2021-09-10T00:00:00
82101108;549240;Písek;;;;;120901;Hradištì;678856;Okruní;è.p.;449;;;39701;775922.72;1126426.06;2021-09-14T00:00:00
82101281;549240;Písek;;;;;120901;Hradištì;798738;Cihláøská;è.p.;450;;;39701;776570.52;1126740.25;2021-09-14T00:00:00
82101663;549240;Písek;;;;;147231;Semice;769541;Obecní;è.p.;202;;;39701;771830.29;1129148.90;2021-09-14T00:00:00
82136301;549240;Písek;;;;;120901;Hradištì;384518;Na Ryšavce;è.p.;451;;;39701;776004.71;1126629.60;2022-12-14T00:00:00
82140472;549240;Písek;;;;;404527;Budìjovické Pøedmìstí;799327;Havelkova;è.p.;2730;;;39701;773339.59;1127235.94;2021-09-29T00:00:00
82150494;549240;Písek;;;;;151238;Smrkovice;;;è.p.;255;;;39701;773521.64;1128579.17;2021-10-12T00:00:00
82159149;549240;Písek;;;;;404527;Budìjovické Pøedmìstí;;;è.ev.;1067;;;39701;772088.38;1126951.43;2021-10-05T00:00:00
82178569;549240;Písek;;;;;151238;Smrkovice;;;è.ev.;140;;;39701;773914.99;1129935.84;2021-10-12T00:00:00
82239100;549240;Písek;;;;;404527;Budìjovické Pøedmìstí;799351;Prùbìná;è.p.;2739;;;39701;773647.85;1127296.78;2021-11-04T00:00:00
82242127;549240;Písek;;;;;404543;Václavské Pøedmìstí;725358;Neklanova;è.p.;449;;;39701;775738.87;1125251.36;2021-11-05T00:00:00
82308195;549240;Písek;;;;;404527;Budìjovické Pøedmìstí;384194;K Lipám;è.p.;2741;;;39701;775505.32;1126859.47;2021-12-01T00:00:00
82308501;549240;Písek;;;;;404527;Budìjovické Pøedmìstí;384194;K Lipám;è.p.;2740;;;39701;775474.81;1126840.70;2021-12-01T00:00:00
82308586;549240;Písek;;;;;404527;Budìjovické Pøedmìstí;384194;K Lipám;è.p.;2742;;;39701;775458.25;1126863.76;2021-12-01T00:00:00
82308632;549240;Písek;;;;;404527;Budìjovické Pøedmìstí;384194;K Lipám;è.p.;2743;;;39701;775439.54;1126870.26;2021-12-01T00:00:00
82308900;549240;Písek;;;;;404527;Budìjovické Pøedmìstí;384194;K Lipám;è.p.;2744;;;39701;775411.74;1126879.67;2021-12-01T00:00:00
82331499;549240;Písek;;;;;404543;Václavské Pøedmìstí;725340;Mnatova;è.p.;450;;;39701;775554.78;1125655.55;2021-12-16T00:00:00
82341877;549240;Písek;;;;;120901;Hradištì;714267;Šumavská;è.p.;452;;;39701;775124.27;1127870.12;2021-12-16T00:00:00
82458651;549240;Písek;;;;;404543;Václavské Pøedmìstí;725358;Neklanova;è.p.;451;;;39701;775673.97;1125235.83;2022-01-13T00:00:00
82587884;549240;Písek;;;;;404527;Budìjovické Pøedmìstí;;;è.ev.;1068;;;39701;772692.82;1125321.74;2022-01-28T00:00:00
82611874;549240;Písek;;;;;404527;Budìjovické Pøedmìstí;;;è.ev.;1069;;;39701;772507.90;1124818.74;2022-02-04T00:00:00
82621501;549240;Písek;;;;;404527;Budìjovické Pøedmìstí;;;è.ev.;1070;;;39701;772172.97;1127092.37;2022-02-09T00:00:00
82628441;549240;Písek;;;;;151238;Smrkovice;769592;Na Nové;è.p.;256;;;39701;774257.04;1128950.79;2022-02-11T00:00:00
82640483;549240;Písek;;;;;151238;Smrkovice;;;è.ev.;142;;;39701;775288.00;1133389.75;2022-02-14T00:00:00
82893438;549240;Písek;;;;;147231;Semice;769487;Ke Køíku;è.p.;204;;;39701;772463.51;1129301.16;2022-05-06T00:00:00
82895414;549240;Písek;;;;;404527;Budìjovické Pøedmìstí;384836;Rokycanova;è.p.;2745;;;39701;773759.76;1126036.76;2022-04-25T00:00:00
82924759;549240;Písek;;;;;147231;Semice;2287021;Pod Vlèicí;è.p.;205;;;39701;772045.41;1128992.69;2022-05-04T00:00:00
83036636;549240;Písek;;;;;120901;Hradištì;384054;Hradištì;è.p.;453;;;39701;776366.81;1127267.23;2022-06-13T00:00:00
83160680;549240;Písek;;;;;404527;Budìjovické Pøedmìstí;384828;Roháèova;è.p.;2746;;;39701;773883.83;1126127.63;2022-07-26T00:00:00
83215247;549240;Písek;;;;;151238;Smrkovice;769614;Polní;è.p.;258;;;39701;774500.88;1129329.64;2022-08-15T00:00:00
83254536;549240;Písek;;;;;404535;Praské Pøedmìstí;;;è.ev.;108;;;39701;774738.27;1123689.01;2022-09-02T00:00:00
83255095;549240;Písek;;;;;404535;Praské Pøedmìstí;;;è.ev.;109;;;39701;774746.79;1123696.58;2022-09-02T00:00:00
83280464;549240;Písek;;;;;151238;Smrkovice;;;è.ev.;138;;;39701;774086.17;1134071.68;2022-09-12T00:00:00
83304169;549240;Písek;;;;;404527;Budìjovické Pøedmìstí;;;è.ev.;1071;;;39701;772470.19;1127768.85;2022-09-26T00:00:00
83317635;549240;Písek;;;;;120901;Hradištì;384518;Na Ryšavce;è.p.;454;;;39701;775854.43;1126646.01;2022-09-26T00:00:00
83331972;549240;Písek;;;;;404527;Budìjovické Pøedmìstí;385441;Samoty;è.p.;2747;;;39701;773159.95;1125096.50;2022-10-10T00:00:00
83356711;549240;Písek;;;;;120901;Hradištì;385492;U Hradišského lesa;è.p.;455;;;39701;775994.60;1126252.65;2022-10-18T00:00:00
83859306;549240;Písek;;;;;404527;Budìjovické Pøedmìstí;385107;U Høebèince;è.p.;2748;;;39701;773295.83;1127524.43;2022-10-24T00:00:00
84233672;549240;Písek;;;;;404527;Budìjovické Pøedmìstí;;;è.ev.;1072;;;39701;773409.06;1124518.35;2022-11-03T00:00:00
84592346;549240;Písek;;;;;151238;Smrkovice;769606;Novodvorská;è.p.;259;;;39701;773687.42;1129712.06;2022-12-05T00:00:00
84661771;549240;Písek;;;;;147231;Semice;3148271;U Staré školy;è.p.;206;;;39701;772428.04;1128990.31;2023-01-02T00:00:00
84916532;549240;Písek;;;;;151238;Smrkovice;;;è.ev.;144;;;39701;773816.06;1130187.32;2023-01-31T00:00:00
84924977;549240;Písek;;;;;404535;Praské Pøedmìstí;383881;Dobešická;è.p.;502;;;39701;776168.12;1124162.11;2023-02-02T00:00:00
84932821;549240;Písek;;;;;404535;Praské Pøedmìstí;384437;Na Jihru;è.p.;503;;;39701;774411.26;1124777.43;2023-02-06T00:00:00
84932881;549240;Písek;;;;;120901;Hradištì;798738;Cihláøská;è.p.;456;;;39701;776549.89;1126738.94;2023-02-06T00:00:00
84932929;549240;Písek;;;;;404543;Václavské Pøedmìstí;385301;Vratislavova;è.p.;453;;;39701;776116.47;1125627.27;2023-02-06T00:00:00
84944226;549240;Písek;;;;;404535;Praské Pøedmìstí;385166;Pod Portyèskımi skalami;è.p.;504;;;39701;773861.59;1125003.42;2023-02-09T00:00:00
84948973;549240;Písek;;;;;404543;Václavské Pøedmìstí;725331;Køesomyslova;è.p.;452;;;39701;775645.86;1125464.42;2023-02-09T00:00:00
84970952;549240;Písek;;;;;404527;Budìjovické Pøedmìstí;384143;Jiráskovo nábø.;è.p.;2749;;;39701;774348.95;1125070.40;2023-02-20T00:00:00
84981431;549240;Písek;;;;;120901;Hradištì;384194;K Lipám;è.p.;457;;;39701;775661.62;1127064.48;2023-02-22T00:00:00
85018830;549240;Písek;;;;;151238;Smrkovice;769614;Polní;è.p.;260;;;39701;774470.05;1129335.55;2023-03-13T00:00:00
85021059;549240;Písek;;;;;147231;Semice;769525;Na Staré silnici;è.p.;207;;;39701;772781.81;1128656.41;2023-03-13T00:00:00
85044091;549240;Písek;;;;;147231;Semice;815870;U Hromadištì;è.p.;203;;;39701;772387.11;1129018.27;2023-03-22T00:00:00
85145246;549240;Písek;;;;;120901;Hradištì;799246;Louèky;è.p.;458;;;39701;776093.99;1127117.52;2023-04-28T00:00:00
85156914;549240;Písek;;;;;404527;Budìjovické Pøedmìstí;384828;Roháèova;è.p.;2751;;;39701;773732.33;1126209.77;2023-05-04T00:00:00
85157236;549240;Písek;;;;;404527;Budìjovické Pøedmìstí;385395;Zeyerova;è.p.;2750;;;39701;774495.79;1126575.82;2023-05-04T00:00:00
85230529;549240;Písek;;;;;151238;Smrkovice;769568;K Putimi;è.p.;261;;;39701;774439.38;1129040.29;2023-05-22T00:00:00
85230545;549240;Písek;;;;;151238;Smrkovice;769568;K Putimi;è.p.;262;;;39701;774419.20;1129041.89;2023-05-22T00:00:00
85300811;549240;Písek;;;;;147231;Semice;769541;Obecní;è.p.;208;;;39701;772006.49;1129182.39;2023-06-16T00:00:00
85324108;549240;Písek;;;;;404527;Budìjovické Pøedmìstí;714267;Šumavská;è.p.;2752;;;39701;774942.78;1127611.95;2023-06-27T00:00:00
85324281;549240;Písek;;;;;404527;Budìjovické Pøedmìstí;799351;Prùbìná;è.p.;2753;;;39701;773581.63;1127358.31;2023-10-23T00:00:00
85390577;549240;Písek;;;;;404527;Budìjovické Pøedmìstí;;;è.ev.;1073;;;39701;772165.09;1127098.80;2023-08-01T00:00:00
85406813;549240;Písek;;;;;404543;Václavské Pøedmìstí;385263;Václavské nám.;è.p.;454;;;39701;775454.08;1125661.04;2023-08-08T00:00:00
85427136;549240;Písek;;;;;404543;Václavské Pøedmìstí;383767;Boøivojova;è.p.;455;;;39701;775513.00;1125874.89;2023-08-18T00:00:00
85543683;549240;Písek;;;;;120901;Hradištì;384194;K Lipám;è.p.;459;;;39701;775668.44;1126985.08;2023-08-29T00:00:00
85580783;549240;Písek;;;;;151238;Smrkovice;769614;Polní;è.p.;263;;;39701;774500.65;1129293.27;2023-09-07T00:00:00
85588393;549240;Písek;;;;;404543;Václavské Pøedmìstí;725315;Hostivítova;è.p.;456;;;39701;775733.45;1125131.57;2023-09-12T00:00:00
85617008;549240;Písek;;;;;404527;Budìjovické Pøedmìstí;385085;Tylova;è.p.;2754;;;39701;773988.68;1125997.76;2023-09-26T00:00:00
85632252;549240;Písek;;;;;120901;Hradištì;;;è.ev.;108;;;39701;776739.87;1127434.45;2023-10-03T00:00:00
85647691;549240;Písek;;;;;147231;Semice;3148271;U Staré školy;è.p.;209;;;39701;772405.03;1129060.54;2023-10-09T00:00:00
85717193;549240;Písek;;;;;147231;Semice;3148271;U Staré školy;è.p.;210;;;39701;772404.45;1129023.95;2023-10-31T00:00:00
85718033;549240;Písek;;;;;404527;Budìjovické Pøedmìstí;384151;Jiøího Srnky;è.p.;2704;;;39701;773040.06;1125648.01;2023-10-31T00:00:00
85756199;549240;Písek;;;;;151238;Smrkovice;769576;Na Boubín;è.p.;264;;;39701;774321.27;1129930.98;2023-11-14T00:00:00
85788465;549240;Písek;;;;;151238;Smrkovice;;;è.ev.;145;;;39701;774025.17;1134077.50;2023-11-27T00:00:00
85850926;549240;Písek;;;;;404535;Praské Pøedmìstí;384739;Praská;è.p.;505;;;39701;774700.80;1125717.36;2023-12-11T00:00:00
85864269;549240;Písek;;;;;151238;Smrkovice;;;è.ev.;146;;;39701;775220.65;1133423.27;2023-12-13T00:00:00
85938432;549240;Písek;;;;;404527;Budìjovické Pøedmìstí;;;è.ev.;1074;;;39701;772271.14;1127088.28;2024-01-19T00:00:00
85959758;549240;Písek;;;;;120901;Hradištì;798746;Karla Boromejského;è.p.;460;;;39701;776631.13;1126857.95;2024-03-06T00:00:00
85971618;549240;Písek;;;;;404535;Praské Pøedmìstí;;;è.ev.;110;;;39701;773785.39;1124176.65;2024-02-02T00:00:00
86013696;549240;Písek;;;;;151238;Smrkovice;;;è.ev.;148;;;39701;775298.95;1133403.02;2024-02-19T00:00:00
86014234;549240;Písek;;;;;147231;Semice;3148271;U Staré školy;è.p.;211;;;39701;772516.40;1129141.55;2024-02-19T00:00:00
86039946;549240;Písek;;;;;151238;Smrkovice;;;è.ev.;147;;;39701;774337.17;1133961.91;2024-03-01T00:00:00
86049321;549240;Písek;;;;;404527;Budìjovické Pøedmìstí;384577;nábøeí 1. máje;è.p.;2755;;;39701;774356.54;1125773.78;2024-03-25T00:00:00
86053604;549240;Písek;;;;;147222;Novı Dvùr;;;è.ev.;104;;;39701;770961.21;1132034.15;2024-03-07T00:00:00
86150049;549240;Písek;;;;;151238;Smrkovice;769568;K Putimi;è.p.;265;;;39701;774370.62;1129010.85;2024-05-22T00:00:00
86205129;549240;Písek;;;;;404527;Budìjovické Pøedmìstí;;;è.ev.;1075;;;39701;772521.86;1126138.47;2024-05-17T00:00:00
86210891;549240;Písek;;;;;151238;Smrkovice;;;è.ev.;150;;;39701;773492.38;1130741.77;2024-05-22T00:00:00
86255371;549240;Písek;;;;;404527;Budìjovické Pøedmìstí;;;è.ev.;1076;;;39701;774934.63;1127532.31;2024-06-07T00:00:00
86255525;549240;Písek;;;;;147231;Semice;3148271;U Staré školy;è.p.;212;;;39701;772431.23;1129021.96;2024-06-07T00:00:00
86255851;549240;Písek;;;;;404527;Budìjovické Pøedmìstí;385000;Táborská;è.p.;2756;;;39701;772735.44;1125186.76;2024-06-17T00:00:00
86319027;549240;Písek;;;;;151238;Smrkovice;;;è.ev.;151;;;39701;773602.55;1130696.40;2024-07-02T00:00:00
86422715;549240;Písek;;;;;404527;Budìjovické Pøedmìstí;;;è.ev.;1080;;;39701;773471.92;1124606.37;2024-07-26T00:00:00
86422774;549240;Písek;;;;;404527;Budìjovické Pøedmìstí;;;è.ev.;1078;;;39701;772056.21;1127013.89;2024-07-26T00:00:00
86423134;549240;Písek;;;;;404527;Budìjovické Pøedmìstí;;;è.ev.;1077;;;39701;772055.83;1127010.02;2024-07-26T00:00:00
86423754;549240;Písek;;;;;147231;Semice;383945;Flekaèky;è.p.;213;;;39701;771487.24;1128246.51;2024-07-26T00:00:00
86423975;549240;Písek;;;;;404527;Budìjovické Pøedmìstí;;;è.ev.;1079;;;39701;771968.65;1125719.05;2024-07-26T00:00:00
86469711;549240;Písek;;;;;404535;Praské Pøedmìstí;;;è.ev.;111;;;39701;774773.36;1123688.90;2024-08-19T00:00:00
86510053;549240;Písek;;;;;404527;Budìjovické Pøedmìstí;;;è.ev.;1081;;;39701;772287.69;1127047.92;2024-09-13T00:00:00
86598864;549240;Písek;;;;;404527;Budìjovické Pøedmìstí;;;è.ev.;1082;;;39701;772512.01;1126066.19;2024-10-31T00:00:00
86619276;549240;Písek;;;;;404543;Václavské Pøedmìstí;725315;Hostivítova;è.p.;457;;;39701;775711.42;1125129.36;2024-11-11T00:00:00
86686593;549240;Písek;;;;;404527;Budìjovické Pøedmìstí;;;è.ev.;1083;;;39701;772489.12;1127885.63;2024-12-10T00:00:00
86759655;549240;Písek;;;;;147231;Semice;769525;Na Staré silnici;è.p.;214;;;39701;772756.82;1128739.29;2025-01-27T00:00:00
86806360;549240;Písek;;;;;120901;Hradištì;3509567;Luèní;è.p.;461;;;39701;775181.80;1128021.91;2025-02-11T00:00:00
86811398;549240;Písek;;;;;147231;Semice;3148271;U Staré školy;è.p.;215;;;39701;772443.80;1129134.43;2025-02-13T00:00:00
86832492;549240;Písek;;;;;120901;Hradištì;3625800;Františka Filipa;è.p.;462;;;39701;775995.64;1126563.81;2025-02-26T00:00:00
86863495;549240;Písek;;;;;404543;Václavské Pøedmìstí;725315;Hostivítova;è.p.;458;;;39701;775774.30;1125124.33;2025-03-13T00:00:00
86917722;549240;Písek;;;;;404535;Praské Pøedmìstí;384437;Na Jihru;è.p.;507;;;39701;774389.61;1124742.24;2025-03-25T00:00:00
86919881;549240;Písek;;;;;151238;Smrkovice;;;è.ev.;149;;;39701;773911.39;1129882.15;2025-03-26T00:00:00
86957775;549240;Písek;;;;;404535;Praské Pøedmìstí;384437;Na Jihru;è.p.;506;;;39701;774432.46;1124731.96;2025-03-31T00:00:00
86978217;549240;Písek;;;;;404527;Budìjovické Pøedmìstí;384798;Putimská;è.p.;2757;;;39701;774485.79;1126366.11;2025-04-11T00:00:00
86992422;549240;Písek;;;;;404519;Vnitøní Mìsto;384593;Palackého sady;è.p.;188;;;39701;774179.14;1126030.98;2025-04-23T00:00:00
87003406;549240;Písek;;;;;151238;Smrkovice;769657;Teplárenská;è.p.;266;;;39701;774164.71;1128788.97;2025-04-29T00:00:00
87057590;549240;Písek;;;;;147231;Semice;3148271;U Staré školy;è.p.;216;;;39701;772504.26;1129164.18;2025-05-28T00:00:00
87058651;549240;Písek;;;;;404535;Praské Pøedmìstí;796671;Vladislavova;è.p.;508;;;39701;774948.11;1125442.13;2026-01-12T00:00:00
87167417;549240;Písek;;;;;404543;Václavské Pøedmìstí;725323;Krokova;è.p.;459;;;39701;775705.15;1125595.16;2025-07-10T00:00:00
87167531;549240;Písek;;;;;404543;Václavské Pøedmìstí;725323;Krokova;è.p.;460;;;39701;775701.87;1125586.47;2025-07-10T00:00:00
87167573;549240;Písek;;;;;404543;Václavské Pøedmìstí;725323;Krokova;è.p.;461;;;39701;775699.12;1125580.55;2025-07-10T00:00:00
87167620;549240;Písek;;;;;404543;Václavské Pøedmìstí;725323;Krokova;è.p.;462;;;39701;775697.95;1125577.91;2025-07-10T00:00:00
87168197;549240;Písek;;;;;404543;Václavské Pøedmìstí;725323;Krokova;è.p.;463;;;39701;775693.84;1125567.60;2025-07-10T00:00:00
87281945;549240;Písek;;;;;151238;Smrkovice;769649;Šibánky;è.p.;267;;;39701;774505.79;1129405.97;2025-09-17T00:00:00
87308584;549240;Písek;;;;;404527;Budìjovické Pøedmìstí;384828;Roháèova;è.p.;2758;;;39701;773901.18;1126118.79;2025-10-06T00:00:00
87332329;549240;Písek;;;;;120901;Hradištì;798746;Karla Boromejského;è.p.;463;;;39701;776610.40;1126822.30;2025-10-20T00:00:00
87341573;549240;Písek;;;;;151238;Smrkovice;;;è.ev.;153;;;39701;774811.36;1133883.46;2025-10-24T00:00:00
87394821;549240;Písek;;;;;151238;Smrkovice;;;è.ev.;152;;;39701;774601.77;1129415.30;2025-11-10T00:00:00
87420112;549240;Písek;;;;;120901;Hradištì;;;è.p.;464;;;39701;775873.68;1127187.77;2025-11-19T00:00:00
87420228;549240;Písek;;;;;120901;Hradištì;;;è.p.;465;;;39701;775945.89;1127223.06;2025-11-19T00:00:00
87532867;549240;Písek;;;;;404527;Budìjovické Pøedmìstí;714291;Dolní;è.p.;2759;;;39701;775097.84;1127777.55;2026-01-19T00:00:00
87537389;549240;Písek;;;;;120901;Hradištì;384518;Na Ryšavce;è.p.;466;;;39701;776010.94;1126638.96;2025-12-18T00:00:00
87565692;549240;Písek;;;;;151238;Smrkovice;769550;K Hùrkám;è.p.;268;;;39701;773990.07;1130361.50;2026-01-12T00:00:00
87590433;549240;Písek;;;;;120901;Hradištì;678856;Okruní;è.p.;467;;;39701;775912.85;1126358.03;2026-01-22T00:00:00
