Kód ADM;Kód obce;Název obce;Kód MOMC;Název MOMC;Kód obvodu Prahy;Název obvodu Prahy;Kód èásti obce;Název èásti obce;Kód ulice;Název ulice;Typ SO;Èíslo domovní;Èíslo orientaèní;Znak èísla orientaèního;PSÈ;Souøadnice Y;Souøadnice X;Platí Od
3394565;595209;Žïár nad Sázavou;;;;;125521;Stržanov;;;è.p.;1;;;59102;641633.16;1110737.85;2013-12-05T00:00:00
3394573;595209;Žïár nad Sázavou;;;;;125521;Stržanov;;;è.p.;2;;;59102;641593.24;1110682.25;2013-12-05T00:00:00
3394581;595209;Žïár nad Sázavou;;;;;125521;Stržanov;;;è.p.;3;;;59102;641568.83;1110666.47;2013-12-05T00:00:00
3394590;595209;Žïár nad Sázavou;;;;;125521;Stržanov;;;è.p.;4;;;59102;641555.56;1110648.63;2013-12-05T00:00:00
3394603;595209;Žïár nad Sázavou;;;;;125521;Stržanov;;;è.p.;5;;;59102;641527.01;1110631.51;2013-12-05T00:00:00
3394611;595209;Žïár nad Sázavou;;;;;125521;Stržanov;;;è.p.;6;;;59102;641516.90;1110594.51;2013-12-05T00:00:00
3394620;595209;Žïár nad Sázavou;;;;;125521;Stržanov;;;è.p.;7;;;59102;641477.06;1110568.09;2013-12-05T00:00:00
3394638;595209;Žïár nad Sázavou;;;;;125521;Stržanov;;;è.p.;8;;;59102;641471.66;1110542.57;2013-12-05T00:00:00
3394646;595209;Žïár nad Sázavou;;;;;125521;Stržanov;;;è.p.;9;;;59102;641476.05;1110518.93;2013-12-05T00:00:00
3394654;595209;Žïár nad Sázavou;;;;;125521;Stržanov;;;è.p.;10;;;59102;641454.49;1110514.30;2013-12-05T00:00:00
3394662;595209;Žïár nad Sázavou;;;;;125521;Stržanov;;;è.p.;11;;;59102;641383.77;1110601.51;2013-12-05T00:00:00
3394671;595209;Žïár nad Sázavou;;;;;125521;Stržanov;;;è.p.;12;;;59102;641381.94;1110580.35;2013-12-05T00:00:00
3394689;595209;Žïár nad Sázavou;;;;;125521;Stržanov;;;è.p.;13;;;59102;641424.86;1110532.25;2013-12-05T00:00:00
3394697;595209;Žïár nad Sázavou;;;;;125521;Stržanov;;;è.p.;14;;;59102;641380.37;1110549.78;2013-12-05T00:00:00
3394701;595209;Žïár nad Sázavou;;;;;125521;Stržanov;;;è.p.;15;;;59102;641401.92;1110494.22;2013-12-05T00:00:00
3394719;595209;Žïár nad Sázavou;;;;;125521;Stržanov;;;è.p.;16;;;59102;641402.23;1110478.30;2013-12-05T00:00:00
3394727;595209;Žïár nad Sázavou;;;;;125521;Stržanov;;;è.p.;17;;;59102;641333.22;1110445.83;2013-12-05T00:00:00
3394735;595209;Žïár nad Sázavou;;;;;125521;Stržanov;;;è.p.;18;;;59102;641483.95;1110372.39;2013-12-05T00:00:00
3394743;595209;Žïár nad Sázavou;;;;;125521;Stržanov;;;è.p.;19;;;59102;641432.70;1110494.39;2013-12-05T00:00:00
3394751;595209;Žïár nad Sázavou;;;;;125521;Stržanov;;;è.p.;20;;;59102;641448.85;1110491.70;2013-12-05T00:00:00
3394760;595209;Žïár nad Sázavou;;;;;125521;Stržanov;;;è.p.;21;;;59102;641505.81;1110338.27;2013-12-05T00:00:00
3394778;595209;Žïár nad Sázavou;;;;;125521;Stržanov;;;è.p.;22;;;59102;641465.38;1110481.81;2013-12-05T00:00:00
3394786;595209;Žïár nad Sázavou;;;;;125521;Stržanov;;;è.p.;23;;;59102;641449.36;1110455.20;2013-12-05T00:00:00
3394794;595209;Žïár nad Sázavou;;;;;125521;Stržanov;;;è.p.;24;;;59102;641448.62;1110442.12;2013-12-05T00:00:00
3394816;595209;Žïár nad Sázavou;;;;;125521;Stržanov;;;è.p.;26;;;59102;641468.02;1110386.92;2013-12-05T00:00:00
3394824;595209;Žïár nad Sázavou;;;;;125521;Stržanov;;;è.p.;27;;;59102;641654.30;1110761.64;2013-12-05T00:00:00
3394832;595209;Žïár nad Sázavou;;;;;125521;Stržanov;;;è.p.;28;;;59102;641479.08;1110461.30;2013-12-05T00:00:00
3394841;595209;Žïár nad Sázavou;;;;;125521;Stržanov;;;è.p.;29;;;59102;641492.84;1110489.38;2013-12-05T00:00:00
3394859;595209;Žïár nad Sázavou;;;;;125521;Stržanov;;;è.p.;30;;;59102;641508.90;1110472.63;2013-12-05T00:00:00
3394867;595209;Žïár nad Sázavou;;;;;125521;Stržanov;;;è.p.;31;;;59102;641512.78;1110500.70;2013-12-05T00:00:00
3394891;595209;Žïár nad Sázavou;;;;;125521;Stržanov;;;è.p.;34;;;59102;641547.86;1110551.94;2013-12-05T00:00:00
3394905;595209;Žïár nad Sázavou;;;;;125521;Stržanov;;;è.p.;35;;;59102;641565.84;1110577.90;2013-12-05T00:00:00
3394913;595209;Žïár nad Sázavou;;;;;125521;Stržanov;;;è.p.;36;;;59102;641584.71;1110587.50;2013-12-05T00:00:00
3394921;595209;Žïár nad Sázavou;;;;;125521;Stržanov;;;è.p.;37;;;59102;641600.33;1110623.49;2013-12-05T00:00:00
3394930;595209;Žïár nad Sázavou;;;;;125521;Stržanov;;;è.p.;39;;;59102;641661.64;1110676.77;2013-12-05T00:00:00
3394948;595209;Žïár nad Sázavou;;;;;125521;Stržanov;;;è.p.;40;;;59102;640380.14;1109978.71;2013-12-05T00:00:00
3394956;595209;Žïár nad Sázavou;;;;;125521;Stržanov;;;è.p.;41;;;59102;641531.26;1110350.16;2013-12-05T00:00:00
3394964;595209;Žïár nad Sázavou;;;;;125521;Stržanov;;;è.p.;43;;;59102;641519.33;1110318.82;2013-12-05T00:00:00
3394981;595209;Žïár nad Sázavou;;;;;125521;Stržanov;;;è.p.;45;;;59102;641514.23;1110761.75;2013-12-05T00:00:00
3394999;595209;Žïár nad Sázavou;;;;;125521;Stržanov;;;è.p.;47;;;59102;641560.36;1110754.41;2013-12-05T00:00:00
3395006;595209;Žïár nad Sázavou;;;;;125521;Stržanov;;;è.p.;48;;;59102;641493.82;1110501.67;2013-12-05T00:00:00
3395014;595209;Žïár nad Sázavou;;;;;125521;Stržanov;;;è.p.;49;;;59102;641600.38;1110535.52;2013-12-05T00:00:00
3395022;595209;Žïár nad Sázavou;;;;;125521;Stržanov;;;è.p.;50;;;59102;641706.70;1110822.31;2013-12-05T00:00:00
3395049;595209;Žïár nad Sázavou;;;;;125521;Stržanov;;;è.p.;53;;;59102;641607.42;1110554.87;2013-12-05T00:00:00
3395057;595209;Žïár nad Sázavou;;;;;125521;Stržanov;;;è.p.;54;;;59102;641398.50;1110578.70;2013-12-05T00:00:00
3395065;595209;Žïár nad Sázavou;;;;;125521;Stržanov;;;è.p.;56;;;59102;641391.32;1110526.06;2013-12-05T00:00:00
3395073;595209;Žïár nad Sázavou;;;;;125521;Stržanov;;;è.p.;57;;;59102;641369.24;1110513.76;2013-12-05T00:00:00
3395081;595209;Žïár nad Sázavou;;;;;125521;Stržanov;;;è.p.;58;;;59102;641546.53;1110760.09;2013-12-05T00:00:00
3395090;595209;Žïár nad Sázavou;;;;;125521;Stržanov;;;è.p.;59;;;59102;641420.27;1110633.66;2013-12-05T00:00:00
3395103;595209;Žïár nad Sázavou;;;;;125521;Stržanov;;;è.p.;60;;;59102;641510.61;1110401.63;2013-12-05T00:00:00
3395111;595209;Žïár nad Sázavou;;;;;125521;Stržanov;;;è.p.;61;;;59102;641436.59;1110424.75;2013-12-05T00:00:00
3395120;595209;Žïár nad Sázavou;;;;;125521;Stržanov;;;è.p.;62;;;59102;641703.85;1110795.90;2013-12-05T00:00:00
3395138;595209;Žïár nad Sázavou;;;;;125521;Stržanov;;;è.p.;63;;;59102;641568.50;1110348.21;2013-12-05T00:00:00
3395154;595209;Žïár nad Sázavou;;;;;125521;Stržanov;;;è.p.;65;;;59102;641703.42;1110841.43;2013-12-05T00:00:00
3395162;595209;Žïár nad Sázavou;;;;;125521;Stržanov;;;è.p.;66;;;59102;641305.75;1110656.75;2013-12-05T00:00:00
3395171;595209;Žïár nad Sázavou;;;;;125521;Stržanov;;;è.p.;67;;;59102;640433.09;1109946.94;2013-12-05T00:00:00
3395197;595209;Žïár nad Sázavou;;;;;125521;Stržanov;;;è.p.;69;;;59102;641711.53;1110857.18;2013-12-05T00:00:00
3395201;595209;Žïár nad Sázavou;;;;;125521;Stržanov;;;è.p.;70;;;59102;641691.82;1110752.24;2013-12-05T00:00:00
3395219;595209;Žïár nad Sázavou;;;;;125521;Stržanov;;;è.p.;71;;;59102;641529.21;1110259.42;2013-12-05T00:00:00
3395227;595209;Žïár nad Sázavou;;;;;125521;Stržanov;;;è.p.;72;;;59102;641564.72;1110333.67;2013-12-05T00:00:00
3395243;595209;Žïár nad Sázavou;;;;;125521;Stržanov;;;è.p.;74;;;59102;641485.68;1110554.30;2013-12-05T00:00:00
3395251;595209;Žïár nad Sázavou;;;;;125521;Stržanov;;;è.p.;75;;;59102;641684.76;1110602.51;2013-12-05T00:00:00
3395260;595209;Žïár nad Sázavou;;;;;125521;Stržanov;;;è.p.;76;;;59102;641522.79;1110280.11;2013-12-05T00:00:00
3395278;595209;Žïár nad Sázavou;;;;;125521;Stržanov;;;è.p.;77;;;59102;641627.50;1110774.10;2013-12-05T00:00:00
3395286;595209;Žïár nad Sázavou;;;;;125521;Stržanov;;;è.p.;78;;;59102;641332.37;1110522.07;2013-12-05T00:00:00
3395294;595209;Žïár nad Sázavou;;;;;125521;Stržanov;;;è.p.;79;;;59102;641607.88;1110791.67;2013-12-05T00:00:00
3395308;595209;Žïár nad Sázavou;;;;;125521;Stržanov;;;è.p.;80;;;59102;641500.47;1110569.45;2013-12-05T00:00:00
3395316;595209;Žïár nad Sázavou;;;;;125521;Stržanov;;;è.p.;81;;;59102;641319.93;1110537.08;2013-12-05T00:00:00
3395324;595209;Žïár nad Sázavou;;;;;125521;Stržanov;;;è.p.;82;;;59102;641495.31;1110232.38;2013-12-05T00:00:00
3395332;595209;Žïár nad Sázavou;;;;;125521;Stržanov;;;è.p.;83;;;59102;641481.48;1110670.21;2013-12-05T00:00:00
3395341;595209;Žïár nad Sázavou;;;;;125521;Stržanov;;;è.p.;84;;;59102;641446.93;1110534.18;2013-12-05T00:00:00
3395359;595209;Žïár nad Sázavou;;;;;125521;Stržanov;;;è.p.;85;;;59102;641504.52;1110447.87;2013-12-05T00:00:00
3395367;595209;Žïár nad Sázavou;;;;;125521;Stržanov;;;è.p.;86;;;59102;641486.32;1110738.34;2013-12-05T00:00:00
3395375;595209;Žïár nad Sázavou;;;;;125521;Stržanov;;;è.p.;87;;;59102;641498.69;1110646.35;2013-12-05T00:00:00
3395383;595209;Žïár nad Sázavou;;;;;125521;Stržanov;;;è.p.;88;;;59102;641483.51;1110619.03;2013-12-05T00:00:00
3395391;595209;Žïár nad Sázavou;;;;;125521;Stržanov;;;è.p.;89;;;59102;641484.19;1110283.82;2013-12-05T00:00:00
3395405;595209;Žïár nad Sázavou;;;;;125521;Stržanov;;;è.p.;102;;;59102;641531.12;1110580.46;2013-12-05T00:00:00
3395430;595209;Žïár nad Sázavou;;;;;125521;Stržanov;;;è.ev.;4;;;59102;640730.12;1109960.39;2013-12-05T00:00:00
3395448;595209;Žïár nad Sázavou;;;;;125521;Stržanov;;;è.ev.;5;;;59102;640812.82;1110022.48;2013-12-05T00:00:00
3395456;595209;Žïár nad Sázavou;;;;;125521;Stržanov;;;è.ev.;56;;;59102;640698.33;1109939.17;2013-12-05T00:00:00
3395464;595209;Žïár nad Sázavou;;;;;125521;Stržanov;;;è.ev.;57;;;59102;640714.27;1109949.83;2013-12-05T00:00:00
3395472;595209;Žïár nad Sázavou;;;;;125521;Stržanov;;;è.ev.;61;;;59102;640760.67;1109984.10;2013-12-05T00:00:00
3395481;595209;Žïár nad Sázavou;;;;;125521;Stržanov;;;è.ev.;62;;;59102;640780.31;1109998.19;2013-12-05T00:00:00
3395499;595209;Žïár nad Sázavou;;;;;125521;Stržanov;;;è.ev.;63;;;59102;640797.00;1110010.10;2013-12-05T00:00:00
3395502;595209;Žïár nad Sázavou;;;;;180840;Veselíèko;;;è.p.;1;;;59101;637112.46;1115915.06;2013-12-05T00:00:00
3395511;595209;Žïár nad Sázavou;;;;;180840;Veselíèko;;;è.p.;2;;;59101;637091.85;1115868.46;2013-12-05T00:00:00
3395529;595209;Žïár nad Sázavou;;;;;180840;Veselíèko;;;è.p.;3;;;59101;637076.42;1115878.08;2013-12-05T00:00:00
3395537;595209;Žïár nad Sázavou;;;;;180840;Veselíèko;;;è.p.;5;;;59101;637065.65;1115886.98;2013-12-05T00:00:00
3395545;595209;Žïár nad Sázavou;;;;;180840;Veselíèko;;;è.p.;6;;;59101;637049.60;1115902.02;2013-12-05T00:00:00
3395553;595209;Žïár nad Sázavou;;;;;180840;Veselíèko;;;è.p.;7;;;59101;637037.44;1115920.35;2013-12-05T00:00:00
3395561;595209;Žïár nad Sázavou;;;;;180840;Veselíèko;;;è.p.;8;;;59101;637052.07;1115907.14;2013-12-05T00:00:00
3395570;595209;Žïár nad Sázavou;;;;;180840;Veselíèko;;;è.p.;10;;;59101;637078.75;1115947.79;2013-12-05T00:00:00
3395596;595209;Žïár nad Sázavou;;;;;180840;Veselíèko;;;è.p.;12;;;59101;637109.03;1115992.17;2013-12-05T00:00:00
3395600;595209;Žïár nad Sázavou;;;;;180840;Veselíèko;;;è.p.;13;;;59101;637114.94;1115969.63;2013-12-05T00:00:00
3395618;595209;Žïár nad Sázavou;;;;;180840;Veselíèko;;;è.p.;14;;;59101;637233.31;1116021.51;2020-05-18T00:00:00
3395626;595209;Žïár nad Sázavou;;;;;180840;Veselíèko;;;è.p.;15;;;59101;637157.68;1115972.57;2013-12-05T00:00:00
3395634;595209;Žïár nad Sázavou;;;;;180840;Veselíèko;;;è.p.;16;;;59101;637173.87;1115960.91;2013-12-05T00:00:00
3395642;595209;Žïár nad Sázavou;;;;;180840;Veselíèko;;;è.p.;17;;;59101;637184.85;1115945.13;2021-09-02T00:00:00
3395651;595209;Žïár nad Sázavou;;;;;180840;Veselíèko;;;è.p.;18;;;59101;637151.73;1115928.85;2013-12-05T00:00:00
3395669;595209;Žïár nad Sázavou;;;;;180840;Veselíèko;;;è.p.;19;;;59101;637151.16;1115918.41;2013-12-05T00:00:00
3395685;595209;Žïár nad Sázavou;;;;;180840;Veselíèko;;;è.p.;21;;;59101;637179.12;1115898.45;2013-12-05T00:00:00
3395693;595209;Žïár nad Sázavou;;;;;180840;Veselíèko;;;è.p.;22;;;59101;637026.29;1116071.71;2013-12-05T00:00:00
3395707;595209;Žïár nad Sázavou;;;;;180840;Veselíèko;;;è.p.;23;;;59101;637170.99;1115884.68;2013-12-05T00:00:00
3395715;595209;Žïár nad Sázavou;;;;;180840;Veselíèko;;;è.p.;24;;;59101;637134.96;1115865.36;2013-12-05T00:00:00
3395723;595209;Žïár nad Sázavou;;;;;180840;Veselíèko;;;è.p.;25;;;59101;637139.55;1115843.93;2013-12-05T00:00:00
3395731;595209;Žïár nad Sázavou;;;;;180840;Veselíèko;;;è.p.;26;;;59101;637114.59;1115830.93;2013-12-05T00:00:00
3395740;595209;Žïár nad Sázavou;;;;;180840;Veselíèko;;;è.p.;27;;;59101;637126.76;1115808.55;2017-10-19T00:00:00
3395766;595209;Žïár nad Sázavou;;;;;180840;Veselíèko;;;è.p.;29;;;59101;637150.45;1115747.41;2013-12-05T00:00:00
3395774;595209;Žïár nad Sázavou;;;;;180840;Veselíèko;;;è.p.;30;;;59101;637137.04;1115754.46;2020-10-14T00:00:00
3395791;595209;Žïár nad Sázavou;;;;;180840;Veselíèko;;;è.p.;32;;;59101;637132.87;1115657.14;2013-12-05T00:00:00
3395804;595209;Žïár nad Sázavou;;;;;180840;Veselíèko;;;è.p.;33;;;59101;637053.47;1115655.36;2013-12-05T00:00:00
3395821;595209;Žïár nad Sázavou;;;;;180840;Veselíèko;;;è.p.;35;;;59101;637301.04;1116001.44;2013-12-05T00:00:00
3395839;595209;Žïár nad Sázavou;;;;;180840;Veselíèko;;;è.p.;36;;;59101;637104.48;1115802.52;2013-12-05T00:00:00
3395855;595209;Žïár nad Sázavou;;;;;180840;Veselíèko;;;è.p.;38;;;59101;637088.87;1116061.32;2013-12-05T00:00:00
3395863;595209;Žïár nad Sázavou;;;;;180840;Veselíèko;;;è.p.;39;;;59101;637258.15;1116016.85;2020-05-18T00:00:00
3395871;595209;Žïár nad Sázavou;;;;;180840;Veselíèko;;;è.p.;40;;;59101;637178.04;1116027.25;2013-12-05T00:00:00
3395880;595209;Žïár nad Sázavou;;;;;180840;Veselíèko;;;è.p.;41;;;59101;637400.32;1116432.27;2013-12-05T00:00:00
3395898;595209;Žïár nad Sázavou;;;;;180840;Veselíèko;;;è.p.;42;;;59101;637209.66;1116029.74;2013-12-05T00:00:00
3395901;595209;Žïár nad Sázavou;;;;;180840;Veselíèko;;;è.p.;43;;;59101;637086.98;1116038.37;2013-12-05T00:00:00
3395910;595209;Žïár nad Sázavou;;;;;180840;Veselíèko;;;è.p.;44;;;59101;637079.90;1115713.78;2019-09-04T00:00:00
3395928;595209;Žïár nad Sázavou;;;;;180840;Veselíèko;;;è.p.;45;;;59101;637066.64;1115649.51;2013-12-05T00:00:00
3395936;595209;Žïár nad Sázavou;;;;;180840;Veselíèko;;;è.p.;46;;;59101;637042.49;1115682.20;2013-12-05T00:00:00
3395944;595209;Žïár nad Sázavou;;;;;180840;Veselíèko;;;è.p.;47;;;59101;637059.56;1115684.96;2021-09-02T00:00:00
3395952;595209;Žïár nad Sázavou;;;;;180840;Veselíèko;;;è.p.;49;;;59101;637002.55;1116077.34;2013-12-05T00:00:00
3395961;595209;Žïár nad Sázavou;;;;;180840;Veselíèko;;;è.p.;50;;;59101;637604.17;1115904.67;2013-12-05T00:00:00
3395979;595209;Žïár nad Sázavou;;;;;180840;Veselíèko;;;è.p.;51;;;59101;637131.09;1115792.32;2013-12-05T00:00:00
3395987;595209;Žïár nad Sázavou;;;;;180840;Veselíèko;;;è.p.;53;;;59101;637057.04;1116011.54;2020-05-27T00:00:00
3395995;595209;Žïár nad Sázavou;;;;;180840;Veselíèko;;;è.p.;54;;;59101;637045.22;1116068.96;2013-12-05T00:00:00
3396002;595209;Žïár nad Sázavou;;;;;180840;Veselíèko;;;è.p.;55;;;59101;636980.18;1116086.11;2013-12-05T00:00:00
3396011;595209;Žïár nad Sázavou;;;;;180840;Veselíèko;;;è.p.;57;;;59101;637162.73;1116065.21;2020-05-18T00:00:00
3396029;595209;Žïár nad Sázavou;;;;;180840;Veselíèko;;;è.p.;58;;;59101;637137.46;1115665.74;2013-12-05T00:00:00
3396037;595209;Žïár nad Sázavou;;;;;180840;Veselíèko;;;è.p.;59;;;59101;636998.77;1116115.08;2013-12-05T00:00:00
3396045;595209;Žïár nad Sázavou;;;;;180840;Veselíèko;;;è.p.;60;;;59101;637244.31;1116018.32;2020-05-18T00:00:00
3396053;595209;Žïár nad Sázavou;;;;;180840;Veselíèko;;;è.p.;62;;;59101;637573.13;1115940.01;2013-12-05T00:00:00
3396061;595209;Žïár nad Sázavou;;;;;180840;Veselíèko;;;è.p.;63;;;59101;637022.53;1116098.52;2021-09-02T00:00:00
3396070;595209;Žïár nad Sázavou;;;;;180840;Veselíèko;;;è.p.;64;;;59101;637276.34;1115979.66;2020-05-19T00:00:00
3396088;595209;Žïár nad Sázavou;;;;;180840;Veselíèko;;;è.p.;66;;;59101;637148.16;1116080.74;2013-12-05T00:00:00
3396096;595209;Žïár nad Sázavou;;;;;180840;Veselíèko;;;è.p.;67;;;59101;637129.99;1115670.17;2013-12-05T00:00:00
3396100;595209;Žïár nad Sázavou;;;;;180840;Veselíèko;;;è.p.;68;;;59101;637085.20;1115781.44;2013-12-05T00:00:00
3396118;595209;Žïár nad Sázavou;;;;;180840;Veselíèko;;;è.p.;69;;;59101;637095.61;1115735.09;2013-12-05T00:00:00
3396126;595209;Žïár nad Sázavou;;;;;180840;Veselíèko;;;è.p.;70;;;59101;637691.25;1115951.11;2013-12-05T00:00:00
3396142;595209;Žïár nad Sázavou;;;;;180840;Veselíèko;;;è.p.;72;;;59101;637092.48;1115759.30;2013-12-05T00:00:00
3396185;595209;Žïár nad Sázavou;;;;;180840;Veselíèko;;;è.ev.;4;;;59101;637658.58;1116441.03;2013-12-05T00:00:00
3396207;595209;Žïár nad Sázavou;;;;;195294;Mìlkovice;;;è.p.;302;;;59101;638748.31;1115455.45;2013-12-05T00:00:00
3396215;595209;Žïár nad Sázavou;;;;;195294;Mìlkovice;;;è.p.;303;;;59101;638676.97;1115478.09;2013-12-05T00:00:00
3396223;595209;Žïár nad Sázavou;;;;;195294;Mìlkovice;;;è.p.;304;;;59101;638480.41;1115558.81;2013-12-05T00:00:00
3396231;595209;Žïár nad Sázavou;;;;;195294;Mìlkovice;;;è.p.;305;;;59101;638577.65;1115457.41;2013-12-05T00:00:00
3396240;595209;Žïár nad Sázavou;;;;;195294;Mìlkovice;;;è.p.;306;;;59101;638673.08;1114893.66;2022-11-19T00:00:00
3396258;595209;Žïár nad Sázavou;;;;;195294;Mìlkovice;;;è.p.;307;;;59101;638737.59;1115429.11;2013-12-05T00:00:00
3396266;595209;Žïár nad Sázavou;;;;;195294;Mìlkovice;;;è.p.;308;;;59101;639110.98;1115467.65;2013-12-05T00:00:00
3396274;595209;Žïár nad Sázavou;;;;;195294;Mìlkovice;;;è.p.;309;;;59101;638671.66;1115326.27;2013-12-05T00:00:00
3396291;595209;Žïár nad Sázavou;;;;;195294;Mìlkovice;;;è.p.;311;;;59101;638592.22;1115430.29;2013-12-05T00:00:00
3396304;595209;Žïár nad Sázavou;;;;;195294;Mìlkovice;;;è.p.;313;;;59101;639198.22;1115514.10;2023-12-06T00:00:00
3396321;595209;Žïár nad Sázavou;;;;;195294;Mìlkovice;;;è.p.;332;;;59101;638683.83;1115255.34;2013-12-05T00:00:00
3396339;595209;Žïár nad Sázavou;;;;;195294;Mìlkovice;;;è.p.;349;;;59101;639073.14;1114565.62;2013-12-05T00:00:00
3396347;595209;Žïár nad Sázavou;;;;;195294;Mìlkovice;;;è.p.;360;;;59101;638588.58;1115402.97;2013-12-05T00:00:00
3396355;595209;Žïár nad Sázavou;;;;;195294;Mìlkovice;;;è.p.;363;;;59101;639090.07;1114572.69;2013-12-05T00:00:00
3396363;595209;Žïár nad Sázavou;;;;;195294;Mìlkovice;;;è.p.;388;;;59101;639059.70;1114541.59;2013-12-05T00:00:00
3396371;595209;Žïár nad Sázavou;;;;;195294;Mìlkovice;;;è.p.;389;;;59101;638314.29;1115777.30;2013-12-05T00:00:00
3396380;595209;Žïár nad Sázavou;;;;;195294;Mìlkovice;;;è.p.;579;;;59101;638652.50;1115442.34;2013-12-05T00:00:00
3396398;595209;Žïár nad Sázavou;;;;;195294;Mìlkovice;;;è.p.;1480;;;59101;638560.89;1115552.01;2013-12-05T00:00:00
3396401;595209;Žïár nad Sázavou;;;;;195294;Mìlkovice;;;è.p.;1481;;;59101;638563.74;1115559.35;2013-12-05T00:00:00
3396410;595209;Žïár nad Sázavou;;;;;195294;Mìlkovice;;;è.p.;1482;;;59101;638566.80;1115566.42;2013-12-05T00:00:00
3396428;595209;Žïár nad Sázavou;;;;;195294;Mìlkovice;;;è.p.;1498;;;59101;639206.93;1115525.39;2022-11-19T00:00:00
3396436;595209;Žïár nad Sázavou;;;;;195294;Mìlkovice;;;è.p.;2185;;;59101;639390.35;1115535.14;2013-12-05T00:00:00
3396444;595209;Žïár nad Sázavou;;;;;195294;Mìlkovice;;;è.p.;2192;;;59101;639229.60;1115511.91;2013-12-05T00:00:00
3396452;595209;Žïár nad Sázavou;;;;;195294;Mìlkovice;;;è.p.;2195;;;59101;638426.83;1115965.49;2013-12-05T00:00:00
3396461;595209;Žïár nad Sázavou;;;;;195341;Radonín;;;è.p.;1;;;59101;642592.26;1116621.62;2013-12-05T00:00:00
3396479;595209;Žïár nad Sázavou;;;;;195341;Radonín;;;è.p.;2;;;59101;642579.90;1116608.50;2013-12-05T00:00:00
3396487;595209;Žïár nad Sázavou;;;;;195341;Radonín;;;è.p.;3;;;59101;642560.13;1116601.56;2013-12-05T00:00:00
3396495;595209;Žïár nad Sázavou;;;;;195341;Radonín;;;è.p.;4;;;59101;642546.72;1116592.35;2013-12-05T00:00:00
3396509;595209;Žïár nad Sázavou;;;;;195341;Radonín;;;è.p.;5;;;59101;642527.84;1116583.31;2013-12-05T00:00:00
3396517;595209;Žïár nad Sázavou;;;;;195341;Radonín;;;è.p.;6;;;59101;642491.28;1116648.69;2013-12-05T00:00:00
3396525;595209;Žïár nad Sázavou;;;;;195341;Radonín;;;è.p.;7;;;59101;642509.88;1116648.44;2013-12-05T00:00:00
3396533;595209;Žïár nad Sázavou;;;;;195341;Radonín;;;è.p.;8;;;59101;642536.81;1116665.08;2013-12-05T00:00:00
3396541;595209;Žïár nad Sázavou;;;;;195341;Radonín;;;è.p.;9;;;59101;642561.49;1116665.59;2013-12-05T00:00:00
3396550;595209;Žïár nad Sázavou;;;;;195341;Radonín;;;è.p.;12;;;59101;642545.74;1116723.78;2013-12-05T00:00:00
3396568;595209;Žïár nad Sázavou;;;;;195341;Radonín;;;è.p.;13;;;59101;642554.26;1116121.04;2013-12-05T00:00:00
3396576;595209;Žïár nad Sázavou;;;;;195341;Radonín;;;è.p.;14;;;59101;642652.44;1115944.18;2013-12-05T00:00:00
3396584;595209;Žïár nad Sázavou;;;;;195341;Radonín;;;è.p.;15;;;59101;642808.15;1115978.61;2013-12-05T00:00:00
3396592;595209;Žïár nad Sázavou;;;;;195341;Radonín;;;è.p.;16;;;59101;642531.46;1116697.75;2013-12-05T00:00:00
3396606;595209;Žïár nad Sázavou;;;;;195341;Radonín;;;è.p.;17;;;59101;643009.41;1116015.69;2013-12-05T00:00:00
3396614;595209;Žïár nad Sázavou;;;;;195341;Radonín;;;è.p.;18;;;59101;642532.41;1116648.94;2013-12-05T00:00:00
3396622;595209;Žïár nad Sázavou;;;;;412805;Žïár nad Sázavou 1;655821;Tvrz;è.p.;1;12;;59101;641920.41;1114646.03;2013-12-05T00:00:00
3396631;595209;Žïár nad Sázavou;;;;;412805;Žïár nad Sázavou 1;655821;Tvrz;è.p.;2;13;;59101;641905.34;1114665.74;2013-12-05T00:00:00
3396649;595209;Žïár nad Sázavou;;;;;412805;Žïár nad Sázavou 1;655902;Veselská;è.p.;3;1;;59101;641886.21;1114670.60;2013-12-05T00:00:00
3396657;595209;Žïár nad Sázavou;;;;;412805;Žïár nad Sázavou 1;655902;Veselská;è.p.;4;3;;59101;641919.99;1114704.35;2013-12-05T00:00:00
3396681;595209;Žïár nad Sázavou;;;;;412805;Žïár nad Sázavou 1;655902;Veselská;è.p.;7;9;;59101;641963.89;1114758.16;2013-12-05T00:00:00
3396797;595209;Žïár nad Sázavou;;;;;412805;Žïár nad Sázavou 1;655902;Veselská;è.p.;18;35;;59101;642055.61;1114838.66;2013-12-05T00:00:00
3396827;595209;Žïár nad Sázavou;;;;;412805;Žïár nad Sázavou 1;655902;Veselská;è.p.;26;39;;59101;642239.20;1114947.11;2013-12-05T00:00:00
3396835;595209;Žïár nad Sázavou;;;;;412805;Žïár nad Sázavou 1;654965;Barákova;è.p.;27;1;;59101;642270.01;1114983.19;2013-12-05T00:00:00
3396851;595209;Žïár nad Sázavou;;;;;412805;Žïár nad Sázavou 1;654965;Barákova;è.p.;29;3;;59101;642311.05;1114950.87;2013-12-05T00:00:00
3396860;595209;Žïár nad Sázavou;;;;;412805;Žïár nad Sázavou 1;654965;Barákova;è.p.;30;7;;59101;642395.37;1114906.42;2013-12-05T00:00:00
3396886;595209;Žïár nad Sázavou;;;;;412805;Žïár nad Sázavou 1;654965;Barákova;è.p.;31;9;;59101;642312.01;1114924.29;2013-12-05T00:00:00
3396908;595209;Žïár nad Sázavou;;;;;412805;Žïár nad Sázavou 1;655902;Veselská;è.p.;32;45;;59101;642326.89;1114986.61;2013-12-05T00:00:00
3396916;595209;Žïár nad Sázavou;;;;;412805;Žïár nad Sázavou 1;654965;Barákova;è.p.;33;8;;59101;642402.51;1114929.79;2013-12-05T00:00:00
3396924;595209;Žïár nad Sázavou;;;;;412805;Žïár nad Sázavou 1;655210;Jamská;è.p.;34;2;;59101;641194.97;1114963.57;2013-12-05T00:00:00
3396932;595209;Žïár nad Sázavou;;;;;412805;Žïár nad Sázavou 1;655902;Veselská;è.p.;35;43;;59101;642295.29;1115013.63;2013-12-05T00:00:00
3396941;595209;Žïár nad Sázavou;;;;;412805;Žïár nad Sázavou 1;655902;Veselská;è.p.;36;52;;59101;642245.04;1115008.37;2023-04-12T00:00:00
3396959;595209;Žïár nad Sázavou;;;;;412805;Žïár nad Sázavou 1;655902;Veselská;è.p.;38;44;;59101;642179.76;1114969.80;2013-12-05T00:00:00
3396967;595209;Žïár nad Sázavou;;;;;412805;Žïár nad Sázavou 1;655902;Veselská;è.p.;39;42;;59101;642152.42;1114942.62;2013-12-05T00:00:00
3396975;595209;Žïár nad Sázavou;;;;;412805;Žïár nad Sázavou 1;655902;Veselská;è.p.;40;40;;59101;642145.35;1114933.75;2013-12-05T00:00:00
3396983;595209;Žïár nad Sázavou;;;;;412805;Žïár nad Sázavou 1;655902;Veselská;è.p.;41;38;;59101;642140.75;1114929.44;2013-12-05T00:00:00
3396991;595209;Žïár nad Sázavou;;;;;412805;Žïár nad Sázavou 1;655902;Veselská;è.p.;43;34;;59101;642117.84;1114909.75;2013-12-05T00:00:00
3397009;595209;Žïár nad Sázavou;;;;;412805;Žïár nad Sázavou 1;655902;Veselská;è.p.;44;32;;59101;642107.93;1114906.22;2013-12-05T00:00:00
3397025;595209;Žïár nad Sázavou;;;;;412805;Žïár nad Sázavou 1;655902;Veselská;è.p.;47;30;;59101;642068.14;1114879.35;2013-12-05T00:00:00
3397033;595209;Žïár nad Sázavou;;;;;412805;Žïár nad Sázavou 1;655902;Veselská;è.p.;49;26;;59101;642024.43;1114857.57;2013-12-05T00:00:00
3397041;595209;Žïár nad Sázavou;;;;;412805;Žïár nad Sázavou 1;655902;Veselská;è.p.;50;22;;59101;642014.15;1114844.65;2013-12-05T00:00:00
3397050;595209;Žïár nad Sázavou;;;;;412805;Žïár nad Sázavou 1;655902;Veselská;è.p.;51;20;;59101;642005.51;1114839.19;2013-12-05T00:00:00
3397068;595209;Žïár nad Sázavou;;;;;412805;Žïár nad Sázavou 1;655902;Veselská;è.p.;52;18;;59101;641994.87;1114833.46;2013-12-05T00:00:00
3397076;595209;Žïár nad Sázavou;;;;;412805;Žïár nad Sázavou 1;655902;Veselská;è.p.;53;16;;59101;641987.64;1114827.34;2013-12-05T00:00:00
3397084;595209;Žïár nad Sázavou;;;;;412805;Žïár nad Sázavou 1;655902;Veselská;è.p.;54;14;;59101;641981.33;1114816.89;2013-12-05T00:00:00
3397092;595209;Žïár nad Sázavou;;;;;412805;Žïár nad Sázavou 1;655902;Veselská;è.p.;55;12;;59101;641977.13;1114808.27;2013-12-05T00:00:00
3397106;595209;Žïár nad Sázavou;;;;;412805;Žïár nad Sázavou 1;655902;Veselská;è.p.;56;10;;59101;641957.58;1114796.19;2013-12-05T00:00:00
3397149;595209;Žïár nad Sázavou;;;;;412805;Žïár nad Sázavou 1;655902;Veselská;è.p.;60;2;;59101;641883.80;1114695.82;2013-12-05T00:00:00
3397157;595209;Žïár nad Sázavou;;;;;412805;Žïár nad Sázavou 1;655490;nám. Republiky;è.p.;61;20;;59101;641873.27;1114706.24;2013-12-05T00:00:00
3397165;595209;Žïár nad Sázavou;;;;;412805;Žïár nad Sázavou 1;655490;nám. Republiky;è.p.;62;18;;59101;641862.83;1114720.04;2013-12-05T00:00:00
3397173;595209;Žïár nad Sázavou;;;;;412805;Žïár nad Sázavou 1;655490;nám. Republiky;è.p.;63;16;;59101;641850.83;1114730.93;2013-12-05T00:00:00
3397181;595209;Žïár nad Sázavou;;;;;412805;Žïár nad Sázavou 1;655490;nám. Republiky;è.p.;64;14;;59101;641832.49;1114740.71;2018-12-20T00:00:00
3397203;595209;Žïár nad Sázavou;;;;;412805;Žïár nad Sázavou 1;655481;Nádražní;è.p.;66;1;;59101;641833.08;1114800.37;2013-12-05T00:00:00
3397211;595209;Žïár nad Sázavou;;;;;412805;Žïár nad Sázavou 1;655490;nám. Republiky;è.p.;68;10;;59101;641790.37;1114799.88;2013-12-05T00:00:00
3397220;595209;Žïár nad Sázavou;;;;;412805;Žïár nad Sázavou 1;655490;nám. Republiky;è.p.;69;8;;59101;641776.33;1114815.30;2013-12-05T00:00:00
3397238;595209;Žïár nad Sázavou;;;;;412805;Žïár nad Sázavou 1;655490;nám. Republiky;è.p.;70;6;;59101;641765.36;1114828.70;2013-12-05T00:00:00
3397254;595209;Žïár nad Sázavou;;;;;412805;Žïár nad Sázavou 1;655058;Doležalovo nám.;è.p.;73;2;;59101;641776.44;1114931.01;2013-12-05T00:00:00
3397262;595209;Žïár nad Sázavou;;;;;412805;Žïár nad Sázavou 1;655490;nám. Republiky;è.p.;75;2;;59101;641699.13;1114861.61;2013-12-05T00:00:00
3397297;595209;Žïár nad Sázavou;;;;;412805;Žïár nad Sázavou 1;655546;Novomìstská;è.p.;96;26;;59101;641317.87;1114891.56;2013-12-05T00:00:00
3397424;595209;Žïár nad Sázavou;;;;;412805;Žïár nad Sázavou 1;655546;Novomìstská;è.p.;115;28;;59101;641301.13;1114885.82;2015-11-18T00:00:00
3397432;595209;Žïár nad Sázavou;;;;;412805;Žïár nad Sázavou 1;655546;Novomìstská;è.p.;119;20;;59101;641359.68;1114896.94;2013-12-05T00:00:00
3397441;595209;Žïár nad Sázavou;;;;;412805;Žïár nad Sázavou 1;655961;Za Jatkami;è.p.;120;3;;59101;641281.76;1115349.10;2013-12-05T00:00:00
3397459;595209;Žïár nad Sázavou;;;;;412805;Žïár nad Sázavou 1;655694;Smetanova;è.p.;121;2;;59101;641530.52;1115111.30;2013-12-05T00:00:00
3397467;595209;Žïár nad Sázavou;;;;;412805;Žïár nad Sázavou 1;655902;Veselská;è.p.;122;24;;59101;642020.89;1114850.68;2013-12-05T00:00:00
3397475;595209;Žïár nad Sázavou;;;;;412805;Žïár nad Sázavou 1;655015;Brnìnská;è.p.;124;33;;59101;641104.75;1115797.00;2013-12-05T00:00:00
3397483;595209;Žïár nad Sázavou;;;;;412805;Žïár nad Sázavou 1;655015;Brnìnská;è.p.;125;36;;59101;641021.68;1115781.64;2013-12-05T00:00:00
3397491;595209;Žïár nad Sázavou;;;;;412805;Žïár nad Sázavou 1;655015;Brnìnská;è.p.;126;38;;59101;640984.47;1115850.06;2013-12-05T00:00:00
3397505;595209;Žïár nad Sázavou;;;;;412805;Žïár nad Sázavou 1;655015;Brnìnská;è.p.;127;40;;59101;640925.65;1115946.70;2014-10-23T00:00:00
3397513;595209;Žïár nad Sázavou;;;;;412805;Žïár nad Sázavou 1;655546;Novomìstská;è.p.;129;32;;59101;641261.94;1114886.45;2013-12-05T00:00:00
3397521;595209;Žïár nad Sázavou;;;;;412805;Žïár nad Sázavou 1;655015;Brnìnská;è.p.;130;35;;59101;641025.68;1115915.39;2017-12-14T00:00:00
3397530;595209;Žïár nad Sázavou;;;;;412805;Žïár nad Sázavou 1;655015;Brnìnská;è.p.;131;37;;59101;641153.50;1115936.94;2013-12-05T00:00:00
3397556;595209;Žïár nad Sázavou;;;;;412805;Žïár nad Sázavou 1;655171;Horní;è.p.;135;2;;59101;641679.73;1114820.62;2013-12-05T00:00:00
3397564;595209;Žïár nad Sázavou;;;;;412805;Žïár nad Sázavou 1;655490;nám. Republiky;è.p.;145;9;;59101;641737.78;1114707.26;2013-12-05T00:00:00
3397572;595209;Žïár nad Sázavou;;;;;412805;Žïár nad Sázavou 1;655490;nám. Republiky;è.p.;146;11;;59101;641748.36;1114674.82;2013-12-05T00:00:00
3397581;595209;Žïár nad Sázavou;;;;;412805;Žïár nad Sázavou 1;655490;nám. Republiky;è.p.;147;17;;59101;641759.83;1114650.28;2013-12-05T00:00:00
3397599;595209;Žïár nad Sázavou;;;;;412805;Žïár nad Sázavou 1;655490;nám. Republiky;è.p.;148;15;;59101;641673.55;1114635.61;2013-12-05T00:00:00
3397602;595209;Žïár nad Sázavou;;;;;412805;Žïár nad Sázavou 1;655490;nám. Republiky;è.p.;149;13;;59101;641710.85;1114629.14;2013-12-05T00:00:00
3397611;595209;Žïár nad Sázavou;;;;;412805;Žïár nad Sázavou 1;655490;nám. Republiky;è.p.;150;19;;59101;641768.69;1114622.84;2013-12-05T00:00:00
3397629;595209;Žïár nad Sázavou;;;;;412805;Žïár nad Sázavou 1;655490;nám. Republiky;è.p.;151;21;;59101;641775.57;1114600.21;2013-12-05T00:00:00
3397637;595209;Žïár nad Sázavou;;;;;412805;Žïár nad Sázavou 1;655147;Havlíèkovo nám.;è.p.;152;4;;59101;641779.84;1114519.38;2014-01-20T00:00:00
3397645;595209;Žïár nad Sázavou;;;;;412805;Žïár nad Sázavou 1;655147;Havlíèkovo nám.;è.p.;153;2;;59101;641769.64;1114456.86;2013-12-05T00:00:00
3397653;595209;Žïár nad Sázavou;;;;;412805;Žïár nad Sázavou 1;655066;Dolní;è.p.;165;1;;59101;641731.18;1114360.06;2013-12-05T00:00:00
3397661;595209;Žïár nad Sázavou;;;;;412805;Žïár nad Sázavou 1;655546;Novomìstská;è.p.;167;40;;59101;641206.85;1114878.62;2015-11-18T00:00:00
3397670;595209;Žïár nad Sázavou;;;;;412805;Žïár nad Sázavou 1;655546;Novomìstská;è.p.;168;42;;59101;641196.69;1114877.20;2015-11-18T00:00:00
3397688;595209;Žïár nad Sázavou;;;;;412805;Žïár nad Sázavou 1;655368;Libušínská;è.p.;169;2;;59101;641801.47;1114199.94;2013-12-05T00:00:00
3397696;595209;Žïár nad Sázavou;;;;;412805;Žïár nad Sázavou 1;655368;Libušínská;è.p.;170;4;;59101;641813.32;1114188.17;2013-12-05T00:00:00
3397700;595209;Žïár nad Sázavou;;;;;412805;Žïár nad Sázavou 1;655368;Libušínská;è.p.;171;6;;59101;641827.95;1114176.10;2013-12-05T00:00:00
3397718;595209;Žïár nad Sázavou;;;;;412805;Žïár nad Sázavou 1;655368;Libušínská;è.p.;172;8;;59101;641840.21;1114164.18;2013-12-05T00:00:00
3397726;595209;Žïár nad Sázavou;;;;;412805;Žïár nad Sázavou 1;655368;Libušínská;è.p.;173;10;;59101;641851.63;1114153.28;2013-12-05T00:00:00
3397734;595209;Žïár nad Sázavou;;;;;412805;Žïár nad Sázavou 1;655368;Libušínská;è.p.;174;12;;59101;641862.27;1114144.52;2013-12-05T00:00:00
3397742;595209;Žïár nad Sázavou;;;;;412805;Žïár nad Sázavou 1;655368;Libušínská;è.p.;175;14;;59101;641876.01;1114131.74;2013-12-05T00:00:00
3397751;595209;Žïár nad Sázavou;;;;;412805;Žïár nad Sázavou 1;655368;Libušínská;è.p.;176;16;;59101;641828.51;1114091.98;2013-12-05T00:00:00
3397769;595209;Žïár nad Sázavou;;;;;412805;Žïár nad Sázavou 1;655368;Libušínská;è.p.;177;18;;59101;641824.97;1114108.25;2013-12-05T00:00:00
3397777;595209;Žïár nad Sázavou;;;;;412805;Žïár nad Sázavou 1;655368;Libušínská;è.p.;178;20;;59101;641813.87;1114118.90;2013-12-05T00:00:00
3397785;595209;Žïár nad Sázavou;;;;;412805;Žïár nad Sázavou 1;655368;Libušínská;è.p.;179;22;;59101;641802.86;1114129.74;2013-12-05T00:00:00
3397793;595209;Žïár nad Sázavou;;;;;412805;Žïár nad Sázavou 1;655066;Dolní;è.p.;180;24;;59101;641777.93;1114152.58;2013-12-05T00:00:00
3397807;595209;Žïár nad Sázavou;;;;;412805;Žïár nad Sázavou 1;655066;Dolní;è.p.;181;26;;59101;641767.94;1114141.77;2013-12-05T00:00:00
3397815;595209;Žïár nad Sázavou;;;;;412805;Žïár nad Sázavou 1;655066;Dolní;è.p.;182;28;;59101;641756.07;1114130.43;2013-12-05T00:00:00
3397823;595209;Žïár nad Sázavou;;;;;412805;Žïár nad Sázavou 1;655368;Libušínská;è.p.;184;24;;59101;641752.17;1114114.14;2013-12-05T00:00:00
3397831;595209;Žïár nad Sázavou;;;;;412805;Žïár nad Sázavou 1;655368;Libušínská;è.p.;185;26;;59101;641764.60;1114101.86;2013-12-05T00:00:00
3397840;595209;Žïár nad Sázavou;;;;;412805;Žïár nad Sázavou 1;655368;Libušínská;è.p.;186;28;;59101;641776.52;1114090.57;2013-12-05T00:00:00
3397858;595209;Žïár nad Sázavou;;;;;412805;Žïár nad Sázavou 1;655368;Libušínská;è.p.;187;30;;59101;641787.44;1114079.31;2013-12-05T00:00:00
3397866;595209;Žïár nad Sázavou;;;;;412805;Žïár nad Sázavou 1;655368;Libušínská;è.p.;188;32;;59101;641791.35;1114064.85;2013-12-05T00:00:00
3397874;595209;Žïár nad Sázavou;;;;;412805;Žïár nad Sázavou 1;655368;Libušínská;è.p.;189;34;;59101;641779.98;1114053.23;2013-12-05T00:00:00
3397882;595209;Žïár nad Sázavou;;;;;412805;Žïár nad Sázavou 1;655368;Libušínská;è.p.;190;36;;59101;641746.81;1114044.48;2013-12-05T00:00:00
3397891;595209;Žïár nad Sázavou;;;;;412805;Žïár nad Sázavou 1;655368;Libušínská;è.p.;191;38;;59101;641734.94;1114056.52;2013-12-05T00:00:00
3397904;595209;Žïár nad Sázavou;;;;;412805;Žïár nad Sázavou 1;655066;Dolní;è.p.;193;34;;59101;641695.12;1114066.97;2013-12-05T00:00:00
3397912;595209;Žïár nad Sázavou;;;;;412805;Žïár nad Sázavou 1;655066;Dolní;è.p.;194;36;;59101;641683.43;1114055.13;2013-12-05T00:00:00
3397921;595209;Žïár nad Sázavou;;;;;412805;Žïár nad Sázavou 1;655368;Libušínská;è.p.;195;40;;59101;641686.30;1114039.36;2013-12-05T00:00:00
3397939;595209;Žïár nad Sázavou;;;;;412805;Žïár nad Sázavou 1;655368;Libušínská;è.p.;196;42;;59101;641696.71;1114029.25;2013-12-05T00:00:00
3397947;595209;Žïár nad Sázavou;;;;;412805;Žïár nad Sázavou 1;655368;Libušínská;è.p.;198;46;;59101;641717.45;1114009.27;2013-12-05T00:00:00
3397998;595209;Žïár nad Sázavou;;;;;412805;Žïár nad Sázavou 1;655368;Libušínská;è.p.;203;11;;59101;641871.47;1114061.41;2013-12-05T00:00:00
3398005;595209;Žïár nad Sázavou;;;;;412805;Žïár nad Sázavou 1;655368;Libušínská;è.p.;204;13;;59101;641816.34;1114016.40;2013-12-05T00:00:00
3398048;595209;Žïár nad Sázavou;;;;;412805;Žïár nad Sázavou 1;655368;Libušínská;è.p.;207;19;;59101;641784.40;1113997.88;2013-12-05T00:00:00
3398064;595209;Žïár nad Sázavou;;;;;412805;Žïár nad Sázavou 1;655368;Libušínská;è.p.;208;21;;59101;641772.57;1113979.28;2013-12-05T00:00:00
3398081;595209;Žïár nad Sázavou;;;;;412805;Žïár nad Sázavou 1;655368;Libušínská;è.p.;209;23;;59101;641769.00;1113970.62;2013-12-05T00:00:00
3398102;595209;Žïár nad Sázavou;;;;;412805;Žïár nad Sázavou 1;655368;Libušínská;è.p.;210;25;;59101;641780.42;1113959.34;2013-12-05T00:00:00
3398129;595209;Žïár nad Sázavou;;;;;412805;Žïár nad Sázavou 1;655317;Kováøova;è.p.;214;4;;59101;641930.50;1114192.47;2022-11-14T00:00:00
3398145;595209;Žïár nad Sázavou;;;;;412805;Žïár nad Sázavou 1;655805;Wonkova;è.p.;225;8;;59101;641533.01;1114083.13;2014-02-13T00:00:00
3398153;595209;Žïár nad Sázavou;;;;;412805;Žïár nad Sázavou 1;656020;Žižkova;è.p.;227;1;;59101;642022.29;1114420.56;2013-12-05T00:00:00
3398161;595209;Žïár nad Sázavou;;;;;412805;Žïár nad Sázavou 1;656020;Žižkova;è.p.;228;12;;59101;642055.29;1114571.23;2013-12-05T00:00:00
3398170;595209;Žïár nad Sázavou;;;;;412805;Žïár nad Sázavou 1;656020;Žižkova;è.p.;231;3;;59101;642010.59;1114512.81;2013-12-05T00:00:00
3398188;595209;Žïár nad Sázavou;;;;;412805;Žïár nad Sázavou 1;656020;Žižkova;è.p.;233;5;;59101;642034.74;1114526.71;2013-12-05T00:00:00
3398196;595209;Žïár nad Sázavou;;;;;412805;Žïár nad Sázavou 1;656020;Žižkova;è.p.;234;7;;59101;642050.46;1114534.19;2013-12-05T00:00:00
3398200;595209;Žïár nad Sázavou;;;;;412805;Žïár nad Sázavou 1;656020;Žižkova;è.p.;235;9;;59101;642084.80;1114552.82;2013-12-05T00:00:00
3398218;595209;Žïár nad Sázavou;;;;;412805;Žïár nad Sázavou 1;656020;Žižkova;è.p.;236;13;;59101;642108.29;1114563.34;2013-12-05T00:00:00
3398226;595209;Žïár nad Sázavou;;;;;412805;Žïár nad Sázavou 1;656020;Žižkova;è.p.;237;15;;59101;642130.97;1114557.16;2013-12-05T00:00:00
3398277;595209;Žïár nad Sázavou;;;;;412805;Žïár nad Sázavou 1;656020;Žižkova;è.p.;242;2;;59101;642034.85;1114539.98;2013-12-05T00:00:00
3398285;595209;Žïár nad Sázavou;;;;;412805;Žïár nad Sázavou 1;655147;Havlíèkovo nám.;è.p.;253;5;;59101;641829.63;1114520.64;2013-12-05T00:00:00
3398293;595209;Žïár nad Sázavou;;;;;412805;Žïár nad Sázavou 1;655147;Havlíèkovo nám.;è.p.;254;7;;59101;641831.45;1114534.65;2013-12-05T00:00:00
3398307;595209;Žïár nad Sázavou;;;;;412805;Žïár nad Sázavou 1;655147;Havlíèkovo nám.;è.p.;255;9;;59101;641838.23;1114538.02;2013-12-05T00:00:00
3398315;595209;Žïár nad Sázavou;;;;;412805;Žïár nad Sázavou 1;655147;Havlíèkovo nám.;è.p.;256;11;;59101;641845.22;1114548.67;2013-12-05T00:00:00
3398323;595209;Žïár nad Sázavou;;;;;412805;Žïár nad Sázavou 1;655147;Havlíèkovo nám.;è.p.;257;13;;59101;641848.63;1114556.83;2013-12-05T00:00:00
3398331;595209;Žïár nad Sázavou;;;;;412805;Žïár nad Sázavou 1;655147;Havlíèkovo nám.;è.p.;258;15;;59101;641855.07;1114564.58;2013-12-05T00:00:00
3398340;595209;Žïár nad Sázavou;;;;;412805;Žïár nad Sázavou 1;655147;Havlíèkovo nám.;è.p.;259;17;;59101;641864.34;1114573.79;2013-12-05T00:00:00
3398358;595209;Žïár nad Sázavou;;;;;412805;Žïár nad Sázavou 1;655147;Havlíèkovo nám.;è.p.;260;19;;59101;641887.00;1114582.29;2023-11-10T00:00:00
3398366;595209;Žïár nad Sázavou;;;;;412805;Žïár nad Sázavou 1;655821;Tvrz;è.p.;262;7;;59101;641915.19;1114557.82;2013-12-05T00:00:00
3398374;595209;Žïár nad Sázavou;;;;;412805;Žïár nad Sázavou 1;655473;Nábøežní;è.p.;264;5;;59101;641989.39;1114602.64;2013-12-05T00:00:00
3398382;595209;Žïár nad Sázavou;;;;;412805;Žïár nad Sázavou 1;655473;Nábøežní;è.p.;265;6;;59101;641977.50;1114611.36;2013-12-05T00:00:00
3398391;595209;Žïár nad Sázavou;;;;;412805;Žïár nad Sázavou 1;655473;Nábøežní;è.p.;266;7;;59101;641962.78;1114617.30;2013-12-05T00:00:00
3398404;595209;Žïár nad Sázavou;;;;;412805;Žïár nad Sázavou 1;655473;Nábøežní;è.p.;268;3;;59101;641941.35;1114609.85;2013-12-05T00:00:00
3398412;595209;Žïár nad Sázavou;;;;;412805;Žïár nad Sázavou 1;655074;Dr. Drože;è.p.;269;20;;59101;642050.90;1114234.62;2013-12-05T00:00:00
3398421;595209;Žïár nad Sázavou;;;;;412805;Žïár nad Sázavou 1;655473;Nábøežní;è.p.;270;4;;59101;641970.94;1114592.69;2019-04-09T00:00:00
3398439;595209;Žïár nad Sázavou;;;;;412805;Žïár nad Sázavou 1;655473;Nábøežní;è.p.;271;2;;59101;641957.71;1114586.65;2013-12-05T00:00:00
3398447;595209;Žïár nad Sázavou;;;;;412805;Žïár nad Sázavou 1;655074;Dr. Drože;è.p.;272;12;;59101;642018.43;1114322.74;2013-12-05T00:00:00
3398455;595209;Žïár nad Sázavou;;;;;412805;Žïár nad Sázavou 1;655074;Dr. Drože;è.p.;273;10;;59101;642014.47;1114335.41;2013-12-05T00:00:00
3398463;595209;Žïár nad Sázavou;;;;;412805;Žïár nad Sázavou 1;655074;Dr. Drože;è.p.;274;14;;59101;642022.97;1114312.19;2013-12-05T00:00:00
3398471;595209;Žïár nad Sázavou;;;;;412805;Žïár nad Sázavou 1;655821;Tvrz;è.p.;276;8;;59101;641930.61;1114569.14;2013-12-05T00:00:00
3398498;595209;Žïár nad Sázavou;;;;;412805;Žïár nad Sázavou 1;655821;Tvrz;è.p.;278;10;;59101;641933.77;1114589.14;2013-12-05T00:00:00
3398501;595209;Žïár nad Sázavou;;;;;412805;Žïár nad Sázavou 1;655821;Tvrz;è.p.;279;11;;59101;641929.25;1114599.80;2013-12-05T00:00:00
3398510;595209;Žïár nad Sázavou;;;;;412805;Žïár nad Sázavou 1;655821;Tvrz;è.p.;280;3;;59101;641916.61;1114594.65;2013-12-05T00:00:00
3398528;595209;Žïár nad Sázavou;;;;;412805;Žïár nad Sázavou 1;655821;Tvrz;è.p.;281;4;;59101;641910.05;1114587.30;2020-10-14T00:00:00
3398536;595209;Žïár nad Sázavou;;;;;412805;Žïár nad Sázavou 1;655821;Tvrz;è.p.;282;5;;59101;641898.15;1114588.83;2013-12-05T00:00:00
3398544;595209;Žïár nad Sázavou;;;;;412805;Žïár nad Sázavou 1;655619;Radnièní;è.p.;283;1;;59101;641852.04;1114633.19;2013-12-05T00:00:00
3398552;595209;Žïár nad Sázavou;;;;;412805;Žïár nad Sázavou 1;655619;Radnièní;è.p.;284;2;;59101;641848.99;1114645.55;2013-12-05T00:00:00
3398561;595209;Žïár nad Sázavou;;;;;412805;Žïár nad Sázavou 1;655490;nám. Republiky;è.p.;286;22;;59101;641870.37;1114661.85;2013-12-05T00:00:00
3398579;595209;Žïár nad Sázavou;;;;;412805;Žïár nad Sázavou 1;655147;Havlíèkovo nám.;è.p.;287;46;;59101;641826.95;1114571.33;2014-02-17T00:00:00
3398595;595209;Žïár nad Sázavou;;;;;412805;Žïár nad Sázavou 1;655490;nám. Republiky;è.p.;288;42;;59101;641825.20;1114590.86;2013-12-05T00:00:00
3398609;595209;Žïár nad Sázavou;;;;;412805;Žïár nad Sázavou 1;655490;nám. Republiky;è.p.;289;40;;59101;641827.37;1114605.69;2013-12-05T00:00:00
3398617;595209;Žïár nad Sázavou;;;;;412805;Žïár nad Sázavou 1;655490;nám. Republiky;è.p.;290;38;;59101;641820.94;1114618.46;2013-12-05T00:00:00
3398625;595209;Žïár nad Sázavou;;;;;412805;Žïár nad Sázavou 1;655490;nám. Republiky;è.p.;291;34;;59101;641819.61;1114629.83;2013-12-05T00:00:00
3398633;595209;Žïár nad Sázavou;;;;;412805;Žïár nad Sázavou 1;655490;nám. Republiky;è.p.;292;32;;59101;641820.96;1114645.51;2013-12-05T00:00:00
3398641;595209;Žïár nad Sázavou;;;;;412805;Žïár nad Sázavou 1;655490;nám. Republiky;è.p.;294;24;;59101;641835.97;1114685.73;2013-12-05T00:00:00
3398650;595209;Žïár nad Sázavou;;;;;412805;Žïár nad Sázavou 1;655490;nám. Republiky;è.p.;297;36;;59101;641829.03;1114619.78;2013-12-05T00:00:00
3398668;595209;Žïár nad Sázavou;;;;;412805;Žïár nad Sázavou 1;656020;Žižkova;è.p.;300;16;;59101;642130.20;1114592.61;2013-12-05T00:00:00
3398676;595209;Žïár nad Sázavou;;;;;412805;Žïár nad Sázavou 1;;;è.p.;310;;;59101;640188.08;1117283.50;2015-11-13T00:00:00
3398684;595209;Žïár nad Sázavou;;;;;412805;Žïár nad Sázavou 1;655821;Tvrz;è.p.;314;2;;59101;641922.28;1114602.74;2018-04-10T00:00:00
3398692;595209;Žïár nad Sázavou;;;;;412805;Žïár nad Sázavou 1;655902;Veselská;è.p.;315;54;;59101;642256.81;1115021.38;2013-12-05T00:00:00
3398722;595209;Žïár nad Sázavou;;;;;412805;Žïár nad Sázavou 1;654965;Barákova;è.p.;321;4;;59101;642377.14;1114941.60;2013-12-05T00:00:00
3398731;595209;Žïár nad Sázavou;;;;;412805;Žïár nad Sázavou 1;655210;Jamská;è.p.;322;27;;59101;641184.21;1115002.95;2013-12-05T00:00:00
3398749;595209;Žïár nad Sázavou;;;;;412805;Žïár nad Sázavou 1;655015;Brnìnská;è.p.;326;34;;59101;641040.72;1115761.22;2013-12-05T00:00:00
3398757;595209;Žïár nad Sázavou;;;;;412805;Žïár nad Sázavou 1;655473;Nábøežní;è.p.;327;1;;59101;641912.28;1114541.67;2013-12-05T00:00:00
3398765;595209;Žïár nad Sázavou;;;;;412805;Žïár nad Sázavou 1;655821;Tvrz;è.p.;329;1;;59101;641924.12;1114625.79;2013-12-05T00:00:00
3398781;595209;Žïár nad Sázavou;;;;;412805;Žïár nad Sázavou 1;655473;Nábøežní;è.p.;337;8;;59101;641983.04;1114626.33;2013-12-05T00:00:00
3398790;595209;Žïár nad Sázavou;;;;;412805;Žïár nad Sázavou 1;655210;Jamská;è.p.;338;21;;59101;641243.45;1114985.81;2013-12-05T00:00:00
3398811;595209;Žïár nad Sázavou;;;;;412805;Žïár nad Sázavou 1;654965;Barákova;è.p.;347;2;;59101;642360.00;1114956.00;2013-12-05T00:00:00
3398889;595209;Žïár nad Sázavou;;;;;412805;Žïár nad Sázavou 1;655724;Strojírenská;è.p.;371;2;;59101;642145.53;1115204.91;2013-12-05T00:00:00
3398897;595209;Žïár nad Sázavou;;;;;412805;Žïár nad Sázavou 1;655724;Strojírenská;è.p.;374;21;;59101;642647.10;1114787.81;2013-12-05T00:00:00
3398901;595209;Žïár nad Sázavou;;;;;412805;Žïár nad Sázavou 1;655724;Strojírenská;è.p.;375;20;;59101;642490.22;1114816.21;2013-12-05T00:00:00
3398960;595209;Žïár nad Sázavou;;;;;412805;Žïár nad Sázavou 1;655015;Brnìnská;è.p.;391;8;;59101;641372.32;1115250.59;2013-12-05T00:00:00
3398978;595209;Žïár nad Sázavou;;;;;412805;Žïár nad Sázavou 1;655244;Jiøího z Podìbrad;è.p.;392;5;;59101;642231.09;1115159.30;2013-12-05T00:00:00
3398994;595209;Žïár nad Sázavou;;;;;412805;Žïár nad Sázavou 1;655244;Jiøího z Podìbrad;è.p.;394;1;;59101;642214.15;1115165.25;2013-12-05T00:00:00
3399001;595209;Žïár nad Sázavou;;;;;412805;Žïár nad Sázavou 1;655180;Husova;è.p.;395;5;;59101;642000.07;1114890.90;2013-12-05T00:00:00
3399010;595209;Žïár nad Sázavou;;;;;412805;Žïár nad Sázavou 1;655724;Strojírenská;è.p.;396;4;;59101;642273.47;1115215.52;2014-02-17T00:00:00
3399028;595209;Žïár nad Sázavou;;;;;412805;Žïár nad Sázavou 1;655236;Jihlavská;è.p.;397;10;;59101;641344.57;1115881.85;2013-12-05T00:00:00
3399036;595209;Žïár nad Sázavou;;;;;412805;Žïár nad Sázavou 1;655244;Jiøího z Podìbrad;è.p.;398;11;;59101;642273.90;1115111.87;2013-12-05T00:00:00
3399044;595209;Žïár nad Sázavou;;;;;412805;Žïár nad Sázavou 1;655244;Jiøího z Podìbrad;è.p.;399;7;;59101;642249.04;1115139.96;2013-12-05T00:00:00
3399052;595209;Žïár nad Sázavou;;;;;412805;Žïár nad Sázavou 1;654981;Binkova;è.p.;400;9;;59101;642266.94;1115118.96;2013-12-05T00:00:00
3399061;595209;Žïár nad Sázavou;;;;;412805;Žïár nad Sázavou 1;655244;Jiøího z Podìbrad;è.p.;401;13;;59101;642281.33;1115102.98;2013-12-05T00:00:00
3399079;595209;Žïár nad Sázavou;;;;;412805;Žïár nad Sázavou 1;655244;Jiøího z Podìbrad;è.p.;402;15;;59101;642290.97;1115094.11;2013-12-05T00:00:00
3399087;595209;Žïár nad Sázavou;;;;;412805;Žïár nad Sázavou 1;654981;Binkova;è.p.;403;5;;59101;642225.69;1115079.10;2013-12-05T00:00:00
3399095;595209;Žïár nad Sázavou;;;;;412864;Žïár nad Sázavou 6;655104;Dvoøákova;è.p.;404;4;;59101;641854.20;1115253.90;2014-02-14T00:00:00
3399109;595209;Žïár nad Sázavou;;;;;412805;Žïár nad Sázavou 1;655724;Strojírenská;è.p.;405;9;;59101;642169.08;1115170.81;2013-12-05T00:00:00
3399117;595209;Žïár nad Sázavou;;;;;412805;Žïár nad Sázavou 1;655112;Smeykalova;è.p.;406;6;;59101;642233.64;1115070.11;2013-12-05T00:00:00
3399125;595209;Žïár nad Sázavou;;;;;412805;Žïár nad Sázavou 1;654981;Binkova;è.p.;407;7;;59101;642247.95;1115098.47;2013-12-05T00:00:00
3399133;595209;Žïár nad Sázavou;;;;;412805;Žïár nad Sázavou 1;655112;Smeykalova;è.p.;408;1;;59101;642240.86;1115094.20;2013-12-05T00:00:00
3399141;595209;Žïár nad Sázavou;;;;;412805;Žïár nad Sázavou 1;654981;Binkova;è.p.;409;6;;59101;642193.17;1115079.72;2013-12-05T00:00:00
3399150;595209;Žïár nad Sázavou;;;;;412805;Žïár nad Sázavou 1;654981;Binkova;è.p.;410;4;;59101;642181.98;1115070.06;2013-12-05T00:00:00
3399168;595209;Žïár nad Sázavou;;;;;412805;Žïár nad Sázavou 1;654981;Binkova;è.p.;411;2;;59101;642166.02;1115061.97;2013-12-05T00:00:00
3399176;595209;Žïár nad Sázavou;;;;;412805;Žïár nad Sázavou 1;655112;Smeykalova;è.p.;412;4;;59101;642240.56;1115062.52;2013-12-05T00:00:00
3399184;595209;Žïár nad Sázavou;;;;;412805;Žïár nad Sázavou 1;654981;Binkova;è.p.;413;1;;59101;642185.08;1115052.26;2024-05-07T00:00:00
3399192;595209;Žïár nad Sázavou;;;;;412805;Žïár nad Sázavou 1;655937;Vrchlického;è.p.;414;12;;59101;642193.45;1115030.23;2013-12-05T00:00:00
3399206;595209;Žïár nad Sázavou;;;;;412805;Žïár nad Sázavou 1;655937;Vrchlického;è.p.;415;14;;59101;642204.67;1115029.47;2014-03-03T00:00:00
3399214;595209;Žïár nad Sázavou;;;;;412805;Žïár nad Sázavou 1;655724;Strojírenská;è.p.;417;5;;59101;642142.97;1115167.19;2013-12-05T00:00:00
3399222;595209;Žïár nad Sázavou;;;;;412805;Žïár nad Sázavou 1;655724;Strojírenská;è.p.;418;3;;59101;642130.72;1115165.34;2013-12-05T00:00:00
3399231;595209;Žïár nad Sázavou;;;;;412805;Žïár nad Sázavou 1;655937;Vrchlického;è.p.;419;8;;59101;642130.40;1115091.85;2013-12-05T00:00:00
3399249;595209;Žïár nad Sázavou;;;;;412805;Žïár nad Sázavou 1;655937;Vrchlického;è.p.;420;6;;59101;642124.95;1115094.84;2013-12-05T00:00:00
3399257;595209;Žïár nad Sázavou;;;;;412805;Žïár nad Sázavou 1;655937;Vrchlického;è.p.;421;4;;59101;642112.27;1115103.29;2013-12-05T00:00:00
3399265;595209;Žïár nad Sázavou;;;;;412805;Žïár nad Sázavou 1;655660;Sadová;è.p.;423;5;;59101;641966.15;1115069.93;2013-12-05T00:00:00
3399290;595209;Žïár nad Sázavou;;;;;412805;Žïár nad Sázavou 1;655481;Nádražní;è.p.;427;10;;59101;641839.86;1114873.19;2013-12-05T00:00:00
3399303;595209;Žïár nad Sázavou;;;;;412805;Žïár nad Sázavou 1;655481;Nádražní;è.p.;429;14;;59101;641845.15;1114896.17;2013-12-05T00:00:00
3399311;595209;Žïár nad Sázavou;;;;;412805;Žïár nad Sázavou 1;655481;Nádražní;è.p.;430;16;;59101;641848.99;1114906.93;2013-12-05T00:00:00
3399320;595209;Žïár nad Sázavou;;;;;412805;Žïár nad Sázavou 1;655481;Nádražní;è.p.;431;18;;59101;641850.83;1114916.97;2013-12-05T00:00:00
3399338;595209;Žïár nad Sázavou;;;;;412805;Žïár nad Sázavou 1;655481;Nádražní;è.p.;432;22;;59101;641854.84;1114935.62;2013-12-05T00:00:00
3399346;595209;Žïár nad Sázavou;;;;;412805;Žïár nad Sázavou 1;655252;Jungmannova;è.p.;435;15;;59101;641442.19;1113891.18;2014-02-13T00:00:00
3399362;595209;Žïár nad Sázavou;;;;;412805;Žïár nad Sázavou 1;655252;Jungmannova;è.p.;437;17;;59101;641431.25;1113871.58;2014-02-19T00:00:00
3399371;595209;Žïár nad Sázavou;;;;;412805;Žïár nad Sázavou 1;655481;Nádražní;è.p.;438;30;;59101;641880.08;1115021.43;2013-12-05T00:00:00
3399401;595209;Žïár nad Sázavou;;;;;412805;Žïár nad Sázavou 1;655481;Nádražní;è.p.;440;20;;59101;641852.62;1114924.64;2013-12-05T00:00:00
3399419;595209;Žïár nad Sázavou;;;;;412805;Žïár nad Sázavou 1;655112;Smeykalova;è.p.;441;2;;59101;642252.65;1115046.29;2013-12-05T00:00:00
3399427;595209;Žïár nad Sázavou;;;;;412805;Žïár nad Sázavou 1;655481;Nádražní;è.p.;442;24;;59101;641862.60;1114966.54;2013-12-05T00:00:00
3399435;595209;Žïár nad Sázavou;;;;;412805;Žïár nad Sázavou 1;655210;Jamská;è.p.;444;29;;59101;641167.47;1115008.34;2013-12-05T00:00:00
3399460;595209;Žïár nad Sázavou;;;;;412805;Žïár nad Sázavou 1;655104;Dvoøákova;è.p.;447;10;;59101;642168.00;1115297.29;2013-12-05T00:00:00
3399478;595209;Žïár nad Sázavou;;;;;412805;Žïár nad Sázavou 1;655104;Dvoøákova;è.p.;448;12;;59101;642176.79;1115298.06;2013-12-05T00:00:00
3399486;595209;Žïár nad Sázavou;;;;;412805;Žïár nad Sázavou 1;655708;Smíchov;è.p.;449;4;;59101;642220.15;1115369.17;2013-12-05T00:00:00
3399494;595209;Žïár nad Sázavou;;;;;412805;Žïár nad Sázavou 1;655708;Smíchov;è.p.;450;6;;59101;642210.71;1115367.96;2013-12-05T00:00:00
3399508;595209;Žïár nad Sázavou;;;;;412805;Žïár nad Sázavou 1;655708;Smíchov;è.p.;451;8;;59101;642195.06;1115366.09;2013-12-05T00:00:00
3399516;595209;Žïár nad Sázavou;;;;;412805;Žïár nad Sázavou 1;655708;Smíchov;è.p.;452;10;;59101;642186.09;1115365.40;2013-12-05T00:00:00
3399541;595209;Žïár nad Sázavou;;;;;412805;Žïár nad Sázavou 1;655481;Nádražní;è.p.;455;27;;59101;641906.23;1115019.46;2013-12-05T00:00:00
3399559;595209;Žïár nad Sázavou;;;;;412805;Žïár nad Sázavou 1;655481;Nádražní;è.p.;456;15;;59101;641874.15;1114898.15;2013-12-05T00:00:00
3399567;595209;Žïár nad Sázavou;;;;;412805;Žïár nad Sázavou 1;655481;Nádražní;è.p.;457;13;;59101;641869.54;1114878.90;2013-12-05T00:00:00
3399575;595209;Žïár nad Sázavou;;;;;412805;Žïár nad Sázavou 1;655481;Nádražní;è.p.;458;7;;59101;641859.70;1114849.03;2013-12-05T00:00:00
3399591;595209;Žïár nad Sázavou;;;;;412805;Žïár nad Sázavou 1;655481;Nádražní;è.p.;463;25;;59101;641904.06;1115005.17;2013-12-05T00:00:00
3399605;595209;Žïár nad Sázavou;;;;;412805;Žïár nad Sázavou 1;655481;Nádražní;è.p.;464;33;;59101;641922.27;1115072.53;2013-12-05T00:00:00
3399613;595209;Žïár nad Sázavou;;;;;412805;Žïár nad Sázavou 1;655015;Brnìnská;è.p.;465;4;;59101;641414.21;1115209.09;2013-12-05T00:00:00
3399621;595209;Žïár nad Sázavou;;;;;412805;Žïár nad Sázavou 1;655015;Brnìnská;è.p.;466;12;;59101;641358.45;1115291.74;2013-12-05T00:00:00
3399630;595209;Žïár nad Sázavou;;;;;412805;Žïár nad Sázavou 1;655651;Rybníèek;è.p.;467;7;;59101;641357.45;1115282.17;2013-12-05T00:00:00
3399648;595209;Žïár nad Sázavou;;;;;412805;Žïár nad Sázavou 1;655252;Jungmannova;è.p.;470;6;;59101;641557.43;1113972.11;2013-12-05T00:00:00
3399699;595209;Žïár nad Sázavou;;;;;412805;Žïár nad Sázavou 1;655112;Smeykalova;è.p.;478;3;;59101;642281.60;1115050.19;2013-12-05T00:00:00
3399702;595209;Žïár nad Sázavou;;;;;412805;Žïár nad Sázavou 1;655830;Tyršova;è.p.;480;1;;59101;641830.04;1114971.17;2013-12-05T00:00:00
3399711;595209;Žïár nad Sázavou;;;;;412805;Žïár nad Sázavou 1;655694;Smetanova;è.p.;481;13;;59101;641656.74;1115101.69;2013-12-05T00:00:00
3399729;595209;Žïár nad Sázavou;;;;;412805;Žïár nad Sázavou 1;655694;Smetanova;è.p.;483;9;;59101;641608.26;1115099.49;2013-12-05T00:00:00
3399745;595209;Žïár nad Sázavou;;;;;412805;Žïár nad Sázavou 1;655902;Veselská;è.p.;487;60;;59101;642288.01;1115058.57;2013-12-05T00:00:00
3399753;595209;Žïár nad Sázavou;;;;;412805;Žïár nad Sázavou 1;655244;Jiøího z Podìbrad;è.p.;488;17;;59101;642304.71;1115077.81;2013-12-05T00:00:00
3399761;595209;Žïár nad Sázavou;;;;;412805;Žïár nad Sázavou 1;655481;Nádražní;è.p.;493;5;;59101;641861.83;1114828.87;2020-06-10T00:00:00
3399770;595209;Žïár nad Sázavou;;;;;412805;Žïár nad Sázavou 1;655481;Nádražní;è.p.;494;23;;59101;641895.38;1114971.76;2013-12-05T00:00:00
3399788;595209;Žïár nad Sázavou;;;;;412805;Žïár nad Sázavou 1;655180;Husova;è.p.;495;1;;59101;641918.68;1114901.14;2013-12-05T00:00:00
3399796;595209;Žïár nad Sázavou;;;;;412805;Žïár nad Sázavou 1;655481;Nádražní;è.p.;496;29;;59101;641911.43;1115035.48;2013-12-05T00:00:00
3399800;595209;Žïár nad Sázavou;;;;;412805;Žïár nad Sázavou 1;655481;Nádražní;è.p.;497;31;;59101;641915.46;1115050.42;2013-12-05T00:00:00
3399818;595209;Žïár nad Sázavou;;;;;412805;Žïár nad Sázavou 1;655694;Smetanova;è.p.;503;14;;59101;641617.20;1115121.93;2013-12-05T00:00:00
3399826;595209;Žïár nad Sázavou;;;;;412805;Žïár nad Sázavou 1;655694;Smetanova;è.p.;504;12;;59101;641598.73;1115118.53;2013-12-05T00:00:00
3399834;595209;Žïár nad Sázavou;;;;;412805;Žïár nad Sázavou 1;655210;Jamská;è.p.;505;17;;59101;641276.86;1114976.04;2013-12-05T00:00:00
3399842;595209;Žïár nad Sázavou;;;;;412805;Žïár nad Sázavou 1;655830;Tyršova;è.p.;506;13;;59101;641684.15;1115109.44;2013-12-05T00:00:00
3399851;595209;Žïár nad Sázavou;;;;;412805;Žïár nad Sázavou 1;655830;Tyršova;è.p.;507;11;;59101;641707.23;1115086.52;2013-12-05T00:00:00
3399869;595209;Žïár nad Sázavou;;;;;412805;Žïár nad Sázavou 1;655830;Tyršova;è.p.;508;9;;59101;641724.86;1115068.95;2013-12-05T00:00:00
3399877;595209;Žïár nad Sázavou;;;;;412805;Žïár nad Sázavou 1;655694;Smetanova;è.p.;509;8;;59101;641582.82;1115118.14;2013-12-05T00:00:00
3399885;595209;Žïár nad Sázavou;;;;;412805;Žïár nad Sázavou 1;655694;Smetanova;è.p.;510;6;;59101;641564.91;1115114.98;2013-12-05T00:00:00
3399893;595209;Žïár nad Sázavou;;;;;412805;Žïár nad Sázavou 1;655210;Jamská;è.p.;511;19;;59101;641267.10;1114980.62;2013-12-05T00:00:00
3399907;595209;Žïár nad Sázavou;;;;;412805;Žïár nad Sázavou 1;655481;Nádražní;è.p.;512;8;;59101;641835.03;1114858.96;2013-12-05T00:00:00
3399915;595209;Žïár nad Sázavou;;;;;412805;Žïár nad Sázavou 1;655708;Smíchov;è.p.;513;2;;59101;642228.71;1115329.54;2013-12-05T00:00:00
3399931;595209;Žïár nad Sázavou;;;;;412805;Žïár nad Sázavou 1;655481;Nádražní;è.p.;515;32;;59101;641882.72;1115032.10;2013-12-05T00:00:00
3399940;595209;Žïár nad Sázavou;;;;;412805;Žïár nad Sázavou 1;655082;Drdlova;è.p.;516;15;;59101;642018.29;1115052.92;2013-12-05T00:00:00
3399958;595209;Žïár nad Sázavou;;;;;412805;Žïár nad Sázavou 1;655210;Jamská;è.p.;517;15;;59101;641295.97;1114971.35;2013-12-05T00:00:00
3399966;595209;Žïár nad Sázavou;;;;;412805;Žïár nad Sázavou 1;655481;Nádražní;è.p.;518;6;;59101;641828.54;1114846.99;2013-12-05T00:00:00
3399974;595209;Žïár nad Sázavou;;;;;412805;Žïár nad Sázavou 1;655210;Jamská;è.p.;519;13;;59101;641308.65;1114966.95;2018-08-23T00:00:00
3399982;595209;Žïár nad Sázavou;;;;;412805;Žïár nad Sázavou 1;655694;Smetanova;è.p.;520;4;;59101;641555.60;1115114.28;2013-12-05T00:00:00
3399991;595209;Žïár nad Sázavou;;;;;412805;Žïár nad Sázavou 1;655694;Smetanova;è.p.;521;16;;59101;641623.37;1115123.17;2013-12-05T00:00:00
3400000;595209;Žïár nad Sázavou;;;;;412805;Žïár nad Sázavou 1;655082;Drdlova;è.p.;522;20;;59101;641986.89;1115064.41;2013-12-05T00:00:00
3400018;595209;Žïár nad Sázavou;;;;;412805;Žïár nad Sázavou 1;655082;Drdlova;è.p.;523;13;;59101;642011.63;1115033.68;2013-12-05T00:00:00
3400026;595209;Žïár nad Sázavou;;;;;412805;Žïár nad Sázavou 1;655074;Dr. Drože;è.p.;524;22;;59101;642066.20;1114210.73;2013-12-05T00:00:00
3400034;595209;Žïár nad Sázavou;;;;;412805;Žïár nad Sázavou 1;655180;Husova;è.p.;525;12;;59101;642078.21;1114903.33;2013-12-05T00:00:00
3400042;595209;Žïár nad Sázavou;;;;;412805;Žïár nad Sázavou 1;655694;Smetanova;è.p.;526;7;;59101;641590.71;1115098.03;2013-12-05T00:00:00
3400051;595209;Žïár nad Sázavou;;;;;412805;Žïár nad Sázavou 1;655724;Strojírenská;è.p.;527;1;;59101;642093.07;1115149.52;2013-12-05T00:00:00
3400069;595209;Žïár nad Sázavou;;;;;412805;Žïár nad Sázavou 1;655058;Doležalovo nám.;è.p.;528;3;;59101;641751.41;1114977.02;2013-12-05T00:00:00
3400077;595209;Žïár nad Sázavou;;;;;412805;Žïár nad Sázavou 1;655180;Husova;è.p.;529;2;;59101;641923.96;1114945.92;2013-12-05T00:00:00
3400085;595209;Žïár nad Sázavou;;;;;412805;Žïár nad Sázavou 1;655082;Drdlova;è.p.;530;11;;59101;642009.58;1115025.49;2013-12-05T00:00:00
3400093;595209;Žïár nad Sázavou;;;;;412805;Žïár nad Sázavou 1;655082;Drdlova;è.p.;531;2;;59101;641959.94;1114963.52;2013-12-05T00:00:00
3400107;595209;Žïár nad Sázavou;;;;;412805;Žïár nad Sázavou 1;655660;Sadová;è.p.;532;9;;59101;642069.88;1115025.56;2013-12-05T00:00:00
3400115;595209;Žïár nad Sázavou;;;;;412805;Žïár nad Sázavou 1;655180;Husova;è.p.;533;4;;59101;641952.09;1114939.52;2013-12-05T00:00:00
3400123;595209;Žïár nad Sázavou;;;;;412805;Žïár nad Sázavou 1;655481;Nádražní;è.p.;534;28;;59101;641880.41;1115004.16;2020-03-04T00:00:00
3400131;595209;Žïár nad Sázavou;;;;;412805;Žïár nad Sázavou 1;655082;Drdlova;è.p.;535;6;;59101;641968.73;1114994.69;2013-12-05T00:00:00
3400140;595209;Žïár nad Sázavou;;;;;412805;Žïár nad Sázavou 1;655082;Drdlova;è.p.;536;8;;59101;641970.96;1115003.71;2013-12-05T00:00:00
3400158;595209;Žïár nad Sázavou;;;;;412805;Žïár nad Sázavou 1;655082;Drdlova;è.p.;537;10;;59101;641975.22;1115017.97;2013-12-05T00:00:00
3400166;595209;Žïár nad Sázavou;;;;;412805;Žïár nad Sázavou 1;655082;Drdlova;è.p.;538;14;;59101;641977.27;1115025.39;2013-12-05T00:00:00
3400174;595209;Žïár nad Sázavou;;;;;412805;Žïár nad Sázavou 1;655082;Drdlova;è.p.;539;16;;59101;641980.50;1115037.90;2013-12-05T00:00:00
3400182;595209;Žïár nad Sázavou;;;;;412805;Žïár nad Sázavou 1;655198;Hutaøova;è.p.;542;1;;59101;641808.77;1115006.64;2024-11-19T00:00:00
3400191;595209;Žïár nad Sázavou;;;;;412805;Žïár nad Sázavou 1;655198;Hutaøova;è.p.;543;3;;59101;641815.43;1115020.06;2013-12-05T00:00:00
3400204;595209;Žïár nad Sázavou;;;;;412805;Žïár nad Sázavou 1;656020;Žižkova;è.p.;544;11;;59101;642093.22;1114557.75;2013-12-05T00:00:00
3400212;595209;Žïár nad Sázavou;;;;;412805;Žïár nad Sázavou 1;655082;Drdlova;è.p.;545;4;;59101;641963.89;1114981.59;2013-12-05T00:00:00
3400221;595209;Žïár nad Sázavou;;;;;412805;Žïár nad Sázavou 1;655082;Drdlova;è.p.;547;5;;59101;641997.49;1114981.52;2013-12-05T00:00:00
3400239;595209;Žïár nad Sázavou;;;;;412805;Žïár nad Sázavou 1;655015;Brnìnská;è.p.;548;13;;59101;641467.76;1115194.22;2013-12-05T00:00:00
3400247;595209;Žïár nad Sázavou;;;;;412805;Žïár nad Sázavou 1;655694;Smetanova;è.p.;550;5;;59101;641567.65;1115096.19;2013-12-05T00:00:00
3400255;595209;Žïár nad Sázavou;;;;;412805;Žïár nad Sázavou 1;655082;Drdlova;è.p.;551;3;;59101;641993.53;1114965.76;2013-12-05T00:00:00
3400263;595209;Žïár nad Sázavou;;;;;412805;Žïár nad Sázavou 1;655180;Husova;è.p.;552;6;;59101;641985.08;1114931.52;2013-12-05T00:00:00
3400271;595209;Žïár nad Sázavou;;;;;412805;Žïár nad Sázavou 1;655490;nám. Republiky;è.p.;553;26;;59101;641811.95;1114681.21;2013-12-05T00:00:00
3400280;595209;Žïár nad Sázavou;;;;;412805;Žïár nad Sázavou 1;655155;Hálkova;è.p.;554;15;;59101;642121.48;1114977.13;2013-12-05T00:00:00
3400298;595209;Žïár nad Sázavou;;;;;412805;Žïár nad Sázavou 1;655155;Hálkova;è.p.;555;13;;59101;642108.93;1114966.57;2023-10-27T00:00:00
3400301;595209;Žïár nad Sázavou;;;;;412805;Žïár nad Sázavou 1;655155;Hálkova;è.p.;556;11;;59101;642100.51;1114960.76;2013-12-05T00:00:00
3400310;595209;Žïár nad Sázavou;;;;;412805;Žïár nad Sázavou 1;655155;Hálkova;è.p.;557;1;;59101;642055.10;1114910.99;2013-12-05T00:00:00
3400328;595209;Žïár nad Sázavou;;;;;412805;Žïár nad Sázavou 1;655180;Husova;è.p.;558;10;;59101;642036.44;1114916.86;2013-12-05T00:00:00
3400336;595209;Žïár nad Sázavou;;;;;412805;Žïár nad Sázavou 1;655155;Hálkova;è.p.;559;6;;59101;642065.38;1114953.41;2013-12-05T00:00:00
3400344;595209;Žïár nad Sázavou;;;;;412805;Žïár nad Sázavou 1;655155;Hálkova;è.p.;560;8;;59101;642071.84;1114959.88;2013-12-05T00:00:00
3400352;595209;Žïár nad Sázavou;;;;;412805;Žïár nad Sázavou 1;655155;Hálkova;è.p.;561;10;;59101;642081.27;1114971.58;2013-12-05T00:00:00
3400361;595209;Žïár nad Sázavou;;;;;412805;Žïár nad Sázavou 1;655155;Hálkova;è.p.;562;12;;59101;642087.12;1114978.47;2013-12-05T00:00:00
3400379;595209;Žïár nad Sázavou;;;;;412805;Žïár nad Sázavou 1;655155;Hálkova;è.p.;563;14;;59101;642100.19;1114998.35;2013-12-05T00:00:00
3400387;595209;Žïár nad Sázavou;;;;;412805;Žïár nad Sázavou 1;655660;Sadová;è.p.;564;13;;59101;642094.47;1115004.39;2013-12-05T00:00:00
3400395;595209;Žïár nad Sázavou;;;;;412805;Žïár nad Sázavou 1;655490;nám. Republiky;è.p.;566;28;;59101;641812.69;1114673.27;2013-12-05T00:00:00
3400409;595209;Žïár nad Sázavou;;;;;412805;Žïár nad Sázavou 1;655490;nám. Republiky;è.p.;567;30;;59101;641814.67;1114665.90;2013-12-05T00:00:00
3400417;595209;Žïár nad Sázavou;;;;;412805;Žïár nad Sázavou 1;655082;Drdlova;è.p.;568;7;;59101;642002.68;1114998.71;2013-12-05T00:00:00
3400433;595209;Žïár nad Sázavou;;;;;412805;Žïár nad Sázavou 1;655660;Sadová;è.p.;572;7;;59101;642042.31;1115040.72;2013-12-05T00:00:00
3400441;595209;Žïár nad Sázavou;;;;;412805;Žïár nad Sázavou 1;655082;Drdlova;è.p.;573;1;;59101;641990.53;1114955.05;2013-12-05T00:00:00
3400468;595209;Žïár nad Sázavou;;;;;412805;Žïár nad Sázavou 1;655155;Hálkova;è.p.;576;9;;59101;642092.17;1114950.63;2013-12-05T00:00:00
3400476;595209;Žïár nad Sázavou;;;;;412805;Žïár nad Sázavou 1;655805;Wonkova;è.p.;577;4;;59101;641552.88;1114056.84;2014-02-13T00:00:00
3400484;595209;Žïár nad Sázavou;;;;;412805;Žïár nad Sázavou 1;655694;Smetanova;è.p.;580;32;;59101;641736.60;1115135.98;2013-12-05T00:00:00
3400492;595209;Žïár nad Sázavou;;;;;412805;Žïár nad Sázavou 1;655155;Hálkova;è.p.;581;5;;59101;642078.20;1114934.27;2013-12-05T00:00:00
3400506;595209;Žïár nad Sázavou;;;;;412805;Žïár nad Sázavou 1;655805;Wonkova;è.p.;582;2;;59101;641566.37;1114054.72;2014-02-13T00:00:00
3400522;595209;Žïár nad Sázavou;;;;;412805;Žïár nad Sázavou 1;655155;Hálkova;è.p.;584;7;;59101;642086.63;1114944.49;2013-12-05T00:00:00
3400531;595209;Žïár nad Sázavou;;;;;412805;Žïár nad Sázavou 1;655015;Brnìnská;è.p.;585;14;;59101;641351.52;1115303.36;2013-12-05T00:00:00
3400557;595209;Žïár nad Sázavou;;;;;412805;Žïár nad Sázavou 1;655694;Smetanova;è.p.;588;15;;59101;641726.57;1115113.45;2013-12-05T00:00:00
3400573;595209;Žïár nad Sázavou;;;;;412805;Žïár nad Sázavou 1;655198;Hutaøova;è.p.;590;5;;59101;641820.78;1115052.29;2013-12-05T00:00:00
3400581;595209;Žïár nad Sázavou;;;;;412805;Žïár nad Sázavou 1;655198;Hutaøova;è.p.;591;7;;59101;641821.81;1115062.40;2013-12-05T00:00:00
3400590;595209;Žïár nad Sázavou;;;;;412805;Žïár nad Sázavou 1;655660;Sadová;è.p.;592;3;;59101;641876.03;1115094.81;2013-12-05T00:00:00
3400603;595209;Žïár nad Sázavou;;;;;412805;Žïár nad Sázavou 1;655015;Brnìnská;è.p.;594;20;;59101;641332.21;1115334.92;2013-12-05T00:00:00
3400611;595209;Žïár nad Sázavou;;;;;412805;Žïár nad Sázavou 1;655651;Rybníèek;è.p.;595;1;;59101;641337.98;1115268.50;2013-12-05T00:00:00
3400620;595209;Žïár nad Sázavou;;;;;412805;Žïár nad Sázavou 1;655651;Rybníèek;è.p.;596;3;;59101;641325.38;1115264.00;2013-12-05T00:00:00
3400638;595209;Žïár nad Sázavou;;;;;412805;Žïár nad Sázavou 1;655660;Sadová;è.p.;597;1;;59101;641859.34;1115099.77;2013-12-05T00:00:00
3400646;595209;Žïár nad Sázavou;;;;;412805;Žïár nad Sázavou 1;655481;Nádražní;è.p.;599;19;;59101;641880.20;1114916.80;2013-12-05T00:00:00
3400654;595209;Žïár nad Sázavou;;;;;412805;Žïár nad Sázavou 1;655481;Nádražní;è.p.;600;21;;59101;641883.84;1114928.44;2013-12-05T00:00:00
3400662;595209;Žïár nad Sázavou;;;;;412805;Žïár nad Sázavou 1;655155;Hálkova;è.p.;601;2;;59101;642048.52;1114935.11;2013-12-05T00:00:00
3400689;595209;Žïár nad Sázavou;;;;;412805;Žïár nad Sázavou 1;655015;Brnìnská;è.p.;606;22;;59101;641324.56;1115346.54;2013-12-05T00:00:00
3400697;595209;Žïár nad Sázavou;;;;;412805;Žïár nad Sázavou 1;655198;Hutaøova;è.p.;607;11;;59101;641832.41;1115105.76;2013-12-05T00:00:00
3400701;595209;Žïár nad Sázavou;;;;;412805;Žïár nad Sázavou 1;656020;Žižkova;è.p.;608;18;;59101;642172.46;1114592.33;2013-12-05T00:00:00
3400719;595209;Žïár nad Sázavou;;;;;412805;Žïár nad Sázavou 1;655198;Hutaøova;è.p.;609;9;;59101;641825.36;1115079.34;2013-12-05T00:00:00
3400727;595209;Žïár nad Sázavou;;;;;412805;Žïár nad Sázavou 1;655481;Nádražní;è.p.;610;26;;59101;641872.07;1114995.34;2013-12-05T00:00:00
3400735;595209;Žïár nad Sázavou;;;;;412805;Žïár nad Sázavou 1;655961;Za Jatkami;è.p.;611;6;;59101;641272.91;1115319.84;2013-12-05T00:00:00
3400743;595209;Žïár nad Sázavou;;;;;412805;Žïár nad Sázavou 1;655015;Brnìnská;è.p.;612;18;;59101;641336.73;1115325.09;2013-12-05T00:00:00
3400751;595209;Žïár nad Sázavou;;;;;412805;Žïár nad Sázavou 1;655651;Rybníèek;è.p.;613;5;;59101;641308.22;1115251.90;2013-12-05T00:00:00
3400778;595209;Žïár nad Sázavou;;;;;412805;Žïár nad Sázavou 1;655481;Nádražní;è.p.;615;34;;59101;641886.13;1115042.92;2013-12-05T00:00:00
3400786;595209;Žïár nad Sázavou;;;;;412805;Žïár nad Sázavou 1;655961;Za Jatkami;è.p.;616;4;;59101;641286.47;1115327.97;2013-12-05T00:00:00
3400794;595209;Žïár nad Sázavou;;;;;412805;Žïár nad Sázavou 1;655961;Za Jatkami;è.p.;617;8;;59101;641261.80;1115315.22;2013-12-05T00:00:00
3400808;595209;Žïár nad Sázavou;;;;;412805;Žïár nad Sázavou 1;655694;Smetanova;è.p.;618;18;;59101;641644.46;1115125.95;2013-12-05T00:00:00
3400816;595209;Žïár nad Sázavou;;;;;412805;Žïár nad Sázavou 1;655198;Hutaøova;è.p.;620;6;;59101;641800.39;1115078.69;2013-12-05T00:00:00
3400824;595209;Žïár nad Sázavou;;;;;412805;Žïár nad Sázavou 1;655961;Za Jatkami;è.p.;621;2;;59101;641294.58;1115330.27;2013-12-05T00:00:00
3400832;595209;Žïár nad Sázavou;;;;;412805;Žïár nad Sázavou 1;655244;Jiøího z Podìbrad;è.p.;622;6;;59101;642319.75;1115114.75;2013-12-05T00:00:00
3400841;595209;Žïár nad Sázavou;;;;;412805;Žïár nad Sázavou 1;655830;Tyršova;è.p.;623;3;;59101;641791.36;1115028.08;2013-12-05T00:00:00
3400875;595209;Žïár nad Sázavou;;;;;412805;Žïár nad Sázavou 1;655830;Tyršova;è.p.;629;7;;59101;641741.13;1115054.31;2013-12-05T00:00:00
3400883;595209;Žïár nad Sázavou;;;;;412805;Žïár nad Sázavou 1;655198;Hutaøova;è.p.;630;4;;59101;641798.26;1115068.19;2013-12-05T00:00:00
3400891;595209;Žïár nad Sázavou;;;;;412805;Žïár nad Sázavou 1;655481;Nádražní;è.p.;633;2;;59101;641811.40;1114826.86;2017-11-15T00:00:00
3400905;595209;Žïár nad Sázavou;;;;;412805;Žïár nad Sázavou 1;655198;Hutaøova;è.p.;636;2;;59101;641796.17;1115053.65;2013-12-05T00:00:00
3400913;595209;Žïár nad Sázavou;;;;;412805;Žïár nad Sázavou 1;655694;Smetanova;è.p.;637;20;;59101;641654.90;1115126.91;2013-12-05T00:00:00
3400921;595209;Žïár nad Sázavou;;;;;412805;Žïár nad Sázavou 1;655252;Jungmannova;è.p.;638;11;;59101;641522.35;1113985.84;2014-02-13T00:00:00
3400930;595209;Žïár nad Sázavou;;;;;412805;Žïár nad Sázavou 1;655180;Husova;è.p.;639;14;;59101;642091.68;1114902.31;2013-12-05T00:00:00
3400948;595209;Žïár nad Sázavou;;;;;412805;Žïár nad Sázavou 1;655694;Smetanova;è.p.;640;36;;59101;641786.75;1115149.82;2013-12-05T00:00:00
3400956;595209;Žïár nad Sázavou;;;;;412805;Žïár nad Sázavou 1;655481;Nádražní;è.p.;643;4;;59101;641823.15;1114841.15;2013-12-05T00:00:00
3400964;595209;Žïár nad Sázavou;;;;;412805;Žïár nad Sázavou 1;655694;Smetanova;è.p.;644;24;;59101;641685.89;1115130.76;2013-12-05T00:00:00
3400972;595209;Žïár nad Sázavou;;;;;412805;Žïár nad Sázavou 1;655481;Nádražní;è.p.;646;38;;59101;641891.50;1115064.48;2013-12-05T00:00:00
3400981;595209;Žïár nad Sázavou;;;;;412805;Žïár nad Sázavou 1;655805;Wonkova;è.p.;648;6;;59101;641540.93;1114069.73;2014-02-19T00:00:00
3400999;595209;Žïár nad Sázavou;;;;;412805;Žïár nad Sázavou 1;655074;Dr. Drože;è.p.;649;6;;59101;642018.13;1114371.11;2013-12-05T00:00:00
3401006;595209;Žïár nad Sázavou;;;;;412805;Žïár nad Sázavou 1;655155;Hálkova;è.p.;650;4;;59101;642054.94;1114942.81;2013-12-05T00:00:00
3401014;595209;Žïár nad Sázavou;;;;;412805;Žïár nad Sázavou 1;655694;Smetanova;è.p.;651;3;;59101;641547.04;1115091.38;2013-12-05T00:00:00
3401022;595209;Žïár nad Sázavou;;;;;412805;Žïár nad Sázavou 1;655155;Hálkova;è.p.;653;3;;59101;642072.74;1114929.24;2013-12-05T00:00:00
3401031;595209;Žïár nad Sázavou;;;;;412805;Žïár nad Sázavou 1;655805;Wonkova;è.p.;654;10;;59101;641519.12;1114096.67;2014-02-13T00:00:00
3401049;595209;Žïár nad Sázavou;;;;;412805;Žïár nad Sázavou 1;655180;Husova;è.p.;655;8;;59101;642010.85;1114923.77;2013-12-05T00:00:00
3401057;595209;Žïár nad Sázavou;;;;;412805;Žïár nad Sázavou 1;655074;Dr. Drože;è.p.;659;8;;59101;642007.30;1114366.86;2013-12-05T00:00:00
3401065;595209;Žïár nad Sázavou;;;;;412805;Žïár nad Sázavou 1;655961;Za Jatkami;è.p.;660;1;;59101;641289.72;1115353.32;2013-12-05T00:00:00
3401073;595209;Žïár nad Sázavou;;;;;412805;Žïár nad Sázavou 1;654981;Binkova;è.p.;661;3;;59101;642205.57;1115062.41;2013-12-05T00:00:00
3401081;595209;Žïár nad Sázavou;;;;;412805;Žïár nad Sázavou 1;655481;Nádražní;è.p.;662;42;;59101;641897.68;1115087.68;2013-12-05T00:00:00
3401090;595209;Žïár nad Sázavou;;;;;412805;Žïár nad Sázavou 1;655694;Smetanova;è.p.;663;26;;59101;641703.23;1115134.08;2013-12-05T00:00:00
3401103;595209;Žïár nad Sázavou;;;;;412805;Žïár nad Sázavou 1;655252;Jungmannova;è.p.;665;13;;59101;641521.99;1113985.69;2014-02-13T00:00:00
3401111;595209;Žïár nad Sázavou;;;;;412805;Žïár nad Sázavou 1;655660;Sadová;è.p.;666;15;;59101;642127.70;1114970.13;2013-12-05T00:00:00
3401120;595209;Žïár nad Sázavou;;;;;412805;Žïár nad Sázavou 1;655074;Dr. Drože;è.p.;668;2;;59101;642048.13;1114367.47;2013-12-05T00:00:00
3401138;595209;Žïár nad Sázavou;;;;;412805;Žïár nad Sázavou 1;655198;Hutaøova;è.p.;669;8;;59101;641781.80;1115088.37;2013-12-05T00:00:00
3401146;595209;Žïár nad Sázavou;;;;;412805;Žïár nad Sázavou 1;655694;Smetanova;è.p.;671;1;;59101;641536.51;1115090.33;2013-12-05T00:00:00
3401154;595209;Žïár nad Sázavou;;;;;412805;Žïár nad Sázavou 1;655830;Tyršova;è.p.;673;5;;59101;641764.71;1115027.90;2020-03-04T00:00:00
3401162;595209;Žïár nad Sázavou;;;;;412805;Žïár nad Sázavou 1;655481;Nádražní;è.p.;674;40;;59101;641894.43;1115075.08;2013-12-05T00:00:00
3401171;595209;Žïár nad Sázavou;;;;;412805;Žïár nad Sázavou 1;655724;Strojírenská;è.p.;675;6;;59101;642498.74;1115460.08;2014-02-17T00:00:00
3401189;595209;Žïár nad Sázavou;;;;;412805;Žïár nad Sázavou 1;655961;Za Jatkami;è.p.;677;11;;59101;641236.34;1115326.41;2015-05-06T00:00:00
3401197;595209;Žïár nad Sázavou;;;;;412805;Žïár nad Sázavou 1;655481;Nádražní;è.p.;678;3;;59101;641843.76;1114821.21;2013-12-05T00:00:00
3401201;595209;Žïár nad Sázavou;;;;;412805;Žïár nad Sázavou 1;655694;Smetanova;è.p.;679;30;;59101;641725.18;1115135.99;2013-12-05T00:00:00
3401219;595209;Žïár nad Sázavou;;;;;412805;Žïár nad Sázavou 1;655694;Smetanova;è.p.;680;28;;59101;641718.15;1115135.09;2013-12-05T00:00:00
3401227;595209;Žïár nad Sázavou;;;;;412805;Žïár nad Sázavou 1;655244;Jiøího z Podìbrad;è.p.;681;2;;59101;642287.40;1115147.04;2013-12-05T00:00:00
3401235;595209;Žïár nad Sázavou;;;;;412805;Žïár nad Sázavou 1;655902;Veselská;è.p.;692;47;;59101;642356.61;1115083.42;2013-12-05T00:00:00
3401243;595209;Žïár nad Sázavou;;;;;412805;Žïár nad Sázavou 1;655244;Jiøího z Podìbrad;è.p.;693;8;;59101;642374.93;1115057.11;2013-12-05T00:00:00
3401251;595209;Žïár nad Sázavou;;;;;412805;Žïár nad Sázavou 1;655244;Jiøího z Podìbrad;è.p.;694;10;;59101;642403.46;1115032.49;2013-12-05T00:00:00
3401260;595209;Žïár nad Sázavou;;;;;412805;Žïár nad Sázavou 1;655198;Hutaøova;è.p.;695;10;;59101;641788.12;1115105.29;2013-12-05T00:00:00
3401278;595209;Žïár nad Sázavou;;;;;412805;Žïár nad Sázavou 1;655244;Jiøího z Podìbrad;è.p.;696;19;;59101;642390.57;1115002.05;2013-12-05T00:00:00
3401286;595209;Žïár nad Sázavou;;;;;412805;Žïár nad Sázavou 1;655074;Dr. Drože;è.p.;697;18;;59101;642034.78;1114274.64;2013-12-05T00:00:00
3401294;595209;Žïár nad Sázavou;;;;;412805;Žïár nad Sázavou 1;655694;Smetanova;è.p.;698;17;;59101;641746.31;1115117.25;2013-12-05T00:00:00
3401308;595209;Žïár nad Sázavou;;;;;412805;Žïár nad Sázavou 1;655074;Dr. Drože;è.p.;699;16;;59101;642028.20;1114293.48;2013-12-05T00:00:00
3401316;595209;Žïár nad Sázavou;;;;;412805;Žïár nad Sázavou 1;655015;Brnìnská;è.p.;700;17;;59101;641457.13;1115250.68;2013-12-05T00:00:00
3401324;595209;Žïár nad Sázavou;;;;;412805;Žïár nad Sázavou 1;655074;Dr. Drože;è.p.;701;4;;59101;642029.88;1114368.93;2013-12-05T00:00:00
3401332;595209;Žïár nad Sázavou;;;;;412805;Žïár nad Sázavou 1;655244;Jiøího z Podìbrad;è.p.;702;4;;59101;642306.30;1115125.88;2013-12-05T00:00:00
3401341;595209;Žïár nad Sázavou;;;;;412805;Žïár nad Sázavou 1;655244;Jiøího z Podìbrad;è.p.;704;21;;59101;642398.01;1114994.43;2013-12-05T00:00:00
3401359;595209;Žïár nad Sázavou;;;;;412805;Žïár nad Sázavou 1;655694;Smetanova;è.p.;705;22;;59101;641665.74;1115128.30;2013-12-05T00:00:00
3401367;595209;Žïár nad Sázavou;;;;;412805;Žïár nad Sázavou 1;655015;Brnìnská;è.p.;706;32;;59101;641079.40;1115716.11;2013-12-05T00:00:00
3401375;595209;Žïár nad Sázavou;;;;;412805;Žïár nad Sázavou 1;655015;Brnìnská;è.p.;707;21;;59101;641436.04;1115281.07;2013-12-05T00:00:00
3401383;595209;Žïár nad Sázavou;;;;;412805;Žïár nad Sázavou 1;655015;Brnìnská;è.p.;708;19;;59101;641442.38;1115271.87;2013-12-05T00:00:00
3401391;595209;Žïár nad Sázavou;;;;;412805;Žïár nad Sázavou 1;655015;Brnìnská;è.p.;717;23;;59101;641416.38;1115316.07;2013-12-05T00:00:00
3401405;595209;Žïár nad Sázavou;;;;;412805;Žïár nad Sázavou 1;655015;Brnìnská;è.p.;718;27;;59101;641402.76;1115354.68;2013-12-05T00:00:00
3401413;595209;Žïár nad Sázavou;;;;;412805;Žïár nad Sázavou 1;655660;Sadová;è.p.;738;11;;59101;642081.48;1115014.40;2013-12-05T00:00:00
3401421;595209;Žïár nad Sázavou;;;;;412805;Žïár nad Sázavou 1;655015;Brnìnská;è.p.;742;25;;59101;641436.87;1115363.28;2013-12-05T00:00:00
3401430;595209;Žïár nad Sázavou;;;;;412805;Žïár nad Sázavou 1;655015;Brnìnská;è.p.;758;26;;59101;641258.40;1115417.32;2013-12-05T00:00:00
3401448;595209;Žïár nad Sázavou;;;;;412805;Žïár nad Sázavou 1;655236;Jihlavská;è.p.;759;4;;59101;641400.21;1115655.06;2013-12-05T00:00:00
3401456;595209;Žïár nad Sázavou;;;;;412805;Žïár nad Sázavou 1;656097;U Malého lesa;è.p.;760;1;;59101;642841.41;1114780.61;2013-12-05T00:00:00
3401464;595209;Žïár nad Sázavou;;;;;412805;Žïár nad Sázavou 1;655694;Smetanova;è.p.;770;10;;59101;641576.13;1115138.50;2013-12-05T00:00:00
3401472;595209;Žïár nad Sázavou;;;;;412805;Žïár nad Sázavou 1;655244;Jiøího z Podìbrad;è.p.;806;23;;59101;642413.50;1114977.75;2013-12-05T00:00:00
3401481;595209;Žïár nad Sázavou;;;;;412805;Žïár nad Sázavou 1;655481;Nádražní;è.p.;807;9;;59101;641874.00;1114855.12;2020-12-03T00:00:00
3401499;595209;Žïár nad Sázavou;;;;;412805;Žïár nad Sázavou 1;655724;Strojírenská;è.p.;816;13;;59101;642426.63;1114949.95;2013-12-05T00:00:00
3401502;595209;Žïár nad Sázavou;;;;;412805;Žïár nad Sázavou 1;655546;Novomìstská;è.p.;824;24;;59101;641329.03;1114888.36;2015-11-18T00:00:00
3401511;595209;Žïár nad Sázavou;;;;;412805;Žïár nad Sázavou 1;655236;Jihlavská;è.p.;838;8;;59101;641355.53;1115888.57;2013-12-05T00:00:00
3401529;595209;Žïár nad Sázavou;;;;;412805;Žïár nad Sázavou 1;655481;Nádražní;è.p.;839;36;;59101;641888.56;1115053.93;2013-12-05T00:00:00
3401537;595209;Žïár nad Sázavou;;;;;412805;Žïár nad Sázavou 1;655546;Novomìstská;è.p.;840;9;;59101;640793.03;1115035.92;2013-12-05T00:00:00
3401545;595209;Žïár nad Sázavou;;;;;412805;Žïár nad Sázavou 1;655236;Jihlavská;è.p.;841;1;;59101;641435.10;1115586.27;2013-12-05T00:00:00
3401561;595209;Žïár nad Sázavou;;;;;412805;Žïár nad Sázavou 1;655236;Jihlavská;è.p.;975;12;;59101;641345.82;1115938.14;2015-11-13T00:00:00
3401570;595209;Žïár nad Sázavou;;;;;412805;Žïár nad Sázavou 1;655546;Novomìstská;è.p.;977;44;;59101;641178.48;1114876.86;2015-11-18T00:00:00
3401588;595209;Žïár nad Sázavou;;;;;412805;Žïár nad Sázavou 1;655546;Novomìstská;è.p.;979;46;;59101;641168.62;1114876.08;2015-11-18T00:00:00
3401596;595209;Žïár nad Sázavou;;;;;412805;Žïár nad Sázavou 1;655236;Jihlavská;è.p.;1007;2;;59101;641349.69;1115579.42;2013-12-05T00:00:00
3401600;595209;Žïár nad Sázavou;;;;;412805;Žïár nad Sázavou 1;655546;Novomìstská;è.p.;1024;38;;59101;641222.41;1114878.57;2015-11-18T00:00:00
3401618;595209;Žïár nad Sázavou;;;;;412805;Žïár nad Sázavou 1;655902;Veselská;è.p.;1087;62;;59101;642330.09;1115159.93;2013-12-05T00:00:00
3401626;595209;Žïár nad Sázavou;;;;;412805;Žïár nad Sázavou 1;655902;Veselská;è.p.;1088;49;;59101;642388.55;1115116.29;2013-12-05T00:00:00
3401634;595209;Žïár nad Sázavou;;;;;412805;Žïár nad Sázavou 1;655724;Strojírenská;è.p.;1089;14;;59101;642500.39;1114976.63;2013-12-05T00:00:00
3401642;595209;Žïár nad Sázavou;;;;;412805;Žïár nad Sázavou 1;655546;Novomìstská;è.p.;1093;30;;59101;641287.70;1114884.41;2015-11-18T00:00:00
3401651;595209;Žïár nad Sázavou;;;;;412805;Žïár nad Sázavou 1;655171;Horní;è.p.;1134;4;;59101;641626.05;1114844.68;2014-02-17T00:00:00
3401669;595209;Žïár nad Sázavou;;;;;412805;Žïár nad Sázavou 1;655236;Jihlavská;è.p.;1143;29;;59101;641352.45;1115459.15;2014-02-24T00:00:00
3401677;595209;Žïár nad Sázavou;;;;;412805;Žïár nad Sázavou 1;655015;Brnìnská;è.p.;1144;28;;59101;641160.47;1115499.14;2013-12-05T00:00:00
3401685;595209;Žïár nad Sázavou;;;;;412805;Žïár nad Sázavou 1;655236;Jihlavská;è.p.;1145;24;;59101;641431.03;1115706.44;2013-12-05T00:00:00
3401693;595209;Žïár nad Sázavou;;;;;412805;Žïár nad Sázavou 1;655015;Brnìnská;è.p.;1146;30;;59101;641112.73;1115634.86;2013-12-05T00:00:00
3401707;595209;Žïár nad Sázavou;;;;;412805;Žïár nad Sázavou 1;655236;Jihlavská;è.p.;1147;6;;59101;641453.30;1115825.91;2013-12-05T00:00:00
3401715;595209;Žïár nad Sázavou;;;;;412805;Žïár nad Sázavou 1;655236;Jihlavská;è.p.;1148;16;;59101;641675.86;1116060.53;2013-12-05T00:00:00
3401723;595209;Žïár nad Sázavou;;;;;412805;Žïár nad Sázavou 1;655236;Jihlavská;è.p.;1149;18;;59101;641466.39;1116230.10;2013-12-05T00:00:00
3401731;595209;Žïár nad Sázavou;;;;;412805;Žïár nad Sázavou 1;655694;Smetanova;è.p.;1169;34;;59101;641755.32;1115144.33;2013-12-05T00:00:00
3401740;595209;Žïár nad Sázavou;;;;;412805;Žïár nad Sázavou 1;655392;Luèiny;è.p.;1186;1;;59101;641154.20;1115372.26;2013-12-05T00:00:00
3401758;595209;Žïár nad Sázavou;;;;;412805;Žïár nad Sázavou 1;655392;Luèiny;è.p.;1187;2;;59101;641191.32;1115372.48;2013-12-05T00:00:00
3401766;595209;Žïár nad Sázavou;;;;;412805;Žïár nad Sázavou 1;655392;Luèiny;è.p.;1188;3;;59101;641148.99;1115338.36;2013-12-05T00:00:00
3401774;595209;Žïár nad Sázavou;;;;;412805;Žïár nad Sázavou 1;655392;Luèiny;è.p.;1189;4;;59101;641143.90;1115304.04;2013-12-05T00:00:00
3401782;595209;Žïár nad Sázavou;;;;;412805;Žïár nad Sázavou 1;655961;Za Jatkami;è.p.;1191;5;;59101;641267.77;1115342.02;2013-12-05T00:00:00
3401791;595209;Žïár nad Sázavou;;;;;412805;Žïár nad Sázavou 1;655961;Za Jatkami;è.p.;1192;7;;59101;641259.40;1115337.92;2013-12-05T00:00:00
3401804;595209;Žïár nad Sázavou;;;;;412805;Žïár nad Sázavou 1;655724;Strojírenská;è.p.;1208;12;;59101;642468.67;1115080.70;2013-12-05T00:00:00
3401812;595209;Žïár nad Sázavou;;;;;412805;Žïár nad Sázavou 1;655392;Luèiny;è.p.;1228;5;;59101;641223.74;1115293.58;2013-12-05T00:00:00
3401821;595209;Žïár nad Sázavou;;;;;412805;Žïár nad Sázavou 1;655392;Luèiny;è.p.;1229;6;;59101;641190.55;1115275.29;2013-12-05T00:00:00
3401839;595209;Žïár nad Sázavou;;;;;412805;Žïár nad Sázavou 1;655937;Vrchlického;è.p.;1233;10;;59101;642142.15;1115081.43;2013-12-05T00:00:00
3401847;595209;Žïár nad Sázavou;;;;;412805;Žïár nad Sázavou 1;655724;Strojírenská;è.p.;1276;8;;59101;642440.75;1115180.18;2013-12-05T00:00:00
3401855;595209;Žïár nad Sázavou;;;;;412805;Žïár nad Sázavou 1;655546;Novomìstská;è.p.;1299;11;;59101;640826.47;1115101.94;2013-12-05T00:00:00
3401871;595209;Žïár nad Sázavou;;;;;412805;Žïár nad Sázavou 1;656097;U Malého lesa;è.p.;1444;2;;59101;642524.98;1115047.59;2013-12-05T00:00:00
3401880;595209;Žïár nad Sázavou;;;;;412805;Žïár nad Sázavou 1;656097;U Malého lesa;è.p.;1445;4;;59101;642583.40;1114990.77;2013-12-05T00:00:00
3401898;595209;Žïár nad Sázavou;;;;;412805;Žïár nad Sázavou 1;656097;U Malého lesa;è.p.;1446;6;;59101;642665.18;1114954.29;2013-12-05T00:00:00
3401901;595209;Žïár nad Sázavou;;;;;412805;Žïár nad Sázavou 1;656097;U Malého lesa;è.p.;1447;8;;59101;642738.48;1114923.34;2013-12-05T00:00:00
3401910;595209;Žïár nad Sázavou;;;;;412805;Žïár nad Sázavou 1;655490;nám. Republiky;è.p.;1450;23;;59101;641767.04;1114577.34;2013-12-05T00:00:00
3401928;595209;Žïár nad Sázavou;;;;;412805;Žïár nad Sázavou 1;655236;Jihlavská;è.p.;1483;20;;59101;641563.50;1116275.88;2013-12-05T00:00:00
3401944;595209;Žïár nad Sázavou;;;;;412805;Žïár nad Sázavou 1;655490;nám. Republiky;è.p.;1488;1;;59101;641660.09;1114790.70;2013-12-05T00:00:00
3401952;595209;Žïár nad Sázavou;;;;;412805;Žïár nad Sázavou 1;655147;Havlíèkovo nám.;è.p.;1489;3;;59101;641848.43;1114470.20;2014-02-13T00:00:00
3401961;595209;Žïár nad Sázavou;;;;;412805;Žïár nad Sázavou 1;655210;Jamská;è.p.;1494;23;;59101;641225.05;1114991.40;2013-12-05T00:00:00
3401987;595209;Žïár nad Sázavou;;;;;412805;Žïár nad Sázavou 1;655252;Jungmannova;è.p.;1496;10;;59101;641591.31;1113849.79;2013-12-05T00:00:00
3402002;595209;Žïár nad Sázavou;;;;;412805;Žïár nad Sázavou 1;655180;Husova;è.p.;1665;7;;59101;642032.47;1114881.64;2013-12-05T00:00:00
3402011;595209;Žïár nad Sázavou;;;;;412805;Žïár nad Sázavou 1;655210;Jamská;è.p.;1670;30;;59101;640921.37;1115309.78;2022-03-02T00:00:00
3402029;595209;Žïár nad Sázavou;;;;;412805;Žïár nad Sázavou 1;655368;Libušínská;è.p.;1672;1;;59101;641861.54;1114117.84;2014-09-26T00:00:00
3402037;595209;Žïár nad Sázavou;;;;;412805;Žïár nad Sázavou 1;655252;Jungmannova;è.p.;1675;2;;59101;641567.94;1113732.75;2013-12-05T00:00:00
3402045;595209;Žïár nad Sázavou;;;;;412805;Žïár nad Sázavou 1;655074;Dr. Drože;è.p.;1676;24;;59101;642048.92;1114253.29;2013-12-05T00:00:00
3402061;595209;Žïár nad Sázavou;;;;;412805;Žïár nad Sázavou 1;655171;Horní;è.p.;1679;22;;59101;641604.48;1115023.70;2013-12-05T00:00:00
3402088;595209;Žïár nad Sázavou;;;;;412805;Žïár nad Sázavou 1;655171;Horní;è.p.;1681;26;;59101;641591.17;1114992.94;2013-12-05T00:00:00
3402096;595209;Žïár nad Sázavou;;;;;412805;Žïár nad Sázavou 1;655171;Horní;è.p.;1682;28;;59101;641548.25;1115051.04;2013-12-05T00:00:00
3402100;595209;Žïár nad Sázavou;;;;;412805;Žïár nad Sázavou 1;656097;U Malého lesa;è.p.;1683;12;;59101;642674.15;1115029.37;2014-05-28T00:00:00
3402118;595209;Žïár nad Sázavou;;;;;412805;Žïár nad Sázavou 1;655171;Horní;è.p.;1687;30;;59101;641643.05;1114964.28;2013-12-05T00:00:00
3402126;595209;Žïár nad Sázavou;;;;;412805;Žïár nad Sázavou 1;655112;Smeykalova;è.p.;1689;8;;59101;642262.38;1115038.95;2013-12-05T00:00:00
3402142;595209;Žïár nad Sázavou;;;;;412805;Žïár nad Sázavou 1;655171;Horní;è.p.;1692;32;;59101;641667.85;1114927.53;2013-12-05T00:00:00
3402151;595209;Žïár nad Sázavou;;;;;412805;Žïár nad Sázavou 1;655112;Smeykalova;è.p.;1695;10;;59101;642247.23;1115054.90;2013-12-05T00:00:00
3402169;595209;Žïár nad Sázavou;;;;;412805;Žïár nad Sázavou 1;655490;nám. Republiky;è.p.;1697;51;;59101;641744.25;1114647.05;2013-12-05T00:00:00
3402177;595209;Žïár nad Sázavou;;;;;412805;Žïár nad Sázavou 1;655619;Radnièní;è.p.;1698;4;;59101;641859.54;1114654.76;2013-12-05T00:00:00
3402185;595209;Žïár nad Sázavou;;;;;412805;Žïár nad Sázavou 1;655066;Dolní;è.p.;1724;37;;59101;641654.73;1114140.19;2020-03-15T00:00:00
3402193;595209;Žïár nad Sázavou;;;;;412805;Žïár nad Sázavou 1;655066;Dolní;è.p.;1725;35;;59101;641603.89;1114088.19;2020-03-15T00:00:00
3402207;595209;Žïár nad Sázavou;;;;;412805;Žïár nad Sázavou 1;655066;Dolní;è.p.;1726;33;;59101;641613.98;1114098.41;2020-03-15T00:00:00
3402215;595209;Žïár nad Sázavou;;;;;412805;Žïár nad Sázavou 1;655066;Dolní;è.p.;1727;31;;59101;641624.33;1114108.75;2020-03-15T00:00:00
3402223;595209;Žïár nad Sázavou;;;;;412805;Žïár nad Sázavou 1;655066;Dolní;è.p.;1728;29;;59101;641634.55;1114119.88;2020-03-15T00:00:00
3402231;595209;Žïár nad Sázavou;;;;;412805;Žïár nad Sázavou 1;655066;Dolní;è.p.;1729;27;;59101;641644.51;1114130.23;2020-03-15T00:00:00
3402240;595209;Žïár nad Sázavou;;;;;412805;Žïár nad Sázavou 1;655066;Dolní;è.p.;1730;25;;59101;641671.95;1114145.73;2013-12-05T00:00:00
3402258;595209;Žïár nad Sázavou;;;;;412805;Žïár nad Sázavou 1;655066;Dolní;è.p.;1731;23;;59101;641690.85;1114170.43;2013-12-05T00:00:00
3402266;595209;Žïár nad Sázavou;;;;;412805;Žïár nad Sázavou 1;655066;Dolní;è.p.;1732;21;;59101;641698.44;1114182.28;2013-12-05T00:00:00
3402274;595209;Žïár nad Sázavou;;;;;412805;Žïár nad Sázavou 1;655066;Dolní;è.p.;1733;19;;59101;641706.19;1114194.55;2013-12-05T00:00:00
3402282;595209;Žïár nad Sázavou;;;;;412805;Žïár nad Sázavou 1;655066;Dolní;è.p.;1734;17;;59101;641713.18;1114207.41;2013-12-05T00:00:00
3402291;595209;Žïár nad Sázavou;;;;;412805;Žïár nad Sázavou 1;655066;Dolní;è.p.;1735;15;;59101;641721.44;1114219.67;2013-12-05T00:00:00
3402304;595209;Žïár nad Sázavou;;;;;412805;Žïár nad Sázavou 1;655066;Dolní;è.p.;1736;13;;59101;641729.02;1114231.77;2013-12-05T00:00:00
3402312;595209;Žïár nad Sázavou;;;;;412805;Žïár nad Sázavou 1;655066;Dolní;è.p.;1738;9;;59101;641739.08;1114263.86;2013-12-05T00:00:00
3402321;595209;Žïár nad Sázavou;;;;;412805;Žïár nad Sázavou 1;655066;Dolní;è.p.;1739;7;;59101;641738.05;1114278.79;2013-12-05T00:00:00
3402339;595209;Žïár nad Sázavou;;;;;412805;Žïár nad Sázavou 1;655066;Dolní;è.p.;1740;5;;59101;641737.79;1114293.28;2013-12-05T00:00:00
3402347;595209;Žïár nad Sázavou;;;;;412805;Žïár nad Sázavou 1;656097;U Malého lesa;è.p.;1782;14;;59101;642643.81;1115046.73;2013-12-05T00:00:00
3402355;595209;Žïár nad Sázavou;;;;;412805;Žïár nad Sázavou 1;655252;Jungmannova;è.p.;1783;25;;59101;641519.21;1113970.78;2014-02-14T00:00:00
3402363;595209;Žïár nad Sázavou;;;;;412805;Žïár nad Sázavou 1;656097;U Malého lesa;è.p.;1784;5;;59101;642883.73;1114742.66;2013-12-05T00:00:00
3402371;595209;Žïár nad Sázavou;;;;;412805;Žïár nad Sázavou 1;655490;nám. Republiky;è.p.;1785;49;;59101;641620.81;1114660.35;2013-12-05T00:00:00
3402398;595209;Žïár nad Sázavou;;;;;412805;Žïár nad Sázavou 1;655481;Nádražní;è.p.;2119;69;;59101;641871.33;1114888.59;2013-12-05T00:00:00
3402401;595209;Žïár nad Sázavou;;;;;412805;Žïár nad Sázavou 1;655252;Jungmannova;è.p.;2184;14;;59101;641594.40;1113989.44;2013-12-05T00:00:00
3402428;595209;Žïár nad Sázavou;;;;;412805;Žïár nad Sázavou 1;655015;Brnìnská;è.p.;2188;42;;59101;641096.21;1115545.66;2013-12-05T00:00:00
3402436;595209;Žïár nad Sázavou;;;;;412805;Žïár nad Sázavou 1;655210;Jamská;è.p.;2191;33;;59101;640747.89;1115456.13;2014-02-26T00:00:00
3402444;595209;Žïár nad Sázavou;;;;;412805;Žïár nad Sázavou 1;655015;Brnìnská;è.p.;2197;44;;59101;641061.72;1115997.41;2013-12-05T00:00:00
3402452;595209;Žïár nad Sázavou;;;;;412805;Žïár nad Sázavou 1;655724;Strojírenská;è.p.;2199;22;;59101;642619.60;1114769.41;2013-12-05T00:00:00
3402461;595209;Žïár nad Sázavou;;;;;412805;Žïár nad Sázavou 1;655724;Strojírenská;è.p.;2200;24;;59101;642799.67;1115153.61;2013-12-05T00:00:00
3402479;595209;Žïár nad Sázavou;;;;;412805;Žïár nad Sázavou 1;655724;Strojírenská;è.p.;2201;26;;59101;642841.06;1115106.60;2013-12-05T00:00:00
3402487;595209;Žïár nad Sázavou;;;;;412805;Žïár nad Sázavou 1;655015;Brnìnská;è.p.;2207;46;;59101;640797.43;1116399.40;2013-12-05T00:00:00
3402495;595209;Žïár nad Sázavou;;;;;412805;Žïár nad Sázavou 1;655236;Jihlavská;è.p.;2208;22;;59101;641535.22;1116240.26;2015-11-13T00:00:00
3402517;595209;Žïár nad Sázavou;;;;;412805;Žïár nad Sázavou 1;655724;Strojírenská;è.p.;2210;28;;59101;642041.94;1115221.84;2015-04-20T00:00:00
3402525;595209;Žïár nad Sázavou;;;;;412805;Žïár nad Sázavou 1;655210;Jamská;è.p.;2216;36;;59101;641133.38;1114935.49;2014-10-15T00:00:00
3402533;595209;Žïár nad Sázavou;;;;;412805;Žïár nad Sázavou 1;655660;Sadová;è.p.;2237;17;;59101;641942.57;1115075.72;2013-12-05T00:00:00
3402541;595209;Žïár nad Sázavou;;;;;412805;Žïár nad Sázavou 1;;;è.ev.;1;;;59101;640444.08;1116140.33;2013-12-05T00:00:00
3402550;595209;Žïár nad Sázavou;;;;;412805;Žïár nad Sázavou 1;;;è.ev.;2;;;59101;640427.49;1116138.06;2013-12-05T00:00:00
3402568;595209;Žïár nad Sázavou;;;;;412805;Žïár nad Sázavou 1;;;è.ev.;3;;;59101;640419.76;1116122.97;2013-12-05T00:00:00
3402576;595209;Žïár nad Sázavou;;;;;412805;Žïár nad Sázavou 1;;;è.ev.;4;;;59101;640402.64;1116124.50;2013-12-05T00:00:00
3402584;595209;Žïár nad Sázavou;;;;;412805;Žïár nad Sázavou 1;;;è.ev.;5;;;59101;640393.53;1116113.46;2013-12-05T00:00:00
3402592;595209;Žïár nad Sázavou;;;;;412805;Žïár nad Sázavou 1;;;è.ev.;6;;;59101;640376.35;1116116.04;2013-12-05T00:00:00
3402606;595209;Žïár nad Sázavou;;;;;412805;Žïár nad Sázavou 1;;;è.ev.;7;;;59101;640365.29;1116102.96;2013-12-05T00:00:00
3402614;595209;Žïár nad Sázavou;;;;;412805;Žïár nad Sázavou 1;;;è.ev.;8;;;59101;640346.41;1116102.62;2013-12-05T00:00:00
3402649;595209;Žïár nad Sázavou;;;;;412805;Žïár nad Sázavou 1;;;è.ev.;11;;;59101;640306.76;1116082.31;2013-12-05T00:00:00
3402657;595209;Žïár nad Sázavou;;;;;412805;Žïár nad Sázavou 1;;;è.ev.;12;;;59101;640245.87;1116021.64;2013-12-05T00:00:00
3402665;595209;Žïár nad Sázavou;;;;;412805;Žïár nad Sázavou 1;;;è.ev.;13;;;59101;640346.69;1116129.52;2013-12-05T00:00:00
3402673;595209;Žïár nad Sázavou;;;;;412805;Žïár nad Sázavou 1;;;è.ev.;14;;;59101;640363.36;1116137.63;2013-12-05T00:00:00
3402681;595209;Žïár nad Sázavou;;;;;412805;Žïár nad Sázavou 1;;;è.ev.;15;;;59101;640374.54;1116163.83;2019-06-24T00:00:00
3402690;595209;Žïár nad Sázavou;;;;;412805;Žïár nad Sázavou 1;;;è.ev.;16;;;59101;640388.33;1116165.53;2013-12-05T00:00:00
3402703;595209;Žïár nad Sázavou;;;;;412805;Žïár nad Sázavou 1;;;è.ev.;17;;;59101;640396.02;1116188.18;2013-12-05T00:00:00
3402711;595209;Žïár nad Sázavou;;;;;412805;Žïár nad Sázavou 1;;;è.ev.;18;;;59101;640414.19;1116189.37;2013-12-05T00:00:00
3402738;595209;Žïár nad Sázavou;;;;;412805;Žïár nad Sázavou 1;;;è.ev.;20;;;59101;640121.82;1115991.41;2013-12-05T00:00:00
3402746;595209;Žïár nad Sázavou;;;;;412805;Žïár nad Sázavou 1;;;è.ev.;21;;;59101;640123.44;1116004.28;2013-12-05T00:00:00
3402754;595209;Žïár nad Sázavou;;;;;412805;Žïár nad Sázavou 1;;;è.ev.;22;;;59101;640134.05;1116019.07;2013-12-05T00:00:00
3402762;595209;Žïár nad Sázavou;;;;;412805;Žïár nad Sázavou 1;;;è.ev.;23;;;59101;640147.99;1116026.84;2013-12-05T00:00:00
3402771;595209;Žïár nad Sázavou;;;;;412805;Žïár nad Sázavou 1;;;è.ev.;24;;;59101;640164.42;1116037.28;2013-12-05T00:00:00
3402789;595209;Žïár nad Sázavou;;;;;412805;Žïár nad Sázavou 1;;;è.ev.;25;;;59101;640160.32;1116056.80;2013-12-05T00:00:00
3402797;595209;Žïár nad Sázavou;;;;;412805;Žïár nad Sázavou 1;;;è.ev.;26;;;59101;640178.35;1116062.53;2013-12-05T00:00:00
3402801;595209;Žïár nad Sázavou;;;;;412805;Žïár nad Sázavou 1;;;è.ev.;27;;;59101;640200.45;1116062.85;2013-12-05T00:00:00
3402819;595209;Žïár nad Sázavou;;;;;412805;Žïár nad Sázavou 1;;;è.ev.;28;;;59101;640184.11;1116092.81;2013-12-05T00:00:00
3402827;595209;Žïár nad Sázavou;;;;;412805;Žïár nad Sázavou 1;;;è.ev.;29;;;59101;640195.16;1116100.98;2013-12-05T00:00:00
3402835;595209;Žïár nad Sázavou;;;;;412805;Žïár nad Sázavou 1;;;è.ev.;30;;;59101;640191.03;1116121.14;2013-12-05T00:00:00
3402843;595209;Žïár nad Sázavou;;;;;412805;Žïár nad Sázavou 1;;;è.ev.;31;;;59101;640188.20;1116141.10;2013-12-05T00:00:00
3402851;595209;Žïár nad Sázavou;;;;;412805;Žïár nad Sázavou 1;;;è.ev.;32;;;59101;640201.58;1116149.24;2013-12-05T00:00:00
3402860;595209;Žïár nad Sázavou;;;;;412805;Žïár nad Sázavou 1;;;è.ev.;33;;;59101;640204.28;1116171.19;2013-12-05T00:00:00
3402878;595209;Žïár nad Sázavou;;;;;412805;Žïár nad Sázavou 1;;;è.ev.;34;;;59101;640218.59;1116170.74;2013-12-05T00:00:00
3402886;595209;Žïár nad Sázavou;;;;;412805;Žïár nad Sázavou 1;;;è.ev.;35;;;59101;640225.27;1116153.03;2013-12-05T00:00:00
3402894;595209;Žïár nad Sázavou;;;;;412805;Žïár nad Sázavou 1;;;è.ev.;36;;;59101;640214.43;1116205.41;2013-12-05T00:00:00
3402908;595209;Žïár nad Sázavou;;;;;412805;Žïár nad Sázavou 1;;;è.ev.;37;;;59101;640317.04;1116217.39;2013-12-05T00:00:00
3402916;595209;Žïár nad Sázavou;;;;;412805;Žïár nad Sázavou 1;;;è.ev.;38;;;59101;640348.14;1116186.44;2013-12-05T00:00:00
3402924;595209;Žïár nad Sázavou;;;;;412805;Žïár nad Sázavou 1;;;è.ev.;39;;;59101;640287.92;1116096.26;2013-12-05T00:00:00
3402932;595209;Žïár nad Sázavou;;;;;412805;Žïár nad Sázavou 1;;;è.ev.;41;;;59101;640313.69;1116125.57;2013-12-05T00:00:00
3402941;595209;Žïár nad Sázavou;;;;;412805;Žïár nad Sázavou 1;;;è.ev.;42;;;59101;640294.67;1116177.76;2013-12-05T00:00:00
3402959;595209;Žïár nad Sázavou;;;;;412805;Žïár nad Sázavou 1;;;è.ev.;43;;;59101;640356.98;1116169.10;2013-12-05T00:00:00
3402967;595209;Žïár nad Sázavou;;;;;412805;Žïár nad Sázavou 1;;;è.ev.;45;;;59101;640385.09;1116212.82;2013-12-05T00:00:00
3402983;595209;Žïár nad Sázavou;;;;;412805;Žïár nad Sázavou 1;;;è.ev.;47;;;59101;640361.70;1116215.09;2013-12-05T00:00:00
3402991;595209;Žïár nad Sázavou;;;;;412805;Žïár nad Sázavou 1;;;è.ev.;49;;;59101;640340.45;1116236.97;2013-12-05T00:00:00
3403009;595209;Žïár nad Sázavou;;;;;412805;Žïár nad Sázavou 1;;;è.ev.;50;;;59101;640248.92;1116371.59;2013-12-05T00:00:00
3403017;595209;Žïár nad Sázavou;;;;;412805;Žïár nad Sázavou 1;;;è.ev.;51;;;59101;640192.44;1116349.30;2013-12-05T00:00:00
3403025;595209;Žïár nad Sázavou;;;;;412805;Žïár nad Sázavou 1;;;è.ev.;52;;;59101;640193.13;1116365.27;2013-12-05T00:00:00
3403033;595209;Žïár nad Sázavou;;;;;412805;Žïár nad Sázavou 1;;;è.ev.;54;;;59101;640170.52;1116346.08;2013-12-05T00:00:00
3403041;595209;Žïár nad Sázavou;;;;;412805;Žïár nad Sázavou 1;;;è.ev.;55;;;59101;640145.10;1116300.34;2022-12-06T00:00:00
3403050;595209;Žïár nad Sázavou;;;;;412805;Žïár nad Sázavou 1;;;è.ev.;56;;;59101;640130.03;1116330.09;2013-12-05T00:00:00
3403068;595209;Žïár nad Sázavou;;;;;412805;Žïár nad Sázavou 1;;;è.ev.;58;;;59101;640101.33;1116372.76;2013-12-05T00:00:00
3403076;595209;Žïár nad Sázavou;;;;;412805;Žïár nad Sázavou 1;;;è.ev.;59;;;59101;640071.68;1116390.28;2013-12-05T00:00:00
3403084;595209;Žïár nad Sázavou;;;;;412805;Žïár nad Sázavou 1;;;è.ev.;60;;;59101;640172.09;1116295.28;2013-12-05T00:00:00
3403092;595209;Žïár nad Sázavou;;;;;412805;Žïár nad Sázavou 1;;;è.ev.;61;;;59101;640173.23;1116269.99;2013-12-05T00:00:00
3403106;595209;Žïár nad Sázavou;;;;;412805;Žïár nad Sázavou 1;;;è.ev.;62;;;59101;640194.36;1116298.41;2013-12-05T00:00:00
3403114;595209;Žïár nad Sázavou;;;;;412805;Žïár nad Sázavou 1;;;è.ev.;63;;;59101;640200.52;1116270.07;2013-12-05T00:00:00
3403122;595209;Žïár nad Sázavou;;;;;412805;Žïár nad Sázavou 1;;;è.ev.;64;;;59101;640267.98;1116245.67;2013-12-05T00:00:00
3403131;595209;Žïár nad Sázavou;;;;;412805;Žïár nad Sázavou 1;;;è.ev.;65;;;59101;639856.27;1116465.03;2013-12-05T00:00:00
3403149;595209;Žïár nad Sázavou;;;;;412805;Žïár nad Sázavou 1;;;è.ev.;66;;;59101;639834.94;1116476.65;2013-12-05T00:00:00
3403157;595209;Žïár nad Sázavou;;;;;412805;Žïár nad Sázavou 1;;;è.ev.;67;;;59101;639832.24;1116490.94;2013-12-05T00:00:00
3403165;595209;Žïár nad Sázavou;;;;;412805;Žïár nad Sázavou 1;;;è.ev.;68;;;59101;639824.96;1116502.01;2013-12-05T00:00:00
3403173;595209;Žïár nad Sázavou;;;;;412805;Žïár nad Sázavou 1;;;è.ev.;69;;;59101;639823.67;1116519.12;2013-12-05T00:00:00
3403181;595209;Žïár nad Sázavou;;;;;412805;Žïár nad Sázavou 1;;;è.ev.;70;;;59101;639811.77;1116529.99;2013-12-05T00:00:00
3403190;595209;Žïár nad Sázavou;;;;;412805;Žïár nad Sázavou 1;;;è.ev.;71;;;59101;639793.37;1116570.68;2013-12-05T00:00:00
3403203;595209;Žïár nad Sázavou;;;;;412805;Žïár nad Sázavou 1;;;è.ev.;72;;;59101;639649.89;1116747.98;2013-12-05T00:00:00
3403211;595209;Žïár nad Sázavou;;;;;412805;Žïár nad Sázavou 1;;;è.ev.;73;;;59101;640233.46;1116407.36;2013-12-05T00:00:00
3403220;595209;Žïár nad Sázavou;;;;;412805;Žïár nad Sázavou 1;;;è.ev.;74;;;59101;640287.81;1116066.11;2013-12-05T00:00:00
3403238;595209;Žïár nad Sázavou;;;;;412805;Žïár nad Sázavou 1;;;è.ev.;75;;;59101;640122.40;1116162.72;2013-12-05T00:00:00
3403254;595209;Žïár nad Sázavou;;;;;412805;Žïár nad Sázavou 1;;;è.ev.;77;;;59101;640132.68;1116125.33;2013-12-05T00:00:00
3403262;595209;Žïár nad Sázavou;;;;;412805;Žïár nad Sázavou 1;;;è.ev.;78;;;59101;640152.70;1116117.94;2013-12-05T00:00:00
3403271;595209;Žïár nad Sázavou;;;;;412805;Žïár nad Sázavou 1;;;è.ev.;79;;;59101;640150.85;1116139.92;2013-12-05T00:00:00
3403289;595209;Žïár nad Sázavou;;;;;412805;Žïár nad Sázavou 1;;;è.ev.;80;;;59101;640157.19;1116162.37;2013-12-05T00:00:00
3403301;595209;Žïár nad Sázavou;;;;;412805;Žïár nad Sázavou 1;;;è.ev.;82;;;59101;640304.46;1116206.82;2025-07-16T00:00:00
3403335;595209;Žïár nad Sázavou;;;;;412805;Žïár nad Sázavou 1;;;è.ev.;85;;;59101;640297.43;1116050.99;2013-12-05T00:00:00
3403343;595209;Žïár nad Sázavou;;;;;412805;Žïár nad Sázavou 1;;;è.ev.;86;;;59101;640181.29;1116224.91;2013-12-05T00:00:00
3403351;595209;Žïár nad Sázavou;;;;;412805;Žïár nad Sázavou 1;;;è.ev.;87;;;59101;640263.63;1116192.84;2014-09-11T00:00:00
3403378;595209;Žïár nad Sázavou;;;;;412805;Žïár nad Sázavou 1;;;è.ev.;89;;;59101;640356.46;1116232.61;2013-12-05T00:00:00
3403386;595209;Žïár nad Sázavou;;;;;412805;Žïár nad Sázavou 1;;;è.ev.;90;;;59101;639814.72;1116544.24;2013-12-05T00:00:00
3403394;595209;Žïár nad Sázavou;;;;;412805;Žïár nad Sázavou 1;;;è.ev.;91;;;59101;640339.03;1116147.53;2021-11-24T00:00:00
3403408;595209;Žïár nad Sázavou;;;;;412805;Žïár nad Sázavou 1;;;è.ev.;92;;;59101;640333.26;1116110.40;2013-12-05T00:00:00
3403416;595209;Žïár nad Sázavou;;;;;412805;Žïár nad Sázavou 1;;;è.ev.;94;;;59101;640234.70;1116062.38;2022-07-04T00:00:00
3403432;595209;Žïár nad Sázavou;;;;;412805;Žïár nad Sázavou 1;;;è.ev.;100;;;59101;640158.20;1116254.67;2023-09-26T00:00:00
3403441;595209;Žïár nad Sázavou;;;;;412805;Žïár nad Sázavou 1;;;è.ev.;103;;;59101;640163.31;1116185.94;2022-04-14T00:00:00
3403459;595209;Žïár nad Sázavou;;;;;412805;Žïár nad Sázavou 1;;;è.ev.;104;;;59101;640138.72;1116251.99;2013-12-05T00:00:00
3403475;595209;Žïár nad Sázavou;;;;;412805;Žïár nad Sázavou 1;;;è.ev.;107;;;59101;640228.41;1116049.98;2013-12-05T00:00:00
3403483;595209;Žïár nad Sázavou;;;;;412805;Žïár nad Sázavou 1;;;è.ev.;108;;;59101;640227.57;1116045.29;2015-09-29T00:00:00
3403491;595209;Žïár nad Sázavou;;;;;412805;Žïár nad Sázavou 1;;;è.ev.;109;;;59101;640306.07;1116272.58;2013-12-05T00:00:00
3403505;595209;Žïár nad Sázavou;;;;;412805;Žïár nad Sázavou 1;;;è.ev.;110;;;59101;640464.32;1116096.12;2013-12-05T00:00:00
3403513;595209;Žïár nad Sázavou;;;;;412805;Žïár nad Sázavou 1;;;è.ev.;113;;;59101;640280.19;1116082.37;2013-12-05T00:00:00
3403521;595209;Žïár nad Sázavou;;;;;412805;Žïár nad Sázavou 1;;;è.ev.;114;;;59101;640041.27;1116225.13;2013-12-05T00:00:00
3403530;595209;Žïár nad Sázavou;;;;;412805;Žïár nad Sázavou 1;;;è.ev.;115;;;59101;640334.45;1116260.68;2014-01-06T00:00:00
3403548;595209;Žïár nad Sázavou;;;;;412805;Žïár nad Sázavou 1;;;è.ev.;117;;;59101;640148.24;1116210.03;2013-12-05T00:00:00
3403556;595209;Žïár nad Sázavou;;;;;412805;Žïár nad Sázavou 1;;;è.ev.;118;;;59101;640279.91;1116219.98;2013-12-05T00:00:00
3403564;595209;Žïár nad Sázavou;;;;;412805;Žïár nad Sázavou 1;;;è.ev.;119;;;59101;639803.38;1116592.44;2013-12-05T00:00:00
3403572;595209;Žïár nad Sázavou;;;;;412805;Žïár nad Sázavou 1;;;è.ev.;120;;;59101;640120.91;1116234.31;2013-12-05T00:00:00
3403581;595209;Žïár nad Sázavou;;;;;412805;Žïár nad Sázavou 1;;;è.ev.;121;;;59101;640273.55;1116303.46;2013-12-05T00:00:00
3403599;595209;Žïár nad Sázavou;;;;;412805;Žïár nad Sázavou 1;;;è.ev.;122;;;59101;640436.16;1116156.72;2013-12-05T00:00:00
3403602;595209;Žïár nad Sázavou;;;;;412805;Žïár nad Sázavou 1;;;è.ev.;123;;;59101;640241.95;1116083.28;2013-12-05T00:00:00
3403611;595209;Žïár nad Sázavou;;;;;412805;Žïár nad Sázavou 1;;;è.ev.;124;;;59101;640101.17;1116243.37;2013-12-05T00:00:00
3403629;595209;Žïár nad Sázavou;;;;;412805;Žïár nad Sázavou 1;;;è.ev.;125;;;59101;640283.94;1116319.34;2013-12-05T00:00:00
3403637;595209;Žïár nad Sázavou;;;;;412805;Žïár nad Sázavou 1;;;è.ev.;126;;;59101;640277.48;1116291.63;2013-12-05T00:00:00
3403653;595209;Žïár nad Sázavou;;;;;412813;Žïár nad Sázavou 2;655988;Zámek;è.p.;1;1;;59102;641732.09;1112357.84;2013-12-05T00:00:00
3403661;595209;Žïár nad Sázavou;;;;;412813;Žïár nad Sázavou 2;655988;Zámek;è.p.;2;2;;59102;641699.34;1112461.83;2013-12-05T00:00:00
3403670;595209;Žïár nad Sázavou;;;;;412813;Žïár nad Sázavou 2;655988;Zámek;è.p.;3;3;;59102;641755.13;1112451.07;2013-12-05T00:00:00
3403688;595209;Žïár nad Sázavou;;;;;412813;Žïár nad Sázavou 2;655988;Zámek;è.p.;4;4;;59102;641754.89;1112474.13;2013-12-05T00:00:00
3403696;595209;Žïár nad Sázavou;;;;;412813;Žïár nad Sázavou 2;655988;Zámek;è.p.;5;5;;59102;641751.28;1112502.13;2013-12-05T00:00:00
3403700;595209;Žïár nad Sázavou;;;;;412813;Žïár nad Sázavou 2;655988;Zámek;è.p.;6;6;;59102;641781.95;1112518.72;2013-12-05T00:00:00
3403726;595209;Žïár nad Sázavou;;;;;412813;Žïár nad Sázavou 2;655988;Zámek;è.p.;8;8;;59102;641822.29;1112573.57;2013-12-05T00:00:00
3403734;595209;Žïár nad Sázavou;;;;;412813;Žïár nad Sázavou 2;655988;Zámek;è.p.;9;9;;59102;641829.95;1112466.93;2013-12-05T00:00:00
3403742;595209;Žïár nad Sázavou;;;;;412813;Žïár nad Sázavou 2;655988;Zámek;è.p.;10;10;;59102;641829.93;1112430.40;2013-12-05T00:00:00
3403751;595209;Žïár nad Sázavou;;;;;412813;Žïár nad Sázavou 2;655678;Santiniho;è.p.;11;13;;59102;641837.67;1112309.20;2013-12-05T00:00:00
3403769;595209;Žïár nad Sázavou;;;;;412813;Žïár nad Sázavou 2;655678;Santiniho;è.p.;12;17;;59102;641822.71;1112269.44;2013-12-05T00:00:00
3403777;595209;Žïár nad Sázavou;;;;;412813;Žïár nad Sázavou 2;655988;Zámek;è.p.;13;13;;59102;641565.82;1112462.54;2013-12-05T00:00:00
3403785;595209;Žïár nad Sázavou;;;;;412813;Žïár nad Sázavou 2;655678;Santiniho;è.p.;14;21;;59102;641857.05;1112187.89;2013-12-05T00:00:00
3403793;595209;Žïár nad Sázavou;;;;;412813;Žïár nad Sázavou 2;655678;Santiniho;è.p.;15;29;;59102;641840.29;1112115.68;2013-12-05T00:00:00
3403807;595209;Žïár nad Sázavou;;;;;412813;Žïár nad Sázavou 2;655678;Santiniho;è.p.;16;25;;59102;641873.89;1112144.53;2013-12-05T00:00:00
3403815;595209;Žïár nad Sázavou;;;;;412813;Žïár nad Sázavou 2;655678;Santiniho;è.p.;17;27;;59102;641884.22;1112100.37;2013-12-05T00:00:00
3403823;595209;Žïár nad Sázavou;;;;;412813;Žïár nad Sázavou 2;655678;Santiniho;è.p.;20;26;;59101;642008.85;1112039.57;2013-12-05T00:00:00
3403874;595209;Žïár nad Sázavou;;;;;412813;Žïár nad Sázavou 2;655678;Santiniho;è.p.;27;12;;59102;641908.16;1112260.39;2013-12-05T00:00:00
3403891;595209;Žïár nad Sázavou;;;;;412813;Žïár nad Sázavou 2;655091;Dvorská;è.p.;29;1;;59102;641890.03;1112327.82;2013-12-05T00:00:00
3403904;595209;Žïár nad Sázavou;;;;;412813;Žïár nad Sázavou 2;655091;Dvorská;è.p.;30;7;;59102;642071.05;1112300.76;2013-12-05T00:00:00
3403912;595209;Žïár nad Sázavou;;;;;412813;Žïár nad Sázavou 2;655091;Dvorská;è.p.;31;31;;59102;642322.17;1112212.06;2013-12-05T00:00:00
3403921;595209;Žïár nad Sázavou;;;;;412813;Žïár nad Sázavou 2;655716;Starý dvùr;è.p.;32;1;;59102;642853.36;1112569.97;2013-12-05T00:00:00
3403939;595209;Žïár nad Sázavou;;;;;412813;Žïár nad Sázavou 2;655091;Dvorská;è.p.;33;16;;59102;642183.25;1112432.50;2013-12-05T00:00:00
3403947;595209;Žïár nad Sázavou;;;;;412813;Žïár nad Sázavou 2;655091;Dvorská;è.p.;34;10;;59102;641947.53;1112304.68;2013-12-05T00:00:00
3403955;595209;Žïár nad Sázavou;;;;;412813;Žïár nad Sázavou 2;655678;Santiniho;è.p.;35;15;;59102;641810.78;1112352.32;2013-12-05T00:00:00
3403963;595209;Žïár nad Sázavou;;;;;412813;Žïár nad Sázavou 2;655091;Dvorská;è.p.;37;37;;59102;642360.96;1112236.88;2013-12-05T00:00:00
3403971;595209;Žïár nad Sázavou;;;;;412813;Žïár nad Sázavou 2;655678;Santiniho;è.p.;38;4;;59102;641860.38;1112671.57;2013-12-05T00:00:00
3403980;595209;Žïár nad Sázavou;;;;;412813;Žïár nad Sázavou 2;654973;Bezruèova;è.p.;39;4;;59101;641727.72;1113228.09;2014-10-23T00:00:00
3403998;595209;Žïár nad Sázavou;;;;;412813;Žïár nad Sázavou 2;655741;Sychrova;è.p.;40;3;;59102;641702.68;1112798.36;2013-12-05T00:00:00
3404005;595209;Žïár nad Sázavou;;;;;412813;Žïár nad Sázavou 2;655741;Sychrova;è.p.;42;14;;59102;641596.75;1112751.34;2013-12-05T00:00:00
3404013;595209;Žïár nad Sázavou;;;;;412813;Žïár nad Sázavou 2;655741;Sychrova;è.p.;43;16;;59102;641647.96;1112742.06;2013-12-05T00:00:00
3404021;595209;Žïár nad Sázavou;;;;;412813;Žïár nad Sázavou 2;655741;Sychrova;è.p.;44;10;;59102;641647.24;1112781.58;2013-12-05T00:00:00
3404048;595209;Žïár nad Sázavou;;;;;412813;Žïár nad Sázavou 2;655678;Santiniho;è.p.;47;1;;59102;641775.40;1112752.79;2013-12-05T00:00:00
3404056;595209;Žïár nad Sázavou;;;;;412813;Žïár nad Sázavou 2;655678;Santiniho;è.p.;48;3;;59102;641789.08;1112719.90;2013-12-05T00:00:00
3404064;595209;Žïár nad Sázavou;;;;;412813;Žïár nad Sázavou 2;655678;Santiniho;è.p.;49;5;;59102;641799.33;1112699.25;2013-12-05T00:00:00
3404072;595209;Žïár nad Sázavou;;;;;412813;Žïár nad Sázavou 2;655678;Santiniho;è.p.;50;9;;59102;641811.51;1112672.93;2013-12-05T00:00:00
3404081;595209;Žïár nad Sázavou;;;;;412813;Žïár nad Sázavou 2;655741;Sychrova;è.p.;51;4;;59102;641726.45;1112766.40;2013-12-05T00:00:00
3404099;595209;Žïár nad Sázavou;;;;;412813;Žïár nad Sázavou 2;655741;Sychrova;è.p.;52;7;;59102;641622.02;1112823.27;2020-10-19T00:00:00
3404102;595209;Žïár nad Sázavou;;;;;412813;Žïár nad Sázavou 2;655988;Zámek;è.p.;53;11;;59102;641793.60;1112424.79;2021-07-12T00:00:00
3404129;595209;Žïár nad Sázavou;;;;;412813;Žïár nad Sázavou 2;655091;Dvorská;è.p.;55;11;;59102;642108.88;1112319.44;2013-12-05T00:00:00
3404137;595209;Žïár nad Sázavou;;;;;412813;Žïár nad Sázavou 2;655091;Dvorská;è.p.;56;13;;59102;642127.68;1112324.42;2013-12-05T00:00:00
3404145;595209;Žïár nad Sázavou;;;;;412813;Žïár nad Sázavou 2;655091;Dvorská;è.p.;57;17;;59102;642158.98;1112319.90;2013-12-05T00:00:00
3404153;595209;Žïár nad Sázavou;;;;;412813;Žïár nad Sázavou 2;655091;Dvorská;è.p.;58;19;;59101;642184.96;1112336.15;2013-12-05T00:00:00
3404161;595209;Žïár nad Sázavou;;;;;412813;Žïár nad Sázavou 2;655678;Santiniho;è.p.;59;6;;59102;641860.87;1112397.41;2015-08-26T00:00:00
3404170;595209;Žïár nad Sázavou;;;;;412813;Žïár nad Sázavou 2;655741;Sychrova;è.p.;60;12;;59102;641617.55;1112786.97;2013-12-05T00:00:00
3404188;595209;Žïár nad Sázavou;;;;;412813;Žïár nad Sázavou 2;655091;Dvorská;è.p.;61;21;;59102;642211.19;1112340.02;2013-12-05T00:00:00
3404196;595209;Žïár nad Sázavou;;;;;412813;Žïár nad Sázavou 2;655988;Zámek;è.p.;62;16;;59102;641568.72;1112413.10;2013-12-05T00:00:00
3404200;595209;Žïár nad Sázavou;;;;;412813;Žïár nad Sázavou 2;655988;Zámek;è.p.;63;14;;59102;641587.38;1112373.80;2013-12-05T00:00:00
3404218;595209;Žïár nad Sázavou;;;;;412813;Žïár nad Sázavou 2;655678;Santiniho;è.p.;64;11;;59102;641828.90;1112414.75;2013-12-05T00:00:00
3404226;595209;Žïár nad Sázavou;;;;;412813;Žïár nad Sázavou 2;655678;Santiniho;è.p.;65;14;;59102;641910.97;1112244.46;2013-12-05T00:00:00
3404234;595209;Žïár nad Sázavou;;;;;412813;Žïár nad Sázavou 2;655091;Dvorská;è.p.;66;5;;59102;641948.98;1112247.62;2013-12-05T00:00:00
3404242;595209;Žïár nad Sázavou;;;;;412813;Žïár nad Sázavou 2;655678;Santiniho;è.p.;67;10;;59102;641899.96;1112256.85;2013-12-05T00:00:00
3404251;595209;Žïár nad Sázavou;;;;;412813;Žïár nad Sázavou 2;655091;Dvorská;è.p.;68;3;;59102;641925.60;1112260.35;2013-12-05T00:00:00
3404269;595209;Žïár nad Sázavou;;;;;412813;Žïár nad Sázavou 2;655678;Santiniho;è.p.;69;16;;59102;641931.15;1112237.36;2013-12-05T00:00:00
3404285;595209;Žïár nad Sázavou;;;;;412813;Žïár nad Sázavou 2;655091;Dvorská;è.p.;71;2;;59102;641943.65;1112349.73;2013-12-05T00:00:00
3404293;595209;Žïár nad Sázavou;;;;;412813;Žïár nad Sázavou 2;655091;Dvorská;è.p.;72;4;;59102;641945.15;1112364.34;2013-12-05T00:00:00
3404307;595209;Žïár nad Sázavou;;;;;412813;Žïár nad Sázavou 2;654973;Bezruèova;è.p.;73;30;;59102;641781.73;1112842.29;2013-12-05T00:00:00
3404315;595209;Žïár nad Sázavou;;;;;412813;Žïár nad Sázavou 2;655678;Santiniho;è.p.;74;19;;59102;641809.63;1112263.31;2013-12-05T00:00:00
3404323;595209;Žïár nad Sázavou;;;;;412813;Žïár nad Sázavou 2;655741;Sychrova;è.p.;75;1;;59102;641742.59;1112787.00;2013-12-05T00:00:00
3404331;595209;Žïár nad Sázavou;;;;;412813;Žïár nad Sázavou 2;654973;Bezruèova;è.p.;76;28;;59102;641780.34;1112852.44;2013-12-05T00:00:00
3404340;595209;Žïár nad Sázavou;;;;;412813;Žïár nad Sázavou 2;654973;Bezruèova;è.p.;77;26;;59102;641772.26;1112866.98;2013-12-05T00:00:00
3404358;595209;Žïár nad Sázavou;;;;;412813;Žïár nad Sázavou 2;654973;Bezruèova;è.p.;78;24;;59102;641768.37;1112877.55;2013-12-05T00:00:00
3404366;595209;Žïár nad Sázavou;;;;;412813;Žïár nad Sázavou 2;654973;Bezruèova;è.p.;79;77;;59102;641729.49;1112907.46;2013-12-05T00:00:00
3404374;595209;Žïár nad Sázavou;;;;;412813;Žïár nad Sázavou 2;654973;Bezruèova;è.p.;80;79;;59102;641732.34;1112897.84;2013-12-05T00:00:00
3404382;595209;Žïár nad Sázavou;;;;;412813;Žïár nad Sázavou 2;654973;Bezruèova;è.p.;81;19;;59102;641554.64;1113494.17;2013-12-05T00:00:00
3404391;595209;Žïár nad Sázavou;;;;;412813;Žïár nad Sázavou 2;654973;Bezruèova;è.p.;83;83;;59102;641741.81;1112870.21;2013-12-05T00:00:00
3404404;595209;Žïár nad Sázavou;;;;;412813;Žïár nad Sázavou 2;654973;Bezruèova;è.p.;84;81;;59102;641738.58;1112879.96;2013-12-05T00:00:00
3404412;595209;Žïár nad Sázavou;;;;;412813;Žïár nad Sázavou 2;654973;Bezruèova;è.p.;85;14;;59102;641753.28;1112948.25;2013-12-05T00:00:00
3404421;595209;Žïár nad Sázavou;;;;;412813;Žïár nad Sázavou 2;654973;Bezruèova;è.p.;86;12;;59102;641750.87;1112957.03;2013-12-05T00:00:00
3404439;595209;Žïár nad Sázavou;;;;;412813;Žïár nad Sázavou 2;654973;Bezruèova;è.p.;88;8;;59102;641748.08;1112988.50;2013-12-05T00:00:00
3404447;595209;Žïár nad Sázavou;;;;;412813;Žïár nad Sázavou 2;654973;Bezruèova;è.p.;89;21;;59102;641561.37;1113476.59;2013-12-05T00:00:00
3404455;595209;Žïár nad Sázavou;;;;;412813;Žïár nad Sázavou 2;654973;Bezruèova;è.p.;90;45;;59102;641643.28;1113269.46;2013-12-05T00:00:00
3404463;595209;Žïár nad Sázavou;;;;;412813;Žïár nad Sázavou 2;655864;U Taferny;è.p.;91;9;;59102;641913.93;1112778.37;2013-12-05T00:00:00
3404471;595209;Žïár nad Sázavou;;;;;412813;Žïár nad Sázavou 2;654973;Bezruèova;è.p.;93;22;;59102;641763.89;1112895.89;2013-12-05T00:00:00
3404480;595209;Žïár nad Sázavou;;;;;412813;Žïár nad Sázavou 2;654973;Bezruèova;è.p.;94;15;;59102;641542.11;1113524.13;2013-12-05T00:00:00
3404498;595209;Žïár nad Sázavou;;;;;412813;Žïár nad Sázavou 2;655091;Dvorská;è.p.;95;12;;59102;642026.88;1112390.36;2013-12-05T00:00:00
3404501;595209;Žïár nad Sázavou;;;;;412813;Žïár nad Sázavou 2;654973;Bezruèova;è.p.;96;43;;59102;641640.81;1113278.00;2013-12-05T00:00:00
3404536;595209;Žïár nad Sázavou;;;;;412813;Žïár nad Sázavou 2;654973;Bezruèova;è.p.;100;32;;59102;641785.82;1112825.94;2013-12-05T00:00:00
3404544;595209;Žïár nad Sázavou;;;;;412813;Žïár nad Sázavou 2;654973;Bezruèova;è.p.;101;34;;59102;641794.93;1112799.09;2013-12-05T00:00:00
3404552;595209;Žïár nad Sázavou;;;;;412813;Žïár nad Sázavou 2;654973;Bezruèova;è.p.;102;35;;59102;641618.89;1113329.70;2013-12-05T00:00:00
3404561;595209;Žïár nad Sázavou;;;;;412813;Žïár nad Sázavou 2;654973;Bezruèova;è.p.;103;33;;59102;641613.17;1113344.16;2013-12-05T00:00:00
3404579;595209;Žïár nad Sázavou;;;;;412813;Žïár nad Sázavou 2;654973;Bezruèova;è.p.;104;27;;59102;641586.07;1113423.59;2013-12-05T00:00:00
3404587;595209;Žïár nad Sázavou;;;;;412813;Žïár nad Sázavou 2;654973;Bezruèova;è.p.;105;25;;59102;641575.05;1113445.92;2013-12-05T00:00:00
3404595;595209;Žïár nad Sázavou;;;;;412813;Žïár nad Sázavou 2;654973;Bezruèova;è.p.;106;23;;59102;641566.45;1113455.06;2013-12-05T00:00:00
3404609;595209;Žïár nad Sázavou;;;;;412813;Žïár nad Sázavou 2;654973;Bezruèova;è.p.;107;18;;59102;641759.49;1112917.72;2013-12-05T00:00:00
3404617;595209;Žïár nad Sázavou;;;;;412813;Žïár nad Sázavou 2;655678;Santiniho;è.p.;108;7;;59102;641805.02;1112684.07;2013-12-05T00:00:00
3404625;595209;Žïár nad Sázavou;;;;;412813;Žïár nad Sázavou 2;655856;U Pily;è.p.;109;16;;59102;641540.67;1113381.72;2013-12-05T00:00:00
3404633;595209;Žïár nad Sázavou;;;;;412813;Žïár nad Sázavou 2;654973;Bezruèova;è.p.;110;67;;59102;641707.58;1113046.73;2013-12-05T00:00:00
3404641;595209;Žïár nad Sázavou;;;;;412813;Žïár nad Sázavou 2;655091;Dvorská;è.p.;112;29;;59102;642352.76;1112280.08;2013-12-05T00:00:00
3404650;595209;Žïár nad Sázavou;;;;;412813;Žïár nad Sázavou 2;654973;Bezruèova;è.p.;113;20;;59102;641761.35;1112908.55;2013-12-05T00:00:00
3404668;595209;Žïár nad Sázavou;;;;;412813;Žïár nad Sázavou 2;654973;Bezruèova;è.p.;114;16;;59102;641757.26;1112929.64;2013-12-05T00:00:00
3404676;595209;Žïár nad Sázavou;;;;;412813;Žïár nad Sázavou 2;654973;Bezruèova;è.p.;115;47;;59102;641649.81;1113255.13;2013-12-05T00:00:00
3404684;595209;Žïár nad Sázavou;;;;;412813;Žïár nad Sázavou 2;654973;Bezruèova;è.p.;116;71;;59102;641712.54;1112988.70;2013-12-05T00:00:00
3404692;595209;Žïár nad Sázavou;;;;;412813;Žïár nad Sázavou 2;654973;Bezruèova;è.p.;117;63;;59102;641702.06;1113085.54;2013-12-05T00:00:00
3404706;595209;Žïár nad Sázavou;;;;;412813;Žïár nad Sázavou 2;654973;Bezruèova;è.p.;118;49;;59102;641655.73;1113239.26;2013-12-05T00:00:00
3404714;595209;Žïár nad Sázavou;;;;;412813;Žïár nad Sázavou 2;654973;Bezruèova;è.p.;119;31;;59102;641603.08;1113370.97;2013-12-05T00:00:00
3404722;595209;Žïár nad Sázavou;;;;;412813;Žïár nad Sázavou 2;654973;Bezruèova;è.p.;120;73;;59102;641682.54;1112943.09;2022-11-19T00:00:00
3404731;595209;Žïár nad Sázavou;;;;;412813;Žïár nad Sázavou 2;654973;Bezruèova;è.p.;121;75;;59102;641720.32;1112924.55;2013-12-05T00:00:00
3404749;595209;Žïár nad Sázavou;;;;;412813;Žïár nad Sázavou 2;654973;Bezruèova;è.p.;122;61;;59102;641702.92;1113101.68;2013-12-05T00:00:00
3404757;595209;Žïár nad Sázavou;;;;;412813;Žïár nad Sázavou 2;655091;Dvorská;è.p.;123;14;;59102;642095.51;1112365.58;2013-12-05T00:00:00
3404765;595209;Žïár nad Sázavou;;;;;412813;Žïár nad Sázavou 2;654973;Bezruèova;è.p.;124;65;;59102;641706.67;1113067.33;2013-12-05T00:00:00
3404773;595209;Žïár nad Sázavou;;;;;412813;Žïár nad Sázavou 2;654973;Bezruèova;è.p.;125;2;;59102;641606.14;1113446.71;2013-12-05T00:00:00
3404781;595209;Žïár nad Sázavou;;;;;412813;Žïár nad Sázavou 2;654973;Bezruèova;è.p.;126;59;;59102;641699.75;1113117.70;2013-12-05T00:00:00
3404790;595209;Žïár nad Sázavou;;;;;412813;Žïár nad Sázavou 2;654973;Bezruèova;è.p.;127;69;;59102;641708.73;1113016.98;2013-12-05T00:00:00
3404803;595209;Žïár nad Sázavou;;;;;412813;Žïár nad Sázavou 2;655856;U Pily;è.p.;128;18;;59102;641553.22;1113349.37;2013-12-05T00:00:00
3404811;595209;Žïár nad Sázavou;;;;;412813;Žïár nad Sázavou 2;655741;Sychrova;è.p.;129;2;;59102;641771.22;1112759.97;2013-12-05T00:00:00
3404820;595209;Žïár nad Sázavou;;;;;412813;Žïár nad Sázavou 2;654973;Bezruèova;è.p.;130;29;;59102;641582.75;1113393.22;2013-12-05T00:00:00
3404838;595209;Žïár nad Sázavou;;;;;412813;Žïár nad Sázavou 2;654973;Bezruèova;è.p.;132;51;;59102;641664.44;1113219.23;2013-12-05T00:00:00
3404846;595209;Žïár nad Sázavou;;;;;412813;Žïár nad Sázavou 2;654973;Bezruèova;è.p.;133;87;;59102;641752.63;1112820.73;2013-12-05T00:00:00
3404854;595209;Žïár nad Sázavou;;;;;412813;Žïár nad Sázavou 2;654973;Bezruèova;è.p.;134;89;;59102;641755.12;1112810.44;2013-12-05T00:00:00
3404862;595209;Žïár nad Sázavou;;;;;412813;Žïár nad Sázavou 2;654973;Bezruèova;è.p.;135;57;;59102;641697.90;1113134.80;2013-12-05T00:00:00
3404871;595209;Žïár nad Sázavou;;;;;412813;Žïár nad Sázavou 2;655996;Zelenohorská;è.p.;136;8;;59102;641608.98;1113121.33;2013-12-05T00:00:00
3404889;595209;Žïár nad Sázavou;;;;;412813;Žïár nad Sázavou 2;655996;Zelenohorská;è.p.;138;15;;59102;641591.93;1113044.54;2013-12-05T00:00:00
3404897;595209;Žïár nad Sázavou;;;;;412813;Žïár nad Sázavou 2;655996;Zelenohorská;è.p.;139;17;;59102;641595.69;1113023.89;2013-12-05T00:00:00
3404901;595209;Žïár nad Sázavou;;;;;412813;Žïár nad Sázavou 2;655996;Zelenohorská;è.p.;140;19;;59102;641598.08;1113005.48;2013-12-05T00:00:00
3404919;595209;Žïár nad Sázavou;;;;;412813;Žïár nad Sázavou 2;655996;Zelenohorská;è.p.;141;23;;59102;641604.14;1112961.37;2013-12-05T00:00:00
3404927;595209;Žïár nad Sázavou;;;;;412813;Žïár nad Sázavou 2;655996;Zelenohorská;è.p.;143;27;;59102;641609.20;1112918.28;2013-12-05T00:00:00
3404935;595209;Žïár nad Sázavou;;;;;412813;Žïár nad Sázavou 2;655996;Zelenohorská;è.p.;144;29;;59102;641607.94;1112896.70;2013-12-05T00:00:00
3404943;595209;Žïár nad Sázavou;;;;;412813;Žïár nad Sázavou 2;655996;Zelenohorská;è.p.;145;31;;59102;641600.80;1112875.88;2013-12-05T00:00:00
3404951;595209;Žïár nad Sázavou;;;;;412813;Žïár nad Sázavou 2;655996;Zelenohorská;è.p.;146;10;;59102;641613.35;1113090.30;2013-12-05T00:00:00
3404960;595209;Žïár nad Sázavou;;;;;412813;Žïár nad Sázavou 2;654973;Bezruèova;è.p.;148;53;;59102;641680.38;1113179.91;2013-12-05T00:00:00
3404978;595209;Žïár nad Sázavou;;;;;412813;Žïár nad Sázavou 2;655996;Zelenohorská;è.p.;149;30;;59102;641628.03;1112875.73;2013-12-05T00:00:00
3404986;595209;Žïár nad Sázavou;;;;;412813;Žïár nad Sázavou 2;655121;Ferencova;è.p.;150;6;;59102;641661.36;1112866.70;2013-12-05T00:00:00
3404994;595209;Žïár nad Sázavou;;;;;412813;Žïár nad Sázavou 2;655121;Ferencova;è.p.;151;4;;59102;641680.03;1112858.76;2013-12-05T00:00:00
3405001;595209;Žïár nad Sázavou;;;;;412813;Žïár nad Sázavou 2;655996;Zelenohorská;è.p.;152;21;;59102;641601.80;1112981.72;2013-12-05T00:00:00
3405010;595209;Žïár nad Sázavou;;;;;412813;Žïár nad Sázavou 2;654973;Bezruèova;è.p.;153;55;;59102;641691.02;1113155.04;2013-12-05T00:00:00
3405028;595209;Žïár nad Sázavou;;;;;412813;Žïár nad Sázavou 2;655996;Zelenohorská;è.p.;154;2;;59102;641646.51;1113174.81;2013-12-05T00:00:00
3405036;595209;Žïár nad Sázavou;;;;;412813;Žïár nad Sázavou 2;655996;Zelenohorská;è.p.;155;4;;59102;641628.39;1113164.91;2013-12-05T00:00:00
3405044;595209;Žïár nad Sázavou;;;;;412813;Žïár nad Sázavou 2;655996;Zelenohorská;è.p.;156;6;;59102;641605.47;1113150.63;2013-12-05T00:00:00
3405052;595209;Žïár nad Sázavou;;;;;412813;Žïár nad Sázavou 2;655996;Zelenohorská;è.p.;157;33;;59102;641592.64;1112856.32;2013-12-05T00:00:00
3405061;595209;Žïár nad Sázavou;;;;;412813;Žïár nad Sázavou 2;655996;Zelenohorská;è.p.;158;9;;59102;641581.46;1113113.70;2013-12-05T00:00:00
3405079;595209;Žïár nad Sázavou;;;;;412813;Žïár nad Sázavou 2;655996;Zelenohorská;è.p.;159;7;;59102;641578.46;1113136.43;2013-12-05T00:00:00
3405087;595209;Žïár nad Sázavou;;;;;412813;Žïár nad Sázavou 2;655996;Zelenohorská;è.p.;160;5;;59102;641579.84;1113159.07;2013-12-05T00:00:00
3405095;595209;Žïár nad Sázavou;;;;;412813;Žïár nad Sázavou 2;655996;Zelenohorská;è.p.;161;3;;59102;641597.73;1113179.41;2013-12-05T00:00:00
3405109;595209;Žïár nad Sázavou;;;;;412813;Žïár nad Sázavou 2;655996;Zelenohorská;è.p.;162;1;;59102;641616.88;1113190.75;2013-12-05T00:00:00
3405117;595209;Žïár nad Sázavou;;;;;412813;Žïár nad Sázavou 2;655996;Zelenohorská;è.p.;163;32;;59102;641620.23;1112856.24;2013-12-05T00:00:00
3405125;595209;Žïár nad Sázavou;;;;;412813;Žïár nad Sázavou 2;655864;U Taferny;è.p.;164;1;;59102;642159.11;1112837.61;2013-12-05T00:00:00
3405133;595209;Žïár nad Sázavou;;;;;412813;Žïár nad Sázavou 2;655996;Zelenohorská;è.p.;165;18;;59102;641623.77;1113006.58;2013-12-05T00:00:00
3405141;595209;Žïár nad Sázavou;;;;;412813;Žïár nad Sázavou 2;655996;Zelenohorská;è.p.;166;20;;59102;641626.51;1112986.52;2013-12-05T00:00:00
3405150;595209;Žïár nad Sázavou;;;;;412813;Žïár nad Sázavou 2;655996;Zelenohorská;è.p.;167;22;;59102;641629.85;1112965.19;2013-12-05T00:00:00
3405168;595209;Žïár nad Sázavou;;;;;412813;Žïár nad Sázavou 2;655996;Zelenohorská;è.p.;168;24;;59102;641633.11;1112943.97;2013-12-05T00:00:00
3405176;595209;Žïár nad Sázavou;;;;;412813;Žïár nad Sázavou 2;655996;Zelenohorská;è.p.;169;26;;59102;641635.45;1112922.20;2013-12-05T00:00:00
3405184;595209;Žïár nad Sázavou;;;;;412813;Žïár nad Sázavou 2;655996;Zelenohorská;è.p.;170;12;;59102;641614.66;1113069.35;2013-12-05T00:00:00
3405192;595209;Žïár nad Sázavou;;;;;412813;Žïár nad Sázavou 2;655996;Zelenohorská;è.p.;171;14;;59102;641617.71;1113049.06;2013-12-05T00:00:00
3405206;595209;Žïár nad Sázavou;;;;;412813;Žïár nad Sázavou 2;655996;Zelenohorská;è.p.;172;28;;59102;641628.54;1112899.10;2021-01-26T00:00:00
3405214;595209;Žïár nad Sázavou;;;;;412813;Žïár nad Sázavou 2;655091;Dvorská;è.p.;173;9;;59102;642094.32;1112317.07;2013-12-05T00:00:00
3405222;595209;Žïár nad Sázavou;;;;;412813;Žïár nad Sázavou 2;655091;Dvorská;è.p.;174;39;;59102;642365.78;1112389.68;2013-12-05T00:00:00
3405231;595209;Žïár nad Sázavou;;;;;412813;Žïár nad Sázavou 2;655996;Zelenohorská;è.p.;175;16;;59102;641620.54;1113027.56;2013-12-05T00:00:00
3405249;595209;Žïár nad Sázavou;;;;;412813;Žïár nad Sázavou 2;655988;Zámek;è.p.;176;15;;59102;641565.82;1112400.79;2013-12-05T00:00:00
3405257;595209;Žïár nad Sázavou;;;;;412813;Žïár nad Sázavou 2;655091;Dvorská;è.p.;177;23;;59102;642261.81;1112346.44;2013-12-05T00:00:00
3405265;595209;Žïár nad Sázavou;;;;;412813;Žïár nad Sázavou 2;655091;Dvorská;è.p.;178;25;;59102;642272.42;1112347.78;2013-12-05T00:00:00
3405273;595209;Žïár nad Sázavou;;;;;412813;Žïár nad Sázavou 2;655091;Dvorská;è.p.;179;27;;59102;642321.47;1112365.62;2013-12-05T00:00:00
3405281;595209;Žïár nad Sázavou;;;;;412813;Žïár nad Sázavou 2;655091;Dvorská;è.p.;180;15;;59102;642143.45;1112325.29;2013-12-05T00:00:00
3405290;595209;Žïár nad Sázavou;;;;;412813;Žïár nad Sázavou 2;655091;Dvorská;è.p.;181;33;;59102;642347.05;1112176.61;2013-12-05T00:00:00
3405303;595209;Žïár nad Sázavou;;;;;412813;Žïár nad Sázavou 2;655091;Dvorská;è.p.;182;35;;59102;642346.06;1112166.28;2013-12-05T00:00:00
3405311;595209;Žïár nad Sázavou;;;;;412813;Žïár nad Sázavou 2;655678;Santiniho;è.p.;183;2;;59102;641886.46;1112695.91;2013-12-05T00:00:00
3405320;595209;Žïár nad Sázavou;;;;;412813;Žïár nad Sázavou 2;655856;U Pily;è.p.;184;6;;59102;641494.32;1113473.17;2013-12-05T00:00:00
3405338;595209;Žïár nad Sázavou;;;;;412813;Žïár nad Sázavou 2;655856;U Pily;è.p.;185;17;;59102;641492.69;1113406.13;2013-12-05T00:00:00
3405346;595209;Žïár nad Sázavou;;;;;412813;Žïár nad Sázavou 2;655856;U Pily;è.p.;187;21;;59102;641508.87;1113369.85;2013-12-05T00:00:00
3405354;595209;Žïár nad Sázavou;;;;;412813;Žïár nad Sázavou 2;655856;U Pily;è.p.;188;15;;59102;641485.76;1113425.92;2013-12-05T00:00:00
3405362;595209;Žïár nad Sázavou;;;;;412813;Žïár nad Sázavou 2;655856;U Pily;è.p.;189;13;;59102;641477.71;1113445.23;2013-12-05T00:00:00
3405371;595209;Žïár nad Sázavou;;;;;412813;Žïár nad Sázavou 2;655996;Zelenohorská;è.p.;190;11;;59102;641585.06;1113087.50;2013-12-05T00:00:00
3405389;595209;Žïár nad Sázavou;;;;;412813;Žïár nad Sázavou 2;655856;U Pily;è.p.;192;23;;59102;641517.50;1113349.19;2013-12-05T00:00:00
3405397;595209;Žïár nad Sázavou;;;;;412813;Žïár nad Sázavou 2;655856;U Pily;è.p.;193;11;;59102;641468.97;1113464.25;2013-12-05T00:00:00
3405401;595209;Žïár nad Sázavou;;;;;412813;Žïár nad Sázavou 2;655856;U Pily;è.p.;194;19;;59102;641501.43;1113387.61;2013-12-05T00:00:00
3405419;595209;Žïár nad Sázavou;;;;;412813;Žïár nad Sázavou 2;655121;Ferencova;è.p.;195;2;;59102;641699.18;1112848.18;2013-12-05T00:00:00
3405427;595209;Žïár nad Sázavou;;;;;412813;Žïár nad Sázavou 2;655856;U Pily;è.p.;196;24;;59102;641574.45;1113281.10;2013-12-05T00:00:00
3405435;595209;Žïár nad Sázavou;;;;;412813;Žïár nad Sázavou 2;655856;U Pily;è.p.;197;20;;59102;641559.01;1113318.57;2013-12-05T00:00:00
3405443;595209;Žïár nad Sázavou;;;;;412813;Žïár nad Sázavou 2;655856;U Pily;è.p.;198;8;;59102;641501.13;1113455.82;2013-12-05T00:00:00
3405451;595209;Žïár nad Sázavou;;;;;412813;Žïár nad Sázavou 2;655856;U Pily;è.p.;199;27;;59102;641532.44;1113314.05;2013-12-05T00:00:00
3405460;595209;Žïár nad Sázavou;;;;;412813;Žïár nad Sázavou 2;655856;U Pily;è.p.;200;25;;59102;641525.21;1113330.65;2013-12-05T00:00:00
3405478;595209;Žïár nad Sázavou;;;;;412813;Žïár nad Sázavou 2;655856;U Pily;è.p.;201;10;;59102;641509.62;1113437.84;2013-12-05T00:00:00
3405486;595209;Žïár nad Sázavou;;;;;412813;Žïár nad Sázavou 2;655856;U Pily;è.p.;202;4;;59102;641486.19;1113491.87;2013-12-05T00:00:00
3405494;595209;Žïár nad Sázavou;;;;;412813;Žïár nad Sázavou 2;655538;Nová;è.p.;203;8;;59102;641437.27;1113428.99;2013-12-05T00:00:00
3405508;595209;Žïár nad Sázavou;;;;;412813;Žïár nad Sázavou 2;655856;U Pily;è.p.;204;14;;59102;641524.49;1113401.62;2013-12-05T00:00:00
3405516;595209;Žïár nad Sázavou;;;;;412813;Žïár nad Sázavou 2;655856;U Pily;è.p.;205;29;;59102;641539.84;1113295.93;2013-12-05T00:00:00
3405524;595209;Žïár nad Sázavou;;;;;412813;Žïár nad Sázavou 2;655856;U Pily;è.p.;206;31;;59102;641547.20;1113277.76;2013-12-05T00:00:00
3405532;595209;Žïár nad Sázavou;;;;;412813;Žïár nad Sázavou 2;655856;U Pily;è.p.;207;22;;59102;641567.17;1113300.46;2013-12-05T00:00:00
3405541;595209;Žïár nad Sázavou;;;;;412813;Žïár nad Sázavou 2;655856;U Pily;è.p.;208;26;;59102;641588.22;1113251.71;2013-12-05T00:00:00
3405559;595209;Žïár nad Sázavou;;;;;412813;Žïár nad Sázavou 2;654973;Bezruèova;è.p.;209;11;;59102;641489.33;1113610.24;2013-12-05T00:00:00
3405567;595209;Žïár nad Sázavou;;;;;412813;Žïár nad Sázavou 2;654973;Bezruèova;è.p.;210;9;;59102;641488.06;1113635.02;2013-12-05T00:00:00
3405575;595209;Žïár nad Sázavou;;;;;412813;Žïár nad Sázavou 2;654973;Bezruèova;è.p.;211;7;;59102;641480.95;1113651.24;2013-12-05T00:00:00
3405583;595209;Žïár nad Sázavou;;;;;412813;Žïár nad Sázavou 2;654973;Bezruèova;è.p.;212;5;;59102;641478.40;1113674.64;2013-12-05T00:00:00
3405605;595209;Žïár nad Sázavou;;;;;412813;Žïár nad Sázavou 2;654973;Bezruèova;è.p.;214;1;;59102;641472.30;1113690.46;2013-12-05T00:00:00
3405613;595209;Žïár nad Sázavou;;;;;412813;Žïár nad Sázavou 2;655325;Krátká;è.p.;215;1;;59102;641442.79;1113716.91;2013-12-05T00:00:00
3405621;595209;Žïár nad Sázavou;;;;;412813;Žïár nad Sázavou 2;655325;Krátká;è.p.;216;2;;59102;641416.80;1113697.68;2013-12-05T00:00:00
3405630;595209;Žïár nad Sázavou;;;;;412813;Žïár nad Sázavou 2;655325;Krátká;è.p.;217;3;;59102;641421.06;1113669.80;2013-12-05T00:00:00
3405648;595209;Žïár nad Sázavou;;;;;412813;Žïár nad Sázavou 2;655325;Krátká;è.p.;218;4;;59102;641424.41;1113663.03;2013-12-05T00:00:00
3405656;595209;Žïár nad Sázavou;;;;;412813;Žïár nad Sázavou 2;655325;Krátká;è.p.;219;5;;59102;641429.44;1113644.35;2013-12-05T00:00:00
3405664;595209;Žïár nad Sázavou;;;;;412813;Žïár nad Sázavou 2;655325;Krátká;è.p.;220;6;;59102;641436.22;1113628.29;2013-12-05T00:00:00
3405672;595209;Žïár nad Sázavou;;;;;412813;Žïár nad Sázavou 2;655538;Nová;è.p.;221;4;;59102;641412.09;1113479.80;2013-12-05T00:00:00
3405681;595209;Žïár nad Sázavou;;;;;412813;Žïár nad Sázavou 2;655538;Nová;è.p.;222;6;;59102;641423.14;1113453.78;2013-12-05T00:00:00
3405699;595209;Žïár nad Sázavou;;;;;412813;Žïár nad Sázavou 2;655538;Nová;è.p.;223;1;;59102;641467.18;1113596.88;2013-12-05T00:00:00
3405702;595209;Žïár nad Sázavou;;;;;412813;Žïár nad Sázavou 2;655538;Nová;è.p.;224;3;;59102;641417.44;1113586.42;2013-12-05T00:00:00
3405711;595209;Žïár nad Sázavou;;;;;412813;Žïár nad Sázavou 2;655538;Nová;è.p.;225;2;;59102;641409.07;1113535.67;2013-12-05T00:00:00
3405729;595209;Žïár nad Sázavou;;;;;412813;Žïár nad Sázavou 2;655856;U Pily;è.p.;226;2;;59102;641466.04;1113552.08;2013-12-05T00:00:00
3405737;595209;Žïár nad Sázavou;;;;;412813;Žïár nad Sázavou 2;655856;U Pily;è.p.;227;1;;59102;641431.22;1113555.60;2013-12-05T00:00:00
3405745;595209;Žïár nad Sázavou;;;;;412813;Žïár nad Sázavou 2;655856;U Pily;è.p.;229;5;;59102;641443.87;1113520.79;2013-12-05T00:00:00
3405753;595209;Žïár nad Sázavou;;;;;412813;Žïár nad Sázavou 2;655856;U Pily;è.p.;230;7;;59102;641453.88;1113502.86;2013-12-05T00:00:00
3405761;595209;Žïár nad Sázavou;;;;;412813;Žïár nad Sázavou 2;655856;U Pily;è.p.;231;9;;59102;641460.74;1113482.87;2013-12-05T00:00:00
3405770;595209;Žïár nad Sázavou;;;;;412813;Žïár nad Sázavou 2;655325;Krátká;è.p.;232;7;;59102;641440.15;1113619.00;2013-12-05T00:00:00
3405788;595209;Žïár nad Sázavou;;;;;412813;Žïár nad Sázavou 2;655538;Nová;è.p.;234;5;;59102;641390.21;1113444.67;2013-12-05T00:00:00
3405796;595209;Žïár nad Sázavou;;;;;412813;Žïár nad Sázavou 2;655538;Nová;è.p.;235;7;;59102;641404.35;1113411.32;2013-12-05T00:00:00
3405800;595209;Žïár nad Sázavou;;;;;412813;Žïár nad Sázavou 2;656046;Lesní;è.p.;236;33;;59102;641363.47;1113416.39;2014-02-14T00:00:00
3405818;595209;Žïár nad Sázavou;;;;;412813;Žïár nad Sázavou 2;655538;Nová;è.p.;237;10;;59102;641443.50;1113397.40;2014-02-13T00:00:00
3405834;595209;Žïár nad Sázavou;;;;;412813;Žïár nad Sázavou 2;655864;U Taferny;è.p.;240;2;;59102;641939.11;1112673.34;2013-12-05T00:00:00
3405842;595209;Žïár nad Sázavou;;;;;412813;Žïár nad Sázavou 2;655864;U Taferny;è.p.;241;4;;59102;641930.81;1112704.66;2013-12-05T00:00:00
3405851;595209;Žïár nad Sázavou;;;;;412813;Žïár nad Sázavou 2;655864;U Taferny;è.p.;242;5;;59102;641934.19;1112737.22;2013-12-05T00:00:00
3405869;595209;Žïár nad Sázavou;;;;;412813;Žïár nad Sázavou 2;655864;U Taferny;è.p.;243;6;;59102;641895.99;1112739.68;2013-12-05T00:00:00
3405877;595209;Žïár nad Sázavou;;;;;412813;Žïár nad Sázavou 2;656046;Lesní;è.p.;245;28;;59102;641401.16;1113366.18;2013-12-05T00:00:00
3405885;595209;Žïár nad Sázavou;;;;;412813;Žïár nad Sázavou 2;655538;Nová;è.p.;246;12;;59102;641461.68;1113361.17;2013-12-05T00:00:00
3405893;595209;Žïár nad Sázavou;;;;;412813;Žïár nad Sázavou 2;655538;Nová;è.p.;247;9;;59102;641430.63;1113349.07;2013-12-05T00:00:00
3405907;595209;Žïár nad Sázavou;;;;;412813;Žïár nad Sázavou 2;655538;Nová;è.p.;248;11;;59102;641441.05;1113324.80;2013-12-05T00:00:00
3405915;595209;Žïár nad Sázavou;;;;;412813;Žïár nad Sázavou 2;655538;Nová;è.p.;249;14;;59102;641476.64;1113325.43;2013-12-05T00:00:00
3405923;595209;Žïár nad Sázavou;;;;;412813;Žïár nad Sázavou 2;655538;Nová;è.p.;250;16;;59102;641490.45;1113300.57;2013-12-05T00:00:00
3405931;595209;Žïár nad Sázavou;;;;;412813;Žïár nad Sázavou 2;655538;Nová;è.p.;251;18;;59102;641505.41;1113264.67;2013-12-05T00:00:00
3405940;595209;Žïár nad Sázavou;;;;;412813;Žïár nad Sázavou 2;656046;Lesní;è.p.;252;26;;59102;641374.58;1113358.15;2013-12-05T00:00:00
3405958;595209;Žïár nad Sázavou;;;;;412813;Žïár nad Sázavou 2;656046;Lesní;è.p.;253;27;;59102;641348.92;1113325.75;2013-12-05T00:00:00
3405966;595209;Žïár nad Sázavou;;;;;412813;Žïár nad Sázavou 2;656046;Lesní;è.p.;254;29;;59102;641346.85;1113345.75;2013-12-05T00:00:00
3405974;595209;Žïár nad Sázavou;;;;;412813;Žïár nad Sázavou 2;656046;Lesní;è.p.;255;31;;59102;641346.23;1113388.14;2013-12-05T00:00:00
3405982;595209;Žïár nad Sázavou;;;;;412813;Žïár nad Sázavou 2;656062;Srázná;è.p.;256;1;;59102;641555.27;1113238.83;2013-12-05T00:00:00
3405991;595209;Žïár nad Sázavou;;;;;412813;Žïár nad Sázavou 2;656062;Srázná;è.p.;257;3;;59102;641539.69;1113234.64;2013-12-05T00:00:00
3406008;595209;Žïár nad Sázavou;;;;;412813;Žïár nad Sázavou 2;656062;Srázná;è.p.;258;5;;59102;641524.18;1113230.20;2013-12-05T00:00:00
3406016;595209;Žïár nad Sázavou;;;;;412813;Žïár nad Sázavou 2;655571;Polní;è.p.;259;1;;59102;641239.22;1113296.81;2013-12-05T00:00:00
3406024;595209;Žïár nad Sázavou;;;;;412813;Žïár nad Sázavou 2;655571;Polní;è.p.;260;3;;59102;641243.01;1113290.68;2013-12-05T00:00:00
3406032;595209;Žïár nad Sázavou;;;;;412813;Žïár nad Sázavou 2;655571;Polní;è.p.;261;5;;59102;641244.25;1113282.28;2013-12-05T00:00:00
3406041;595209;Žïár nad Sázavou;;;;;412813;Žïár nad Sázavou 2;655571;Polní;è.p.;262;7;;59102;641247.08;1113274.89;2013-12-05T00:00:00
3406059;595209;Žïár nad Sázavou;;;;;412813;Žïár nad Sázavou 2;655571;Polní;è.p.;263;9;;59102;641250.17;1113267.62;2013-12-05T00:00:00
3406067;595209;Žïár nad Sázavou;;;;;412813;Žïár nad Sázavou 2;655571;Polní;è.p.;264;11;;59102;641253.25;1113260.34;2013-12-05T00:00:00
3406075;595209;Žïár nad Sázavou;;;;;412813;Žïár nad Sázavou 2;655571;Polní;è.p.;265;2;;59102;641285.36;1113288.61;2013-12-05T00:00:00
3406083;595209;Žïár nad Sázavou;;;;;412813;Žïár nad Sázavou 2;655571;Polní;è.p.;266;4;;59102;641288.79;1113282.90;2013-12-05T00:00:00
3406091;595209;Žïár nad Sázavou;;;;;412813;Žïár nad Sázavou 2;655571;Polní;è.p.;267;6;;59102;641292.19;1113276.44;2013-12-05T00:00:00
3406105;595209;Žïár nad Sázavou;;;;;412813;Žïár nad Sázavou 2;655571;Polní;è.p.;268;8;;59102;641295.22;1113270.14;2013-12-05T00:00:00
3406113;595209;Žïár nad Sázavou;;;;;412813;Žïár nad Sázavou 2;655571;Polní;è.p.;269;10;;59102;641298.25;1113262.73;2013-12-05T00:00:00
3406121;595209;Žïár nad Sázavou;;;;;412813;Žïár nad Sázavou 2;655571;Polní;è.p.;270;12;;59102;641300.93;1113256.04;2013-12-05T00:00:00
3406130;595209;Žïár nad Sázavou;;;;;412813;Žïár nad Sázavou 2;655571;Polní;è.p.;271;14;;59102;641303.76;1113249.38;2013-12-05T00:00:00
3406148;595209;Žïár nad Sázavou;;;;;412813;Žïár nad Sázavou 2;655856;U Pily;è.p.;272;28;;59102;641595.86;1113231.79;2013-12-05T00:00:00
3406156;595209;Žïár nad Sázavou;;;;;412813;Žïár nad Sázavou 2;656046;Lesní;è.p.;273;30;;59102;641407.73;1113332.80;2013-12-05T00:00:00
3406164;595209;Žïár nad Sázavou;;;;;412813;Žïár nad Sázavou 2;656046;Lesní;è.p.;274;24;;59102;641381.35;1113321.54;2013-12-05T00:00:00
3406172;595209;Žïár nad Sázavou;;;;;412813;Žïár nad Sázavou 2;655856;U Pily;è.p.;275;30;;59102;641478.57;1113511.40;2013-12-05T00:00:00
3406181;595209;Žïár nad Sázavou;;;;;412813;Žïár nad Sázavou 2;655571;Polní;è.p.;276;47;;59102;641318.53;1113112.67;2013-12-05T00:00:00
3406199;595209;Žïár nad Sázavou;;;;;412813;Žïár nad Sázavou 2;655571;Polní;è.p.;277;45;;59102;641316.07;1113119.76;2013-12-05T00:00:00
3406202;595209;Žïár nad Sázavou;;;;;412813;Žïár nad Sázavou 2;655571;Polní;è.p.;278;43;;59102;641313.02;1113126.02;2013-12-05T00:00:00
3406211;595209;Žïár nad Sázavou;;;;;412813;Žïár nad Sázavou 2;655571;Polní;è.p.;279;41;;59102;641309.69;1113132.23;2013-12-05T00:00:00
3406229;595209;Žïár nad Sázavou;;;;;412813;Žïár nad Sázavou 2;655571;Polní;è.p.;280;39;;59102;641307.50;1113139.03;2013-12-05T00:00:00
3406237;595209;Žïár nad Sázavou;;;;;412813;Žïár nad Sázavou 2;655571;Polní;è.p.;281;37;;59102;641303.35;1113145.71;2013-12-05T00:00:00
3406245;595209;Žïár nad Sázavou;;;;;412813;Žïár nad Sázavou 2;655571;Polní;è.p.;282;35;;59102;641296.14;1113161.23;2013-12-05T00:00:00
3406253;595209;Žïár nad Sázavou;;;;;412813;Žïár nad Sázavou 2;655571;Polní;è.p.;284;31;;59102;641292.40;1113175.49;2013-12-05T00:00:00
3406261;595209;Žïár nad Sázavou;;;;;412813;Žïár nad Sázavou 2;655571;Polní;è.p.;285;29;;59102;641289.72;1113182.52;2013-12-05T00:00:00
3406270;595209;Žïár nad Sázavou;;;;;412813;Žïár nad Sázavou 2;655571;Polní;è.p.;286;27;;59102;641287.42;1113189.02;2013-12-05T00:00:00
3406288;595209;Žïár nad Sázavou;;;;;412813;Žïár nad Sázavou 2;655571;Polní;è.p.;287;25;;59102;641283.54;1113195.81;2013-12-05T00:00:00
3406296;595209;Žïár nad Sázavou;;;;;412813;Žïár nad Sázavou 2;655571;Polní;è.p.;289;21;;59102;641274.15;1113218.79;2013-12-05T00:00:00
3406300;595209;Žïár nad Sázavou;;;;;412813;Žïár nad Sázavou 2;655571;Polní;è.p.;290;19;;59102;641272.18;1113225.53;2013-12-05T00:00:00
3406318;595209;Žïár nad Sázavou;;;;;412813;Žïár nad Sázavou 2;655571;Polní;è.p.;291;17;;59102;641268.96;1113231.91;2013-12-05T00:00:00
3406326;595209;Žïár nad Sázavou;;;;;412813;Žïár nad Sázavou 2;655571;Polní;è.p.;292;15;;59102;641266.66;1113238.43;2013-12-05T00:00:00
3406334;595209;Žïár nad Sázavou;;;;;412813;Žïár nad Sázavou 2;655571;Polní;è.p.;293;13;;59102;641262.52;1113245.65;2013-12-05T00:00:00
3406342;595209;Žïár nad Sázavou;;;;;412813;Žïár nad Sázavou 2;655571;Polní;è.p.;294;16;;59102;641308.07;1113231.63;2013-12-05T00:00:00
3406351;595209;Žïár nad Sázavou;;;;;412813;Žïár nad Sázavou 2;655571;Polní;è.p.;295;18;;59102;641311.14;1113225.40;2013-12-05T00:00:00
3406369;595209;Žïár nad Sázavou;;;;;412813;Žïár nad Sázavou 2;655571;Polní;è.p.;296;20;;59102;641313.08;1113220.02;2013-12-05T00:00:00
3406377;595209;Žïár nad Sázavou;;;;;412813;Žïár nad Sázavou 2;655571;Polní;è.p.;297;22;;59102;641315.41;1113215.01;2013-12-05T00:00:00
3406385;595209;Žïár nad Sázavou;;;;;412813;Žïár nad Sázavou 2;655571;Polní;è.p.;298;24;;59102;641318.09;1113209.65;2013-12-05T00:00:00
3406393;595209;Žïár nad Sázavou;;;;;412813;Žïár nad Sázavou 2;655571;Polní;è.p.;299;26;;59102;641319.79;1113204.82;2013-12-05T00:00:00
3406407;595209;Žïár nad Sázavou;;;;;412813;Žïár nad Sázavou 2;655571;Polní;è.p.;300;28;;59102;641322.11;1113199.36;2013-12-05T00:00:00
3406415;595209;Žïár nad Sázavou;;;;;412813;Žïár nad Sázavou 2;655571;Polní;è.p.;301;30;;59102;641324.35;1113194.35;2013-12-05T00:00:00
3406423;595209;Žïár nad Sázavou;;;;;412813;Žïár nad Sázavou 2;655571;Polní;è.p.;302;32;;59102;641326.69;1113187.66;2013-12-05T00:00:00
3406431;595209;Žïár nad Sázavou;;;;;412813;Žïár nad Sázavou 2;655571;Polní;è.p.;303;34;;59102;641335.51;1113166.23;2013-12-05T00:00:00
3406440;595209;Žïár nad Sázavou;;;;;412813;Žïár nad Sázavou 2;655571;Polní;è.p.;304;36;;59102;641338.18;1113159.75;2013-12-05T00:00:00
3406458;595209;Žïár nad Sázavou;;;;;412813;Žïár nad Sázavou 2;655571;Polní;è.p.;305;38;;59102;641340.64;1113154.43;2013-12-05T00:00:00
3406466;595209;Žïár nad Sázavou;;;;;412813;Žïár nad Sázavou 2;655571;Polní;è.p.;306;40;;59102;641342.63;1113149.11;2013-12-05T00:00:00
3406474;595209;Žïár nad Sázavou;;;;;412813;Žïár nad Sázavou 2;655571;Polní;è.p.;307;42;;59102;641345.64;1113144.09;2013-12-05T00:00:00
3406482;595209;Žïár nad Sázavou;;;;;412813;Žïár nad Sázavou 2;655571;Polní;è.p.;308;44;;59102;641347.98;1113139.05;2013-12-05T00:00:00
3406491;595209;Žïár nad Sázavou;;;;;412813;Žïár nad Sázavou 2;655571;Polní;è.p.;309;46;;59102;641350.98;1113133.99;2013-12-05T00:00:00
3406504;595209;Žïár nad Sázavou;;;;;412813;Žïár nad Sázavou 2;655571;Polní;è.p.;310;48;;59102;641353.65;1113128.57;2013-12-05T00:00:00
3406512;595209;Žïár nad Sázavou;;;;;412813;Žïár nad Sázavou 2;655571;Polní;è.p.;311;50;;59102;641355.79;1113123.38;2013-12-05T00:00:00
3406521;595209;Žïár nad Sázavou;;;;;412813;Žïár nad Sázavou 2;655571;Polní;è.p.;312;52;;59102;641357.74;1113118.02;2013-12-05T00:00:00
3406539;595209;Žïár nad Sázavou;;;;;412813;Žïár nad Sázavou 2;655571;Polní;è.p.;313;54;;59102;641359.84;1113112.69;2013-12-05T00:00:00
3406547;595209;Žïár nad Sázavou;;;;;412813;Žïár nad Sázavou 2;655571;Polní;è.p.;314;56;;59102;641362.03;1113107.36;2013-12-05T00:00:00
3406555;595209;Žïár nad Sázavou;;;;;412813;Žïár nad Sázavou 2;655571;Polní;è.p.;315;58;;59102;641365.06;1113099.44;2013-12-05T00:00:00
3406563;595209;Žïár nad Sázavou;;;;;412813;Žïár nad Sázavou 2;656003;Vejmluvova;è.p.;317;51;;59102;641495.95;1112999.78;2013-12-05T00:00:00
3406571;595209;Žïár nad Sázavou;;;;;412813;Žïár nad Sázavou 2;656003;Vejmluvova;è.p.;318;49;;59102;641494.60;1113005.42;2013-12-05T00:00:00
3406580;595209;Žïár nad Sázavou;;;;;412813;Žïár nad Sázavou 2;656003;Vejmluvova;è.p.;324;37;;59102;641487.19;1113039.21;2013-12-05T00:00:00
3406598;595209;Žïár nad Sázavou;;;;;412813;Žïár nad Sázavou 2;656003;Vejmluvova;è.p.;327;31;;59102;641486.85;1113058.47;2013-12-05T00:00:00
3406601;595209;Žïár nad Sázavou;;;;;412813;Žïár nad Sázavou 2;656071;Studnièní;è.p.;332;39;;59102;641471.76;1113082.70;2013-12-05T00:00:00
3406610;595209;Žïár nad Sázavou;;;;;412813;Žïár nad Sázavou 2;656071;Studnièní;è.p.;333;37;;59102;641462.74;1113085.18;2013-12-05T00:00:00
3406628;595209;Žïár nad Sázavou;;;;;412813;Žïár nad Sázavou 2;656071;Studnièní;è.p.;335;33;;59102;641450.56;1113092.51;2013-12-05T00:00:00
3406636;595209;Žïár nad Sázavou;;;;;412813;Žïár nad Sázavou 2;656071;Studnièní;è.p.;337;29;;59102;641440.18;1113100.62;2013-12-05T00:00:00
3406644;595209;Žïár nad Sázavou;;;;;412813;Žïár nad Sázavou 2;656071;Studnièní;è.p.;338;27;;59102;641436.57;1113105.47;2013-12-05T00:00:00
3406652;595209;Žïár nad Sázavou;;;;;412813;Žïár nad Sázavou 2;656071;Studnièní;è.p.;339;25;;59102;641419.37;1113123.75;2013-12-05T00:00:00
3406661;595209;Žïár nad Sázavou;;;;;412813;Žïár nad Sázavou 2;656071;Studnièní;è.p.;341;21;;59102;641415.37;1113135.46;2013-12-05T00:00:00
3406679;595209;Žïár nad Sázavou;;;;;412813;Žïár nad Sázavou 2;656071;Studnièní;è.p.;342;19;;59102;641413.20;1113140.67;2013-12-05T00:00:00
3406687;595209;Žïár nad Sázavou;;;;;412813;Žïár nad Sázavou 2;656071;Studnièní;è.p.;343;17;;59102;641409.67;1113145.53;2013-12-05T00:00:00
3406695;595209;Žïár nad Sázavou;;;;;412813;Žïár nad Sázavou 2;656071;Studnièní;è.p.;344;15;;59102;641407.12;1113150.62;2013-12-05T00:00:00
3406709;595209;Žïár nad Sázavou;;;;;412813;Žïár nad Sázavou 2;656071;Studnièní;è.p.;346;11;;59102;641402.48;1113161.23;2013-12-05T00:00:00
3406717;595209;Žïár nad Sázavou;;;;;412813;Žïár nad Sázavou 2;656071;Studnièní;è.p.;347;9;;59102;641400.16;1113166.43;2013-12-05T00:00:00
3406725;595209;Žïár nad Sázavou;;;;;412813;Žïár nad Sázavou 2;656071;Studnièní;è.p.;348;7;;59102;641398.11;1113171.84;2013-12-05T00:00:00
3406733;595209;Žïár nad Sázavou;;;;;412813;Žïár nad Sázavou 2;656071;Studnièní;è.p.;349;5;;59102;641395.17;1113177.31;2013-12-05T00:00:00
3406741;595209;Žïár nad Sázavou;;;;;412813;Žïár nad Sázavou 2;656071;Studnièní;è.p.;351;1;;59102;641388.96;1113187.42;2013-12-05T00:00:00
3406750;595209;Žïár nad Sázavou;;;;;412813;Žïár nad Sázavou 2;656046;Lesní;è.p.;352;1;;59102;641378.96;1113210.46;2013-12-05T00:00:00
3406768;595209;Žïár nad Sázavou;;;;;412813;Žïár nad Sázavou 2;656046;Lesní;è.p.;353;3;;59102;641378.55;1113216.97;2013-12-05T00:00:00
3406776;595209;Žïár nad Sázavou;;;;;412813;Žïár nad Sázavou 2;656046;Lesní;è.p.;354;5;;59102;641376.35;1113222.35;2013-12-05T00:00:00
3406784;595209;Žïár nad Sázavou;;;;;412813;Žïár nad Sázavou 2;656046;Lesní;è.p.;356;9;;59102;641372.04;1113233.23;2013-12-05T00:00:00
3406792;595209;Žïár nad Sázavou;;;;;412813;Žïár nad Sázavou 2;656046;Lesní;è.p.;357;11;;59102;641376.08;1113242.70;2014-02-14T00:00:00
3406806;595209;Žïár nad Sázavou;;;;;412813;Žïár nad Sázavou 2;656046;Lesní;è.p.;358;13;;59102;641368.14;1113243.57;2013-12-05T00:00:00
3406814;595209;Žïár nad Sázavou;;;;;412813;Žïár nad Sázavou 2;656046;Lesní;è.p.;359;15;;59102;641365.69;1113248.54;2013-12-05T00:00:00
3406822;595209;Žïár nad Sázavou;;;;;412813;Žïár nad Sázavou 2;656046;Lesní;è.p.;360;17;;59102;641362.85;1113254.13;2013-12-05T00:00:00
3406831;595209;Žïár nad Sázavou;;;;;412813;Žïár nad Sázavou 2;656046;Lesní;è.p.;361;19;;59102;641356.94;1113268.72;2013-12-05T00:00:00
3406849;595209;Žïár nad Sázavou;;;;;412813;Žïár nad Sázavou 2;656046;Lesní;è.p.;362;21;;59102;641354.93;1113274.10;2013-12-05T00:00:00
3406857;595209;Žïár nad Sázavou;;;;;412813;Žïár nad Sázavou 2;656046;Lesní;è.p.;363;23;;59102;641353.37;1113279.85;2013-12-05T00:00:00
3406865;595209;Žïár nad Sázavou;;;;;412813;Žïár nad Sázavou 2;656046;Lesní;è.p.;364;25;;59102;641351.18;1113285.17;2013-12-05T00:00:00
3406873;595209;Žïár nad Sázavou;;;;;412813;Žïár nad Sázavou 2;656046;Lesní;è.p.;365;22;;59102;641393.74;1113279.68;2013-12-05T00:00:00
3406881;595209;Žïár nad Sázavou;;;;;412813;Žïár nad Sázavou 2;656046;Lesní;è.p.;366;20;;59102;641395.91;1113274.11;2013-12-05T00:00:00
3406890;595209;Žïár nad Sázavou;;;;;412813;Žïár nad Sázavou 2;656046;Lesní;è.p.;367;18;;59102;641398.45;1113268.87;2013-12-05T00:00:00
3406903;595209;Žïár nad Sázavou;;;;;412813;Žïár nad Sázavou 2;656046;Lesní;è.p.;368;16;;59102;641401.69;1113263.19;2013-12-05T00:00:00
3406911;595209;Žïár nad Sázavou;;;;;412813;Žïár nad Sázavou 2;656046;Lesní;è.p.;369;14;;59102;641403.36;1113258.09;2013-12-05T00:00:00
3406920;595209;Žïár nad Sázavou;;;;;412813;Žïár nad Sázavou 2;656046;Lesní;è.p.;370;12;;59102;641405.67;1113253.38;2013-12-05T00:00:00
3406938;595209;Žïár nad Sázavou;;;;;412813;Žïár nad Sázavou 2;656046;Lesní;è.p.;371;10;;59102;641408.57;1113247.70;2013-12-05T00:00:00
3406946;595209;Žïár nad Sázavou;;;;;412813;Žïár nad Sázavou 2;656046;Lesní;è.p.;372;8;;59102;641410.52;1113242.96;2013-12-05T00:00:00
3406954;595209;Žïár nad Sázavou;;;;;412813;Žïár nad Sázavou 2;656046;Lesní;è.p.;373;6;;59102;641412.84;1113237.42;2013-12-05T00:00:00
3406962;595209;Žïár nad Sázavou;;;;;412813;Žïár nad Sázavou 2;656046;Lesní;è.p.;374;4;;59102;641414.40;1113232.00;2013-12-05T00:00:00
3406971;595209;Žïár nad Sázavou;;;;;412813;Žïár nad Sázavou 2;656046;Lesní;è.p.;375;2;;59102;641417.34;1113226.23;2013-12-05T00:00:00
3406989;595209;Žïár nad Sázavou;;;;;412813;Žïár nad Sázavou 2;656003;Vejmluvova;è.p.;377;1;;59102;641475.96;1113207.98;2014-02-17T00:00:00
3406997;595209;Žïár nad Sázavou;;;;;412813;Žïár nad Sázavou 2;656003;Vejmluvova;è.p.;391;13;;59102;641487.98;1113151.45;2013-12-05T00:00:00
3407004;595209;Žïár nad Sázavou;;;;;412813;Žïár nad Sázavou 2;656003;Vejmluvova;è.p.;398;88;;59102;641554.91;1112900.57;2013-12-05T00:00:00
3407012;595209;Žïár nad Sázavou;;;;;412813;Žïár nad Sázavou 2;656003;Vejmluvova;è.p.;399;86;;59102;641553.56;1112907.51;2013-12-05T00:00:00
3407021;595209;Žïár nad Sázavou;;;;;412813;Žïár nad Sázavou 2;656003;Vejmluvova;è.p.;400;84;;59102;641551.32;1112912.52;2013-12-05T00:00:00
3407039;595209;Žïár nad Sázavou;;;;;412813;Žïár nad Sázavou 2;656003;Vejmluvova;è.p.;401;82;;59102;641550.31;1112918.76;2013-12-05T00:00:00
3407047;595209;Žïár nad Sázavou;;;;;412813;Žïár nad Sázavou 2;656003;Vejmluvova;è.p.;402;80;;59102;641548.83;1112924.08;2013-12-05T00:00:00
3407055;595209;Žïár nad Sázavou;;;;;412813;Žïár nad Sázavou 2;656003;Vejmluvova;è.p.;403;78;;59102;641548.69;1112930.45;2013-12-05T00:00:00
3407063;595209;Žïár nad Sázavou;;;;;412813;Žïár nad Sázavou 2;656003;Vejmluvova;è.p.;404;76;;59102;641547.95;1112936.15;2013-12-05T00:00:00
3407071;595209;Žïár nad Sázavou;;;;;412813;Žïár nad Sázavou 2;656003;Vejmluvova;è.p.;408;68;;59102;641539.20;1112971.57;2013-12-05T00:00:00
3407080;595209;Žïár nad Sázavou;;;;;412813;Žïár nad Sázavou 2;656003;Vejmluvova;è.p.;412;60;;59102;641535.94;1112994.56;2013-12-05T00:00:00
3407098;595209;Žïár nad Sázavou;;;;;412813;Žïár nad Sázavou 2;656003;Vejmluvova;è.p.;416;52;;59102;641531.86;1113017.61;2013-12-05T00:00:00
3407101;595209;Žïár nad Sázavou;;;;;412813;Žïár nad Sázavou 2;656003;Vejmluvova;è.p.;420;44;;59102;641527.00;1113054.60;2013-12-05T00:00:00
3407110;595209;Žïár nad Sázavou;;;;;412813;Žïár nad Sázavou 2;656003;Vejmluvova;è.p.;422;40;;59102;641526.12;1113065.95;2013-12-05T00:00:00
3407128;595209;Žïár nad Sázavou;;;;;412813;Žïár nad Sázavou 2;656003;Vejmluvova;è.p.;423;38;;59102;641524.52;1113071.79;2013-12-05T00:00:00
3407136;595209;Žïár nad Sázavou;;;;;412813;Žïár nad Sázavou 2;654973;Bezruèova;è.p.;430;38;;59102;641642.32;1113411.52;2013-12-05T00:00:00
3407144;595209;Žïár nad Sázavou;;;;;412813;Žïár nad Sázavou 2;654973;Bezruèova;è.p.;431;40;;59102;641655.06;1113389.25;2013-12-05T00:00:00
3407152;595209;Žïár nad Sázavou;;;;;412813;Žïár nad Sázavou 2;654973;Bezruèova;è.p.;432;42;;59102;641660.94;1113375.25;2013-12-05T00:00:00
3407161;595209;Žïár nad Sázavou;;;;;412813;Žïár nad Sázavou 2;654973;Bezruèova;è.p.;433;44;;59102;641670.56;1113352.13;2013-12-05T00:00:00
3407179;595209;Žïár nad Sázavou;;;;;412813;Žïár nad Sázavou 2;654973;Bezruèova;è.p.;435;48;;59102;641686.25;1113314.88;2013-12-05T00:00:00
3407187;595209;Žïár nad Sázavou;;;;;412813;Žïár nad Sázavou 2;654973;Bezruèova;è.p.;436;50;;59102;641692.13;1113300.75;2013-12-05T00:00:00
3407195;595209;Žïár nad Sázavou;;;;;412813;Žïár nad Sázavou 2;654973;Bezruèova;è.p.;437;52;;59102;641698.81;1113275.80;2013-12-05T00:00:00
3407209;595209;Žïár nad Sázavou;;;;;412813;Žïár nad Sázavou 2;654973;Bezruèova;è.p.;438;54;;59102;641704.61;1113261.74;2013-12-05T00:00:00
3407217;595209;Žïár nad Sázavou;;;;;412813;Žïár nad Sázavou 2;655597;Purkyòova;è.p.;443;2;;59102;641901.93;1112821.81;2013-12-05T00:00:00
3407225;595209;Žïár nad Sázavou;;;;;412813;Žïár nad Sázavou 2;655597;Purkyòova;è.p.;444;4;;59102;641896.34;1112829.56;2013-12-05T00:00:00
3407233;595209;Žïár nad Sázavou;;;;;412813;Žïár nad Sázavou 2;655597;Purkyòova;è.p.;445;6;;59102;641890.90;1112834.91;2013-12-05T00:00:00
3407241;595209;Žïár nad Sázavou;;;;;412813;Žïár nad Sázavou 2;655597;Purkyòova;è.p.;446;8;;59102;641886.57;1112841.47;2013-12-05T00:00:00
3407250;595209;Žïár nad Sázavou;;;;;412813;Žïár nad Sázavou 2;655597;Purkyòova;è.p.;447;10;;59102;641881.00;1112847.24;2013-12-05T00:00:00
3407268;595209;Žïár nad Sázavou;;;;;412813;Žïár nad Sázavou 2;655597;Purkyòova;è.p.;448;12;;59102;641875.75;1112854.40;2013-12-05T00:00:00
3407276;595209;Žïár nad Sázavou;;;;;412813;Žïár nad Sázavou 2;655597;Purkyòova;è.p.;449;14;;59102;641870.54;1112859.76;2013-12-05T00:00:00
3407284;595209;Žïár nad Sázavou;;;;;412813;Žïár nad Sázavou 2;655597;Purkyòova;è.p.;450;16;;59102;641865.69;1112865.83;2013-12-05T00:00:00
3407292;595209;Žïár nad Sázavou;;;;;412813;Žïár nad Sázavou 2;655597;Purkyòova;è.p.;451;1;;59102;641935.73;1112838.39;2013-12-05T00:00:00
3407306;595209;Žïár nad Sázavou;;;;;412813;Žïár nad Sázavou 2;655597;Purkyòova;è.p.;452;3;;59102;641911.94;1112868.35;2013-12-05T00:00:00
3407314;595209;Žïár nad Sázavou;;;;;412813;Žïár nad Sázavou 2;655597;Purkyòova;è.p.;453;5;;59102;641887.42;1112897.56;2013-12-05T00:00:00
3407322;595209;Žïár nad Sázavou;;;;;412813;Žïár nad Sázavou 2;655597;Purkyòova;è.p.;454;7;;59102;641863.38;1112926.74;2013-12-05T00:00:00
3407331;595209;Žïár nad Sázavou;;;;;412813;Žïár nad Sázavou 2;656003;Vejmluvova;è.p.;457;22;;59102;641522.48;1113135.51;2013-12-05T00:00:00
3407349;595209;Žïár nad Sázavou;;;;;412813;Žïár nad Sázavou 2;656003;Vejmluvova;è.p.;462;12;;59102;641518.91;1113165.39;2014-02-12T00:00:00
3407357;595209;Žïár nad Sázavou;;;;;412813;Žïár nad Sázavou 2;655597;Purkyòova;è.p.;463;11;;59102;641826.36;1113024.26;2013-12-05T00:00:00
3407365;595209;Žïár nad Sázavou;;;;;412813;Žïár nad Sázavou 2;655597;Purkyòova;è.p.;472;9;;59102;641837.93;1112992.44;2013-12-05T00:00:00
3407373;595209;Žïár nad Sázavou;;;;;412813;Žïár nad Sázavou 2;655597;Purkyòova;è.p.;474;13;;59102;641814.57;1113055.96;2013-12-05T00:00:00
3407381;595209;Žïár nad Sázavou;;;;;412813;Žïár nad Sázavou 2;655597;Purkyòova;è.p.;475;15;;59102;641802.62;1113088.14;2013-12-05T00:00:00
3407390;595209;Žïár nad Sázavou;;;;;412813;Žïár nad Sázavou 2;655597;Purkyòova;è.p.;476;17;;59102;641781.45;1113151.65;2013-12-05T00:00:00
3407403;595209;Žïár nad Sázavou;;;;;412813;Žïár nad Sázavou 2;655597;Purkyòova;è.p.;477;19;;59102;641769.74;1113183.23;2013-12-05T00:00:00
3407411;595209;Žïár nad Sázavou;;;;;412813;Žïár nad Sázavou 2;655091;Dvorská;è.p.;480;40;;59102;642306.31;1112405.02;2013-12-05T00:00:00
3407420;595209;Žïár nad Sázavou;;;;;412813;Žïár nad Sázavou 2;655091;Dvorská;è.p.;481;41;;59102;642323.78;1112411.44;2013-12-05T00:00:00
3407438;595209;Žïár nad Sázavou;;;;;412813;Žïár nad Sázavou 2;655091;Dvorská;è.p.;482;42;;59102;642344.80;1112419.03;2013-12-05T00:00:00
3407446;595209;Žïár nad Sázavou;;;;;412813;Žïár nad Sázavou 2;655091;Dvorská;è.p.;483;43;;59102;642297.80;1112432.41;2013-12-05T00:00:00
3407454;595209;Žïár nad Sázavou;;;;;412813;Žïár nad Sázavou 2;655091;Dvorská;è.p.;484;44;;59102;642316.14;1112438.82;2013-12-05T00:00:00
3407462;595209;Žïár nad Sázavou;;;;;412813;Žïár nad Sázavou 2;655091;Dvorská;è.p.;485;45;;59102;642334.77;1112446.31;2013-12-05T00:00:00
3407471;595209;Žïár nad Sázavou;;;;;412813;Žïár nad Sázavou 2;655538;Nová;è.p.;486;32;;59102;641482.95;1113571.65;2013-12-05T00:00:00
3407501;595209;Žïár nad Sázavou;;;;;412813;Žïár nad Sázavou 2;655091;Dvorská;è.p.;489;46;;59102;642217.74;1112176.16;2013-12-05T00:00:00
3407632;595209;Žïár nad Sázavou;;;;;412813;Žïár nad Sázavou 2;;;è.ev.;2;;;59102;642345.32;1111897.91;2013-12-05T00:00:00
3407641;595209;Žïár nad Sázavou;;;;;412813;Žïár nad Sázavou 2;;;è.ev.;3;;;59102;642357.17;1111918.45;2013-12-05T00:00:00
3407659;595209;Žïár nad Sázavou;;;;;412813;Žïár nad Sázavou 2;;;è.ev.;4;;;59102;642340.90;1111934.17;2013-12-05T00:00:00
3407667;595209;Žïár nad Sázavou;;;;;412813;Žïár nad Sázavou 2;;;è.ev.;6;;;59102;642319.05;1111934.71;2013-12-05T00:00:00
3407675;595209;Žïár nad Sázavou;;;;;412813;Žïár nad Sázavou 2;;;è.ev.;7;;;59102;642309.28;1111899.50;2013-12-05T00:00:00
3407683;595209;Žïár nad Sázavou;;;;;412813;Žïár nad Sázavou 2;;;è.ev.;8;;;59102;642314.61;1111866.77;2013-12-05T00:00:00
3407713;595209;Žïár nad Sázavou;;;;;412821;Žïár nad Sázavou 3;655309;Kopeèná;è.p.;226;13;;59101;642224.26;1114610.03;2023-12-11T00:00:00
3407721;595209;Žïár nad Sázavou;;;;;412821;Žïár nad Sázavou 3;654949;1. máje;è.p.;325;1;;59101;642146.82;1114829.22;2019-04-25T00:00:00
3407730;595209;Žïár nad Sázavou;;;;;412821;Žïár nad Sázavou 3;655848;U Jezu;è.p.;565;1;;59101;642203.86;1114718.79;2013-12-05T00:00:00
3407748;595209;Žïár nad Sázavou;;;;;412821;Žïár nad Sázavou 3;655881;V Zahrádkách;è.p.;574;10;;59101;642502.60;1114705.16;2023-08-30T00:00:00
3407756;595209;Žïár nad Sázavou;;;;;412821;Žïár nad Sázavou 3;655309;Kopeèná;è.p.;593;9;;59101;642261.94;1114634.41;2013-12-05T00:00:00
3407764;595209;Žïár nad Sázavou;;;;;412821;Žïár nad Sázavou 3;655309;Kopeèná;è.p.;684;5;;59101;642295.62;1114658.47;2013-12-05T00:00:00
3407772;595209;Žïár nad Sázavou;;;;;412821;Žïár nad Sázavou 3;655309;Kopeèná;è.p.;685;7;;59101;642284.97;1114652.06;2013-12-05T00:00:00
3407781;595209;Žïár nad Sázavou;;;;;412821;Žïár nad Sázavou 3;655309;Kopeèná;è.p.;686;11;;59101;642239.00;1114632.10;2013-12-05T00:00:00
3407799;595209;Žïár nad Sázavou;;;;;412821;Žïár nad Sázavou 3;655848;U Jezu;è.p.;687;7;;59101;642254.70;1114645.22;2013-12-05T00:00:00
3407802;595209;Žïár nad Sázavou;;;;;412821;Žïár nad Sázavou 3;655848;U Jezu;è.p.;688;5;;59101;642207.14;1114680.81;2013-12-05T00:00:00
3407811;595209;Žïár nad Sázavou;;;;;412821;Žïár nad Sázavou 3;655848;U Jezu;è.p.;689;3;;59101;642217.29;1114688.70;2013-12-05T00:00:00
3407829;595209;Žïár nad Sázavou;;;;;412821;Žïár nad Sázavou 3;655309;Kopeèná;è.p.;690;4;;59101;642357.34;1114639.55;2013-12-05T00:00:00
3407837;595209;Žïár nad Sázavou;;;;;412821;Žïár nad Sázavou 3;655309;Kopeèná;è.p.;691;2;;59101;642369.54;1114641.15;2013-12-05T00:00:00
3407845;595209;Žïár nad Sázavou;;;;;412821;Žïár nad Sázavou 3;655295;Komenského;è.p.;715;2;;59101;642196.79;1114493.20;2013-12-05T00:00:00
3407853;595209;Žïár nad Sázavou;;;;;412821;Žïár nad Sázavou 3;655881;V Zahrádkách;è.p.;719;18;;59101;642600.40;1114664.23;2013-12-05T00:00:00
3407861;595209;Žïár nad Sázavou;;;;;412821;Žïár nad Sázavou 3;655881;V Zahrádkách;è.p.;721;16;;59101;642577.76;1114675.97;2013-12-05T00:00:00
3407888;595209;Žïár nad Sázavou;;;;;412821;Žïár nad Sázavou 3;655881;V Zahrádkách;è.p.;727;12;;59101;642531.89;1114695.56;2013-12-05T00:00:00
3407896;595209;Žïár nad Sázavou;;;;;412821;Žïár nad Sázavou 3;655554;Okružní;è.p.;729;73;;59101;642593.81;1114573.27;2022-02-08T00:00:00
3407900;595209;Žïár nad Sázavou;;;;;412821;Žïár nad Sázavou 3;655881;V Zahrádkách;è.p.;735;22;;59101;642642.40;1114633.94;2013-12-05T00:00:00
3407918;595209;Žïár nad Sázavou;;;;;412821;Žïár nad Sázavou 3;655881;V Zahrádkách;è.p.;736;24;;59101;642657.70;1114612.85;2013-12-05T00:00:00
3407926;595209;Žïár nad Sázavou;;;;;412821;Žïár nad Sázavou 3;655881;V Zahrádkách;è.p.;737;26;;59101;642668.38;1114589.61;2013-12-05T00:00:00
3407934;595209;Žïár nad Sázavou;;;;;412821;Žïár nad Sázavou 3;655881;V Zahrádkách;è.p.;757;20;;59101;642623.01;1114650.68;2013-12-05T00:00:00
3407942;595209;Žïár nad Sázavou;;;;;412821;Žïár nad Sázavou 3;655295;Komenského;è.p.;762;8;;59101;642185.14;1114318.47;2013-12-05T00:00:00
3407951;595209;Žïár nad Sázavou;;;;;412821;Žïár nad Sázavou 3;655554;Okružní;è.p.;763;67;;59101;642725.46;1114456.01;2023-06-13T00:00:00
3407969;595209;Žïár nad Sázavou;;;;;412821;Žïár nad Sázavou 3;655023;Brodská;è.p.;776;5;;59101;642303.32;1114444.90;2013-12-05T00:00:00
3407977;595209;Žïár nad Sázavou;;;;;412821;Žïár nad Sázavou 3;655554;Okružní;è.p.;780;63;;59101;642807.22;1114419.68;2013-12-05T00:00:00
3407985;595209;Žïár nad Sázavou;;;;;412821;Žïár nad Sázavou 3;655881;V Zahrádkách;è.p.;786;28;;59101;642675.07;1114558.15;2013-12-05T00:00:00
3407993;595209;Žïár nad Sázavou;;;;;412821;Žïár nad Sázavou 3;655881;V Zahrádkách;è.p.;787;30;;59101;642675.10;1114534.44;2013-12-05T00:00:00
3408001;595209;Žïár nad Sázavou;;;;;412821;Žïár nad Sázavou 3;655554;Okružní;è.p.;788;53;;59101;642913.17;1114282.88;2013-12-05T00:00:00
3408019;595209;Žïár nad Sázavou;;;;;412821;Žïár nad Sázavou 3;655554;Okružní;è.p.;789;65;;59101;642770.78;1114436.02;2013-12-05T00:00:00
3408027;595209;Žïár nad Sázavou;;;;;412821;Žïár nad Sázavou 3;655554;Okružní;è.p.;791;69;;59101;642677.58;1114483.92;2013-12-05T00:00:00
3408035;595209;Žïár nad Sázavou;;;;;412821;Žïár nad Sázavou 3;655554;Okružní;è.p.;793;75;;59101;642543.67;1114590.40;2013-12-05T00:00:00
3408043;595209;Žïár nad Sázavou;;;;;412821;Žïár nad Sázavou 3;655881;V Zahrádkách;è.p.;801;9;;59101;642510.39;1114673.72;2013-12-05T00:00:00
3408051;595209;Žïár nad Sázavou;;;;;412821;Žïár nad Sázavou 3;655881;V Zahrádkách;è.p.;802;11;;59101;642543.04;1114660.01;2013-12-05T00:00:00
3408060;595209;Žïár nad Sázavou;;;;;412821;Žïár nad Sázavou 3;655881;V Zahrádkách;è.p.;803;13;;59101;642576.10;1114646.02;2013-12-05T00:00:00
3408078;595209;Žïár nad Sázavou;;;;;412821;Žïár nad Sázavou 3;655554;Okružní;è.p.;811;55;;59101;642912.90;1114315.87;2013-12-05T00:00:00
3408086;595209;Žïár nad Sázavou;;;;;412821;Žïár nad Sázavou 3;655295;Komenského;è.p.;825;6;;59101;642153.94;1114374.25;2013-12-05T00:00:00
3408094;595209;Žïár nad Sázavou;;;;;412821;Žïár nad Sázavou 3;654949;1. máje;è.p.;851;3;;59101;642247.47;1114799.55;2013-12-05T00:00:00
3408108;595209;Žïár nad Sázavou;;;;;412821;Žïár nad Sázavou 3;654949;1. máje;è.p.;852;5;;59101;642269.38;1114778.34;2013-12-05T00:00:00
3408116;595209;Žïár nad Sázavou;;;;;412821;Žïár nad Sázavou 3;654949;1. máje;è.p.;854;7;;59101;642309.48;1114738.36;2013-12-05T00:00:00
3408124;595209;Žïár nad Sázavou;;;;;412821;Žïár nad Sázavou 3;654949;1. máje;è.p.;855;9;;59101;642329.97;1114717.72;2013-12-05T00:00:00
3408132;595209;Žïár nad Sázavou;;;;;412821;Žïár nad Sázavou 3;654949;1. máje;è.p.;859;2;;59101;642303.80;1114792.56;2013-12-05T00:00:00
3408141;595209;Žïár nad Sázavou;;;;;412821;Žïár nad Sázavou 3;654949;1. máje;è.p.;860;4;;59101;642325.21;1114771.66;2013-12-05T00:00:00
3408159;595209;Žïár nad Sázavou;;;;;412821;Žïár nad Sázavou 3;654949;1. máje;è.p.;862;10;;59101;642368.36;1114728.72;2013-12-05T00:00:00
3408167;595209;Žïár nad Sázavou;;;;;412821;Žïár nad Sázavou 3;655627;Revoluèní;è.p.;863;2;;59101;642396.61;1114701.65;2013-12-05T00:00:00
3408175;595209;Žïár nad Sázavou;;;;;412821;Žïár nad Sázavou 3;655627;Revoluèní;è.p.;864;4;;59101;642412.47;1114680.13;2015-05-15T00:00:00
3408183;595209;Žïár nad Sázavou;;;;;412821;Žïár nad Sázavou 3;655627;Revoluèní;è.p.;865;6;;59101;642434.87;1114663.99;2013-12-05T00:00:00
3408191;595209;Žïár nad Sázavou;;;;;412821;Žïár nad Sázavou 3;655627;Revoluèní;è.p.;866;8;;59101;642455.91;1114649.60;2013-12-05T00:00:00
3408205;595209;Žïár nad Sázavou;;;;;412821;Žïár nad Sázavou 3;655848;U Jezu;è.p.;870;2;;59101;642233.94;1114778.78;2013-12-05T00:00:00
3408213;595209;Žïár nad Sázavou;;;;;412821;Žïár nad Sázavou 3;655848;U Jezu;è.p.;871;4;;59101;642215.97;1114751.83;2023-08-01T00:00:00
3408221;595209;Žïár nad Sázavou;;;;;412821;Žïár nad Sázavou 3;655422;Malá;è.p.;872;5;;59101;642228.60;1114727.48;2013-12-05T00:00:00
3408230;595209;Žïár nad Sázavou;;;;;412821;Žïár nad Sázavou 3;655848;U Jezu;è.p.;873;6;;59101;642244.88;1114706.10;2013-12-05T00:00:00
3408248;595209;Žïár nad Sázavou;;;;;412821;Žïár nad Sázavou 3;655848;U Jezu;è.p.;874;8;;59101;642263.93;1114681.44;2013-12-05T00:00:00
3408256;595209;Žïár nad Sázavou;;;;;412821;Žïár nad Sázavou 3;654949;1. máje;è.p.;875;6;;59101;642356.05;1114781.47;2013-12-05T00:00:00
3408264;595209;Žïár nad Sázavou;;;;;412821;Žïár nad Sázavou 3;655422;Malá;è.p.;876;3;;59101;642258.27;1114748.50;2013-12-05T00:00:00
3408272;595209;Žïár nad Sázavou;;;;;412821;Žïár nad Sázavou 3;655724;Strojírenská;è.p.;877;15;;59101;642380.41;1114757.78;2013-12-05T00:00:00
3408281;595209;Žïár nad Sázavou;;;;;412821;Žïár nad Sázavou 3;655422;Malá;è.p.;878;2;;59101;642277.20;1114725.15;2013-12-05T00:00:00
3408299;595209;Žïár nad Sázavou;;;;;412821;Žïár nad Sázavou 3;655309;Kopeèná;è.p.;879;1;;59101;642350.29;1114696.71;2013-12-05T00:00:00
3408302;595209;Žïár nad Sázavou;;;;;412821;Žïár nad Sázavou 3;655309;Kopeèná;è.p.;880;3;;59101;642324.77;1114677.93;2013-12-05T00:00:00
3408311;595209;Žïár nad Sázavou;;;;;412821;Žïár nad Sázavou 3;655881;V Zahrádkách;è.p.;881;1;;59101;642405.22;1114721.93;2013-12-05T00:00:00
3408329;595209;Žïár nad Sázavou;;;;;412821;Žïár nad Sázavou 3;655881;V Zahrádkách;è.p.;882;3;;59101;642427.69;1114712.07;2013-12-05T00:00:00
3408337;595209;Žïár nad Sázavou;;;;;412821;Žïár nad Sázavou 3;655881;V Zahrádkách;è.p.;883;5;;59101;642450.80;1114701.75;2013-12-05T00:00:00
3408345;595209;Žïár nad Sázavou;;;;;412821;Žïár nad Sázavou 3;655881;V Zahrádkách;è.p.;884;7;;59101;642474.30;1114691.44;2013-12-05T00:00:00
3408353;595209;Žïár nad Sázavou;;;;;412821;Žïár nad Sázavou 3;655881;V Zahrádkách;è.p.;885;2;;59101;642416.14;1114746.52;2013-12-05T00:00:00
3408361;595209;Žïár nad Sázavou;;;;;412821;Žïár nad Sázavou 3;655881;V Zahrádkách;è.p.;886;4;;59101;642438.48;1114736.83;2013-12-05T00:00:00
3408370;595209;Žïár nad Sázavou;;;;;412821;Žïár nad Sázavou 3;655881;V Zahrádkách;è.p.;887;6;;59101;642461.94;1114726.50;2013-12-05T00:00:00
3408388;595209;Žïár nad Sázavou;;;;;412821;Žïár nad Sázavou 3;655881;V Zahrádkách;è.p.;888;8;;59101;642486.50;1114716.38;2013-12-05T00:00:00
3408396;595209;Žïár nad Sázavou;;;;;412821;Žïár nad Sázavou 3;655554;Okružní;è.p.;920;21;;59101;642611.77;1114112.15;2024-10-03T00:00:00
3408400;595209;Žïár nad Sázavou;;;;;412821;Žïár nad Sázavou 3;655554;Okružní;è.p.;925;1;;59101;642412.12;1114144.19;2013-12-05T00:00:00
3408434;595209;Žïár nad Sázavou;;;;;412821;Žïár nad Sázavou 3;655295;Komenského;è.p.;972;10;;59101;642301.68;1114226.49;2013-12-05T00:00:00
3408442;595209;Žïár nad Sázavou;;;;;412821;Žïár nad Sázavou 3;655295;Komenského;è.p.;973;4;;59101;642245.10;1114425.16;2013-12-05T00:00:00
3408451;595209;Žïár nad Sázavou;;;;;412821;Žïár nad Sázavou 3;655023;Brodská;è.p.;1000;2;;59101;642246.51;1114577.13;2023-06-13T00:00:00
3408469;595209;Žïár nad Sázavou;;;;;412821;Žïár nad Sázavou 3;655554;Okružní;è.p.;1022;57;;59101;642903.90;1114346.02;2013-12-05T00:00:00
3408477;595209;Žïár nad Sázavou;;;;;412821;Žïár nad Sázavou 3;655554;Okružní;è.p.;1031;59;;59101;642893.88;1114364.86;2013-12-05T00:00:00
3408485;595209;Žïár nad Sázavou;;;;;412821;Žïár nad Sázavou 3;655023;Brodská;è.p.;1037;45;;59101;642624.24;1114333.19;2013-12-05T00:00:00
3408493;595209;Žïár nad Sázavou;;;;;412821;Žïár nad Sázavou 3;655295;Komenského;è.p.;1190;1;;59101;642103.93;1114491.79;2013-12-05T00:00:00
3408507;595209;Žïár nad Sázavou;;;;;412821;Žïár nad Sázavou 3;655554;Okružní;è.p.;1478;61;;59101;642874.37;1114380.74;2013-12-05T00:00:00
3408523;595209;Žïár nad Sázavou;;;;;412821;Žïár nad Sázavou 3;655295;Komenského;è.p.;1786;25;;59101;642077.70;1114418.72;2013-12-05T00:00:00
3408531;595209;Žïár nad Sázavou;;;;;412821;Žïár nad Sázavou 3;655295;Komenského;è.p.;1802;5;;59101;642093.31;1114324.63;2013-12-05T00:00:00
3408540;595209;Žïár nad Sázavou;;;;;412821;Žïár nad Sázavou 3;655295;Komenského;è.p.;1803;7;;59101;642101.81;1114289.63;2013-12-05T00:00:00
3408558;595209;Žïár nad Sázavou;;;;;412821;Žïár nad Sázavou 3;655295;Komenského;è.p.;1804;9;;59101;642106.16;1114273.02;2013-12-05T00:00:00
3408566;595209;Žïár nad Sázavou;;;;;412821;Žïár nad Sázavou 3;655295;Komenského;è.p.;1805;11;;59101;642127.50;1114254.56;2017-08-31T00:00:00
3408574;595209;Žïár nad Sázavou;;;;;412821;Žïár nad Sázavou 3;655295;Komenského;è.p.;1807;15;;59101;642156.25;1114221.50;2013-12-05T00:00:00
3408582;595209;Žïár nad Sázavou;;;;;412821;Žïár nad Sázavou 3;655295;Komenského;è.p.;1808;17;;59101;642171.25;1114212.13;2013-12-05T00:00:00
3408591;595209;Žïár nad Sázavou;;;;;412821;Žïár nad Sázavou 3;655295;Komenského;è.p.;1809;19;;59101;642194.63;1114199.88;2013-12-05T00:00:00
3408604;595209;Žïár nad Sázavou;;;;;412821;Žïár nad Sázavou 3;655295;Komenského;è.p.;1810;21;;59101;642209.50;1114192.00;2013-12-05T00:00:00
3408612;595209;Žïár nad Sázavou;;;;;412821;Žïár nad Sázavou 3;655627;Revoluèní;è.p.;1811;47;;59101;642342.99;1114208.58;2017-03-21T00:00:00
3408621;595209;Žïár nad Sázavou;;;;;412821;Žïár nad Sázavou 3;655627;Revoluèní;è.p.;1812;45;;59101;642350.92;1114228.96;2017-03-21T00:00:00
3408639;595209;Žïár nad Sázavou;;;;;412821;Žïár nad Sázavou 3;655627;Revoluèní;è.p.;1813;43;;59101;642354.34;1114264.20;2013-12-05T00:00:00
3408647;595209;Žïár nad Sázavou;;;;;412821;Žïár nad Sázavou 3;655627;Revoluèní;è.p.;1814;41;;59101;642359.38;1114288.38;2013-12-05T00:00:00
3408655;595209;Žïár nad Sázavou;;;;;412821;Žïár nad Sázavou 3;655627;Revoluèní;è.p.;1815;39;;59101;642358.94;1114319.38;2013-12-05T00:00:00
3408663;595209;Žïár nad Sázavou;;;;;412821;Žïár nad Sázavou 3;655627;Revoluèní;è.p.;1816;37;;59101;642366.38;1114342.88;2013-12-05T00:00:00
3408671;595209;Žïár nad Sázavou;;;;;412821;Žïár nad Sázavou 3;655627;Revoluèní;è.p.;1817;29;;59101;642382.19;1114370.55;2013-12-05T00:00:00
3408680;595209;Žïár nad Sázavou;;;;;412821;Žïár nad Sázavou 3;655627;Revoluèní;è.p.;1818;31;;59101;642367.18;1114378.79;2013-12-05T00:00:00
3408698;595209;Žïár nad Sázavou;;;;;412821;Žïár nad Sázavou 3;655627;Revoluèní;è.p.;1819;33;;59101;642337.25;1114400.00;2013-12-05T00:00:00
3408701;595209;Žïár nad Sázavou;;;;;412821;Žïár nad Sázavou 3;655627;Revoluèní;è.p.;1820;35;;59101;642321.38;1114408.13;2013-12-05T00:00:00
3408710;595209;Žïár nad Sázavou;;;;;412821;Žïár nad Sázavou 3;655023;Brodská;è.p.;1821;1;;59101;642296.69;1114496.00;2013-12-05T00:00:00
3408728;595209;Žïár nad Sázavou;;;;;412821;Žïár nad Sázavou 3;655023;Brodská;è.p.;1822;3;;59101;642308.89;1114488.38;2013-12-05T00:00:00
3408736;595209;Žïár nad Sázavou;;;;;412821;Žïár nad Sázavou 3;655023;Brodská;è.p.;1823;7;;59101;642333.71;1114475.18;2013-12-05T00:00:00
3408744;595209;Žïár nad Sázavou;;;;;412821;Žïár nad Sázavou 3;655023;Brodská;è.p.;1824;9;;59101;642353.00;1114467.00;2013-12-05T00:00:00
3408752;595209;Žïár nad Sázavou;;;;;412821;Žïár nad Sázavou 3;655023;Brodská;è.p.;1825;11;;59101;642366.69;1114426.92;2013-12-05T00:00:00
3408761;595209;Žïár nad Sázavou;;;;;412821;Žïár nad Sázavou 3;655023;Brodská;è.p.;1826;13;;59101;642382.55;1114454.11;2013-12-05T00:00:00
3408779;595209;Žïár nad Sázavou;;;;;412821;Žïár nad Sázavou 3;655023;Brodská;è.p.;1827;15;;59101;642400.70;1114444.82;2013-12-05T00:00:00
3408787;595209;Žïár nad Sázavou;;;;;412821;Žïár nad Sázavou 3;655023;Brodská;è.p.;1828;17;;59101;642419.02;1114435.54;2013-12-05T00:00:00
3408795;595209;Žïár nad Sázavou;;;;;412821;Žïár nad Sázavou 3;655627;Revoluèní;è.p.;1829;27;;59101;642404.52;1114407.92;2013-12-05T00:00:00
3408809;595209;Žïár nad Sázavou;;;;;412821;Žïár nad Sázavou 3;655023;Brodská;è.p.;1830;20;;59101;642443.26;1114478.15;2013-12-05T00:00:00
3408817;595209;Žïár nad Sázavou;;;;;412821;Žïár nad Sázavou 3;655023;Brodská;è.p.;1831;18;;59101;642434.50;1114486.13;2013-12-05T00:00:00
3408825;595209;Žïár nad Sázavou;;;;;412821;Žïár nad Sázavou 3;655023;Brodská;è.p.;1832;16;;59101;642422.69;1114493.13;2013-12-05T00:00:00
3408833;595209;Žïár nad Sázavou;;;;;412821;Žïár nad Sázavou 3;655023;Brodská;è.p.;1833;14;;59101;642411.31;1114497.00;2013-12-05T00:00:00
3408841;595209;Žïár nad Sázavou;;;;;412821;Žïár nad Sázavou 3;655023;Brodská;è.p.;1834;12;;59101;642401.04;1114503.29;2013-12-05T00:00:00
3408850;595209;Žïár nad Sázavou;;;;;412821;Žïár nad Sázavou 3;655023;Brodská;è.p.;1835;10;;59101;642370.67;1114521.51;2013-12-05T00:00:00
3408868;595209;Žïár nad Sázavou;;;;;412821;Žïár nad Sázavou 3;655023;Brodská;è.p.;1836;8;;59101;642338.88;1114545.05;2023-06-13T00:00:00
3408876;595209;Žïár nad Sázavou;;;;;412821;Žïár nad Sázavou 3;655023;Brodská;è.p.;1837;6;;59101;642319.66;1114544.44;2013-12-05T00:00:00
3408884;595209;Žïár nad Sázavou;;;;;412821;Žïár nad Sázavou 3;655023;Brodská;è.p.;1838;4;;59101;642316.89;1114576.59;2023-06-13T00:00:00
3408892;595209;Žïár nad Sázavou;;;;;412821;Žïár nad Sázavou 3;655309;Kopeèná;è.p.;1839;12;;59101;642325.06;1114591.38;2013-12-05T00:00:00
3408906;595209;Žïár nad Sázavou;;;;;412821;Žïár nad Sázavou 3;655309;Kopeèná;è.p.;1840;10;;59101;642322.94;1114608.38;2013-12-05T00:00:00
3408914;595209;Žïár nad Sázavou;;;;;412821;Žïár nad Sázavou 3;655309;Kopeèná;è.p.;1841;6;;59101;642375.81;1114607.75;2013-12-05T00:00:00
3408922;595209;Žïár nad Sázavou;;;;;412821;Žïár nad Sázavou 3;655309;Kopeèná;è.p.;1842;8;;59101;642372.94;1114591.13;2013-12-05T00:00:00
3408931;595209;Žïár nad Sázavou;;;;;412821;Žïár nad Sázavou 3;655627;Revoluèní;è.p.;1843;1;;59101;642406.10;1114627.44;2013-12-05T00:00:00
3408949;595209;Žïár nad Sázavou;;;;;412821;Žïár nad Sázavou 3;655627;Revoluèní;è.p.;1844;3;;59101;642418.55;1114620.96;2013-12-05T00:00:00
3408957;595209;Žïár nad Sázavou;;;;;412821;Žïár nad Sázavou 3;655627;Revoluèní;è.p.;1845;5;;59101;642430.83;1114614.64;2013-12-05T00:00:00
3408965;595209;Žïár nad Sázavou;;;;;412821;Žïár nad Sázavou 3;655627;Revoluèní;è.p.;1846;7;;59101;642426.40;1114586.67;2017-03-21T00:00:00
3408973;595209;Žïár nad Sázavou;;;;;412821;Žïár nad Sázavou 3;655627;Revoluèní;è.p.;1847;9;;59101;642414.52;1114574.04;2017-03-21T00:00:00
3408981;595209;Žïár nad Sázavou;;;;;412821;Žïár nad Sázavou 3;655627;Revoluèní;è.p.;1848;11;;59101;642429.28;1114574.89;2017-03-21T00:00:00
3408990;595209;Žïár nad Sázavou;;;;;412821;Žïár nad Sázavou 3;655627;Revoluèní;è.p.;1850;15;;59101;642454.49;1114561.84;2017-03-21T00:00:00
3409007;595209;Žïár nad Sázavou;;;;;412821;Žïár nad Sázavou 3;655627;Revoluèní;è.p.;1851;17;;59101;642422.84;1114543.21;2013-12-05T00:00:00
3409015;595209;Žïár nad Sázavou;;;;;412821;Žïár nad Sázavou 3;655627;Revoluèní;è.p.;1852;19;;59101;642415.51;1114528.92;2013-12-05T00:00:00
3409023;595209;Žïár nad Sázavou;;;;;412821;Žïár nad Sázavou 3;655627;Revoluèní;è.p.;1853;21;;59101;642429.84;1114530.42;2013-12-05T00:00:00
3409031;595209;Žïár nad Sázavou;;;;;412821;Žïár nad Sázavou 3;655627;Revoluèní;è.p.;1855;25;;59101;642454.43;1114516.88;2013-12-05T00:00:00
3409040;595209;Žïár nad Sázavou;;;;;412821;Žïár nad Sázavou 3;655627;Revoluèní;è.p.;1856;10;;59101;642487.65;1114584.93;2013-12-05T00:00:00
3409058;595209;Žïár nad Sázavou;;;;;412821;Žïár nad Sázavou 3;655627;Revoluèní;è.p.;1857;12;;59101;642501.04;1114578.53;2013-12-05T00:00:00
3409066;595209;Žïár nad Sázavou;;;;;412821;Žïár nad Sázavou 3;655627;Revoluèní;è.p.;1858;14;;59101;642512.37;1114573.24;2013-12-05T00:00:00
3409074;595209;Žïár nad Sázavou;;;;;412821;Žïár nad Sázavou 3;655627;Revoluèní;è.p.;1859;16;;59101;642493.00;1114537.35;2023-06-12T00:00:00
3409082;595209;Žïár nad Sázavou;;;;;412821;Žïár nad Sázavou 3;655627;Revoluèní;è.p.;1860;18;;59101;642508.69;1114529.10;2023-06-12T00:00:00
3409091;595209;Žïár nad Sázavou;;;;;412821;Žïár nad Sázavou 3;655627;Revoluèní;è.p.;1861;20;;59101;642517.36;1114524.47;2023-06-12T00:00:00
3409104;595209;Žïár nad Sázavou;;;;;412821;Žïár nad Sázavou 3;655627;Revoluèní;è.p.;1862;22;;59101;642522.40;1114518.56;2023-06-12T00:00:00
3409112;595209;Žïár nad Sázavou;;;;;412821;Žïár nad Sázavou 3;655627;Revoluèní;è.p.;1863;24;;59101;642491.81;1114495.13;2013-12-05T00:00:00
3409121;595209;Žïár nad Sázavou;;;;;412821;Žïár nad Sázavou 3;655627;Revoluèní;è.p.;1864;26;;59101;642506.50;1114491.63;2013-12-05T00:00:00
3409139;595209;Žïár nad Sázavou;;;;;412821;Žïár nad Sázavou 3;655627;Revoluèní;è.p.;1865;28;;59101;642514.50;1114487.38;2013-12-05T00:00:00
3409147;595209;Žïár nad Sázavou;;;;;412821;Žïár nad Sázavou 3;655023;Brodská;è.p.;1866;30;;59101;642517.37;1114433.61;2013-12-05T00:00:00
3409155;595209;Žïár nad Sázavou;;;;;412821;Žïár nad Sázavou 3;655023;Brodská;è.p.;1867;28;;59101;642523.37;1114444.51;2013-12-05T00:00:00
3409163;595209;Žïár nad Sázavou;;;;;412821;Žïár nad Sázavou 3;655023;Brodská;è.p.;1868;26;;59101;642504.18;1114445.18;2013-12-05T00:00:00
3409171;595209;Žïár nad Sázavou;;;;;412821;Žïár nad Sázavou 3;655023;Brodská;è.p.;1869;24;;59101;642491.50;1114451.70;2013-12-05T00:00:00
3409180;595209;Žïár nad Sázavou;;;;;412821;Žïár nad Sázavou 3;655023;Brodská;è.p.;1870;22;;59101;642479.26;1114458.71;2013-12-05T00:00:00
3409198;595209;Žïár nad Sázavou;;;;;412821;Žïár nad Sázavou 3;655627;Revoluèní;è.p.;1871;30;;59101;642452.45;1114409.54;2023-06-12T00:00:00
3409201;595209;Žïár nad Sázavou;;;;;412821;Žïár nad Sázavou 3;655023;Brodská;è.p.;1872;19;;59101;642462.13;1114413.13;2013-12-05T00:00:00
3409210;595209;Žïár nad Sázavou;;;;;412821;Žïár nad Sázavou 3;655023;Brodská;è.p.;1873;21;;59101;642479.38;1114404.63;2013-12-05T00:00:00
3409228;595209;Žïár nad Sázavou;;;;;412821;Žïár nad Sázavou 3;655023;Brodská;è.p.;1874;23;;59101;642498.88;1114408.13;2013-12-05T00:00:00
3409236;595209;Žïár nad Sázavou;;;;;412821;Žïár nad Sázavou 3;655023;Brodská;è.p.;1875;25;;59101;642494.94;1114393.63;2013-12-05T00:00:00
3409244;595209;Žïár nad Sázavou;;;;;412821;Žïár nad Sázavou 3;655023;Brodská;è.p.;1876;27;;59101;642492.08;1114388.90;2023-06-12T00:00:00
3409252;595209;Žïár nad Sázavou;;;;;412821;Žïár nad Sázavou 3;655627;Revoluèní;è.p.;1877;36;;59101;642446.61;1114343.42;2017-05-15T00:00:00
3409261;595209;Žïár nad Sázavou;;;;;412821;Žïár nad Sázavou 3;655627;Revoluèní;è.p.;1878;34;;59101;642429.80;1114345.65;2017-05-15T00:00:00
3409279;595209;Žïár nad Sázavou;;;;;412821;Žïár nad Sázavou 3;655627;Revoluèní;è.p.;1879;32;;59101;642416.13;1114349.71;2017-05-15T00:00:00
3409287;595209;Žïár nad Sázavou;;;;;412821;Žïár nad Sázavou 3;655627;Revoluèní;è.p.;1880;44;;59101;642429.41;1114308.11;2013-12-05T00:00:00
3409295;595209;Žïár nad Sázavou;;;;;412821;Žïár nad Sázavou 3;655627;Revoluèní;è.p.;1881;46;;59101;642437.06;1114302.50;2013-12-05T00:00:00
3409309;595209;Žïár nad Sázavou;;;;;412821;Žïár nad Sázavou 3;655627;Revoluèní;è.p.;1882;52;;59101;642428.38;1114274.50;2013-12-05T00:00:00
3409317;595209;Žïár nad Sázavou;;;;;412821;Žïár nad Sázavou 3;655627;Revoluèní;è.p.;1883;50;;59101;642409.13;1114277.13;2013-12-05T00:00:00
3409325;595209;Žïár nad Sázavou;;;;;412821;Žïár nad Sázavou 3;655627;Revoluèní;è.p.;1884;48;;59101;642397.63;1114280.38;2013-12-05T00:00:00
3409333;595209;Žïár nad Sázavou;;;;;412821;Žïár nad Sázavou 3;655627;Revoluèní;è.p.;1885;60;;59101;642399.63;1114240.38;2013-12-05T00:00:00
3409341;595209;Žïár nad Sázavou;;;;;412821;Žïár nad Sázavou 3;655627;Revoluèní;è.p.;1886;62;;59101;642419.56;1114237.75;2013-12-05T00:00:00
3409368;595209;Žïár nad Sázavou;;;;;412821;Žïár nad Sázavou 3;655554;Okružní;è.p.;1888;4;;59101;642416.44;1114201.63;2013-12-05T00:00:00
3409384;595209;Žïár nad Sázavou;;;;;412821;Žïár nad Sázavou 3;655554;Okružní;è.p.;1890;5;;59101;642469.56;1114140.99;2013-12-05T00:00:00
3409392;595209;Žïár nad Sázavou;;;;;412821;Žïár nad Sázavou 3;655554;Okružní;è.p.;1891;3;;59101;642471.28;1114156.97;2013-12-05T00:00:00
3409406;595209;Žïár nad Sázavou;;;;;412821;Žïár nad Sázavou 3;655554;Okružní;è.p.;1892;9;;59101;642512.56;1114131.13;2013-12-05T00:00:00
3409414;595209;Žïár nad Sázavou;;;;;412821;Žïár nad Sázavou 3;655554;Okružní;è.p.;1893;7;;59101;642516.06;1114149.50;2013-12-05T00:00:00
3409422;595209;Žïár nad Sázavou;;;;;412821;Žïár nad Sázavou 3;655554;Okružní;è.p.;1894;10;;59101;642481.25;1114205.00;2013-12-05T00:00:00
3409431;595209;Žïár nad Sázavou;;;;;412821;Žïár nad Sázavou 3;655554;Okružní;è.p.;1895;8;;59101;642469.31;1114195.38;2013-12-05T00:00:00
3409449;595209;Žïár nad Sázavou;;;;;412821;Žïár nad Sázavou 3;655554;Okružní;è.p.;1896;6;;59101;642450.88;1114196.88;2013-12-05T00:00:00
3409465;595209;Žïár nad Sázavou;;;;;412821;Žïár nad Sázavou 3;655627;Revoluèní;è.p.;1899;58;;59101;642488.68;1114272.73;2018-11-21T00:00:00
3409473;595209;Žïár nad Sázavou;;;;;412821;Žïár nad Sázavou 3;655627;Revoluèní;è.p.;1900;56;;59101;642473.73;1114276.63;2018-11-21T00:00:00
3409481;595209;Žïár nad Sázavou;;;;;412821;Žïár nad Sázavou 3;655627;Revoluèní;è.p.;1901;54;;59101;642458.85;1114277.76;2018-11-21T00:00:00
3409490;595209;Žïár nad Sázavou;;;;;412821;Žïár nad Sázavou 3;655627;Revoluèní;è.p.;1903;40;;59101;642483.11;1114312.46;2019-11-25T00:00:00
3409503;595209;Žïár nad Sázavou;;;;;412821;Žïár nad Sázavou 3;655627;Revoluèní;è.p.;1904;38;;59101;642469.42;1114320.13;2019-11-25T00:00:00
3409511;595209;Žïár nad Sázavou;;;;;412821;Žïár nad Sázavou 3;655023;Brodská;è.p.;1905;33;;59101;642535.71;1114374.52;2013-12-05T00:00:00
3409520;595209;Žïár nad Sázavou;;;;;412821;Žïár nad Sázavou 3;655023;Brodská;è.p.;1906;31;;59101;642541.02;1114378.66;2013-12-05T00:00:00
3409538;595209;Žïár nad Sázavou;;;;;412821;Žïár nad Sázavou 3;655023;Brodská;è.p.;1907;29;;59101;642526.46;1114386.00;2013-12-05T00:00:00
3409546;595209;Žïár nad Sázavou;;;;;412821;Žïár nad Sázavou 3;655023;Brodská;è.p.;1908;36;;59101;642568.06;1114413.88;2013-12-05T00:00:00
3409554;595209;Žïár nad Sázavou;;;;;412821;Žïár nad Sázavou 3;655023;Brodská;è.p.;1909;34;;59101;642556.50;1114420.50;2013-12-05T00:00:00
3409562;595209;Žïár nad Sázavou;;;;;412821;Žïár nad Sázavou 3;655023;Brodská;è.p.;1910;32;;59101;642542.00;1114427.13;2013-12-05T00:00:00
3409571;595209;Žïár nad Sázavou;;;;;412821;Žïár nad Sázavou 3;655023;Brodská;è.p.;1911;46;;59101;642588.69;1114458.88;2013-12-05T00:00:00
3409589;595209;Žïár nad Sázavou;;;;;412821;Žïár nad Sázavou 3;655023;Brodská;è.p.;1912;44;;59101;642573.50;1114454.25;2013-12-05T00:00:00
3409597;595209;Žïár nad Sázavou;;;;;412821;Žïár nad Sázavou 3;655023;Brodská;è.p.;1913;42;;59101;642561.94;1114462.63;2013-12-05T00:00:00
3409601;595209;Žïár nad Sázavou;;;;;412821;Žïár nad Sázavou 3;655023;Brodská;è.p.;1914;40;;59101;642547.31;1114468.75;2013-12-05T00:00:00
3409619;595209;Žïár nad Sázavou;;;;;412821;Žïár nad Sázavou 3;655023;Brodská;è.p.;1915;38;;59101;642542.75;1114482.50;2013-12-05T00:00:00
3409627;595209;Žïár nad Sázavou;;;;;412821;Žïár nad Sázavou 3;655554;Okružní;è.p.;1916;120;;59101;642550.19;1114545.88;2013-12-05T00:00:00
3409635;595209;Žïár nad Sázavou;;;;;412821;Žïár nad Sázavou 3;655554;Okružní;è.p.;1917;118;;59101;642559.38;1114537.88;2013-12-05T00:00:00
3409643;595209;Žïár nad Sázavou;;;;;412821;Žïár nad Sázavou 3;655554;Okružní;è.p.;1918;116;;59101;642571.19;1114526.88;2013-12-05T00:00:00
3409651;595209;Žïár nad Sázavou;;;;;412821;Žïár nad Sázavou 3;655554;Okružní;è.p.;1919;114;;59101;642592.25;1114501.23;2013-12-05T00:00:00
3409660;595209;Žïár nad Sázavou;;;;;412821;Žïár nad Sázavou 3;655554;Okružní;è.p.;1920;112;;59101;642602.02;1114491.00;2013-12-05T00:00:00
3409678;595209;Žïár nad Sázavou;;;;;412821;Žïár nad Sázavou 3;655554;Okružní;è.p.;1921;110;;59101;642612.31;1114481.22;2013-12-05T00:00:00
3409686;595209;Žïár nad Sázavou;;;;;412821;Žïár nad Sázavou 3;655554;Okružní;è.p.;1922;108;;59101;642653.25;1114454.50;2013-12-05T00:00:00
3409694;595209;Žïár nad Sázavou;;;;;412821;Žïár nad Sázavou 3;655554;Okružní;è.p.;1923;106;;59101;642666.44;1114449.13;2013-12-05T00:00:00
3409708;595209;Žïár nad Sázavou;;;;;412821;Žïár nad Sázavou 3;655554;Okružní;è.p.;1924;104;;59101;642679.75;1114442.88;2013-12-05T00:00:00
3409716;595209;Žïár nad Sázavou;;;;;412821;Žïár nad Sázavou 3;655023;Brodská;è.p.;1925;54;;59101;642627.93;1114413.60;2017-03-21T00:00:00
3409724;595209;Žïár nad Sázavou;;;;;412821;Žïár nad Sázavou 3;655023;Brodská;è.p.;1926;52;;59101;642623.38;1114418.79;2017-03-21T00:00:00
3409732;595209;Žïár nad Sázavou;;;;;412821;Žïár nad Sázavou 3;655023;Brodská;è.p.;1927;50;;59101;642610.67;1114425.46;2017-03-21T00:00:00
3409741;595209;Žïár nad Sázavou;;;;;412821;Žïár nad Sázavou 3;655023;Brodská;è.p.;1928;48;;59101;642597.30;1114432.80;2017-03-21T00:00:00
3409759;595209;Žïár nad Sázavou;;;;;412821;Žïár nad Sázavou 3;655023;Brodská;è.p.;1929;56;;59101;642602.88;1114393.13;2013-12-05T00:00:00
3409767;595209;Žïár nad Sázavou;;;;;412821;Žïár nad Sázavou 3;655023;Brodská;è.p.;1930;58;;59101;642616.88;1114387.75;2013-12-05T00:00:00
3409775;595209;Žïár nad Sázavou;;;;;412821;Žïár nad Sázavou 3;655023;Brodská;è.p.;1931;60;;59101;642627.38;1114380.25;2013-12-05T00:00:00
3409783;595209;Žïár nad Sázavou;;;;;412821;Žïár nad Sázavou 3;655023;Brodská;è.p.;1932;43;;59101;642607.74;1114336.27;2023-06-12T00:00:00
3409791;595209;Žïár nad Sázavou;;;;;412821;Žïár nad Sázavou 3;655023;Brodská;è.p.;1933;41;;59101;642605.40;1114343.83;2013-12-05T00:00:00
3409805;595209;Žïár nad Sázavou;;;;;412821;Žïár nad Sázavou 3;655023;Brodská;è.p.;1934;39;;59101;642587.20;1114353.14;2013-12-05T00:00:00
3409813;595209;Žïár nad Sázavou;;;;;412821;Žïár nad Sázavou 3;655023;Brodská;è.p.;1935;37;;59101;642569.22;1114363.31;2013-12-05T00:00:00
3409821;595209;Žïár nad Sázavou;;;;;412821;Žïár nad Sázavou 3;655023;Brodská;è.p.;1936;35;;59101;642561.50;1114361.01;2023-06-12T00:00:00
3409830;595209;Žïár nad Sázavou;;;;;412821;Žïár nad Sázavou 3;655554;Okružní;è.p.;1937;22;;59101;642514.94;1114243.38;2013-12-05T00:00:00
3409848;595209;Žïár nad Sázavou;;;;;412821;Žïár nad Sázavou 3;655554;Okružní;è.p.;1938;24;;59101;642542.88;1114241.75;2013-12-05T00:00:00
3409856;595209;Žïár nad Sázavou;;;;;412821;Žïár nad Sázavou 3;655554;Okružní;è.p.;1939;26;;59101;642568.25;1114239.25;2013-12-05T00:00:00
3409872;595209;Žïár nad Sázavou;;;;;412821;Žïár nad Sázavou 3;655554;Okružní;è.p.;1941;18;;59101;642516.06;1114191.99;2023-06-12T00:00:00
3409899;595209;Žïár nad Sázavou;;;;;412821;Žïár nad Sázavou 3;655554;Okružní;è.p.;1944;30;;59101;642558.00;1114192.25;2013-12-05T00:00:00
3409902;595209;Žïár nad Sázavou;;;;;412821;Žïár nad Sázavou 3;655554;Okružní;è.p.;1945;32;;59101;642576.19;1114190.25;2013-12-05T00:00:00
3409911;595209;Žïár nad Sázavou;;;;;412821;Žïár nad Sázavou 3;655554;Okružní;è.p.;1946;13;;59101;642553.50;1114146.63;2013-12-05T00:00:00
3409929;595209;Žïár nad Sázavou;;;;;412821;Žïár nad Sázavou 3;655554;Okružní;è.p.;1947;15;;59101;642555.00;1114131.00;2013-12-05T00:00:00
3409937;595209;Žïár nad Sázavou;;;;;412821;Žïár nad Sázavou 3;655554;Okružní;è.p.;1948;19;;59101;642592.17;1114122.27;2013-12-05T00:00:00
3409945;595209;Žïár nad Sázavou;;;;;412821;Žïár nad Sázavou 3;655554;Okružní;è.p.;1950;23;;59101;642640.31;1114118.50;2013-12-05T00:00:00
3409953;595209;Žïár nad Sázavou;;;;;412821;Žïár nad Sázavou 3;655554;Okružní;è.p.;1951;25;;59101;642662.19;1114117.75;2013-12-05T00:00:00
3409961;595209;Žïár nad Sázavou;;;;;412821;Žïár nad Sázavou 3;655554;Okružní;è.p.;1952;27;;59101;642678.38;1114115.25;2013-12-05T00:00:00
3409970;595209;Žïár nad Sázavou;;;;;412821;Žïár nad Sázavou 3;655554;Okružní;è.p.;1953;29;;59101;642696.81;1114113.13;2013-12-05T00:00:00
3409988;595209;Žïár nad Sázavou;;;;;412821;Žïár nad Sázavou 3;655554;Okružní;è.p.;1955;50;;59101;642677.06;1114172.88;2013-12-05T00:00:00
3409996;595209;Žïár nad Sázavou;;;;;412821;Žïár nad Sázavou 3;655554;Okružní;è.p.;1956;48;;59101;642661.69;1114175.50;2013-12-05T00:00:00
3410005;595209;Žïár nad Sázavou;;;;;412821;Žïár nad Sázavou 3;655554;Okružní;è.p.;1957;38;;59101;642627.88;1114179.50;2013-12-05T00:00:00
3410013;595209;Žïár nad Sázavou;;;;;412821;Žïár nad Sázavou 3;655554;Okružní;è.p.;1958;36;;59101;642611.63;1114180.00;2013-12-05T00:00:00
3410021;595209;Žïár nad Sázavou;;;;;412821;Žïár nad Sázavou 3;655554;Okružní;è.p.;1959;34;;59101;642599.88;1114184.38;2013-12-05T00:00:00
3410030;595209;Žïár nad Sázavou;;;;;412821;Žïár nad Sázavou 3;655554;Okružní;è.p.;1960;40;;59101;642602.56;1114210.50;2013-12-05T00:00:00
3410048;595209;Žïár nad Sázavou;;;;;412821;Žïár nad Sázavou 3;655554;Okružní;è.p.;1961;42;;59101;642603.88;1114224.63;2013-12-05T00:00:00
3410056;595209;Žïár nad Sázavou;;;;;412821;Žïár nad Sázavou 3;655554;Okružní;è.p.;1962;44;;59101;642637.81;1114218.13;2013-12-05T00:00:00
3410064;595209;Žïár nad Sázavou;;;;;412821;Žïár nad Sázavou 3;655554;Okružní;è.p.;1963;46;;59101;642658.69;1114217.00;2013-12-05T00:00:00
3410072;595209;Žïár nad Sázavou;;;;;412821;Žïár nad Sázavou 3;655554;Okružní;è.p.;1964;54;;59101;642691.31;1114200.00;2013-12-05T00:00:00
3410081;595209;Žïár nad Sázavou;;;;;412821;Žïár nad Sázavou 3;655554;Okružní;è.p.;1965;56;;59101;642692.13;1114215.00;2013-12-05T00:00:00
3410099;595209;Žïár nad Sázavou;;;;;412821;Žïár nad Sázavou 3;655023;Brodská;è.p.;1966;69;;59101;642699.00;1114241.01;2013-12-05T00:00:00
3410102;595209;Žïár nad Sázavou;;;;;412821;Žïár nad Sázavou 3;655023;Brodská;è.p.;1967;67;;59101;642707.88;1114256.50;2013-12-05T00:00:00
3410111;595209;Žïár nad Sázavou;;;;;412821;Žïár nad Sázavou 3;655023;Brodská;è.p.;1968;65;;59101;642719.50;1114276.25;2013-12-05T00:00:00
3410129;595209;Žïár nad Sázavou;;;;;412821;Žïár nad Sázavou 3;655023;Brodská;è.p.;1969;63;;59101;642707.06;1114287.38;2013-12-05T00:00:00
3410137;595209;Žïár nad Sázavou;;;;;412821;Žïár nad Sázavou 3;655023;Brodská;è.p.;1970;61;;59101;642698.44;1114292.13;2013-12-05T00:00:00
3410145;595209;Žïár nad Sázavou;;;;;412821;Žïár nad Sázavou 3;655023;Brodská;è.p.;1971;59;;59101;642669.31;1114266.53;2017-03-21T00:00:00
3410153;595209;Žïár nad Sázavou;;;;;412821;Žïár nad Sázavou 3;655023;Brodská;è.p.;1972;57;;59101;642656.27;1114274.71;2017-03-21T00:00:00
3410161;595209;Žïár nad Sázavou;;;;;412821;Žïár nad Sázavou 3;655023;Brodská;è.p.;1973;47;;59101;642619.55;1114284.03;2013-12-05T00:00:00
3410170;595209;Žïár nad Sázavou;;;;;412821;Žïár nad Sázavou 3;655023;Brodská;è.p.;1974;49;;59101;642626.20;1114296.64;2013-12-05T00:00:00
3410188;595209;Žïár nad Sázavou;;;;;412821;Žïár nad Sázavou 3;655023;Brodská;è.p.;1975;55;;59101;642663.18;1114307.54;2013-12-05T00:00:00
3410196;595209;Žïár nad Sázavou;;;;;412821;Žïár nad Sázavou 3;655023;Brodská;è.p.;1976;53;;59101;642649.70;1114314.36;2013-12-05T00:00:00
3410200;595209;Žïár nad Sázavou;;;;;412821;Žïár nad Sázavou 3;655023;Brodská;è.p.;1977;51;;59101;642637.90;1114318.89;2013-12-05T00:00:00
3410218;595209;Žïár nad Sázavou;;;;;412821;Žïár nad Sázavou 3;655023;Brodská;è.p.;1978;68;;59101;642659.42;1114357.69;2023-06-13T00:00:00
3410226;595209;Žïár nad Sázavou;;;;;412821;Žïár nad Sázavou 3;655023;Brodská;è.p.;1979;70;;59101;642672.47;1114350.46;2023-06-13T00:00:00
3410234;595209;Žïár nad Sázavou;;;;;412821;Žïár nad Sázavou 3;655023;Brodská;è.p.;1980;72;;59101;642684.77;1114343.94;2023-06-13T00:00:00
3410242;595209;Žïár nad Sázavou;;;;;412821;Žïár nad Sázavou 3;655023;Brodská;è.p.;1981;84;;59101;642715.69;1114333.50;2013-12-05T00:00:00
3410251;595209;Žïár nad Sázavou;;;;;412821;Žïár nad Sázavou 3;655023;Brodská;è.p.;1982;86;;59101;642729.44;1114327.25;2013-12-05T00:00:00
3410269;595209;Žïár nad Sázavou;;;;;412821;Žïár nad Sázavou 3;655023;Brodská;è.p.;1983;88;;59101;642740.88;1114319.38;2013-12-05T00:00:00
3410277;595209;Žïár nad Sázavou;;;;;412821;Žïár nad Sázavou 3;655023;Brodská;è.p.;1984;82;;59101;642772.81;1114357.75;2013-12-05T00:00:00
3410285;595209;Žïár nad Sázavou;;;;;412821;Žïár nad Sázavou 3;655023;Brodská;è.p.;1985;80;;59101;642757.19;1114354.75;2013-12-05T00:00:00
3410293;595209;Žïár nad Sázavou;;;;;412821;Žïár nad Sázavou 3;655023;Brodská;è.p.;1986;78;;59101;642746.06;1114362.88;2013-12-05T00:00:00
3410307;595209;Žïár nad Sázavou;;;;;412821;Žïár nad Sázavou 3;655023;Brodská;è.p.;1987;76;;59101;642732.00;1114368.50;2013-12-05T00:00:00
3410315;595209;Žïár nad Sázavou;;;;;412821;Žïár nad Sázavou 3;655023;Brodská;è.p.;1988;74;;59101;642726.44;1114382.63;2013-12-05T00:00:00
3410323;595209;Žïár nad Sázavou;;;;;412821;Žïár nad Sázavou 3;655023;Brodská;è.p.;1989;66;;59101;642693.50;1114390.13;2013-12-05T00:00:00
3410331;595209;Žïár nad Sázavou;;;;;412821;Žïár nad Sázavou 3;655023;Brodská;è.p.;1990;64;;59101;642681.31;1114396.88;2013-12-05T00:00:00
3410340;595209;Žïár nad Sázavou;;;;;412821;Žïár nad Sázavou 3;655023;Brodská;è.p.;1991;62;;59101;642667.44;1114400.88;2013-12-05T00:00:00
3410358;595209;Žïár nad Sázavou;;;;;412821;Žïár nad Sázavou 3;655554;Okružní;è.p.;1992;102;;59101;642703.31;1114422.30;2013-12-05T00:00:00
3410366;595209;Žïár nad Sázavou;;;;;412821;Žïár nad Sázavou 3;655554;Okružní;è.p.;1994;98;;59101;642730.31;1114414.67;2013-12-05T00:00:00
3410374;595209;Žïár nad Sázavou;;;;;412821;Žïár nad Sázavou 3;655554;Okružní;è.p.;1995;96;;59101;642754.65;1114387.47;2017-03-21T00:00:00
3410382;595209;Žïár nad Sázavou;;;;;412821;Žïár nad Sázavou 3;655554;Okružní;è.p.;1996;94;;59101;642768.40;1114384.88;2017-03-21T00:00:00
3410391;595209;Žïár nad Sázavou;;;;;412821;Žïár nad Sázavou 3;655554;Okružní;è.p.;1997;92;;59101;642783.29;1114382.38;2017-03-21T00:00:00
3410404;595209;Žïár nad Sázavou;;;;;412821;Žïár nad Sázavou 3;655554;Okružní;è.p.;1999;88;;59101;642822.78;1114359.52;2013-12-05T00:00:00
3410412;595209;Žïár nad Sázavou;;;;;412821;Žïár nad Sázavou 3;655554;Okružní;è.p.;2000;86;;59101;642837.59;1114356.89;2013-12-05T00:00:00
3410421;595209;Žïár nad Sázavou;;;;;412821;Žïár nad Sázavou 3;655554;Okružní;è.p.;2001;84;;59101;642848.21;1114346.78;2013-12-05T00:00:00
3410439;595209;Žïár nad Sázavou;;;;;412821;Žïár nad Sázavou 3;655023;Brodská;è.p.;2002;94;;59101;642803.63;1114307.13;2013-12-05T00:00:00
3410447;595209;Žïár nad Sázavou;;;;;412821;Žïár nad Sázavou 3;655023;Brodská;è.p.;2003;92;;59101;642792.56;1114314.13;2013-12-05T00:00:00
3410455;595209;Žïár nad Sázavou;;;;;412821;Žïár nad Sázavou 3;655023;Brodská;è.p.;2004;90;;59101;642777.69;1114321.00;2013-12-05T00:00:00
3410463;595209;Žïár nad Sázavou;;;;;412821;Žïár nad Sázavou 3;655023;Brodská;è.p.;2005;75;;59101;642770.63;1114245.42;2023-06-13T00:00:00
3410471;595209;Žïár nad Sázavou;;;;;412821;Žïár nad Sázavou 3;655023;Brodská;è.p.;2006;73;;59101;642753.42;1114254.62;2023-06-13T00:00:00
3410480;595209;Žïár nad Sázavou;;;;;412821;Žïár nad Sázavou 3;655023;Brodská;è.p.;2007;71;;59101;642737.38;1114264.72;2023-06-13T00:00:00
3410498;595209;Žïár nad Sázavou;;;;;412821;Žïár nad Sázavou 3;655554;Okružní;è.p.;2008;66;;59101;642731.24;1114229.39;2013-12-05T00:00:00
3410501;595209;Žïár nad Sázavou;;;;;412821;Žïár nad Sázavou 3;655554;Okružní;è.p.;2009;64;;59101;642731.07;1114229.24;2013-12-05T00:00:00
3410510;595209;Žïár nad Sázavou;;;;;412821;Žïár nad Sázavou 3;655554;Okružní;è.p.;2010;62;;59101;642748.31;1114172.75;2013-12-05T00:00:00
3410528;595209;Žïár nad Sázavou;;;;;412821;Žïár nad Sázavou 3;655554;Okružní;è.p.;2011;60;;59101;642730.75;1114173.50;2013-12-05T00:00:00
3410536;595209;Žïár nad Sázavou;;;;;412821;Žïár nad Sázavou 3;655554;Okružní;è.p.;2012;58;;59101;642717.69;1114174.88;2013-12-05T00:00:00
3410544;595209;Žïár nad Sázavou;;;;;412821;Žïár nad Sázavou 3;655554;Okružní;è.p.;2013;31;;59101;642728.94;1114131.75;2013-12-05T00:00:00
3410552;595209;Žïár nad Sázavou;;;;;412821;Žïár nad Sázavou 3;655554;Okružní;è.p.;2014;33;;59101;642750.63;1114132.63;2013-12-05T00:00:00
3410561;595209;Žïár nad Sázavou;;;;;412821;Žïár nad Sázavou 3;655554;Okružní;è.p.;2015;35;;59101;642782.71;1114136.71;2013-12-05T00:00:00
3410579;595209;Žïár nad Sázavou;;;;;412821;Žïár nad Sázavou 3;655554;Okružní;è.p.;2016;37;;59101;642806.75;1114140.75;2013-12-05T00:00:00
3410587;595209;Žïár nad Sázavou;;;;;412821;Žïár nad Sázavou 3;655554;Okružní;è.p.;2017;68;;59101;642783.06;1114178.75;2013-12-05T00:00:00
3410595;595209;Žïár nad Sázavou;;;;;412821;Žïár nad Sázavou 3;655554;Okružní;è.p.;2018;70;;59101;642800.13;1114183.88;2013-12-05T00:00:00
3410609;595209;Žïár nad Sázavou;;;;;412821;Žïár nad Sázavou 3;655554;Okružní;è.p.;2019;72;;59101;642815.56;1114191.00;2013-12-05T00:00:00
3410617;595209;Žïár nad Sázavou;;;;;412821;Žïár nad Sázavou 3;655023;Brodská;è.p.;2020;81;;59101;642829.81;1114216.75;2013-12-05T00:00:00
3410625;595209;Žïár nad Sázavou;;;;;412821;Žïár nad Sázavou 3;655023;Brodská;è.p.;2021;79;;59101;642818.69;1114226.25;2013-12-05T00:00:00
3410633;595209;Žïár nad Sázavou;;;;;412821;Žïár nad Sázavou 3;655023;Brodská;è.p.;2022;77;;59101;642802.31;1114235.38;2013-12-05T00:00:00
3410641;595209;Žïár nad Sázavou;;;;;412821;Žïár nad Sázavou 3;655023;Brodská;è.p.;2023;102;;59101;642865.44;1114265.38;2013-12-05T00:00:00
3410650;595209;Žïár nad Sázavou;;;;;412821;Žïár nad Sázavou 3;655023;Brodská;è.p.;2024;100;;59101;642859.13;1114276.88;2013-12-05T00:00:00
3410668;595209;Žïár nad Sázavou;;;;;412821;Žïár nad Sázavou 3;655023;Brodská;è.p.;2025;98;;59101;642847.25;1114284.88;2013-12-05T00:00:00
3410676;595209;Žïár nad Sázavou;;;;;412821;Žïár nad Sázavou 3;655023;Brodská;è.p.;2026;96;;59101;642831.94;1114292.25;2013-12-05T00:00:00
3410684;595209;Žïár nad Sázavou;;;;;412821;Žïár nad Sázavou 3;655554;Okružní;è.p.;2027;82;;59101;642841.94;1114322.63;2013-12-05T00:00:00
3410692;595209;Žïár nad Sázavou;;;;;412821;Žïár nad Sázavou 3;655554;Okružní;è.p.;2028;80;;59101;642857.69;1114317.88;2013-12-05T00:00:00
3410706;595209;Žïár nad Sázavou;;;;;412821;Žïár nad Sázavou 3;655554;Okružní;è.p.;2029;78;;59101;642869.19;1114313.25;2013-12-05T00:00:00
3410714;595209;Žïár nad Sázavou;;;;;412821;Žïár nad Sázavou 3;655554;Okružní;è.p.;2030;76;;59101;642878.19;1114301.63;2013-12-05T00:00:00
3410722;595209;Žïár nad Sázavou;;;;;412821;Žïár nad Sázavou 3;655554;Okružní;è.p.;2031;51;;59101;642904.13;1114245.25;2013-12-05T00:00:00
3410731;595209;Žïár nad Sázavou;;;;;412821;Žïár nad Sázavou 3;655554;Okružní;è.p.;2032;49;;59101;642892.13;1114227.88;2013-12-05T00:00:00
3410749;595209;Žïár nad Sázavou;;;;;412821;Žïár nad Sázavou 3;655554;Okružní;è.p.;2033;45;;59101;642895.38;1114184.63;2013-12-05T00:00:00
3410757;595209;Žïár nad Sázavou;;;;;412821;Žïár nad Sázavou 3;655554;Okružní;è.p.;2034;43;;59101;642876.81;1114194.75;2013-12-05T00:00:00
3410765;595209;Žïár nad Sázavou;;;;;412821;Žïár nad Sázavou 3;655554;Okružní;è.p.;2035;41;;59101;642854.31;1114171.38;2013-12-05T00:00:00
3410773;595209;Žïár nad Sázavou;;;;;412821;Žïár nad Sázavou 3;655554;Okružní;è.p.;2036;39;;59101;642839.06;1114159.00;2013-12-05T00:00:00
3410790;595209;Žïár nad Sázavou;;;;;412821;Žïár nad Sázavou 3;655554;Okružní;è.p.;2038;47;;59101;642987.79;1114379.61;2013-12-05T00:00:00
3410803;595209;Žïár nad Sázavou;;;;;412821;Žïár nad Sázavou 3;656089;U Klafárku;è.p.;2039;5;;59101;642148.47;1114093.16;2013-12-05T00:00:00
3410811;595209;Žïár nad Sázavou;;;;;412830;Žïár nad Sázavou 4;656101;Vodárenská;è.p.;244;2;;59101;641275.62;1114312.53;2014-02-17T00:00:00
3410820;595209;Žïár nad Sázavou;;;;;412830;Žïár nad Sázavou 4;655511;Neumannova;è.p.;1101;17;;59101;641506.85;1114640.10;2013-12-05T00:00:00
3410838;595209;Žïár nad Sázavou;;;;;412830;Žïár nad Sázavou 4;655007;Bratøí Èapkù;è.p.;1113;4;;59101;641348.11;1114693.72;2013-12-05T00:00:00
3410846;595209;Žïár nad Sázavou;;;;;412830;Žïár nad Sázavou 4;655007;Bratøí Èapkù;è.p.;1114;2;;59101;641318.48;1114693.01;2013-12-05T00:00:00
3410854;595209;Žïár nad Sázavou;;;;;412830;Žïár nad Sázavou 4;655520;Nezvalova;è.p.;1123;2;;59101;641337.94;1114829.17;2013-12-05T00:00:00
3410871;595209;Žïár nad Sázavou;;;;;412830;Žïár nad Sázavou 4;655791;Švermova;è.p.;1132;4;;59101;641544.65;1114742.21;2013-12-05T00:00:00
3410897;595209;Žïár nad Sázavou;;;;;412830;Žïár nad Sázavou 4;656101;Vodárenská;è.p.;1673;4;;59101;641431.23;1114300.95;2013-12-05T00:00:00
3410901;595209;Žïár nad Sázavou;;;;;412830;Žïár nad Sázavou 4;655511;Neumannova;è.p.;1693;2;;59101;641461.18;1114478.32;2013-12-05T00:00:00
3410919;595209;Žïár nad Sázavou;;;;;412830;Žïár nad Sázavou 4;655732;Studentská;è.p.;1694;7;;59101;641632.25;1114338.07;2013-12-05T00:00:00
3410927;595209;Žïár nad Sázavou;;;;;412830;Žïár nad Sázavou 4;655732;Studentská;è.p.;1699;4;;59101;641645.45;1114375.20;2013-12-05T00:00:00
3410935;595209;Žïár nad Sázavou;;;;;412830;Žïár nad Sázavou 4;655732;Studentská;è.p.;1700;18;;59101;641699.36;1114291.34;2013-12-05T00:00:00
3410943;595209;Žïár nad Sázavou;;;;;412830;Žïár nad Sázavou 4;655732;Studentská;è.p.;1701;16;;59101;641685.12;1114295.43;2013-12-05T00:00:00
3410951;595209;Žïár nad Sázavou;;;;;412830;Žïár nad Sázavou 4;655732;Studentská;è.p.;1702;14;;59101;641670.90;1114295.60;2013-12-05T00:00:00
3410960;595209;Žïár nad Sázavou;;;;;412830;Žïár nad Sázavou 4;655732;Studentská;è.p.;1703;12;;59101;641656.66;1114295.01;2013-12-05T00:00:00
3410978;595209;Žïár nad Sázavou;;;;;412830;Žïár nad Sázavou 4;655732;Studentská;è.p.;1704;10;;59101;641641.67;1114293.56;2013-12-05T00:00:00
3410986;595209;Žïár nad Sázavou;;;;;412830;Žïár nad Sázavou 4;655732;Studentská;è.p.;1705;8;;59101;641627.20;1114293.39;2013-12-05T00:00:00
3410994;595209;Žïár nad Sázavou;;;;;412830;Žïár nad Sázavou 4;655732;Studentská;è.p.;1706;6;;59101;641612.72;1114293.39;2013-12-05T00:00:00
3411001;595209;Žïár nad Sázavou;;;;;412830;Žïár nad Sázavou 4;655732;Studentská;è.p.;1707;30;;59101;641685.15;1114248.04;2013-12-05T00:00:00
3411010;595209;Žïár nad Sázavou;;;;;412830;Žïár nad Sázavou 4;655732;Studentská;è.p.;1708;28;;59101;641670.54;1114247.92;2013-12-05T00:00:00
3411028;595209;Žïár nad Sázavou;;;;;412830;Žïár nad Sázavou 4;655732;Studentská;è.p.;1709;26;;59101;641656.04;1114247.86;2013-12-05T00:00:00
3411036;595209;Žïár nad Sázavou;;;;;412830;Žïár nad Sázavou 4;655732;Studentská;è.p.;1710;24;;59101;641641.62;1114246.36;2013-12-05T00:00:00
3411044;595209;Žïár nad Sázavou;;;;;412830;Žïár nad Sázavou 4;655732;Studentská;è.p.;1711;22;;59101;641626.85;1114246.29;2013-12-05T00:00:00
3411052;595209;Žïár nad Sázavou;;;;;412830;Žïár nad Sázavou 4;655732;Studentská;è.p.;1712;20;;59101;641612.60;1114246.29;2013-12-05T00:00:00
3411061;595209;Žïár nad Sázavou;;;;;412830;Žïár nad Sázavou 4;655732;Studentská;è.p.;1713;38;;59101;641640.24;1114165.98;2013-12-05T00:00:00
3411079;595209;Žïár nad Sázavou;;;;;412830;Žïár nad Sázavou 4;655732;Studentská;è.p.;1714;36;;59101;641619.77;1114195.48;2017-01-06T00:00:00
3411087;595209;Žïár nad Sázavou;;;;;412830;Žïár nad Sázavou 4;655732;Studentská;è.p.;1715;34;;59101;641620.27;1114195.65;2017-01-06T00:00:00
3411095;595209;Žïár nad Sázavou;;;;;412830;Žïár nad Sázavou 4;655732;Studentská;è.p.;1716;32;;59101;641602.54;1114202.24;2017-01-06T00:00:00
3411109;595209;Žïár nad Sázavou;;;;;412830;Žïár nad Sázavou 4;655732;Studentská;è.p.;1717;44;;59101;641607.31;1114148.15;2017-01-06T00:00:00
3411117;595209;Žïár nad Sázavou;;;;;412830;Žïár nad Sázavou 4;655732;Studentská;è.p.;1718;42;;59101;641594.76;1114160.95;2017-01-06T00:00:00
3411125;595209;Žïár nad Sázavou;;;;;412830;Žïár nad Sázavou 4;655732;Studentská;è.p.;1719;40;;59101;641580.48;1114172.98;2017-01-06T00:00:00
3411133;595209;Žïár nad Sázavou;;;;;412830;Žïár nad Sázavou 4;655732;Studentská;è.p.;1720;5;;59101;641516.49;1114193.45;2013-12-05T00:00:00
3411141;595209;Žïár nad Sázavou;;;;;412830;Žïár nad Sázavou 4;655732;Studentská;è.p.;1721;50;;59101;641574.12;1114113.38;2013-12-05T00:00:00
3411150;595209;Žïár nad Sázavou;;;;;412830;Žïár nad Sázavou 4;655732;Studentská;è.p.;1722;48;;59101;641561.69;1114126.53;2013-12-05T00:00:00
3411168;595209;Žïár nad Sázavou;;;;;412830;Žïár nad Sázavou 4;655732;Studentská;è.p.;1723;46;;59101;641547.12;1114138.63;2013-12-05T00:00:00
3411176;595209;Žïár nad Sázavou;;;;;412830;Žïár nad Sázavou 4;655511;Neumannova;è.p.;2040;1;;59101;641559.00;1114553.25;2013-12-05T00:00:00
3411184;595209;Žïár nad Sázavou;;;;;412830;Žïár nad Sázavou 4;655511;Neumannova;è.p.;2041;3;;59101;641558.56;1114574.88;2013-12-05T00:00:00
3411192;595209;Žïár nad Sázavou;;;;;412830;Žïár nad Sázavou 4;655511;Neumannova;è.p.;2042;5;;59101;641558.69;1114590.13;2013-12-05T00:00:00
3411206;595209;Žïár nad Sázavou;;;;;412830;Žïár nad Sázavou 4;655511;Neumannova;è.p.;2043;7;;59101;641555.69;1114611.13;2013-12-05T00:00:00
3411214;595209;Žïár nad Sázavou;;;;;412830;Žïár nad Sázavou 4;655511;Neumannova;è.p.;2044;9;;59101;641555.31;1114628.88;2013-12-05T00:00:00
3411222;595209;Žïár nad Sázavou;;;;;412830;Žïár nad Sázavou 4;655511;Neumannova;è.p.;2046;13;;59101;641518.06;1114572.13;2013-12-05T00:00:00
3411231;595209;Žïár nad Sázavou;;;;;412830;Žïár nad Sázavou 4;655511;Neumannova;è.p.;2047;11;;59101;641517.00;1114552.63;2013-12-05T00:00:00
3411249;595209;Žïár nad Sázavou;;;;;412830;Žïár nad Sázavou 4;655511;Neumannova;è.p.;2048;19;;59101;641476.88;1114553.88;2013-12-05T00:00:00
3411257;595209;Žïár nad Sázavou;;;;;412830;Žïár nad Sázavou 4;655511;Neumannova;è.p.;2049;21;;59101;641476.75;1114573.00;2013-12-05T00:00:00
3411265;595209;Žïár nad Sázavou;;;;;412830;Žïár nad Sázavou 4;655511;Neumannova;è.p.;2051;25;;59101;641472.06;1114610.38;2013-12-05T00:00:00
3411273;595209;Žïár nad Sázavou;;;;;412830;Žïár nad Sázavou 4;655511;Neumannova;è.p.;2052;27;;59101;641472.25;1114627.63;2013-12-05T00:00:00
3411281;595209;Žïár nad Sázavou;;;;;412830;Žïár nad Sázavou 4;655511;Neumannova;è.p.;2053;33;;59101;641435.13;1114590.63;2013-12-05T00:00:00
3411290;595209;Žïár nad Sázavou;;;;;412830;Žïár nad Sázavou 4;655511;Neumannova;è.p.;2054;31;;59101;641436.19;1114573.63;2013-12-05T00:00:00
3411303;595209;Žïár nad Sázavou;;;;;412830;Žïár nad Sázavou 4;655511;Neumannova;è.p.;2055;29;;59101;641435.94;1114553.63;2013-12-05T00:00:00
3411311;595209;Žïár nad Sázavou;;;;;412830;Žïár nad Sázavou 4;655511;Neumannova;è.p.;2057;37;;59101;641393.50;1114572.75;2013-12-05T00:00:00
3411320;595209;Žïár nad Sázavou;;;;;412830;Žïár nad Sázavou 4;655511;Neumannova;è.p.;2058;39;;59101;641394.63;1114586.13;2013-12-05T00:00:00
3411338;595209;Žïár nad Sázavou;;;;;412830;Žïár nad Sázavou 4;655511;Neumannova;è.p.;2059;41;;59101;641390.25;1114608.38;2013-12-05T00:00:00
3411346;595209;Žïár nad Sázavou;;;;;412830;Žïár nad Sázavou 4;655511;Neumannova;è.p.;2060;43;;59101;641390.38;1114627.25;2013-12-05T00:00:00
3411354;595209;Žïár nad Sázavou;;;;;412830;Žïár nad Sázavou 4;655007;Bratøí Èapkù;è.p.;2062;6;;59101;641326.38;1114650.63;2013-12-05T00:00:00
3411362;595209;Žïár nad Sázavou;;;;;412830;Žïár nad Sázavou 4;655007;Bratøí Èapkù;è.p.;2063;10;;59101;641326.56;1114599.00;2013-12-05T00:00:00
3411371;595209;Žïár nad Sázavou;;;;;412830;Žïár nad Sázavou 4;655007;Bratøí Èapkù;è.p.;2064;12;;59101;641346.06;1114599.38;2013-12-05T00:00:00
3411389;595209;Žïár nad Sázavou;;;;;412830;Žïár nad Sázavou 4;655007;Bratøí Èapkù;è.p.;2065;16;;59101;641346.31;1114549.25;2013-12-05T00:00:00
3411397;595209;Žïár nad Sázavou;;;;;412830;Žïár nad Sázavou 4;655007;Bratøí Èapkù;è.p.;2066;14;;59101;641328.56;1114548.25;2013-12-05T00:00:00
3411401;595209;Žïár nad Sázavou;;;;;412830;Žïár nad Sázavou 4;655007;Bratøí Èapkù;è.p.;2067;15;;59101;641280.56;1114585.75;2013-12-05T00:00:00
3411419;595209;Žïár nad Sázavou;;;;;412830;Žïár nad Sázavou 4;655007;Bratøí Èapkù;è.p.;2068;13;;59101;641280.13;1114603.88;2013-12-05T00:00:00
3411427;595209;Žïár nad Sázavou;;;;;412830;Žïár nad Sázavou 4;655007;Bratøí Èapkù;è.p.;2069;11;;59101;641280.00;1114625.38;2013-12-05T00:00:00
3411435;595209;Žïár nad Sázavou;;;;;412830;Žïár nad Sázavou 4;655007;Bratøí Èapkù;è.p.;2070;9;;59101;641279.75;1114645.88;2013-12-05T00:00:00
3411443;595209;Žïár nad Sázavou;;;;;412830;Žïár nad Sázavou 4;655007;Bratøí Èapkù;è.p.;2071;7;;59101;641279.50;1114663.88;2013-12-05T00:00:00
3411451;595209;Žïár nad Sázavou;;;;;412830;Žïár nad Sázavou 4;655007;Bratøí Èapkù;è.p.;2072;5;;59101;641278.94;1114683.13;2013-12-05T00:00:00
3411460;595209;Žïár nad Sázavou;;;;;412830;Žïár nad Sázavou 4;655007;Bratøí Èapkù;è.p.;2073;3;;59101;641278.13;1114703.00;2013-12-05T00:00:00
3411478;595209;Žïár nad Sázavou;;;;;412830;Žïár nad Sázavou 4;655007;Bratøí Èapkù;è.p.;2074;1;;59101;641277.69;1114721.75;2013-12-05T00:00:00
3411486;595209;Žïár nad Sázavou;;;;;412830;Žïár nad Sázavou 4;655511;Neumannova;è.p.;2075;45;;59101;641234.00;1114672.75;2013-12-05T00:00:00
3411494;595209;Žïár nad Sázavou;;;;;412830;Žïár nad Sázavou 4;655511;Neumannova;è.p.;2076;47;;59101;641214.31;1114672.50;2013-12-05T00:00:00
3411508;595209;Žïár nad Sázavou;;;;;412830;Žïár nad Sázavou 4;655953;Wolkerova;è.p.;2077;2;;59101;641233.00;1114722.88;2013-12-05T00:00:00
3411516;595209;Žïár nad Sázavou;;;;;412830;Žïár nad Sázavou 4;655953;Wolkerova;è.p.;2078;4;;59101;641213.50;1114723.38;2013-12-05T00:00:00
3411524;595209;Žïár nad Sázavou;;;;;412830;Žïár nad Sázavou 4;655953;Wolkerova;è.p.;2079;1;;59101;641274.44;1114768.25;2013-12-05T00:00:00
3411532;595209;Žïár nad Sázavou;;;;;412830;Žïár nad Sázavou 4;655953;Wolkerova;è.p.;2080;3;;59101;641258.19;1114768.38;2013-12-05T00:00:00
3411541;595209;Žïár nad Sázavou;;;;;412830;Žïár nad Sázavou 4;655953;Wolkerova;è.p.;2081;5;;59101;641234.63;1114766.50;2013-12-05T00:00:00
3411559;595209;Žïár nad Sázavou;;;;;412830;Žïár nad Sázavou 4;655953;Wolkerova;è.p.;2082;7;;59101;641212.81;1114767.00;2013-12-05T00:00:00
3411567;595209;Žïár nad Sázavou;;;;;412830;Žïár nad Sázavou 4;655953;Wolkerova;è.p.;2083;9;;59101;641195.94;1114766.38;2013-12-05T00:00:00
3411575;595209;Žïár nad Sázavou;;;;;412830;Žïár nad Sázavou 4;655953;Wolkerova;è.p.;2084;11;;59101;641178.25;1114765.75;2013-12-05T00:00:00
3411583;595209;Žïár nad Sázavou;;;;;412830;Žïár nad Sázavou 4;655511;Neumannova;è.p.;2085;49;;59101;641144.00;1114810.88;2013-12-05T00:00:00
3411591;595209;Žïár nad Sázavou;;;;;412830;Žïár nad Sázavou 4;655511;Neumannova;è.p.;2086;51;;59101;641147.13;1114792.75;2013-12-05T00:00:00
3411605;595209;Žïár nad Sázavou;;;;;412830;Žïár nad Sázavou 4;655511;Neumannova;è.p.;2087;53;;59101;641150.06;1114775.38;2013-12-05T00:00:00
3411613;595209;Žïár nad Sázavou;;;;;412830;Žïár nad Sázavou 4;655520;Nezvalova;è.p.;2088;12;;59101;641198.25;1114829.38;2013-12-05T00:00:00
3411621;595209;Žïár nad Sázavou;;;;;412830;Žïár nad Sázavou 4;655520;Nezvalova;è.p.;2089;14;;59101;641197.94;1114811.75;2013-12-05T00:00:00
3411630;595209;Žïár nad Sázavou;;;;;412830;Žïár nad Sázavou 4;655520;Nezvalova;è.p.;2090;10;;59101;641249.19;1114812.75;2013-12-05T00:00:00
3411648;595209;Žïár nad Sázavou;;;;;412830;Žïár nad Sázavou 4;655520;Nezvalova;è.p.;2091;8;;59101;641248.06;1114830.38;2013-12-05T00:00:00
3411656;595209;Žïár nad Sázavou;;;;;412830;Žïár nad Sázavou 4;655520;Nezvalova;è.p.;2092;4;;59101;641300.06;1114831.88;2013-12-05T00:00:00
3411664;595209;Žïár nad Sázavou;;;;;412830;Žïár nad Sázavou 4;655520;Nezvalova;è.p.;2093;6;;59101;641300.31;1114811.75;2013-12-05T00:00:00
3411672;595209;Žïár nad Sázavou;;;;;412830;Žïár nad Sázavou 4;655899;Vanèurova;è.p.;2094;12;;59101;641325.06;1114755.50;2013-12-05T00:00:00
3411681;595209;Žïár nad Sázavou;;;;;412830;Žïár nad Sázavou 4;655899;Vanèurova;è.p.;2095;10;;59101;641338.38;1114767.25;2013-12-05T00:00:00
3411699;595209;Žïár nad Sázavou;;;;;412830;Žïár nad Sázavou 4;655899;Vanèurova;è.p.;2097;6;;59101;641365.13;1114789.00;2013-12-05T00:00:00
3411702;595209;Žïár nad Sázavou;;;;;412830;Žïár nad Sázavou 4;655899;Vanèurova;è.p.;2098;4;;59101;641378.38;1114798.75;2013-12-05T00:00:00
3411711;595209;Žïár nad Sázavou;;;;;412830;Žïár nad Sázavou 4;655899;Vanèurova;è.p.;2099;2;;59101;641392.56;1114809.88;2013-12-05T00:00:00
3411729;595209;Žïár nad Sázavou;;;;;412830;Žïár nad Sázavou 4;655791;Švermova;è.p.;2100;16;;59101;641430.75;1114838.38;2013-12-05T00:00:00
3411737;595209;Žïár nad Sázavou;;;;;412830;Žïár nad Sázavou 4;655791;Švermova;è.p.;2102;10;;59101;641486.94;1114853.88;2013-12-05T00:00:00
3411745;595209;Žïár nad Sázavou;;;;;412830;Žïár nad Sázavou 4;655791;Švermova;è.p.;2103;12;;59101;641487.50;1114839.13;2013-12-05T00:00:00
3411753;595209;Žïár nad Sázavou;;;;;412830;Žïár nad Sázavou 4;655791;Švermova;è.p.;2104;6;;59101;641543.69;1114837.75;2013-12-05T00:00:00
3411761;595209;Žïár nad Sázavou;;;;;412830;Žïár nad Sázavou 4;655791;Švermova;è.p.;2105;8;;59101;641543.19;1114861.25;2013-12-05T00:00:00
3411770;595209;Žïár nad Sázavou;;;;;412830;Žïár nad Sázavou 4;655899;Vanèurova;è.p.;2106;5;;59101;641387.81;1114866.00;2013-12-05T00:00:00
3411788;595209;Žïár nad Sázavou;;;;;412830;Žïár nad Sázavou 4;655899;Vanèurova;è.p.;2108;1;;59101;641386.56;1114900.50;2013-12-05T00:00:00
3411796;595209;Žïár nad Sázavou;;;;;412830;Žïár nad Sázavou 4;655503;Nerudova;è.p.;2109;18;;59101;641417.00;1114904.00;2013-12-05T00:00:00
3411800;595209;Žïár nad Sázavou;;;;;412830;Žïár nad Sázavou 4;655503;Nerudova;è.p.;2110;16;;59101;641430.88;1114904.00;2013-12-05T00:00:00
3411818;595209;Žïár nad Sázavou;;;;;412830;Žïár nad Sázavou 4;655503;Nerudova;è.p.;2111;14;;59101;641448.06;1114904.63;2013-12-05T00:00:00
3411826;595209;Žïár nad Sázavou;;;;;412830;Žïár nad Sázavou 4;655503;Nerudova;è.p.;2112;12;;59101;641466.88;1114906.13;2013-12-05T00:00:00
3411834;595209;Žïár nad Sázavou;;;;;412830;Žïár nad Sázavou 4;655503;Nerudova;è.p.;2113;10;;59101;641483.13;1114905.50;2013-12-05T00:00:00
3411842;595209;Žïár nad Sázavou;;;;;412830;Žïár nad Sázavou 4;655503;Nerudova;è.p.;2114;8;;59101;641500.75;1114906.38;2013-12-05T00:00:00
3411851;595209;Žïár nad Sázavou;;;;;412830;Žïár nad Sázavou 4;655503;Nerudova;è.p.;2115;6;;59101;641519.44;1114907.00;2013-12-05T00:00:00
3411869;595209;Žïár nad Sázavou;;;;;412830;Žïár nad Sázavou 4;655503;Nerudova;è.p.;2116;4;;59101;641537.31;1114907.75;2013-12-05T00:00:00
3411877;595209;Žïár nad Sázavou;;;;;412830;Žïár nad Sázavou 4;655503;Nerudova;è.p.;2117;2;;59101;641554.19;1114907.63;2013-12-05T00:00:00
3411885;595209;Žïár nad Sázavou;;;;;412830;Žïár nad Sázavou 4;655732;Studentská;è.p.;2215;2;;59101;641636.00;1114441.88;2013-12-05T00:00:00
3411893;595209;Žïár nad Sázavou;;;;;412848;Žïár nad Sázavou 5;655945;Vysocká;è.p.;22;43;;59101;641025.67;1113891.56;2013-12-05T00:00:00
3411907;595209;Žïár nad Sázavou;;;;;412848;Žïár nad Sázavou 5;655945;Vysocká;è.p.;23;45;;59101;641017.47;1113886.44;2013-12-05T00:00:00
3411915;595209;Žïár nad Sázavou;;;;;412848;Žïár nad Sázavou 5;655465;Na Úvoze;è.p.;24;18;;59101;641078.02;1114010.54;2013-12-05T00:00:00
3411923;595209;Žïár nad Sázavou;;;;;412848;Žïár nad Sázavou 5;655945;Vysocká;è.p.;108;29;;59101;641109.35;1113945.11;2013-12-05T00:00:00
3411931;595209;Žïár nad Sázavou;;;;;412848;Žïár nad Sázavou 5;655465;Na Úvoze;è.p.;110;21;;59101;641013.56;1113997.37;2013-12-05T00:00:00
3411940;595209;Žïár nad Sázavou;;;;;412848;Žïár nad Sázavou 5;655465;Na Úvoze;è.p.;111;10;;59101;641158.69;1114076.38;2013-12-05T00:00:00
3411958;595209;Žïár nad Sázavou;;;;;412848;Žïár nad Sázavou 5;655465;Na Úvoze;è.p.;112;12;;59101;641141.02;1114067.66;2013-12-05T00:00:00
3411966;595209;Žïár nad Sázavou;;;;;412848;Žïár nad Sázavou 5;655465;Na Úvoze;è.p.;113;9;;59101;641147.56;1114098.89;2013-12-05T00:00:00
3411974;595209;Žïár nad Sázavou;;;;;412848;Žïár nad Sázavou 5;655945;Vysocká;è.p.;116;35;;59101;641071.19;1113920.81;2013-12-05T00:00:00
3411982;595209;Žïár nad Sázavou;;;;;412848;Žïár nad Sázavou 5;655945;Vysocká;è.p.;117;31;;59101;641094.20;1113934.77;2013-12-05T00:00:00
3411991;595209;Žïár nad Sázavou;;;;;412848;Žïár nad Sázavou 5;655767;Šípková;è.p.;159;3;;59101;641382.82;1113971.15;2013-12-05T00:00:00
3412008;595209;Žïár nad Sázavou;;;;;412848;Žïár nad Sázavou 5;655767;Šípková;è.p.;160;1;;59101;641378.24;1113982.25;2013-12-05T00:00:00
3412016;595209;Žïár nad Sázavou;;;;;412848;Žïár nad Sázavou 5;655465;Na Úvoze;è.p.;212;26;;59101;641032.28;1113982.17;2013-12-05T00:00:00
3412024;595209;Žïár nad Sázavou;;;;;412848;Žïár nad Sázavou 5;655767;Šípková;è.p.;213;9;;59101;641397.14;1113921.30;2013-12-05T00:00:00
3412032;595209;Žïár nad Sázavou;;;;;412848;Žïár nad Sázavou 5;655767;Šípková;è.p.;215;11;;59101;641401.87;1113911.24;2013-12-05T00:00:00
3412041;595209;Žïár nad Sázavou;;;;;412848;Žïár nad Sázavou 5;655767;Šípková;è.p.;222;5;;59101;641388.94;1113952.42;2013-12-05T00:00:00
3412059;595209;Žïár nad Sázavou;;;;;412848;Žïár nad Sázavou 5;655767;Šípková;è.p.;223;7;;59101;641393.39;1113941.85;2013-12-05T00:00:00
3412067;595209;Žïár nad Sázavou;;;;;412848;Žïár nad Sázavou 5;655945;Vysocká;è.p.;232;10;;59101;641346.68;1114033.53;2013-12-05T00:00:00
3412075;595209;Žïár nad Sázavou;;;;;412848;Žïár nad Sázavou 5;655767;Šípková;è.p.;243;12;;59101;641393.43;1114015.80;2013-12-05T00:00:00
3412083;595209;Žïár nad Sázavou;;;;;412848;Žïár nad Sázavou 5;655465;Na Úvoze;è.p.;333;24;;59101;641047.15;1113991.03;2013-12-05T00:00:00
3412091;595209;Žïár nad Sázavou;;;;;412848;Žïár nad Sázavou 5;655945;Vysocká;è.p.;350;49;;59101;640994.86;1113871.38;2013-12-05T00:00:00
3412105;595209;Žïár nad Sázavou;;;;;412848;Žïár nad Sázavou 5;655945;Vysocká;è.p.;355;39;;59101;641047.99;1113905.34;2013-12-05T00:00:00
3412113;595209;Žïár nad Sázavou;;;;;412848;Žïár nad Sázavou 5;655635;Rùžová;è.p.;378;10;;59101;641289.26;1113797.43;2013-12-05T00:00:00
3412121;595209;Žïár nad Sázavou;;;;;412848;Žïár nad Sázavou 5;655635;Rùžová;è.p.;379;12;;59101;641292.92;1113790.65;2013-12-05T00:00:00
3412130;595209;Žïár nad Sázavou;;;;;412848;Žïár nad Sázavou 5;656011;Žitná;è.p.;459;17;;59101;641209.17;1113901.52;2013-12-05T00:00:00
3412148;595209;Žïár nad Sázavou;;;;;412848;Žïár nad Sázavou 5;655945;Vysocká;è.p.;578;58;;59101;640912.72;1113776.47;2014-02-17T00:00:00
3412156;595209;Žïár nad Sázavou;;;;;412848;Žïár nad Sázavou 5;655945;Vysocká;è.p.;626;13;;59101;641242.86;1114030.63;2013-12-05T00:00:00
3412164;595209;Žïár nad Sázavou;;;;;412848;Žïár nad Sázavou 5;655945;Vysocká;è.p.;627;17;;59101;641216.69;1114015.95;2013-12-05T00:00:00
3412172;595209;Žïár nad Sázavou;;;;;412848;Žïár nad Sázavou 5;655945;Vysocká;è.p.;628;15;;59101;641229.06;1114022.87;2013-12-05T00:00:00
3412181;595209;Žïár nad Sázavou;;;;;412848;Žïár nad Sázavou 5;655945;Vysocká;è.p.;632;21;;59101;641193.12;1114006.36;2013-12-05T00:00:00
3412202;595209;Žïár nad Sázavou;;;;;412848;Žïár nad Sázavou 5;655945;Vysocká;è.p.;635;7;;59101;641316.67;1114068.33;2013-12-05T00:00:00
3412211;595209;Žïár nad Sázavou;;;;;412848;Žïár nad Sázavou 5;655945;Vysocká;è.p.;645;11;;59101;641268.90;1114054.36;2026-01-19T00:00:00
3412229;595209;Žïár nad Sázavou;;;;;412848;Žïár nad Sázavou 5;655872;V Lískách;è.p.;656;2;;59101;641252.15;1114085.33;2013-12-05T00:00:00
3412237;595209;Žïár nad Sázavou;;;;;412848;Žïár nad Sázavou 5;655945;Vysocká;è.p.;657;5;;59101;641332.27;1114075.81;2013-12-05T00:00:00
3412245;595209;Žïár nad Sázavou;;;;;412848;Žïár nad Sázavou 5;655945;Vysocká;è.p.;672;25;;59101;641168.81;1113983.25;2013-12-05T00:00:00
3412253;595209;Žïár nad Sázavou;;;;;412848;Žïár nad Sázavou 5;655261;K Pøehradì;è.p.;676;3;;59101;641113.24;1114002.53;2013-12-05T00:00:00
3412261;595209;Žïár nad Sázavou;;;;;412848;Žïár nad Sázavou 5;655261;K Pøehradì;è.p.;703;2;;59101;641117.28;1113950.06;2013-12-05T00:00:00
3412270;595209;Žïár nad Sázavou;;;;;412848;Žïár nad Sázavou 5;655945;Vysocká;è.p.;709;41;;59101;641040.91;1113901.05;2013-12-05T00:00:00
3412296;595209;Žïár nad Sázavou;;;;;412848;Žïár nad Sázavou 5;655465;Na Úvoze;è.p.;711;22;;59101;641055.02;1113995.80;2013-12-05T00:00:00
3412300;595209;Žïár nad Sázavou;;;;;412848;Žïár nad Sázavou 5;655465;Na Úvoze;è.p.;712;34;;59101;640986.53;1113952.19;2013-12-05T00:00:00
3412318;595209;Žïár nad Sázavou;;;;;412848;Žïár nad Sázavou 5;655465;Na Úvoze;è.p.;713;30;;59101;641008.67;1113966.92;2013-12-05T00:00:00
3412326;595209;Žïár nad Sázavou;;;;;412848;Žïár nad Sázavou 5;655945;Vysocká;è.p.;714;47;;59101;641007.95;1113880.46;2024-11-06T00:00:00
3412334;595209;Žïár nad Sázavou;;;;;412848;Žïár nad Sázavou 5;655465;Na Úvoze;è.p.;716;20;;59101;641070.50;1114005.61;2013-12-05T00:00:00
3412342;595209;Žïár nad Sázavou;;;;;412848;Žïár nad Sázavou 5;655465;Na Úvoze;è.p.;720;32;;59101;641001.34;1113962.39;2013-12-05T00:00:00
3412351;595209;Žïár nad Sázavou;;;;;412848;Žïár nad Sázavou 5;655465;Na Úvoze;è.p.;722;4;;59101;641215.93;1114104.15;2013-12-05T00:00:00
3412369;595209;Žïár nad Sázavou;;;;;412848;Žïár nad Sázavou 5;655465;Na Úvoze;è.p.;723;38;;59101;640963.96;1113937.63;2013-12-05T00:00:00
3412377;595209;Žïár nad Sázavou;;;;;412848;Žïár nad Sázavou 5;655945;Vysocká;è.p.;724;55;;59101;640956.87;1113846.01;2013-12-05T00:00:00
3412385;595209;Žïár nad Sázavou;;;;;412848;Žïár nad Sázavou 5;655465;Na Úvoze;è.p.;725;8;;59101;641177.00;1114084.09;2013-12-05T00:00:00
3412393;595209;Žïár nad Sázavou;;;;;412848;Žïár nad Sázavou 5;655945;Vysocká;è.p.;728;57;;59101;640949.16;1113842.24;2013-12-05T00:00:00
3412407;595209;Žïár nad Sázavou;;;;;412848;Žïár nad Sázavou 5;655465;Na Úvoze;è.p.;730;28;;59101;641024.44;1113977.05;2013-12-05T00:00:00
3412415;595209;Žïár nad Sázavou;;;;;412848;Žïár nad Sázavou 5;655945;Vysocká;è.p.;731;53;;59101;640971.77;1113856.93;2013-12-05T00:00:00
3412423;595209;Žïár nad Sázavou;;;;;412848;Žïár nad Sázavou 5;655945;Vysocká;è.p.;732;51;;59101;640979.32;1113861.31;2013-12-05T00:00:00
3412431;595209;Žïár nad Sázavou;;;;;412848;Žïár nad Sázavou 5;655465;Na Úvoze;è.p.;733;16;;59101;641105.37;1114047.56;2013-12-05T00:00:00
3412440;595209;Žïár nad Sázavou;;;;;412848;Žïár nad Sázavou 5;655465;Na Úvoze;è.p.;734;25;;59101;640965.24;1113966.11;2013-12-05T00:00:00
3412458;595209;Žïár nad Sázavou;;;;;412848;Žïár nad Sázavou 5;655465;Na Úvoze;è.p.;739;36;;59101;640978.35;1113947.07;2013-12-05T00:00:00
3412466;595209;Žïár nad Sázavou;;;;;412848;Žïár nad Sázavou 5;655465;Na Úvoze;è.p.;740;40;;59101;640954.69;1113931.75;2013-12-05T00:00:00
3412474;595209;Žïár nad Sázavou;;;;;412848;Žïár nad Sázavou 5;655465;Na Úvoze;è.p.;741;23;;59101;640992.67;1113983.63;2013-12-05T00:00:00
3412482;595209;Žïár nad Sázavou;;;;;412848;Žïár nad Sázavou 5;655465;Na Úvoze;è.p.;743;2;;59101;641235.87;1114113.11;2013-12-05T00:00:00
3412491;595209;Žïár nad Sázavou;;;;;412848;Žïár nad Sázavou 5;655465;Na Úvoze;è.p.;744;11;;59101;641131.49;1114090.91;2013-12-05T00:00:00
3412504;595209;Žïár nad Sázavou;;;;;412848;Žïár nad Sázavou 5;655465;Na Úvoze;è.p.;745;5;;59101;641185.75;1114117.90;2013-12-05T00:00:00
3412512;595209;Žïár nad Sázavou;;;;;412848;Žïár nad Sázavou 5;655465;Na Úvoze;è.p.;746;13;;59101;641110.63;1114080.35;2013-12-05T00:00:00
3412521;595209;Žïár nad Sázavou;;;;;412848;Žïár nad Sázavou 5;655465;Na Úvoze;è.p.;748;7;;59101;641166.66;1114108.45;2013-12-05T00:00:00
3412539;595209;Žïár nad Sázavou;;;;;412848;Žïár nad Sázavou 5;655465;Na Úvoze;è.p.;749;42;;59101;640940.87;1113922.44;2013-12-05T00:00:00
3412547;595209;Žïár nad Sázavou;;;;;412848;Žïár nad Sázavou 5;655465;Na Úvoze;è.p.;750;6;;59101;641195.87;1114094.41;2013-12-05T00:00:00
3412563;595209;Žïár nad Sázavou;;;;;412848;Žïár nad Sázavou 5;655465;Na Úvoze;è.p.;752;44;;59101;640932.34;1113917.42;2013-12-05T00:00:00
3412571;595209;Žïár nad Sázavou;;;;;412848;Žïár nad Sázavou 5;655872;V Lískách;è.p.;753;7;;59101;641252.19;1114149.94;2023-03-21T00:00:00
3412580;595209;Žïár nad Sázavou;;;;;412848;Žïár nad Sázavou 5;655465;Na Úvoze;è.p.;754;1;;59101;641226.38;1114139.13;2013-12-05T00:00:00
3412598;595209;Žïár nad Sázavou;;;;;412848;Žïár nad Sázavou 5;655465;Na Úvoze;è.p.;755;14;;59101;641123.08;1114057.15;2013-12-05T00:00:00
3412601;595209;Žïár nad Sázavou;;;;;412848;Žïár nad Sázavou 5;655465;Na Úvoze;è.p.;756;17;;59101;641047.29;1114023.27;2013-12-05T00:00:00
3412610;595209;Žïár nad Sázavou;;;;;412848;Žïár nad Sázavou 5;655872;V Lískách;è.p.;764;6;;59101;641173.66;1114165.29;2013-12-05T00:00:00
3412628;595209;Žïár nad Sázavou;;;;;412848;Žïár nad Sázavou 5;655465;Na Úvoze;è.p.;765;29;;59101;640906.32;1113863.34;2013-12-05T00:00:00
3412636;595209;Žïár nad Sázavou;;;;;412848;Žïár nad Sázavou 5;655465;Na Úvoze;è.p.;766;15;;59101;641078.67;1114063.82;2013-12-05T00:00:00
3412644;595209;Žïár nad Sázavou;;;;;412848;Žïár nad Sázavou 5;655261;K Pøehradì;è.p.;768;6;;59101;641014.57;1114074.73;2013-12-05T00:00:00
3412652;595209;Žïár nad Sázavou;;;;;412848;Žïár nad Sázavou 5;655465;Na Úvoze;è.p.;771;19;;59101;641031.69;1114009.72;2013-12-05T00:00:00
3412661;595209;Žïár nad Sázavou;;;;;412848;Žïár nad Sázavou 5;655872;V Lískách;è.p.;772;11;;59101;641219.48;1114186.59;2013-12-05T00:00:00
3412679;595209;Žïár nad Sázavou;;;;;412848;Žïár nad Sázavou 5;655465;Na Úvoze;è.p.;773;48;;59101;640909.60;1113903.63;2013-12-05T00:00:00
3412687;595209;Žïár nad Sázavou;;;;;412848;Žïár nad Sázavou 5;655872;V Lískách;è.p.;775;13;;59101;641200.07;1114193.82;2013-12-05T00:00:00
3412695;595209;Žïár nad Sázavou;;;;;412848;Žïár nad Sázavou 5;655465;Na Úvoze;è.p.;777;3;;59101;641205.60;1114127.19;2013-12-05T00:00:00
3412709;595209;Žïár nad Sázavou;;;;;412848;Žïár nad Sázavou 5;655872;V Lískách;è.p.;778;15;;59101;641178.42;1114192.19;2013-12-05T00:00:00
3412717;595209;Žïár nad Sázavou;;;;;412848;Žïár nad Sázavou 5;655872;V Lískách;è.p.;779;5;;59101;641270.57;1114123.53;2013-12-05T00:00:00
3412725;595209;Žïár nad Sázavou;;;;;412848;Žïár nad Sázavou 5;655872;V Lískách;è.p.;781;22;;59101;640962.36;1114029.58;2013-12-05T00:00:00
3412733;595209;Žïár nad Sázavou;;;;;412848;Žïár nad Sázavou 5;655872;V Lískách;è.p.;782;16;;59101;641078.50;1114117.85;2013-12-05T00:00:00
3412741;595209;Žïár nad Sázavou;;;;;412848;Žïár nad Sázavou 5;655872;V Lískách;è.p.;783;12;;59101;641115.38;1114139.13;2013-12-05T00:00:00
3412750;595209;Žïár nad Sázavou;;;;;412848;Žïár nad Sázavou 5;655872;V Lískách;è.p.;784;10;;59101;641135.07;1114147.64;2013-12-05T00:00:00
3412768;595209;Žïár nad Sázavou;;;;;412848;Žïár nad Sázavou 5;655872;V Lískách;è.p.;785;17;;59101;641159.35;1114185.62;2013-12-05T00:00:00
3412776;595209;Žïár nad Sázavou;;;;;412848;Žïár nad Sázavou 5;655872;V Lískách;è.p.;790;25;;59101;641082.00;1114149.61;2013-12-05T00:00:00
3412784;595209;Žïár nad Sázavou;;;;;412848;Žïár nad Sázavou 5;655872;V Lískách;è.p.;794;20;;59101;640977.77;1114053.93;2013-12-05T00:00:00
3412792;595209;Žïár nad Sázavou;;;;;412848;Žïár nad Sázavou 5;655872;V Lískách;è.p.;795;35;;59101;640942.72;1114081.99;2013-12-05T00:00:00
3412806;595209;Žïár nad Sázavou;;;;;412848;Žïár nad Sázavou 5;655872;V Lískách;è.p.;796;8;;59101;641154.32;1114155.99;2013-12-05T00:00:00
3412814;595209;Žïár nad Sázavou;;;;;412848;Žïár nad Sázavou 5;655872;V Lískách;è.p.;797;18;;59101;640995.14;1114065.35;2013-12-05T00:00:00
3412822;595209;Žïár nad Sázavou;;;;;412848;Žïár nad Sázavou 5;656011;Žitná;è.p.;798;1;;59101;641306.19;1113965.49;2013-12-05T00:00:00
3412831;595209;Žïár nad Sázavou;;;;;412848;Žïár nad Sázavou 5;655465;Na Úvoze;è.p.;799;33;;59101;640928.28;1113828.43;2013-12-05T00:00:00
3412849;595209;Žïár nad Sázavou;;;;;412848;Žïár nad Sázavou 5;655872;V Lískách;è.p.;800;24;;59101;640962.60;1113998.97;2013-12-05T00:00:00
3412857;595209;Žïár nad Sázavou;;;;;412848;Žïár nad Sázavou 5;655872;V Lískách;è.p.;805;4;;59101;641198.17;1114167.50;2013-12-05T00:00:00
3412865;595209;Žïár nad Sázavou;;;;;412848;Žïár nad Sázavou 5;655945;Vysocká;è.p.;808;46;;59101;641021.20;1113847.96;2013-12-05T00:00:00
3412873;595209;Žïár nad Sázavou;;;;;412848;Žïár nad Sázavou 5;655872;V Lískách;è.p.;809;21;;59101;641115.49;1114172.99;2013-12-05T00:00:00
3412881;595209;Žïár nad Sázavou;;;;;412848;Žïár nad Sázavou 5;655872;V Lískách;è.p.;810;33;;59101;640992.16;1114094.28;2013-12-05T00:00:00
3412890;595209;Žïár nad Sázavou;;;;;412848;Žïár nad Sázavou 5;655872;V Lískách;è.p.;812;19;;59101;641139.59;1114177.44;2013-12-05T00:00:00
3412903;595209;Žïár nad Sázavou;;;;;412848;Žïár nad Sázavou 5;655945;Vysocká;è.p.;813;30;;59101;641169.32;1113945.33;2013-12-05T00:00:00
3412911;595209;Žïár nad Sázavou;;;;;412848;Žïár nad Sázavou 5;655872;V Lískách;è.p.;814;29;;59101;641035.93;1114122.50;2013-12-05T00:00:00
3412920;595209;Žïár nad Sázavou;;;;;412848;Žïár nad Sázavou 5;655945;Vysocká;è.p.;815;34;;59101;641089.81;1113893.17;2013-12-05T00:00:00
3412954;595209;Žïár nad Sázavou;;;;;412848;Žïár nad Sázavou 5;656011;Žitná;è.p.;817;31;;59101;641053.85;1113798.52;2013-12-05T00:00:00
3412962;595209;Žïár nad Sázavou;;;;;412848;Žïár nad Sázavou 5;655457;Na Prutech;è.p.;818;52;;59101;640957.12;1113785.29;2013-12-05T00:00:00
3412971;595209;Žïár nad Sázavou;;;;;412848;Žïár nad Sázavou 5;655872;V Lískách;è.p.;819;14;;59101;641096.90;1114129.43;2013-12-05T00:00:00
3412989;595209;Žïár nad Sázavou;;;;;412848;Žïár nad Sázavou 5;655872;V Lískách;è.p.;820;27;;59101;641063.53;1114137.50;2013-12-05T00:00:00
3412997;595209;Žïár nad Sázavou;;;;;412848;Žïár nad Sázavou 5;655945;Vysocká;è.p.;821;14;;59101;641274.37;1114011.68;2013-12-05T00:00:00
3413004;595209;Žïár nad Sázavou;;;;;412848;Žïár nad Sázavou 5;655945;Vysocká;è.p.;822;42;;59101;641044.20;1113863.01;2013-12-05T00:00:00
3413021;595209;Žïár nad Sázavou;;;;;412848;Žïár nad Sázavou 5;656011;Žitná;è.p.;823;23;;59101;641099.07;1113828.34;2013-12-05T00:00:00
3413039;595209;Žïár nad Sázavou;;;;;412848;Žïár nad Sázavou 5;655465;Na Úvoze;è.p.;826;31;;59101;640916.65;1113846.53;2013-12-05T00:00:00
3413047;595209;Žïár nad Sázavou;;;;;412848;Žïár nad Sázavou 5;655945;Vysocká;è.p.;827;44;;59101;641035.50;1113857.50;2013-12-05T00:00:00
3413063;595209;Žïár nad Sázavou;;;;;412848;Žïár nad Sázavou 5;656011;Žitná;è.p.;828;35;;59101;641030.16;1113784.47;2013-12-05T00:00:00
3413071;595209;Žïár nad Sázavou;;;;;412848;Žïár nad Sázavou 5;655945;Vysocká;è.p.;829;28;;59101;641178.07;1113950.54;2013-12-05T00:00:00
3413080;595209;Žïár nad Sázavou;;;;;412848;Žïár nad Sázavou 5;655945;Vysocká;è.p.;830;36;;59101;641081.45;1113888.08;2013-12-05T00:00:00
3413098;595209;Žïár nad Sázavou;;;;;412848;Žïár nad Sázavou 5;656011;Žitná;è.p.;831;7;;59101;641276.66;1113944.91;2013-12-05T00:00:00
3413101;595209;Žïár nad Sázavou;;;;;412848;Žïár nad Sázavou 5;655945;Vysocká;è.p.;834;52;;59101;640989.85;1113828.22;2013-12-05T00:00:00
3413110;595209;Žïár nad Sázavou;;;;;412848;Žïár nad Sázavou 5;655406;Luèní;è.p.;835;7;;59101;641320.40;1113877.31;2013-12-05T00:00:00
3413128;595209;Žïár nad Sázavou;;;;;412848;Žïár nad Sázavou 5;655945;Vysocká;è.p.;836;54;;59101;640975.50;1113818.62;2013-12-05T00:00:00
3413136;595209;Žïár nad Sázavou;;;;;412848;Žïár nad Sázavou 5;655945;Vysocká;è.p.;837;20;;59101;641228.41;1113984.26;2013-12-05T00:00:00
3413152;595209;Žïár nad Sázavou;;;;;412848;Žïár nad Sázavou 5;656011;Žitná;è.p.;843;33;;59101;641045.40;1113793.77;2013-12-05T00:00:00
3413161;595209;Žïár nad Sázavou;;;;;412848;Žïár nad Sázavou 5;656011;Žitná;è.p.;844;5;;59101;641285.30;1113949.68;2013-12-05T00:00:00
3413179;595209;Žïár nad Sázavou;;;;;412848;Žïár nad Sázavou 5;655945;Vysocká;è.p.;845;50;;59101;640998.50;1113833.41;2013-12-05T00:00:00
3413187;595209;Žïár nad Sázavou;;;;;412848;Žïár nad Sázavou 5;655457;Na Prutech;è.p.;846;42;;59101;641008.34;1113705.72;2013-12-05T00:00:00
3413195;595209;Žïár nad Sázavou;;;;;412848;Žïár nad Sázavou 5;655945;Vysocká;è.p.;848;40;;59101;641058.95;1113872.81;2013-12-05T00:00:00
3413217;595209;Žïár nad Sázavou;;;;;412848;Žïár nad Sázavou 5;656011;Žitná;è.p.;849;27;;59101;641075.85;1113813.62;2013-12-05T00:00:00
3413225;595209;Žïár nad Sázavou;;;;;412848;Žïár nad Sázavou 5;656011;Žitná;è.p.;850;11;;59101;641255.25;1113930.54;2013-12-05T00:00:00
3413233;595209;Žïár nad Sázavou;;;;;412848;Žïár nad Sázavou 5;655872;V Lískách;è.p.;976;23;;59101;641100.66;1114159.49;2013-12-05T00:00:00
3413241;595209;Žïár nad Sázavou;;;;;412848;Žïár nad Sázavou 5;655457;Na Prutech;è.p.;978;38;;59101;641032.28;1113676.06;2013-12-05T00:00:00
3413268;595209;Žïár nad Sázavou;;;;;412848;Žïár nad Sázavou 5;656011;Žitná;è.p.;980;21;;59101;641113.70;1113838.35;2013-12-05T00:00:00
3413276;595209;Žïár nad Sázavou;;;;;412848;Žïár nad Sázavou 5;655945;Vysocká;è.p.;981;16;;59101;641258.51;1113997.10;2019-10-10T00:00:00
3413292;595209;Žïár nad Sázavou;;;;;412848;Žïár nad Sázavou 5;656011;Žitná;è.p.;982;29;;59101;641068.60;1113808.97;2013-12-05T00:00:00
3413306;595209;Žïár nad Sázavou;;;;;412848;Žïár nad Sázavou 5;655465;Na Úvoze;è.p.;983;27;;59101;640894.42;1113879.26;2013-12-05T00:00:00
3413314;595209;Žïár nad Sázavou;;;;;412848;Žïár nad Sázavou 5;655457;Na Prutech;è.p.;984;40;;59101;641018.49;1113689.61;2013-12-05T00:00:00
3413331;595209;Žïár nad Sázavou;;;;;412848;Žïár nad Sázavou 5;656011;Žitná;è.p.;985;25;;59101;641091.23;1113823.52;2013-12-05T00:00:00
3413349;595209;Žïár nad Sázavou;;;;;412848;Žïár nad Sázavou 5;656011;Žitná;è.p.;986;2;;59101;641291.74;1113920.97;2013-12-05T00:00:00
3413357;595209;Žïár nad Sázavou;;;;;412848;Žïár nad Sázavou 5;655457;Na Prutech;è.p.;987;44;;59101;641003.57;1113713.98;2013-12-05T00:00:00
3413365;595209;Žïár nad Sázavou;;;;;412848;Žïár nad Sázavou 5;655945;Vysocká;è.p.;988;48;;59101;641012.44;1113843.11;2013-12-05T00:00:00
3413373;595209;Žïár nad Sázavou;;;;;412848;Žïár nad Sázavou 5;656011;Žitná;è.p.;990;14;;59101;641096.04;1113783.28;2013-12-05T00:00:00
3413381;595209;Žïár nad Sázavou;;;;;412848;Žïár nad Sázavou 5;655406;Luèní;è.p.;991;9;;59101;641325.30;1113869.53;2013-12-05T00:00:00
3413390;595209;Žïár nad Sázavou;;;;;412848;Žïár nad Sázavou 5;655457;Na Prutech;è.p.;992;50;;59101;640966.58;1113771.26;2013-12-05T00:00:00
3413411;595209;Žïár nad Sázavou;;;;;412848;Žïár nad Sázavou 5;656011;Žitná;è.p.;993;19;;59101;641122.22;1113843.55;2013-12-05T00:00:00
3413420;595209;Žïár nad Sázavou;;;;;412848;Žïár nad Sázavou 5;655457;Na Prutech;è.p.;994;21;;59101;641023.94;1113725.42;2013-12-05T00:00:00
3413446;595209;Žïár nad Sázavou;;;;;412848;Žïár nad Sázavou 5;655945;Vysocká;è.p.;996;38;;59101;641066.74;1113878.06;2013-12-05T00:00:00
3413454;595209;Žïár nad Sázavou;;;;;412848;Žïár nad Sázavou 5;655457;Na Prutech;è.p.;997;54;;59101;640947.79;1113799.47;2013-12-05T00:00:00
3413462;595209;Žïár nad Sázavou;;;;;412848;Žïár nad Sázavou 5;655945;Vysocká;è.p.;998;26;;59101;641194.85;1113961.95;2013-12-05T00:00:00
3413471;595209;Žïár nad Sázavou;;;;;412848;Žïár nad Sázavou 5;655457;Na Prutech;è.p.;999;48;;59101;640971.69;1113762.56;2013-12-05T00:00:00
3413489;595209;Žïár nad Sázavou;;;;;412848;Žïár nad Sázavou 5;655457;Na Prutech;è.p.;1001;46;;59101;640982.17;1113736.34;2013-12-05T00:00:00
3413497;595209;Žïár nad Sázavou;;;;;412848;Žïár nad Sázavou 5;656011;Žitná;è.p.;1002;6;;59101;641138.00;1113820.31;2013-12-05T00:00:00
3413501;595209;Žïár nad Sázavou;;;;;412848;Žïár nad Sázavou 5;656011;Žitná;è.p.;1003;24;;59101;641036.67;1113754.89;2013-12-05T00:00:00
3413519;595209;Žïár nad Sázavou;;;;;412848;Žïár nad Sázavou 5;655872;V Lískách;è.p.;1004;3;;59101;641278.25;1114099.69;2013-12-05T00:00:00
3413527;595209;Žïár nad Sázavou;;;;;412848;Žïár nad Sázavou 5;655457;Na Prutech;è.p.;1005;23;;59101;640991.75;1113775.67;2013-12-05T00:00:00
3413535;595209;Žïár nad Sázavou;;;;;412848;Žïár nad Sázavou 5;655457;Na Prutech;è.p.;1006;24;;59101;641164.65;1113730.32;2013-12-05T00:00:00
3413543;595209;Žïár nad Sázavou;;;;;412848;Žïár nad Sázavou 5;655945;Vysocká;è.p.;1008;12;;59101;641283.33;1114015.36;2013-12-05T00:00:00
3413551;595209;Žïár nad Sázavou;;;;;412848;Žïár nad Sázavou 5;656011;Žitná;è.p.;1009;18;;59101;641073.32;1113768.32;2013-12-05T00:00:00
3413560;595209;Žïár nad Sázavou;;;;;412848;Žïár nad Sázavou 5;655457;Na Prutech;è.p.;1011;9;;59101;641133.25;1113746.87;2013-12-05T00:00:00
3413578;595209;Žïár nad Sázavou;;;;;412848;Žïár nad Sázavou 5;655457;Na Prutech;è.p.;1012;7;;59101;641152.11;1113757.12;2013-12-05T00:00:00
3413586;595209;Žïár nad Sázavou;;;;;412848;Žïár nad Sázavou 5;655635;Rùžová;è.p.;1013;6;;59101;641265.20;1113835.11;2013-12-05T00:00:00
3413594;595209;Žïár nad Sázavou;;;;;412848;Žïár nad Sázavou 5;655635;Rùžová;è.p.;1014;4;;59101;641250.36;1113858.03;2013-12-05T00:00:00
3413608;595209;Žïár nad Sázavou;;;;;412848;Žïár nad Sázavou 5;655911;Vnitøní;è.p.;1016;5;;59101;641164.21;1113875.65;2013-12-05T00:00:00
3413616;595209;Žïár nad Sázavou;;;;;412848;Žïár nad Sázavou 5;655457;Na Prutech;è.p.;1017;32;;59101;641096.19;1113691.75;2013-12-05T00:00:00
3413624;595209;Žïár nad Sázavou;;;;;412848;Žïár nad Sázavou 5;655457;Na Prutech;è.p.;1018;26;;59101;641148.00;1113720.72;2013-12-05T00:00:00
3413632;595209;Žïár nad Sázavou;;;;;412848;Žïár nad Sázavou 5;655945;Vysocká;è.p.;1019;32;;59101;641155.84;1113935.29;2013-12-05T00:00:00
3413641;595209;Žïár nad Sázavou;;;;;412848;Žïár nad Sázavou 5;656011;Žitná;è.p.;1020;22;;59101;641045.62;1113760.18;2013-12-05T00:00:00
3413659;595209;Žïár nad Sázavou;;;;;412848;Žïár nad Sázavou 5;656011;Žitná;è.p.;1021;10;;59101;641117.81;1113798.41;2013-12-05T00:00:00
3413667;595209;Žïár nad Sázavou;;;;;412848;Žïár nad Sázavou 5;655457;Na Prutech;è.p.;1025;6;;59101;641313.87;1113760.48;2013-12-05T00:00:00
3413683;595209;Žïár nad Sázavou;;;;;412848;Žïár nad Sázavou 5;655457;Na Prutech;è.p.;1026;30;;59101;641112.23;1113700.19;2013-12-05T00:00:00
3413691;595209;Žïár nad Sázavou;;;;;412848;Žïár nad Sázavou 5;655457;Na Prutech;è.p.;1027;11;;59101;641112.63;1113731.38;2013-12-05T00:00:00
3413705;595209;Žïár nad Sázavou;;;;;412848;Žïár nad Sázavou 5;656011;Žitná;è.p.;1028;16;;59101;641087.75;1113778.48;2013-12-05T00:00:00
3413713;595209;Žïár nad Sázavou;;;;;412848;Žïár nad Sázavou 5;656011;Žitná;è.p.;1029;20;;59101;641064.73;1113763.54;2013-12-05T00:00:00
3413721;595209;Žïár nad Sázavou;;;;;412848;Žïár nad Sázavou 5;655341;Kvìtná;è.p.;1030;13;;59101;641123.25;1113648.87;2013-12-05T00:00:00
3413730;595209;Žïár nad Sázavou;;;;;412848;Žïár nad Sázavou 5;656011;Žitná;è.p.;1032;12;;59101;641110.67;1113794.17;2013-12-05T00:00:00
3413748;595209;Žïár nad Sázavou;;;;;412848;Žïár nad Sázavou 5;655406;Luèní;è.p.;1033;19;;59101;641342.25;1113792.50;2013-12-05T00:00:00
3413756;595209;Žïár nad Sázavou;;;;;412848;Žïár nad Sázavou 5;655911;Vnitøní;è.p.;1034;11;;59101;641175.36;1113781.03;2013-12-05T00:00:00
3413764;595209;Žïár nad Sázavou;;;;;412848;Žïár nad Sázavou 5;655911;Vnitøní;è.p.;1035;9;;59101;641174.77;1113805.98;2013-12-05T00:00:00
3413772;595209;Žïár nad Sázavou;;;;;412848;Žïár nad Sázavou 5;655911;Vnitøní;è.p.;1036;7;;59101;641174.01;1113829.81;2013-12-05T00:00:00
3413781;595209;Žïár nad Sázavou;;;;;412848;Žïár nad Sázavou 5;655406;Luèní;è.p.;1038;48;;59101;641368.50;1113602.11;2013-12-05T00:00:00
3413799;595209;Žïár nad Sázavou;;;;;412848;Žïár nad Sázavou 5;655406;Luèní;è.p.;1039;16;;59101;641346.95;1113929.17;2013-12-05T00:00:00
3413802;595209;Žïár nad Sázavou;;;;;412848;Žïár nad Sázavou 5;655911;Vnitøní;è.p.;1040;3;;59101;641150.49;1113896.88;2013-12-05T00:00:00
3413811;595209;Žïár nad Sázavou;;;;;412848;Žïár nad Sázavou 5;655406;Luèní;è.p.;1041;10;;59101;641336.68;1113970.29;2013-12-05T00:00:00
3413829;595209;Žïár nad Sázavou;;;;;412848;Žïár nad Sázavou 5;655406;Luèní;è.p.;1042;50;;59101;641370.29;1113573.15;2013-12-05T00:00:00
3413837;595209;Žïár nad Sázavou;;;;;412848;Žïár nad Sázavou 5;655457;Na Prutech;è.p.;1043;34;;59101;641078.76;1113681.37;2013-12-05T00:00:00
3413845;595209;Žïár nad Sázavou;;;;;412848;Žïár nad Sázavou 5;655406;Luèní;è.p.;1044;18;;59101;641351.21;1113919.85;2013-12-05T00:00:00
3413853;595209;Žïár nad Sázavou;;;;;412848;Žïár nad Sázavou 5;655457;Na Prutech;è.p.;1045;10;;59101;641288.04;1113757.25;2013-12-05T00:00:00
3413861;595209;Žïár nad Sázavou;;;;;412848;Žïár nad Sázavou 5;655457;Na Prutech;è.p.;1046;1;;59101;641264.38;1113792.46;2013-12-05T00:00:00
3413870;595209;Žïár nad Sázavou;;;;;412848;Žïár nad Sázavou 5;655406;Luèní;è.p.;1047;52;;59101;641365.60;1113546.83;2013-12-05T00:00:00
3413888;595209;Žïár nad Sázavou;;;;;412848;Žïár nad Sázavou 5;655457;Na Prutech;è.p.;1048;4;;59101;641324.21;1113762.06;2013-12-05T00:00:00
3413896;595209;Žïár nad Sázavou;;;;;412848;Žïár nad Sázavou 5;655457;Na Prutech;è.p.;1049;13;;59101;641097.34;1113725.82;2013-12-05T00:00:00
3413900;595209;Žïár nad Sázavou;;;;;412848;Žïár nad Sázavou 5;655635;Rùžová;è.p.;1050;8;;59101;641276.98;1113816.52;2013-12-05T00:00:00
3413918;595209;Žïár nad Sázavou;;;;;412848;Žïár nad Sázavou 5;655457;Na Prutech;è.p.;1051;15;;59101;641083.28;1113712.83;2013-12-05T00:00:00
3413926;595209;Žïár nad Sázavou;;;;;412848;Žïár nad Sázavou 5;655911;Vnitøní;è.p.;1052;2;;59101;641203.83;1113786.88;2013-12-05T00:00:00
3413934;595209;Žïár nad Sázavou;;;;;412848;Žïár nad Sázavou 5;655406;Luèní;è.p.;1053;17;;59101;641340.55;1113801.97;2013-12-05T00:00:00
3413942;595209;Žïár nad Sázavou;;;;;412848;Žïár nad Sázavou 5;655406;Luèní;è.p.;1054;11;;59101;641330.50;1113850.52;2013-12-05T00:00:00
3413951;595209;Žïár nad Sázavou;;;;;412848;Žïár nad Sázavou 5;655457;Na Prutech;è.p.;1055;14;;59101;641261.94;1113753.04;2013-12-05T00:00:00
3413969;595209;Žïár nad Sázavou;;;;;412848;Žïár nad Sázavou 5;655457;Na Prutech;è.p.;1056;12;;59101;641272.63;1113754.10;2013-12-05T00:00:00
3413977;595209;Žïár nad Sázavou;;;;;412848;Žïár nad Sázavou 5;655406;Luèní;è.p.;1057;13;;59101;641335.43;1113828.46;2013-12-05T00:00:00
3413985;595209;Žïár nad Sázavou;;;;;412848;Žïár nad Sázavou 5;655406;Luèní;è.p.;1058;12;;59101;641341.32;1113955.20;2013-12-05T00:00:00
3413993;595209;Žïár nad Sázavou;;;;;412848;Žïár nad Sázavou 5;655945;Vysocká;è.p.;1059;24;;59101;641203.71;1113967.66;2013-12-05T00:00:00
3414001;595209;Žïár nad Sázavou;;;;;412848;Žïár nad Sázavou 5;655279;Kaštanová;è.p.;1060;6;;59101;641159.56;1113554.94;2013-12-05T00:00:00
3414019;595209;Žïár nad Sázavou;;;;;412848;Žïár nad Sázavou 5;655163;Hlohová;è.p.;1061;2;;59101;641104.79;1113609.27;2013-12-05T00:00:00
3414027;595209;Žïár nad Sázavou;;;;;412848;Žïár nad Sázavou 5;655457;Na Prutech;è.p.;1063;22;;59101;641211.23;1113747.76;2013-12-05T00:00:00
3414035;595209;Žïár nad Sázavou;;;;;412848;Žïár nad Sázavou 5;655813;Trnková;è.p.;1064;20;;59101;641184.06;1113490.96;2013-12-05T00:00:00
3414043;595209;Žïár nad Sázavou;;;;;412848;Žïár nad Sázavou 5;655872;V Lískách;è.p.;1065;31;;59101;641017.47;1114115.03;2013-12-05T00:00:00
3414051;595209;Žïár nad Sázavou;;;;;412848;Žïár nad Sázavou 5;655457;Na Prutech;è.p.;1066;17;;59101;641061.84;1113708.84;2013-12-05T00:00:00
3414060;595209;Žïár nad Sázavou;;;;;412848;Žïár nad Sázavou 5;655457;Na Prutech;è.p.;1068;3;;59101;641244.47;1113784.36;2013-12-05T00:00:00
3414086;595209;Žïár nad Sázavou;;;;;412848;Žïár nad Sázavou 5;656011;Žitná;è.p.;1069;37;;59101;641022.50;1113779.47;2013-12-05T00:00:00
3414094;595209;Žïár nad Sázavou;;;;;412848;Žïár nad Sázavou 5;655341;Kvìtná;è.p.;1070;8;;59101;641140.52;1113628.65;2013-12-05T00:00:00
3414108;595209;Žïár nad Sázavou;;;;;412848;Žïár nad Sázavou 5;655457;Na Prutech;è.p.;1071;5;;59101;641224.94;1113781.88;2013-12-05T00:00:00
3414116;595209;Žïár nad Sázavou;;;;;412848;Žïár nad Sázavou 5;655945;Vysocká;è.p.;1072;22;;59101;641219.98;1113978.98;2013-12-05T00:00:00
3414124;595209;Žïár nad Sázavou;;;;;412848;Žïár nad Sázavou 5;656011;Žitná;è.p.;1073;9;;59101;641264.04;1113934.22;2013-12-05T00:00:00
3414132;595209;Žïár nad Sázavou;;;;;412848;Žïár nad Sázavou 5;655261;K Pøehradì;è.p.;1074;1;;59101;641118.35;1113994.45;2013-12-05T00:00:00
3414141;595209;Žïár nad Sázavou;;;;;412848;Žïár nad Sázavou 5;655406;Luèní;è.p.;1075;44;;59101;641377.87;1113656.21;2013-12-05T00:00:00
3414159;595209;Žïár nad Sázavou;;;;;412848;Žïár nad Sázavou 5;655040;Chrpová;è.p.;1076;1;;59101;641324.15;1113615.69;2013-12-05T00:00:00
3414167;595209;Žïár nad Sázavou;;;;;412848;Žïár nad Sázavou 5;655813;Trnková;è.p.;1077;18;;59101;641191.12;1113493.17;2013-12-05T00:00:00
3414175;595209;Žïár nad Sázavou;;;;;412848;Žïár nad Sázavou 5;655813;Trnková;è.p.;1078;16;;59101;641198.33;1113496.11;2013-12-05T00:00:00
3414183;595209;Žïár nad Sázavou;;;;;412848;Žïár nad Sázavou 5;655040;Chrpová;è.p.;1079;4;;59101;641297.98;1113587.11;2013-12-05T00:00:00
3414191;595209;Žïár nad Sázavou;;;;;412848;Žïár nad Sázavou 5;655911;Vnitøní;è.p.;1080;1;;59101;641136.17;1113919.27;2013-12-05T00:00:00
3414205;595209;Žïár nad Sázavou;;;;;412848;Žïár nad Sázavou 5;655406;Luèní;è.p.;1081;30;;59101;641366.76;1113813.69;2013-12-05T00:00:00
3414213;595209;Žïár nad Sázavou;;;;;412848;Žïár nad Sázavou 5;655406;Luèní;è.p.;1082;32;;59101;641368.21;1113802.61;2013-12-05T00:00:00
3414221;595209;Žïár nad Sázavou;;;;;412848;Žïár nad Sázavou 5;655406;Luèní;è.p.;1083;36;;59101;641374.09;1113775.60;2013-12-05T00:00:00
3414230;595209;Žïár nad Sázavou;;;;;412848;Žïár nad Sázavou 5;656011;Žitná;è.p.;1084;4;;59101;641208.72;1113853.87;2013-12-05T00:00:00
3414248;595209;Žïár nad Sázavou;;;;;412848;Žïár nad Sázavou 5;655813;Trnková;è.p.;1085;1;;59101;641310.79;1113541.07;2013-12-05T00:00:00
3414256;595209;Žïár nad Sázavou;;;;;412848;Žïár nad Sázavou 5;655406;Luèní;è.p.;1086;31;;59101;641317.63;1113508.28;2013-12-05T00:00:00
3414264;595209;Žïár nad Sázavou;;;;;412848;Žïár nad Sázavou 5;655457;Na Prutech;è.p.;1090;28;;59101;641134.71;1113708.02;2016-01-05T00:00:00
3414272;595209;Žïár nad Sázavou;;;;;412848;Žïár nad Sázavou 5;655341;Kvìtná;è.p.;1091;11;;59101;641138.69;1113656.81;2013-12-05T00:00:00
3414281;595209;Žïár nad Sázavou;;;;;412848;Žïár nad Sázavou 5;655040;Chrpová;è.p.;1092;2;;59101;641319.62;1113583.69;2013-12-05T00:00:00
3414299;595209;Žïár nad Sázavou;;;;;412848;Žïár nad Sázavou 5;655406;Luèní;è.p.;1094;42;;59101;641370.62;1113683.04;2013-12-05T00:00:00
3414302;595209;Žïár nad Sázavou;;;;;412848;Žïár nad Sázavou 5;655406;Luèní;è.p.;1095;15;;59101;641336.63;1113818.65;2013-12-05T00:00:00
3414311;595209;Žïár nad Sázavou;;;;;412848;Žïár nad Sázavou 5;655643;Rybáøská;è.p.;1096;4;;59101;641210.76;1113582.04;2013-12-05T00:00:00
3414329;595209;Žïár nad Sázavou;;;;;412848;Žïár nad Sázavou 5;655643;Rybáøská;è.p.;1097;2;;59101;641197.94;1113631.13;2013-12-05T00:00:00
3414337;595209;Žïár nad Sázavou;;;;;412848;Žïár nad Sázavou 5;655911;Vnitøní;è.p.;1098;4;;59101;641210.56;1113689.34;2024-05-02T00:00:00
3414345;595209;Žïár nad Sázavou;;;;;412848;Žïár nad Sázavou 5;655384;Lipová;è.p.;1099;3;;59101;641232.58;1113469.79;2013-12-05T00:00:00
3414353;595209;Žïár nad Sázavou;;;;;412848;Žïár nad Sázavou 5;655341;Kvìtná;è.p.;1100;15;;59101;641106.46;1113644.91;2013-12-05T00:00:00
3414361;595209;Žïár nad Sázavou;;;;;412848;Žïár nad Sázavou 5;655406;Luèní;è.p.;1151;8;;59101;641332.90;1113979.42;2013-12-05T00:00:00
3414370;595209;Žïár nad Sázavou;;;;;412848;Žïár nad Sázavou 5;655406;Luèní;è.p.;1152;54;;59101;641352.65;1113521.97;2013-12-05T00:00:00
3414388;595209;Žïár nad Sázavou;;;;;412848;Žïár nad Sázavou 5;655279;Kaštanová;è.p.;1153;4;;59101;641165.98;1113558.53;2013-12-05T00:00:00
3414396;595209;Žïár nad Sázavou;;;;;412848;Žïár nad Sázavou 5;655406;Luèní;è.p.;1154;56;;59101;641350.18;1113493.68;2013-12-05T00:00:00
3414400;595209;Žïár nad Sázavou;;;;;412848;Žïár nad Sázavou 5;655406;Luèní;è.p.;1155;58;;59101;641342.42;1113467.61;2013-12-05T00:00:00
3414418;595209;Žïár nad Sázavou;;;;;412848;Žïár nad Sázavou 5;655406;Luèní;è.p.;1156;24;;59101;641357.90;1113861.01;2013-12-05T00:00:00
3414426;595209;Žïár nad Sázavou;;;;;412848;Žïár nad Sázavou 5;655341;Kvìtná;è.p.;1157;10;;59101;641134.04;1113624.81;2013-12-05T00:00:00
3414434;595209;Žïár nad Sázavou;;;;;412848;Žïár nad Sázavou 5;655406;Luèní;è.p.;1158;21;;59101;641340.34;1113704.57;2013-12-05T00:00:00
3414442;595209;Žïár nad Sázavou;;;;;412848;Žïár nad Sázavou 5;655341;Kvìtná;è.p.;1159;1;;59101;641306.26;1113690.17;2013-12-05T00:00:00
3414451;595209;Žïár nad Sázavou;;;;;412848;Žïár nad Sázavou 5;655813;Trnková;è.p.;1160;15;;59101;641155.46;1113506.85;2013-12-05T00:00:00
3414469;595209;Žïár nad Sázavou;;;;;412848;Žïár nad Sázavou 5;655279;Kaštanová;è.p.;1161;2;;59101;641172.28;1113562.57;2013-12-05T00:00:00
3414477;595209;Žïár nad Sázavou;;;;;412848;Žïár nad Sázavou 5;655457;Na Prutech;è.p.;1162;19;;59101;641041.34;1113710.88;2013-12-05T00:00:00
3414485;595209;Žïár nad Sázavou;;;;;412848;Žïár nad Sázavou 5;655406;Luèní;è.p.;1164;27;;59101;641335.65;1113574.39;2013-12-05T00:00:00
3414493;595209;Žïár nad Sázavou;;;;;412848;Žïár nad Sázavou 5;655406;Luèní;è.p.;1165;34;;59101;641368.17;1113784.45;2013-12-05T00:00:00
3414507;595209;Žïár nad Sázavou;;;;;412848;Žïár nad Sázavou 5;655457;Na Prutech;è.p.;1166;2;;59101;641347.39;1113764.60;2013-12-05T00:00:00
3414515;595209;Žïár nad Sázavou;;;;;412848;Žïár nad Sázavou 5;655279;Kaštanová;è.p.;1167;10;;59101;641138.79;1113540.02;2013-12-05T00:00:00
3414523;595209;Žïár nad Sázavou;;;;;412848;Žïár nad Sázavou 5;655813;Trnková;è.p.;1171;4;;59101;641284.29;1113518.77;2013-12-05T00:00:00
3414531;595209;Žïár nad Sázavou;;;;;412848;Žïár nad Sázavou 5;655813;Trnková;è.p.;1172;5;;59101;641295.95;1113542.94;2013-12-05T00:00:00
3414540;595209;Žïár nad Sázavou;;;;;412848;Žïár nad Sázavou 5;655813;Trnková;è.p.;1173;7;;59101;641288.53;1113544.32;2013-12-05T00:00:00
3414558;595209;Žïár nad Sázavou;;;;;412848;Žïár nad Sázavou 5;655406;Luèní;è.p.;1174;26;;59101;641362.69;1113840.08;2013-12-05T00:00:00
3414566;595209;Žïár nad Sázavou;;;;;412848;Žïár nad Sázavou 5;655406;Luèní;è.p.;1175;28;;59101;641363.87;1113830.72;2013-12-05T00:00:00
3414574;595209;Žïár nad Sázavou;;;;;412848;Žïár nad Sázavou 5;655457;Na Prutech;è.p.;1176;18;;59101;641236.71;1113750.75;2013-12-05T00:00:00
3414582;595209;Žïár nad Sázavou;;;;;412848;Žïár nad Sázavou 5;655341;Kvìtná;è.p.;1177;3;;59101;641279.15;1113686.84;2013-12-05T00:00:00
3414591;595209;Žïár nad Sázavou;;;;;412848;Žïár nad Sázavou 5;655457;Na Prutech;è.p.;1178;16;;59101;641246.28;1113751.47;2013-12-05T00:00:00
3414604;595209;Žïár nad Sázavou;;;;;412848;Žïár nad Sázavou 5;655813;Trnková;è.p.;1179;9;;59101;641248.08;1113554.35;2013-12-05T00:00:00
3414612;595209;Žïár nad Sázavou;;;;;412848;Žïár nad Sázavou 5;655228;Javorová;è.p.;1180;1;;59101;641261.25;1113596.88;2013-12-05T00:00:00
3414621;595209;Žïár nad Sázavou;;;;;412848;Žïár nad Sázavou 5;655341;Kvìtná;è.p.;1181;6;;59101;641261.63;1113642.75;2013-12-05T00:00:00
3414639;595209;Žïár nad Sázavou;;;;;412848;Žïár nad Sázavou 5;655813;Trnková;è.p.;1182;2;;59101;641302.03;1113513.65;2013-12-05T00:00:00
3414647;595209;Žïár nad Sázavou;;;;;412848;Žïár nad Sázavou 5;655813;Trnková;è.p.;1183;3;;59101;641303.12;1113542.52;2013-12-05T00:00:00
3414655;595209;Žïár nad Sázavou;;;;;412848;Žïár nad Sázavou 5;655813;Trnková;è.p.;1184;14;;59101;641204.97;1113498.73;2013-12-05T00:00:00
3414663;595209;Žïár nad Sázavou;;;;;412848;Žïár nad Sázavou 5;655163;Hlohová;è.p.;1185;11;;59101;641087.07;1113586.64;2013-12-05T00:00:00
3414671;595209;Žïár nad Sázavou;;;;;412848;Žïár nad Sázavou 5;655341;Kvìtná;è.p.;1193;12;;59101;641127.55;1113620.97;2013-12-05T00:00:00
3414680;595209;Žïár nad Sázavou;;;;;412848;Žïár nad Sázavou 5;655163;Hlohová;è.p.;1194;37;;59101;641151.20;1113452.47;2013-12-05T00:00:00
3414698;595209;Žïár nad Sázavou;;;;;412848;Žïár nad Sázavou 5;655911;Vnitøní;è.p.;1199;13;;59101;641185.16;1113682.83;2013-12-05T00:00:00
3414701;595209;Žïár nad Sázavou;;;;;412848;Žïár nad Sázavou 5;655813;Trnková;è.p.;1200;12;;59101;641231.22;1113510.25;2013-12-05T00:00:00
3414710;595209;Žïár nad Sázavou;;;;;412848;Žïár nad Sázavou 5;655384;Lipová;è.p.;1201;1;;59101;641268.01;1113480.24;2013-12-05T00:00:00
3414728;595209;Žïár nad Sázavou;;;;;412848;Žïár nad Sázavou 5;655813;Trnková;è.p.;1202;6;;59101;641264.38;1113523.16;2013-12-05T00:00:00
3414736;595209;Žïár nad Sázavou;;;;;412848;Žïár nad Sázavou 5;655040;Chrpová;è.p.;1203;3;;59101;641316.31;1113616.12;2013-12-05T00:00:00
3414744;595209;Žïár nad Sázavou;;;;;412848;Žïár nad Sázavou 5;655163;Hlohová;è.p.;1204;1;;59101;641058.02;1113643.12;2013-12-05T00:00:00
3414752;595209;Žïár nad Sázavou;;;;;412848;Žïár nad Sázavou 5;655406;Luèní;è.p.;1205;2;;59101;641314.21;1114027.88;2013-12-05T00:00:00
3414761;595209;Žïár nad Sázavou;;;;;412848;Žïár nad Sázavou 5;655406;Luèní;è.p.;1206;4;;59101;641317.63;1114018.70;2013-12-05T00:00:00
3414779;595209;Žïár nad Sázavou;;;;;412848;Žïár nad Sázavou 5;655406;Luèní;è.p.;1207;29;;59101;641328.83;1113543.12;2013-12-05T00:00:00
3414787;595209;Žïár nad Sázavou;;;;;412848;Žïár nad Sázavou 5;655040;Chrpová;è.p.;1209;5;;59101;641300.62;1113613.15;2013-12-05T00:00:00
3414795;595209;Žïár nad Sázavou;;;;;412848;Žïár nad Sázavou 5;655945;Vysocká;è.p.;1210;27;;59101;641136.66;1113972.32;2013-12-05T00:00:00
3414809;595209;Žïár nad Sázavou;;;;;412848;Žïár nad Sázavou 5;655406;Luèní;è.p.;1211;22;;59101;641355.84;1113891.12;2013-12-05T00:00:00
3414817;595209;Žïár nad Sázavou;;;;;412848;Žïár nad Sázavou 5;655279;Kaštanová;è.p.;1212;1;;59101;641162.41;1113585.16;2013-12-05T00:00:00
3414825;595209;Žïár nad Sázavou;;;;;412848;Žïár nad Sázavou 5;655163;Hlohová;è.p.;1213;3;;59101;641067.31;1113629.41;2013-12-05T00:00:00
3414833;595209;Žïár nad Sázavou;;;;;412848;Žïár nad Sázavou 5;655341;Kvìtná;è.p.;1215;14;;59101;641120.92;1113617.84;2013-12-05T00:00:00
3414850;595209;Žïár nad Sázavou;;;;;412848;Žïár nad Sázavou 5;655767;Šípková;è.p.;1217;2;;59101;641464.11;1113948.70;2013-12-05T00:00:00
3414868;595209;Žïár nad Sázavou;;;;;412848;Žïár nad Sázavou 5;655767;Šípková;è.p.;1218;4;;59101;641455.90;1113978.22;2013-12-05T00:00:00
3414876;595209;Žïár nad Sázavou;;;;;412848;Žïár nad Sázavou 5;655767;Šípková;è.p.;1219;6;;59101;641448.44;1114005.98;2013-12-05T00:00:00
3414884;595209;Žïár nad Sázavou;;;;;412848;Žïár nad Sázavou 5;655945;Vysocká;è.p.;1220;6;;59101;641423.64;1114069.08;2013-12-05T00:00:00
3414892;595209;Žïár nad Sázavou;;;;;412848;Žïár nad Sázavou 5;655945;Vysocká;è.p.;1221;4;;59101;641453.26;1114081.09;2013-12-05T00:00:00
3414906;595209;Žïár nad Sázavou;;;;;412848;Žïár nad Sázavou 5;655945;Vysocká;è.p.;1222;2;;59101;641482.42;1114092.46;2013-12-05T00:00:00
3414914;595209;Žïár nad Sázavou;;;;;412848;Žïár nad Sázavou 5;655279;Kaštanová;è.p.;1223;8;;59101;641153.05;1113551.19;2013-12-05T00:00:00
3414922;595209;Žïár nad Sázavou;;;;;412848;Žïár nad Sázavou 5;655163;Hlohová;è.p.;1224;27;;59101;641134.17;1113495.27;2013-12-05T00:00:00
3414931;595209;Žïár nad Sázavou;;;;;412848;Žïár nad Sázavou 5;655406;Luèní;è.p.;1225;6;;59101;641318.26;1114004.69;2021-10-27T00:00:00
3414949;595209;Žïár nad Sázavou;;;;;412848;Žïár nad Sázavou 5;656011;Žitná;è.p.;1227;3;;59101;641298.18;1113959.90;2013-12-05T00:00:00
3414957;595209;Žïár nad Sázavou;;;;;412848;Žïár nad Sázavou 5;655406;Luèní;è.p.;1230;60;;59101;641329.67;1113438.18;2013-12-05T00:00:00
3414965;595209;Žïár nad Sázavou;;;;;412848;Žïár nad Sázavou 5;655341;Kvìtná;è.p.;1231;4;;59101;641301.06;1113660.62;2013-12-05T00:00:00
3414973;595209;Žïár nad Sázavou;;;;;412848;Žïár nad Sázavou 5;655163;Hlohová;è.p.;1232;6;;59101;641187.24;1113452.48;2013-12-05T00:00:00
3414981;595209;Žïár nad Sázavou;;;;;412848;Žïár nad Sázavou 5;655163;Hlohová;è.p.;1240;20;;59101;641247.81;1113345.89;2013-12-05T00:00:00
3414990;595209;Žïár nad Sázavou;;;;;412848;Žïár nad Sázavou 5;655406;Luèní;è.p.;1241;3;;59101;641306.21;1113899.32;2013-12-05T00:00:00
3415007;595209;Žïár nad Sázavou;;;;;412848;Žïár nad Sázavou 5;655163;Hlohová;è.p.;1242;15;;59101;641101.29;1113560.41;2013-12-05T00:00:00
3415015;595209;Žïár nad Sázavou;;;;;412848;Žïár nad Sázavou 5;655163;Hlohová;è.p.;1243;17;;59101;641105.21;1113553.34;2013-12-05T00:00:00
3415023;595209;Žïár nad Sázavou;;;;;412848;Žïár nad Sázavou 5;655163;Hlohová;è.p.;1244;19;;59101;641108.54;1113544.81;2013-12-05T00:00:00
3415031;595209;Žïár nad Sázavou;;;;;412848;Žïár nad Sázavou 5;655163;Hlohová;è.p.;1245;21;;59101;641112.62;1113536.64;2013-12-05T00:00:00
3415040;595209;Žïár nad Sázavou;;;;;412848;Žïár nad Sázavou 5;655163;Hlohová;è.p.;1246;18;;59101;641226.75;1113387.50;2013-12-05T00:00:00
3415058;595209;Žïár nad Sázavou;;;;;412848;Žïár nad Sázavou 5;655341;Kvìtná;è.p.;1247;5;;59101;641176.68;1113680.86;2013-12-05T00:00:00
3415066;595209;Žïár nad Sázavou;;;;;412848;Žïár nad Sázavou 5;655341;Kvìtná;è.p.;1248;9;;59101;641153.37;1113667.70;2013-12-05T00:00:00
3415074;595209;Žïár nad Sázavou;;;;;412848;Žïár nad Sázavou 5;655341;Kvìtná;è.p.;1249;17;;59101;641088.08;1113645.34;2013-12-05T00:00:00
3415082;595209;Žïár nad Sázavou;;;;;412848;Žïár nad Sázavou 5;655813;Trnková;è.p.;1250;22;;59101;641172.02;1113475.24;2013-12-05T00:00:00
3415091;595209;Žïár nad Sázavou;;;;;412848;Žïár nad Sázavou 5;655457;Na Prutech;è.p.;1251;20;;59101;641220.59;1113748.56;2013-12-05T00:00:00
3415104;595209;Žïár nad Sázavou;;;;;412848;Žïár nad Sázavou 5;655163;Hlohová;è.p.;1252;31;;59101;641140.65;1113481.02;2013-12-05T00:00:00
3415112;595209;Žïár nad Sázavou;;;;;412848;Žïár nad Sázavou 5;655163;Hlohová;è.p.;1253;33;;59101;641143.46;1113474.20;2013-12-05T00:00:00
3415121;595209;Žïár nad Sázavou;;;;;412848;Žïár nad Sázavou 5;655163;Hlohová;è.p.;1254;29;;59101;641142.79;1113492.57;2013-12-05T00:00:00
3415155;595209;Žïár nad Sázavou;;;;;412848;Žïár nad Sázavou 5;656011;Žitná;è.p.;1257;26;;59101;641017.27;1113743.06;2013-12-05T00:00:00
3415163;595209;Žïár nad Sázavou;;;;;412848;Žïár nad Sázavou 5;655759;Šeøíková;è.p.;1258;1;;59101;641230.97;1113488.35;2013-12-05T00:00:00
3415171;595209;Žïár nad Sázavou;;;;;412848;Žïár nad Sázavou 5;655406;Luèní;è.p.;1259;23;;59101;641342.14;1113653.28;2013-12-05T00:00:00
3415180;595209;Žïár nad Sázavou;;;;;412848;Žïár nad Sázavou 5;655406;Luèní;è.p.;1260;33;;59101;641295.13;1113454.95;2013-12-05T00:00:00
3415198;595209;Žïár nad Sázavou;;;;;412848;Žïár nad Sázavou 5;655406;Luèní;è.p.;1261;35;;59101;641290.71;1113448.83;2013-12-05T00:00:00
3415201;595209;Žïár nad Sázavou;;;;;412848;Žïár nad Sázavou 5;655406;Luèní;è.p.;1262;37;;59101;641285.25;1113444.99;2013-12-05T00:00:00
3415210;595209;Žïár nad Sázavou;;;;;412848;Žïár nad Sázavou 5;655406;Luèní;è.p.;1263;39;;59101;641280.56;1113439.36;2013-12-05T00:00:00
3415228;595209;Žïár nad Sázavou;;;;;412848;Žïár nad Sázavou 5;655406;Luèní;è.p.;1264;41;;59101;641274.68;1113436.20;2013-12-05T00:00:00
3415236;595209;Žïár nad Sázavou;;;;;412848;Žïár nad Sázavou 5;655406;Luèní;è.p.;1265;43;;59101;641269.22;1113433.13;2013-12-05T00:00:00
3415244;595209;Žïár nad Sázavou;;;;;412848;Žïár nad Sázavou 5;655341;Kvìtná;è.p.;1266;7;;59101;641161.23;1113669.74;2013-12-05T00:00:00
3415252;595209;Žïár nad Sázavou;;;;;412848;Žïár nad Sázavou 5;655163;Hlohová;è.p.;1267;39;;59101;641157.77;1113434.07;2013-12-05T00:00:00
3415261;595209;Žïár nad Sázavou;;;;;412848;Žïár nad Sázavou 5;655163;Hlohová;è.p.;1268;4;;59101;641121.19;1113574.41;2013-12-05T00:00:00
3415279;595209;Žïár nad Sázavou;;;;;412848;Žïár nad Sázavou 5;655163;Hlohová;è.p.;1277;51;;59101;641185.72;1113388.50;2013-12-05T00:00:00
3415287;595209;Žïár nad Sázavou;;;;;412848;Žïár nad Sázavou 5;655163;Hlohová;è.p.;1278;49;;59101;641182.31;1113393.27;2013-12-05T00:00:00
3415295;595209;Žïár nad Sázavou;;;;;412848;Žïár nad Sázavou 5;655163;Hlohová;è.p.;1279;47;;59101;641180.26;1113399.08;2013-12-05T00:00:00
3415309;595209;Žïár nad Sázavou;;;;;412848;Žïár nad Sázavou 5;655163;Hlohová;è.p.;1280;45;;59101;641177.11;1113404.54;2013-12-05T00:00:00
3415317;595209;Žïár nad Sázavou;;;;;412848;Žïár nad Sázavou 5;655163;Hlohová;è.p.;1281;43;;59101;641174.12;1113409.32;2013-12-05T00:00:00
3415325;595209;Žïár nad Sázavou;;;;;412848;Žïár nad Sázavou 5;655163;Hlohová;è.p.;1282;41;;59101;641171.83;1113414.91;2013-12-05T00:00:00
3415333;595209;Žïár nad Sázavou;;;;;412848;Žïár nad Sázavou 5;655813;Trnková;è.p.;1284;13;;59101;641175.05;1113513.27;2013-12-05T00:00:00
3415341;595209;Žïár nad Sázavou;;;;;412848;Žïár nad Sázavou 5;655872;V Lískách;è.p.;1285;1;;59101;641281.33;1114082.10;2013-12-05T00:00:00
3415350;595209;Žïár nad Sázavou;;;;;412848;Žïár nad Sázavou 5;655163;Hlohová;è.p.;1286;23;;59101;641121.83;1113520.88;2013-12-05T00:00:00
3415368;595209;Žïár nad Sázavou;;;;;412848;Žïár nad Sázavou 5;655813;Trnková;è.p.;1287;10;;59101;641249.52;1113520.36;2013-12-05T00:00:00
3415376;595209;Žïár nad Sázavou;;;;;412848;Žïár nad Sázavou 5;655406;Luèní;è.p.;1288;62;;59101;641314.44;1113413.95;2013-12-05T00:00:00
3415384;595209;Žïár nad Sázavou;;;;;412848;Žïár nad Sázavou 5;655406;Luèní;è.p.;1289;64;;59101;641309.34;1113410.74;2013-12-05T00:00:00
3415392;595209;Žïár nad Sázavou;;;;;412848;Žïár nad Sázavou 5;655406;Luèní;è.p.;1290;66;;59101;641304.02;1113408.12;2013-12-05T00:00:00
3415406;595209;Žïár nad Sázavou;;;;;412848;Žïár nad Sázavou 5;655406;Luèní;è.p.;1292;70;;59101;641293.80;1113402.25;2013-12-05T00:00:00
3415414;595209;Žïár nad Sázavou;;;;;412848;Žïár nad Sázavou 5;655406;Luèní;è.p.;1293;72;;59101;641288.14;1113399.28;2013-12-05T00:00:00
3415422;595209;Žïár nad Sázavou;;;;;412848;Žïár nad Sázavou 5;655406;Luèní;è.p.;1294;74;;59101;641282.89;1113396.73;2013-12-05T00:00:00
3415431;595209;Žïár nad Sázavou;;;;;412848;Žïár nad Sázavou 5;655406;Luèní;è.p.;1295;76;;59101;641277.30;1113394.31;2013-12-05T00:00:00
3415449;595209;Žïár nad Sázavou;;;;;412848;Žïár nad Sázavou 5;655406;Luèní;è.p.;1300;78;;59101;641254.46;1113389.69;2013-12-05T00:00:00
3415457;595209;Žïár nad Sázavou;;;;;412848;Žïár nad Sázavou 5;655945;Vysocká;è.p.;1377;1;;59101;641466.17;1114133.02;2017-03-21T00:00:00
3415465;595209;Žïár nad Sázavou;;;;;412848;Žïár nad Sázavou 5;655945;Vysocká;è.p.;1378;3;;59101;641370.79;1114158.77;2016-11-09T00:00:00
3415473;595209;Žïár nad Sázavou;;;;;412848;Žïár nad Sázavou 5;655163;Hlohová;è.p.;1451;25;;59101;641126.60;1113509.73;2013-12-05T00:00:00
3415481;595209;Žïár nad Sázavou;;;;;412848;Žïár nad Sázavou 5;655163;Hlohová;è.p.;1452;16;;59101;641248.46;1113425.80;2013-12-05T00:00:00
3415490;595209;Žïár nad Sázavou;;;;;412848;Žïár nad Sázavou 5;655163;Hlohová;è.p.;1453;14;;59101;641240.10;1113422.05;2013-12-05T00:00:00
3415503;595209;Žïár nad Sázavou;;;;;412848;Žïár nad Sázavou 5;655163;Hlohová;è.p.;1454;12;;59101;641231.06;1113419.58;2013-12-05T00:00:00
3415511;595209;Žïár nad Sázavou;;;;;412848;Žïár nad Sázavou 5;655163;Hlohová;è.p.;1455;10;;59101;641222.28;1113417.18;2013-12-05T00:00:00
3415520;595209;Žïár nad Sázavou;;;;;412848;Žïár nad Sázavou 5;655163;Hlohová;è.p.;1456;13;;59101;641090.90;1113579.06;2013-12-05T00:00:00
3415538;595209;Žïár nad Sázavou;;;;;412848;Žïár nad Sázavou 5;656011;Žitná;è.p.;1457;8;;59101;641129.47;1113814.93;2013-12-05T00:00:00
3415546;595209;Žïár nad Sázavou;;;;;412848;Žïár nad Sázavou 5;655929;Vrbová;è.p.;1458;5;;59101;641202.24;1113307.56;2013-12-05T00:00:00
3415554;595209;Žïár nad Sázavou;;;;;412848;Žïár nad Sázavou 5;655929;Vrbová;è.p.;1459;3;;59101;641215.19;1113321.37;2013-12-05T00:00:00
3415562;595209;Žïár nad Sázavou;;;;;412848;Žïár nad Sázavou 5;655163;Hlohová;è.p.;1460;53;;59101;641203.09;1113375.84;2013-12-05T00:00:00
3415571;595209;Žïár nad Sázavou;;;;;412848;Žïár nad Sázavou 5;655163;Hlohová;è.p.;1461;55;;59101;641206.68;1113370.13;2013-12-05T00:00:00
3415589;595209;Žïár nad Sázavou;;;;;412848;Žïár nad Sázavou 5;655163;Hlohová;è.p.;1462;57;;59101;641209.49;1113364.84;2013-12-05T00:00:00
3415597;595209;Žïár nad Sázavou;;;;;412848;Žïár nad Sázavou 5;655163;Hlohová;è.p.;1463;59;;59101;641212.39;1113359.29;2013-12-05T00:00:00
3415601;595209;Žïár nad Sázavou;;;;;412848;Žïár nad Sázavou 5;655163;Hlohová;è.p.;1464;61;;59101;641215.63;1113354.08;2013-12-05T00:00:00
3415619;595209;Žïár nad Sázavou;;;;;412848;Žïár nad Sázavou 5;655163;Hlohová;è.p.;1465;63;;59101;641218.02;1113348.79;2013-12-05T00:00:00
3415627;595209;Žïár nad Sázavou;;;;;412848;Žïár nad Sázavou 5;655406;Luèní;è.p.;1466;20;;59101;641352.13;1113900.29;2013-12-05T00:00:00
3415635;595209;Žïár nad Sázavou;;;;;412848;Žïár nad Sázavou 5;655163;Hlohová;è.p.;1467;35;;59101;641146.69;1113467.32;2013-12-05T00:00:00
3415643;595209;Žïár nad Sázavou;;;;;412848;Žïár nad Sázavou 5;655945;Vysocká;è.p.;1468;8;;59101;641384.05;1114054.51;2013-12-05T00:00:00
3415651;595209;Žïár nad Sázavou;;;;;412848;Žïár nad Sázavou 5;655163;Hlohová;è.p.;1469;9;;59101;641078.72;1113605.39;2013-12-05T00:00:00
3415660;595209;Žïár nad Sázavou;;;;;412848;Žïár nad Sázavou 5;655163;Hlohová;è.p.;1471;5;;59101;641075.00;1113623.13;2013-12-05T00:00:00
3415678;595209;Žïár nad Sázavou;;;;;412848;Žïár nad Sázavou 5;655163;Hlohová;è.p.;1472;7;;59101;641075.23;1113613.14;2013-12-05T00:00:00
3415686;595209;Žïár nad Sázavou;;;;;412848;Žïár nad Sázavou 5;655813;Trnková;è.p.;1473;11;;59101;641193.23;1113520.42;2013-12-05T00:00:00
3415694;595209;Žïár nad Sázavou;;;;;412848;Žïár nad Sázavou 5;655813;Trnková;è.p.;1474;8;;59101;641259.58;1113517.14;2013-12-05T00:00:00
3415708;595209;Žïár nad Sázavou;;;;;412848;Žïár nad Sázavou 5;655163;Hlohová;è.p.;1475;8;;59101;641200.80;1113426.43;2013-12-05T00:00:00
3415716;595209;Žïár nad Sázavou;;;;;412848;Žïár nad Sázavou 5;655406;Luèní;è.p.;1476;1;;59101;641296.59;1113913.14;2013-12-05T00:00:00
3415732;595209;Žïár nad Sázavou;;;;;412848;Žïár nad Sázavou 5;656011;Žitná;è.p.;1477;39;;59101;641006.11;1113767.38;2013-12-05T00:00:00
3415741;595209;Žïár nad Sázavou;;;;;412848;Žïár nad Sázavou 5;655767;Šípková;è.p.;1492;8;;59101;641440.45;1114029.63;2013-12-05T00:00:00
3415759;595209;Žïár nad Sázavou;;;;;412848;Žïár nad Sázavou 5;655767;Šípková;è.p.;1493;14;;59101;641399.80;1113993.96;2013-12-05T00:00:00
3415767;595209;Žïár nad Sázavou;;;;;412848;Žïár nad Sázavou 5;656011;Žitná;è.p.;1666;13;;59101;641241.74;1113921.78;2013-12-05T00:00:00
3415775;595209;Žïár nad Sázavou;;;;;412848;Žïár nad Sázavou 5;656011;Žitná;è.p.;1667;15;;59101;641232.74;1113915.71;2013-12-05T00:00:00
3415783;595209;Žïár nad Sázavou;;;;;412848;Žïár nad Sázavou 5;655911;Vnitøní;è.p.;1684;6;;59101;641207.01;1113818.41;2014-02-17T00:00:00
3415791;595209;Žïár nad Sázavou;;;;;412848;Žïár nad Sázavou 5;655872;V Lískách;è.p.;1696;28;;59101;641257.51;1114073.92;2013-12-05T00:00:00
3415805;595209;Žïár nad Sázavou;;;;;412848;Žïár nad Sázavou 5;655945;Vysocká;è.p.;2193;33;;59101;641086.69;1113930.55;2013-12-05T00:00:00
3415813;595209;Žïár nad Sázavou;;;;;412848;Žïár nad Sázavou 5;655945;Vysocká;è.p.;2202;60;;59101;640640.93;1113594.99;2014-02-17T00:00:00
3415830;595209;Žïár nad Sázavou;;;;;412848;Žïár nad Sázavou 5;655872;V Lískách;è.p.;2206;37;;59101;640923.19;1114081.05;2013-12-05T00:00:00
3415848;595209;Žïár nad Sázavou;;;;;412848;Žïár nad Sázavou 5;655945;Vysocká;è.p.;2213;61;;59101;641348.45;1114084.68;2013-12-05T00:00:00
3415856;595209;Žïár nad Sázavou;;;;;412856;Žïár nad Sázavou 7;654957;Alšova;è.p.;1301;2;;59101;640745.92;1114699.60;2013-12-05T00:00:00
3415864;595209;Žïár nad Sázavou;;;;;412856;Žïár nad Sázavou 7;654957;Alšova;è.p.;1303;6;;59101;640735.86;1114710.60;2013-12-05T00:00:00
3415872;595209;Žïár nad Sázavou;;;;;412856;Žïár nad Sázavou 7;654957;Alšova;è.p.;1304;8;;59101;640730.57;1114715.81;2013-12-05T00:00:00
3415881;595209;Žïár nad Sázavou;;;;;412856;Žïár nad Sázavou 7;654957;Alšova;è.p.;1305;10;;59101;640724.56;1114720.67;2013-12-05T00:00:00
3415899;595209;Žïár nad Sázavou;;;;;412856;Žïár nad Sázavou 7;654957;Alšova;è.p.;1306;12;;59101;640719.23;1114725.61;2013-12-05T00:00:00
3415902;595209;Žïár nad Sázavou;;;;;412856;Žïár nad Sázavou 7;654957;Alšova;è.p.;1308;16;;59101;640698.73;1114743.85;2013-12-05T00:00:00
3415911;595209;Žïár nad Sázavou;;;;;412856;Žïár nad Sázavou 7;654957;Alšova;è.p.;1309;18;;59101;640696.13;1114752.00;2013-12-05T00:00:00
3415929;595209;Žïár nad Sázavou;;;;;412856;Žïár nad Sázavou 7;654957;Alšova;è.p.;1310;20;;59101;640685.79;1114756.48;2013-12-05T00:00:00
3415937;595209;Žïár nad Sázavou;;;;;412856;Žïár nad Sázavou 7;654957;Alšova;è.p.;1311;22;;59101;640679.29;1114762.83;2013-12-05T00:00:00
3415945;595209;Žïár nad Sázavou;;;;;412856;Žïár nad Sázavou 7;654957;Alšova;è.p.;1312;24;;59101;640672.72;1114768.89;2013-12-05T00:00:00
3415953;595209;Žïár nad Sázavou;;;;;412856;Žïár nad Sázavou 7;654957;Alšova;è.p.;1313;17;;59101;640678.21;1114807.08;2013-12-05T00:00:00
3415961;595209;Žïár nad Sázavou;;;;;412856;Žïár nad Sázavou 7;655431;Maøákova;è.p.;1314;2;;59101;640704.38;1114775.27;2013-12-05T00:00:00
3415970;595209;Žïár nad Sázavou;;;;;412856;Žïár nad Sázavou 7;655589;Prùchova;è.p.;1315;1;;59101;640700.70;1114789.17;2013-12-05T00:00:00
3415988;595209;Žïár nad Sázavou;;;;;412856;Žïár nad Sázavou 7;655431;Maøákova;è.p.;1316;4;;59101;640714.64;1114785.94;2013-12-05T00:00:00
3415996;595209;Žïár nad Sázavou;;;;;412856;Žïár nad Sázavou 7;655589;Prùchova;è.p.;1317;3;;59101;640710.68;1114799.50;2013-12-05T00:00:00
3416003;595209;Žïár nad Sázavou;;;;;412856;Žïár nad Sázavou 7;655431;Maøákova;è.p.;1318;6;;59101;640729.95;1114794.45;2020-03-15T00:00:00
3416011;595209;Žïár nad Sázavou;;;;;412856;Žïár nad Sázavou 7;654957;Alšova;è.p.;1319;15;;59101;640726.85;1114761.05;2013-12-05T00:00:00
3416020;595209;Žïár nad Sázavou;;;;;412856;Žïár nad Sázavou 7;654957;Alšova;è.p.;1320;13;;59101;640732.31;1114755.42;2013-12-05T00:00:00
3416038;595209;Žïár nad Sázavou;;;;;412856;Žïár nad Sázavou 7;654957;Alšova;è.p.;1321;11;;59101;640737.85;1114750.39;2013-12-05T00:00:00
3416046;595209;Žïár nad Sázavou;;;;;412856;Žïár nad Sázavou 7;654957;Alšova;è.p.;1322;9;;59101;640742.71;1114744.67;2013-12-05T00:00:00
3416054;595209;Žïár nad Sázavou;;;;;412856;Žïár nad Sázavou 7;654957;Alšova;è.p.;1323;7;;59101;640747.83;1114739.55;2013-12-05T00:00:00
3416062;595209;Žïár nad Sázavou;;;;;412856;Žïár nad Sázavou 7;654957;Alšova;è.p.;1324;5;;59101;640753.80;1114734.44;2013-12-05T00:00:00
3416071;595209;Žïár nad Sázavou;;;;;412856;Žïár nad Sázavou 7;654957;Alšova;è.p.;1325;3;;59101;640765.30;1114724.92;2013-12-05T00:00:00
3416089;595209;Žïár nad Sázavou;;;;;412856;Žïár nad Sázavou 7;654957;Alšova;è.p.;1326;1;;59101;640772.21;1114715.62;2013-12-05T00:00:00
3416097;595209;Žïár nad Sázavou;;;;;412856;Žïár nad Sázavou 7;655449;Mánesova;è.p.;1327;2;;59101;640787.90;1114774.40;2013-12-05T00:00:00
3416101;595209;Žïár nad Sázavou;;;;;412856;Žïár nad Sázavou 7;655449;Mánesova;è.p.;1328;4;;59101;640778.45;1114788.70;2013-12-05T00:00:00
3416119;595209;Žïár nad Sázavou;;;;;412856;Žïár nad Sázavou 7;655449;Mánesova;è.p.;1329;6;;59101;640768.81;1114803.12;2013-12-05T00:00:00
3416127;595209;Žïár nad Sázavou;;;;;412856;Žïár nad Sázavou 7;655449;Mánesova;è.p.;1330;8;;59101;640763.12;1114816.81;2013-12-05T00:00:00
3416135;595209;Žïár nad Sázavou;;;;;412856;Žïár nad Sázavou 7;655449;Mánesova;è.p.;1331;10;;59101;640757.32;1114822.10;2013-12-05T00:00:00
3416143;595209;Žïár nad Sázavou;;;;;412856;Žïár nad Sázavou 7;655449;Mánesova;è.p.;1332;12;;59101;640752.04;1114827.04;2013-12-05T00:00:00
3416151;595209;Žïár nad Sázavou;;;;;412856;Žïár nad Sázavou 7;655449;Mánesova;è.p.;1333;14;;59101;640746.92;1114832.16;2013-12-05T00:00:00
3416160;595209;Žïár nad Sázavou;;;;;412856;Žïár nad Sázavou 7;655449;Mánesova;è.p.;1334;16;;59101;640740.38;1114837.15;2013-12-05T00:00:00
3416178;595209;Žïár nad Sázavou;;;;;412856;Žïár nad Sázavou 7;655449;Mánesova;è.p.;1335;18;;59101;640735.24;1114842.65;2013-12-05T00:00:00
3416186;595209;Žïár nad Sázavou;;;;;412856;Žïár nad Sázavou 7;655449;Mánesova;è.p.;1336;20;;59101;640718.81;1114848.26;2013-12-05T00:00:00
3416194;595209;Žïár nad Sázavou;;;;;412856;Žïár nad Sázavou 7;655449;Mánesova;è.p.;1337;22;;59101;640713.23;1114855.83;2013-12-05T00:00:00
3416208;595209;Žïár nad Sázavou;;;;;412856;Žïár nad Sázavou 7;655449;Mánesova;è.p.;1338;24;;59101;640706.72;1114862.67;2013-12-05T00:00:00
3416216;595209;Žïár nad Sázavou;;;;;412856;Žïár nad Sázavou 7;655449;Mánesova;è.p.;1339;26;;59101;640701.80;1114870.19;2013-12-05T00:00:00
3416224;595209;Žïár nad Sázavou;;;;;412856;Žïár nad Sázavou 7;655449;Mánesova;è.p.;1340;19;;59101;640703.93;1114917.70;2013-12-05T00:00:00
3416232;595209;Žïár nad Sázavou;;;;;412856;Žïár nad Sázavou 7;655449;Mánesova;è.p.;1341;17;;59101;640713.14;1114911.13;2013-12-05T00:00:00
3416241;595209;Žïár nad Sázavou;;;;;412856;Žïár nad Sázavou 7;655601;Rabasova;è.p.;1342;2;;59101;640735.43;1114876.88;2013-12-05T00:00:00
3416259;595209;Žïár nad Sázavou;;;;;412856;Žïár nad Sázavou 7;655333;Kubínova;è.p.;1343;1;;59101;640732.21;1114890.18;2013-12-05T00:00:00
3416267;595209;Žïár nad Sázavou;;;;;412856;Žïár nad Sázavou 7;655601;Rabasova;è.p.;1344;4;;59101;640746.35;1114887.54;2013-12-05T00:00:00
3416275;595209;Žïár nad Sázavou;;;;;412856;Žïár nad Sázavou 7;655333;Kubínova;è.p.;1345;3;;59101;640737.25;1114905.20;2024-03-14T00:00:00
3416283;595209;Žïár nad Sázavou;;;;;412856;Žïár nad Sázavou 7;655601;Rabasova;è.p.;1346;6;;59101;640756.75;1114897.78;2013-12-05T00:00:00
3416291;595209;Žïár nad Sázavou;;;;;412856;Žïár nad Sázavou 7;655449;Mánesova;è.p.;1347;15;;59101;640761.33;1114867.36;2013-12-05T00:00:00
3416305;595209;Žïár nad Sázavou;;;;;412856;Žïár nad Sázavou 7;655449;Mánesova;è.p.;1348;13;;59101;640766.51;1114861.57;2013-12-05T00:00:00
3416313;595209;Žïár nad Sázavou;;;;;412856;Žïár nad Sázavou 7;655449;Mánesova;è.p.;1349;11;;59101;640764.29;1114852.89;2013-12-05T00:00:00
3416321;595209;Žïár nad Sázavou;;;;;412856;Žïár nad Sázavou 7;655449;Mánesova;è.p.;1351;7;;59101;640782.73;1114845.43;2013-12-05T00:00:00
3416330;595209;Žïár nad Sázavou;;;;;412856;Žïár nad Sázavou 7;655449;Mánesova;è.p.;1352;5;;59101;640787.93;1114839.72;2013-12-05T00:00:00
3416348;595209;Žïár nad Sázavou;;;;;412856;Žïár nad Sázavou 7;655449;Mánesova;è.p.;1353;3;;59101;640797.03;1114824.84;2013-12-05T00:00:00
3416356;595209;Žïár nad Sázavou;;;;;412856;Žïár nad Sázavou 7;655449;Mánesova;è.p.;1354;1;;59101;640803.34;1114816.23;2013-12-05T00:00:00
3416364;595209;Žïár nad Sázavou;;;;;412856;Žïár nad Sázavou 7;655287;Kavánova;è.p.;1356;2;;59101;640828.99;1114878.00;2013-12-05T00:00:00
3416372;595209;Žïár nad Sázavou;;;;;412856;Žïár nad Sázavou 7;655287;Kavánova;è.p.;1357;4;;59101;640817.72;1114887.86;2013-12-05T00:00:00
3416381;595209;Žïár nad Sázavou;;;;;412856;Žïár nad Sázavou 7;655287;Kavánova;è.p.;1358;6;;59101;640812.37;1114892.58;2013-12-05T00:00:00
3416399;595209;Žïár nad Sázavou;;;;;412856;Žïár nad Sázavou 7;655287;Kavánova;è.p.;1359;8;;59101;640806.24;1114898.08;2013-12-05T00:00:00
3416402;595209;Žïár nad Sázavou;;;;;412856;Žïár nad Sázavou 7;655287;Kavánova;è.p.;1360;10;;59101;640801.12;1114903.57;2013-12-05T00:00:00
3416411;595209;Žïár nad Sázavou;;;;;412856;Žïár nad Sázavou 7;655287;Kavánova;è.p.;1361;12;;59101;640795.75;1114908.60;2013-12-05T00:00:00
3416429;595209;Žïár nad Sázavou;;;;;412856;Žïár nad Sázavou 7;655287;Kavánova;è.p.;1362;14;;59101;640790.17;1114914.14;2013-12-05T00:00:00
3416445;595209;Žïár nad Sázavou;;;;;412856;Žïár nad Sázavou 7;655287;Kavánova;è.p.;1365;18;;59101;640753.16;1114937.70;2013-12-05T00:00:00
3416453;595209;Žïár nad Sázavou;;;;;412856;Žïár nad Sázavou 7;655287;Kavánova;è.p.;1366;20;;59101;640747.66;1114943.24;2013-12-05T00:00:00
3416470;595209;Žïár nad Sázavou;;;;;412856;Žïár nad Sázavou 7;655287;Kavánova;è.p.;1368;17;;59101;640790.46;1114955.54;2013-12-05T00:00:00
3416488;595209;Žïár nad Sázavou;;;;;412856;Žïár nad Sázavou 7;655287;Kavánova;è.p.;1369;15;;59101;640803.30;1114945.67;2013-12-05T00:00:00
3416496;595209;Žïár nad Sázavou;;;;;412856;Žïár nad Sázavou 7;655287;Kavánova;è.p.;1370;13;;59101;640808.41;1114940.12;2013-12-05T00:00:00
3416500;595209;Žïár nad Sázavou;;;;;412856;Žïár nad Sázavou 7;655287;Kavánova;è.p.;1371;11;;59101;640814.04;1114934.57;2013-12-05T00:00:00
3416518;595209;Žïár nad Sázavou;;;;;412856;Žïár nad Sázavou 7;655287;Kavánova;è.p.;1372;9;;59101;640819.41;1114929.54;2013-12-05T00:00:00
3416526;595209;Žïár nad Sázavou;;;;;412856;Žïár nad Sázavou 7;655287;Kavánova;è.p.;1373;7;;59101;640825.13;1114924.42;2013-12-05T00:00:00
3416534;595209;Žïár nad Sázavou;;;;;412856;Žïár nad Sázavou 7;655287;Kavánova;è.p.;1374;5;;59101;640830.16;1114918.79;2013-12-05T00:00:00
3416542;595209;Žïár nad Sázavou;;;;;412856;Žïár nad Sázavou 7;655287;Kavánova;è.p.;1375;3;;59101;640842.83;1114910.13;2013-12-05T00:00:00
3416551;595209;Žïár nad Sázavou;;;;;412856;Žïár nad Sázavou 7;655287;Kavánova;è.p.;1376;1;;59101;640850.85;1114900.57;2013-12-05T00:00:00
3416569;595209;Žïár nad Sázavou;;;;;412856;Žïár nad Sázavou 7;655201;Jamborova;è.p.;1379;14;;59101;640819.80;1114684.65;2013-12-05T00:00:00
3416577;595209;Žïár nad Sázavou;;;;;412856;Žïár nad Sázavou 7;655350;Ladova;è.p.;1380;3;;59101;640830.23;1114699.62;2013-12-05T00:00:00
3416585;595209;Žïár nad Sázavou;;;;;412856;Žïár nad Sázavou 7;655350;Ladova;è.p.;1381;1;;59101;640819.59;1114710.35;2013-12-05T00:00:00
3416593;595209;Žïár nad Sázavou;;;;;412856;Žïár nad Sázavou 7;655686;Slavíèkova;è.p.;1382;19;;59101;640882.94;1114707.35;2015-07-14T00:00:00
3416607;595209;Žïár nad Sázavou;;;;;412856;Žïár nad Sázavou 7;655686;Slavíèkova;è.p.;1383;17;;59101;640880.37;1114713.91;2013-12-05T00:00:00
3416615;595209;Žïár nad Sázavou;;;;;412856;Žïár nad Sázavou 7;655686;Slavíèkova;è.p.;1384;15;;59101;640867.75;1114723.74;2013-12-05T00:00:00
3416623;595209;Žïár nad Sázavou;;;;;412856;Žïár nad Sázavou 7;655686;Slavíèkova;è.p.;1385;13;;59101;640865.10;1114735.78;2020-03-15T00:00:00
3416631;595209;Žïár nad Sázavou;;;;;412856;Žïár nad Sázavou 7;655686;Slavíèkova;è.p.;1386;11;;59101;640856.69;1114734.50;2013-12-05T00:00:00
3416640;595209;Žïár nad Sázavou;;;;;412856;Žïár nad Sázavou 7;655686;Slavíèkova;è.p.;1387;9;;59101;640850.75;1114739.26;2013-12-05T00:00:00
3416658;595209;Žïár nad Sázavou;;;;;412856;Žïár nad Sázavou 7;655686;Slavíèkova;è.p.;1388;7;;59101;640845.19;1114744.57;2013-12-05T00:00:00
3416666;595209;Žïár nad Sázavou;;;;;412856;Žïár nad Sázavou 7;655686;Slavíèkova;è.p.;1389;5;;59101;640839.28;1114749.72;2013-12-05T00:00:00
3416674;595209;Žïár nad Sázavou;;;;;412856;Žïár nad Sázavou 7;655686;Slavíèkova;è.p.;1390;3;;59101;640831.05;1114757.18;2022-09-01T00:00:00
3416682;595209;Žïár nad Sázavou;;;;;412856;Žïár nad Sázavou 7;655686;Slavíèkova;è.p.;1391;1;;59101;640820.50;1114764.17;2013-12-05T00:00:00
3416691;595209;Žïár nad Sázavou;;;;;412856;Žïár nad Sázavou 7;655686;Slavíèkova;è.p.;1392;2;;59101;640836.58;1114800.07;2013-12-05T00:00:00
3416704;595209;Žïár nad Sázavou;;;;;412856;Žïár nad Sázavou 7;655686;Slavíèkova;è.p.;1393;4;;59101;640848.15;1114788.02;2013-12-05T00:00:00
3416712;595209;Žïár nad Sázavou;;;;;412856;Žïár nad Sázavou 7;655686;Slavíèkova;è.p.;1394;6;;59101;640857.22;1114778.55;2013-12-05T00:00:00
3416721;595209;Žïár nad Sázavou;;;;;412856;Žïár nad Sázavou 7;655686;Slavíèkova;è.p.;1395;8;;59101;640866.15;1114766.05;2013-12-05T00:00:00
3416739;595209;Žïár nad Sázavou;;;;;412856;Žïár nad Sázavou 7;655686;Slavíèkova;è.p.;1396;10;;59101;640871.64;1114760.58;2013-12-05T00:00:00
3416747;595209;Žïár nad Sázavou;;;;;412856;Žïár nad Sázavou 7;655686;Slavíèkova;è.p.;1397;12;;59101;640876.90;1114755.30;2013-12-05T00:00:00
3416755;595209;Žïár nad Sázavou;;;;;412856;Žïár nad Sázavou 7;655686;Slavíèkova;è.p.;1398;14;;59101;640882.35;1114749.93;2013-12-05T00:00:00
3416763;595209;Žïár nad Sázavou;;;;;412856;Žïár nad Sázavou 7;655686;Slavíèkova;è.p.;1399;16;;59101;640888.15;1114744.46;2013-12-05T00:00:00
3416771;595209;Žïár nad Sázavou;;;;;412856;Žïár nad Sázavou 7;655686;Slavíèkova;è.p.;1400;18;;59101;640893.51;1114739.70;2013-12-05T00:00:00
3416780;595209;Žïár nad Sázavou;;;;;412856;Žïár nad Sázavou 7;655686;Slavíèkova;è.p.;1402;22;;59101;640921.62;1114723.97;2013-12-05T00:00:00
3416798;595209;Žïár nad Sázavou;;;;;412856;Žïár nad Sázavou 7;655686;Slavíèkova;è.p.;1403;24;;59101;640934.15;1114710.83;2013-12-05T00:00:00
3416801;595209;Žïár nad Sázavou;;;;;412856;Žïár nad Sázavou 7;654990;Blažíèkova;è.p.;1404;35;;59101;640980.25;1114742.45;2013-12-05T00:00:00
3416810;595209;Žïár nad Sázavou;;;;;412856;Žïár nad Sázavou 7;654990;Blažíèkova;è.p.;1405;33;;59101;640974.13;1114747.19;2013-12-05T00:00:00
3416828;595209;Žïár nad Sázavou;;;;;412856;Žïár nad Sázavou 7;654990;Blažíèkova;è.p.;1407;29;;59101;640962.47;1114756.86;2013-12-05T00:00:00
3416836;595209;Žïár nad Sázavou;;;;;412856;Žïár nad Sázavou 7;654990;Blažíèkova;è.p.;1408;27;;59101;640955.31;1114761.21;2013-12-05T00:00:00
3416844;595209;Žïár nad Sázavou;;;;;412856;Žïár nad Sázavou 7;654990;Blažíèkova;è.p.;1409;25;;59101;640949.53;1114765.78;2013-12-05T00:00:00
3416852;595209;Žïár nad Sázavou;;;;;412856;Žïár nad Sázavou 7;654990;Blažíèkova;è.p.;1410;23;;59101;640938.63;1114776.86;2013-12-05T00:00:00
3416861;595209;Žïár nad Sázavou;;;;;412856;Žïár nad Sázavou 7;654990;Blažíèkova;è.p.;1411;21;;59101;640931.41;1114782.02;2013-12-05T00:00:00
3416879;595209;Žïár nad Sázavou;;;;;412856;Žïár nad Sázavou 7;654990;Blažíèkova;è.p.;1412;19;;59101;640923.96;1114787.70;2013-12-05T00:00:00
3416887;595209;Žïár nad Sázavou;;;;;412856;Žïár nad Sázavou 7;654990;Blažíèkova;è.p.;1413;17;;59101;640916.37;1114793.41;2013-12-05T00:00:00
3416895;595209;Žïár nad Sázavou;;;;;412856;Žïár nad Sázavou 7;654990;Blažíèkova;è.p.;1414;15;;59101;640908.51;1114805.82;2013-12-05T00:00:00
3416909;595209;Žïár nad Sázavou;;;;;412856;Žïár nad Sázavou 7;654990;Blažíèkova;è.p.;1415;13;;59101;640907.88;1114818.00;2020-03-15T00:00:00
3416917;595209;Žïár nad Sázavou;;;;;412856;Žïár nad Sázavou 7;654990;Blažíèkova;è.p.;1416;11;;59101;640898.45;1114817.34;2013-12-05T00:00:00
3416925;595209;Žïár nad Sázavou;;;;;412856;Žïár nad Sázavou 7;654990;Blažíèkova;è.p.;1417;9;;59101;640893.00;1114822.37;2013-12-05T00:00:00
3416933;595209;Žïár nad Sázavou;;;;;412856;Žïár nad Sázavou 7;654990;Blažíèkova;è.p.;1418;7;;59101;640887.54;1114827.75;2013-12-05T00:00:00
3416941;595209;Žïár nad Sázavou;;;;;412856;Žïár nad Sázavou 7;654990;Blažíèkova;è.p.;1419;5;;59101;640882.51;1114833.38;2013-12-05T00:00:00
3416950;595209;Žïár nad Sázavou;;;;;412856;Žïár nad Sázavou 7;654990;Blažíèkova;è.p.;1420;3;;59101;640867.94;1114838.81;2013-12-05T00:00:00
3416968;595209;Žïár nad Sázavou;;;;;412856;Žïár nad Sázavou 7;654990;Blažíèkova;è.p.;1421;1;;59101;640859.97;1114844.94;2013-12-05T00:00:00
3416976;595209;Žïár nad Sázavou;;;;;412856;Žïár nad Sázavou 7;654990;Blažíèkova;è.p.;1422;2;;59101;640878.76;1114869.99;2013-12-05T00:00:00
3416984;595209;Žïár nad Sázavou;;;;;412856;Žïár nad Sázavou 7;654990;Blažíèkova;è.p.;1423;4;;59101;640893.22;1114860.13;2013-12-05T00:00:00
3416992;595209;Žïár nad Sázavou;;;;;412856;Žïár nad Sázavou 7;654990;Blažíèkova;è.p.;1424;6;;59101;640903.44;1114846.84;2013-12-05T00:00:00
3417000;595209;Žïár nad Sázavou;;;;;412856;Žïár nad Sázavou 7;654990;Blažíèkova;è.p.;1425;8;;59101;640909.17;1114841.44;2013-12-05T00:00:00
3417018;595209;Žïár nad Sázavou;;;;;412856;Žïár nad Sázavou 7;654990;Blažíèkova;è.p.;1426;10;;59101;640914.44;1114836.09;2013-12-05T00:00:00
3417026;595209;Žïár nad Sázavou;;;;;412856;Žïár nad Sázavou 7;654990;Blažíèkova;è.p.;1427;12;;59101;640920.41;1114830.72;2013-12-05T00:00:00
3417034;595209;Žïár nad Sázavou;;;;;412856;Žïár nad Sázavou 7;654990;Blažíèkova;è.p.;1428;14;;59101;640925.61;1114825.34;2013-12-05T00:00:00
3417042;595209;Žïár nad Sázavou;;;;;412856;Žïár nad Sázavou 7;654990;Blažíèkova;è.p.;1429;16;;59101;640931.15;1114820.31;2013-12-05T00:00:00
3417051;595209;Žïár nad Sázavou;;;;;412856;Žïár nad Sázavou 7;654990;Blažíèkova;è.p.;1430;18;;59101;640949.87;1114807.34;2013-12-05T00:00:00
3417069;595209;Žïár nad Sázavou;;;;;412856;Žïár nad Sázavou 7;654990;Blažíèkova;è.p.;1431;20;;59101;640956.13;1114804.75;2013-12-05T00:00:00
3417077;595209;Žïár nad Sázavou;;;;;412856;Žïár nad Sázavou 7;654990;Blažíèkova;è.p.;1432;22;;59101;640961.89;1114799.96;2015-08-31T00:00:00
3417085;595209;Žïár nad Sázavou;;;;;412856;Žïár nad Sázavou 7;654990;Blažíèkova;è.p.;1433;24;;59101;640970.16;1114795.39;2013-12-05T00:00:00
3417093;595209;Žïár nad Sázavou;;;;;412856;Žïár nad Sázavou 7;654990;Blažíèkova;è.p.;1434;26;;59101;640971.72;1114786.71;2013-12-05T00:00:00
3417107;595209;Žïár nad Sázavou;;;;;412856;Žïár nad Sázavou 7;654990;Blažíèkova;è.p.;1435;28;;59101;640981.67;1114784.98;2013-12-05T00:00:00
3417115;595209;Žïár nad Sázavou;;;;;412856;Žïár nad Sázavou 7;654990;Blažíèkova;è.p.;1436;30;;59101;640992.73;1114774.28;2013-12-05T00:00:00
3417123;595209;Žïár nad Sázavou;;;;;412856;Žïár nad Sázavou 7;654990;Blažíèkova;è.p.;1437;32;;59101;640998.87;1114766.18;2013-12-05T00:00:00
3417131;595209;Žïár nad Sázavou;;;;;412856;Žïár nad Sázavou 7;655201;Jamborova;è.p.;1438;12;;59101;640881.57;1114888.63;2013-12-05T00:00:00
3417140;595209;Žïár nad Sázavou;;;;;412856;Žïár nad Sázavou 7;655201;Jamborova;è.p.;1439;10;;59101;640883.35;1114902.28;2013-12-05T00:00:00
3417158;595209;Žïár nad Sázavou;;;;;412856;Žïár nad Sázavou 7;655201;Jamborova;è.p.;1440;8;;59101;640888.80;1114902.35;2013-12-05T00:00:00
3417166;595209;Žïár nad Sázavou;;;;;412856;Žïár nad Sázavou 7;655201;Jamborova;è.p.;1441;6;;59101;640896.25;1114910.63;2013-12-05T00:00:00
3417174;595209;Žïár nad Sázavou;;;;;412856;Žïár nad Sázavou 7;655201;Jamborova;è.p.;1442;4;;59101;640896.73;1114915.41;2013-12-05T00:00:00
3417182;595209;Žïár nad Sázavou;;;;;412856;Žïár nad Sázavou 7;655201;Jamborova;è.p.;1443;2;;59101;640900.40;1114922.32;2013-12-05T00:00:00
3417191;595209;Žïár nad Sázavou;;;;;412856;Žïár nad Sázavou 7;655783;Štursova;è.p.;1500;3;;59101;640702.88;1114559.14;2015-05-28T00:00:00
3417204;595209;Žïár nad Sázavou;;;;;412856;Žïár nad Sázavou 7;655783;Štursova;è.p.;1501;5;;59101;640812.29;1114556.30;2013-12-05T00:00:00
3417212;595209;Žïár nad Sázavou;;;;;412856;Žïár nad Sázavou 7;655783;Štursova;è.p.;1502;9;;59101;640810.72;1114517.86;2013-12-05T00:00:00
3417221;595209;Žïár nad Sázavou;;;;;412856;Žïár nad Sázavou 7;655201;Jamborova;è.p.;1503;16;;59101;640844.02;1114644.97;2013-12-05T00:00:00
3417239;595209;Žïár nad Sázavou;;;;;412856;Žïár nad Sázavou 7;655201;Jamborova;è.p.;1504;18;;59101;640845.78;1114635.93;2013-12-05T00:00:00
3417247;595209;Žïár nad Sázavou;;;;;412856;Žïár nad Sázavou 7;655201;Jamborova;è.p.;1506;22;;59101;640850.44;1114619.09;2013-12-05T00:00:00
3417255;595209;Žïár nad Sázavou;;;;;412856;Žïár nad Sázavou 7;655775;Špálova;è.p.;1507;11;;59101;640896.94;1114612.10;2013-12-05T00:00:00
3417263;595209;Žïár nad Sázavou;;;;;412856;Žïár nad Sázavou 7;655775;Špálova;è.p.;1508;9;;59101;640895.88;1114620.07;2013-12-05T00:00:00
3417271;595209;Žïár nad Sázavou;;;;;412856;Žïár nad Sázavou 7;655775;Špálova;è.p.;1509;7;;59101;640895.29;1114627.96;2013-12-05T00:00:00
3417280;595209;Žïár nad Sázavou;;;;;412856;Žïár nad Sázavou 7;655775;Špálova;è.p.;1511;3;;59101;640893.42;1114643.33;2013-12-05T00:00:00
3417298;595209;Žïár nad Sázavou;;;;;412856;Žïár nad Sázavou 7;655775;Špálova;è.p.;1512;1;;59101;640893.07;1114651.61;2013-12-05T00:00:00
3417301;595209;Žïár nad Sázavou;;;;;412856;Žïár nad Sázavou 7;655775;Špálova;è.p.;1513;13;;59101;640897.08;1114597.55;2013-12-05T00:00:00
3417310;595209;Žïár nad Sázavou;;;;;412856;Žïár nad Sázavou 7;655775;Špálova;è.p.;1514;15;;59101;640899.47;1114588.93;2013-12-05T00:00:00
3417328;595209;Žïár nad Sázavou;;;;;412856;Žïár nad Sázavou 7;655783;Štursova;è.p.;1515;2;;59101;640836.95;1114582.81;2013-12-05T00:00:00
3417336;595209;Žïár nad Sázavou;;;;;412856;Žïár nad Sázavou 7;655783;Štursova;è.p.;1516;4;;59101;640838.31;1114570.01;2013-12-05T00:00:00
3417344;595209;Žïár nad Sázavou;;;;;412856;Žïár nad Sázavou 7;655783;Štursova;è.p.;1517;6;;59101;640841.52;1114554.03;2013-12-05T00:00:00
3417352;595209;Žïár nad Sázavou;;;;;412856;Žïár nad Sázavou 7;655783;Štursova;è.p.;1518;8;;59101;640841.43;1114547.66;2013-12-05T00:00:00
3417361;595209;Žïár nad Sázavou;;;;;412856;Žïár nad Sázavou 7;655783;Štursova;è.p.;1519;10;;59101;640841.90;1114541.66;2013-12-05T00:00:00
3417379;595209;Žïár nad Sázavou;;;;;412856;Žïár nad Sázavou 7;655783;Štursova;è.p.;1520;12;;59101;640843.09;1114535.58;2013-12-05T00:00:00
3417387;595209;Žïár nad Sázavou;;;;;412856;Žïár nad Sázavou 7;655783;Štursova;è.p.;1521;14;;59101;640843.35;1114529.38;2013-12-05T00:00:00
3417395;595209;Žïár nad Sázavou;;;;;412856;Žïár nad Sázavou 7;655783;Štursova;è.p.;1522;16;;59101;640843.69;1114523.23;2013-12-05T00:00:00
3417409;595209;Žïár nad Sázavou;;;;;412856;Žïár nad Sázavou 7;655775;Špálova;è.p.;1523;17;;59101;640896.12;1114554.54;2013-12-05T00:00:00
3417417;595209;Žïár nad Sázavou;;;;;412856;Žïár nad Sázavou 7;655775;Špálova;è.p.;1524;19;;59101;640898.43;1114545.98;2013-12-05T00:00:00
3417425;595209;Žïár nad Sázavou;;;;;412856;Žïár nad Sázavou 7;655775;Špálova;è.p.;1525;21;;59101;640900.43;1114537.07;2013-12-05T00:00:00
3417433;595209;Žïár nad Sázavou;;;;;412856;Žïár nad Sázavou 7;655775;Špálova;è.p.;1526;23;;59101;640912.49;1114517.14;2020-03-16T00:00:00
3417441;595209;Žïár nad Sázavou;;;;;412856;Žïár nad Sázavou 7;655775;Špálova;è.p.;1527;25;;59101;640910.00;1114505.13;2013-12-05T00:00:00
3417450;595209;Žïár nad Sázavou;;;;;412856;Žïár nad Sázavou 7;655775;Špálova;è.p.;1528;27;;59101;640914.44;1114474.38;2013-12-05T00:00:00
3417468;595209;Žïár nad Sázavou;;;;;412856;Žïár nad Sázavou 7;655775;Špálova;è.p.;1529;29;;59101;640912.99;1114454.05;2013-12-05T00:00:00
3417476;595209;Žïár nad Sázavou;;;;;412856;Žïár nad Sázavou 7;655201;Jamborova;è.p.;1530;5;;59101;640781.67;1114604.48;2013-12-05T00:00:00
3417484;595209;Žïár nad Sázavou;;;;;412856;Žïár nad Sázavou 7;655201;Jamborova;è.p.;1531;3;;59101;640754.61;1114655.78;2013-12-05T00:00:00
3417492;595209;Žïár nad Sázavou;;;;;412856;Žïár nad Sázavou 7;655783;Štursova;è.p.;1532;1;;59101;640717.25;1114577.51;2013-12-05T00:00:00
3417506;595209;Žïár nad Sázavou;;;;;412856;Žïár nad Sázavou 7;655783;Štursova;è.p.;1533;7;;59101;640751.63;1114540.23;2013-12-05T00:00:00
3417514;595209;Žïár nad Sázavou;;;;;412856;Žïár nad Sázavou 7;655775;Špálova;è.p.;1534;38;;59101;640940.31;1114483.47;2013-12-05T00:00:00
3417522;595209;Žïár nad Sázavou;;;;;412856;Žïár nad Sázavou 7;655775;Špálova;è.p.;1535;36;;59101;640939.03;1114489.53;2013-12-05T00:00:00
3417531;595209;Žïár nad Sázavou;;;;;412856;Žïár nad Sázavou 7;655775;Špálova;è.p.;1536;34;;59101;640938.52;1114495.58;2013-12-05T00:00:00
3417549;595209;Žïár nad Sázavou;;;;;412856;Žïár nad Sázavou 7;655775;Špálova;è.p.;1537;32;;59101;640937.58;1114501.47;2013-12-05T00:00:00
3417557;595209;Žïár nad Sázavou;;;;;412856;Žïár nad Sázavou 7;655775;Špálova;è.p.;1538;30;;59101;640937.24;1114507.62;2013-12-05T00:00:00
3417565;595209;Žïár nad Sázavou;;;;;412856;Žïár nad Sázavou 7;655775;Špálova;è.p.;1539;28;;59101;640936.30;1114513.84;2013-12-05T00:00:00
3417573;595209;Žïár nad Sázavou;;;;;412856;Žïár nad Sázavou 7;655775;Špálova;è.p.;1540;26;;59101;640934.86;1114528.70;2013-12-05T00:00:00
3417581;595209;Žïár nad Sázavou;;;;;412856;Žïár nad Sázavou 7;655775;Špálova;è.p.;1541;24;;59101;640932.04;1114539.79;2013-12-05T00:00:00
3417590;595209;Žïár nad Sázavou;;;;;412856;Žïár nad Sázavou 7;655775;Špálova;è.p.;1542;22;;59101;640933.21;1114572.79;2013-12-05T00:00:00
3417603;595209;Žïár nad Sázavou;;;;;412856;Žïár nad Sázavou 7;655775;Špálova;è.p.;1543;20;;59101;640930.79;1114581.69;2013-12-05T00:00:00
3417611;595209;Žïár nad Sázavou;;;;;412856;Žïár nad Sázavou 7;655775;Špálova;è.p.;1544;18;;59101;640947.35;1114597.90;2013-12-05T00:00:00
3417620;595209;Žïár nad Sázavou;;;;;412856;Žïár nad Sázavou 7;655775;Špálova;è.p.;1545;16;;59101;640946.42;1114612.05;2013-12-05T00:00:00
3417638;595209;Žïár nad Sázavou;;;;;412856;Žïár nad Sázavou 7;655775;Špálova;è.p.;1546;14;;59101;640944.97;1114626.90;2013-12-05T00:00:00
3417646;595209;Žïár nad Sázavou;;;;;412856;Žïár nad Sázavou 7;655775;Špálova;è.p.;1547;12;;59101;640926.89;1114610.43;2013-12-05T00:00:00
3417654;595209;Žïár nad Sázavou;;;;;412856;Žïár nad Sázavou 7;655775;Špálova;è.p.;1548;10;;59101;640925.78;1114625.36;2013-12-05T00:00:00
3417662;595209;Žïár nad Sázavou;;;;;412856;Žïár nad Sázavou 7;655775;Špálova;è.p.;1549;8;;59101;640925.29;1114646.72;2013-12-05T00:00:00
3417671;595209;Žïár nad Sázavou;;;;;412856;Žïár nad Sázavou 7;655775;Špálova;è.p.;1550;6;;59101;640924.49;1114655.38;2013-12-05T00:00:00
3417689;595209;Žïár nad Sázavou;;;;;412856;Žïár nad Sázavou 7;655775;Špálova;è.p.;1551;4;;59101;640923.45;1114664.64;2013-12-05T00:00:00
3417697;595209;Žïár nad Sázavou;;;;;412856;Žïár nad Sázavou 7;655775;Špálova;è.p.;1552;2;;59101;640922.60;1114673.60;2013-12-05T00:00:00
3417701;595209;Žïár nad Sázavou;;;;;412856;Žïár nad Sázavou 7;655414;Makovského;è.p.;1554;3;;59101;640972.73;1114682.95;2013-12-05T00:00:00
3417719;595209;Žïár nad Sázavou;;;;;412856;Žïár nad Sázavou 7;655414;Makovského;è.p.;1555;5;;59101;640974.92;1114674.29;2013-12-05T00:00:00
3417727;595209;Žïár nad Sázavou;;;;;412856;Žïár nad Sázavou 7;655414;Makovského;è.p.;1556;7;;59101;640976.88;1114664.85;2013-12-05T00:00:00
3417735;595209;Žïár nad Sázavou;;;;;412856;Žïár nad Sázavou 7;655414;Makovského;è.p.;1557;9;;59101;640983.82;1114652.85;2013-12-05T00:00:00
3417743;595209;Žïár nad Sázavou;;;;;412856;Žïár nad Sázavou 7;655414;Makovského;è.p.;1559;13;;59101;640985.20;1114640.30;2013-12-05T00:00:00
3417751;595209;Žïár nad Sázavou;;;;;412856;Žïár nad Sázavou 7;655414;Makovského;è.p.;1560;15;;59101;640985.98;1114634.46;2013-12-05T00:00:00
3417760;595209;Žïár nad Sázavou;;;;;412856;Žïár nad Sázavou 7;655414;Makovského;è.p.;1561;17;;59101;640986.58;1114628.50;2013-12-05T00:00:00
3417778;595209;Žïár nad Sázavou;;;;;412856;Žïár nad Sázavou 7;655414;Makovského;è.p.;1562;19;;59101;640987.04;1114622.22;2013-12-05T00:00:00
3417786;595209;Žïár nad Sázavou;;;;;412856;Žïár nad Sázavou 7;655414;Makovského;è.p.;1563;21;;59101;640987.63;1114611.37;2013-12-05T00:00:00
3417794;595209;Žïár nad Sázavou;;;;;412856;Žïár nad Sázavou 7;655414;Makovského;è.p.;1564;23;;59101;640988.34;1114605.22;2013-12-05T00:00:00
3417808;595209;Žïár nad Sázavou;;;;;412856;Žïár nad Sázavou 7;655414;Makovského;è.p.;1565;25;;59101;640988.61;1114599.41;2013-12-05T00:00:00
3417816;595209;Žïár nad Sázavou;;;;;412856;Žïár nad Sázavou 7;655414;Makovského;è.p.;1566;27;;59101;640989.26;1114593.41;2013-12-05T00:00:00
3417824;595209;Žïár nad Sázavou;;;;;412856;Žïár nad Sázavou 7;655414;Makovského;è.p.;1567;29;;59101;640989.53;1114587.41;2013-12-05T00:00:00
3417832;595209;Žïár nad Sázavou;;;;;412856;Žïár nad Sázavou 7;655414;Makovského;è.p.;1568;31;;59101;640990.36;1114580.77;2013-12-05T00:00:00
3417841;595209;Žïár nad Sázavou;;;;;412856;Žïár nad Sázavou 7;655414;Makovského;è.p.;1569;33;;59101;640990.11;1114566.28;2013-12-05T00:00:00
3417859;595209;Žïár nad Sázavou;;;;;412856;Žïár nad Sázavou 7;655414;Makovského;è.p.;1570;35;;59101;640993.39;1114555.52;2013-12-05T00:00:00
3417867;595209;Žïár nad Sázavou;;;;;412856;Žïár nad Sázavou 7;655414;Makovského;è.p.;1571;37;;59101;640989.33;1114518.21;2013-12-05T00:00:00
3417875;595209;Žïár nad Sázavou;;;;;412856;Žïár nad Sázavou 7;655414;Makovského;è.p.;1572;39;;59101;640991.78;1114509.47;2013-12-05T00:00:00
3417883;595209;Žïár nad Sázavou;;;;;412856;Žïár nad Sázavou 7;655414;Makovského;è.p.;1573;41;;59101;640994.71;1114501.06;2013-12-05T00:00:00
3417891;595209;Žïár nad Sázavou;;;;;412856;Žïár nad Sázavou 7;655414;Makovského;è.p.;1574;43;;59101;640997.77;1114486.27;2013-12-05T00:00:00
3417905;595209;Žïár nad Sázavou;;;;;412856;Žïár nad Sázavou 7;655414;Makovského;è.p.;1575;45;;59101;640998.20;1114480.12;2013-12-05T00:00:00
3417913;595209;Žïár nad Sázavou;;;;;412856;Žïár nad Sázavou 7;655414;Makovského;è.p.;1576;47;;59101;641002.44;1114476.63;2013-12-05T00:00:00
3417921;595209;Žïár nad Sázavou;;;;;412856;Žïár nad Sázavou 7;655414;Makovského;è.p.;1577;49;;59101;641000.58;1114468.26;2013-12-05T00:00:00
3417930;595209;Žïár nad Sázavou;;;;;412856;Žïár nad Sázavou 7;655414;Makovského;è.p.;1578;51;;59101;641001.18;1114462.29;2013-12-05T00:00:00
3417948;595209;Žïár nad Sázavou;;;;;412856;Žïár nad Sázavou 7;655414;Makovského;è.p.;1579;53;;59101;641003.94;1114459.13;2013-12-05T00:00:00
3417956;595209;Žïár nad Sázavou;;;;;412856;Žïár nad Sázavou 7;655414;Makovského;è.p.;1580;55;;59101;641003.07;1114450.04;2013-12-05T00:00:00
3417964;595209;Žïár nad Sázavou;;;;;412856;Žïár nad Sázavou 7;655414;Makovského;è.p.;1581;57;;59101;641004.51;1114439.58;2013-12-05T00:00:00
3417972;595209;Žïár nad Sázavou;;;;;412856;Žïár nad Sázavou 7;655414;Makovského;è.p.;1582;59;;59101;641005.70;1114433.61;2013-12-05T00:00:00
3417981;595209;Žïár nad Sázavou;;;;;412856;Žïár nad Sázavou 7;655414;Makovského;è.p.;1583;61;;59101;641005.95;1114427.64;2013-12-05T00:00:00
3417999;595209;Žïár nad Sázavou;;;;;412856;Žïár nad Sázavou 7;655414;Makovského;è.p.;1584;63;;59101;641006.30;1114421.49;2013-12-05T00:00:00
3418006;595209;Žïár nad Sázavou;;;;;412856;Žïár nad Sázavou 7;655414;Makovského;è.p.;1585;65;;59101;641007.32;1114415.86;2013-12-05T00:00:00
3418014;595209;Žïár nad Sázavou;;;;;412856;Žïár nad Sázavou 7;655414;Makovského;è.p.;1586;67;;59101;641007.66;1114409.72;2013-12-05T00:00:00
3418022;595209;Žïár nad Sázavou;;;;;412856;Žïár nad Sázavou 7;655414;Makovského;è.p.;1587;50;;59101;641030.04;1114441.68;2017-06-16T00:00:00
3418031;595209;Žïár nad Sázavou;;;;;412856;Žïár nad Sázavou 7;655414;Makovského;è.p.;1588;48;;59101;641031.68;1114447.79;2013-12-05T00:00:00
3418049;595209;Žïár nad Sázavou;;;;;412856;Žïár nad Sázavou 7;655414;Makovského;è.p.;1589;46;;59101;641031.08;1114454.02;2013-12-05T00:00:00
3418057;595209;Žïár nad Sázavou;;;;;412856;Žïár nad Sázavou 7;655414;Makovského;è.p.;1590;44;;59101;641030.23;1114460.17;2013-12-05T00:00:00
3418065;595209;Žïár nad Sázavou;;;;;412856;Žïár nad Sázavou 7;655414;Makovského;è.p.;1591;42;;59101;641029.71;1114465.48;2013-12-05T00:00:00
3418073;595209;Žïár nad Sázavou;;;;;412856;Žïár nad Sázavou 7;655414;Makovského;è.p.;1592;40;;59101;641028.95;1114471.53;2013-12-05T00:00:00
3418081;595209;Žïár nad Sázavou;;;;;412856;Žïár nad Sázavou 7;655414;Makovského;è.p.;1593;38;;59101;641028.08;1114477.57;2013-12-05T00:00:00
3418090;595209;Žïár nad Sázavou;;;;;412856;Žïár nad Sázavou 7;655414;Makovského;è.p.;1594;36;;59101;641027.17;1114493.56;2013-12-05T00:00:00
3418103;595209;Žïár nad Sázavou;;;;;412856;Žïár nad Sázavou 7;655414;Makovského;è.p.;1595;34;;59101;641024.19;1114504.63;2013-12-05T00:00:00
3418111;595209;Žïár nad Sázavou;;;;;412856;Žïár nad Sázavou 7;655414;Makovského;è.p.;1596;32;;59101;641029.05;1114540.65;2013-12-05T00:00:00
3418120;595209;Žïár nad Sázavou;;;;;412856;Žïár nad Sázavou 7;655414;Makovského;è.p.;1597;30;;59101;641026.19;1114549.75;2013-12-05T00:00:00
3418138;595209;Žïár nad Sázavou;;;;;412856;Žïár nad Sázavou 7;655414;Makovského;è.p.;1598;28;;59101;641024.52;1114569.86;2013-12-05T00:00:00
3418146;595209;Žïár nad Sázavou;;;;;412856;Žïár nad Sázavou 7;655414;Makovského;è.p.;1599;26;;59101;641041.27;1114597.82;2013-12-05T00:00:00
3418154;595209;Žïár nad Sázavou;;;;;412856;Žïár nad Sázavou 7;655414;Makovského;è.p.;1600;24;;59101;641025.07;1114596.54;2013-12-05T00:00:00
3418162;595209;Žïár nad Sázavou;;;;;412856;Žïár nad Sázavou 7;655414;Makovského;è.p.;1602;20;;59101;641037.16;1114610.48;2013-12-05T00:00:00
3418171;595209;Žïár nad Sázavou;;;;;412856;Žïár nad Sázavou 7;655414;Makovského;è.p.;1603;18;;59101;641021.81;1114609.28;2013-12-05T00:00:00
3418189;595209;Žïár nad Sázavou;;;;;412856;Žïár nad Sázavou 7;655414;Makovského;è.p.;1604;16;;59101;641015.27;1114631.39;2013-12-05T00:00:00
3418197;595209;Žïár nad Sázavou;;;;;412856;Žïár nad Sázavou 7;655414;Makovského;è.p.;1605;14;;59101;641014.06;1114637.61;2013-12-05T00:00:00
3418201;595209;Žïár nad Sázavou;;;;;412856;Žïár nad Sázavou 7;655414;Makovského;è.p.;1607;10;;59101;641012.69;1114649.88;2013-12-05T00:00:00
3418219;595209;Žïár nad Sázavou;;;;;412856;Žïár nad Sázavou 7;655414;Makovského;è.p.;1608;8;;59101;641011.89;1114656.07;2013-12-05T00:00:00
3418227;595209;Žïár nad Sázavou;;;;;412856;Žïár nad Sázavou 7;655414;Makovského;è.p.;1609;6;;59101;641011.74;1114661.94;2013-12-05T00:00:00
3418235;595209;Žïár nad Sázavou;;;;;412856;Žïár nad Sázavou 7;655414;Makovského;è.p.;1610;4;;59101;641011.21;1114668.04;2013-12-05T00:00:00
3418243;595209;Žïár nad Sázavou;;;;;412856;Žïár nad Sázavou 7;655414;Makovského;è.p.;1611;2;;59101;641011.07;1114675.11;2013-12-05T00:00:00
3418251;595209;Žïár nad Sázavou;;;;;412856;Žïár nad Sázavou 7;655562;Pelikánova;è.p.;1612;1;;59101;641066.42;1114641.59;2013-12-05T00:00:00
3418260;595209;Žïár nad Sázavou;;;;;412856;Žïár nad Sázavou 7;655562;Pelikánova;è.p.;1613;3;;59101;641067.82;1114632.80;2013-12-05T00:00:00
3418278;595209;Žïár nad Sázavou;;;;;412856;Žïár nad Sázavou 7;655562;Pelikánova;è.p.;1614;5;;59101;641078.18;1114622.30;2022-10-24T00:00:00
3418286;595209;Žïár nad Sázavou;;;;;412856;Žïár nad Sázavou 7;655562;Pelikánova;è.p.;1615;7;;59101;641078.51;1114610.31;2013-12-05T00:00:00
3418294;595209;Žïár nad Sázavou;;;;;412856;Žïár nad Sázavou 7;655562;Pelikánova;è.p.;1616;9;;59101;641079.19;1114604.93;2013-12-05T00:00:00
3418308;595209;Žïár nad Sázavou;;;;;412856;Žïár nad Sázavou 7;655562;Pelikánova;è.p.;1617;11;;59101;641079.53;1114598.60;2013-12-05T00:00:00
3418316;595209;Žïár nad Sázavou;;;;;412856;Žïár nad Sázavou 7;655562;Pelikánova;è.p.;1618;13;;59101;641080.34;1114592.75;2013-12-05T00:00:00
3418324;595209;Žïár nad Sázavou;;;;;412856;Žïár nad Sázavou 7;655562;Pelikánova;è.p.;1619;15;;59101;641080.56;1114586.31;2013-12-05T00:00:00
3418332;595209;Žïár nad Sázavou;;;;;412856;Žïár nad Sázavou 7;655562;Pelikánova;è.p.;1620;17;;59101;641081.43;1114575.75;2013-12-05T00:00:00
3418341;595209;Žïár nad Sázavou;;;;;412856;Žïár nad Sázavou 7;655562;Pelikánova;è.p.;1621;19;;59101;641082.45;1114569.77;2013-12-05T00:00:00
3418359;595209;Žïár nad Sázavou;;;;;412856;Žïár nad Sázavou 7;655562;Pelikánova;è.p.;1622;21;;59101;641083.35;1114563.96;2013-12-05T00:00:00
3418367;595209;Žïár nad Sázavou;;;;;412856;Žïár nad Sázavou 7;655562;Pelikánova;è.p.;1623;23;;59101;641083.80;1114557.51;2013-12-05T00:00:00
3418375;595209;Žïár nad Sázavou;;;;;412856;Žïár nad Sázavou 7;655562;Pelikánova;è.p.;1624;25;;59101;641084.49;1114551.77;2013-12-05T00:00:00
3418383;595209;Žïár nad Sázavou;;;;;412856;Žïár nad Sázavou 7;655562;Pelikánova;è.p.;1625;27;;59101;641084.58;1114545.56;2013-12-05T00:00:00
3418391;595209;Žïár nad Sázavou;;;;;412856;Žïár nad Sázavou 7;655562;Pelikánova;è.p.;1626;29;;59101;641084.61;1114530.54;2013-12-05T00:00:00
3418405;595209;Žïár nad Sázavou;;;;;412856;Žïár nad Sázavou 7;655562;Pelikánova;è.p.;1627;31;;59101;641086.88;1114520.52;2013-12-05T00:00:00
3418413;595209;Žïár nad Sázavou;;;;;412856;Žïár nad Sázavou 7;655562;Pelikánova;è.p.;1628;33;;59101;641082.93;1114483.94;2013-12-05T00:00:00
3418421;595209;Žïár nad Sázavou;;;;;412856;Žïár nad Sázavou 7;655562;Pelikánova;è.p.;1629;35;;59101;641084.59;1114475.16;2013-12-05T00:00:00
3418430;595209;Žïár nad Sázavou;;;;;412856;Žïár nad Sázavou 7;655562;Pelikánova;è.p.;1630;37;;59101;641086.93;1114466.23;2013-12-05T00:00:00
3418448;595209;Žïár nad Sázavou;;;;;412856;Žïár nad Sázavou 7;655562;Pelikánova;è.p.;1631;39;;59101;641093.94;1114452.15;2013-12-05T00:00:00
3418456;595209;Žïár nad Sázavou;;;;;412856;Žïár nad Sázavou 7;655562;Pelikánova;è.p.;1632;41;;59101;641094.52;1114446.32;2013-12-05T00:00:00
3418464;595209;Žïár nad Sázavou;;;;;412856;Žïár nad Sázavou 7;655562;Pelikánova;è.p.;1633;43;;59101;641094.77;1114440.30;2013-12-05T00:00:00
3418472;595209;Žïár nad Sázavou;;;;;412856;Žïár nad Sázavou 7;655562;Pelikánova;è.p.;1634;45;;59101;641092.23;1114434.88;2013-12-05T00:00:00
3418481;595209;Žïár nad Sázavou;;;;;412856;Žïár nad Sázavou 7;655562;Pelikánova;è.p.;1635;47;;59101;641097.98;1114432.09;2013-12-05T00:00:00
3418499;595209;Žïár nad Sázavou;;;;;412856;Žïár nad Sázavou 7;655562;Pelikánova;è.p.;1636;49;;59101;641096.40;1114422.20;2013-12-05T00:00:00
3418502;595209;Žïár nad Sázavou;;;;;412856;Žïár nad Sázavou 7;655562;Pelikánova;è.p.;1637;32;;59101;641122.93;1114436.51;2013-12-05T00:00:00
3418511;595209;Žïár nad Sázavou;;;;;412856;Žïár nad Sázavou 7;655562;Pelikánova;è.p.;1638;30;;59101;641122.52;1114442.62;2013-12-05T00:00:00
3418529;595209;Žïár nad Sázavou;;;;;412856;Žïár nad Sázavou 7;655562;Pelikánova;è.p.;1639;28;;59101;641122.07;1114448.75;2013-12-05T00:00:00
3418537;595209;Žïár nad Sázavou;;;;;412856;Žïár nad Sázavou 7;655562;Pelikánova;è.p.;1640;26;;59101;641121.52;1114454.75;2013-12-05T00:00:00
3418545;595209;Žïár nad Sázavou;;;;;412856;Žïár nad Sázavou 7;655562;Pelikánova;è.p.;1641;24;;59101;641121.03;1114460.97;2013-12-05T00:00:00
3418553;595209;Žïár nad Sázavou;;;;;412856;Žïár nad Sázavou 7;655562;Pelikánova;è.p.;1642;22;;59101;641120.65;1114467.12;2013-12-05T00:00:00
3418561;595209;Žïár nad Sázavou;;;;;412856;Žïár nad Sázavou 7;655562;Pelikánova;è.p.;1643;20;;59101;641114.41;1114518.43;2013-12-05T00:00:00
3418570;595209;Žïár nad Sázavou;;;;;412856;Žïár nad Sázavou 7;655562;Pelikánova;è.p.;1644;18;;59101;641114.06;1114524.70;2013-12-05T00:00:00
3418588;595209;Žïár nad Sázavou;;;;;412856;Žïár nad Sázavou 7;655562;Pelikánova;è.p.;1645;16;;59101;641113.31;1114530.44;2013-12-05T00:00:00
3418596;595209;Žïár nad Sázavou;;;;;412856;Žïár nad Sázavou 7;655562;Pelikánova;è.p.;1646;14;;59101;641112.33;1114536.72;2013-12-05T00:00:00
3418600;595209;Žïár nad Sázavou;;;;;412856;Žïár nad Sázavou 7;655562;Pelikánova;è.p.;1647;12;;59101;641111.93;1114542.76;2013-12-05T00:00:00
3418618;595209;Žïár nad Sázavou;;;;;412856;Žïár nad Sázavou 7;655562;Pelikánova;è.p.;1648;10;;59101;641111.59;1114549.21;2013-12-05T00:00:00
3418626;595209;Žïár nad Sázavou;;;;;412856;Žïár nad Sázavou 7;655562;Pelikánova;è.p.;1650;6;;59101;641111.73;1114570.90;2013-12-05T00:00:00
3418634;595209;Žïár nad Sázavou;;;;;412856;Žïár nad Sázavou 7;655562;Pelikánova;è.p.;1651;4;;59101;641110.68;1114579.30;2013-12-05T00:00:00
3418642;595209;Žïár nad Sázavou;;;;;412856;Žïár nad Sázavou 7;655562;Pelikánova;è.p.;1652;2;;59101;641110.16;1114588.42;2013-12-05T00:00:00
3418651;595209;Žïár nad Sázavou;;;;;412856;Žïár nad Sázavou 7;655562;Pelikánova;è.p.;1653;34;;59101;641146.93;1114405.77;2013-12-05T00:00:00
3418669;595209;Žïár nad Sázavou;;;;;412856;Žïár nad Sázavou 7;655562;Pelikánova;è.p.;1655;51;;59101;641093.92;1114382.14;2013-12-05T00:00:00
3418677;595209;Žïár nad Sázavou;;;;;412856;Žïár nad Sázavou 7;655414;Makovského;è.p.;1656;52;;59101;641050.88;1114401.88;2013-12-05T00:00:00
3418685;595209;Žïár nad Sázavou;;;;;412856;Žïár nad Sázavou 7;655414;Makovského;è.p.;1657;54;;59101;641031.80;1114386.92;2019-06-12T00:00:00
3418693;595209;Žïár nad Sázavou;;;;;412856;Žïár nad Sázavou 7;655414;Makovského;è.p.;1658;69;;59101;641004.67;1114376.52;2013-12-05T00:00:00
3418707;595209;Žïár nad Sázavou;;;;;412856;Žïár nad Sázavou 7;655775;Špálova;è.p.;1659;40;;59101;640962.67;1114435.80;2013-12-05T00:00:00
3418715;595209;Žïár nad Sázavou;;;;;412856;Žïár nad Sázavou 7;655775;Špálova;è.p.;1660;42;;59101;640946.86;1114417.92;2019-12-13T00:00:00
3418723;595209;Žïár nad Sázavou;;;;;412856;Žïár nad Sázavou 7;655775;Špálova;è.p.;1661;31;;59101;640909.24;1114420.57;2013-12-05T00:00:00
3418731;595209;Žïár nad Sázavou;;;;;412856;Žïár nad Sázavou 7;655783;Štursova;è.p.;1662;18;;59101;640864.65;1114467.83;2013-12-05T00:00:00
3418740;595209;Žïár nad Sázavou;;;;;412856;Žïár nad Sázavou 7;655783;Štursova;è.p.;1663;20;;59101;640854.10;1114449.51;2021-04-09T00:00:00
3418758;595209;Žïár nad Sázavou;;;;;412856;Žïár nad Sázavou 7;655783;Štursova;è.p.;1664;11;;59101;640813.11;1114450.27;2013-12-05T00:00:00
3418766;595209;Žïár nad Sázavou;;;;;412856;Žïár nad Sázavou 7;655414;Makovského;è.p.;1668;70;;59101;641008.66;1114692.35;2013-12-05T00:00:00
3418774;595209;Žïár nad Sázavou;;;;;412856;Žïár nad Sázavou 7;655201;Jamborova;è.p.;1778;7;;59101;641176.61;1114460.79;2014-02-17T00:00:00
3418782;595209;Žïár nad Sázavou;;;;;412856;Žïár nad Sázavou 7;655201;Jamborova;è.p.;1779;9;;59101;641178.22;1114445.75;2014-02-17T00:00:00
3418791;595209;Žïár nad Sázavou;;;;;412856;Žïár nad Sázavou 7;655376;Kosinkova;è.p.;1781;13;;59101;641183.42;1114394.30;2013-12-05T00:00:00
3418812;595209;Žïár nad Sázavou;;;;;412856;Žïár nad Sázavou 7;655376;Kosinkova;è.p.;2222;6;;59101;641216.76;1114408.94;2013-12-05T00:00:00
3418821;595209;Žïár nad Sázavou;;;;;412856;Žïár nad Sázavou 7;655376;Kosinkova;è.p.;2225;12;;59101;641237.36;1114379.36;2013-12-05T00:00:00
3418839;595209;Žïár nad Sázavou;;;;;412864;Žïár nad Sázavou 6;655031;Chelèického;è.p.;229;1;;59101;641930.79;1115643.78;2013-12-05T00:00:00
3418847;595209;Žïár nad Sázavou;;;;;412864;Žïár nad Sázavou 6;655139;Haškova;è.p.;1136;17;;59101;641694.94;1115586.00;2013-12-05T00:00:00
3418855;595209;Žïár nad Sázavou;;;;;412864;Žïár nad Sázavou 6;655139;Haškova;è.p.;1137;18;;59101;641657.30;1115540.41;2013-12-05T00:00:00
3418863;595209;Žïár nad Sázavou;;;;;412864;Žïár nad Sázavou 6;655481;Nádražní;è.p.;1141;44;;59101;641828.70;1115353.93;2013-12-05T00:00:00
3418871;595209;Žïár nad Sázavou;;;;;412864;Žïár nad Sázavou 6;655481;Nádražní;è.p.;1142;46;;59101;641874.63;1115395.11;2013-12-05T00:00:00
3418880;595209;Žïár nad Sázavou;;;;;412864;Žïár nad Sázavou 6;655139;Haškova;è.p.;1150;14;;59101;641664.85;1115458.46;2013-12-05T00:00:00
3418898;595209;Žïár nad Sázavou;;;;;412864;Žïár nad Sázavou 6;655139;Haškova;è.p.;1269;16;;59101;641691.58;1115545.37;2013-12-05T00:00:00
3418901;595209;Žïár nad Sázavou;;;;;412864;Žïár nad Sázavou 6;655139;Haškova;è.p.;1272;1;;59101;641847.00;1115477.50;2013-12-05T00:00:00
3418910;595209;Žïár nad Sázavou;;;;;412864;Žïár nad Sázavou 6;655139;Haškova;è.p.;1273;2;;59101;641806.15;1115436.72;2013-12-05T00:00:00
3418928;595209;Žïár nad Sázavou;;;;;412864;Žïár nad Sázavou 6;655139;Haškova;è.p.;1274;4;;59101;641785.09;1115478.46;2013-12-05T00:00:00
3418936;595209;Žïár nad Sázavou;;;;;412864;Žïár nad Sázavou 6;655031;Chelèického;è.p.;1669;28;;59101;641767.07;1115753.43;2014-02-14T00:00:00
3418944;595209;Žïár nad Sázavou;;;;;412864;Žïár nad Sázavou 6;656054;Palachova;è.p.;1741;2;;59101;641797.88;1115201.03;2013-12-05T00:00:00
3418952;595209;Žïár nad Sázavou;;;;;412864;Žïár nad Sázavou 6;656054;Palachova;è.p.;1742;4;;59101;641790.13;1115201.09;2013-12-05T00:00:00
3418961;595209;Žïár nad Sázavou;;;;;412864;Žïár nad Sázavou 6;656054;Palachova;è.p.;1743;6;;59101;641782.93;1115200.89;2013-12-05T00:00:00
3418979;595209;Žïár nad Sázavou;;;;;412864;Žïár nad Sázavou 6;656054;Palachova;è.p.;1744;8;;59101;641776.03;1115200.38;2013-12-05T00:00:00
3418987;595209;Žïár nad Sázavou;;;;;412864;Žïár nad Sázavou 6;656054;Palachova;è.p.;1745;10;;59101;641768.64;1115199.13;2013-12-05T00:00:00
3418995;595209;Žïár nad Sázavou;;;;;412864;Žïár nad Sázavou 6;656054;Palachova;è.p.;1746;12;;59101;641760.80;1115197.85;2013-12-05T00:00:00
3419002;595209;Žïár nad Sázavou;;;;;412864;Žïár nad Sázavou 6;656054;Palachova;è.p.;1747;14;;59101;641746.56;1115194.93;2013-12-05T00:00:00
3419011;595209;Žïár nad Sázavou;;;;;412864;Žïár nad Sázavou 6;656054;Palachova;è.p.;1748;16;;59101;641738.91;1115195.32;2013-12-05T00:00:00
3419029;595209;Žïár nad Sázavou;;;;;412864;Žïár nad Sázavou 6;656054;Palachova;è.p.;1749;18;;59101;641731.74;1115195.13;2013-12-05T00:00:00
3419037;595209;Žïár nad Sázavou;;;;;412864;Žïár nad Sázavou 6;656054;Palachova;è.p.;1750;20;;59101;641724.38;1115194.93;2013-12-05T00:00:00
3419045;595209;Žïár nad Sázavou;;;;;412864;Žïár nad Sázavou 6;656054;Palachova;è.p.;1751;22;;59101;641717.12;1115194.87;2013-12-05T00:00:00
3419053;595209;Žïár nad Sázavou;;;;;412864;Žïár nad Sázavou 6;656054;Palachova;è.p.;1752;24;;59101;641710.14;1115194.26;2013-12-05T00:00:00
3419061;595209;Žïár nad Sázavou;;;;;412864;Žïár nad Sázavou 6;656054;Palachova;è.p.;1753;26;;59101;641702.37;1115191.54;2013-12-05T00:00:00
3419070;595209;Žïár nad Sázavou;;;;;412864;Žïár nad Sázavou 6;656054;Palachova;è.p.;1754;28;;59101;641687.70;1115190.43;2013-12-05T00:00:00
3419088;595209;Žïár nad Sázavou;;;;;412864;Žïár nad Sázavou 6;656054;Palachova;è.p.;1756;32;;59101;641672.83;1115192.92;2013-12-05T00:00:00
3419096;595209;Žïár nad Sázavou;;;;;412864;Žïár nad Sázavou 6;656054;Palachova;è.p.;1757;34;;59101;641665.44;1115193.31;2013-12-05T00:00:00
3419100;595209;Žïár nad Sázavou;;;;;412864;Žïár nad Sázavou 6;656054;Palachova;è.p.;1758;36;;59101;641658.22;1115193.70;2013-12-05T00:00:00
3419118;595209;Žïár nad Sázavou;;;;;412864;Žïár nad Sázavou 6;656054;Palachova;è.p.;1759;38;;59101;641651.29;1115194.15;2013-12-05T00:00:00
3419126;595209;Žïár nad Sázavou;;;;;412864;Žïár nad Sázavou 6;656054;Palachova;è.p.;1761;42;;59101;641636.15;1115193.53;2013-12-05T00:00:00
3419134;595209;Žïár nad Sázavou;;;;;412864;Žïár nad Sázavou 6;656054;Palachova;è.p.;1762;44;;59101;641621.35;1115198.70;2013-12-05T00:00:00
3419142;595209;Žïár nad Sázavou;;;;;412864;Žïár nad Sázavou 6;656054;Palachova;è.p.;1763;46;;59101;641613.77;1115200.30;2013-12-05T00:00:00
3419151;595209;Žïár nad Sázavou;;;;;412864;Žïár nad Sázavou 6;656054;Palachova;è.p.;1764;48;;59101;641606.70;1115201.79;2013-12-05T00:00:00
3419169;595209;Žïár nad Sázavou;;;;;412864;Žïár nad Sázavou 6;656054;Palachova;è.p.;1765;50;;59101;641599.38;1115203.53;2013-12-05T00:00:00
3419177;595209;Žïár nad Sázavou;;;;;412864;Žïár nad Sázavou 6;656054;Palachova;è.p.;1766;52;;59101;641592.46;1115206.05;2013-12-05T00:00:00
3419185;595209;Žïár nad Sázavou;;;;;412864;Žïár nad Sázavou 6;656054;Palachova;è.p.;1767;54;;59101;641585.01;1115208.41;2013-12-05T00:00:00
3419193;595209;Žïár nad Sázavou;;;;;412864;Žïár nad Sázavou 6;656054;Palachova;è.p.;1768;56;;59101;641577.60;1115211.21;2013-12-05T00:00:00
3419207;595209;Žïár nad Sázavou;;;;;412864;Žïár nad Sázavou 6;656054;Palachova;è.p.;1769;58;;59101;641569.98;1115212.57;2013-12-05T00:00:00
3419215;595209;Žïár nad Sázavou;;;;;412864;Žïár nad Sázavou 6;656054;Palachova;è.p.;1770;60;;59101;641548.34;1115227.20;2013-12-05T00:00:00
3419223;595209;Žïár nad Sázavou;;;;;412864;Žïár nad Sázavou 6;656054;Palachova;è.p.;1771;62;;59101;641541.18;1115233.01;2013-12-05T00:00:00
3419231;595209;Žïár nad Sázavou;;;;;412864;Žïár nad Sázavou 6;656054;Palachova;è.p.;1772;64;;59101;641533.94;1115231.33;2013-12-05T00:00:00
3419240;595209;Žïár nad Sázavou;;;;;412864;Žïár nad Sázavou 6;656054;Palachova;è.p.;1773;66;;59101;641526.76;1115227.72;2013-12-05T00:00:00
3419258;595209;Žïár nad Sázavou;;;;;412864;Žïár nad Sázavou 6;656054;Palachova;è.p.;1774;1;;59101;641778.13;1115260.78;2013-12-05T00:00:00
3419266;595209;Žïár nad Sázavou;;;;;412864;Žïár nad Sázavou 6;656054;Palachova;è.p.;1775;3;;59101;641731.35;1115252.64;2013-12-05T00:00:00
3419274;595209;Žïár nad Sázavou;;;;;412864;Žïár nad Sázavou 6;656054;Palachova;è.p.;1776;5;;59101;641678.07;1115250.51;2013-12-05T00:00:00
3419282;595209;Žïár nad Sázavou;;;;;412864;Žïár nad Sázavou 6;656054;Palachova;è.p.;1777;7;;59101;641628.94;1115251.63;2013-12-05T00:00:00
3419291;595209;Žïár nad Sázavou;;;;;412864;Žïár nad Sázavou 6;656054;Palachova;è.p.;1787;9;;59101;641583.88;1115244.25;2013-12-05T00:00:00
3419304;595209;Žïár nad Sázavou;;;;;412864;Žïár nad Sázavou 6;656054;Palachova;è.p.;1788;11;;59101;641582.31;1115258.50;2013-12-05T00:00:00
3419312;595209;Žïár nad Sázavou;;;;;412864;Žïár nad Sázavou 6;656054;Palachova;è.p.;1789;13;;59101;641565.57;1115288.43;2013-12-05T00:00:00
3419321;595209;Žïár nad Sázavou;;;;;412864;Žïár nad Sázavou 6;656054;Palachova;è.p.;1790;15;;59101;641557.69;1115298.25;2013-12-05T00:00:00
3419339;595209;Žïár nad Sázavou;;;;;412864;Žïár nad Sázavou 6;656054;Palachova;è.p.;1791;17;;59101;641555.06;1115320.88;2013-12-05T00:00:00
3419347;595209;Žïár nad Sázavou;;;;;412864;Žïár nad Sázavou 6;656054;Palachova;è.p.;1792;19;;59101;641566.06;1115332.88;2013-12-05T00:00:00
3419355;595209;Žïár nad Sázavou;;;;;412864;Žïár nad Sázavou 6;656054;Palachova;è.p.;1793;21;;59101;641585.44;1115335.00;2013-12-05T00:00:00
3419363;595209;Žïár nad Sázavou;;;;;412864;Žïár nad Sázavou 6;656054;Palachova;è.p.;1794;23;;59101;641593.31;1115314.50;2013-12-05T00:00:00
3419371;595209;Žïár nad Sázavou;;;;;412864;Žïár nad Sázavou 6;656054;Palachova;è.p.;1795;25;;59101;641536.24;1115372.61;2013-12-05T00:00:00
3419380;595209;Žïár nad Sázavou;;;;;412864;Žïár nad Sázavou 6;656054;Palachova;è.p.;1796;27;;59101;641552.11;1115372.95;2013-12-05T00:00:00
3419398;595209;Žïár nad Sázavou;;;;;412864;Žïár nad Sázavou 6;656054;Palachova;è.p.;1797;29;;59101;641569.64;1115373.46;2013-12-05T00:00:00
3419401;595209;Žïár nad Sázavou;;;;;412864;Žïár nad Sázavou 6;656054;Palachova;è.p.;1798;31;;59101;641578.51;1115388.68;2013-12-05T00:00:00
3419410;595209;Žïár nad Sázavou;;;;;412864;Žïár nad Sázavou 6;656054;Palachova;è.p.;1799;33;;59101;641578.84;1115406.26;2013-12-05T00:00:00
3419428;595209;Žïár nad Sázavou;;;;;412864;Žïár nad Sázavou 6;655481;Nádražní;è.p.;2118;67;;59101;641967.99;1115462.99;2013-12-05T00:00:00
3419436;595209;Žïár nad Sázavou;;;;;412864;Žïár nad Sázavou 6;655481;Nádražní;è.p.;2120;35;;59101;641953.49;1115199.25;2013-12-05T00:00:00
3419444;595209;Žïár nad Sázavou;;;;;412864;Žïár nad Sázavou 6;655481;Nádražní;è.p.;2121;37;;59101;641969.44;1115191.74;2013-12-05T00:00:00
3419452;595209;Žïár nad Sázavou;;;;;412864;Žïár nad Sázavou 6;655481;Nádražní;è.p.;2122;39;;59101;641958.00;1115252.25;2013-12-05T00:00:00
3419461;595209;Žïár nad Sázavou;;;;;412864;Žïár nad Sázavou 6;655481;Nádražní;è.p.;2123;41;;59101;641973.44;1115244.38;2013-12-05T00:00:00
3419479;595209;Žïár nad Sázavou;;;;;412864;Žïár nad Sázavou 6;655481;Nádražní;è.p.;2124;43;;59101;641954.44;1115307.00;2013-12-05T00:00:00
3419487;595209;Žïár nad Sázavou;;;;;412864;Žïár nad Sázavou 6;655481;Nádražní;è.p.;2125;45;;59101;641973.88;1115297.25;2013-12-05T00:00:00
3419517;595209;Žïár nad Sázavou;;;;;412864;Žïár nad Sázavou 6;655481;Nádražní;è.p.;2128;51;;59101;642013.42;1115320.74;2013-12-05T00:00:00
3419525;595209;Žïár nad Sázavou;;;;;412864;Žïár nad Sázavou 6;655481;Nádražní;è.p.;2129;53;;59101;642039.52;1115310.34;2013-12-05T00:00:00
3419533;595209;Žïár nad Sázavou;;;;;412864;Žïár nad Sázavou 6;655481;Nádražní;è.p.;2130;55;;59101;641955.76;1115408.62;2013-12-05T00:00:00
3419541;595209;Žïár nad Sázavou;;;;;412864;Žïár nad Sázavou 6;655481;Nádražní;è.p.;2132;59;;59101;642007.94;1115380.13;2013-12-05T00:00:00
3419550;595209;Žïár nad Sázavou;;;;;412864;Žïár nad Sázavou 6;655481;Nádražní;è.p.;2133;61;;59101;642020.38;1115372.13;2013-12-05T00:00:00
3419568;595209;Žïár nad Sázavou;;;;;412864;Žïár nad Sázavou 6;655481;Nádražní;è.p.;2134;63;;59101;642034.25;1115363.75;2013-12-05T00:00:00
3419576;595209;Žïár nad Sázavou;;;;;412864;Žïár nad Sázavou 6;655481;Nádražní;è.p.;2135;65;;59101;642047.19;1115355.75;2013-12-05T00:00:00
3419584;595209;Žïár nad Sázavou;;;;;412864;Žïár nad Sázavou 6;655481;Nádražní;è.p.;2137;50;;59101;641891.25;1115518.50;2013-12-05T00:00:00
3419592;595209;Žïár nad Sázavou;;;;;412864;Žïár nad Sázavou 6;655031;Chelèického;è.p.;2138;2;;59101;641877.57;1115540.20;2013-12-05T00:00:00
3419606;595209;Žïár nad Sázavou;;;;;412864;Žïár nad Sázavou 6;655031;Chelèického;è.p.;2139;4;;59101;641869.69;1115545.75;2013-12-05T00:00:00
3419614;595209;Žïár nad Sázavou;;;;;412864;Žïár nad Sázavou 6;655031;Chelèického;è.p.;2140;6;;59101;641858.63;1115555.38;2013-12-05T00:00:00
3419622;595209;Žïár nad Sázavou;;;;;412864;Žïár nad Sázavou 6;655031;Chelèického;è.p.;2141;8;;59101;641846.69;1115562.13;2013-12-05T00:00:00
3419631;595209;Žïár nad Sázavou;;;;;412864;Žïár nad Sázavou 6;655031;Chelèického;è.p.;2142;10;;59101;641829.81;1115571.88;2013-12-05T00:00:00
3419649;595209;Žïár nad Sázavou;;;;;412864;Žïár nad Sázavou 6;655031;Chelèického;è.p.;2143;12;;59101;641820.31;1115577.75;2013-12-05T00:00:00
3419657;595209;Žïár nad Sázavou;;;;;412864;Žïár nad Sázavou 6;655031;Chelèického;è.p.;2144;14;;59101;641785.94;1115593.38;2013-12-05T00:00:00
3419665;595209;Žïár nad Sázavou;;;;;412864;Žïár nad Sázavou 6;655031;Chelèického;è.p.;2145;16;;59101;641770.81;1115604.88;2013-12-05T00:00:00
3419673;595209;Žïár nad Sázavou;;;;;412864;Žïár nad Sázavou 6;655031;Chelèického;è.p.;2146;18;;59101;641755.06;1115614.63;2013-12-05T00:00:00
3419681;595209;Žïár nad Sázavou;;;;;412864;Žïár nad Sázavou 6;655031;Chelèického;è.p.;2147;20;;59101;641740.63;1115626.38;2013-12-05T00:00:00
3419690;595209;Žïár nad Sázavou;;;;;412864;Žïár nad Sázavou 6;655031;Chelèického;è.p.;2148;22;;59101;641721.56;1115636.88;2013-12-05T00:00:00
3419703;595209;Žïár nad Sázavou;;;;;412864;Žïár nad Sázavou 6;655031;Chelèického;è.p.;2149;24;;59101;641701.31;1115642.75;2013-12-05T00:00:00
3419711;595209;Žïár nad Sázavou;;;;;412864;Žïár nad Sázavou 6;655031;Chelèického;è.p.;2150;26;;59101;641685.75;1115643.38;2013-12-05T00:00:00
3419720;595209;Žïár nad Sázavou;;;;;412864;Žïár nad Sázavou 6;655139;Haškova;è.p.;2151;38;;59101;641585.69;1115729.13;2013-12-05T00:00:00
3419738;595209;Žïár nad Sázavou;;;;;412864;Žïár nad Sázavou 6;655139;Haškova;è.p.;2152;36;;59101;641597.19;1115721.13;2013-12-05T00:00:00
3419746;595209;Žïár nad Sázavou;;;;;412864;Žïár nad Sázavou 6;655139;Haškova;è.p.;2153;34;;59101;641608.44;1115712.13;2013-12-05T00:00:00
3419754;595209;Žïár nad Sázavou;;;;;412864;Žïár nad Sázavou 6;655139;Haškova;è.p.;2154;32;;59101;641621.63;1115702.00;2013-12-05T00:00:00
3419762;595209;Žïár nad Sázavou;;;;;412864;Žïár nad Sázavou 6;655139;Haškova;è.p.;2155;30;;59101;641629.69;1115683.75;2013-12-05T00:00:00
3419771;595209;Žïár nad Sázavou;;;;;412864;Žïár nad Sázavou 6;655139;Haškova;è.p.;2156;28;;59101;641629.06;1115666.63;2013-12-05T00:00:00
3419789;595209;Žïár nad Sázavou;;;;;412864;Žïár nad Sázavou 6;655139;Haškova;è.p.;2157;26;;59101;641628.81;1115647.25;2013-12-05T00:00:00
3419797;595209;Žïár nad Sázavou;;;;;412864;Žïár nad Sázavou 6;655139;Haškova;è.p.;2158;24;;59101;641628.81;1115629.50;2013-12-05T00:00:00
3419801;595209;Žïár nad Sázavou;;;;;412864;Žïár nad Sázavou 6;655139;Haškova;è.p.;2159;22;;59101;641627.94;1115611.00;2013-12-05T00:00:00
3419819;595209;Žïár nad Sázavou;;;;;412864;Žïár nad Sázavou 6;655139;Haškova;è.p.;2160;20;;59101;641628.81;1115592.88;2013-12-05T00:00:00
3419827;595209;Žïár nad Sázavou;;;;;412864;Žïár nad Sázavou 6;655139;Haškova;è.p.;2161;15;;59101;641742.31;1115568.50;2013-12-05T00:00:00
3419835;595209;Žïár nad Sázavou;;;;;412864;Žïár nad Sázavou 6;655139;Haškova;è.p.;2162;13;;59101;641754.56;1115559.88;2013-12-05T00:00:00
3419843;595209;Žïár nad Sázavou;;;;;412864;Žïár nad Sázavou 6;655139;Haškova;è.p.;2163;11;;59101;641769.00;1115552.63;2013-12-05T00:00:00
3419851;595209;Žïár nad Sázavou;;;;;412864;Žïár nad Sázavou 6;655139;Haškova;è.p.;2164;9;;59101;641781.94;1115543.63;2013-12-05T00:00:00
3419860;595209;Žïár nad Sázavou;;;;;412864;Žïár nad Sázavou 6;655139;Haškova;è.p.;2165;7;;59101;641794.63;1115535.50;2013-12-05T00:00:00
3419878;595209;Žïár nad Sázavou;;;;;412864;Žïár nad Sázavou 6;655139;Haškova;è.p.;2166;5;;59101;641807.13;1115528.13;2013-12-05T00:00:00
3419886;595209;Žïár nad Sázavou;;;;;412864;Žïár nad Sázavou 6;655139;Haškova;è.p.;2167;3;;59101;641819.94;1115519.63;2013-12-05T00:00:00
3419894;595209;Žïár nad Sázavou;;;;;412864;Žïár nad Sázavou 6;655139;Haškova;è.p.;2168;6;;59101;641756.89;1115506.17;2013-12-05T00:00:00
3419908;595209;Žïár nad Sázavou;;;;;412864;Žïár nad Sázavou 6;655139;Haškova;è.p.;2169;8;;59101;641745.09;1115514.48;2013-12-05T00:00:00
3419916;595209;Žïár nad Sázavou;;;;;412864;Žïár nad Sázavou 6;655139;Haškova;è.p.;2170;10;;59101;641732.55;1115522.75;2013-12-05T00:00:00
3419924;595209;Žïár nad Sázavou;;;;;412864;Žïár nad Sázavou 6;655139;Haškova;è.p.;2171;12;;59101;641719.97;1115531.31;2013-12-05T00:00:00
3419932;595209;Žïár nad Sázavou;;;;;412864;Žïár nad Sázavou 6;655139;Haškova;è.p.;2172;60;;59101;641615.30;1115546.57;2013-12-05T00:00:00
3419941;595209;Žïár nad Sázavou;;;;;412864;Žïár nad Sázavou 6;655139;Haškova;è.p.;2173;58;;59101;641604.75;1115556.88;2013-12-05T00:00:00
3419959;595209;Žïár nad Sázavou;;;;;412864;Žïár nad Sázavou 6;655139;Haškova;è.p.;2174;56;;59101;641589.25;1115565.38;2013-12-05T00:00:00
3419967;595209;Žïár nad Sázavou;;;;;412864;Žïár nad Sázavou 6;655139;Haškova;è.p.;2175;54;;59101;641576.88;1115575.25;2013-12-05T00:00:00
3419975;595209;Žïár nad Sázavou;;;;;412864;Žïár nad Sázavou 6;655139;Haškova;è.p.;2176;52;;59101;641565.50;1115593.25;2013-12-05T00:00:00
3419983;595209;Žïár nad Sázavou;;;;;412864;Žïár nad Sázavou 6;655139;Haškova;è.p.;2177;50;;59101;641564.69;1115607.50;2013-12-05T00:00:00
3419991;595209;Žïár nad Sázavou;;;;;412864;Žïár nad Sázavou 6;655139;Haškova;è.p.;2178;48;;59101;641565.50;1115623.00;2013-12-05T00:00:00
3420001;595209;Žïár nad Sázavou;;;;;412864;Žïár nad Sázavou 6;655139;Haškova;è.p.;2180;44;;59101;641565.75;1115656.88;2013-12-05T00:00:00
3420019;595209;Žïár nad Sázavou;;;;;412864;Žïár nad Sázavou 6;655139;Haškova;è.p.;2181;42;;59101;641566.13;1115675.13;2013-12-05T00:00:00
3420027;595209;Žïár nad Sázavou;;;;;412864;Žïár nad Sázavou 6;655139;Haškova;è.p.;2182;40;;59101;641565.38;1115692.50;2013-12-05T00:00:00
3420035;595209;Žïár nad Sázavou;;;;;412864;Žïár nad Sázavou 6;656054;Palachova;è.p.;2183;68;;59101;641518.92;1115223.62;2013-12-05T00:00:00
3420043;595209;Žïár nad Sázavou;;;;;412864;Žïár nad Sázavou 6;656054;Palachova;è.p.;2189;35;;59101;641706.13;1115351.40;2014-02-26T00:00:00
3420051;595209;Žïár nad Sázavou;;;;;412864;Žïár nad Sázavou 6;656054;Palachova;è.p.;2205;37;;59101;641633.52;1115385.77;2014-02-17T00:00:00
3420060;595209;Žïár nad Sázavou;;;;;412864;Žïár nad Sázavou 6;656054;Palachova;è.p.;2235;72;;59101;641492.58;1115387.14;2013-12-05T00:00:00
3420078;595209;Žïár nad Sázavou;;;;;412805;Žïár nad Sázavou 1;655490;nám. Republiky;è.p.;383;44;;59101;641814.58;1114583.51;2014-02-13T00:00:00
3420108;595209;Žïár nad Sázavou;;;;;412805;Žïár nad Sázavou 1;655066;Dolní;è.p.;183;30;;59101;641881.75;1114296.73;2013-12-05T00:00:00
3420116;595209;Žïár nad Sázavou;;;;;412805;Žïár nad Sázavou 1;655066;Dolní;è.p.;211;38;;59101;641720.90;1114094.48;2013-12-05T00:00:00
3420141;595209;Žïár nad Sázavou;;;;;412805;Žïár nad Sázavou 1;655490;nám. Republiky;è.p.;1485;7;;59101;641694.84;1114698.43;2013-12-05T00:00:00
3420159;595209;Žïár nad Sázavou;;;;;412805;Žïár nad Sázavou 1;655490;nám. Republiky;è.p.;1486;5;;59101;641723.74;1114733.36;2013-12-05T00:00:00
3420167;595209;Žïár nad Sázavou;;;;;412805;Žïár nad Sázavou 1;655490;nám. Republiky;è.p.;1487;3;;59101;641709.25;1114759.33;2013-12-05T00:00:00
3420183;595209;Žïár nad Sázavou;;;;;412805;Žïár nad Sázavou 1;655236;Jihlavská;è.p.;2190;3;;59101;641957.13;1116201.25;2014-02-17T00:00:00
3420205;595209;Žïár nad Sázavou;;;;;412805;Žïár nad Sázavou 1;656097;U Malého lesa;è.p.;2214;7;;59101;642560.20;1114949.13;2013-12-05T00:00:00
3420213;595209;Žïár nad Sázavou;;;;;412805;Žïár nad Sázavou 1;655546;Novomìstská;è.p.;2217;13;;59101;640325.14;1115208.50;2013-12-05T00:00:00
3420221;595209;Žïár nad Sázavou;;;;;412805;Žïár nad Sázavou 1;655015;Brnìnská;è.p.;2228;10;;59101;641381.48;1115218.21;2013-12-05T00:00:00
3420230;595209;Žïár nad Sázavou;;;;;412805;Žïár nad Sázavou 1;655210;Jamská;è.p.;2231;4;;59101;640905.78;1115210.85;2013-12-05T00:00:00
3420248;595209;Žïár nad Sázavou;;;;;412805;Žïár nad Sázavou 1;655724;Strojírenská;è.p.;2232;18;;59101;642515.20;1114934.80;2013-12-05T00:00:00
3420256;595209;Žïár nad Sázavou;;;;;412805;Žïár nad Sázavou 1;655171;Horní;è.p.;2233;6;;59101;641488.07;1114996.67;2013-12-05T00:00:00
3420264;595209;Žïár nad Sázavou;;;;;412805;Žïár nad Sázavou 1;655724;Strojírenská;è.p.;2238;10;;59101;642308.82;1115230.85;2014-02-17T00:00:00
3420272;595209;Žïár nad Sázavou;;;;;412805;Žïár nad Sázavou 1;655724;Strojírenská;è.p.;2239;32;;59101;642912.74;1115117.26;2013-12-05T00:00:00
3420281;595209;Žïár nad Sázavou;;;;;412813;Žïár nad Sázavou 2;777927;Tálský mlýn;è.p.;18;1;;59101;642217.52;1111845.41;2015-11-13T00:00:00
3420302;595209;Žïár nad Sázavou;;;;;412813;Žïár nad Sázavou 2;656003;Vejmluvova;è.p.;390;11;;59102;641486.15;1113157.03;2013-12-05T00:00:00
3420311;595209;Žïár nad Sázavou;;;;;412813;Žïár nad Sázavou 2;656003;Vejmluvova;è.p.;415;54;;59102;641534.08;1113012.54;2013-12-05T00:00:00
3420329;595209;Žïár nad Sázavou;;;;;412813;Žïár nad Sázavou 2;655678;Santiniho;è.p.;490;33;;59102;641804.61;1112222.76;2013-12-05T00:00:00
3420345;595209;Žïár nad Sázavou;;;;;412821;Žïár nad Sázavou 3;655023;Brodská;è.p.;2236;104;;59101;643002.94;1114266.21;2013-12-05T00:00:00
3420353;595209;Žïár nad Sázavou;;;;;412830;Žïár nad Sázavou 4;655732;Studentská;è.p.;1133;3;;59101;641561.09;1114253.29;2013-12-05T00:00:00
3420370;595209;Žïár nad Sázavou;;;;;412856;Žïár nad Sázavou 7;655376;Kosinkova;è.p.;2220;2;;59101;641215.97;1114426.80;2013-12-05T00:00:00
3420388;595209;Žïár nad Sázavou;;;;;412856;Žïár nad Sázavou 7;655376;Kosinkova;è.p.;2224;10;;59101;641231.39;1114387.31;2013-12-05T00:00:00
3420396;595209;Žïár nad Sázavou;;;;;412856;Žïár nad Sázavou 7;655376;Kosinkova;è.p.;2227;16;;59101;641247.77;1114364.27;2013-12-05T00:00:00
3768686;595209;Žïár nad Sázavou;;;;;125521;Stržanov;;;è.p.;38;;;59102;641616.01;1110642.16;2013-12-05T00:00:00
3768694;595209;Žïár nad Sázavou;;;;;125521;Stržanov;;;è.p.;42;;;59102;641468.13;1110798.96;2013-12-05T00:00:00
3768708;595209;Žïár nad Sázavou;;;;;125521;Stržanov;;;è.p.;46;;;59102;641495.92;1110352.39;2013-12-05T00:00:00
3768716;595209;Žïár nad Sázavou;;;;;125521;Stržanov;;;è.p.;51;;;59102;641417.68;1110549.69;2013-12-05T00:00:00
3768724;595209;Žïár nad Sázavou;;;;;125521;Stržanov;;;è.p.;55;;;59102;641300.81;1110675.88;2013-12-05T00:00:00
3768741;595209;Žïár nad Sázavou;;;;;125521;Stržanov;;;è.ev.;60;;;59102;640745.71;1109971.28;2013-12-05T00:00:00
3768759;595209;Žïár nad Sázavou;;;;;125521;Stržanov;;;è.ev.;65;;;59102;640826.14;1110032.44;2013-12-05T00:00:00
3768767;595209;Žïár nad Sázavou;;;;;180840;Veselíèko;;;è.p.;4;;;59101;637043.72;1115880.24;2013-12-05T00:00:00
3768783;595209;Žïár nad Sázavou;;;;;180840;Veselíèko;;;è.p.;48;;;59101;637030.94;1115664.44;2013-12-05T00:00:00
3768791;595209;Žïár nad Sázavou;;;;;180840;Veselíèko;;;è.p.;52;;;59101;637195.46;1115905.12;2020-03-14T00:00:00
3768805;595209;Žïár nad Sázavou;;;;;180840;Veselíèko;;;è.p.;56;;;59101;637062.00;1115739.46;2013-12-05T00:00:00
3768821;595209;Žïár nad Sázavou;;;;;180840;Veselíèko;;;è.p.;65;;;59101;637105.90;1116045.79;2020-05-27T00:00:00
3768830;595209;Žïár nad Sázavou;;;;;195294;Mìlkovice;;;è.p.;331;;;59101;638717.46;1115208.11;2013-12-05T00:00:00
3768848;595209;Žïár nad Sázavou;;;;;195294;Mìlkovice;;;è.p.;386;;;59101;638421.26;1115985.47;2013-12-05T00:00:00
3768856;595209;Žïár nad Sázavou;;;;;195294;Mìlkovice;;;è.p.;1479;;;59101;638557.90;1115545.05;2013-12-05T00:00:00
3768864;595209;Žïár nad Sázavou;;;;;195294;Mìlkovice;;;è.p.;1674;;;59101;638618.92;1115439.83;2013-12-05T00:00:00
3768881;595209;Žïár nad Sázavou;;;;;412805;Žïár nad Sázavou 1;655902;Veselská;è.p.;37;50;;59101;642231.75;1115004.44;2013-12-05T00:00:00
3768899;595209;Žïár nad Sázavou;;;;;412805;Žïár nad Sázavou 1;655902;Veselská;è.p.;42;36;;59101;642127.22;1114921.69;2013-12-05T00:00:00
3768911;595209;Žïár nad Sázavou;;;;;412805;Žïár nad Sázavou 1;655546;Novomìstská;è.p.;118;22;;59101;641349.02;1114895.95;2013-12-05T00:00:00
3768929;595209;Žïár nad Sázavou;;;;;412805;Žïár nad Sázavou 1;655546;Novomìstská;è.p.;123;34;;59101;641252.56;1114881.16;2015-11-18T00:00:00
3768945;595209;Žïár nad Sázavou;;;;;412805;Žïár nad Sázavou 1;655066;Dolní;è.p.;192;32;;59101;641706.73;1114078.94;2013-12-05T00:00:00
3768953;595209;Žïár nad Sázavou;;;;;412805;Žïár nad Sázavou 1;655368;Libušínská;è.p.;197;44;;59101;641706.97;1114019.30;2013-12-05T00:00:00
3768961;595209;Žïár nad Sázavou;;;;;412805;Žïár nad Sázavou 1;655821;Tvrz;è.p.;261;6;;59101;641897.20;1114565.94;2013-12-05T00:00:00
3768988;595209;Žïár nad Sázavou;;;;;412805;Žïár nad Sázavou 1;655546;Novomìstská;è.p.;328;36;;59101;641234.21;1114883.22;2013-12-05T00:00:00
3768996;595209;Žïár nad Sázavou;;;;;412805;Žïár nad Sázavou 1;655724;Strojírenská;è.p.;341;16;;59101;642479.99;1114944.25;2013-12-05T00:00:00
3769011;595209;Žïár nad Sázavou;;;;;412805;Žïár nad Sázavou 1;655724;Strojírenská;è.p.;372;11;;59101;642181.44;1115143.53;2013-12-05T00:00:00
3769020;595209;Žïár nad Sázavou;;;;;412805;Žïár nad Sázavou 1;655724;Strojírenská;è.p.;416;7;;59101;642152.80;1115169.37;2013-12-05T00:00:00
3769038;595209;Žïár nad Sázavou;;;;;412805;Žïár nad Sázavou 1;655937;Vrchlického;è.p.;422;2;;59101;642105.61;1115107.21;2013-12-05T00:00:00
3769046;595209;Žïár nad Sázavou;;;;;412805;Žïár nad Sázavou 1;655481;Nádražní;è.p.;428;12;;59101;641843.44;1114885.19;2013-12-05T00:00:00
3769062;595209;Žïár nad Sázavou;;;;;412805;Žïár nad Sázavou 1;655694;Smetanova;è.p.;482;11;;59101;641618.39;1115101.19;2013-12-05T00:00:00
3769071;595209;Žïár nad Sázavou;;;;;412805;Žïár nad Sázavou 1;655104;Dvoøákova;è.p.;492;14;;59101;642194.67;1115300.62;2013-12-05T00:00:00
3769089;595209;Žïár nad Sázavou;;;;;412805;Žïár nad Sázavou 1;655082;Drdlova;è.p.;540;18;;59101;641982.89;1115047.54;2013-12-05T00:00:00
3769097;595209;Žïár nad Sázavou;;;;;412805;Žïár nad Sázavou 1;655082;Drdlova;è.p.;546;9;;59101;642005.01;1115009.26;2013-12-05T00:00:00
3769101;595209;Žïár nad Sázavou;;;;;412805;Žïár nad Sázavou 1;655481;Nádražní;è.p.;598;17;;59101;641877.11;1114907.93;2013-12-05T00:00:00
3769127;595209;Žïár nad Sázavou;;;;;412805;Žïár nad Sázavou 1;655015;Brnìnská;è.p.;664;24;;59101;641306.69;1115371.55;2013-12-05T00:00:00
3769135;595209;Žïár nad Sázavou;;;;;412805;Žïár nad Sázavou 1;655961;Za Jatkami;è.p.;670;9;;59101;641245.74;1115329.25;2013-12-05T00:00:00
3769143;595209;Žïár nad Sázavou;;;;;412805;Žïár nad Sázavou 1;655058;Doležalovo nám.;è.p.;974;4;;59101;641692.14;1114952.39;2013-12-05T00:00:00
3769151;595209;Žïár nad Sázavou;;;;;412805;Žïár nad Sázavou 1;655015;Brnìnská;è.p.;1023;15;;59101;641463.40;1115241.77;2013-12-05T00:00:00
3769160;595209;Žïár nad Sázavou;;;;;412805;Žïár nad Sázavou 1;655210;Jamská;è.p.;1671;31;;59101;640846.61;1115372.93;2013-12-05T00:00:00
3769178;595209;Žïár nad Sázavou;;;;;412805;Žïár nad Sázavou 1;655490;nám. Republiky;è.p.;139;50;;59101;641678.38;1114742.34;2014-02-20T00:00:00
3769194;595209;Žïár nad Sázavou;;;;;412805;Žïár nad Sázavou 1;655481;Nádražní;è.p.;2203;71;;59101;641820.71;1114785.24;2013-12-05T00:00:00
3769208;595209;Žïár nad Sázavou;;;;;412805;Žïár nad Sázavou 1;655724;Strojírenská;è.p.;2212;30;;59101;642439.23;1115130.26;2013-12-05T00:00:00
3769216;595209;Žïár nad Sázavou;;;;;412805;Žïár nad Sázavou 1;;;è.ev.;40;;;59101;640291.07;1116114.81;2013-12-05T00:00:00
3769224;595209;Žïár nad Sázavou;;;;;412805;Žïár nad Sázavou 1;;;è.ev.;44;;;59101;640365.32;1116189.68;2013-12-05T00:00:00
3769232;595209;Žïár nad Sázavou;;;;;412805;Žïár nad Sázavou 1;;;è.ev.;48;;;59101;640327.45;1116192.81;2013-12-05T00:00:00
3769241;595209;Žïár nad Sázavou;;;;;412805;Žïár nad Sázavou 1;;;è.ev.;53;;;59101;640179.19;1116330.14;2013-12-05T00:00:00
3769259;595209;Žïár nad Sázavou;;;;;412805;Žïár nad Sázavou 1;;;è.ev.;57;;;59101;640138.28;1116350.77;2013-12-05T00:00:00
3769275;595209;Žïár nad Sázavou;;;;;412805;Žïár nad Sázavou 1;;;è.ev.;101;;;59101;640076.68;1116325.76;2013-12-05T00:00:00
3769283;595209;Žïár nad Sázavou;;;;;412805;Žïár nad Sázavou 1;;;è.ev.;106;;;59101;640220.92;1116017.47;2013-12-05T00:00:00
3769291;595209;Žïár nad Sázavou;;;;;412805;Žïár nad Sázavou 1;;;è.ev.;112;;;59101;640178.14;1116175.73;2013-12-05T00:00:00
3769305;595209;Žïár nad Sázavou;;;;;412805;Žïár nad Sázavou 1;;;è.ev.;116;;;59101;640137.24;1116216.23;2013-12-05T00:00:00
3769313;595209;Žïár nad Sázavou;;;;;412813;Žïár nad Sázavou 2;655091;Dvorská;è.p.;36;6;;59102;641922.80;1112335.41;2013-12-05T00:00:00
3769321;595209;Žïár nad Sázavou;;;;;412813;Žïár nad Sázavou 2;655741;Sychrova;è.p.;41;5;;59102;641656.10;1112816.84;2013-12-05T00:00:00
3769330;595209;Žïár nad Sázavou;;;;;412813;Žïár nad Sázavou 2;655741;Sychrova;è.p.;46;6;;59102;641690.92;1112772.94;2013-12-05T00:00:00
3769348;595209;Žïár nad Sázavou;;;;;412813;Žïár nad Sázavou 2;654973;Bezruèova;è.p.;82;17;;59102;641549.92;1113507.72;2013-12-05T00:00:00
3769356;595209;Žïár nad Sázavou;;;;;412813;Žïár nad Sázavou 2;654973;Bezruèova;è.p.;87;10;;59102;641748.52;1112974.23;2013-12-05T00:00:00
3769364;595209;Žïár nad Sázavou;;;;;412813;Žïár nad Sázavou 2;655864;U Taferny;è.p.;92;8;;59102;641863.00;1112789.73;2013-12-05T00:00:00
3769372;595209;Žïár nad Sázavou;;;;;412813;Žïár nad Sázavou 2;654973;Bezruèova;è.p.;97;41;;59102;641635.30;1113289.66;2013-12-05T00:00:00
3769381;595209;Žïár nad Sázavou;;;;;412813;Žïár nad Sázavou 2;654973;Bezruèova;è.p.;131;85;;59102;641744.75;1112844.17;2013-12-05T00:00:00
3769399;595209;Žïár nad Sázavou;;;;;412813;Žïár nad Sázavou 2;655996;Zelenohorská;è.p.;137;13;;59102;641589.22;1113067.05;2013-12-05T00:00:00
3769402;595209;Žïár nad Sázavou;;;;;412813;Žïár nad Sázavou 2;655996;Zelenohorská;è.p.;142;25;;59102;641607.10;1112939.41;2013-12-05T00:00:00
3769411;595209;Žïár nad Sázavou;;;;;412813;Žïár nad Sázavou 2;655678;Santiniho;è.p.;147;23;;59102;641859.33;1112165.40;2013-12-05T00:00:00
3769429;595209;Žïár nad Sázavou;;;;;412813;Žïár nad Sázavou 2;654973;Bezruèova;è.p.;186;6;;59102;641758.32;1113019.73;2013-12-05T00:00:00
3769437;595209;Žïár nad Sázavou;;;;;412813;Žïár nad Sázavou 2;655856;U Pily;è.p.;191;12;;59102;641516.88;1113419.68;2013-12-05T00:00:00
3769445;595209;Žïár nad Sázavou;;;;;412813;Žïár nad Sázavou 2;655856;U Pily;è.p.;228;3;;59102;641438.64;1113537.72;2013-12-05T00:00:00
3769453;595209;Žïár nad Sázavou;;;;;412813;Žïár nad Sázavou 2;655325;Krátká;è.p.;233;8;;59102;641448.26;1113588.56;2013-12-05T00:00:00
3769461;595209;Žïár nad Sázavou;;;;;412813;Žïár nad Sázavou 2;655864;U Taferny;è.p.;239;3;;59102;641904.53;1112669.92;2013-12-05T00:00:00
3769470;595209;Žïár nad Sázavou;;;;;412813;Žïár nad Sázavou 2;655864;U Taferny;è.p.;244;7;;59102;641862.06;1112736.75;2013-12-05T00:00:00
3769488;595209;Žïár nad Sázavou;;;;;412813;Žïár nad Sázavou 2;655571;Polní;è.p.;283;33;;59102;641294.63;1113169.07;2013-12-05T00:00:00
3769496;595209;Žïár nad Sázavou;;;;;412813;Žïár nad Sázavou 2;655571;Polní;è.p.;288;23;;59102;641276.72;1113210.27;2013-12-05T00:00:00
3769500;595209;Žïár nad Sázavou;;;;;412813;Žïár nad Sázavou 2;656071;Studnièní;è.p.;340;23;;59102;641417.06;1113130.18;2013-12-05T00:00:00
3769518;595209;Žïár nad Sázavou;;;;;412813;Žïár nad Sázavou 2;656071;Studnièní;è.p.;345;13;;59102;641404.80;1113155.82;2013-12-05T00:00:00
3769526;595209;Žïár nad Sázavou;;;;;412813;Žïár nad Sázavou 2;656071;Studnièní;è.p.;350;3;;59102;641392.97;1113182.44;2013-12-05T00:00:00
3769534;595209;Žïár nad Sázavou;;;;;412813;Žïár nad Sázavou 2;656046;Lesní;è.p.;355;7;;59102;641373.91;1113227.64;2013-12-05T00:00:00
3769542;595209;Žïár nad Sázavou;;;;;412813;Žïár nad Sázavou 2;654973;Bezruèova;è.p.;429;36;;59102;641636.27;1113425.02;2013-12-05T00:00:00
3769551;595209;Žïár nad Sázavou;;;;;412813;Žïár nad Sázavou 2;654973;Bezruèova;è.p.;434;46;;59102;641676.50;1113338.00;2013-12-05T00:00:00
3769569;595209;Žïár nad Sázavou;;;;;412805;Žïár nad Sázavou 1;654973;Bezruèova;è.p.;439;56;;59101;641698.52;1113634.44;2015-06-05T00:00:00
3769585;595209;Žïár nad Sázavou;;;;;412813;Žïár nad Sázavou 2;;;è.ev.;1;;;59102;642347.59;1111875.13;2013-12-05T00:00:00
3769593;595209;Žïár nad Sázavou;;;;;412813;Žïár nad Sázavou 2;;;è.ev.;5;;;59102;642325.43;1111963.64;2013-12-05T00:00:00
3769615;595209;Žïár nad Sázavou;;;;;412821;Žïár nad Sázavou 3;655554;Okružní;è.p.;792;71;;59101;642620.68;1114525.47;2013-12-05T00:00:00
3769623;595209;Žïár nad Sázavou;;;;;412821;Žïár nad Sázavou 3;655881;V Zahrádkách;è.p.;804;15;;59101;642650.69;1114553.70;2013-12-05T00:00:00
3769631;595209;Žïár nad Sázavou;;;;;412821;Žïár nad Sázavou 3;655422;Malá;è.p.;853;1;;59101;642289.21;1114758.60;2013-12-05T00:00:00
3769640;595209;Žïár nad Sázavou;;;;;412821;Žïár nad Sázavou 3;654949;1. máje;è.p.;861;8;;59101;642347.07;1114750.27;2013-12-05T00:00:00
3769658;595209;Žïár nad Sázavou;;;;;412821;Žïár nad Sázavou 3;655295;Komenského;è.p.;1801;3;;59101;642087.31;1114341.65;2013-12-05T00:00:00
3769666;595209;Žïár nad Sázavou;;;;;412821;Žïár nad Sázavou 3;655295;Komenského;è.p.;1806;13;;59101;642136.90;1114243.19;2017-08-31T00:00:00
3769674;595209;Žïár nad Sázavou;;;;;412821;Žïár nad Sázavou 3;655627;Revoluèní;è.p.;1849;13;;59101;642441.19;1114568.75;2017-03-21T00:00:00
3769682;595209;Žïár nad Sázavou;;;;;412821;Žïár nad Sázavou 3;655627;Revoluèní;è.p.;1854;23;;59101;642442.47;1114523.56;2013-12-05T00:00:00
3769691;595209;Žïár nad Sázavou;;;;;412821;Žïár nad Sázavou 3;655554;Okružní;è.p.;1897;12;;59101;642474.07;1114227.08;2016-12-22T00:00:00
3769704;595209;Žïár nad Sázavou;;;;;412821;Žïár nad Sázavou 3;655627;Revoluèní;è.p.;1902;42;;59101;642497.86;1114305.51;2019-11-25T00:00:00
3769712;595209;Žïár nad Sázavou;;;;;412821;Žïár nad Sázavou 3;655554;Okružní;è.p.;1943;28;;59101;642557.63;1114204.25;2013-12-05T00:00:00
3769721;595209;Žïár nad Sázavou;;;;;412821;Žïár nad Sázavou 3;655554;Okružní;è.p.;1949;17;;59101;642597.38;1114140.75;2013-12-05T00:00:00
3769739;595209;Žïár nad Sázavou;;;;;412821;Žïár nad Sázavou 3;655554;Okružní;è.p.;1954;52;;59101;642689.31;1114175.25;2013-12-05T00:00:00
3769747;595209;Žïár nad Sázavou;;;;;412821;Žïár nad Sázavou 3;655554;Okružní;è.p.;1993;100;;59101;642716.94;1114418.70;2013-12-05T00:00:00
3769755;595209;Žïár nad Sázavou;;;;;412821;Žïár nad Sázavou 3;655554;Okružní;è.p.;1998;90;;59101;642808.14;1114362.17;2013-12-05T00:00:00
3769763;595209;Žïár nad Sázavou;;;;;412830;Žïár nad Sázavou 4;655732;Studentská;è.p.;761;1;;59101;641532.80;1114406.47;2015-11-20T00:00:00
3769771;595209;Žïár nad Sázavou;;;;;412830;Žïár nad Sázavou 4;655791;Švermova;è.p.;1128;2;;59101;641588.61;1114841.94;2013-12-05T00:00:00
3769780;595209;Žïár nad Sázavou;;;;;412830;Žïár nad Sázavou 4;655511;Neumannova;è.p.;2045;15;;59101;641517.25;1114590.25;2013-12-05T00:00:00
3769798;595209;Žïár nad Sázavou;;;;;412830;Žïár nad Sázavou 4;655511;Neumannova;è.p.;2050;23;;59101;641476.19;1114590.63;2013-12-05T00:00:00
3769801;595209;Žïár nad Sázavou;;;;;412830;Žïár nad Sázavou 4;655511;Neumannova;è.p.;2056;35;;59101;641394.75;1114552.38;2013-12-05T00:00:00
3769810;595209;Žïár nad Sázavou;;;;;412830;Žïár nad Sázavou 4;655007;Bratøí Èapkù;è.p.;2061;8;;59101;641344.38;1114651.63;2013-12-05T00:00:00
3769828;595209;Žïár nad Sázavou;;;;;412830;Žïár nad Sázavou 4;655899;Vanèurova;è.p.;2096;8;;59101;641349.31;1114777.88;2013-12-05T00:00:00
3769836;595209;Žïár nad Sázavou;;;;;412830;Žïár nad Sázavou 4;655791;Švermova;è.p.;2101;18;;59101;641427.76;1114854.47;2013-12-05T00:00:00
3769844;595209;Žïár nad Sázavou;;;;;412830;Žïár nad Sázavou 4;655899;Vanèurova;è.p.;2107;3;;59101;641386.69;1114885.13;2013-12-05T00:00:00
3769861;595209;Žïár nad Sázavou;;;;;412848;Žïár nad Sázavou 5;655945;Vysocká;è.p.;631;19;;59101;641204.70;1114006.10;2013-12-05T00:00:00
3769879;595209;Žïár nad Sázavou;;;;;412848;Žïár nad Sázavou 5;655945;Vysocká;è.p.;647;9;;59101;641292.52;1114058.20;2013-12-05T00:00:00
3769887;595209;Žïár nad Sázavou;;;;;412848;Žïár nad Sázavou 5;655261;K Pøehradì;è.p.;682;5;;59101;641103.49;1114019.77;2013-12-05T00:00:00
3769895;595209;Žïár nad Sázavou;;;;;412848;Žïár nad Sázavou 5;655261;K Pøehradì;è.p.;767;4;;59101;641030.94;1114049.01;2013-12-05T00:00:00
3769909;595209;Žïár nad Sázavou;;;;;412848;Žïár nad Sázavou 5;655465;Na Úvoze;è.p.;774;46;;59101;640922.03;1113900.57;2024-11-06T00:00:00
3769917;595209;Žïár nad Sázavou;;;;;412848;Žïár nad Sázavou 5;655945;Vysocká;è.p.;832;18;;59101;641248.32;1113991.11;2019-10-23T00:00:00
3769925;595209;Žïár nad Sázavou;;;;;412848;Žïár nad Sázavou 5;655945;Vysocká;è.p.;842;56;;59101;640966.95;1113813.47;2013-12-05T00:00:00
3769933;595209;Žïár nad Sázavou;;;;;412848;Žïár nad Sázavou 5;655406;Luèní;è.p.;1010;5;;59101;641311.32;1113891.66;2013-12-05T00:00:00
3769941;595209;Žïár nad Sázavou;;;;;412848;Žïár nad Sázavou 5;655635;Rùžová;è.p.;1015;2;;59101;641235.19;1113880.53;2013-12-05T00:00:00
3769950;595209;Žïár nad Sázavou;;;;;412848;Žïár nad Sázavou 5;655406;Luèní;è.p.;1062;46;;59101;641378.04;1113628.43;2013-12-05T00:00:00
3769968;595209;Žïár nad Sázavou;;;;;412848;Žïár nad Sázavou 5;655406;Luèní;è.p.;1067;25;;59101;641341.80;1113623.29;2013-12-05T00:00:00
3769984;595209;Žïár nad Sázavou;;;;;412848;Žïár nad Sázavou 5;655341;Kvìtná;è.p.;1168;2;;59101;641322.87;1113661.56;2013-12-05T00:00:00
3769992;595209;Žïár nad Sázavou;;;;;412848;Žïár nad Sázavou 5;655457;Na Prutech;è.p.;1226;8;;59101;641298.03;1113758.21;2013-12-05T00:00:00
3770001;595209;Žïár nad Sázavou;;;;;412848;Žïár nad Sázavou 5;655929;Vrbová;è.p.;1234;1;;59101;641227.54;1113335.25;2013-12-05T00:00:00
3770010;595209;Žïár nad Sázavou;;;;;412848;Žïár nad Sázavou 5;655406;Luèní;è.p.;1291;68;;59101;641298.43;1113405.50;2013-12-05T00:00:00
3770028;595209;Žïár nad Sázavou;;;;;412848;Žïár nad Sázavou 5;655406;Luèní;è.p.;1297;80;;59101;641246.53;1113386.79;2013-12-05T00:00:00
3770036;595209;Žïár nad Sázavou;;;;;412856;Žïár nad Sázavou 7;654957;Alšova;è.p.;1302;4;;59101;640740.72;1114705.06;2013-12-05T00:00:00
3770044;595209;Žïár nad Sázavou;;;;;412856;Žïár nad Sázavou 7;654957;Alšova;è.p.;1307;14;;59101;640704.98;1114737.86;2013-12-05T00:00:00
3770052;595209;Žïár nad Sázavou;;;;;412856;Žïár nad Sázavou 7;655449;Mánesova;è.p.;1350;9;;59101;640777.36;1114850.89;2013-12-05T00:00:00
3770061;595209;Žïár nad Sázavou;;;;;412856;Žïár nad Sázavou 7;655201;Jamborova;è.p.;1355;1;;59101;640829.74;1114855.76;2013-12-05T00:00:00
3770079;595209;Žïár nad Sázavou;;;;;412856;Žïár nad Sázavou 7;655686;Slavíèkova;è.p.;1401;20;;59101;640909.27;1114735.86;2013-12-05T00:00:00
3770087;595209;Žïár nad Sázavou;;;;;412856;Žïár nad Sázavou 7;654990;Blažíèkova;è.p.;1406;31;;59101;640967.66;1114751.77;2013-12-05T00:00:00
3770095;595209;Žïár nad Sázavou;;;;;412856;Žïár nad Sázavou 7;655201;Jamborova;è.p.;1505;20;;59101;640848.11;1114628.14;2013-12-05T00:00:00
3770109;595209;Žïár nad Sázavou;;;;;412856;Žïár nad Sázavou 7;655775;Špálova;è.p.;1510;5;;59101;640894.36;1114636.06;2013-12-05T00:00:00
3770117;595209;Žïár nad Sázavou;;;;;412856;Žïár nad Sázavou 7;655414;Makovského;è.p.;1553;1;;59101;640975.21;1114695.39;2021-02-09T00:00:00
3770125;595209;Žïár nad Sázavou;;;;;412856;Žïár nad Sázavou 7;655414;Makovského;è.p.;1558;11;;59101;640984.94;1114646.31;2013-12-05T00:00:00
3770133;595209;Žïár nad Sázavou;;;;;412856;Žïár nad Sázavou 7;655414;Makovského;è.p.;1601;22;;59101;641011.86;1114595.60;2013-12-05T00:00:00
3770141;595209;Žïár nad Sázavou;;;;;412856;Žïár nad Sázavou 7;655414;Makovského;è.p.;1606;12;;59101;641013.27;1114643.63;2013-12-05T00:00:00
3770150;595209;Žïár nad Sázavou;;;;;412856;Žïár nad Sázavou 7;655562;Pelikánova;è.p.;1649;8;;59101;641112.35;1114562.23;2013-12-05T00:00:00
3770168;595209;Žïár nad Sázavou;;;;;412856;Žïár nad Sázavou 7;655562;Pelikánova;è.p.;1654;36;;59101;641133.78;1114387.62;2014-08-29T00:00:00
3770176;595209;Žïár nad Sázavou;;;;;412864;Žïár nad Sázavou 6;656054;Palachova;è.p.;1755;30;;59101;641680.27;1115192.04;2013-12-05T00:00:00
3770184;595209;Žïár nad Sázavou;;;;;412864;Žïár nad Sázavou 6;656054;Palachova;è.p.;1760;40;;59101;641643.14;1115202.81;2015-11-13T00:00:00
3770192;595209;Žïár nad Sázavou;;;;;412864;Žïár nad Sázavou 6;655481;Nádražní;è.p.;2131;57;;59101;641972.81;1115400.63;2013-12-05T00:00:00
3770206;595209;Žïár nad Sázavou;;;;;412864;Žïár nad Sázavou 6;655481;Nádražní;è.p.;2136;48;;59101;641893.50;1115503.88;2013-12-05T00:00:00
3770214;595209;Žïár nad Sázavou;;;;;412864;Žïár nad Sázavou 6;655139;Haškova;è.p.;2179;46;;59101;641566.00;1115639.13;2013-12-05T00:00:00
3770222;595209;Žïár nad Sázavou;;;;;412864;Žïár nad Sázavou 6;655481;Nádražní;è.p.;2186;52;;59101;641847.82;1115335.48;2013-12-05T00:00:00
3770231;595209;Žïár nad Sázavou;;;;;412864;Žïár nad Sázavou 6;656054;Palachova;è.p.;2234;70;;59101;641518.76;1115306.64;2014-02-24T00:00:00
5910145;595209;Žïár nad Sázavou;;;;;195341;Radonín;;;è.p.;11;;;59101;642578.09;1116690.78;2013-12-05T00:00:00
5910153;595209;Žïár nad Sázavou;;;;;195341;Radonín;;;è.p.;19;;;59101;642486.43;1116616.98;2013-12-05T00:00:00
15460371;595209;Žïár nad Sázavou;;;;;412805;Žïár nad Sázavou 1;655481;Nádražní;è.p.;2229;54;;59101;641808.47;1114841.96;2013-12-05T00:00:00
15460380;595209;Žïár nad Sázavou;;;;;412805;Žïár nad Sázavou 1;655317;Kováøova;è.p.;2240;2;;59101;641962.52;1114088.82;2013-12-05T00:00:00
15460398;595209;Žïár nad Sázavou;;;;;412805;Žïár nad Sázavou 1;655546;Novomìstská;è.p.;2241;15;;59101;640708.59;1115067.78;2015-11-18T00:00:00
15460410;595209;Žïár nad Sázavou;;;;;412813;Žïár nad Sázavou 2;656071;Studnièní;è.p.;334;35;;59102;641460.55;1113090.45;2013-12-05T00:00:00
15460428;595209;Žïár nad Sázavou;;;;;412813;Žïár nad Sázavou 2;656071;Studnièní;è.p.;336;31;;59102;641449.09;1113098.14;2013-12-05T00:00:00
15460436;595209;Žïár nad Sázavou;;;;;412813;Žïár nad Sázavou 2;656003;Vejmluvova;è.p.;389;9;;59102;641488.71;1113164.44;2013-12-05T00:00:00
15460444;595209;Žïár nad Sázavou;;;;;412813;Žïár nad Sázavou 2;656003;Vejmluvova;è.p.;411;62;;59102;641536.05;1112988.71;2013-12-05T00:00:00
15460452;595209;Žïár nad Sázavou;;;;;412813;Žïár nad Sázavou 2;656003;Vejmluvova;è.p.;419;46;;59102;641528.43;1113048.69;2013-12-05T00:00:00
15460461;595209;Žïár nad Sázavou;;;;;412813;Žïár nad Sázavou 2;654973;Bezruèova;è.p.;440;58;;59102;641827.85;1112789.38;2014-02-17T00:00:00
15460479;595209;Žïár nad Sázavou;;;;;412813;Žïár nad Sázavou 2;656003;Vejmluvova;è.p.;455;26;;59102;641520.33;1113109.74;2013-12-05T00:00:00
15460487;595209;Žïár nad Sázavou;;;;;412856;Žïár nad Sázavou 7;655376;Kosinkova;è.p.;2223;8;;59101;641217.01;1114401.03;2021-02-11T00:00:00
15460495;595209;Žïár nad Sázavou;;;;;125521;Stržanov;;;è.p.;90;;;59102;641373.73;1110810.24;2013-12-05T00:00:00
15460509;595209;Žïár nad Sázavou;;;;;125521;Stržanov;;;è.p.;91;;;59102;641507.66;1110423.24;2013-12-05T00:00:00
15460649;595209;Žïár nad Sázavou;;;;;412805;Žïár nad Sázavou 1;655066;Dolní;è.p.;1737;11;;59101;641740.49;1114246.00;2013-12-05T00:00:00
17242037;595209;Žïár nad Sázavou;;;;;412813;Žïár nad Sázavou 2;656003;Vejmluvova;è.p.;316;53;;59102;641497.02;1112992.62;2013-12-05T00:00:00
17242045;595209;Žïár nad Sázavou;;;;;412813;Žïár nad Sázavou 2;656003;Vejmluvova;è.p.;388;7;;59102;641486.70;1113169.47;2013-12-05T00:00:00
17242053;595209;Žïár nad Sázavou;;;;;412813;Žïár nad Sázavou 2;656003;Vejmluvova;è.p.;421;42;;59102;641525.96;1113059.72;2013-12-05T00:00:00
18183123;595209;Žïár nad Sázavou;;;;;412805;Žïár nad Sázavou 1;655481;Nádražní;è.p.;2242;56;;59101;641848.11;1115003.11;2013-12-05T00:00:00
18183131;595209;Žïár nad Sázavou;;;;;412813;Žïár nad Sázavou 2;656003;Vejmluvova;è.p.;414;56;;59102;641535.23;1113006.85;2013-12-05T00:00:00
18183140;595209;Žïár nad Sázavou;;;;;412813;Žïár nad Sázavou 2;656003;Vejmluvova;è.p.;456;24;;59102;641524.53;1113127.47;2013-12-05T00:00:00
18183158;595209;Žïár nad Sázavou;;;;;412813;Žïár nad Sázavou 2;656003;Vejmluvova;è.p.;459;18;;59102;641523.88;1113148.76;2013-12-05T00:00:00
18183166;595209;Žïár nad Sázavou;;;;;412813;Žïár nad Sázavou 2;655741;Sychrova;è.p.;491;18;;59102;641235.07;1112667.22;2013-12-05T00:00:00
23338121;595209;Žïár nad Sázavou;;;;;412813;Žïár nad Sázavou 2;656003;Vejmluvova;è.p.;328;29;;59102;641484.59;1113063.43;2013-12-05T00:00:00
23338130;595209;Žïár nad Sázavou;;;;;412813;Žïár nad Sázavou 2;656003;Vejmluvova;è.p.;424;36;;59102;641525.37;1113078.51;2013-12-05T00:00:00
24385646;595209;Žïár nad Sázavou;;;;;412805;Žïár nad Sázavou 1;655015;Brnìnská;è.p.;2243;31;;59101;641141.82;1115734.43;2013-12-05T00:00:00
24385654;595209;Žïár nad Sázavou;;;;;412813;Žïár nad Sázavou 2;656003;Vejmluvova;è.p.;427;30;;59102;641522.08;1113096.82;2013-12-05T00:00:00
24385662;595209;Žïár nad Sázavou;;;;;412848;Žïár nad Sázavou 5;655945;Vysocká;è.p.;2230;59;;59101;641389.11;1114126.63;2013-12-05T00:00:00
24973777;595209;Žïár nad Sázavou;;;;;412813;Žïár nad Sázavou 2;656003;Vejmluvova;è.p.;393;17;;59102;641487.16;1113137.82;2013-12-05T00:00:00
25026704;595209;Žïár nad Sázavou;;;;;412805;Žïár nad Sázavou 1;655236;Jihlavská;è.p.;2245;26;;59101;641713.18;1116162.55;2013-12-05T00:00:00
25057961;595209;Žïár nad Sázavou;;;;;412856;Žïár nad Sázavou 7;655376;Kosinkova;è.p.;2221;4;;59101;641215.20;1114417.44;2013-12-05T00:00:00
25081039;595209;Žïár nad Sázavou;;;;;412805;Žïár nad Sázavou 1;655252;Jungmannova;è.p.;2246;27;;59101;641411.59;1113786.00;2014-02-13T00:00:00
25132377;595209;Žïár nad Sázavou;;;;;412805;Žïár nad Sázavou 1;655392;Luèiny;è.p.;2247;7;;59101;641142.86;1115251.88;2013-12-05T00:00:00
25132385;595209;Žïár nad Sázavou;;;;;412813;Žïár nad Sázavou 2;656003;Vejmluvova;è.p.;323;39;;59102;641489.31;1113033.94;2013-12-05T00:00:00
25132393;595209;Žïár nad Sázavou;;;;;412813;Žïár nad Sázavou 2;656003;Vejmluvova;è.p.;410;64;;59102;641538.83;1112983.02;2013-12-05T00:00:00
25168801;595209;Žïár nad Sázavou;;;;;412805;Žïár nad Sázavou 1;655074;Dr. Drože;è.p.;1686;26;;59101;642067.06;1114161.13;2013-12-05T00:00:00
25168819;595209;Žïár nad Sázavou;;;;;412813;Žïár nad Sázavou 2;656003;Vejmluvova;è.p.;418;48;;59102;641530.15;1113040.84;2013-12-05T00:00:00
25168827;595209;Žïár nad Sázavou;;;;;412813;Žïár nad Sázavou 2;656003;Vejmluvova;è.p.;465;6;;59102;641524.17;1113186.44;2013-12-05T00:00:00
25168835;595209;Žïár nad Sázavou;;;;;412856;Žïár nad Sázavou 7;655376;Kosinkova;è.p.;2226;14;;59101;641241.95;1114371.54;2013-12-05T00:00:00
25168843;595209;Žïár nad Sázavou;;;;;412805;Žïár nad Sázavou 1;655490;nám. Republiky;è.p.;72;4;;59101;641740.62;1114847.22;2016-07-18T00:00:00
25171577;595209;Žïár nad Sázavou;;;;;412848;Žïár nad Sázavou 5;692913;U Hrázek;è.p.;2249;4;;59101;640902.25;1113717.16;2013-12-05T00:00:00
25171585;595209;Žïár nad Sázavou;;;;;412848;Žïár nad Sázavou 5;692913;U Hrázek;è.p.;2256;18;;59101;640859.25;1113609.33;2013-12-05T00:00:00
25171593;595209;Žïár nad Sázavou;;;;;412848;Žïár nad Sázavou 5;692913;U Hrázek;è.p.;2257;20;;59101;640827.89;1113605.71;2013-12-05T00:00:00
25171607;595209;Žïár nad Sázavou;;;;;412848;Žïár nad Sázavou 5;692913;U Hrázek;è.p.;2260;26;;59101;640808.16;1113675.01;2013-12-05T00:00:00
25220934;595209;Žïár nad Sázavou;;;;;412813;Žïár nad Sázavou 2;655538;Nová;è.p.;380;25;;59102;641462.12;1113264.29;2013-12-05T00:00:00
25220942;595209;Žïár nad Sázavou;;;;;412813;Žïár nad Sázavou 2;655538;Nová;è.p.;381;23;;59102;641460.58;1113270.88;2013-12-05T00:00:00
25232797;595209;Žïár nad Sázavou;;;;;125521;Stržanov;;;è.p.;93;;;59102;641462.45;1110750.42;2013-12-05T00:00:00
25232801;595209;Žïár nad Sázavou;;;;;412805;Žïár nad Sázavou 1;655724;Strojírenská;è.p.;2270;38;;59101;642734.00;1115328.13;2013-12-05T00:00:00
25232819;595209;Žïár nad Sázavou;;;;;412813;Žïár nad Sázavou 2;656071;Studnièní;è.p.;330;43;;59102;641480.37;1113074.24;2013-12-05T00:00:00
25232827;595209;Žïár nad Sázavou;;;;;412813;Žïár nad Sázavou 2;656003;Vejmluvova;è.p.;467;2;;59102;641523.50;1113199.14;2013-12-05T00:00:00
25244698;595209;Žïár nad Sázavou;;;;;195294;Mìlkovice;;;è.p.;2271;;;59101;638582.38;1115524.65;2013-12-05T00:00:00
25244701;595209;Žïár nad Sázavou;;;;;195294;Mìlkovice;;;è.p.;2272;;;59101;638617.29;1115546.21;2013-12-05T00:00:00
25266535;595209;Žïár nad Sázavou;;;;;412805;Žïár nad Sázavou 1;655066;Dolní;è.p.;2274;3;;59101;641756.03;1114323.94;2013-12-05T00:00:00
25266543;595209;Žïár nad Sázavou;;;;;412805;Žïár nad Sázavou 1;655694;Smetanova;è.p.;2276;19;;59101;641766.94;1115119.81;2013-12-05T00:00:00
25266551;595209;Žïár nad Sázavou;;;;;412813;Žïár nad Sázavou 2;656003;Vejmluvova;è.p.;428;28;;59102;641523.47;1113102.92;2013-12-05T00:00:00
25266560;595209;Žïár nad Sázavou;;;;;412848;Žïár nad Sázavou 5;655767;Šípková;è.p.;2275;16;;59101;641408.32;1113967.27;2013-12-05T00:00:00
25266578;595209;Žïár nad Sázavou;;;;;412856;Žïár nad Sázavou 7;655376;Kosinkova;è.p.;2218;15;;59101;641189.58;1114374.18;2013-12-05T00:00:00
25318811;595209;Žïár nad Sázavou;;;;;412805;Žïár nad Sázavou 1;655015;Brnìnská;è.p.;2277;48;;59101;641062.31;1115671.21;2013-12-05T00:00:00
25318829;595209;Žïár nad Sázavou;;;;;412813;Žïár nad Sázavou 2;656003;Vejmluvova;è.p.;387;5;;59102;641488.87;1113176.85;2013-12-05T00:00:00
25318837;595209;Žïár nad Sázavou;;;;;412813;Žïár nad Sázavou 2;656003;Vejmluvova;è.p.;458;20;;59102;641525.17;1113143.64;2013-12-05T00:00:00
25318845;595209;Žïár nad Sázavou;;;;;412856;Žïár nad Sázavou 7;655376;Kosinkova;è.p.;2219;17;;59101;641210.04;1114345.24;2013-12-05T00:00:00
25324594;595209;Žïár nad Sázavou;;;;;412813;Žïár nad Sázavou 2;656003;Vejmluvova;è.p.;466;4;;59102;641526.42;1113192.96;2013-12-05T00:00:00
25351231;595209;Žïár nad Sázavou;;;;;412813;Žïár nad Sázavou 2;656003;Vejmluvova;è.p.;392;15;;59102;641485.16;1113144.24;2013-12-05T00:00:00
25351249;595209;Žïár nad Sázavou;;;;;125521;Stržanov;;;è.p.;92;;;59102;641665.00;1110801.68;2013-12-05T00:00:00
25360124;595209;Žïár nad Sázavou;;;;;412813;Žïár nad Sázavou 2;656003;Vejmluvova;è.p.;386;3;;59102;641487.07;1113182.13;2013-12-05T00:00:00
25360132;595209;Žïár nad Sázavou;;;;;412813;Žïár nad Sázavou 2;656003;Vejmluvova;è.p.;394;19;;59102;641483.67;1113130.54;2013-12-05T00:00:00
25401262;595209;Žïár nad Sázavou;;;;;180840;Veselíèko;;;è.p.;73;;;59101;637220.21;1115889.81;2013-12-05T00:00:00
25401271;595209;Žïár nad Sázavou;;;;;412813;Žïár nad Sázavou 2;656003;Vejmluvova;è.p.;417;50;;59102;641529.89;1113024.62;2013-12-05T00:00:00
25401289;595209;Žïár nad Sázavou;;;;;412830;Žïár nad Sázavou 4;655503;Nerudova;è.p.;114;7;;59101;641451.00;1114950.00;2013-12-05T00:00:00
25401297;595209;Žïár nad Sázavou;;;;;412830;Žïár nad Sázavou 4;655503;Nerudova;è.p.;134;5;;59101;641474.71;1114959.36;2013-12-05T00:00:00
25401301;595209;Žïár nad Sázavou;;;;;412830;Žïár nad Sázavou 4;655503;Nerudova;è.p.;362;1;;59101;641447.99;1114969.68;2013-12-05T00:00:00
25415751;595209;Žïár nad Sázavou;;;;;412848;Žïár nad Sázavou 5;692913;U Hrázek;è.p.;2248;2;;59101;640894.00;1113731.31;2013-12-05T00:00:00
25415760;595209;Žïár nad Sázavou;;;;;412848;Žïár nad Sázavou 5;692913;U Hrázek;è.p.;2250;6;;59101;640910.42;1113705.33;2013-12-05T00:00:00
25415778;595209;Žïár nad Sázavou;;;;;412848;Žïár nad Sázavou 5;692913;U Hrázek;è.p.;2251;8;;59101;640918.95;1113691.71;2013-12-05T00:00:00
25415786;595209;Žïár nad Sázavou;;;;;412848;Žïár nad Sázavou 5;692913;U Hrázek;è.p.;2255;16;;59101;640886.85;1113621.28;2013-12-05T00:00:00
25415794;595209;Žïár nad Sázavou;;;;;412848;Žïár nad Sázavou 5;692913;U Hrázek;è.p.;2259;24;;59101;640790.90;1113656.14;2013-12-05T00:00:00
25415808;595209;Žïár nad Sázavou;;;;;412848;Žïár nad Sázavou 5;692913;U Hrázek;è.p.;2262;30;;59101;640835.92;1113691.95;2013-12-05T00:00:00
25423266;595209;Žïár nad Sázavou;;;;;412805;Žïár nad Sázavou 1;655252;Jungmannova;è.p.;2278;16;;59101;641588.79;1113733.02;2013-12-05T00:00:00
25423274;595209;Žïár nad Sázavou;;;;;412805;Žïár nad Sázavou 1;655015;Brnìnská;è.p.;2279;39;;59101;641502.57;1115167.04;2013-12-05T00:00:00
25423282;595209;Žïár nad Sázavou;;;;;125521;Stržanov;;;è.p.;94;;;59102;641668.55;1110863.16;2013-12-05T00:00:00
25428942;595209;Žïár nad Sázavou;;;;;195341;Radonín;;;è.p.;20;;;59101;642522.19;1116666.74;2013-12-05T00:00:00
25458931;595209;Žïár nad Sázavou;;;;;412813;Žïár nad Sázavou 2;655538;Nová;è.p.;378;29;;59102;641466.61;1113247.90;2013-12-05T00:00:00
25458949;595209;Žïár nad Sázavou;;;;;412813;Žïár nad Sázavou 2;655538;Nová;è.p.;383;19;;59102;641454.70;1113284.23;2013-12-05T00:00:00
25458957;595209;Žïár nad Sázavou;;;;;412848;Žïár nad Sázavou 5;692913;U Hrázek;è.p.;2252;10;;59101;640926.19;1113679.51;2013-12-05T00:00:00
25458965;595209;Žïár nad Sázavou;;;;;412848;Žïár nad Sázavou 5;692913;U Hrázek;è.p.;2254;14;;59101;640910.00;1113635.31;2013-12-05T00:00:00
25470248;595209;Žïár nad Sázavou;;;;;412805;Žïár nad Sázavou 1;655708;Smíchov;è.p.;2280;1;;59101;642285.33;1115251.13;2013-12-05T00:00:00
25470256;595209;Žïár nad Sázavou;;;;;412813;Žïár nad Sázavou 2;655091;Dvorská;è.p.;492;48;;59102;641984.09;1112279.43;2013-12-05T00:00:00
25485679;595209;Žïár nad Sázavou;;;;;412813;Žïár nad Sázavou 2;656003;Vejmluvova;è.p.;396;23;;59102;641483.23;1113118.12;2013-12-05T00:00:00
25485687;595209;Žïár nad Sázavou;;;;;412813;Žïár nad Sázavou 2;655864;U Taferny;è.p.;493;11;;59102;642159.82;1112846.25;2013-12-05T00:00:00
25485695;595209;Žïár nad Sázavou;;;;;412848;Žïár nad Sázavou 5;692913;U Hrázek;è.p.;2253;12;;59101;640936.46;1113653.69;2013-12-05T00:00:00
25551043;595209;Žïár nad Sázavou;;;;;412805;Žïár nad Sázavou 1;655015;Brnìnská;è.p.;2282;41;;59101;640956.48;1116017.77;2013-12-05T00:00:00
25551051;595209;Žïár nad Sázavou;;;;;412813;Žïár nad Sázavou 2;655538;Nová;è.p.;384;17;;59102;641452.45;1113291.62;2013-12-05T00:00:00
25551060;595209;Žïár nad Sázavou;;;;;412848;Žïár nad Sázavou 5;655945;Vysocká;è.p.;2281;64;;59101;640616.75;1113637.40;2014-02-17T00:00:00
25555421;595209;Žïár nad Sázavou;;;;;412848;Žïár nad Sázavou 5;692913;U Hrázek;è.p.;2258;22;;59101;640799.70;1113614.95;2013-12-05T00:00:00
25555430;595209;Žïár nad Sázavou;;;;;412848;Žïár nad Sázavou 5;692913;U Hrázek;è.p.;2261;28;;59101;640823.55;1113684.60;2013-12-05T00:00:00
25555448;595209;Žïár nad Sázavou;;;;;412848;Žïár nad Sázavou 5;692913;U Hrázek;è.p.;2263;32;;59101;640849.97;1113701.42;2013-12-05T00:00:00
25555456;595209;Žïár nad Sázavou;;;;;412848;Žïár nad Sázavou 5;692913;U Hrázek;è.p.;2265;1;;59101;640882.23;1113687.26;2013-12-05T00:00:00
25555464;595209;Žïár nad Sázavou;;;;;412848;Žïár nad Sázavou 5;692913;U Hrázek;è.p.;2266;3;;59101;640894.87;1113668.37;2013-12-05T00:00:00
25555472;595209;Žïár nad Sázavou;;;;;412848;Žïár nad Sázavou 5;692913;U Hrázek;è.p.;2268;7;;59101;640864.72;1113676.65;2013-12-05T00:00:00
25613031;595209;Žïár nad Sázavou;;;;;412813;Žïár nad Sázavou 2;656003;Vejmluvova;è.p.;425;34;;59102;641522.50;1113083.99;2013-12-05T00:00:00
25613049;595209;Žïár nad Sázavou;;;;;412805;Žïár nad Sázavou 1;655236;Jihlavská;è.p.;2283;28;;59101;641409.28;1115896.77;2013-12-05T00:00:00
25613057;595209;Žïár nad Sázavou;;;;;412856;Žïár nad Sázavou 7;655376;Kosinkova;è.p.;1780;11;;59101;641179.86;1114417.56;2013-12-05T00:00:00
25613065;595209;Žïár nad Sázavou;;;;;412805;Žïár nad Sázavou 1;655368;Libušínská;è.p.;2284;15;;59101;641902.89;1114087.23;2013-12-05T00:00:00
25633635;595209;Žïár nad Sázavou;;;;;412864;Žïár nad Sázavou 6;656054;Palachova;è.p.;2285;39;;59101;641768.71;1115233.10;2014-10-15T00:00:00
25668153;595209;Žïár nad Sázavou;;;;;195294;Mìlkovice;;;è.p.;2287;;;59101;638440.99;1115952.97;2013-12-05T00:00:00
25668161;595209;Žïár nad Sázavou;;;;;412805;Žïár nad Sázavou 1;655546;Novomìstská;è.p.;2286;17;;59101;640876.21;1115068.57;2013-12-05T00:00:00
25668170;595209;Žïár nad Sázavou;;;;;412848;Žïár nad Sázavou 5;692913;U Hrázek;è.p.;2267;5;;59101;640872.88;1113655.56;2013-12-05T00:00:00
25674005;595209;Žïár nad Sázavou;;;;;125521;Stržanov;;;è.p.;95;;;59102;641287.90;1110451.52;2013-12-05T00:00:00
25674013;595209;Žïár nad Sázavou;;;;;125521;Stržanov;;;è.p.;97;;;59102;641269.93;1110435.40;2013-12-05T00:00:00
25693131;595209;Žïár nad Sázavou;;;;;195341;Radonín;;;è.p.;21;;;59101;642527.45;1116562.12;2013-12-05T00:00:00
25693140;595209;Žïár nad Sázavou;;;;;180840;Veselíèko;;;è.p.;74;;;59101;637278.16;1115801.89;2024-02-01T00:00:00
25693158;595209;Žïár nad Sázavou;;;;;412805;Žïár nad Sázavou 1;655236;Jihlavská;è.p.;2288;5;;59101;641754.57;1116058.40;2014-02-17T00:00:00
25806963;595209;Žïár nad Sázavou;;;;;125521;Stržanov;;;è.p.;98;;;59102;641671.95;1110832.43;2014-02-14T00:00:00
25806971;595209;Žïár nad Sázavou;;;;;180840;Veselíèko;;;è.p.;75;;;59101;637054.85;1115820.40;2021-12-22T00:00:00
25806980;595209;Žïár nad Sázavou;;;;;412805;Žïár nad Sázavou 1;655104;Dvoøákova;è.p.;2289;8;;59101;642145.64;1115287.73;2013-12-05T00:00:00
25811444;595209;Žïár nad Sázavou;;;;;412805;Žïár nad Sázavou 1;655724;Strojírenská;è.p.;2244;34;;59101;642215.35;1115215.94;2014-02-24T00:00:00
25829289;595209;Žïár nad Sázavou;;;;;412805;Žïár nad Sázavou 1;;;è.ev.;127;;;59101;639784.27;1116604.07;2014-01-10T00:00:00
25829297;595209;Žïár nad Sázavou;;;;;412813;Žïár nad Sázavou 2;656003;Vejmluvova;è.p.;460;16;;59102;641524.42;1113154.65;2013-12-05T00:00:00
25850920;595209;Žïár nad Sázavou;;;;;125521;Stržanov;;;è.p.;99;;;59102;641569.28;1110752.78;2013-12-05T00:00:00
25850938;595209;Žïár nad Sázavou;;;;;412805;Žïár nad Sázavou 1;;;è.ev.;128;;;59101;640210.87;1116257.40;2013-12-05T00:00:00
25850946;595209;Žïár nad Sázavou;;;;;412805;Žïár nad Sázavou 1;;;è.ev.;132;;;59101;639667.25;1116830.53;2013-12-05T00:00:00
25850954;595209;Žïár nad Sázavou;;;;;412813;Žïár nad Sázavou 2;656003;Vejmluvova;è.p.;405;74;;59101;641545.21;1112942.76;2013-12-05T00:00:00
25944789;595209;Žïár nad Sázavou;;;;;412805;Žïár nad Sázavou 1;655210;Jamská;è.p.;2292;39;;59101;641106.67;1115064.61;2013-12-05T00:00:00
25944797;595209;Žïár nad Sázavou;;;;;412813;Žïár nad Sázavou 2;656071;Studnièní;è.p.;331;41;;59102;641474.27;1113077.62;2013-12-05T00:00:00
25944801;595209;Žïár nad Sázavou;;;;;412813;Žïár nad Sázavou 2;655538;Nová;è.p.;379;27;;59102;641463.79;1113255.52;2013-12-05T00:00:00
25944819;595209;Žïár nad Sázavou;;;;;412848;Žïár nad Sázavou 5;692913;U Hrázek;è.p.;2264;34;;59101;640864.19;1113710.32;2013-12-05T00:00:00
25968998;595209;Žïár nad Sázavou;;;;;412805;Žïár nad Sázavou 1;655015;Brnìnská;è.p.;2345;43;;59101;640873.16;1116324.52;2013-12-05T00:00:00
25969021;595209;Žïár nad Sázavou;;;;;412813;Žïár nad Sázavou 2;656003;Vejmluvova;è.p.;321;43;;59102;641493.26;1113023.45;2013-12-05T00:00:00
25969030;595209;Žïár nad Sázavou;;;;;412813;Žïár nad Sázavou 2;656003;Vejmluvova;è.p.;426;32;;59102;641524.28;1113090.25;2013-12-05T00:00:00
25969048;595209;Žïár nad Sázavou;;;;;412848;Žïár nad Sázavou 5;692913;U Hrázek;è.p.;2341;36;;59101;640880.19;1113753.83;2013-12-05T00:00:00
25969056;595209;Žïár nad Sázavou;;;;;412813;Žïár nad Sázavou 2;655856;U Pily;è.p.;238;32;;59102;641471.90;1113538.98;2013-12-05T00:00:00
25998595;595209;Žïár nad Sázavou;;;;;412805;Žïár nad Sázavou 1;655210;Jamská;è.p.;2290;35;;59101;641131.55;1115027.51;2014-02-17T00:00:00
25998609;595209;Žïár nad Sázavou;;;;;412805;Žïár nad Sázavou 1;655015;Brnìnská;è.p.;2347;47;;59101;640936.89;1116421.18;2013-12-05T00:00:00
26002787;595209;Žïár nad Sázavou;;;;;412805;Žïár nad Sázavou 1;655210;Jamská;è.p.;2293;41;;59101;641092.14;1115081.62;2013-12-05T00:00:00
26002795;595209;Žïár nad Sázavou;;;;;412805;Žïár nad Sázavou 1;655210;Jamská;è.p.;2294;43;;59101;641077.19;1115099.30;2013-12-05T00:00:00
26002809;595209;Žïár nad Sázavou;;;;;412813;Žïár nad Sázavou 2;656003;Vejmluvova;è.p.;406;72;;59101;641541.43;1112957.83;2013-12-05T00:00:00
26002833;595209;Žïár nad Sázavou;;;;;412805;Žïár nad Sázavou 1;655902;Veselská;è.p.;9;15;;59101;641980.49;1114781.46;2013-12-05T00:00:00
26002841;595209;Žïár nad Sázavou;;;;;412805;Žïár nad Sázavou 1;655902;Veselská;è.p.;17;33;;59101;642111.25;1114867.84;2013-12-05T00:00:00
26050188;595209;Žïár nad Sázavou;;;;;412805;Žïár nad Sázavou 1;655902;Veselská;è.p.;11;19;;59101;642001.35;1114797.28;2013-12-05T00:00:00
26050196;595209;Žïár nad Sázavou;;;;;412805;Žïár nad Sázavou 1;655902;Veselská;è.p.;12;21;;59101;642012.85;1114806.00;2013-12-05T00:00:00
26050200;595209;Žïár nad Sázavou;;;;;412805;Žïár nad Sázavou 1;655902;Veselská;è.p.;13;23;;59101;642023.94;1114814.67;2013-12-05T00:00:00
26050218;595209;Žïár nad Sázavou;;;;;412805;Žïár nad Sázavou 1;655902;Veselská;è.p.;15;27;;59101;642076.18;1114853.17;2013-12-05T00:00:00
26050226;595209;Žïár nad Sázavou;;;;;412805;Žïár nad Sázavou 1;655902;Veselská;è.p.;16;29;;59101;642086.12;1114857.07;2013-12-05T00:00:00
26050234;595209;Žïár nad Sázavou;;;;;412805;Žïár nad Sázavou 1;655970;Zahradní;è.p.;387;2;;59101;641974.14;1114717.78;2013-12-05T00:00:00
26050242;595209;Žïár nad Sázavou;;;;;412805;Žïár nad Sázavou 1;655210;Jamská;è.p.;2291;37;;59101;641119.20;1115049.63;2013-12-05T00:00:00
26050251;595209;Žïár nad Sázavou;;;;;412813;Žïár nad Sázavou 2;656003;Vejmluvova;è.p.;319;47;;59102;641493.58;1113011.06;2013-12-05T00:00:00
26050269;595209;Žïár nad Sázavou;;;;;412813;Žïár nad Sázavou 2;656003;Vejmluvova;è.p.;464;8;;59102;641527.39;1113181.74;2013-12-05T00:00:00
26050277;595209;Žïár nad Sázavou;;;;;195294;Mìlkovice;;;è.p.;2348;;;59101;638673.55;1115374.96;2013-12-05T00:00:00
26070014;595209;Žïár nad Sázavou;;;;;412813;Žïár nad Sázavou 2;656003;Vejmluvova;è.p.;320;45;;59102;641491.10;1113016.25;2013-12-05T00:00:00
26070022;595209;Žïár nad Sázavou;;;;;412813;Žïár nad Sázavou 2;655538;Nová;è.p.;382;21;;59102;641457.52;1113278.48;2013-12-05T00:00:00
26088495;595209;Žïár nad Sázavou;;;;;412805;Žïár nad Sázavou 1;655015;Brnìnská;è.p.;2349;50;;59101;641201.00;1115391.84;2015-11-13T00:00:00
26088509;595209;Žïár nad Sázavou;;;;;412813;Žïár nad Sázavou 2;656003;Vejmluvova;è.p.;395;21;;59102;641486.14;1113125.65;2013-12-05T00:00:00
26088517;595209;Žïár nad Sázavou;;;;;412821;Žïár nad Sázavou 3;742121;Vápenická;è.p.;2311;6;;59101;642386.63;1114053.30;2013-12-05T00:00:00
26088525;595209;Žïár nad Sázavou;;;;;412821;Žïár nad Sázavou 3;742121;Vápenická;è.p.;2339;45;;59101;642440.99;1113910.72;2013-12-05T00:00:00
26115077;595209;Žïár nad Sázavou;;;;;412805;Žïár nad Sázavou 1;655902;Veselská;è.p.;8;13;;59101;641968.51;1114772.40;2013-12-05T00:00:00
26115085;595209;Žïár nad Sázavou;;;;;412805;Žïár nad Sázavou 1;655651;Rybníèek;è.p.;2350;9;;59101;641284.89;1115275.09;2020-03-15T00:00:00
26115093;595209;Žïár nad Sázavou;;;;;412813;Žïár nad Sázavou 2;655678;Santiniho;è.p.;494;24;;59102;641892.29;1112301.12;2013-12-05T00:00:00
26151529;595209;Žïár nad Sázavou;;;;;412805;Žïár nad Sázavou 1;;;è.ev.;169;;;59101;640238.24;1116072.45;2013-12-05T00:00:00
26151537;595209;Žïár nad Sázavou;;;;;412805;Žïár nad Sázavou 1;655724;Strojírenská;è.p.;2351;40;;59101;642455.89;1114888.40;2013-12-05T00:00:00
26151545;595209;Žïár nad Sázavou;;;;;412821;Žïár nad Sázavou 3;655554;Okružní;è.p.;2352;77;;59101;642484.41;1113938.74;2013-12-05T00:00:00
26170973;595209;Žïár nad Sázavou;;;;;125521;Stržanov;;;è.p.;103;;;59102;641299.83;1110417.73;2013-12-05T00:00:00
26170981;595209;Žïár nad Sázavou;;;;;125521;Stržanov;;;è.p.;107;;;59102;641337.00;1110391.92;2013-12-05T00:00:00
26170990;595209;Žïár nad Sázavou;;;;;412821;Žïár nad Sázavou 3;748633;Trhová;è.p.;2304;10;;59101;642277.22;1113970.05;2013-12-05T00:00:00
26177030;595209;Žïár nad Sázavou;;;;;412813;Žïár nad Sázavou 2;656003;Vejmluvova;è.p.;413;58;;59102;641534.48;1113000.07;2013-12-05T00:00:00
26181363;595209;Žïár nad Sázavou;;;;;195294;Mìlkovice;;;è.p.;2355;;;59101;638866.83;1115523.11;2013-12-05T00:00:00
26181371;595209;Žïár nad Sázavou;;;;;412805;Žïár nad Sázavou 1;655210;Jamská;è.p.;2360;49;;59101;640414.00;1115965.05;2019-03-29T00:00:00
26189038;595209;Žïár nad Sázavou;;;;;412805;Žïár nad Sázavou 1;655902;Veselská;è.p.;14;25;;59101;642067.88;1114847.56;2013-12-05T00:00:00
26189046;595209;Žïár nad Sázavou;;;;;412805;Žïár nad Sázavou 1;;;è.ev.;150;;;59101;639671.70;1116978.59;2013-12-05T00:00:00
26189054;595209;Žïár nad Sázavou;;;;;412813;Žïár nad Sázavou 2;656003;Vejmluvova;è.p.;325;35;;59102;641487.63;1113045.51;2013-12-05T00:00:00
26189062;595209;Žïár nad Sázavou;;;;;412813;Žïár nad Sázavou 2;654973;Bezruèova;è.p.;441;60;;59101;641756.76;1113040.25;2013-12-05T00:00:00
26295717;595209;Žïár nad Sázavou;;;;;180840;Veselíèko;;;è.p.;76;;;59101;637136.53;1116100.48;2013-12-05T00:00:00
26295733;595209;Žïár nad Sázavou;;;;;412821;Žïár nad Sázavou 3;742121;Vápenická;è.p.;2313;10;;59101;642377.22;1114016.68;2013-12-05T00:00:00
26295741;595209;Žïár nad Sázavou;;;;;412821;Žïár nad Sázavou 3;742121;Vápenická;è.p.;2315;14;;59101;642379.14;1113981.24;2013-12-05T00:00:00
26295750;595209;Žïár nad Sázavou;;;;;412821;Žïár nad Sázavou 3;742121;Vápenická;è.p.;2336;39;;59101;642427.29;1113923.80;2013-12-05T00:00:00
26504944;595209;Žïár nad Sázavou;;;;;412805;Žïár nad Sázavou 1;655015;Brnìnská;è.p.;2365;49;;59101;640880.02;1116250.30;2013-12-05T00:00:00
26507838;595209;Žïár nad Sázavou;;;;;412821;Žïár nad Sázavou 3;748633;Trhová;è.p.;2305;7;;59101;642325.31;1114012.40;2013-12-05T00:00:00
26514371;595209;Žïár nad Sázavou;;;;;125521;Stržanov;;;è.p.;96;;;59102;641277.10;1110399.05;2013-12-05T00:00:00
26541645;595209;Žïár nad Sázavou;;;;;412805;Žïár nad Sázavou 1;655210;Jamská;è.p.;2358;45;;59101;640700.71;1115643.49;2013-12-05T00:00:00
26576643;595209;Žïár nad Sázavou;;;;;412821;Žïár nad Sázavou 3;742121;Vápenická;è.p.;2340;47;;59101;642448.50;1113903.81;2013-12-05T00:00:00
26578204;595209;Žïár nad Sázavou;;;;;412821;Žïár nad Sázavou 3;742121;Vápenická;è.p.;2309;2;;59101;642385.02;1114090.04;2013-12-05T00:00:00
26594668;595209;Žïár nad Sázavou;;;;;195294;Mìlkovice;;;è.p.;2372;;;59101;638400.97;1115512.84;2013-12-05T00:00:00
26594676;595209;Žïár nad Sázavou;;;;;412805;Žïár nad Sázavou 1;655210;Jamská;è.p.;2359;47;;59101;640546.03;1115673.84;2013-12-05T00:00:00
26594684;595209;Žïár nad Sázavou;;;;;412821;Žïár nad Sázavou 3;748633;Trhová;è.p.;2344;13;;59101;642322.98;1113937.30;2013-12-05T00:00:00
26609304;595209;Žïár nad Sázavou;;;;;412821;Žïár nad Sázavou 3;742121;Vápenická;è.p.;2317;1;;59101;642424.20;1114101.52;2013-12-05T00:00:00
26641364;595209;Žïár nad Sázavou;;;;;125521;Stržanov;;;è.p.;108;;;59102;641457.40;1110702.56;2013-12-05T00:00:00
26641372;595209;Žïár nad Sázavou;;;;;412805;Žïár nad Sázavou 1;;;è.ev.;156;;;59101;639532.43;1116872.99;2013-12-05T00:00:00
26641381;595209;Žïár nad Sázavou;;;;;412805;Žïár nad Sázavou 1;655724;Strojírenská;è.p.;2209;42;;59101;642863.89;1115091.21;2013-12-05T00:00:00
26641399;595209;Žïár nad Sázavou;;;;;412821;Žïár nad Sázavou 3;771341;Libická;è.p.;2295;1;;59101;642338.71;1114158.40;2013-12-05T00:00:00
26641402;595209;Žïár nad Sázavou;;;;;412864;Žïár nad Sázavou 6;655031;Chelèického;è.p.;2296;3;;59101;641969.36;1115588.65;2013-12-05T00:00:00
26641411;595209;Žïár nad Sázavou;;;;;412864;Žïár nad Sázavou 6;655031;Chelèického;è.p.;2297;5;;59101;641975.59;1115579.69;2013-12-05T00:00:00
26671409;595209;Žïár nad Sázavou;;;;;195294;Mìlkovice;;;è.p.;2356;;;59101;638903.37;1115556.71;2013-12-05T00:00:00
26671417;595209;Žïár nad Sázavou;;;;;412805;Žïár nad Sázavou 1;655724;Strojírenská;è.p.;2298;44;;59101;642490.42;1114905.86;2013-12-05T00:00:00
26671425;595209;Žïár nad Sázavou;;;;;412821;Žïár nad Sázavou 3;748633;Trhová;è.p.;2307;3;;59101;642328.70;1114047.91;2013-12-05T00:00:00
26671433;595209;Žïár nad Sázavou;;;;;412821;Žïár nad Sázavou 3;742121;Vápenická;è.p.;2318;3;;59101;642423.38;1114094.13;2013-12-05T00:00:00
26671441;595209;Žïár nad Sázavou;;;;;412821;Žïár nad Sázavou 3;742121;Vápenická;è.p.;2332;31;;59101;642406.10;1113980.54;2013-12-05T00:00:00
26690641;595209;Žïár nad Sázavou;;;;;195294;Mìlkovice;;;è.p.;2374;;;59101;639482.07;1115548.86;2013-12-05T00:00:00
26690659;595209;Žïár nad Sázavou;;;;;412805;Žïár nad Sázavou 1;655171;Horní;è.p.;2299;36;;59101;641559.31;1115029.76;2013-12-05T00:00:00
26690667;595209;Žïár nad Sázavou;;;;;412805;Žïár nad Sázavou 1;655830;Tyršova;è.p.;2331;2;;59101;641707.96;1115054.88;2013-12-05T00:00:00
26690675;595209;Žïár nad Sázavou;;;;;412805;Žïár nad Sázavou 1;655236;Jihlavská;è.p.;2373;30;;59101;641249.78;1115610.15;2013-12-05T00:00:00
26690683;595209;Žïár nad Sázavou;;;;;412830;Žïár nad Sázavou 4;655899;Vanèurova;è.p.;1131;14;;59101;641407.02;1114737.25;2014-02-17T00:00:00
26736047;595209;Žïár nad Sázavou;;;;;412805;Žïár nad Sázavou 1;;;è.ev.;147;;;59101;639645.31;1116914.16;2013-12-05T00:00:00
26736055;595209;Žïár nad Sázavou;;;;;412805;Žïár nad Sázavou 1;;;è.ev.;152;;;59101;639631.14;1116939.41;2013-12-05T00:00:00
26736063;595209;Žïár nad Sázavou;;;;;412805;Žïár nad Sázavou 1;;;è.ev.;154;;;59101;639583.98;1116905.28;2013-12-05T00:00:00
26736071;595209;Žïár nad Sázavou;;;;;412805;Žïár nad Sázavou 1;;;è.ev.;168;;;59101;640285.05;1116271.86;2013-12-05T00:00:00
26996901;595209;Žïár nad Sázavou;;;;;195341;Radonín;;;è.p.;10;;;59101;642559.35;1116708.76;2013-12-05T00:00:00
26996910;595209;Žïár nad Sázavou;;;;;412805;Žïár nad Sázavou 1;;;è.ev.;170;;;59101;640135.33;1116149.55;2013-12-05T00:00:00
26996928;595209;Žïár nad Sázavou;;;;;412813;Žïár nad Sázavou 2;656003;Vejmluvova;è.p.;326;33;;59102;641491.98;1113053.62;2020-03-13T00:00:00
27095606;595209;Žïár nad Sázavou;;;;;412805;Žïár nad Sázavou 1;655210;Jamská;è.p.;2361;51;;59101;640465.78;1115986.19;2019-05-07T00:00:00
27095614;595209;Žïár nad Sázavou;;;;;412805;Žïár nad Sázavou 1;655210;Jamská;è.p.;2362;53;;59101;640475.19;1115837.39;2013-12-05T00:00:00
27095631;595209;Žïár nad Sázavou;;;;;412805;Žïár nad Sázavou 1;655210;Jamská;è.p.;2364;57;;59101;640560.70;1115874.67;2013-12-05T00:00:00
27106144;595209;Žïár nad Sázavou;;;;;195294;Mìlkovice;;;è.p.;2357;;;59101;638925.88;1115554.31;2013-12-05T00:00:00
27106152;595209;Žïár nad Sázavou;;;;;412805;Žïár nad Sázavou 1;;;è.ev.;148;;;59101;639668.67;1116933.71;2013-12-05T00:00:00
27106161;595209;Žïár nad Sázavou;;;;;412813;Žïár nad Sázavou 2;655678;Santiniho;è.p.;495;28;;59102;641887.37;1111835.78;2013-12-05T00:00:00
27106179;595209;Žïár nad Sázavou;;;;;412821;Žïár nad Sázavou 3;655554;Okružní;è.p.;2375;81;;59101;642855.98;1114390.69;2013-12-05T00:00:00
27139590;595209;Žïár nad Sázavou;;;;;412821;Žïár nad Sázavou 3;742121;Vápenická;è.p.;2319;5;;59101;642422.77;1114086.61;2013-12-05T00:00:00
27139603;595209;Žïár nad Sázavou;;;;;412864;Žïár nad Sázavou 6;655031;Chelèického;è.p.;2376;7;;59101;642098.73;1115509.80;2013-12-05T00:00:00
27139611;595209;Žïár nad Sázavou;;;;;412856;Žïár nad Sázavou 7;655287;Kavánova;è.p.;2423;22;;59101;640728.04;1114947.26;2013-12-05T00:00:00
27196844;595209;Žïár nad Sázavou;;;;;125521;Stržanov;;;è.p.;104;;;59102;641521.24;1110704.84;2013-12-05T00:00:00
27196852;595209;Žïár nad Sázavou;;;;;412805;Žïár nad Sázavou 1;655015;Brnìnská;è.p.;2424;53;;59101;640870.58;1116395.18;2013-12-05T00:00:00
27196861;595209;Žïár nad Sázavou;;;;;412821;Žïár nad Sázavou 3;742121;Vápenická;è.p.;2312;8;;59101;642380.67;1114045.51;2013-12-05T00:00:00
27196879;595209;Žïár nad Sázavou;;;;;412821;Žïár nad Sázavou 3;742121;Vápenická;è.p.;2314;12;;59101;642376.64;1114007.38;2013-12-05T00:00:00
27196887;595209;Žïár nad Sázavou;;;;;412821;Žïár nad Sázavou 3;778257;Kupecká;è.p.;2385;18;;59101;642206.29;1113755.91;2013-12-05T00:00:00
27266991;595209;Žïár nad Sázavou;;;;;412821;Žïár nad Sázavou 3;778231;U Køížku;è.p.;2417;11;;59101;642417.56;1113592.49;2013-12-05T00:00:00
27267008;595209;Žïár nad Sázavou;;;;;412821;Žïár nad Sázavou 3;778231;U Køížku;è.p.;2418;9;;59101;642429.21;1113616.67;2013-12-05T00:00:00
27267016;595209;Žïár nad Sázavou;;;;;412821;Žïár nad Sázavou 3;778231;U Køížku;è.p.;2419;7;;59101;642446.94;1113645.81;2013-12-05T00:00:00
27267024;595209;Žïár nad Sázavou;;;;;412821;Žïár nad Sázavou 3;778231;U Køížku;è.p.;2420;5;;59101;642455.30;1113669.86;2013-12-05T00:00:00
27267032;595209;Žïár nad Sázavou;;;;;412821;Žïár nad Sázavou 3;778231;U Køížku;è.p.;2421;3;;59101;642461.22;1113693.07;2013-12-05T00:00:00
27267041;595209;Žïár nad Sázavou;;;;;412821;Žïár nad Sázavou 3;778231;U Køížku;è.p.;2422;1;;59101;642473.00;1113720.00;2013-12-05T00:00:00
27267059;595209;Žïár nad Sázavou;;;;;412821;Žïár nad Sázavou 3;778222;Uhlíøská;è.p.;2403;11;;59101;642365.24;1113702.04;2018-03-01T00:00:00
27267067;595209;Žïár nad Sázavou;;;;;412821;Žïár nad Sázavou 3;778222;Uhlíøská;è.p.;2404;9;;59101;642368.92;1113720.06;2013-12-05T00:00:00
27267075;595209;Žïár nad Sázavou;;;;;412821;Žïár nad Sázavou 3;778222;Uhlíøská;è.p.;2405;7;;59101;642376.89;1113742.52;2013-12-05T00:00:00
27267083;595209;Žïár nad Sázavou;;;;;412821;Žïár nad Sázavou 3;778222;Uhlíøská;è.p.;2406;5;;59101;642380.85;1113761.80;2013-12-05T00:00:00
27267091;595209;Žïár nad Sázavou;;;;;412821;Žïár nad Sázavou 3;778222;Uhlíøská;è.p.;2407;3;;59101;642393.17;1113778.95;2013-12-05T00:00:00
27267105;595209;Žïár nad Sázavou;;;;;412821;Žïár nad Sázavou 3;778222;Uhlíøská;è.p.;2408;1;;59101;642401.43;1113800.71;2014-02-13T00:00:00
27267113;595209;Žïár nad Sázavou;;;;;412821;Žïár nad Sázavou 3;778222;Uhlíøská;è.p.;2409;2;;59101;642424.95;1113759.90;2013-12-05T00:00:00
27267121;595209;Žïár nad Sázavou;;;;;412821;Žïár nad Sázavou 3;778222;Uhlíøská;è.p.;2410;4;;59101;642415.09;1113735.86;2013-12-05T00:00:00
27267130;595209;Žïár nad Sázavou;;;;;412821;Žïár nad Sázavou 3;778222;Uhlíøská;è.p.;2411;6;;59101;642406.58;1113719.07;2013-12-05T00:00:00
27267148;595209;Žïár nad Sázavou;;;;;412821;Žïár nad Sázavou 3;778222;Uhlíøská;è.p.;2412;8;;59101;642396.16;1113704.88;2013-12-05T00:00:00
27267156;595209;Žïár nad Sázavou;;;;;412821;Žïár nad Sázavou 3;778222;Uhlíøská;è.p.;2413;10;;59101;642392.41;1113678.85;2013-12-05T00:00:00
27267164;595209;Žïár nad Sázavou;;;;;412821;Žïár nad Sázavou 3;778222;Uhlíøská;è.p.;2414;12;;59101;642385.00;1113662.00;2013-12-05T00:00:00
27267172;595209;Žïár nad Sázavou;;;;;412821;Žïár nad Sázavou 3;778222;Uhlíøská;è.p.;2415;14;;59101;642372.88;1113640.54;2015-04-01T00:00:00
27267181;595209;Žïár nad Sázavou;;;;;412821;Žïár nad Sázavou 3;778222;Uhlíøská;è.p.;2416;16;;59101;642369.41;1113620.58;2013-12-05T00:00:00
27267199;595209;Žïár nad Sázavou;;;;;412821;Žïár nad Sázavou 3;778257;Kupecká;è.p.;2377;2;;59101;642260.50;1113913.09;2013-12-05T00:00:00
27267202;595209;Žïár nad Sázavou;;;;;412821;Žïár nad Sázavou 3;778257;Kupecká;è.p.;2378;4;;59101;642248.00;1113896.00;2013-12-05T00:00:00
27267211;595209;Žïár nad Sázavou;;;;;412821;Žïár nad Sázavou 3;778257;Kupecká;è.p.;2379;6;;59101;642236.65;1113878.98;2013-12-05T00:00:00
27267229;595209;Žïár nad Sázavou;;;;;412821;Žïár nad Sázavou 3;778257;Kupecká;è.p.;2380;8;;59101;642231.00;1113858.00;2013-12-05T00:00:00
27267237;595209;Žïár nad Sázavou;;;;;412821;Žïár nad Sázavou 3;778257;Kupecká;è.p.;2381;10;;59101;642225.36;1113837.64;2013-12-05T00:00:00
27267245;595209;Žïár nad Sázavou;;;;;412821;Žïár nad Sázavou 3;778257;Kupecká;è.p.;2382;12;;59101;642223.84;1113818.00;2013-12-05T00:00:00
27267253;595209;Žïár nad Sázavou;;;;;412821;Žïár nad Sázavou 3;778257;Kupecká;è.p.;2383;14;;59101;642219.00;1113795.00;2013-12-05T00:00:00
27267261;595209;Žïár nad Sázavou;;;;;412821;Žïár nad Sázavou 3;778257;Kupecká;è.p.;2384;16;;59101;642208.09;1113778.98;2014-02-21T00:00:00
27267270;595209;Žïár nad Sázavou;;;;;412821;Žïár nad Sázavou 3;778257;Kupecká;è.p.;2386;1;;59101;642159.89;1113775.74;2013-12-05T00:00:00
27267288;595209;Žïár nad Sázavou;;;;;412821;Žïár nad Sázavou 3;778257;Kupecká;è.p.;2387;3;;59101;642116.45;1113754.63;2013-12-05T00:00:00
27267296;595209;Žïár nad Sázavou;;;;;412821;Žïár nad Sázavou 3;771341;Libická;è.p.;2388;17;;59101;642260.92;1113734.49;2013-12-05T00:00:00
27267300;595209;Žïár nad Sázavou;;;;;412821;Žïár nad Sázavou 3;771341;Libická;è.p.;2389;15;;59101;642267.25;1113750.58;2013-12-05T00:00:00
27267318;595209;Žïár nad Sázavou;;;;;412821;Žïár nad Sázavou 3;771341;Libická;è.p.;2390;13;;59101;642276.02;1113774.71;2013-12-05T00:00:00
27267326;595209;Žïár nad Sázavou;;;;;412821;Žïár nad Sázavou 3;771341;Libická;è.p.;2391;11;;59101;642282.91;1113794.80;2013-12-05T00:00:00
27267334;595209;Žïár nad Sázavou;;;;;412821;Žïár nad Sázavou 3;771341;Libická;è.p.;2392;9;;59101;642283.29;1113814.63;2013-12-05T00:00:00
27267342;595209;Žïár nad Sázavou;;;;;412821;Žïár nad Sázavou 3;771341;Libická;è.p.;2393;7;;59101;642295.00;1113836.00;2013-12-05T00:00:00
27267351;595209;Žïár nad Sázavou;;;;;412821;Žïár nad Sázavou 3;771341;Libická;è.p.;2394;5;;59101;642300.97;1113857.66;2013-12-05T00:00:00
27267369;595209;Žïár nad Sázavou;;;;;412821;Žïár nad Sázavou 3;771341;Libická;è.p.;2395;3;;59101;642302.00;1113879.00;2013-12-05T00:00:00
27267377;595209;Žïár nad Sázavou;;;;;412821;Žïár nad Sázavou 3;771341;Libická;è.p.;2396;2;;59101;642345.23;1113845.61;2013-12-05T00:00:00
27267385;595209;Žïár nad Sázavou;;;;;412821;Žïár nad Sázavou 3;771341;Libická;è.p.;2397;4;;59101;642334.80;1113823.78;2013-12-05T00:00:00
27267393;595209;Žïár nad Sázavou;;;;;412821;Žïár nad Sázavou 3;771341;Libická;è.p.;2398;6;;59101;642330.00;1113803.00;2013-12-05T00:00:00
27267415;595209;Žïár nad Sázavou;;;;;412821;Žïár nad Sázavou 3;771341;Libická;è.p.;2400;10;;59101;642317.24;1113771.88;2013-12-05T00:00:00
27267423;595209;Žïár nad Sázavou;;;;;412821;Žïár nad Sázavou 3;771341;Libická;è.p.;2401;12;;59101;642309.31;1113747.24;2013-12-05T00:00:00
27267431;595209;Žïár nad Sázavou;;;;;412821;Žïár nad Sázavou 3;771341;Libická;è.p.;2402;14;;59101;642303.65;1113724.64;2013-12-05T00:00:00
27303934;595209;Žïár nad Sázavou;;;;;412848;Žïár nad Sázavou 5;655945;Vysocká;è.p.;2425;63;;59101;640895.75;1113811.20;2013-12-05T00:00:00
27303942;595209;Žïár nad Sázavou;;;;;412821;Žïár nad Sázavou 3;742121;Vápenická;è.p.;2310;4;;59101;642384.16;1114079.32;2013-12-05T00:00:00
27303951;595209;Žïár nad Sázavou;;;;;412821;Žïár nad Sázavou 3;742121;Vápenická;è.p.;2328;23;;59101;642415.67;1114014.28;2013-12-05T00:00:00
27312739;595209;Žïár nad Sázavou;;;;;412805;Žïár nad Sázavou 1;;;è.ev.;129;;;59101;639604.68;1116792.28;2013-12-05T00:00:00
27312747;595209;Žïár nad Sázavou;;;;;412821;Žïár nad Sázavou 3;742121;Vápenická;è.p.;2329;25;;59101;642413.33;1114001.75;2013-12-05T00:00:00
27312755;595209;Žïár nad Sázavou;;;;;412821;Žïár nad Sázavou 3;742121;Vápenická;è.p.;2330;27;;59101;642407.71;1113995.29;2020-03-15T00:00:00
27368017;595209;Žïár nad Sázavou;;;;;412821;Žïár nad Sázavou 3;748633;Trhová;è.p.;2300;2;;59101;642296.48;1114100.71;2013-12-05T00:00:00
27368068;595209;Žïár nad Sázavou;;;;;412805;Žïár nad Sázavou 1;655724;Strojírenská;è.p.;2426;46;;59101;642473.81;1114876.98;2013-12-05T00:00:00
27404129;595209;Žïár nad Sázavou;;;;;195294;Mìlkovice;;;è.p.;2353;;;59101;638863.40;1115465.61;2013-12-05T00:00:00
27404137;595209;Žïár nad Sázavou;;;;;412805;Žïár nad Sázavou 1;;;è.ev.;171;;;59101;640076.08;1116233.93;2013-12-05T00:00:00
27404170;595209;Žïár nad Sázavou;;;;;412821;Žïár nad Sázavou 3;771341;Libická;è.p.;2427;19;;59101;642193.76;1113709.99;2014-02-14T00:00:00
27404188;595209;Žïár nad Sázavou;;;;;412821;Žïár nad Sázavou 3;778249;Sázavská;è.p.;2430;4;;59101;642213.61;1113702.05;2014-02-20T00:00:00
27404196;595209;Žïár nad Sázavou;;;;;412821;Žïár nad Sázavou 3;778249;Sázavská;è.p.;2431;2;;59101;642192.97;1113711.04;2014-02-20T00:00:00
27429822;595209;Žïár nad Sázavou;;;;;412821;Žïár nad Sázavou 3;771341;Libická;è.p.;2428;21;;59101;642253.56;1113702.84;2014-02-20T00:00:00
27429831;595209;Žïár nad Sázavou;;;;;412821;Žïár nad Sázavou 3;778249;Sázavská;è.p.;2429;6;;59101;642232.13;1113692.52;2014-02-20T00:00:00
27467651;595209;Žïár nad Sázavou;;;;;412805;Žïár nad Sázavou 1;;;è.ev.;155;;;59101;639557.28;1116889.89;2013-12-05T00:00:00
27470237;595209;Žïár nad Sázavou;;;;;412805;Žïár nad Sázavou 1;;;è.ev.;174;;;59101;640374.62;1116074.21;2013-12-05T00:00:00
27470245;595209;Žïár nad Sázavou;;;;;412805;Žïár nad Sázavou 1;;;è.ev.;175;;;59101;640075.42;1116201.97;2013-12-05T00:00:00
27470253;595209;Žïár nad Sázavou;;;;;412805;Žïár nad Sázavou 1;655368;Libušínská;è.p.;2433;48;;59101;641757.82;1114033.73;2013-12-05T00:00:00
27470261;595209;Žïár nad Sázavou;;;;;412805;Žïár nad Sázavou 1;655546;Novomìstská;è.p.;2434;7;;59101;640773.11;1115022.10;2014-02-20T00:00:00
27470270;595209;Žïár nad Sázavou;;;;;412813;Žïár nad Sázavou 2;656003;Vejmluvova;è.p.;407;70;;59102;641539.40;1112964.68;2013-12-05T00:00:00
27470288;595209;Žïár nad Sázavou;;;;;412821;Žïár nad Sázavou 3;656089;U Klafárku;è.p.;1685;3;;59101;642214.45;1114109.05;2014-01-28T00:00:00
27470296;595209;Žïár nad Sázavou;;;;;412821;Žïár nad Sázavou 3;656089;U Klafárku;è.p.;2037;1;;59101;642231.15;1114129.82;2013-12-05T00:00:00
27508838;595209;Žïár nad Sázavou;;;;;412805;Žïár nad Sázavou 1;655210;Jamská;è.p.;2435;3;;59101;640976.42;1115308.86;2013-12-05T00:00:00
27508846;595209;Žïár nad Sázavou;;;;;412805;Žïár nad Sázavou 1;655210;Jamská;è.p.;2436;5;;59101;640955.50;1115381.91;2013-12-05T00:00:00
27571157;595209;Žïár nad Sázavou;;;;;412813;Žïár nad Sázavou 2;655091;Dvorská;è.p.;496;47;;59102;641926.83;1112281.94;2013-12-05T00:00:00
27590526;595209;Žïár nad Sázavou;;;;;195294;Mìlkovice;;;è.p.;2438;;;59101;638595.11;1115499.57;2013-12-05T00:00:00
27597164;595209;Žïár nad Sázavou;;;;;180840;Veselíèko;;;è.ev.;77;;;59101;637408.79;1116415.50;2020-03-16T00:00:00
27625265;595209;Žïár nad Sázavou;;;;;412805;Žïár nad Sázavou 1;655210;Jamská;è.p.;2439;59;;59101;640815.51;1115558.79;2013-12-05T00:00:00
27631885;595209;Žïár nad Sázavou;;;;;412821;Žïár nad Sázavou 3;748633;Trhová;è.p.;2301;4;;59101;642298.06;1114072.36;2015-09-22T00:00:00
27661041;595209;Žïár nad Sázavou;;;;;412805;Žïár nad Sázavou 1;;;è.ev.;176;;;59101;640085.55;1116308.86;2013-12-05T00:00:00
27661059;595209;Žïár nad Sázavou;;;;;412821;Žïár nad Sázavou 3;748633;Trhová;è.p.;2308;1;;59101;642330.03;1114083.21;2013-12-05T00:00:00
27667707;595209;Žïár nad Sázavou;;;;;412821;Žïár nad Sázavou 3;742121;Vápenická;è.p.;2326;19;;59101;642417.16;1114029.10;2013-12-05T00:00:00
27667715;595209;Žïár nad Sázavou;;;;;412821;Žïár nad Sázavou 3;742121;Vápenická;è.p.;2325;17;;59101;642418.17;1114036.71;2013-12-05T00:00:00
27667723;595209;Žïár nad Sázavou;;;;;412821;Žïár nad Sázavou 3;742121;Vápenická;è.p.;2316;16;;59101;642373.11;1113969.67;2013-12-05T00:00:00
27674941;595209;Žïár nad Sázavou;;;;;195341;Radonín;;;è.p.;25;;;59101;642526.78;1116736.51;2014-02-13T00:00:00
27680134;595209;Žïár nad Sázavou;;;;;412821;Žïár nad Sázavou 3;742121;Vápenická;è.p.;2327;21;;59101;642416.00;1114021.79;2013-12-05T00:00:00
27680142;595209;Žïár nad Sázavou;;;;;412821;Žïár nad Sázavou 3;742121;Vápenická;è.p.;2368;24;;59101;642407.84;1113890.08;2014-01-08T00:00:00
27680151;595209;Žïár nad Sázavou;;;;;412821;Žïár nad Sázavou 3;742121;Vápenická;è.p.;2367;26;;59101;642420.96;1113878.09;2014-01-08T00:00:00
27680169;595209;Žïár nad Sázavou;;;;;412821;Žïár nad Sázavou 3;742121;Vápenická;è.p.;2369;22;;59101;642395.73;1113902.20;2014-01-06T00:00:00
27680177;595209;Žïár nad Sázavou;;;;;412821;Žïár nad Sázavou 3;742121;Vápenická;è.p.;2370;20;;59101;642382.61;1113914.81;2014-01-06T00:00:00
27680185;595209;Žïár nad Sázavou;;;;;412821;Žïár nad Sázavou 3;742121;Vápenická;è.p.;2371;18;;59101;642402.78;1113902.48;2013-12-05T00:00:00
27752704;595209;Žïár nad Sázavou;;;;;412805;Žïár nad Sázavou 1;655210;Jamská;è.p.;2440;61;;59101;640915.72;1115547.31;2013-12-05T00:00:00
27824985;595209;Žïár nad Sázavou;;;;;412821;Žïár nad Sázavou 3;748633;Trhová;è.p.;2302;6;;59101;642284.90;1114036.83;2013-12-05T00:00:00
27868311;595209;Žïár nad Sázavou;;;;;412805;Žïár nad Sázavou 1;655830;Tyršova;è.p.;2194;15;;59101;641844.95;1114974.39;2014-02-20T00:00:00
27884082;595209;Žïár nad Sázavou;;;;;195294;Mìlkovice;;;è.p.;2441;;;59101;638894.72;1115508.23;2013-12-05T00:00:00
27884112;595209;Žïár nad Sázavou;;;;;412821;Žïár nad Sázavou 3;742121;Vápenická;è.p.;2321;9;;59101;642415.21;1114065.41;2014-01-06T00:00:00
27937658;595209;Žïár nad Sázavou;;;;;195294;Mìlkovice;;;è.p.;2456;;;59101;638622.00;1115504.00;2013-12-05T00:00:00
27960790;595209;Žïár nad Sázavou;;;;;412805;Žïár nad Sázavou 1;655210;Jamská;è.p.;2457;6;;59101;640575.37;1115507.76;2013-12-05T00:00:00
27975746;595209;Žïár nad Sázavou;;;;;195294;Mìlkovice;;;è.p.;2354;;;59101;638864.00;1115492.00;2013-12-05T00:00:00
27982238;595209;Žïár nad Sázavou;;;;;412813;Žïár nad Sázavou 2;655929;Vrbová;è.p.;498;2;;59101;641211.00;1113287.00;2023-05-11T00:00:00
28021509;595209;Žïár nad Sázavou;;;;;412813;Žïár nad Sázavou 2;655678;Santiniho;è.p.;499;35;;59102;641787.57;1112140.14;2013-12-05T00:00:00
28029682;595209;Žïár nad Sázavou;;;;;412813;Žïár nad Sázavou 2;656003;Vejmluvova;è.p.;397;25;;59102;641489.62;1113110.66;2013-12-05T00:00:00
28084233;595209;Žïár nad Sázavou;;;;;412821;Žïár nad Sázavou 3;748633;Trhová;è.p.;2343;11;;59101;642321.00;1113975.00;2013-12-05T00:00:00
28088450;595209;Žïár nad Sázavou;;;;;412821;Žïár nad Sázavou 3;748633;Trhová;è.p.;2342;9;;59101;642322.00;1113986.00;2013-12-05T00:00:00
28121198;595209;Žïár nad Sázavou;;;;;412805;Žïár nad Sázavou 1;;;è.ev.;131;;;59101;639652.76;1116822.83;2013-12-05T00:00:00
28121201;595209;Žïár nad Sázavou;;;;;412805;Žïár nad Sázavou 1;;;è.ev.;138;;;59101;639653.00;1116857.00;2013-12-05T00:00:00
28136187;595209;Žïár nad Sázavou;;;;;412805;Žïár nad Sázavou 1;655490;nám. Republiky;è.p.;2211;47;;59101;641668.50;1114597.63;2013-12-05T00:00:00
28147227;595209;Žïár nad Sázavou;;;;;412805;Žïár nad Sázavou 1;;;è.ev.;133;;;59101;639693.09;1116843.35;2013-12-05T00:00:00
28147235;595209;Žïár nad Sázavou;;;;;412805;Žïár nad Sázavou 1;;;è.ev.;130;;;59101;639625.46;1116806.77;2013-12-05T00:00:00
28147243;595209;Žïár nad Sázavou;;;;;412805;Žïár nad Sázavou 1;;;è.ev.;137;;;59101;639676.20;1116873.77;2014-01-06T00:00:00
28147251;595209;Žïár nad Sázavou;;;;;412805;Žïár nad Sázavou 1;;;è.ev.;140;;;59101;639609.95;1116831.84;2013-12-05T00:00:00
28147260;595209;Žïár nad Sázavou;;;;;412805;Žïár nad Sázavou 1;;;è.ev.;141;;;59101;639587.26;1116819.43;2013-12-05T00:00:00
28147286;595209;Žïár nad Sázavou;;;;;412805;Žïár nad Sázavou 1;;;è.ev.;160;;;59101;640255.85;1116282.20;2013-12-05T00:00:00
28147294;595209;Žïár nad Sázavou;;;;;412805;Žïár nad Sázavou 1;;;è.ev.;161;;;59101;640203.82;1116010.99;2013-12-05T00:00:00
28147308;595209;Žïár nad Sázavou;;;;;412805;Žïár nad Sázavou 1;;;è.ev.;162;;;59101;639878.72;1116849.41;2013-12-05T00:00:00
28147316;595209;Žïár nad Sázavou;;;;;412805;Žïár nad Sázavou 1;;;è.ev.;163;;;59101;639861.36;1116849.17;2013-12-05T00:00:00
28147324;595209;Žïár nad Sázavou;;;;;412805;Žïár nad Sázavou 1;;;è.ev.;164;;;59101;639850.66;1116844.65;2013-12-05T00:00:00
28147332;595209;Žïár nad Sázavou;;;;;412805;Žïár nad Sázavou 1;;;è.ev.;165;;;59101;639835.28;1116849.69;2013-12-05T00:00:00
28147341;595209;Žïár nad Sázavou;;;;;412805;Žïár nad Sázavou 1;;;è.ev.;166;;;59101;639825.17;1116858.64;2013-12-05T00:00:00
28147359;595209;Žïár nad Sázavou;;;;;412805;Žïár nad Sázavou 1;;;è.ev.;167;;;59101;639810.73;1116895.16;2013-12-05T00:00:00
28147367;595209;Žïár nad Sázavou;;;;;412805;Žïár nad Sázavou 1;;;è.ev.;172;;;59101;639073.49;1116484.38;2014-01-06T00:00:00
28172159;595209;Žïár nad Sázavou;;;;;412821;Žïár nad Sázavou 3;742121;Vápenická;è.p.;2324;15;;59101;642419.00;1114050.00;2013-12-05T00:00:00
28219881;595209;Žïár nad Sázavou;;;;;412805;Žïár nad Sázavou 1;655104;Dvoøákova;è.p.;2459;6;;59101;642113.34;1115341.08;2013-12-05T00:00:00
28219899;595209;Žïár nad Sázavou;;;;;412813;Žïár nad Sázavou 2;655091;Dvorská;è.p.;500;49;;59102;642171.94;1112324.71;2013-12-05T00:00:00
28239679;595209;Žïár nad Sázavou;;;;;412821;Žïár nad Sázavou 3;814270;K Milíøùm;è.p.;2467;3;;59101;642128.15;1113849.60;2013-12-05T00:00:00
28239687;595209;Žïár nad Sázavou;;;;;412805;Žïár nad Sázavou 1;655180;Husova;è.p.;847;9;;59101;641957.60;1114819.03;2013-12-05T00:00:00
28240472;595209;Žïár nad Sázavou;;;;;412805;Žïár nad Sázavou 1;656097;U Malého lesa;è.p.;368;10;;59101;642796.20;1114840.52;2013-12-05T00:00:00
28268067;595209;Žïár nad Sázavou;;;;;412821;Žïár nad Sázavou 3;742121;Vápenická;è.p.;2322;11;;59101;642419.76;1114057.32;2013-12-05T00:00:00
28268075;595209;Žïár nad Sázavou;;;;;412821;Žïár nad Sázavou 3;778257;Kupecká;è.p.;2464;9;;59101;642186.83;1113833.43;2013-12-05T00:00:00
28327934;595209;Žïár nad Sázavou;;;;;412821;Žïár nad Sázavou 3;814270;K Milíøùm;è.p.;2468;5;;59101;642102.00;1113859.18;2013-12-05T00:00:00
28357213;595209;Žïár nad Sázavou;;;;;412821;Žïár nad Sázavou 3;814270;K Milíøùm;è.p.;2476;2;;59101;642027.63;1113895.59;2014-02-13T00:00:00
28362403;595209;Žïár nad Sázavou;;;;;412821;Žïár nad Sázavou 3;742121;Vápenická;è.p.;2337;41;;59101;642431.27;1113920.06;2013-12-05T00:00:00
28362411;595209;Žïár nad Sázavou;;;;;412821;Žïár nad Sázavou 3;778257;Kupecká;è.p.;2465;5;;59101;642189.21;1113812.01;2013-12-05T00:00:00
28367847;595209;Žïár nad Sázavou;;;;;412805;Žïár nad Sázavou 1;655236;Jihlavská;è.p.;2485;32;;59101;641536.96;1116421.20;2014-02-14T00:00:00
28382153;595209;Žïár nad Sázavou;;;;;412813;Žïár nad Sázavou 2;777927;Tálský mlýn;è.p.;19;3;;59102;642140.23;1111822.54;2014-02-12T00:00:00
28382161;595209;Žïár nad Sázavou;;;;;412805;Žïár nad Sázavou 1;;;è.ev.;102;;;59101;640172.64;1116181.83;2014-01-06T00:00:00
28393392;595209;Žïár nad Sázavou;;;;;412848;Žïár nad Sázavou 5;655163;Hlohová;è.ev.;178;;;59101;640927.62;1113609.23;2014-02-18T00:00:00
28393406;595209;Žïár nad Sázavou;;;;;412813;Žïár nad Sázavou 2;;;è.ev.;12;;;59102;642240.55;1112007.23;2014-02-14T00:00:00
30031206;595209;Žïár nad Sázavou;;;;;412805;Žïár nad Sázavou 1;655180;Husova;è.p.;376;3;;59101;641955.62;1114889.05;2013-12-05T00:00:00
30031249;595209;Žïár nad Sázavou;;;;;412848;Žïár nad Sázavou 5;655406;Luèní;è.p.;1255;38;;59101;641372.08;1113757.32;2014-02-14T00:00:00
30031257;595209;Žïár nad Sázavou;;;;;412848;Žïár nad Sázavou 5;655406;Luèní;è.p.;1256;40;;59101;641372.92;1113752.72;2014-02-14T00:00:00
30959187;595209;Žïár nad Sázavou;;;;;195294;Mìlkovice;;;è.p.;317;;;59101;638460.32;1115960.45;2013-12-05T00:00:00
31160301;595209;Žïár nad Sázavou;;;;;412805;Žïár nad Sázavou 1;655902;Veselská;è.p.;5;5;;59101;641923.72;1114717.76;2014-01-16T00:00:00
31160336;595209;Žïár nad Sázavou;;;;;412805;Žïár nad Sázavou 1;;;è.ev.;143;;;59101;639551.00;1116851.00;2013-12-05T00:00:00
31160344;595209;Žïár nad Sázavou;;;;;412805;Žïár nad Sázavou 1;;;è.ev.;144;;;59101;639569.98;1116862.25;2013-12-05T00:00:00
31160352;595209;Žïár nad Sázavou;;;;;412805;Žïár nad Sázavou 1;;;è.ev.;177;;;59101;640014.07;1116243.01;2013-12-05T00:00:00
31160361;595209;Žïár nad Sázavou;;;;;412813;Žïár nad Sázavou 2;;;è.ev.;13;;;59102;642825.40;1111595.73;2013-12-05T00:00:00
31160379;595209;Žïár nad Sázavou;;;;;412821;Žïár nad Sázavou 3;655554;Okružní;è.p.;968;79;;59101;642503.73;1114620.78;2023-06-13T00:00:00
31160387;595209;Žïár nad Sázavou;;;;;412821;Žïár nad Sázavou 3;655554;Okružní;è.p.;1887;2;;59101;642391.01;1114201.95;2013-12-05T00:00:00
31449174;595209;Žïár nad Sázavou;;;;;412805;Žïár nad Sázavou 1;656097;U Malého lesa;è.p.;1448;22;;59101;642876.55;1114844.89;2013-12-05T00:00:00
31449191;595209;Žïár nad Sázavou;;;;;412805;Žïár nad Sázavou 1;655724;Strojírenská;è.p.;2269;36;;59101;642311.21;1115208.11;2014-02-17T00:00:00
40215270;595209;Žïár nad Sázavou;;;;;412848;Žïár nad Sázavou 5;655279;Kaštanová;è.p.;1163;3;;59101;641143.49;1113574.29;2013-12-05T00:00:00
40215300;595209;Žïár nad Sázavou;;;;;412848;Žïár nad Sázavou 5;655406;Luèní;è.p.;1216;14;;59101;641343.21;1113940.07;2014-02-13T00:00:00
40215628;595209;Žïár nad Sázavou;;;;;412864;Žïár nad Sázavou 6;655481;Nádražní;è.p.;2126;47;;59101;641958.39;1115363.14;2014-02-26T00:00:00
40215636;595209;Žïár nad Sázavou;;;;;412864;Žïár nad Sázavou 6;655481;Nádražní;è.p.;2127;49;;59101;641974.27;1115353.95;2014-02-26T00:00:00
40215644;595209;Žïár nad Sázavou;;;;;412848;Žïár nad Sázavou 5;655945;Vysocká;è.p.;2204;62;;59101;640668.50;1113610.57;2014-02-19T00:00:00
40215776;595209;Žïár nad Sázavou;;;;;412813;Žïár nad Sázavou 2;655091;Dvorská;è.p.;111;51;;59102;642176.23;1112341.95;2014-02-14T00:00:00
40216071;595209;Žïár nad Sázavou;;;;;412821;Žïár nad Sázavou 3;814270;K Milíøùm;è.p.;2474;6;;59101;641965.00;1113861.00;2013-12-05T00:00:00
40216268;595209;Žïár nad Sázavou;;;;;412805;Žïár nad Sázavou 1;655252;Jungmannova;è.p.;477;19;;59101;641430.93;1113813.64;2014-02-13T00:00:00
40216276;595209;Žïár nad Sázavou;;;;;412805;Žïár nad Sázavou 1;655252;Jungmannova;è.p.;575;1;;59101;641576.68;1114027.11;2013-12-05T00:00:00
40216306;595209;Žïár nad Sázavou;;;;;412805;Žïár nad Sázavou 1;655252;Jungmannova;è.p.;583;3;;59101;641565.58;1114015.34;2013-12-05T00:00:00
40216314;595209;Žïár nad Sázavou;;;;;412805;Žïár nad Sázavou 1;655252;Jungmannova;è.p.;589;7;;59101;641547.12;1113999.60;2015-11-13T00:00:00
40216322;595209;Žïár nad Sázavou;;;;;412805;Žïár nad Sázavou 1;655252;Jungmannova;è.p.;603;5;;59101;641553.12;1114000.39;2013-12-05T00:00:00
40216331;595209;Žïár nad Sázavou;;;;;412805;Žïár nad Sázavou 1;655252;Jungmannova;è.p.;604;23;;59101;641448.48;1113773.85;2014-02-13T00:00:00
40216349;595209;Žïár nad Sázavou;;;;;412805;Žïár nad Sázavou 1;655252;Jungmannova;è.p.;614;9;;59101;641540.70;1113988.39;2013-12-05T00:00:00
40216381;595209;Žïár nad Sázavou;;;;;412805;Žïár nad Sázavou 1;655252;Jungmannova;è.p.;1495;8;;59101;641673.92;1113941.56;2013-12-05T00:00:00
40216403;595209;Žïár nad Sázavou;;;;;412805;Žïár nad Sázavou 1;655252;Jungmannova;è.p.;1497;12;;59101;641623.81;1113737.74;2013-12-05T00:00:00
40368459;595209;Žïár nad Sázavou;;;;;412805;Žïár nad Sázavou 1;656097;U Malého lesa;è.p.;2432;16;;59101;642770.35;1114883.89;2017-08-10T00:00:00
40375188;595209;Žïár nad Sázavou;;;;;412805;Žïár nad Sázavou 1;655724;Strojírenská;è.p.;2487;48;;59101;642537.47;1114844.24;2013-12-05T00:00:00
40375200;595209;Žïár nad Sázavou;;;;;412821;Žïár nad Sázavou 3;814270;K Milíøùm;è.p.;2471;11;;59101;642035.45;1113863.77;2013-12-05T00:00:00
40375838;595209;Žïár nad Sázavou;;;;;412821;Žïár nad Sázavou 3;778257;Kupecká;è.p.;2460;15;;59101;642236.45;1113931.58;2013-12-05T00:00:00
40436047;595209;Žïár nad Sázavou;;;;;412805;Žïár nad Sázavou 1;655724;Strojírenská;è.p.;2489;50;;59101;642581.38;1114845.42;2014-02-20T00:00:00
40510417;595209;Žïár nad Sázavou;;;;;195294;Mìlkovice;;;è.p.;2442;;;59101;638946.99;1115551.26;2013-12-05T00:00:00
40511588;595209;Žïár nad Sázavou;;;;;412805;Žïár nad Sázavou 1;;;è.ev.;158;;;59101;640102.24;1116216.54;2013-12-05T00:00:00
40512371;595209;Žïár nad Sázavou;;;;;412805;Žïár nad Sázavou 1;;;è.ev.;145;;;59101;639597.88;1116881.02;2021-11-09T00:00:00
40514188;595209;Žïár nad Sázavou;;;;;412805;Žïár nad Sázavou 1;;;è.ev.;142;;;59101;639570.80;1116805.10;2013-12-05T00:00:00
40651703;595209;Žïár nad Sázavou;;;;;195294;Mìlkovice;;;è.p.;2490;;;59101;638742.40;1115503.03;2013-12-05T00:00:00
40669009;595209;Žïár nad Sázavou;;;;;412805;Žïár nad Sázavou 1;655210;Jamská;è.p.;2488;65;;59101;640682.35;1116033.54;2013-12-05T00:00:00
40745708;595209;Žïár nad Sázavou;;;;;412821;Žïár nad Sázavou 3;814270;K Milíøùm;è.p.;2469;7;;59101;642077.16;1113864.82;2013-12-05T00:00:00
40781143;595209;Žïár nad Sázavou;;;;;195294;Mìlkovice;;;è.p.;2444;;;59101;638953.44;1115524.52;2013-12-05T00:00:00
40789985;595209;Žïár nad Sázavou;;;;;412805;Žïár nad Sázavou 1;655210;Jamská;è.p.;2486;8;;59101;640644.55;1115480.15;2013-12-05T00:00:00
40799310;595209;Žïár nad Sázavou;;;;;412821;Žïár nad Sázavou 3;742121;Vápenická;è.p.;2333;33;;59101;642407.46;1113953.98;2013-12-05T00:00:00
41023862;595209;Žïár nad Sázavou;;;;;412805;Žïár nad Sázavou 1;655210;Jamská;è.p.;2498;67;;59101;640792.24;1115597.86;2013-12-05T00:00:00
41064640;595209;Žïár nad Sázavou;;;;;412805;Žïár nad Sázavou 1;655490;nám. Republiky;è.p.;2499;25;;59101;641654.81;1114701.49;2013-12-05T00:00:00
41163800;595209;Žïár nad Sázavou;;;;;412805;Žïár nad Sázavou 1;;;è.ev.;179;;;59101;639086.40;1116441.99;2014-11-18T00:00:00
41168097;595209;Žïár nad Sázavou;;;;;412821;Žïár nad Sázavou 3;814270;K Milíøùm;è.p.;2470;9;;59101;642056.03;1113866.30;2013-12-05T00:00:00
41168623;595209;Žïár nad Sázavou;;;;;412821;Žïár nad Sázavou 3;814270;K Milíøùm;è.p.;2472;13;;59101;641993.85;1113851.45;2013-12-05T00:00:00
41208196;595209;Žïár nad Sázavou;;;;;412821;Žïár nad Sázavou 3;814270;K Milíøùm;è.p.;2466;1;;59101;642151.90;1113852.08;2013-12-05T00:00:00
41350715;595209;Žïár nad Sázavou;;;;;412848;Žïár nad Sázavou 5;655945;Vysocká;è.p.;2500;37;;59101;641060.66;1113912.18;2013-12-05T00:00:00
41385713;595209;Žïár nad Sázavou;;;;;412848;Žïár nad Sázavou 5;655945;Vysocká;è.p.;2503;23;;59101;641183.91;1113994.61;2013-12-05T00:00:00
41445864;595209;Žïár nad Sázavou;;;;;412821;Žïár nad Sázavou 3;778257;Kupecká;è.p.;2461;13;;59101;642219.71;1113914.86;2013-12-05T00:00:00
41524438;595209;Žïár nad Sázavou;;;;;412813;Žïár nad Sázavou 2;655091;Dvorská;è.p.;502;20;;59102;641890.81;1112366.06;2013-12-05T00:00:00
41540531;595209;Žïár nad Sázavou;;;;;412805;Žïár nad Sázavou 1;656097;U Malého lesa;è.p.;2501;18;;59101;642898.30;1114798.25;2013-12-05T00:00:00
41569270;595209;Žïár nad Sázavou;;;;;412805;Žïár nad Sázavou 1;;;è.ev.;180;;;59101;640112.29;1116113.63;2013-12-05T00:00:00
41571835;595209;Žïár nad Sázavou;;;;;412821;Žïár nad Sázavou 3;814270;K Milíøùm;è.p.;2475;4;;59101;641993.91;1113882.53;2013-12-05T00:00:00
41640519;595209;Žïár nad Sázavou;;;;;412805;Žïár nad Sázavou 1;655210;Jamská;è.p.;2504;69;;59101;640420.66;1115708.65;2013-12-05T00:00:00
41643496;595209;Žïár nad Sázavou;;;;;412821;Žïár nad Sázavou 3;814270;K Milíøùm;è.p.;2473;8;;59101;641948.12;1113829.82;2014-01-28T00:00:00
41701984;595209;Žïár nad Sázavou;;;;;412813;Žïár nad Sázavou 2;655091;Dvorská;è.p.;503;53;;59102;642231.58;1112345.23;2013-12-05T00:00:00
41759834;595209;Žïár nad Sázavou;;;;;412821;Žïár nad Sázavou 3;748633;Trhová;è.p.;2306;5;;59101;642321.77;1114027.32;2013-12-05T00:00:00
42278601;595209;Žïár nad Sázavou;;;;;412805;Žïár nad Sázavou 1;;;è.ev.;181;;;59101;640282.03;1116344.57;2014-02-27T00:00:00
42409551;595209;Žïár nad Sázavou;;;;;412805;Žïár nad Sázavou 1;656097;U Malého lesa;è.p.;2505;;;59101;642836.91;1114867.62;2013-12-05T00:00:00
42573068;595209;Žïár nad Sázavou;;;;;412821;Žïár nad Sázavou 3;778257;Kupecká;è.p.;2463;7;;59101;642198.86;1113871.71;2013-12-05T00:00:00
42592097;595209;Žïár nad Sázavou;;;;;412821;Žïár nad Sázavou 3;1016954;Povoznická;è.p.;2478;3;;59101;642142.13;1113918.05;2013-12-05T00:00:00
42645930;595209;Žïár nad Sázavou;;;;;412805;Žïár nad Sázavou 1;655473;Nábøežní;è.p.;2334;9;;59101;642005.65;1114619.51;2013-12-05T00:00:00
42682584;595209;Žïár nad Sázavou;;;;;412805;Žïár nad Sázavou 1;;;è.ev.;157;;;59101;640269.86;1116204.89;2013-12-05T00:00:00
42723604;595209;Žïár nad Sázavou;;;;;412805;Žïár nad Sázavou 1;655317;Kováøova;è.p.;2323;6;;59101;641944.20;1114220.76;2022-11-14T00:00:00
70520950;595209;Žïár nad Sázavou;;;;;412805;Žïár nad Sázavou 1;655236;Jihlavská;è.p.;2511;;;59101;641929.33;1116132.87;2013-12-19T00:00:00
70532541;595209;Žïár nad Sázavou;;;;;412805;Žïár nad Sázavou 1;655236;Jihlavská;è.p.;2512;34;;59101;641226.02;1115704.04;2013-12-20T00:00:00
71481311;595209;Žïár nad Sázavou;;;;;412821;Žïár nad Sázavou 3;814270;K Milíøùm;è.p.;2506;10;;59101;641952.14;1113837.97;2014-01-28T00:00:00
72378123;595209;Žïár nad Sázavou;;;;;412805;Žïár nad Sázavou 1;654965;Barákova;è.p.;28;5;;59101;642358.45;1114927.18;2014-03-13T00:00:00
72617403;595209;Žïár nad Sázavou;;;;;412805;Žïár nad Sázavou 1;;;è.ev.;182;;;59101;640197.50;1116218.65;2014-04-28T00:00:00
72617594;595209;Žïár nad Sázavou;;;;;412805;Žïár nad Sázavou 1;;;è.ev.;183;;;59101;640198.32;1116232.78;2014-04-28T00:00:00
72617675;595209;Žïár nad Sázavou;;;;;412805;Žïár nad Sázavou 1;;;è.ev.;184;;;59101;640203.71;1116241.82;2021-12-17T00:00:00
72640812;595209;Žïár nad Sázavou;;;;;412821;Žïár nad Sázavou 3;1016954;Povoznická;è.p.;2483;4;;59101;642171.89;1113904.44;2014-05-07T00:00:00
72798432;595209;Žïár nad Sázavou;;;;;412805;Žïár nad Sázavou 1;;;è.ev.;139;;;59101;639633.50;1116846.20;2014-06-16T00:00:00
72872659;595209;Žïár nad Sázavou;;;;;412813;Žïár nad Sázavou 2;777927;Tálský mlýn;è.p.;505;2;;59102;642072.14;1111715.08;2014-07-07T00:00:00
72978279;595209;Žïár nad Sázavou;;;;;412821;Žïár nad Sázavou 3;742121;Vápenická;è.p.;2335;37;;59101;642418.34;1113931.03;2014-08-13T00:00:00
73059994;595209;Žïár nad Sázavou;;;;;412821;Žïár nad Sázavou 3;655881;V Zahrádkách;è.p.;2502;14;;59101;642546.12;1114686.68;2014-09-17T00:00:00
73116114;595209;Žïár nad Sázavou;;;;;412805;Žïár nad Sázavou 1;;;è.ev.;185;;;59101;640319.71;1116085.20;2014-10-08T00:00:00
73131733;595209;Žïár nad Sázavou;;;;;412821;Žïár nad Sázavou 3;742121;Vápenická;è.p.;2519;49;;59101;642488.22;1113874.45;2014-10-15T00:00:00
73234885;595209;Žïár nad Sázavou;;;;;412821;Žïár nad Sázavou 3;1016954;Povoznická;è.p.;2482;6;;59101;642184.27;1113929.80;2014-11-28T00:00:00
73266931;595209;Žïár nad Sázavou;;;;;412821;Žïár nad Sázavou 3;1213199;Rytecká;è.p.;2509;4;;59101;642091.38;1113925.46;2014-12-11T00:00:00
73284475;595209;Žïár nad Sázavou;;;;;412813;Žïár nad Sázavou 2;655678;Santiniho;è.p.;504;8;;59102;641881.14;1112673.24;2014-12-17T00:00:00
73354279;595209;Žïár nad Sázavou;;;;;412848;Žïár nad Sázavou 5;655945;Vysocká;è.p.;2520;65;;59101;640816.20;1113757.53;2015-01-19T00:00:00
73452904;595209;Žïár nad Sázavou;;;;;412805;Žïár nad Sázavou 1;655902;Veselská;è.p.;6;7;;59101;641946.31;1114756.41;2015-02-23T00:00:00
73658537;595209;Žïár nad Sázavou;;;;;412805;Žïár nad Sázavou 1;656097;U Malého lesa;è.p.;2521;24;;59101;642606.03;1114965.61;2015-05-06T00:00:00
73675415;595209;Žïár nad Sázavou;;;;;412821;Žïár nad Sázavou 3;1016954;Povoznická;è.p.;2481;8;;59101;642205.56;1113960.55;2015-05-13T00:00:00
73686573;595209;Žïár nad Sázavou;;;;;412805;Žïár nad Sázavou 1;;;è.ev.;186;;;59101;640318.42;1116147.77;2015-05-15T00:00:00
73707732;595209;Žïár nad Sázavou;;;;;412805;Žïár nad Sázavou 1;655210;Jamská;è.p.;2363;55;;59101;640495.92;1115943.28;2015-05-21T00:00:00
73884227;595209;Žïár nad Sázavou;;;;;412821;Žïár nad Sázavou 3;655023;Brodská;è.p.;2522;83;;59101;642800.89;1114037.89;2015-09-11T00:00:00
73999075;595209;Žïár nad Sázavou;;;;;180840;Veselíèko;;;è.p.;78;;;59101;637164.66;1116043.66;2015-08-31T00:00:00
74106091;595209;Žïár nad Sázavou;;;;;412821;Žïár nad Sázavou 3;771341;Libická;è.p.;2513;16;;59101;642280.95;1113681.14;2015-09-25T00:00:00
74184849;595209;Žïár nad Sázavou;;;;;412813;Žïár nad Sázavou 2;;;è.ev.;14;;;59102;642159.44;1111847.14;2015-10-27T00:00:00
74185501;595209;Žïár nad Sázavou;;;;;412813;Žïár nad Sázavou 2;;;è.ev.;15;;;59102;642129.23;1111893.56;2015-10-27T00:00:00
74197185;595209;Žïár nad Sázavou;;;;;195341;Radonín;;;è.p.;23;;;59101;642585.29;1116664.66;2015-10-30T00:00:00
74214691;595209;Žïár nad Sázavou;;;;;412821;Žïár nad Sázavou 3;778222;Uhlíøská;è.p.;2515;15;;59101;642351.85;1113662.65;2015-11-05T00:00:00
74276719;595209;Žïár nad Sázavou;;;;;412813;Žïár nad Sázavou 2;655091;Dvorská;è.p.;506;55;;59102;642404.76;1112207.47;2015-11-19T00:00:00
74303872;595209;Žïár nad Sázavou;;;;;125521;Stržanov;;;è.p.;101;;;59102;641248.46;1110418.70;2015-11-25T00:00:00
74305387;595209;Žïár nad Sázavou;;;;;412821;Žïár nad Sázavou 3;778222;Uhlíøská;è.p.;2514;13;;59101;642322.33;1113681.54;2015-11-25T00:00:00
74322320;595209;Žïár nad Sázavou;;;;;412805;Žïár nad Sázavou 1;655236;Jihlavská;è.p.;2523;36;;59101;641196.22;1115730.72;2015-12-01T00:00:00
74542885;595209;Žïár nad Sázavou;;;;;412821;Žïár nad Sázavou 3;778222;Uhlíøská;è.p.;2516;18;;59101;642444.67;1113806.43;2016-04-13T00:00:00
74588656;595209;Žïár nad Sázavou;;;;;195294;Mìlkovice;;;è.p.;2491;;;59101;638723.55;1115486.12;2016-02-15T00:00:00
74645790;595209;Žïár nad Sázavou;;;;;412848;Žïár nad Sázavou 5;655767;Šípková;è.p.;2346;10;;59101;641480.50;1114002.63;2016-02-29T00:00:00
74694987;595209;Žïár nad Sázavou;;;;;412805;Žïár nad Sázavou 1;655015;Brnìnská;è.p.;2524;16;;59101;641461.18;1115108.81;2016-09-06T00:00:00
74923056;595209;Žïár nad Sázavou;;;;;195294;Mìlkovice;;;è.p.;2497;;;59101;638161.36;1115733.64;2016-04-25T00:00:00
75248069;595209;Žïár nad Sázavou;;;;;412813;Žïár nad Sázavou 2;656003;Vejmluvova;è.p.;329;27;;59102;641488.59;1113073.87;2016-08-04T00:00:00
75257173;595209;Žïár nad Sázavou;;;;;125521;Stržanov;;;è.p.;105;;;59102;641326.43;1110408.86;2016-08-08T00:00:00
75259907;595209;Žïár nad Sázavou;;;;;195294;Mìlkovice;;;è.p.;2445;;;59101;638891.87;1115470.98;2016-08-09T00:00:00
75638100;595209;Žïár nad Sázavou;;;;;412848;Žïár nad Sázavou 5;655911;Vnitøní;è.p.;2525;8;;59101;641163.99;1113913.40;2016-12-12T00:00:00
75643782;595209;Žïár nad Sázavou;;;;;412821;Žïár nad Sázavou 3;1213199;Rytecká;è.p.;2510;2;;59101;642088.83;1113897.00;2016-12-14T00:00:00
75660920;595209;Žïár nad Sázavou;;;;;412805;Žïár nad Sázavou 1;;;è.ev.;111;;;59101;640096.00;1116294.45;2016-12-20T00:00:00
75671603;595209;Žïár nad Sázavou;;;;;412821;Žïár nad Sázavou 3;655554;Okružní;è.p.;1898;14;;59101;642466.80;1114239.06;2016-12-22T00:00:00
75893681;595209;Žïár nad Sázavou;;;;;412821;Žïár nad Sázavou 3;771341;Libická;è.p.;2399;8;;59101;642318.75;1113792.64;2017-03-06T00:00:00
76043363;595209;Žïár nad Sázavou;;;;;412805;Žïár nad Sázavou 1;655210;Jamská;è.p.;2458;63;;59101;640770.05;1115694.71;2017-04-06T00:00:00
76140873;595209;Žïár nad Sázavou;;;;;195294;Mìlkovice;;;è.ev.;188;;;59101;638496.24;1115403.31;2022-01-26T00:00:00
76144721;595209;Žïár nad Sázavou;;;;;412848;Žïár nad Sázavou 5;655163;Hlohová;è.ev.;187;;;59101;640934.99;1113588.64;2017-05-10T00:00:00
76165272;595209;Žïár nad Sázavou;;;;;412864;Žïár nad Sázavou 6;655031;Chelèického;è.p.;2526;9;;59101;641818.59;1115725.97;2017-05-18T00:00:00
76188337;595209;Žïár nad Sázavou;;;;;125521;Stržanov;;;è.p.;109;;;59102;641608.10;1110818.56;2017-05-29T00:00:00
77531329;595209;Žïár nad Sázavou;;;;;412805;Žïár nad Sázavou 1;;;è.ev.;189;;;59101;640257.47;1116312.88;2017-07-26T00:00:00
77567935;595209;Žïár nad Sázavou;;;;;195341;Radonín;;;è.p.;22;;;59101;642589.86;1116133.99;2017-08-14T00:00:00
77698029;595209;Žïár nad Sázavou;;;;;412805;Žïár nad Sázavou 1;655660;Sadová;è.p.;2527;19;;59101;642059.83;1115038.19;2017-10-05T00:00:00
77706463;595209;Žïár nad Sázavou;;;;;412821;Žïár nad Sázavou 3;778222;Uhlíøská;è.p.;2517;20;;59101;642451.10;1113828.49;2017-10-10T00:00:00
77872754;595209;Žïár nad Sázavou;;;;;412805;Žïár nad Sázavou 1;655015;Brnìnská;è.p.;2529;51;;59101;641074.41;1115833.78;2017-12-14T00:00:00
77890710;595209;Žïár nad Sázavou;;;;;412805;Žïár nad Sázavou 1;655210;Jamská;è.p.;2528;71;;59101;640820.93;1116084.37;2017-12-20T00:00:00
77932919;595209;Žïár nad Sázavou;;;;;412813;Žïár nad Sázavou 2;656003;Vejmluvova;è.p.;409;66;;59102;641530.45;1112976.31;2018-01-12T00:00:00
77954173;595209;Žïár nad Sázavou;;;;;195294;Mìlkovice;;;è.p.;2443;;;59101;638924.23;1115521.16;2018-01-22T00:00:00
78352673;595209;Žïár nad Sázavou;;;;;125521;Stržanov;;;è.p.;117;;;59102;641709.13;1110892.32;2018-05-16T00:00:00
78566371;595209;Žïár nad Sázavou;;;;;125521;Stržanov;;;è.p.;118;;;59102;641511.87;1110301.51;2018-07-31T00:00:00
78634261;595209;Žïár nad Sázavou;;;;;195294;Mìlkovice;;;è.p.;2496;;;59101;638792.09;1115487.08;2018-08-28T00:00:00
78636418;595209;Žïár nad Sázavou;;;;;331198;Žïár nad Sázavou 8;2133555;Hrnèíøská;è.p.;2531;2;;59101;642093.06;1113584.72;2018-08-27T00:00:00
78638917;595209;Žïár nad Sázavou;;;;;195294;Mìlkovice;;;è.p.;2495;;;59101;638696.69;1115557.91;2018-08-28T00:00:00
78638933;595209;Žïár nad Sázavou;;;;;125521;Stržanov;;;è.p.;100;;;59102;641252.41;1110387.74;2018-08-28T00:00:00
78700744;595209;Žïár nad Sázavou;;;;;412805;Žïár nad Sázavou 1;655902;Veselská;è.p.;2530;8;;59101;641940.75;1114785.70;2018-09-18T00:00:00
78712131;595209;Žïár nad Sázavou;;;;;331198;Žïár nad Sázavou 8;2133555;Hrnèíøská;è.p.;2532;4;;59101;642074.75;1113595.52;2018-09-24T00:00:00
78735785;595209;Žïár nad Sázavou;;;;;412821;Žïár nad Sázavou 3;655554;Okružní;è.p.;2552;83;;59101;642511.69;1114091.82;2018-10-03T00:00:00
78888948;595209;Žïár nad Sázavou;;;;;412813;Žïár nad Sázavou 2;;;è.ev.;18;;;59102;642837.80;1111433.11;2018-11-23T00:00:00
78888972;595209;Žïár nad Sázavou;;;;;412813;Žïár nad Sázavou 2;;;è.ev.;21;;;59102;642867.56;1111413.66;2018-11-23T00:00:00
78888999;595209;Žïár nad Sázavou;;;;;412813;Žïár nad Sázavou 2;;;è.ev.;22;;;59102;642886.10;1111401.37;2018-11-23T00:00:00
78889081;595209;Žïár nad Sázavou;;;;;412813;Žïár nad Sázavou 2;;;è.ev.;16;;;59102;642817.95;1111446.68;2018-11-23T00:00:00
78889103;595209;Žïár nad Sázavou;;;;;412813;Žïár nad Sázavou 2;;;è.ev.;17;;;59102;642827.72;1111440.06;2018-11-23T00:00:00
78889189;595209;Žïár nad Sázavou;;;;;412813;Žïár nad Sázavou 2;;;è.ev.;19;;;59102;642847.56;1111426.97;2018-11-23T00:00:00
78889243;595209;Žïár nad Sázavou;;;;;412813;Žïár nad Sázavou 2;;;è.ev.;20;;;59102;642857.86;1111420.03;2018-11-23T00:00:00
78890969;595209;Žïár nad Sázavou;;;;;412813;Žïár nad Sázavou 2;;;è.ev.;24;;;59102;642908.12;1111380.04;2018-11-23T00:00:00
78890993;595209;Žïár nad Sázavou;;;;;412813;Žïár nad Sázavou 2;;;è.ev.;25;;;59102;642911.35;1111368.27;2018-11-23T00:00:00
78891272;595209;Žïár nad Sázavou;;;;;412813;Žïár nad Sázavou 2;;;è.ev.;23;;;59102;642892.37;1111396.75;2018-11-23T00:00:00
78891329;595209;Žïár nad Sázavou;;;;;412813;Žïár nad Sázavou 2;;;è.ev.;26;;;59102;642914.37;1111357.88;2018-11-23T00:00:00
78891353;595209;Žïár nad Sázavou;;;;;412813;Žïár nad Sázavou 2;;;è.ev.;27;;;59102;642917.19;1111346.20;2018-11-23T00:00:00
78949751;595209;Žïár nad Sázavou;;;;;331198;Žïár nad Sázavou 8;2133555;Hrnèíøská;è.p.;2534;8;;59101;642022.28;1113622.76;2019-03-12T00:00:00
78971314;595209;Žïár nad Sázavou;;;;;412821;Žïár nad Sázavou 3;1213199;Rytecká;è.p.;2553;6;;59101;642099.35;1113947.95;2018-12-10T00:00:00
79013881;595209;Žïár nad Sázavou;;;;;125521;Stržanov;;;è.p.;112;;;59102;641584.09;1110869.98;2018-12-27T00:00:00
79143512;595209;Žïár nad Sázavou;;;;;412821;Žïár nad Sázavou 3;1213199;Rytecká;è.p.;2554;8;;59101;642105.13;1113973.52;2019-02-13T00:00:00
79168795;595209;Žïár nad Sázavou;;;;;412821;Žïár nad Sázavou 3;1016954;Povoznická;è.p.;2477;1;;59101;642131.55;1113890.72;2019-02-21T00:00:00
79199348;595209;Žïár nad Sázavou;;;;;412805;Žïár nad Sázavou 1;656097;U Malého lesa;è.p.;2560;26;;59101;642852.21;1114856.73;2019-03-06T00:00:00
79402232;595209;Žïár nad Sázavou;;;;;412821;Žïár nad Sázavou 3;778222;Uhlíøská;è.p.;2518;22;;59101;642465.86;1113859.25;2019-05-24T00:00:00
80063144;595209;Žïár nad Sázavou;;;;;412813;Žïár nad Sázavou 2;655741;Sychrova;è.p.;507;8;;59102;641675.47;1112777.76;2019-11-18T00:00:00
80067522;595209;Žïár nad Sázavou;;;;;412821;Žïár nad Sázavou 3;778249;Sázavská;è.p.;2550;8;;59101;642073.54;1113765.02;2019-11-18T00:00:00
80074111;595209;Žïár nad Sázavou;;;;;331198;Žïár nad Sázavou 8;2133555;Hrnèíøská;è.p.;2535;10;;59101;642002.32;1113639.37;2019-11-19T00:00:00
80179291;595209;Žïár nad Sázavou;;;;;412813;Žïár nad Sázavou 2;654973;Bezruèova;è.p.;508;3;;59102;641480.86;1113686.00;2019-12-16T00:00:00
80200061;595209;Žïár nad Sázavou;;;;;412821;Žïár nad Sázavou 3;1213199;Rytecká;è.p.;2507;1;;59101;642060.83;1113901.11;2019-12-19T00:00:00
80280951;595209;Žïár nad Sázavou;;;;;331198;Žïár nad Sázavou 8;2133555;Hrnèíøská;è.p.;2549;1;;59101;642116.05;1113607.28;2020-01-24T00:00:00
80282377;595209;Žïár nad Sázavou;;;;;331198;Žïár nad Sázavou 8;2133555;Hrnèíøská;è.p.;2548;3;;59101;642087.50;1113624.99;2020-01-24T00:00:00
80442064;595209;Žïár nad Sázavou;;;;;412805;Žïár nad Sázavou 1;;;è.ev.;149;;;59101;639685.69;1116953.07;2020-02-28T00:00:00
80478573;595209;Žïár nad Sázavou;;;;;331198;Žïár nad Sázavou 8;2133555;Hrnèíøská;è.p.;2533;6;;59101;642051.23;1113609.50;2020-03-13T00:00:00
80482244;595209;Žïár nad Sázavou;;;;;412848;Žïár nad Sázavou 5;655163;Hlohová;è.p.;2564;65;;59101;641061.01;1113669.95;2020-07-07T00:00:00
80501826;595209;Žïár nad Sázavou;;;;;412805;Žïár nad Sázavou 1;;;è.p.;2563;;;59101;642381.35;1114937.08;2020-03-23T00:00:00
80507468;595209;Žïár nad Sázavou;;;;;412805;Žïár nad Sázavou 1;655546;Novomìstská;è.p.;2562;3;;59101;640783.36;1115122.57;2020-03-25T00:00:00
80507506;595209;Žïár nad Sázavou;;;;;412805;Žïár nad Sázavou 1;655546;Novomìstská;è.p.;2561;5;;59101;640763.47;1115076.76;2020-03-25T00:00:00
80568017;595209;Žïár nad Sázavou;;;;;180840;Veselíèko;;;è.p.;79;;;59101;637056.19;1116092.77;2021-01-22T00:00:00
80906591;595209;Žïár nad Sázavou;;;;;195294;Mìlkovice;;;è.p.;2492;;;59101;638630.83;1115486.46;2020-07-01T00:00:00
80930018;595209;Žïár nad Sázavou;;;;;125521;Stržanov;;;è.p.;120;;;59102;641519.14;1110363.99;2020-07-08T00:00:00
81008961;595209;Žïár nad Sázavou;;;;;331198;Žïár nad Sázavou 8;2133555;Hrnèíøská;è.p.;2537;14;;59101;641944.03;1113662.64;2020-07-23T00:00:00
81105932;595209;Žïár nad Sázavou;;;;;412813;Žïár nad Sázavou 2;655597;Purkyòova;è.p.;509;18;;59102;641916.52;1112804.19;2020-08-31T00:00:00
81140312;595209;Žïár nad Sázavou;;;;;125521;Stržanov;;;è.p.;121;;;59102;641463.78;1110400.25;2020-09-14T00:00:00
81186878;595209;Žïár nad Sázavou;;;;;331198;Žïár nad Sázavou 8;2092433;Barvíøská;è.p.;2599;2;;59101;642058.84;1113518.42;2020-10-05T00:00:00
81198248;595209;Žïár nad Sázavou;;;;;125521;Stržanov;;;è.p.;119;;;59102;641490.86;1110194.49;2020-10-09T00:00:00
81267096;595209;Žïár nad Sázavou;;;;;412805;Žïár nad Sázavou 1;;;è.ev.;190;;;59101;640101.18;1116338.33;2020-11-06T00:00:00
81311761;595209;Žïár nad Sázavou;;;;;125521;Stržanov;;;è.p.;114;;;59102;641592.75;1110882.69;2020-11-25T00:00:00
81326408;595209;Žïár nad Sázavou;;;;;412813;Žïár nad Sázavou 2;778231;U Køížku;è.p.;510;2;;59102;642493.92;1113685.88;2020-12-01T00:00:00
81326599;595209;Žïár nad Sázavou;;;;;412813;Žïár nad Sázavou 2;778231;U Køížku;è.p.;511;4;;59102;642486.65;1113667.71;2020-12-01T00:00:00
81348894;595209;Žïár nad Sázavou;;;;;331198;Žïár nad Sázavou 8;2133555;Hrnèíøská;è.p.;2536;12;;59101;641975.93;1113655.93;2020-12-08T00:00:00
81355211;595209;Žïár nad Sázavou;;;;;412821;Žïár nad Sázavou 3;778257;Kupecká;è.p.;2462;11;;59101;642207.70;1113890.85;2020-12-10T00:00:00
81402015;595209;Žïár nad Sázavou;;;;;412805;Žïár nad Sázavou 1;655481;Nádražní;è.p.;2626;11;;59101;641861.41;1114868.49;2021-01-04T00:00:00
81403569;595209;Žïár nad Sázavou;;;;;412813;Žïár nad Sázavou 2;778231;U Køížku;è.p.;512;6;;59102;642475.17;1113641.41;2021-01-04T00:00:00
81500491;595209;Žïár nad Sázavou;;;;;412813;Žïár nad Sázavou 2;;;è.ev.;28;;;59102;642342.31;1111985.66;2021-02-11T00:00:00
81525761;595209;Žïár nad Sázavou;;;;;180840;Veselíèko;;;è.p.;81;;;59101;637084.64;1116106.46;2021-02-23T00:00:00
81564511;595209;Žïár nad Sázavou;;;;;331198;Žïár nad Sázavou 8;2092433;Barvíøská;è.p.;2596;8;;59101;642023.26;1113534.28;2021-03-10T00:00:00
81579233;595209;Žïár nad Sázavou;;;;;331198;Žïár nad Sázavou 8;2092433;Barvíøská;è.p.;2568;7;;59101;642039.59;1113558.28;2021-03-16T00:00:00
81618514;595209;Žïár nad Sázavou;;;;;331198;Žïár nad Sázavou 8;2092433;Barvíøská;è.p.;2567;5;;59101;642050.52;1113551.56;2021-04-01T00:00:00
81752806;595209;Žïár nad Sázavou;;;;;331198;Žïár nad Sázavou 8;2092433;Barvíøská;è.p.;2598;4;;59101;642046.50;1113525.21;2021-04-27T00:00:00
81783582;595209;Žïár nad Sázavou;;;;;331198;Žïár nad Sázavou 8;2092433;Barvíøská;è.p.;2569;9;;59101;642028.75;1113564.58;2021-05-03T00:00:00
81801637;595209;Žïár nad Sázavou;;;;;412805;Žïár nad Sázavou 1;656097;U Malého lesa;è.p.;2628;28;;59101;642612.21;1115094.73;2022-09-22T00:00:00
81863233;595209;Žïár nad Sázavou;;;;;180840;Veselíèko;;;è.p.;86;;;59101;637083.85;1115988.85;2021-06-03T00:00:00
81878397;595209;Žïár nad Sázavou;;;;;331198;Žïár nad Sázavou 8;2092433;Barvíøská;è.p.;2586;28;;59101;641873.40;1113615.52;2021-06-08T00:00:00
81880391;595209;Žïár nad Sázavou;;;;;412805;Žïár nad Sázavou 1;655210;Jamská;è.p.;2630;10;;59101;640688.17;1115417.18;2021-06-08T00:00:00
81899475;595209;Žïár nad Sázavou;;;;;412805;Žïár nad Sázavou 1;656097;U Malého lesa;è.p.;2629;30;;59101;642602.48;1115079.32;2022-09-22T00:00:00
81932634;595209;Žïár nad Sázavou;;;;;412813;Žïár nad Sázavou 2;778231;U Køížku;è.p.;515;12;;59101;642444.13;1113573.88;2023-05-11T00:00:00
81951094;595209;Žïár nad Sázavou;;;;;331198;Žïár nad Sázavou 8;2092433;Barvíøská;è.p.;2597;6;;59101;642037.08;1113529.22;2021-07-07T00:00:00
81954531;595209;Žïár nad Sázavou;;;;;412805;Žïár nad Sázavou 1;655490;nám. Republiky;è.p.;2631;12;;59101;641820.96;1114752.73;2021-09-16T00:00:00
81957254;595209;Žïár nad Sázavou;;;;;331198;Žïár nad Sázavou 8;2133555;Hrnèíøská;è.p.;2538;16;;59101;641932.79;1113674.45;2021-07-12T00:00:00
81967004;595209;Žïár nad Sázavou;;;;;331198;Žïár nad Sázavou 8;2092433;Barvíøská;è.p.;2579;29;;59101;641910.21;1113636.17;2021-07-15T00:00:00
82040621;595209;Žïár nad Sázavou;;;;;331198;Žïár nad Sázavou 8;2092433;Barvíøská;è.p.;2578;27;;59101;641923.03;1113628.58;2021-08-23T00:00:00
82115141;595209;Žïár nad Sázavou;;;;;412821;Žïár nad Sázavou 3;1213199;Rytecká;è.p.;2559;5;;59101;642076.52;1113964.57;2021-09-20T00:00:00
82203741;595209;Žïár nad Sázavou;;;;;412805;Žïár nad Sázavou 1;655210;Jamská;è.p.;2633;25;;59101;641331.57;1114961.99;2021-10-21T00:00:00
82229503;595209;Žïár nad Sázavou;;;;;195341;Radonín;;;è.p.;26;;;59101;642608.06;1116633.74;2021-11-02T00:00:00
82298670;595209;Žïár nad Sázavou;;;;;412805;Žïár nad Sázavou 1;655236;Jihlavská;è.p.;2635;38;;59101;641417.91;1115665.10;2021-11-29T00:00:00
82316571;595209;Žïár nad Sázavou;;;;;331198;Žïár nad Sázavou 8;2092433;Barvíøská;è.p.;2588;24;;59101;641926.71;1113595.51;2021-12-06T00:00:00
82335265;595209;Žïár nad Sázavou;;;;;125521;Stržanov;;;è.p.;111;;;59102;641609.36;1110851.48;2021-12-11T00:00:00
82337870;595209;Žïár nad Sázavou;;;;;412805;Žïár nad Sázavou 1;655473;Nábøežní;è.p.;2627;10;;59101;641877.10;1114526.94;2021-12-13T00:00:00
82339759;595209;Žïár nad Sázavou;;;;;331198;Žïár nad Sázavou 8;2133555;Hrnèíøská;è.p.;2540;20;;59101;641880.84;1113712.96;2021-12-13T00:00:00
82377766;595209;Žïár nad Sázavou;;;;;412805;Žïár nad Sázavou 1;656097;U Malého lesa;è.p.;2632;32;;59101;642594.68;1115087.75;2022-09-22T00:00:00
82427534;595209;Žïár nad Sázavou;;;;;331198;Žïár nad Sázavou 8;2092433;Barvíøská;è.p.;2580;31;;59101;641900.76;1113642.04;2022-01-03T00:00:00
82442282;595209;Žïár nad Sázavou;;;;;412805;Žïár nad Sázavou 1;655210;Jamská;è.p.;2366;73;;59101;640369.31;1115737.84;2022-01-07T00:00:00
82454973;595209;Žïár nad Sázavou;;;;;195294;Mìlkovice;;;è.p.;2494;;;59101;638664.64;1115547.73;2022-01-12T00:00:00
82698601;595209;Žïár nad Sázavou;;;;;195341;Radonín;;;è.p.;27;;;59101;642620.62;1116614.13;2022-03-01T00:00:00
82750408;595209;Žïár nad Sázavou;;;;;331198;Žïár nad Sázavou 8;2092433;Barvíøská;è.p.;2589;22;;59101;641945.46;1113586.11;2022-03-16T00:00:00
82812519;595209;Žïár nad Sázavou;;;;;331198;Žïár nad Sázavou 8;2092433;Barvíøská;è.p.;2566;3;;59101;642059.10;1113546.15;2022-04-04T00:00:00
82899550;595209;Žïár nad Sázavou;;;;;331198;Žïár nad Sázavou 8;2092433;Barvíøská;è.p.;2565;1;;59101;642069.86;1113539.69;2022-04-25T00:00:00
82902844;595209;Žïár nad Sázavou;;;;;125521;Stržanov;;;è.p.;122;;;59102;641365.47;1110440.37;2022-04-26T00:00:00
82977097;595209;Žïár nad Sázavou;;;;;331198;Žïár nad Sázavou 8;2092433;Barvíøská;è.p.;2590;20;;59101;641960.86;1113577.23;2022-05-23T00:00:00
83079211;595209;Žïár nad Sázavou;;;;;331198;Žïár nad Sázavou 8;2092433;Barvíøská;è.p.;2572;15;;59101;641994.51;1113585.80;2022-06-27T00:00:00
83081178;595209;Žïár nad Sázavou;;;;;331198;Žïár nad Sázavou 8;2092433;Barvíøská;è.p.;2570;11;;59101;642018.94;1113572.45;2022-06-29T00:00:00
83083642;595209;Žïár nad Sázavou;;;;;331198;Žïár nad Sázavou 8;2092433;Barvíøská;è.p.;2591;18;;59101;641970.30;1113571.71;2022-06-29T00:00:00
83088024;595209;Žïár nad Sázavou;;;;;331198;Žïár nad Sázavou 8;2133555;Hrnèíøská;è.p.;2539;18;;59101;641902.44;1113699.23;2022-06-30T00:00:00
83097562;595209;Žïár nad Sázavou;;;;;331198;Žïár nad Sázavou 8;2092433;Barvíøská;è.p.;2571;13;;59101;642008.12;1113577.78;2022-07-07T00:00:00
83129570;595209;Žïár nad Sázavou;;;;;331198;Žïár nad Sázavou 8;2092433;Barvíøská;è.p.;2573;17;;59101;641983.44;1113592.47;2022-07-14T00:00:00
83133879;595209;Žïár nad Sázavou;;;;;412805;Žïár nad Sázavou 1;655210;Jamská;è.p.;2634;75;;59101;640155.57;1115880.04;2022-07-15T00:00:00
83163182;595209;Žïár nad Sázavou;;;;;412805;Žïár nad Sázavou 1;;;è.ev.;191;;;59101;640363.65;1116207.78;2022-07-27T00:00:00
83180729;595209;Žïár nad Sázavou;;;;;412805;Žïár nad Sázavou 1;655546;Novomìstská;è.p.;2638;19;;59101;640617.74;1115126.89;2022-08-02T00:00:00
83228861;595209;Žïár nad Sázavou;;;;;412805;Žïár nad Sázavou 1;655104;Dvoøákova;è.p.;2639;16;;59101;642230.38;1115301.01;2023-01-05T00:00:00
83248650;595209;Žïár nad Sázavou;;;;;180840;Veselíèko;;;è.p.;82;;;59101;637065.90;1116111.64;2022-08-30T00:00:00
83311980;595209;Žïár nad Sázavou;;;;;412805;Žïár nad Sázavou 1;656097;U Malého lesa;è.p.;2640;34;;59101;642575.71;1115098.57;2022-09-22T00:00:00
84248611;595209;Žïár nad Sázavou;;;;;412805;Žïár nad Sázavou 1;;;è.ev.;136;;;59101;639694.77;1116885.81;2022-11-07T00:00:00
84558440;595209;Žïár nad Sázavou;;;;;331198;Žïár nad Sázavou 8;2133555;Hrnèíøská;è.p.;2546;7;;59101;642026.13;1113658.39;2022-11-22T00:00:00
84558521;595209;Žïár nad Sázavou;;;;;331198;Žïár nad Sázavou 8;2133555;Hrnèíøská;è.p.;2547;5;;59101;642055.24;1113640.63;2022-11-22T00:00:00
84559250;595209;Žïár nad Sázavou;;;;;412813;Žïár nad Sázavou 2;778231;U Køížku;è.p.;513;8;;59102;642464.89;1113618.71;2022-11-23T00:00:00
84570563;595209;Žïár nad Sázavou;;;;;412821;Žïár nad Sázavou 3;1213199;Rytecká;è.p.;2558;7;;59101;642097.58;1114010.62;2022-11-28T00:00:00
84572965;595209;Žïár nad Sázavou;;;;;331198;Žïár nad Sázavou 8;2092433;Barvíøská;è.p.;2592;16;;59101;641981.39;1113560.44;2022-11-28T00:00:00
84578246;595209;Žïár nad Sázavou;;;;;331198;Žïár nad Sázavou 8;2092433;Barvíøská;è.p.;2593;14;;59101;641992.31;1113554.05;2022-11-29T00:00:00
84583631;595209;Žïár nad Sázavou;;;;;331198;Žïár nad Sázavou 8;2640015;Drátenická;è.p.;2606;13;;59101;641932.72;1113530.29;2022-12-01T00:00:00
84606886;595209;Žïár nad Sázavou;;;;;412813;Žïár nad Sázavou 2;778231;U Køížku;è.p.;514;10;;59102;642455.32;1113597.29;2022-12-10T00:00:00
84607815;595209;Žïár nad Sázavou;;;;;331198;Žïár nad Sázavou 8;2092433;Barvíøská;è.p.;2577;25;;59101;641934.98;1113621.26;2022-12-10T00:00:00
84612380;595209;Žïár nad Sázavou;;;;;331198;Žïár nad Sázavou 8;2092433;Barvíøská;è.p.;2594;12;;59101;642002.48;1113546.80;2022-12-12T00:00:00
84630175;595209;Žïár nad Sázavou;;;;;331198;Žïár nad Sázavou 8;2092433;Barvíøská;è.p.;2576;23;;59101;641946.04;1113614.67;2022-12-15T00:00:00
84915021;595209;Žïár nad Sázavou;;;;;331198;Žïár nad Sázavou 8;2092433;Barvíøská;è.p.;2595;10;;59101;642013.82;1113544.29;2023-01-30T00:00:00
84937700;595209;Žïár nad Sázavou;;;;;331198;Žïár nad Sázavou 8;2640015;Drátenická;è.p.;2585;30;;59101;641849.12;1113603.39;2023-02-06T00:00:00
85007625;595209;Žïár nad Sázavou;;;;;412813;Žïár nad Sázavou 2;655091;Dvorská;è.p.;516;18;;59102;642032.65;1112351.64;2023-03-06T00:00:00
85081841;595209;Žïár nad Sázavou;;;;;412805;Žïár nad Sázavou 1;655236;Jihlavská;è.p.;2641;;;59101;641522.82;1116266.84;2023-06-02T00:00:00
85120685;595209;Žïár nad Sázavou;;;;;331198;Žïár nad Sázavou 8;2092433;Barvíøská;è.p.;2575;21;;59101;641959.62;1113605.87;2023-04-20T00:00:00
85139491;595209;Žïár nad Sázavou;;;;;331198;Žïár nad Sázavou 8;2092433;Barvíøská;è.p.;2582;35;;59101;641861.19;1113648.35;2023-04-26T00:00:00
85144614;595209;Žïár nad Sázavou;;;;;412805;Žïár nad Sázavou 1;655058;Doležalovo nám.;è.p.;2636;6;;59101;641794.50;1114838.42;2023-05-09T00:00:00
85180092;595209;Žïár nad Sázavou;;;;;331198;Žïár nad Sázavou 8;2092433;Barvíøská;è.p.;2581;33;;59101;641882.61;1113646.43;2023-05-15T00:00:00
85265616;595209;Žïár nad Sázavou;;;;;412805;Žïár nad Sázavou 1;655236;Jihlavská;è.p.;2642;7;;59101;642137.20;1116148.65;2023-06-02T00:00:00
85267201;595209;Žïár nad Sázavou;;;;;412813;Žïár nad Sázavou 2;655091;Dvorská;è.p.;517;22;;59102;641942.98;1112323.28;2023-06-05T00:00:00
85271365;595209;Žïár nad Sázavou;;;;;412805;Žïár nad Sázavou 1;655015;Brnìnská;è.p.;2643;52;;59101;641079.76;1115667.60;2023-06-06T00:00:00
85304310;595209;Žïár nad Sázavou;;;;;331198;Žïár nad Sázavou 8;2640015;Drátenická;è.p.;2617;18;;59101;641866.86;1113544.63;2023-06-19T00:00:00
85308692;595209;Žïár nad Sázavou;;;;;412805;Žïár nad Sázavou 1;;;è.ev.;192;;;59101;640103.55;1115971.55;2023-06-21T00:00:00
85308838;595209;Žïár nad Sázavou;;;;;412805;Žïár nad Sázavou 1;;;è.ev.;193;;;59101;640332.91;1116085.16;2023-06-21T00:00:00
85322849;595209;Žïár nad Sázavou;;;;;412821;Žïár nad Sázavou 3;655554;Okružní;è.p.;1889;11;;59101;642506.79;1114035.37;2023-06-27T00:00:00
85377635;595209;Žïár nad Sázavou;;;;;195294;Mìlkovice;;;è.p.;2454;;;59101;638590.68;1115551.25;2023-07-28T00:00:00
85559610;595209;Žïár nad Sázavou;;;;;412805;Žïár nad Sázavou 1;656097;U Malého lesa;è.p.;2644;36;;59101;642792.56;1114874.74;2023-08-30T00:00:00
85715697;595209;Žïár nad Sázavou;;;;;412805;Žïár nad Sázavou 1;;;è.ev.;195;;;59101;640119.51;1116263.02;2023-10-27T00:00:00
85715930;595209;Žïár nad Sázavou;;;;;412805;Žïár nad Sázavou 1;;;è.ev.;196;;;59101;640132.68;1116273.33;2023-10-27T00:00:00
85726729;595209;Žïár nad Sázavou;;;;;331198;Žïár nad Sázavou 8;2640015;Drátenická;è.p.;2541;25;;59101;641837.19;1113717.55;2023-11-01T00:00:00
85781797;595209;Žïár nad Sázavou;;;;;412805;Žïár nad Sázavou 1;655210;Jamská;è.p.;2637;77;;59101;640516.55;1115889.57;2023-11-23T00:00:00
85840564;595209;Žïár nad Sázavou;;;;;412805;Žïár nad Sázavou 1;656097;U Malého lesa;è.p.;2674;9;;59101;642670.86;1114887.19;2023-12-06T00:00:00
85932981;595209;Žïár nad Sázavou;;;;;331198;Žïár nad Sázavou 8;2640015;Drátenická;è.p.;2605;11;;59101;641947.91;1113521.48;2024-01-18T00:00:00
85967971;595209;Žïár nad Sázavou;;;;;195294;Mìlkovice;;;è.ev.;194;;;59101;639324.03;1115466.36;2024-01-31T00:00:00
86028758;595209;Žïár nad Sázavou;;;;;331198;Žïár nad Sázavou 8;2640015;Drátenická;è.p.;2604;9;;59101;641962.96;1113511.34;2024-02-26T00:00:00
86035886;595209;Žïár nad Sázavou;;;;;412821;Žïár nad Sázavou 3;655554;Okružní;è.p.;1942;20;;59101;642526.45;1114207.93;2024-02-28T00:00:00
86036114;595209;Žïár nad Sázavou;;;;;412821;Žïár nad Sázavou 3;655554;Okružní;è.p.;1940;16;;59101;642500.91;1114193.91;2024-02-28T00:00:00
86174649;595209;Žïár nad Sázavou;;;;;331198;Žïár nad Sázavou 8;2640015;Drátenická;è.p.;2646;36;;59101;641820.88;1113738.46;2024-05-02T00:00:00
86201441;595209;Žïár nad Sázavou;;;;;180840;Veselíèko;;;è.p.;83;;;59101;637060.84;1116139.18;2024-05-16T00:00:00
86545647;595209;Žïár nad Sázavou;;;;;331198;Žïár nad Sázavou 8;2133555;Hrnèíøská;è.p.;2543;13;;59101;641931.48;1113718.89;2024-10-01T00:00:00
86545906;595209;Žïár nad Sázavou;;;;;331198;Žïár nad Sázavou 8;2133555;Hrnèíøská;è.p.;2542;15;;59101;641907.71;1113727.32;2024-10-01T00:00:00
86595873;595209;Žïár nad Sázavou;;;;;412864;Žïár nad Sázavou 6;656054;Palachova;è.p.;2676;74;;59101;641491.34;1115242.44;2024-11-14T00:00:00
86605208;595209;Žïár nad Sázavou;;;;;180840;Veselíèko;;;è.p.;87;;;59101;637163.06;1115725.41;2024-11-07T00:00:00
86654047;595209;Žïár nad Sázavou;;;;;331198;Žïár nad Sázavou 8;2640015;Drátenická;è.p.;2613;26;;59101;641803.07;1113619.24;2024-11-22T00:00:00
86655591;595209;Žïár nad Sázavou;;;;;412805;Žïár nad Sázavou 1;655210;Jamská;è.p.;2677;81;;59101;641032.61;1115389.33;2024-11-25T00:00:00
86688472;595209;Žïár nad Sázavou;;;;;412805;Žïár nad Sázavou 1;655210;Jamská;è.p.;2675;79;;59101;640871.55;1115526.59;2024-12-11T00:00:00
86711571;595209;Žïár nad Sázavou;;;;;412805;Žïár nad Sázavou 1;655210;Jamská;è.p.;2678;83;;59101;640746.90;1115970.29;2024-12-20T00:00:00
86746286;595209;Žïár nad Sázavou;;;;;412805;Žïár nad Sázavou 1;655902;Veselská;è.p.;2679;4;;59101;641903.99;1114743.29;2025-01-13T00:00:00
87093626;595209;Žïár nad Sázavou;;;;;412813;Žïár nad Sázavou 2;3681165;Kamenická;è.p.;518;1;;59102;642535.57;1113655.71;2025-06-06T00:00:00
87119391;595209;Žïár nad Sázavou;;;;;412821;Žïár nad Sázavou 3;778249;Sázavská;è.p.;2680;12;;59101;641989.50;1113786.54;2025-06-19T00:00:00
87120089;595209;Žïár nad Sázavou;;;;;412821;Žïár nad Sázavou 3;778249;Sázavská;è.p.;2681;10;;59101;642035.33;1113784.27;2025-06-19T00:00:00
87128705;595209;Žïár nad Sázavou;;;;;412848;Žïár nad Sázavou 5;;;è.p.;2551;;;59101;641232.72;1114172.15;2025-06-20T00:00:00
87222281;595209;Žïár nad Sázavou;;;;;412813;Žïár nad Sázavou 2;655678;Santiniho;è.p.;519;31;;59102;641825.59;1112189.66;2025-08-07T00:00:00
87323001;595209;Žïár nad Sázavou;;;;;412848;Žïár nad Sázavou 5;655945;Vysocká;è.p.;2683;67;;59101;641412.36;1114133.78;2025-10-13T00:00:00
87490650;595209;Žïár nad Sázavou;;;;;412813;Žïár nad Sázavou 2;777927;Tálský mlýn;è.p.;521;4;;59101;642400.86;1111834.26;2025-12-04T00:00:00
87497875;595209;Žïár nad Sázavou;;;;;412805;Žïár nad Sázavou 1;;;è.ev.;198;;;59101;639097.25;1116413.48;2025-12-09T00:00:00
87537494;595209;Žïár nad Sázavou;;;;;412813;Žïár nad Sázavou 2;655091;Dvorská;è.p.;520;57;;59102;642370.02;1112263.75;2025-12-18T00:00:00
87581221;595209;Žïár nad Sázavou;;;;;412805;Žïár nad Sázavou 1;655210;Jamská;è.p.;2685;9;;59101;641208.27;1114991.92;2026-01-19T00:00:00
87605279;595209;Žïár nad Sázavou;;;;;412805;Žïár nad Sázavou 1;655546;Novomìstská;è.p.;2682;21;;59101;640542.40;1115270.61;2026-01-29T00:00:00
